version,date,run_id,vertical,url_key,taken,lens_id,lens_bonus,lens_multiplier,score_committed,score_counterfactual
2026-09-14T11:00,2026-09-23,2026-09-23-35833646522,ai,79f32efd864cd4c560e6a32687cbfea2f7f2b4f6d85bff5e3582079aee89222e,True,,0.0,1.25,1.989106,1.989106
2026-09-14T11:00,2026-09-23,2026-09-23-35833646522,ai,80425f477229c597aaa42c0c2e9c1262e882ca7c854b1f6454b52874beaa9872,True,,0.0,1.25,1.845255,1.845255
2026-09-14T11:00,2026-09-23,2026-09-23-35833646522,ai,f917779831ad435204627bdc70d1fc9dba9579edc074e32921679454cc1e51d6,True,,0.0,1.25,1.842779,1.842779
2026-09-14T11:00,2026-09-23,2026-09-23-35833646522,ai,7a362fd0719547651d5e3f88800a7ba2923e72baccbdf1ff9031fc35feeb0b57,False,,0.0,1.25,1.779772,1.779772
2026-09-14T11:00,2026-09-23,2026-09-23-35833646522,ai,03f2db68f7897cb9a62ee48008dc28586344b4b8d0476a31dc57c9e5b6650b00,True,,0.0,1.25,1.581512,1.581512
2026-09-14T11:00,2026-09-23,2026-09-23-35833646522,ai,cfc37c0756570cb3223a917897b6bfe295a95a6f8db7874657262e75b90aea02,True,,0.0,1.25,1.554183,1.554183
2026-09-14T11:00,2026-09-23,2026-09-23-35833646522,ai,2da334e9216907e5be9c9590fe2e083528165dede5b4766d50629ea4b016f445,True,,0.0,1.25,1.554183,1.554183
2026-09-14T11:00,2026-09-23,2026-09-23-35833646522,ai,5b206843ef211175e25ca5d4b82b8c8a502ccadc800fb29e5802111c1054b1d7,True,,0.0,1.25,1.540331,1.540331
2026-09-14T11:00,2026-09-23,2026-09-23-35833646522,ai,1be7a9a12ac95b8875eb9145cbe3ac0af1e4c16f2b5aae955ed854962f9fd61a,True,,0.0,1.25,1.53866,1.53866
2026-09-14T11:00,2026-09-23,2026-09-23-35833646522,ai,a30e44f13983cc452309884e17fa2a840c4d852e7254d133ce15bacafeb984a2,False,,0.0,1.25,1.518068,1.518068
2026-09-14T11:00,2026-09-23,2026-09-23-35833646522,ai,749daf198b9c6f98d866430ebbd4a94306e21eaa86f6652e7d6c01275b4412a5,True,,0.0,1.25,1.497554,1.497554
2026-09-14T11:00,2026-09-23,2026-09-23-35833646522,ai,5cfdc4cd802494ebe23c6837222779722cce4b75d46499b9ef5328005ecc882c,False,,0.0,1.25,1.479666,1.479666
2026-09-14T11:00,2026-09-23,2026-09-23-35833646522,ai,b287b34a5390dd7e5b08c924348bcc2f77a8931e3900becab18448b563921a36,True,,0.0,1.25,1.472673,1.472673
2026-09-14T11:00,2026-09-23,2026-09-23-35833646522,ai,41bbab0be948ec7494a69f89169e4438f3de450e5263fa0d677998a31b21eacf,False,,0.0,1.25,1.468484,1.468484
2026-09-14T11:00,2026-09-23,2026-09-23-35833646522,ai,e387305eff873ae8c66ee1256f77b50938524948857237e4e2eb0ecdee7f172f,True,,0.0,1.25,1.456865,1.456865
2026-09-14T11:00,2026-09-23,2026-09-23-35833646522,ai,9f9481d4b39d85978d40bde369c3fd5b7917ca6032931e376fef5b3ccfab1085,True,,0.0,1.25,1.452491,1.452491
2026-09-14T11:00,2026-09-23,2026-09-23-35833646522,ai,ba0e6a8ec93f8a94515dc09f9d8488d1be9c748ed24402a17cf5cac414e4f39e,False,,0.0,1.25,1.44697,1.44697
2026-09-14T11:00,2026-09-23,2026-09-23-35833646522,ai,2568bb3ee3fd85c6509ba82f1bda8071fcfca9be1742c441593d882f74af4018,True,,0.0,1.25,1.442438,1.442438
2026-09-14T11:00,2026-09-23,2026-09-23-35833646522,ai,e5b0091a5c675558a2a07f95df72829a315ea7a4de33e6d8e51de1c478275aaf,True,,0.0,1.25,1.432732,1.432732
2026-09-14T11:00,2026-09-23,2026-09-23-35833646522,ai,d93aa32fb27d0f9d3dc46f85167740f035ea50042e9c918e568c0c8aff7771f4,True,,0.0,1.25,1.414034,1.414034
2026-09-14T11:00,2026-09-23,2026-09-23-35833646522,ai,f9027d80e820682e90d7e8a7deab6fe99d243c44073836087c19a4dccdea5fb4,True,,0.0,1.25,1.395658,1.395658
2026-09-14T11:00,2026-09-23,2026-09-23-35833646522,ai,dfda4e8e8b3232ba071524ba31ca2e676b9d54051efe85e6f54f837caa5ce395,False,,0.0,1.25,1.395658,1.395658
2026-09-14T11:00,2026-09-23,2026-09-23-35833646522,ai,db62930227e4365abb6787ea735f4bbda6c5fdb2a4bdc7c451c21b21ed0354ae,False,,0.0,1.25,1.395658,1.395658
2026-09-14T11:00,2026-09-23,2026-09-23-35833646522,ai,49162bb86731ee56737e1604127d7bffdd87e568ba85bfea5a153a97f1c1ff64,False,,0.0,1.25,1.395658,1.395658
2026-09-14T11:00,2026-09-23,2026-09-23-35833646522,ai,77ae76fcbb937c33c79a89b3ac2290cbf0be9db10b7d6ba5a766f0f4b2b2d8e7,False,,0.0,1.25,1.395658,1.395658
2026-09-14T11:00,2026-09-23,2026-09-23-35833646522,ai,3d7df4b7f51b0194b082759be92bb1cb3f7c63c55f2fbad635ec9b056d74e155,False,,0.0,1.25,1.395658,1.395658
2026-09-14T11:00,2026-09-23,2026-09-23-35833646522,ai,268d1fdd81724aef297c165918b4375c171be5c93fd0387a7898f97134888c00,False,,0.0,1.25,1.390302,1.390302
2026-09-14T11:00,2026-09-23,2026-09-23-35833646522,ai,c6bb78b9edc966d0e99b6fd5a7d3c81edfd0502c29fcd18373b63788cb201bdc,False,,0.0,1.25,1.380711,1.380711
2026-09-14T11:00,2026-09-23,2026-09-23-35833646522,ai,04e315ebdd57f0b13e35d4f6eaf56ff4b6962d9e68ff7ea0827de3f207b549cc,True,,0.0,1.25,1.366329,1.366329
2026-09-14T11:00,2026-09-23,2026-09-23-35833646522,ai,73461b3e97af0d93277a11c940eddd760e1483f50dc51139e0bbfefde7d9b54f,True,,0.0,1.25,1.352491,1.352491
2026-09-14T11:00,2026-09-23,2026-09-23-35833646522,ai,3e9cc692ad761c6ec468e90f5bdab9a0ddf89770722ba9712af4777cd180c9b0,True,,0.0,1.25,1.328386,1.328386
2026-09-14T11:00,2026-09-23,2026-09-23-35833646522,ai,4288c7bcf670a9d01367b143ed557d0d3dae2bc2dc720cfe5efab4e2166ab351,True,,0.0,1.25,1.326362,1.326362
2026-09-14T11:00,2026-09-23,2026-09-23-35833646522,ai,b2c4c31bd5bd47e6fe8679f65f9b5d7e1672ea3c33fa4c7c771493b1861d566b,True,,0.0,1.25,1.326362,1.326362
2026-09-14T11:00,2026-09-23,2026-09-23-35833646522,ai,2dff1e1aa9d734d220e2479da644e318c71a197f68d5d975c60944d155ead3f5,True,,0.0,1.25,1.323395,1.323395
2026-09-14T11:00,2026-09-23,2026-09-23-35833646522,ai,0e4d204ec0cc3a4bd089f52d8fa2f2975f29963b180c6bf3dd5ffec18fd86745,False,,0.0,1.25,1.319113,1.319113
2026-09-14T11:00,2026-09-23,2026-09-23-35833646522,ai,2df941508548d7811afdedc3564aaa9f0323979bb5e7f06bf782a2422bb48ece,True,,0.0,1.25,1.314304,1.314304
2026-09-14T11:00,2026-09-23,2026-09-23-35833646522,ai,811bcae574a076a77959895440beed85f2d26109201e299b231c4d2ce3fb7752,False,chips,0.3,1.25,1.280711,1.355711
2026-09-14T11:00,2026-09-23,2026-09-23-35833646522,ai,3fcefd9c665fb2c2484965cf43548bc94be5c40db4dc345287024e6c77f2703e,False,,0.0,1.25,1.279772,1.279772
2026-09-14T11:00,2026-09-23,2026-09-23-35833646522,ai,41d289d0c13eec5adffc0f81edf58ba5b47b7d19de26388e6017dc79d0ab6b49,False,,0.0,1.25,1.279772,1.279772
2026-09-14T11:00,2026-09-23,2026-09-23-35833646522,ai,81c24e81150b03d9672adfb13ceef825d8e514e70922b3f93db8d1d43e075f37,False,,0.0,1.25,1.277092,1.277092
2026-09-14T11:00,2026-09-23,2026-09-23-35833646522,ai,14a70449b563798521e4d3e988cd0664a622099a077ca25a46de5c0baedac2fb,False,,0.0,1.25,1.26154,1.26154
2026-09-14T11:00,2026-09-23,2026-09-23-35833646522,ai,1c1a8334f7b4f7cca54be0572ad70ce99bb6099bf11983c2cf69ed6f2ba955ae,False,,0.0,1.25,1.249249,1.249249
2026-09-14T11:00,2026-09-23,2026-09-23-35833646522,ai,8cce0c73f689f3c734db0cf3fe0f63a16cc98b74baa9f938430ec1612514e803,False,,0.0,1.25,1.249249,1.249249
2026-09-14T11:00,2026-09-23,2026-09-23-35833646522,ai,dbf4a7525160882835ac86889eaed62dddb2569f6dac72a9675b1601caa64efe,True,,0.0,1.25,1.188036,1.188036
2026-09-14T11:00,2026-09-23,2026-09-23-35833646522,energy,59a05264800ce7e2904bdb53761c152bb991222d007c384ec381da9ddc251864,True,,0.0,1.25,1.499818,1.499818
2026-09-14T11:00,2026-09-23,2026-09-23-35833646522,energy,7adedd5bd6be2c87c8ca0bb788de208eb6400164fa4843a2e41b4620b6b0df72,True,,0.0,1.25,1.479759,1.479759
2026-09-14T11:00,2026-09-23,2026-09-23-35833646522,energy,d3a705981e7e8dc48aa4bae53018fcc64aed6a1447d6f612cbc74aec667e0304,True,,0.0,1.25,1.457928,1.457928
2026-09-14T11:00,2026-09-23,2026-09-23-35833646522,energy,365a054bcfc470ce728e1bc3a66a6d669988db9c0eeaae9284780068af08459d,True,trade,0.3,1.25,1.45075,1.52575
2026-09-14T11:00,2026-09-23,2026-09-23-35833646522,energy,c427c848f58767fd73684adbf01aeabc05be9e711ed0ba3bf7cb6dc3e2071917,True,trade,0.3,1.25,1.295747,1.370747
2026-09-14T11:00,2026-09-23,2026-09-23-35833646522,energy,a9dc5272b02580c9538663889ebacec82ad0213894ada2b1a4ce993e5aac963e,False,,0.0,1.25,1.170056,1.170056
2026-09-14T11:00,2026-09-23,2026-09-23-35833646522,energy,b667e735101def92a5e7596aa18af6e29c4381822bf746a980b15d481bcfe330,False,,0.0,1.25,1.167446,1.167446
2026-09-14T11:00,2026-09-23,2026-09-23-35833646522,energy,347bfa35ce575287a5580f6fb630d14f81686f8238cf558a7fcf8c305a1a2ab7,False,,0.0,1.25,1.15897,1.15897
2026-09-14T11:00,2026-09-23,2026-09-23-35833646522,energy,3b29293392abc511cb6894ec89926d2812d7f964e2621f085632fab9923ec933,False,,0.0,1.25,1.149197,1.149197
2026-09-14T11:00,2026-09-23,2026-09-23-35833646522,energy,b975cbc94dcd2655ed9f35c727cea6435920c82599edba13e953103904cacfdc,False,,0.0,1.25,1.142593,1.142593
2026-09-14T11:00,2026-09-23,2026-09-23-35833646522,energy,13bec321fac12a18de4067820d11b48b9d0216dad0160112a3eafafe16e3c511,False,,0.0,1.25,1.139422,1.139422
2026-09-14T11:00,2026-09-23,2026-09-23-35833646522,energy,9b5334bd79cb281f6bc605187b7e1839c3d91521a79999bf83142d2ac052c511,False,,0.0,1.25,1.118068,1.118068
2026-09-14T11:00,2026-09-23,2026-09-23-35833646522,energy,d5a80cea2fe17a073a68eba428a27454ddba35a90bb5b0c980a2debaa14bbcf4,False,,0.0,1.25,1.113426,1.113426
2026-09-14T11:00,2026-09-23,2026-09-23-35833646522,energy,529c82410f88de29a54c14159e46f77c517256d9b96755ad63a3ade738b44d4c,False,,0.0,1.25,1.044111,1.044111
2026-09-14T11:00,2026-09-23,2026-09-23-35833646522,energy,5a8811159f9b6894778dea951c149793855477d9aaef52dbcbe1c3a6464fe802,False,,0.0,1.25,1.038869,1.038869
2026-09-14T11:00,2026-09-23,2026-09-23-35833646522,energy,10aea961595bb1f3820b267b99a17c4fe9afa57c8c0d46b4fc6e442aa4b0ef48,False,,0.0,1.25,1.027334,1.027334
2026-09-14T11:00,2026-09-23,2026-09-23-35833646522,energy,7ef4212200c0d0b7013b66578a47f9aba193f76c2f8728c0b456fb0dd136dae8,False,,0.0,1.25,1.011191,1.011191
2026-09-14T11:00,2026-09-23,2026-09-23-35833646522,energy,adb0cbe26571f08edbe2816441271d6bd41d41c2dbda0a764ee67f1a3436e8d2,False,,0.0,1.25,1.003604,1.003604
2026-09-14T11:00,2026-09-23,2026-09-23-35833646522,energy,9bd61c2f5414bae2be569d20788c2d63efdba5b2354497f0a2f9574cb13e9a5d,False,,0.0,1.25,1.000071,1.000071
2026-09-14T11:00,2026-09-23,2026-09-23-35833646522,energy,69bcf0d5d9e911397c518d2dd6e3d70399b5b92d9a71794b8040034b35361d0e,False,,0.0,1.25,0.997886,0.997886
2026-09-14T11:00,2026-09-23,2026-09-23-35833646522,energy,8bb079cacd2c904c7d704ed213c00c53ff2cc3702ca14fdc18db07a977bc1085,False,,0.0,1.25,0.995658,0.995658
2026-09-14T11:00,2026-09-23,2026-09-23-35833646522,energy,8321dfe41b618053a29a0f54ab5d89bbb5bb36011b2d68b379cde842cfb147e2,False,,0.0,1.25,0.993867,0.993867
2026-09-14T11:00,2026-09-23,2026-09-23-35833646522,energy,3ceed2e04703b4230f3c8e23c95b4f374b97b29fdf94c3a065942fd14d711b9a,False,,0.0,1.25,0.986869,0.986869
2026-09-14T11:00,2026-09-23,2026-09-23-35833646522,energy,26f2e249f04c55ade5569ff72dc3d99286ba02273483de9bd63bb0b50d514934,False,,0.0,1.25,0.980711,0.980711
2026-09-14T11:00,2026-09-23,2026-09-23-35833646522,energy,afaf5744e880e7823b7c5076d50e6dd451be20c9b91f965ad42cc70ca0b700bc,False,,0.0,1.25,0.976242,0.976242
2026-09-14T11:00,2026-09-23,2026-09-23-35833646522,business-economy,2973de12d3f7c6fb11bc3b6090ed656a7d0f6eeae22a9c802f5967bbac468aa4,True,,0.0,1.25,1.880479,1.880479
2026-09-14T11:00,2026-09-23,2026-09-23-35833646522,business-economy,c2ede4349bb9d025bff2cb84a01b232fcaf8659e1804649439df9499220602a6,True,,0.0,1.25,1.690248,1.690248
2026-09-14T11:00,2026-09-23,2026-09-23-35833646522,business-economy,f35bce43f0758de4486fb54f3c770ae713a2e330e3c62aa6d84d1202c6d09dd8,True,,0.0,1.25,1.670453,1.670453
2026-09-14T11:00,2026-09-23,2026-09-23-35833646522,business-economy,185f4c1c5eb28d063b76bc4b08c79e879c73ca78e732e8320e19b64e63b2e200,False,,0.0,1.25,1.670453,1.670453
2026-09-14T11:00,2026-09-23,2026-09-23-35833646522,business-economy,b723bb5c31fb5344aab0c5e2cf8725bf46b37cfd2166c3ade7f07d1243ec0eae,False,,0.0,1.25,1.656441,1.656441
2026-09-14T11:00,2026-09-23,2026-09-23-35833646522,business-economy,8690a6e09bba4fef1cdf701bb7ef2aec0ecc4bd4d7b3e47ae0ad630daf732d79,False,,0.0,1.25,1.60584,1.60584
2026-09-14T11:00,2026-09-23,2026-09-23-35833646522,business-economy,13513b1b476c8cba2ce9bcab4c6671ae6af6d58fd59d6faef5425ddc9997fce8,False,,0.0,1.25,1.552764,1.552764
2026-09-14T11:00,2026-09-23,2026-09-23-35833646522,business-economy,41e63191cb79dc13dee1e1e966cac9d6e3623d6797b9518787cf58f12eb838ba,True,,0.0,1.25,1.507652,1.507652
2026-09-14T11:00,2026-09-23,2026-09-23-35833646522,business-economy,ab09b55f196ca9f2ff2a358a104e2321d1f630281cedc3b6a0f69f1af56e804e,True,,0.0,1.25,1.503734,1.503734
2026-09-14T11:00,2026-09-23,2026-09-23-35833646522,business-economy,0e0d995fc3c0817ac25db73a96463ec2dc1499300be687b374d2d02781a3fb03,True,,0.0,1.25,1.496543,1.496543
2026-09-14T11:00,2026-09-23,2026-09-23-35833646522,business-economy,452e2650d562f5d6226367c83dfc8048ff4fde665fc2f2b49daaa71121b6422e,True,,0.0,1.25,1.481551,1.481551
2026-09-14T11:00,2026-09-23,2026-09-23-35833646522,business-economy,cb893fc7c44fc46d2791df63543c27a648028e17f31ea9ec5a8b64fbf89955fe,False,,0.0,1.25,1.4814,1.4814
2026-09-14T11:00,2026-09-23,2026-09-23-35833646522,business-economy,1b8f99749b93c9044858e86fcbd4e8e831444d9b9028a86491105ede653dba76,False,,0.0,1.25,1.476548,1.476548
2026-09-14T11:00,2026-09-23,2026-09-23-35833646522,business-economy,41821e30cc0c63d30c5670f00b43cd2b0799f3042b9f5e930796cafd419a43e7,False,trade,0.3,1.25,1.466488,1.541488
2026-09-14T11:00,2026-09-23,2026-09-23-35833646522,business-economy,f047f5b286843304330dc8f6db37cd5545246c722261ba267c264196423f75c8,False,,0.0,1.25,1.45979,1.45979
2026-09-14T11:00,2026-09-23,2026-09-23-35833646522,business-economy,430e15fabaa36fb35a4d62c7b004b01e0fa46ef99077e7193b26069e4a832604,False,,0.0,1.25,1.452936,1.452936
2026-09-14T11:00,2026-09-23,2026-09-23-35833646522,business-economy,357b9fac2c9f8ed15bf56a0aaa6b711e91b0124a8fc146ab13a07bc4d16ba493,False,,0.0,1.25,1.446391,1.446391
2026-09-14T11:00,2026-09-23,2026-09-23-35833646522,business-economy,8a7b4fd11657dd2dd38b97df16fb873168f8f2d33c92c1b3d87d547ba8b47f81,False,,0.0,1.25,1.433484,1.433484
2026-09-14T11:00,2026-09-23,2026-09-23-35833646522,business-economy,712edf2836356777fbf90150c1e1a3d81de9a87b48fb69b3f57ebf427eb8c359,False,,0.0,1.25,1.420009,1.420009
2026-09-14T11:00,2026-09-23,2026-09-23-35833646522,business-economy,b6b0ceae7c835c48e5f107821c2ab4a118745ca090be0e305bd4c006680cacd3,True,,0.0,1.25,1.320139,1.320139
2026-09-14T11:00,2026-09-23,2026-09-23-35833646522,business-economy,f68ff7fd450435bd4813fdbd23065aa5100cdc5f1501f67b34d425e2a78af3b9,False,trade,0.3,1.25,1.257171,1.332171
2026-09-14T11:00,2026-09-23,2026-09-23-35833646522,business-economy,a8fd7171211caf336560293c124049fe4caa1746938ee48400949eb5817002d5,True,,0.0,1.25,1.198436,1.198436
2026-09-14T11:00,2026-09-23,2026-09-23-35833646522,business-economy,073cc598bca53f59869fcdd39dae783b39d8963a504403bfed94aac4205ca081,True,,0.0,1.25,1.193565,1.193565
2026-09-14T11:00,2026-09-23,2026-09-23-35833646522,business-economy,a8e0ec5c4eef30a537b522ba5d732dedcbe71970260d68944f8e6813f1e1d9d1,True,,0.0,1.25,1.188608,1.188608
2026-09-14T11:00,2026-09-23,2026-09-23-35833646522,business-economy,eecc6cd94d574431bceb2788a232298291009c1d9fa641955f224b5197b63484,False,,0.0,1.25,1.187929,1.187929
2026-09-14T11:00,2026-09-23,2026-09-23-35833646522,business-economy,b888455326e5b02b7b1ec5b7c7c190ba6937bb6b019b3df43f97e0e6b7cee348,False,,0.0,1.25,1.186095,1.186095
2026-09-14T11:00,2026-09-23,2026-09-23-35833646522,business-economy,d3c4673837aecd1323f3224154a7380f470f3a4ea10d86ddb8297e7712c93f70,False,,0.0,1.25,1.182925,1.182925
2026-09-14T11:00,2026-09-23,2026-09-23-35833646522,business-economy,d4861c119023e6bf5d631aeadd4c7d14fe2ebc3a47f5b8ef357a937ffcc5ed1c,False,,0.0,1.25,1.182819,1.182819
2026-09-14T11:00,2026-09-23,2026-09-23-35833646522,business-economy,624fb060dee26e15ac7688098289e6b997b959f5e7df1b78d39584390e23146a,False,,0.0,1.25,1.181673,1.181673
2026-09-14T11:00,2026-09-23,2026-09-23-35833646522,business-economy,742a053b240b03cf289aede379fab24e81c8c916c85e0604ce7f81615f688549,False,,0.0,1.25,1.181537,1.181537
2026-09-14T11:00,2026-09-23,2026-09-23-35833646522,business-economy,c3dff2ee24fa5f25844ba9e800e398947cac043d1330efebc9be3860247fd50d,False,,0.0,1.25,1.181537,1.181537
2026-09-14T11:00,2026-09-23,2026-09-23-35833646522,world,d80831739a42e86de7ca92dcba797a3a5225d9d83c7d30163a854e896b0a09a5,True,,0.0,1.25,1.674418,1.674418
2026-09-14T11:00,2026-09-23,2026-09-23-35833646522,world,c0d2ad2109c765483c513e723cf3d151560f3e0e0d1493d5190f00b4e277e4d0,True,,0.0,1.25,1.651345,1.651345
2026-09-14T11:00,2026-09-23,2026-09-23-35833646522,world,bcbe832f89b863a42f76baff2811e316e709a60d5e16bc3f0b416392ec5cd396,True,,0.0,1.25,1.553489,1.553489
2026-09-14T11:00,2026-09-23,2026-09-23-35833646522,world,3482d5f1fb563c21ddbafa6b4654fb2c9501e3488562340c730c9bb46345ecb5,True,,0.0,1.25,1.49638,1.49638
2026-09-14T11:00,2026-09-23,2026-09-23-35833646522,world,988f486d39d8864f4f2a91258d9413b2b231cd3fa8a3bef5b7aa68ed1fc9173c,True,,0.0,1.25,1.494075,1.494075
2026-09-14T11:00,2026-09-23,2026-09-23-35833646522,world,c306402f3c7a3fd318af8b45d88c92d4cb394cc99a090c76bdac041e6cbda2f0,False,,0.0,1.25,1.493315,1.493315
2026-09-14T11:00,2026-09-23,2026-09-23-35833646522,world,012093a53003337977992c494531453d7918824fadd15c34c0d77be455178eb5,False,,0.0,1.25,1.458947,1.458947
2026-09-14T11:00,2026-09-23,2026-09-23-35833646522,world,42d5f425ead14e932f8dce68891487539d42acfbdcfa102865acd77206cad2c4,True,,0.0,1.25,1.450757,1.450757
2026-09-14T11:00,2026-09-23,2026-09-23-35833646522,world,e5a9b917a5f61f8101e796e98d305ce58c4d91599e082d78b6452966c57966a5,True,trade,0.3,1.25,1.440484,1.515484
2026-09-14T11:00,2026-09-23,2026-09-23-35833646522,world,a7ce17862e6d5920f5a71b142928256c5df79b94b94cb5aa57972f6d6cfcf08e,True,trade,0.3,1.25,1.435615,1.510615
2026-09-14T11:00,2026-09-23,2026-09-23-35833646522,world,3a24f6129f917c5bc16a44ada99a808a6548efaa5c16ac9dc82b16665597a7d0,False,,0.0,1.25,1.424387,1.424387
2026-09-14T11:00,2026-09-23,2026-09-23-35833646522,world,1908ce02b206d5e97e6097a5bcc6a18dac76ff56ed05987d2c9b165789213e37,False,,0.0,1.25,1.424341,1.424341
2026-09-14T11:00,2026-09-23,2026-09-23-35833646522,world,b054e136ac67f683cc579bc5a9db94eded40078f2cefa4521b5fdfdf25502b1e,False,,0.0,1.25,1.424309,1.424309
2026-09-14T11:00,2026-09-23,2026-09-23-35833646522,world,67394279d6f939d7ab2e6c57ea35fa46e454b2cb6826530f33c820139051a6b6,False,,0.0,1.25,1.31995,1.31995
2026-09-14T11:00,2026-09-23,2026-09-23-35833646522,world,4bed842ccfdfb43a33f7198137c38f5cc7316f9962c1dd685ae2463951bac862,False,,0.0,1.25,1.319749,1.319749
2026-09-14T11:00,2026-09-23,2026-09-23-35833646522,world,a80c2dd7e89e9f6f3f36744fe1f1c4e09f0cdbb7f8f9cbd7a3e31aade76ff0a6,False,,0.0,1.25,1.305286,1.305286
2026-09-14T11:00,2026-09-23,2026-09-23-35833646522,world,88f4e4a4f5dae34054e1a888b7af162550482b7967de0c5fffdcfde113f958c8,False,,0.0,1.25,1.304126,1.304126
2026-09-14T11:00,2026-09-23,2026-09-23-35833646522,world,5241befc1ae9233c14e7965604eb0fe60f61be9fe62cdc0517db85501da3181d,False,,0.0,1.25,1.300839,1.300839
2026-09-14T11:00,2026-09-23,2026-09-23-35833646522,world,190ae11dcd62688b1a009a7a983a7d3f3e2b183a8d0ddb43194e52f59e7bfa54,False,,0.0,1.25,1.290572,1.290572
2026-09-14T11:00,2026-09-23,2026-09-23-35833646522,world,be3b9355b816ca82cfc1257d666767862fbfa18cbdcb2a64c4bbdf765995d890,False,,0.0,1.25,1.284937,1.284937
2026-09-14T11:00,2026-09-23,2026-09-23-35833646522,world,35fa11abaadd548531bda0df9fda8e943310bb21457fe7d36501603645b82344,False,,0.0,1.25,1.28335,1.28335
2026-09-14T11:00,2026-09-23,2026-09-23-35833646522,world,8c70985ff6bb9cc0f92cf17e1c7757f3c68a2ef1930c326925b62152b39f6e67,False,,0.0,1.25,1.281652,1.281652
2026-09-14T11:00,2026-09-23,2026-09-23-35833646522,world,53c8a37fb22eef23cda84feaf912316de7e07ce07a78b9175735c32794bff0ca,False,,0.0,1.25,1.28023,1.28023
2026-09-14T11:00,2026-09-23,2026-09-23-35833646522,world,96ca4c2126dcf2fd0bb52550058eb031abc93730631a0e3f9efa05083d794f7f,False,,0.0,1.25,1.280087,1.280087
2026-09-14T11:00,2026-09-23,2026-09-23-35833646522,world,534ac22121cb6f0381812d7dfa26f2f7d517f440bd026d3490a1ef6ec2a62129,False,,0.0,1.25,1.279578,1.279578
2026-09-14T11:00,2026-09-23,2026-09-23-35833646522,world,acb20eaf0f53bc6b61e04404cffe8c39e54bcffca2bb51f24308d91ef0ecfcfe,False,,0.0,1.25,1.278268,1.278268
2026-09-14T11:00,2026-09-23,2026-09-23-35833646522,world,b2f3c34ef04a1bca80bd250768bac719347114beb3feba6a78d96f868190a8ff,False,,0.0,1.25,1.277418,1.277418
2026-09-14T11:00,2026-09-23,2026-09-23-35833646522,world,fa99ab3ca9ddcfc2c6b6f26455ca4b14e7c1d20c0da334e42f38b92a3b64ba83,False,,0.0,1.25,1.275145,1.275145
2026-09-14T11:00,2026-09-23,2026-09-23-35833646522,world,7847f5ac2144ead5a453038458c6b52bc57c4029aada8867e5216d45bf534a2e,True,,0.0,1.25,1.198788,1.198788
2026-09-14T11:00,2026-09-23,2026-09-23-35833646522,world,100745cbad4e9f8f295f7cff2bae7432495699e32841fd72d76cc7811a1cfb7e,True,,0.0,1.25,1.198103,1.198103
2026-09-14T11:00,2026-09-23,2026-09-23-35833646522,world,a25f3f9ad1bfc0444dc0ab35db50954953504c93a465eaeb2a86a815680be62f,True,,0.0,1.25,1.197017,1.197017
2026-09-14T11:00,2026-09-23,2026-09-23-35833646522,world,1bfa82a7112f795e25d526e8407881a34688d04f615cbec8c6d0549a78709d65,True,,0.0,1.25,1.19583,1.19583
2026-09-14T11:00,2026-09-23,2026-09-23-35833646522,world,76f83aed24d82a206a82d2527dbf19c7f482113401e3617c5961df81f768bba5,True,,0.0,1.25,1.193242,1.193242
2026-09-14T11:00,2026-09-23,2026-09-23-35833646522,world,a04851b5b56ea6cb1b8887966b5da8d9d23a9929317584365e3793376aff9cb3,True,,0.0,1.25,1.193197,1.193197
2026-09-14T11:00,2026-09-23,2026-09-23-35833646522,world,484861f1860bd1a340bec480d73b63e6ff7ce19232cf24303cd5b23e8a43a7f7,True,,0.0,1.25,1.191259,1.191259
2026-09-14T11:00,2026-09-23,2026-09-23-35833646522,world,38704544bf3e757c74dc688f829a35a856426be4d03c49dd491297518e4c1689,True,,0.0,1.25,1.190155,1.190155
2026-09-14T11:00,2026-09-23,2026-09-23-35833646522,world,b3b4e21897f3f5ffddf07da30f793d97bdc6f3e09be4d121950080d7c13dcefe,True,,0.0,1.25,1.190071,1.190071
2026-09-14T11:00,2026-09-23,2026-09-23-35833646522,world,efe1cbbf3cfd9e681b98c4a8ab0330494692aebc1a595528eccfaecdc6de628b,True,,0.0,1.25,1.189522,1.189522
2026-09-14T11:00,2026-09-23,2026-09-23-35833646522,india,473820dc44a12af698a9b6cc8002fddac240b8b03dfb211d432efd7ee52f57d0,True,,0.0,1.25,1.687237,1.687237
2026-09-14T11:00,2026-09-23,2026-09-23-35833646522,india,c22aab453073bd8a6703ca3415b62dc47ec611e2f9b428df7b9f3358c3d131d0,True,,0.0,1.25,1.674255,1.674255
2026-09-14T11:00,2026-09-23,2026-09-23-35833646522,india,73ff34d9896e6a0f965bc39576b9a0939d698478d9ce9e22ffed1415d92bbb7c,True,,0.0,1.25,1.66826,1.66826
2026-09-14T11:00,2026-09-23,2026-09-23-35833646522,india,d910d72829a5acec5e1cbecfb74fd35c5af8147922f666aac3c01a5489811f22,True,,0.0,1.25,1.661211,1.661211
2026-09-14T11:00,2026-09-23,2026-09-23-35833646522,india,710318eb01c14adada6e95867b5f53290bf1fedb7aabca74280f08ea1c4eea0c,True,,0.0,1.25,1.659353,1.659353
2026-09-14T11:00,2026-09-23,2026-09-23-35833646522,india,47e776b265058edce7a7e6b9c18688762459f5216a98edac7e0ba9dad321ef9e,True,,0.0,1.25,1.651227,1.651227
2026-09-14T11:00,2026-09-23,2026-09-23-35833646522,india,ad1267fccdb83f342f68fe8efb7b7e991e5e767297bd5c59406756b1da68102c,True,,0.0,1.25,1.641937,1.641937
2026-09-14T11:00,2026-09-23,2026-09-23-35833646522,india,34d68c9e64e29079a96bec48c4ec886aa0640470b44bd33f1b386c77427458ca,True,,0.0,1.25,1.63755,1.63755
2026-09-14T11:00,2026-09-23,2026-09-23-35833646522,india,165065d8f17b21e508f2ba06246357af791632b018f221936315cc960d3bf9d6,True,trade,0.3,1.25,1.631599,1.706599
2026-09-14T11:00,2026-09-23,2026-09-23-35833646522,india,e6e044d1c64d58879ddc09a564a9bec4c21bbcd70904b6cea6563852ea4c42c9,False,,0.0,1.25,1.620857,1.620857
2026-09-14T11:00,2026-09-23,2026-09-23-35833646522,india,05b32cf260ca56dc4dd54358bbd4bef0981567d04a4d83b1f2597421de772ad9,True,,0.0,1.25,1.620178,1.620178
2026-09-14T11:00,2026-09-23,2026-09-23-35833646522,india,4d4f0b1227e2d402764a0b8c29359d8bf40702db66b77f7d431a29e6c9078339,True,trade,0.3,1.25,1.478942,1.553942
2026-09-14T11:00,2026-09-23,2026-09-23-35833646522,india,be5da731fd6e1c1ad54703ff14e34225202eb0c18febb4765465979c5b67156d,True,,0.0,1.25,1.449134,1.449134
2026-09-14T11:00,2026-09-23,2026-09-23-35833646522,india,c7075e629c0da5a0f3243e425ee914e5e6cb1ee7ec88aeec8ca1fbe5f88c3f68,False,,0.0,1.25,1.447764,1.447764
2026-09-14T11:00,2026-09-23,2026-09-23-35833646522,india,f0776330b2856e1675d5566d5cacab62843a05ccf80c5bd51eaf5fdc41d81715,False,,0.0,1.25,1.447432,1.447432
2026-09-14T11:00,2026-09-23,2026-09-23-35833646522,india,958ac25cb65d57a5b07d2382de780b0fe1f09c1fdbe43427894ebc4f9abe53a7,False,,0.0,1.25,1.447112,1.447112
2026-09-14T11:00,2026-09-23,2026-09-23-35833646522,india,96646642a73a0d35f34da70db33a646201f2636e9000d7b01c2f83f1f98f675e,False,,0.0,1.25,1.446774,1.446774
2026-09-14T11:00,2026-09-23,2026-09-23-35833646522,india,93821311d2671efc0c0d14322c55846a46f9ee460c135dd10bcbcd2d19d919a5,False,,0.0,1.25,1.44671,1.44671
2026-09-14T11:00,2026-09-23,2026-09-23-35833646522,india,7392f679a3e0bf838adf2940c150c016288f9bf27fae4b2a57f243e499a3a13c,False,,0.0,1.25,1.44611,1.44611
2026-09-14T11:00,2026-09-23,2026-09-23-35833646522,india,877cef2d994b0fec54f0657d2aff85d4a2d0182ea1ebb7a15d28a2ac2b92db3c,False,,0.0,1.25,1.445881,1.445881
2026-09-14T11:00,2026-09-23,2026-09-23-35833646522,india,b925bd9c33c33c0088df5ee4709e3941879ba23064117654d419995ddaaf850a,False,,0.0,1.25,1.445161,1.445161
2026-09-14T11:00,2026-09-23,2026-09-23-35833646522,india,cc378e5229cf8841bb55c95c3491adc3182285b491bccf631a25c3bfe53610d9,True,,0.0,1.25,1.445012,1.445012
2026-09-14T11:00,2026-09-23,2026-09-23-35833646522,india,1e139b76ca411150fc543242f10c1531668270766362a6a58f347b48d7a537cf,False,,0.0,1.25,1.444531,1.444531
2026-09-14T11:00,2026-09-23,2026-09-23-35833646522,india,904c4e8793bf73a41234bc8a247d4abb877f6fee8a6ec78604d4a6683e27edab,False,,0.0,1.25,1.443959,1.443959
2026-09-14T11:00,2026-09-23,2026-09-23-35833646522,india,2173e28d80f50535ea4b17562dda4e1314b60b687c4d3888c07162f1c1ab5ac9,False,,0.0,1.25,1.443476,1.443476
2026-09-14T11:00,2026-09-23,2026-09-23-35833646522,india,bc2207b90ae6ca690516d6367b342a513c27d95adc15dfb9667ab7aedb12623b,True,,0.0,1.25,1.442537,1.442537
2026-09-14T11:00,2026-09-23,2026-09-23-35833646522,india,ede464736ea6f5ea269740be8a3c0819b20669ba5960cd4469f0fddf3d0e25ef,False,,0.0,1.25,1.441911,1.441911
2026-09-14T11:00,2026-09-23,2026-09-23-35833646522,india,9fb2978fa83683b624bfe351638bb64a2cca6a20846957fdb964190bedb789fd,False,,0.0,1.25,1.441588,1.441588
2026-09-14T11:00,2026-09-23,2026-09-23-35833646522,india,58e8ee108ca6a1df1310b8619a84bedf4a2541c9b88869d489f8e2a12167646d,False,,0.0,1.25,1.441417,1.441417
2026-09-14T11:00,2026-09-23,2026-09-23-35833646522,india,f5873a63069c19387bb423c6bfdba337807f9d37e1b1ca6dca069250b36e0a4c,False,,0.0,1.25,1.439447,1.439447
2026-09-14T11:00,2026-09-23,2026-09-23-35833646522,india,a4fabfed25acc1a0aa02e516d575c8c622d754259d38a28df2ce71b00df70e98,False,,0.0,1.25,1.43779,1.43779
2026-09-14T11:00,2026-09-23,2026-09-23-35833646522,india,f9910ee3701a61a44896ac4175a9ba2c2b83aa4fa1650f98910a68d65fb8e855,False,,0.0,1.25,1.437445,1.437445
2026-09-14T11:00,2026-09-23,2026-09-23-35833646522,india,213036928e5eb411333349d363ac2d1945cd87fb3d3685a3dc3911704de1048b,False,,0.0,1.25,1.436817,1.436817
2026-09-14T11:00,2026-09-23,2026-09-23-35833646522,india,e696781ee4a4e38a07490a154fa76d41bcb7a19387025bd950567e20497e4451,False,,0.0,1.25,1.436283,1.436283
2026-09-14T11:00,2026-09-23,2026-09-23-35833646522,india,ff77aaf157297206601c50b56172896531bdffbc3b88eb1da2d144aedcfb6a80,True,,0.0,1.25,1.406494,1.406494
2026-09-14T11:00,2026-09-23,2026-09-23-35833646522,india,af5133880f84846d6cb01ccd2c1eaab19133318586d0a19f34e3ddb47f15d82d,True,trade,0.3,1.25,1.395849,1.470849
2026-09-14T11:00,2026-09-23,2026-09-23-35833646522,india,af69f3ba54f2975c89935adc4407fb8af8709d90b845690dbcddde979c68f358,True,,0.0,1.25,1.2,1.2
2026-09-14T11:00,2026-09-23,2026-09-23-35833646522,india,e5eea627746258c113f8452357914a56a004742188833d48936af665593a6ec4,True,,0.0,1.25,1.199936,1.199936
2026-09-14T11:00,2026-09-23,2026-09-23-35833646522,india,9b2856a574b854fcc22e748b406294b79409b6f9dc4e0976179cebc2942b3644,True,,0.0,1.25,1.199468,1.199468
2026-09-14T11:00,2026-09-23,2026-09-23-35833646522,india,3752118995938945848d8bb654fca202a471b664a2212a7facda1a5e63db3ed3,True,,0.0,1.25,1.198474,1.198474
2026-09-14T11:00,2026-09-23,2026-09-23-35833646522,india,90d4524074a7178aaf253035e12b60c0ed637ccff5124541f05246e559cd61b5,True,,0.0,1.25,1.192988,1.192988
2026-09-14T11:00,2026-09-23,2026-09-23-35833646522,india,fc2a7e6a7b1d75663d88a0526ef39b2164a281dc3adba0bff7acd0f5b529cdb1,True,,0.0,1.25,1.191252,1.191252
2026-09-14T11:00,2026-09-23,2026-09-23-35856164695,ai,8fc5c31db1a333256ccf8be07ed0a22d6b9b407e2a84adf6252fe0d5252cd9b0,True,,0.0,1.25,2.019716,2.019716
2026-09-14T11:00,2026-09-23,2026-09-23-35856164695,ai,5ab590850491008e2cefeb696721869fa1b9dd449fc9a908867a23da166dfb52,True,,0.0,1.25,1.881951,1.881951
2026-09-14T11:00,2026-09-23,2026-09-23-35856164695,ai,7a362fd0719547651d5e3f88800a7ba2923e72baccbdf1ff9031fc35feeb0b57,True,,0.0,1.25,1.740614,1.740614
2026-09-14T11:00,2026-09-23,2026-09-23-35856164695,ai,ab827d091115e57f977f90ac8c903eedb1de7c3ac44c605e61d25220fc7b4a60,True,,0.0,1.25,1.690267,1.690267
2026-09-14T11:00,2026-09-23,2026-09-23-35856164695,ai,2c1f90e07bf3de2c9e5309d6d104a3d556404f01ee5488290760fc7468cc42dc,True,,0.0,1.25,1.585281,1.585281
2026-09-14T11:00,2026-09-23,2026-09-23-35856164695,ai,24c46df0264dab056cd78c511cea689736e41b8fced506a322653de6b5f0fe80,False,,0.0,1.25,1.579649,1.579649
2026-09-14T11:00,2026-09-23,2026-09-23-35856164695,ai,5cf6be925d2f24f654b8b89d9ff7e2c73007d9e90fc93bc2809c07576e82a279,True,,0.0,1.25,1.571179,1.571179
2026-09-14T11:00,2026-09-23,2026-09-23-35856164695,ai,9a8b76493ec1589fb2c8e3ef130cd04245e6711b648fe5ec1d3cdb40dc7af6ce,True,,0.0,1.25,1.561367,1.561367
2026-09-14T11:00,2026-09-23,2026-09-23-35856164695,ai,707557b1c5ddfe9bd316ad3a9f6ab656309eacbbcfce3d047bc7b176715a9497,True,,0.0,1.25,1.551051,1.551051
2026-09-14T11:00,2026-09-23,2026-09-23-35856164695,ai,1cf29c3992f7ef345d732f5b45640ba97607e8aa3e697c6f64a22eaca430042b,False,,0.0,1.25,1.550662,1.550662
2026-09-14T11:00,2026-09-23,2026-09-23-35856164695,ai,3bd1b7781e389e3c13085bfcb6fe2994bdadda472e7ccb7666f0f05956dc040c,False,,0.0,1.25,1.547139,1.547139
2026-09-14T11:00,2026-09-23,2026-09-23-35856164695,ai,9d536bf68945c86521eabceb2724f7a5987fd704ab11a846f9f9f4a39fd7278b,False,,0.0,1.25,1.540161,1.540161
2026-09-14T11:00,2026-09-23,2026-09-23-35856164695,ai,9275ea959aa9b566103bbc75cb1f9e0fbe68c5d6a061f5316aeeaa7733694fdf,False,,0.0,1.25,1.540161,1.540161
2026-09-14T11:00,2026-09-23,2026-09-23-35856164695,ai,168671d8e1392054a8d44377a8842194886b92de3b1f38d456d8c4e6d0c04139,False,,0.0,1.25,1.53843,1.53843
2026-09-14T11:00,2026-09-23,2026-09-23-35856164695,ai,912f56a36453d77045227b1602a8f098cdf82487077969e83c6985df7de76e39,False,,0.0,1.25,1.533271,1.533271
2026-09-14T11:00,2026-09-23,2026-09-23-35856164695,ai,a30e44f13983cc452309884e17fa2a840c4d852e7254d133ce15bacafeb984a2,False,,0.0,1.25,1.445557,1.445557
2026-09-14T11:00,2026-09-23,2026-09-23-35856164695,ai,41bbab0be948ec7494a69f89169e4438f3de450e5263fa0d677998a31b21eacf,True,,0.0,1.25,1.416303,1.416303
2026-09-14T11:00,2026-09-23,2026-09-23-35856164695,ai,5cfdc4cd802494ebe23c6837222779722cce4b75d46499b9ef5328005ecc882c,False,,0.0,1.25,1.41253,1.41253
2026-09-14T11:00,2026-09-23,2026-09-23-35856164695,ai,ba0e6a8ec93f8a94515dc09f9d8488d1be9c748ed24402a17cf5cac414e4f39e,False,,0.0,1.25,1.38441,1.38441
2026-09-14T11:00,2026-09-23,2026-09-23-35856164695,ai,f29cd41ba6a85f1de2acb9f49e3219cc11a62efc8c983ed174ab18f765662c67,True,,0.0,1.25,1.37661,1.37661
2026-09-14T11:00,2026-09-23,2026-09-23-35856164695,ai,dfda4e8e8b3232ba071524ba31ca2e676b9d54051efe85e6f54f837caa5ce395,False,,0.0,1.25,1.34028,1.34028
2026-09-14T11:00,2026-09-23,2026-09-23-35856164695,ai,db62930227e4365abb6787ea735f4bbda6c5fdb2a4bdc7c451c21b21ed0354ae,False,,0.0,1.25,1.34028,1.34028
2026-09-14T11:00,2026-09-23,2026-09-23-35856164695,ai,49162bb86731ee56737e1604127d7bffdd87e568ba85bfea5a153a97f1c1ff64,False,,0.0,1.25,1.34028,1.34028
2026-09-14T11:00,2026-09-23,2026-09-23-35856164695,ai,77ae76fcbb937c33c79a89b3ac2290cbf0be9db10b7d6ba5a766f0f4b2b2d8e7,False,,0.0,1.25,1.34028,1.34028
2026-09-14T11:00,2026-09-23,2026-09-23-35856164695,ai,3d7df4b7f51b0194b082759be92bb1cb3f7c63c55f2fbad635ec9b056d74e155,False,,0.0,1.25,1.34028,1.34028
2026-09-14T11:00,2026-09-23,2026-09-23-35856164695,ai,268d1fdd81724aef297c165918b4375c171be5c93fd0387a7898f97134888c00,False,,0.0,1.25,1.335674,1.335674
2026-09-14T11:00,2026-09-23,2026-09-23-35856164695,ai,c6bb78b9edc966d0e99b6fd5a7d3c81edfd0502c29fcd18373b63788cb201bdc,False,,0.0,1.25,1.327425,1.327425
2026-09-14T11:00,2026-09-23,2026-09-23-35856164695,ai,0e4d204ec0cc3a4bd089f52d8fa2f2975f29963b180c6bf3dd5ffec18fd86745,False,,0.0,1.25,1.274449,1.274449
2026-09-14T11:00,2026-09-23,2026-09-23-35856164695,ai,3fcefd9c665fb2c2484965cf43548bc94be5c40db4dc345287024e6c77f2703e,True,,0.0,1.25,1.240614,1.240614
2026-09-14T11:00,2026-09-23,2026-09-23-35856164695,ai,41d289d0c13eec5adffc0f81edf58ba5b47b7d19de26388e6017dc79d0ab6b49,False,,0.0,1.25,1.240614,1.240614
2026-09-14T11:00,2026-09-23,2026-09-23-35856164695,ai,81c24e81150b03d9672adfb13ceef825d8e514e70922b3f93db8d1d43e075f37,False,,0.0,1.25,1.238309,1.238309
2026-09-14T11:00,2026-09-23,2026-09-23-35856164695,ai,811bcae574a076a77959895440beed85f2d26109201e299b231c4d2ce3fb7752,True,chips,0.3,1.25,1.227425,1.302425
2026-09-14T11:00,2026-09-23,2026-09-23-35856164695,ai,f60f80672e6392310ed9a0c6b4da8ca9ea98832bf0ab2792cb428d5b8557cf9b,True,,0.0,1.25,1.222972,1.222972
2026-09-14T11:00,2026-09-23,2026-09-23-35856164695,ai,2b13b92b62b749cc29992ce205f36426b4f19874a730996f29be792779150d65,True,,0.0,1.25,1.198577,1.198577
2026-09-14T11:00,2026-09-23,2026-09-23-35856164695,energy,84ee89347a4e199c06d6e3cdd71e81f6094174f0bb63e4672eecc14358cc8858,True,,0.0,1.25,1.674052,1.674052
2026-09-14T11:00,2026-09-23,2026-09-23-35856164695,energy,3ac3635129a62081760df46ff65f3b857f0c70a0eb2d2e35e5f04c354c33cd7e,True,,0.0,1.25,1.198359,1.198359
2026-09-14T11:00,2026-09-23,2026-09-23-35856164695,energy,bf6e92268558169c7e363c5e7ef84fc71db6995e9d89244389932e8265cb6640,True,,0.0,1.25,1.198263,1.198263
2026-09-14T11:00,2026-09-23,2026-09-23-35856164695,energy,79249ab3e61816fa4b134fbc305b361c2c2773255840410f091304a6676c05d0,True,,0.0,1.25,1.197924,1.197924
2026-09-14T11:00,2026-09-23,2026-09-23-35856164695,energy,b2a7e37c10b09b1efdabf86998ec03d63aaf7f678046d0dab11187444e219097,True,,0.0,1.25,1.192582,1.192582
2026-09-14T11:00,2026-09-23,2026-09-23-35856164695,energy,0c3fd4f669c8609c6f134840cf35aeffe7a9c079120f09c84ad1fa3fc5dcf6ad,False,,0.0,1.25,1.186447,1.186447
2026-09-14T11:00,2026-09-23,2026-09-23-35856164695,energy,46516ba254f4b21ebcf64326265fde6b2428126da120a6e09d845d73e53e0773,True,,0.0,1.25,1.183406,1.183406
2026-09-14T11:00,2026-09-23,2026-09-23-35856164695,energy,517a3ad054fd1480db4b4afa7a6907a09476d36d888e8b38e88c6095a9572cda,False,,0.0,1.25,1.173917,1.173917
2026-09-14T11:00,2026-09-23,2026-09-23-35856164695,energy,02089104b07dad8aa16c66e9e3a07864ed764b7ba842429ed6d9176da1eec8b2,False,,0.0,1.25,1.172384,1.172384
2026-09-14T11:00,2026-09-23,2026-09-23-35856164695,energy,701649b01a841c1a8f57a4c2592125f27281686af6d9d93babe00e0b2b52fcda,False,,0.0,1.25,1.16977,1.16977
2026-09-14T11:00,2026-09-23,2026-09-23-35856164695,energy,3356833188b4e8a38cd8146ad1a65c896467ce3f9eb73543e41211be490a966d,False,,0.0,1.25,1.169264,1.169264
2026-09-14T11:00,2026-09-23,2026-09-23-35856164695,energy,a113ad9113938b47a0d3e9d6a442ca6a3214b9b015e2170c7d956201222379e7,False,,0.0,1.25,1.168637,1.168637
2026-09-14T11:00,2026-09-23,2026-09-23-35856164695,energy,51cb6791716f52d063b703f0addba49c53ea55f3d120f788a8abde4147a51482,False,,0.0,1.25,1.161367,1.161367
2026-09-14T11:00,2026-09-23,2026-09-23-35856164695,energy,0acb1d728e0a23b98d9798f39c12690a5be6d44900ff5ae38781ce6e26a1b0ca,False,,0.0,1.25,1.150662,1.150662
2026-09-14T11:00,2026-09-23,2026-09-23-35856164695,energy,437a160c7ed18ee9c8e04091cbab279eea9f3162b6ad57eba9433c76cdfe364a,False,,0.0,1.25,1.149749,1.149749
2026-09-14T11:00,2026-09-23,2026-09-23-35856164695,energy,b914bc1db9da503fcd1ba31c163beeae9a8d8d60d93d33cca17d4c715619eec1,False,,0.0,1.25,1.145789,1.145789
2026-09-14T11:00,2026-09-23,2026-09-23-35856164695,energy,cd851bcd05a75472d958a472b1344bc5ad1ff469ef9a0753f661fbaa45e25b11,False,,0.0,1.25,1.143679,1.143679
2026-09-14T11:00,2026-09-23,2026-09-23-35856164695,energy,8b7f1b3d8e77463d9f61a0eafc6e8bcbbf9da7aa04f98ab750ea866e04f76d45,False,,0.0,1.25,1.140201,1.140201
2026-09-14T11:00,2026-09-23,2026-09-23-35856164695,energy,65c16599a7a78f3e194e1a5c45e4c08b3046ce434c993cb4a046ff59e641d81e,False,,0.0,1.25,1.140161,1.140161
2026-09-14T11:00,2026-09-23,2026-09-23-35856164695,energy,87b028dad58e6a52a889eb7965be491b92f296f175ba9fc7a88b5c97ecbd5609,False,,0.0,1.25,1.140161,1.140161
2026-09-14T11:00,2026-09-23,2026-09-23-35856164695,energy,77c922254ce81b2524ce9d51d44e75ba43e149313063eeec09aeb87bd78f65b9,False,,0.0,1.25,1.140161,1.140161
2026-09-14T11:00,2026-09-23,2026-09-23-35856164695,energy,6dbf532a7c7072aab1e6157800773b3b608e1834aeba3dd88755f5ecae732550,False,,0.0,1.25,1.134985,1.134985
2026-09-14T11:00,2026-09-23,2026-09-23-35856164695,energy,6d59001c1e1c415d2403f38ca15a9c54786b580d99f06a9a6032e0847794360c,False,,0.0,1.25,1.130444,1.130444
2026-09-14T11:00,2026-09-23,2026-09-23-35856164695,energy,f901975b265bffb35a53f5ce50eb42c7850b40d0524c7ec8799810f5159bf357,False,,0.0,1.25,1.12986,1.12986
2026-09-14T11:00,2026-09-23,2026-09-23-35856164695,energy,1f407946ee57205c4395e442ea7f970c786daab3d1e0816b7e8a132e1d3a28d7,False,,0.0,1.25,1.127383,1.127383
2026-09-14T11:00,2026-09-23,2026-09-23-35856164695,energy,1461598eaa3d87509cb5f72e1a6478a37774665479d857d9b06d778e7e7ebbd1,False,,0.0,1.25,1.127079,1.127079
2026-09-14T11:00,2026-09-23,2026-09-23-35856164695,business-economy,cc6bb696f604753a129d33859707eec49150a65027c8bd0dcfbd531f0f95f88c,True,trade,0.3,1.25,1.953188,2.028188
2026-09-14T11:00,2026-09-23,2026-09-23-35856164695,business-economy,c8c57226d08c5fe9cae999e51690ed6fd9a3e5e031d1e191fdfd8e6d30022121,True,,0.0,1.25,1.690387,1.690387
2026-09-14T11:00,2026-09-23,2026-09-23-35856164695,business-economy,2fbfac90ed82725131fa27c7224d1aafe505616159f31e5bf46fcb540d8c2f88,True,,0.0,1.25,1.688797,1.688797
2026-09-14T11:00,2026-09-23,2026-09-23-35856164695,business-economy,4eee2fec7d048821a5a9db16962c0575a65e0543daead21c4c17ecaf66d3a4db,True,,0.0,1.25,1.67412,1.67412
2026-09-14T11:00,2026-09-23,2026-09-23-35856164695,business-economy,980873dffbc617cd122c41a0eb9c002a28af025a441f0c4d34a12b04a22d93ff,True,,0.0,1.25,1.672305,1.672305
2026-09-14T11:00,2026-09-23,2026-09-23-35856164695,business-economy,0fe1d9aac5ee1ce3988d34d44ef8da5f751b7abc18ebc513707c82022c086724,True,,0.0,1.25,1.672305,1.672305
2026-09-14T11:00,2026-09-23,2026-09-23-35856164695,business-economy,a5a69c346b3f254fdd13d367033326b6341791a2e053ed0b6729e882027593f8,False,,0.0,1.25,1.65709,1.65709
2026-09-14T11:00,2026-09-23,2026-09-23-35856164695,business-economy,1aed34d09fb7982215c001d433a416f5de88f48c2685ae64502b125b175a1f23,False,,0.0,1.25,1.650821,1.650821
2026-09-14T11:00,2026-09-23,2026-09-23-35856164695,business-economy,e5a5f5e69e3bdc843670cb5f3fe1da47025a0b2bff37bb5011f432868f48e169,True,,0.0,1.25,1.644313,1.644313
2026-09-14T11:00,2026-09-23,2026-09-23-35856164695,business-economy,7bf295fc449ae2f33677ed26b4f030435faf91941fdc50f01ba51dc2c3f832f9,True,,0.0,1.25,1.60195,1.60195
2026-09-14T11:00,2026-09-23,2026-09-23-35856164695,business-economy,1245e78e2c393f4c70bb9a284d5a1c9e9edb037034587635ebc01e325940fe9f,True,,0.0,1.25,1.6,1.6
2026-09-14T11:00,2026-09-23,2026-09-23-35856164695,business-economy,56f25ea4dfe359c73b5491bf2f5a6234c1baa6a57276827808fedbf488ceda4e,True,,0.0,1.25,1.6,1.6
2026-09-14T11:00,2026-09-23,2026-09-23-35856164695,business-economy,8a36f761215fe7e4ac3539b13ca05e7ca13d16270fad8f9288fe69081271f016,True,,0.0,1.25,1.598048,1.598048
2026-09-14T11:00,2026-09-23,2026-09-23-35856164695,business-economy,cb893fc7c44fc46d2791df63543c27a648028e17f31ea9ec5a8b64fbf89955fe,False,,0.0,1.25,1.428018,1.428018
2026-09-14T11:00,2026-09-23,2026-09-23-35856164695,business-economy,1b8f99749b93c9044858e86fcbd4e8e831444d9b9028a86491105ede653dba76,True,,0.0,1.25,1.423845,1.423845
2026-09-14T11:00,2026-09-23,2026-09-23-35856164695,business-economy,f047f5b286843304330dc8f6db37cd5545246c722261ba267c264196423f75c8,False,,0.0,1.25,1.409432,1.409432
2026-09-14T11:00,2026-09-23,2026-09-23-35856164695,business-economy,8d76e21f5d0fd1c273578db702bc8b85f4d78b0c85a2db5676a6ce4aeb217111,False,chips,0.3,1.25,1.402013,1.477013
2026-09-14T11:00,2026-09-23,2026-09-23-35856164695,business-economy,41821e30cc0c63d30c5670f00b43cd2b0799f3042b9f5e930796cafd419a43e7,False,trade,0.3,1.25,1.3872,1.4622
2026-09-14T11:00,2026-09-23,2026-09-23-35856164695,business-economy,712edf2836356777fbf90150c1e1a3d81de9a87b48fb69b3f57ebf427eb8c359,False,,0.0,1.25,1.375219,1.375219
2026-09-14T11:00,2026-09-23,2026-09-23-35856164695,business-economy,f68ff7fd450435bd4813fdbd23065aa5100cdc5f1501f67b34d425e2a78af3b9,False,trade,0.3,1.25,1.20718,1.28218
2026-09-14T11:00,2026-09-23,2026-09-23-35856164695,business-economy,f03a6e280351baeb66670fcb6178b2b1c59bca7b2cf6e024938baaa9d09f194f,False,,0.0,1.25,1.2,1.2
2026-09-14T11:00,2026-09-23,2026-09-23-35856164695,business-economy,ef5b79c1d516537d5daec1f5d53c5e3341cef54803b01ba79caab93356eb041a,False,,0.0,1.25,1.198308,1.198308
2026-09-14T11:00,2026-09-23,2026-09-23-35856164695,business-economy,780c49358f64d1bf577bb823567482d5358e03fc16a331babbfaa1fe511d8f2c,False,,0.0,1.25,1.198244,1.198244
2026-09-14T11:00,2026-09-23,2026-09-23-35856164695,business-economy,24063704c15ba847e18965ad760b9015f2dad3ac0e989fd9f505e10ac7812437,False,,0.0,1.25,1.197081,1.197081
2026-09-14T11:00,2026-09-23,2026-09-23-35856164695,business-economy,e4366ecf6d90fe7a6890b4c23ea9b65f22d32588f5ca3feeec97d69eb2c96d56,False,,0.0,1.25,1.196276,1.196276
2026-09-14T11:00,2026-09-23,2026-09-23-35856164695,business-economy,4163000d12e3ebce1d00516f200f13593266b9db5813aec3442c1844631d72da,False,,0.0,1.25,1.194779,1.194779
2026-09-14T11:00,2026-09-23,2026-09-23-35856164695,business-economy,dc0605f91a2c1e4241d6c40e4d43223b1ffb56472a649263117c848ba5c24279,False,,0.0,1.25,1.194779,1.194779
2026-09-14T11:00,2026-09-23,2026-09-23-35856164695,business-economy,1c310ba1b4126adf84b26bd761fb00b6e28a6ad612f986392af7acbdd8b2531f,False,,0.0,1.25,1.194779,1.194779
2026-09-14T11:00,2026-09-23,2026-09-23-35856164695,business-economy,8aedea1dc948ceb0c091a51f9cde8b88f3e6456d233910f06547c5c96d0cb6fc,False,,0.0,1.25,1.194779,1.194779
2026-09-14T11:00,2026-09-23,2026-09-23-35856164695,business-economy,01ee15d92451d4d1c1331c5a780f19cf983a217048dec2785c15cbc87a61ad94,False,,0.0,1.25,1.194754,1.194754
2026-09-14T11:00,2026-09-23,2026-09-23-35856164695,business-economy,3aaf1c511521c9ff1dc4949e79e141e48368441e4046bb181f42c1ac74d68a55,False,,0.0,1.25,1.194748,1.194748
2026-09-14T11:00,2026-09-23,2026-09-23-35856164695,business-economy,3f59690bb6808e281da9f59ea00fa23526ae3642b5bac2a7a904e0c5bb10f42e,False,,0.0,1.25,1.194748,1.194748
2026-09-14T11:00,2026-09-23,2026-09-23-35856164695,business-economy,d09be8e06358e852c5bb8e68f505493c380f2c5f735fb69d4baa712413432c10,True,,0.0,1.25,1.190008,1.190008
2026-09-14T11:00,2026-09-23,2026-09-23-35856164695,business-economy,b6b44505d16cb0f66dc2fde6257f9d520c813752ddbd02dda78a3fc514b4c26e,True,,0.0,1.25,1.186415,1.186415
2026-09-14T11:00,2026-09-23,2026-09-23-35856164695,business-economy,121d9d834b72cfd56b5d643f5d571766b3b501c4c2dbc5a17c5e03ff9a0ca450,True,,0.0,1.25,1.184749,1.184749
2026-09-14T11:00,2026-09-23,2026-09-23-35856164695,business-economy,622e1785b4de16eddab2efdeeafa614539a44e688406de588fab07102c9d9fd2,True,,0.0,1.25,1.183699,1.183699
2026-09-14T11:00,2026-09-23,2026-09-23-35856164695,business-economy,fbc922b55f598b0db5f77b2e55532624372eff06dec76dc2ca45764c016a7c5e,True,,0.0,1.25,1.183456,1.183456
2026-09-14T11:00,2026-09-23,2026-09-23-35856164695,world,cc6bb696f604753a129d33859707eec49150a65027c8bd0dcfbd531f0f95f88c,False,trade,0.3,1.25,1.953188,2.028188
2026-09-14T11:00,2026-09-23,2026-09-23-35856164695,world,47cc651e50594d73e14586bd29ceabe6201b43a03e667a907019ab421a770f02,True,,0.0,1.25,1.625286,1.625286
2026-09-14T11:00,2026-09-23,2026-09-23-35856164695,world,7dbbd407bbacf620b513f61ae573d2f7d415ee77e845433ca7914aa0a0e3988b,True,,0.0,1.25,1.52888,1.52888
2026-09-14T11:00,2026-09-23,2026-09-23-35856164695,world,bb32cd92ec76326f65242157f8323b4810669028b082bf9c26c260db75098dfa,True,,0.0,1.25,1.503907,1.503907
2026-09-14T11:00,2026-09-23,2026-09-23-35856164695,world,40820ab639b81e3c36c8c5c40c1ba380cc76d73e5ba1730f4a43a382d21a7c11,False,,0.0,1.25,1.50071,1.50071
2026-09-14T11:00,2026-09-23,2026-09-23-35856164695,world,c374b28c7f38cb9fdaca7e1232c0113714bb6496c3f1cfb083653f4726d8d6f2,False,,0.0,1.25,1.499934,1.499934
2026-09-14T11:00,2026-09-23,2026-09-23-35856164695,world,018901bae781db5135a638a428478f6eca022a944aa724907d68992ef76ffdad,False,,0.0,1.25,1.424695,1.424695
2026-09-14T11:00,2026-09-23,2026-09-23-35856164695,world,c306402f3c7a3fd318af8b45d88c92d4cb394cc99a090c76bdac041e6cbda2f0,True,,0.0,1.25,1.424269,1.424269
2026-09-14T11:00,2026-09-23,2026-09-23-35856164695,world,b7d4727b875c4a1fec0ddd5a0501f48c97b596e3bf6771250a1d00acc476ad3d,False,,0.0,1.25,1.424269,1.424269
2026-09-14T11:00,2026-09-23,2026-09-23-35856164695,world,42d5f425ead14e932f8dce68891487539d42acfbdcfa102865acd77206cad2c4,True,,0.0,1.25,1.401664,1.401664
2026-09-14T11:00,2026-09-23,2026-09-23-35856164695,world,012093a53003337977992c494531453d7918824fadd15c34c0d77be455178eb5,True,,0.0,1.25,1.394711,1.394711
2026-09-14T11:00,2026-09-23,2026-09-23-35856164695,world,3a24f6129f917c5bc16a44ada99a808a6548efaa5c16ac9dc82b16665597a7d0,False,,0.0,1.25,1.364988,1.364988
2026-09-14T11:00,2026-09-23,2026-09-23-35856164695,world,997082528f56c6c5d0bbd23cddf9fb8ede1be84527e892ff07cbfbec977db8f5,False,,0.0,1.25,1.364988,1.364988
2026-09-14T11:00,2026-09-23,2026-09-23-35856164695,world,1908ce02b206d5e97e6097a5bcc6a18dac76ff56ed05987d2c9b165789213e37,False,,0.0,1.25,1.364949,1.364949
2026-09-14T11:00,2026-09-23,2026-09-23-35856164695,world,b054e136ac67f683cc579bc5a9db94eded40078f2cefa4521b5fdfdf25502b1e,False,,0.0,1.25,1.364921,1.364921
2026-09-14T11:00,2026-09-23,2026-09-23-35856164695,world,402823bc0d390b2251f03206e9ad81cd61cb663b166ca8696fc9488b9c62ec23,False,,0.0,1.25,1.364921,1.364921
2026-09-14T11:00,2026-09-23,2026-09-23-35856164695,world,67394279d6f939d7ab2e6c57ea35fa46e454b2cb6826530f33c820139051a6b6,False,,0.0,1.25,1.275169,1.275169
2026-09-14T11:00,2026-09-23,2026-09-23-35856164695,world,4bed842ccfdfb43a33f7198137c38f5cc7316f9962c1dd685ae2463951bac862,False,,0.0,1.25,1.274995,1.274995
2026-09-14T11:00,2026-09-23,2026-09-23-35856164695,world,a80c2dd7e89e9f6f3f36744fe1f1c4e09f0cdbb7f8f9cbd7a3e31aade76ff0a6,False,,0.0,1.25,1.262557,1.262557
2026-09-14T11:00,2026-09-23,2026-09-23-35856164695,world,88f4e4a4f5dae34054e1a888b7af162550482b7967de0c5fffdcfde113f958c8,False,,0.0,1.25,1.261559,1.261559
2026-09-14T11:00,2026-09-23,2026-09-23-35856164695,world,5241befc1ae9233c14e7965604eb0fe60f61be9fe62cdc0517db85501da3181d,False,,0.0,1.25,1.258732,1.258732
2026-09-14T11:00,2026-09-23,2026-09-23-35856164695,world,190ae11dcd62688b1a009a7a983a7d3f3e2b183a8d0ddb43194e52f59e7bfa54,False,,0.0,1.25,1.249903,1.249903
2026-09-14T11:00,2026-09-23,2026-09-23-35856164695,world,be3b9355b816ca82cfc1257d666767862fbfa18cbdcb2a64c4bbdf765995d890,True,,0.0,1.25,1.245056,1.245056
2026-09-14T11:00,2026-09-23,2026-09-23-35856164695,world,35fa11abaadd548531bda0df9fda8e943310bb21457fe7d36501603645b82344,True,,0.0,1.25,1.243691,1.243691
2026-09-14T11:00,2026-09-23,2026-09-23-35856164695,world,8c70985ff6bb9cc0f92cf17e1c7757f3c68a2ef1930c326925b62152b39f6e67,False,,0.0,1.25,1.242231,1.242231
2026-09-14T11:00,2026-09-23,2026-09-23-35856164695,world,53c8a37fb22eef23cda84feaf912316de7e07ce07a78b9175735c32794bff0ca,False,,0.0,1.25,1.241008,1.241008
2026-09-14T11:00,2026-09-23,2026-09-23-35856164695,world,96ca4c2126dcf2fd0bb52550058eb031abc93730631a0e3f9efa05083d794f7f,False,,0.0,1.25,1.240885,1.240885
2026-09-14T11:00,2026-09-23,2026-09-23-35856164695,world,534ac22121cb6f0381812d7dfa26f2f7d517f440bd026d3490a1ef6ec2a62129,False,,0.0,1.25,1.240447,1.240447
2026-09-14T11:00,2026-09-23,2026-09-23-35856164695,world,b98b9d837adea6bf01e65f23c5f6b7c94993b720ce079c1f63631d602db894f2,True,,0.0,1.25,1.195511,1.195511
2026-09-14T11:00,2026-09-23,2026-09-23-35856164695,world,6d22146235dda73cbbee54ae264d56e82c18e296621ffe6ed089da7af2d7e8c1,True,,0.0,1.25,1.194576,1.194576
2026-09-14T11:00,2026-09-23,2026-09-23-35856164695,world,9aab6b888b1c65a2cdb5cbc429d860ec8b67dd79a9c13c7e4f3ecb3f995fb28d,True,,0.0,1.25,1.192557,1.192557
2026-09-14T11:00,2026-09-23,2026-09-23-35856164695,world,2881fbbab283457d2a01d100dc3442b7dc6f036077fd81ae88487c4ff7e75ffb,True,,0.0,1.25,1.190361,1.190361
2026-09-14T11:00,2026-09-23,2026-09-23-35856164695,world,44aee404bfee126b34d59b03cad3363073fb907fce4a22696bb93124f7652b36,True,,0.0,1.25,1.184061,1.184061
2026-09-14T11:00,2026-09-23,2026-09-23-35856164695,world,2a41ca783c7a098573ab23a6a3131c17a862adb2586b96fc4a249522c07b7bd3,True,,0.0,1.25,1.18395,1.18395
2026-09-14T11:00,2026-09-23,2026-09-23-35856164695,world,fec85f6ad6c8ab90af237ef3538cbc0d8aceff618751c374031fc5ef3d5225e4,True,,0.0,1.25,1.183462,1.183462
2026-09-14T11:00,2026-09-23,2026-09-23-35856164695,india,2a05129208585d3aae3ef6accd75abf9ec2de6237452ff82e220030a2422c029,True,,0.0,1.25,1.697464,1.697464
2026-09-14T11:00,2026-09-23,2026-09-23-35856164695,india,6b2898c1469a1f4c8cb528b52b9f4430592fb319c27d45ba44de4b2ed68463a1,True,,0.0,1.25,1.683431,1.683431
2026-09-14T11:00,2026-09-23,2026-09-23-35856164695,india,a39fd2a821e99a644f01c9e4902c1e3843e6ba14fd8ab7c9cfd00fc7b5bb924c,True,,0.0,1.25,1.670966,1.670966
2026-09-14T11:00,2026-09-23,2026-09-23-35856164695,india,1547d9477489564e17027ef7148038879f2461c70e3982d124105fc54a8690e6,True,,0.0,1.25,1.66868,1.66868
2026-09-14T11:00,2026-09-23,2026-09-23-35856164695,india,854c9dd8f55f3d6f3636c3aa538183b716b18758ca43891db91c805279b32a90,True,,0.0,1.25,1.666258,1.666258
2026-09-14T11:00,2026-09-23,2026-09-23-35856164695,india,5a72c868f4213141b414835334c8a345b9f98e1d388c40b54d5dfe2be8022e54,True,,0.0,1.25,1.664444,1.664444
2026-09-14T11:00,2026-09-23,2026-09-23-35856164695,india,4ad0b12aad27e77c82a8e37aa271aa105593b5da7653f61ae8bface8a457bc44,True,,0.0,1.25,1.662985,1.662985
2026-09-14T11:00,2026-09-23,2026-09-23-35856164695,india,ae592cfa4e5b3c823dc84e212d9a2b05d99fc7f0105479914ff271b5ce28596c,False,,0.0,1.25,1.652107,1.652107
2026-09-14T11:00,2026-09-23,2026-09-23-35856164695,india,2e1a3c97a12aa968e96a14d22e2399f0a84f84d4102a84e0566180d373fa2a71,True,,0.0,1.25,1.618761,1.618761
2026-09-14T11:00,2026-09-23,2026-09-23-35856164695,india,92c30ecfad5e7fbd9675c4bcff1b826d3e26797976733300e4d2df22b20456cf,True,trade,0.3,1.25,1.45416,1.52916
2026-09-14T11:00,2026-09-23,2026-09-23-35856164695,india,0c3f2a2e5500c3436eaf1052497285d6eba93ac7d57ac336814e8f08705ceaba,True,,0.0,1.25,1.447112,1.447112
2026-09-14T11:00,2026-09-23,2026-09-23-35856164695,india,62b2ff74def596551c289079a57b82dff1a69bb2d06bc729f6dd007829c922b7,True,,0.0,1.25,1.446487,1.446487
2026-09-14T11:00,2026-09-23,2026-09-23-35856164695,india,ca175159d58e55ee62c12a691fa2b729c9830e87099a7e511568261f6166a961,False,,0.0,1.25,1.445754,1.445754
2026-09-14T11:00,2026-09-23,2026-09-23-35856164695,india,1e1138c227983812f2e85daeaa346e582402963dd6f58d3ce9cde8a0d1c677d8,True,,0.0,1.25,1.445696,1.445696
2026-09-14T11:00,2026-09-23,2026-09-23-35856164695,india,935f3b0ded7d39d3271539a7b009bc13022d270ba8dbb57c1488dd82f69dc7ba,False,,0.0,1.25,1.445594,1.445594
2026-09-14T11:00,2026-09-23,2026-09-23-35856164695,india,ef83eaff98d705bf05c90d3d81ff02a6051392c337b1b68c092275d1e31c68f0,False,,0.0,1.25,1.444798,1.444798
2026-09-14T11:00,2026-09-23,2026-09-23-35856164695,india,ac3a9178c8d4d55c45ceff17c04bb18fb59c9f0ad4b76580bab93321c093b47e,False,,0.0,1.25,1.443959,1.443959
2026-09-14T11:00,2026-09-23,2026-09-23-35856164695,india,339c1b7bbce3d54039b9111ba1d79b6fe649412db188a30051023bdefcb8fc5a,False,,0.0,1.25,1.443915,1.443915
2026-09-14T11:00,2026-09-23,2026-09-23-35856164695,india,ff2b31cfb6b0e4af2710e9c17dd682a66a440ebfda573b6a2e7c99755d1bde6d,False,,0.0,1.25,1.443743,1.443743
2026-09-14T11:00,2026-09-23,2026-09-23-35856164695,india,fca023190906dce1889ab4e568a6af84ed03ebbd3b4c2d10b8461abb610ac4bd,False,,0.0,1.25,1.443077,1.443077
2026-09-14T11:00,2026-09-23,2026-09-23-35856164695,india,e696781ee4a4e38a07490a154fa76d41bcb7a19387025bd950567e20497e4451,False,,0.0,1.25,1.442905,1.442905
2026-09-14T11:00,2026-09-23,2026-09-23-35856164695,india,9c4f76012cdbd4cffb3b5901c2aad072d3657e930982835618fb07d287caec87,False,,0.0,1.25,1.442411,1.442411
2026-09-14T11:00,2026-09-23,2026-09-23-35856164695,india,7a10dcf03aed2656fb54c838ce3e16abf4a6c691445744e2d76be208de00e4af,False,,0.0,1.25,1.441645,1.441645
2026-09-14T11:00,2026-09-23,2026-09-23-35856164695,india,408e7618f37e014ff48d418232c4a66fee4540a64e58c77cd6a559e8a5d64b5f,False,,0.0,1.25,1.44086,1.44086
2026-09-14T11:00,2026-09-23,2026-09-23-35856164695,india,05beaadc41c6db6dd586b6ac78c532a6b93e68361c542b0e85b999a2769ece20,False,,0.0,1.25,1.44086,1.44086
2026-09-14T11:00,2026-09-23,2026-09-23-35856164695,india,76defc2b8e364573f8a91a7a02f158c299f4ee1e04a5ae4bc42935e9670ef701,False,,0.0,1.25,1.439484,1.439484
2026-09-14T11:00,2026-09-23,2026-09-23-35856164695,india,265201628bdd25e563ba70f2a8b78f90c145076da0982ac9fa99518919b31990,False,,0.0,1.25,1.438766,1.438766
2026-09-14T11:00,2026-09-23,2026-09-23-35856164695,india,bf06c4aeb156400d668fbc5054a305d0ac028324d32f7c2e03ea6a86d56edb67,False,,0.0,1.25,1.438621,1.438621
2026-09-14T11:00,2026-09-23,2026-09-23-35856164695,india,a992c3b6a880454461306798fce70e6bba49771fbdd566c67f2fad2f4facd366,False,,0.0,1.25,1.437772,1.437772
2026-09-14T11:00,2026-09-23,2026-09-23-35856164695,india,0b05f856713aee582b06719c0adbb369113c7e3eedd479aab536e3f5f73a48a9,False,,0.0,1.25,1.437043,1.437043
2026-09-14T11:00,2026-09-23,2026-09-23-35856164695,india,6c98248a03ad3514f0e8b9fea50e59f6bc82f5acb0347a9656a8dc75c66654c0,False,,0.0,1.25,1.436352,1.436352
2026-09-14T11:00,2026-09-23,2026-09-23-35856164695,india,5949af4bd797b9c3744349533ef53664a3128d0e58ef2342ad8be83b83253fa5,True,,0.0,1.25,1.435926,1.435926
2026-09-14T11:00,2026-09-23,2026-09-23-35856164695,india,82c584654c117efaa2489da4d61cb26ff5c7e5421ee29c4d827f2a207577bc4f,False,,0.0,1.25,1.4356,1.4356
2026-09-14T11:00,2026-09-23,2026-09-23-35856164695,india,7cb8be244803c1c9a44a03d246726f6b7e1fab87fe86049731a655874880594c,True,,0.0,1.25,1.351696,1.351696
2026-09-14T11:00,2026-09-23,2026-09-23-35856164695,india,fd6f33b09172cf9da45c48862ab132f32664d4b4081bd09b264b0585b35ad652,True,trade,0.3,1.25,1.200385,1.275385
2026-09-14T11:00,2026-09-23,2026-09-23-35856164695,india,8dc2518859547733733f995f2c098e1d29ab1014aab5e08b046e8a6a6d40f61a,True,,0.0,1.25,1.2,1.2
2026-09-14T11:00,2026-09-23,2026-09-23-35856164695,india,6951ca9649c8cfec98cc2ff97f4204ea4cbd4a63c7a5befb45d589f6fbb1a30b,True,,0.0,1.25,1.199827,1.199827
2026-09-14T11:00,2026-09-23,2026-09-23-35856164695,india,027ecfa07f77bdb056c793da5227b006194f850b27bcee58c16b855ae7d9bb80,True,,0.0,1.25,1.198263,1.198263
2026-09-14T11:00,2026-09-23,2026-09-23-35856164695,india,b7fb63bd584b589f1d75a879e7283e11d9f7a26d496c804781f229fee12b3fa5,True,,0.0,1.25,1.198148,1.198148
2026-09-14T11:00,2026-09-23,2026-09-23-35856164695,india,30c3d736314f23b5778a28ac1818902abc4c4a2d5567c1c755ff0ffa9ca318d3,True,,0.0,1.25,1.197899,1.197899
2026-09-14T11:00,2026-09-23,2026-09-23-35856164695,india,784e5423708be31b25ffb5db067b50be3ded6fa38d411547aa05691a0830e93d,True,,0.0,1.25,1.197125,1.197125
2026-09-14T11:00,2026-09-23,2026-09-23-35856164695,india,711aec072676d2cc0d9d0d45db0b9560860d25813e516a8254e692bae0887622,True,,0.0,1.25,1.196417,1.196417
2026-09-14T11:00,2026-09-23,2026-09-23-35856164695,india,7f48b4e58942cb928efaf8c163ac4b81d8bd28d5823efcc6c2b1573ee7a2335a,True,,0.0,1.25,1.194868,1.194868
2026-09-14T11:00,2026-09-23,2026-09-23-35856164695,india,68f56edf13cf6cf93d95120563d2b9f08647fd6a95ddbc61e761254f1b2bd9d7,True,,0.0,1.25,1.19302,1.19302
2026-09-14T11:00,2026-09-23,2026-09-23-35856164695,india,c48881933fd4d74a418f41b777dc7c67c75a2122ba483b4dd75fa6b91c289169,True,trade,0.3,1.25,1.19199,1.26699
2026-09-14T11:00,2026-09-23,2026-09-23-35856164695,india,864676b163d67c196f4d447847ed4cbc83d427d0fa96cb8a2fd3ad6d1489f537,True,,0.0,1.25,1.189907,1.189907
2026-09-14T11:00,2026-09-23,2026-09-23-35856164695,india,5605943d3268c0f5d994c29e6db34ba6839db40ee27bc0e6aea61ea61babb1ed,True,,0.0,1.25,1.189702,1.189702
2026-09-14T11:00,2026-09-23,2026-09-23-35856164695,india,540726b5a9de4b1bcdcab66e2c35c10701ec72c19e257773aa6040a68c5d1e8b,True,,0.0,1.25,1.185966,1.185966
2026-09-14T11:00,2026-09-23,2026-09-23-35878547663,ai,52e46e8371e1f69996c0f8fdcd7f1aabc16e63bd6bcc1139e79b18fa15fc40d2,True,,0.0,1.25,2.1,2.1
2026-09-14T11:00,2026-09-23,2026-09-23-35878547663,ai,29470b428b796cd288b13fb5382230f142a0172c2be3d6812b5027b75221aa85,True,,0.0,1.25,2.099269,2.099269
2026-09-14T11:00,2026-09-23,2026-09-23-35878547663,ai,bf57ce3f2e77f3951dbe6d0357091a22d11eb8b9b867ae8b5deb7f97e88d1a97,True,,0.0,1.25,2.060749,2.060749
2026-09-14T11:00,2026-09-23,2026-09-23-35878547663,ai,2b9431d7d0430deb716da45cbfc48029bb71ab3c7d7320b9385e79a160e72c9e,True,,0.0,1.25,2.057132,2.057132
2026-09-14T11:00,2026-09-23,2026-09-23-35878547663,ai,9328fa400dd37e6b9e773781e78a2a50934d49d24282a5ac7e2d36068da55aca,True,,0.0,1.25,2.054658,2.054658
2026-09-14T11:00,2026-09-23,2026-09-23-35878547663,ai,cd6cd8f5977a4eb0ff4fe68d338f0b70b669dce403f31f701723a052cfda0dcd,True,,0.0,1.25,1.634259,1.634259
2026-09-14T11:00,2026-09-23,2026-09-23-35878547663,ai,f10d1c69c4f9d5eba4439475af53dfa85afdca254c7394966a7599114b0f52ec,True,,0.0,1.25,1.578286,1.578286
2026-09-14T11:00,2026-09-23,2026-09-23-35878547663,ai,90f6d0072d1d6af08876c3eb8f632dc9fc8c686f618726afb2351371f9b44dfa,True,,0.0,1.25,1.561595,1.561595
2026-09-14T11:00,2026-09-23,2026-09-23-35878547663,ai,e7750781781aa69488b3a15427eacbd17baa8ca038bc3d0bc5cc8928fb4309be,True,,0.0,1.25,1.552881,1.552881
2026-09-14T11:00,2026-09-23,2026-09-23-35878547663,ai,cd6fc3a2e5046d56a55c53481a9e116f4ff81fe20e8204f959aab9ef09bdfe43,False,,0.0,1.25,1.550367,1.550367
2026-09-14T11:00,2026-09-23,2026-09-23-35878547663,ai,24c46df0264dab056cd78c511cea689736e41b8fced506a322653de6b5f0fe80,False,,0.0,1.25,1.510237,1.510237
2026-09-14T11:00,2026-09-23,2026-09-23-35878547663,ai,1cf29c3992f7ef345d732f5b45640ba97607e8aa3e697c6f64a22eaca430042b,False,,0.0,1.25,1.484721,1.484721
2026-09-14T11:00,2026-09-23,2026-09-23-35878547663,ai,3bd1b7781e389e3c13085bfcb6fe2994bdadda472e7ccb7666f0f05956dc040c,False,,0.0,1.25,1.48162,1.48162
2026-09-14T11:00,2026-09-23,2026-09-23-35878547663,ai,9d536bf68945c86521eabceb2724f7a5987fd704ab11a846f9f9f4a39fd7278b,True,,0.0,1.25,1.475477,1.475477
2026-09-14T11:00,2026-09-23,2026-09-23-35878547663,ai,9275ea959aa9b566103bbc75cb1f9e0fbe68c5d6a061f5316aeeaa7733694fdf,True,,0.0,1.25,1.475477,1.475477
2026-09-14T11:00,2026-09-23,2026-09-23-35878547663,ai,168671d8e1392054a8d44377a8842194886b92de3b1f38d456d8c4e6d0c04139,False,,0.0,1.25,1.473954,1.473954
2026-09-14T11:00,2026-09-23,2026-09-23-35878547663,ai,912f56a36453d77045227b1602a8f098cdf82487077969e83c6985df7de76e39,False,,0.0,1.25,1.469413,1.469413
2026-09-14T11:00,2026-09-23,2026-09-23-35878547663,ai,a30e44f13983cc452309884e17fa2a840c4d852e7254d133ce15bacafeb984a2,False,,0.0,1.25,1.392202,1.392202
2026-09-14T11:00,2026-09-23,2026-09-23-35878547663,ai,5cfdc4cd802494ebe23c6837222779722cce4b75d46499b9ef5328005ecc882c,False,,0.0,1.25,1.36313,1.36313
2026-09-14T11:00,2026-09-23,2026-09-23-35878547663,ai,ba0e6a8ec93f8a94515dc09f9d8488d1be9c748ed24402a17cf5cac414e4f39e,False,,0.0,1.25,1.338378,1.338378
2026-09-14T11:00,2026-09-23,2026-09-23-35878547663,ai,dfda4e8e8b3232ba071524ba31ca2e676b9d54051efe85e6f54f837caa5ce395,False,,0.0,1.25,1.299532,1.299532
2026-09-14T11:00,2026-09-23,2026-09-23-35878547663,ai,db62930227e4365abb6787ea735f4bbda6c5fdb2a4bdc7c451c21b21ed0354ae,False,,0.0,1.25,1.299532,1.299532
2026-09-14T11:00,2026-09-23,2026-09-23-35878547663,ai,49162bb86731ee56737e1604127d7bffdd87e568ba85bfea5a153a97f1c1ff64,False,,0.0,1.25,1.299532,1.299532
2026-09-14T11:00,2026-09-23,2026-09-23-35878547663,ai,77ae76fcbb937c33c79a89b3ac2290cbf0be9db10b7d6ba5a766f0f4b2b2d8e7,False,,0.0,1.25,1.299532,1.299532
2026-09-14T11:00,2026-09-23,2026-09-23-35878547663,ai,3d7df4b7f51b0194b082759be92bb1cb3f7c63c55f2fbad635ec9b056d74e155,False,,0.0,1.25,1.299532,1.299532
2026-09-14T11:00,2026-09-23,2026-09-23-35878547663,ai,268d1fdd81724aef297c165918b4375c171be5c93fd0387a7898f97134888c00,False,,0.0,1.25,1.295478,1.295478
2026-09-14T11:00,2026-09-23,2026-09-23-35878547663,ai,c6bb78b9edc966d0e99b6fd5a7d3c81edfd0502c29fcd18373b63788cb201bdc,False,,0.0,1.25,1.288217,1.288217
2026-09-14T11:00,2026-09-23,2026-09-23-35878547663,ai,0e4d204ec0cc3a4bd089f52d8fa2f2975f29963b180c6bf3dd5ffec18fd86745,False,,0.0,1.25,1.241584,1.241584
2026-09-14T11:00,2026-09-23,2026-09-23-35878547663,ai,2a446226bb54bf66761221c188b438fc307f3ddb37f20d753b51e619f2d77ff4,True,,0.0,1.25,1.199397,1.199397
2026-09-14T11:00,2026-09-23,2026-09-23-35878547663,ai,b404c956d8d6a195311b09f27859e81fa38bbd4e5622b29028067842390285fb,True,,0.0,1.25,1.189692,1.189692
2026-09-14T11:00,2026-09-23,2026-09-23-35878547663,ai,f09ddd8258058fa449d1c20eb3881646decb1c4d257f34121ede755d0575ffca,True,,0.0,1.25,1.18764,1.18764
2026-09-14T11:00,2026-09-23,2026-09-23-35878547663,ai,dedd20cb4e6c17ac04c03ad652b35cf442e9f0b0b428ba3b4860890489527ed3,True,,0.0,1.25,1.18764,1.18764
2026-09-14T11:00,2026-09-23,2026-09-23-35878547663,ai,baa20b51d4c000edd305ca47c5da933c4f75ba73a24c7af793b312e1870baf1d,True,,0.0,1.25,1.18764,1.18764
2026-09-14T11:00,2026-09-23,2026-09-23-35878547663,ai,e14978ff9b482fd8728feaedf11b44be9fd9c05cd2edc4b224d47bddd0f9b91d,False,,0.0,1.25,1.18764,1.18764
2026-09-14T11:00,2026-09-23,2026-09-23-35878547663,ai,7f05d0e88a04eb4c3e4b31b0853bd9440ba7494ff1bcb223cd8275fcc5b765ea,False,,0.0,1.25,1.176871,1.176871
2026-09-14T11:00,2026-09-23,2026-09-23-35878547663,ai,dcce20a8c56d15e1e8ec07c0c806f5cafb3b61753646fece1e730ed3be3b0591,False,,0.0,1.25,1.176433,1.176433
2026-09-14T11:00,2026-09-23,2026-09-23-35878547663,energy,a6eea94b84a2d37e8e0a2b08f4b674fb654fd9dbb8ed4c3ccfaea5a8b122c9ab,True,,0.0,1.25,1.682109,1.682109
2026-09-14T11:00,2026-09-23,2026-09-23-35878547663,energy,996d954e2c15cfdc8ce03b43af1a7d4c713e8d25ee283528470ca1fc807f2aff,True,,0.0,1.25,1.649649,1.649649
2026-09-14T11:00,2026-09-23,2026-09-23-35878547663,energy,ecf46d5ba0065acae673f6087e8092e726d02532424287b6f10a420c78d82e21,True,trade,0.3,1.25,1.499064,1.574064
2026-09-14T11:00,2026-09-23,2026-09-23-35878547663,energy,6ade4be8b87ff80e68d6eb00c477ea512fbdd8c2138a42b45ca2315a7a5c346c,True,,0.0,1.25,1.194086,1.194086
2026-09-14T11:00,2026-09-23,2026-09-23-35878547663,energy,2e709dd35ac87f8dac6426c1b3872788ec9be75b234b5ab759d12f8ac30cd8e4,True,,0.0,1.25,1.193324,1.193324
2026-09-14T11:00,2026-09-23,2026-09-23-35878547663,energy,6d81d124a78b2d64808e5ea198cf560e4a07f34380ce4d61e5c01088cabe7c24,False,,0.0,1.25,1.18764,1.18764
2026-09-14T11:00,2026-09-23,2026-09-23-35878547663,energy,1e31ac44d85743005106ccb27aa6b34b231c6d3b60573959fb93367e61cf9ef1,True,,0.0,1.25,1.182938,1.182938
2026-09-14T11:00,2026-09-23,2026-09-23-35878547663,energy,ef7345cb2692f8da45b00588f399051df43201aeb5cfa2306022c7885fcbe89d,False,,0.0,1.25,1.176649,1.176649
2026-09-14T11:00,2026-09-23,2026-09-23-35878547663,energy,d5f86e1f1fa3cf0a13f3d84385e2fbfc5039269fc2f385213a7b2a1c5151016e,False,,0.0,1.25,1.176458,1.176458
2026-09-14T11:00,2026-09-23,2026-09-23-35878547663,energy,65c0eac36f91d05e86db4ce63960e31a59d3ab62d8616ddb4e8acac0337e6919,False,,0.0,1.25,1.176433,1.176433
2026-09-14T11:00,2026-09-23,2026-09-23-35878547663,energy,47e85995229a1b60ea7000343442f03d1618e665236084c1fcb6897c88a5b691,False,,0.0,1.25,1.164631,1.164631
2026-09-14T11:00,2026-09-23,2026-09-23-35878547663,energy,ade1dc78c953c9187fc6e56cabd31844ecf64dab3fa7bf9878e43a407cc8f715,False,,0.0,1.25,1.160023,1.160023
2026-09-14T11:00,2026-09-23,2026-09-23-35878547663,energy,5890dd5b2beea2551841b271f6bd38c28517c1721d25f3ac80be35e560c7c990,False,,0.0,1.25,1.154658,1.154658
2026-09-14T11:00,2026-09-23,2026-09-23-35878547663,energy,d32da7c12428f3b668627a78fcbbb0a6fc7e05ee5d90dc18ec584f6ea0a8999c,False,,0.0,1.25,1.154658,1.154658
2026-09-14T11:00,2026-09-23,2026-09-23-35878547663,energy,aa8b87c5b6d330742b4c728b90ba2a9937732b38ef104d7ee023874b6d936e4e,False,,0.0,1.25,1.154658,1.154658
2026-09-14T11:00,2026-09-23,2026-09-23-35878547663,energy,ed5020ce915af772eb3d00f9cf89852e050072670f27ab78007b1223fe25ddfc,False,,0.0,1.25,1.153177,1.153177
2026-09-14T11:00,2026-09-23,2026-09-23-35878547663,energy,c76a0cb29f4bf65792334500b569d54264b970bf2aabd81b9a2765adc47dcbf3,False,,0.0,1.25,1.145876,1.145876
2026-09-14T11:00,2026-09-23,2026-09-23-35878547663,energy,2b14a2f88b3217adfe88d4d8292e831734896b13188afd0e8093dc3f566402e0,False,,0.0,1.25,1.14243,1.14243
2026-09-14T11:00,2026-09-23,2026-09-23-35878547663,energy,871c5ac216c150bdc575a5013a5efca9f63db554aeeb54985eede7017c9d9fe3,False,,0.0,1.25,1.139831,1.139831
2026-09-14T11:00,2026-09-23,2026-09-23-35878547663,energy,100f12f2596c93cbfd56aa929c9f38bbd827dfb88c04e0e9cbf81906ed0778aa,False,,0.0,1.25,1.133728,1.133728
2026-09-14T11:00,2026-09-23,2026-09-23-35878547663,energy,375096b77492cb3c1dfd2a81a3ef9a572d6841eb525e9f385bcb105ebfd6dec6,False,,0.0,1.25,1.133705,1.133705
2026-09-14T11:00,2026-09-23,2026-09-23-35878547663,energy,d20eb35c4d4894ff40b79d51529caa4912bfb821b0a582cccb957c2085786ae0,False,,0.0,1.25,1.133705,1.133705
2026-09-14T11:00,2026-09-23,2026-09-23-35878547663,energy,05daaef6961f3d541eeb7367585c65f4f940e12f9a1d8bfb15e8a7f3c4c9e5e9,False,,0.0,1.25,1.133705,1.133705
2026-09-14T11:00,2026-09-23,2026-09-23-35878547663,energy,7d4d96291fbba45f0851d9b8b9f93e9484b66f2bd43816404ffe7d43620fe84d,False,,0.0,1.25,1.13273,1.13273
2026-09-14T11:00,2026-09-23,2026-09-23-35878547663,energy,0c3fd4f669c8609c6f134840cf35aeffe7a9c079120f09c84ad1fa3fc5dcf6ad,False,,0.0,1.25,1.11622,1.11622
2026-09-14T11:00,2026-09-23,2026-09-23-35878547663,energy,517a3ad054fd1480db4b4afa7a6907a09476d36d888e8b38e88c6095a9572cda,False,,0.0,1.25,1.105191,1.105191
2026-09-14T11:00,2026-09-23,2026-09-23-35878547663,business-economy,35c2377bb6a10621178d7a0317b75c2afe1126595383a18cd2b51c3e46e02b3d,True,,0.0,1.25,1.691404,1.691404
2026-09-14T11:00,2026-09-23,2026-09-23-35878547663,business-economy,a20393b7162fbf7039c4adc8ee2a02cac58ff70c9dafd1fcf66d705f6084d2b2,True,,0.0,1.25,1.686823,1.686823
2026-09-14T11:00,2026-09-23,2026-09-23-35878547663,business-economy,999fa935c661cbc5e06527e800bac7e5bf33ccf39b2f5f3124b2a1e9b40312dd,True,,0.0,1.25,1.681841,1.681841
2026-09-14T11:00,2026-09-23,2026-09-23-35878547663,business-economy,019a5c3615df884d2d9351b1389e9f8a180be4a2bc986c5c1a0bae15f67eee05,False,,0.0,1.25,1.675558,1.675558
2026-09-14T11:00,2026-09-23,2026-09-23-35878547663,business-economy,2a61d55a3dcfa13a9e74410483d94b86370b3cf2edadc87f275f0916365624ed,True,,0.0,1.25,1.66789,1.66789
2026-09-14T11:00,2026-09-23,2026-09-23-35878547663,business-economy,8e92ab0b1458d1f27cffaf4ee07bcf90f6817bf068f253db7157abd5aaf3ed5e,True,,0.0,1.25,1.655679,1.655679
2026-09-14T11:00,2026-09-23,2026-09-23-35878547663,business-economy,747ad652a6e10f1f249814f9e69c9c7667ec8893efce1c7666e606d67970e419,False,,0.0,1.25,1.648616,1.648616
2026-09-14T11:00,2026-09-23,2026-09-23-35878547663,business-economy,72fad48802450c2c2707ac09211851a647f2504623ebe93be31e300aa099cdf9,False,,0.0,1.25,1.633728,1.633728
2026-09-14T11:00,2026-09-23,2026-09-23-35878547663,business-economy,2fbfac90ed82725131fa27c7224d1aafe505616159f31e5bf46fcb540d8c2f88,True,,0.0,1.25,1.61829,1.61829
2026-09-14T11:00,2026-09-23,2026-09-23-35878547663,business-economy,510ff5eb1e31f5cd86065516ab73750ef4f61cdc300e5a43ea7a2e7a046a6540,False,,0.0,1.25,1.60538,1.60538
2026-09-14T11:00,2026-09-23,2026-09-23-35878547663,business-economy,a5a69c346b3f254fdd13d367033326b6341791a2e053ed0b6729e882027593f8,False,,0.0,1.25,1.590379,1.590379
2026-09-14T11:00,2026-09-23,2026-09-23-35878547663,business-economy,5be3c7118203bb7ee81f0884a4b6d03d20cf230a69a6efaa2f395d27264681e4,True,,0.0,1.25,1.584397,1.584397
2026-09-14T11:00,2026-09-23,2026-09-23-35878547663,business-economy,fb89defb8202047600c59e284a4f9a441be704e7cd53b5bab9193a706eb6eefb,True,,0.0,1.25,1.578286,1.578286
2026-09-14T11:00,2026-09-23,2026-09-23-35878547663,business-economy,2cd5d91e72a72fca11a9c7fca98bd90aabb17330a6bf820a085e0c23b4596940,True,,0.0,1.25,1.55551,1.55551
2026-09-14T11:00,2026-09-23,2026-09-23-35878547663,business-economy,3a3b455d32a612c9dec66e0adb4fc43d21465cafb3b4f0186e54af4bdde3635b,False,,0.0,1.25,1.555487,1.555487
2026-09-14T11:00,2026-09-23,2026-09-23-35878547663,business-economy,01402de31605b2acdbd40627951689f8784a6216bcc632d8cb3fec0119fe2d08,False,chips,0.3,1.25,1.484461,1.559461
2026-09-14T11:00,2026-09-23,2026-09-23-35878547663,business-economy,5db9b4adb0a59075754732a94ea427dbb39cb379d7e6864e82bb5cefa6c5efc0,True,trade,0.3,1.25,1.440831,1.515831
2026-09-14T11:00,2026-09-23,2026-09-23-35878547663,business-economy,f047f5b286843304330dc8f6db37cd5545246c722261ba267c264196423f75c8,True,,0.0,1.25,1.372378,1.372378
2026-09-14T11:00,2026-09-23,2026-09-23-35878547663,business-economy,652e1dbd966c80a14053decbc06c89563ae09063b52349038a61f8257e8bd6e4,False,,0.0,1.25,1.196289,1.196289
2026-09-14T11:00,2026-09-23,2026-09-23-35878547663,business-economy,0f7cf4b59b4e7a2043510e289340b1abbc78765f266bfee44dcf9e4a17223cb1,False,,0.0,1.25,1.195231,1.195231
2026-09-14T11:00,2026-09-23,2026-09-23-35878547663,business-economy,f67d58b24653ae71a66912285e0f3a44115fc28e2999916facb28652d2ef8db6,False,,0.0,1.25,1.194105,1.194105
2026-09-14T11:00,2026-09-23,2026-09-23-35878547663,business-economy,fe7a7debe70466be00f200a65ec26cca79dcdab5c01ae2666d1281b2a7d081e6,False,,0.0,1.25,1.194099,1.194099
2026-09-14T11:00,2026-09-23,2026-09-23-35878547663,business-economy,834457d77815d7dae7a178513953bd6ce00c83a3edd75f09c02b6639f6bcdaea,False,,0.0,1.25,1.193686,1.193686
2026-09-14T11:00,2026-09-23,2026-09-23-35878547663,business-economy,b29ba59ec6f5ba76d6b493c759c9e8f21e14827a6b51d1f87c0ad389bb18e83a,False,,0.0,1.25,1.193635,1.193635
2026-09-14T11:00,2026-09-23,2026-09-23-35878547663,business-economy,6fc6c567f8c4375fec93f1cb65326e6923fe4faf9ea896f3ba2ea935b8dc1740,False,,0.0,1.25,1.193635,1.193635
2026-09-14T11:00,2026-09-23,2026-09-23-35878547663,business-economy,57253747159bea35ff302b3f9c5bc71190d29d7fab52ae4d4eedd6ea926718c3,False,,0.0,1.25,1.193553,1.193553
2026-09-14T11:00,2026-09-23,2026-09-23-35878547663,business-economy,b7700e7941b73a40d001b14956f694f5265036f007c0dab3be5c8c4ed36b6c54,False,,0.0,1.25,1.192943,1.192943
2026-09-14T11:00,2026-09-23,2026-09-23-35878547663,business-economy,e794990f5105e18d281192f890973a7977f659d59458a9abdd9269ede57f5189,False,,0.0,1.25,1.192785,1.192785
2026-09-14T11:00,2026-09-23,2026-09-23-35878547663,business-economy,243fa4c8f3f0aec25fd4e4a457eab1970b88d11c5c347e1cdebba396d4bd0bbe,False,,0.0,1.25,1.192766,1.192766
2026-09-14T11:00,2026-09-23,2026-09-23-35878547663,business-economy,ab0147248ff727d2869383985bdd8c0d47663bb3515927879bf3ebb40ae932ed,False,,0.0,1.25,1.191664,1.191664
2026-09-14T11:00,2026-09-23,2026-09-23-35878547663,business-economy,4142abc64f0232d64d33f65105bbaa7e03cfafc956ab85c3dd8d294d1da9715b,False,,0.0,1.25,1.191044,1.191044
2026-09-14T11:00,2026-09-23,2026-09-23-35878547663,business-economy,07735a1ef4111f6f4860943651f6eca09503ed0a098a0ba1fa3b321bb1c56198,True,,0.0,1.25,1.190841,1.190841
2026-09-14T11:00,2026-09-23,2026-09-23-35878547663,business-economy,64185477f196566a90959551ebace16d5e3aa3ef42f3732fc647eb360beda774,True,,0.0,1.25,1.190191,1.190191
2026-09-14T11:00,2026-09-23,2026-09-23-35878547663,business-economy,e509b2128c273e258f7d19bba0fbb4edf1c71eb3e832bd9dcbb8e012a047ccdc,True,,0.0,1.25,1.189718,1.189718
2026-09-14T11:00,2026-09-23,2026-09-23-35878547663,business-economy,5e0d61b1f3a229d406a0f0a5984d944a828946c6b54703ffe19f48c7fa330a84,True,,0.0,1.25,1.18796,1.18796
2026-09-14T11:00,2026-09-23,2026-09-23-35878547663,world,8e92ab0b1458d1f27cffaf4ee07bcf90f6817bf068f253db7157abd5aaf3ed5e,False,,0.0,1.25,1.655679,1.655679
2026-09-14T11:00,2026-09-23,2026-09-23-35878547663,world,cd6cd8f5977a4eb0ff4fe68d338f0b70b669dce403f31f701723a052cfda0dcd,False,,0.0,1.25,1.634259,1.634259
2026-09-14T11:00,2026-09-23,2026-09-23-35878547663,world,e6fe2b665fe6fa34d60bd4d42453cc75d14ce05f333957faea1d5df3c7287e73,True,trade,0.3,1.25,1.468749,1.543749
2026-09-14T11:00,2026-09-23,2026-09-23-35878547663,world,40820ab639b81e3c36c8c5c40c1ba380cc76d73e5ba1730f4a43a382d21a7c11,True,,0.0,1.25,1.440751,1.440751
2026-09-14T11:00,2026-09-23,2026-09-23-35878547663,world,c374b28c7f38cb9fdaca7e1232c0113714bb6496c3f1cfb083653f4726d8d6f2,True,,0.0,1.25,1.440068,1.440068
2026-09-14T11:00,2026-09-23,2026-09-23-35878547663,world,018901bae781db5135a638a428478f6eca022a944aa724907d68992ef76ffdad,False,,0.0,1.25,1.373839,1.373839
2026-09-14T11:00,2026-09-23,2026-09-23-35878547663,world,b7d4727b875c4a1fec0ddd5a0501f48c97b596e3bf6771250a1d00acc476ad3d,False,,0.0,1.25,1.373463,1.373463
2026-09-14T11:00,2026-09-23,2026-09-23-35878547663,world,3a24f6129f917c5bc16a44ada99a808a6548efaa5c16ac9dc82b16665597a7d0,True,,0.0,1.25,1.321281,1.321281
2026-09-14T11:00,2026-09-23,2026-09-23-35878547663,world,997082528f56c6c5d0bbd23cddf9fb8ede1be84527e892ff07cbfbec977db8f5,False,,0.0,1.25,1.321281,1.321281
2026-09-14T11:00,2026-09-23,2026-09-23-35878547663,world,1908ce02b206d5e97e6097a5bcc6a18dac76ff56ed05987d2c9b165789213e37,True,,0.0,1.25,1.321247,1.321247
2026-09-14T11:00,2026-09-23,2026-09-23-35878547663,world,b054e136ac67f683cc579bc5a9db94eded40078f2cefa4521b5fdfdf25502b1e,False,,0.0,1.25,1.321223,1.321223
2026-09-14T11:00,2026-09-23,2026-09-23-35878547663,world,402823bc0d390b2251f03206e9ad81cd61cb663b166ca8696fc9488b9c62ec23,False,,0.0,1.25,1.321223,1.321223
2026-09-14T11:00,2026-09-23,2026-09-23-35878547663,world,67394279d6f939d7ab2e6c57ea35fa46e454b2cb6826530f33c820139051a6b6,False,,0.0,1.25,1.242218,1.242218
2026-09-14T11:00,2026-09-23,2026-09-23-35878547663,world,4bed842ccfdfb43a33f7198137c38f5cc7316f9962c1dd685ae2463951bac862,False,,0.0,1.25,1.242065,1.242065
2026-09-14T11:00,2026-09-23,2026-09-23-35878547663,world,66d31631028bd04d82c2ace86538132df4c04586c53e5dde8348f53df4215471,True,,0.0,1.25,1.19747,1.19747
2026-09-14T11:00,2026-09-23,2026-09-23-35878547663,world,69cce8250e2c17bcf3ab8ff3ee0b432ca82a2fe43935b6d2e38c43f7f8806a8c,True,,0.0,1.25,1.19747,1.19747
2026-09-14T11:00,2026-09-23,2026-09-23-35878547663,world,8d044966a622b34ac0e7ffe88eac388d72e7decf9f6c181a4b30eb53a7ac0951,True,,0.0,1.25,1.197253,1.197253
2026-09-14T11:00,2026-09-23,2026-09-23-35878547663,world,c395b26241411170a648eb1674cfb080fbb0b578766e88db802deb7a4445e27d,True,,0.0,1.25,1.196978,1.196978
2026-09-14T11:00,2026-09-23,2026-09-23-35878547663,world,2ed86e765842802959a497ffc431e2087dac80d5e9ff484598cbe50f2d0e13c0,True,,0.0,1.25,1.194822,1.194822
2026-09-14T11:00,2026-09-23,2026-09-23-35878547663,world,27b35ab2e4e36e8cedd7d64f45f1b5c40a08ee59dc752ae1381c944c1d0e0c36,True,,0.0,1.25,1.194557,1.194557
2026-09-14T11:00,2026-09-23,2026-09-23-35878547663,world,ee71b5c24bee39609744a7e867ada2f2b32522b81ca7e85beff6cdce63c0cfd1,False,,0.0,1.25,1.194468,1.194468
2026-09-14T11:00,2026-09-23,2026-09-23-35878547663,world,a6129d6d0dfe2c3ddd576064db1fa59883b8dbee19abe149f2afcdca5a5607d5,True,,0.0,1.25,1.193667,1.193667
2026-09-14T11:00,2026-09-23,2026-09-23-35878547663,world,34f5a5d428e315c34013f6f611ef755c4ebb6ac6f30e07c921391248050e4c2e,True,,0.0,1.25,1.191518,1.191518
2026-09-14T11:00,2026-09-23,2026-09-23-35878547663,world,64185477f196566a90959551ebace16d5e3aa3ef42f3732fc647eb360beda774,False,,0.0,1.25,1.190191,1.190191
2026-09-14T11:00,2026-09-23,2026-09-23-35878547663,world,ed6d3531b24a32e33c238c9be7e6fbfc9d3248e1bf9026a5960896bd7e2ac328,False,,0.0,1.25,1.1888,1.1888
2026-09-14T11:00,2026-09-23,2026-09-23-35878547663,world,c6e76c4279cfa8647775bee0a8dcdc97c8d25bfe52220d63886de458243100ab,False,,0.0,1.25,1.188659,1.188659
2026-09-14T11:00,2026-09-23,2026-09-23-35878547663,world,5e0d61b1f3a229d406a0f0a5984d944a828946c6b54703ffe19f48c7fa330a84,False,,0.0,1.25,1.18796,1.18796
2026-09-14T11:00,2026-09-23,2026-09-23-35878547663,world,b50cf6ffd0aee6e8ad0216356b3ed990e5ce40cd83538ad8fecd04af4acbe071,True,,0.0,1.25,1.187489,1.187489
2026-09-14T11:00,2026-09-23,2026-09-23-35878547663,world,99d40edbaca3e239ac7311e68abe0a74cb8c9e4467108f4e8c171f19846477b2,False,,0.0,1.25,1.185613,1.185613
2026-09-14T11:00,2026-09-23,2026-09-23-35878547663,world,1b462f6aa79dcc50ed722a48440c91abc82a299ec29263b21670cc604f206429,False,,0.0,1.25,1.184954,1.184954
2026-09-14T11:00,2026-09-23,2026-09-23-35878547663,world,fba8d6cf0ff876c1ea55ddf767f516ee086653e1b31013fabb5593753262691a,True,,0.0,1.25,1.183993,1.183993
2026-09-14T11:00,2026-09-23,2026-09-23-35878547663,world,344116807b179c285c69000e31623f4d487da371ef58dea2f0053a1cdb6fd142,False,,0.0,1.25,1.18368,1.18368
2026-09-14T11:00,2026-09-23,2026-09-23-35878547663,world,f174a0b0494c2338ad65ea6818567f3fb8c704440819969b0983f876964ab0c0,False,,0.0,1.25,1.183063,1.183063
2026-09-14T11:00,2026-09-23,2026-09-23-35878547663,world,e39049fc912aaaf4daa077380d780b69450214a9b2c2afbf9959da533be3e00c,False,,0.0,1.25,1.182558,1.182558
2026-09-14T11:00,2026-09-23,2026-09-23-35878547663,world,acff11d9b312dbbad81397c59d5afb483e1c3fc4305d7fd579d693d8d966a194,False,,0.0,1.25,1.180957,1.180957
2026-09-14T11:00,2026-09-23,2026-09-23-35878547663,world,a4def21478c756f9b298fead760080b144f74dc85c64db681ea88102e60afe1e,True,,0.0,1.25,1.179866,1.179866
2026-09-14T11:00,2026-09-23,2026-09-23-35878547663,india,dc6c31d606398fd8440beef833a8b272840b2db8f1d834705903f0129a43fc43,True,trade,0.3,1.25,1.931881,2.006881
2026-09-14T11:00,2026-09-23,2026-09-23-35878547663,india,479074fd1b53f590018b42bf590481f56a30c8b808f7d7a5e9fdb0841709b339,True,,0.0,1.25,1.69422,1.69422
2026-09-14T11:00,2026-09-23,2026-09-23-35878547663,india,006b7569a5f3ed6cb3d175ad657fcb45d2a9a2cfa5c4054bd42649cd031e7b0d,True,,0.0,1.25,1.692956,1.692956
2026-09-14T11:00,2026-09-23,2026-09-23-35878547663,india,258060b6aeac8e24700a39be21fe3b6d96e591c063475988b1ea1f5d7ec91f50,True,,0.0,1.25,1.692886,1.692886
2026-09-14T11:00,2026-09-23,2026-09-23-35878547663,india,7a75070099fa7fb870b8448350ca9707e2a1c9f7dbd42b9d30ff80881f81f4dd,False,,0.0,1.25,1.688237,1.688237
2026-09-14T11:00,2026-09-23,2026-09-23-35878547663,india,444e814afd92e8bb9f5a64626e5fee8cb26a35208d477411da2fe0abffa87828,True,,0.0,1.25,1.682122,1.682122
2026-09-14T11:00,2026-09-23,2026-09-23-35878547663,india,a0848c912c503182973a18e9895f9abbe95d76855d7dd595b60c4290176d707b,True,,0.0,1.25,1.678237,1.678237
2026-09-14T11:00,2026-09-23,2026-09-23-35878547663,india,b6cce111bca6038358fa8e036e3bbe3dca2de9a76f0b5c8f7d919a88af72ffcb,False,,0.0,1.25,1.676989,1.676989
2026-09-14T11:00,2026-09-23,2026-09-23-35878547663,india,b61f60cc97528f6cb4afda96aadc2e260ab61c0125698769f9c7aed6fdb561b5,False,,0.0,1.25,1.667046,1.667046
2026-09-14T11:00,2026-09-23,2026-09-23-35878547663,india,84e671e29861a2940855bbd433015a888308176bce7a7dc3e2f27386b2381b1c,True,,0.0,1.25,1.663671,1.663671
2026-09-14T11:00,2026-09-23,2026-09-23-35878547663,india,071b7398011b4b179f9f30d0e3c03c97adcb0773fb82e46805291e4836fab82c,False,,0.0,1.25,1.661367,1.661367
2026-09-14T11:00,2026-09-23,2026-09-23-35878547663,india,a131d0d2b2ce6b4720a9812a17dab25be567bb02a626063005ab9cdf44fedb0e,False,,0.0,1.25,1.656024,1.656024
2026-09-14T11:00,2026-09-23,2026-09-23-35878547663,india,ca9b14dc50a04b738c40c9f58add286ff60087bad54d8b892fe4da91d75ab223,False,,0.0,1.25,1.627112,1.627112
2026-09-14T11:00,2026-09-23,2026-09-23-35878547663,india,c2f98b1a1087ce405c4caa233d2ee5a1eb0f1e38d17852476b8f31a09f5866fe,False,,0.0,1.25,1.623527,1.623527
2026-09-14T11:00,2026-09-23,2026-09-23-35878547663,india,ede464736ea6f5ea269740be8a3c0819b20669ba5960cd4469f0fddf3d0e25ef,True,,0.0,1.25,1.44772,1.44772
2026-09-14T11:00,2026-09-23,2026-09-23-35878547663,india,db6782474b4e5eb015aa54d4d9cea1110ae0b042fa3645bfa66fef272a81e4fa,True,,0.0,1.25,1.447317,1.447317
2026-09-14T11:00,2026-09-23,2026-09-23-35878547663,india,de08a984286d89876e05b7b4749541b41cbbe6b851e523bc6b3f669673a52a81,False,,0.0,1.25,1.446959,1.446959
2026-09-14T11:00,2026-09-23,2026-09-23-35878547663,india,70a441f0be175188fce19b32989c78028078aec4fa07e330830f4f2be9b50f2c,False,,0.0,1.25,1.446544,1.446544
2026-09-14T11:00,2026-09-23,2026-09-23-35878547663,india,0b018888aa615a804f4e0b6272f33ebd649c1f17a4e7f2970334792fe5d7baa9,False,,0.0,1.25,1.446493,1.446493
2026-09-14T11:00,2026-09-23,2026-09-23-35878547663,india,8e3da070ce94215766f654c96f982870ac9e2863c0511d7bb9d9a074f378d13e,False,,0.0,1.25,1.446359,1.446359
2026-09-14T11:00,2026-09-23,2026-09-23-35878547663,india,f6abd154b0a09c0cea787399f2ec96224820fec0a12ac2423469f1f2a52dec7b,False,,0.0,1.25,1.445715,1.445715
2026-09-14T11:00,2026-09-23,2026-09-23-35878547663,india,458d426a45b472a7ffcf27eab91acab842ce7dd5f6c3486480d1ffe5de1d5527,False,,0.0,1.25,1.444932,1.444932
2026-09-14T11:00,2026-09-23,2026-09-23-35878547663,india,8d6069eca0541b8161f94ebb43cb57f4216d81fff206e83524ca81ed04f9ccbd,False,,0.0,1.25,1.444907,1.444907
2026-09-14T11:00,2026-09-23,2026-09-23-35878547663,india,ea7c53f96dac565a3b15d3cfc34df6024039275623852c66129025358b80fff4,False,,0.0,1.25,1.444894,1.444894
2026-09-14T11:00,2026-09-23,2026-09-23-35878547663,india,ae6fb4954d5bc5187521bfba3081b5c755c7a6f13d6abc61c77ed5943ddc7dde,False,,0.0,1.25,1.444881,1.444881
2026-09-14T11:00,2026-09-23,2026-09-23-35878547663,india,27b5e35947d39abaf67fa2fc636a4418cfbf59459c58a74aa5893682417ad5bf,False,,0.0,1.25,1.444773,1.444773
2026-09-14T11:00,2026-09-23,2026-09-23-35878547663,india,f59963c6ed0fb5bbd296b3ea73f38eb02abfbd423e3da531f314cb8ebcc5e790,False,,0.0,1.25,1.444728,1.444728
2026-09-14T11:00,2026-09-23,2026-09-23-35878547663,india,23c738ff8b6aba51b40601619c3fc7d7f1fe1e673c8b7dc3fe0de977b922b89c,False,,0.0,1.25,1.444449,1.444449
2026-09-14T11:00,2026-09-23,2026-09-23-35878547663,india,2e75371fc683c75b9a70ea432c640413e782f16ad836079663d5c59ebb859001,False,,0.0,1.25,1.44422,1.44422
2026-09-14T11:00,2026-09-23,2026-09-23-35878547663,india,34a0414161095757dd9b0d2562fd68a51e80cd0031db028f80c39cff3bda1ae0,True,,0.0,1.25,1.44057,1.44057
2026-09-14T11:00,2026-09-23,2026-09-23-35878547663,india,f6c98351cbbe8081e1a237cc7b738461e2bc8089a1e1af5925877a238aaf1513,True,,0.0,1.25,1.425478,1.425478
2026-09-14T11:00,2026-09-23,2026-09-23-35878547663,india,adc72b6ea7456b3f4e694a61405c3083ae5bcb4ef357245d848d8f5755251142,True,,0.0,1.25,1.359626,1.359626
2026-09-14T11:00,2026-09-23,2026-09-23-35878547663,india,170da50b49e3c5b91200899779b4b6194849c799de0af66437176a792e5dcdae,True,,0.0,1.25,1.272132,1.272132
2026-09-14T11:00,2026-09-23,2026-09-23-35878547663,india,b81e38d97865ab97199c3530b6ee522550b66939f6862bc8a848c9cbda663b1f,True,,0.0,1.25,1.199968,1.199968
2026-09-14T11:00,2026-09-23,2026-09-23-35878547663,india,a621db0306941259cd19f02f156d51439f87b5a74efec042ba23f4c7b2ce28c7,True,,0.0,1.25,1.199012,1.199012
2026-09-14T11:00,2026-09-23,2026-09-23-35878547663,india,8e92de4264a0b843eee4f2312cc12ba06278035fcb7e010a945c9a6b03aeba1c,True,,0.0,1.25,1.198167,1.198167
2026-09-14T11:00,2026-09-23,2026-09-23-35878547663,india,f98121af5dc466d3a1cab9640d2dcd4f4d9989c633c6e404233978310db367c9,True,,0.0,1.25,1.197509,1.197509
2026-09-14T11:00,2026-09-23,2026-09-23-35878547663,india,d619e2f606d08dad37cf4edc99a10585ac4771b6b8f304ba8ee2e1dd0236b407,True,,0.0,1.25,1.193935,1.193935
2026-09-14T11:00,2026-09-23,2026-09-23-35878547663,india,5ce39516472672f1f881d74cde099157651f7691a20739968ac516d4e79309cd,True,,0.0,1.25,1.192709,1.192709
2026-09-14T11:00,2026-09-23,2026-09-23-35878547663,india,82a50ec68b48246da9a8790c04172a16b31195e9d8718432abbbf9be593f5058,True,,0.0,1.25,1.192297,1.192297
2026-09-14T11:00,2026-09-23,2026-09-23-35878547663,india,a8fbda5e5b724a38d27c722152a9cb0d524ce2f984c0722bc205dd018f69b2b5,True,,0.0,1.25,1.192151,1.192151
2026-09-14T11:00,2026-09-23,2026-09-23-35878547663,india,c0d30f95001c1b57ce9625301a2eef1fec825c97b2202b262cf34c01c98c7162,True,,0.0,1.25,1.191436,1.191436
2026-09-14T11:00,2026-09-23,2026-09-23-35878547663,india,6b9e93545381e18c42e2f15284cff28b339295470fc8450abc59fe53e3b30a1e,True,,0.0,1.25,1.190134,1.190134
2026-09-14T11:00,2026-09-23,2026-09-23-35878547663,india,7bfe26d2a9fd520bfab3fcf7009f8feb334154b40a8e0ef482e01bb0b94548d5,True,,0.0,1.25,1.189598,1.189598
2026-09-14T11:00,2026-09-23,2026-09-23-35878547663,india,5521e8e5859b065598240a32a7e0042910c7eeeaac0a9bf0da56335c04649944,True,,0.0,1.25,1.187545,1.187545
2026-09-14T11:00,2026-09-23,2026-09-23-35878547663,india,1dadd99921ca8d84e09e0b5f1b7543d59c0d59359c9c9bec4b17a08c344e9dda,True,,0.0,1.25,1.183367,1.183367
2026-09-14T11:00,2026-09-23,2026-09-23-35878547663,india,4a4b6405838b29c304bfd336e97c4c5e37a6f41ba5fae49e3caa3adcd4051179,True,,0.0,1.25,1.179835,1.179835
2026-09-14T11:00,2026-09-23,2026-09-23-35902399159,ai,4e56c7312349a760a0edf744bd151f1352583693dfaa6156b9b09ca8e15ad634,True,,0.0,1.25,2.1,2.1
2026-09-14T11:00,2026-09-23,2026-09-23-35902399159,ai,8772414765b134fe3b8873daf43a31b101922bac916843adc16c2c5fdd271500,True,,0.0,1.25,2.089346,2.089346
2026-09-14T11:00,2026-09-23,2026-09-23-35902399159,ai,721de6922a1a6b9fd6bd57fa34562f9aeea663205ca74e2ce3b1bd45fa3a35b7,True,,0.0,1.25,2.033619,2.033619
2026-09-14T11:00,2026-09-23,2026-09-23-35902399159,ai,bf57ce3f2e77f3951dbe6d0357091a22d11eb8b9b867ae8b5deb7f97e88d1a97,True,,0.0,1.25,1.991466,1.991466
2026-09-14T11:00,2026-09-23,2026-09-23-35902399159,ai,79085ef44f065f74178efa326f1b2ca919f045fddeab6c0c49ef53eb646ff869,True,,0.0,1.25,1.677221,1.677221
2026-09-14T11:00,2026-09-23,2026-09-23-35902399159,ai,4cb1dc983c74e0d66538b5b36f6a0a1aa76540b6d72faeb1859e6fcf44e1dc1a,True,,0.0,1.25,1.667082,1.667082
2026-09-14T11:00,2026-09-23,2026-09-23-35902399159,ai,a7e588950be90f90f6fbc03c59810337a9ce6dab4ba5f14a3786ab09cf7d424a,True,,0.0,1.25,1.599192,1.599192
2026-09-14T11:00,2026-09-23,2026-09-23-35902399159,ai,3d775ab27528f576b4732ccc724a612435c920171a09ae3576c9c018caecdb8c,True,,0.0,1.25,1.546221,1.546221
2026-09-14T11:00,2026-09-23,2026-09-23-35902399159,ai,1043d9fe80283e6f409b90e0f5f76b98d960cc337ee42f5d79ea8cfadd9a93c0,True,,0.0,1.25,1.545993,1.545993
2026-09-14T11:00,2026-09-23,2026-09-23-35902399159,ai,dacd7422e86ef85a086815a2a3ab11cd4a4b499d74540dd2918b54423ab50447,True,,0.0,1.25,1.54566,1.54566
2026-09-14T11:00,2026-09-23,2026-09-23-35902399159,ai,6a2529e460a50f0d3e5ba0ad2a3a596dadfa275802f78746d563536faedc3c71,True,,0.0,1.25,1.536039,1.536039
2026-09-14T11:00,2026-09-23,2026-09-23-35902399159,ai,8348f8f60db16b79faa19abbe351146681ab0e61c9d80646b36479be9e200839,True,,0.0,1.25,1.535254,1.535254
2026-09-14T11:00,2026-09-23,2026-09-23-35902399159,ai,e777ba13c412824dd5e037ba4127af9583e62eba9a1f8c3925a1fe78c20f612f,True,,0.0,1.25,1.501095,1.501095
2026-09-14T11:00,2026-09-23,2026-09-23-35902399159,ai,cd6fc3a2e5046d56a55c53481a9e116f4ff81fe20e8204f959aab9ef09bdfe43,True,,0.0,1.25,1.482367,1.482367
2026-09-14T11:00,2026-09-23,2026-09-23-35902399159,ai,29b93962c50fa1a28e8c6044c72e833d41d41fb2c7d03c1d0f2087a59a91c1a3,True,,0.0,1.25,1.473781,1.473781
2026-09-14T11:00,2026-09-23,2026-09-23-35902399159,ai,24c46df0264dab056cd78c511cea689736e41b8fced506a322653de6b5f0fe80,True,,0.0,1.25,1.447195,1.447195
2026-09-14T11:00,2026-09-23,2026-09-23-35902399159,ai,1cf29c3992f7ef345d732f5b45640ba97607e8aa3e697c6f64a22eaca430042b,False,,0.0,1.25,1.424832,1.424832
2026-09-14T11:00,2026-09-23,2026-09-23-35902399159,ai,3bd1b7781e389e3c13085bfcb6fe2994bdadda472e7ccb7666f0f05956dc040c,False,,0.0,1.25,1.422114,1.422114
2026-09-14T11:00,2026-09-23,2026-09-23-35902399159,ai,168671d8e1392054a8d44377a8842194886b92de3b1f38d456d8c4e6d0c04139,False,,0.0,1.25,1.415395,1.415395
2026-09-14T11:00,2026-09-23,2026-09-23-35902399159,ai,912f56a36453d77045227b1602a8f098cdf82487077969e83c6985df7de76e39,False,,0.0,1.25,1.411415,1.411415
2026-09-14T11:00,2026-09-23,2026-09-23-35902399159,ai,a30e44f13983cc452309884e17fa2a840c4d852e7254d133ce15bacafeb984a2,True,,0.0,1.25,1.343744,1.343744
2026-09-14T11:00,2026-09-23,2026-09-23-35902399159,ai,5cfdc4cd802494ebe23c6837222779722cce4b75d46499b9ef5328005ecc882c,False,,0.0,1.25,1.318264,1.318264
2026-09-14T11:00,2026-09-23,2026-09-23-35902399159,ai,ba0e6a8ec93f8a94515dc09f9d8488d1be9c748ed24402a17cf5cac414e4f39e,False,,0.0,1.25,1.29657,1.29657
2026-09-14T11:00,2026-09-23,2026-09-23-35902399159,ai,dfda4e8e8b3232ba071524ba31ca2e676b9d54051efe85e6f54f837caa5ce395,True,,0.0,1.25,1.262524,1.262524
2026-09-14T11:00,2026-09-23,2026-09-23-35902399159,ai,db62930227e4365abb6787ea735f4bbda6c5fdb2a4bdc7c451c21b21ed0354ae,False,,0.0,1.25,1.262524,1.262524
2026-09-14T11:00,2026-09-23,2026-09-23-35902399159,ai,49162bb86731ee56737e1604127d7bffdd87e568ba85bfea5a153a97f1c1ff64,False,,0.0,1.25,1.262524,1.262524
2026-09-14T11:00,2026-09-23,2026-09-23-35902399159,ai,77ae76fcbb937c33c79a89b3ac2290cbf0be9db10b7d6ba5a766f0f4b2b2d8e7,False,,0.0,1.25,1.262524,1.262524
2026-09-14T11:00,2026-09-23,2026-09-23-35902399159,ai,3d7df4b7f51b0194b082759be92bb1cb3f7c63c55f2fbad635ec9b056d74e155,False,,0.0,1.25,1.262524,1.262524
2026-09-14T11:00,2026-09-23,2026-09-23-35902399159,ai,268d1fdd81724aef297c165918b4375c171be5c93fd0387a7898f97134888c00,False,,0.0,1.25,1.25897,1.25897
2026-09-14T11:00,2026-09-23,2026-09-23-35902399159,ai,c6bb78b9edc966d0e99b6fd5a7d3c81edfd0502c29fcd18373b63788cb201bdc,False,,0.0,1.25,1.252606,1.252606
2026-09-14T11:00,2026-09-23,2026-09-23-35902399159,ai,2189b0ba93a6b30b50ae5df16e8c6de82e710b7277c07cf80c384c523e6e434c,True,,0.0,1.25,1.190481,1.190481
2026-09-14T11:00,2026-09-23,2026-09-23-35902399159,ai,937d7a98dc5f01051da2f2826d8af9561c05d971cd938e31122cce64fdbb6192,True,,0.0,1.25,1.178156,1.178156
2026-09-14T11:00,2026-09-23,2026-09-23-35902399159,ai,51ae79308bb54c33912c794aa36baf1b5231bea9bbc0cc5a89a11d5d8c531378,False,,0.0,1.25,1.163442,1.163442
2026-09-14T11:00,2026-09-23,2026-09-23-35902399159,ai,afefbe27183f610f0b34621b08734a212792859b7ffcbf64ea91a3ac34b2cc01,False,,0.0,1.25,1.160011,1.160011
2026-09-14T11:00,2026-09-23,2026-09-23-35902399159,ai,03fb13c57341db0deca485c248e5ffa4be60d4b0b89515a31d5cbdab507fd193,False,,0.0,1.25,1.155596,1.155596
2026-09-14T11:00,2026-09-23,2026-09-23-35902399159,ai,eaea7d07410e94d2266e8ec0872460d2bac327eaf6bb06902fcdbe4334e09f08,False,,0.0,1.25,1.153029,1.153029
2026-09-14T11:00,2026-09-23,2026-09-23-35902399159,ai,8d2173fba86b292cd240558fd256bf13d78bec8004265c220accb04496a47bd9,False,,0.0,1.25,1.144517,1.144517
2026-09-14T11:00,2026-09-23,2026-09-23-35902399159,ai,ac5e1864b72ae4ca9082f27b24666aa1b9bb3954ee7fedd04f919468debfe5e4,False,,0.0,1.25,1.13212,1.13212
2026-09-14T11:00,2026-09-23,2026-09-23-35902399159,ai,5a299724cecafd043f616072bc57894386e51c3a577610b9d72f5873c550c647,False,,0.0,1.25,1.13166,1.13166
2026-09-14T11:00,2026-09-23,2026-09-23-35902399159,ai,0023b13773a65c473d4993f59e98c33b31a6a3d393e1fc138a8ab8abab2031f0,False,,0.0,1.25,1.129288,1.129288
2026-09-14T11:00,2026-09-23,2026-09-23-35902399159,energy,8226d70d5b170d33a18e674b7d7b4d85a9b9621a5133333e634133435b2af5a8,True,trade,0.3,1.25,1.496755,1.571755
2026-09-14T11:00,2026-09-23,2026-09-23-35902399159,energy,745c52fd973f68f9e12fbdcbff0beb06f2eff71ca10a709b65b8ce700b798bb4,True,,0.0,1.25,1.195295,1.195295
2026-09-14T11:00,2026-09-23,2026-09-23-35902399159,energy,f27590248630c4387cd2d5114a1bba934c4837e13947b760c1359ee4f04ad73a,True,,0.0,1.25,1.189346,1.189346
2026-09-14T11:00,2026-09-23,2026-09-23-35902399159,energy,60c3530290deec713a87971dd4ee1f540a0c5e513d1bee811be08c896d0ab18d,True,,0.0,1.25,1.189346,1.189346
2026-09-14T11:00,2026-09-23,2026-09-23-35902399159,energy,7e332c4d23680ec0271a5e865479a654a4c725fe0595ebd8a0499a62186cef79,True,,0.0,1.25,1.189346,1.189346
2026-09-14T11:00,2026-09-23,2026-09-23-35902399159,energy,0c9247e8964dfcfc0b59332fcece2a96592d01ae7d942e7c397ff5570dfd44e9,True,,0.0,1.25,1.187357,1.187357
2026-09-14T11:00,2026-09-23,2026-09-23-35902399159,energy,622d72f37235513e6428595b379f2367b7e5c671f63e02282ccfc42a5ce8cf30,True,,0.0,1.25,1.186516,1.186516
2026-09-14T11:00,2026-09-23,2026-09-23-35902399159,energy,51e7a8e611e0d936f779a630468af9f47c15b00d01b50cd307b6eb2f60deba9a,False,,0.0,1.25,1.18224,1.18224
2026-09-14T11:00,2026-09-23,2026-09-23-35902399159,energy,2b4fe54868837c074b23a840fce602b2591ed8f221c3456cbe6077b22ccb0858,True,,0.0,1.25,1.178107,1.178107
2026-09-14T11:00,2026-09-23,2026-09-23-35902399159,energy,de0ad206c30c4cc5f7bd9ee99d7528158b409741e67125685d20c858171fbb64,False,,0.0,1.25,1.167082,1.167082
2026-09-14T11:00,2026-09-23,2026-09-23-35902399159,energy,fc9ba164c5dfe5dc416f2fd3fab35f5a80c55a5b737dd7e95cb23f802723a1e2,False,,0.0,1.25,1.162034,1.162034
2026-09-14T11:00,2026-09-23,2026-09-23-35902399159,energy,c35e4a27267485ac8103df0d3b8c232865e838c3cf980e69903547b7f8eb44f4,False,,0.0,1.25,1.156268,1.156268
2026-09-14T11:00,2026-09-23,2026-09-23-35902399159,energy,1eaa3d67e053b1dab03ba58fce8d9fa4ee1754ecb48029b8b2b11b9e65b1ef4c,False,,0.0,1.25,1.155287,1.155287
2026-09-14T11:00,2026-09-23,2026-09-23-35902399159,energy,6f537884c61459e19ad829b5bc1834dd197c5d301edc7bb63ccf3f262b3f0647,False,,0.0,1.25,1.148023,1.148023
2026-09-14T11:00,2026-09-23,2026-09-23-35902399159,energy,70996feed951944671cab5972ac5c23b022ab3645363249045e344682d549a1a,False,,0.0,1.25,1.147695,1.147695
2026-09-14T11:00,2026-09-23,2026-09-23-35902399159,energy,a42264593ae963b724d759f838b333cbaccddaba33cdebe9dd117efdb19bf941,False,,0.0,1.25,1.143115,1.143115
2026-09-14T11:00,2026-09-23,2026-09-23-35902399159,energy,0e3f96a77580b1ce3433c1396ddfa697d2c20359d9f68b6024980bce06c2d551,False,,0.0,1.25,1.140172,1.140172
2026-09-14T11:00,2026-09-23,2026-09-23-35902399159,energy,1c24889832c441d0c99c668548c152e3f46e9240220097a820b2e316ce47f40b,False,,0.0,1.25,1.138488,1.138488
2026-09-14T11:00,2026-09-23,2026-09-23-35902399159,energy,b82385abbf34349c4c068818cf3a9f82cfd0fb67ab8995557e7f392fbd834654,False,,0.0,1.25,1.138361,1.138361
2026-09-14T11:00,2026-09-23,2026-09-23-35902399159,energy,ef47ef6f8603e8c939442ba1477acea9d12d2612c3d52629e4b8493c8faac1fd,False,,0.0,1.25,1.135254,1.135254
2026-09-14T11:00,2026-09-23,2026-09-23-35902399159,energy,4ff3f539ceabf3e70dd6a0c0f30e34254ad095b40665ba5fa388e3c4762c432a,False,,0.0,1.25,1.130677,1.130677
2026-09-14T11:00,2026-09-23,2026-09-23-35902399159,energy,6d81d124a78b2d64808e5ea198cf560e4a07f34380ce4d61e5c01088cabe7c24,False,,0.0,1.25,1.115035,1.115035
2026-09-14T11:00,2026-09-23,2026-09-23-35902399159,energy,ef7345cb2692f8da45b00588f399051df43201aeb5cfa2306022c7885fcbe89d,False,,0.0,1.25,1.105402,1.105402
2026-09-14T11:00,2026-09-23,2026-09-23-35902399159,energy,d5f86e1f1fa3cf0a13f3d84385e2fbfc5039269fc2f385213a7b2a1c5151016e,False,,0.0,1.25,1.105235,1.105235
2026-09-14T11:00,2026-09-23,2026-09-23-35902399159,energy,65c0eac36f91d05e86db4ce63960e31a59d3ab62d8616ddb4e8acac0337e6919,False,,0.0,1.25,1.105213,1.105213
2026-09-14T11:00,2026-09-23,2026-09-23-35902399159,energy,47e85995229a1b60ea7000343442f03d1618e665236084c1fcb6897c88a5b691,False,,0.0,1.25,1.094869,1.094869
2026-09-14T11:00,2026-09-23,2026-09-23-35902399159,energy,d1c58d19f695ab3165ee0499cf0a2f0857e6910702968ba02f2953cc07458843,False,,0.0,1.25,1.094477,1.094477
2026-09-14T11:00,2026-09-23,2026-09-23-35902399159,energy,ade1dc78c953c9187fc6e56cabd31844ecf64dab3fa7bf9878e43a407cc8f715,False,,0.0,1.25,1.09083,1.09083
2026-09-14T11:00,2026-09-23,2026-09-23-35902399159,business-economy,81008223e3ff7678cb25b03e6b3c063200c8dcced4e7837615da49970abbc299,True,,0.0,1.25,1.662617,1.662617
2026-09-14T11:00,2026-09-23,2026-09-23-35902399159,business-economy,3da405833bc0aa0edde047bb17538b4699a9d91215380d0cc45176230115f0d2,True,,0.0,1.25,1.659407,1.659407
2026-09-14T11:00,2026-09-23,2026-09-23-35902399159,business-economy,72fad48802450c2c2707ac09211851a647f2504623ebe93be31e300aa099cdf9,True,,0.0,1.25,1.656292,1.656292
2026-09-14T11:00,2026-09-23,2026-09-23-35902399159,business-economy,e9aa9da652349079c3e3499ef78679b00378d767ea9ca11dd472e05af41ea188,True,,0.0,1.25,1.598186,1.598186
2026-09-14T11:00,2026-09-23,2026-09-23-35902399159,business-economy,747ad652a6e10f1f249814f9e69c9c7667ec8893efce1c7666e606d67970e419,False,,0.0,1.25,1.580832,1.580832
2026-09-14T11:00,2026-09-23,2026-09-23-35902399159,business-economy,510ff5eb1e31f5cd86065516ab73750ef4f61cdc300e5a43ea7a2e7a046a6540,False,,0.0,1.25,1.542939,1.542939
2026-09-14T11:00,2026-09-23,2026-09-23-35902399159,business-economy,a5a69c346b3f254fdd13d367033326b6341791a2e053ed0b6729e882027593f8,False,,0.0,1.25,1.529791,1.529791
2026-09-14T11:00,2026-09-23,2026-09-23-35902399159,business-economy,fb89defb8202047600c59e284a4f9a441be704e7cd53b5bab9193a706eb6eefb,True,,0.0,1.25,1.506837,1.506837
2026-09-14T11:00,2026-09-23,2026-09-23-35902399159,business-economy,dc984b078802501809c12eadd3b5cd3456f9cdbd43a5cf4785f3c4f6e4f4fea3,True,,0.0,1.25,1.195397,1.195397
2026-09-14T11:00,2026-09-23,2026-09-23-35902399159,business-economy,ed5e00a27b2f2cd09a0caf5f5124a51587c3b04ecd39104cb29f681de48b4e5e,True,,0.0,1.25,1.191322,1.191322
2026-09-14T11:00,2026-09-23,2026-09-23-35902399159,business-economy,e3e82461f37e8ff5eddbfa2398175ba1802d1b1327ac28b0ac2159ae763c013c,True,,0.0,1.25,1.190709,1.190709
2026-09-14T11:00,2026-09-23,2026-09-23-35902399159,business-economy,c4dc9076f2d1910723ce150288e895bfb862fbe558e69ee78a862f6ffdafb565,True,,0.0,1.25,1.189718,1.189718
2026-09-14T11:00,2026-09-23,2026-09-23-35902399159,business-economy,bf87f9693aee3d3f42781cd2dea72f0d37b56079dc64372601266104b792b61b,True,,0.0,1.25,1.186133,1.186133
2026-09-14T11:00,2026-09-23,2026-09-23-35902399159,business-economy,63ac9bb4eb2e2c842a0d2adf80fb73cc6f3308e68e8ebd25f6012b6ff7f1648f,False,,0.0,1.25,1.183718,1.183718
2026-09-14T11:00,2026-09-23,2026-09-23-35902399159,business-economy,7ba94c424abe2a36e3372f4fe72c1aaf32c2f1c0953d973b6debc14ef3097e49,True,,0.0,1.25,1.181313,1.181313
2026-09-14T11:00,2026-09-23,2026-09-23-35902399159,business-economy,be9280e3c15bc7459a6b66abef0e5eb42563af33588189af1de828ace18346d7,False,,0.0,1.25,1.180728,1.180728
2026-09-14T11:00,2026-09-23,2026-09-23-35902399159,business-economy,c2bf969f6d869a548267c18ec838dd82f52ac2049abdfc3ada593bdac15b9603,False,,0.0,1.25,1.180306,1.180306
2026-09-14T11:00,2026-09-23,2026-09-23-35902399159,business-economy,b225bae3b345bf7118f72aeef237497c10a43bfbcd6e725662b4add15a389692,False,,0.0,1.25,1.177266,1.177266
2026-09-14T11:00,2026-09-23,2026-09-23-35902399159,business-economy,22a156acab47d3f6d2b0f6324346253f529d5dcecb9f2a8c72d896e4255ee360,False,,0.0,1.25,1.175682,1.175682
2026-09-14T11:00,2026-09-23,2026-09-23-35902399159,business-economy,c473fe50148c94e159da0732a8b1532fd619da2c82e428309d870c96091c6cda,False,,0.0,1.25,1.172078,1.172078
2026-09-14T11:00,2026-09-23,2026-09-23-35902399159,business-economy,9dd6977e29bcd4a81fa414f55a23a0db25e3f6f61333ca4498a44abbf44765dc,False,,0.0,1.25,1.170935,1.170935
2026-09-14T11:00,2026-09-23,2026-09-23-35902399159,business-economy,0a5cb81c3053485a98b023c9499894d60cf35e4a75339f85c428a7f01b582398,False,,0.0,1.25,1.16293,1.16293
2026-09-14T11:00,2026-09-23,2026-09-23-35902399159,business-economy,59e729c85417f065e929afd62fc54963971267f4c9bad5f6c460cb75346f7856,False,,0.0,1.25,1.161295,1.161295
2026-09-14T11:00,2026-09-23,2026-09-23-35902399159,business-economy,b45c575bb401aa6d5aacbd07a70c4f5a35b9ae86cf58d83d5ebe916b12a81695,False,,0.0,1.25,1.15985,1.15985
2026-09-14T11:00,2026-09-23,2026-09-23-35902399159,business-economy,8a09998c964b7d3300f6850635c621afb5361cabf0a7896f3fec9dedcc28cfcc,False,,0.0,1.25,1.159084,1.159084
2026-09-14T11:00,2026-09-23,2026-09-23-35902399159,business-economy,cd20f4ed0a9124ed1e6cfb40c9c66fad845580cdeb6c4efaf50006e761d952b8,False,,0.0,1.25,1.158468,1.158468
2026-09-14T11:00,2026-09-23,2026-09-23-35902399159,business-economy,8f1f9d9f60cae773f9cefcd12398e5c87432fb9371b87641d69ea04ed4c82c92,False,,0.0,1.25,1.157978,1.157978
2026-09-14T11:00,2026-09-23,2026-09-23-35902399159,business-economy,14baf741a5f5e2f2d20742cbcc955818e2c2101ab75596e5b10e9eb426f8f7fd,False,,0.0,1.25,1.156238,1.156238
2026-09-14T11:00,2026-09-23,2026-09-23-35902399159,business-economy,59ce0f667d55a6092253301ff08ec95cf32efca40fec93ab9dc870e54839b78f,False,,0.0,1.25,1.154824,1.154824
2026-09-14T11:00,2026-09-23,2026-09-23-35902399159,business-economy,a199651b03bd0a1c8000d508fef6a3efba076c2d83f3f489ea3e8692587c293a,False,,0.0,1.25,1.153502,1.153502
2026-09-14T11:00,2026-09-23,2026-09-23-35902399159,business-economy,c98b55abde3e09681f3a29f21fbfeada841e2735431fc540bd6774f836bcc06f,False,,0.0,1.25,1.153171,1.153171
2026-09-14T11:00,2026-09-23,2026-09-23-35902399159,world,3da405833bc0aa0edde047bb17538b4699a9d91215380d0cc45176230115f0d2,False,,0.0,1.25,1.659407,1.659407
2026-09-14T11:00,2026-09-23,2026-09-23-35902399159,world,018901bae781db5135a638a428478f6eca022a944aa724907d68992ef76ffdad,True,,0.0,1.25,1.32765,1.32765
2026-09-14T11:00,2026-09-23,2026-09-23-35902399159,world,b7d4727b875c4a1fec0ddd5a0501f48c97b596e3bf6771250a1d00acc476ad3d,True,,0.0,1.25,1.32732,1.32732
2026-09-14T11:00,2026-09-23,2026-09-23-35902399159,world,997082528f56c6c5d0bbd23cddf9fb8ede1be84527e892ff07cbfbec977db8f5,False,,0.0,1.25,1.281586,1.281586
2026-09-14T11:00,2026-09-23,2026-09-23-35902399159,world,b054e136ac67f683cc579bc5a9db94eded40078f2cefa4521b5fdfdf25502b1e,True,,0.0,1.25,1.281534,1.281534
2026-09-14T11:00,2026-09-23,2026-09-23-35902399159,world,402823bc0d390b2251f03206e9ad81cd61cb663b166ca8696fc9488b9c62ec23,False,,0.0,1.25,1.281534,1.281534
2026-09-14T11:00,2026-09-23,2026-09-23-35902399159,world,8b39d6cf545e9153959f44255f0b66288e22d22ae915a6256b19c16e88be0f47,True,,0.0,1.25,1.197758,1.197758
2026-09-14T11:00,2026-09-23,2026-09-23-35902399159,world,8d34f8f23913c33ea5253e3abc15fe2ce8dd4f157a25c5dcab7b93e4db7b0ad1,True,,0.0,1.25,1.196321,1.196321
2026-09-14T11:00,2026-09-23,2026-09-23-35902399159,world,182dfa38d9e715ce350fbf53980fd79868355a8ea0834514355d91ec7a997274,True,,0.0,1.25,1.195244,1.195244
2026-09-14T11:00,2026-09-23,2026-09-23-35902399159,world,545a55144d908642b74a0bfcdb0fc85c532921c713139470a7506023f10fe850,True,,0.0,1.25,1.194614,1.194614
2026-09-14T11:00,2026-09-23,2026-09-23-35902399159,world,c0b916b6f94284f39c3413c4cf658c321b05a526059daf9ec03e4d9a6646bdb8,True,,0.0,1.25,1.192823,1.192823
2026-09-14T11:00,2026-09-23,2026-09-23-35902399159,world,5667a71cc3c223c28d80a5e70387c8b70c972c4c20ac622e2d93620bdf6454d5,False,,0.0,1.25,1.191632,1.191632
2026-09-14T11:00,2026-09-23,2026-09-23-35902399159,world,ed5e00a27b2f2cd09a0caf5f5124a51587c3b04ecd39104cb29f681de48b4e5e,False,,0.0,1.25,1.191322,1.191322
2026-09-14T11:00,2026-09-23,2026-09-23-35902399159,world,4526ac22878feece9b84d0eb17d126c8fa46332df1177643925ba894151f894f,True,,0.0,1.25,1.190442,1.190442
2026-09-14T11:00,2026-09-23,2026-09-23-35902399159,world,2c607f92c44f0d35e46da396ba697dfb0195db553373f02f9a3cfb9b8fa142e4,True,,0.0,1.25,1.190136,1.190136
2026-09-14T11:00,2026-09-23,2026-09-23-35902399159,world,cc81cde89677f90921a44744d6e2d1b1f790367b0a33ef6c3c5e1764d83ffcb1,False,,0.0,1.25,1.188709,1.188709
2026-09-14T11:00,2026-09-23,2026-09-23-35902399159,world,d86670c2bfce44d914ff973104e1bab6eb39b2bdc9b4eefd5a86d7a6a5bf4749,True,,0.0,1.25,1.186553,1.186553
2026-09-14T11:00,2026-09-23,2026-09-23-35902399159,world,794597dd71cf37e6a13ea0b919f2122d1c96e7b5c09568071e1b4cb2ff747ea7,False,,0.0,1.25,1.184374,1.184374
2026-09-14T11:00,2026-09-23,2026-09-23-35902399159,world,26e018bd8d98688c83146ff640a6095046a4c68ce0984f4ec65268a32fd40de1,False,,0.0,1.25,1.183381,1.183381
2026-09-14T11:00,2026-09-23,2026-09-23-35902399159,world,a5f126e188a3362f2ee9e1f43bdcc25895e3c0199dba174a4ff98c8a33e5bdb4,False,,0.0,1.25,1.182196,1.182196
2026-09-14T11:00,2026-09-23,2026-09-23-35902399159,world,e825ea0f12f01019dd2ad52896154b9b2ceafbf1df803f0797ec3a04e07e3a38,True,,0.0,1.25,1.176797,1.176797
2026-09-14T11:00,2026-09-23,2026-09-23-35902399159,world,1c267cb93f27b14c18ef2e251c5724bbd8fc86a8a3bd39fb99997e85d0fac279,True,,0.0,1.25,1.176625,1.176625
2026-09-14T11:00,2026-09-23,2026-09-23-35902399159,world,c818befe1b1fb5feb6daada125ec8cab4cc1a635bdcd202a6e4d9a151942efe5,False,,0.0,1.25,1.176532,1.176532
2026-09-14T11:00,2026-09-23,2026-09-23-35902399159,world,e363bd5bc6b707518a365709ce2a2cf17ae4c1830a6d954ff3e51a844e236786,False,,0.0,1.25,1.176335,1.176335
2026-09-14T11:00,2026-09-23,2026-09-23-35902399159,world,b6e759665e439918daae65a8e294cf1fd62cb0f204bf6ca5bbe8a9194f59642a,True,,0.0,1.25,1.176255,1.176255
2026-09-14T11:00,2026-09-23,2026-09-23-35902399159,world,1037a53c4be89dc35f0d83e1ec2537768099a8542f4c1e8da7ddfa85d9821652,False,,0.0,1.25,1.175682,1.175682
2026-09-14T11:00,2026-09-23,2026-09-23-35902399159,world,1c5e865f75cb8a64199c10554a41d406cd073f301cffa5944ae718d98964cc3c,True,,0.0,1.25,1.174943,1.174943
2026-09-14T11:00,2026-09-23,2026-09-23-35902399159,world,6975b2b46e41b79ed8d2dfe94118e28d5b985e4222ef56c9ff1edeee2e896183,True,,0.0,1.25,1.17366,1.17366
2026-09-14T11:00,2026-09-23,2026-09-23-35902399159,world,851bc3b2ab3313232080e4d83c8aade3bd1f3f76b070326421daf3932f6032c6,True,,0.0,1.25,1.172268,1.172268
2026-09-14T11:00,2026-09-23,2026-09-23-35902399159,world,c473fe50148c94e159da0732a8b1532fd619da2c82e428309d870c96091c6cda,False,,0.0,1.25,1.172078,1.172078
2026-09-14T11:00,2026-09-23,2026-09-23-35902399159,world,653a34e46954618fe475f9ce4f3fbf895c28dc44a7d2e6032a694a5863d3726d,False,,0.0,1.25,1.171821,1.171821
2026-09-14T11:00,2026-09-23,2026-09-23-35902399159,world,4886f636e52360a8f5049388d7f8dae6eb3be11829f4b86d7cbe8f7b24f61a9a,False,,0.0,1.25,1.167107,1.167107
2026-09-14T11:00,2026-09-23,2026-09-23-35902399159,world,7268b7f1c0f10c4afcd2ee1757367f8440a98a73bae6c216a14ffaf3156fdbe6,False,,0.0,1.25,1.166852,1.166852
2026-09-14T11:00,2026-09-23,2026-09-23-35902399159,world,3fbcf515b275ab84e4cf89d7876f851afeacdd4f655367e5da9649d52851000a,False,,0.0,1.25,1.166635,1.166635
2026-09-14T11:00,2026-09-23,2026-09-23-35902399159,world,808200bfff6422540b3ff9c58e2f210c9598e8632581d63f1ca7be1a46d10684,False,,0.0,1.25,1.165344,1.165344
2026-09-14T11:00,2026-09-23,2026-09-23-35902399159,world,f9acb42ea9d91df6ef00bf7229d2dfe3acc8d613b28cac428d773525a0ac04da,False,,0.0,1.25,1.164408,1.164408
2026-09-14T11:00,2026-09-23,2026-09-23-35902399159,world,f7e4f5bfdd2f7ecd8e27d97f600875852fa529e5bfe01b92c3fa464ba74146ba,False,,0.0,1.25,1.164008,1.164008
2026-09-14T11:00,2026-09-23,2026-09-23-35902399159,india,84cc8a8b6e7b15edfb7ecd66bc5f781a0573aa0ba3c7c85baa4505f240e55dbb,True,,0.0,1.25,1.670984,1.670984
2026-09-14T11:00,2026-09-23,2026-09-23-35902399159,india,f5873a63069c19387bb423c6bfdba337807f9d37e1b1ca6dca069250b36e0a4c,True,,0.0,1.25,1.661367,1.661367
2026-09-14T11:00,2026-09-23,2026-09-23-35902399159,india,d8e8615fcc811076de24148570c1e957f07fcb7a1508750cedd8bcec443d217e,True,,0.0,1.25,1.657561,1.657561
2026-09-14T11:00,2026-09-23,2026-09-23-35902399159,india,678a39db9e17613134ebb81f2fcab213c44c2d3477140041c6677b86f3fdd7ac,True,,0.0,1.25,1.641711,1.641711
2026-09-14T11:00,2026-09-23,2026-09-23-35902399159,india,450914dfafff650963033ed761e2dcea94205f0de775f1b901c4d10cae13c252,True,,0.0,1.25,1.626493,1.626493
2026-09-14T11:00,2026-09-23,2026-09-23-35902399159,india,7a75070099fa7fb870b8448350ca9707e2a1c9f7dbd42b9d30ff80881f81f4dd,True,,0.0,1.25,1.615558,1.615558
2026-09-14T11:00,2026-09-23,2026-09-23-35902399159,india,8c00bb25eb26385d4ebdea99c7b966fad8ee9ed6ba024c8a53e3b0a1f16d64ff,True,,0.0,1.25,1.610198,1.610198
2026-09-14T11:00,2026-09-23,2026-09-23-35902399159,india,b6cce111bca6038358fa8e036e3bbe3dca2de9a76f0b5c8f7d919a88af72ffcb,True,,0.0,1.25,1.6057,1.6057
2026-09-14T11:00,2026-09-23,2026-09-23-35902399159,india,2bd55fd5d113a7280cfcff960d6530f4e8eabcb52437ab16a9d97df9be11f7d9,True,,0.0,1.25,1.597278,1.597278
2026-09-14T11:00,2026-09-23,2026-09-23-35902399159,india,446b13b24e00640e94d02c9778aeffc33178cd20efe907c7e95fd666fa910aca,True,trade,0.3,1.25,1.491835,1.566835
2026-09-14T11:00,2026-09-23,2026-09-23-35902399159,india,205061303a70dd5896c54b8abac1bb869921df1c45f0ab66e8cb7f1515026cc3,True,trade,0.3,1.25,1.486465,1.561465
2026-09-14T11:00,2026-09-23,2026-09-23-35902399159,india,d489bed996db47303b02ae2e767caf1b66cc3b47b5c6083fbbdb30447008dfca,True,trade,0.3,1.25,1.47439,1.54939
2026-09-14T11:00,2026-09-23,2026-09-23-35902399159,india,0ea474f02b1287b120c5f169151aa4e4d23d0a7cbfb4b4d44d7b02a21d2d7183,True,trade,0.3,1.25,1.462635,1.537635
2026-09-14T11:00,2026-09-23,2026-09-23-35902399159,india,9e6ec3dde38178e591de5c2ca97f574411ba212e58ba03302057a129c05f68f1,True,,0.0,1.25,1.447924,1.447924
2026-09-14T11:00,2026-09-23,2026-09-23-35902399159,india,5cd3c0eb13a01199ca36bb5bfb8b64bfcff2c5d3f7f0dcf7a2e86d99eb2614fb,True,,0.0,1.25,1.447598,1.447598
2026-09-14T11:00,2026-09-23,2026-09-23-35902399159,india,c9eb6547738ba9c1c8008fa2d6f77ba87655e199a2076297658dabd5e7fef600,False,,0.0,1.25,1.443781,1.443781
2026-09-14T11:00,2026-09-23,2026-09-23-35902399159,india,e7082bba86afaf86d6638eadfc8273d401ac4b0c7e1c2d344f72104f7893ece8,False,,0.0,1.25,1.439522,1.439522
2026-09-14T11:00,2026-09-23,2026-09-23-35902399159,india,9dba33549eb4ea549edf1930792d52d099f9f01811dab6d23c0db54c8b0a29a7,False,,0.0,1.25,1.438766,1.438766
2026-09-14T11:00,2026-09-23,2026-09-23-35902399159,india,9b6745b70012dc698e6b0d5318f7cb8410764180892e5f608edb5eb31d877f51,False,trade,0.3,1.25,1.43732,1.51232
2026-09-14T11:00,2026-09-23,2026-09-23-35902399159,india,76edceaf29cbe2817e69e8acc03de4eabafa9bbb77923c08b8ad6705d9ae688c,False,,0.0,1.25,1.43448,1.43448
2026-09-14T11:00,2026-09-23,2026-09-23-35902399159,india,ce0310f9267669c9453ae8b6e95eba1ff09c4b3ae60e60bb63ed6f9672488dc1,False,,0.0,1.25,1.433893,1.433893
2026-09-14T11:00,2026-09-23,2026-09-23-35902399159,india,eadb4205583d0f83629cde4a00c3730b77fb4eab3528603a8af1f9234780b341,False,,0.0,1.25,1.43378,1.43378
2026-09-14T11:00,2026-09-23,2026-09-23-35902399159,india,c3bf198dc90dfda3b73c7abdfb62db268b73bffad7ece0623f1dd8b1c36f0d66,False,,0.0,1.25,1.433562,1.433562
2026-09-14T11:00,2026-09-23,2026-09-23-35902399159,india,5994403df4da9f88c1b9f466ee1c6a2b7a1058c8547005b6beea6a4643e38032,False,,0.0,1.25,1.431978,1.431978
2026-09-14T11:00,2026-09-23,2026-09-23-35902399159,india,89b2340911fa7c9fc1b41a347f2bb03bd6a02fbba4002426e464596e7cf4d1cf,False,,0.0,1.25,1.43153,1.43153
2026-09-14T11:00,2026-09-23,2026-09-23-35902399159,india,c22833e258668c6fc45fc9c1c04e61f786bdd01160ed8e9eb0df364cab1565ff,False,,0.0,1.25,1.431406,1.431406
2026-09-14T11:00,2026-09-23,2026-09-23-35902399159,india,f718b82a266f0848938e5b52e55a62b2ea223af5fdb6a8bb7562a700dc271ea5,False,,0.0,1.25,1.431045,1.431045
2026-09-14T11:00,2026-09-23,2026-09-23-35902399159,india,50a3256191dba14db554c0f820f340b558d1ade9c98e6b452fc9b99f31f30199,False,,0.0,1.25,1.430735,1.430735
2026-09-14T11:00,2026-09-23,2026-09-23-35902399159,india,06c4cc5c986786158b637cb17cf8ed0c468b6bd42ed875ee1ef833ca775dbd37,False,,0.0,1.25,1.430598,1.430598
2026-09-14T11:00,2026-09-23,2026-09-23-35902399159,india,ad0c469ad7e561aac10786ed364161bc43250f9d2f3b4c8ebb24ecd5032879b1,False,,0.0,1.25,1.430182,1.430182
2026-09-14T11:00,2026-09-23,2026-09-23-35902399159,india,f5960efe7540b02356ad9abdf38455edf9676ade5ba03dd434c09f5d18cdc50e,False,,0.0,1.25,1.430101,1.430101
2026-09-14T11:00,2026-09-23,2026-09-23-35902399159,india,f31b5ab762343dc0d17fbb48324014928a52ddbe82a53758c3058acdcb289a21,False,,0.0,1.25,1.429128,1.429128
2026-09-14T11:00,2026-09-23,2026-09-23-35902399159,india,0ab95b973ac77d9ff93ba65991b7d6496723ed5cc3de2a98f0c9c02b90ac6541,False,,0.0,1.25,1.428633,1.428633
2026-09-14T11:00,2026-09-23,2026-09-23-35902399159,india,9657659b9c5f687323b475d8323088f91111ae373e651e585c4876292d3f31f5,False,,0.0,1.25,1.428583,1.428583
2026-09-14T11:00,2026-09-23,2026-09-23-35902399159,india,0e2a8657ebbd3f8e9efd0e78a1c55733980e212ba562b2c4cb5b7025f1d7cc80,False,chips,0.3,1.25,1.427874,1.502874
2026-09-14T11:00,2026-09-23,2026-09-23-35902399159,india,b040e3cf2a170ed73ccb0525ffd2bf0b73413216167bcb3d8c1b94ca7d9975a0,True,,0.0,1.25,1.406441,1.406441
2026-09-14T11:00,2026-09-23,2026-09-23-35902399159,india,8803b3cb58aaffbf7eb33545d45be4bdf3c0c0a945a7e7becf199c62ae1f1090,True,,0.0,1.25,1.401145,1.401145
2026-09-14T11:00,2026-09-23,2026-09-23-35902399159,india,bfaca88345cd97d69ac71b76c70d2118e7d141c42610679da358ed4a87de10ea,True,,0.0,1.25,1.198987,1.198987
2026-09-14T11:00,2026-09-23,2026-09-23-35902399159,india,6f33e3804a585c5ce1288fbdd7391047240696af7989ecbdfcc93b06f06d032b,True,,0.0,1.25,1.198891,1.198891
2026-09-14T11:00,2026-09-23,2026-09-23-35902399159,india,6242c0a7571709c44f99315f4fefa74014acf9b4c67ad32c7375244ae17020d1,True,,0.0,1.25,1.196583,1.196583
2026-09-14T11:00,2026-09-23,2026-09-23-35902399159,india,e3ccb4e49a05759cc5dc6581860d9fb564bc881a75ebc7f8b26d45ba5096784a,True,,0.0,1.25,1.196487,1.196487
2026-09-14T11:00,2026-09-23,2026-09-23-35902399159,india,5b630d76571d59569379f0b1e47e74b310ad5b2a7dd20f50fb3e1af68928178c,True,,0.0,1.25,1.191809,1.191809
2026-09-14T11:00,2026-09-23,2026-09-23-35902399159,india,8733e8bd0d6943f9b3efb51d11a75d6b4130f145b1398ca0c5126b4b5c952550,True,,0.0,1.25,1.185168,1.185168
2026-09-14T11:00,2026-09-23,2026-09-23-35902399159,india,2f821d6bc010c516eb034f89955428138c39ea4daacc6bec6459f4e718ab5f25,True,,0.0,1.25,1.184086,1.184086
2026-09-14T11:00,2026-09-23,2026-09-23-35923303933,ai,6d20a6da83f03f7efc4cdbe7b7e5ac59e7e249549f6ccca7b2e1aabc769e8bcb,True,,0.0,1.25,2.086603,2.086603
2026-09-14T11:00,2026-09-23,2026-09-23-35923303933,ai,30aa7c0acfe7f3809f1c0c2e3d8197e23f507daa6c3cae8fb2a05da2a018d4df,True,,0.0,1.25,2.036768,2.036768
2026-09-14T11:00,2026-09-23,2026-09-23-35923303933,ai,8772414765b134fe3b8873daf43a31b101922bac916843adc16c2c5fdd271500,True,,0.0,1.25,2.022604,2.022604
2026-09-14T11:00,2026-09-23,2026-09-23-35923303933,ai,721de6922a1a6b9fd6bd57fa34562f9aeea663205ca74e2ce3b1bd45fa3a35b7,True,,0.0,1.25,1.973189,1.973189
2026-09-14T11:00,2026-09-23,2026-09-23-35923303933,ai,347b65ce144a221e189c1995b6f8e902fff172db7617e6d8030d51c8740ce826,True,,0.0,1.25,1.914791,1.914791
2026-09-14T11:00,2026-09-23,2026-09-23-35923303933,ai,90912ec5cf462463f6abca46065892f798455269706f19b8b9d649f1f4de9bd3,True,chips,0.3,1.25,1.85915,1.93415
2026-09-14T11:00,2026-09-23,2026-09-23-35923303933,ai,0765deb144589280c16b6c389f4ff0fb7d519b5edcb7c4cad6d5247ca7a27572,True,,0.0,1.25,1.771561,1.771561
2026-09-14T11:00,2026-09-23,2026-09-23-35923303933,ai,594acbfca8391608c9dbfd78ca813f4812069b215918a1d73ac5161e9fb04044,True,,0.0,1.25,1.692449,1.692449
2026-09-14T11:00,2026-09-23,2026-09-23-35923303933,ai,2158ff2bb2ba175361c8225de5bb2a4736e5d7177a097f319ffb3f5e123da6b8,True,,0.0,1.25,1.690962,1.690962
2026-09-14T11:00,2026-09-23,2026-09-23-35923303933,ai,d779f843dd5ca043719c9d7daf89aabf781d5953d1c52f648e35c790b9451b43,False,,0.0,1.25,1.661265,1.661265
2026-09-14T11:00,2026-09-23,2026-09-23-35923303933,ai,79085ef44f065f74178efa326f1b2ca919f045fddeab6c0c49ef53eb646ff869,True,,0.0,1.25,1.611379,1.611379
2026-09-14T11:00,2026-09-23,2026-09-23-35923303933,ai,942f5e3b838f3db10b903793c1945a6ebb2965287463c0425f4681f60d27aeb7,True,,0.0,1.25,1.606896,1.606896
2026-09-14T11:00,2026-09-23,2026-09-23-35923303933,ai,4cb1dc983c74e0d66538b5b36f6a0a1aa76540b6d72faeb1859e6fcf44e1dc1a,True,,0.0,1.25,1.602862,1.602862
2026-09-14T11:00,2026-09-23,2026-09-23-35923303933,ai,3a7de23cc3e17d0b9c491be7d082a6649256e248846b5fce1d71bfd00b38faae,True,,0.0,1.25,1.586603,1.586603
2026-09-14T11:00,2026-09-23,2026-09-23-35923303933,ai,6c33dc46570c22862d293edbe70257862fb2e60e10958b390dc2096173741995,False,,0.0,1.25,1.586603,1.586603
2026-09-14T11:00,2026-09-23,2026-09-23-35923303933,ai,0518b29dc413276c165c607236d4e822f317c9e32a06ec19d44d0b01376dc5e4,False,,0.0,1.25,1.586603,1.586603
2026-09-14T11:00,2026-09-23,2026-09-23-35923303933,ai,5026661c6786516b4f2fcc3c6fc14698fe0ca58e8bb693a685a9285d2fd87aa7,True,,0.0,1.25,1.582919,1.582919
2026-09-14T11:00,2026-09-23,2026-09-23-35923303933,ai,2da21048c0f3750379afdd0a15b3ffd18fdb5b3d36289b426d0361e40254c4fd,True,,0.0,1.25,1.57121,1.57121
2026-09-14T11:00,2026-09-23,2026-09-23-35923303933,ai,a7e588950be90f90f6fbc03c59810337a9ce6dab4ba5f14a3786ab09cf7d424a,True,,0.0,1.25,1.531335,1.531335
2026-09-14T11:00,2026-09-23,2026-09-23-35923303933,ai,3d775ab27528f576b4732ccc724a612435c920171a09ae3576c9c018caecdb8c,True,,0.0,1.25,1.484363,1.484363
2026-09-14T11:00,2026-09-23,2026-09-23-35923303933,ai,1043d9fe80283e6f409b90e0f5f76b98d960cc337ee42f5d79ea8cfadd9a93c0,True,,0.0,1.25,1.484161,1.484161
2026-09-14T11:00,2026-09-23,2026-09-23-35923303933,ai,dacd7422e86ef85a086815a2a3ab11cd4a4b499d74540dd2918b54423ab50447,False,,0.0,1.25,1.483866,1.483866
2026-09-14T11:00,2026-09-23,2026-09-23-35923303933,ai,ecf359014386dfe51a40ad0521cf70c44f880ed285e06ab4103b7d88ae19c3d3,True,,0.0,1.25,1.479501,1.479501
2026-09-14T11:00,2026-09-23,2026-09-23-35923303933,ai,6a2529e460a50f0d3e5ba0ad2a3a596dadfa275802f78746d563536faedc3c71,True,,0.0,1.25,1.475335,1.475335
2026-09-14T11:00,2026-09-23,2026-09-23-35923303933,ai,8348f8f60db16b79faa19abbe351146681ab0e61c9d80646b36479be9e200839,True,,0.0,1.25,1.474639,1.474639
2026-09-14T11:00,2026-09-23,2026-09-23-35923303933,ai,e777ba13c412824dd5e037ba4127af9583e62eba9a1f8c3925a1fe78c20f612f,True,,0.0,1.25,1.436109,1.436109
2026-09-14T11:00,2026-09-23,2026-09-23-35923303933,ai,cd6fc3a2e5046d56a55c53481a9e116f4ff81fe20e8204f959aab9ef09bdfe43,True,,0.0,1.25,1.427741,1.427741
2026-09-14T11:00,2026-09-23,2026-09-23-35923303933,ai,29b93962c50fa1a28e8c6044c72e833d41d41fb2c7d03c1d0f2087a59a91c1a3,True,,0.0,1.25,1.420127,1.420127
2026-09-14T11:00,2026-09-23,2026-09-23-35923303933,ai,52b80abd4e046c041ffbe2a48399ded2b227e51686189386944c8dd9b0045fd6,False,,0.0,1.25,1.414791,1.414791
2026-09-14T11:00,2026-09-23,2026-09-23-35923303933,ai,f2ff7f76056120414cf01f1bb6ef7b8e983d9d91ccfa0c5266573b74a0f9d93f,False,,0.0,1.25,1.414791,1.414791
2026-09-14T11:00,2026-09-23,2026-09-23-35923303933,ai,24c46df0264dab056cd78c511cea689736e41b8fced506a322653de6b5f0fe80,False,,0.0,1.25,1.396552,1.396552
2026-09-14T11:00,2026-09-23,2026-09-23-35923303933,ai,3d7b9aab56c8f4fe22c00cc0057db0cb0a00b0a30d0d99d476abe36917bfac64,False,,0.0,1.25,1.384045,1.384045
2026-09-14T11:00,2026-09-23,2026-09-23-35923303933,ai,1cf29c3992f7ef345d732f5b45640ba97607e8aa3e697c6f64a22eaca430042b,False,,0.0,1.25,1.376721,1.376721
2026-09-14T11:00,2026-09-23,2026-09-23-35923303933,ai,3bd1b7781e389e3c13085bfcb6fe2994bdadda472e7ccb7666f0f05956dc040c,False,,0.0,1.25,1.374311,1.374311
2026-09-14T11:00,2026-09-23,2026-09-23-35923303933,ai,168671d8e1392054a8d44377a8842194886b92de3b1f38d456d8c4e6d0c04139,False,,0.0,1.25,1.368353,1.368353
2026-09-14T11:00,2026-09-23,2026-09-23-35923303933,ai,912f56a36453d77045227b1602a8f098cdf82487077969e83c6985df7de76e39,False,,0.0,1.25,1.364824,1.364824
2026-09-14T11:00,2026-09-23,2026-09-23-35923303933,ai,5cfdc4cd802494ebe23c6837222779722cce4b75d46499b9ef5328005ecc882c,False,,0.0,1.25,1.282222,1.282222
2026-09-14T11:00,2026-09-23,2026-09-23-35923303933,ai,ba0e6a8ec93f8a94515dc09f9d8488d1be9c748ed24402a17cf5cac414e4f39e,False,,0.0,1.25,1.262985,1.262985
2026-09-14T11:00,2026-09-23,2026-09-23-35923303933,ai,3b6c6fd3a8922716eeb7273614ef824fb879d0c64e4250e5d00a1d116c5a9d40,True,,0.0,1.25,1.196174,1.196174
2026-09-14T11:00,2026-09-23,2026-09-23-35923303933,ai,a73223c385b292ce95e5c1124edd43c6b8fbfbfef143a201c42c7971c8456817,True,,0.0,1.25,1.186603,1.186603
2026-09-14T11:00,2026-09-23,2026-09-23-35923303933,ai,73c0f7b95afaa2516a3af26b36b03b400bb9f88954b4a13aa0b1a078125d511e,True,,0.0,1.25,1.17933,1.17933
2026-09-14T11:00,2026-09-23,2026-09-23-35923303933,ai,a02e768cb2e7bdc7cfdde63aa09bb345ea78835154f0752889b36744a17aa010,False,,0.0,1.25,1.170493,1.170493
2026-09-14T11:00,2026-09-23,2026-09-23-35923303933,ai,6e05229cee5869fffc1e9e25d66b8205dce3cf4bb077e800dc6d82d3388526e7,False,,0.0,1.25,1.162238,1.162238
2026-09-14T11:00,2026-09-23,2026-09-23-35923303933,ai,b2cab94e5375e0ba8f1a32ca25644d790acf034c3b2376bd88093b0d9320f68b,False,,0.0,1.25,1.154201,1.154201
2026-09-14T11:00,2026-09-23,2026-09-23-35923303933,ai,b848bd1f64ef47f49484dfefb064cb8c2b2cf48416b58a9f0b9da8808c7fd6b9,False,,0.0,1.25,1.151782,1.151782
2026-09-14T11:00,2026-09-23,2026-09-23-35923303933,ai,d765894abc29e771ba36977f6819ea60f7842a5e3642442a3e60e4013d0a5383,False,,0.0,1.25,1.15133,1.15133
2026-09-14T11:00,2026-09-23,2026-09-23-35923303933,ai,f122dfb075ba3d5aaf0d470cc12c8ad640f0daba563b77a7ad9adfcb86a83645,False,,0.0,1.25,1.133231,1.133231
2026-09-14T11:00,2026-09-23,2026-09-23-35923303933,energy,8226d70d5b170d33a18e674b7d7b4d85a9b9621a5133333e634133435b2af5a8,True,trade,0.3,1.25,1.429174,1.504174
2026-09-14T11:00,2026-09-23,2026-09-23-35923303933,energy,014f8585d747530f77a165499b22c899e5df1da4f77df815d4d099976cba82ac,True,,0.0,1.25,1.356607,1.356607
2026-09-14T11:00,2026-09-23,2026-09-23-35923303933,energy,459e08a09b8e17d759481b68ca85bae2795d3e7b5fd18d04e749e0fd98535bd4,True,,0.0,1.25,1.192924,1.192924
2026-09-14T11:00,2026-09-23,2026-09-23-35923303933,energy,e1eecd607e56681b38f5b500236c06b18c1eba90ca98747b95edf793c0325e8a,True,,0.0,1.25,1.188231,1.188231
2026-09-14T11:00,2026-09-23,2026-09-23-35923303933,energy,b3ab11f1bc5b3b6d959fb13297593b18ef8d667575775bd0e22f72e90a5b475a,True,,0.0,1.25,1.186603,1.186603
2026-09-14T11:00,2026-09-23,2026-09-23-35923303933,energy,6b4da0fe0487d15d9c54737f85c26f45acec8a7b7e5da9d90f79b5fda01a7c3c,True,,0.0,1.25,1.164444,1.164444
2026-09-14T11:00,2026-09-23,2026-09-23-35923303933,energy,c9f909bd5b888b685f780a17568d8523fcd26a82a034981fd215635f1924704b,False,,0.0,1.25,1.164444,1.164444
2026-09-14T11:00,2026-09-23,2026-09-23-35923303933,energy,68496af338984c461c17b18b6e537e13d4aa2a377a54e846c034d780d07f2b47,False,,0.0,1.25,1.160197,1.160197
2026-09-14T11:00,2026-09-23,2026-09-23-35923303933,energy,3ba5f8c98af91b2e1c3861f24558e5a64d66e96c356f65eebc72adb3a4a94195,False,,0.0,1.25,1.160191,1.160191
2026-09-14T11:00,2026-09-23,2026-09-23-35923303933,energy,f2c159b9dadaf368c8363bb7d4839b84c7650dabf375a9a7d41752300629c203,False,,0.0,1.25,1.158384,1.158384
2026-09-14T11:00,2026-09-23,2026-09-23-35923303933,energy,b0625615df6e3e13dde7a7286624add22e3ce9ff9360d2632e0b139073bc6431,False,,0.0,1.25,1.154848,1.154848
2026-09-14T11:00,2026-09-23,2026-09-23-35923303933,energy,9bd3a746b79401b47c8d0cd2927f00ddd218dc9b1b22f4b958878f52df2eb1d2,False,,0.0,1.25,1.143121,1.143121
2026-09-14T11:00,2026-09-23,2026-09-23-35923303933,energy,ce4481995155dc3ffe3a430e7d105c2a56a6e1c3ff5c9f2682d6b3b5299ce2e5,False,,0.0,1.25,1.142105,1.142105
2026-09-14T11:00,2026-09-23,2026-09-23-35923303933,energy,b66518a9005ee25be1ce09a38a983d9045023e89fbc94843a5366925b7af5a3b,False,,0.0,1.25,1.132604,1.132604
2026-09-14T11:00,2026-09-23,2026-09-23-35923303933,energy,745c52fd973f68f9e12fbdcbff0beb06f2eff71ca10a709b65b8ce700b798bb4,False,,0.0,1.25,1.12788,1.12788
2026-09-14T11:00,2026-09-23,2026-09-23-35923303933,energy,f27590248630c4387cd2d5114a1bba934c4837e13947b760c1359ee4f04ad73a,False,,0.0,1.25,1.122604,1.122604
2026-09-14T11:00,2026-09-23,2026-09-23-35923303933,energy,60c3530290deec713a87971dd4ee1f540a0c5e513d1bee811be08c896d0ab18d,False,,0.0,1.25,1.122604,1.122604
2026-09-14T11:00,2026-09-23,2026-09-23-35923303933,energy,7e332c4d23680ec0271a5e865479a654a4c725fe0595ebd8a0499a62186cef79,False,,0.0,1.25,1.122604,1.122604
2026-09-14T11:00,2026-09-23,2026-09-23-35923303933,energy,0c9247e8964dfcfc0b59332fcece2a96592d01ae7d942e7c397ff5570dfd44e9,False,,0.0,1.25,1.120841,1.120841
2026-09-14T11:00,2026-09-23,2026-09-23-35923303933,energy,622d72f37235513e6428595b379f2367b7e5c671f63e02282ccfc42a5ce8cf30,False,,0.0,1.25,1.120095,1.120095
2026-09-14T11:00,2026-09-23,2026-09-23-35923303933,energy,51e7a8e611e0d936f779a630468af9f47c15b00d01b50cd307b6eb2f60deba9a,False,,0.0,1.25,1.116303,1.116303
2026-09-14T11:00,2026-09-23,2026-09-23-35923303933,energy,2b4fe54868837c074b23a840fce602b2591ed8f221c3456cbe6077b22ccb0858,False,,0.0,1.25,1.112638,1.112638
2026-09-14T11:00,2026-09-23,2026-09-23-35923303933,energy,de0ad206c30c4cc5f7bd9ee99d7528158b409741e67125685d20c858171fbb64,False,,0.0,1.25,1.102862,1.102862
2026-09-14T11:00,2026-09-23,2026-09-23-35923303933,energy,fc9ba164c5dfe5dc416f2fd3fab35f5a80c55a5b737dd7e95cb23f802723a1e2,False,,0.0,1.25,1.098385,1.098385
2026-09-14T11:00,2026-09-23,2026-09-23-35923303933,energy,c35e4a27267485ac8103df0d3b8c232865e838c3cf980e69903547b7f8eb44f4,False,,0.0,1.25,1.093273,1.093273
2026-09-14T11:00,2026-09-23,2026-09-23-35923303933,energy,1eaa3d67e053b1dab03ba58fce8d9fa4ee1754ecb48029b8b2b11b9e65b1ef4c,False,,0.0,1.25,1.092403,1.092403
2026-09-14T11:00,2026-09-23,2026-09-23-35923303933,business-economy,61259c00bed1a52fdad347fff6c3640ea52b2d2ff002f10a9869b5556ca0a833,True,,0.0,1.25,1.680747,1.680747
2026-09-14T11:00,2026-09-23,2026-09-23-35923303933,business-economy,017d786e140caa678a3c6b6557c07c7cb655d840165499ce3d95357421b64912,True,,0.0,1.25,1.674347,1.674347
2026-09-14T11:00,2026-09-23,2026-09-23-35923303933,business-economy,a6b63d4cace87c0af64d5318aa57a1dadcefcc638688d4b4f7b4def8ff667fd9,False,,0.0,1.25,1.668808,1.668808
2026-09-14T11:00,2026-09-23,2026-09-23-35923303933,business-economy,81008223e3ff7678cb25b03e6b3c063200c8dcced4e7837615da49970abbc299,True,,0.0,1.25,1.598903,1.598903
2026-09-14T11:00,2026-09-23,2026-09-23-35923303933,business-economy,3da405833bc0aa0edde047bb17538b4699a9d91215380d0cc45176230115f0d2,False,,0.0,1.25,1.596056,1.596056
2026-09-14T11:00,2026-09-23,2026-09-23-35923303933,business-economy,72fad48802450c2c2707ac09211851a647f2504623ebe93be31e300aa099cdf9,True,,0.0,1.25,1.593294,1.593294
2026-09-14T11:00,2026-09-23,2026-09-23-35923303933,business-economy,747ad652a6e10f1f249814f9e69c9c7667ec8893efce1c7666e606d67970e419,False,,0.0,1.25,1.52638,1.52638
2026-09-14T11:00,2026-09-23,2026-09-23-35923303933,business-economy,510ff5eb1e31f5cd86065516ab73750ef4f61cdc300e5a43ea7a2e7a046a6540,False,,0.0,1.25,1.492778,1.492778
2026-09-14T11:00,2026-09-23,2026-09-23-35923303933,business-economy,a5a69c346b3f254fdd13d367033326b6341791a2e053ed0b6729e882027593f8,False,,0.0,1.25,1.481119,1.481119
2026-09-14T11:00,2026-09-23,2026-09-23-35923303933,business-economy,f68ff7fd450435bd4813fdbd23065aa5100cdc5f1501f67b34d425e2a78af3b9,True,trade,0.3,1.25,1.46744,1.54244
2026-09-14T11:00,2026-09-23,2026-09-23-35923303933,business-economy,fb89defb8202047600c59e284a4f9a441be704e7cd53b5bab9193a706eb6eefb,True,,0.0,1.25,1.449439,1.449439
2026-09-14T11:00,2026-09-23,2026-09-23-35923303933,business-economy,b56715fa094351092b07b1957c69d98e1ba67dc553e14a7ad51a6d61214e5038,True,,0.0,1.25,1.196098,1.196098
2026-09-14T11:00,2026-09-23,2026-09-23-35923303933,business-economy,457b57558efb44a6cd09e343ce7667569e19e7470550d830092f4e662dd8a5ed,True,,0.0,1.25,1.193559,1.193559
2026-09-14T11:00,2026-09-23,2026-09-23-35923303933,business-economy,4986e9c9d65e8c83fc192a3ebc1a71e5ca21aa4ec67232edfe7e3ad157307b66,True,,0.0,1.25,1.193365,1.193365
2026-09-14T11:00,2026-09-23,2026-09-23-35923303933,business-economy,acf845e458de09c773ea0a909c6d59e63582a10ba33b2db1d665cc9a7ba0879f,False,,0.0,1.25,1.190443,1.190443
2026-09-14T11:00,2026-09-23,2026-09-23-35923303933,business-economy,d3e190070aa19397e772d6b25f9a24f3ad69d25985e23030cc2e88825a739929,True,,0.0,1.25,1.188715,1.188715
2026-09-14T11:00,2026-09-23,2026-09-23-35923303933,business-economy,a2f40f13a11bb1ac63a10b6cf0bf45c5b5bf449a65da5fa58a12a64fe8c92c70,False,,0.0,1.25,1.185193,1.185193
2026-09-14T11:00,2026-09-23,2026-09-23-35923303933,business-economy,ba53b8a76cb69830db4e8b855a5b71779cd7d58e758a50a263d551b85d142c5e,False,,0.0,1.25,1.178119,1.178119
2026-09-14T11:00,2026-09-23,2026-09-23-35923303933,business-economy,92bbb6b5de72d4028568512c2d4905bca479b55ad4ae7ba30454a70a5b5b2e6a,True,,0.0,1.25,1.175749,1.175749
2026-09-14T11:00,2026-09-23,2026-09-23-35923303933,business-economy,bcda83a87563ff891494da7941180cdcb164faae76c4c92d7f3e113b15df1e0f,True,,0.0,1.25,1.175601,1.175601
2026-09-14T11:00,2026-09-23,2026-09-23-35923303933,business-economy,41b72f2b83728667e560ac16a4c596591c885c7746427a379d7dc909e62d5cff,False,,0.0,1.25,1.173028,1.173028
2026-09-14T11:00,2026-09-23,2026-09-23-35923303933,business-economy,a4f9c5b6f7b4f3ac63ed63bf87aa5a0d97b3005b8a077424dc8b911c57ce019d,False,,0.0,1.25,1.167665,1.167665
2026-09-14T11:00,2026-09-23,2026-09-23-35923303933,business-economy,0ee796d9a74c1b5a8dcb138602bd7107236d446abecdc78cbf45975375872802,False,,0.0,1.25,1.16372,1.16372
2026-09-14T11:00,2026-09-23,2026-09-23-35923303933,business-economy,4dab550750337501922c0eb8e14f468a37dbd287e38d919f84122ca8f27f9ef0,False,,0.0,1.25,1.162419,1.162419
2026-09-14T11:00,2026-09-23,2026-09-23-35923303933,business-economy,be9b749929b14a8bf208dcea633004cd1cb251cf6f51cc2bc7e6656bb43bd670,False,,0.0,1.25,1.155513,1.155513
2026-09-14T11:00,2026-09-23,2026-09-23-35923303933,business-economy,d74f1668975f7c7652c5db4f606e84320fc0c4c9d5c3b8a40ced87aa68cc2b21,False,,0.0,1.25,1.155465,1.155465
2026-09-14T11:00,2026-09-23,2026-09-23-35923303933,business-economy,d20ba8abc21c4981de9a3034d57ab8aa311127592acdb45dddc973fcadc44728,False,,0.0,1.25,1.154735,1.154735
2026-09-14T11:00,2026-09-23,2026-09-23-35923303933,business-economy,07f3c1a560c17d191fed034db5ec7e5201817cbc887c6c998a16e4e0a60720b7,False,,0.0,1.25,1.154106,1.154106
2026-09-14T11:00,2026-09-23,2026-09-23-35923303933,business-economy,a263eed402a1ea97fdeb81a8f4b78f6621114e360e3851143c16d1f868728bec,False,,0.0,1.25,1.153615,1.153615
2026-09-14T11:00,2026-09-23,2026-09-23-35923303933,business-economy,41006a62ce4c730be47770e454d4503356fbf5895592a4d43b4e8bb205e38921,False,,0.0,1.25,1.15349,1.15349
2026-09-14T11:00,2026-09-23,2026-09-23-35923303933,business-economy,03b69d126ea2cbc89803b9bceeb3c64d2bd0ce9c53077154e8e12d4858199278,False,,0.0,1.25,1.15291,1.15291
2026-09-14T11:00,2026-09-23,2026-09-23-35923303933,business-economy,a41ab6c71284a343bcd65afe21c27728ed0a07f161bf6c178614efbcf79cb8ad,False,,0.0,1.25,1.152278,1.152278
2026-09-14T11:00,2026-09-23,2026-09-23-35923303933,world,76f61a773039041e5d1a3322a717eedb239db75d88d7a9f6055b79832521af79,True,,0.0,1.25,1.692817,1.692817
2026-09-14T11:00,2026-09-23,2026-09-23-35923303933,world,2158ff2bb2ba175361c8225de5bb2a4736e5d7177a097f319ffb3f5e123da6b8,False,,0.0,1.25,1.690962,1.690962
2026-09-14T11:00,2026-09-23,2026-09-23-35923303933,world,74e75314bef76565a1cfe347b724553b1912316b046840299bfc05ce21791d1a,True,,0.0,1.25,1.6856,1.6856
2026-09-14T11:00,2026-09-23,2026-09-23-35923303933,world,61259c00bed1a52fdad347fff6c3640ea52b2d2ff002f10a9869b5556ca0a833,False,,0.0,1.25,1.680747,1.680747
2026-09-14T11:00,2026-09-23,2026-09-23-35923303933,world,260ea0037cb684f038846c8091dbaa8ce806335a6f018532d0005fe239d1bd1d,True,,0.0,1.25,1.679804,1.679804
2026-09-14T11:00,2026-09-23,2026-09-23-35923303933,world,127475d68e04292660655424aebe0f7de243f534ae814164d2a2d71f82970547,True,,0.0,1.25,1.675823,1.675823
2026-09-14T11:00,2026-09-23,2026-09-23-35923303933,world,017d786e140caa678a3c6b6557c07c7cb655d840165499ce3d95357421b64912,False,,0.0,1.25,1.674347,1.674347
2026-09-14T11:00,2026-09-23,2026-09-23-35923303933,world,a6b63d4cace87c0af64d5318aa57a1dadcefcc638688d4b4f7b4def8ff667fd9,False,,0.0,1.25,1.668808,1.668808
2026-09-14T11:00,2026-09-23,2026-09-23-35923303933,world,5316510156a39ae3400312a2718322629b1a6c093ceb42493cf28f6135eec5a8,True,,0.0,1.25,1.664607,1.664607
2026-09-14T11:00,2026-09-23,2026-09-23-35923303933,world,3da405833bc0aa0edde047bb17538b4699a9d91215380d0cc45176230115f0d2,False,,0.0,1.25,1.596056,1.596056
2026-09-14T11:00,2026-09-23,2026-09-23-35923303933,world,018901bae781db5135a638a428478f6eca022a944aa724907d68992ef76ffdad,True,,0.0,1.25,1.290544,1.290544
2026-09-14T11:00,2026-09-23,2026-09-23-35923303933,world,b7d4727b875c4a1fec0ddd5a0501f48c97b596e3bf6771250a1d00acc476ad3d,True,,0.0,1.25,1.290252,1.290252
2026-09-14T11:00,2026-09-23,2026-09-23-35923303933,world,997082528f56c6c5d0bbd23cddf9fb8ede1be84527e892ff07cbfbec977db8f5,False,,0.0,1.25,1.249697,1.249697
2026-09-14T11:00,2026-09-23,2026-09-23-35923303933,world,b054e136ac67f683cc579bc5a9db94eded40078f2cefa4521b5fdfdf25502b1e,True,,0.0,1.25,1.249652,1.249652
2026-09-14T11:00,2026-09-23,2026-09-23-35923303933,world,402823bc0d390b2251f03206e9ad81cd61cb663b166ca8696fc9488b9c62ec23,False,,0.0,1.25,1.249652,1.249652
2026-09-14T11:00,2026-09-23,2026-09-23-35923303933,world,1f92ef9ecbd7c0790f8b3e90d733bda259a36b66112cb518c57e05fea09634a2,False,,0.0,1.25,1.196768,1.196768
2026-09-14T11:00,2026-09-23,2026-09-23-35923303933,world,d67888129211bbe970a38e9df6b839a1876e9cdbd630eb98344eaead3f11ffbc,False,,0.0,1.25,1.196717,1.196717
2026-09-14T11:00,2026-09-23,2026-09-23-35923303933,world,148c7684cd742451487759021c0f521c0b834ac76c86c84a150c61fa6897ceec,True,,0.0,1.25,1.196563,1.196563
2026-09-14T11:00,2026-09-23,2026-09-23-35923303933,world,cb7f50f0ec0b315f3cbf438b10eb0dd487c943538ff651344d229f5e95383998,False,,0.0,1.25,1.194773,1.194773
2026-09-14T11:00,2026-09-23,2026-09-23-35923303933,world,c18b1be63a92f4e99cb93197b138959e5b841e7c030b4f550e13cd6caddf42fb,True,,0.0,1.25,1.192658,1.192658
2026-09-14T11:00,2026-09-23,2026-09-23-35923303933,world,12ce59d1725105bcbbb16e474d7a0f377e4b6ff40da88a9979ecd3c35a21f7da,False,,0.0,1.25,1.191385,1.191385
2026-09-14T11:00,2026-09-23,2026-09-23-35923303933,world,acf845e458de09c773ea0a909c6d59e63582a10ba33b2db1d665cc9a7ba0879f,False,,0.0,1.25,1.190443,1.190443
2026-09-14T11:00,2026-09-23,2026-09-23-35923303933,world,a8a49eb28fa64d4b0340a7b56259cab64daff7162c9c489b52c1817fa2a06da3,False,,0.0,1.25,1.189591,1.189591
2026-09-14T11:00,2026-09-23,2026-09-23-35923303933,world,99c2d6dfe6e1025f76210ad3429dca1da69476270a98b0b5b2cdfe7702661bfc,False,,0.0,1.25,1.188545,1.188545
2026-09-14T11:00,2026-09-23,2026-09-23-35923303933,world,832e52f311bf23b3b8911b7f4a4b80597f9f1b006a54ce7f8b8e3943182d3512,False,,0.0,1.25,1.188369,1.188369
2026-09-14T11:00,2026-09-23,2026-09-23-35923303933,world,d1d0057661e11f74060d933a9b11c00b048a3542669a6d5c0f724da6236b1cfc,False,,0.0,1.25,1.187929,1.187929
2026-09-14T11:00,2026-09-23,2026-09-23-35923303933,world,cb8ea3dca6b5f88b538dd2858cc540e96227b759792d6018c8d3f0e74a678738,False,,0.0,1.25,1.187388,1.187388
2026-09-14T11:00,2026-09-23,2026-09-23-35923303933,world,0a483dab06bf9342ae4f9f276c77cbcc29670267899206feec95601c60a1875e,False,,0.0,1.25,1.186603,1.186603
2026-09-14T11:00,2026-09-23,2026-09-23-35923303933,world,70b70533ad554a92d8f8afde0776da56505aec0daac7a16ad4241476749b7b7f,False,,0.0,1.25,1.186603,1.186603
2026-09-14T11:00,2026-09-23,2026-09-23-35923303933,world,88b0eb25c368a85a616a7c17a31213ff293c6dfc3a9856bac326ed07ed5368fa,False,,0.0,1.25,1.186603,1.186603
2026-09-14T11:00,2026-09-23,2026-09-23-35923303933,world,44a7337927646830868787119e9a8d8f7478efc541ad15fd62033a1d24110f20,True,,0.0,1.25,1.183325,1.183325
2026-09-14T11:00,2026-09-23,2026-09-23-35923303933,world,fade97360cf61a3f1c6668fc587bf46a9ef938bde3ba76ecaeb47500d913af8e,True,,0.0,1.25,1.18043,1.18043
2026-09-14T11:00,2026-09-23,2026-09-23-35923303933,india,7727412db4fa971040927ab676ec0cdaf2b3540943a4f62dae3b84d88eccd883,True,trade,0.3,1.25,2.247425,2.322425
2026-09-14T11:00,2026-09-23,2026-09-23-35923303933,india,3566fc072d9c8164d6a5807f249143f16d81ac2793574b072c8b8f2bb22bd96f,True,,0.0,1.25,1.682333,1.682333
2026-09-14T11:00,2026-09-23,2026-09-23-35923303933,india,692b75f8c27a121d665aed73963f0e869cbe44cf7164392e1be54a6dcec4fa84,True,,0.0,1.25,1.645392,1.645392
2026-09-14T11:00,2026-09-23,2026-09-23-35923303933,india,69df7a3281cd0696eab37fc0df9be9a19f537722bc4bee5320228acbec68a58c,True,,0.0,1.25,1.633842,1.633842
2026-09-14T11:00,2026-09-23,2026-09-23-35923303933,india,84cc8a8b6e7b15edfb7ecd66bc5f781a0573aa0ba3c7c85baa4505f240e55dbb,True,,0.0,1.25,1.606322,1.606322
2026-09-14T11:00,2026-09-23,2026-09-23-35923303933,india,f5873a63069c19387bb423c6bfdba337807f9d37e1b1ca6dca069250b36e0a4c,True,,0.0,1.25,1.597794,1.597794
2026-09-14T11:00,2026-09-23,2026-09-23-35923303933,india,d8e8615fcc811076de24148570c1e957f07fcb7a1508750cedd8bcec443d217e,True,,0.0,1.25,1.594419,1.594419
2026-09-14T11:00,2026-09-23,2026-09-23-35923303933,india,678a39db9e17613134ebb81f2fcab213c44c2d3477140041c6677b86f3fdd7ac,False,,0.0,1.25,1.580364,1.580364
2026-09-14T11:00,2026-09-23,2026-09-23-35923303933,india,450914dfafff650963033ed761e2dcea94205f0de775f1b901c4d10cae13c252,True,,0.0,1.25,1.566869,1.566869
2026-09-14T11:00,2026-09-23,2026-09-23-35923303933,india,7a75070099fa7fb870b8448350ca9707e2a1c9f7dbd42b9d30ff80881f81f4dd,True,,0.0,1.25,1.557173,1.557173
2026-09-14T11:00,2026-09-23,2026-09-23-35923303933,india,b6cce111bca6038358fa8e036e3bbe3dca2de9a76f0b5c8f7d919a88af72ffcb,True,,0.0,1.25,1.548431,1.548431
2026-09-14T11:00,2026-09-23,2026-09-23-35923303933,india,45b5e66d9cc35c31735bbe625fe0b3caaef4094b6612adc3fde8c0c9b9d06767,True,trade,0.3,1.25,1.45991,1.53491
2026-09-14T11:00,2026-09-23,2026-09-23-35923303933,india,c59ce9f1324e3d71708dfca1b9c3b91a20faa0f81247af2e85c4cdbead8fb282,True,,0.0,1.25,1.443172,1.443172
2026-09-14T11:00,2026-09-23,2026-09-23-35923303933,india,3a1b6cd769490d37d2daa0461e13de71f37600ab0f30df1255802874e5ebab19,True,,0.0,1.25,1.441993,1.441993
2026-09-14T11:00,2026-09-23,2026-09-23-35923303933,india,bd9180ac6cc0fe7217b7b75902ad67e7097479829d2327be9e3b7b7035a4a624,False,,0.0,1.25,1.435751,1.435751
2026-09-14T11:00,2026-09-23,2026-09-23-35923303933,india,a83d58b595839ceca8707fd55f3a32c2a55d3e2390c1191adb7c36d97912861c,True,,0.0,1.25,1.434561,1.434561
2026-09-14T11:00,2026-09-23,2026-09-23-35923303933,india,a21facc35b6eadef251ef4ec47027487ce4e2f64f7d0dbc9189f9832e517ba20,True,,0.0,1.25,1.429382,1.429382
2026-09-14T11:00,2026-09-23,2026-09-23-35923303933,india,446b13b24e00640e94d02c9778aeffc33178cd20efe907c7e95fd666fa910aca,True,trade,0.3,1.25,1.424811,1.499811
2026-09-14T11:00,2026-09-23,2026-09-23-35923303933,india,b731bb14a663ad902d23a55975204f9e3306ef024d180bee555f9d8d33d090f3,False,,0.0,1.25,1.421687,1.421687
2026-09-14T11:00,2026-09-23,2026-09-23-35923303933,india,beaf6aad635019cc51ada088d1464efe29c7579b70f965a5d88005296991dc06,False,,0.0,1.25,1.421473,1.421473
2026-09-14T11:00,2026-09-23,2026-09-23-35923303933,india,205061303a70dd5896c54b8abac1bb869921df1c45f0ab66e8cb7f1515026cc3,True,trade,0.3,1.25,1.42005,1.49505
2026-09-14T11:00,2026-09-23,2026-09-23-35923303933,india,6a28c1324426280bcdc895ac322a0db67fa1122020673def0a8331ac6daa4cbd,False,,0.0,1.25,1.418449,1.418449
2026-09-14T11:00,2026-09-23,2026-09-23-35923303933,india,a992c3b6a880454461306798fce70e6bba49771fbdd566c67f2fad2f4facd366,False,,0.0,1.25,1.416652,1.416652
2026-09-14T11:00,2026-09-23,2026-09-23-35923303933,india,192167620da03c9fcc3be8767ac56d7234984df33d04c0f2f37ec8dbc2e18e6d,False,,0.0,1.25,1.413231,1.413231
2026-09-14T11:00,2026-09-23,2026-09-23-35923303933,india,d489bed996db47303b02ae2e767caf1b66cc3b47b5c6083fbbdb30447008dfca,True,trade,0.3,1.25,1.409342,1.484342
2026-09-14T11:00,2026-09-23,2026-09-23-35923303933,india,03baeae54fe688fc682d052c9299e093e46a1318a9022d00c73f80aba6b63b6b,False,,0.0,1.25,1.409197,1.409197
2026-09-14T11:00,2026-09-23,2026-09-23-35923303933,india,d2caa2318fce932909fe23e0d067e1dd54ac4fbdcdffafad13e81800d9a14347,False,,0.0,1.25,1.407453,1.407453
2026-09-14T11:00,2026-09-23,2026-09-23-35923303933,india,d56df4e5b23a0e493f9e8b70b5af0c707fb3edc65410e16143efe190ec08c6e9,False,,0.0,1.25,1.403129,1.403129
2026-09-14T11:00,2026-09-23,2026-09-23-35923303933,india,9b9258e401d2c33de703ea8a5568cf50c9785bbeb82499c251f2e0443a9ed477,False,,0.0,1.25,1.402834,1.402834
2026-09-14T11:00,2026-09-23,2026-09-23-35923303933,india,e6ceb7b7e1f31e811556d5cbe9a5b33f6b2f6f1b37aa722aaf3d6b7472df18e2,False,,0.0,1.25,1.402774,1.402774
2026-09-14T11:00,2026-09-23,2026-09-23-35923303933,india,ce0310f9267669c9453ae8b6e95eba1ff09c4b3ae60e60bb63ed6f9672488dc1,False,,0.0,1.25,1.399508,1.399508
2026-09-14T11:00,2026-09-23,2026-09-23-35923303933,india,e7082bba86afaf86d6638eadfc8273d401ac4b0c7e1c2d344f72104f7893ece8,False,,0.0,1.25,1.399068,1.399068
2026-09-14T11:00,2026-09-23,2026-09-23-35923303933,india,0ea474f02b1287b120c5f169151aa4e4d23d0a7cbfb4b4d44d7b02a21d2d7183,True,trade,0.3,1.25,1.398919,1.473919
2026-09-14T11:00,2026-09-23,2026-09-23-35923303933,india,f31b5ab762343dc0d17fbb48324014928a52ddbe82a53758c3058acdcb289a21,False,,0.0,1.25,1.39827,1.39827
2026-09-14T11:00,2026-09-23,2026-09-23-35923303933,india,37c4aeeb3cdb5eb1660c6c8dae57fc33d016d0c1a71c64de15be0a5cbeffe662,False,,0.0,1.25,1.397543,1.397543
2026-09-14T11:00,2026-09-23,2026-09-23-35923303933,india,87a964ed87a8165bee7a47c6df7d0689189a6e133cdd5c7d3ee210710ae82f28,False,,0.0,1.25,1.396846,1.396846
2026-09-14T11:00,2026-09-23,2026-09-23-35923303933,india,badf8661992e104764a2c2fa375c4bd52ab0839b8f41583a4c3a4bda03620867,False,,0.0,1.25,1.395929,1.395929
2026-09-14T11:00,2026-09-23,2026-09-23-35923303933,india,2e1ff7d725a3b38a585ff7d24dec6ba15dd413a3e0ab743c0ddb9bf9859e3a89,False,,0.0,1.25,1.394867,1.394867
2026-09-14T11:00,2026-09-23,2026-09-23-35923303933,india,60c94abb62a33d1f3d8fd448fa4f1ccc291470c3fc84d5dd27fd18175c34a4dd,False,,0.0,1.25,1.394628,1.394628
2026-09-14T11:00,2026-09-23,2026-09-23-35923303933,india,db0700d52f4e5ae7ece391c1d4ef48a4df919a30667fc43b9e14c57c430cac9b,True,,0.0,1.25,1.197656,1.197656
2026-09-14T11:00,2026-09-23,2026-09-23-35923303933,india,e897b729c2b7b92b347afe89c4a5cf6c45752969300c40b28120c2792bff204d,True,,0.0,1.25,1.194093,1.194093
2026-09-14T11:00,2026-09-23,2026-09-23-35923303933,india,27c8de6a3e41ac57801f6063d7af80d58c46410d5c849376c981cc9ed05efc9d,True,,0.0,1.25,1.169496,1.169496
2026-09-14T11:00,2026-09-23,2026-09-23-35923303933,india,b1bf5473df80a4c9dde6a1d2f452cc8ac7b68cf460eb048400a82c27581ac956,True,,0.0,1.25,1.16857,1.16857
