version,url_key,first_seen_at,first_seen_run
2026-08-31,002cad8c405bd3a0d6122b13d7258a1b68b7d2746b207fc47fab3e022c677725,2026-09-01T07:52:03Z,2026-09-01-33484160918
2026-08-31,006c4ac3bf1da1e82a2c4bd9605e8ca310614205c48bef0d14398fe4a5ce58d7,2026-09-01T07:52:03Z,2026-09-01-33484160918
2026-08-31,00a14ea4f67cac699dd1b5827b81122739b492866e313f70f1687c15e7375ae1,2026-09-01T07:52:03Z,2026-09-01-33484160918
2026-08-31,00a36fee2f9a32cb4ce2c973bb0827a92c8e4d427ef131dab8888e492f8662b0,2026-09-01T07:52:03Z,2026-09-01-33484160918
2026-08-31,00c0ef452819d25edfbd89ce67487e948737472cce2affdfe39b5c8dd445f9d8,2026-09-01T07:52:03Z,2026-09-01-33484160918
2026-08-31,00cfc44a5dd60f8e46b05eb07660d9ea1123fc25251cdc3439dae8561275be77,2026-09-01T07:52:03Z,2026-09-01-33484160918
2026-08-31,010301888c289a9978e5123acfb0201129ba4925b43b0c5e741ef0f5a4d34ab4,2026-09-01T07:52:03Z,2026-09-01-33484160918
2026-08-31,0125500d1f9635da1a95df6ffd937ea339c37e271214d07d2ab62780ec64b61f,2026-09-01T07:52:03Z,2026-09-01-33484160918
2026-08-31,012ec2b7f40e51cf5ef975030450b53ab03483001a4783411b1d55fe770ad250,2026-09-01T07:52:03Z,2026-09-01-33484160918
2026-08-31,0138de8bc6a52c7bdc408a974505e3dc723fe86a657a5339e14d83a6e455b6f9,2026-09-01T07:52:03Z,2026-09-01-33484160918
2026-08-31,01878e6847396b103bc53e5a81594ca03f92876c0f458e1970c8441080721124,2026-09-01T07:52:03Z,2026-09-01-33484160918
2026-08-31,01b51a90e425cbaf39a7d8728d1c39da24b218621e73530fb1767b8b8a4b24b5,2026-09-01T07:52:03Z,2026-09-01-33484160918
2026-08-31,01e84fa0a54a40bdbce72019e1975755666e658af55d261220f5a5a2401d2b6c,2026-09-01T07:52:03Z,2026-09-01-33484160918
2026-08-31,01fa76c4cca21b98ad5bf843060931b7163f4d362031d5c50f006a8169ccc121,2026-09-01T07:52:03Z,2026-09-01-33484160918
2026-08-31,0226d050324a99c44d8eb6b829a5f3f60ce21041985dc61eb72c6861e82b062c,2026-09-01T07:52:03Z,2026-09-01-33484160918
2026-08-31,02cf88e505bc29044a6c109481efa456438c14def9e4bc820e409cb6111360e5,2026-09-01T07:52:03Z,2026-09-01-33484160918
2026-08-31,0388ed0ec05251014fb061c3e2710dc83111fec47db7d33546eeb6aed76bcaa0,2026-09-01T07:52:03Z,2026-09-01-33484160918
2026-08-31,03a09f251b4e40ff2f005b8dc5802d3c4306a28a9cb481e39a6e2dbf57035ecc,2026-09-01T07:52:03Z,2026-09-01-33484160918
2026-08-31,03bb1eeb7e53607ed99e7e4d01ee1515f2c7f3f1a8a8df800ae94c9c2dec3efb,2026-09-01T07:52:03Z,2026-09-01-33484160918
2026-08-31,03bea2e82b5c710621adfde8412892c1124c5e886b7fcdbee8cee96d8bd7737f,2026-09-01T07:52:03Z,2026-09-01-33484160918
2026-08-31,03f461e341123b00171bfc2c8769fca866ffb6fb4f5ec435690fd4cdb575aad9,2026-09-01T07:52:03Z,2026-09-01-33484160918
2026-08-31,0415839dfa870aea0ccba26088e3ea6054c20d41ef6a6b602ada65f5a7a2b656,2026-09-01T07:52:03Z,2026-09-01-33484160918
2026-08-31,044410e46ce067db50fde4874d797373c49c7170315befc83f275703ff5b3ace,2026-09-01T07:52:03Z,2026-09-01-33484160918
2026-08-31,0480aae1d37bce5e899e4b54152368b31992dfe82846ebbef72db841e4766dd8,2026-09-01T07:52:03Z,2026-09-01-33484160918
2026-08-31,04b77ee6188afc19e045d722cec1e51bede3b5cab967d80bc631e8866d89b3f8,2026-09-01T07:52:03Z,2026-09-01-33484160918
2026-08-31,056f322cf126bb56fd5bfcc2a97d59a6d48557d32a062f480399a419d8275c9a,2026-09-01T07:52:03Z,2026-09-01-33484160918
2026-08-31,05929cce842ac647503f40e3c771c25e9328cac542e9f8fb67baaee4750e17a1,2026-09-01T07:52:03Z,2026-09-01-33484160918
2026-08-31,059f9600ec5257f41131c11ff91aa3554a109f318487d196c61cfe4126afaed3,2026-09-01T07:52:03Z,2026-09-01-33484160918
2026-08-31,05df09f76ea1caf180da03a0126f3fa9c5d21cd131a31d5b73304af2af31e7f4,2026-09-01T07:52:03Z,2026-09-01-33484160918
2026-08-31,05eec6db1648784e1a90edade92609ec1adcff51e50d7e9ebfd1d78887641506,2026-09-01T07:52:03Z,2026-09-01-33484160918
2026-08-31,067af7b5e50f3ada057d52718bd558c8515334b917be46e8da3ba155517480b9,2026-09-01T07:52:03Z,2026-09-01-33484160918
2026-08-31,068836263161ba09607d0b699515cf238c34bf99a21973e0fd06bdedf99dab2a,2026-09-01T07:52:03Z,2026-09-01-33484160918
2026-08-31,06ae8dc2c563a616b5d83a345d64916981379472e2dbf68c6cfc539dd47b4dc5,2026-09-01T07:52:03Z,2026-09-01-33484160918
2026-08-31,06b2d7c1d517fb8c02fabd0ac8badc82c4b8a81e3c1b6193da1bf6e9e61b2299,2026-09-01T07:52:03Z,2026-09-01-33484160918
2026-08-31,06e136965ab900172fe1326b31d2ec9464097d5ee6f2abe16db284c56558dd4d,2026-09-01T07:52:03Z,2026-09-01-33484160918
2026-08-31,06fa80c83a7aef092a354dbbae90d149b35a1947ef3cda0534260f5d2a710fe2,2026-09-01T07:52:03Z,2026-09-01-33484160918
2026-08-31,07786e54e56f0cc63fe0bce0dae65a5202f3cd1c43ece963fd2b88bdfb510c62,2026-09-01T07:52:03Z,2026-09-01-33484160918
2026-08-31,0838ef0da0bd36e2bb863109dd238b4f2049030a9235d014c38bd766dfe74c62,2026-09-01T07:52:03Z,2026-09-01-33484160918
2026-08-31,08b1b4b6093562e398ff20197f5af0ef788abbed482f4560c48ef4a3445c483d,2026-09-01T07:52:03Z,2026-09-01-33484160918
2026-08-31,0904f7dc80c06091f554e1332f556ea5d296f3acaea674ace740c920a267bca2,2026-09-01T07:52:03Z,2026-09-01-33484160918
2026-08-31,09228a0b8c0de8366340c133d38de53477e743d3668705410bc5fff80b76d85b,2026-09-01T07:52:03Z,2026-09-01-33484160918
2026-08-31,09e3a57de9b29149ad15251b7a85c9921c8544e8e1460d51e42c538b4eb8fad4,2026-09-01T07:52:03Z,2026-09-01-33484160918
2026-08-31,0acbfd98f3a90f0a8e680d498631ac4e677fda8077a24a026a3a1995e050a945,2026-09-01T07:52:03Z,2026-09-01-33484160918
2026-08-31,0b9ea55e44210f584fd70f2d4e4f5f52f993f83e0f1a25daecd437086c48b891,2026-09-01T07:52:03Z,2026-09-01-33484160918
2026-08-31,0bb7d3e9ad7a36bb41463f6621102203e42dafaed7ab86047d2f94cdbab142c3,2026-09-01T07:52:03Z,2026-09-01-33484160918
2026-08-31,0bc5e758eb03c7e1bd517ec2cc70787674df23f3df99d00b0e17e57ba1119ed4,2026-09-01T07:52:03Z,2026-09-01-33484160918
2026-08-31,0bcb93fc2da4d30069e4090231c5e48466378ba1c0e9431db3773444869b6729,2026-09-01T07:52:03Z,2026-09-01-33484160918
2026-08-31,0c3f420b1d8d7c9baeafd5abd4bfa7f930d999e0457553365ebd2b3b90f824aa,2026-09-01T07:52:03Z,2026-09-01-33484160918
2026-08-31,0cb609f6c107495f97fc1a1405bbf1574888bf0c7594ddf2df829b6d3a201cbb,2026-09-01T07:52:03Z,2026-09-01-33484160918
2026-08-31,0d85685a14d092df6275aad5f85c7b8673c954b1144d79ee7cdb538f8b87414b,2026-09-01T07:52:03Z,2026-09-01-33484160918
2026-08-31,0e013a068c1e95c5cf0af1faa790c056e6dca829b0e0e376d351c6598ccf0923,2026-09-01T07:52:03Z,2026-09-01-33484160918
2026-08-31,0e28b70857192e0b05391360a53284055f7a3ea62b4d3c28a9ae5587b28b6238,2026-09-01T07:52:03Z,2026-09-01-33484160918
2026-08-31,0e3d7b93fa7e849a31e32b96c28538a143270116dc17df31b9f39d460af258ac,2026-09-01T07:52:03Z,2026-09-01-33484160918
2026-08-31,0e6b4b5e0913b7bfc7caad9410b6da8325086cb56b7036bb20eb8097ea305eaa,2026-09-01T07:52:03Z,2026-09-01-33484160918
2026-08-31,0eaf8865916d45425f703815ba3a0b3f33e77af1463f2bebf9cf6f07a10fa316,2026-09-01T07:52:03Z,2026-09-01-33484160918
2026-08-31,0ef16cf242caa1a47ae78b41ff60b0333a8769fc3b5285d7667d6a73ddc9f081,2026-09-01T07:52:03Z,2026-09-01-33484160918
2026-08-31,10346dc8ed00033b4a7d25478a18233871160a7f2757ebe4b9578ff000005f3d,2026-09-01T07:52:03Z,2026-09-01-33484160918
2026-08-31,106642eab8420e46c7dcfb41e51d817b00805e75dbdf2d3aa7bc658f16ccff77,2026-09-01T07:52:03Z,2026-09-01-33484160918
2026-08-31,106e6b8af18d0df38ccd33dd279955abadcfa0d0550d046ddc683f452a042ed6,2026-09-01T07:52:03Z,2026-09-01-33484160918
2026-08-31,10b98a29b5cdb7c005951117d2ecbc48542abbc46e64755b2e626ff02caf0032,2026-09-01T07:52:03Z,2026-09-01-33484160918
2026-08-31,10de9acf021efb0ed61b739480c0dadef3b6d554967a55e92105a93b8cfd9a98,2026-09-01T07:52:03Z,2026-09-01-33484160918
2026-08-31,110e74a88ea7c4b7f0752d0132b175a244add0a769decf38ff4af7f290458eb7,2026-09-01T07:52:03Z,2026-09-01-33484160918
2026-08-31,11663cf8116154326ada7734db06e8dd5f0a7dd7b746a8889a4e7d9aa31d657a,2026-09-01T07:52:03Z,2026-09-01-33484160918
2026-08-31,11fa23a151e74040b7faeed253f39122dd45563395647932fab537da5376b972,2026-09-01T07:52:03Z,2026-09-01-33484160918
2026-08-31,12d1123f97e32a4ced4a1ae3a94d1444064acbbc01386d4cbd3e9bc025d9a5b4,2026-09-01T07:52:03Z,2026-09-01-33484160918
2026-08-31,131fe3bc336dec568926200c251dbfa808dcea8d9aad2e2a3179f54d0c0a1af7,2026-09-01T07:52:03Z,2026-09-01-33484160918
2026-08-31,13f70ae6338c5421d368cca2c9799a48a936f7addf7e0a3a2784c9718c280dfa,2026-09-01T07:52:03Z,2026-09-01-33484160918
2026-08-31,145aee4dc5b5a8490444520ce1701bfaa24bdeca00da01fe969cd4b39018e235,2026-09-01T07:52:03Z,2026-09-01-33484160918
2026-08-31,14dadd4f8a65e7884724d1572e77dd63b7e2e9915d9b541243cb938390a6ce24,2026-09-01T07:52:03Z,2026-09-01-33484160918
2026-08-31,1505cda1b30e2459360942153130604be13cf9b9eadf9caaf15f3b4bb19cabf5,2026-09-01T07:52:03Z,2026-09-01-33484160918
2026-08-31,15517cb439cd4001e875b8139a23f03add931ca392edbf20356178e85b223257,2026-09-01T07:52:03Z,2026-09-01-33484160918
2026-08-31,15994304b52dbde1e3bea4078bf1f1b86d306080e709084d02fcc63bf141ceef,2026-09-01T07:52:03Z,2026-09-01-33484160918
2026-08-31,162536c5c492c4fa54bbe540798f90e81df8af3fc36484a513269a1d5b90a345,2026-09-01T07:52:03Z,2026-09-01-33484160918
2026-08-31,166d8843ed32504fdd64a4497d97224a35d44139a5278e77c74783088c7109b7,2026-09-01T07:52:03Z,2026-09-01-33484160918
2026-08-31,167f694d1a703befb5fb8ccd1b882d7afb1ad22fb8c4c78e059ece7f46a52dee,2026-09-01T07:52:03Z,2026-09-01-33484160918
2026-08-31,16af7f05cc42391fb52a436e8b1a9bb646271ac570a3673b75f757e446955348,2026-09-01T07:52:03Z,2026-09-01-33484160918
2026-08-31,17128a3cda6cdf9a4b90da739de460498677304c73a66f0d5bae18f013ea9d64,2026-09-01T07:52:03Z,2026-09-01-33484160918
2026-08-31,172abefab874c0fb58901dddcaea0062aba25f46fe3e4738a9875e3557532d5d,2026-09-01T07:52:03Z,2026-09-01-33484160918
2026-08-31,174221e9abacce1efd793870684d090ba2055a289f8b2f63fa8c7dff7bd89e1f,2026-09-01T07:52:03Z,2026-09-01-33484160918
2026-08-31,1757866add1b34c04c07e5df1be2cee8bc30c10394809761413fb74e808031eb,2026-09-01T07:52:03Z,2026-09-01-33484160918
2026-08-31,175c30c99728236b3c7b12d784ba4fe09013449aa20113278396e4def4c39c19,2026-09-01T07:52:03Z,2026-09-01-33484160918
2026-08-31,17b6cce14de4f493c1d105ef1c25705801d7d33e98f6e7b84ca33123b169d797,2026-09-01T07:52:03Z,2026-09-01-33484160918
2026-08-31,17ceeba49a189c14e6cd40f972610cbe58af8c7fc8190afb4c3ad5c7c6f54bba,2026-09-01T07:52:03Z,2026-09-01-33484160918
2026-08-31,18077e65a430fb0125ef6d8afb6bda1270f9a3f28dc3d32ebdde1e9e3784049d,2026-09-01T07:52:03Z,2026-09-01-33484160918
2026-08-31,18133e114f630664f0adf20cbd18ffb5862bfe12992c051e2d235a8ae9dac763,2026-09-01T07:52:03Z,2026-09-01-33484160918
2026-08-31,181915b0e7de81b01d23d6b24bbde37ab86d1e22a62ceaf6f294aba83772d411,2026-09-01T07:52:03Z,2026-09-01-33484160918
2026-08-31,1826f33d0a3772373aa3aacb8cd97104248a90ca343da56a8aff49b2164b7a3a,2026-09-01T07:52:03Z,2026-09-01-33484160918
2026-08-31,1828b1351db6b3e2c1c7feaa0c4ace357b5c41c9eb46d7875c7502e3807f4d28,2026-09-01T07:52:03Z,2026-09-01-33484160918
2026-08-31,18fd25ce90ff50566d991e23fced3ac5555fd3e440246b15296aad8b43cb82bd,2026-09-01T07:52:03Z,2026-09-01-33484160918
2026-08-31,19302ef968645996f4af6d66aa583ca1cc2bf83413c7bfb1b7e12b13b83f9056,2026-09-01T07:52:03Z,2026-09-01-33484160918
2026-08-31,19b502ed9ba826164871325a18861f5fddefad18a335439e0ef5dc4f919e8de4,2026-09-01T07:52:03Z,2026-09-01-33484160918
2026-08-31,19c5bae10676b2ac8e8b2b4357e49e573d7d1489416b06bcfe6a3b8489c6f95f,2026-09-01T07:52:03Z,2026-09-01-33484160918
2026-08-31,19e797d504230c2e18745f127037b1ef29a2736d7461835014650edde997124b,2026-09-01T07:52:03Z,2026-09-01-33484160918
2026-08-31,1a116b6ab8607b7d9c3c3ca5625a639c6764baf349336f7c9f9ee16475ad174f,2026-09-01T07:52:03Z,2026-09-01-33484160918
2026-08-31,1a2e0aaf03d14ac1a955fa2b3c71a780df675f2c1fb67118e282d2373131ef0f,2026-09-01T07:52:03Z,2026-09-01-33484160918
2026-08-31,1a3a85d997b5ada753204d481a7ea1bd11214129123d60605da02abb3935ffa5,2026-09-01T07:52:03Z,2026-09-01-33484160918
2026-08-31,1a43117a396f2607e34fcd5f475bba45f33ae436d76535a6d91efe7649a0844a,2026-09-01T07:52:03Z,2026-09-01-33484160918
2026-08-31,1a570520a5ec8c34c673563fe32e6b66cd53bba495eaf1c0cdb3ccd868c936ed,2026-09-01T07:52:03Z,2026-09-01-33484160918
2026-08-31,1a715a1e946bda30c9a261722e88786cbb668faa119e68f0e3f8725b583ba6e2,2026-09-01T07:52:03Z,2026-09-01-33484160918
2026-08-31,1ad67ac703d5ab689335d0eb2eb8a22db3811bc29f4ac941f4538ba326f7fc1e,2026-09-01T07:52:03Z,2026-09-01-33484160918
2026-08-31,1af2c2b03085c4aa44b334016907905b666d9f6c527bbbbc9407c986321d5bf5,2026-09-01T07:52:03Z,2026-09-01-33484160918
2026-08-31,1b334f9a34a4badbe2946082392f89ba9a63d35d9ae81877102ace9e914eff54,2026-09-01T07:52:03Z,2026-09-01-33484160918
2026-08-31,1b7bdc42a842c1b9dd3483830d64822b51037c5041c022cded68d11b7143d22c,2026-09-01T07:52:03Z,2026-09-01-33484160918
2026-08-31,1c310a46b36e851008417082be38761ffc26b044a8933b0f3647e98065748fe5,2026-09-01T07:52:03Z,2026-09-01-33484160918
2026-08-31,1c4e3ffc0a5e38bb0f161997dfed640403a40fad70a6f6bafca476c2c27a3193,2026-09-01T07:52:03Z,2026-09-01-33484160918
2026-08-31,1c79ba9c61fedc5528ead4fb433448461d9c3c50a6a213e488d8003936903236,2026-09-01T07:52:03Z,2026-09-01-33484160918
2026-08-31,1ca271516f52ac43519c7f0604f208bb4028dc17fa28955cdb9af4e729f5260b,2026-09-01T07:52:03Z,2026-09-01-33484160918
2026-08-31,1d0e7e443e1ea824375db5170fb57eea7d422093809abda370ca2ac1964a7e2e,2026-09-01T07:52:03Z,2026-09-01-33484160918
2026-08-31,1d1ec7304de78e9d6e4357c09ecb9d2c8e14ef18ed25c4dca8c7f27e63671b13,2026-09-01T07:52:03Z,2026-09-01-33484160918
2026-08-31,1d3046418fde92d1461a509bd831252dd6ec5ac070a093d3b6874c5218c36dbb,2026-09-01T07:52:03Z,2026-09-01-33484160918
2026-08-31,1d40162d841086ec47359d53982a764726774cb50769132eb57aeda9f3a4e66e,2026-09-01T07:52:03Z,2026-09-01-33484160918
2026-08-31,1de3d6c39bf9268038ddbcebb9ee05a5c3d63e493e4389eda2b83772155e7ca4,2026-09-01T07:52:03Z,2026-09-01-33484160918
2026-08-31,1e227f5d63656c1d7e41e0023806b96cfa86ec9846743aa198c5154e157bce57,2026-09-01T07:52:03Z,2026-09-01-33484160918
2026-08-31,1ee7f2ee2724b8a2c2e9124a145344e4fa9e916e8c44925301e2d18764ef696c,2026-09-01T07:52:03Z,2026-09-01-33484160918
2026-08-31,1f0049fe7af812d691e77afa5d1aaebbcab3d4ccde59b1181bae25ad81f7e5a4,2026-09-01T07:52:03Z,2026-09-01-33484160918
2026-08-31,1f13ca40cd651820112c4284fd4efd70cd0d3e20facd4676d08d84c19d7cff98,2026-09-01T07:52:03Z,2026-09-01-33484160918
2026-08-31,1f23142c87e6b1a4cf6d276ac174eee683c4a466bb1745f60e94d11171a421c0,2026-09-01T07:52:03Z,2026-09-01-33484160918
2026-08-31,1f3bb36fa169616d9670cc41a3750a6378a766d93f13ba2ba379cb268c5b5af2,2026-09-01T07:52:03Z,2026-09-01-33484160918
2026-08-31,1fa3176ca57868ee84419abd00287fa427f1e6b44209fea9b396e3691a4c705e,2026-09-01T07:52:03Z,2026-09-01-33484160918
2026-08-31,2021193f1367e4bbfd71667eb81dd7ae557976393af1dd403c00eea8cba0e85d,2026-09-01T07:52:03Z,2026-09-01-33484160918
2026-08-31,203e0426480ed73559b5e4ea2b609914748b3c8dca5e87a9a1bf88d65d6797bf,2026-09-01T07:52:03Z,2026-09-01-33484160918
2026-08-31,207ce91f7cdbfc4b12822ff24c4901df756f4adb5520f24516ad034d02a927bd,2026-09-01T07:52:03Z,2026-09-01-33484160918
2026-08-31,207dba413d3d638851de0ad46defd09ca2a21685b3db7ddd44e5441233b114cf,2026-09-01T07:52:03Z,2026-09-01-33484160918
2026-08-31,208cfb9d1ab369a09930b392e5e56b8098667a640ba24402140c9dfb2705f037,2026-09-01T07:52:03Z,2026-09-01-33484160918
2026-08-31,20ba04ace0d14c65570523fce6be4716d7ceb033a5b96c146d86e69999f59829,2026-09-01T07:52:03Z,2026-09-01-33484160918
2026-08-31,20e585cfeeea8a58c61930bdf54d9492779021c8e23c9397042462b5166090ea,2026-09-01T07:52:03Z,2026-09-01-33484160918
2026-08-31,2114797fcd6b30e3697eed297cb3bd4bf951c62952a3e5fe1605d2496a8d65d8,2026-09-01T07:52:03Z,2026-09-01-33484160918
2026-08-31,2129d887c8730475accee3f06720a4e8ecd48611513433f4308af4393c4a86d5,2026-09-01T07:52:03Z,2026-09-01-33484160918
2026-08-31,21c88b2c0d812b925cdf0d0dbdb246e7d1586fd0456cf6cdcb9c665abad0c64f,2026-09-01T07:52:03Z,2026-09-01-33484160918
2026-08-31,2273b1197094f88ed383057c78885d606a03ebbed92ab04ac4de8ecce4004fa7,2026-09-01T07:52:03Z,2026-09-01-33484160918
2026-08-31,22b1d9986af9a562359ecfd63c0324f2ed730d0e7acff33d805586045cc34871,2026-09-01T07:52:03Z,2026-09-01-33484160918
2026-08-31,22f17cbc152fa0121eb083dafd7609b2c0f1729a6289bd6f4c131bce79839ef6,2026-09-01T07:52:03Z,2026-09-01-33484160918
2026-08-31,2300fb88d3c8578c5b19d9c165b1eb67582958a11c2c759f5a792b1666da3ab0,2026-09-01T07:52:03Z,2026-09-01-33484160918
2026-08-31,231fd666e5683af5a486e532ffe39dd7fd606b08941c482ba75a206977c68236,2026-09-01T07:52:03Z,2026-09-01-33484160918
2026-08-31,2341d0302c4a9a85167e9587ba2618730f41ef1f57f6d80aee67523ad0c6cc8b,2026-09-01T07:52:03Z,2026-09-01-33484160918
2026-08-31,2371368ba88242d71de5d3ac21d83d5663b2dc10e07b691fdbeeb0ba82e929a2,2026-09-01T07:52:03Z,2026-09-01-33484160918
2026-08-31,237b251dbda832ccdba5ef043ab58a4dfefcb69b134da6906cc01d38126f0aa4,2026-09-01T07:52:03Z,2026-09-01-33484160918
2026-08-31,2425598988625c855d14238d2a28d609396562b97bde959c81f4320ea472e0a7,2026-09-01T07:52:03Z,2026-09-01-33484160918
2026-08-31,249747b76e2a28d7f551df5d2d777633eecdbc657305df2ab5b0ff46fb950e63,2026-09-01T07:52:03Z,2026-09-01-33484160918
2026-08-31,252d855f892bd6e1138197171db25585bdf9820b9eb2878406340c23e12858b5,2026-09-01T07:52:03Z,2026-09-01-33484160918
2026-08-31,256293993115044a8ab532d6830359e13b1afde06112960c69b1fc06788ba29b,2026-09-01T07:52:03Z,2026-09-01-33484160918
2026-08-31,2572cf129a4d8a1e7bfbc9e558dab6611df6396d21743e3703a3b4bd483b1b42,2026-09-01T07:52:03Z,2026-09-01-33484160918
2026-08-31,25aa3b73682309014c7dd91146d887b54d7ffb983aff1cea96d85c5633753630,2026-09-01T07:52:03Z,2026-09-01-33484160918
2026-08-31,261e54b80fe15732c6ad8ada348361736bebb52f5418941c6f3630c202c42b57,2026-09-01T07:52:03Z,2026-09-01-33484160918
2026-08-31,262c16f383cb0c0d339498e922634861f7f6388a30901e9b61785feabfeea833,2026-09-01T07:52:03Z,2026-09-01-33484160918
2026-08-31,265c750b23738c608e786029e6311a8c1698ac56a20d9bde1f63fc95c628f5d9,2026-09-01T07:52:03Z,2026-09-01-33484160918
2026-08-31,2668c1c99d98d7186924ec9cc59ab2f25c00da2b7e0f3f8fdb1e2a2e10f63647,2026-09-01T07:52:03Z,2026-09-01-33484160918
2026-08-31,267f99e42b2650dd5f72d788f2deca34cc56f07206f028ebd520e9e45fa180db,2026-09-01T07:52:03Z,2026-09-01-33484160918
2026-08-31,26ff712bf378f4c0e27368c5e4263f9fe52a24dbd30e9555c87886a62a08d749,2026-09-01T07:52:03Z,2026-09-01-33484160918
2026-08-31,271ae2be1f445c1a04d62bcbdd18069f7e63fbecb01657a6892cb45599269fef,2026-09-01T07:52:03Z,2026-09-01-33484160918
2026-08-31,27562d097d4aa5a105ea11223c945e1154a9ea0688d905b8be1223835a19a782,2026-09-01T07:52:03Z,2026-09-01-33484160918
2026-08-31,27cf33fbdb80de8e96435ad03ced5660ab4b306b0a924dae5ad57484aa789daf,2026-09-01T07:52:03Z,2026-09-01-33484160918
2026-08-31,2870679335a329047ad996e5780a887c71418e04a0ed32334219423783e70c9f,2026-09-01T07:52:03Z,2026-09-01-33484160918
2026-08-31,28877e543b80b2e06b731315150f53de42b719c65572997455334b8aed36c364,2026-09-01T07:52:03Z,2026-09-01-33484160918
2026-08-31,2906c33c4b8e51eb983df18a01938f5d44bfa88efe6f8ff0d00f2171e9068ffe,2026-09-01T07:52:03Z,2026-09-01-33484160918
2026-08-31,2977ed692b99828a22837e17b4fa6461d9fb183a00a3c4f14368215b7e051beb,2026-09-01T07:52:03Z,2026-09-01-33484160918
2026-08-31,29bbfd291ae8a8c080ae10d0aef4818c799a62ec4c54371181eb123e3cbe6afa,2026-09-01T07:52:03Z,2026-09-01-33484160918
2026-08-31,29d8a7a3d0e16f8fecf3fb33f68a16cd6247a7ebed09bf0d7eaed58f8835b300,2026-09-01T07:52:03Z,2026-09-01-33484160918
2026-08-31,2a010811a21ba83c41e598297de4661e84a81865a9362d2c19c93daa8c693315,2026-09-01T07:52:03Z,2026-09-01-33484160918
2026-08-31,2a036f8fb8d2643520586549b2785989660d9389c49f9d33edb87a886f614691,2026-09-01T07:52:03Z,2026-09-01-33484160918
2026-08-31,2ac3b5e9731575d32955967893a1f54dea4ad6bd4fd24ec6d9cc718553475089,2026-09-01T07:52:03Z,2026-09-01-33484160918
2026-08-31,2b0d0400ae3600a1c4565531c4dbbf93c1ff0f05ffcc671202ca2ddf98073dbb,2026-09-01T07:52:03Z,2026-09-01-33484160918
2026-08-31,2b2bbf6554d8896363d0e81dd8177e341fee976a9a93dce4d4f4bae5aff9a1f9,2026-09-01T07:52:03Z,2026-09-01-33484160918
2026-08-31,2c41fe01d1ba6659f2ad1394ba7d0a1592ebdd7d286e993c26db9fd30cfc1369,2026-09-01T07:52:03Z,2026-09-01-33484160918
2026-08-31,2c670810d7b076ba05323e9315ca35d20b1faa30612030510d2d91b577def2e5,2026-09-01T07:52:03Z,2026-09-01-33484160918
2026-08-31,2cbfbe825cb9a76494b868e9b34dd0f9c356fffeea7a7cfc82fba4faaf741796,2026-09-01T07:52:03Z,2026-09-01-33484160918
2026-08-31,2cc86f7516a96d26e5a59f773d9ff290d15b1a709973f0f5b6082e78c86c5ef4,2026-09-01T07:52:03Z,2026-09-01-33484160918
2026-08-31,2cd90559c10d67aa4985e18a3a0c07f73998e61435b5f47a0519fe82eb3929db,2026-09-01T07:52:03Z,2026-09-01-33484160918
2026-08-31,2ce5cf772d58fcf519a41664f1e61135c898dd46e3d47a508720df3d973fef91,2026-09-01T07:52:03Z,2026-09-01-33484160918
2026-08-31,2d8039e78a045a207ae3059c1b7806e681e62a5a357c31f9f9f6bd62586d7652,2026-09-01T07:52:03Z,2026-09-01-33484160918
2026-08-31,2d9b66efa6a2ac2967bdb8917b9c5a60987770e29200f43fd4d9b51661780bcc,2026-09-01T07:52:03Z,2026-09-01-33484160918
2026-08-31,2e29295de76d23462ead8bd7fb5afb2e9449df13963ad4ac98515d96b4911555,2026-09-01T07:52:03Z,2026-09-01-33484160918
2026-08-31,2e2ef56bd39c02728be3db6029669685d82bf9312e147b8a23eb9c2104c9401a,2026-09-01T07:52:03Z,2026-09-01-33484160918
2026-08-31,2e3c689fd7e439b032c23bed91b6bb5fa1d743f4b41ddf63684d0db9f0b2c850,2026-09-01T07:52:03Z,2026-09-01-33484160918
2026-08-31,2e4aec3ee7de3b1cbf0b0e057882c54cc32bd62ef5d34f8b53d037e9cb8384a5,2026-09-01T07:52:03Z,2026-09-01-33484160918
2026-08-31,2ec00cb33be2d1676d9a78d83d258b994d9402ee04fa1446047072efb4633ba9,2026-09-01T07:52:03Z,2026-09-01-33484160918
2026-08-31,2f695aa31c0b39f02af99cc84ce5c4294dd5e568d7e6f86bd735296cfe3a58da,2026-09-01T07:52:03Z,2026-09-01-33484160918
2026-08-31,2f7263d83d7247f4df33168fd4208774c85105fde261428fe882d6886fa6af32,2026-09-01T07:52:03Z,2026-09-01-33484160918
2026-08-31,2fa7c5eacf9910ba7d2018e1ba3334a9d5d8689eaededb00a4cf7e6ff0b9c3eb,2026-09-01T07:52:03Z,2026-09-01-33484160918
2026-08-31,2fb68d02334b743365cf9dac1793d646b7cd0fad367af4bc9b1fcbce83c11b25,2026-09-01T07:52:03Z,2026-09-01-33484160918
2026-08-31,300c692dc05824d646c9071da2286f5428515793990d98e410b2edb1e1c3ad69,2026-09-01T07:52:03Z,2026-09-01-33484160918
2026-08-31,30126ec3619ca15c3f31e10117c0f2fd3b7df377d6436e6a118a14b6a2789788,2026-09-01T07:52:03Z,2026-09-01-33484160918
2026-08-31,308c365832014433add5d74d68b1e5e9187b2bbbd377429d0bb308759039df51,2026-09-01T07:52:03Z,2026-09-01-33484160918
2026-08-31,30b68410d8b2f9877fcbbbd62d31e2008797c1ed92c5dc19e1218d8c5cb0cfea,2026-09-01T07:52:03Z,2026-09-01-33484160918
2026-08-31,30bf81744d01c045aaabfe9cd003c9a501bf32913aff7c7e860801daf1c1debe,2026-09-01T07:52:03Z,2026-09-01-33484160918
2026-08-31,30cab4dc93096672a914d6ec9bbdde7e03e286e86bc24ee41a1fa3b326761330,2026-09-01T07:52:03Z,2026-09-01-33484160918
2026-08-31,30db5030b4faec34ed747d34f033647e8e1ce353dd1d02a044e3fbad9b63ba75,2026-09-01T07:52:03Z,2026-09-01-33484160918
2026-08-31,30f170e6a38a4a55487e31e51af4467d35f960e93212be3ac55408f26404979b,2026-09-01T07:52:03Z,2026-09-01-33484160918
2026-08-31,31143044d1e806592fef973fcf7e70bdbde93760e6bac2e29821732775a6c2cf,2026-09-01T07:52:03Z,2026-09-01-33484160918
2026-08-31,312300ea7b9decaa50e49296d7b7e929c83373b31a53ca8ffb82d51ed6de1edf,2026-09-01T07:52:03Z,2026-09-01-33484160918
2026-08-31,315d41a11b616163acd4468b6f9abbec9d7a64fc7e53c4236fb7046a5645fe0b,2026-09-01T07:52:03Z,2026-09-01-33484160918
2026-08-31,31a5b3122c72f6747478f52b6ccbb87f02428f5c247b0445dd727685505b69f9,2026-09-01T07:52:03Z,2026-09-01-33484160918
2026-08-31,320627400cb6cab4793a05d389eee34fe70d02bf99e49b6ac7937aad71b86ced,2026-09-01T07:52:03Z,2026-09-01-33484160918
2026-08-31,32127d5a92f4cc3fbe4ac7bdc92d3958e7e94b176b3374d526a229f6edcaeb66,2026-09-01T07:52:03Z,2026-09-01-33484160918
2026-08-31,3256f66e07911703a0a4c00772da0e53ed1df913b496842abe0ef69d996651f9,2026-09-01T07:52:03Z,2026-09-01-33484160918
2026-08-31,3262662864f3b1466987a9ea80ca6420f9d93d75c608d6f5dd481ea9ae4ee15c,2026-09-01T07:52:03Z,2026-09-01-33484160918
2026-08-31,326555ad02e9018809cdf161662f72a64901dad209e4094e7f5c6f7705e6d957,2026-09-01T07:52:03Z,2026-09-01-33484160918
2026-08-31,32fb9ae3032068b4de83c27b98797ea86aaf82f08eff0ff32656746b06e6eb48,2026-09-01T07:52:03Z,2026-09-01-33484160918
2026-08-31,33038da43f1b4d53f3d4710d5916262569e35ddef82c9e310269d3c24c26b3e9,2026-09-01T07:52:03Z,2026-09-01-33484160918
2026-08-31,3303dfed9f3a1d9f775a00611ab02cd710b9d14ed85a43aa011b5a0c42320c45,2026-09-01T07:52:03Z,2026-09-01-33484160918
2026-08-31,339ab72f66321ec77a645c917888e58d15592caffad6d78deab49a9ff269b6bc,2026-09-01T07:52:03Z,2026-09-01-33484160918
2026-08-31,33a58787122ca0c1f3da599504c3b4b28a5dc49e8483ee89aa2646b00c956548,2026-09-01T07:52:03Z,2026-09-01-33484160918
2026-08-31,33dd9e72b80a667cea1f74b84f9a33d151235ab51e5b4c005d3ec135c3602ca9,2026-09-01T07:52:03Z,2026-09-01-33484160918
2026-08-31,34148bb60a9f7ca3f5658a228a1e563d87a5805ba1bc981b9f7ade3e961528c1,2026-09-01T07:52:03Z,2026-09-01-33484160918
2026-08-31,3468e874a97609695752d57bf725a91efdf66b65e2505119405f202f276094fd,2026-09-01T07:52:03Z,2026-09-01-33484160918
2026-08-31,347231caec6445d35ebdcb50a063cce145df447db54e5641493a69b5558d21a7,2026-09-01T07:52:03Z,2026-09-01-33484160918
2026-08-31,34af0c711e9418d8b3ae80050922d87449f03a00880c8eaff83772fb6e3def76,2026-09-01T07:52:03Z,2026-09-01-33484160918
2026-08-31,351bd92f7d042dcc8c2378a614c541721354b36e7d68cb9ff04c2a76cf46efa1,2026-09-01T07:52:03Z,2026-09-01-33484160918
2026-08-31,35288c4c7840cc2d995fd6f8adb99ce872d32337a3ab032bb736098dacfdaf2a,2026-09-01T07:52:03Z,2026-09-01-33484160918
2026-08-31,35862a231258c1ddd9abd5dc7afabddf9ae366b329d69f95960afadf41b3d67c,2026-09-01T07:52:03Z,2026-09-01-33484160918
2026-08-31,35c60330ec4cb79b5dca8f1c9de3deef904d5533d067474455c038b65c4a5c03,2026-09-01T07:52:03Z,2026-09-01-33484160918
2026-08-31,35faead03c684d44191588dafaaed65d339e35ec93995d12673c6ac9f0010e8d,2026-09-01T07:52:03Z,2026-09-01-33484160918
2026-08-31,3616f265449005283b14ebfa750bd781f55146540209e052b7fcf4aa46b90288,2026-09-01T07:52:03Z,2026-09-01-33484160918
2026-08-31,362de37e7631f04d54ec33fcd1de76bf5f173a046c5b784edc3ecc2226e9bd3d,2026-09-01T07:52:03Z,2026-09-01-33484160918
2026-08-31,36bc785432d4057447d8c5bece5301fe6a082a5236aea51584e7ae2d5232f30a,2026-09-01T07:52:03Z,2026-09-01-33484160918
2026-08-31,36bc967be5122115fdcdffcae8e1f72154be8d4232d8ae199cab02676fb9b56d,2026-09-01T07:52:03Z,2026-09-01-33484160918
2026-08-31,36dd84f6cfb0315c8125dd2b0c60391402f6b92fc4b7234f01c3f5ddce12661e,2026-09-01T07:52:03Z,2026-09-01-33484160918
2026-08-31,373fa75b504367e91a6f00c6475c4f5e1eb736d80c767b170a3159c6b62f4083,2026-09-01T07:52:03Z,2026-09-01-33484160918
2026-08-31,3762c5bc5c5b6d1bc46027fd01bd0dea2269a11e4e9ec55ea8983f3376dd5f39,2026-09-01T07:52:03Z,2026-09-01-33484160918
2026-08-31,37892f06e51dc3c7a058e4b384df89b879d1a5102b9816a3b519a2bee371e4c5,2026-09-01T07:52:03Z,2026-09-01-33484160918
2026-08-31,37b62903769282e853394697175cf77c41972c21d60f67c38eca3375bfc8f528,2026-09-01T07:52:03Z,2026-09-01-33484160918
2026-08-31,3843df1b967a70f7ab896c4914e7345c709b6fcaa2b4fb03e8e863f5102ed0c9,2026-09-01T07:52:03Z,2026-09-01-33484160918
2026-08-31,38acec340f491646917768e812dd90b051018585694eb06cb2d8775996c2ccbc,2026-09-01T07:52:03Z,2026-09-01-33484160918
2026-08-31,38ba44d1899e5815e12fa8354e89daed1fbf51e2075c1f5aee5e4934e39fd539,2026-09-01T07:52:03Z,2026-09-01-33484160918
2026-08-31,38edcf45a30996eff0c45c4728816d04456bf07307478b227ea9c839ca9a8b7e,2026-09-01T07:52:03Z,2026-09-01-33484160918
2026-08-31,390a0f4f77b18635d6e7362c646329e74492e9e712ca272f33ad10c7421b2af1,2026-09-01T07:52:03Z,2026-09-01-33484160918
2026-08-31,39168a6ce431a7e5bac2cee8a33dfd2269780923ff4cf4fbf0d6cbac5f096996,2026-09-01T07:52:03Z,2026-09-01-33484160918
2026-08-31,397caed0b18ddb3fb866cbf5be701c1b48078abde6a09749ac62cfd5daa1ae82,2026-09-01T07:52:03Z,2026-09-01-33484160918
2026-08-31,398e1755c73431d2fb6b2e094c2ccb07e662abf85fc9ecb0604a8acfce3094ac,2026-09-01T07:52:03Z,2026-09-01-33484160918
2026-08-31,3a2688e58254bb42c160353b256c0c51f82e7beff6aa6d8c73745c427aa7e5a8,2026-09-01T07:52:03Z,2026-09-01-33484160918
2026-08-31,3a51d6bafdac0f4f14dfac7cc756807d09cd4797c774b790508881dbae80911f,2026-09-01T07:52:03Z,2026-09-01-33484160918
2026-08-31,3a6bfc2d250a5aa41217c9df3c056c72ef5edf78ecabb4aea5a25f8fd4ebd315,2026-09-01T07:52:03Z,2026-09-01-33484160918
2026-08-31,3aa1da0fe3ec3ef3fcb2dbbd98c0a2aa47ac90ee1cd51fea77c20f0bf2fd3449,2026-09-01T07:52:03Z,2026-09-01-33484160918
2026-08-31,3ae36ebfc44ec74c518fdb3bb037f11b1faec8c18e58b75bd75a5fc805873b48,2026-09-01T07:52:03Z,2026-09-01-33484160918
2026-08-31,3ae4ae65835df9acb6333291370a7340b05328254a454b22fc66da54d51ea19c,2026-09-01T07:52:03Z,2026-09-01-33484160918
2026-08-31,3b10aebeefc4fed713565d8f6fbe71cc15351d366f0404b7a418fdb9911df411,2026-09-01T07:52:03Z,2026-09-01-33484160918
2026-08-31,3b2e80b6429b39dfc5c1330d8dc56b6f6382ae522659194d60789d89663d5d53,2026-09-01T07:52:03Z,2026-09-01-33484160918
2026-08-31,3b50329fccc69a83e7cf9b606bdebc751be5146c73598a8e46e8b88c587a338c,2026-09-01T07:52:03Z,2026-09-01-33484160918
2026-08-31,3b57bdcbf91181b929f6d481561f1ca1683cf75d21bf23f5b5d72a0ae875d763,2026-09-01T07:52:03Z,2026-09-01-33484160918
2026-08-31,3b60d9bf2eb8677d8f42889416d8cd29dad1a4cb822e044c069c40ce7c4e0d98,2026-09-01T07:52:03Z,2026-09-01-33484160918
2026-08-31,3b689fa69967f2e4974eba63594793c9acc9940e54f142c4ce824c20a4697691,2026-09-01T07:52:03Z,2026-09-01-33484160918
2026-08-31,3ba1ac10472988407fe36a4b10cbaacf5eb1e73f0733ef214cd982d2d8f0c51c,2026-09-01T07:52:03Z,2026-09-01-33484160918
2026-08-31,3c06931372bbf57f47417ff770f971135db98145b9e41beb195f20d54884fe75,2026-09-01T07:52:03Z,2026-09-01-33484160918
2026-08-31,3c2d03fa999592dcd66dcfe948e595ee313fd59b5bcb3a055958aebbc80fdeab,2026-09-01T07:52:03Z,2026-09-01-33484160918
2026-08-31,3c90de19f5250b11a8261d3e42f8ebf8bc46087feef5f6f640182c3095dc6f0c,2026-09-01T07:52:03Z,2026-09-01-33484160918
2026-08-31,3caf9db52075180d7e843c5656c418cfa4a58827a86153b658446919faa0b454,2026-09-01T07:52:03Z,2026-09-01-33484160918
2026-08-31,3ce11e3bc01c01100a85123d6b7cef9bbe4431beda38017e1b3fda388a0b1bd6,2026-09-01T07:52:03Z,2026-09-01-33484160918
2026-08-31,3cee96c01c6da33c76053c248ac8eb64335691a26c22785b95024fa3ca9e0a37,2026-09-01T07:52:03Z,2026-09-01-33484160918
2026-08-31,3db37573327012a9ebff74130e58fb52fc5fdbf214dcab349dcbb5fd8b9547f9,2026-09-01T07:52:03Z,2026-09-01-33484160918
2026-08-31,3dc7d9dea322e1381442f3d7071dcdfd4c35a80e50596c14ba865ef823c8ccd9,2026-09-01T07:52:03Z,2026-09-01-33484160918
2026-08-31,3e906568c12e298657749900ef779434103546537f600c664883afa8ba515111,2026-09-01T07:52:03Z,2026-09-01-33484160918
2026-08-31,3f068e2cdebc220318c066f512348d54d982722d75d8401b8a716f3e5ad58c34,2026-09-01T07:52:03Z,2026-09-01-33484160918
2026-08-31,3f5057a61a345f7a7fe2f515e7fcbb7748b27d39f01babb1280ced66ce504723,2026-09-01T07:52:03Z,2026-09-01-33484160918
2026-08-31,3fa62b1439157cb0201e0c85627f661d008af4f6d4180bee3fd7b7ab1f0b1b23,2026-09-01T07:52:03Z,2026-09-01-33484160918
2026-08-31,3fe27b29f68d298926b482796605a9a169cd4007734d49115169b89d94a71339,2026-09-01T07:52:03Z,2026-09-01-33484160918
2026-08-31,41922fdc6cea2dc55b2e8d9ab36e84f023b7985e68d37998f362fc7b3cb8aa2d,2026-09-01T07:52:03Z,2026-09-01-33484160918
2026-08-31,420195734c80d996812933f1a4468eda27f1fefd93424990f3ddeda6f91b4619,2026-09-01T07:52:03Z,2026-09-01-33484160918
2026-08-31,422404b9e0768bf3af1f1bca31c51749f84da1fab7d0bb16758b5aa5c464cc68,2026-09-01T07:52:03Z,2026-09-01-33484160918
2026-08-31,4248d2fea31625769222d4413ecf163d4565e08b53fbbb1cb36d157e173a10e5,2026-09-01T07:52:03Z,2026-09-01-33484160918
2026-08-31,425ab06014f01e69139d5173ed9cbca11e0bdc6d6b4d5a8ae0ad3767a2992043,2026-09-01T07:52:03Z,2026-09-01-33484160918
2026-08-31,428e4e243de0fb0195b5bb9c3bd5046dfa57e0816507ca5dc3cc83dff072f127,2026-09-01T07:52:03Z,2026-09-01-33484160918
2026-08-31,43241d09a3505d42263f6932c2d35361001f64255345f13a79520d57d083e41c,2026-09-01T07:52:03Z,2026-09-01-33484160918
2026-08-31,432542078ea78d18b1d1267c8f9f983c1f71a81f2e23d6557226f1259be4c127,2026-09-01T07:52:03Z,2026-09-01-33484160918
2026-08-31,43e07a0643bb19c685f6bd3727b2610eacab9d0b67179d153f9fdbed53a9f816,2026-09-01T07:52:03Z,2026-09-01-33484160918
2026-08-31,448e59f6c90e9ed08645dc0353523b29ee01d7098a20959f39fb119eff8e65fa,2026-09-01T07:52:03Z,2026-09-01-33484160918
2026-08-31,44a09bd3ab79bfdca5e393dc2df9710636c996ee0678997fabf8ab2f3400b54a,2026-09-01T07:52:03Z,2026-09-01-33484160918
2026-08-31,44bd6dd227f32a483369bc55501efc7922a0c3a678465ea5553b929b8ce7e81b,2026-09-01T07:52:03Z,2026-09-01-33484160918
2026-08-31,44f2ac4095e72b94f2cf353629a74bc65281441c7772a336901e42e4ff87bc1c,2026-09-01T07:52:03Z,2026-09-01-33484160918
2026-08-31,44ffb524006321a384a33b96f4d0c8b36857d6936c74dae29974237f3fc831c1,2026-09-01T07:52:03Z,2026-09-01-33484160918
2026-08-31,458cdb8b7ccca28452364c3711de97a4d5bc9e005daec5fbd469ba0401537fc5,2026-09-01T07:52:03Z,2026-09-01-33484160918
2026-08-31,459a947c6e1f1b734122cf2403e2263e2fa986566a42d6c9e483c65e61bdffbc,2026-09-01T07:52:03Z,2026-09-01-33484160918
2026-08-31,45b5eee11f07004ddab468111de615f373c6ca0143a56cd4f3faa3ad04d3f666,2026-09-01T07:52:03Z,2026-09-01-33484160918
2026-08-31,46094db06168224396f19a414cb197b1fedfbd6fab69c355e98c5f932acc23b1,2026-09-01T07:52:03Z,2026-09-01-33484160918
2026-08-31,462bfc76f17b8ff3b25689d259ebb88f20e81c269dde9f932c275499e4aab6c6,2026-09-01T07:52:03Z,2026-09-01-33484160918
2026-08-31,463a96624859c1613eaea58c57f72553b42e38243dac174398b62d8bbdf88215,2026-09-01T07:52:03Z,2026-09-01-33484160918
2026-08-31,4681a0d5f19a93fecc43f5fbfc90a4884a444a87e2722d2b98fd924e8a241dfd,2026-09-01T07:52:03Z,2026-09-01-33484160918
2026-08-31,469a73731a7705525eb210ed7121696a97a6febf710cf3cd6492c5283bd29d90,2026-09-01T07:52:03Z,2026-09-01-33484160918
2026-08-31,47575f50043e295a778f937402fb206a817ec8cd37da6695d53106aa0d7312fb,2026-09-01T07:52:03Z,2026-09-01-33484160918
2026-08-31,4841957a21b0f76da43a10f7b1ace5f107b3a624e036a56940e966ef533c748f,2026-09-01T07:52:03Z,2026-09-01-33484160918
2026-08-31,4873081c3a39d0a856c844fc36f96f2022b828f679648379c43c4bee4ddef1f4,2026-09-01T07:52:03Z,2026-09-01-33484160918
2026-08-31,489fe8825d4cafd1b89e9b44455a957ff7ffcd0042f68d18d3419377e6c439d1,2026-09-01T07:52:03Z,2026-09-01-33484160918
2026-08-31,48c5b77f86b9d360283dccff6ba24f7ff93a73ccc9c62fa5d178e2973922aaa7,2026-09-01T07:52:03Z,2026-09-01-33484160918
2026-08-31,4939ba7c0eeaa105e5d422ff2bd678540cd793fecb03f3cfa31e8a5238e91479,2026-09-01T07:52:03Z,2026-09-01-33484160918
2026-08-31,49e40579252f6cd837dae4b538d831cbf25415bdec3af7921efd1cf9570b02de,2026-09-01T07:52:03Z,2026-09-01-33484160918
2026-08-31,49e73fa64b4d3e50709ea9275a4e574a9049204c18030872bd89eea4a457b628,2026-09-01T07:52:03Z,2026-09-01-33484160918
2026-08-31,49ef6e39a418ba0dda6239f88b6a8798001459cbd1fa53c821fabc2251cde5f2,2026-09-01T07:52:03Z,2026-09-01-33484160918
2026-08-31,49f67d72c01e106387e85957d8c0946962ea92ee5c5590d79b5fcd37623a6772,2026-09-01T07:52:03Z,2026-09-01-33484160918
2026-08-31,4a4788a1ddb1fded0b1bbcc157d65be388a2b4c11a2d39739d0d334e170943e3,2026-09-01T07:52:03Z,2026-09-01-33484160918
2026-08-31,4a56c0d397b7c19a468eba24995b6a261618383371e5fe6a498fdc9569cf59ce,2026-09-01T07:52:03Z,2026-09-01-33484160918
2026-08-31,4adcaad91c74fab6fff77495dc4ed1cc2eac5ad5980785fa3ae9de6afa117d3d,2026-09-01T07:52:03Z,2026-09-01-33484160918
2026-08-31,4b0bde29696d8aa27dc7a4abe156efd926d9dd9de394faa6dd8b54c3b9bc47fd,2026-09-01T07:52:03Z,2026-09-01-33484160918
2026-08-31,4b3a261be9505105a8ea8152b90a3aadbdd285cc4dfdf3cfb924d62522048f2d,2026-09-01T07:52:03Z,2026-09-01-33484160918
2026-08-31,4bbc06f9595c330d14fc5a4dd5d9f5a151dfeae879abffe73730ac818bff560c,2026-09-01T07:52:03Z,2026-09-01-33484160918
2026-08-31,4bc34791abf743cdf34b79be11ebc03ce3d7985c5f4f738744a29f95c8f81e69,2026-09-01T07:52:03Z,2026-09-01-33484160918
2026-08-31,4c4951f2aec95d565511ec14053b0e832305b8d841a8f46d17f452babb99be60,2026-09-01T07:52:03Z,2026-09-01-33484160918
2026-08-31,4ca07f302d74cc324c9a419f8029e8e9f81bb7a86ad3062926084be21f33d68b,2026-09-01T07:52:03Z,2026-09-01-33484160918
2026-08-31,4cdd52ef4dc499d7623c75ba1f683febfd126042b13c7d04a769bde764080176,2026-09-01T07:52:03Z,2026-09-01-33484160918
2026-08-31,4cf58cfd5d95a6d3daf630f71b4a92909f8a7f4075ec0c70a183c75edba65efb,2026-09-01T07:52:03Z,2026-09-01-33484160918
2026-08-31,4d852b45a31eafb47ca43653e489a2c7eed70c1a1b8b91487de971ef5a4849fb,2026-09-01T07:52:03Z,2026-09-01-33484160918
2026-08-31,4da997bfe115a53432dcbd5dda986b2ba45c4e230d39b9e72084d498a9f6a848,2026-09-01T07:52:03Z,2026-09-01-33484160918
2026-08-31,4dab37e5a91b5d2b537924713afa33032d9241ce8c5e7fa3caded2771cea9e73,2026-09-01T07:52:03Z,2026-09-01-33484160918
2026-08-31,4dad33ffa6d8ee51b4b5d0382c00b99217f1473b068d14246e280f8ff42aaf18,2026-09-01T07:52:03Z,2026-09-01-33484160918
2026-08-31,4ec18e4c5ba900210b541af9161c965ad193a53d3ea816b5fbb7c7ff22a05417,2026-09-01T07:52:03Z,2026-09-01-33484160918
2026-08-31,4ed3a226e585da021605a3d29f956c8a83b9bf23e40c8fdeb2d40956c50e3837,2026-09-01T07:52:03Z,2026-09-01-33484160918
2026-08-31,4efdda32f01c0143524ba2d3f3791908a22e9d11a6a2b89d7f1722f82a381a0b,2026-09-01T07:52:03Z,2026-09-01-33484160918
2026-08-31,4f0bde055697c0f14916e5a2e5ef7babc9994e5a145af1517bbc2817903607b2,2026-09-01T07:52:03Z,2026-09-01-33484160918
2026-08-31,4f4fb3a2eb51d6d3a8bfba38855699468b696f3bde59276b3ae43e226db2a646,2026-09-01T07:52:03Z,2026-09-01-33484160918
2026-08-31,4f570c91c665b4a89a11f768862a33e33b7707607259daf94379e3641a9bc0dc,2026-09-01T07:52:03Z,2026-09-01-33484160918
2026-08-31,4f5d4f2dabde350af47685784547b6ef031ff99603a5e913792c2802c95a2484,2026-09-01T07:52:03Z,2026-09-01-33484160918
2026-08-31,4f6e237f20473f8c111d24885f36e2312b6d2289202952ae50663370a9aa2f81,2026-09-01T07:52:03Z,2026-09-01-33484160918
2026-08-31,4f6fec97dc5105d18c7cdf130b598a09afdf192b50d8ba715a1041d22a96f598,2026-09-01T07:52:03Z,2026-09-01-33484160918
2026-08-31,4f72c1ce5dfd1ce1a6bc062ee3b3bad5e44357b5ac8f0b56fffbe4d9ed2d6130,2026-09-01T07:52:03Z,2026-09-01-33484160918
2026-08-31,4f78085d2a27f003f49ad93dd18a52fb3575276c9614b51df470b530482edc9c,2026-09-01T07:52:03Z,2026-09-01-33484160918
2026-08-31,4fd9a1cb8f663b056a31cdd3156afb8cf71e08bebb60433085f8687d0a6c76d3,2026-09-01T07:52:03Z,2026-09-01-33484160918
2026-08-31,4feca47a5911c5d5c38240aef5f06f1dc306c5443e22f847cd9635987523b2de,2026-09-01T07:52:03Z,2026-09-01-33484160918
2026-08-31,4ff19fc207c2d2ffe881279f8403bd57d9908b0e42e02d4ec4a6c02a0f57de68,2026-09-01T07:52:03Z,2026-09-01-33484160918
2026-08-31,501c806fe20a0217e7d6ebaa7d9251fe2fc6367deebec9d5deae8dc4ece20fb0,2026-09-01T07:52:03Z,2026-09-01-33484160918
2026-08-31,507b671cda596c366c08cbb4958deedae32618fdcc62e33646ac1dae9562fbe1,2026-09-01T07:52:03Z,2026-09-01-33484160918
2026-08-31,5095966dcc8f9c69f4f62726949eeb46274ff7321139994fbfc754eeea75fa4f,2026-09-01T07:52:03Z,2026-09-01-33484160918
2026-08-31,50c478dcf03d236c728820a5a34d25edf41e273622988bbc589d0b6aa9fd078a,2026-09-01T07:52:03Z,2026-09-01-33484160918
2026-08-31,51d36372155185ac6307c12f177f9a1b126e6354fb8135690aac5d438338e96b,2026-09-01T07:52:03Z,2026-09-01-33484160918
2026-08-31,522bca7e83b280ad534f0faf567e823092b4cae644a9b46a10a43d6f15a46ed4,2026-09-01T07:52:03Z,2026-09-01-33484160918
2026-08-31,527886c10475c8d9339cacf916de86a8320ea23d3812f041293bc866313d52be,2026-09-01T07:52:03Z,2026-09-01-33484160918
2026-08-31,528342ec45bbf331ad5227a5e545b1ce46c3350e99e3e8f24a2a65f52a2c0a8f,2026-09-01T07:52:03Z,2026-09-01-33484160918
2026-08-31,5295e0cbba8f9aa78fc0b81ba443d8c0c413e37c3946a71ae6aa0fa1799e87a6,2026-09-01T07:52:03Z,2026-09-01-33484160918
2026-08-31,529c6934c4618f9f54ec3465007629112555660b2382f925d752e8342c9433e3,2026-09-01T07:52:03Z,2026-09-01-33484160918
2026-08-31,52aec894fc4739f1202db435ae049765d9b806ba0ac652ab6ed9c7433e7ec763,2026-09-01T07:52:03Z,2026-09-01-33484160918
2026-08-31,52b1fe4fdf4ea3bf88b6b9cd27f225e31248de3ed162b186dcb3cec87ac273b1,2026-09-01T07:52:03Z,2026-09-01-33484160918
2026-08-31,52c5d00375ac9b0c94b691765f1b230048b1912f0770e50859cee6e4eb3d3c81,2026-09-01T07:52:03Z,2026-09-01-33484160918
2026-08-31,52c631ff1dcb5695c969ab98a2476fa29fb666136381c9a076d5567e9a58c655,2026-09-01T07:52:03Z,2026-09-01-33484160918
2026-08-31,538357a2aba5d9ef424aa41ea19d006840d2c9dba095dd591cc793a9ef4b568d,2026-09-01T07:52:03Z,2026-09-01-33484160918
2026-08-31,53db12cb57005b5d25288240cb6e5c63aeb0f1405a2f8b33b41bafaeafcae38d,2026-09-01T07:52:03Z,2026-09-01-33484160918
2026-08-31,5458ab4971ef3eb759ff07f8b895cbd1f29b9a006456f01d950f07be91c64410,2026-09-01T07:52:03Z,2026-09-01-33484160918
2026-08-31,545a9723b94f3901df53158bc2169f76f9e6ac9c2dfd7f7f71e2eea7cd397836,2026-09-01T07:52:03Z,2026-09-01-33484160918
2026-08-31,54779e6b7897cb5a62ae1d87db9a4980428e7e73b0d93a0384a61266dea6220c,2026-09-01T07:52:03Z,2026-09-01-33484160918
2026-08-31,54811a25374f800328924bb999ab5f85c0e0c2c331215478ef3abe4e382a4310,2026-09-01T07:52:03Z,2026-09-01-33484160918
2026-08-31,54949de44781071877f172d8a23a15e26348f397c750d4a3fd0c48c383cedb0a,2026-09-01T07:52:03Z,2026-09-01-33484160918
2026-08-31,549bad51b0642bc1f91c67bcf702781f84d1080b979175945f7911e21a2919a1,2026-09-01T07:52:03Z,2026-09-01-33484160918
2026-08-31,550bf2350baa3a3f2d6aea05e4d2912a7351421f2e9bf23da810a043e7ea803e,2026-09-01T07:52:03Z,2026-09-01-33484160918
2026-08-31,55aed24e04b01c9bd9e01139863a58a659755c15ce2319204c11bd0340892053,2026-09-01T07:52:03Z,2026-09-01-33484160918
2026-08-31,55b3123e04e747f715066132443ad503937e49bd2609d5d7045437fcf64b6603,2026-09-01T07:52:03Z,2026-09-01-33484160918
2026-08-31,5620db82fca1784a4055f12fad2fc86a0b32cafa18c6b3dc214dfe8c523228d1,2026-09-01T07:52:03Z,2026-09-01-33484160918
2026-08-31,566dd230c2637cca7d04ebf1e774995181a231e0905c878686e660c4725beed9,2026-09-01T07:52:03Z,2026-09-01-33484160918
2026-08-31,569de7214dc92f5bf3abf63c705399ec8677f1d850f1fb9d1ee28b1ac36e283c,2026-09-01T07:52:03Z,2026-09-01-33484160918
2026-08-31,56a5d0a8aacdb3555b1f92d55fa6b62e354e7c037da9c04ecc6375b2ba781f2b,2026-09-01T07:52:03Z,2026-09-01-33484160918
2026-08-31,57001c89120a4bf5d4ab7fa6fdb52214cd8af0bcfed34814277c3f8e760bd178,2026-09-01T07:52:03Z,2026-09-01-33484160918
2026-08-31,572aa6d9488e529f3527c88e66c64b406f4ee6a8190dec71cf4ac4cf8051823d,2026-09-01T07:52:03Z,2026-09-01-33484160918
2026-08-31,575b252d543f29d505d6932d7fdf7258b60319be935252cc25612b154a64187c,2026-09-01T07:52:03Z,2026-09-01-33484160918
2026-08-31,57ae0113d052ef60c6972e6684558fc5469bf103687e2d07a7d319e90e2d28a6,2026-09-01T07:52:03Z,2026-09-01-33484160918
2026-08-31,5811e02670f4893604e826f8b90fbbe8a6625459ca182e9e3cf1679b8703879b,2026-09-01T07:52:03Z,2026-09-01-33484160918
2026-08-31,584f947d3c2edbd44d485bc7b12c366f9df5fcee54f8cbdb9937f34aeb251e54,2026-09-01T07:52:03Z,2026-09-01-33484160918
2026-08-31,587a18a5c4683a13f3040670c2b14e37e92e99d3d4a0c8dc9cc509926b0b7ae9,2026-09-01T07:52:03Z,2026-09-01-33484160918
2026-08-31,58808b58d29831383fcda03309c9ba17028ce4620a83e4a5687f6926923be3b3,2026-09-01T07:52:03Z,2026-09-01-33484160918
2026-08-31,5899e052b3864ef61247749fa660af2a0d86ffd130bc57ceb4b82279a6ff4489,2026-09-01T07:52:03Z,2026-09-01-33484160918
2026-08-31,589ee877a3ad5d1ea2d1b15c0e0335d1d7fa09948bf095763a9497a327a2051a,2026-09-01T07:52:03Z,2026-09-01-33484160918
2026-08-31,58c02d3ddb772334d2645d38b0a61111a05654392c6864193953472413f43605,2026-09-01T07:52:03Z,2026-09-01-33484160918
2026-08-31,59177f01d7fb18a80cda18da563b878ea9493e9a97d37eb4b50835ca0035ff2d,2026-09-01T07:52:03Z,2026-09-01-33484160918
2026-08-31,594fe1407fd194a96365bec6475f7ebcfc83da145eb702f0af9cf227d165339c,2026-09-01T07:52:03Z,2026-09-01-33484160918
2026-08-31,597ecaf88f5f51392124b304663a6f1d7e8c8d6cb725e7153b1ac2133bcb6853,2026-09-01T07:52:03Z,2026-09-01-33484160918
2026-08-31,5994b0aca90d8a79269e6a4bc00781e73a8f44dbe99524a0c896d210c5839e34,2026-09-01T07:52:03Z,2026-09-01-33484160918
2026-08-31,59a7f3ac46b48d763cdeaf354f146d7eba1fc79b26bcdacc6e32692858294315,2026-09-01T07:52:03Z,2026-09-01-33484160918
2026-08-31,59c03b090013f9f617d98466690131f669ed83058d7faf0e96151e38a186544d,2026-09-01T07:52:03Z,2026-09-01-33484160918
2026-08-31,59cec6dfb19bb7bef9593a670bc1d54777d6873b7ea240fc7780d354420a980d,2026-09-01T07:52:03Z,2026-09-01-33484160918
2026-08-31,59e7ec3bc896f907414be06d12ce1e21a457bba2dd2d5a3b9d4070e0ee2251e9,2026-09-01T07:52:03Z,2026-09-01-33484160918
2026-08-31,5a1a4a62173a5ce2f49b1f18df350fab8cf299df2b59e13aeca8a1b4fcb8c47f,2026-09-01T07:52:03Z,2026-09-01-33484160918
2026-08-31,5a32f0b01aa88040a2f6b4e551f05077fb3e42712599480c06d5d2a0fce2a2bb,2026-09-01T07:52:03Z,2026-09-01-33484160918
2026-08-31,5b32924e60a74421452d217400b6420c469a4a18b56b88a8674718e5b519177a,2026-09-01T07:52:03Z,2026-09-01-33484160918
2026-08-31,5b6c7468ddcbd3809b25a8fe623c899b7fa4d5ded6195ccdda8c00b51d259ba3,2026-09-01T07:52:03Z,2026-09-01-33484160918
2026-08-31,5c0464fdd32427425ec9b904ce79a97c292c7ec79a78538f6cdcc015cfc013bd,2026-09-01T07:52:03Z,2026-09-01-33484160918
2026-08-31,5c8842c593445a1005931c148b0d1dd3fa00d921b08466db5813609792daf15b,2026-09-01T07:52:03Z,2026-09-01-33484160918
2026-08-31,5d82e591642d9b7d341111d851bd0c371f83a8a2083af6772ad34c165c338676,2026-09-01T07:52:03Z,2026-09-01-33484160918
2026-08-31,5da24245c96eeba04746def428c981c26c2337ae2725054188a7efd258823408,2026-09-01T07:52:03Z,2026-09-01-33484160918
2026-08-31,5e49f53e3500721bd32fc56926b5b5853f61bc91f78fecb20af11da7329fda34,2026-09-01T07:52:03Z,2026-09-01-33484160918
2026-08-31,5e91e4541b61252ca216420b446d5d187cc09487892809f4db69619410e535cb,2026-09-01T07:52:03Z,2026-09-01-33484160918
2026-08-31,5eb53e5301b8f92ecbe8baa22620f2275c28b06adbd657b094b26aec9a192845,2026-09-01T07:52:03Z,2026-09-01-33484160918
2026-08-31,5f1abfc9835794af092254e4c6b2dd10fffd666f60b80731284fb765df44817b,2026-09-01T07:52:03Z,2026-09-01-33484160918
2026-08-31,5f2c43738f9648375a902743ae1fe72628c11884c24a675d53fae953af274fb7,2026-09-01T07:52:03Z,2026-09-01-33484160918
2026-08-31,5fb7f530c5881696af59bc4d1c200db3d51b02190c2ec66f2620a140d49bf21a,2026-09-01T07:52:03Z,2026-09-01-33484160918
2026-08-31,602113ca7e9b705619f605415303504b9adabc69aa79c7b903dbcc305b5d0749,2026-09-01T07:52:03Z,2026-09-01-33484160918
2026-08-31,602d57fb2f58d0c603e7d05816f0689eed86974318ca4abc83df0e698d702db2,2026-09-01T07:52:03Z,2026-09-01-33484160918
2026-08-31,604b804b758bf47e83c424c97cf490352bbee5e80b9c0ac7569c7bac16fd9411,2026-09-01T07:52:03Z,2026-09-01-33484160918
2026-08-31,606876c4fe1d350f9e84f0a84d9fbf99f3bb59d0560e1879bf521decc20ca2a0,2026-09-01T07:52:03Z,2026-09-01-33484160918
2026-08-31,609abbcd69db860b04b1666a724c3c0d2bd70417156f8c400517d75c5278c17d,2026-09-01T07:52:03Z,2026-09-01-33484160918
2026-08-31,60ac32d92939cadde8d766b3593f4d1b7717c4847c903be229f4c04adffcd814,2026-09-01T07:52:03Z,2026-09-01-33484160918
2026-08-31,60bee809371b791b6dcfb5de11cb95fcb5f3a23ce29a81761b175b90be268607,2026-09-01T07:52:03Z,2026-09-01-33484160918
2026-08-31,60e17d15ad8e699ac98b5cf2de612135d74944be2dd6e92b45d4c066de1cb670,2026-09-01T07:52:03Z,2026-09-01-33484160918
2026-08-31,6116cc4843cdbc7dac861e4305ef1d21ac1bb09aecf886c3a5ca1c743af0fce9,2026-09-01T07:52:03Z,2026-09-01-33484160918
2026-08-31,615544831f1c1797460dbf678cce22d56c11df611f0ae23b25bbe61aeff4b337,2026-09-01T07:52:03Z,2026-09-01-33484160918
2026-08-31,6156274561a43277e4b0aafc87505de971b4b5557df8249027e87349864c1005,2026-09-01T07:52:03Z,2026-09-01-33484160918
2026-08-31,6166b9395ff670211449b27caf92b8aff5969414629a13bc965832c4c44588b6,2026-09-01T07:52:03Z,2026-09-01-33484160918
2026-08-31,61a3f6ff34a7041f78bc6c9094e6971afabb1f99d2ae31ef52803e8e946f87ac,2026-09-01T07:52:03Z,2026-09-01-33484160918
2026-08-31,61df53096e49f77e5aa67f81a9052fd43d5a6bab29601b6c3e4cd40cb0491301,2026-09-01T07:52:03Z,2026-09-01-33484160918
2026-08-31,62060300b5d9e1dafbe5d9925628158850e52555787221120edbf8853bff9a85,2026-09-01T07:52:03Z,2026-09-01-33484160918
2026-08-31,626f5ed323e2cbc7b6197a59e0999fa63c53c804c23158b08040ec9d38fec9c3,2026-09-01T07:52:03Z,2026-09-01-33484160918
2026-08-31,62f1ee34306b977193630e8318adbffe197e61a3fb1a0058aeb4185b93923405,2026-09-01T07:52:03Z,2026-09-01-33484160918
2026-08-31,630aa9312813aea168377f5a76291e10899b98bb665de44342370c165468416b,2026-09-01T07:52:03Z,2026-09-01-33484160918
2026-08-31,6374b38026bc1e96a71791f8113dc6b4daf33f428dbfcfd73b6fc7a097bc539b,2026-09-01T07:52:03Z,2026-09-01-33484160918
2026-08-31,63a81ae281663c20a931614dbf002469e47c7035ccce640473054608eb12d13c,2026-09-01T07:52:03Z,2026-09-01-33484160918
2026-08-31,63cca37aa13e2f4ab3192009b67aee9c5e18125546897f815f88f3011b6bd4e0,2026-09-01T07:52:03Z,2026-09-01-33484160918
2026-08-31,63f78e846c147174db064c3228637655f869d7576cb733635e20ad5cc5875936,2026-09-01T07:52:03Z,2026-09-01-33484160918
2026-08-31,641c197799c6e029958e9d2c4f7e6a0fe5ae4ba306be68094034708b697946c7,2026-09-01T07:52:03Z,2026-09-01-33484160918
2026-08-31,6423499fbd989a1864d6e91c22c07aace0e64d40b3c865220929e7ddfa01a90c,2026-09-01T07:52:03Z,2026-09-01-33484160918
2026-08-31,647beb28e99f5126c12a7c6223d23b38d7c0c75719b312a987e7b57da2ae3f66,2026-09-01T07:52:03Z,2026-09-01-33484160918
2026-08-31,6526d311ed6f1dfdf435d3feafc0a1f654262720ab70287d133e35efea523186,2026-09-01T07:52:03Z,2026-09-01-33484160918
2026-08-31,6583c0ac6809c89ca01b733abb2a3eb4c393fb6c08c59ea186457bae3ca376d6,2026-09-01T07:52:03Z,2026-09-01-33484160918
2026-08-31,65a5590f128f6b562735562a3e504eba27bce0fd1fbc959a91d3d83994285b00,2026-09-01T07:52:03Z,2026-09-01-33484160918
2026-08-31,65ff088593843fac89bd441bb060aa41b5c0682f8e36c36d407464cc045c73ad,2026-09-01T07:52:03Z,2026-09-01-33484160918
2026-08-31,661bbce41c332b01846b2e46eb33dc4334a8f7ecd1c3d75e73e0e2d73137f5b9,2026-09-01T07:52:03Z,2026-09-01-33484160918
2026-08-31,66352c559eeb8ed58b213517fad24d76b4ea792cb531009b0aa095024704158f,2026-09-01T07:52:03Z,2026-09-01-33484160918
2026-08-31,66737adf30ded5d5ebbb03407f1ec669b82bcbf3dd41432571b5395beeaa72a1,2026-09-01T07:52:03Z,2026-09-01-33484160918
2026-08-31,669f9892a8c912d94c345158e6a59fe5f4aab5a1b3af4d214f23204aa08bd822,2026-09-01T07:52:03Z,2026-09-01-33484160918
2026-08-31,66c89122d77ebb9407b3a0ed7bcd6e46a8cbb849ec024b10f7cca3a83c9d15c7,2026-09-01T07:52:03Z,2026-09-01-33484160918
2026-08-31,66f4154bc88d3de4ca79817aa70f08f4b8428882b95feabef0660122983dfc23,2026-09-01T07:52:03Z,2026-09-01-33484160918
2026-08-31,66f550e8b537018a4c822eaf317d8af7e42594e1a43c52bdac3123624a225f04,2026-09-01T07:52:03Z,2026-09-01-33484160918
2026-08-31,6788c666c4694347088fb8e76b289ea2b1a79703b3a61395d0cc4f2b98c8a0b8,2026-09-01T07:52:03Z,2026-09-01-33484160918
2026-08-31,67a0a92b0dab0caccdbd0dd914f9166f8384c92089b1b6dfb55b9dc190352264,2026-09-01T07:52:03Z,2026-09-01-33484160918
2026-08-31,68207ca03ac2bc0a57b70c3bf87d8e135d213cc3bcaf26fe3d35b76ad8413572,2026-09-01T07:52:03Z,2026-09-01-33484160918
2026-08-31,686fa1fda9da65c084008e3e55446c4a00a7633033aadd8be5098889d0e2412d,2026-09-01T07:52:03Z,2026-09-01-33484160918
2026-08-31,687f2bd724fcef703fd8ee8ae033daa94fcf130db35dac4b21c4f8ec7a7d82c1,2026-09-01T07:52:03Z,2026-09-01-33484160918
2026-08-31,68a88273fb17ad59d8b67bbbe064fb68bc51186ee1535624423f3d53a1466912,2026-09-01T07:52:03Z,2026-09-01-33484160918
2026-08-31,68b1b4c1a509545c096f48c403a8c90bab45f1626ddba7c75eee44ab63a4409e,2026-09-01T07:52:03Z,2026-09-01-33484160918
2026-08-31,68e48ce544bda06d4892971d164cd677d55c216967bcfb4b2c26cd0c861ce1e7,2026-09-01T07:52:03Z,2026-09-01-33484160918
2026-08-31,69f8a638bf624edc2b51c4b9a4a0e150114ad656e3112f82933058d568e7d167,2026-09-01T07:52:03Z,2026-09-01-33484160918
2026-08-31,6a11a6fc83e8ddfac8d0292c24024356af83e8c26d46c37f392489fdf64ba493,2026-09-01T07:52:03Z,2026-09-01-33484160918
2026-08-31,6a2c692dc25ed3dd13875ccdd41e20aff7d4ee3a689d3b865de050a42b0310ea,2026-09-01T07:52:03Z,2026-09-01-33484160918
2026-08-31,6b039c4fe3e1f88a42b994ddf081a7fe38d081a6e4234e75ad66e1dfb7d790ac,2026-09-01T07:52:03Z,2026-09-01-33484160918
2026-08-31,6b08ba3702dc855c6781f119e35e8c2a13b0f7a9e00fd4b5356df3e2c980e0e8,2026-09-01T07:52:03Z,2026-09-01-33484160918
2026-08-31,6b09767dee651c016ab9ddeef46c9e2e9aeccf1bcfc637ad09a62b34673307cb,2026-09-01T07:52:03Z,2026-09-01-33484160918
2026-08-31,6b431890ce1aa6544ce1259ce85b48806d43dc31e7989e33eedda7b97b5cd55a,2026-09-01T07:52:03Z,2026-09-01-33484160918
2026-08-31,6b76b885b064a5fb14827b605f2d694701bac94aeb57f0bcfc2fc968a865fca7,2026-09-01T07:52:03Z,2026-09-01-33484160918
2026-08-31,6bc162131505858d76b34d587309328012075d57786e2d04edd61bfb94ba0c6c,2026-09-01T07:52:03Z,2026-09-01-33484160918
2026-08-31,6bd590c37183fdef5038aa8891ec2597470ed4384876cfd5fc165848600f0f44,2026-09-01T07:52:03Z,2026-09-01-33484160918
2026-08-31,6bd5b5aa810dd3c15e6373e60923455423a12d16eefd74221001245e01e37bc9,2026-09-01T07:52:03Z,2026-09-01-33484160918
2026-08-31,6bf13e9032aec47e3de79b36132d0824b62709e6f1e903b7087967c4a9f6df74,2026-09-01T07:52:03Z,2026-09-01-33484160918
2026-08-31,6c4a1c56d3a741f3f8dae3bb74921dd99768429f88725e32fb9712ae8e69e0fd,2026-09-01T07:52:03Z,2026-09-01-33484160918
2026-08-31,6d4fbd3e8ea5120e4ddef6c1dace6364dd4e35c20bdeb2edbc0eb6209c57a1f1,2026-09-01T07:52:03Z,2026-09-01-33484160918
2026-08-31,6d55663a2bb94a64db2264249b183c6ee395c73000d948a333e93602adeeee5b,2026-09-01T07:52:03Z,2026-09-01-33484160918
2026-08-31,6d72261ef7c491b2a1f103880b98e2d7f0c1b6754489864bf2f8e4c3f2cde5e0,2026-09-01T07:52:03Z,2026-09-01-33484160918
2026-08-31,6d9162be510ecd1b8dca8f78b7242172574a4ab5fe5284feeeb724739b1e586f,2026-09-01T07:52:03Z,2026-09-01-33484160918
2026-08-31,6d9da483cd4043c5e10e89efbe5e02f0db8769f024119057aa6e7771b8f67f84,2026-09-01T07:52:03Z,2026-09-01-33484160918
2026-08-31,6da55b2d13a5c6bbbcdd0f272548b971c06b0f4334361418ba4b5c3e2b52c2a4,2026-09-01T07:52:03Z,2026-09-01-33484160918
2026-08-31,6dc9a3c65ebfc672a4e0296cc770e12b4e68e076da73d13dc4e1b57668276ac4,2026-09-01T07:52:03Z,2026-09-01-33484160918
2026-08-31,6e5799bd6fda50dead0fe46e6c070705a04b5dc9a9fcfeca2f9d6e3910de790d,2026-09-01T07:52:03Z,2026-09-01-33484160918
2026-08-31,6e5f3270b1fe0e094de04f57da9c8878e610111775a600e3f34da75893d21b54,2026-09-01T07:52:03Z,2026-09-01-33484160918
2026-08-31,6e6d0069e7a1b7e2398def4d5daecf9dc0f6ff5ea027586cdc072c90ff92d19f,2026-09-01T07:52:03Z,2026-09-01-33484160918
2026-08-31,6e7ebeee9c1a567088dba0e60584e99596c88f2233c3f4f5acdfc503c8d6dda0,2026-09-01T07:52:03Z,2026-09-01-33484160918
2026-08-31,6e9da64de921e1a9dbd0a7aed928d7b45ff0266ab0207d2c60183c119bd6d3be,2026-09-01T07:52:03Z,2026-09-01-33484160918
2026-08-31,6ed9fbe64187f6100d0add152641e6c8ca5ce45868836063a43738ae47611652,2026-09-01T07:52:03Z,2026-09-01-33484160918
2026-08-31,6f29e18387d57108545a394650d63714adb8cfa1ae9d13289e451a78182cd660,2026-09-01T07:52:03Z,2026-09-01-33484160918
2026-08-31,6f4b57b09b82d3929e190b5d0f7a51001ff73c455755682e104909abe638516b,2026-09-01T07:52:03Z,2026-09-01-33484160918
2026-08-31,6f9159c19f9fa9c99681ff0b33c8c84906ce5d6145e78863308ec1f9a9dec398,2026-09-01T07:52:03Z,2026-09-01-33484160918
2026-08-31,6fa016ceeabfde458404c84de4f94f4e22156a52627383ae169081cc31c56696,2026-09-01T07:52:03Z,2026-09-01-33484160918
2026-08-31,6fa3460e6b9b87937364417497dd7070bd50b1c83a49b95bb61cd4401ae4ca97,2026-09-01T07:52:03Z,2026-09-01-33484160918
2026-08-31,70069db2a011d495f181a94f49af94e997f96e3ed0f56c2772c24220dd0a6a91,2026-09-01T07:52:03Z,2026-09-01-33484160918
2026-08-31,703d3a1c2bfdc110c7df9131a3a8d2e426801bcf7f6d07f1a7c216f4e37e9483,2026-09-01T07:52:03Z,2026-09-01-33484160918
2026-08-31,7059149059f04c02fffefdf158ebec5ef2356f4c66d377105880911e87ce6397,2026-09-01T07:52:03Z,2026-09-01-33484160918
2026-08-31,706613f5bdcd0600f0d484b2c0fc8783f974b7efd7b78eb2d7cf1eee001da7be,2026-09-01T07:52:03Z,2026-09-01-33484160918
2026-08-31,709bad327f4fd0019ebd61905472295d7aa10e2141b32c73c155a9461e335609,2026-09-01T07:52:03Z,2026-09-01-33484160918
2026-08-31,70aa0ede75a05647500503e627792a13e2e938c91cccc3765b5168ab19de388a,2026-09-01T07:52:03Z,2026-09-01-33484160918
2026-08-31,71158e9d121569f0c31368ae0c2784961e050619efbf03975bd24c3599e2fd60,2026-09-01T07:52:03Z,2026-09-01-33484160918
2026-08-31,7121e737b53f5c8f3a572525e04fa63b781a9f7a1e87bb68bf861e3f2121dfe8,2026-09-01T07:52:03Z,2026-09-01-33484160918
2026-08-31,712fcd59948335f5d7f45114ab10c39e0c3e38d34488f7211a0d2674f6a0a77a,2026-09-01T07:52:03Z,2026-09-01-33484160918
2026-08-31,717fbd69ca15b12acb463b740dbb9354a8e4757c13c31b1bc876f16df0c181d2,2026-09-01T07:52:03Z,2026-09-01-33484160918
2026-08-31,718a5f95fa0fa948f4de33e45271d8d439e04c98cf9ff7b4b06899a22bcdb6a0,2026-09-01T07:52:03Z,2026-09-01-33484160918
2026-08-31,71ad31d02daaecc15c16d077178f6810610a91f6832b6eeb83dda1748359ab8f,2026-09-01T07:52:03Z,2026-09-01-33484160918
2026-08-31,725b6a7398d785cce2766a4b485f21f49b70652aaffec51053c7cd11b81cf506,2026-09-01T07:52:03Z,2026-09-01-33484160918
2026-08-31,72a6c178c9634cc81dcf5a8329e653af72fe78d9cc5c8c458a429911460f6f51,2026-09-01T07:52:03Z,2026-09-01-33484160918
2026-08-31,72d6156917e113c3b209a04dac275a92c68617a6e456905282ce7b0537ee1b01,2026-09-01T07:52:03Z,2026-09-01-33484160918
2026-08-31,72e1ef903d8fb5d435d9ca9d5740913887589f77674fadf82ea0cbcac3d176e4,2026-09-01T07:52:03Z,2026-09-01-33484160918
2026-08-31,735536f77629b80d509762ac69e9d39f3ead2e08519a2f94fc4e68fb65e10848,2026-09-01T07:52:03Z,2026-09-01-33484160918
2026-08-31,735bd65389829243c42d6d8985e20ec4f24878ab4225c1c6bfe26515cb5c748a,2026-09-01T07:52:03Z,2026-09-01-33484160918
2026-08-31,738f494a4582cd66367a4a0260865f26f2c069f13f8dd767492570d377bee723,2026-09-01T07:52:03Z,2026-09-01-33484160918
2026-08-31,73b15033c860c84ddfa1a1d99356cc74a4d76b59d201d6db7e15f93059aa735a,2026-09-01T07:52:03Z,2026-09-01-33484160918
2026-08-31,73bf5f0a5e568aac24ba24059abcc982ac0d4799e3689e8bb076fd153fcd584c,2026-09-01T07:52:03Z,2026-09-01-33484160918
2026-08-31,73ce6b0915494a6a082755be08a81a9ad7d43a3fac2a03d3c323db34882cc045,2026-09-01T07:52:03Z,2026-09-01-33484160918
2026-08-31,740a22b185dd4afbc62afd9a5e0506ec31646557fd1110fff6ab3e58511c657d,2026-09-01T07:52:03Z,2026-09-01-33484160918
2026-08-31,7479344136d8bf59b67e555d2ff63ffbf64a53335bb769d83421a1dcd12600b1,2026-09-01T07:52:03Z,2026-09-01-33484160918
2026-08-31,74f507534f27e19c65042c45eb0e39d2c192f7df7bf2fc0a8f16aefa7b1e188e,2026-09-01T07:52:03Z,2026-09-01-33484160918
2026-08-31,752efa08e3cb91dcc39817c704526a76a2a79e7e08313b9f7a4a836d4ba519b7,2026-09-01T07:52:03Z,2026-09-01-33484160918
2026-08-31,764695d97d27f870f9b68d9edf2ab1a3d3a3d074736ec265a60d486ed75b8a68,2026-09-01T07:52:03Z,2026-09-01-33484160918
2026-08-31,767dfcc50de2f615d657cb1a4d96669d35385072082cf8d79393bee6207e7314,2026-09-01T07:52:03Z,2026-09-01-33484160918
2026-08-31,7680645cddf3dc7007e5bd85e9aa51ca1e23717db9cd6c91b92ebe1c59bbb212,2026-09-01T07:52:03Z,2026-09-01-33484160918
2026-08-31,76d694c6e693fb2b4f54f466e640b7c2b67bd52455717cf375f8c2b96f50f878,2026-09-01T07:52:03Z,2026-09-01-33484160918
2026-08-31,77078e7f5e76645e6a2aa9b26bab44831e60829ca0bc0fc79a09f0a1a122fcb5,2026-09-01T07:52:03Z,2026-09-01-33484160918
2026-08-31,77405fbf65061d696fb6d8854830260bba114ac47ede314757b65df58f24a284,2026-09-01T07:52:03Z,2026-09-01-33484160918
2026-08-31,774d84c4d0e955fe56fbe394eefd9a563b0bc8471fbb14eb6a570716bc0cc6c2,2026-09-01T07:52:03Z,2026-09-01-33484160918
2026-08-31,77b26d86e3ff3178086098257565a65f04eb89efc1766cfc035a3b3938a48439,2026-09-01T07:52:03Z,2026-09-01-33484160918
2026-08-31,77e52219e9449c12681c419f53f77901f7112758858998d77613cbeb29682a8a,2026-09-01T07:52:03Z,2026-09-01-33484160918
2026-08-31,77eb14409eecab0afc4b8e7e4c5bbae557aaec1d30f275e97b07423fda6cadcb,2026-09-01T07:52:03Z,2026-09-01-33484160918
2026-08-31,7818b32ce5badc4d2ae16b66fbd8223858e093a72177783efa989d33d3ea8863,2026-09-01T07:52:03Z,2026-09-01-33484160918
2026-08-31,78319978e92f268233debac1ec264c62465bcb5d15052f41a9da99a7fe5004e0,2026-09-01T07:52:03Z,2026-09-01-33484160918
2026-08-31,784bfc8be9e0367351fded45d6265bb82e5b6f2c41ab2219facfcb126b5821ed,2026-09-01T07:52:03Z,2026-09-01-33484160918
2026-08-31,78b3c0dd3664fa0f0a56b46b61b9d254c2f41e8a771acdb209e78daf490340ed,2026-09-01T07:52:03Z,2026-09-01-33484160918
2026-08-31,791f54b55d2b4e49fd73d42e107ab2f64c4f968c102d2ae0f47a82fecc1eb93f,2026-09-01T07:52:03Z,2026-09-01-33484160918
2026-08-31,79d3d8178eaa017905fa4bcc5753c447bda9c85755bf43fc1f1f369101fe5924,2026-09-01T07:52:03Z,2026-09-01-33484160918
2026-08-31,79ef687f574d463e60cecf514b26d061d6719e53b181722e9aa614a1a71e4e53,2026-09-01T07:52:03Z,2026-09-01-33484160918
2026-08-31,7a0ae4733b51a8ff9245df086efcc53b1554f1dd014af7522037f3492813c889,2026-09-01T07:52:03Z,2026-09-01-33484160918
2026-08-31,7a35f42f53ff1219e4bf0be127d0db554300deec1a45ba44f342a1b8d5d4e819,2026-09-01T07:52:03Z,2026-09-01-33484160918
2026-08-31,7a3fedab76b368feae5cac77405c5a0cbb43d80298d6b4a192f4bc056656a73e,2026-09-01T07:52:03Z,2026-09-01-33484160918
2026-08-31,7a8e2583b37a2b35421ba36b3697ed11b18d68f5b4071aa362bc3a65c2092d6c,2026-09-01T07:52:03Z,2026-09-01-33484160918
2026-08-31,7a91e9e68e3c288ed8f67d00403c9870f570fcb38f86cb45459e7dc68ef44a87,2026-09-01T07:52:03Z,2026-09-01-33484160918
2026-08-31,7ac92ad8de2b09caa1c34b197dedbeb632997aa5981369d3c87e5695ba726b83,2026-09-01T07:52:03Z,2026-09-01-33484160918
2026-08-31,7af35f22d6ccc251d49da5d21f3fc7ba23a4773d5d4d1ab9a9c722698ba6b04e,2026-09-01T07:52:03Z,2026-09-01-33484160918
2026-08-31,7b212501e16ec1ba71045120804b44e684665eca8004c2bb4c83a10099b5b4c7,2026-09-01T07:52:03Z,2026-09-01-33484160918
2026-08-31,7ba349f6ac3f15636b4b5a9aa06d7cf76f90290f76f5f63e89a69a60b5540946,2026-09-01T07:52:03Z,2026-09-01-33484160918
2026-08-31,7c9184f3a6f736b8e349cdb4ca30b346ce8e92c8bc1dc696b6976f4c444f1c3a,2026-09-01T07:52:03Z,2026-09-01-33484160918
2026-08-31,7d261ddef28daff52b72fed7df3b798d53563c78b4146d946cabde5c7762ff6d,2026-09-01T07:52:03Z,2026-09-01-33484160918
2026-08-31,7d8642b9da345fd2588f5449b419916d98a7e88ee094a41b903d41ddc7d0b647,2026-09-01T07:52:03Z,2026-09-01-33484160918
2026-08-31,7da01650bdcd87b98f1bc2f3b929b766cd18237151b2030cf61e52cc4bba45ff,2026-09-01T07:52:03Z,2026-09-01-33484160918
2026-08-31,7dcb292d4bea4497a42bd6c7658510e2f9a8e31cc831aa52b97e994142410609,2026-09-01T07:52:03Z,2026-09-01-33484160918
2026-08-31,7de7ab87493305ba5b83c57a2bfce8ec9cbfd6c644f914667864196855afa19d,2026-09-01T07:52:03Z,2026-09-01-33484160918
2026-08-31,7e556e2fd7bb3f384e6cde899ffaaf9548738ee66d9c8114ea04b0e4fd1d57c5,2026-09-01T07:52:03Z,2026-09-01-33484160918
2026-08-31,7e62e47ccb32cda8e62b55ed7a3b74df1bf6139952c30cee5ac0483cad2f84de,2026-09-01T07:52:03Z,2026-09-01-33484160918
2026-08-31,7eab9bfda937bd0a9cf09f5be35c48f2e74de88828e2267e079b3f01adab6d99,2026-09-01T07:52:03Z,2026-09-01-33484160918
2026-08-31,7ec0437d338f1487177ea398aa3e5fd233efdfa89cca211a28f7614bbdd0663e,2026-09-01T07:52:03Z,2026-09-01-33484160918
2026-08-31,7eda4ca7446bc7ef7f7ed134f5fd78e03449059a47ea7586ea68af9dd494aa21,2026-09-01T07:52:03Z,2026-09-01-33484160918
2026-08-31,7f753dd1bbeb03fa8a90596cdd43087cd9acb0b66f3e9ba588b67feff60a7232,2026-09-01T07:52:03Z,2026-09-01-33484160918
2026-08-31,7f8c865dd0ec1d552804206d86a5976ad4ca357f40f91c75e4f34c9fa9e3178b,2026-09-01T07:52:03Z,2026-09-01-33484160918
2026-08-31,7fa1ca7bb442fa7b55c94c508c58e9f0873023d790fbe93d959651ca9254565c,2026-09-01T07:52:03Z,2026-09-01-33484160918
2026-08-31,7fd452f2a979b50f95085cce82288db69e610fae33091140a11b0d68bc1c20f5,2026-09-01T07:52:03Z,2026-09-01-33484160918
2026-08-31,7fd5f8c0b3fadffb887c91e1be31cc3cdbfa21ea3ac4b563caaa63ca90a83e41,2026-09-01T07:52:03Z,2026-09-01-33484160918
2026-08-31,7feebf017f3fa62c01358f103684d3ad8d243756a949275f943a691d4b1a9fe6,2026-09-01T07:52:03Z,2026-09-01-33484160918
2026-08-31,800e886c4e953ba2d897efa449647a88351dfe8a583a5be944e015e078aa1ecf,2026-09-01T07:52:03Z,2026-09-01-33484160918
2026-08-31,806e7aee9becbd5f13c36de5adfb64e095572a718416a1d5a7c810495357a935,2026-09-01T07:52:03Z,2026-09-01-33484160918
2026-08-31,807590dcda106b07c3054207496aae528b75462b0ab590bb6341663dc298129e,2026-09-01T07:52:03Z,2026-09-01-33484160918
2026-08-31,809b2b3e5f718b4e68d4b7b38aebfdad07366266059b75f73a1492b679c030a5,2026-09-01T07:52:03Z,2026-09-01-33484160918
2026-08-31,80e901c200dc3de779ff013f88a121ead8396f0bbfead1a585086da9f695b95e,2026-09-01T07:52:03Z,2026-09-01-33484160918
2026-08-31,813e6a5dd15438a2f5c5ec5e3ca04c334d483b29da2a350f243eabc1eccef0f9,2026-09-01T07:52:03Z,2026-09-01-33484160918
2026-08-31,821ac91506c33121b86490059695a817b998c262e71a9229ff61246571e1d89a,2026-09-01T07:52:03Z,2026-09-01-33484160918
2026-08-31,8253e86e3496a777584f6fc923936441d0ddca531e5ed75b83ef2beec20bee6a,2026-09-01T07:52:03Z,2026-09-01-33484160918
2026-08-31,82e15e955e20255457303341ca4101e8c57c12862d71f93a68353c7f853cf881,2026-09-01T07:52:03Z,2026-09-01-33484160918
2026-08-31,8373c83393c76af3251af705aa8f1f9a926d7c03d401d658b56f24b8e2f198b8,2026-09-01T07:52:03Z,2026-09-01-33484160918
2026-08-31,84625f8912fd2c983248745eec1d6177ba4226fe748b0228612d9cfc7e16b7d5,2026-09-01T07:52:03Z,2026-09-01-33484160918
2026-08-31,8502a93c8fbf3235677cbbed7cf7047515e00d659ce0bb7c151be359e167f329,2026-09-01T07:52:03Z,2026-09-01-33484160918
2026-08-31,860030163026fadcbc3ed4acc892d4a4de71c0e3562a726501f67a7bc2b3bf20,2026-09-01T07:52:03Z,2026-09-01-33484160918
2026-08-31,862203328fd71695ac4fb91014ce2f9eaa34004350b07bc3b2a5e43607c1c28e,2026-09-01T07:52:03Z,2026-09-01-33484160918
2026-08-31,865534d9088da9a95017f239c00e8d072f56f144fad51a7c0e1addc830942e15,2026-09-01T07:52:03Z,2026-09-01-33484160918
2026-08-31,86afd376fe6efe1472408bdbd9a50dbf6f1040edd4ec9445011d3e8249ef695d,2026-09-01T07:52:03Z,2026-09-01-33484160918
2026-08-31,873da97ce6287045fc9ff089cc0b54f1bb898a0bd82337c749f990c34c827dce,2026-09-01T07:52:03Z,2026-09-01-33484160918
2026-08-31,87ae1fdf0a1c0ee3fc50beb21e4e91aa909a2d20dffd2247ca2a7ec2037d68ca,2026-09-01T07:52:03Z,2026-09-01-33484160918
2026-08-31,87c5d15b88501fc2b32553c4bc0689a33ff766ae8af341fb8516b98f9a4843d1,2026-09-01T07:52:03Z,2026-09-01-33484160918
2026-08-31,87df66b751f7d72aeb90806ee5223f56e23ec420c52ba8df2d146740a9c6075b,2026-09-01T07:52:03Z,2026-09-01-33484160918
2026-08-31,87ea4afa3310db87f1f9566e0a4c57c49e53cc8beac0d02dbe92aa6702979e3b,2026-09-01T07:52:03Z,2026-09-01-33484160918
2026-08-31,87fce0a2fa417a494638513f6d11f4af6baaf9bb69b3cc8b0cd50754b79285be,2026-09-01T07:52:03Z,2026-09-01-33484160918
2026-08-31,8803432b25be65ebfec6e9661cffdf389468265f556a0a2d0101d3066a436e0b,2026-09-01T07:52:03Z,2026-09-01-33484160918
2026-08-31,88416269f81c6a92b0acf3bbba5b851d9ea52d3224a7d9495af0908bf4c9eab5,2026-09-01T07:52:03Z,2026-09-01-33484160918
2026-08-31,884c6f0f82984c239a2f01635139b54d5b348f60a8b69b2547391b74a015a2d9,2026-09-01T07:52:03Z,2026-09-01-33484160918
2026-08-31,891b404b2a27fe2885931143094b9459f3cbf76565820f9c6e7361e0b9b50311,2026-09-01T07:52:03Z,2026-09-01-33484160918
2026-08-31,891d1afe6dbd9a6f5cdfeafb56150b51ff164e4038fe5eaa706044b4cf82b312,2026-09-01T07:52:03Z,2026-09-01-33484160918
2026-08-31,8940acd949a3ccddc7c274d1d1e647600f42a6b37e630eda3922959ce5e247da,2026-09-01T07:52:03Z,2026-09-01-33484160918
2026-08-31,897b34937b0a26ccfa25bb96cf792b2ba75431c73929f673e2ad574cab6ea338,2026-09-01T07:52:03Z,2026-09-01-33484160918
2026-08-31,89d6c41295acd7bb01314bb6129c70e015f6da8746ef0aa9fdb8af1c133e8be1,2026-09-01T07:52:03Z,2026-09-01-33484160918
2026-08-31,8a4181a44feafcae5e6552a772f88d92a8ffd6fab0ac20614ed367e4a3ad2f0d,2026-09-01T07:52:03Z,2026-09-01-33484160918
2026-08-31,8aa2c9c86bbc3ffa7c569409b9d18fd9020a610cdd6681c4d678f5e54eceb9b7,2026-09-01T07:52:03Z,2026-09-01-33484160918
2026-08-31,8abad69327e6b3efbd446feba2b18bbb3363947f3e60c48631244ca07e55d02b,2026-09-01T07:52:03Z,2026-09-01-33484160918
2026-08-31,8ac01eebe1772a474320bff9c4dcf4ad42bcf539a1aadc6aa6197ccd03910cb1,2026-09-01T07:52:03Z,2026-09-01-33484160918
2026-08-31,8acee41df7836304c9bc1cafefc94c16e26bc6fe7a15f0525d65a9b8d7db0183,2026-09-01T07:52:03Z,2026-09-01-33484160918
2026-08-31,8adacc9064b2efec1b5a2d576750c109466e7f45024b7667db3097809cec7e6b,2026-09-01T07:52:03Z,2026-09-01-33484160918
2026-08-31,8af3f81836ad65d3e39a14a5cc0c17b697677942e1d53a54d0d9814f38378117,2026-09-01T07:52:03Z,2026-09-01-33484160918
2026-08-31,8b2085462dd3089d9b21b56cd20d65cbe5a074bcb8d0f61449ea58c022378cd6,2026-09-01T07:52:03Z,2026-09-01-33484160918
2026-08-31,8b5fb0512af611c613004cc364937059951d9ccfc964adbeecee757d6090f6d4,2026-09-01T07:52:03Z,2026-09-01-33484160918
2026-08-31,8b88923d70740489920258cc260504740b71848d76c44f993dedb3bc19cd9fde,2026-09-01T07:52:03Z,2026-09-01-33484160918
2026-08-31,8c01e642a69c154b04daa4b0b8aee7586c8c7a0c79a00b7699d76434a80c7c18,2026-09-01T07:52:03Z,2026-09-01-33484160918
2026-08-31,8c65cfee00c121205ca2626181b2add8e8ecf9b20a1af9f194415e12100986ee,2026-09-01T07:52:03Z,2026-09-01-33484160918
2026-08-31,8c6646f04ef777ca0d4eb09ba080c9f0b86106cb94aea72fe42f37960e02fa6d,2026-09-01T07:52:03Z,2026-09-01-33484160918
2026-08-31,8c668ea461b9222950d4645c0e820cf8381b9c9c099fa4fe2de33e954f1dac54,2026-09-01T07:52:03Z,2026-09-01-33484160918
2026-08-31,8c8220d19d3a82aa70b014074dc1033ff6d3deeee9cffbc7695601a0a132151e,2026-09-01T07:52:03Z,2026-09-01-33484160918
2026-08-31,8cc09cabfe56bcde5a73c2ff99053a2f5c0d877133b536c21d2dd8a667b723a3,2026-09-01T07:52:03Z,2026-09-01-33484160918
2026-08-31,8cd417dcff3e1c1f044cb2349753f1a4987062cec370206fef326117fbf5ec28,2026-09-01T07:52:03Z,2026-09-01-33484160918
2026-08-31,8cf16dc11b277e45075a49705667f20697ef8432bd283470052551cf58bc66e7,2026-09-01T07:52:03Z,2026-09-01-33484160918
2026-08-31,8da70b94e10c8b7cfc7aa72b0b1a8b6f996d191d5bfaa340b5884c988cdd7230,2026-09-01T07:52:03Z,2026-09-01-33484160918
2026-08-31,8dd13049bb27c5d66b7735207ad74b77512aace92d5b91cff141390b9e1c0735,2026-09-01T07:52:03Z,2026-09-01-33484160918
2026-08-31,8e137845085d045afa03a50bc77d66e7569b01cd668446262d6230e8318b23e4,2026-09-01T07:52:03Z,2026-09-01-33484160918
2026-08-31,8e270bd5e84c68bec34c42ceb7682773eda628e86d7034fada305fe80d74173c,2026-09-01T07:52:03Z,2026-09-01-33484160918
2026-08-31,8e6042e7eda8a2cbbc14ad86238deeb8f196262214237fccfdc419d7e2db6948,2026-09-01T07:52:03Z,2026-09-01-33484160918
2026-08-31,8e81b28a1bb7fc8d547fc41d337c3ee728180adde8e251cf03cc27d0fd2b6c9a,2026-09-01T07:52:03Z,2026-09-01-33484160918
2026-08-31,8eb89ac9ca4c84a55b1baa72993185884131291b2e93ef31b570075d1156258a,2026-09-01T07:52:03Z,2026-09-01-33484160918
2026-08-31,8ecaae32f6ebbaea0e1f74b10f2a23b810332819f3fa97d32a56ddeb52582bdf,2026-09-01T07:52:03Z,2026-09-01-33484160918
2026-08-31,8edfad351f3c66d4f3719fedbb5d8e14d4e8eacc60230728a45f6e9b7ac8d8a2,2026-09-01T07:52:03Z,2026-09-01-33484160918
2026-08-31,8ee8ed580a3ae7b09239705c8c0a50094ea7f8a2ffca94f3d065cdd22a548c54,2026-09-01T07:52:03Z,2026-09-01-33484160918
2026-08-31,8f05b510ddfa6a889e0d4596deb95da6befd0f53a2ab41940af304750b15cd22,2026-09-01T07:52:03Z,2026-09-01-33484160918
2026-08-31,8f0c98a6d656a560fac959f9011d15c27e5b7ee1aeda0ddd389057d8ca4ebc39,2026-09-01T07:52:03Z,2026-09-01-33484160918
2026-08-31,8f2481c45b6e8e48351a6034cb912dbb4939d592beb1c62a07712b9472c43cee,2026-09-01T07:52:03Z,2026-09-01-33484160918
2026-08-31,8f31e233897ae7a964a974f9e036aac206ab301cf6ee804ae51197489cf876fc,2026-09-01T07:52:03Z,2026-09-01-33484160918
2026-08-31,8f82d037abb7db4d872298c75ee0e10692c7dbd839f9b58d4a4ad8f682238428,2026-09-01T07:52:03Z,2026-09-01-33484160918
2026-08-31,901077a50757bd94a5cd38cba9665854408fb0a830bb415922b222e76e99710b,2026-09-01T07:52:03Z,2026-09-01-33484160918
2026-08-31,906fdff25f940456112e4cf9c9d5260f40f03efe415e180ffa318c208b9861b7,2026-09-01T07:52:03Z,2026-09-01-33484160918
2026-08-31,90fb3f15a4aa4a56d92e7cbca29260ad0e81a416fc15d1b3fceefc9a63722129,2026-09-01T07:52:03Z,2026-09-01-33484160918
2026-08-31,91350b41e2a65e2d598094875f99a6b8c166e4cc90776169635223afc7186834,2026-09-01T07:52:03Z,2026-09-01-33484160918
2026-08-31,914d8e6e21f785d0d657031e2b0ba8f73839d282ecf57919ca27814f1b718790,2026-09-01T07:52:03Z,2026-09-01-33484160918
2026-08-31,9171a238aac1975ccf7f88d4d09fd23efc07a72b96c399e034fd7b83e6adc924,2026-09-01T07:52:03Z,2026-09-01-33484160918
2026-08-31,919f4651bb292f21ec00bb78bc636fb5e2e83fa810e79ed178267e57c2d8fb0a,2026-09-01T07:52:03Z,2026-09-01-33484160918
2026-08-31,91b2c5b07a81615da103de806371d6fd40a996e2ff80db844ab6b17623ce8d3a,2026-09-01T07:52:03Z,2026-09-01-33484160918
2026-08-31,91f727b7835d43f1b52313e6539141b48a649b696d02a5566836495d9ff69eee,2026-09-01T07:52:03Z,2026-09-01-33484160918
2026-08-31,92237342bbe3f0a3c831227d5795ca0a84bbbed3e73fd9b187237af3d8931bcd,2026-09-01T07:52:03Z,2026-09-01-33484160918
2026-08-31,92dc112b0a42016963fb59846e603155fc49c7bbc8f6aea973300a36023ef036,2026-09-01T07:52:03Z,2026-09-01-33484160918
2026-08-31,9356d32eac67f66f4be32c685bbb5ae28f56b13707ef87b33044c6640c8a1ddf,2026-09-01T07:52:03Z,2026-09-01-33484160918
2026-08-31,93acd3abf0ce8411aad02a8af559783dedd4ddd5ccd712d17864caae78e6d9f8,2026-09-01T07:52:03Z,2026-09-01-33484160918
2026-08-31,9468300539bfcb3d3fa7e5bd72be007d4a07b93869fd70a3a3137e8fda619872,2026-09-01T07:52:03Z,2026-09-01-33484160918
2026-08-31,9481b601d027215f030a7702bd051d4af527b89f5731566ea6b53be5fe21398b,2026-09-01T07:52:03Z,2026-09-01-33484160918
2026-08-31,9497b2a584d2a71b7f0b3ececeece011fe1c261d37cd7ae81dfe19c42b798872,2026-09-01T07:52:03Z,2026-09-01-33484160918
2026-08-31,953b3ef33ffdea0add9ddf6fdd9b09fe15bea171e76591b16493ddbc7e3065c5,2026-09-01T07:52:03Z,2026-09-01-33484160918
2026-08-31,95ef237f09f58bc21ba3bab3d6bf9b34ce05b5509b5985f15c4477c8b4cada0a,2026-09-01T07:52:03Z,2026-09-01-33484160918
2026-08-31,961b52184814b9380b6ecd97843de707450a404d28815b35d7c55a7184ef96ce,2026-09-01T07:52:03Z,2026-09-01-33484160918
2026-08-31,962165124a70c8db9957b31888ba5403b7a48406de2eb23ce64b835e991f34c5,2026-09-01T07:52:03Z,2026-09-01-33484160918
2026-08-31,969decb3eed583e2d711a4ec5fcf40903664cca8b4988c46d0c5ac05d541c6ec,2026-09-01T07:52:03Z,2026-09-01-33484160918
2026-08-31,96f881c921b650d316a5571c7d8a49cf303be0d537adc7be678b278d1d1d0bc2,2026-09-01T07:52:03Z,2026-09-01-33484160918
2026-08-31,970221ba6d139b845c5865e87011df1aa519c50f377836263153a8b4e87c3fe0,2026-09-01T07:52:03Z,2026-09-01-33484160918
2026-08-31,979f1ce2dc8047fad8ba983addf62204843628f2386dc9e5625dbb93d61c22e3,2026-09-01T07:52:03Z,2026-09-01-33484160918
2026-08-31,984b4590bb72273a539e472bed0df2b7688b40909a9e6167b98fd6e8024f3d03,2026-09-01T07:52:03Z,2026-09-01-33484160918
2026-08-31,990d965d8ece843ae4fb63b6adee19c12cd0143542100a1b8c365b538d8302ec,2026-09-01T07:52:03Z,2026-09-01-33484160918
2026-08-31,9a8e447c90e09ebcf09820c87b00df1ea01b66047a6a28b63f8727a0e0e848c0,2026-09-01T07:52:03Z,2026-09-01-33484160918
2026-08-31,9a95ba0459e87c83c44cd6ddc15f61b3a75a4e55e3a0c4dacc0ddad05126cefa,2026-09-01T07:52:03Z,2026-09-01-33484160918
2026-08-31,9b88b8137cc5e38126572566cfb669dfdd61ed77c69a5e2846094b2f4a438c9d,2026-09-01T07:52:03Z,2026-09-01-33484160918
2026-08-31,9bc081ed112f205fa04d7d4371f8211ab7ea50fae31f1bb2c9fea3d7a1a030cf,2026-09-01T07:52:03Z,2026-09-01-33484160918
2026-08-31,9c31fe50ceb77d2b0a47ae0c2ed1ae5d4033c1ff2e5ba11c7040e0262b6e8cb5,2026-09-01T07:52:03Z,2026-09-01-33484160918
2026-08-31,9cb85339a2c7db43a9173b4651f24cb25aa6023a623191c8d9abed3b8e59cc39,2026-09-01T07:52:03Z,2026-09-01-33484160918
2026-08-31,9cef1f76d72aebad1ccc12f9e64852c825703921fa31a9f1c1a6da73bea5630f,2026-09-01T07:52:03Z,2026-09-01-33484160918
2026-08-31,9cf717cac9c3171557682679cac70e59353cd46c4da6e7f414cc7662a6a08bcf,2026-09-01T07:52:03Z,2026-09-01-33484160918
2026-08-31,9d16d125e44de17aa1a6472bccff3988690f378500fd2eb51da08d9efba70c76,2026-09-01T07:52:03Z,2026-09-01-33484160918
2026-08-31,9d45260616972698c0b48c26a05c9cf9e9dd6f787b9a4cf78bc7ced099c8eda5,2026-09-01T07:52:03Z,2026-09-01-33484160918
2026-08-31,9d5c317d954b88ed88d98f4bc3376e8223813766153b97b9a9a615f10189abfb,2026-09-01T07:52:03Z,2026-09-01-33484160918
2026-08-31,9d993cdb642f4f143911725194ae24437fa90bd772ea32c411a030b5f29bc868,2026-09-01T07:52:03Z,2026-09-01-33484160918
2026-08-31,9da52af5093c77e524fd18ce6864c9ff21cdbac84369b8bbae19d86652b7dda1,2026-09-01T07:52:03Z,2026-09-01-33484160918
2026-08-31,9ec665ee1779c93d093aceb8489d8d9adb4c18069f6caac206417ef783ca9b50,2026-09-01T07:52:03Z,2026-09-01-33484160918
2026-08-31,9ee6878546f3f16cfa29f4dc3315d10933b856859db4ee601f32f6b64c10d3fc,2026-09-01T07:52:03Z,2026-09-01-33484160918
2026-08-31,9fb05936d9c7bd57dc8625eca6af3d4a12a85ccddb7550655c88273fcd9bf3c2,2026-09-01T07:52:03Z,2026-09-01-33484160918
2026-08-31,a00300a15b113f47496f72ace4f3b61e7461f034801a71fa81ef68c0a0ef7ca8,2026-09-01T07:52:03Z,2026-09-01-33484160918
2026-08-31,a07bdc0994070e3e9a06913288e51c7a19b8a5f094b5ec36a8cb5445603b1352,2026-09-01T07:52:03Z,2026-09-01-33484160918
2026-08-31,a07c5566bc07ce50dd6c93d56a016d83b63e6d7aa36726cbd19ad0849118d610,2026-09-01T07:52:03Z,2026-09-01-33484160918
2026-08-31,a0cf590c94cf95f7ed821048866af9ddd5e55beab4404837d3b56f16e064e86e,2026-09-01T07:52:03Z,2026-09-01-33484160918
2026-08-31,a15107bed743b451cc06c24b15b7306deb6db9edceedc261ef0b6256344e2396,2026-09-01T07:52:03Z,2026-09-01-33484160918
2026-08-31,a1f5d54db8a0be1680987352c0c0cc846704944a490cb5629b8231903e7b4f77,2026-09-01T07:52:03Z,2026-09-01-33484160918
2026-08-31,a21cf9d7006ec9ab19cfcbe193a534be8ca2e802d0b5dada6a561d0227099c12,2026-09-01T07:52:03Z,2026-09-01-33484160918
2026-08-31,a25111783236e475e9505fbc1b852a53d31812fbcabd62c55cc5cf91eaedaddd,2026-09-01T07:52:03Z,2026-09-01-33484160918
2026-08-31,a2635cbb6212710fcafbbc317b4bd90045718e813dac1173dfdbcade021e1571,2026-09-01T07:52:03Z,2026-09-01-33484160918
2026-08-31,a2fa01bea8fa866e62b9155afa738554459dad0d7c342d1336b130a37f1e6728,2026-09-01T07:52:03Z,2026-09-01-33484160918
2026-08-31,a31a315de11d47dcc3fa09ecb53fe7db4b1fda40292d9102f307143caa34ccc1,2026-09-01T07:52:03Z,2026-09-01-33484160918
2026-08-31,a32542dc6b02ee4b7c1841bca9caf9b09d88d386682c82d7cfafa50bf830d173,2026-09-01T07:52:03Z,2026-09-01-33484160918
2026-08-31,a3553546b582300d1917da16752e5d551f3db432c3e8950bdc4b4194c5866992,2026-09-01T07:52:03Z,2026-09-01-33484160918
2026-08-31,a35788511f9eb5a9da669f5730e5fc273f0a557839bc55be48d1f27497183567,2026-09-01T07:52:03Z,2026-09-01-33484160918
2026-08-31,a36cc23b17cf151592ae2db75fb8ccbe082bf0fe8021c27c27424cc7b22b89c7,2026-09-01T07:52:03Z,2026-09-01-33484160918
2026-08-31,a3e02ec5f621851bf3c2798cb3e0c836ed239cf29aeab21792a1d5a159ffbbcc,2026-09-01T07:52:03Z,2026-09-01-33484160918
2026-08-31,a472a1713482cc6020374abf981ba0a2fe5418400919eaf401007cffad1f242e,2026-09-01T07:52:03Z,2026-09-01-33484160918
2026-08-31,a479b65f5dbc90eec3ec5901ed64c0cef540ae2d1ba7773f3aa2db26217eb877,2026-09-01T07:52:03Z,2026-09-01-33484160918
2026-08-31,a47d51a808eac12c4a797f7756d50a5428ef2efa28244d41f7c29879b59aa1a2,2026-09-01T07:52:03Z,2026-09-01-33484160918
2026-08-31,a480fa8b4d8ab2e0827ac564335bab58d8195897123e63e6adc6d6193b1510eb,2026-09-01T07:52:03Z,2026-09-01-33484160918
2026-08-31,a48880ac1f236dde5b7ddf84bfb541d73731fa2ff013bf4b900d500ad1889746,2026-09-01T07:52:03Z,2026-09-01-33484160918
2026-08-31,a4de2136d1e99240449eb94155497aeff561d4af52c29c9d5ca1f2957a6e12b0,2026-09-01T07:52:03Z,2026-09-01-33484160918
2026-08-31,a53ea5e253fd4f12239198433fd5aeed022a722637e9cdbfb2e5bb2aed71130d,2026-09-01T07:52:03Z,2026-09-01-33484160918
2026-08-31,a541680fbf44ed4984cd5d16fbe68619bae346ed5866cfeb931c163bf1e165ab,2026-09-01T07:52:03Z,2026-09-01-33484160918
2026-08-31,a54a2ff7be2ebbbaf884650c9fcbb39db3d67fc92ab8d7bcb065213a3fb8cb84,2026-09-01T07:52:03Z,2026-09-01-33484160918
2026-08-31,a557661bce676d633a6b168884c3446c6bd5858895cc7aded089c9eede93c423,2026-09-01T07:52:03Z,2026-09-01-33484160918
2026-08-31,a58a05bcf2b87f1930096cadf146acef1b4618bc4d6cf28abbf2a1a0e24ce60a,2026-09-01T07:52:03Z,2026-09-01-33484160918
2026-08-31,a5da97007a2f63a524eca040688191b9522a051bde6f95417f12821ef171a77d,2026-09-01T07:52:03Z,2026-09-01-33484160918
2026-08-31,a6201e2445cb35c39d5d9b786cc5c9af56886fc9f08d8f8c52609870d3d52a41,2026-09-01T07:52:03Z,2026-09-01-33484160918
2026-08-31,a6830bf7816a399e4bbabed7eaed10c75eec98fb3d20c74b5c1fde4a4c95b79c,2026-09-01T07:52:03Z,2026-09-01-33484160918
2026-08-31,a6d4e3555b62b0a504b374d38f68899e31c99b0814ffcad16fd7584130aa3a5d,2026-09-01T07:52:03Z,2026-09-01-33484160918
2026-08-31,a7bc528101dcd98091422496c549e58c230c9e78318c8adc95935d281638db56,2026-09-01T07:52:03Z,2026-09-01-33484160918
2026-08-31,a87ca0b5ff93eb93d6d107774705c62519ed690d7a1eb9af282d32da06ee9bb6,2026-09-01T07:52:03Z,2026-09-01-33484160918
2026-08-31,a88bb734b59b39ee823144c0878700cf180c16607141e764c777486331aed829,2026-09-01T07:52:03Z,2026-09-01-33484160918
2026-08-31,a8af6bb9ba5612d319e5c3a944ca199b17c71fdb62b5b2ee2cc9883d6e1e25d6,2026-09-01T07:52:03Z,2026-09-01-33484160918
2026-08-31,a97928b08d04cab09548aef6b80be5819f0fd30438c11389829ed4204d0166d8,2026-09-01T07:52:03Z,2026-09-01-33484160918
2026-08-31,a9c8fd0de3b1e8c7fafb62ee9a4c8004cd9fb41de641c389e33b18cf52fd5ac8,2026-09-01T07:52:03Z,2026-09-01-33484160918
2026-08-31,a9ca8553752e5a9a6449494e8963565c9cb9eb80203bd9033f1e36caf244b8b8,2026-09-01T07:52:03Z,2026-09-01-33484160918
2026-08-31,a9cf048a37b74a4e6b664cb332880356e5e2cc07fee673ab9bd7e8d50c9e0a7e,2026-09-01T07:52:03Z,2026-09-01-33484160918
2026-08-31,aa0b23b1808570f9295405547ba01c14a6eb53310dc3bf949cab48ebeb848b54,2026-09-01T07:52:03Z,2026-09-01-33484160918
2026-08-31,aa662d83e52409444001b14976bb1d0841f8a6f3d5f233470f782c9582e96866,2026-09-01T07:52:03Z,2026-09-01-33484160918
2026-08-31,ab4f0136943fbe26c0dd307ee2851a272da5c414cece7cd92bbfdd013fb14409,2026-09-01T07:52:03Z,2026-09-01-33484160918
2026-08-31,ab98f4ace20cdeb023967ec6b8c5955a762101b7c8fcaee9acc08b5b3ae0e0b8,2026-09-01T07:52:03Z,2026-09-01-33484160918
2026-08-31,ab9c582159d3cd779880892bc18c924551ac37fc742726e9d1b396dea25d65ae,2026-09-01T07:52:03Z,2026-09-01-33484160918
2026-08-31,abe7a61cf225599bf135f9a917d81699e6710e04545b796d43764e0facbfcdeb,2026-09-01T07:52:03Z,2026-09-01-33484160918
2026-08-31,abe92dfb0decad188df0374d645c76b699692e763fe049b4743c5c2ccbdb5772,2026-09-01T07:52:03Z,2026-09-01-33484160918
2026-08-31,abec67dd6a5942ff949f0427b531d67e6e6651a682b0160fb0116a055169a65b,2026-09-01T07:52:03Z,2026-09-01-33484160918
2026-08-31,ac0ee00cce352a27320539b42b53d8c0bd5b47fdff4661e3f51565c85ba86e05,2026-09-01T07:52:03Z,2026-09-01-33484160918
2026-08-31,ac19b49df8b841ebfe59448a28d0a2d446760fef743d0b78e677a486920b04a0,2026-09-01T07:52:03Z,2026-09-01-33484160918
2026-08-31,ac5053fde31740d1d187ca0d53fac91ca09de593bd672f711cb35df46f0354c5,2026-09-01T07:52:03Z,2026-09-01-33484160918
2026-08-31,ac520d89071260b01342f33f4a114aec134246e6a8d42ede53145d2f07a008ea,2026-09-01T07:52:03Z,2026-09-01-33484160918
2026-08-31,acf1c467744d62351699df87c250d92087ec3171c9e863723d902f367798c647,2026-09-01T07:52:03Z,2026-09-01-33484160918
2026-08-31,acfd82a7c85505c61f38f39978113d395ddcdf4250c130c739fda680e0432a36,2026-09-01T07:52:03Z,2026-09-01-33484160918
2026-08-31,ad35a0e735420d1cc400b0c94ed0ab7dcc2134a31bb9803bc2b7aa5036330b33,2026-09-01T07:52:03Z,2026-09-01-33484160918
2026-08-31,ad469d2d6acbeab38be2374c7ff04996f9d5eff27b87bcfe2a56f9d5faedd1cb,2026-09-01T07:52:03Z,2026-09-01-33484160918
2026-08-31,ad93e1cb5297d9d3efcda151cc80abf0e97fcd7f78fe09f935b845383c702381,2026-09-01T07:52:03Z,2026-09-01-33484160918
2026-08-31,ae1d115130275b74d746faafd0e55124d3dc365657130f4f567a9e84a7781daa,2026-09-01T07:52:03Z,2026-09-01-33484160918
2026-08-31,ae20eb47d2130cd4dac874ad61b1e25263e1c1aa475d7f7956b5f66c67185ccb,2026-09-01T07:52:03Z,2026-09-01-33484160918
2026-08-31,ae86eafee555f53a233ec96e283aabdbea46537e9ea092904b394d6987f52996,2026-09-01T07:52:03Z,2026-09-01-33484160918
2026-08-31,aec9664e1d2800eeb38cb93fd1c25c9943c0c99e14de007951b6eec8080ce0f4,2026-09-01T07:52:03Z,2026-09-01-33484160918
2026-08-31,af1aed8e8bbac05244abc810e129adf11457cb921d6abe7cd6bd464f65d1863c,2026-09-01T07:52:03Z,2026-09-01-33484160918
2026-08-31,af2743c222517c6a9a848133b54f7dc7f60f09ca8bd2cf95935e33c38fabfb01,2026-09-01T07:52:03Z,2026-09-01-33484160918
2026-08-31,af65f7101d63870a2bfcbb48440f467e89e42de8969afa53e9835ee6357bcc79,2026-09-01T07:52:03Z,2026-09-01-33484160918
2026-08-31,af74987edb13fb0afe5a10d1c6d1fecc1b5e5ff540a7ddbc4b8a0c1ff53b6c8b,2026-09-01T07:52:03Z,2026-09-01-33484160918
2026-08-31,afa7ef35c30980d7727bb7a41beb5fe0ebd931f44ab3d539ea34c4db68b37926,2026-09-01T07:52:03Z,2026-09-01-33484160918
2026-08-31,afcc2912dbd61a33f2cac248bd40e521969b7d82b3a1a186147d4f324f29c98f,2026-09-01T07:52:03Z,2026-09-01-33484160918
2026-08-31,b068605c1f8dd24b7935ef57efa3e6c961c8cbb01afc182f975f0b8a2dfc16b8,2026-09-01T07:52:03Z,2026-09-01-33484160918
2026-08-31,b0780dc82c64a31dd3fb9bf1d393016821ae23c4e233d6bc6d6fca95ce512685,2026-09-01T07:52:03Z,2026-09-01-33484160918
2026-08-31,b0a1a01053008ba1e53334b080d112327851daf06ea8ccc4ce451515a95dc10d,2026-09-01T07:52:03Z,2026-09-01-33484160918
2026-08-31,b0a258145199bc9de42ed337c3e54b5e9aa41972d8b34806173c7013be2228aa,2026-09-01T07:52:03Z,2026-09-01-33484160918
2026-08-31,b0b87d6ed56cb80c1e267bb7467ee3b528b8c9721d995a78307971c0ac1fb57b,2026-09-01T07:52:03Z,2026-09-01-33484160918
2026-08-31,b0f0dc067c390e4c2a420f3e82b822d90d76278e3db3ec67ef72c95ac6b2e6ae,2026-09-01T07:52:03Z,2026-09-01-33484160918
2026-08-31,b1794b69ecb0783feae560cd19ee3c5200548f912b6f612d3edc465a68fb827f,2026-09-01T07:52:03Z,2026-09-01-33484160918
2026-08-31,b185982ed0c3490780d45d2d1c23cde3ab94644fc9913974b4c161e564b436ed,2026-09-01T07:52:03Z,2026-09-01-33484160918
2026-08-31,b1f0d081037b103b0b0f7d06902eff10df1cc5cdd951f1314511e387d91051c4,2026-09-01T07:52:03Z,2026-09-01-33484160918
2026-08-31,b23dcc5f9bac92664709f33997e2dca3ac3ce3da8b931839cfc754f32c2ab1f5,2026-09-01T07:52:03Z,2026-09-01-33484160918
2026-08-31,b2d6ebcb432bd15dfce04b2c0f23045be24ef14cf39ab73beada7764235c5fb2,2026-09-01T07:52:03Z,2026-09-01-33484160918
2026-08-31,b37816265c75127da9a5d02468eecdbbdb2e884b1913197b881949f91be6640f,2026-09-01T07:52:03Z,2026-09-01-33484160918
2026-08-31,b3acd7bbe58df84a70c245769047a7cea1c800ff7378f0019d9fa91511b62d71,2026-09-01T07:52:03Z,2026-09-01-33484160918
2026-08-31,b3c1f0d90c1ac4c8466b67601f164f5c154b6217615dc1a13b71a203437049c0,2026-09-01T07:52:03Z,2026-09-01-33484160918
2026-08-31,b41b9a5e36f8575297bc2976e93ca1812d2dcbb54861d3157ee3185fdaf700ab,2026-09-01T07:52:03Z,2026-09-01-33484160918
2026-08-31,b449545f5d4988c3a4c7a2a7ddbc79889582a96903f47505243d08caccfd9d64,2026-09-01T07:52:03Z,2026-09-01-33484160918
2026-08-31,b4f0d8b644e32b8a32bc8a00999cfea8751ebe5705f1089c6405fd1e6828c8af,2026-09-01T07:52:03Z,2026-09-01-33484160918
2026-08-31,b4f6788f7f867351462a3eda18bce0a30d0e21d80f8676dee0c405244833b320,2026-09-01T07:52:03Z,2026-09-01-33484160918
2026-08-31,b514d65cb5418160dfa1fcfe634b0eaec3e30f44bbd25405848b509bffa0460b,2026-09-01T07:52:03Z,2026-09-01-33484160918
2026-08-31,b527a51d09f69c0a8f2d663830eaad0108a6e6ebd0ee16c8428134a1bb97f433,2026-09-01T07:52:03Z,2026-09-01-33484160918
2026-08-31,b59500de19580fe10f0242bd582f323ae0241c102257ae66d85aac2430b47cb5,2026-09-01T07:52:03Z,2026-09-01-33484160918
2026-08-31,b5f54a9f243d6acea72ff29430fb044213e04904a78efca23cb5b68902dc29c8,2026-09-01T07:52:03Z,2026-09-01-33484160918
2026-08-31,b618f85e07d43364a5ae3e5c0bd76df2f327b38878fee171ff3e8aecd2880c0d,2026-09-01T07:52:03Z,2026-09-01-33484160918
2026-08-31,b6451970832d8592c82bfb958c3e1b58d13f6799f3d13e98ffed37a86180d6b7,2026-09-01T07:52:03Z,2026-09-01-33484160918
2026-08-31,b6697f7e9a8f170315045ba4a96aa6198079d9407ce473da9f926eac2777b953,2026-09-01T07:52:03Z,2026-09-01-33484160918
2026-08-31,b6b56fe0e8214fa2f1f90c84cf4923f4f02b963c88d95ae81df43d0cefa146a2,2026-09-01T07:52:03Z,2026-09-01-33484160918
2026-08-31,b7143059baa4660d3202e80ec654553267e13168b294c011028ba0800a637752,2026-09-01T07:52:03Z,2026-09-01-33484160918
2026-08-31,b7891fda97c13282474c39a501abcdb1cd0684fc17adf0e9e04a7fb38433abcf,2026-09-01T07:52:03Z,2026-09-01-33484160918
2026-08-31,b7a034d8c1384f999c7b44b3f1e3e0bce668b74933ab56b2d65aa585d19f1fcd,2026-09-01T07:52:03Z,2026-09-01-33484160918
2026-08-31,b811827b6f716d5ca775801e7b07b81090b65ce635b0816e61c85ac4cc898429,2026-09-01T07:52:03Z,2026-09-01-33484160918
2026-08-31,b828db88d0e358e31d0723e0c8dcf49670b0ae19bcb5cc48c9d4fa9ebd8a8c18,2026-09-01T07:52:03Z,2026-09-01-33484160918
2026-08-31,b8464775355d6c5d457cafda15a83f10900390d0fd9fc0b5e0e8dddb7c2f9bc9,2026-09-01T07:52:03Z,2026-09-01-33484160918
2026-08-31,b8ec09598a1b08e9d1bea473ca37fd637bfdb198844d26f06503c0dcb3d67f55,2026-09-01T07:52:03Z,2026-09-01-33484160918
2026-08-31,b91e47d0ae349f8a7f6a2f8181bf7528c233c53a7d87b9471f06d6c3d2045fe6,2026-09-01T07:52:03Z,2026-09-01-33484160918
2026-08-31,b953fdc2691ef8b10ff8afabab34c4d6f1a84c13ce0b23528e818700348656fa,2026-09-01T07:52:03Z,2026-09-01-33484160918
2026-08-31,b972433d17f570ae6cff21f0dc2c36826a7df634da4186cde7ed06604f9de22c,2026-09-01T07:52:03Z,2026-09-01-33484160918
2026-08-31,b98e4b7d6aea5d65db3b03253c9ff356a0cba9dc5b6118dc57a61f5656fdb8c3,2026-09-01T07:52:03Z,2026-09-01-33484160918
2026-08-31,b9af7e0ba48e4b7c46a64c78d48b59181817ed09f5f34fe7307560a8566e6917,2026-09-01T07:52:03Z,2026-09-01-33484160918
2026-08-31,ba680b0dbca59e026ca05ae2ca2029702b9b91a22d3b435b1eb352188bd2cf63,2026-09-01T07:52:03Z,2026-09-01-33484160918
2026-08-31,ba8f86613fe1eed3207c0577ee3aa96af92bea144d82d5f3cf7a31e538c1c6d2,2026-09-01T07:52:03Z,2026-09-01-33484160918
2026-08-31,baa71859ec42ef9018a726490e1e5407adc8965eaef8965ee89e096619cbecde,2026-09-01T07:52:03Z,2026-09-01-33484160918
2026-08-31,bb395e4bb5917ddd4f8864dc43ce090848427dadb6227535c0595781f758ff81,2026-09-01T07:52:03Z,2026-09-01-33484160918
2026-08-31,bbb81815585184f1de8d2ae7fa18d1fc260bf6082e9114b18c2acb14549d08cc,2026-09-01T07:52:03Z,2026-09-01-33484160918
2026-08-31,bbebd79ddc11229cf64ad8e6a551fa41d3ddd5826d8a8a3d6c03f76d67fc05c1,2026-09-01T07:52:03Z,2026-09-01-33484160918
2026-08-31,bbf8bef7b1ab459111e429c415b88aebb7ac711eb35c511fa3fb1ad2480be767,2026-09-01T07:52:03Z,2026-09-01-33484160918
2026-08-31,bc1c0a7c6235cf68542cac7efda4a4a01b8d5c73ccd9a0f1d3d086f1c19d6f20,2026-09-01T07:52:03Z,2026-09-01-33484160918
2026-08-31,bc33bbdf1ca42d0c70c328106bd2954a2bed5ac9079ac322089a9ca90d3185fd,2026-09-01T07:52:03Z,2026-09-01-33484160918
2026-08-31,bc53c981c638d85cfd24584694f2e118f7c32817138aae751417640f2fde670e,2026-09-01T07:52:03Z,2026-09-01-33484160918
2026-08-31,bc5e901c206451d33d394328204d33276c3e5cf10f910a5b146f00f3a1b70e0e,2026-09-01T07:52:03Z,2026-09-01-33484160918
2026-08-31,bc8d837aaf36a9ee3bd1b90bc916206ebce8329fbd86ed384efd5b0b4c0a4af2,2026-09-01T07:52:03Z,2026-09-01-33484160918
2026-08-31,bd024efac5d1fd335f191648f483552b6fa6b69ecbc859f267c3628a8f3d4faf,2026-09-01T07:52:03Z,2026-09-01-33484160918
2026-08-31,bd03e7a4478973b87cb85ffdc7b7f3779c355cc20d0ff28341f8e453f9128f20,2026-09-01T07:52:03Z,2026-09-01-33484160918
2026-08-31,bd5b8bf63ed10697b125ba632b2ca91707a68844781a77c2a6d089b97d9d06b2,2026-09-01T07:52:03Z,2026-09-01-33484160918
2026-08-31,bdbb2023b835001a37e71a6b794510c79b3154faa56ab9277b1a4263e8a7fd5e,2026-09-01T07:52:03Z,2026-09-01-33484160918
2026-08-31,be4a097bf89104a76cec66b51eb7b50624ea82712772e4601ade8903d02a2c10,2026-09-01T07:52:03Z,2026-09-01-33484160918
2026-08-31,be8163841993c37e18dc09497ec28b7a05cc7e5377125a361ae246e195513547,2026-09-01T07:52:03Z,2026-09-01-33484160918
2026-08-31,beba3460b1cc564a85d885a466678736ee596c7248479f446adee863b18b03dc,2026-09-01T07:52:03Z,2026-09-01-33484160918
2026-08-31,bf5cb2817ab255c930171f21cbbe6c83c1122a8112159e9984f9d1386250c179,2026-09-01T07:52:03Z,2026-09-01-33484160918
2026-08-31,bfb7231a0c5d1199b519fb839a588da2df280708e001fc5bacfbde321f99dca9,2026-09-01T07:52:03Z,2026-09-01-33484160918
2026-08-31,bfb796f9f6d3de0d62fada25bde2e8c2b24a6fdc23882c066443e19ef3c61ad7,2026-09-01T07:52:03Z,2026-09-01-33484160918
2026-08-31,bffb466b33a5a04687b9f9b55e7b48a35efebe9b6360781e7f1e8ddd59f7aa11,2026-09-01T07:52:03Z,2026-09-01-33484160918
2026-08-31,c019436c2f2c58933838d5f15e1441c30eb35233308f6f466e09e0a4c703e016,2026-09-01T07:52:03Z,2026-09-01-33484160918
2026-08-31,c0be5a9ed3447046afa60ff4f047665e348007bcd7af213992f4e5ab41aaafdd,2026-09-01T07:52:03Z,2026-09-01-33484160918
2026-08-31,c163af227a4fa3df856eded26048df473ad468e8770f5c47d31a193384cdacc1,2026-09-01T07:52:03Z,2026-09-01-33484160918
2026-08-31,c1648648253a8e17ee6e4fc71d26d71bba81058f8c41519a21ddccb50bd8e050,2026-09-01T07:52:03Z,2026-09-01-33484160918
2026-08-31,c165707e10eb29a4cedce8b4aef36ab2f3dd2185c935792682b65528cfa18d52,2026-09-01T07:52:03Z,2026-09-01-33484160918
2026-08-31,c1822dbd7964bb82e57eb983c533a25a5deda9adf4352475af451c5e568c0693,2026-09-01T07:52:03Z,2026-09-01-33484160918
2026-08-31,c182dd616f1f9c449c1d32f6a28b12f7046b6a5c691854d06471610943a61601,2026-09-01T07:52:03Z,2026-09-01-33484160918
2026-08-31,c18429c2faafd5811fbf09ac5a61edfdf1c0b714cf5fc99ca3c2323cd607fca2,2026-09-01T07:52:03Z,2026-09-01-33484160918
2026-08-31,c18f37f9a9be75df0b73418e306bc342bacb943465738cbc3d83b87212a3aa5a,2026-09-01T07:52:03Z,2026-09-01-33484160918
2026-08-31,c1c953b28257dcc6cf0e551f92e8f5d7b61db04bff7a99cb3afe2a41e95d1d0a,2026-09-01T07:52:03Z,2026-09-01-33484160918
2026-08-31,c270f255d1dee1c951249ec9a7763b2111153c3f1c6c833ba28480691128dd43,2026-09-01T07:52:03Z,2026-09-01-33484160918
2026-08-31,c2df3621480024e7bd0d1b2626397bfb5187c9e5a53f09b22fec33e691e4d16c,2026-09-01T07:52:03Z,2026-09-01-33484160918
2026-08-31,c2e942a5eddc5a9c01926ec6f3a39de1c474fc7620445226fc682cb64ec2ebfd,2026-09-01T07:52:03Z,2026-09-01-33484160918
2026-08-31,c3504e07191788e65895e395f2dfc36443a7db0a24150edf54ba32c86c7a78fb,2026-09-01T07:52:03Z,2026-09-01-33484160918
2026-08-31,c3da54f2605043656a624182f0d55d1b6e060367cfee332558ee845032ba2c39,2026-09-01T07:52:03Z,2026-09-01-33484160918
2026-08-31,c43a92cb27f1d86c125c2a0d6575c4ce226606caac7ef2fd273ad140904a2b6a,2026-09-01T07:52:03Z,2026-09-01-33484160918
2026-08-31,c443c11b601dbcee4279b75219576fcf3758d14322da53e61714b02fa3f66309,2026-09-01T07:52:03Z,2026-09-01-33484160918
2026-08-31,c47657360819150edbb6f65ce21d45e5b78b244acda8a46eb34f661a63ce0a9f,2026-09-01T07:52:03Z,2026-09-01-33484160918
2026-08-31,c4b97d74d056637e66c62cd7653f484021ddfe3405c393bc55e29eb73bba1e73,2026-09-01T07:52:03Z,2026-09-01-33484160918
2026-08-31,c53bd53c2bd1e235c0a1ac770f6756c4c3589e50183afd79c2482e5c6c54ee3a,2026-09-01T07:52:03Z,2026-09-01-33484160918
2026-08-31,c557d0cfb153f7f7e7aa9ada48a85c43f6f3e61634851649511f412bced80204,2026-09-01T07:52:03Z,2026-09-01-33484160918
2026-08-31,c593cdc81915e4b9c54b30176f9aad64f64acd901fe039bb71127244f84df5b9,2026-09-01T07:52:03Z,2026-09-01-33484160918
2026-08-31,c6687371fea27e7e326f622ea095f3376524563caee4f490237d8935b3bb3e84,2026-09-01T07:52:03Z,2026-09-01-33484160918
2026-08-31,c67470664e6e5e36c5d273d6aebd2b23be96fedf904f8bccda8213e2e3b19ceb,2026-09-01T07:52:03Z,2026-09-01-33484160918
2026-08-31,c78f211c15cd1acabf1b973a3392079b666debeaaa1da43bf0561040a218cc1f,2026-09-01T07:52:03Z,2026-09-01-33484160918
2026-08-31,c79d09bec3ca3c54846265bfcaa71269d9f4c2ed02b898e8cc6ee54332a415ed,2026-09-01T07:52:03Z,2026-09-01-33484160918
2026-08-31,c7d0f662476c08aaec27e4c2e65cecc3c0e21307b00e286c4c746d3908831b14,2026-09-01T07:52:03Z,2026-09-01-33484160918
2026-08-31,c7d862e65d62043c391dc68fa4e9a37d23f0d25e1a7516d8715846170e3a37a3,2026-09-01T07:52:03Z,2026-09-01-33484160918
2026-08-31,c7e2b0681ea890b3b98f4935f102ff2f53fc388238af60aae51779c154e9f2bb,2026-09-01T07:52:03Z,2026-09-01-33484160918
2026-08-31,c89cdbb81f5a513521089a135247d6ae2c1b2a7fbbde1f57ad7f4ffa05f1f396,2026-09-01T07:52:03Z,2026-09-01-33484160918
2026-08-31,c8a0d288e8c8dc41a1c3aa6069f968dd1913a87a881c280ac1d20678be061d3f,2026-09-01T07:52:03Z,2026-09-01-33484160918
2026-08-31,c902aefc58785ca0fa1036d8e4a3477997202d14ee7cfd832d20b265cee9b85f,2026-09-01T07:52:03Z,2026-09-01-33484160918
2026-08-31,c91744d9309fe0697f9df2dae71928a7f176712f4c0df4a43385210d25aaadb4,2026-09-01T07:52:03Z,2026-09-01-33484160918
2026-08-31,c9dcd1eb0a566c922f273fc19cac5779e65dc984e76f3a5c7b32b242ef0b23a1,2026-09-01T07:52:03Z,2026-09-01-33484160918
2026-08-31,ca2da7f689b9f5cf382fbd4dab0114e4734a9620298075ec1c356e74437ee5b9,2026-09-01T07:52:03Z,2026-09-01-33484160918
2026-08-31,ca3e77693540922b97a101b077ca3b442439fb63d9cf93fc6ec987034b5ea59d,2026-09-01T07:52:03Z,2026-09-01-33484160918
2026-08-31,ca421ef308cc730ab11bfabd84bbbb46145a9bd3f6cbd5714b22e308555f0ace,2026-09-01T07:52:03Z,2026-09-01-33484160918
2026-08-31,caf599a19bcca9d1aad497d8c7eab1a2137cd8f58839a0b2094136075961a34c,2026-09-01T07:52:03Z,2026-09-01-33484160918
2026-08-31,cafa96b0543459f99a6a2af0db768edf1ef6b085638f760f4088a264f02b79ad,2026-09-01T07:52:03Z,2026-09-01-33484160918
2026-08-31,cb2ac4ba4d5544d04931291c555d58be5957f7242cac7845116286a45e29acaa,2026-09-01T07:52:03Z,2026-09-01-33484160918
2026-08-31,cb9ffdb3f77fab76cae5706d43c7013f372ebf4144e86c7f3a8472976a2c9e7d,2026-09-01T07:52:03Z,2026-09-01-33484160918
2026-08-31,cba6e73a820b6f2cb48333fdb81a04093b08f3c8e55fc7809fe1e3561cf028de,2026-09-01T07:52:03Z,2026-09-01-33484160918
2026-08-31,cbb3434750471a76e550759ba3aa9b75d793da0483527909a315cafae5691a04,2026-09-01T07:52:03Z,2026-09-01-33484160918
2026-08-31,cbe764b3acdd616edc3dd502860064fedd0740cec1921dfd1dc12ed4b9f66c36,2026-09-01T07:52:03Z,2026-09-01-33484160918
2026-08-31,cbe7904c7f0c8bec9be2a1e08a2f7c56502e81f97ccb564d06d34e759e9914ac,2026-09-01T07:52:03Z,2026-09-01-33484160918
2026-08-31,cbf2ea5f27c7809b8400ed6d6568fb3d9f11ab1231609c07167fe060c21dc222,2026-09-01T07:52:03Z,2026-09-01-33484160918
2026-08-31,cc2d167f09d3199a2b9d42e614a837a7058f4d163038a9758fa5b9d85440599d,2026-09-01T07:52:03Z,2026-09-01-33484160918
2026-08-31,cc5e7b395a6b240763eb188ea7b037164c257e3b82442398c3297e3966f102e5,2026-09-01T07:52:03Z,2026-09-01-33484160918
2026-08-31,cc6f73430ff709be45abca1722d972082e2e22ec40f034a5ff1518e8df5ca61c,2026-09-01T07:52:03Z,2026-09-01-33484160918
2026-08-31,cc72ae3578fde787f94a03798f24de8e5a1f9fa748bfa1c00f76ce347bea5b2c,2026-09-01T07:52:03Z,2026-09-01-33484160918
2026-08-31,ccbab85732716246a63b76085f065616792d10a6e89aa8fef9b48fe5ec79d523,2026-09-01T07:52:03Z,2026-09-01-33484160918
2026-08-31,cda60403b258d095b6355402403265ded27af9c76928d550c11a1815b8d7a744,2026-09-01T07:52:03Z,2026-09-01-33484160918
2026-08-31,cdab8e77c750b3a574f89afbf2ae3b7385f54612de7d126e83a257d5ba95ffa2,2026-09-01T07:52:03Z,2026-09-01-33484160918
2026-08-31,cdae76dd1e7977e2fc8827bcb2ee01eb778cfe3202c668e5e6b239da6163a903,2026-09-01T07:52:03Z,2026-09-01-33484160918
2026-08-31,ce196bd82834ca76b331f5208e14e7e90eaabb09fd348c867fe3b8a3b1391b85,2026-09-01T07:52:03Z,2026-09-01-33484160918
2026-08-31,ce73e66f110ee116a26ec26e67a444c5445bf2664c3cd4027bf24a10ae8af1ed,2026-09-01T07:52:03Z,2026-09-01-33484160918
2026-08-31,ceb30add24e68035cc8485214cfb55c9fbd486f07481f40edf36c944e74521cb,2026-09-01T07:52:03Z,2026-09-01-33484160918
2026-08-31,cec6aafde8b6d1600806cf4105af636ac3c8083f71035ed54f013be3246a2ba5,2026-09-01T07:52:03Z,2026-09-01-33484160918
2026-08-31,ceeeecdbf9547c5d26b1b0bb747f0cca4033c53779ad455317d69aea7c27d80d,2026-09-01T07:52:03Z,2026-09-01-33484160918
2026-08-31,cf1e37a96a877af3b812e17bfc780e44e616a67dfa169d34e9d39312483b12cf,2026-09-01T07:52:03Z,2026-09-01-33484160918
2026-08-31,d080f7b78743cd35f076f3f7e2604a8f63c5da83800a7fbd239262ef6c9a1670,2026-09-01T07:52:03Z,2026-09-01-33484160918
2026-08-31,d159ef1fbbb5d4bedd450b2f510bd3032c1367cce0bf0de7c9b95b4bcf9fa00a,2026-09-01T07:52:03Z,2026-09-01-33484160918
2026-08-31,d221a0d51c93c0a58788cb930c4bbc806f25cc143500f7b0079676d006cb0c2f,2026-09-01T07:52:03Z,2026-09-01-33484160918
2026-08-31,d30b108f63801be01ab9c968f595fcd76d29451e701da746619061abf84169a3,2026-09-01T07:52:03Z,2026-09-01-33484160918
2026-08-31,d3728c47ce372a2049eb0d253233276716e08cc8be8d24748d0bba33b520b542,2026-09-01T07:52:03Z,2026-09-01-33484160918
2026-08-31,d3e696769e370b2240c0eef22c76daeb128a55261f621684d922ac2b422d2987,2026-09-01T07:52:03Z,2026-09-01-33484160918
2026-08-31,d4784add1ba318d9224ad8657fbd8178555b6641f0bad541d3b5abd2da31f665,2026-09-01T07:52:03Z,2026-09-01-33484160918
2026-08-31,d4efd23ddda68cb1c7814aece48488c090d461b70c6197e2333f77a5219b8270,2026-09-01T07:52:03Z,2026-09-01-33484160918
2026-08-31,d4f1dd3c6a8cef4069e27c83de62db166059d8d18a31597cff6006b9ed89e8e4,2026-09-01T07:52:03Z,2026-09-01-33484160918
2026-08-31,d4f6e6225f3de654cdf1f74520c1bad79744649e94414363251cc20983aa7513,2026-09-01T07:52:03Z,2026-09-01-33484160918
2026-08-31,d52ea9027ed8e1ebf99cce2d33c3a3531ee47d355ea14865f45c9a7f75ccb82e,2026-09-01T07:52:03Z,2026-09-01-33484160918
2026-08-31,d564796c46caf0e0a195cef364c0d09e973bd47469a4a2627737faa4be3493f4,2026-09-01T07:52:03Z,2026-09-01-33484160918
2026-08-31,d577aef14882435dbdff0a645bc5db22ead00954ebb800850fd546111f81d761,2026-09-01T07:52:03Z,2026-09-01-33484160918
2026-08-31,d5c25cb7d6521385a0fd2c2b98fc445d6316d411252515e85e19c23dd27e82d4,2026-09-01T07:52:03Z,2026-09-01-33484160918
2026-08-31,d5ed22d8ac22cf19f7f7934b4d03ef7edd312e3ea3b5f35862ef01b291b59ee2,2026-09-01T07:52:03Z,2026-09-01-33484160918
2026-08-31,d612ac83217e50d34bbf87c7b2788046460c3eafd250950e4d62fa270fcd4ac4,2026-09-01T07:52:03Z,2026-09-01-33484160918
2026-08-31,d698398825af83e6d29bcb0bef5075679738d273a15090892b729b9cec0cc729,2026-09-01T07:52:03Z,2026-09-01-33484160918
2026-08-31,d6a2463d4825ab1ffcf18e4750a6676793ee03bc3b000589234bdb7845ef4962,2026-09-01T07:52:03Z,2026-09-01-33484160918
2026-08-31,d6cea026e054ddb2802fe4fcdf951bcf7ce052a1c217f02ba8c0dade8a65d90f,2026-09-01T07:52:03Z,2026-09-01-33484160918
2026-08-31,d6e941d12ed807eef84c103a9d5d654db55b0604563bbe158d8bad2328b436fc,2026-09-01T07:52:03Z,2026-09-01-33484160918
2026-08-31,d6e9a429a1cc452eff7060022e37e1fc70a7c30047d56480977c6e80428f77dc,2026-09-01T07:52:03Z,2026-09-01-33484160918
2026-08-31,d6f4a957e945d59ac82cfe46a6efe0185631cfd67e1fac0fdda16f694bcaad78,2026-09-01T07:52:03Z,2026-09-01-33484160918
2026-08-31,d6f4f09c2399f3568fd29b543f34aca1fed508179f66b502fb6234415b75d2c4,2026-09-01T07:52:03Z,2026-09-01-33484160918
2026-08-31,d70a9899e41df5de4bf15b9e2d0900356bf66f76d272edc8967cd01bc18a32fd,2026-09-01T07:52:03Z,2026-09-01-33484160918
2026-08-31,d7ba3e1eb34c152d9c8ee54f02c62b0bc3d321d5454edc4ad8cec7d44ebb4e2c,2026-09-01T07:52:03Z,2026-09-01-33484160918
2026-08-31,d8207dcbf8f7263b8283702080a01734d7d67ca65a3d03d6cb8e31811374c920,2026-09-01T07:52:03Z,2026-09-01-33484160918
2026-08-31,d82f760644e0b03651c0535e6554dcdfafe8bc2e319c75e752bb6334955ea9ec,2026-09-01T07:52:03Z,2026-09-01-33484160918
2026-08-31,d907ba4ed46576a5e6500c5ec93a5251f7d84355ce52713026498e5880e8c2ce,2026-09-01T07:52:03Z,2026-09-01-33484160918
2026-08-31,d95286fec9c34e0d9297ba612585777ec238ca4b1efe04f777bbb30b789b2544,2026-09-01T07:52:03Z,2026-09-01-33484160918
2026-08-31,d9608685170de2f9b8a8dd3769d223b8c8d081dd1d5b28074a7e38bd722e2224,2026-09-01T07:52:03Z,2026-09-01-33484160918
2026-08-31,d9e54026cbc6aea71d2e53cebb4731d3607b01dfcc01d61c5cb26fe6ee376f42,2026-09-01T07:52:03Z,2026-09-01-33484160918
2026-08-31,da0a537332d96f8cad81b60826ebbf052f417c93da9e7064e221f8636acf4dac,2026-09-01T07:52:03Z,2026-09-01-33484160918
2026-08-31,daa186bf69e3f8a911bfaffc01cb18c5620cd44807224420afb80c1aefb936b4,2026-09-01T07:52:03Z,2026-09-01-33484160918
2026-08-31,dac6cba88183c11bbcd90f91b49f9b5e1e5c3d2c85906fb39f3cbeab8f8cdb7c,2026-09-01T07:52:03Z,2026-09-01-33484160918
2026-08-31,dad43ce14210edc6d2f53e16bbda292aa4df2ad8ea095ba7c617746a269c1f8b,2026-09-01T07:52:03Z,2026-09-01-33484160918
2026-08-31,db45f4ab5c6dd4d241821d5e9c4a87a18dd8842e269968ef850dbb41bca87f12,2026-09-01T07:52:03Z,2026-09-01-33484160918
2026-08-31,dba5798af773037aadd35855db4b4be8fa07a00d31abfa38b382bd514f1b7828,2026-09-01T07:52:03Z,2026-09-01-33484160918
2026-08-31,dbd3bcf291b36062e3591db72566660b6feb55c21242f08e76b0a73588585538,2026-09-01T07:52:03Z,2026-09-01-33484160918
2026-08-31,dc0750a9973801af3c0230278941eba26ccef5e67eb63a9130a8ba0ea12b51fb,2026-09-01T07:52:03Z,2026-09-01-33484160918
2026-08-31,dc4a94ac217cab92e4214b5b08bc027a826fcfc7de4f9e3ca9ff6d8c6a7ebda5,2026-09-01T07:52:03Z,2026-09-01-33484160918
2026-08-31,dc96ba2cddae325bb38ff42f749ffcc2ec14f59bc2c62a74bff07bc66f3aff9a,2026-09-01T07:52:03Z,2026-09-01-33484160918
2026-08-31,dcb92a46d7599960f2f27967ea9cb7d50216bdd230e2f3f6bd37e4a1c8b6bdba,2026-09-01T07:52:03Z,2026-09-01-33484160918
2026-08-31,dcd4f187ef007e4e25379291c0860c62a54158a09c3e07c5351b9908b5391c18,2026-09-01T07:52:03Z,2026-09-01-33484160918
2026-08-31,dcf242a372e907d5e18ddd129d6b7c920018d4b759239858e8e7e1b45676b625,2026-09-01T07:52:03Z,2026-09-01-33484160918
2026-08-31,dd2d86616bf93fac253e9438d5ebc4b055f51c6c687358a327d2358c3693eb5e,2026-09-01T07:52:03Z,2026-09-01-33484160918
2026-08-31,dd2e60b583b9c8c96c46d40d65aae81b77cab39a84acf5d93f0ca28bf28ddbda,2026-09-01T07:52:03Z,2026-09-01-33484160918
2026-08-31,dde3b5fcf684bc80b30e65b0a84812a961bfa17d6a4696d282436f48c9e77fa9,2026-09-01T07:52:03Z,2026-09-01-33484160918
2026-08-31,ddee4bc36c62c9354da431d8bb536413d7d367189f5b9a979585f7b1c1869f5b,2026-09-01T07:52:03Z,2026-09-01-33484160918
2026-08-31,de1dfeea883bda99e045c6b0f88087c6fbf134783c39b80709518c9efe156e5e,2026-09-01T07:52:03Z,2026-09-01-33484160918
2026-08-31,de3659e5ebc8cd68972f4dfedb72a4c3680e295924990e8f3968298f86d8124f,2026-09-01T07:52:03Z,2026-09-01-33484160918
2026-08-31,de75350401931da2d1bfaf58b27066bd79875b75ffbae0f9413b1ee18290ef31,2026-09-01T07:52:03Z,2026-09-01-33484160918
2026-08-31,dea0158a50f8e8bb90cccb6736ebae45c398afb5c7115f2b9240136c45ad2c9c,2026-09-01T07:52:03Z,2026-09-01-33484160918
2026-08-31,ded656b686963c6d6930f6e87de698146684342b82864bab73a91be9f71e941f,2026-09-01T07:52:03Z,2026-09-01-33484160918
2026-08-31,df3bc795c42d6cb3e78397c2674b61b22d270ba718e10864585d124f88876a6b,2026-09-01T07:52:03Z,2026-09-01-33484160918
2026-08-31,df4c0d3ac7927055b2c424924edb9cdef1e3fb4606a9735ba0e090ea7c11b3d2,2026-09-01T07:52:03Z,2026-09-01-33484160918
2026-08-31,df7894cde137ebb62228def58f762300bffce46a321759d86a1eff1a99837ac2,2026-09-01T07:52:03Z,2026-09-01-33484160918
2026-08-31,df7d6479e60dde4b53a39565727d641b1ec9faeb176965db078e19506c55e334,2026-09-01T07:52:03Z,2026-09-01-33484160918
2026-08-31,e027de5485459b285a292a9a98f25e0cc223b3a1f9ad13a4ed5dde47f0df535a,2026-09-01T07:52:03Z,2026-09-01-33484160918
2026-08-31,e08d50c0c4fc6963cebcf6508602b112998ce3d4e6860d0badae65f05ebdf530,2026-09-01T07:52:03Z,2026-09-01-33484160918
2026-08-31,e0baa239371a01c269c86c2cdb2445a00357b1580e0ec313b4abd40adc66b00a,2026-09-01T07:52:03Z,2026-09-01-33484160918
2026-08-31,e0cb416751bbd16582bb7f8e5513e50c63aa33449effbbc6beaab716a07f67a9,2026-09-01T07:52:03Z,2026-09-01-33484160918
2026-08-31,e13c94f7dbae1de9da051946db8f68a5a955de8b441ba82bbd1cb5fe92597f4f,2026-09-01T07:52:03Z,2026-09-01-33484160918
2026-08-31,e15727d55edf2dcbc3d2ba5d48e5395301291557152042167f24f20be21b183c,2026-09-01T07:52:03Z,2026-09-01-33484160918
2026-08-31,e16ba29a53cfa9a55b0367654311859374dec269584e0623f14a6f56cca449b5,2026-09-01T07:52:03Z,2026-09-01-33484160918
2026-08-31,e1f5ff0de9b8a85d3be7bd723e7e77c0e7779bb082df37d6fa5901417727f033,2026-09-01T07:52:03Z,2026-09-01-33484160918
2026-08-31,e1f8969869a5f055b9a4c4c5584f8c18c2fda42cabeda12a923ea17ee3091d50,2026-09-01T07:52:03Z,2026-09-01-33484160918
2026-08-31,e26140f4439b8d5630c04ed8e180718e4a198c9d3e00da1feb6413c9b4708670,2026-09-01T07:52:03Z,2026-09-01-33484160918
2026-08-31,e2ed0af4ba86b2a254abc10e711a55bdba1a8b63dce23e3d3eba75f4ed1fdee9,2026-09-01T07:52:03Z,2026-09-01-33484160918
2026-08-31,e30ee170c31f28483fecec3aea841aebb1d837b8e1f0980aa7ae42bd8a5bde71,2026-09-01T07:52:03Z,2026-09-01-33484160918
2026-08-31,e3793bff917b370878b11dce25cc6593221a02efafade40e7635269fb4acb9de,2026-09-01T07:52:03Z,2026-09-01-33484160918
2026-08-31,e43744e2893cd15a2be3b91e9ea015cb356f69fd6bcffed6db15d2e4c014722e,2026-09-01T07:52:03Z,2026-09-01-33484160918
2026-08-31,e47c8f4bdb5fcb2bc6e834f068e4f1089277d87a95d3cef48cbab6da05811d0c,2026-09-01T07:52:03Z,2026-09-01-33484160918
2026-08-31,e4a732904edc335ff01a6496d1d80c65f9575699c03d5569ade790cbd040f75d,2026-09-01T07:52:03Z,2026-09-01-33484160918
2026-08-31,e4c6da3686e379a903410927e8a1f73e9a220fe4ab4ee529955376b059007cce,2026-09-01T07:52:03Z,2026-09-01-33484160918
2026-08-31,e4f3a69fe80164ff6381162603587d92f5023f3de04cdb2ed619c1cc58da4761,2026-09-01T07:52:03Z,2026-09-01-33484160918
2026-08-31,e502aa74ca66098208a4bbc6d9348b54e9e461d533ac629f777eaa93a3bc4492,2026-09-01T07:52:03Z,2026-09-01-33484160918
2026-08-31,e5126039ba68fff030f262dcd80c9b43abb8a6dbb2eda00431e74fc20ebe99d8,2026-09-01T07:52:03Z,2026-09-01-33484160918
2026-08-31,e520fe5ebded23dfb6155152fc0031c41cc08df0c2e4a6c87b966eb1a5a8d82a,2026-09-01T07:52:03Z,2026-09-01-33484160918
2026-08-31,e54b0769246c1c38e099267836cc934b91e45fce5da3b7c86eae782193be1441,2026-09-01T07:52:03Z,2026-09-01-33484160918
2026-08-31,e58c85378665f109a51e595dcb7aaa8fa043ae7fddbfd93be88272158ff3d16a,2026-09-01T07:52:03Z,2026-09-01-33484160918
2026-08-31,e5b5fab1d8cf720d6855c86b066a5b03242df963481977b9fc9af97076a2918c,2026-09-01T07:52:03Z,2026-09-01-33484160918
2026-08-31,e5f8250971711ffe0ab233158efb16060363ec2e4a1268065e552f647d54feb4,2026-09-01T07:52:03Z,2026-09-01-33484160918
2026-08-31,e6396d2443c12e1e52cd20abada5ac42f8373a2a9802e8ba14e9188ac46b6967,2026-09-01T07:52:03Z,2026-09-01-33484160918
2026-08-31,e6f05c415f3e891eea7b71f3d18fd6fde7361c5154230ba6f2631509736572cf,2026-09-01T07:52:03Z,2026-09-01-33484160918
2026-08-31,e8209d93c484c6eb257c3ac376b399864d2fb31504f64aff13314458d6124c0a,2026-09-01T07:52:03Z,2026-09-01-33484160918
2026-08-31,e84e53b0afac0ff66ebf75ab7cda76975cc38f536386606df0f9abee9a8b854a,2026-09-01T07:52:03Z,2026-09-01-33484160918
2026-08-31,e85c4cb81b7fa9dac46b9c8edbbb6a35acef6c1646c332d3c6b6eac5334852c9,2026-09-01T07:52:03Z,2026-09-01-33484160918
2026-08-31,e8a9a008c2f3be391ce001a9ccaf53a6384dc3619d59c8f743128a57dd4ac4d6,2026-09-01T07:52:03Z,2026-09-01-33484160918
2026-08-31,e8e39bc649919e78e9f8456fa9c8ba6b4063018d197f3d16b412ab1f8e1b56d6,2026-09-01T07:52:03Z,2026-09-01-33484160918
2026-08-31,e915dcdbd19408a44b0532776fe67c07d36782203f52ab50451e9057eebb486c,2026-09-01T07:52:03Z,2026-09-01-33484160918
2026-08-31,eab3b1e7cd28de4ce55c490442d46b5e2c14e46e7ceaf8ac8341176ab4d2a2d6,2026-09-01T07:52:03Z,2026-09-01-33484160918
2026-08-31,eadb1cc277b53dfa448f4707e80c9b0313284cf57637e94e19f67ee83b95d280,2026-09-01T07:52:03Z,2026-09-01-33484160918
2026-08-31,eae57616180389cf18b0f7a4821a6f38de9af28e75b1917a139914f902bbf5ce,2026-09-01T07:52:03Z,2026-09-01-33484160918
2026-08-31,eaf2218be86bb2bff751363d23446397cbe8360a03063bb8aef012f2f0eaad38,2026-09-01T07:52:03Z,2026-09-01-33484160918
2026-08-31,eaf5fdeeaa0e6ac38b2fd2ef1d73e28b6aab60e2d0ed1419144354c3dcf01bfc,2026-09-01T07:52:03Z,2026-09-01-33484160918
2026-08-31,eb0bb4411d89198dd768d7899f7c9e0c22cb907759469ac52e99e98558eb0d78,2026-09-01T07:52:03Z,2026-09-01-33484160918
2026-08-31,eb1ff65824818305a6a71c3f6896fd321adcb56cdc2788b00c190a2e98855e4c,2026-09-01T07:52:03Z,2026-09-01-33484160918
2026-08-31,eb44474722ba60a793d9d700fbf54fe774c4e16a49365e0efed4d94422e9a7f2,2026-09-01T07:52:03Z,2026-09-01-33484160918
2026-08-31,eb52109df3cfc9a917947307bf49159aff69c8483b1120a179fa5da5032e96f4,2026-09-01T07:52:03Z,2026-09-01-33484160918
2026-08-31,eb68c7a585c52e071ffdad2394df42eb76a2a8a04370273e5c253b4c3a402dbb,2026-09-01T07:52:03Z,2026-09-01-33484160918
2026-08-31,ebf062d9507056afbe7ce6854033e438792e1cf34786f4ef6d23d6fcf45fd40a,2026-09-01T07:52:03Z,2026-09-01-33484160918
2026-08-31,ebf1c5489e9b533e896ace164aa3f83026ffdc6cedf15fa6341be555e53d5bef,2026-09-01T07:52:03Z,2026-09-01-33484160918
2026-08-31,ec0a25498bf7811f5b6c1a0ef47d46af826369cf3638068cea45de69868c39bf,2026-09-01T07:52:03Z,2026-09-01-33484160918
2026-08-31,ec50bc020a0e3b4af3f5bf4cae975714855519b650545e9507d97d0d478f8933,2026-09-01T07:52:03Z,2026-09-01-33484160918
2026-08-31,ec6314837bad02b0446b7673211c7e48cdc9fae4f770048c06a0c79b130538ea,2026-09-01T07:52:03Z,2026-09-01-33484160918
2026-08-31,ec8b15d3dd54ddb8068ad8b78992336f5de00455041f57bce774148fb6298c23,2026-09-01T07:52:03Z,2026-09-01-33484160918
2026-08-31,ec8b9b06af845d52d727ba9ffa08f38263944557301c709f7de55370aa3c0e7d,2026-09-01T07:52:03Z,2026-09-01-33484160918
2026-08-31,ec8d8f5413a241371344c5fc1ab5da20b0945f3f96e946511baa120f3bb1ac1c,2026-09-01T07:52:03Z,2026-09-01-33484160918
2026-08-31,ed8d9e4bde4328f5f03492a9dfb111345a508e397042da420e3655d01b3b6f20,2026-09-01T07:52:03Z,2026-09-01-33484160918
2026-08-31,edeafbf43d5b59da496bc3bccf400382571321f1f7b123e61f0af24b5a9ccb47,2026-09-01T07:52:03Z,2026-09-01-33484160918
2026-08-31,edfd05a82939801112adb872606424cb13013fda455559ddbcbcc3fe2a421c2b,2026-09-01T07:52:03Z,2026-09-01-33484160918
2026-08-31,ee355096eaba2075f39e134e73390750da0847bda41c8a732e6c3857d003031b,2026-09-01T07:52:03Z,2026-09-01-33484160918
2026-08-31,ee9ca3f81b260cfb48bf3be8a730fb4790c744bd2044a42b992e5dff24bc8383,2026-09-01T07:52:03Z,2026-09-01-33484160918
2026-08-31,eecac40d3ffd6ca9fac3110db68bd7b6192d47040d85d48811d7b38ebfe7680d,2026-09-01T07:52:03Z,2026-09-01-33484160918
2026-08-31,ef3b49fdd85ed5ff37f08e94267bad9b568d8a193ff1e5b7538bf740e49d3f89,2026-09-01T07:52:03Z,2026-09-01-33484160918
2026-08-31,ef7363eaafa9e7d91603302499c210a04fa020240284d06518e14d7d67d9ad8b,2026-09-01T07:52:03Z,2026-09-01-33484160918
2026-08-31,f02b02e4fedc51f78af687ca2f86164f606c9112d0ace462d7ccfa8dd1fb757c,2026-09-01T07:52:03Z,2026-09-01-33484160918
2026-08-31,f040d3f373340d0b92ba8c613bfd88752b78be93da343bb086806dd8ace71c1c,2026-09-01T07:52:03Z,2026-09-01-33484160918
2026-08-31,f1383a9d52fbf19cceb89999e898f0dfcf8ac6ea7c1d2f5a8645e9b57175f8b8,2026-09-01T07:52:03Z,2026-09-01-33484160918
2026-08-31,f178a744f0d365b95d391d3b9d2454b6b4d97748945bffacfdf8ae8f80fee028,2026-09-01T07:52:03Z,2026-09-01-33484160918
2026-08-31,f18bbbe90dcdfd5fc09785626e3afb6ff2969b5f23d8ed0dc32ccc1b012aa0ea,2026-09-01T07:52:03Z,2026-09-01-33484160918
2026-08-31,f1bfe55d1654b4258dcff29f06b5704210e41222f027a1a9597353983f2784e8,2026-09-01T07:52:03Z,2026-09-01-33484160918
2026-08-31,f1ea41ca149419184c09a4df9f23c551c9907dde4f6a7430255739ff01db6bf6,2026-09-01T07:52:03Z,2026-09-01-33484160918
2026-08-31,f24d36aefaee33f5bcd0b97017a5081c8bfdf186fc4ef24cc29744eab6f1c87b,2026-09-01T07:52:03Z,2026-09-01-33484160918
2026-08-31,f26c405da86104617107643aecd3c26e24988ed88b6ed81854cbf2c0ab96549a,2026-09-01T07:52:03Z,2026-09-01-33484160918
2026-08-31,f28f6619960199181f09c5bf13e7792190cd295a19008dc59e4d4e2b6ca78976,2026-09-01T07:52:03Z,2026-09-01-33484160918
2026-08-31,f2d69a1aa9d6d38bc02f89e52aaf8231fab7063f33f24eeea544f31dcd571f98,2026-09-01T07:52:03Z,2026-09-01-33484160918
2026-08-31,f2da79fa9f7ba49d091b6ee0f13faacc3e5c2bb470f78081d5eda8c0b2280c80,2026-09-01T07:52:03Z,2026-09-01-33484160918
2026-08-31,f2e1dc9c6618412477f5518c99be0df8432d724984b0b5bc051f7a9b114e06c5,2026-09-01T07:52:03Z,2026-09-01-33484160918
2026-08-31,f2e39f389a93497d278fa0d680837f32d988cf4a66de1d8d93f836120fbd828b,2026-09-01T07:52:03Z,2026-09-01-33484160918
2026-08-31,f2eae05947498fa9459c18d594d891cc570c496390c1dd800f8dd3f2f49aefd0,2026-09-01T07:52:03Z,2026-09-01-33484160918
2026-08-31,f2f06a1638c8ce75c52c2dd6f72a992fa9384bc18d222b1d64dd1756bb535a1d,2026-09-01T07:52:03Z,2026-09-01-33484160918
2026-08-31,f30d11209e99de67f6cc4e067a3b9801312c93d3674f023320a24008726b6a4a,2026-09-01T07:52:03Z,2026-09-01-33484160918
2026-08-31,f318a2aac45a8d737c5f453568f47772b47c1399176ea1a3e974904547418357,2026-09-01T07:52:03Z,2026-09-01-33484160918
2026-08-31,f35f914e4fbf3233ca38dfd6d0dbcefd8dc608a83e95619843a829bef08c6f0c,2026-09-01T07:52:03Z,2026-09-01-33484160918
2026-08-31,f39bbd76282e918e6ec0db1ac1bbd2e2aab99a45d67d468b716808b4de5b1a0e,2026-09-01T07:52:03Z,2026-09-01-33484160918
2026-08-31,f3d97bf9909aa4c8941f7d6f1598d72665db46731c68edbed2b51d13c72e8b70,2026-09-01T07:52:03Z,2026-09-01-33484160918
2026-08-31,f3debc8d994a8af4000611ed1cf6e3982aacb381204b2134b642661915d81810,2026-09-01T07:52:03Z,2026-09-01-33484160918
2026-08-31,f44240f7fe622452c17935e495a3eccdb116bd0745ff4c8df9a9ba43ab79c1c6,2026-09-01T07:52:03Z,2026-09-01-33484160918
2026-08-31,f4afaf25564aba019d529785694fe575361498721b40dcb3c51361bca69925ab,2026-09-01T07:52:03Z,2026-09-01-33484160918
2026-08-31,f4c3869095db34c1ba5ebe57970ffbd596867049171b94ff8ab8bef7cfac990c,2026-09-01T07:52:03Z,2026-09-01-33484160918
2026-08-31,f4c4c71409ac84c7f5e904245cd04770e3f055209529c220b86543632a05c8c9,2026-09-01T07:52:03Z,2026-09-01-33484160918
2026-08-31,f55281b6eef0589af0ee58050e20c9696e55a8abd5702569a8119d60fd26b564,2026-09-01T07:52:03Z,2026-09-01-33484160918
2026-08-31,f560a478ece92972193105d094a0b4f88b051071e6b706cfd4ce0ebbeb36eaea,2026-09-01T07:52:03Z,2026-09-01-33484160918
2026-08-31,f5784a3e3c097af7965c0a9f7dfc49fb6488f4a86e22f63434048e41a11a2aac,2026-09-01T07:52:03Z,2026-09-01-33484160918
2026-08-31,f5eaa9481a4aa3dedc74d47accee17cb530778160dc3eedc27cfa05cac73c447,2026-09-01T07:52:03Z,2026-09-01-33484160918
2026-08-31,f69deb0472c0273d21e6fad0a3ba534bb8d41dcdce7f4d657834480dedd2f294,2026-09-01T07:52:03Z,2026-09-01-33484160918
2026-08-31,f732af7573bb5841e2e4bd5fd30d1c57d1f22de35a67d4926c2a9cf913db927d,2026-09-01T07:52:03Z,2026-09-01-33484160918
2026-08-31,f78b0e528bc7101dd76ec302ac97914f2dca4eb6cdc5200cf161d2434acd3b91,2026-09-01T07:52:03Z,2026-09-01-33484160918
2026-08-31,f85de9af85b326101d705d11cffd2428e65743a0e1bd797dd3e7ae5a1b61cc6a,2026-09-01T07:52:03Z,2026-09-01-33484160918
2026-08-31,f863a204f0b005093e1c0228b133402d42a646309d7de32af3a4e9ba5b835e60,2026-09-01T07:52:03Z,2026-09-01-33484160918
2026-08-31,f87c95cbf0e39a03378403024a302d44b18d00484f7e5343be470efa22cdfd4c,2026-09-01T07:52:03Z,2026-09-01-33484160918
2026-08-31,f882a6468c8078af13077a12ea18463b65631f917ad22e19845f5a5493497047,2026-09-01T07:52:03Z,2026-09-01-33484160918
2026-08-31,f8a044eafc2857e630a40f573b482375eb7e1273a4cbd10d629d42cfe56820df,2026-09-01T07:52:03Z,2026-09-01-33484160918
2026-08-31,f8a790d3d7f7811d3d113a4fefb25dce5b3ada1c9288594ffa38b65fc1ca3ecb,2026-09-01T07:52:03Z,2026-09-01-33484160918
2026-08-31,f8b91c8e30ce310c5430d861b11578025ff03f0cd58651ae7872ce714ebdfd83,2026-09-01T07:52:03Z,2026-09-01-33484160918
2026-08-31,f8d483acd0385826c3444105dbb9ef40b53dfdb0c4c673de843cc35650862e9c,2026-09-01T07:52:03Z,2026-09-01-33484160918
2026-08-31,f8eac1ae24c9253d8e902f4412c382195cd18a3012f56c8bb3248fab33633a6c,2026-09-01T07:52:03Z,2026-09-01-33484160918
2026-08-31,f909b1e2928d3705fa0e7ded74069aff9e6f249bf5f3c0748172dceea19ae67e,2026-09-01T07:52:03Z,2026-09-01-33484160918
2026-08-31,f9108ceabfd90f1934225a961d08affc15666ac6b1a342c12752713e70ec8154,2026-09-01T07:52:03Z,2026-09-01-33484160918
2026-08-31,f93776039f927c313e80b7488d1404f5db1efebe8e5977b6dab85d6a6f8b0c73,2026-09-01T07:52:03Z,2026-09-01-33484160918
2026-08-31,f99e475d75f88f49f10b59d065ee9ef92fba39f2127656ad7e152c83460417eb,2026-09-01T07:52:03Z,2026-09-01-33484160918
2026-08-31,fa2346b54d5bf9d5e464919bf673f825e70aebe19d053aa536934f48cea98652,2026-09-01T07:52:03Z,2026-09-01-33484160918
2026-08-31,fa72763f1c8a5201939b30c5ffb8636281e3bd91d3d6be0d8ed562c8e6c74be1,2026-09-01T07:52:03Z,2026-09-01-33484160918
2026-08-31,fa7fc02ab2f410e280a8395ff3a5c022c5bed644ff520fdd117bd9f49f85f7ad,2026-09-01T07:52:03Z,2026-09-01-33484160918
2026-08-31,fa80f9db2468e48669168c3b1538f5f0c8b2b3274159affdb4206c3b5ae292ad,2026-09-01T07:52:03Z,2026-09-01-33484160918
2026-08-31,fab7ec51ba030cfa2fe2047337b14fcf1140d201f814c396b5ce805d1fc23a9e,2026-09-01T07:52:03Z,2026-09-01-33484160918
2026-08-31,fabf08c96d2c4d62128613222535a2b4c0871025896d71829e942ec65f23934b,2026-09-01T07:52:03Z,2026-09-01-33484160918
2026-08-31,fb3eb9a9fea9045f79e5e214c41636106af4c83beb1d57fc59ef09f6549cddc6,2026-09-01T07:52:03Z,2026-09-01-33484160918
2026-08-31,fbbbd08f3ef8ff3fd74d6cc6d9eb47dd17c0101a6866301c6c240ad7ddc43437,2026-09-01T07:52:03Z,2026-09-01-33484160918
2026-08-31,fc80c239d3a022a65c2090e323c0297c5cb505e1ad9cd40330e1bd4e7601531b,2026-09-01T07:52:03Z,2026-09-01-33484160918
2026-08-31,fc84055cedac48e6e229df579eb1502affc6bf23e92a6729073573c0daa1cc8d,2026-09-01T07:52:03Z,2026-09-01-33484160918
2026-08-31,fcbc7db721951f714c7e86b15cd93a0064764027675ec1f17248fdda613837b4,2026-09-01T07:52:03Z,2026-09-01-33484160918
2026-08-31,fd4b5bb0ae177924027ff2b25829342b92661c9479722f83e51c601a944191e7,2026-09-01T07:52:03Z,2026-09-01-33484160918
2026-08-31,fd6e760c022fb2895dfa0cd57d67d97cb09f9ca359c7b16ff9aa187cb7c5a457,2026-09-01T07:52:03Z,2026-09-01-33484160918
2026-08-31,fd75f33a10875227a9a3a34f7249270cdc60412fa1f82b9fca17890bd93f0bc9,2026-09-01T07:52:03Z,2026-09-01-33484160918
2026-08-31,fd834e58da8d905ef37204f54aa171044ec2b622c62c72e27bf726765106de63,2026-09-01T07:52:03Z,2026-09-01-33484160918
2026-08-31,fda14e8a44eed2a9f0a3f0d56022dadefff57e9c1bbd257096814262f5544ebe,2026-09-01T07:52:03Z,2026-09-01-33484160918
2026-08-31,fddbcc5229c4298689295a4b90407e1e5f0bca86e280584f24b78228a7349e54,2026-09-01T07:52:03Z,2026-09-01-33484160918
2026-08-31,fec3198e178d327df0e61bc4790d7ae7eec3df788cbb2d9bf7e137214f0dd194,2026-09-01T07:52:03Z,2026-09-01-33484160918
2026-08-31,fed77c9ba8142b9d59258c5d93f6ba5e42a511a533a8406d9928cc956a6a815f,2026-09-01T07:52:03Z,2026-09-01-33484160918
2026-08-31,ff0938cd8d833ab3af215d450f723ae2975c695516be9e76a714a5420349f962,2026-09-01T07:52:03Z,2026-09-01-33484160918
2026-08-31,ff1adca9ff6180a3370d39f3b5cff5902effb3ca034bb075fa14d0b7d9cb7911,2026-09-01T07:52:03Z,2026-09-01-33484160918
2026-08-31,ff5704971118d3c255d992593f034022ff571da7a93d9f00a20d483f84a0ff2d,2026-09-01T07:52:03Z,2026-09-01-33484160918
2026-08-31,ff7debe1807ffa9b28f41fd397c10c2f11c99b468066d403bef235cc642571ca,2026-09-01T07:52:03Z,2026-09-01-33484160918
2026-08-31,ff7f16d35d8e3092a11c6b957a709e01a640891dc2af2be20e43a183aad5e8ae,2026-09-01T07:52:03Z,2026-09-01-33484160918
2026-08-31,ffa7bdc261612bc4c4705d5f1e20d1ff5a1f75a12dc37d672912c4da79b7f59a,2026-09-01T07:52:03Z,2026-09-01-33484160918
2026-08-31,ffb67eb7532dea3630cd75ba77072434b83a5194095cccac8b1ed3f527064396,2026-09-01T07:52:03Z,2026-09-01-33484160918
2026-08-31,ffc712f58b5ec26f745f35a23cf155f6a8f4dd5ca04150d21b6ca54c4d54b8a3,2026-09-01T07:52:03Z,2026-09-01-33484160918
2026-08-31,fff9e21ab68e67510e93e91d1385fa49dc8492743cd63b3d01597df3091e567b,2026-09-01T07:52:03Z,2026-09-01-33484160918
