version,date,run_id,vertical,url_key,taken,lens_id,lens_bonus,lens_multiplier,score_committed,score_counterfactual
2026-09-14T11:00,2026-09-22,2026-09-22-35701213155,ai,6b434694308aa0f0480884d59606af1dc583b128a91fe47536b0c925c7a607fc,True,chips,0.3,1.25,2.209567,2.284567
2026-09-14T11:00,2026-09-22,2026-09-22-35701213155,ai,18b1d526f720647a0140e465f5a075fd92d839fd382cd6e6cb081172614f661a,True,,0.0,1.25,1.874583,1.874583
2026-09-14T11:00,2026-09-22,2026-09-22-35701213155,ai,84fc8b7d8a8bb2047832afb7dab09d8831f638a9eacac2676f8103e168786ba8,True,,0.0,1.25,1.628852,1.628852
2026-09-14T11:00,2026-09-22,2026-09-22-35701213155,ai,4c67cc553a508f4a04b96998f477d222c201e7df8713cb3d70f67a4b1702d063,True,,0.0,1.25,1.560527,1.560527
2026-09-14T11:00,2026-09-22,2026-09-22-35701213155,ai,7448e40719b532320e1f65cfacf47c937357917e842b5edbb5a8ab331c3da802,True,,0.0,1.25,1.554812,1.554812
2026-09-14T11:00,2026-09-22,2026-09-22-35701213155,ai,9b2745b3f19fc69f0b8a79850c9e6c66d417176973e7b6ed29fe811d3a9d5b29,True,,0.0,1.25,1.540477,1.540477
2026-09-14T11:00,2026-09-22,2026-09-22-35701213155,ai,657e6e93ead4ae13a3e7a7434fc1751bf7ccd661899fcab358f7acd15d5be4dc,False,,0.0,1.25,1.539352,1.539352
2026-09-14T11:00,2026-09-22,2026-09-22-35701213155,ai,83d5a4f9772aa6cc9411d9f323d8bc7bfd22225297ac1454180130df1f433c87,True,,0.0,1.25,1.518978,1.518978
2026-09-14T11:00,2026-09-22,2026-09-22-35701213155,ai,5f200c6b96e7223005becfa063e37543c256e43d32737306e6f1dbb81416521a,False,,0.0,1.25,1.493004,1.493004
2026-09-14T11:00,2026-09-22,2026-09-22-35701213155,ai,992d5f369841fe58cf76abd367d60600c4e623573c4fe6bcdc88dde6203616ad,False,,0.0,1.25,1.48985,1.48985
2026-09-14T11:00,2026-09-22,2026-09-22-35701213155,ai,abc5627bb547841d349cffc99dc71b25d94ac0c4ff6818adb36012eff71797ea,True,,0.0,1.25,1.485308,1.485308
2026-09-14T11:00,2026-09-22,2026-09-22-35701213155,ai,3ee3a254bfd32a2d6ecec4cb4af03364cc90fe0c7860f74af7e447b925a323b4,False,,0.0,1.25,1.478354,1.478354
2026-09-14T11:00,2026-09-22,2026-09-22-35701213155,ai,941b56cd6df389e6ecebd9594e16858b96b6be60a03ba6b270e7db3d88157b31,True,,0.0,1.25,1.462357,1.462357
2026-09-14T11:00,2026-09-22,2026-09-22-35701213155,ai,6b3083011aeb49b1cc1d670c7a6b978a0e574dd3aa04f209e3cfec07c825f88d,True,,0.0,1.25,1.44489,1.44489
2026-09-14T11:00,2026-09-22,2026-09-22-35701213155,ai,47d6e7ee10508a3b2ef027088a199add519a73a619d8fef2ca61f043088a516f,True,,0.0,1.25,1.443845,1.443845
2026-09-14T11:00,2026-09-22,2026-09-22-35701213155,ai,a7424418f1264f3217ac7488943a06148df176c5f7384bdf06b5822d427e8ac3,True,,0.0,1.25,1.425199,1.425199
2026-09-14T11:00,2026-09-22,2026-09-22-35701213155,ai,4d27d877976856241a215e0e1c45248b56e9fdba5403680696d8fc818b03602e,False,,0.0,1.25,1.40514,1.40514
2026-09-14T11:00,2026-09-22,2026-09-22-35701213155,ai,bdd29549bac9c40278a0305c29cf578bec5282463044304d2a95553112daea58,True,,0.0,1.25,1.397745,1.397745
2026-09-14T11:00,2026-09-22,2026-09-22-35701213155,ai,6ea62994880b9063b1e6de49aa48eba084a403859713d5e1fac0b8606137f65a,False,,0.0,1.25,1.396352,1.396352
2026-09-14T11:00,2026-09-22,2026-09-22-35701213155,ai,495206d7704df907d48e5e830a77fe18aedf5b0fb19262d4324c0f55433fc233,False,,0.0,1.25,1.396352,1.396352
2026-09-14T11:00,2026-09-22,2026-09-22-35701213155,ai,5cc436640081ea78ecf2d185e5544d8c82d4d3d02dc6fb8c47e48f04d309bfa1,False,,0.0,1.25,1.396352,1.396352
2026-09-14T11:00,2026-09-22,2026-09-22-35701213155,ai,ec31c6c5e8b572879014655ce1672291be9a0748eed18490ff82ad2ecfda961e,False,,0.0,1.25,1.396352,1.396352
2026-09-14T11:00,2026-09-22,2026-09-22-35701213155,ai,333815725e6d34d3111741ee3d995010f184c727b70de54617a98adb6a0bd44a,False,,0.0,1.25,1.396352,1.396352
2026-09-14T11:00,2026-09-22,2026-09-22-35701213155,ai,eace56355d6a7ac6de6e06327ba0c8fc3ba50f7016d6f84b88d85f4fe48151b7,False,,0.0,1.25,1.396352,1.396352
2026-09-14T11:00,2026-09-22,2026-09-22-35701213155,ai,3933b35f9c9a071ff43aa11a75d1bbebdca320f572627cc549e22ba4f7e42688,False,,0.0,1.25,1.396352,1.396352
2026-09-14T11:00,2026-09-22,2026-09-22-35701213155,ai,d41ee9dc93cb99e259d73e79dcc65f6f7d60ab2950cab33982303abaa34b351f,True,,0.0,1.25,1.391607,1.391607
2026-09-14T11:00,2026-09-22,2026-09-22-35701213155,ai,9959d07fd1fd2c45e6275d1555fbaa32d06e8e10b13d8226dd5b98d0d07b10ab,True,,0.0,1.25,1.387814,1.387814
2026-09-14T11:00,2026-09-22,2026-09-22-35701213155,ai,9cb7143a1471d3be54c0daa2835a02b4109b80c3a76de9a89b11366438616948,False,,0.0,1.25,1.3101,1.3101
2026-09-14T11:00,2026-09-22,2026-09-22-35701213155,ai,08ffdb24bebd9aa2ffda2f849b7e7af9dba92daa36ecb3bc96d64f49fd7ead95,True,,0.0,1.25,1.280263,1.280263
2026-09-14T11:00,2026-09-22,2026-09-22-35701213155,ai,8fe4474fdbb9c4c46a22f878515427114b676069cfc965f6786182578d7743d9,True,,0.0,1.25,1.280263,1.280263
2026-09-14T11:00,2026-09-22,2026-09-22-35701213155,ai,10538c022345675d1abd4a83236ec639afd16c383bf12f43a3ea4520388033d1,False,,0.0,1.25,1.259489,1.259489
2026-09-14T11:00,2026-09-22,2026-09-22-35701213155,ai,cbec92b0cff62a93516f8fca96402fe3f484004292f3804487fe98081e33d2d9,False,,0.0,1.25,1.249686,1.249686
2026-09-14T11:00,2026-09-22,2026-09-22-35701213155,ai,012242336f7588da60f61b699d6bb32bd6bf23173a0a79021e64e7c9bc64bb6c,False,,0.0,1.25,1.030656,1.030656
2026-09-14T11:00,2026-09-22,2026-09-22-35701213155,ai,1d4c089b9c3b10f4e0486ab3700aa6c80fa5779c8e0ab9335a6fd5b875100788,False,,0.0,1.25,1.018772,1.018772
2026-09-14T11:00,2026-09-22,2026-09-22-35701213155,ai,790cf36b99eec5abd380bb664c1d179ccdf8b75aad0f37f3e9fc9ed86bd0d812,False,,0.0,1.25,1.013999,1.013999
2026-09-14T11:00,2026-09-22,2026-09-22-35701213155,ai,5fa73b0cd73b4ebac05c7aed72ad23068d19a0682746fd1ed2e4ec160c61c19e,False,,0.0,1.25,1.00417,1.00417
2026-09-14T11:00,2026-09-22,2026-09-22-35701213155,ai,cd69653fabd1b4ee4ad6ec15c6fd7cf9a874d373ec4b39d1df4ecbc6dc469ae2,False,,0.0,1.25,1.001168,1.001168
2026-09-14T11:00,2026-09-22,2026-09-22-35701213155,energy,928ca9dcdc201b3ddb6bdce99244a3d478fffe50cc5376c5d11667cb90e60dc3,True,,0.0,1.25,1.6193,1.6193
2026-09-14T11:00,2026-09-22,2026-09-22-35701213155,energy,3dc69cab173f401c3b5278a89f92ed9ab0f219b44affc5c004399b31c3481349,True,,0.0,1.25,1.541969,1.541969
2026-09-14T11:00,2026-09-22,2026-09-22-35701213155,energy,adf98638b7dc91815eb7a44d3408e6e81fd375c0073017501dbc19db9527f830,True,,0.0,1.25,1.437402,1.437402
2026-09-14T11:00,2026-09-22,2026-09-22-35701213155,energy,ea2169e667143fa541376a44d27c59f59ff3131bca07ac223bba102a3b9f20a4,True,,0.0,1.25,1.304765,1.304765
2026-09-14T11:00,2026-09-22,2026-09-22-35701213155,energy,2d89479ac2aa8c5233fcb0a4a227e1d3286bfc8708fa8a8076f632b432c00e03,True,,0.0,1.25,1.304236,1.304236
2026-09-14T11:00,2026-09-22,2026-09-22-35701213155,energy,69d7d309d7911309e3b184a06c3bdc0d9e882ba8cb1e6497ee51b57c7449209f,False,,0.0,1.25,1.176952,1.176952
2026-09-14T11:00,2026-09-22,2026-09-22-35701213155,energy,e75ef0ee29d07511cd51528f0318d14f3dc4935b4aa440a5402fc47c7771ee83,False,,0.0,1.25,1.159054,1.159054
2026-09-14T11:00,2026-09-22,2026-09-22-35701213155,energy,430973b8f561f9a20fc8be17b6e6bc300e24f37b0a625b6a8fd88e8269d6eebf,False,,0.0,1.25,1.149838,1.149838
2026-09-14T11:00,2026-09-22,2026-09-22-35701213155,energy,d25b70eceda12f891923f4fb78df92d30719e736c9c038c0d14baeba5dc1dd75,False,,0.0,1.25,1.148209,1.148209
2026-09-14T11:00,2026-09-22,2026-09-22-35701213155,energy,e0cf5785bd9c8a39d7ce63b08bfabc56cfc0f20b8290b4a1c45f229b3c1b7820,False,,0.0,1.25,1.142249,1.142249
2026-09-14T11:00,2026-09-22,2026-09-22-35701213155,energy,ae3e4c375b218abe4506fe55bf86100e14f2394c5fc01ee2492d93bc6c6b5225,False,,0.0,1.25,1.140983,1.140983
2026-09-14T11:00,2026-09-22,2026-09-22-35701213155,energy,ab3d962fe023b01a79171c7a41013210ac4d975293eac854a8ab76bfd851e880,False,,0.0,1.25,1.136871,1.136871
2026-09-14T11:00,2026-09-22,2026-09-22-35701213155,energy,e1e0461d41eb45f2cb92bf0e3c733cdead57471ded83389c3e6a56b23a1ce147,False,,0.0,1.25,1.136441,1.136441
2026-09-14T11:00,2026-09-22,2026-09-22-35701213155,energy,f66aafc8a4c372daddffdd6d4fd1ad20f1d64f8dec65ee7b6eb6367f23cba26a,False,,0.0,1.25,1.136384,1.136384
2026-09-14T11:00,2026-09-22,2026-09-22-35701213155,energy,988317dc86a1095d971432e9739533168c12d0792e44e42b00a798104806a992,False,,0.0,1.25,1.133504,1.133504
2026-09-14T11:00,2026-09-22,2026-09-22-35701213155,energy,c698c03781469f2c9104d6385cedb0844b1e03ca6f264ec2bf9326160af87208,False,,0.0,1.25,1.119413,1.119413
2026-09-14T11:00,2026-09-22,2026-09-22-35701213155,energy,65ad93ade49fc665eb13ec4a4539ced06d62ccf5a1a40633be315bebe08ddd44,False,,0.0,1.25,1.118978,1.118978
2026-09-14T11:00,2026-09-22,2026-09-22-35701213155,energy,61c3fd48786e8459a6253c6f17512d28d738cfa666ae5d23a5c7d3514498cd46,False,,0.0,1.25,1.116351,1.116351
2026-09-14T11:00,2026-09-22,2026-09-22-35701213155,energy,448ab54d72a90d829c17772823eb7427a09755cdb530729d4a852493639dfef0,False,,0.0,1.25,1.11266,1.11266
2026-09-14T11:00,2026-09-22,2026-09-22-35701213155,energy,cca4ed08b76f2f2fb64fb1aea6437ff7c15bb90c1299a7a2b448a1bdefc36952,False,,0.0,1.25,1.04489,1.04489
2026-09-14T11:00,2026-09-22,2026-09-22-35701213155,energy,2a90b2c0eb599aa140cf1a018113d58a379ba9326430d883e2cba1b579235c27,False,,0.0,1.25,1.028735,1.028735
2026-09-14T11:00,2026-09-22,2026-09-22-35701213155,energy,e845fdcc8b63401143e236f500d4c0b2124faa52715d46fca1fe5c8d90451caa,False,,0.0,1.25,1.028084,1.028084
2026-09-14T11:00,2026-09-22,2026-09-22-35701213155,energy,d62e3f910acb12e3740b2539aa9d22dc224f6561ff8b9b563af070d813a2b129,False,,0.0,1.25,1.024832,1.024832
2026-09-14T11:00,2026-09-22,2026-09-22-35701213155,energy,96fecef59a6a70bb3ccf1455e05bd5585ef9bfcef4184e079fa6962ffbee6721,False,,0.0,1.25,1.020069,1.020069
2026-09-14T11:00,2026-09-22,2026-09-22-35701213155,energy,c1cdaaa1f0fa5b2169a13d335246e1b8a315f7342a9fe6edaf5173e4a066d089,False,,0.0,1.25,1.011913,1.011913
2026-09-14T11:00,2026-09-22,2026-09-22-35701213155,business-economy,4c2062ec3cc306f4ce5da1d89c23f3488bbb9bba8d659f53ba3ecade49236968,True,,0.0,1.25,1.619,1.619
2026-09-14T11:00,2026-09-22,2026-09-22-35701213155,business-economy,7217d1943403d3d8126654639a51d5644171d302f0fe49e20e6dc26cc9d0f2ea,True,,0.0,1.25,1.6,1.6
2026-09-14T11:00,2026-09-22,2026-09-22-35701213155,business-economy,bd48f701f59e46e2963feebf2a81706cd01e9582a7da47e81ea050403ed65bb9,True,,0.0,1.25,1.594541,1.594541
2026-09-14T11:00,2026-09-22,2026-09-22-35701213155,business-economy,92ececf19df3dbc37bcf1d51b0d7df1a5c9a406f2dbca1d737f98edb3aab82e5,True,,0.0,1.25,1.575686,1.575686
2026-09-14T11:00,2026-09-22,2026-09-22-35701213155,business-economy,18322e5f4cc25f3107e64cbcfd6044022ee87dba2327e10ad3fb2ff25fff0398,True,,0.0,1.25,1.553564,1.553564
2026-09-14T11:00,2026-09-22,2026-09-22-35701213155,business-economy,ffcb666d82e41f6e686aca48a32054c165da03c14c7664bff1fe7f6d3e59b9b1,True,,0.0,1.25,1.533772,1.533772
2026-09-14T11:00,2026-09-22,2026-09-22-35701213155,business-economy,547db74b705250d3ee4538c52d3ddab764c4e21d998a5d212389468242af91f0,False,,0.0,1.25,1.519943,1.519943
2026-09-14T11:00,2026-09-22,2026-09-22-35701213155,business-economy,b8670842a25e897ba7bc133e491b3c3aaaae335b8d31d81c6dce9a0cd719cdac,True,,0.0,1.25,1.518849,1.518849
2026-09-14T11:00,2026-09-22,2026-09-22-35701213155,business-economy,30d461a363b268c468a54dd7bed3a85a2748b2dfe4f966a952c032fdda973bcc,True,,0.0,1.25,1.50733,1.50733
2026-09-14T11:00,2026-09-22,2026-09-22-35701213155,business-economy,ce656adb0537699552dd3dce3bae36bf9f7d042948d5a47cfb3c00f3451e5892,True,,0.0,1.25,1.506403,1.506403
2026-09-14T11:00,2026-09-22,2026-09-22-35701213155,business-economy,fd4d6f3528f8556881159f8f2a3ed7d3f99b46bf8b692ce57c25531b3f9657e9,True,trade,0.3,1.25,1.419283,1.494283
2026-09-14T11:00,2026-09-22,2026-09-22-35701213155,business-economy,45da36ff6deb2d5a1e6fce10d20cba957d5907a994636d4dfcde5a96d09c608a,False,,0.0,1.25,1.404038,1.404038
2026-09-14T11:00,2026-09-22,2026-09-22-35701213155,business-economy,dcbc8b72172cb68df8a4e7a9ab9fbb43d360b5bb2f3a63b49ea9050c9c7aac1a,False,trade,0.3,1.25,1.373072,1.448072
2026-09-14T11:00,2026-09-22,2026-09-22-35701213155,business-economy,3d3aa27d5fe63f098193b6a052bae9cb6a50073cd598dd0e517ab1f823af2a25,False,,0.0,1.25,1.361772,1.361772
2026-09-14T11:00,2026-09-22,2026-09-22-35701213155,business-economy,088a17e5686e453c0d9e35d53120ac9cdb8a5d20cb5c6286ed0fd1de6150c0f7,False,,0.0,1.25,1.350325,1.350325
2026-09-14T11:00,2026-09-22,2026-09-22-35701213155,business-economy,81dac94e44c4f09caa880c8e457ff74c3aa676285372fead0a5f9cc4d379be85,True,,0.0,1.25,1.280263,1.280263
2026-09-14T11:00,2026-09-22,2026-09-22-35701213155,business-economy,d346e1c7eef0bdff9f6c12623ed1ed8a17bb4ad02462c4b7a99a5410d7792b24,True,,0.0,1.25,1.274919,1.274919
2026-09-14T11:00,2026-09-22,2026-09-22-35701213155,business-economy,da8bb5c60c42936443616e1a42c54010f75027e398d2fd90649d4915269d0524,True,,0.0,1.25,1.232894,1.232894
2026-09-14T11:00,2026-09-22,2026-09-22-35701213155,business-economy,2e488f7ac71a186d40badf2ab5e20e1d2024ffc4812f38ecf54c63cfd4c30d03,True,,0.0,1.25,1.232894,1.232894
2026-09-14T11:00,2026-09-22,2026-09-22-35701213155,business-economy,1f8370b456561bb95f8ea3af1e3a65d7ae410658664fc0c48610523de2921905,False,,0.0,1.25,1.232894,1.232894
2026-09-14T11:00,2026-09-22,2026-09-22-35701213155,business-economy,ed66ef0364dad70fc41069ad8c8e755c7bfd06b140d2c3605d9f87a347a2d585,False,,0.0,1.25,1.232894,1.232894
2026-09-14T11:00,2026-09-22,2026-09-22-35701213155,business-economy,8567caf1a3c5a4d492ae12c197f68bdd307b9913e6996cc3a886bb00dad55aa5,False,,0.0,1.25,1.232894,1.232894
2026-09-14T11:00,2026-09-22,2026-09-22-35701213155,business-economy,47ab296d50111a28183eebbeba7987a3e37fdc24efb46df2a94a113d9478419e,False,,0.0,1.25,1.232894,1.232894
2026-09-14T11:00,2026-09-22,2026-09-22-35701213155,business-economy,34271cbb413cbc63d520499f4f19a1b1633039ce7c428ea7f5f05288a6ec8507,False,,0.0,1.25,1.232894,1.232894
2026-09-14T11:00,2026-09-22,2026-09-22-35701213155,business-economy,5f37f460783f48205ba9c424b18cb98ddfa80e442d1a6eddb401fe69b94515fa,False,,0.0,1.25,1.232894,1.232894
2026-09-14T11:00,2026-09-22,2026-09-22-35701213155,business-economy,295b7937358b17c4b489699efa420739379238936ee07710790282f3a95a11d7,False,,0.0,1.25,1.232894,1.232894
2026-09-14T11:00,2026-09-22,2026-09-22-35701213155,business-economy,d38a7d95748793d95c4c822f4b2e9c627d1ed7f730ee5375cd80ff12eaf71866,False,,0.0,1.25,1.232894,1.232894
2026-09-14T11:00,2026-09-22,2026-09-22-35701213155,business-economy,83b640b26c861086d18cddb5ad8e6042f730cfd925c5bfd08d677f3037673a2c,False,,0.0,1.25,1.232894,1.232894
2026-09-14T11:00,2026-09-22,2026-09-22-35701213155,business-economy,5d1b3b69e6e99dd049c6a1ae16a6c738f8809b34cf67ca81c85b051197c7b6ae,False,,0.0,1.25,1.232894,1.232894
2026-09-14T11:00,2026-09-22,2026-09-22-35701213155,business-economy,24035370192f7f2285b4008710a95926dc161e86a4c9d15fb81f278ca6ad31bb,False,,0.0,1.25,1.232894,1.232894
2026-09-14T11:00,2026-09-22,2026-09-22-35701213155,business-economy,1ede34bdb0cbead6bdfc63656c7d861c0734a7ca760420a4d4cf5100f16a4ca3,False,,0.0,1.25,1.232894,1.232894
2026-09-14T11:00,2026-09-22,2026-09-22-35701213155,business-economy,120e2ee344f64136b28fffe677849af9f63dfe592d97138f066f0cc26d1d1319,False,,0.0,1.25,1.232894,1.232894
2026-09-14T11:00,2026-09-22,2026-09-22-35701213155,business-economy,903d9812d0156d3c6e45a555ced99b02675171cb73552d20f1a7f29dbdbbcc6a,False,,0.0,1.25,1.232894,1.232894
2026-09-14T11:00,2026-09-22,2026-09-22-35701213155,business-economy,9a3cea686e22d3c122c571341a3726ec15412feb7d83d57a2bc88149bbcd4b50,False,,0.0,1.25,1.232894,1.232894
2026-09-14T11:00,2026-09-22,2026-09-22-35701213155,business-economy,cdd71284c53d777c188614dd42a101e3d788ae050c11a3fa3b06d50225866ad7,True,,0.0,1.25,1.19898,1.19898
2026-09-14T11:00,2026-09-22,2026-09-22-35701213155,business-economy,62af18095725bbfaf6dcc5221ede8e95404940f8757cb3aaaf56677f73b39af8,True,,0.0,1.25,1.191221,1.191221
2026-09-14T11:00,2026-09-22,2026-09-22-35701213155,world,f314db7d9aac59790c1f14e202ac2c88ebb7643d9ac54a2ec0cb6da51f94ee0b,True,chips,0.3,1.25,1.930674,2.005674
2026-09-14T11:00,2026-09-22,2026-09-22-35701213155,world,0962862701bdbd0c0d4a5c6658f38126d3e6f2130bb65138cf0f2e7e13816532,True,,0.0,1.25,1.687036,1.687036
2026-09-14T11:00,2026-09-22,2026-09-22-35701213155,world,84fc8b7d8a8bb2047832afb7dab09d8831f638a9eacac2676f8103e168786ba8,False,,0.0,1.25,1.628852,1.628852
2026-09-14T11:00,2026-09-22,2026-09-22-35701213155,world,92ececf19df3dbc37bcf1d51b0d7df1a5c9a406f2dbca1d737f98edb3aab82e5,False,,0.0,1.25,1.575686,1.575686
2026-09-14T11:00,2026-09-22,2026-09-22-35701213155,world,b087b67c34d497ec7fb2d6ed4bc30b93799c5343ab7abba0b02dd7d3fc18541e,True,,0.0,1.25,1.535007,1.535007
2026-09-14T11:00,2026-09-22,2026-09-22-35701213155,world,af97f3b7d770f2444c7211ef45785c0b3e2f0e9c69f37d7fac43eaad35ad7f07,True,,0.0,1.25,1.508613,1.508613
2026-09-14T11:00,2026-09-22,2026-09-22-35701213155,world,357a1dc9a18dfde609f62f26fd2ace91b3075ab0b9d022636bc47c7d1c8f1551,True,trade,0.3,1.25,1.496966,1.571966
2026-09-14T11:00,2026-09-22,2026-09-22-35701213155,world,adbaca0d1ed537368b0adcdb22e8cc95d0dfe655ded03c4edbf6d25c1f7132e0,True,,0.0,1.25,1.47368,1.47368
2026-09-14T11:00,2026-09-22,2026-09-22-35701213155,world,fd4d6f3528f8556881159f8f2a3ed7d3f99b46bf8b692ce57c25531b3f9657e9,False,trade,0.3,1.25,1.419283,1.494283
2026-09-14T11:00,2026-09-22,2026-09-22-35701213155,world,64e2194d6dcf6f87de39ffb29411866af161d656c562f6c20b1bfc5c4ce3edac,True,,0.0,1.25,1.3194,1.3194
2026-09-14T11:00,2026-09-22,2026-09-22-35701213155,world,89806a1a23e2daf8303a539665e96e1576504982543f6015673b94caa7f0211d,False,,0.0,1.25,1.316113,1.316113
2026-09-14T11:00,2026-09-22,2026-09-22-35701213155,world,ff125e67e39f505075d1fac91823331ac3dd6a8c7b28566b8d421699b6881073,False,,0.0,1.25,1.314817,1.314817
2026-09-14T11:00,2026-09-22,2026-09-22-35701213155,world,03d199698f43b9b05109329a315d54a32ecf48941fd2b30926962dfd6da250d0,False,,0.0,1.25,1.314763,1.314763
2026-09-14T11:00,2026-09-22,2026-09-22-35701213155,world,f81220c8dbac8c78b0a56739ea6f3e7650ab807fdb6bfdaed36d7b9b486724cc,False,,0.0,1.25,1.314689,1.314689
2026-09-14T11:00,2026-09-22,2026-09-22-35701213155,world,c440a20f79ce9d30a6695b9955ec76a08e0f16593122297089d96abdc4806a5b,False,,0.0,1.25,1.312071,1.312071
2026-09-14T11:00,2026-09-22,2026-09-22-35701213155,world,39384c6d83d161f3bd6019a8269f286ed866a71f3aecf196df01a1e9aa898bb1,False,,0.0,1.25,1.311384,1.311384
2026-09-14T11:00,2026-09-22,2026-09-22-35701213155,world,596d78ee2030ab79603f00b05e12324b646d151b896fe8eea716d663ebfe81b7,False,,0.0,1.25,1.304289,1.304289
2026-09-14T11:00,2026-09-22,2026-09-22-35701213155,world,63a9794aaebbc34dc139283eda7b7dfc159c8ccddedc84dc7519b7d3b220d7b4,False,,0.0,1.25,1.304129,1.304129
2026-09-14T11:00,2026-09-22,2026-09-22-35701213155,world,30a45e199eeeb4a99abb803395d1a6261121d53ad2a8d17d459fff182b37b711,False,,0.0,1.25,1.304022,1.304022
2026-09-14T11:00,2026-09-22,2026-09-22-35701213155,world,38b4907248f76c28e7316193f056eaf89738eb58d8fb93404d179b621e513d55,False,,0.0,1.25,1.297005,1.297005
2026-09-14T11:00,2026-09-22,2026-09-22-35701213155,world,6ad4e11a7b2b367f4eff2b56306b4e0df057aafdd4cdf89de13fb13b9861b28c,False,,0.0,1.25,1.296954,1.296954
2026-09-14T11:00,2026-09-22,2026-09-22-35701213155,world,120a02a16027c9902c2067a47d439071562a56b1ad49be6f7c03e0712a8dc151,False,,0.0,1.25,1.283845,1.283845
2026-09-14T11:00,2026-09-22,2026-09-22-35701213155,world,3450fd0e4c424ef55e0fe306bd184b5bba5e44a916ac44ca81d321e0eac5bcf3,False,,0.0,1.25,1.282929,1.282929
2026-09-14T11:00,2026-09-22,2026-09-22-35701213155,world,eb3f876f59a942b65df46c9bf1d86a2a381b8cdadce471db7ba5c307352f9af9,False,,0.0,1.25,1.282775,1.282775
2026-09-14T11:00,2026-09-22,2026-09-22-35701213155,world,456af031e6ed2551db8ae08e7f4c8187e50f4823f56b66a6d67e973842bb8a07,False,,0.0,1.25,1.281634,1.281634
2026-09-14T11:00,2026-09-22,2026-09-22-35701213155,world,73937446b4e6586a5b3f5a66022ff6f048f183aba17dfd4ab1a73969b59ebedc,False,,0.0,1.25,1.278259,1.278259
2026-09-14T11:00,2026-09-22,2026-09-22-35701213155,world,85483411a7b8f3c7002bf54a2b4e3d09d8f00a417544cba50d4f6cafe55477fd,False,,0.0,1.25,1.275537,1.275537
2026-09-14T11:00,2026-09-22,2026-09-22-35701213155,world,0d7541d110758d0f459c027fcacdf84790b8ce2ae0f7d09f0ffeb8288eb59b88,True,,0.0,1.25,1.199391,1.199391
2026-09-14T11:00,2026-09-22,2026-09-22-35701213155,world,6d97fb5d10ee7d64baa6c20c6969ae17eaaff996d980e294ace5f9094590675e,True,,0.0,1.25,1.199314,1.199314
2026-09-14T11:00,2026-09-22,2026-09-22-35701213155,world,7f6f6a809275e511b2b60717bd27f5faf4e5234ef71ace25ca5d0ac181370826,True,,0.0,1.25,1.196717,1.196717
2026-09-14T11:00,2026-09-22,2026-09-22-35701213155,world,e24fa1fe9b8e3a332eab4b6de5f2d88faf43182f7b8fecc316956bcc54a3934f,True,,0.0,1.25,1.195766,1.195766
2026-09-14T11:00,2026-09-22,2026-09-22-35701213155,world,12742f59e2cfe25d53d67b989dced1ba2ac8dcb651ff66d695dcd3cfd932cc30,True,,0.0,1.25,1.193654,1.193654
2026-09-14T11:00,2026-09-22,2026-09-22-35701213155,world,da1c6a43740682d7340ce897fc9da24bd6099ffad6b25a94548d5cd0c823457e,True,,0.0,1.25,1.191196,1.191196
2026-09-14T11:00,2026-09-22,2026-09-22-35701213155,world,9f92f97b8de8ddd880709ebb0a6d83e48227e8a6dbe7584de8da73c5e9ec509f,True,,0.0,1.25,1.189052,1.189052
2026-09-14T11:00,2026-09-22,2026-09-22-35701213155,world,59c5130a7f48867719f6d353e9efb228180d4384b78881729b1ec738e6a71ead,True,,0.0,1.25,1.188816,1.188816
2026-09-14T11:00,2026-09-22,2026-09-22-35701213155,world,9c1cf431685f38331220cdbe26cdfaa20e257e6eb29adbbec404ca298f8e29a3,True,,0.0,1.25,1.187866,1.187866
2026-09-14T11:00,2026-09-22,2026-09-22-35701213155,india,79dd746b126367084924b74fb3a9616dca248168ad4294c9d3961c10f76c505d,True,,0.0,1.25,1.684686,1.684686
2026-09-14T11:00,2026-09-22,2026-09-22-35701213155,india,95b762cc03ad3176f90027eabe0e18cbdceaf96573827890c7faadb18e952e52,True,,0.0,1.25,1.683293,1.683293
2026-09-14T11:00,2026-09-22,2026-09-22-35701213155,india,729778cb8f2350a33f594d6cc1b7c2c3ce092e8f913a27fdafaf6bc697fd435b,True,,0.0,1.25,1.660335,1.660335
2026-09-14T11:00,2026-09-22,2026-09-22-35701213155,india,6018e7cf1e32f5b18351f94015b88d3fd6c20f46fbf1fe59b81a7d67ff4d39c0,True,,0.0,1.25,1.645281,1.645281
2026-09-14T11:00,2026-09-22,2026-09-22-35701213155,india,73ca80cbd0c2ca0af2543759fa58a9965d1ddf1697ede79a917d08e91585452d,True,,0.0,1.25,1.636211,1.636211
2026-09-14T11:00,2026-09-22,2026-09-22-35701213155,india,5f074a8116e36c09388ff7a5407bed546143f4c057fc75f9a362d681c19f573b,True,,0.0,1.25,1.630824,1.630824
2026-09-14T11:00,2026-09-22,2026-09-22-35701213155,india,96510ae508636024b5a39fd389e0520ba8be80ee3f2e119125696ecc67ee25f6,False,,0.0,1.25,1.629067,1.629067
2026-09-14T11:00,2026-09-22,2026-09-22-35701213155,india,13d960cfbd54aa024545bd780506a4a4820ce52a3d2a338ca93a7ab3cd2f08df,True,,0.0,1.25,1.598657,1.598657
2026-09-14T11:00,2026-09-22,2026-09-22-35701213155,india,d5ebc6aa1af4b0c429f65070539fdfada26893486ec5e3a108b707e7b2780840,True,,0.0,1.25,1.596645,1.596645
2026-09-14T11:00,2026-09-22,2026-09-22-35701213155,india,e58f53925524948e867ea803c89ad6fc45201d17b6b053324f9f004a40a6a3bb,True,,0.0,1.25,1.570549,1.570549
2026-09-14T11:00,2026-09-22,2026-09-22-35701213155,india,801be067eda7b5592f0a9b480814107a5261c3c3cc618f188bca95c3244afee4,True,,0.0,1.25,1.53084,1.53084
2026-09-14T11:00,2026-09-22,2026-09-22-35701213155,india,fe1aa20e5e49c9876290357df399ecedb633eccc86e9f5ca886f0f828776ff74,False,trade,0.3,1.25,1.464583,1.539583
2026-09-14T11:00,2026-09-22,2026-09-22-35701213155,india,556c8f8a3072350e15b3049a1dfabfea31d29ad5da6d83cde0650a95b63307fb,True,trade,0.3,1.25,1.459203,1.534203
2026-09-14T11:00,2026-09-22,2026-09-22-35701213155,india,df99a91559408802e47aec106071837b71515e803719b5479c746a127e5bf4f1,True,,0.0,1.25,1.448238,1.448238
2026-09-14T11:00,2026-09-22,2026-09-22-35701213155,india,bbe2bd15c58d1eb9e21d3e6233de51501fdd1bfc95a14f1a8d98ee64f23e13cd,False,,0.0,1.25,1.447036,1.447036
2026-09-14T11:00,2026-09-22,2026-09-22-35701213155,india,f15b53009dbccd96dfb1c935b71bf4e9762ad31caa35f6db01fc08b7978b0ad7,False,,0.0,1.25,1.44541,1.44541
2026-09-14T11:00,2026-09-22,2026-09-22-35701213155,india,e7255b29ed0d2c3b6a0c385dc7c92e37b715db302e659ddccc56409f09d66153,False,,0.0,1.25,1.444385,1.444385
2026-09-14T11:00,2026-09-22,2026-09-22-35701213155,india,8f7bc04f4702cf4e4b10a0fd7e261467e140b59ce0a966607ba40e992fb4837b,False,,0.0,1.25,1.44387,1.44387
2026-09-14T11:00,2026-09-22,2026-09-22-35701213155,india,7991074ad46badc38577ec2415130aa1629140c5d31761a4c4b639febb1a401d,False,,0.0,1.25,1.437526,1.437526
2026-09-14T11:00,2026-09-22,2026-09-22-35701213155,india,0de15b645f1dc5e16fbf1d7cb35c2b1fed0d204eee4c8705ec79ab63e3668e21,False,,0.0,1.25,1.437181,1.437181
2026-09-14T11:00,2026-09-22,2026-09-22-35701213155,india,db675f071b449d2cdef32e67699f1bd7e1708fa074b66058c5e99fdc5ba5a218,False,,0.0,1.25,1.436547,1.436547
2026-09-14T11:00,2026-09-22,2026-09-22-35701213155,india,cdda8d4add3e79e0fb4433324fe020fbadee7165b41f5594595ad47d19935596,False,,0.0,1.25,1.43007,1.43007
2026-09-14T11:00,2026-09-22,2026-09-22-35701213155,india,4e706885e9afd3860df928681c1d49504b6c047c918d9764548e42e106a9876a,False,,0.0,1.25,1.430046,1.430046
2026-09-14T11:00,2026-09-22,2026-09-22-35701213155,india,9cac9655c4ad62b968621c793a775549fd7f31718a3e1297cb5ec6051a25f703,False,,0.0,1.25,1.429835,1.429835
2026-09-14T11:00,2026-09-22,2026-09-22-35701213155,india,82df071bdc7569d67370a00419f138e874d68428152d115b11a1d5d0b4588476,False,,0.0,1.25,1.428818,1.428818
2026-09-14T11:00,2026-09-22,2026-09-22-35701213155,india,323e111905f87a3588162d48329efbdbd42ca164b19493845c50d1b1c8244aff,False,,0.0,1.25,1.428447,1.428447
2026-09-14T11:00,2026-09-22,2026-09-22-35701213155,india,6b4c127e759041a1a23e72d226eeb056d9a472a013468ff70c3e6a584d4ec84f,False,,0.0,1.25,1.428373,1.428373
2026-09-14T11:00,2026-09-22,2026-09-22-35701213155,india,a165bb39b5203d3c7c38a335793ba6ff2e3fee0bb6c86d10614d0d5726f34ed2,False,,0.0,1.25,1.427798,1.427798
2026-09-14T11:00,2026-09-22,2026-09-22-35701213155,india,eccfba1b24353a4c51225f5607f72e25b0f89876256a460039605da3074b1ade,False,,0.0,1.25,1.42647,1.42647
2026-09-14T11:00,2026-09-22,2026-09-22-35701213155,india,31a53e946bc914dc47174c0aa2741537e013e6d04e7e970747853ec889fcf933,False,,0.0,1.25,1.420734,1.420734
2026-09-14T11:00,2026-09-22,2026-09-22-35701213155,india,6a660d95b3f27f4f97ba348e02792acac7438144b1d8275cf58b3a2fb17eed30,False,,0.0,1.25,1.418424,1.418424
2026-09-14T11:00,2026-09-22,2026-09-22-35701213155,india,9da36de3f8b236028f87cb27544f01ef80d2c3c3202259b92257f52f5bfe1f44,False,,0.0,1.25,1.416434,1.416434
2026-09-14T11:00,2026-09-22,2026-09-22-35701213155,india,a844cc30b1f2903bd4a458e97bd0d732778d84e1b20d659a49c11656769631cc,True,,0.0,1.25,1.406828,1.406828
2026-09-14T11:00,2026-09-22,2026-09-22-35701213155,india,f58c575b362166c760fc4869b1954092b19bc489cde1e4140ec42001a05f81c7,True,,0.0,1.25,1.37439,1.37439
2026-09-14T11:00,2026-09-22,2026-09-22-35701213155,india,9d66d8762a1c2f9325ec46e88a45de2144ad4b3d4165bb5613c2a83dc0e32ebb,True,,0.0,1.25,1.2,1.2
2026-09-14T11:00,2026-09-22,2026-09-22-35701213155,india,8ca3b7e4a884e6daeb265c787b812d7aa69f008255edc86a10864a3217474a69,True,,0.0,1.25,1.199294,1.199294
2026-09-14T11:00,2026-09-22,2026-09-22-35701213155,india,3008ed5cb30154903f44f6f46c0292a6f54bbd9484d154d36ed67f8afffb21e3,True,,0.0,1.25,1.199205,1.199205
2026-09-14T11:00,2026-09-22,2026-09-22-35701213155,india,a66d6e93b44ae41d4c96dc78353ab8dd7efa302fb8d8024dec331779ce5c1697,True,,0.0,1.25,1.195964,1.195964
2026-09-14T11:00,2026-09-22,2026-09-22-35701213155,india,fe0f61d887c3c34cf5aae5732408de65087674e5599717c3951a83313fbb8cf1,True,,0.0,1.25,1.194182,1.194182
2026-09-14T11:00,2026-09-22,2026-09-22-35701213155,india,03b08ee198f68ffe05b0bcbee4b4f449ac4a246df4754a53fcb4259823712db2,True,,0.0,1.25,1.193991,1.193991
2026-09-14T11:00,2026-09-22,2026-09-22-35701213155,india,87d831623c2d598dc42cdb18949ca873d4f844deac333f9b1d7e00f608ff7238,True,,0.0,1.25,1.193832,1.193832
2026-09-14T11:00,2026-09-22,2026-09-22-35701213155,india,036c74abfa5b1a814201b436734f5fa788f54a6dfc024283c051544edfe57c27,True,,0.0,1.25,1.192462,1.192462
2026-09-14T11:00,2026-09-22,2026-09-22-35701213155,india,2c1ad070dfe240ccfbd34ce866d2f7672eb834b0e28153567e7bcfdf8bf82eda,True,,0.0,1.25,1.191974,1.191974
2026-09-14T11:00,2026-09-22,2026-09-22-35701213155,india,6d1ec7f2563f82c7d9a3f99d5b2151363f2cbb303b74fcd092809ff666d70396,True,,0.0,1.25,1.18856,1.18856
2026-09-14T11:00,2026-09-22,2026-09-22-35701213155,india,2e8f848e8feda1888407beffa89ab52702df2603a753b059b58609590b6c9b25,True,,0.0,1.25,1.186735,1.186735
2026-09-14T11:00,2026-09-22,2026-09-22-35701213155,india,4efa20597df8037c64f80d350bcce04e0b6a85deb729fc86983c77e204d0b4c9,True,,0.0,1.25,1.186252,1.186252
2026-09-14T11:00,2026-09-22,2026-09-22-35723106503,ai,7e08856c391378adeb89201789e4011db96010674bd2ef70ea050a7163223289,True,,0.0,1.25,2.064577,2.064577
2026-09-14T11:00,2026-09-22,2026-09-22-35723106503,ai,689d78c6e007ab8e2c4f1996bb4d798c0801548871029acd469c087e5a6afc90,True,,0.0,1.25,1.881678,1.881678
2026-09-14T11:00,2026-09-22,2026-09-22-35723106503,ai,772b3c9f24c9b6445097124a5bb6ee860fea06be0b02cfd0439fd83617999516,True,,0.0,1.25,1.660965,1.660965
2026-09-14T11:00,2026-09-22,2026-09-22-35723106503,ai,b1c20e6c366d940410963f35d40af34d6b4565b4eb40fe8dda9f6888e69d2a4a,True,,0.0,1.25,1.659233,1.659233
2026-09-14T11:00,2026-09-22,2026-09-22-35723106503,ai,168649d9f7445dd4808bebbb2213539a30c43fe026c81ea043f85606877408b7,True,,0.0,1.25,1.596672,1.596672
2026-09-14T11:00,2026-09-22,2026-09-22-35723106503,ai,d41bce0dc72ebd1d47489c6aa2c334c21e20994c83e108b428f4ce39f2274aca,True,,0.0,1.25,1.576754,1.576754
2026-09-14T11:00,2026-09-22,2026-09-22-35723106503,ai,14a70449b563798521e4d3e988cd0664a622099a077ca25a46de5c0baedac2fb,False,,0.0,1.25,1.566391,1.566391
2026-09-14T11:00,2026-09-22,2026-09-22-35723106503,ai,1c1a8334f7b4f7cca54be0572ad70ce99bb6099bf11983c2cf69ed6f2ba955ae,True,,0.0,1.25,1.539774,1.539774
2026-09-14T11:00,2026-09-22,2026-09-22-35723106503,ai,8cce0c73f689f3c734db0cf3fe0f63a16cc98b74baa9f938430ec1612514e803,True,,0.0,1.25,1.539774,1.539774
2026-09-14T11:00,2026-09-22,2026-09-22-35723106503,ai,3ead4ee884d8fe4b38ec15bdfb6d2692ae57c2a8333cb4f938c3d4bc89f55111,False,,0.0,1.25,1.53632,1.53632
2026-09-14T11:00,2026-09-22,2026-09-22-35723106503,ai,657e6e93ead4ae13a3e7a7434fc1751bf7ccd661899fcab358f7acd15d5be4dc,False,,0.0,1.25,1.462718,1.462718
2026-09-14T11:00,2026-09-22,2026-09-22-35723106503,ai,5f200c6b96e7223005becfa063e37543c256e43d32737306e6f1dbb81416521a,False,,0.0,1.25,1.422955,1.422955
2026-09-14T11:00,2026-09-22,2026-09-22-35723106503,ai,992d5f369841fe58cf76abd367d60600c4e623573c4fe6bcdc88dde6203616ad,False,,0.0,1.25,1.420249,1.420249
2026-09-14T11:00,2026-09-22,2026-09-22-35723106503,ai,3ee3a254bfd32a2d6ecec4cb4af03364cc90fe0c7860f74af7e447b925a323b4,False,,0.0,1.25,1.410387,1.410387
2026-09-14T11:00,2026-09-22,2026-09-22-35723106503,ai,4d27d877976856241a215e0e1c45248b56e9fdba5403680696d8fc818b03602e,False,,0.0,1.25,1.347575,1.347575
2026-09-14T11:00,2026-09-22,2026-09-22-35723106503,ai,6ea62994880b9063b1e6de49aa48eba084a403859713d5e1fac0b8606137f65a,False,,0.0,1.25,1.340036,1.340036
2026-09-14T11:00,2026-09-22,2026-09-22-35723106503,ai,495206d7704df907d48e5e830a77fe18aedf5b0fb19262d4324c0f55433fc233,False,,0.0,1.25,1.340036,1.340036
2026-09-14T11:00,2026-09-22,2026-09-22-35723106503,ai,5cc436640081ea78ecf2d185e5544d8c82d4d3d02dc6fb8c47e48f04d309bfa1,False,,0.0,1.25,1.340036,1.340036
2026-09-14T11:00,2026-09-22,2026-09-22-35723106503,ai,ec31c6c5e8b572879014655ce1672291be9a0748eed18490ff82ad2ecfda961e,False,,0.0,1.25,1.340036,1.340036
2026-09-14T11:00,2026-09-22,2026-09-22-35723106503,ai,333815725e6d34d3111741ee3d995010f184c727b70de54617a98adb6a0bd44a,False,,0.0,1.25,1.340036,1.340036
2026-09-14T11:00,2026-09-22,2026-09-22-35723106503,ai,eace56355d6a7ac6de6e06327ba0c8fc3ba50f7016d6f84b88d85f4fe48151b7,False,,0.0,1.25,1.340036,1.340036
2026-09-14T11:00,2026-09-22,2026-09-22-35723106503,ai,3933b35f9c9a071ff43aa11a75d1bbebdca320f572627cc549e22ba4f7e42688,False,,0.0,1.25,1.340036,1.340036
2026-09-14T11:00,2026-09-22,2026-09-22-35723106503,ai,9cb7143a1471d3be54c0daa2835a02b4109b80c3a76de9a89b11366438616948,True,,0.0,1.25,1.255013,1.255013
2026-09-14T11:00,2026-09-22,2026-09-22-35723106503,ai,82a832e594fb9172b4d66ab076f169128594f63980f7e5eb3257d400188f9f97,True,,0.0,1.25,1.198167,1.198167
2026-09-14T11:00,2026-09-22,2026-09-22-35723106503,ai,2ca320cd1c3a419d5002af416f9a009794549756557da62195594f64b24aedda,True,,0.0,1.25,1.184805,1.184805
2026-09-14T11:00,2026-09-22,2026-09-22-35723106503,ai,bc33d726f659fe7d155424e1f08ff26f00369f513fe508ba03b17e7effaf18af,True,,0.0,1.25,1.183169,1.183169
2026-09-14T11:00,2026-09-22,2026-09-22-35723106503,ai,87649cfeda67e70c407bf2babb10c55996a4887e68ef6e11c5fe18201f99a7ca,True,,0.0,1.25,1.182988,1.182988
2026-09-14T11:00,2026-09-22,2026-09-22-35723106503,ai,029786aa8de5f6e10a2f26b73b8d0f4daaba32c0c04f112b91b3940972d48bb4,False,,0.0,1.25,1.17187,1.17187
2026-09-14T11:00,2026-09-22,2026-09-22-35723106503,ai,894f73b775339bd32e134e0a66dc6bc5fb63bd6e0f0c775a0803871c5e55bdf5,False,,0.0,1.25,1.161277,1.161277
2026-09-14T11:00,2026-09-22,2026-09-22-35723106503,ai,d19becbf9daf79c5a630a1ca160684426bfc004d114be4cf9cc504e83a77391d,False,,0.0,1.25,1.160965,1.160965
2026-09-14T11:00,2026-09-22,2026-09-22-35723106503,ai,7761e6f88f9966819cd7d0677db21b0ed385cb5ce3f1730121bef42b8d538fd8,False,,0.0,1.25,1.160965,1.160965
2026-09-14T11:00,2026-09-22,2026-09-22-35723106503,ai,2b61cc6f9d696b8880fd6b43cc42f3637f1180476d454e2ca495eeec5fa06d8c,False,,0.0,1.25,1.160965,1.160965
2026-09-14T11:00,2026-09-22,2026-09-22-35723106503,ai,55286050b156262ac11fcbcae2330ba1a704cabea59ec584cff1b23d0cefb71d,False,,0.0,1.25,1.150267,1.150267
2026-09-14T11:00,2026-09-22,2026-09-22-35723106503,energy,e5652fb92f79b8d78818afe465039984eec7860f02b02a92db6138b09366eb3b,True,,0.0,1.25,1.682227,1.682227
2026-09-14T11:00,2026-09-22,2026-09-22-35723106503,energy,9bf3c3f757bc92e3aadb3d67b7b1fb1940d5c2f8fdd949d59e2a59812ccd2947,True,trade,0.3,1.25,1.449591,1.524591
2026-09-14T11:00,2026-09-22,2026-09-22-35723106503,energy,adf98638b7dc91815eb7a44d3408e6e81fd375c0073017501dbc19db9527f830,True,,0.0,1.25,1.389462,1.389462
2026-09-14T11:00,2026-09-22,2026-09-22-35723106503,energy,5faed8bbe36e0db419f999c41e00f000120bfb8981157e1c30515f0d65e7bff4,True,,0.0,1.25,1.194321,1.194321
2026-09-14T11:00,2026-09-22,2026-09-22-35723106503,energy,5b6ee3459916c14f88587fe5d94048909a49ce3f285a08fea912d205a759463a,True,,0.0,1.25,1.187816,1.187816
2026-09-14T11:00,2026-09-22,2026-09-22-35723106503,energy,46792665a68a014c473a83c1a5891c1ff96ef524197671bbd88863e83bd05e07,True,,0.0,1.25,1.186735,1.186735
2026-09-14T11:00,2026-09-22,2026-09-22-35723106503,energy,5f2043ab332febaa9310d800a941a2e90ba7d3b426b86c4804c81422a018121d,True,,0.0,1.25,1.186359,1.186359
2026-09-14T11:00,2026-09-22,2026-09-22-35723106503,energy,8314fc50a19e7877ce1f5c44b0e53af34b3566562b4002cc4709b923487c5ab0,False,,0.0,1.25,1.18117,1.18117
2026-09-14T11:00,2026-09-22,2026-09-22-35723106503,energy,02b7e9b86b16bbd4dad18e16f10a07e69e0990fbfe9cd84b393c4c2f29d862b3,False,,0.0,1.25,1.180592,1.180592
2026-09-14T11:00,2026-09-22,2026-09-22-35723106503,energy,43da7eec06b57ae0d63581f533ad8e0e8fa019cddc739835f1298847fe16affc,False,,0.0,1.25,1.180157,1.180157
2026-09-14T11:00,2026-09-22,2026-09-22-35723106503,energy,daa72bd25ad7d699edb6bff01889d5bab812c386bee7a73b97f45d84f4db1867,False,,0.0,1.25,1.178986,1.178986
2026-09-14T11:00,2026-09-22,2026-09-22-35723106503,energy,86f3e228d785008ca9f79ef36a2f26d4a02e5b0e93af1cbb98b3b5795b417539,False,,0.0,1.25,1.178082,1.178082
2026-09-14T11:00,2026-09-22,2026-09-22-35723106503,energy,29411c45e1c83c13c7d9aa25598d8811fbcc879a1b5ccc834d2c485e81f2d5b8,False,,0.0,1.25,1.173886,1.173886
2026-09-14T11:00,2026-09-22,2026-09-22-35723106503,energy,a74cb8ea2f4dbb598fa070233b4679f66df7282808a5613603f6b7d8e4b6eb81,False,,0.0,1.25,1.173414,1.173414
2026-09-14T11:00,2026-09-22,2026-09-22-35723106503,energy,963be38ba358b94dfef1702e005037c305992271a2ec6019f380bb2401ae8875,False,,0.0,1.25,1.172182,1.172182
2026-09-14T11:00,2026-09-22,2026-09-22-35723106503,energy,8b2f306943918d45cd297a64a5c018d65df258be4284b753254437340c03f6c4,False,,0.0,1.25,1.17187,1.17187
2026-09-14T11:00,2026-09-22,2026-09-22-35723106503,energy,70fbf8b9b62cee44bdf5a7c93f5e8976bc972a412bcc3c154aaac8fd50586536,False,,0.0,1.25,1.16741,1.16741
2026-09-14T11:00,2026-09-22,2026-09-22-35723106503,energy,5f04b0422b0b81b828a8fca2bbd6615cb30a924d35960b058274ca1f633e402c,False,,0.0,1.25,1.162846,1.162846
2026-09-14T11:00,2026-09-22,2026-09-22-35723106503,energy,74cae930137c50890ee7da3e7eb4b4674dde7f92f1f44e144a815d437fe0634d,False,,0.0,1.25,1.158988,1.158988
2026-09-14T11:00,2026-09-22,2026-09-22-35723106503,energy,875953bab0eb257b058f6ee6f83e63513403cdd3ea799a0d8d024915bf5d3083,False,,0.0,1.25,1.150267,1.150267
2026-09-14T11:00,2026-09-22,2026-09-22-35723106503,energy,94454569f747a347096ba9e68780520236526964fd88143a3fc2b40198bfa844,False,,0.0,1.25,1.145409,1.145409
2026-09-14T11:00,2026-09-22,2026-09-22-35723106503,energy,8d46a8498feeec580b46aae55cebee2aeb516d7703010d19e21ee0e4ab3ff5b8,False,,0.0,1.25,1.144995,1.144995
2026-09-14T11:00,2026-09-22,2026-09-22-35723106503,energy,09feed0834bfdf9d61b97c65e363e7ae245d373a9860d4edaf73d3e1429d5fd9,False,,0.0,1.25,1.139774,1.139774
2026-09-14T11:00,2026-09-22,2026-09-22-35723106503,energy,111060ef4fbc4ae217080b576ba479188bd0b199d3f4e2a71cec85c6204858af,False,,0.0,1.25,1.139774,1.139774
2026-09-14T11:00,2026-09-22,2026-09-22-35723106503,energy,f228e0c6b16764e7ad10bcba35cffed7b728d277c0076222a4b8255062de79fc,False,,0.0,1.25,1.139323,1.139323
2026-09-14T11:00,2026-09-22,2026-09-22-35723106503,energy,bb642927be3178d1b66087ee4341fd82b5bebf45bcd935f8eef3627024ca8896,False,,0.0,1.25,1.137837,1.137837
2026-09-14T11:00,2026-09-22,2026-09-22-35723106503,energy,7451f7aca977a42e4d934031e6da3180cbb738c2a7c580b276ff76fe7e6a8227,False,,0.0,1.25,1.134602,1.134602
2026-09-14T11:00,2026-09-22,2026-09-22-35723106503,business-economy,4d248924e01c1169f8c4fbdc9d0873272ff9c8a88812f35ae3cf5739b3241666,True,chips,0.3,1.25,1.992424,2.067424
2026-09-14T11:00,2026-09-22,2026-09-22-35723106503,business-economy,5b2812601e0c1fb9d9a94e927d190cf417bea6f6442581934a267f3fed179d85,True,,0.0,1.25,1.668461,1.668461
2026-09-14T11:00,2026-09-22,2026-09-22-35723106503,business-economy,1359989ddb282a28ff616aed4e03d27fed5988f084dfe68a0993ae741cf3f63e,True,,0.0,1.25,1.656977,1.656977
2026-09-14T11:00,2026-09-22,2026-09-22-35723106503,business-economy,653816f2ab93ccdb6df173c55759ee86909d5dab2a08520afa5223259607f720,True,,0.0,1.25,1.643627,1.643627
2026-09-14T11:00,2026-09-22,2026-09-22-35723106503,business-economy,99e1d185c069c371d0d667773c3311ca2f5bf6605879a47ab2cf0da9da68fb56,True,,0.0,1.25,1.619956,1.619956
2026-09-14T11:00,2026-09-22,2026-09-22-35723106503,business-economy,14397e7753d0540e1c021379be7ac7628fde5f7dcc10b9b2535217265dac223a,True,,0.0,1.25,1.613489,1.613489
2026-09-14T11:00,2026-09-22,2026-09-22-35723106503,business-economy,1d9f03cd2bb4e2cc893d7afc36d905ece5771e692e8e8fc95cd9c5857a18ef9c,True,,0.0,1.25,1.605677,1.605677
2026-09-14T11:00,2026-09-22,2026-09-22-35723106503,business-economy,caef1eeaa21a77a182badfcb47166b0d046c0db7deaed04a87318268cb6b41ce,False,,0.0,1.25,1.604856,1.604856
2026-09-14T11:00,2026-09-22,2026-09-22-35723106503,business-economy,52e699f1a8159fd1e1f4fe61b5ded492a0afc7894ee85fb15f1137746e52c166,True,,0.0,1.25,1.6,1.6
2026-09-14T11:00,2026-09-22,2026-09-22-35723106503,business-economy,68311c8c295dec7391bff238cde619ae00268b622843872a2fef8c81b6fc10f8,True,,0.0,1.25,1.582988,1.582988
2026-09-14T11:00,2026-09-22,2026-09-22-35723106503,business-economy,8c192d5bb51599ccef89da08aecdf8f3abf48c214cf6637eaf779214d3aaceae,True,chips,0.3,1.25,1.496353,1.571353
2026-09-14T11:00,2026-09-22,2026-09-22-35723106503,business-economy,40902fc22f3d2a96a1e17627a83812df742a52b13c538fcf0e9f5dacda42ae86,True,trade,0.3,1.25,1.441555,1.516555
2026-09-14T11:00,2026-09-22,2026-09-22-35723106503,business-economy,45da36ff6deb2d5a1e6fce10d20cba957d5907a994636d4dfcde5a96d09c608a,False,,0.0,1.25,1.360839,1.360839
2026-09-14T11:00,2026-09-22,2026-09-22-35723106503,business-economy,dcbc8b72172cb68df8a4e7a9ab9fbb43d360b5bb2f3a63b49ea9050c9c7aac1a,False,trade,0.3,1.25,1.305855,1.380855
2026-09-14T11:00,2026-09-22,2026-09-22-35723106503,business-economy,deb5b8df0f72f6f3bacb1b8cffc156d65d2723074a9204440da99338ffcfe286,True,,0.0,1.25,1.195919,1.195919
2026-09-14T11:00,2026-09-22,2026-09-22-35723106503,business-economy,0cf799385f6c870fac2aaf3c9f54c4e4bf52bb962234ff0efbbfaf9dd4540bb1,False,,0.0,1.25,1.195906,1.195906
2026-09-14T11:00,2026-09-22,2026-09-22-35723106503,business-economy,91c9868dac4fc76d9a879d91292a6c6d17beeda2b66aa4ade135ed8999f04411,False,,0.0,1.25,1.195875,1.195875
2026-09-14T11:00,2026-09-22,2026-09-22-35723106503,business-economy,5787e22529bb9c296bee163734d5780794ac3bc8714ccc76450f4f7d089c1518,False,,0.0,1.25,1.195632,1.195632
2026-09-14T11:00,2026-09-22,2026-09-22-35723106503,business-economy,46b2298a19c8bb3dc25694f04dcb62238588cbdac1583dc07eca0aecfd3beec4,False,,0.0,1.25,1.195467,1.195467
2026-09-14T11:00,2026-09-22,2026-09-22-35723106503,business-economy,c8d2997f00f5a4e03177f4437355bd9f4c16f6e31728327ec472af7739c862eb,False,,0.0,1.25,1.194321,1.194321
2026-09-14T11:00,2026-09-22,2026-09-22-35723106503,business-economy,7fca03113c9dc297b23eb5165d1a4f1551fd3eddae9a322562a1384f46353985,False,,0.0,1.25,1.194188,1.194188
2026-09-14T11:00,2026-09-22,2026-09-22-35723106503,business-economy,d7cf4b21ee10f9a7ebb5b660c4821c994a5a5d6247587f04864e30e4e5734c6e,False,,0.0,1.25,1.193629,1.193629
2026-09-14T11:00,2026-09-22,2026-09-22-35723106503,business-economy,af38a17368a91df325b3590d6748ae2f3ff9d97b9ec87c183cbbf31086725116,False,,0.0,1.25,1.192963,1.192963
2026-09-14T11:00,2026-09-22,2026-09-22-35723106503,business-economy,662f203888f344ba717cbf8386d56614336290ae016347ab7ad4500bfd2f48e2,False,,0.0,1.25,1.192829,1.192829
2026-09-14T11:00,2026-09-22,2026-09-22-35723106503,business-economy,5fff910c2f2148a4a11131085e702f4d89ed51a155968b97c374802533239f66,False,,0.0,1.25,1.191841,1.191841
2026-09-14T11:00,2026-09-22,2026-09-22-35723106503,business-economy,4513094a71905d95cec95372c41e44314ff3ad4242834f58fa50bccb4b68efbf,True,,0.0,1.25,1.1916,1.1916
2026-09-14T11:00,2026-09-22,2026-09-22-35723106503,business-economy,c273013759183985efd8a783bd6d919271f6c07058eb5d941145b76d697ef5f5,False,,0.0,1.25,1.191107,1.191107
2026-09-14T11:00,2026-09-22,2026-09-22-35723106503,business-economy,7a945166a470e3756a508d984f1911b4d32ce58ca40ebaf0afe89f27f0881994,False,,0.0,1.25,1.190955,1.190955
2026-09-14T11:00,2026-09-22,2026-09-22-35723106503,business-economy,436eefcef7b168c7569f2e5787852431d2432e6f9f2378eeb55064251a4c7b2d,True,,0.0,1.25,1.190759,1.190759
2026-09-14T11:00,2026-09-22,2026-09-22-35723106503,business-economy,d2878ce642c3094275400e17c77550f0bfb39977beb99cad0414e5d9a44e2dd8,False,,0.0,1.25,1.190519,1.190519
2026-09-14T11:00,2026-09-22,2026-09-22-35723106503,business-economy,ad1e1d607dbe6faafa6b3a6b54d7a04190d05aba31c7a6d959111884f825027e,False,,0.0,1.25,1.190191,1.190191
2026-09-14T11:00,2026-09-22,2026-09-22-35723106503,business-economy,2f6fd56aa818a4cb3269d651f1b72b9ffaa9e3e4dad3e87c07ac28d247ed086c,False,,0.0,1.25,1.189182,1.189182
2026-09-14T11:00,2026-09-22,2026-09-22-35723106503,business-economy,f56dfe7ad09d18d052bc16b197ac113355f9e30e1307440d0906a1cd7d9197f5,False,,0.0,1.25,1.188854,1.188854
2026-09-14T11:00,2026-09-22,2026-09-22-35723106503,business-economy,731a4d9dcbfb9ceae1eaa0e4e1c5d539ce11a9f2beacb16b73eeab81a4aa9f99,False,,0.0,1.25,1.188011,1.188011
2026-09-14T11:00,2026-09-22,2026-09-22-35723106503,business-economy,baa328fb08c823f22cbeee81e16f14acdf5ea36e360904b91adf43fa8ba2d81c,True,,0.0,1.25,1.182128,1.182128
2026-09-14T11:00,2026-09-22,2026-09-22-35723106503,world,5b2812601e0c1fb9d9a94e927d190cf417bea6f6442581934a267f3fed179d85,False,,0.0,1.25,1.668461,1.668461
2026-09-14T11:00,2026-09-22,2026-09-22-35723106503,world,707e751c5880583480eb7a89c5919946adcc92d597e8135ded7acf2afef88fce,True,,0.0,1.25,1.628678,1.628678
2026-09-14T11:00,2026-09-22,2026-09-22-35723106503,world,1dda83ae1da341e064898704173a0d672ea03af122bb964486647264517dee3d,True,,0.0,1.25,1.516707,1.516707
2026-09-14T11:00,2026-09-22,2026-09-22-35723106503,world,46d18bf8319d981155276b092faefae3c3ed7538fe6291c2471fab81cd52ca3c,True,,0.0,1.25,1.504047,1.504047
2026-09-14T11:00,2026-09-22,2026-09-22-35723106503,world,7d156bfb1c9dd870ce6c0158d444e4ce43e9b38aabefed4fb2b2d57e5c8ab982,False,,0.0,1.25,1.460772,1.460772
2026-09-14T11:00,2026-09-22,2026-09-22-35723106503,world,838ad984fb450dffc45c8003096cd0d80430ec34d2e70d1a801526a02d64bd79,True,trade,0.3,1.25,1.449992,1.524992
2026-09-14T11:00,2026-09-22,2026-09-22-35723106503,world,0ba7c97792c5e9feca62e50af287b4aa7c7ede6db7a2781607e21df80fd70dde,True,trade,0.3,1.25,1.415068,1.490068
2026-09-14T11:00,2026-09-22,2026-09-22-35723106503,world,89806a1a23e2daf8303a539665e96e1576504982543f6015673b94caa7f0211d,True,,0.0,1.25,1.271198,1.271198
2026-09-14T11:00,2026-09-22,2026-09-22-35723106503,world,ff125e67e39f505075d1fac91823331ac3dd6a8c7b28566b8d421699b6881073,True,,0.0,1.25,1.270086,1.270086
2026-09-14T11:00,2026-09-22,2026-09-22-35723106503,world,03d199698f43b9b05109329a315d54a32ecf48941fd2b30926962dfd6da250d0,True,,0.0,1.25,1.27004,1.27004
2026-09-14T11:00,2026-09-22,2026-09-22-35723106503,world,f81220c8dbac8c78b0a56739ea6f3e7650ab807fdb6bfdaed36d7b9b486724cc,False,,0.0,1.25,1.269976,1.269976
2026-09-14T11:00,2026-09-22,2026-09-22-35723106503,world,c440a20f79ce9d30a6695b9955ec76a08e0f16593122297089d96abdc4806a5b,True,,0.0,1.25,1.26773,1.26773
2026-09-14T11:00,2026-09-22,2026-09-22-35723106503,world,39384c6d83d161f3bd6019a8269f286ed866a71f3aecf196df01a1e9aa898bb1,False,,0.0,1.25,1.267141,1.267141
2026-09-14T11:00,2026-09-22,2026-09-22-35723106503,world,596d78ee2030ab79603f00b05e12324b646d151b896fe8eea716d663ebfe81b7,False,,0.0,1.25,1.261053,1.261053
2026-09-14T11:00,2026-09-22,2026-09-22-35723106503,world,63313cf25fc063f0099c0536928c7af2a6ed82f621892d5184c415868b6cb736,False,,0.0,1.25,1.261053,1.261053
2026-09-14T11:00,2026-09-22,2026-09-22-35723106503,world,63a9794aaebbc34dc139283eda7b7dfc159c8ccddedc84dc7519b7d3b220d7b4,False,,0.0,1.25,1.260917,1.260917
2026-09-14T11:00,2026-09-22,2026-09-22-35723106503,world,083c045b91a2a34c04847b9f795ee9cf7ae78d07ec8eb9bdbf25a6ceae27d60e,False,,0.0,1.25,1.260917,1.260917
2026-09-14T11:00,2026-09-22,2026-09-22-35723106503,world,30a45e199eeeb4a99abb803395d1a6261121d53ad2a8d17d459fff182b37b711,False,,0.0,1.25,1.260825,1.260825
2026-09-14T11:00,2026-09-22,2026-09-22-35723106503,world,38b4907248f76c28e7316193f056eaf89738eb58d8fb93404d179b621e513d55,False,,0.0,1.25,1.254805,1.254805
2026-09-14T11:00,2026-09-22,2026-09-22-35723106503,world,6ad4e11a7b2b367f4eff2b56306b4e0df057aafdd4cdf89de13fb13b9861b28c,False,,0.0,1.25,1.254761,1.254761
2026-09-14T11:00,2026-09-22,2026-09-22-35723106503,world,07714874e43dd8b458cad4d24a46400eca6fbb149e842800cb85aac7386ba46e,False,,0.0,1.25,1.244511,1.244511
2026-09-14T11:00,2026-09-22,2026-09-22-35723106503,world,120a02a16027c9902c2067a47d439071562a56b1ad49be6f7c03e0712a8dc151,False,,0.0,1.25,1.243514,1.243514
2026-09-14T11:00,2026-09-22,2026-09-22-35723106503,world,3450fd0e4c424ef55e0fe306bd184b5bba5e44a916ac44ca81d321e0eac5bcf3,False,,0.0,1.25,1.242729,1.242729
2026-09-14T11:00,2026-09-22,2026-09-22-35723106503,world,eb3f876f59a942b65df46c9bf1d86a2a381b8cdadce471db7ba5c307352f9af9,False,,0.0,1.25,1.242596,1.242596
2026-09-14T11:00,2026-09-22,2026-09-22-35723106503,world,456af031e6ed2551db8ae08e7f4c8187e50f4823f56b66a6d67e973842bb8a07,False,,0.0,1.25,1.241617,1.241617
2026-09-14T11:00,2026-09-22,2026-09-22-35723106503,world,73937446b4e6586a5b3f5a66022ff6f048f183aba17dfd4ab1a73969b59ebedc,False,,0.0,1.25,1.238722,1.238722
2026-09-14T11:00,2026-09-22,2026-09-22-35723106503,world,1b14ee4afccb89f21672c6a0c8ecefb8d558a9d22bb85a6f491c982617d5493a,True,,0.0,1.25,1.199904,1.199904
2026-09-14T11:00,2026-09-22,2026-09-22-35723106503,world,82a832e594fb9172b4d66ab076f169128594f63980f7e5eb3257d400188f9f97,False,,0.0,1.25,1.198167,1.198167
2026-09-14T11:00,2026-09-22,2026-09-22-35723106503,world,09af518f13deebebf35f0f203cf91619d57f2d6a5491ad9085af93ca30c583f2,True,,0.0,1.25,1.197336,1.197336
2026-09-14T11:00,2026-09-22,2026-09-22-35723106503,world,d55a14acd1a6d0954f114d66502b13efa1c2f6d9d3757231978598fd87c5ecbd,False,,0.0,1.25,1.196136,1.196136
2026-09-14T11:00,2026-09-22,2026-09-22-35723106503,world,b87c6b1d0dfd16c4d23d3fd560f62dd96044b5b22e90c22eaf1c3518b60a1723,True,,0.0,1.25,1.19611,1.19611
2026-09-14T11:00,2026-09-22,2026-09-22-35723106503,world,8a79c329e723b4c70aeb6440e2019969ad23c5b3a7c98ad7d493523c0309451d,True,,0.0,1.25,1.195486,1.195486
2026-09-14T11:00,2026-09-22,2026-09-22-35723106503,world,89d534e2bd2edf99332f6b28355a479e932fd03d0d3e921e226e9c749624ffb2,True,,0.0,1.25,1.19539,1.19539
2026-09-14T11:00,2026-09-22,2026-09-22-35723106503,world,bf03452a21efe029b2fd6299644ceb100712574eaa3ce691574cb042f3c95968,False,,0.0,1.25,1.194913,1.194913
2026-09-14T11:00,2026-09-22,2026-09-22-35723106503,world,518d6f57f4bad247c53ae264ebfd0f32a5a6df58bc5f758ac11af5754a3685e8,True,,0.0,1.25,1.192538,1.192538
2026-09-14T11:00,2026-09-22,2026-09-22-35723106503,india,380c36d54077e4ac8e2903e6927f7f7bc37a46f2e4d4dc2a076480e6d7ec195f,True,chips,0.3,1.25,1.916966,1.991966
2026-09-14T11:00,2026-09-22,2026-09-22-35723106503,india,8737e2de875a172f199e1935d03326209f37c26350133440e7054e9d80e09971,True,,0.0,1.25,1.694468,1.694468
2026-09-14T11:00,2026-09-22,2026-09-22-35723106503,india,f2d45df3916dc97d4156c33cc33d731dc4911766cc48892db4391b04a4c1aba6,True,,0.0,1.25,1.69155,1.69155
2026-09-14T11:00,2026-09-22,2026-09-22-35723106503,india,ae57ded01f8feba98d035fb1185a289cdceeb3a62ab70cd828e4c66408c1aba9,False,,0.0,1.25,1.689692,1.689692
2026-09-14T11:00,2026-09-22,2026-09-22-35723106503,india,81606c869681413874bd95e247eb22240aee8c46be32632b69a7fb02721d456c,True,,0.0,1.25,1.680666,1.680666
2026-09-14T11:00,2026-09-22,2026-09-22-35723106503,india,41bf855138c350c3e35e2ce4edfc980799cad084094ba33d450e3012d31c1a70,True,,0.0,1.25,1.651322,1.651322
2026-09-14T11:00,2026-09-22,2026-09-22-35723106503,india,ea15bc6b60a92a99b7b1d466660b61457f5834d9d5799566acf0242b1c557057,True,,0.0,1.25,1.650886,1.650886
2026-09-14T11:00,2026-09-22,2026-09-22-35723106503,india,077782e8691fc96e1fa66f1ce0cdca1a243bdf2925b5ed3190b72e9e74ea2e6d,True,,0.0,1.25,1.63922,1.63922
2026-09-14T11:00,2026-09-22,2026-09-22-35723106503,india,a1b38aa6aab99a203eebcd8427f5ba438a1a4c46672d7d4fc61be73840c8801f,True,,0.0,1.25,1.635822,1.635822
2026-09-14T11:00,2026-09-22,2026-09-22-35723106503,india,fccde73cfa3a288eb75dc17d30fd033c1b64446ea7ac7e542c05af5ad5d2c6a6,True,,0.0,1.25,1.630854,1.630854
2026-09-14T11:00,2026-09-22,2026-09-22-35723106503,india,d91a41e3411bece0873116f79ff66de62045b14b9a11ff2e5259bc319b10e0bd,False,,0.0,1.25,1.630132,1.630132
2026-09-14T11:00,2026-09-22,2026-09-22-35723106503,india,d89cfdfac9e3f9590df724733ee0d2fc34dfcb44704db518bbc284d79217c9f8,True,,0.0,1.25,1.625351,1.625351
2026-09-14T11:00,2026-09-22,2026-09-22-35723106503,india,bc9b55252a318bbfd0935d6a27e297de39a304d6721a789bbf76e6479975bb15,True,,0.0,1.25,1.62369,1.62369
2026-09-14T11:00,2026-09-22,2026-09-22-35723106503,india,12898cf9841114811a72570b58ebfae3d10cd46bd56b7840702b3a37dcdb17a8,False,,0.0,1.25,1.618107,1.618107
2026-09-14T11:00,2026-09-22,2026-09-22-35723106503,india,fd42c8458cc87e903c9f1205b6e40729d99079fc47e823ee9fd94a08db2ddaab,True,,0.0,1.25,1.612446,1.612446
2026-09-14T11:00,2026-09-22,2026-09-22-35723106503,india,74c718e0245c9ba5f5aff8673dbcc43f59618dd454c19bb340bcf48cbcae9d79,True,,0.0,1.25,1.445505,1.445505
2026-09-14T11:00,2026-09-22,2026-09-22-35723106503,india,b222382b9c9093a8a1ad7db5e4b204efd99877114fe4d14eaf48f0b7e458a2a3,True,,0.0,1.25,1.445397,1.445397
2026-09-14T11:00,2026-09-22,2026-09-22-35723106503,india,6b4c127e759041a1a23e72d226eeb056d9a472a013468ff70c3e6a584d4ec84f,False,,0.0,1.25,1.442303,1.442303
2026-09-14T11:00,2026-09-22,2026-09-22-35723106503,india,a2f22ff7faf495d0dca1c2cd0289cc7e068d14a09c7bd527a8edc21e8e6ebe1c,False,,0.0,1.25,1.441626,1.441626
2026-09-14T11:00,2026-09-22,2026-09-22-35723106503,india,07e1cac46765335d5908144357e922cd64d3c55122593a1099630d7ed2d1d4d8,False,,0.0,1.25,1.440646,1.440646
2026-09-14T11:00,2026-09-22,2026-09-22-35723106503,india,b6c4cf3d0e9deb2e292e1719da5f6531106e187d743c08d0cfdec9ea9e43ee21,False,,0.0,1.25,1.440248,1.440248
2026-09-14T11:00,2026-09-22,2026-09-22-35723106503,india,1a657e41159ca6bc5d7f58dff03c3766cda80433753fdbeaa3e544691b6571ba,False,,0.0,1.25,1.438659,1.438659
2026-09-14T11:00,2026-09-22,2026-09-22-35723106503,india,d659fc013a280027fdccb7869499fab492d8b3d9219a791087d3fd59e6c314de,False,,0.0,1.25,1.436723,1.436723
2026-09-14T11:00,2026-09-22,2026-09-22-35723106503,india,ccc8fb5527ce6723ce30935fa28b9e6dec6298ca27eaba81583fe9e9fe934d0f,False,,0.0,1.25,1.436258,1.436258
2026-09-14T11:00,2026-09-22,2026-09-22-35723106503,india,199bbacaf1a1d286f3a5a59f0fe11845fb3807f46855fae8125d21643e809365,False,,0.0,1.25,1.435594,1.435594
2026-09-14T11:00,2026-09-22,2026-09-22-35723106503,india,afaecaeb874a3f84943f22a3179a8e92b8b52bc19906e1616370703d34c316a9,False,,0.0,1.25,1.434624,1.434624
2026-09-14T11:00,2026-09-22,2026-09-22-35723106503,india,3b42dcf63a9b5bea081ada3a66056389c399c7728ecc8f217af715801ebd21ac,False,,0.0,1.25,1.433013,1.433013
2026-09-14T11:00,2026-09-22,2026-09-22-35723106503,india,9c4c272c778a1014e3f1603270d5e61ef930dc42cd74c59823ce2aeda9698c3c,False,,0.0,1.25,1.432994,1.432994
2026-09-14T11:00,2026-09-22,2026-09-22-35723106503,india,a8a38f691787b7a334988f0067e8e961a0274c2235ff9cdecb8c4c51b8a1687b,False,,0.0,1.25,1.432601,1.432601
2026-09-14T11:00,2026-09-22,2026-09-22-35723106503,india,0aaca05bb8bca6130d4ef17dcb384d99449780f72184e59e5adb7df45dba96af,False,,0.0,1.25,1.432059,1.432059
2026-09-14T11:00,2026-09-22,2026-09-22-35723106503,india,9601dc3eb08db63195444b9cf17acb17e9e3157a45ff0a84d801199da2aa7192,False,,0.0,1.25,1.431039,1.431039
2026-09-14T11:00,2026-09-22,2026-09-22-35723106503,india,384d52602cf757f6e49c06550ba4a6b4d0be5166b33dad0920ae6b88a837c7af,False,,0.0,1.25,1.430443,1.430443
2026-09-14T11:00,2026-09-22,2026-09-22-35723106503,india,72f33e3a72066d109469788059dfa487e1ec66a22b400e99b172edec90b28877,False,,0.0,1.25,1.428688,1.428688
2026-09-14T11:00,2026-09-22,2026-09-22-35723106503,india,40adf3af4bc19dc137351d727ebda57c1c23fbd13db9a2738720302a9b17600b,False,,0.0,1.25,1.428373,1.428373
2026-09-14T11:00,2026-09-22,2026-09-22-35723106503,india,bad43c928d70477063d3b475337fa93a0fb6c208b1c31826801398109ff71080,True,,0.0,1.25,1.428224,1.428224
2026-09-14T11:00,2026-09-22,2026-09-22-35723106503,india,b68e56888d73308e415b67b64c37c4266312496da638d46407c3a5b009cbd111,True,,0.0,1.25,1.421889,1.421889
2026-09-14T11:00,2026-09-22,2026-09-22-35723106503,india,92078ebd728397351d7f3c018d1d9efa37f996c924077f70a5e86ebf8643c152,True,,0.0,1.25,1.335593,1.335593
2026-09-14T11:00,2026-09-22,2026-09-22-35723106503,india,6dc054c6bd50408d697eaea6e1cb5809b46e7b5e965d5ac7aba7be12ca29ef2c,True,,0.0,1.25,1.2,1.2
2026-09-14T11:00,2026-09-22,2026-09-22-35723106503,india,6d2667befaf1023410fd21261d17dcff41d6d9da7be4ef8f6365e2755a09f6ee,True,,0.0,1.25,1.198859,1.198859
2026-09-14T11:00,2026-09-22,2026-09-22-35723106503,india,79297a15074a5893969a6a0945accf904c4f09cb245df40a0df2456503c01320,True,,0.0,1.25,1.197074,1.197074
2026-09-14T11:00,2026-09-22,2026-09-22-35723106503,india,13459620dc01f4f41a3d3915f6901445e1a86e2946d4f5abb40e61376e51e424,True,,0.0,1.25,1.196385,1.196385
2026-09-14T11:00,2026-09-22,2026-09-22-35723106503,india,d55a14acd1a6d0954f114d66502b13efa1c2f6d9d3757231978598fd87c5ecbd,True,,0.0,1.25,1.196136,1.196136
2026-09-14T11:00,2026-09-22,2026-09-22-35723106503,india,5c88e76207c64b4e853ae642b51e52856778702313d748aa3d915d4baf2ad90a,True,,0.0,1.25,1.195327,1.195327
2026-09-14T11:00,2026-09-22,2026-09-22-35723106503,india,ecdafc4b85f9f12e9aafbaac61d0011ecba142a10efbf973bf3a19c6d218e5ed,True,,0.0,1.25,1.192639,1.192639
2026-09-14T11:00,2026-09-22,2026-09-22-35723106503,india,9f086262e7f42bf5068aca152908fdde5769794d7a1d6bca32d018709f34846c,True,,0.0,1.25,1.186748,1.186748
2026-09-14T11:00,2026-09-22,2026-09-22-35723106503,india,f8a3f462f479c4e5c2eec56c6fefc4de37b9d1ded4aed9cc2b45c8123eadece4,True,,0.0,1.25,1.186218,1.186218
2026-09-14T11:00,2026-09-22,2026-09-22-35723106503,india,6d59c983997f075212373cf06e1fa08a6b4f8a81efb215f612320b71e3c85e52,True,,0.0,1.25,1.185976,1.185976
2026-09-14T11:00,2026-09-22,2026-09-22-35723106503,india,e4ed662f75f709b8d3b673fe645985af972d2a6d4ce6dd67e90df741520cb684,True,,0.0,1.25,1.185187,1.185187
2026-09-14T11:00,2026-09-22,2026-09-22-35723106503,india,2939b9a907d0070dfbf27aa432912d1df9736d35580e62463817f55077f5d686,True,,0.0,1.25,1.185124,1.185124
2026-09-14T11:00,2026-09-22,2026-09-22-35723106503,india,e33c956bb8dd884a6f86de4cc89b9702d95e5a87c7239071c5413d13072aa73f,True,,0.0,1.25,1.182988,1.182988
2026-09-14T11:00,2026-09-22,2026-09-22-35743751882,ai,cd268d2cc427c0d1993ee0ff41db3f34b937d7a17259029856a2b692fa2b7033,True,,0.0,1.25,2.056846,2.056846
2026-09-14T11:00,2026-09-22,2026-09-22-35743751882,ai,33fd00ceaa5855dfc4011f4cc2a7f4c1a08e8a07efbd4bd4a203462236d1fcaa,True,,0.0,1.25,2.036045,2.036045
2026-09-14T11:00,2026-09-22,2026-09-22-35743751882,ai,7a362fd0719547651d5e3f88800a7ba2923e72baccbdf1ff9031fc35feeb0b57,True,,0.0,1.25,2.03581,2.03581
2026-09-14T11:00,2026-09-22,2026-09-22-35743751882,ai,a5b0e93bc760868f8b23ae7f3bcb0b4bb009ab8f6d250bd8e0ca03e4c6874ec8,True,,0.0,1.25,1.655816,1.655816
2026-09-14T11:00,2026-09-22,2026-09-22-35743751882,ai,a3b110ebbbe08d38ca3ce697050fc241c660274868b7da44af48a642ea24c54f,True,,0.0,1.25,1.631023,1.631023
2026-09-14T11:00,2026-09-22,2026-09-22-35743751882,ai,2fb8615f53a0e2b565ffb7dcec009583a3838c6b27b0651b71f76233d4e1e8b9,True,,0.0,1.25,1.5995,1.5995
2026-09-14T11:00,2026-09-22,2026-09-22-35743751882,ai,6b56ea2abcffb6b1d428e3b672318a2486bbec5f5a8b33bb7f6abcea85af183a,True,,0.0,1.25,1.595664,1.595664
2026-09-14T11:00,2026-09-22,2026-09-22-35743751882,ai,3cc1813315aa138027073ac9307094e4c71b0c9beac5664ebfa7cc0a29a52a71,True,,0.0,1.25,1.573273,1.573273
2026-09-14T11:00,2026-09-22,2026-09-22-35743751882,ai,8b02dcc5cc3fa5621197fd9c8481e46fb4923f6c1051b74d171d153933d8c19c,True,,0.0,1.25,1.555186,1.555186
2026-09-14T11:00,2026-09-22,2026-09-22-35743751882,ai,0deebe3744edecf1baa0ee76f135f4ada57d3f89a5c501da9b8779df0abdfcd0,True,,0.0,1.25,1.536917,1.536917
2026-09-14T11:00,2026-09-22,2026-09-22-35743751882,ai,41d289d0c13eec5adffc0f81edf58ba5b47b7d19de26388e6017dc79d0ab6b49,False,,0.0,1.25,1.53581,1.53581
2026-09-14T11:00,2026-09-22,2026-09-22-35743751882,ai,81c24e81150b03d9672adfb13ceef825d8e514e70922b3f93db8d1d43e075f37,False,,0.0,1.25,1.530677,1.530677
2026-09-14T11:00,2026-09-22,2026-09-22-35743751882,ai,14a70449b563798521e4d3e988cd0664a622099a077ca25a46de5c0baedac2fb,False,,0.0,1.25,1.500892,1.500892
2026-09-14T11:00,2026-09-22,2026-09-22-35743751882,ai,3ead4ee884d8fe4b38ec15bdfb6d2692ae57c2a8333cb4f938c3d4bc89f55111,False,,0.0,1.25,1.474299,1.474299
2026-09-14T11:00,2026-09-22,2026-09-22-35743751882,ai,657e6e93ead4ae13a3e7a7434fc1751bf7ccd661899fcab358f7acd15d5be4dc,False,,0.0,1.25,1.409208,1.409208
2026-09-14T11:00,2026-09-22,2026-09-22-35743751882,ai,5f200c6b96e7223005becfa063e37543c256e43d32737306e6f1dbb81416521a,False,,0.0,1.25,1.374043,1.374043
2026-09-14T11:00,2026-09-22,2026-09-22-35743751882,ai,992d5f369841fe58cf76abd367d60600c4e623573c4fe6bcdc88dde6203616ad,False,,0.0,1.25,1.37165,1.37165
2026-09-14T11:00,2026-09-22,2026-09-22-35743751882,ai,3ee3a254bfd32a2d6ecec4cb4af03364cc90fe0c7860f74af7e447b925a323b4,False,,0.0,1.25,1.362928,1.362928
2026-09-14T11:00,2026-09-22,2026-09-22-35743751882,ai,4d27d877976856241a215e0e1c45248b56e9fdba5403680696d8fc818b03602e,False,,0.0,1.25,1.30738,1.30738
2026-09-14T11:00,2026-09-22,2026-09-22-35743751882,ai,6ea62994880b9063b1e6de49aa48eba084a403859713d5e1fac0b8606137f65a,True,,0.0,1.25,1.300713,1.300713
2026-09-14T11:00,2026-09-22,2026-09-22-35743751882,ai,495206d7704df907d48e5e830a77fe18aedf5b0fb19262d4324c0f55433fc233,True,,0.0,1.25,1.300713,1.300713
2026-09-14T11:00,2026-09-22,2026-09-22-35743751882,ai,5cc436640081ea78ecf2d185e5544d8c82d4d3d02dc6fb8c47e48f04d309bfa1,False,,0.0,1.25,1.300713,1.300713
2026-09-14T11:00,2026-09-22,2026-09-22-35743751882,ai,ec31c6c5e8b572879014655ce1672291be9a0748eed18490ff82ad2ecfda961e,False,,0.0,1.25,1.300713,1.300713
2026-09-14T11:00,2026-09-22,2026-09-22-35743751882,ai,333815725e6d34d3111741ee3d995010f184c727b70de54617a98adb6a0bd44a,False,,0.0,1.25,1.300713,1.300713
2026-09-14T11:00,2026-09-22,2026-09-22-35743751882,ai,eace56355d6a7ac6de6e06327ba0c8fc3ba50f7016d6f84b88d85f4fe48151b7,False,,0.0,1.25,1.300713,1.300713
2026-09-14T11:00,2026-09-22,2026-09-22-35743751882,ai,3933b35f9c9a071ff43aa11a75d1bbebdca320f572627cc549e22ba4f7e42688,False,,0.0,1.25,1.300713,1.300713
2026-09-14T11:00,2026-09-22,2026-09-22-35743751882,ai,3d7eabbffd15a6716f0a0bd0b221b8af0fb8bc9415057e1c6b70fd8b86f050c5,True,,0.0,1.25,1.2,1.2
2026-09-14T11:00,2026-09-22,2026-09-22-35743751882,ai,3412ff426fef6de38dca923b3829fc2355f7cdcff2c500ccb63dcc1aaafa16d9,True,,0.0,1.25,1.2,1.2
2026-09-14T11:00,2026-09-22,2026-09-22-35743751882,ai,0fab534c6c123d125619a4e7c8f639de82f3fe1bb15198f32e8a25da66aa1ed4,True,,0.0,1.25,1.198212,1.198212
2026-09-14T11:00,2026-09-22,2026-09-22-35743751882,ai,82a832e594fb9172b4d66ab076f169128594f63980f7e5eb3257d400188f9f97,True,,0.0,1.25,1.196736,1.196736
2026-09-14T11:00,2026-09-22,2026-09-22-35743751882,ai,1eab844e19f68963bdb8ec6008a70e3a138e6f034d02b68358622df9ab2eb919,False,,0.0,1.25,1.189957,1.189957
2026-09-14T11:00,2026-09-22,2026-09-22-35743751882,ai,1aa815b5526c3132bea8cab2a1791dea06af29db38190b59984dd5fabfdcf281,False,,0.0,1.25,1.184305,1.184305
2026-09-14T11:00,2026-09-22,2026-09-22-35743751882,ai,48d6b4daa4997f3a94d3f844de7216c725fd188f7741ae841bdd6401aca73209,False,,0.0,1.25,1.178707,1.178707
2026-09-14T11:00,2026-09-22,2026-09-22-35743751882,ai,8967e2e7c84494b166bf4c75e186a30746ddda56497ccec40033326426d1a821,False,,0.0,1.25,1.17209,1.17209
2026-09-14T11:00,2026-09-22,2026-09-22-35743751882,ai,6a95d7e9e23e49949a43e9ac17b82a853ad46bcb6bd7e85347699b49a06205a0,False,,0.0,1.25,1.170502,1.170502
2026-09-14T11:00,2026-09-22,2026-09-22-35743751882,ai,b7d59e415cc5550bd7a1aaef9224b4ac7c1649620055bbddc065c27543c525da,False,,0.0,1.25,1.168005,1.168005
2026-09-14T11:00,2026-09-22,2026-09-22-35743751882,energy,50aa214c52588f56ab095762ee4c0243f158f10931ef2d4d3759a5070566a9be,True,,0.0,1.25,1.688722,1.688722
2026-09-14T11:00,2026-09-22,2026-09-22-35743751882,energy,76528d824a17f8172713f7546321911f9e46c3bd70bd00d6c2f899133711b33d,True,,0.0,1.25,1.673297,1.673297
2026-09-14T11:00,2026-09-22,2026-09-22-35743751882,energy,788693cc4f25b70edb342749db75fb6df6f9662260e68783c804cb6613c2c964,True,,0.0,1.25,1.65731,1.65731
2026-09-14T11:00,2026-09-22,2026-09-22-35743751882,energy,a0e9baee0f46966c23b29ec6dc3a49eff78a38d5993f01330a39836a387a54b7,True,,0.0,1.25,1.6518,1.6518
2026-09-14T11:00,2026-09-22,2026-09-22-35743751882,energy,adf98638b7dc91815eb7a44d3408e6e81fd375c0073017501dbc19db9527f830,True,,0.0,1.25,1.355988,1.355988
2026-09-14T11:00,2026-09-22,2026-09-22-35743751882,energy,00087f64db23c97619237b4d2dcd98680243032793e5b516a809bf8fe7850f24,False,,0.0,1.25,1.197227,1.197227
2026-09-14T11:00,2026-09-22,2026-09-22-35743751882,energy,28e2b771e6ab5146d2085851bbf90650849a74fae15786a296f72520b09c7ff4,True,,0.0,1.25,1.196321,1.196321
2026-09-14T11:00,2026-09-22,2026-09-22-35743751882,energy,433fb9ff6c2321ffafcf0d91881f5c4afd16e26b5ea85f7f7ee62b550602c70e,True,,0.0,1.25,1.195091,1.195091
2026-09-14T11:00,2026-09-22,2026-09-22-35743751882,energy,8d20c323112408c18539b1bd6dd755870d3d65c96f6233ee10bf8461f7e86f90,True,,0.0,1.25,1.19483,1.19483
2026-09-14T11:00,2026-09-22,2026-09-22-35743751882,energy,9340823209e654b8df709960e8b28af08684e9cbbeb7714ccb346f603a2dc22b,True,,0.0,1.25,1.192069,1.192069
2026-09-14T11:00,2026-09-22,2026-09-22-35743751882,energy,9efed94950b76b7709a894d8c6d96bb49c608106fcc0a036bf97fd341d3e97e5,True,,0.0,1.25,1.189957,1.189957
2026-09-14T11:00,2026-09-22,2026-09-22-35743751882,energy,9fa83b7c143fdd83826f30fc5166a1b9d3d74c7a3cb6f177e91fbc7c941014d7,True,,0.0,1.25,1.188917,1.188917
2026-09-14T11:00,2026-09-22,2026-09-22-35743751882,energy,46c83b15c3715b7d3aa5c69980e23c067c19316ce8bee2bc7096c4a34cd92cb7,True,,0.0,1.25,1.185857,1.185857
2026-09-14T11:00,2026-09-22,2026-09-22-35743751882,energy,8adc28e9be790c41b29e49d09d407459a2aa97eac836f3a0d36f9e6d0f6b3520,False,,0.0,1.25,1.184787,1.184787
2026-09-14T11:00,2026-09-22,2026-09-22-35743751882,energy,571840525dd8997d2410bed10f1c02781f3dce6ddca7306445406ab73df76996,False,,0.0,1.25,1.183693,1.183693
2026-09-14T11:00,2026-09-22,2026-09-22-35743751882,energy,8d833ba852b56ea18837b29e170fc7fd9bb3036720a4adef0726b5d3d881b8a1,False,,0.0,1.25,1.183481,1.183481
2026-09-14T11:00,2026-09-22,2026-09-22-35743751882,energy,970ded7687b8dd01389914d913ce2d555dccc49a6ec2a42b9d47ea57a3b54af8,True,,0.0,1.25,1.183225,1.183225
2026-09-14T11:00,2026-09-22,2026-09-22-35743751882,energy,b55e2c687481024d3e2c843f4579b8f8ffb5f0491131ca9d23946bb5ec0eb576,False,,0.0,1.25,1.18257,1.18257
2026-09-14T11:00,2026-09-22,2026-09-22-35743751882,energy,8de3e0d1d366e0d25f90bc2adfd2b5650da7d97f4f2dac7a41ab3737a198afbe,False,,0.0,1.25,1.178707,1.178707
2026-09-14T11:00,2026-09-22,2026-09-22-35743751882,energy,ea6309ebbe416743dd7c71d27c5fb7fd2156110fbf1e5d4a637011c89308d62b,False,,0.0,1.25,1.178707,1.178707
2026-09-14T11:00,2026-09-22,2026-09-22-35743751882,energy,5a266e8a8c19e9e2fb992a9ab345568ec5ba21fb4aea49a1a81a45fc4c3608fe,False,,0.0,1.25,1.17143,1.17143
2026-09-14T11:00,2026-09-22,2026-09-22-35743751882,energy,e0ec4b8ec7949e3f2f9bb7b4d6f2a1472fe116c697352b4ebfecbdde3f573a95,False,,0.0,1.25,1.170227,1.170227
2026-09-14T11:00,2026-09-22,2026-09-22-35743751882,energy,ff84b9065774d2c09acb306311d8756399269879b624d98a3d2bad4c8142c1b4,False,,0.0,1.25,1.163316,1.163316
2026-09-14T11:00,2026-09-22,2026-09-22-35743751882,energy,59958f8616ba3b9232ac3b386ab652dbbbea7203ba46e0b1b7da4ecdec9c0072,False,,0.0,1.25,1.157692,1.157692
2026-09-14T11:00,2026-09-22,2026-09-22-35743751882,energy,f809128e81b90dbda17ce40ae9a504f6e8b1d6348373956c3bc27d9df7f84062,False,,0.0,1.25,1.157638,1.157638
2026-09-14T11:00,2026-09-22,2026-09-22-35743751882,energy,a5e19cbbeba7a028463a0e24752e3d40823e940cf5de706f83bab1000d0204d4,False,,0.0,1.25,1.153354,1.153354
2026-09-14T11:00,2026-09-22,2026-09-22-35743751882,energy,def210e5f5f027fe93b91d51315909734e97a01b5ff321b8093f146e7f7d4cc9,False,,0.0,1.25,1.153117,1.153117
2026-09-14T11:00,2026-09-22,2026-09-22-35743751882,energy,bdce7637deb26eac700e0626dbe7c86001cabe0111ee7c4afd481ea39a6d0708,False,,0.0,1.25,1.146227,1.146227
2026-09-14T11:00,2026-09-22,2026-09-22-35743751882,energy,0bdd1b9221f33c9fd982af4054739bdde4752b4449684d202102255a305e7c9f,False,,0.0,1.25,1.145205,1.145205
2026-09-14T11:00,2026-09-22,2026-09-22-35743751882,energy,daf78b4e85fe0cbbb4f8622181a3d8bdb47c4b0731f14d40a7fdc5815731b8cd,False,,0.0,1.25,1.145018,1.145018
2026-09-14T11:00,2026-09-22,2026-09-22-35743751882,energy,d4b38cef719d6a0cff2693f4e20a9d663b52a29d1aca692a324e165a8fe85b69,False,,0.0,1.25,1.14372,1.14372
2026-09-14T11:00,2026-09-22,2026-09-22-35743751882,energy,dc91e0d2194c511d3380fa18307cd68454de6d5da1979a05ce78512d2daa4c59,False,,0.0,1.25,1.142013,1.142013
2026-09-14T11:00,2026-09-22,2026-09-22-35743751882,energy,853a0131aae707d90f4194a58bb7773b17b387cfb7736068e487007709fdb84b,False,,0.0,1.25,1.139935,1.139935
2026-09-14T11:00,2026-09-22,2026-09-22-35743751882,business-economy,cfbf8d9b2498a672ea1cbc46a4f13d0ac41403b31662459cdb1df087f06124bd,True,,0.0,1.25,1.689989,1.689989
2026-09-14T11:00,2026-09-22,2026-09-22-35743751882,business-economy,145bafa57368f535731b5ca1bea9dd3ef5178486fd6cfaece52c42849fb67976,True,,0.0,1.25,1.682726,1.682726
2026-09-14T11:00,2026-09-22,2026-09-22-35743751882,business-economy,99cd9068278f5db6f8b6548b864ad18339522391e3da488c42d6788905718973,True,,0.0,1.25,1.674636,1.674636
2026-09-14T11:00,2026-09-22,2026-09-22-35743751882,business-economy,8728f8f1b0943a28e2cb6110b53553e7687dfd7f06a34642988b5180db64524a,True,,0.0,1.25,1.670148,1.670148
2026-09-14T11:00,2026-09-22,2026-09-22-35743751882,business-economy,a3b110ebbbe08d38ca3ce697050fc241c660274868b7da44af48a642ea24c54f,False,,0.0,1.25,1.631023,1.631023
2026-09-14T11:00,2026-09-22,2026-09-22-35743751882,business-economy,5fd4fa5bc20ab3382a75f8df5527e4547103d3aa280f19ca13189f2c8d56f837,True,,0.0,1.25,1.622101,1.622101
2026-09-14T11:00,2026-09-22,2026-09-22-35743751882,business-economy,cf62d5b8bef690ec002323fcfdd5b8c9d6ead774b5725078b55b6b24b32509c0,True,,0.0,1.25,1.602722,1.602722
2026-09-14T11:00,2026-09-22,2026-09-22-35743751882,business-economy,cf8b56eac5871fcbb6e6e3ca92bf241f2e034172a0e009e7d5f925b1b0a6f789,True,,0.0,1.25,1.586183,1.586183
2026-09-14T11:00,2026-09-22,2026-09-22-35743751882,business-economy,de89cd5575d871ca27ef31193becf60c45effa4874a02b6e181b363dcb36b56b,True,,0.0,1.25,1.584948,1.584948
2026-09-14T11:00,2026-09-22,2026-09-22-35743751882,business-economy,4944b8609e4976b8d9381ba533b25fefd0796e6fc974044817250da8204788ed,True,,0.0,1.25,1.577655,1.577655
2026-09-14T11:00,2026-09-22,2026-09-22-35743751882,business-economy,df900d43ab873db9b626aa8ea8590fdb387996cb65dd460a1f938180bdc6a2ca,False,,0.0,1.25,1.573985,1.573985
2026-09-14T11:00,2026-09-22,2026-09-22-35743751882,business-economy,caef1eeaa21a77a182badfcb47166b0d046c0db7deaed04a87318268cb6b41ce,False,,0.0,1.25,1.546473,1.546473
2026-09-14T11:00,2026-09-22,2026-09-22-35743751882,business-economy,68311c8c295dec7391bff238cde619ae00268b622843872a2fef8c81b6fc10f8,True,,0.0,1.25,1.515569,1.515569
2026-09-14T11:00,2026-09-22,2026-09-22-35743751882,business-economy,cd352942b594ad6f05a6846a134f0db4aff9993a846bb7e8d078604971b6671b,False,trade,0.3,1.25,1.420857,1.495857
2026-09-14T11:00,2026-09-22,2026-09-22-35743751882,business-economy,f8288b2e0c0cc6e05fcd7e46d37a0281b7536aec5cc6d06e2fdeb494d4f38ce8,False,chips,0.3,1.25,1.392298,1.467298
2026-09-14T11:00,2026-09-22,2026-09-22-35743751882,business-economy,2e7c3b85fe3b107cf4f9b885cad43c9cd3fa2e41b67b7e1872d7e30e87c512dc,True,,0.0,1.25,1.2,1.2
2026-09-14T11:00,2026-09-22,2026-09-22-35743751882,business-economy,9c76951f763f0eb0dc6fd9933de08c0ca34ff5ba4fed1006221ae6e7bcb8ca45,False,,0.0,1.25,1.198731,1.198731
2026-09-14T11:00,2026-09-22,2026-09-22-35743751882,business-economy,fc1f04b2e232ac0253367b659e667f9e96e98430ac684c1ff49f84a25be5a2fd,True,,0.0,1.25,1.198519,1.198519
2026-09-14T11:00,2026-09-22,2026-09-22-35743751882,business-economy,62a4d31536317391e79607063a6bf10f0a3473f79a1f77f0fad84df30bb40115,False,,0.0,1.25,1.198193,1.198193
2026-09-14T11:00,2026-09-22,2026-09-22-35743751882,business-economy,28dbbb2bc9c5f7e3f3ca13380b70f392119f75ef2c23fbf66bfcb432b1fcd64c,False,,0.0,1.25,1.197835,1.197835
2026-09-14T11:00,2026-09-22,2026-09-22-35743751882,business-economy,ae44a80c95040ff2081853f0148b588d8ca53fd01d7d8734c48c859b968f95e4,False,,0.0,1.25,1.196991,1.196991
2026-09-14T11:00,2026-09-22,2026-09-22-35743751882,business-economy,b25b0b2680462c0be1ed7e81dc6161424f2f3ebea547922ddd361ded34eb57bd,False,,0.0,1.25,1.196953,1.196953
2026-09-14T11:00,2026-09-22,2026-09-22-35743751882,business-economy,18d7b8818a500de3107d891e781f09f53258092a78daae61a7db7b9aa3f189fa,False,,0.0,1.25,1.196429,1.196429
2026-09-14T11:00,2026-09-22,2026-09-22-35743751882,business-economy,b4edc589082aa165da473e3a38895755be36b7d98433a423e03eaeb5cf91a3b6,False,,0.0,1.25,1.196264,1.196264
2026-09-14T11:00,2026-09-22,2026-09-22-35743751882,business-economy,f7205436966eeb89c4be344dbb720651af478a56db501c1a6b1473b89f4d16c9,False,,0.0,1.25,1.196238,1.196238
2026-09-14T11:00,2026-09-22,2026-09-22-35743751882,business-economy,84d28931ac04a54474bbe493b2434ba6f34e0030d72c49964bb30e012840b39b,False,,0.0,1.25,1.19539,1.19539
2026-09-14T11:00,2026-09-22,2026-09-22-35743751882,business-economy,a4f6df4c2c70e355674d274036a73ace803655abec9efcc28c5c2584bf08226c,False,,0.0,1.25,1.195168,1.195168
2026-09-14T11:00,2026-09-22,2026-09-22-35743751882,business-economy,e0b3118c0718d575e0fc92988a7078c0b7fbd84d8b2a48fc04368b51f5b52992,False,,0.0,1.25,1.193267,1.193267
2026-09-14T11:00,2026-09-22,2026-09-22-35743751882,business-economy,fa18897a3d8454f754fae3190129ff76d23ff9d73d251328aa44a7b0d1b019bd,True,,0.0,1.25,1.192766,1.192766
2026-09-14T11:00,2026-09-22,2026-09-22-35743751882,business-economy,09c81ef999ffb6f13b4b79314798c102ee6ebb780bf23e6db7321c9f382f10e8,True,,0.0,1.25,1.191455,1.191455
2026-09-14T11:00,2026-09-22,2026-09-22-35743751882,business-economy,b01260fffaa0f51b35688794a26888e1c5dac6a2a35e5647105d6d0dab5fe57d,True,,0.0,1.25,1.190652,1.190652
2026-09-14T11:00,2026-09-22,2026-09-22-35743751882,business-economy,dab0be514191c878135fdd29627bca905abab7768f4d995fe795002110b9be05,False,,0.0,1.25,1.190279,1.190279
2026-09-14T11:00,2026-09-22,2026-09-22-35743751882,business-economy,d20a269f9b5f62afdd5e6e56ea19b56b2a3f80b0c3d9cb6d3fee1a2448f5c596,False,,0.0,1.25,1.189989,1.189989
2026-09-14T11:00,2026-09-22,2026-09-22-35743751882,business-economy,bcf0ad2ae6b120eca0f58c6320f03b5a750bc3b1480302c2a2c35e1da3041dac,False,,0.0,1.25,1.189774,1.189774
2026-09-14T11:00,2026-09-22,2026-09-22-35743751882,business-economy,ef33f0c3af72ff58d40f1fb2eb63d7e08c5961f46c4f8ba0416368d68c5643b1,False,,0.0,1.25,1.189541,1.189541
2026-09-14T11:00,2026-09-22,2026-09-22-35743751882,world,8728f8f1b0943a28e2cb6110b53553e7687dfd7f06a34642988b5180db64524a,False,,0.0,1.25,1.670148,1.670148
2026-09-14T11:00,2026-09-22,2026-09-22-35743751882,world,267dbb9736cc9a18ba5dfce141bd7b6bab52c3412088c3f68d2e6d86a1d52896,True,,0.0,1.25,1.654673,1.654673
2026-09-14T11:00,2026-09-22,2026-09-22-35743751882,world,bf03452a21efe029b2fd6299644ceb100712574eaa3ce691574cb042f3c95968,True,,0.0,1.25,1.199512,1.199512
2026-09-14T11:00,2026-09-22,2026-09-22-35743751882,world,a4018a81bc12364b241dda2d18607a518607c308d7602bd3cb1052dd3590536b,True,,0.0,1.25,1.199442,1.199442
2026-09-14T11:00,2026-09-22,2026-09-22-35743751882,world,89d534e2bd2edf99332f6b28355a479e932fd03d0d3e921e226e9c749624ffb2,False,,0.0,1.25,1.198993,1.198993
2026-09-14T11:00,2026-09-22,2026-09-22-35743751882,world,c499f0e560cd8976fc05155603727571d758ec7e760fbeeda7a7ca8f4b2ba45a,True,,0.0,1.25,1.197892,1.197892
2026-09-14T11:00,2026-09-22,2026-09-22-35743751882,world,fe1d2ad077b881d411f5306a889f1240f3f58970e004044a3e5bbc91654d48c9,False,,0.0,1.25,1.19731,1.19731
2026-09-14T11:00,2026-09-22,2026-09-22-35743751882,world,b170545e75c2f238d9c4552fc1349f20c28eacf35dde7e0d549551ec9292d5ff,True,,0.0,1.25,1.196812,1.196812
2026-09-14T11:00,2026-09-22,2026-09-22-35743751882,world,82a832e594fb9172b4d66ab076f169128594f63980f7e5eb3257d400188f9f97,False,,0.0,1.25,1.196736,1.196736
2026-09-14T11:00,2026-09-22,2026-09-22-35743751882,world,3a5c50a6dacd10988cca604ac7c6d5d49a956b726bee255cfcbbcb73f14ac074,False,,0.0,1.25,1.195008,1.195008
2026-09-14T11:00,2026-09-22,2026-09-22-35743751882,world,cb0f569fee6b73cd4a03d3c38cd59911f1149f7dc90d39ea1805ba7ba8f6c6cb,True,,0.0,1.25,1.194773,1.194773
2026-09-14T11:00,2026-09-22,2026-09-22-35743751882,world,566e2e6116e77829ba3e8be4fc7fc6e3d9642d04cdb200af4879a40902ca8317,False,,0.0,1.25,1.192031,1.192031
2026-09-14T11:00,2026-09-22,2026-09-22-35743751882,world,82a939d4b9a24278a2b550456cc6f9a21da839f2acbc08582194039b0a383b24,True,,0.0,1.25,1.190551,1.190551
2026-09-14T11:00,2026-09-22,2026-09-22-35743751882,world,5100a042914409121f6a0865af21b27fc54b03caa794687e3affa961cfc11b7a,True,,0.0,1.25,1.188346,1.188346
2026-09-14T11:00,2026-09-22,2026-09-22-35743751882,world,9c9c794328d29bf9df4feff5dcdadaa5b18d0e19621e5b35c3e5d740744105f1,False,,0.0,1.25,1.187746,1.187746
2026-09-14T11:00,2026-09-22,2026-09-22-35743751882,world,7178f59ae30a148a93874d5984708ada2c5e155a1e6d30c8920412e48a101e12,False,,0.0,1.25,1.18767,1.18767
2026-09-14T11:00,2026-09-22,2026-09-22-35743751882,world,da898c588c0879dad5e7961ae48e714935b9cb847119969201bf3cd6f14c9e9e,False,,0.0,1.25,1.187558,1.187558
2026-09-14T11:00,2026-09-22,2026-09-22-35743751882,world,9d6cb2826d59b9f1470d27943fc23b4e0a30f63f6ad19ce55536f3e640d405cd,True,,0.0,1.25,1.186861,1.186861
2026-09-14T11:00,2026-09-22,2026-09-22-35743751882,world,338d25b0adf36dd06c6c089040a09f1e787f42972d307edc278c917cc6e04461,True,,0.0,1.25,1.185882,1.185882
2026-09-14T11:00,2026-09-22,2026-09-22-35743751882,world,524710f60bd4783834bb26517eac2cb57a2a2ae39b83e08151f0ab26977241ed,False,,0.0,1.25,1.185031,1.185031
2026-09-14T11:00,2026-09-22,2026-09-22-35743751882,world,3bdf567d91db851b9c9fd28899f6fb3fc48755fe4e90204b8ff2fbd7f7d3fdee,False,,0.0,1.25,1.184943,1.184943
2026-09-14T11:00,2026-09-22,2026-09-22-35743751882,world,1074b0e3e36eb950b6e947b0650993a2abb5b0198de760ad6495d306cb9571bc,False,,0.0,1.25,1.184636,1.184636
2026-09-14T11:00,2026-09-22,2026-09-22-35743751882,world,5b62abd08e44d86fd03d497cc560ee1b3c4c78a33b22c059a4b7ecd0048fea5e,True,,0.0,1.25,1.183181,1.183181
2026-09-14T11:00,2026-09-22,2026-09-22-35743751882,world,723f58fcaed41649b9a8fd46aa5e896812f2189c3da81ad9d04cdcef1be0ac5a,False,,0.0,1.25,1.182408,1.182408
2026-09-14T11:00,2026-09-22,2026-09-22-35743751882,world,60ddd29e0c77544019700d7ee0e2bf3e6e6f9333cdb4182225d140be688f8ee8,False,,0.0,1.25,1.181686,1.181686
2026-09-14T11:00,2026-09-22,2026-09-22-35743751882,world,804a43024cfe01d641756c5c2fb26feedd9c39f645dd89144d8a9ba450b1b7ca,False,,0.0,1.25,1.18135,1.18135
2026-09-14T11:00,2026-09-22,2026-09-22-35743751882,world,146b7d6de3b503421ef4f4b46c0da7d5123fae4215386c4cb01fc653078df5bb,False,,0.0,1.25,1.1813,1.1813
2026-09-14T11:00,2026-09-22,2026-09-22-35743751882,world,a1dd9c61c46ed2272908289f1221b9cfec9d082c5950124ef995afabb293eb50,False,,0.0,1.25,1.180604,1.180604
2026-09-14T11:00,2026-09-22,2026-09-22-35743751882,world,85f415db3c56ebcfde1c01177d203823a80c361c947039f4823d9c233fe53e8c,False,,0.0,1.25,1.18048,1.18048
2026-09-14T11:00,2026-09-22,2026-09-22-35743751882,world,7349418e3e61a4b9aa1245cd84564767c5dcf117f2c6666dc204fabf1e63c742,False,,0.0,1.25,1.180194,1.180194
2026-09-14T11:00,2026-09-22,2026-09-22-35743751882,world,2bf4c184eb9edec75773d10cb915a309168f33edc4a89cbb00724cd867fac44b,False,,0.0,1.25,1.179946,1.179946
2026-09-14T11:00,2026-09-22,2026-09-22-35743751882,india,8a1b408160cd0f5ac1c345749fc76ee5da138a3280b3c08da8056fbe0a57bbfb,True,,0.0,1.25,1.688136,1.688136
2026-09-14T11:00,2026-09-22,2026-09-22-35743751882,india,1c68d0fb6e809fd6418f02c1fb656ec60e1943929345b5bf9ce2c3e367bcfdc1,True,,0.0,1.25,1.680641,1.680641
2026-09-14T11:00,2026-09-22,2026-09-22-35743751882,india,d61413f673ced0173253d0db7a6223b445279636586794611bf3d7215ae2a637,True,,0.0,1.25,1.671503,1.671503
2026-09-14T11:00,2026-09-22,2026-09-22-35743751882,india,6fe433b1438144e4f0be764371b7e3139b961100e4ed77936d0b4480a637f08b,True,,0.0,1.25,1.666331,1.666331
2026-09-14T11:00,2026-09-22,2026-09-22-35743751882,india,58e354db1e4b4166deddd49f570174bed3d757006a79a0aeccf75d12f7b5d5ea,True,,0.0,1.25,1.664432,1.664432
2026-09-14T11:00,2026-09-22,2026-09-22-35743751882,india,4d53ad1f998f0a6f1a976f607bfe5f54556ff10da5ee89b010d2d9a6cee32160,True,,0.0,1.25,1.657251,1.657251
2026-09-14T11:00,2026-09-22,2026-09-22-35743751882,india,e735504bb5aa90e296d87a2286ed2aad594fb5d9718eac797288a625cedc2b6b,True,,0.0,1.25,1.6499,1.6499
2026-09-14T11:00,2026-09-22,2026-09-22-35743751882,india,b45477e854f60603c1a979d26e1f0d6d1c01d4e3979aaa63dc1a5996b27d0f94,True,,0.0,1.25,1.640646,1.640646
2026-09-14T11:00,2026-09-22,2026-09-22-35743751882,india,826318d4f9c0ded10a412d4b672015a5db64af0e882ff976935658ceaaf67801,False,,0.0,1.25,1.639693,1.639693
2026-09-14T11:00,2026-09-22,2026-09-22-35743751882,india,2c35abb5e9bb8007ddadfad936bc8e8564dc31fedae2b9e1c1c94cfb730a8fc1,False,,0.0,1.25,1.639081,1.639081
2026-09-14T11:00,2026-09-22,2026-09-22-35743751882,india,12898cf9841114811a72570b58ebfae3d10cd46bd56b7840702b3a37dcdb17a8,False,,0.0,1.25,1.558191,1.558191
2026-09-14T11:00,2026-09-22,2026-09-22-35743751882,india,0defb2670688265caf7924c40475bd1ec88493ab482e1355a52b7a7b18e91334,True,chips,0.3,1.25,1.490823,1.565823
2026-09-14T11:00,2026-09-22,2026-09-22-35743751882,india,6348f5de38674acb834b4517289bd58b707492fa56ff20a367309e7ab3443277,True,trade,0.3,1.25,1.474107,1.549107
2026-09-14T11:00,2026-09-22,2026-09-22-35743751882,india,278878e3a92cc5d0e32c41e638ba4e4c790163e7972e9b98d71fa53a0e1a31ba,True,trade,0.3,1.25,1.464576,1.539576
2026-09-14T11:00,2026-09-22,2026-09-22-35743751882,india,d2a165e2720ed47c8a73259cd3c9a69c5c13ca8f8ac823dc42e3872db555c67b,True,,0.0,1.25,1.45,1.45
2026-09-14T11:00,2026-09-22,2026-09-22-35743751882,india,87e86624c9b37fde733af35529be7974d6f879c9f3d42adc8f7490ee328d27eb,True,,0.0,1.25,1.45,1.45
2026-09-14T11:00,2026-09-22,2026-09-22-35743751882,india,2cd85ededcb4afb1c537f68da5a5d8ed3f458c479750876e8a29d87a176f625b,False,,0.0,1.25,1.45,1.45
2026-09-14T11:00,2026-09-22,2026-09-22-35743751882,india,7ef25676cc4e29ea3ff022db1b6129c52d4f21f66c45324c6a4df45c4d35151f,False,,0.0,1.25,1.449981,1.449981
2026-09-14T11:00,2026-09-22,2026-09-22-35743751882,india,dea80c931a4edad0df42b6a12d8c645650ea109265048a77a485342c0de21759,False,,0.0,1.25,1.44948,1.44948
2026-09-14T11:00,2026-09-22,2026-09-22-35743751882,india,e41d956d933b35f0c08f46fd933bd1a0b1aac9bc8975618f92ca2d9ca2d0cda6,False,,0.0,1.25,1.449448,1.449448
2026-09-14T11:00,2026-09-22,2026-09-22-35743751882,india,20fcaa1256beee673bbf78134c0ede1a9ab2d457d534daf4b09feee9f43a61c3,False,,0.0,1.25,1.448955,1.448955
2026-09-14T11:00,2026-09-22,2026-09-22-35743751882,india,5564abc9deec36934de588a2ca6533911961e1cf9bf29eb4616882177b132bc8,False,,0.0,1.25,1.448244,1.448244
2026-09-14T11:00,2026-09-22,2026-09-22-35743751882,india,c94a1c06c79f26be7903b0926f4da01be93c34ac07015544f8295697b17e1d75,False,,0.0,1.25,1.447918,1.447918
2026-09-14T11:00,2026-09-22,2026-09-22-35743751882,india,c4f9f9570626597b22b721ca3cfd9c9454e703abef9333e69639b1cc59459196,False,,0.0,1.25,1.44779,1.44779
2026-09-14T11:00,2026-09-22,2026-09-22-35743751882,india,6f6fe453540fc55152c461a773a1c56617bd2ca2603eea09de040046ce16ac09,False,,0.0,1.25,1.446595,1.446595
2026-09-14T11:00,2026-09-22,2026-09-22-35743751882,india,d2a6c970e3caca04fb95369ca00c4e16119dea9a9f50bbaf17789592b8ae4b6a,False,,0.0,1.25,1.44648,1.44648
2026-09-14T11:00,2026-09-22,2026-09-22-35743751882,india,d3e3411412596ad2c4831817431fbe55653dc2b5aeab1fabb5a9962921547b84,False,,0.0,1.25,1.445715,1.445715
2026-09-14T11:00,2026-09-22,2026-09-22-35743751882,india,ef7fc97909a258defbcef20ac5f84cbe5d8114053bbd2cac82855aec7cf101b1,False,,0.0,1.25,1.44476,1.44476
2026-09-14T11:00,2026-09-22,2026-09-22-35743751882,india,f017098267e340cdd799fa3a768a4857df55f351ba241e84c05ea9c13cacb814,False,,0.0,1.25,1.444722,1.444722
2026-09-14T11:00,2026-09-22,2026-09-22-35743751882,india,d577c513f918b3354a4fc1d04e836a098438b2e84f0371224280eac241b7d323,False,,0.0,1.25,1.444404,1.444404
2026-09-14T11:00,2026-09-22,2026-09-22-35743751882,india,9c2d2d00db8018f124545f58141f476874a2089315778e7addf6cf644760d8dd,True,,0.0,1.25,1.444321,1.444321
2026-09-14T11:00,2026-09-22,2026-09-22-35743751882,india,aaf171cb4e5c46a40f1492b8691a5d82eca41d8041db3e80ae3952d38edd2370,False,,0.0,1.25,1.443959,1.443959
2026-09-14T11:00,2026-09-22,2026-09-22-35743751882,india,3877d2a554fe92f84e7253de72340bc3408aeb79d187539a1e7f54136bef4b44,False,,0.0,1.25,1.443597,1.443597
2026-09-14T11:00,2026-09-22,2026-09-22-35743751882,india,c899f0404d5085c774995680661e89a6f17ad763f110048dc5e39f60a9e58b16,False,,0.0,1.25,1.443584,1.443584
2026-09-14T11:00,2026-09-22,2026-09-22-35743751882,india,0122fad2259af1ae495950e4a21eb24a74172f8374757b73251873d12876f394,True,,0.0,1.25,1.429766,1.429766
2026-09-14T11:00,2026-09-22,2026-09-22-35743751882,india,f9ee816d00d7e39e6937e15887f238668614b55dd9c5c03820f10693fbec30fc,True,,0.0,1.25,1.278103,1.278103
2026-09-14T11:00,2026-09-22,2026-09-22-35743751882,india,a752828d28aa8af6b7e49d0d268002896d47414c888fa7862cef2cb816b22459,True,,0.0,1.25,1.199314,1.199314
2026-09-14T11:00,2026-09-22,2026-09-22-35743751882,india,4181dc775ddc5430c5bbe44ded0b636cb662c9b22306102165803a0f286736d1,True,,0.0,1.25,1.197349,1.197349
2026-09-14T11:00,2026-09-22,2026-09-22-35743751882,india,57d572e568ee2ba5a04f87f0e361de4a7b8aa3f901a4c024efbe7bca2a5e65bd,True,,0.0,1.25,1.19678,1.19678
2026-09-14T11:00,2026-09-22,2026-09-22-35743751882,india,008c254d0653179ddcb68df028e1760db7e9291ac68fc833df622692877fa7b3,True,,0.0,1.25,1.192798,1.192798
2026-09-14T11:00,2026-09-22,2026-09-22-35743751882,india,1df1f042ba22bc6ca9182dcd0db09b8bd770d8675ada8892d077635d767c9ba8,True,,0.0,1.25,1.191911,1.191911
2026-09-14T11:00,2026-09-22,2026-09-22-35743751882,india,ca41ff02a1af089631669cd12e65272c854c2c6f9e9f0a5887eda37c10b0cd13,True,,0.0,1.25,1.191227,1.191227
2026-09-14T11:00,2026-09-22,2026-09-22-35743751882,india,43e3bc69739ba88e2ea820c3ed3c7498d98c2085476d1e9ee9851c71e15adaee,True,,0.0,1.25,1.185813,1.185813
2026-09-14T11:00,2026-09-22,2026-09-22-35743751882,india,10c6ee9a2dcc3ef1ea1c4bcbab3c4d0a1009686cf2a2baf83b4db84ff523fc00,True,,0.0,1.25,1.1852,1.1852
2026-09-14T11:00,2026-09-22,2026-09-22-35743751882,india,0b3013c1b84abcfa09182a14968781f05191708a96b0423a13062be6722dd880,True,,0.0,1.25,1.184924,1.184924
2026-09-14T11:00,2026-09-22,2026-09-22-35786586868,ai,80425f477229c597aaa42c0c2e9c1262e882ca7c854b1f6454b52874beaa9872,True,,0.0,1.25,2.014809,2.014809
2026-09-14T11:00,2026-09-22,2026-09-22-35786586868,ai,f917779831ad435204627bdc70d1fc9dba9579edc074e32921679454cc1e51d6,True,,0.0,1.25,2.011116,2.011116
2026-09-14T11:00,2026-09-22,2026-09-22-35786586868,ai,7a362fd0719547651d5e3f88800a7ba2923e72baccbdf1ff9031fc35feeb0b57,False,,0.0,1.25,1.917167,1.917167
2026-09-14T11:00,2026-09-22,2026-09-22-35786586868,ai,b287b34a5390dd7e5b08c924348bcc2f77a8931e3900becab18448b563921a36,True,,0.0,1.25,1.658141,1.658141
2026-09-14T11:00,2026-09-22,2026-09-22-35786586868,ai,41bbab0be948ec7494a69f89169e4438f3de450e5263fa0d677998a31b21eacf,True,,0.0,1.25,1.651894,1.651894
2026-09-14T11:00,2026-09-22,2026-09-22-35786586868,ai,e387305eff873ae8c66ee1256f77b50938524948857237e4e2eb0ecdee7f172f,True,,0.0,1.25,1.63212,1.63212
2026-09-14T11:00,2026-09-22,2026-09-22-35786586868,ai,9f9481d4b39d85978d40bde369c3fd5b7917ca6032931e376fef5b3ccfab1085,True,,0.0,1.25,1.625598,1.625598
2026-09-14T11:00,2026-09-22,2026-09-22-35786586868,ai,e5b0091a5c675558a2a07f95df72829a315ea7a4de33e6d8e51de1c478275aaf,True,,0.0,1.25,1.596135,1.596135
2026-09-14T11:00,2026-09-22,2026-09-22-35786586868,ai,f9027d80e820682e90d7e8a7deab6fe99d243c44073836087c19a4dccdea5fb4,True,,0.0,1.25,1.589964,1.589964
2026-09-14T11:00,2026-09-22,2026-09-22-35786586868,ai,dfda4e8e8b3232ba071524ba31ca2e676b9d54051efe85e6f54f837caa5ce395,True,,0.0,1.25,1.589964,1.589964
2026-09-14T11:00,2026-09-22,2026-09-22-35786586868,ai,db62930227e4365abb6787ea735f4bbda6c5fdb2a4bdc7c451c21b21ed0354ae,True,,0.0,1.25,1.589964,1.589964
2026-09-14T11:00,2026-09-22,2026-09-22-35786586868,ai,49162bb86731ee56737e1604127d7bffdd87e568ba85bfea5a153a97f1c1ff64,False,,0.0,1.25,1.589964,1.589964
2026-09-14T11:00,2026-09-22,2026-09-22-35786586868,ai,77ae76fcbb937c33c79a89b3ac2290cbf0be9db10b7d6ba5a766f0f4b2b2d8e7,False,,0.0,1.25,1.589964,1.589964
2026-09-14T11:00,2026-09-22,2026-09-22-35786586868,ai,3d7df4b7f51b0194b082759be92bb1cb3f7c63c55f2fbad635ec9b056d74e155,False,,0.0,1.25,1.589964,1.589964
2026-09-14T11:00,2026-09-22,2026-09-22-35786586868,ai,268d1fdd81724aef297c165918b4375c171be5c93fd0387a7898f97134888c00,True,,0.0,1.25,1.581978,1.581978
2026-09-14T11:00,2026-09-22,2026-09-22-35786586868,ai,d93aa32fb27d0f9d3dc46f85167740f035ea50042e9c918e568c0c8aff7771f4,True,,0.0,1.25,1.568254,1.568254
2026-09-14T11:00,2026-09-22,2026-09-22-35786586868,ai,c6bb78b9edc966d0e99b6fd5a7d3c81edfd0502c29fcd18373b63788cb201bdc,True,,0.0,1.25,1.567677,1.567677
2026-09-14T11:00,2026-09-22,2026-09-22-35786586868,ai,04e315ebdd57f0b13e35d4f6eaf56ff4b6962d9e68ff7ea0827de3f207b549cc,True,,0.0,1.25,1.546232,1.546232
2026-09-14T11:00,2026-09-22,2026-09-22-35786586868,ai,73461b3e97af0d93277a11c940eddd760e1483f50dc51139e0bbfefde7d9b54f,True,,0.0,1.25,1.525598,1.525598
2026-09-14T11:00,2026-09-22,2026-09-22-35786586868,ai,3e9cc692ad761c6ec468e90f5bdab9a0ddf89770722ba9712af4777cd180c9b0,True,,0.0,1.25,1.489656,1.489656
2026-09-14T11:00,2026-09-22,2026-09-22-35786586868,ai,4288c7bcf670a9d01367b143ed557d0d3dae2bc2dc720cfe5efab4e2166ab351,True,,0.0,1.25,1.486638,1.486638
2026-09-14T11:00,2026-09-22,2026-09-22-35786586868,ai,b2c4c31bd5bd47e6fe8679f65f9b5d7e1672ea3c33fa4c7c771493b1861d566b,True,,0.0,1.25,1.486638,1.486638
2026-09-14T11:00,2026-09-22,2026-09-22-35786586868,ai,2df941508548d7811afdedc3564aaa9f0323979bb5e7f06bf782a2422bb48ece,True,,0.0,1.25,1.486369,1.486369
2026-09-14T11:00,2026-09-22,2026-09-22-35786586868,ai,2dff1e1aa9d734d220e2479da644e318c71a197f68d5d975c60944d155ead3f5,True,,0.0,1.25,1.482213,1.482213
2026-09-14T11:00,2026-09-22,2026-09-22-35786586868,ai,0e4d204ec0cc3a4bd089f52d8fa2f2975f29963b180c6bf3dd5ffec18fd86745,False,,0.0,1.25,1.475828,1.475828
2026-09-14T11:00,2026-09-22,2026-09-22-35786586868,ai,811bcae574a076a77959895440beed85f2d26109201e299b231c4d2ce3fb7752,False,chips,0.3,1.25,1.467677,1.542677
2026-09-14T11:00,2026-09-22,2026-09-22-35786586868,ai,f60f80672e6392310ed9a0c6b4da8ca9ea98832bf0ab2792cb428d5b8557cf9b,True,,0.0,1.25,1.457045,1.457045
2026-09-14T11:00,2026-09-22,2026-09-22-35786586868,ai,41d289d0c13eec5adffc0f81edf58ba5b47b7d19de26388e6017dc79d0ab6b49,False,,0.0,1.25,1.417167,1.417167
2026-09-14T11:00,2026-09-22,2026-09-22-35786586868,ai,81c24e81150b03d9672adfb13ceef825d8e514e70922b3f93db8d1d43e075f37,False,,0.0,1.25,1.41317,1.41317
2026-09-14T11:00,2026-09-22,2026-09-22-35786586868,ai,14a70449b563798521e4d3e988cd0664a622099a077ca25a46de5c0baedac2fb,False,,0.0,1.25,1.389981,1.389981
2026-09-14T11:00,2026-09-22,2026-09-22-35786586868,ai,3ead4ee884d8fe4b38ec15bdfb6d2692ae57c2a8333cb4f938c3d4bc89f55111,False,,0.0,1.25,1.369276,1.369276
2026-09-14T11:00,2026-09-22,2026-09-22-35786586868,ai,657e6e93ead4ae13a3e7a7434fc1751bf7ccd661899fcab358f7acd15d5be4dc,False,,0.0,1.25,1.318598,1.318598
2026-09-14T11:00,2026-09-22,2026-09-22-35786586868,ai,5f200c6b96e7223005becfa063e37543c256e43d32737306e6f1dbb81416521a,False,,0.0,1.25,1.29122,1.29122
2026-09-14T11:00,2026-09-22,2026-09-22-35786586868,ai,992d5f369841fe58cf76abd367d60600c4e623573c4fe6bcdc88dde6203616ad,False,,0.0,1.25,1.289357,1.289357
2026-09-14T11:00,2026-09-22,2026-09-22-35786586868,ai,3ee3a254bfd32a2d6ecec4cb4af03364cc90fe0c7860f74af7e447b925a323b4,False,,0.0,1.25,1.282566,1.282566
2026-09-14T11:00,2026-09-22,2026-09-22-35786586868,ai,e9f63aa1f7aaa02f4024a14154a47668586b26d73f72e5b77e702319146aa96f,True,,0.0,1.25,1.262799,1.262799
2026-09-14T11:00,2026-09-22,2026-09-22-35786586868,ai,4d27d877976856241a215e0e1c45248b56e9fdba5403680696d8fc818b03602e,False,,0.0,1.25,1.239318,1.239318
2026-09-14T11:00,2026-09-22,2026-09-22-35786586868,ai,1cd7b0829c83f1ee84b5a0f2dc5d6451d245021ace31b0e943bd117d7de10825,True,,0.0,1.25,1.180722,1.180722
2026-09-14T11:00,2026-09-22,2026-09-22-35786586868,ai,6b74d883c2db5c5062e6b900cbba329fedf103a650128605d9b804560f57c523,True,,0.0,1.25,1.167677,1.167677
2026-09-14T11:00,2026-09-22,2026-09-22-35786586868,ai,d42a1c6035b0000687e2139874e020285d2198468b4627b88f9c7573736665fd,True,,0.0,1.25,1.164263,1.164263
2026-09-14T11:00,2026-09-22,2026-09-22-35786586868,ai,15daa7ae687d6321ab531b1595b2bfc74e703f1b3912b979817deb3559c98468,False,,0.0,1.25,1.15098,1.15098
2026-09-14T11:00,2026-09-22,2026-09-22-35786586868,ai,a8ca25f3731cf08a6b89f7b58b56a06bd191a0cbeb166e309ca3c6c7b411f502,False,,0.0,1.25,1.149461,1.149461
2026-09-14T11:00,2026-09-22,2026-09-22-35786586868,ai,30b2176d609518cba2ba87777aa02534efb430bdafbb987074cc0174b106a855,False,,0.0,1.25,1.127169,1.127169
2026-09-14T11:00,2026-09-22,2026-09-22-35786586868,ai,463daa474782f53c54ff286c00c501356e25c9874a78c2f211d9b1fb17a1994d,False,,0.0,1.25,1.126729,1.126729
2026-09-14T11:00,2026-09-22,2026-09-22-35786586868,ai,857a351942b5658d8b771c8732bf0568d54717a6f9b9936ff6b9d26cc7e3d477,False,,0.0,1.25,1.111515,1.111515
2026-09-14T11:00,2026-09-22,2026-09-22-35786586868,energy,59a05264800ce7e2904bdb53761c152bb991222d007c384ec381da9ddc251864,True,,0.0,1.25,1.696168,1.696168
2026-09-14T11:00,2026-09-22,2026-09-22-35786586868,energy,7adedd5bd6be2c87c8ca0bb788de208eb6400164fa4843a2e41b4620b6b0df72,True,,0.0,1.25,1.666258,1.666258
2026-09-14T11:00,2026-09-22,2026-09-22-35786586868,energy,d3a705981e7e8dc48aa4bae53018fcc64aed6a1447d6f612cbc74aec667e0304,True,,0.0,1.25,1.633705,1.633705
2026-09-14T11:00,2026-09-22,2026-09-22-35786586868,energy,c427c848f58767fd73684adbf01aeabc05be9e711ed0ba3bf7cb6dc3e2071917,True,trade,0.3,1.25,1.490096,1.565096
2026-09-14T11:00,2026-09-22,2026-09-22-35786586868,energy,d5a80cea2fe17a073a68eba428a27454ddba35a90bb5b0c980a2debaa14bbcf4,True,,0.0,1.25,1.267349,1.267349
2026-09-14T11:00,2026-09-22,2026-09-22-35786586868,energy,9bd61c2f5414bae2be569d20788c2d63efdba5b2354497f0a2f9574cb13e9a5d,True,,0.0,1.25,1.196544,1.196544
2026-09-14T11:00,2026-09-22,2026-09-22-35786586868,energy,69bcf0d5d9e911397c518d2dd6e3d70399b5b92d9a71794b8040034b35361d0e,True,,0.0,1.25,1.193286,1.193286
2026-09-14T11:00,2026-09-22,2026-09-22-35786586868,energy,8bb079cacd2c904c7d704ed213c00c53ff2cc3702ca14fdc18db07a977bc1085,True,,0.0,1.25,1.189964,1.189964
2026-09-14T11:00,2026-09-22,2026-09-22-35786586868,energy,8321dfe41b618053a29a0f54ab5d89bbb5bb36011b2d68b379cde842cfb147e2,False,,0.0,1.25,1.187294,1.187294
2026-09-14T11:00,2026-09-22,2026-09-22-35786586868,energy,3ceed2e04703b4230f3c8e23c95b4f374b97b29fdf94c3a065942fd14d711b9a,True,,0.0,1.25,1.176859,1.176859
2026-09-14T11:00,2026-09-22,2026-09-22-35786586868,energy,26f2e249f04c55ade5569ff72dc3d99286ba02273483de9bd63bb0b50d514934,False,,0.0,1.25,1.167677,1.167677
2026-09-14T11:00,2026-09-22,2026-09-22-35786586868,energy,afaf5744e880e7823b7c5076d50e6dd451be20c9b91f965ad42cc70ca0b700bc,False,,0.0,1.25,1.161013,1.161013
2026-09-14T11:00,2026-09-22,2026-09-22-35786586868,energy,7a3eeac3959cdbd91c598052f879431daac7b0fda6ccbd1d7788b2867201ae4c,False,,0.0,1.25,1.147273,1.147273
2026-09-14T11:00,2026-09-22,2026-09-22-35786586868,energy,43724b4c3c8db21d2be9b13ec230fa237338e5a0e7ab70ce3857cde3f0d42f7b,False,,0.0,1.25,1.146232,1.146232
2026-09-14T11:00,2026-09-22,2026-09-22-35786586868,energy,0968dbfed156a6ebecde6a2bd5fb7ae6732b713ebb05158272305c05d4db1fc9,False,,0.0,1.25,1.129061,1.129061
2026-09-14T11:00,2026-09-22,2026-09-22-35786586868,energy,4dc9bf85a75b9f7b37848536cb865529130a98754f98aa9a71e892a6ddf64b67,False,,0.0,1.25,1.125598,1.125598
2026-09-14T11:00,2026-09-22,2026-09-22-35786586868,energy,3be50dc64c54a746d85670405187b1f75c0c9f34b617cd9e82d8a774f007428d,False,,0.0,1.25,1.125598,1.125598
2026-09-14T11:00,2026-09-22,2026-09-22-35786586868,energy,94f457223e7ca1f8f05fbca01408596e96611352df0f62587dfdca1cfd3b98de,False,,0.0,1.25,1.125598,1.125598
2026-09-14T11:00,2026-09-22,2026-09-22-35786586868,energy,c0bf2edee7df8e06de3abeb1e48e6f2ea9f8ffa092aef40f26a323d24a17103e,False,,0.0,1.25,1.115575,1.115575
2026-09-14T11:00,2026-09-22,2026-09-22-35786586868,energy,bd61909e667b200db9a8927b033f209263c41053eb46fcd672205913ce5bc31a,False,,0.0,1.25,1.105743,1.105743
2026-09-14T11:00,2026-09-22,2026-09-22-35786586868,energy,a41a2728134989eba626a3295dbcdb2c5cb74ed30c7aa7f6c4f37aa2cd6026c6,False,,0.0,1.25,1.105743,1.105743
2026-09-14T11:00,2026-09-22,2026-09-22-35786586868,energy,088a057532bec67dfae973dba9db46fff30833552756eb454b3c5bed99bc4418,False,,0.0,1.25,1.097155,1.097155
2026-09-14T11:00,2026-09-22,2026-09-22-35786586868,energy,260111a8e220a419da98ad9322f6cd8d7709bfa50a67eeff66a6ed4b935ee546,False,,0.0,1.25,1.096449,1.096449
2026-09-14T11:00,2026-09-22,2026-09-22-35786586868,energy,6ef058de93504d4348ddbd8ebb9be86d3a7607e2b93f131a9431506efee1db3d,False,,0.0,1.25,1.092619,1.092619
2026-09-14T11:00,2026-09-22,2026-09-22-35786586868,energy,85ea28379ac1c9e600dd876104b6e20a51fe4f316d042da8f7bd17b50e7e8439,False,,0.0,1.25,1.091135,1.091135
2026-09-14T11:00,2026-09-22,2026-09-22-35786586868,energy,19b41a911b126df6b2884d3535010d17de8a0e028943dfe4c01cef6a5d6cf5f1,False,,0.0,1.25,1.090626,1.090626
2026-09-14T11:00,2026-09-22,2026-09-22-35786586868,energy,325b7bee320808bcb8a7d910c1f44e7082b028ac5cd519dfd80337ca8fa8b9fc,False,,0.0,1.25,1.089771,1.089771
2026-09-14T11:00,2026-09-22,2026-09-22-35786586868,energy,eff1a0a213a5b151691c060ab15fcc4cdc06943ac2daad96d2f293de8738e5f1,False,,0.0,1.25,1.089556,1.089556
2026-09-14T11:00,2026-09-22,2026-09-22-35786586868,energy,66ff1cda44908db0de5fda3179ddf3d5c3a54e49f61be17de6fab452cc773202,False,,0.0,1.25,1.087607,1.087607
2026-09-14T11:00,2026-09-22,2026-09-22-35786586868,business-economy,2973de12d3f7c6fb11bc3b6090ed656a7d0f6eeae22a9c802f5967bbac468aa4,True,,0.0,1.25,2.071414,2.071414
2026-09-14T11:00,2026-09-22,2026-09-22-35786586868,business-economy,0e0d995fc3c0817ac25db73a96463ec2dc1499300be687b374d2d02781a3fb03,True,,0.0,1.25,1.691284,1.691284
2026-09-14T11:00,2026-09-22,2026-09-22-35786586868,business-economy,452e2650d562f5d6226367c83dfc8048ff4fde665fc2f2b49daaa71121b6422e,True,,0.0,1.25,1.668929,1.668929
2026-09-14T11:00,2026-09-22,2026-09-22-35786586868,business-economy,cb893fc7c44fc46d2791df63543c27a648028e17f31ea9ec5a8b64fbf89955fe,True,,0.0,1.25,1.668704,1.668704
2026-09-14T11:00,2026-09-22,2026-09-22-35786586868,business-economy,1b8f99749b93c9044858e86fcbd4e8e831444d9b9028a86491105ede653dba76,True,,0.0,1.25,1.661469,1.661469
2026-09-14T11:00,2026-09-22,2026-09-22-35786586868,business-economy,f047f5b286843304330dc8f6db37cd5545246c722261ba267c264196423f75c8,False,,0.0,1.25,1.636481,1.636481
2026-09-14T11:00,2026-09-22,2026-09-22-35786586868,business-economy,430e15fabaa36fb35a4d62c7b004b01e0fa46ef99077e7193b26069e4a832604,False,,0.0,1.25,1.626262,1.626262
2026-09-14T11:00,2026-09-22,2026-09-22-35786586868,business-economy,357b9fac2c9f8ed15bf56a0aaa6b711e91b0124a8fc146ab13a07bc4d16ba493,False,,0.0,1.25,1.616502,1.616502
2026-09-14T11:00,2026-09-22,2026-09-22-35786586868,business-economy,8a7b4fd11657dd2dd38b97df16fb873168f8f2d33c92c1b3d87d547ba8b47f81,False,,0.0,1.25,1.597257,1.597257
2026-09-14T11:00,2026-09-22,2026-09-22-35786586868,business-economy,46e378f197139f233a36dfa12a5868b24ff8e96948e38ccd4055f0dec6b102fd,True,,0.0,1.25,1.59612,1.59612
2026-09-14T11:00,2026-09-22,2026-09-22-35786586868,business-economy,712edf2836356777fbf90150c1e1a3d81de9a87b48fb69b3f57ebf427eb8c359,True,,0.0,1.25,1.577164,1.577164
2026-09-14T11:00,2026-09-22,2026-09-22-35786586868,business-economy,caef1eeaa21a77a182badfcb47166b0d046c0db7deaed04a87318268cb6b41ce,False,,0.0,1.25,1.447612,1.447612
2026-09-14T11:00,2026-09-22,2026-09-22-35786586868,business-economy,f68ff7fd450435bd4813fdbd23065aa5100cdc5f1501f67b34d425e2a78af3b9,False,trade,0.3,1.25,1.432576,1.507576
2026-09-14T11:00,2026-09-22,2026-09-22-35786586868,business-economy,fb37f0685c8b2526becb78af0691ede42cdc17e6caa56f75afccbb9a29b57c5b,True,,0.0,1.25,1.197074,1.197074
2026-09-14T11:00,2026-09-22,2026-09-22-35786586868,business-economy,f3c5d50538463734c8f9881dc8cad46e59fb32d28f696f73e16048f402771cec,False,,0.0,1.25,1.19664,1.19664
2026-09-14T11:00,2026-09-22,2026-09-22-35786586868,business-economy,10343deebe55c52725111266f6766339462cbaa17e308555690e543bb0fa0ff4,True,,0.0,1.25,1.194442,1.194442
2026-09-14T11:00,2026-09-22,2026-09-22-35786586868,business-economy,301a2bfb4c34cd721863af85e501f4e56ffc17cfc5606d4ddb2197463b49a043,True,,0.0,1.25,1.193527,1.193527
2026-09-14T11:00,2026-09-22,2026-09-22-35786586868,business-economy,d4262d83ba126ec2f5471ac0603074ae89dc3965d8dc27d2f4e5753bf64bea0b,False,,0.0,1.25,1.1934,1.1934
2026-09-14T11:00,2026-09-22,2026-09-22-35786586868,business-economy,4f9743c95c0716c7f67750302a49835d7fb072d7a56786619683589699e46870,False,,0.0,1.25,1.189989,1.189989
2026-09-14T11:00,2026-09-22,2026-09-22-35786586868,business-economy,c4dceb3392e47ea8408a6a0baf4617b38add8e21dd33dc371637cf28b4e49d42,False,,0.0,1.25,1.186748,1.186748
2026-09-14T11:00,2026-09-22,2026-09-22-35786586868,business-economy,7dddae1b035a4a269763af87e100430c7c7a73240380c029b5b67943a85266dc,False,,0.0,1.25,1.184324,1.184324
2026-09-14T11:00,2026-09-22,2026-09-22-35786586868,business-economy,8670f65bab1a9087fa8465939ba15bb9de8223e063a0a5bf92e8ef3c67db05ee,True,,0.0,1.25,1.182894,1.182894
2026-09-14T11:00,2026-09-22,2026-09-22-35786586868,business-economy,8b311eaab15d13b192212f042d5ea02bb8336a8da8f30efdf197b7592dcfed30,False,,0.0,1.25,1.178744,1.178744
2026-09-14T11:00,2026-09-22,2026-09-22-35786586868,business-economy,50042b0477292cc783e96e20f08be7b8a1f4a980a4d3c61fd9b656eff662af31,False,,0.0,1.25,1.177878,1.177878
2026-09-14T11:00,2026-09-22,2026-09-22-35786586868,business-economy,6ac90e0cdda382bc93d6da735cb2f58aedbe244347d9fdf2693a540a7e48c1c6,False,,0.0,1.25,1.176415,1.176415
2026-09-14T11:00,2026-09-22,2026-09-22-35786586868,business-economy,cd10d99bda5044fa830aed66588013ddada00559bfeec07377236651d471bfec,False,,0.0,1.25,1.176008,1.176008
2026-09-14T11:00,2026-09-22,2026-09-22-35786586868,business-economy,26340d538752ac858914aa32593995c4f4a86aa2109cd9c007126c5eb61efee7,False,,0.0,1.25,1.169075,1.169075
2026-09-14T11:00,2026-09-22,2026-09-22-35786586868,business-economy,daa1616740a6d5305a38909a2fb908b9168cf918f9f8407ae7803ae583fb8aaa,False,,0.0,1.25,1.167701,1.167701
2026-09-14T11:00,2026-09-22,2026-09-22-35786586868,business-economy,441df2db471a16432ffcbb5c1fa367d8dcc317c7113f90a96455e47bfb66ed31,False,,0.0,1.25,1.167531,1.167531
2026-09-14T11:00,2026-09-22,2026-09-22-35786586868,business-economy,712609d7c26edd43d64055b9d0795edafffab99c6151fca14e8735f85f5bd55a,False,,0.0,1.25,1.166234,1.166234
2026-09-14T11:00,2026-09-22,2026-09-22-35786586868,business-economy,5d1f2e5bf4e55a3f872414082c9f520cbe45e548845e75ba1e9eb9a5d35d7f1e,False,,0.0,1.25,1.164867,1.164867
2026-09-14T11:00,2026-09-22,2026-09-22-35786586868,world,452e2650d562f5d6226367c83dfc8048ff4fde665fc2f2b49daaa71121b6422e,False,,0.0,1.25,1.668929,1.668929
2026-09-14T11:00,2026-09-22,2026-09-22-35786586868,world,cb893fc7c44fc46d2791df63543c27a648028e17f31ea9ec5a8b64fbf89955fe,False,,0.0,1.25,1.668704,1.668704
2026-09-14T11:00,2026-09-22,2026-09-22-35786586868,world,430e15fabaa36fb35a4d62c7b004b01e0fa46ef99077e7193b26069e4a832604,False,,0.0,1.25,1.626262,1.626262
2026-09-14T11:00,2026-09-22,2026-09-22-35786586868,world,42d5f425ead14e932f8dce68891487539d42acfbdcfa102865acd77206cad2c4,True,,0.0,1.25,1.623012,1.623012
2026-09-14T11:00,2026-09-22,2026-09-22-35786586868,world,357b9fac2c9f8ed15bf56a0aaa6b711e91b0124a8fc146ab13a07bc4d16ba493,False,,0.0,1.25,1.616502,1.616502
2026-09-14T11:00,2026-09-22,2026-09-22-35786586868,world,8a7b4fd11657dd2dd38b97df16fb873168f8f2d33c92c1b3d87d547ba8b47f81,False,,0.0,1.25,1.597257,1.597257
2026-09-14T11:00,2026-09-22,2026-09-22-35786586868,world,7d156bfb1c9dd870ce6c0158d444e4ce43e9b38aabefed4fb2b2d57e5c8ab982,True,,0.0,1.25,1.317258,1.317258
2026-09-14T11:00,2026-09-22,2026-09-22-35786586868,world,49fe9df4ad9302cccaefa36f782b3846f1a8003eacc1fc55fa858c28386be19e,True,,0.0,1.25,1.196091,1.196091
2026-09-14T11:00,2026-09-22,2026-09-22-35786586868,world,b1a372f316c079c84e5783f317e42bfb4f59223f4a4d972411f46fa876a1f7a4,True,,0.0,1.25,1.194665,1.194665
2026-09-14T11:00,2026-09-22,2026-09-22-35786586868,world,a5ba75f31285dd526f41d1cd14bb5230f5040111fe1fe6d3413a1408db7543a6,True,,0.0,1.25,1.192272,1.192272
2026-09-14T11:00,2026-09-22,2026-09-22-35786586868,world,a04851b5b56ea6cb1b8887966b5da8d9d23a9929317584365e3793376aff9cb3,True,,0.0,1.25,1.191208,1.191208
2026-09-14T11:00,2026-09-22,2026-09-22-35786586868,world,674acbcbc8f285757f5661b5eb2a59ca01680e5b3623e6398e5bec562e4635f9,False,,0.0,1.25,1.191107,1.191107
2026-09-14T11:00,2026-09-22,2026-09-22-35786586868,world,93be1e52680898d64553071b8f9f80aceaffe7e7291618bb577aea5a57e40df9,False,,0.0,1.25,1.189774,1.189774
2026-09-14T11:00,2026-09-22,2026-09-22-35786586868,world,4b33e066bab282a7c21c7c7a6ce07300fed0072948596f326fb08beb810c82b2,True,,0.0,1.25,1.189585,1.189585
2026-09-14T11:00,2026-09-22,2026-09-22-35786586868,world,253b791c1e9f94057af564cac19cde38f9b0408b1d21fb00ed52c555e0327c25,False,,0.0,1.25,1.18915,1.18915
2026-09-14T11:00,2026-09-22,2026-09-22-35786586868,world,c4dceb3392e47ea8408a6a0baf4617b38add8e21dd33dc371637cf28b4e49d42,False,,0.0,1.25,1.186748,1.186748
2026-09-14T11:00,2026-09-22,2026-09-22-35786586868,world,de2232c19a66723369993f77451c664cc04968680eca7c6b3dbd3588c8c79887,True,,0.0,1.25,1.186283,1.186283
2026-09-14T11:00,2026-09-22,2026-09-22-35786586868,world,b4b587dba3164621eb052fbfad2b0d0953ceb5061167feb5847ceda68e361a13,True,,0.0,1.25,1.186192,1.186192
2026-09-14T11:00,2026-09-22,2026-09-22-35786586868,world,241d696de9a3e99d6c3b21c5a588e57954b32d02e37e3bf9c23a8989d0b10c98,True,,0.0,1.25,1.185888,1.185888
2026-09-14T11:00,2026-09-22,2026-09-22-35786586868,world,b42c0c6d7c24102488236130aefeb1a4156ef7456568fd0b88d999f311f155d0,False,,0.0,1.25,1.185525,1.185525
2026-09-14T11:00,2026-09-22,2026-09-22-35786586868,world,099a21a4dbcfe4176a026af85fde4dc667c70ee02fd75b36fade34be1ff0cacc,False,,0.0,1.25,1.185387,1.185387
2026-09-14T11:00,2026-09-22,2026-09-22-35786586868,world,0bd5f47aa520da97eb8882dd23d2d9ba8bdbfa58bd6401b1c4afea26761a5217,True,,0.0,1.25,1.18478,1.18478
2026-09-14T11:00,2026-09-22,2026-09-22-35786586868,world,b85763429bed5e233f49757d9b0bd0956e709634edf6b1f72aad26b51439ba46,False,,0.0,1.25,1.184505,1.184505
2026-09-14T11:00,2026-09-22,2026-09-22-35786586868,world,775bb9492abc2b18f740acb09018e4abfc5fcc05b78958ff9a638eb1637bd44f,False,,0.0,1.25,1.183861,1.183861
2026-09-14T11:00,2026-09-22,2026-09-22-35786586868,world,11a937d715c8fcb5dc95b54a59f9266008dda2aaf5957a61711624a0bcf73bca,False,,0.0,1.25,1.182458,1.182458
2026-09-14T11:00,2026-09-22,2026-09-22-35786586868,world,40bcc67a7929dd52a3496aa2a5b765e85c0b07e2ab9e379ae1768c84b1679bef,True,,0.0,1.25,1.181217,1.181217
2026-09-14T11:00,2026-09-22,2026-09-22-35786586868,world,f2edf257edafce7237f7532f5a2e7b0e36c8d1ecc10073633a5f3ae6b76e98d3,False,,0.0,1.25,1.180499,1.180499
2026-09-14T11:00,2026-09-22,2026-09-22-35786586868,world,242b4810b08d5d275f863f03cf0f7bf366f42053b018f3f19b3384737ccbe9f2,False,,0.0,1.25,1.18048,1.18048
2026-09-14T11:00,2026-09-22,2026-09-22-35786586868,world,fc13c9bce5081c18503b78ec8ce01f04f3d1f7ce996972a419f282f8beca0d7c,False,,0.0,1.25,1.179872,1.179872
2026-09-14T11:00,2026-09-22,2026-09-22-35786586868,world,d451268b159f87a46bdd1bbc10de71e8d4c01e839012e0805682d4c6c69ed41a,False,,0.0,1.25,1.178255,1.178255
2026-09-14T11:00,2026-09-22,2026-09-22-35786586868,world,cd10d99bda5044fa830aed66588013ddada00559bfeec07377236651d471bfec,False,,0.0,1.25,1.176008,1.176008
2026-09-14T11:00,2026-09-22,2026-09-22-35786586868,world,7728ca98697f9d800af40a4ba10b94d5d52898ec37dec4bd73944c8a42beea27,True,,0.0,1.25,1.174175,1.174175
2026-09-14T11:00,2026-09-22,2026-09-22-35786586868,world,7ef90ca33a5540c2a656594b611d268ace1014d4f98f852b9aecdb19c28ed844,False,,0.0,1.25,1.173923,1.173923
2026-09-14T11:00,2026-09-22,2026-09-22-35786586868,world,4d80d954d393421ee2863f009e9d53e37ec90e3c70a278a8231199588668fc87,True,,0.0,1.25,1.169483,1.169483
2026-09-14T11:00,2026-09-22,2026-09-22-35786586868,world,2bf4c184eb9edec75773d10cb915a309168f33edc4a89cbb00724cd867fac44b,True,,0.0,1.25,1.163225,1.163225
2026-09-14T11:00,2026-09-22,2026-09-22-35786586868,india,fd6f33b09172cf9da45c48862ab132f32664d4b4081bd09b264b0585b35ad652,True,trade,0.3,1.25,1.670796,1.745796
2026-09-14T11:00,2026-09-22,2026-09-22-35786586868,india,c48881933fd4d74a418f41b777dc7c67c75a2122ba483b4dd75fa6b91c289169,True,trade,0.3,1.25,1.656241,1.731241
2026-09-14T11:00,2026-09-22,2026-09-22-35786586868,india,b103d96fcc0c103c91e39ef073661b77a69ef6c406ce276bda54aced41ce804b,True,,0.0,1.25,1.626138,1.626138
2026-09-14T11:00,2026-09-22,2026-09-22-35786586868,india,cc378e5229cf8841bb55c95c3491adc3182285b491bccf631a25c3bfe53610d9,True,,0.0,1.25,1.614445,1.614445
2026-09-14T11:00,2026-09-22,2026-09-22-35786586868,india,bc2207b90ae6ca690516d6367b342a513c27d95adc15dfb9667ab7aedb12623b,True,,0.0,1.25,1.610755,1.610755
2026-09-14T11:00,2026-09-22,2026-09-22-35786586868,india,5a89fecf8d8bdb81f4feb1de4c223b3a7b5bbf148f7e5160b100baa0aa9e534f,True,,0.0,1.25,1.606685,1.606685
2026-09-14T11:00,2026-09-22,2026-09-22-35786586868,india,f5873a63069c19387bb423c6bfdba337807f9d37e1b1ca6dca069250b36e0a4c,False,,0.0,1.25,1.606149,1.606149
2026-09-14T11:00,2026-09-22,2026-09-22-35786586868,india,e99fecfa40d4eea19ea855dbba329911a8e724b2a78fd08b37569dc97c96ef5d,True,,0.0,1.25,1.592229,1.592229
2026-09-14T11:00,2026-09-22,2026-09-22-35786586868,india,2c35abb5e9bb8007ddadfad936bc8e8564dc31fedae2b9e1c1c94cfb730a8fc1,True,,0.0,1.25,1.519714,1.519714
2026-09-14T11:00,2026-09-22,2026-09-22-35786586868,india,12898cf9841114811a72570b58ebfae3d10cd46bd56b7840702b3a37dcdb17a8,True,,0.0,1.25,1.456735,1.456735
2026-09-14T11:00,2026-09-22,2026-09-22-35786586868,india,c1910af824caf5ec0f03c52788571e1500573d62c1ec81fc8344c81abd4cc1b4,True,,0.0,1.25,1.42562,1.42562
2026-09-14T11:00,2026-09-22,2026-09-22-35786586868,india,def462eab00c33d19247e3a256a0215807e64377da2abc5308a60ae2bf25c126,True,trade,0.3,1.25,1.42383,1.49883
2026-09-14T11:00,2026-09-22,2026-09-22-35786586868,india,34e7de3e1c88916ed829d6388a177cc4ea8e0ef6048c21faddea5a8342854c92,False,,0.0,1.25,1.41667,1.41667
2026-09-14T11:00,2026-09-22,2026-09-22-35786586868,india,636c5e3ec587975a87a9b8dcfafe203f84ec0302fa0837fb37f7764ab5f4be58,False,,0.0,1.25,1.416355,1.416355
2026-09-14T11:00,2026-09-22,2026-09-22-35786586868,india,60aa0ee0a1db34c926036f91149557aeff25c2624efbf7c42289a14217ab996e,False,,0.0,1.25,1.415259,1.415259
2026-09-14T11:00,2026-09-22,2026-09-22-35786586868,india,79abf99c18f8a7e24c49c906f7c474e44a7ac1ecc884cc1cad739ac8862071b5,False,,0.0,1.25,1.415199,1.415199
2026-09-14T11:00,2026-09-22,2026-09-22-35786586868,india,025140ebd8ab9f66ad4479e9398e334dbf91ca3e7884a0b84621c4bb62bfce1c,False,,0.0,1.25,1.415139,1.415139
2026-09-14T11:00,2026-09-22,2026-09-22-35786586868,india,8bde5ada1e2971274100e779b9f6ee95dbbd124dc97fcb572ee0b943f441358b,False,,0.0,1.25,1.414371,1.414371
2026-09-14T11:00,2026-09-22,2026-09-22-35786586868,india,1dc3a680888194b5e6bd05927bd4c10c649de7537b233c759bc9989bd2b5a314,False,,0.0,1.25,1.414317,1.414317
2026-09-14T11:00,2026-09-22,2026-09-22-35786586868,india,db675f071b449d2cdef32e67699f1bd7e1708fa074b66058c5e99fdc5ba5a218,False,,0.0,1.25,1.413883,1.413883
2026-09-14T11:00,2026-09-22,2026-09-22-35786586868,india,6d2dac6e40de0eb4102cc520f1a9068555660636639ea9635b3402bb971d47ab,False,,0.0,1.25,1.410137,1.410137
2026-09-14T11:00,2026-09-22,2026-09-22-35786586868,india,5564abc9deec36934de588a2ca6533911961e1cf9bf29eb4616882177b132bc8,False,,0.0,1.25,1.406268,1.406268
2026-09-14T11:00,2026-09-22,2026-09-22-35786586868,india,f105090e48a73dc434db52a185ae59b12dd3961c945fb8b018e810b4832c91f8,False,,0.0,1.25,1.405109,1.405109
2026-09-14T11:00,2026-09-22,2026-09-22-35786586868,india,61b306633571f6141cba7c2fcad151d1a1def0eeb2b9f74058c158299812adbd,False,,0.0,1.25,1.404913,1.404913
2026-09-14T11:00,2026-09-22,2026-09-22-35786586868,india,6f6fe453540fc55152c461a773a1c56617bd2ca2603eea09de040046ce16ac09,False,,0.0,1.25,1.404676,1.404676
2026-09-14T11:00,2026-09-22,2026-09-22-35786586868,india,22fe5c870eadc02df37fa14bc1c620cd4ab58c995f307bc5cfbec0eb36202950,False,,0.0,1.25,1.401776,1.401776
2026-09-14T11:00,2026-09-22,2026-09-22-35786586868,india,c02eff6f2c12ff72b53121683d4c6dd98e345d1e9b678dc4d276e31f09fe8588,False,,0.0,1.25,1.400762,1.400762
2026-09-14T11:00,2026-09-22,2026-09-22-35786586868,india,68fbd66057b6d94107f56ececc4d2d5cf763965a0b3cb6a073f41ec86c00215b,False,,0.0,1.25,1.399497,1.399497
2026-09-14T11:00,2026-09-22,2026-09-22-35786586868,india,497514cf5183c444989930e28a5496baffc02ea5e4835dffbc01303db14622c6,False,,0.0,1.25,1.399232,1.399232
2026-09-14T11:00,2026-09-22,2026-09-22-35786586868,india,4813d4e6f030fd7d5a6163b6819fee3fb0be3590783a4202ff40d2e8faba0878,False,,0.0,1.25,1.397373,1.397373
2026-09-14T11:00,2026-09-22,2026-09-22-35786586868,india,4ac2cb7df02514b9300c6e5caa6baa39787d64150f6383518d8c5a4b1f07c75a,False,,0.0,1.25,1.396349,1.396349
2026-09-14T11:00,2026-09-22,2026-09-22-35786586868,india,595aeb08952eed75631a0525afc5774030c1d5a4c19c2a212f78827b0828a228,True,trade,0.3,1.25,1.387414,1.462414
2026-09-14T11:00,2026-09-22,2026-09-22-35786586868,india,68edf0821928eff887e64b78899aa5e2ef89918d32fef47bfd952bc275c84e24,True,,0.0,1.25,1.366309,1.366309
2026-09-14T11:00,2026-09-22,2026-09-22-35786586868,india,4eb6263200d727d249d26b28348d42fe5fd903d19e40f3904eade2b18113c138,True,,0.0,1.25,1.3524,1.3524
2026-09-14T11:00,2026-09-22,2026-09-22-35786586868,india,8cda253034b775b6884aa56d18004303a30d3911f5fb4bc204355383de012e42,True,,0.0,1.25,1.301284,1.301284
2026-09-14T11:00,2026-09-22,2026-09-22-35786586868,india,ebc09a7ea7d8f0b6c871eb574a099250610ddf334b81d75fa352080e56297a52,True,,0.0,1.25,1.189566,1.189566
2026-09-14T11:00,2026-09-22,2026-09-22-35786586868,india,5eb8b32f63d2328c79a0b2e4f6c82be2e164956f6a243dac31262fea6b97404f,True,,0.0,1.25,1.186189,1.186189
2026-09-14T11:00,2026-09-22,2026-09-22-35786586868,india,53c2fed992bc48757ec4360359d0e9b8dce92254dd9476a59f1253f871d62096,True,,0.0,1.25,1.181002,1.181002
2026-09-14T11:00,2026-09-22,2026-09-22-35786586868,india,357afae149556c255108ff84c06b5727f6ccd3b1a30a7aff208f7490a984769e,True,,0.0,1.25,1.178713,1.178713
2026-09-14T11:00,2026-09-22,2026-09-22-35786586868,india,8a89ba14704f41245d23137746615bfba7d103df715faea8f03d89054e7d537c,True,,0.0,1.25,1.175011,1.175011
