version,host,line_rule,line_hash,pages_seen,first_seen,last_seen
2026-09-17,aa.com.tr,nfkc-casefold-collapse-v1,3bdc31ccfca83bfe87d8d624a92d51c07fae275fd9d8ce69eeb8d69234f9b688,2,2026-09-17,2026-09-17
2026-09-17,aa.com.tr,nfkc-casefold-collapse-v1,f4e367c1395bc7832a2115607d7c522fce0b89dbdf8c48142d9f6f080d2999a0,2,2026-09-17,2026-09-17
2026-09-17,aa.com.tr,nfkc-casefold-collapse-v1,89bfb71fe8a5f51e8b14b5971ce2d01d0a3adbb32749e19c441bb4af8cd00bf5,2,2026-09-17,2026-09-17
2026-09-17,aa.com.tr,nfkc-casefold-collapse-v1,751ce3d8409fdc0c85390d17667d4b512f2068cbc5352c651a05a9a40ef93548,2,2026-09-17,2026-09-17
2026-09-17,aa.com.tr,nfkc-casefold-collapse-v1,16810d5c352336c7cb04880d0381d07ce13e053be50810f50f2a20187fa05882,2,2026-09-17,2026-09-17
2026-09-17,aa.com.tr,nfkc-casefold-collapse-v1,b2567fdec9cc10fde9d4241a9cd81505cdd0fac6ddd2d5af3a5ff284d48dcd69,2,2026-09-17,2026-09-17
2026-09-17,aa.com.tr,nfkc-casefold-collapse-v1,449e07b088443bac9fe27fb0f7296a5bfea466f0f56813bdb07cc1fec71133ab,2,2026-09-17,2026-09-17
2026-09-17,aa.com.tr,nfkc-casefold-collapse-v1,a7535395278f1da329777f9b2788829cb4b23f7ad9752f8d25c4c34b4c5db0de,2,2026-09-17,2026-09-17
2026-09-17,aa.com.tr,nfkc-casefold-collapse-v1,751c59fe1fa734e61bec7c142171bfcbca97ff8223171b4bd63d8165a67a4d74,2,2026-09-17,2026-09-17
2026-09-17,aa.com.tr,nfkc-casefold-collapse-v1,7f5b2815b87008892678f5646d9a4462002bed07f9ee3df107010ce1a0990053,2,2026-09-17,2026-09-17
2026-09-17,aa.com.tr,nfkc-casefold-collapse-v1,227ad8fa71c685a06441f40c2b1bf77728bb2c5727287b0670ed41ec049326df,2,2026-09-17,2026-09-17
2026-09-17,aa.com.tr,nfkc-casefold-collapse-v1,7ccbcccafc7f0e7c386792a0978a87a0de1ef9d3bc94e71dd07bdc1c3d9dc2e3,2,2026-09-17,2026-09-17
2026-09-17,aa.com.tr,nfkc-casefold-collapse-v1,0dc89a9fe08d0269d96750a5092ea201222a280a90eee5fe6b8c85c6ef0243f8,2,2026-09-17,2026-09-17
2026-09-17,aa.com.tr,nfkc-casefold-collapse-v1,119b124444fa071cd635e4c017fb0b1c7e6b196739dfdc0971f5a2537c21d515,2,2026-09-17,2026-09-17
2026-09-17,aa.com.tr,nfkc-casefold-collapse-v1,534656d5dd13b99328279e5391ca993fc720eb1cc46a6e720bcbed06c43ec255,2,2026-09-17,2026-09-17
2026-09-17,aa.com.tr,nfkc-casefold-collapse-v1,e065aa72a2b59baf37daf6855c18f4e2c57f20072033a29598514464c56dd940,2,2026-09-17,2026-09-17
2026-09-17,abc.net.au,nfkc-casefold-collapse-v1,4d65fb94cf311679e5cfd4e62652bd32e5e58483eb87555e8657ab31de03bca5,6,2026-09-17,2026-09-17
2026-09-17,abc.net.au,nfkc-casefold-collapse-v1,7d84fc025c44ad5290442a52a79a170d00d0ae5c9a3219fa00df09af4f84278d,2,2026-09-17,2026-09-17
2026-09-17,abc.net.au,nfkc-casefold-collapse-v1,067b2571d957c31c7c388a88cdaf9044ea4a48bc452aa5ab4bc06d0bde73b95c,2,2026-09-17,2026-09-17
2026-09-17,abc.net.au,nfkc-casefold-collapse-v1,26fbb99409b003d3cb16d46d1a4044a7d4b4ee43405f5a5ef6900047f1abe31b,2,2026-09-17,2026-09-17
2026-09-17,abc.net.au,nfkc-casefold-collapse-v1,66d6b107d8f563a3ab01d0a49df1bab50632df9d31cd18266e6852a6095f289c,2,2026-09-17,2026-09-17
2026-09-17,abc.net.au,nfkc-casefold-collapse-v1,2ead9581349e3df8a312c799f7baca7ee485e08151b9a6843e9514f28d5f364d,2,2026-09-17,2026-09-17
2026-09-17,abc.net.au,nfkc-casefold-collapse-v1,918145167ab6f0d24783f443ac90a93fbf75749730295e989133117e44541b2a,2,2026-09-17,2026-09-17
2026-09-17,abc.net.au,nfkc-casefold-collapse-v1,de6cad69c4e3cd5aedfe3debdb58780bed098bfe82d6813295d6450b5b172849,2,2026-09-17,2026-09-17
2026-09-17,abc.net.au,nfkc-casefold-collapse-v1,7f95699037b6f01b166c5875d9d45cb5e5a8b923ba475e7723e4463465802fd2,2,2026-09-17,2026-09-17
2026-09-17,abc.net.au,nfkc-casefold-collapse-v1,238a8031dc5581cad54b0e2dfc0f47c007c4d4b2cdab01173f8b5ca7f20a5dc2,2,2026-09-17,2026-09-17
2026-09-17,abc.net.au,nfkc-casefold-collapse-v1,06f269eaff271e7b6eab1aa93a132e6a8bcfc4a35cbe3f41623b114fb2a57f14,2,2026-09-17,2026-09-17
2026-09-17,abc.net.au,nfkc-casefold-collapse-v1,f15a522bdae8eec2961fdbf51879cff1165197c93d5f7d98794ba56c1143907a,2,2026-09-17,2026-09-17
2026-09-17,abc.net.au,nfkc-casefold-collapse-v1,ff1f03c037677135c43e62c90629fee04a5985843c4300da46e8f3ce1ec188bd,2,2026-09-17,2026-09-17
2026-09-17,abc.net.au,nfkc-casefold-collapse-v1,bc6cfac395271be218e318b21f03c4d9c8aac7d43d3258e0e7d0b91274d4f9f1,2,2026-09-17,2026-09-17
2026-09-17,abc.net.au,nfkc-casefold-collapse-v1,4cf5041889c0330ade328b043c43e3dfbd0da107d152a9c15caacd9649ff9e6a,2,2026-09-17,2026-09-17
2026-09-17,abc.net.au,nfkc-casefold-collapse-v1,da3edc4326c8d4482e438c1345d4ccacfa2199e83b2ae0261cd1056f0c15bccf,2,2026-09-17,2026-09-17
2026-09-17,abc.net.au,nfkc-casefold-collapse-v1,00cc191c636a3171ca685fb967139b6aafadfed2a9affa95b692c4afb084a7c7,2,2026-09-17,2026-09-17
2026-09-17,abc.net.au,nfkc-casefold-collapse-v1,e895a28822628afddb3acaebca243727978d5ab130f225f8f0e7c8fa35138b19,2,2026-09-17,2026-09-17
2026-09-17,abc.net.au,nfkc-casefold-collapse-v1,6ebc821d728f79c6bdf6f0a4e6555fd32fa9eb55068f257ef80d3e164dd7fb6f,2,2026-09-17,2026-09-17
2026-09-17,abc.net.au,nfkc-casefold-collapse-v1,afc3e1aef47c2c15b39eed56b4e82cfbb6c06fc08bd7b092dd375c0fc6a5c211,2,2026-09-17,2026-09-17
2026-09-17,abc.net.au,nfkc-casefold-collapse-v1,1e24badb34c7ac547d32dc5676b707b27edac80cd73fa1ec3e70f8aaf66363ab,2,2026-09-17,2026-09-17
2026-09-17,abc.net.au,nfkc-casefold-collapse-v1,23fd0dce8ef0724aac6cfcc7fd35a82bd852f9118e71ff9ce122e5a32886ccf0,2,2026-09-17,2026-09-17
2026-09-17,abc.net.au,nfkc-casefold-collapse-v1,035a50336525026af4d8163fed055b889160a8fe525fe760623fc91058f24b14,2,2026-09-17,2026-09-17
2026-09-17,abc.net.au,nfkc-casefold-collapse-v1,cc71bce6af7471ea335d04c3e8e7287502bcecaa5f5adcaa1493653c8cc13049,2,2026-09-17,2026-09-17
2026-09-17,abc.net.au,nfkc-casefold-collapse-v1,93ad62225b436472e45c2d94d871f7186b93eeb87dc96f8e4f10ccf6b081420d,2,2026-09-17,2026-09-17
2026-09-17,abc.net.au,nfkc-casefold-collapse-v1,0be246dc85a14e2d2236ca7c0fa6a46f2d02251345cfdb8eafe52991816b5b43,2,2026-09-17,2026-09-17
2026-09-17,abc.net.au,nfkc-casefold-collapse-v1,0ad68c251ae04640bf57108bffe1b7e22dd102aa5068cae8b7a1dcde8183f9c3,2,2026-09-17,2026-09-17
2026-09-17,abc.net.au,nfkc-casefold-collapse-v1,0a70f51432e9d4278828e937b3269601c1b67b9d686a9fe35b2325ce76795ef8,2,2026-09-17,2026-09-17
2026-09-17,abc.net.au,nfkc-casefold-collapse-v1,9e84c1f409762bccf9f28d3f9fe415c93f54b521488fbbe1cfaae12eda5af8ab,2,2026-09-17,2026-09-17
2026-09-17,abc.net.au,nfkc-casefold-collapse-v1,3faf9d1491b210d5af6a94438c5ddcf817a84d56a3907b184107100d54b89d1d,2,2026-09-17,2026-09-17
2026-09-17,abc.net.au,nfkc-casefold-collapse-v1,82f0b2a46fb45232091d255ea98d6b61debb4810612dbc2927b75dafd1ee1398,2,2026-09-17,2026-09-17
2026-09-17,abc.net.au,nfkc-casefold-collapse-v1,ec93c9db86df50785442d00f735349b1873bcca547ef94382bba89708250872b,2,2026-09-17,2026-09-17
2026-09-17,abc.net.au,nfkc-casefold-collapse-v1,f35d2b7eddc16fbb3a554125d8b3065b925aeca342d502e3439548532117d529,2,2026-09-17,2026-09-17
2026-09-17,abc.net.au,nfkc-casefold-collapse-v1,8ba528924f149be3c135b182d9d0aac59b8140318ff1dc0c34830bb072f9404f,2,2026-09-17,2026-09-17
2026-09-17,abc.net.au,nfkc-casefold-collapse-v1,0f13456a6eb533382afad1d26d9679207fc94c66e9fd952397f442eeabee91eb,2,2026-09-17,2026-09-17
2026-09-17,abc.net.au,nfkc-casefold-collapse-v1,cdb9d029ac7023630dc082399d7c268a3d4eec76fea857a28577bfa865ed2dd5,2,2026-09-17,2026-09-17
2026-09-17,abc.net.au,nfkc-casefold-collapse-v1,8bcc01b2596dc677f6fc0152b9fed0385236133338251f382ec685064703183b,2,2026-09-17,2026-09-17
2026-09-17,abc.net.au,nfkc-casefold-collapse-v1,432cfb16aa8929984bcbb82eca04b9702b72eb15ee386fdef75ebb1a11aa7f12,2,2026-09-17,2026-09-17
2026-09-17,abc.net.au,nfkc-casefold-collapse-v1,7f7d4335233faa1216695f80a0b3c602d560ca1924a46f1fbef7e7544874b8e5,2,2026-09-17,2026-09-17
2026-09-17,abc.net.au,nfkc-casefold-collapse-v1,b6615c4d750cc0323433865ac94cb0d6fb8653ab47e9deb660fad9ebd44c397f,2,2026-09-17,2026-09-17
2026-09-17,abc.net.au,nfkc-casefold-collapse-v1,c6c316d4562a34808fdfc656ced3ada94ef5c10a5aee9712f72be2293a6e5e86,2,2026-09-17,2026-09-17
2026-09-17,abc.net.au,nfkc-casefold-collapse-v1,72d633e31a9276f7ba56f5b9ba348d75c80edae337dd137634c84030b4bd80bd,2,2026-09-17,2026-09-17
2026-09-17,abc.net.au,nfkc-casefold-collapse-v1,01618942eed8d6c7174c2aebb7db85aab1c3e2a67781316a9dafe110a1b07b3c,2,2026-09-17,2026-09-17
2026-09-17,abc.net.au,nfkc-casefold-collapse-v1,3ac65efc48c90df854d16c1e04a078abd70fbcbdf068239afb25b2b3551fcd4c,2,2026-09-17,2026-09-17
2026-09-17,abc.net.au,nfkc-casefold-collapse-v1,2ebc0dde2615a81464a156588bbc1421b27432938a6cd9341c10e58097129c0f,2,2026-09-17,2026-09-17
2026-09-17,abc.net.au,nfkc-casefold-collapse-v1,2979c057f93364b1999455d6b1cc2e3da1c7dffd13195328a0e8ca859417bb38,2,2026-09-17,2026-09-17
2026-09-17,abc.net.au,nfkc-casefold-collapse-v1,aa827ec649c753c8fc7be7629aee71786ab8d64a59d0cdd7f983be5fca6beb69,2,2026-09-17,2026-09-17
2026-09-17,abc.net.au,nfkc-casefold-collapse-v1,6ee52404a3c20b2a2a98321a110b913de35f44c3a861b0b7df1f6328be33b157,2,2026-09-17,2026-09-17
2026-09-17,abc.net.au,nfkc-casefold-collapse-v1,55e0107db1f863a39658ae2dfdeac1af03298f4ba92e6ea5efbb9366b881d1af,2,2026-09-17,2026-09-17
2026-09-17,abc.net.au,nfkc-casefold-collapse-v1,85d69d2c79a7092639d80f413923a6afdd3dd93da498e39315d707a1bc01c8b7,2,2026-09-17,2026-09-17
2026-09-17,abc.net.au,nfkc-casefold-collapse-v1,d6475f4443aff6bc69c591b6cf052d9baac9e0b3ad592b85bf70a460b9e1aae5,2,2026-09-17,2026-09-17
2026-09-17,abc.net.au,nfkc-casefold-collapse-v1,3b598fc363c84317a49046df4f22342d35f6110cb776790d6d4f728e5ee161e6,2,2026-09-17,2026-09-17
2026-09-17,abc.net.au,nfkc-casefold-collapse-v1,59851ffc09f8bf4c31df466eac94fe5b88f7f03f50810cdb2eea764bec1d901b,2,2026-09-17,2026-09-17
2026-09-17,abc.net.au,nfkc-casefold-collapse-v1,28252a3f9ee2fe4c891a23ac7878d68be7674ea931ba804216963da0074a7159,2,2026-09-17,2026-09-17
2026-09-17,abc.net.au,nfkc-casefold-collapse-v1,12174e662fec5504599382bc0b119467fb47b675230507bf578b0ff67f13cbfb,2,2026-09-17,2026-09-17
2026-09-17,abc.net.au,nfkc-casefold-collapse-v1,872e80b2934293bdb12269e1020ae028aa94db183068757bc54558c447295e14,2,2026-09-17,2026-09-17
2026-09-17,abc.net.au,nfkc-casefold-collapse-v1,65d1a4d05370b3f45abe5a4d63f899079ae551a19eb419149ec127838d7acc23,2,2026-09-17,2026-09-17
2026-09-17,abc.net.au,nfkc-casefold-collapse-v1,1bcf7347466c8db9d8e1aa1fb24a7fd7186d61a6a09a18c92d757be7b1e4ff64,2,2026-09-17,2026-09-17
2026-09-17,abc.net.au,nfkc-casefold-collapse-v1,097d9edf597a78f28fcc2986112c0bcd54907c5bd734c2c23fa778160d1bcb8e,2,2026-09-17,2026-09-17
2026-09-17,abc.net.au,nfkc-casefold-collapse-v1,e3be08c6bbb8840b0af28e015d0064787229ff89d6ea1a9d1d7e3d38f6397f1e,2,2026-09-17,2026-09-17
2026-09-17,abc.net.au,nfkc-casefold-collapse-v1,16a03aecf49bdddc9888dd9dec95e6e465830e9eba88a9dc03f7e9d85338d637,2,2026-09-17,2026-09-17
2026-09-17,abc.net.au,nfkc-casefold-collapse-v1,6146f24724282b119802293f1ce27e64375a0ce5621c57e36aa262736dd6cd56,2,2026-09-17,2026-09-17
2026-09-17,abc.net.au,nfkc-casefold-collapse-v1,14dfe4eda7a1dc2d25f5f0e91815d00adb49059a4538766194d307182ad5e427,2,2026-09-17,2026-09-17
2026-09-17,abc.net.au,nfkc-casefold-collapse-v1,f4ba3effc845261025aa40ef25c06543a9933fb085ee44a279ef1f77f5af91c5,2,2026-09-17,2026-09-17
2026-09-17,abc.net.au,nfkc-casefold-collapse-v1,bead86884f78b59bce6ce64ad0eb69a5afa74fc7494de8f12b2bcc4e6f7250d3,2,2026-09-17,2026-09-17
2026-09-17,abc.net.au,nfkc-casefold-collapse-v1,4feca39b48a545375dcf88b70340fda3ecbae91d8400c27f116d77e0056fcb09,2,2026-09-17,2026-09-17
2026-09-17,abc.net.au,nfkc-casefold-collapse-v1,28ecda3c0a86d5f5c4c0b04306b1a25e38dd3df74f94d712396586a40865e8fe,2,2026-09-17,2026-09-17
2026-09-17,abc.net.au,nfkc-casefold-collapse-v1,1464f55bacf9b5a8e3f2d964738e5726bb0cc254fe0ca9cba3f0c4679e1c51a1,2,2026-09-17,2026-09-17
2026-09-17,abc.net.au,nfkc-casefold-collapse-v1,eb418f33dad072734a191b2a74cddcce3963e8af5aaeb1dbe7ebb795fea89ebc,2,2026-09-17,2026-09-17
2026-09-17,abc.net.au,nfkc-casefold-collapse-v1,bd3aa60a41bb11280aa8b83e51b28118f60ea8601c515ff1d99684d36b458c13,2,2026-09-17,2026-09-17
2026-09-17,africanews.com,nfkc-casefold-collapse-v1,2e73f5505dc1659411daa6c9a8e8e05f98b337b464fb3e1b76ab43cb73b80dd2,2,2026-09-17,2026-09-17
2026-09-17,africanews.com,nfkc-casefold-collapse-v1,f5b61fa36a4ef9c64af09658e473faf64b213814b68339a1d8f545710bc860f6,2,2026-09-17,2026-09-17
2026-09-17,africanews.com,nfkc-casefold-collapse-v1,32350264ce758ae40beb91af101ba4481c2cb1f4f6a91534c578f2d273cafa8c,2,2026-09-17,2026-09-17
2026-09-17,africanews.com,nfkc-casefold-collapse-v1,d1a0c3bce271c65a86ba4959055e8879961a3b927a4232babee96db455846726,2,2026-09-17,2026-09-17
2026-09-17,africanews.com,nfkc-casefold-collapse-v1,cca94183e79bf741795b58ec3051510476c15a81fac4eab819323facdb8ae748,2,2026-09-17,2026-09-17
2026-09-17,africanews.com,nfkc-casefold-collapse-v1,ebb8beb1862c2ca320146fa7ae1d0c7d5505b0841205a757192376a59f1178e4,2,2026-09-17,2026-09-17
2026-09-17,africanews.com,nfkc-casefold-collapse-v1,6c78f5549f661442d826550cfb48bbf54420a719a728e4227d18a56df0ea7eed,2,2026-09-17,2026-09-17
2026-09-17,africanews.com,nfkc-casefold-collapse-v1,fee7a2c8f24536ac12bd3f23602d692526d178681d0bd7a6f1bc64ca04295f3f,2,2026-09-17,2026-09-17
2026-09-17,africanews.com,nfkc-casefold-collapse-v1,eb8b9e1e163931071744a5d634a09393de45f5d1836aba63a9090a7f7d69e6a6,2,2026-09-17,2026-09-17
2026-09-17,africanews.com,nfkc-casefold-collapse-v1,7e3ff91109bb0287aeb0873e92efccbcedf2acd32c94de976d4fe7fd0f24e0c9,2,2026-09-17,2026-09-17
2026-09-17,africanews.com,nfkc-casefold-collapse-v1,7af54c76e254a3e0188bd54b49deb017bad8f3de3e7f683c015c573d9b4e117e,2,2026-09-17,2026-09-17
2026-09-17,africanews.com,nfkc-casefold-collapse-v1,fdad4d8f473551736125d2c5631b777b09ac81bf348771b916621d5a6bb2cbfd,2,2026-09-17,2026-09-17
2026-09-17,arstechnica.com,nfkc-casefold-collapse-v1,0cec7404c629bc80ee69755b4c470ffc554301977c2cccda4065e4a9e479ad73,2,2026-09-17,2026-09-17
2026-09-17,arstechnica.com,nfkc-casefold-collapse-v1,f3654d586a43b86ecfcd3807ebdefe4fcdc26e20cf6c2d425b43463eab4bf709,2,2026-09-17,2026-09-17
2026-09-17,arstechnica.com,nfkc-casefold-collapse-v1,03da2322d15e1a18124b517a95985c0c4e1cff2a8ed492b1b0a1362511e8662f,2,2026-09-17,2026-09-17
2026-09-17,arstechnica.com,nfkc-casefold-collapse-v1,f1ea78b075796d55d399e9d9233e76afb914ad275955f4ba712fac28977388c6,2,2026-09-17,2026-09-17
2026-09-17,balkangreenenergynews.com,nfkc-casefold-collapse-v1,22e808b0481e375f8b49aa2290dc3730cee82531249a95aaa396b114a91fc996,2,2026-09-17,2026-09-17
2026-09-17,balkangreenenergynews.com,nfkc-casefold-collapse-v1,fb5b07f1e654d8b55dd96b6f023da3edcc53db09af10c95add0f7f8bccede166,2,2026-09-17,2026-09-17
2026-09-17,balkangreenenergynews.com,nfkc-casefold-collapse-v1,757bf2aa2b7055b3d75b2ea569e1d547db71e02da585de650c38c56d76328d2c,2,2026-09-17,2026-09-17
2026-09-17,balkangreenenergynews.com,nfkc-casefold-collapse-v1,64a8432affd0e5211a711c44c289c962dc7e42d51699e1fad079aba6022f6ee4,2,2026-09-17,2026-09-17
2026-09-17,balkangreenenergynews.com,nfkc-casefold-collapse-v1,381540b877a8c294bae1ba0e44918b4824f9f457ca7eb7db8020956a74233f68,2,2026-09-17,2026-09-17
2026-09-17,balkangreenenergynews.com,nfkc-casefold-collapse-v1,8037a0c8aea21d411623a37dea7d45410b9aa3aeae392b78e440b689f7936c52,2,2026-09-17,2026-09-17
2026-09-17,balkangreenenergynews.com,nfkc-casefold-collapse-v1,442a304c8479999e0b367fef943f2aa6949a44f46f4e6224a976ef5d21e77c01,2,2026-09-17,2026-09-17
2026-09-17,balkangreenenergynews.com,nfkc-casefold-collapse-v1,eea228a38c8c306384ea3f8a97abe5c63891753dff703852e01e858bbe6768fe,2,2026-09-17,2026-09-17
2026-09-17,balkangreenenergynews.com,nfkc-casefold-collapse-v1,22a00428c670c91eced3e759e7d6e91dfee2b83f5a184ada65b261f3396a54a5,2,2026-09-17,2026-09-17
2026-09-17,balkangreenenergynews.com,nfkc-casefold-collapse-v1,15e91be9177840c3a31ade56ef53cc9079944f2a02a918efa80fc61eea1792d3,2,2026-09-17,2026-09-17
2026-09-17,balkangreenenergynews.com,nfkc-casefold-collapse-v1,0d91d6df39d29a0be5b2e0644ed98b3978e034b7d3b63328024d4ffeff5b3a6d,2,2026-09-17,2026-09-17
2026-09-17,balkangreenenergynews.com,nfkc-casefold-collapse-v1,4ec29153619730ae2b627c058e3f176c3ddbdb66a1d6f018622bd88409f7a269,2,2026-09-17,2026-09-17
2026-09-17,balkangreenenergynews.com,nfkc-casefold-collapse-v1,2e31233c9a99c08e19705209a28ab498224e3bda8b7f93a3aa96c5ac39dbfcf9,2,2026-09-17,2026-09-17
2026-09-17,balkangreenenergynews.com,nfkc-casefold-collapse-v1,a35cb846ea3f5f5801300d2a13205fb8635c45d998ab73158ae4494a6f166b44,2,2026-09-17,2026-09-17
2026-09-17,balkangreenenergynews.com,nfkc-casefold-collapse-v1,a482f9a9a033afa665ced1d9e8afeae79cc5afba73da4fcf2cb6165bc573b7f6,2,2026-09-17,2026-09-17
2026-09-17,balkangreenenergynews.com,nfkc-casefold-collapse-v1,e033b86f6d43e8c081cbd8c132c729f91baead4e3cf3d0e7de8a67fcc8a603f7,2,2026-09-17,2026-09-17
2026-09-17,balkangreenenergynews.com,nfkc-casefold-collapse-v1,16126268c4756d61b3a887fc0e5ca28f2761ab4b61338d9ff32a023e9228e69b,2,2026-09-17,2026-09-17
2026-09-17,balkangreenenergynews.com,nfkc-casefold-collapse-v1,bddf28c78c2c801e6a875ef7b63f91895b4fd16aeeb235a4d023f9ec2cce15fa,2,2026-09-17,2026-09-17
2026-09-17,balkangreenenergynews.com,nfkc-casefold-collapse-v1,266a2d967af08691790f3fbf7e8c3c03eaaeaa0d17c8ea1155637ce53bee5148,2,2026-09-17,2026-09-17
2026-09-17,balkangreenenergynews.com,nfkc-casefold-collapse-v1,bb95b633e77ce4ffccaadc29805230df7ff362595ba1730f44f44c72077ea0d7,2,2026-09-17,2026-09-17
2026-09-17,balkangreenenergynews.com,nfkc-casefold-collapse-v1,b99e41aacbace4e90814975275328122958e994316ef9884783288a7218e43b6,2,2026-09-17,2026-09-17
2026-09-17,bazaar.businesstoday.in,nfkc-casefold-collapse-v1,df02af730b1b1f9af29ff279318113d8034c25741247adf447849d52eaed524d,2,2026-09-17,2026-09-17
2026-09-17,bazaar.businesstoday.in,nfkc-casefold-collapse-v1,2374c711db766d5cfcdb815d1f43a5143c4218afc22c06e0f3fb45d7f35d2846,2,2026-09-17,2026-09-17
2026-09-17,bazaar.businesstoday.in,nfkc-casefold-collapse-v1,d2ddb7c8956d95c7fa3618d06b4e7021955aa17de20d6a33173b51b86f43e67c,2,2026-09-17,2026-09-17
2026-09-17,bazaar.businesstoday.in,nfkc-casefold-collapse-v1,3ebf89024d7345aa523dd0a948224e2729803ba6801a4b56b86c37b20601c154,2,2026-09-17,2026-09-17
2026-09-17,bazaar.businesstoday.in,nfkc-casefold-collapse-v1,262c36bbb20f39df8c17710ede994bde75464b1b1fc93bce5a353e8d8bb79c37,2,2026-09-17,2026-09-17
2026-09-17,bazaar.businesstoday.in,nfkc-casefold-collapse-v1,d0b81b522f4b741a95f8cff17e27d6e581c95f23bdcb589da878810a016ac340,2,2026-09-17,2026-09-17
2026-09-17,bazaar.businesstoday.in,nfkc-casefold-collapse-v1,3e4b6806d72357b5523551b6e441d3fc694094df32e0f2425133620b9d180d5c,2,2026-09-17,2026-09-17
2026-09-17,bazaar.businesstoday.in,nfkc-casefold-collapse-v1,a1b23e69fcf548fc6c3726449cf8ceec6139bfd2b2eee51a26dbef2c62cb2a6d,2,2026-09-17,2026-09-17
2026-09-17,bazaar.businesstoday.in,nfkc-casefold-collapse-v1,d8be4e56e28fa387c3d6f4c4653e8af3b0ec95e7d70f4c883e515e1e33a24504,2,2026-09-17,2026-09-17
2026-09-17,bazaar.businesstoday.in,nfkc-casefold-collapse-v1,8209de62d24cf57defcfc12c7513b8bbca9b88dec3a7ed7423bd2beda537d1e6,2,2026-09-17,2026-09-17
2026-09-17,bazaar.businesstoday.in,nfkc-casefold-collapse-v1,3fc684410f6fb28abaf9e8772f33b1d030900a4b7ac4e5a25285093648cd4fab,2,2026-09-17,2026-09-17
2026-09-17,bazaar.businesstoday.in,nfkc-casefold-collapse-v1,4cc3ef880645666ef470c592859d0ea3e32616e3ca882e1c7a717c4566aa0f87,2,2026-09-17,2026-09-17
2026-09-17,bazaar.businesstoday.in,nfkc-casefold-collapse-v1,bf440bf5f1ca0e4a584f00cb7aba0cf58f8ba12f221bbf7ab95b5068bf63c1bc,2,2026-09-17,2026-09-17
2026-09-17,bazaar.businesstoday.in,nfkc-casefold-collapse-v1,702b7607ca2c503e5498ee816cfea4a4deedf89765816dc8d727c73418607981,2,2026-09-17,2026-09-17
2026-09-17,bazaar.businesstoday.in,nfkc-casefold-collapse-v1,da210f1e9527b43a92ee20ced99afa4fa29cd7b7155f250520aa2155b2d807f7,2,2026-09-17,2026-09-17
2026-09-17,bazaar.businesstoday.in,nfkc-casefold-collapse-v1,8fabd7e1bc5d3ff11d461d8fa852af7487a55cb3a6547e2cfa3ef75966e2d34e,2,2026-09-17,2026-09-17
2026-09-17,bazaar.businesstoday.in,nfkc-casefold-collapse-v1,ac944ffad2ebda12c34016e57c99d80fa1ba049ba37b7376c6eace1c385d5eb0,2,2026-09-17,2026-09-17
2026-09-17,bazaar.businesstoday.in,nfkc-casefold-collapse-v1,f8b4becfd789b3bf81a7e739384f0f07594f785aab24bd8b5b8adc90c4bcd47f,2,2026-09-17,2026-09-17
2026-09-17,bbc.co.uk,nfkc-casefold-collapse-v1,9464baf6299e2d9dd794e2b3fc48e433dceca13891d576af7f3c756b4726c8b1,10,2026-09-17,2026-09-17
2026-09-17,bbc.co.uk,nfkc-casefold-collapse-v1,50f7dfb6320ff53cca40df5fd65afccf8649fa7fa48da2e73554a3c423a52f94,2,2026-09-17,2026-09-17
2026-09-17,bbc.co.uk,nfkc-casefold-collapse-v1,5e573f3367e67b6cf331cde4b2e8de6f7ffbe1daee9062fd5102bec19a5c72d4,2,2026-09-17,2026-09-17
2026-09-17,bbc.co.uk,nfkc-casefold-collapse-v1,79b9395400e6be78aa1a18c2708549a767c775a44bb9c45f495776236356de62,2,2026-09-17,2026-09-17
2026-09-17,bbc.co.uk,nfkc-casefold-collapse-v1,f5b4c8b215ae77286d0091125a13a0af4ed5fefe8c46cf4e8eaec18a81c15596,2,2026-09-17,2026-09-17
2026-09-17,bbc.co.uk,nfkc-casefold-collapse-v1,7a183d0c9964df21d09c94e5fbf376552413eadb44f4840d41b8ec143cca852e,2,2026-09-17,2026-09-17
2026-09-17,bbc.co.uk,nfkc-casefold-collapse-v1,ad516bfe098f5a5bc47955a2c7b604f198ae290bf22eea16c5a759f4316eba98,2,2026-09-17,2026-09-17
2026-09-17,bbc.co.uk,nfkc-casefold-collapse-v1,2949df1104cc1cf80a89c30bf08cae88ce5ba261c50b59b4e1794372ec9fdb45,2,2026-09-17,2026-09-17
2026-09-17,bbc.co.uk,nfkc-casefold-collapse-v1,2e796935d4d0fb6c24081dc297928ce14e344044eeb35d43fdcd85ee6f343095,2,2026-09-17,2026-09-17
2026-09-17,bbc.co.uk,nfkc-casefold-collapse-v1,9916f5f17cc5c51798ac1d00673845d6452d347faa338316e3ab09bc0135381b,2,2026-09-17,2026-09-17
2026-09-17,bbc.co.uk,nfkc-casefold-collapse-v1,0d29d811a101130856e92e9f841e12982b4480dd54fc1e4644d1b0a66a13bfb3,2,2026-09-17,2026-09-17
2026-09-17,bbc.co.uk,nfkc-casefold-collapse-v1,fd2673fd19c0c64a5ea7548782eac4025d46e68bf0cbc01217f7f59105517a08,2,2026-09-17,2026-09-17
2026-09-17,bbc.co.uk,nfkc-casefold-collapse-v1,bee0fe84328c8d75155fc853e10e4573b664ad3811e1ae1ea40d9546121b3a7e,2,2026-09-17,2026-09-17
2026-09-17,bbc.co.uk,nfkc-casefold-collapse-v1,3eec21ce20d7d306ac489d44229e03b4e6f38bf2c1bee1fb6c652b83c8bc7574,2,2026-09-17,2026-09-17
2026-09-17,bbc.co.uk,nfkc-casefold-collapse-v1,c13182271ab036d59559134bd1c32fd75d8da106590e98002ab219b7ddf7d4ce,2,2026-09-17,2026-09-17
2026-09-17,bbc.co.uk,nfkc-casefold-collapse-v1,88692eae87f04150cebed92a6d467fe7cc7243376c42e9223f9b8ab8edbbe3ae,2,2026-09-17,2026-09-17
2026-09-17,bbc.co.uk,nfkc-casefold-collapse-v1,248bf21dc76de53a669137de4cd4a810af33e47661e4b4e11a13340f0f4f42cf,2,2026-09-17,2026-09-17
2026-09-17,bbc.co.uk,nfkc-casefold-collapse-v1,288ea421913b9f040a2bd2f97e41b6544634b8c387bccd52e3fdd11fb3720cc4,2,2026-09-17,2026-09-17
2026-09-17,bbc.co.uk,nfkc-casefold-collapse-v1,84ff46e6077fd6a01a2dc64d6a21f65e50fa825c2bbbedbb8e43c91cad4e295f,2,2026-09-17,2026-09-17
2026-09-17,bbc.co.uk,nfkc-casefold-collapse-v1,a2e0f547db5e962c4c4a16ec83a3f7b94d7857de3afd2b72c00e3db18f694146,2,2026-09-17,2026-09-17
2026-09-17,bbc.co.uk,nfkc-casefold-collapse-v1,70acbf0cf0daf8d5010b54c5ac886561f8915c6c104106f087b6f1bc3abf762b,2,2026-09-17,2026-09-17
2026-09-17,bbc.co.uk,nfkc-casefold-collapse-v1,06f6df5be3c909442c2069b449cb13912f0fb06ab6465e10b832df8a2417fa21,2,2026-09-17,2026-09-17
2026-09-17,bbc.co.uk,nfkc-casefold-collapse-v1,111845028a92582bea8cfe09a2837959e649d4b4357b1a6bebf7dc31bf78eb3b,2,2026-09-17,2026-09-17
2026-09-17,bbc.co.uk,nfkc-casefold-collapse-v1,6982acef52b036e3ef34f0b7404fe3d350785c994f52640d02ec0e79e552446b,2,2026-09-17,2026-09-17
2026-09-17,bbc.co.uk,nfkc-casefold-collapse-v1,b468b665c4a79c3397582455873a32db1f51317873e290326201831f96b4c5b1,2,2026-09-17,2026-09-17
2026-09-17,bbc.co.uk,nfkc-casefold-collapse-v1,81f292d8e92d7aa61bb33cf6931b9f8bb6907100d7dacab451c7f50e147ac91f,2,2026-09-17,2026-09-17
2026-09-17,bbc.co.uk,nfkc-casefold-collapse-v1,58ad6b60cc1b4958d06a6a41d8bea1a4c2d822c5b542ff209acc7de3535d79c8,2,2026-09-17,2026-09-17
2026-09-17,bbc.co.uk,nfkc-casefold-collapse-v1,2f2de247ac9ed562614a49df6fdffbc815fdd6ba5980b31321332ce630c217ad,2,2026-09-17,2026-09-17
2026-09-17,bbc.co.uk,nfkc-casefold-collapse-v1,48e5a0b1866d43d3a3045ecd4f84a008be9c95d2a1b6e425ffecee0043e4afe0,2,2026-09-17,2026-09-17
2026-09-17,bbc.co.uk,nfkc-casefold-collapse-v1,ec2c8945b18e55dd2a266b0d51edcb6c576a8bc45e480979fbd1bc2ba6e4860a,2,2026-09-17,2026-09-17
2026-09-17,bbc.co.uk,nfkc-casefold-collapse-v1,1ba4749937a446f4490a4730284638d55917f6e016f2c01b81d4f559783e1683,2,2026-09-17,2026-09-17
2026-09-17,bbc.co.uk,nfkc-casefold-collapse-v1,fffdbf67389ef7c6cc68010dcbb209b5bf69b895b0f98afc917c9a498cec1ccd,2,2026-09-17,2026-09-17
2026-09-17,bbc.co.uk,nfkc-casefold-collapse-v1,8a97765faac75104e341aec172ae83d7832984d51799b191849a0d690268a4f7,2,2026-09-17,2026-09-17
2026-09-17,bbc.co.uk,nfkc-casefold-collapse-v1,fe85daf02b16c4cda0337f28987ac85c2ecb522fa46383ebfb119123a06441c0,2,2026-09-17,2026-09-17
2026-09-17,bbc.co.uk,nfkc-casefold-collapse-v1,135874339f958c78229187edd547b12f497cd68fccf6e95b5c3b2387609a0fc9,2,2026-09-17,2026-09-17
2026-09-17,bbc.co.uk,nfkc-casefold-collapse-v1,2a8d46b83d5b42a55107f6819d31964af0d2b24a37e3590e755cdb6a90459757,2,2026-09-17,2026-09-17
2026-09-17,bbc.co.uk,nfkc-casefold-collapse-v1,eba058ac61dea05188d2c5499bbc16398b58a977794ee044e8f89624cd3688f0,2,2026-09-17,2026-09-17
2026-09-17,bbc.co.uk,nfkc-casefold-collapse-v1,626a97b808e2f10647622a6966df487d68061f30f2bf484a05369b5214a14745,2,2026-09-17,2026-09-17
2026-09-17,bbc.co.uk,nfkc-casefold-collapse-v1,f0cf88f044ca6bb8f43d9d31fec762fc665adc8e03b1d7fc57a7d418dca713ba,2,2026-09-17,2026-09-17
2026-09-17,bbc.co.uk,nfkc-casefold-collapse-v1,9cec2893b785f10b2b1202eb9a5bdde95aeb9de609063f7cd5e5316ba20c8550,2,2026-09-17,2026-09-17
2026-09-17,bbc.co.uk,nfkc-casefold-collapse-v1,524a9e5251aec43fc68969f43a65dcd319393cb9a66d020e758421425b9e74d8,2,2026-09-17,2026-09-17
2026-09-17,bbc.co.uk,nfkc-casefold-collapse-v1,ddc7bd40bbd7c42b3665376b95f87ed97267195c8da894281e6d6ec8cccf0932,2,2026-09-17,2026-09-17
2026-09-17,bbc.co.uk,nfkc-casefold-collapse-v1,9612416600ec270d087c022722602bb9790c5458a13adbfe94023305c9c6a5f6,2,2026-09-17,2026-09-17
2026-09-17,bbc.co.uk,nfkc-casefold-collapse-v1,eeff2d8297694cd3035d7abb3917e17aad072362de044e29f4e4f519af71ec71,2,2026-09-17,2026-09-17
2026-09-17,bbc.co.uk,nfkc-casefold-collapse-v1,b64c5f57ce8f9210abee940ec23ab63f16ba229db8457b949e616d483f264d5e,2,2026-09-17,2026-09-17
2026-09-17,bbc.co.uk,nfkc-casefold-collapse-v1,c9cb181535e6e3de18b1807405a00ac547893ed67d75c007070c39d696709e6b,2,2026-09-17,2026-09-17
2026-09-17,bbc.co.uk,nfkc-casefold-collapse-v1,7a9634a8d8a77e0a165b26adbe3c652e6276c1c2b610b5af630ab0401d891314,2,2026-09-17,2026-09-17
2026-09-17,bbc.co.uk,nfkc-casefold-collapse-v1,cd255bd5324a8bc452be758f9bb7f750d2b8ccba0207d40036c29aa1db725285,2,2026-09-17,2026-09-17
2026-09-17,bbc.co.uk,nfkc-casefold-collapse-v1,b29daac5e3f4707a5333d5144c83583c85a03f47f081419d650470a422da1c75,2,2026-09-17,2026-09-17
2026-09-17,bbc.co.uk,nfkc-casefold-collapse-v1,2775d4887281d5de6e429e43bce3f66f45b81bcb2109e97faf6690b91790bd1a,2,2026-09-17,2026-09-17
2026-09-17,bbc.co.uk,nfkc-casefold-collapse-v1,ee0379da2efecd04ed3cebc7ed7dd62548dfc11424b1aa448114789faf5a5705,2,2026-09-17,2026-09-17
2026-09-17,bbc.co.uk,nfkc-casefold-collapse-v1,72b8847d6ce4e4bdd160d7743c939161fef436ed6ac6afd41f2c263930f93741,2,2026-09-17,2026-09-17
2026-09-17,bbc.co.uk,nfkc-casefold-collapse-v1,93b6bcb5bdd1f7db40857b68ae6dbd133fedfcdd7320157e810172501857ab0b,2,2026-09-17,2026-09-17
2026-09-17,bbc.co.uk,nfkc-casefold-collapse-v1,b27aafe4655b341fc7d4b0cfb5cc0626195a430f9de477bf4ea551f42e4d9b00,2,2026-09-17,2026-09-17
2026-09-17,bbc.co.uk,nfkc-casefold-collapse-v1,9655ee19d7cf0d761efde7fa6db81316aa9228ba500025c55594f60627535f3e,2,2026-09-17,2026-09-17
2026-09-17,bbc.co.uk,nfkc-casefold-collapse-v1,93e722abfe6b41053a41d678733d405056431f28c33be182fe59a4bb511e8330,2,2026-09-17,2026-09-17
2026-09-17,bbc.co.uk,nfkc-casefold-collapse-v1,9b07261749845dd3670ee8bcfafd54186a5be4605c417459fdc69343d98861dd,2,2026-09-17,2026-09-17
2026-09-17,bbc.co.uk,nfkc-casefold-collapse-v1,7b9c9a86342fdb9a5d8807ee48bb2cab2b5107f99ff5cad77dc22b50dfd56159,2,2026-09-17,2026-09-17
2026-09-17,bbc.co.uk,nfkc-casefold-collapse-v1,50c0dbe37f315c6f62edafed8d6ee130cb4bea2d6b706b067f8985ab009735ee,2,2026-09-17,2026-09-17
2026-09-17,bbc.co.uk,nfkc-casefold-collapse-v1,d5f85a59dad054462782504b82eda69ae978a2a32e9622bbcfe67c9eff9b2fe5,2,2026-09-17,2026-09-17
2026-09-17,bbc.co.uk,nfkc-casefold-collapse-v1,1f1a160a65f91c47c13837dcae3743a2a6fee3a6d106bb7c3a0a4a86a5c41fb2,2,2026-09-17,2026-09-17
2026-09-17,bbc.co.uk,nfkc-casefold-collapse-v1,c893ee172ed1933179335bd2acbc7b97497884ed1654b8a57602e1f82f30e018,2,2026-09-17,2026-09-17
2026-09-17,bbc.co.uk,nfkc-casefold-collapse-v1,166c315ba95eabf4edf42a7160f895777c4cb6488b2cbabb99feb5d341befab3,2,2026-09-17,2026-09-17
2026-09-17,bbc.co.uk,nfkc-casefold-collapse-v1,13e4077827a44c94688ca56538bb71ed82a0ded52f65c717be31ea5b26bcc460,2,2026-09-17,2026-09-17
2026-09-17,bbc.co.uk,nfkc-casefold-collapse-v1,6d32502b3349aae3f3be8686875e003688ad2630db8e4f2204d9e5ea16b88279,2,2026-09-17,2026-09-17
2026-09-17,bbc.co.uk,nfkc-casefold-collapse-v1,23fa6dfa703ae6f33183046b8c647ee74376c9bf853ff18a255ef22d62608ce2,2,2026-09-17,2026-09-17
2026-09-17,bbc.co.uk,nfkc-casefold-collapse-v1,b93c346cc352076b088a9e404f0ad4db5dbd5f1c3aa86db2e62a5db1f67012a4,2,2026-09-17,2026-09-17
2026-09-17,bbc.co.uk,nfkc-casefold-collapse-v1,54ea28d6650e33a5318b522941d1492c72e20b3240dc0c8bc3ca4508ca9f1206,2,2026-09-17,2026-09-17
2026-09-17,bbc.co.uk,nfkc-casefold-collapse-v1,ea7e903d52c7a55d0e72fda279c9ce79a2cbd82b0fc1ff112f6b2c7bc5b40c5b,2,2026-09-17,2026-09-17
2026-09-17,bbc.co.uk,nfkc-casefold-collapse-v1,bbd46649b99642c9f9e97ac8a46fc28cb63a75ca46f083219e869aa06a2f6372,2,2026-09-17,2026-09-17
2026-09-17,bbc.co.uk,nfkc-casefold-collapse-v1,3dc87fcab917593ac45a7f9b08ba629754b90c08f8d6a44d15f7f3e9d62881fd,2,2026-09-17,2026-09-17
2026-09-17,bbc.co.uk,nfkc-casefold-collapse-v1,f748962a72fbd87b7350f95fe3569ea84366608124fc1817447d51234d755df4,2,2026-09-17,2026-09-17
2026-09-17,bbc.co.uk,nfkc-casefold-collapse-v1,3be9db47f3171ac6861186772886dcd43e184a4a9faf8b182239776959948137,2,2026-09-17,2026-09-17
2026-09-17,bbc.co.uk,nfkc-casefold-collapse-v1,6aa5b2357e6353192febb827114504e7bac0c12bb77ae4c31f8959a117e791b7,2,2026-09-17,2026-09-17
2026-09-17,bbc.co.uk,nfkc-casefold-collapse-v1,88da655b3a4a9135a928882a6a066ff443d32c528bf46b8638c7ac529790c0b2,2,2026-09-17,2026-09-17
2026-09-17,bbc.co.uk,nfkc-casefold-collapse-v1,0424e1deda8024a7001f2dc91818fcbf8eb1cd6c920d8e425942c7fd507a3455,2,2026-09-17,2026-09-17
2026-09-17,bbc.co.uk,nfkc-casefold-collapse-v1,66311feb9811643d3c49276b4272f61c6afa3721164a07810ffe8d188c0b59c0,2,2026-09-17,2026-09-17
2026-09-17,bbc.co.uk,nfkc-casefold-collapse-v1,0e19696bc7e0f21e58b461a70927868d1409aff524557029b004c10659366ae1,2,2026-09-17,2026-09-17
2026-09-17,bbc.co.uk,nfkc-casefold-collapse-v1,821982b5a83e7c4b0168954cc362fbd3659f4fb5a67cdbb8fb4f10d2a2c29bad,2,2026-09-17,2026-09-17
2026-09-17,bbc.co.uk,nfkc-casefold-collapse-v1,d26a28f3d9b31635dc1c044addb8856e902e5a020f079d9a24a8c2e23ba6262f,2,2026-09-17,2026-09-17
2026-09-17,bbc.co.uk,nfkc-casefold-collapse-v1,b7e4d33832bfd026a5565286e4d3a01e752c8ae97d60a7cde83281653b0834d3,2,2026-09-17,2026-09-17
2026-09-17,bbc.co.uk,nfkc-casefold-collapse-v1,3e5478c4996729d4cf99073006fc755cf540282afb73bd87249f748eead38ac8,2,2026-09-17,2026-09-17
2026-09-17,bbc.co.uk,nfkc-casefold-collapse-v1,5c17900386705fa582488c48de85cda1d411e60d6d70bf4ac8dc7f69ff0fd0d1,2,2026-09-17,2026-09-17
2026-09-17,bbc.co.uk,nfkc-casefold-collapse-v1,c19822a1c7dc4ee8446d16f822cfb61103f412dd49bfb3b842481d28e70ac2ec,2,2026-09-17,2026-09-17
2026-09-17,bbc.co.uk,nfkc-casefold-collapse-v1,ce010a56f8e6dd5a051d083dbef6b8da0505546e7a4c05a3f7331b01e585ff36,2,2026-09-17,2026-09-17
2026-09-17,bbc.co.uk,nfkc-casefold-collapse-v1,44e2fb981d1c5d0cb52f69851d0081879de2c6e1fadfd731a30f62f944a2789e,2,2026-09-17,2026-09-17
2026-09-17,bbc.co.uk,nfkc-casefold-collapse-v1,5bfed8c34a6cf340c82ea2c9f0b9ca9d9b25c2ddb9f241836e8f689480105a57,2,2026-09-17,2026-09-17
2026-09-17,bbc.co.uk,nfkc-casefold-collapse-v1,aea8d889c99406518d027770a178701d86e94193ed6aca0530c7dd47c018ca11,2,2026-09-17,2026-09-17
2026-09-17,bbc.co.uk,nfkc-casefold-collapse-v1,6e9b45ad61b3b80ca92ff6ea236f5c39114bd588d32ff9aa8118e3e00fec5593,2,2026-09-17,2026-09-17
2026-09-17,bbc.co.uk,nfkc-casefold-collapse-v1,4baa636fa945d35dd4bdad7d7c9524a6ff26ecf3fc77d91ad905b8f0c0602e75,2,2026-09-17,2026-09-17
2026-09-17,bbc.co.uk,nfkc-casefold-collapse-v1,17b9b9b58c2c4209933a61b028e73665e1b36cfb28f5cbc486a331b635005f31,2,2026-09-17,2026-09-17
2026-09-17,bbc.co.uk,nfkc-casefold-collapse-v1,b43eef0bdbf90ffca1351d6155618e02305616e65032e9601587fbe4fb1416d1,2,2026-09-17,2026-09-17
2026-09-17,bbc.co.uk,nfkc-casefold-collapse-v1,d388c53297f909b257a8bb538ed4ec9061be9ea8abf5979c483ac482f93a7a84,2,2026-09-17,2026-09-17
2026-09-17,bbc.co.uk,nfkc-casefold-collapse-v1,54abb7dd4796b501645252eb1b3573bb3abbf675ae4fee37d2a6c00e09616067,2,2026-09-17,2026-09-17
2026-09-17,bbc.co.uk,nfkc-casefold-collapse-v1,a0b1497ba2139b3cfbf1512b1faee8a659c030e33780b9b8ef8d56dcd512d9a0,2,2026-09-17,2026-09-17
2026-09-17,bbc.co.uk,nfkc-casefold-collapse-v1,59241fb71ea2b223c69baf5892759c62e1c140d90257bae13f1d4ba8e239f974,2,2026-09-17,2026-09-17
2026-09-17,bbc.co.uk,nfkc-casefold-collapse-v1,32615e4e3a0e4126b1756df35b958fe1a406cdf28948e74677cfeae9ca0c9f0e,2,2026-09-17,2026-09-17
2026-09-17,bbc.co.uk,nfkc-casefold-collapse-v1,8d060d560230298d0fcbf2ff9a6f7208cb26def5a862b5adf6ec774a7f18cd2e,2,2026-09-17,2026-09-17
2026-09-17,bbc.co.uk,nfkc-casefold-collapse-v1,4198c4116ca1000566c78e151b69680708131c862cb43ccb4aabbbdd33f1e5e1,2,2026-09-17,2026-09-17
2026-09-17,bbc.co.uk,nfkc-casefold-collapse-v1,cc34fbbd167a973d45e99c4f40135fde306d925d64881273144c8d9f50a0332f,2,2026-09-17,2026-09-17
2026-09-17,bbc.co.uk,nfkc-casefold-collapse-v1,2dacd7d1b366ac06baac4e20a0c4853ce67bcd08d7a6416042cc09b785e24b52,2,2026-09-17,2026-09-17
2026-09-17,bbc.co.uk,nfkc-casefold-collapse-v1,63a749100645e0c294d4faffccbe04862cf61d2e27e272ed095beb818b388089,2,2026-09-17,2026-09-17
2026-09-17,bbc.co.uk,nfkc-casefold-collapse-v1,e246b1c52e5a3275f0f19b17b7e08d9e2e40cf0fcb0f2dacdba0925ac02cce63,2,2026-09-17,2026-09-17
2026-09-17,bbc.co.uk,nfkc-casefold-collapse-v1,78edb0df703632cd7df4a146ad863be79ca84c45ee28ff3fecdd04c2a7d9e81e,2,2026-09-17,2026-09-17
2026-09-17,bbc.co.uk,nfkc-casefold-collapse-v1,21821d56cab7843a73c525cbf6b2ec18316817e5f14ed0f2004db6950183561b,2,2026-09-17,2026-09-17
2026-09-17,bbc.co.uk,nfkc-casefold-collapse-v1,b3935de224aac494597acbd73a449577b23cf24516ed5e52d9dbee289be66d9b,2,2026-09-17,2026-09-17
2026-09-17,bbc.co.uk,nfkc-casefold-collapse-v1,61ef81d6383f9981e1eb9975025b160e1018928dbb41d9b59cc1a10e508b8f51,2,2026-09-17,2026-09-17
2026-09-17,bbc.co.uk,nfkc-casefold-collapse-v1,7f82c5b999bbe0bdd3c50bf15f69d98e2fe17e498d4393008933c915d2940ac5,2,2026-09-17,2026-09-17
2026-09-17,bbc.co.uk,nfkc-casefold-collapse-v1,4d80526a4f3014e8c7e69cbe0c09ad01b4de30ddd271e351a161a08c401c5fe2,2,2026-09-17,2026-09-17
2026-09-17,bbc.co.uk,nfkc-casefold-collapse-v1,cc84a3c0f4a708e4dbd1e97251bfc3dbbc311d1389786317fa7889a75664b5d8,2,2026-09-17,2026-09-17
2026-09-17,bbc.co.uk,nfkc-casefold-collapse-v1,3577c3cb4b7b6c8f7f342c52f5120dfe4844b29ab3eb0d7c050c52da11a00aa7,2,2026-09-17,2026-09-17
2026-09-17,bbc.co.uk,nfkc-casefold-collapse-v1,b25abca1f96b38bbc9e9e739da2237211ba37d828abea4673b644e8b48369357,2,2026-09-17,2026-09-17
2026-09-17,bbc.co.uk,nfkc-casefold-collapse-v1,3f66c52c86578ddd1ffb23ca23c816517baf0c19af6b0b9f932a5f70497062d1,2,2026-09-17,2026-09-17
2026-09-17,bbc.co.uk,nfkc-casefold-collapse-v1,f9a3e2d3f831dcbb335edd1202bfe26266aea6b53c5b90f1ea1071bc82f03570,2,2026-09-17,2026-09-17
2026-09-17,bbc.co.uk,nfkc-casefold-collapse-v1,c778068ef54b822b9f4fc6f1ab637ceee2381b941bbbbad4206cfcd7f94fdc33,2,2026-09-17,2026-09-17
2026-09-17,bleepingcomputer.com,nfkc-casefold-collapse-v1,5fc4e6a9e1d23f508b87a7be65a8ce8c909034f993bf26e95054fc1666640e96,8,2026-09-17,2026-09-17
2026-09-17,bleepingcomputer.com,nfkc-casefold-collapse-v1,6044d37be8e763b9a2acada0d2cfeab80a1bf5f9f73d19bbafc187c6a0ed96cf,8,2026-09-17,2026-09-17
2026-09-17,bleepingcomputer.com,nfkc-casefold-collapse-v1,a8a2db04467bd1f603cd36ea778cb7bb3cbec7224915741ef82bdee9f7104d8d,2,2026-09-17,2026-09-17
2026-09-17,bleepingcomputer.com,nfkc-casefold-collapse-v1,4bba7a7b5a2ff1d1bbf1eb595eb652dd23636584c186c1d048e5e647e5c34ba4,2,2026-09-17,2026-09-17
2026-09-17,bleepingcomputer.com,nfkc-casefold-collapse-v1,ff002c835673a36058530904ae182267d4941feaa006317e5ecc9dfc9a17132f,2,2026-09-17,2026-09-17
2026-09-17,bleepingcomputer.com,nfkc-casefold-collapse-v1,e2312747f862a8f227280fc063a619b83a3f5d856dbb56daaaa7385a64ae4ce5,2,2026-09-17,2026-09-17
2026-09-17,bleepingcomputer.com,nfkc-casefold-collapse-v1,d2ac9c1250e20731d4a4739ec9025e5f49c9510c9e08b2f275e98dc0865ca3af,2,2026-09-17,2026-09-17
2026-09-17,bleepingcomputer.com,nfkc-casefold-collapse-v1,d8861e8b9042abd073dbafebe6c99876ea80deec0f178206baecdb69a81efffb,2,2026-09-17,2026-09-17
2026-09-17,bleepingcomputer.com,nfkc-casefold-collapse-v1,f55b4e3210cfe4468c95e6ab7913198103bb0be227a00cfe171a3ed605b41c5b,2,2026-09-17,2026-09-17
2026-09-17,bleepingcomputer.com,nfkc-casefold-collapse-v1,cc2bb834721418a2281764a2a56d6593612e5eccdda586df2c81d095947a68f4,2,2026-09-17,2026-09-17
2026-09-17,bleepingcomputer.com,nfkc-casefold-collapse-v1,b7ef9792c4bdeb6da074629ba9da07f372041ed5436f76edf6579ff0f8b47342,2,2026-09-17,2026-09-17
2026-09-17,bleepingcomputer.com,nfkc-casefold-collapse-v1,7f03e34b41a6d0995364cb7b860228321b3066e23a055f71976bcca85e0a6c38,2,2026-09-17,2026-09-17
2026-09-17,bleepingcomputer.com,nfkc-casefold-collapse-v1,6e4b07419df67bfe6a849eeaf8462996c90a4a096703f4bc50a72000dd0d06a5,2,2026-09-17,2026-09-17
2026-09-17,bleepingcomputer.com,nfkc-casefold-collapse-v1,c96b0479d0afe81f6154f37365e115addcdc34224be97b0999ea92829c95db20,2,2026-09-17,2026-09-17
2026-09-17,bleepingcomputer.com,nfkc-casefold-collapse-v1,a09c624d62c54bf219b6199177bd18bb9301f4e3361b24a0797d1662dab48a97,2,2026-09-17,2026-09-17
2026-09-17,bleepingcomputer.com,nfkc-casefold-collapse-v1,2fed3f92ab34121837911a0602bc3bf19020a843d9a6bfa09fcf255f3270e5fe,2,2026-09-17,2026-09-17
2026-09-17,bleepingcomputer.com,nfkc-casefold-collapse-v1,b18f34407f1a95bba67d22f9cbbf24746b4707c62547dd805051ba98556ec71f,2,2026-09-17,2026-09-17
2026-09-17,bleepingcomputer.com,nfkc-casefold-collapse-v1,a1cd6564e8137e729b7b183b6e13bd873e859eccb27194f54e5f23b2798655d1,2,2026-09-17,2026-09-17
2026-09-17,bleepingcomputer.com,nfkc-casefold-collapse-v1,694f54aa221abca4b5cf1326a3cb6e28c50ddb4c5e507a3256775e09f0780db4,2,2026-09-17,2026-09-17
2026-09-17,bleepingcomputer.com,nfkc-casefold-collapse-v1,6dcc4c8f121072cf0c887f3feeb6411aa7fcead70061df8672fbdaccd2b1fc96,2,2026-09-17,2026-09-17
2026-09-17,bleepingcomputer.com,nfkc-casefold-collapse-v1,23d84eb371c7c012b8f41d0440735f09114b00bd3d9b70e94ebad730109cea37,2,2026-09-17,2026-09-17
2026-09-17,bleepingcomputer.com,nfkc-casefold-collapse-v1,0c753f5e2ae0ac20e35771abc8fd780489b20e001de37771bb086b7fd71b8a1a,2,2026-09-17,2026-09-17
2026-09-17,bleepingcomputer.com,nfkc-casefold-collapse-v1,d3f4c72f21539d36b13a1d6894af0ed2b509ff6f8b063641cf820b69c264be5e,2,2026-09-17,2026-09-17
2026-09-17,bleepingcomputer.com,nfkc-casefold-collapse-v1,290b875d23bae24f04524707a0b80db9907d53a2592e7bc6db5cbc8769ce9210,2,2026-09-17,2026-09-17
2026-09-17,bleepingcomputer.com,nfkc-casefold-collapse-v1,7b512bbb45ba8c1c1611461b0e96f62988bd932f2266b5ae94a7e4a47e5b5002,2,2026-09-17,2026-09-17
2026-09-17,bleepingcomputer.com,nfkc-casefold-collapse-v1,7bc56e73fed68e7b7d39b9fcf32fc4a1ba88b41d695dd34ce8d1288eefb58b46,2,2026-09-17,2026-09-17
2026-09-17,bleepingcomputer.com,nfkc-casefold-collapse-v1,9cda4307b3877e355de2f61cdf6006af2b83d7b7dbe6734d07b7ac4ec670d59c,2,2026-09-17,2026-09-17
2026-09-17,bleepingcomputer.com,nfkc-casefold-collapse-v1,4e8f7e7b0323dec08f223b9157d11e3e372ce00412c789eafb4ff34cc618a6b4,2,2026-09-17,2026-09-17
2026-09-17,bleepingcomputer.com,nfkc-casefold-collapse-v1,5a53d3beebf3ab30dc4b9fe3b2dce08004b6e20825117e140a8c3077bf18012f,2,2026-09-17,2026-09-17
2026-09-17,bleepingcomputer.com,nfkc-casefold-collapse-v1,442bb20393bd28d1f5108f141238138891313e7ac7926101cb3ae8cfe3acc903,2,2026-09-17,2026-09-17
2026-09-17,bleepingcomputer.com,nfkc-casefold-collapse-v1,8ad907f3df55c9646abd1d7092c91b39002807bcbe2e4bae8e03787170737cc5,2,2026-09-17,2026-09-17
2026-09-17,bleepingcomputer.com,nfkc-casefold-collapse-v1,eb85d7517fb3d29e94beb36189f8be55fa5d0399e10143c168321b95404dd9b5,2,2026-09-17,2026-09-17
2026-09-17,bleepingcomputer.com,nfkc-casefold-collapse-v1,45d06fa5aa368a795a7c95479c5e715ce3b66054fdfce7994ecde7556036f040,2,2026-09-17,2026-09-17
2026-09-17,bleepingcomputer.com,nfkc-casefold-collapse-v1,e2d24c69e8a95f7aba083c8473e33a35eff379f26aa7609faef5aedf73cf0812,2,2026-09-17,2026-09-17
2026-09-17,bleepingcomputer.com,nfkc-casefold-collapse-v1,1582e6c4f1367696a9fc75f1847dbfbc1d4103416abf48a8a68ff783cba644b4,2,2026-09-17,2026-09-17
2026-09-17,bleepingcomputer.com,nfkc-casefold-collapse-v1,856e179047ef7b6464fc7f01187a74f5ebbda616f95ad230487da4c38339802f,2,2026-09-17,2026-09-17
2026-09-17,bleepingcomputer.com,nfkc-casefold-collapse-v1,7d8e74083f46faa994c67cf2366c34dc310ac3c470a03a86058819a6cbfb330e,2,2026-09-17,2026-09-17
2026-09-17,bleepingcomputer.com,nfkc-casefold-collapse-v1,43b8d1dda45873852f5f52573c307dcc692b68360d65c99b8e9d0add3f809662,2,2026-09-17,2026-09-17
2026-09-17,bleepingcomputer.com,nfkc-casefold-collapse-v1,5c996de14bd90caf0f1d193222646310e7f374d5c6cd13f08f87e29e8ecd1e7a,2,2026-09-17,2026-09-17
2026-09-17,bleepingcomputer.com,nfkc-casefold-collapse-v1,769bfd2461da7d6ed9258eb8b7426220fdd656efec1ec7135820712050564fc4,2,2026-09-17,2026-09-17
2026-09-17,bleepingcomputer.com,nfkc-casefold-collapse-v1,c4c2c6a5b6f4509d1038320c41d2de17f5ad4d5a9e160735f4d2df75c5efa593,2,2026-09-17,2026-09-17
2026-09-17,bleepingcomputer.com,nfkc-casefold-collapse-v1,cf24394174baf6177b214e539d14081ba88b8863229b9ac89c898914c857783c,2,2026-09-17,2026-09-17
2026-09-17,bleepingcomputer.com,nfkc-casefold-collapse-v1,da11dac0474485ee85687f38c827a35295dee53a6dc7ff4b51f3c82d21ace589,2,2026-09-17,2026-09-17
2026-09-17,bleepingcomputer.com,nfkc-casefold-collapse-v1,7758320b96f62a4ae59578f4a07d9e9497dbf844344942a8376b07b9f7d094ff,2,2026-09-17,2026-09-17
2026-09-17,bleepingcomputer.com,nfkc-casefold-collapse-v1,4abd95154e13cf00c82708441899ffb5f51a5dc32b1717a7b0a1831f2b5362d9,2,2026-09-17,2026-09-17
2026-09-17,bleepingcomputer.com,nfkc-casefold-collapse-v1,972160a95f3e907e1348b20de5774b0c37898c1c52a5ab7563ca83a60b69c771,2,2026-09-17,2026-09-17
2026-09-17,bleepingcomputer.com,nfkc-casefold-collapse-v1,7bacfc1531b86874193d4b7d5d8332aaa6fe143e22a4c96da4969308d266f163,2,2026-09-17,2026-09-17
2026-09-17,bleepingcomputer.com,nfkc-casefold-collapse-v1,3e69a7051b118e01450b5719bc96bf1b65db99db050689ce8b3b1988331ab367,2,2026-09-17,2026-09-17
2026-09-17,bleepingcomputer.com,nfkc-casefold-collapse-v1,d841821263d54b9b4023c81dd7ba117f36c413f0f9e4cd0f35fafa6c8d450000,2,2026-09-17,2026-09-17
2026-09-17,bleepingcomputer.com,nfkc-casefold-collapse-v1,928b9a6021500e0d6570a9218f14e84830e2660c6bf4811c5fcc8edb3da8990a,2,2026-09-17,2026-09-17
2026-09-17,bleepingcomputer.com,nfkc-casefold-collapse-v1,60af664b584f0a7fe4bc61b99f53e7492a6316f473976d76a917814f81fe3b8c,2,2026-09-17,2026-09-17
2026-09-17,bleepingcomputer.com,nfkc-casefold-collapse-v1,0077c5831a98505710dff1a6e98721fa4da0541b38a197ee0573bf4d3edb6639,2,2026-09-17,2026-09-17
2026-09-17,bleepingcomputer.com,nfkc-casefold-collapse-v1,04a4cf2dbb6f0c1f05ad91afecf79ff24c4986261a1d110cb0ee9b4691f48d52,2,2026-09-17,2026-09-17
2026-09-17,bleepingcomputer.com,nfkc-casefold-collapse-v1,03a70ad4c25a4c0edce3dd78c05f98a2943559b1e94dcd70331ade8ec104d6af,2,2026-09-17,2026-09-17
2026-09-17,bleepingcomputer.com,nfkc-casefold-collapse-v1,f60387de1373e3447638bf80453c00a21b9c31768d70e86e714ab22e87cf6b14,2,2026-09-17,2026-09-17
2026-09-17,bleepingcomputer.com,nfkc-casefold-collapse-v1,20899cdc996afd43fee454cdc8f8edb3f2e9716dbdf370ba90db3c0276c6f588,2,2026-09-17,2026-09-17
2026-09-17,bleepingcomputer.com,nfkc-casefold-collapse-v1,f8aa89b484feb885e4dfc8858dcad93406f64613be787d1e8b403b9966ba982b,2,2026-09-17,2026-09-17
2026-09-17,bleepingcomputer.com,nfkc-casefold-collapse-v1,5a2e79c82d7961246bc8843baae09d5c93d9325910f5b1c907eaae979c1f357f,2,2026-09-17,2026-09-17
2026-09-17,bleepingcomputer.com,nfkc-casefold-collapse-v1,b6a51d4b25448efdf92dbe87618bc0f062e98e8401d2c2e10a8473fbde30fd6e,2,2026-09-17,2026-09-17
2026-09-17,businesstoday.in,nfkc-casefold-collapse-v1,2fc8c989c876bb7f06ee8cd64359fe974e24a67bfbffc081987979c6aec3c26a,2,2026-09-17,2026-09-17
2026-09-17,businesstoday.in,nfkc-casefold-collapse-v1,9689605fc26dc21775e77370dbdf0d012ada0d05301469ecedb508bc05dc71e2,2,2026-09-17,2026-09-17
2026-09-17,businesstoday.in,nfkc-casefold-collapse-v1,0a919a1b5339461cf242847014578e11ee4673c73b8bc0b670632dd45e32a5d1,2,2026-09-17,2026-09-17
2026-09-17,businesstoday.in,nfkc-casefold-collapse-v1,f12f368c6a623085c844eaf412a12a9bd8ed052a7d3bcf2ec878743df3fa454c,2,2026-09-17,2026-09-17
2026-09-17,businesstoday.in,nfkc-casefold-collapse-v1,2d5b6868d84ecf4478fa01296376ddbd26fe80a3dfc00879573f90f88ad5bd6a,2,2026-09-17,2026-09-17
2026-09-17,businesstoday.in,nfkc-casefold-collapse-v1,37283392ade56c7eebd80cce3ac92d86d08dc435e695be2306b81bf54f9d6bac,2,2026-09-17,2026-09-17
2026-09-17,businesstoday.in,nfkc-casefold-collapse-v1,c3949390fc90008099dc65c9369ad225265ca351944fc6066c3b4681a7545df5,2,2026-09-17,2026-09-17
2026-09-17,businesstoday.in,nfkc-casefold-collapse-v1,fbf4f1093eb28eadbd6cd9392f109a16c6dcde509851710fb17ce37669f6da48,2,2026-09-17,2026-09-17
2026-09-17,businesstoday.in,nfkc-casefold-collapse-v1,e2600875b817c05fb7d693a066d7fc6178e9370e6f76739c7dd456f41a06b15d,2,2026-09-17,2026-09-17
2026-09-17,businesstoday.in,nfkc-casefold-collapse-v1,80a5e8aa8cf69769cb484c7de7659dc1d2c63d77bf33c30ef55a54e4147e7e21,2,2026-09-17,2026-09-17
2026-09-17,businesstoday.in,nfkc-casefold-collapse-v1,f10f0a95d1a90e0099d6cf0b51bcc1ae8fb3ea3542a06c1212ec189836e647ab,2,2026-09-17,2026-09-17
2026-09-17,businesstoday.in,nfkc-casefold-collapse-v1,e94f79d932fa43491b709522b9e9f17ff4f1fc27cddc6195946ba9378d51d6e0,2,2026-09-17,2026-09-17
2026-09-17,businesstoday.in,nfkc-casefold-collapse-v1,b061e1223dd39734322a4240eb514109ef8551057d076ccf3ab8f170c174d6c7,2,2026-09-17,2026-09-17
2026-09-17,businesstoday.in,nfkc-casefold-collapse-v1,210d7c636ed8fb7a7a7b998ad1890116f279bbb2d20f73a51776fa96fc31f39d,2,2026-09-17,2026-09-17
2026-09-17,businesstoday.in,nfkc-casefold-collapse-v1,21ab9fb3c83d9080603382fe970ea5c730356e6cce68a78cdf8cebdbcf51b6af,2,2026-09-17,2026-09-17
2026-09-17,businesstoday.in,nfkc-casefold-collapse-v1,0589ff3df65dadad50a8c9155a147bc17af35efc00a0a0a46bb655f52dd81d66,2,2026-09-17,2026-09-17
2026-09-17,businesstoday.in,nfkc-casefold-collapse-v1,e6e26ca78856a0eeec49cedb7c751586e529e09897124500963b4c8cf66a3d02,2,2026-09-17,2026-09-17
2026-09-17,canarymedia.com,nfkc-casefold-collapse-v1,c18f31d9c4d548c266ef0545459ea82b58498e4aa7db926a3afd8d6f13ade948,2,2026-09-17,2026-09-17
2026-09-17,canarymedia.com,nfkc-casefold-collapse-v1,0c30b6cbd3f849aad99b9a061ff075021914eb2eb3ecfb1dbd6dde3860059371,2,2026-09-17,2026-09-17
2026-09-17,canarymedia.com,nfkc-casefold-collapse-v1,15de9ebe2040968ab994d685ad19f386b510948d1acf60bb9fa9acdd61fb88c3,2,2026-09-17,2026-09-17
2026-09-17,canarymedia.com,nfkc-casefold-collapse-v1,88964365defd4341565ca0bec7ba5dd6859c55cfd04c61ef223a35ce91a5d8ba,2,2026-09-17,2026-09-17
2026-09-17,canarymedia.com,nfkc-casefold-collapse-v1,44d99f0a7e2163fe4c4849affb2a1af3e86b6913dfce7c13f21ed33cc0a9fea1,2,2026-09-17,2026-09-17
2026-09-17,canarymedia.com,nfkc-casefold-collapse-v1,b8cbf47b01a57a5737d6700c0c96d05c63850ee35420707ac4a04581f8661387,2,2026-09-17,2026-09-17
2026-09-17,canarymedia.com,nfkc-casefold-collapse-v1,4627f5f1e07139d59b2f88c2c716e181d845cd8035df892cc2d2f8ef81393aba,2,2026-09-17,2026-09-17
2026-09-17,canarymedia.com,nfkc-casefold-collapse-v1,96edd032ca0276845ae22f20c3663e75aa07babc0ba2589bd9f1f04e74535db8,2,2026-09-17,2026-09-17
2026-09-17,canarymedia.com,nfkc-casefold-collapse-v1,189e85dcc457f2c8ef138277acc9410f90bee53c42146e909a21f052cc327dcd,2,2026-09-17,2026-09-17
2026-09-17,canarymedia.com,nfkc-casefold-collapse-v1,3be044890f6c51426a59a138f0ee4a0c8b2daeb9ed73914b90b458da2ceac52c,2,2026-09-17,2026-09-17
2026-09-17,canarymedia.com,nfkc-casefold-collapse-v1,90bc91f1586a91318fbc776ea39f0516be12ecbf6b43e4aed8ec0c2d13eff6d5,2,2026-09-17,2026-09-17
2026-09-17,canarymedia.com,nfkc-casefold-collapse-v1,5115775fd8ff0f6581cf35a1c004b70ddba1cd2aa2fa141071720d43b7ae3660,2,2026-09-17,2026-09-17
2026-09-17,canarymedia.com,nfkc-casefold-collapse-v1,463a22a45754e0036bf99cb09a517c7ed861cfb5c92520bd7f0433bdfba5ff0e,2,2026-09-17,2026-09-17
2026-09-17,canarymedia.com,nfkc-casefold-collapse-v1,ba8d6d084f27bfe5ed084697d4d5c473415b9bada9bdfb986d70a211edf6c776,2,2026-09-17,2026-09-17
2026-09-17,canarymedia.com,nfkc-casefold-collapse-v1,bf2d0d6da842c434293b6519890fbe4ef859ad42269c50129cebd6b1cccd6893,2,2026-09-17,2026-09-17
2026-09-17,canarymedia.com,nfkc-casefold-collapse-v1,07411f36addd9b0231f27265e5ebdb2990196965d441826a70ccbd4c74a9ab1f,2,2026-09-17,2026-09-17
2026-09-17,canarymedia.com,nfkc-casefold-collapse-v1,1a16ef2acd6ac285e42e666a0cd9356c70f7939269f641c572222fc0fc54165b,2,2026-09-17,2026-09-17
2026-09-17,canarymedia.com,nfkc-casefold-collapse-v1,ea597617f98c8d59ada751f745464835d53de803cf0e8e72f9d3e7a971fa4ce4,2,2026-09-17,2026-09-17
2026-09-17,canarymedia.com,nfkc-casefold-collapse-v1,b2e2be6879896012f0f6fb878409653b29c07b0cf1f8695f9017e20b474ab8ec,2,2026-09-17,2026-09-17
2026-09-17,canarymedia.com,nfkc-casefold-collapse-v1,199820ee2cc71b921bf3574ea11ff753a88884a6f4756ea36fb3e84f30be897f,2,2026-09-17,2026-09-17
2026-09-17,canarymedia.com,nfkc-casefold-collapse-v1,aa2fc8e6bdc4399f8cfe3730841149ad4e194a428271022dae40ad33fd6607a8,2,2026-09-17,2026-09-17
2026-09-17,canarymedia.com,nfkc-casefold-collapse-v1,27903ee2b9b6c8250711141d03a74b3127b6f7cf925015ee287cc2d90ffa4c3c,2,2026-09-17,2026-09-17
2026-09-17,canarymedia.com,nfkc-casefold-collapse-v1,91788f8b0a90775fd147825969b752d698d76a6dbddf9e40bd8a73c5cff7888f,2,2026-09-17,2026-09-17
2026-09-17,canarymedia.com,nfkc-casefold-collapse-v1,adaa07266551a214c7b371977082ba97f33e00cc25a0656c0c421142ab24c341,2,2026-09-17,2026-09-17
2026-09-17,canarymedia.com,nfkc-casefold-collapse-v1,52e286b19259251375773c0787b2a256d3f12f5096b8dd3e0cda4142486feb5a,2,2026-09-17,2026-09-17
2026-09-17,canarymedia.com,nfkc-casefold-collapse-v1,db37de8020e246ba0ea0ed1e6ef89d9b9c9e40ce8fb4fce10b492c4ec984ad51,2,2026-09-17,2026-09-17
2026-09-17,canarymedia.com,nfkc-casefold-collapse-v1,adb559c772c7305b578a400ad6a46f092f597964adf2c0136a92834f91b142d9,2,2026-09-17,2026-09-17
2026-09-17,canarymedia.com,nfkc-casefold-collapse-v1,30860a1ce84c8861fe632c83b6bd2d6dee6dcf90cb0e7bec94cea947552bbc72,2,2026-09-17,2026-09-17
2026-09-17,channelnewsasia.com,nfkc-casefold-collapse-v1,0853364cd998c595e57b502ddb1d1cdd545b04b4e64065c567ea804408a24307,2,2026-09-17,2026-09-17
2026-09-17,channelnewsasia.com,nfkc-casefold-collapse-v1,7ea1c5bb0b4002ede01d402e7a9ed5c49e26e1cb57aec3751023f9abd923fcb0,2,2026-09-17,2026-09-17
2026-09-17,channelnewsasia.com,nfkc-casefold-collapse-v1,c36eb8a4d25da01510f547291d6993780af8e82f963da73f0d7f2c488e751083,2,2026-09-17,2026-09-17
2026-09-17,channelnewsasia.com,nfkc-casefold-collapse-v1,40f7ba6aac7765547525ce441cec9b81a8c6c16a62f0718565c3fd4a20f60018,2,2026-09-17,2026-09-17
2026-09-17,channelnewsasia.com,nfkc-casefold-collapse-v1,768dc49a330d61b15f61943816dec82538f87c077dc5eeb8a32d68128564eaa9,2,2026-09-17,2026-09-17
2026-09-17,channelnewsasia.com,nfkc-casefold-collapse-v1,4a5c73f3459a76ff337ef79525756502ce2cfdc1753fd4868d090e9f77af5115,2,2026-09-17,2026-09-17
2026-09-17,channelnewsasia.com,nfkc-casefold-collapse-v1,4f33eec284d64d764151183fed8bd47a0ac7d34f03946bf64d571f0c1640e127,2,2026-09-17,2026-09-17
2026-09-17,channelnewsasia.com,nfkc-casefold-collapse-v1,1ca490faaf2f51a281e403be06772b6f7b740a83e14eeae40ffcf2a3113fff9b,2,2026-09-17,2026-09-17
2026-09-17,channelnewsasia.com,nfkc-casefold-collapse-v1,e52fb7e63461aa56180e599a5bff08c39c64e9cb637ee47678ebc569c0ce51e6,2,2026-09-17,2026-09-17
2026-09-17,channelnewsasia.com,nfkc-casefold-collapse-v1,a9313b44882478f53121be2f13db0af41322521905acba30ed60db37061b48b9,2,2026-09-17,2026-09-17
2026-09-17,channelnewsasia.com,nfkc-casefold-collapse-v1,e4d627e7800af6e5cf693821ecaac801bf4a2b4ad52d3047109925ddfcc6f2da,2,2026-09-17,2026-09-17
2026-09-17,channelnewsasia.com,nfkc-casefold-collapse-v1,27ac4a3875b536e36e051beb1bd978ba356d67b892977aeca5a96ae39567f1ef,2,2026-09-17,2026-09-17
2026-09-17,channelnewsasia.com,nfkc-casefold-collapse-v1,979b7c7a1953bd4db9aa9e9c9712d9410c26f0157e51231285e6a997d1cae67c,2,2026-09-17,2026-09-17
2026-09-17,channelnewsasia.com,nfkc-casefold-collapse-v1,b1c92e4d803848a10f4e3e165effc2b353e68184ca62f1e026a52b867912deef,2,2026-09-17,2026-09-17
2026-09-17,channelnewsasia.com,nfkc-casefold-collapse-v1,3cda119ee606aa8222913f0a48c9e4131705b0a34889867ffb6b3857237b9dd6,2,2026-09-17,2026-09-17
2026-09-17,channelnewsasia.com,nfkc-casefold-collapse-v1,ff219ad97a1b05c20f507776941b9b5127e6ecd8abf641e5d248439e54a4578c,2,2026-09-17,2026-09-17
2026-09-17,channelnewsasia.com,nfkc-casefold-collapse-v1,a878cf86de5fea6cc57bdf90aa273997ad066c1def59529c7d2ed6b0947d87e6,2,2026-09-17,2026-09-17
2026-09-17,channelnewsasia.com,nfkc-casefold-collapse-v1,a1b7d71ee799723077cc19cd714c6b9a8886bd8ab2c2f6d84bffbb2c0785b1ce,2,2026-09-17,2026-09-17
2026-09-17,channelnewsasia.com,nfkc-casefold-collapse-v1,e32b01c101cfc34e829bf2b0718dbca4e08487a5db67d47e1653e012e1688f4c,2,2026-09-17,2026-09-17
2026-09-17,channelnewsasia.com,nfkc-casefold-collapse-v1,2f17e03817be9727d367eeabec8ffb62103f38d988e41a1491d4ca83d9039d51,2,2026-09-17,2026-09-17
2026-09-17,channelnewsasia.com,nfkc-casefold-collapse-v1,fcdc0494b7c9f1ebc8a9c5562691a6618aa23889f98ee246c80c03a5617630d6,2,2026-09-17,2026-09-17
2026-09-17,channelnewsasia.com,nfkc-casefold-collapse-v1,7a3b5e6a6b282fa2d00b821ebc1239f578f7eefa7d8f1d98ca016f693b9802f9,2,2026-09-17,2026-09-17
2026-09-17,channelnewsasia.com,nfkc-casefold-collapse-v1,ca47b1f0b790af090d47998584684055cdc450557b84ce88eced8c97c5b7d95a,2,2026-09-17,2026-09-17
2026-09-17,channelnewsasia.com,nfkc-casefold-collapse-v1,bfed718d404be14901a656c1719456407c9986e0fb651f363bb72409d57096dc,2,2026-09-17,2026-09-17
2026-09-17,channelnewsasia.com,nfkc-casefold-collapse-v1,eafd1d5a8c34533559cebaead288c1b970dc59c0cf792c7f3445706c155dbff4,2,2026-09-17,2026-09-17
2026-09-17,channelnewsasia.com,nfkc-casefold-collapse-v1,643bd3f4da36e24d299e17c731f1f3348e7bbbdf3f8c27000a12880cb27b2e89,2,2026-09-17,2026-09-17
2026-09-17,channelnewsasia.com,nfkc-casefold-collapse-v1,f4958c3ddbde48ec39f4c4ba783e1895fd9ef897c65f655d459bec2656929de9,2,2026-09-17,2026-09-17
2026-09-17,channelnewsasia.com,nfkc-casefold-collapse-v1,e8665ee7d8380751cf58e1a61669c4cc972238a5e17de88ad42baab05df7e883,2,2026-09-17,2026-09-17
2026-09-17,channelnewsasia.com,nfkc-casefold-collapse-v1,5f0a43826004b9a401e6adc38ddd1cf904b4108a2de7bd9e914d62bda639c66a,2,2026-09-17,2026-09-17
2026-09-17,channelnewsasia.com,nfkc-casefold-collapse-v1,f520fbc3c4d5036ed473ee48b8c9629a1ec594f4b5a31dda3c2405e081a078a2,2,2026-09-17,2026-09-17
2026-09-17,channelnewsasia.com,nfkc-casefold-collapse-v1,baa7a1595ae143aeb0eba7490f62205fa036dd70f15c9e0d3011241e5dcc5f34,2,2026-09-17,2026-09-17
2026-09-17,channelnewsasia.com,nfkc-casefold-collapse-v1,4f142ac49133147e78f41750a39c931df5065a814a381d69ed3cfadeac6876af,2,2026-09-17,2026-09-17
2026-09-17,channelnewsasia.com,nfkc-casefold-collapse-v1,19edcf6dc077f590fae69798456d9ab73f3b4c07d8d602da6579d95549bb9012,2,2026-09-17,2026-09-17
2026-09-17,channelnewsasia.com,nfkc-casefold-collapse-v1,0ad0633fc8c22e9fa3d50b520cc212c1f13b9f642e3286e28475d520f71ced50,2,2026-09-17,2026-09-17
2026-09-17,channelnewsasia.com,nfkc-casefold-collapse-v1,f928a21486b6f1b05fbea87e3554ad986a3a5a35e92083b211cd6a46e56027df,2,2026-09-17,2026-09-17
2026-09-17,channelnewsasia.com,nfkc-casefold-collapse-v1,17aa266ed507fc2b4358c824da5a5bdf7c2c25c1cbe8c7bd737a8a73a8868f27,2,2026-09-17,2026-09-17
2026-09-17,channelnewsasia.com,nfkc-casefold-collapse-v1,84a784f02d091270818d9fa6daa98d2a32c9c884cdf4d09c04b6187aa6d65a51,2,2026-09-17,2026-09-17
2026-09-17,channelnewsasia.com,nfkc-casefold-collapse-v1,a29d008636b7698afb2655f351a9e59970cfe811e0116fd5b348a4d94d6f1f6a,2,2026-09-17,2026-09-17
2026-09-17,channelnewsasia.com,nfkc-casefold-collapse-v1,99143a25e30f0127c129c47b4d458ce2d4ac7049071b4c9a087576222ed3a49e,2,2026-09-17,2026-09-17
2026-09-17,channelnewsasia.com,nfkc-casefold-collapse-v1,e3850ee2993e392ee64042913487c1bf6001f053956d1a6e525be258893862a4,2,2026-09-17,2026-09-17
2026-09-17,channelnewsasia.com,nfkc-casefold-collapse-v1,eb552c9b36361694ff903282cf495b3aa32dae1d2adda92ebf485eaccbb28101,2,2026-09-17,2026-09-17
2026-09-17,channelnewsasia.com,nfkc-casefold-collapse-v1,a32d42f3e147309048d006e0f2d310c148a89fa03afef37b9dca6fb111e016fd,2,2026-09-17,2026-09-17
2026-09-17,channelnewsasia.com,nfkc-casefold-collapse-v1,25b55b63c8b8a30a261898e894b25223d649bfc01723e67a87523b9977d839d5,2,2026-09-17,2026-09-17
2026-09-17,channelnewsasia.com,nfkc-casefold-collapse-v1,b79afd809a9830d31c8e18f0796fb86b406e0a1b09874a97edb54405616684c2,2,2026-09-17,2026-09-17
2026-09-17,channelnewsasia.com,nfkc-casefold-collapse-v1,3ce49c2122a55f4c4b2780b3ec33654bc46b4cc7a57d773def8a0d7c97591e68,2,2026-09-17,2026-09-17
2026-09-17,channelnewsasia.com,nfkc-casefold-collapse-v1,1cdaa2529995fcfa3911d2b147d231fac87e563f318fda3bad62fcf1f5b0a504,2,2026-09-17,2026-09-17
2026-09-17,channelnewsasia.com,nfkc-casefold-collapse-v1,7543f88cb2d240f8137524beb49e5048efb8364ee4f61949a5da376dd410afd1,2,2026-09-17,2026-09-17
2026-09-17,channelnewsasia.com,nfkc-casefold-collapse-v1,3c0ee430301ba1c8c5621333688a95baa9a6ac0166d780813609b957d940d891,2,2026-09-17,2026-09-17
2026-09-17,channelnewsasia.com,nfkc-casefold-collapse-v1,4d488d3ce3144286160bf3577807d8a2cbc93c725f05d05064053b2829c77735,2,2026-09-17,2026-09-17
2026-09-17,channelnewsasia.com,nfkc-casefold-collapse-v1,68fd85aeca930390113d76fb0feb92f1765489ed9703fe4aca2ab2ee4acd5a70,2,2026-09-17,2026-09-17
2026-09-17,channelnewsasia.com,nfkc-casefold-collapse-v1,23943ef25703dd01f540fc5678d0d54f3231f9857e911af57b84219b66393c35,2,2026-09-17,2026-09-17
2026-09-17,channelnewsasia.com,nfkc-casefold-collapse-v1,bb7ebd01ccb7ab5ea6ee01ee220525304d7abcd9ed8ad676b660b41b27863921,2,2026-09-17,2026-09-17
2026-09-17,channelnewsasia.com,nfkc-casefold-collapse-v1,486a26eaf7f6cfb5b79c2b212f8ac4e0649c74a838d201c33690ee7ca693c8dc,2,2026-09-17,2026-09-17
2026-09-17,channelnewsasia.com,nfkc-casefold-collapse-v1,97a0326c000080d80fc334fbf9039eadea2fff5dcbde14cd4c6f0631712e1950,2,2026-09-17,2026-09-17
2026-09-17,channelnewsasia.com,nfkc-casefold-collapse-v1,6c1afefdce7b9fd7eaa3892b3445b8d9d53b34504fb789a4d0daef0cc5b9c684,2,2026-09-17,2026-09-17
2026-09-17,channelnewsasia.com,nfkc-casefold-collapse-v1,8d06d941787c4f4f9d78ec64ea62fba1f221aa68d15d06e95122245b7c0ffe59,2,2026-09-17,2026-09-17
2026-09-17,channelnewsasia.com,nfkc-casefold-collapse-v1,80a7bbe34da780fb3273b64fa69980a05c972cad40af0c00e30da7ddb32d2f6c,2,2026-09-17,2026-09-17
2026-09-17,channelnewsasia.com,nfkc-casefold-collapse-v1,2e3a04359fbdb768c530162edf02f7f41464ff8ad37424098205f365b786d9e2,2,2026-09-17,2026-09-17
2026-09-17,channelnewsasia.com,nfkc-casefold-collapse-v1,aadbed9b8e87fd77b2859a0ed6d4ed0f76a6402c661fee46ce28bdb7e2626cc6,2,2026-09-17,2026-09-17
2026-09-17,channelnewsasia.com,nfkc-casefold-collapse-v1,dfbd1b281bcc3db91ab0b285a131e2e091f8d1f60cf98f22a219def2b8c18fdd,2,2026-09-17,2026-09-17
2026-09-17,channelnewsasia.com,nfkc-casefold-collapse-v1,25c626877c78bcef8bf70ebfbc2fc7ce6401206fce92f50c390cfabf095b9a7b,2,2026-09-17,2026-09-17
2026-09-17,channelnewsasia.com,nfkc-casefold-collapse-v1,6e379c0a9aa3456a1185c7fc3feabae9ebc5c700f4899ebb536160b8257d26f2,2,2026-09-17,2026-09-17
2026-09-17,channelnewsasia.com,nfkc-casefold-collapse-v1,44c4ca7ab316efbe349eec03cdef527636bfae5ab429cdfa462c8a43e351c314,2,2026-09-17,2026-09-17
2026-09-17,channelnewsasia.com,nfkc-casefold-collapse-v1,3d64a699a990033b487d6b74f7a707ca28e05c925c7c6d045515f752f23f51a4,2,2026-09-17,2026-09-17
2026-09-17,channelnewsasia.com,nfkc-casefold-collapse-v1,6a799c795bf9c352ac0524a9b1285b16b7e543556ea99dc337db133446aa72f5,2,2026-09-17,2026-09-17
2026-09-17,channelnewsasia.com,nfkc-casefold-collapse-v1,94fb5bcd3a0a59d8bda47c7dfbacb7ac02e017d198d5592162962da57b4e9e1b,2,2026-09-17,2026-09-17
2026-09-17,channelnewsasia.com,nfkc-casefold-collapse-v1,2af06607edea8a2a41f83fda4f5c8115be9e7715885729f3304642784cf757ad,2,2026-09-17,2026-09-17
2026-09-17,channelnewsasia.com,nfkc-casefold-collapse-v1,0645f0e1a94189225d51266939703e5cf5a866cc4ad981b8a0a7273663c1435b,2,2026-09-17,2026-09-17
2026-09-17,channelnewsasia.com,nfkc-casefold-collapse-v1,e5ac975a7e30ee80a2fc8d5c15cfa414fe3925bad03776bd07e28b0e773b505d,2,2026-09-17,2026-09-17
2026-09-17,channelnewsasia.com,nfkc-casefold-collapse-v1,0b9ccb724f7d35a38d76143cfc18522575c3ba02abba13c8500d467712a2414c,2,2026-09-17,2026-09-17
2026-09-17,channelnewsasia.com,nfkc-casefold-collapse-v1,98c15c8450efcae6dcb142eab77f95923c586a0b0a1e7a41fcfc41340779652d,2,2026-09-17,2026-09-17
2026-09-17,channelnewsasia.com,nfkc-casefold-collapse-v1,c90c171cd8085a39ad896dbf6dea3f395279fc4bb0a019f691a7ac44a5056cda,2,2026-09-17,2026-09-17
2026-09-17,channelnewsasia.com,nfkc-casefold-collapse-v1,929e9e1d706c6ab0a4e151dfbebfaef1e24e231be59070ec4384b07be498e393,2,2026-09-17,2026-09-17
2026-09-17,channelnewsasia.com,nfkc-casefold-collapse-v1,2c4b8d2539895084bc71bd3c9bd3e4cc226a5326249ae4336942896949eaefb4,2,2026-09-17,2026-09-17
2026-09-17,channelnewsasia.com,nfkc-casefold-collapse-v1,2be48fb65a4a8aa90cb4db00e54a18660a28f9570949eeb12d24159a87d5db93,2,2026-09-17,2026-09-17
2026-09-17,channelnewsasia.com,nfkc-casefold-collapse-v1,0d521bb41271052b845f216642d2557278cc341a5a0e3f620124bb64c050724a,2,2026-09-17,2026-09-17
2026-09-17,channelnewsasia.com,nfkc-casefold-collapse-v1,29b4d3873838185aada9c4209d7b318e605a4f3516ce76b3d641aa3af763137e,2,2026-09-17,2026-09-17
2026-09-17,channelnewsasia.com,nfkc-casefold-collapse-v1,58f872494bdbf23c2c8ce53b369b57e5b8e8186267f38fe276d72be039814a33,2,2026-09-17,2026-09-17
2026-09-17,channelnewsasia.com,nfkc-casefold-collapse-v1,3e99e831039110fcd667bae532fc2f9424dab270102815a0f0ad5e28b50f8b69,2,2026-09-17,2026-09-17
2026-09-17,channelnewsasia.com,nfkc-casefold-collapse-v1,d37335603977bd83f5bd06c10baf30d9074e3823f73f27e3416fe078c5b4b904,2,2026-09-17,2026-09-17
2026-09-17,channelnewsasia.com,nfkc-casefold-collapse-v1,29cb0572a9ea836cf4ee426acd0b7bb174bc1e50771c691408bafd89e8c95cba,2,2026-09-17,2026-09-17
2026-09-17,channelnewsasia.com,nfkc-casefold-collapse-v1,17ec26b4fc8aadc9f2f9cd58814c964668d9059b24786965355b0ff7603b700b,2,2026-09-17,2026-09-17
2026-09-17,channelnewsasia.com,nfkc-casefold-collapse-v1,fb29d97f46eebb0cc124f32c03b8c1954162048aee30e0d972804f4abf9d94f3,2,2026-09-17,2026-09-17
2026-09-17,channelnewsasia.com,nfkc-casefold-collapse-v1,4ba768c407783179d8093f08fb493ed1ece6506f07fd5915173dac83922999b1,2,2026-09-17,2026-09-17
2026-09-17,channelnewsasia.com,nfkc-casefold-collapse-v1,08c63bee39380630ef4dc6d069409a96654f3970c72d1619cda4288e68a55663,2,2026-09-17,2026-09-17
2026-09-17,channelnewsasia.com,nfkc-casefold-collapse-v1,6b6e32ec09f0070f0b32ff0ced5f9e50822e2b34f3c6b2766ca50f2fe87ea307,2,2026-09-17,2026-09-17
2026-09-17,channelnewsasia.com,nfkc-casefold-collapse-v1,64b4b2570e181ea207b4e065d6bce4fbcde1bd5ae05cc7619916e531fba3d00b,2,2026-09-17,2026-09-17
2026-09-17,channelnewsasia.com,nfkc-casefold-collapse-v1,4cbed69d3c2d8632a6194b09b0946c7b85dfbc0cf0eeac073ac2c5ec23a3070f,2,2026-09-17,2026-09-17
2026-09-17,channelnewsasia.com,nfkc-casefold-collapse-v1,a33b39576bdfa6b19b96bf400984619e8db616e62ddbe1f12180e9eb66c8bebb,2,2026-09-17,2026-09-17
2026-09-17,channelnewsasia.com,nfkc-casefold-collapse-v1,58794fb29d17400b8f99ae396b466083eae0d8bfd37542fb125cfd9e1733f224,2,2026-09-17,2026-09-17
2026-09-17,channelnewsasia.com,nfkc-casefold-collapse-v1,0a2ac0acab77cf0f8837bce24abf4f02395587070b9a6ef5fb6084b4c8bfde3a,2,2026-09-17,2026-09-17
2026-09-17,channelnewsasia.com,nfkc-casefold-collapse-v1,f3f39b857de94c3297edf435068e0a51a4ff1604fdfc62e1c5aa1da98b13d4ab,2,2026-09-17,2026-09-17
2026-09-17,channelnewsasia.com,nfkc-casefold-collapse-v1,3e1541fd0df60cb58d5da7cd06099ae5ebc23a099927617bc4240e945211d51a,2,2026-09-17,2026-09-17
2026-09-17,channelnewsasia.com,nfkc-casefold-collapse-v1,537ed975faeb2bbb5cc5e6eef9e963d1a2b24336417590b26bcbdb305d7b802b,2,2026-09-17,2026-09-17
2026-09-17,channelnewsasia.com,nfkc-casefold-collapse-v1,d23f40865ec32c493f1da803949549725a7436f8558b4970eb96c7716f76765e,2,2026-09-17,2026-09-17
2026-09-17,channelnewsasia.com,nfkc-casefold-collapse-v1,ed867c2f8385cd4aad0094ca01e3b323beec0623b25333535be06c74a337a939,2,2026-09-17,2026-09-17
2026-09-17,channelnewsasia.com,nfkc-casefold-collapse-v1,52b7c98d3eb12ebd30cf3fbbed0e85b7d5eb31efa780a56e10481ebfd5b31091,2,2026-09-17,2026-09-17
2026-09-17,channelnewsasia.com,nfkc-casefold-collapse-v1,603f5454f12a02826998e88fadd6b4afee87b5245a386c45f89b545bbd5f3009,2,2026-09-17,2026-09-17
2026-09-17,channelnewsasia.com,nfkc-casefold-collapse-v1,e639776ea1a40ca422b8f250a38a6e43f4eddf62d46daa114c6ecb608193b644,2,2026-09-17,2026-09-17
2026-09-17,channelnewsasia.com,nfkc-casefold-collapse-v1,9ec4b516bf7cdf661aa0a197c4e74ec1cdf499b4daa5de10cb5ac721110fa876,2,2026-09-17,2026-09-17
2026-09-17,channelnewsasia.com,nfkc-casefold-collapse-v1,bbe8d22452c6048231f831991e52301e683692ee3d45bedb8a16fcb57631c560,2,2026-09-17,2026-09-17
2026-09-17,channelnewsasia.com,nfkc-casefold-collapse-v1,e8a4256e8d42fd86748f40f07d2592e04bd019c267a0d393337328ed657437ce,2,2026-09-17,2026-09-17
2026-09-17,channelnewsasia.com,nfkc-casefold-collapse-v1,bb8b364e4cd0f2dc46a74733243d7cc1c06fccf7ecb0186f99a6deb79b0d3785,2,2026-09-17,2026-09-17
2026-09-17,channelnewsasia.com,nfkc-casefold-collapse-v1,422bdc0ee75fc9d639a2bd410191925212f692d816ff5180b3c8c6aa66f9116a,2,2026-09-17,2026-09-17
2026-09-17,channelnewsasia.com,nfkc-casefold-collapse-v1,d9792f7879dfb6396f74e08e351c6ffb0ba691ab6cfd2a3eb46572de36bbc34f,2,2026-09-17,2026-09-17
2026-09-17,channelnewsasia.com,nfkc-casefold-collapse-v1,d85609614e1f5912bb1aec300b1a9cb30f31c2d996c5d2c09d5fe91e3c462a6d,2,2026-09-17,2026-09-17
2026-09-17,channelnewsasia.com,nfkc-casefold-collapse-v1,0e3a80587e003e5902def5f6effeb73ced51aa7607a31e601936c82fba623867,2,2026-09-17,2026-09-17
2026-09-17,channelnewsasia.com,nfkc-casefold-collapse-v1,f00b634526057126a6b676ccd10940f241026ca70f79848b17784a6411b33efb,2,2026-09-17,2026-09-17
2026-09-17,channelnewsasia.com,nfkc-casefold-collapse-v1,f50a23422ebc4421828e55eb03db2774cd6172c38d83ec31045cc4e316310b5a,2,2026-09-17,2026-09-17
2026-09-17,channelnewsasia.com,nfkc-casefold-collapse-v1,66e3f84b5acf88f9a1949b8318537a69635452d4448c466c064e8076d34df907,2,2026-09-17,2026-09-17
2026-09-17,channelnewsasia.com,nfkc-casefold-collapse-v1,e02bc920a5e26a8fbc27236eb43ad3ef6bdc8c08addf181bddac589c66b9ed6d,2,2026-09-17,2026-09-17
2026-09-17,channelnewsasia.com,nfkc-casefold-collapse-v1,5e8997d1e4698139f11c3a43a84d1a8b518de8171843186d9adb7d3f4f8e2c4a,2,2026-09-17,2026-09-17
2026-09-17,channelnewsasia.com,nfkc-casefold-collapse-v1,0c9df754c3a803b49b462c545d967d780abd50af8ba0d7f8bdda6e1a4ad70e94,2,2026-09-17,2026-09-17
2026-09-17,channelnewsasia.com,nfkc-casefold-collapse-v1,2d206ee606e638e4a91c0c6c5ba40a74bc479311ffeddf503b49e1151e11e5ee,2,2026-09-17,2026-09-17
2026-09-17,channelnewsasia.com,nfkc-casefold-collapse-v1,b6aaf3b0227f9c459f4efa930361fe6d891483599d14fcae9ceb2eb28e78df42,2,2026-09-17,2026-09-17
2026-09-17,channelnewsasia.com,nfkc-casefold-collapse-v1,f511dc26cf647b8cca42fe899f1705271ed6e51589e07a85185a3fc008459470,2,2026-09-17,2026-09-17
2026-09-17,channelnewsasia.com,nfkc-casefold-collapse-v1,2ea295bb2ca33049ba4dc8d9696c68910bc6381221f2635e0a9f65bdb6fd15fa,2,2026-09-17,2026-09-17
2026-09-17,channelnewsasia.com,nfkc-casefold-collapse-v1,62bebf80dda6e61aa653ab4da9acdd45c38b2c370e1f18e74551ce4e3de9fc72,2,2026-09-17,2026-09-17
2026-09-17,channelnewsasia.com,nfkc-casefold-collapse-v1,bf8401b9071adbe2e52967f36705d4fa90f9f19712db3eaee1ab8dff1ebf67e9,2,2026-09-17,2026-09-17
2026-09-17,channelnewsasia.com,nfkc-casefold-collapse-v1,3e3ba39413b80d24b266a69145e814516eb3d9b6398b1e00183765fa6762d487,2,2026-09-17,2026-09-17
2026-09-17,channelnewsasia.com,nfkc-casefold-collapse-v1,ec3a61a5b80516abd13512932c4c8829398565a559e2dab7b75ae8041accb3fe,2,2026-09-17,2026-09-17
2026-09-17,channelnewsasia.com,nfkc-casefold-collapse-v1,f97ae3a5c9daa0fc79be17d7a6ce46c7489387111d7ef56636403c25ef4945f1,2,2026-09-17,2026-09-17
2026-09-17,channelnewsasia.com,nfkc-casefold-collapse-v1,db55f45f162caa5b3e6c14c622ba467f5edf38ff8b5efd7eda03802ba75bde2f,2,2026-09-17,2026-09-17
2026-09-17,channelnewsasia.com,nfkc-casefold-collapse-v1,83a275c8cdc28ae84876770142856364e36fe234188586d95a1fd0435a3c069e,2,2026-09-17,2026-09-17
2026-09-17,channelnewsasia.com,nfkc-casefold-collapse-v1,0256eb1c8f6f79af67d3b80746dd26791551e7135babb96a6e494d4f1c5497bc,2,2026-09-17,2026-09-17
2026-09-17,channelnewsasia.com,nfkc-casefold-collapse-v1,5873209dccefad2c5f9b721bf2168b7e10c78676a08d9d28f7320dd1ef46690f,2,2026-09-17,2026-09-17
2026-09-17,channelnewsasia.com,nfkc-casefold-collapse-v1,c371433a99f9e25672eb940a8f59a17a42617b9b0ec265f3ead2dc2bf0705324,2,2026-09-17,2026-09-17
2026-09-17,channelnewsasia.com,nfkc-casefold-collapse-v1,e9e3fd1d11ab5f16ed1c91592c6c44fd7b42ac602378522329e348c47b439b99,2,2026-09-17,2026-09-17
2026-09-17,channelnewsasia.com,nfkc-casefold-collapse-v1,2cc0946d0ce117ff0ccdade1e7e54c91dedd5deb5148712d0c486b1cff438877,2,2026-09-17,2026-09-17
2026-09-17,channelnewsasia.com,nfkc-casefold-collapse-v1,965609d4e3a224f10f31492b4c42f35ac72a079d735caf838715b15129495edd,2,2026-09-17,2026-09-17
2026-09-17,channelnewsasia.com,nfkc-casefold-collapse-v1,43279914a10067a5910e8b580f26eb4f4f81ab1e62fa13f1c3454bfebe9311f6,2,2026-09-17,2026-09-17
2026-09-17,channelnewsasia.com,nfkc-casefold-collapse-v1,8e9d193a06d6ba06167e5527b450f6cc0258b89e64ec33e0cce0b40782d1078c,2,2026-09-17,2026-09-17
2026-09-17,channelnewsasia.com,nfkc-casefold-collapse-v1,ee43c291eb898556bfa0fb993cc8c74462be03d099d1bb2dc012d6ba8335f9a5,2,2026-09-17,2026-09-17
2026-09-17,channelnewsasia.com,nfkc-casefold-collapse-v1,deb09b0d4498d628ee37cc195f414eeae6678b4fd44432748a85ad5399ab5741,2,2026-09-17,2026-09-17
2026-09-17,channelnewsasia.com,nfkc-casefold-collapse-v1,ca447bbaee495b0c9c438b62d00f72c4d2f0a8f4b93c53becae9dfa4d5918583,2,2026-09-17,2026-09-17
2026-09-17,channelnewsasia.com,nfkc-casefold-collapse-v1,28ebe08de371dccd947e63b307f98d69b98ceb502f0fea2b8fa50cdec78acb9c,2,2026-09-17,2026-09-17
2026-09-17,channelnewsasia.com,nfkc-casefold-collapse-v1,452fa659bce2f030256140034ed1f6a461020298843aa6fa7d376e2ef651069f,2,2026-09-17,2026-09-17
2026-09-17,channelnewsasia.com,nfkc-casefold-collapse-v1,a7eacfe8c68f50e9e00cd27fa872ebb2d521a90acb7fb2fc2a246e50c3855543,2,2026-09-17,2026-09-17
2026-09-17,developer.nvidia.com,nfkc-casefold-collapse-v1,fe6dc1b3e62e7a5fe7fe2b63c35292b26c026a2615369f5fc21999e792659c67,2,2026-09-17,2026-09-17
2026-09-17,developer.nvidia.com,nfkc-casefold-collapse-v1,857a9cc7e30a980e8df18481e9a675219027d6e197d0d1f684ba2f3ce565fcbd,2,2026-09-17,2026-09-17
2026-09-17,developer.nvidia.com,nfkc-casefold-collapse-v1,f72f0ef5734fdd026c5b9a85a876c0531a6d15ffc50e18082ef096a883c21dac,2,2026-09-17,2026-09-17
2026-09-17,developer.nvidia.com,nfkc-casefold-collapse-v1,f2e0ee8a25c84e32fb7e1f6fe1cfb472c03f1e201862282cf4b81b471451a702,2,2026-09-17,2026-09-17
2026-09-17,developer.nvidia.com,nfkc-casefold-collapse-v1,fc327210049979f68f3bb95dc9f6fd0850eea85ecbac3f2d920a8c0d78700789,2,2026-09-17,2026-09-17
2026-09-17,developer.nvidia.com,nfkc-casefold-collapse-v1,4199d5a2a841e2e730ffecbb849839c7356eff942fa354be8654ae571e886e55,2,2026-09-17,2026-09-17
2026-09-17,developer.nvidia.com,nfkc-casefold-collapse-v1,aed026415b613c3bdf97a5f55bfb0ec6c127c8a37f1dfb8892db44e65842ba2e,2,2026-09-17,2026-09-17
2026-09-17,developer.nvidia.com,nfkc-casefold-collapse-v1,ce707d0216f8f1202af78a83420950fb83301f821f15feba19a5065b6a3daee2,2,2026-09-17,2026-09-17
2026-09-17,developer.nvidia.com,nfkc-casefold-collapse-v1,9b57238a1433000f09dc725bedc5ea2839240dc53669c8745333adfebf2957f1,2,2026-09-17,2026-09-17
2026-09-17,developer.nvidia.com,nfkc-casefold-collapse-v1,10674e1274cab9a6505837eb94fff9f7d4615f1e19b6568992c02b19a58b9080,2,2026-09-17,2026-09-17
2026-09-17,developer.nvidia.com,nfkc-casefold-collapse-v1,36a112b1c1b91c127293acdaaa7a4f0c01ffc8ff0bcb9a2fc951e5961082d37b,2,2026-09-17,2026-09-17
2026-09-17,developer.nvidia.com,nfkc-casefold-collapse-v1,cd8e5d56cc6c60e697948044e82a6a47ced7de374fa67794bf48fcf327eb485a,2,2026-09-17,2026-09-17
2026-09-17,developer.nvidia.com,nfkc-casefold-collapse-v1,4a2d2c570c3a8838d66b5843259b91e8a4f0bf849e1b7c0456a6de8f11cd1246,2,2026-09-17,2026-09-17
2026-09-17,developer.nvidia.com,nfkc-casefold-collapse-v1,50461662272eae21e0b1ac503fa16d7a0dacb5ddd42898c5f5629b05cc99097c,2,2026-09-17,2026-09-17
2026-09-17,developer.nvidia.com,nfkc-casefold-collapse-v1,5bf50bf3665c85651e697e2aab65a36dcdc141b1d20a827403140679a9dab1b0,2,2026-09-17,2026-09-17
2026-09-17,developer.nvidia.com,nfkc-casefold-collapse-v1,1db5499d5484cd9f3005ea15898fe46ee17e1e9395b80f52bf7f8b84f2a95f05,2,2026-09-17,2026-09-17
2026-09-17,developer.nvidia.com,nfkc-casefold-collapse-v1,29f1c942dd7adccd3454bee845d88d0441a1c0925e63bfbd07de0b68201c5f63,2,2026-09-17,2026-09-17
2026-09-17,developer.nvidia.com,nfkc-casefold-collapse-v1,0b98bcf8e2ca148e76adab37ad855ed1030bac1863f2b33cbfd631104793202c,2,2026-09-17,2026-09-17
2026-09-17,developer.nvidia.com,nfkc-casefold-collapse-v1,40ca83c46bec1e52787e734a570ead287e76d29f004585ac8de2b1b9c2c3fb17,2,2026-09-17,2026-09-17
2026-09-17,developer.nvidia.com,nfkc-casefold-collapse-v1,1d019c91dcfd5fd3a5d3ec4f57181f3b665b88cec1d15f428ec66e9aafb15047,2,2026-09-17,2026-09-17
2026-09-17,developer.nvidia.com,nfkc-casefold-collapse-v1,ba22e8430d389c273430a8f43764b436a6e55f0d513adbf53bf302f98c359960,2,2026-09-17,2026-09-17
2026-09-17,developer.nvidia.com,nfkc-casefold-collapse-v1,745e29102f4eaa6dee1576244bf44080af4006371ff97004cace72af27ea8f91,2,2026-09-17,2026-09-17
2026-09-17,developer.nvidia.com,nfkc-casefold-collapse-v1,bd2e4f92e991f6259e287a1a3d4bc6589ecbfaab285cca4cdf13fefe2883eda1,2,2026-09-17,2026-09-17
2026-09-17,developer.nvidia.com,nfkc-casefold-collapse-v1,6cb66035c3dfd647443323a000c7aacae1273b3ce58d105e78a36c7dbb4b516f,2,2026-09-17,2026-09-17
2026-09-17,developer.nvidia.com,nfkc-casefold-collapse-v1,cfae0d4248f7142f7b17f826cd7a519280e312577690e957830d23dcf35a3fff,2,2026-09-17,2026-09-17
2026-09-17,developer.nvidia.com,nfkc-casefold-collapse-v1,a02c65de08fecb2f852de7fc3cf6744a3b1f66d572d4a74917b5fc2dbe7ee7d1,2,2026-09-17,2026-09-17
2026-09-17,developer.nvidia.com,nfkc-casefold-collapse-v1,47884c49378654a1ffef6d981b9eb320320aad08f0aed89b5eba2ad17119aece,2,2026-09-17,2026-09-17
2026-09-17,developer.nvidia.com,nfkc-casefold-collapse-v1,2fd5c1b5cee52ba7f736d2b442b79f33c210733194a387af7f410014235a062d,2,2026-09-17,2026-09-17
2026-09-17,developer.nvidia.com,nfkc-casefold-collapse-v1,f55f218c4cbed834928597311c90377ef9c8d58084d8edbd8135634a570a9461,2,2026-09-17,2026-09-17
2026-09-17,developer.nvidia.com,nfkc-casefold-collapse-v1,04a047462f6370b197b52b1d533519025daf0d34b3b46288e619bc64e302bd7f,2,2026-09-17,2026-09-17
2026-09-17,developer.nvidia.com,nfkc-casefold-collapse-v1,30c9c277f2a1c3267efcbc655bfb1ec2a90af8d841ed95986bc20e1726a93459,2,2026-09-17,2026-09-17
2026-09-17,developer.nvidia.com,nfkc-casefold-collapse-v1,12f98466ef347e7a24986c6d4e260e1665d2a2dbf7b67c548a75091453c7532a,2,2026-09-17,2026-09-17
2026-09-17,developer.nvidia.com,nfkc-casefold-collapse-v1,bf9a45276e8389047c64669ffa68b6ae5303e9ae80324e2397ecc464b166bd10,2,2026-09-17,2026-09-17
2026-09-17,developer.nvidia.com,nfkc-casefold-collapse-v1,2e09c170beba5955e1dad72c9b17fb9d6e064cfc558cc58b4c26fb1b48767bdc,2,2026-09-17,2026-09-17
2026-09-17,developer.nvidia.com,nfkc-casefold-collapse-v1,3a7ac47912eaff962328bc53714fcc36a025fba8ac36e8f414dece192ed9fe64,2,2026-09-17,2026-09-17
2026-09-17,developer.nvidia.com,nfkc-casefold-collapse-v1,caf6c6e5593cb8b6daae55ee7354f6c5e4c38279cf2bfc92f52baa1cc7fec2c3,2,2026-09-17,2026-09-17
2026-09-17,developer.nvidia.com,nfkc-casefold-collapse-v1,63e592ab33dc56d6e2ae6416534d06a961296ca50bc9142e5fdce314b47d1af6,2,2026-09-17,2026-09-17
2026-09-17,developer.nvidia.com,nfkc-casefold-collapse-v1,a6e7edebd1d1cc05275a5a6895c8a9f2d5672a0d5d24995e040fa644bebc3469,2,2026-09-17,2026-09-17
2026-09-17,developer.nvidia.com,nfkc-casefold-collapse-v1,a794d1412ca6fc4e09f885864bea8a0aaa4c45b54b726ef32df4101ddfe67630,2,2026-09-17,2026-09-17
2026-09-17,developer.nvidia.com,nfkc-casefold-collapse-v1,d9023804b4e7798034f78c696b925ea66c3d4e09d8a13998f376608435316402,2,2026-09-17,2026-09-17
2026-09-17,developer.nvidia.com,nfkc-casefold-collapse-v1,cc782f4e109914b5a1ca4a57b8b536688173957f6ea557fc0d347e1434a5d88c,2,2026-09-17,2026-09-17
2026-09-17,developer.nvidia.com,nfkc-casefold-collapse-v1,ee4b0a2821e6e4244a2d87e535b8f1ca2cef4dbc73c888043a5b2f2c0bc9d853,2,2026-09-17,2026-09-17
2026-09-17,developer.nvidia.com,nfkc-casefold-collapse-v1,70ed830f97099edb237d1cd09becfa8ab55ac52eddd170bb3f2000deee3fcb4c,2,2026-09-17,2026-09-17
2026-09-17,developer.nvidia.com,nfkc-casefold-collapse-v1,b12fdb78951582b3648dc8699e751f6f8110d5bd2add2f0f3b30d497c128b036,2,2026-09-17,2026-09-17
2026-09-17,developer.nvidia.com,nfkc-casefold-collapse-v1,b2d815a5b90bb5ca411209b3633104a7679683d5d69c604250df8a164081172c,2,2026-09-17,2026-09-17
2026-09-17,developer.nvidia.com,nfkc-casefold-collapse-v1,9f62beb4130ce83cdd47926d99eeb10d97dbb3c5862934f863fc9c29455cca4f,2,2026-09-17,2026-09-17
2026-09-17,developer.nvidia.com,nfkc-casefold-collapse-v1,bc389c8cf78ec75ecdf7339f47281ed623368a5c7cc8733f2ad36669abe87158,2,2026-09-17,2026-09-17
2026-09-17,developer.nvidia.com,nfkc-casefold-collapse-v1,4f1e44ed9d548eb63391ad42c5cebe7451838ef1db94708782e0e5f2e920c377,2,2026-09-17,2026-09-17
2026-09-17,developer.nvidia.com,nfkc-casefold-collapse-v1,5651b2723372b95e2f0ce66b978a5baaa7399d314181dc3a5523fa2db0f3f85b,2,2026-09-17,2026-09-17
2026-09-17,developer.nvidia.com,nfkc-casefold-collapse-v1,ceac5c00ad8e9afa4984a6cd7dc503d749b7658cad1609632881231425901629,2,2026-09-17,2026-09-17
2026-09-17,developer.nvidia.com,nfkc-casefold-collapse-v1,345a690116a5322728448da8f074f5ee2277bd0c93654a06d7741992dc3ca2c1,2,2026-09-17,2026-09-17
2026-09-17,developer.nvidia.com,nfkc-casefold-collapse-v1,c039b79bdcdffa781c9f4b4a7195c0c950b8913ccd8b1a776c1f87180846b40e,2,2026-09-17,2026-09-17
2026-09-17,developer.nvidia.com,nfkc-casefold-collapse-v1,6e065f2de70ea6a296ce2eabded2bacefe0075607eda94c4161e309228c4f70c,2,2026-09-17,2026-09-17
2026-09-17,developer.nvidia.com,nfkc-casefold-collapse-v1,6389ab9c311fea568dd7765ac906a7e1e2a4cc53b56d61e382851d7f5656ea79,2,2026-09-17,2026-09-17
2026-09-17,developer.nvidia.com,nfkc-casefold-collapse-v1,6247a2f551524360cd7ac183f75842d75f741e0dfd459a1cbdb800c0151a3f30,2,2026-09-17,2026-09-17
2026-09-17,developer.nvidia.com,nfkc-casefold-collapse-v1,35e3138b0846a88aba4e5aee1a20dc5a1e3271ac7742ad7a7df5ec6e7e3adfb5,2,2026-09-17,2026-09-17
2026-09-17,developer.nvidia.com,nfkc-casefold-collapse-v1,bfbb55c21cf8bbbeaa10dd188aa7fce2b700e34a527039df1531b52698e85b9f,2,2026-09-17,2026-09-17
2026-09-17,developer.nvidia.com,nfkc-casefold-collapse-v1,edc558741283ca736bd4478f3105e7b7d09606f74e888ce0e423227bef610995,2,2026-09-17,2026-09-17
2026-09-17,developer.nvidia.com,nfkc-casefold-collapse-v1,03a004129e96afd41e4024bc0380479a451ad28ead6c78ae1bd5ed9d788322e0,2,2026-09-17,2026-09-17
2026-09-17,developer.nvidia.com,nfkc-casefold-collapse-v1,84399764ae8f6cf81b51c6c7ec59464a1a868f1d912eeac0486089bd425fd908,2,2026-09-17,2026-09-17
2026-09-17,developer.nvidia.com,nfkc-casefold-collapse-v1,09eac2628bbd00296c8bd1da3a5c3df0ec825cb4a9e0ae87a4713860f9547360,2,2026-09-17,2026-09-17
2026-09-17,developer.nvidia.com,nfkc-casefold-collapse-v1,e7a08fa69b2ecb2877363b3e391b83249732dba20bdce5968c9c1586a44c8c6d,2,2026-09-17,2026-09-17
2026-09-17,developer.nvidia.com,nfkc-casefold-collapse-v1,2dd6121e6e5d7704bed19c8b04853113e629b3655ca5c2cc462a69bd79d31d6c,2,2026-09-17,2026-09-17
2026-09-17,developer.nvidia.com,nfkc-casefold-collapse-v1,ee9b53852fd01c44e793da052f86438988c630a204de02c696a9fc8c8708bffa,2,2026-09-17,2026-09-17
2026-09-17,developer.nvidia.com,nfkc-casefold-collapse-v1,704435f09fb987120a37a7ea1dea850584b09a7d175a230f8c1c996d9fda20f7,2,2026-09-17,2026-09-17
2026-09-17,developer.nvidia.com,nfkc-casefold-collapse-v1,903856f33d9ffdda3e4778bafbbd945973d4268312b7c42ad3dac8ba665f9720,2,2026-09-17,2026-09-17
2026-09-17,developer.nvidia.com,nfkc-casefold-collapse-v1,22a6c981c6fe9aff4430e3f1f0a450aca54f9e5312a837ef48caa56d68d5cbc4,2,2026-09-17,2026-09-17
2026-09-17,developer.nvidia.com,nfkc-casefold-collapse-v1,02ccb8f97fef98e4a8f8fc3cf9568e6147d9171e8aaa698bc8452d80b7339f4f,2,2026-09-17,2026-09-17
2026-09-17,developer.nvidia.com,nfkc-casefold-collapse-v1,3e577bc7eb24f8b6cd77f44fafdd534dfc9b7feab71f70f2eb9ac305841f3f6f,2,2026-09-17,2026-09-17
2026-09-17,developer.nvidia.com,nfkc-casefold-collapse-v1,ffdae6e447eb911cebd87204556adae46ef49f7ddb29c3b42e604569dafdf1b7,2,2026-09-17,2026-09-17
2026-09-17,developer.nvidia.com,nfkc-casefold-collapse-v1,84aa5648e97e995a2c98911e3eea410eaec1c0a47de85da2a387fd3e65ef8959,2,2026-09-17,2026-09-17
2026-09-17,developer.nvidia.com,nfkc-casefold-collapse-v1,409954cf0c3d0b3888dbdc417d6e1d257a5c67b4242eabc1dad37eb28a30fa58,2,2026-09-17,2026-09-17
2026-09-17,developer.nvidia.com,nfkc-casefold-collapse-v1,6ff35c18ef3ce3413eac014d2f424f4c2e6def5f1667a8a929a469692d1b2cc7,2,2026-09-17,2026-09-17
2026-09-17,developer.nvidia.com,nfkc-casefold-collapse-v1,73d4f305b6324b6145d89867b3a8f50f2bb0eb0c87f522c0fc02d61a9331c832,2,2026-09-17,2026-09-17
2026-09-17,developer.nvidia.com,nfkc-casefold-collapse-v1,f8f78e4d17414753730b3c4cfb6c27abcf733a6e4f634a70610d6391eb73f4f3,2,2026-09-17,2026-09-17
2026-09-17,developer.nvidia.com,nfkc-casefold-collapse-v1,3ab7a629a307149b001838da71ea39a8a52f3f14950047577431b5c41df6915c,2,2026-09-17,2026-09-17
2026-09-17,developer.nvidia.com,nfkc-casefold-collapse-v1,188a894d14d5c144cf74ac25c4db822df27945b0d7f79996f68642fb9da5c82a,2,2026-09-17,2026-09-17
2026-09-17,developer.nvidia.com,nfkc-casefold-collapse-v1,146438b2a34c56fba4c49f8b372ee806ed35d13abce891fe6dfffd96977f53f8,2,2026-09-17,2026-09-17
2026-09-17,developer.nvidia.com,nfkc-casefold-collapse-v1,d0412bd0703a53f2a56d64c1216827331d421c67394ffda9c4196945f7811e95,2,2026-09-17,2026-09-17
2026-09-17,developer.nvidia.com,nfkc-casefold-collapse-v1,0e83d87b6ae689144bb3baf0d152263dc7e50cc349192ee750216d2155accece,2,2026-09-17,2026-09-17
2026-09-17,developer.nvidia.com,nfkc-casefold-collapse-v1,1bc7ff7472261cb03bd434d5c1f8679316d6de8a68ac1b7de27930411669254b,2,2026-09-17,2026-09-17
2026-09-17,developer.nvidia.com,nfkc-casefold-collapse-v1,e59186113b04b28aa76314706dcc1c8967cba62e3c01c17389991a6b590ab1e1,2,2026-09-17,2026-09-17
2026-09-17,developer.nvidia.com,nfkc-casefold-collapse-v1,2cc984aa2805cdea9af251fb95d8c3e9703bb6a558566a9297e69c702ba4aad1,2,2026-09-17,2026-09-17
2026-09-17,developer.nvidia.com,nfkc-casefold-collapse-v1,6d7689178fce0c70f39a03c8d8b6de0c6236f14e860e18537818aff368f431cc,2,2026-09-17,2026-09-17
2026-09-17,developer.nvidia.com,nfkc-casefold-collapse-v1,dfc34333c7ff29888d0972178b81ac182725d03d797804fc6828ac372c8bf079,2,2026-09-17,2026-09-17
2026-09-17,developer.nvidia.com,nfkc-casefold-collapse-v1,021fb596db81e6d02bf3d2586ee3981fe519f275c0ac9ca76bbcf2ebb4097d96,2,2026-09-17,2026-09-17
2026-09-17,developer.nvidia.com,nfkc-casefold-collapse-v1,2c22dda7543386197f2d577c577cb27818a02d6ded1d7816dc98f01ace1bbba9,2,2026-09-17,2026-09-17
2026-09-17,developer.nvidia.com,nfkc-casefold-collapse-v1,4250bf1769d5bd0274e0f39f2e17eb8a4065149f014048d716c85363742bce14,2,2026-09-17,2026-09-17
2026-09-17,developer.nvidia.com,nfkc-casefold-collapse-v1,312024f29134137c2eda8754cc209849f57789283a1cc6d533235cc08e866747,2,2026-09-17,2026-09-17
2026-09-17,developer.nvidia.com,nfkc-casefold-collapse-v1,4c80fc0bf4aaa5a982ed9a9d1ba0f4976394aabe802e27a4ceffa53f6756a7b4,2,2026-09-17,2026-09-17
2026-09-17,developer.nvidia.com,nfkc-casefold-collapse-v1,9071a4268b6b25c3f25b89e92a8a61043de838ab97ede634625fe6e6df4ec80e,2,2026-09-17,2026-09-17
2026-09-17,developer.nvidia.com,nfkc-casefold-collapse-v1,eb6f958b7a016ba1d356a99a2fc578b502f10d601a7b1fb421a0cb4c1bed86a5,2,2026-09-17,2026-09-17
2026-09-17,developer.nvidia.com,nfkc-casefold-collapse-v1,5057496fc04281791379874e09f2a0b99e275499744ade9838f9836b905b7da1,2,2026-09-17,2026-09-17
2026-09-17,developer.nvidia.com,nfkc-casefold-collapse-v1,9864a10168ae311bc4d602dd179137f2881c5ab1941ae196dea0e62aa2ac7741,2,2026-09-17,2026-09-17
2026-09-17,developer.nvidia.com,nfkc-casefold-collapse-v1,c40835453a0dc5b150f6cf125f12e4ec65878247e5211ade8c4bf52a803d1f90,2,2026-09-17,2026-09-17
2026-09-17,developer.nvidia.com,nfkc-casefold-collapse-v1,711d2d15ffe3ac269325d9493b01caae845190c8a7611e0b9a74dea86e7bfafb,2,2026-09-17,2026-09-17
2026-09-17,developer.nvidia.com,nfkc-casefold-collapse-v1,f0ed55cd700ca03a37fd061320b85f45b0a14f1f76c55da8564c21ae1144f6e9,2,2026-09-17,2026-09-17
2026-09-17,developer.nvidia.com,nfkc-casefold-collapse-v1,d10b36aa74a59bcf4a88185837f658afaf3646eff2bb16c3928d0e9335e945d2,2,2026-09-17,2026-09-17
2026-09-17,developer.nvidia.com,nfkc-casefold-collapse-v1,79a792448c62173f9edc7488bacc0d2f3593dc2dad726e5d86f5fab6f95a4484,2,2026-09-17,2026-09-17
2026-09-17,developer.nvidia.com,nfkc-casefold-collapse-v1,dfe85f0a965b5c4d204093b50a0815068d2541f3199f9cc8e00cdbcb7b417ad0,2,2026-09-17,2026-09-17
2026-09-17,developer.nvidia.com,nfkc-casefold-collapse-v1,e9374175cd885553d4d6fe538d99c561fa70f22347ad53b35363e55beab36548,2,2026-09-17,2026-09-17
2026-09-17,developer.nvidia.com,nfkc-casefold-collapse-v1,0d859b30db2c61b109681660c6c8c8406f5617cfd20420890112e9bf533890ab,2,2026-09-17,2026-09-17
2026-09-17,developer.nvidia.com,nfkc-casefold-collapse-v1,ea472820e2ddb27315399cdc5dc2c6c1521dc9bbc7f2432f6c85f93f4b6a4dbd,2,2026-09-17,2026-09-17
2026-09-17,developer.nvidia.com,nfkc-casefold-collapse-v1,26cab14eb3700487bf753396042b445ccfce80d77e84e403b60373ad9956eb77,2,2026-09-17,2026-09-17
2026-09-17,developer.nvidia.com,nfkc-casefold-collapse-v1,f2e8be2d27b183c5a457c6732d031245dc7c8246c95e703fc5d1dca63e3c1c8a,2,2026-09-17,2026-09-17
2026-09-17,developer.nvidia.com,nfkc-casefold-collapse-v1,0a77f1bc1a6825c7cbdd120c404de95a0d69430079e2616cc487b41be2649e05,2,2026-09-17,2026-09-17
2026-09-17,developer.nvidia.com,nfkc-casefold-collapse-v1,96d7d334837b4a2b5070e8cfd4915deabf246c8a45241de1f3bd7da5a8510737,2,2026-09-17,2026-09-17
2026-09-17,developer.nvidia.com,nfkc-casefold-collapse-v1,4e16165324910525047a33fcf4c9c282cb6a5b901a5814f0fe0bf79f6d8cd1bc,2,2026-09-17,2026-09-17
2026-09-17,developer.nvidia.com,nfkc-casefold-collapse-v1,08855f043074aeb22a79a8d8281f05a7ea1e433b82a5bc19a4272c4178fde5cc,2,2026-09-17,2026-09-17
2026-09-17,developer.nvidia.com,nfkc-casefold-collapse-v1,6707d2044c269096dc51148fac7127942d444e8232641d42acbd9ecaf7398aa4,2,2026-09-17,2026-09-17
2026-09-17,developer.nvidia.com,nfkc-casefold-collapse-v1,40bd0264c277e1a0495b56902d67d04085f569c7702c8eae3ba7807f24e3c168,2,2026-09-17,2026-09-17
2026-09-17,developer.nvidia.com,nfkc-casefold-collapse-v1,f7fbdf20e157bbe28b72fc18740a89c37aa4b5644102cf2bd931fee3a0407980,2,2026-09-17,2026-09-17
2026-09-17,developer.nvidia.com,nfkc-casefold-collapse-v1,068b155493214bdf78d4887a11c1079686638481cbd8aed5dd42f360ac339190,2,2026-09-17,2026-09-17
2026-09-17,developer.nvidia.com,nfkc-casefold-collapse-v1,85a287e6a1a1b89573b8b9ddcf080c451583ab592f27a03bb305ec48e8d9c24e,2,2026-09-17,2026-09-17
2026-09-17,developer.nvidia.com,nfkc-casefold-collapse-v1,cc34f8d1dbc96f850aa23f796043a8ae7f3cef88ac9a63611191561257aca989,2,2026-09-17,2026-09-17
2026-09-17,developer.nvidia.com,nfkc-casefold-collapse-v1,803ac00c6b32650e1010dff27ccf4d5ad6d2fdd18d7b9d83dff6dd66c450ba0f,2,2026-09-17,2026-09-17
2026-09-17,developer.nvidia.com,nfkc-casefold-collapse-v1,9a61b1b970a0b8ef1b8af16d614ca780edfb7448f5684bd576aad4fc17c1c1c2,2,2026-09-17,2026-09-17
2026-09-17,developer.nvidia.com,nfkc-casefold-collapse-v1,1414361aa424030ff546679c84144f3d7f7c206325e18e6125c7e0585bb24321,2,2026-09-17,2026-09-17
2026-09-17,developer.nvidia.com,nfkc-casefold-collapse-v1,ad5d4df17680482a11dab75e0818fc29cf6342adc57445f52eae8da8bf15e32d,2,2026-09-17,2026-09-17
2026-09-17,developer.nvidia.com,nfkc-casefold-collapse-v1,f052a9dd6215e354df819330f87537112b4d8a101cbd8697441822c4929b4c07,2,2026-09-17,2026-09-17
2026-09-17,developer.nvidia.com,nfkc-casefold-collapse-v1,7dbe85b38162a80a848d73acf8d724295910f53d96b6ee2a164e51fa6b043330,2,2026-09-17,2026-09-17
2026-09-17,developer.nvidia.com,nfkc-casefold-collapse-v1,bfe203ad768ad0c32211b1d70e06a491d2a1d62670bcff95f13bf99d1e3211b0,2,2026-09-17,2026-09-17
2026-09-17,developer.nvidia.com,nfkc-casefold-collapse-v1,92cca89e8787451375f6db01749e1bf8860ba38f2211ed5dbbf14cc3f200cf7b,2,2026-09-17,2026-09-17
2026-09-17,developer.nvidia.com,nfkc-casefold-collapse-v1,caa387d8de3fdae3974b196c3911d5e3b4282bd5dceb146107d4415cd4ee0998,2,2026-09-17,2026-09-17
2026-09-17,developer.nvidia.com,nfkc-casefold-collapse-v1,f64407e15d5d227cacd0c082ab5d208aa27f0ed2b990cbaaad7b066f859636da,2,2026-09-17,2026-09-17
2026-09-17,developer.nvidia.com,nfkc-casefold-collapse-v1,40114b38d6ddfc3bb2f048cd8cbcfe9aeb0a0fbe9f0f93083c00d7ee9813d26b,2,2026-09-17,2026-09-17
2026-09-17,developer.nvidia.com,nfkc-casefold-collapse-v1,0e8dc642da7dd1bdfe8aa1ac9f308bc26c0c2ed005105fc8526cd34f7522f5f6,2,2026-09-17,2026-09-17
2026-09-17,developer.nvidia.com,nfkc-casefold-collapse-v1,eaba31bbb30a55c6730ae01b8d2f024fce2419ad862583cc6fdae6abd410da9b,2,2026-09-17,2026-09-17
2026-09-17,developer.nvidia.com,nfkc-casefold-collapse-v1,0e447479ec87b3e2345ec52c995a94ebaa20d81b91d26e90e2d07556321021ef,2,2026-09-17,2026-09-17
2026-09-17,developer.nvidia.com,nfkc-casefold-collapse-v1,d0962afa95fda37132371219a5a9680ee5759b7559c00e8ebfec1aec55bc729c,2,2026-09-17,2026-09-17
2026-09-17,developer.nvidia.com,nfkc-casefold-collapse-v1,35b525c60f0ed48b9092320f011bc429153b7e158400bad0a2b4ca633a696835,2,2026-09-17,2026-09-17
2026-09-17,developer.nvidia.com,nfkc-casefold-collapse-v1,b89ebe7777e722d8c89bf793287db338e4403907dcb356b3ce09f15cb5495179,2,2026-09-17,2026-09-17
2026-09-17,developer.nvidia.com,nfkc-casefold-collapse-v1,9405d184f6d5c4565e0f015399dc9ef88b4961fbd070145f7fbb4473a3e9ba5e,2,2026-09-17,2026-09-17
2026-09-17,developer.nvidia.com,nfkc-casefold-collapse-v1,21a55b8445062bec9bc7f9de69c6764141077a97238c217c8d8f5d21bf8a2191,2,2026-09-17,2026-09-17
2026-09-17,developer.nvidia.com,nfkc-casefold-collapse-v1,82fe886f619ba94ef37ff9a43ea26b8ec993ca6f57561761cfd7e1d491928f15,2,2026-09-17,2026-09-17
2026-09-17,developer.nvidia.com,nfkc-casefold-collapse-v1,d4db4c49f1b252ffb11e481857cd792a32d9f26104f42a960fdfa1427b00ca2a,2,2026-09-17,2026-09-17
2026-09-17,developer.nvidia.com,nfkc-casefold-collapse-v1,681b5643a682367d261628dac8ced65d1eccba5d43a7c47921207aede36d704e,2,2026-09-17,2026-09-17
2026-09-17,developer.nvidia.com,nfkc-casefold-collapse-v1,ffeeb36c5d1739c335f6f02794f2d21bdfa8f09a37f8e123b3b622ac1ff8d9eb,2,2026-09-17,2026-09-17
2026-09-17,developer.nvidia.com,nfkc-casefold-collapse-v1,df225fcc0fcba3de85348f36077c1891b02d71774e2a6fb2d4580a219e8bcc89,2,2026-09-17,2026-09-17
2026-09-17,developer.nvidia.com,nfkc-casefold-collapse-v1,d2343fee83e4b50b4fa1ab0a6621c09cf13f438e95c1c7aba2156476001501e8,2,2026-09-17,2026-09-17
2026-09-17,developer.nvidia.com,nfkc-casefold-collapse-v1,867bed05b2b8a6701ebfb2c844528b7d3fb1e1db8f7b030680f7a715b083932b,2,2026-09-17,2026-09-17
2026-09-17,developer.nvidia.com,nfkc-casefold-collapse-v1,af46c0d4a659204cdb03075b685cbc3786973c4843aed357de75d9baa93ba1e6,2,2026-09-17,2026-09-17
2026-09-17,developer.nvidia.com,nfkc-casefold-collapse-v1,7204f482d7401f8b29a88d5452bfc5596b3312c032801b0837d319f9a679f0cf,2,2026-09-17,2026-09-17
2026-09-17,developer.nvidia.com,nfkc-casefold-collapse-v1,e7c89759435cd6d73d35ad805a45b00268c4e1172ab8839b22b7378bc39f76ef,2,2026-09-17,2026-09-17
2026-09-17,developer.nvidia.com,nfkc-casefold-collapse-v1,d38a19e32712d963b00527a51bed68d5d522fc6f86cd24370f719da0391eea8f,2,2026-09-17,2026-09-17
2026-09-17,developer.nvidia.com,nfkc-casefold-collapse-v1,4d5767a50d1ec4c6f0fc018c9c12213a756712970a81363de30822656fadcf4e,2,2026-09-17,2026-09-17
2026-09-17,developer.nvidia.com,nfkc-casefold-collapse-v1,2ef542f7933eb2584f068987fd7ff953a01ffb751e0da960935239a8d4fc8272,2,2026-09-17,2026-09-17
2026-09-17,developer.nvidia.com,nfkc-casefold-collapse-v1,fe9161ea2b8eed59ca563dd020f218e4e128dc873988fc1383d674a1d77489ea,2,2026-09-17,2026-09-17
2026-09-17,developer.nvidia.com,nfkc-casefold-collapse-v1,0f8ac076ebc986f57195b0862425574a24bc3320095aee9e235e3b97becb5661,2,2026-09-17,2026-09-17
2026-09-17,developer.nvidia.com,nfkc-casefold-collapse-v1,7e476492847af958016d11b8ac6afd7c94d526b7a2a3581382fe324b79ff37ed,2,2026-09-17,2026-09-17
2026-09-17,developer.nvidia.com,nfkc-casefold-collapse-v1,43a4e239127cec8ca07f65f89bbe688c1e407dbefa94125be99d36b2855707c3,2,2026-09-17,2026-09-17
2026-09-17,developer.nvidia.com,nfkc-casefold-collapse-v1,92e53332fbd56b9b63d0578843e689d96321e32d5202705adf49ba4cbbe24964,2,2026-09-17,2026-09-17
2026-09-17,developer.nvidia.com,nfkc-casefold-collapse-v1,8067d28a8b91ac771d4a79d22d93b62c520e8842d740bcd21f4584f9a25515dd,2,2026-09-17,2026-09-17
2026-09-17,developer.nvidia.com,nfkc-casefold-collapse-v1,4eb47622ef728b4a5e0a105a0176fde0d5e1a2dde614903cf59cbdc4335b2798,2,2026-09-17,2026-09-17
2026-09-17,developer.nvidia.com,nfkc-casefold-collapse-v1,59793dad43424849868a8b8b4bb8a46be5dde97204d5a38df4f5959e2cc2063c,2,2026-09-17,2026-09-17
2026-09-17,developer.nvidia.com,nfkc-casefold-collapse-v1,dad8325eb0775b651967a015acf1a44f8a4748411fe3f4905bdb2ef3fe4139a1,2,2026-09-17,2026-09-17
2026-09-17,developer.nvidia.com,nfkc-casefold-collapse-v1,de9820422a59cd35da68261bdceca60a4377e9a965be7d193fd2bbe728cfe2e8,2,2026-09-17,2026-09-17
2026-09-17,developer.nvidia.com,nfkc-casefold-collapse-v1,81f1c40a49aad9d138ca807467089c8a83473bd70552fca8cab7eac82ac2a7d4,2,2026-09-17,2026-09-17
2026-09-17,developer.nvidia.com,nfkc-casefold-collapse-v1,300b2c64245c0d1e82893efe1f8d375af4d091bbed026a2f96d591272ea1cefb,2,2026-09-17,2026-09-17
2026-09-17,developer.nvidia.com,nfkc-casefold-collapse-v1,9d5aaaf77309bb777acadbf189208542ed65749ff36abdbf54debe785f78177c,2,2026-09-17,2026-09-17
2026-09-17,developer.nvidia.com,nfkc-casefold-collapse-v1,bdf95c64c88d8549162c0c0b6835a7bd4d859ea8ec8181298c1d1310afebcd4c,2,2026-09-17,2026-09-17
2026-09-17,developer.nvidia.com,nfkc-casefold-collapse-v1,2f11655df8437276cc9e3374c9b8fa13a7131a3647aef535c717af86555492cb,2,2026-09-17,2026-09-17
2026-09-17,dnaindia.com,nfkc-casefold-collapse-v1,fb54e9062429a93785559529beda15c55f62c29be22267811c0e8346c14846d3,4,2026-09-17,2026-09-17
2026-09-17,dnaindia.com,nfkc-casefold-collapse-v1,88aaa3edde4bfcfa3b54edf37386e29c263f01821018433e0b8406acd4fb6bb4,2,2026-09-17,2026-09-17
2026-09-17,dnaindia.com,nfkc-casefold-collapse-v1,f6ac65a4eedf82ecaf81757594dd8db11cf4c3370e83045611de29568905864c,2,2026-09-17,2026-09-17
2026-09-17,dnaindia.com,nfkc-casefold-collapse-v1,f2e933295b3879b6ce433208ebce885366ee02710bb0348d4c8382a3d79f8354,2,2026-09-17,2026-09-17
2026-09-17,dnaindia.com,nfkc-casefold-collapse-v1,a0516353bbcf7045106955d7dd9eef5eef22bbb098780b5d96a0c2ce8d31efac,2,2026-09-17,2026-09-17
2026-09-17,dnaindia.com,nfkc-casefold-collapse-v1,7cb3dea253dd11184ae9767931a53a3841af8ce636ff34722ec077d73f93ae7e,2,2026-09-17,2026-09-17
2026-09-17,dnaindia.com,nfkc-casefold-collapse-v1,1724416f2612c8cb916c0ec33060ea228e31a90590714a22ca1bb95fb9e78f27,2,2026-09-17,2026-09-17
2026-09-17,dnaindia.com,nfkc-casefold-collapse-v1,ba4325c01d9409a9637b18cc506fa78ac6c962e1b2507deb45778be789dbac20,2,2026-09-17,2026-09-17
2026-09-17,dnaindia.com,nfkc-casefold-collapse-v1,da3dfc928b2885ccec80ae967375d0f68a57134fd1b069ce550e42a50d61d0db,2,2026-09-17,2026-09-17
2026-09-17,dnaindia.com,nfkc-casefold-collapse-v1,75618f48cc3a8b0027d672203d416d8f7104d97f919107759e9abd88ebae26a5,2,2026-09-17,2026-09-17
2026-09-17,dnaindia.com,nfkc-casefold-collapse-v1,d8e77a5eafc9a6393d81fe9c456019c054e8c68198c48da75de19980250f0687,2,2026-09-17,2026-09-17
2026-09-17,dnaindia.com,nfkc-casefold-collapse-v1,62b1c46ef0a4cd004247577b252c534fb16bb4b4832ef2aa259172381afc6085,2,2026-09-17,2026-09-17
2026-09-17,dnaindia.com,nfkc-casefold-collapse-v1,11c194deee065b5db3b4ed50406c48db7839a44face4e1777ba3705bdb4a28f8,2,2026-09-17,2026-09-17
2026-09-17,dnaindia.com,nfkc-casefold-collapse-v1,2475ac53ed4ebe5fd77410abc981a308576db6e8c1a869d0669aded3ffc50d07,2,2026-09-17,2026-09-17
2026-09-17,dnaindia.com,nfkc-casefold-collapse-v1,e530ec1cf53d9c7f1cb3310393a006e458bee78fe64a1e9a3592e2aeae16c5ec,2,2026-09-17,2026-09-17
2026-09-17,dnaindia.com,nfkc-casefold-collapse-v1,2919f2cc93d53083c889b50761f383239579ce3fb4f06811f4d47472a77bbf07,2,2026-09-17,2026-09-17
2026-09-17,dnaindia.com,nfkc-casefold-collapse-v1,e1a91d5fe7f4fc7cbb65ead31f1a25e0342b185b56b7d14dac9b441ca2f6929d,2,2026-09-17,2026-09-17
2026-09-17,dnaindia.com,nfkc-casefold-collapse-v1,f29761423e971dd7ef86a007dbc45b9144a6513f865f5da39171d47d7d54e792,2,2026-09-17,2026-09-17
2026-09-17,dnaindia.com,nfkc-casefold-collapse-v1,96af33f10b26659500b0589cdb4aa9c56e83b1f137712c0ee1a4c695b305041c,2,2026-09-17,2026-09-17
2026-09-17,dnaindia.com,nfkc-casefold-collapse-v1,43d612aa95a1cf2d30b35497a420e4b102201a66cc52389966b950ff51659cd8,2,2026-09-17,2026-09-17
2026-09-17,dnaindia.com,nfkc-casefold-collapse-v1,07ff8e9d77b1e66fa61174f6cbb0999a16dc6e0460ac4ad3a3b4a4d7eb3dadee,2,2026-09-17,2026-09-17
2026-09-17,dnaindia.com,nfkc-casefold-collapse-v1,553b4105a76468fa21c48251042d2769d101d2922e3aaa5dcec690b8b8a7685e,2,2026-09-17,2026-09-17
2026-09-17,dnaindia.com,nfkc-casefold-collapse-v1,4137ac1227318846cea0717c2417cbf516105618cc999f5490083022bdbdc0a4,2,2026-09-17,2026-09-17
2026-09-17,dnaindia.com,nfkc-casefold-collapse-v1,1dfe88b41ae0983d5a60eeafde06cd733cc8b3a32348becd134e469296c4fa2f,2,2026-09-17,2026-09-17
2026-09-17,dnaindia.com,nfkc-casefold-collapse-v1,6bf9fe851860acd563844a0a31ce267b6cc1c2b19685fa965776c3145ff61ed1,2,2026-09-17,2026-09-17
2026-09-17,dnaindia.com,nfkc-casefold-collapse-v1,9dc2d1aa5e19dc3fe8af95649f3a5deadf3473d026b232a39edff21e7331b1be,2,2026-09-17,2026-09-17
2026-09-17,dnaindia.com,nfkc-casefold-collapse-v1,3fe0e4e36eedc10971b1ef6067df5c1e46fbd68d996d6f29680cac55fdd193da,2,2026-09-17,2026-09-17
2026-09-17,dnaindia.com,nfkc-casefold-collapse-v1,0aa817d6d7f245179289dae6d91b7b6e93271d38a057045a0d0b7904b9e627df,2,2026-09-17,2026-09-17
2026-09-17,dnaindia.com,nfkc-casefold-collapse-v1,f482b96df8fe1af967ac89eeeed229681e82bc330bb691ae494238559012c9d9,2,2026-09-17,2026-09-17
2026-09-17,dnaindia.com,nfkc-casefold-collapse-v1,53473243533e6d49ec47206c1d315e234d6dcd8b965cca1c73384fc19579c347,2,2026-09-17,2026-09-17
2026-09-17,dnaindia.com,nfkc-casefold-collapse-v1,00f691eec786b015eb7b485f6977e4549f7c5503af11637e097cdb87781e0e06,2,2026-09-17,2026-09-17
2026-09-17,dnaindia.com,nfkc-casefold-collapse-v1,e537288c2e633260f01c0f5ada037dca2af2a1146a8703ddaa5a0447c794a361,2,2026-09-17,2026-09-17
2026-09-17,dnaindia.com,nfkc-casefold-collapse-v1,09f3e26cab8c84f8b69e8ce79a9ae43d81e8797ad3623b84fc843b6508b7798a,2,2026-09-17,2026-09-17
2026-09-17,dnaindia.com,nfkc-casefold-collapse-v1,d2118e3527c1b3f3065ba7fd9a7a0d19e9dcfda76ac06db25c48a32eb0387560,2,2026-09-17,2026-09-17
2026-09-17,economictimes.indiatimes.com,nfkc-casefold-collapse-v1,a5329b12adc8a393ef49b420069d5059c278fb7433af34d3440ba99a548b5124,8,2026-09-17,2026-09-17
2026-09-17,economictimes.indiatimes.com,nfkc-casefold-collapse-v1,ec73a1afe73f18046a30c09ac1e2a45dea3843b79eec91fedf5413a752721a61,8,2026-09-17,2026-09-17
2026-09-17,economictimes.indiatimes.com,nfkc-casefold-collapse-v1,99c1bfaa67e9479742bfdd818d6e2992382e29eb55fe9c56b289e39434bae9f0,8,2026-09-17,2026-09-17
2026-09-17,economictimes.indiatimes.com,nfkc-casefold-collapse-v1,206b7e3434ba1ae34b1726c788716a9f93881ab9ee777b80e953e0e97128db68,4,2026-09-17,2026-09-17
2026-09-17,economictimes.indiatimes.com,nfkc-casefold-collapse-v1,0695da860b399f252398c207eb5a9fdcf2c809242d82e5678724345b5e29518a,2,2026-09-17,2026-09-17
2026-09-17,economictimes.indiatimes.com,nfkc-casefold-collapse-v1,463000784d70ef20186461d9d87f0b7b17452213b8e3b1a897d80529bbedfa05,2,2026-09-17,2026-09-17
2026-09-17,economictimes.indiatimes.com,nfkc-casefold-collapse-v1,70cb9caed48c99c1456e35e3c37e31ea4ecc1c56e4cc6b04b856ab69d98ed2b3,2,2026-09-17,2026-09-17
2026-09-17,economictimes.indiatimes.com,nfkc-casefold-collapse-v1,2a00bc5d8cde801f51af6ec1f40fa51740ebd547bee991792188e6fdcc9602e6,2,2026-09-17,2026-09-17
2026-09-17,economictimes.indiatimes.com,nfkc-casefold-collapse-v1,21a144ca9e2f5e8709de166fa0c69ad0b066e30473d9be35ee6e8ed6720736c1,2,2026-09-17,2026-09-17
2026-09-17,economictimes.indiatimes.com,nfkc-casefold-collapse-v1,db36db0c43969494a3729979cef9595631aa3e3db8b6ad28977bdb6c487fdf2b,2,2026-09-17,2026-09-17
2026-09-17,economictimes.indiatimes.com,nfkc-casefold-collapse-v1,528ebcc4d1803320b0b1cde582b74b289504e6eba6e00e75719e3b1955c7b25e,2,2026-09-17,2026-09-17
2026-09-17,economictimes.indiatimes.com,nfkc-casefold-collapse-v1,6581d768870a0edc3d0b395058298f061fc99b167d9e424016d341f70f8fcd0d,2,2026-09-17,2026-09-17
2026-09-17,economictimes.indiatimes.com,nfkc-casefold-collapse-v1,44c2357bb35236e0dd81c6522dbf931ac97c0010f49bf4cf95403db969ae2661,2,2026-09-17,2026-09-17
2026-09-17,economictimes.indiatimes.com,nfkc-casefold-collapse-v1,769617c5e1d085439a5ad2ebfb9784c76aeab17d25964d23c953a7b3de8a1ff6,2,2026-09-17,2026-09-17
2026-09-17,economictimes.indiatimes.com,nfkc-casefold-collapse-v1,cc07245c58d3e9cc0bfd17e285f62b3e627b56bd2386018243476ea7d0e52f0d,2,2026-09-17,2026-09-17
2026-09-17,economictimes.indiatimes.com,nfkc-casefold-collapse-v1,ab8fdaf35a781c08af49c905ce34725cf805b81952a9fdf7c905557e69d8b6d7,2,2026-09-17,2026-09-17
2026-09-17,economictimes.indiatimes.com,nfkc-casefold-collapse-v1,bfbb0c332d2d96b0b41e662551af3c58553e60a3647b4e1a54018ee94eb58e2e,2,2026-09-17,2026-09-17
2026-09-17,economictimes.indiatimes.com,nfkc-casefold-collapse-v1,75f78230376621ab2493fefcc839a0f463e48ba1cd8b12636b8eb8c6320fec79,2,2026-09-17,2026-09-17
2026-09-17,economictimes.indiatimes.com,nfkc-casefold-collapse-v1,364596a94d91558f0c77544ba6d455a245797a97e956f2dbec2cc6d821979fba,2,2026-09-17,2026-09-17
2026-09-17,economictimes.indiatimes.com,nfkc-casefold-collapse-v1,386f00742c0ffbcf90b5e772b5a43ff3968db20728dee3a48e681d695b7bc018,2,2026-09-17,2026-09-17
2026-09-17,economictimes.indiatimes.com,nfkc-casefold-collapse-v1,4f2f1d3eaae6b1b9c79ff1062c1dfc4e7022e94fe858f333cd22fa52eae564c4,2,2026-09-17,2026-09-17
2026-09-17,economictimes.indiatimes.com,nfkc-casefold-collapse-v1,c7d9158ffd6453d99a8a5a70542f8cf0e643ae7efc4f6a9473723f0462da7080,2,2026-09-17,2026-09-17
2026-09-17,economictimes.indiatimes.com,nfkc-casefold-collapse-v1,fc43cdfff452c0f8bd085a3769ac6f21dad54ab2e5917294ea18a9a3e13457d4,2,2026-09-17,2026-09-17
2026-09-17,economictimes.indiatimes.com,nfkc-casefold-collapse-v1,0a10ee8b21f39679810ee70bd12f1f9563fee55492690e47acad048525194b13,2,2026-09-17,2026-09-17
2026-09-17,economictimes.indiatimes.com,nfkc-casefold-collapse-v1,4f03767695a937700aacd1d490f329ab6ea55bc756aee590e914eb14f8ccf1a0,2,2026-09-17,2026-09-17
2026-09-17,economictimes.indiatimes.com,nfkc-casefold-collapse-v1,ae10ca361a63c1ab3854ac23bb4277816e3c1aaceda09200e1d46c62bdca7b9f,2,2026-09-17,2026-09-17
2026-09-17,economictimes.indiatimes.com,nfkc-casefold-collapse-v1,d87b1ff39b2f8a2c775ea9e1495bc8c7ae18637a77b491383a8aa1378022f0ba,2,2026-09-17,2026-09-17
2026-09-17,economictimes.indiatimes.com,nfkc-casefold-collapse-v1,3b60c8a965f629e065d9a5aca6150f9a01d48b7598188a00cd574b9b394bf27f,2,2026-09-17,2026-09-17
2026-09-17,economictimes.indiatimes.com,nfkc-casefold-collapse-v1,d32e8ca846b4b41d3a4486a38b45b3ef88979a3e2b8c7a30d369d1c9e46e69d1,2,2026-09-17,2026-09-17
2026-09-17,economictimes.indiatimes.com,nfkc-casefold-collapse-v1,0bca8f7c47de88cda3cd47b1ae37a9f9bcff7bc7e2fbffb4f55e6750aa859ee5,2,2026-09-17,2026-09-17
2026-09-17,economictimes.indiatimes.com,nfkc-casefold-collapse-v1,d3d32fd303f20f4ecf95464ffb36b44828012aeb2ff1f724b04e258564110f9d,2,2026-09-17,2026-09-17
2026-09-17,economictimes.indiatimes.com,nfkc-casefold-collapse-v1,538bab516e859d5a128662e0833deefd801bb68780f42f92d7e7fb2443b46789,2,2026-09-17,2026-09-17
2026-09-17,economictimes.indiatimes.com,nfkc-casefold-collapse-v1,cea4a425388bc537ebb357f773ee3039dec065c1b5942db8c290dbd582952cdd,2,2026-09-17,2026-09-17
2026-09-17,economictimes.indiatimes.com,nfkc-casefold-collapse-v1,16bd167e18e7afa0cc0cb1827bd0b89151c62609fc8a4b533a7ac11014f0ff95,2,2026-09-17,2026-09-17
2026-09-17,economictimes.indiatimes.com,nfkc-casefold-collapse-v1,967da2f8560abc5e3329e33807a5bed463821ea3611e1dd9135322b582969adb,2,2026-09-17,2026-09-17
2026-09-17,economictimes.indiatimes.com,nfkc-casefold-collapse-v1,647251bb86d566211f0069127b2f146e6b0ad1ed77764fb2329e62ea6de64721,2,2026-09-17,2026-09-17
2026-09-17,economictimes.indiatimes.com,nfkc-casefold-collapse-v1,ce0aeb45a69f2b01946ecabb16f9cb0b2c260989981bf2f7d5c0a3b7f59e025c,2,2026-09-17,2026-09-17
2026-09-17,economictimes.indiatimes.com,nfkc-casefold-collapse-v1,f7d8179970fdd03cb0340cb5e05410ee53dae3a2e72243dd121bdac1c5283ce8,2,2026-09-17,2026-09-17
2026-09-17,economictimes.indiatimes.com,nfkc-casefold-collapse-v1,40502073e40945982bbfb10e0746dbb3e4663962829b9df5ef72b705c75d6a30,2,2026-09-17,2026-09-17
2026-09-17,economictimes.indiatimes.com,nfkc-casefold-collapse-v1,d8a9d55f9cb112344d814bfb69a4fcb87072163190be44c9ad6b3b7f9b10d80f,2,2026-09-17,2026-09-17
2026-09-17,economictimes.indiatimes.com,nfkc-casefold-collapse-v1,242668945d0ce7f22be2a8bb0bb700ef8d4ea644d82e858100d8d66a4088a437,2,2026-09-17,2026-09-17
2026-09-17,economictimes.indiatimes.com,nfkc-casefold-collapse-v1,4f7ff144378a6ba94410b935650110b2dc7312d0a726b31e503a11ffbf7bb8e0,2,2026-09-17,2026-09-17
2026-09-17,economictimes.indiatimes.com,nfkc-casefold-collapse-v1,92c3ef6961d66301df31eaff75c1eacdc324f1001e4525b8e0c2418df4f052e8,2,2026-09-17,2026-09-17
2026-09-17,economictimes.indiatimes.com,nfkc-casefold-collapse-v1,ee05362c097be78be3a1d04ee93de26f87c4b58bdee6d8d13b60600698c3b753,2,2026-09-17,2026-09-17
2026-09-17,economictimes.indiatimes.com,nfkc-casefold-collapse-v1,6757dadd1a6ab37ebf0b242d624f8451372e76fc187781a9263c419b5c6ef765,2,2026-09-17,2026-09-17
2026-09-17,economictimes.indiatimes.com,nfkc-casefold-collapse-v1,13ee52f3a9751d797198fdf7772df4bf78e2d667bb20d18a3340df9e55b85d08,2,2026-09-17,2026-09-17
2026-09-17,economictimes.indiatimes.com,nfkc-casefold-collapse-v1,d0832d2de97960aabb5ad75e4096a2da449584426c896216f09d4d2f473ea550,2,2026-09-17,2026-09-17
2026-09-17,economictimes.indiatimes.com,nfkc-casefold-collapse-v1,67e60871b3eefa98bf58b683ed385c43914fc758cb06f5f272d2d7b1f5bae640,2,2026-09-17,2026-09-17
2026-09-17,economictimes.indiatimes.com,nfkc-casefold-collapse-v1,7e0039ec2285faf76987b65da81685e00684ff5c6f026beea1bdebf592cea684,2,2026-09-17,2026-09-17
2026-09-17,economictimes.indiatimes.com,nfkc-casefold-collapse-v1,325f551945d4404ca248bf3e1728ddda38a6bc95e454d50db07ac4ee9b381f13,2,2026-09-17,2026-09-17
2026-09-17,economictimes.indiatimes.com,nfkc-casefold-collapse-v1,c5c6e09af7795facdc9244de17768059337329cd63ceced2e5cc6ca2e785c8e4,2,2026-09-17,2026-09-17
2026-09-17,economictimes.indiatimes.com,nfkc-casefold-collapse-v1,ecca397f8f0e1da41c7f0ed779e6d1461b968cc90c2ed25d34c3221c86d0b272,2,2026-09-17,2026-09-17
2026-09-17,economictimes.indiatimes.com,nfkc-casefold-collapse-v1,b3e08397ed4dc837f7c871edf66ce92f34a1156ea256bca3bb32fd95841f8245,2,2026-09-17,2026-09-17
2026-09-17,economictimes.indiatimes.com,nfkc-casefold-collapse-v1,f26b40354e207f61f9e3c5843bcd3d71e8c6b610120c7b46233063246c84e297,2,2026-09-17,2026-09-17
2026-09-17,economictimes.indiatimes.com,nfkc-casefold-collapse-v1,ca045aa323c83086256e7a205aa57bc700ad67280260b2445ec2bbacb8b85928,2,2026-09-17,2026-09-17
2026-09-17,economictimes.indiatimes.com,nfkc-casefold-collapse-v1,8564657bfae4f7896023b0b05ab6cf4d679714704744a30644eaa3293dc808c2,2,2026-09-17,2026-09-17
2026-09-17,economictimes.indiatimes.com,nfkc-casefold-collapse-v1,b2b89faccfaf873dab8fa61d20c585d948d23aff897b1e001586b7b1ef910e1e,2,2026-09-17,2026-09-17
2026-09-17,economictimes.indiatimes.com,nfkc-casefold-collapse-v1,a151d1783b271afcdffa6ed9398a5e640df4163d0d4717ebce5a239974061d67,2,2026-09-17,2026-09-17
2026-09-17,economictimes.indiatimes.com,nfkc-casefold-collapse-v1,4038903d67dcddb577acc590d38576ae1fd6a5fbbbb7ca1eeac67c443e4356c7,2,2026-09-17,2026-09-17
2026-09-17,economictimes.indiatimes.com,nfkc-casefold-collapse-v1,3036a900f8043050a35d9b3519d241d8d4bdc150a511f62b5f35bf1fb3a703a4,2,2026-09-17,2026-09-17
2026-09-17,economictimes.indiatimes.com,nfkc-casefold-collapse-v1,d3eb8fe5aa96af7da8d6b577279f9ae63601eac2fe956c40f74ba59b5048830a,2,2026-09-17,2026-09-17
2026-09-17,economictimes.indiatimes.com,nfkc-casefold-collapse-v1,5fe265527df67bacbdc60442a5a0b6741694d6fb63886d4edbe864f0f5d12216,2,2026-09-17,2026-09-17
2026-09-17,economictimes.indiatimes.com,nfkc-casefold-collapse-v1,47c9a1ba9cfae3cedd05043cc4b0313aeb9b9e9ef6e91d55e11831fddd81f5d3,2,2026-09-17,2026-09-17
2026-09-17,economictimes.indiatimes.com,nfkc-casefold-collapse-v1,bb0346d06c3998ed341096f4645f9f40a4f9cdb132c92b79415269d489c5e7b4,2,2026-09-17,2026-09-17
2026-09-17,economictimes.indiatimes.com,nfkc-casefold-collapse-v1,88a45f4d35bd14f7c5e21f0407b70eab7f9fab9156f7fa6af822df42bae24863,2,2026-09-17,2026-09-17
2026-09-17,economictimes.indiatimes.com,nfkc-casefold-collapse-v1,184656f18950d2124a60a438cc99b67fdf3ec2f27efb780094404d252e00547b,2,2026-09-17,2026-09-17
2026-09-17,economictimes.indiatimes.com,nfkc-casefold-collapse-v1,912b3406e75f8b32a61ebbf7879d984192cd633a6ff36d77b80b3f11dfd902dc,2,2026-09-17,2026-09-17
2026-09-17,economictimes.indiatimes.com,nfkc-casefold-collapse-v1,07d9276d3cb2fad2c3204ea6d25438919286c8e4a7a8ed896256294d6163e6f9,2,2026-09-17,2026-09-17
2026-09-17,economictimes.indiatimes.com,nfkc-casefold-collapse-v1,e03471311e3b185e26c55859b744e796b1232550b19f9f59bf376d8b180815aa,2,2026-09-17,2026-09-17
2026-09-17,economictimes.indiatimes.com,nfkc-casefold-collapse-v1,69deca486ea4a93a6778511947385a083c95b922c3223425c22f989e46b1a207,2,2026-09-17,2026-09-17
2026-09-17,economictimes.indiatimes.com,nfkc-casefold-collapse-v1,494b507c0f56dd78bc31e8e7237a3a46c9ce8b7929f19c131ebb93d79bd3579c,2,2026-09-17,2026-09-17
2026-09-17,economictimes.indiatimes.com,nfkc-casefold-collapse-v1,23b3b45fa36a6d33fc3dcca2ce439a9ac09645287b1973e64bbf49d6c797e025,2,2026-09-17,2026-09-17
2026-09-17,economictimes.indiatimes.com,nfkc-casefold-collapse-v1,3bec9dfc45052f0e629b51fa3e3713d191cbd8751d0ee8580a898927c68441d2,2,2026-09-17,2026-09-17
2026-09-17,economictimes.indiatimes.com,nfkc-casefold-collapse-v1,f1aff5c5799e7d53b9fae4f8a46df765f18611885349f22bb33f87195f63d15d,2,2026-09-17,2026-09-17
2026-09-17,economictimes.indiatimes.com,nfkc-casefold-collapse-v1,e65f67ae5c1f71a52bbbf41ac8414484b864e2ed75217f0eb93f7281002851f9,2,2026-09-17,2026-09-17
2026-09-17,economictimes.indiatimes.com,nfkc-casefold-collapse-v1,fa7cdf2437f88ba06ecb1485cb4362c47f083753cfd7fcb6c99b7f213e47ddd3,2,2026-09-17,2026-09-17
2026-09-17,economictimes.indiatimes.com,nfkc-casefold-collapse-v1,b68d613e23b8fcc4f2838ea2fec8786a8925f79247c0a85582c29d32ba2d8f27,2,2026-09-17,2026-09-17
2026-09-17,economictimes.indiatimes.com,nfkc-casefold-collapse-v1,85f5e1981294d25a1bae5a24d4e9b96de9c4b64071769d2ef844bff6733983be,2,2026-09-17,2026-09-17
2026-09-17,economictimes.indiatimes.com,nfkc-casefold-collapse-v1,66aae0b11a501c91ed1dc4baaf5bf6f9be1b3ac5d077421e739036277a02ca29,2,2026-09-17,2026-09-17
2026-09-17,economictimes.indiatimes.com,nfkc-casefold-collapse-v1,3ff50c1aa2ef92136baa850ca9ef8734a91be21783b8e3a0863c2e61bca3258e,2,2026-09-17,2026-09-17
2026-09-17,economictimes.indiatimes.com,nfkc-casefold-collapse-v1,1bc8ba55db51ff1350ea0b05befebbea96b4d3b425466e92cf86538fdb5e08ae,2,2026-09-17,2026-09-17
2026-09-17,economictimes.indiatimes.com,nfkc-casefold-collapse-v1,95b84778731e7a3e0949b59cd0e6bbf5328107768d96fb0255e4adbd3a70468c,2,2026-09-17,2026-09-17
2026-09-17,economictimes.indiatimes.com,nfkc-casefold-collapse-v1,3f8e0edd4aa89b52e98fd4c41bb86724d5edd94233c8dc2d7e1f47785d83b00b,2,2026-09-17,2026-09-17
2026-09-17,economictimes.indiatimes.com,nfkc-casefold-collapse-v1,8d8a13194d9d1423f6a0ccbc7ceea00955cc8e9484bec1908c33b2e5e623cfdd,2,2026-09-17,2026-09-17
2026-09-17,economictimes.indiatimes.com,nfkc-casefold-collapse-v1,a54813d94337f4a1c12732e95e68ff552009e4a9baba91318d9640ffabae6b53,2,2026-09-17,2026-09-17
2026-09-17,economictimes.indiatimes.com,nfkc-casefold-collapse-v1,a71bf0793129bedb3bcb2f3a568b37623ba9b446e6a12988fd29086640e6d35f,2,2026-09-17,2026-09-17
2026-09-17,economictimes.indiatimes.com,nfkc-casefold-collapse-v1,eb455210ac64ca2852a55f4f7217e1ec97f344f52b4a6e6e0415bfc90b751d4c,2,2026-09-17,2026-09-17
2026-09-17,economictimes.indiatimes.com,nfkc-casefold-collapse-v1,785c55d022fe8b174f58ddf97b66f7712fbfbb42936fb78fe91518bd929136c3,2,2026-09-17,2026-09-17
2026-09-17,economictimes.indiatimes.com,nfkc-casefold-collapse-v1,6a14029ef3a4732541ac4399fc189661bf36472ee1d191429e567b059e633e68,2,2026-09-17,2026-09-17
2026-09-17,economictimes.indiatimes.com,nfkc-casefold-collapse-v1,43cf8cf34142d91ab977baee215bb251dfbd2138085a4937ec8e9bef07a85f17,2,2026-09-17,2026-09-17
2026-09-17,economictimes.indiatimes.com,nfkc-casefold-collapse-v1,8f832523e6a2be9794f45ddd1e42de8d9c2b4e70d9f055dcb89a2e064a7ac8cb,2,2026-09-17,2026-09-17
2026-09-17,economictimes.indiatimes.com,nfkc-casefold-collapse-v1,a44606c2b4b7471d40e147ef12fbbe55a502d07bb86846fa86995ba8f56a9a86,2,2026-09-17,2026-09-17
2026-09-17,economictimes.indiatimes.com,nfkc-casefold-collapse-v1,a607ba88d88f60d352b23e7ff19fabf99f09f03a8a2f7d4919ff6ac9eb6bf456,2,2026-09-17,2026-09-17
2026-09-17,economictimes.indiatimes.com,nfkc-casefold-collapse-v1,9b7b00902cac4b0d3a73e8736e0ceaf21510d13eefb8cfa8ec564be120df87aa,2,2026-09-17,2026-09-17
2026-09-17,economictimes.indiatimes.com,nfkc-casefold-collapse-v1,4830e71930e13a93b3c0dd5904ee3fa3366804ee153312d191b1c562eaada27e,2,2026-09-17,2026-09-17
2026-09-17,economictimes.indiatimes.com,nfkc-casefold-collapse-v1,c0b6a0a2a37725252561156a98cae95d7cc07ad68dfdc9b2bc4e4779d312cbc5,2,2026-09-17,2026-09-17
2026-09-17,economictimes.indiatimes.com,nfkc-casefold-collapse-v1,45b1ecd8e85bf12154398e85ffebf21f555e03d3ae51dc579b10704d7ab4ecfe,2,2026-09-17,2026-09-17
2026-09-17,economictimes.indiatimes.com,nfkc-casefold-collapse-v1,08d2bbc2c2253144538c4ce315f407ebc751594a67b250dff0432a069a558886,2,2026-09-17,2026-09-17
2026-09-17,economictimes.indiatimes.com,nfkc-casefold-collapse-v1,df1915c2ac7f5b1140ad882da24047d2093c791d335d8e64a13fd6e9e6be7afb,2,2026-09-17,2026-09-17
2026-09-17,economictimes.indiatimes.com,nfkc-casefold-collapse-v1,9115265f6f0b50261578ebe9fc73bdf0db2bbea99ff53fc5c60a93b085c7e93a,2,2026-09-17,2026-09-17
2026-09-17,economictimes.indiatimes.com,nfkc-casefold-collapse-v1,865031f8fc0be91fc44f02e2f2739c250d3c55eb34dace5ceb4a3140f86bc943,2,2026-09-17,2026-09-17
2026-09-17,economictimes.indiatimes.com,nfkc-casefold-collapse-v1,b2132ebd9e3686c7297fe0c044dfd077a61f1dc755a7430a486a43527b0d8cdf,2,2026-09-17,2026-09-17
2026-09-17,economictimes.indiatimes.com,nfkc-casefold-collapse-v1,b3d0d57ba0f1beb3d187f57a6273915b26c7fc0b9ec5c0bc014e2c1e19099bfb,2,2026-09-17,2026-09-17
2026-09-17,economictimes.indiatimes.com,nfkc-casefold-collapse-v1,2d779b67f81eaa94affadd865d365cbf31c55b9c96198e5c1467b4ec6419fd5b,2,2026-09-17,2026-09-17
2026-09-17,energy-storage.news,nfkc-casefold-collapse-v1,4d6d1117eb8d7efa6e053b04cc0544e87bd62877c965e59faf179dc58d83c6b1,4,2026-09-17,2026-09-17
2026-09-17,energy-storage.news,nfkc-casefold-collapse-v1,50131e09ff4cb99a23a7457705cab3d7c829c49f3dc01cf8de44bad27d0a9496,4,2026-09-17,2026-09-17
2026-09-17,energy-storage.news,nfkc-casefold-collapse-v1,5233bca31b5cbbe8d043b7869a13d268dc55be813ceef289043cf1c206d90f12,4,2026-09-17,2026-09-17
2026-09-17,energy-storage.news,nfkc-casefold-collapse-v1,3692fdf358c865a07f80186af285c119a03262d9b106fa660857bf09ac8d7435,4,2026-09-17,2026-09-17
2026-09-17,energy-storage.news,nfkc-casefold-collapse-v1,c3372e40518b215e6a41a863611fd091b0a18af85a2b7eb48f9a7256d893665d,4,2026-09-17,2026-09-17
2026-09-17,energy-storage.news,nfkc-casefold-collapse-v1,9d9b4d1a57c74437ca735f16f6ef99a8d18931d8af86c359f030ccfdc1fed4da,4,2026-09-17,2026-09-17
2026-09-17,energy-storage.news,nfkc-casefold-collapse-v1,fcca8e865c4d06308140fc619a59d8f1c2c06b6148e66356d111994c93eb20f0,4,2026-09-17,2026-09-17
2026-09-17,energy-storage.news,nfkc-casefold-collapse-v1,31d5eea4d1807b0d3744487dd0d7ae6ef48cc178d18867e412e2b6b12ee50144,4,2026-09-17,2026-09-17
2026-09-17,energy-storage.news,nfkc-casefold-collapse-v1,f24d048178d1eec65e67c8ab3d02ac2622210a7ba19d7bd5ad03fcba95093eb7,2,2026-09-17,2026-09-17
2026-09-17,energy-storage.news,nfkc-casefold-collapse-v1,74ded411c39039c082f729b135afdf474d98c975cf5138bba28fff8c25ac8f38,2,2026-09-17,2026-09-17
2026-09-17,energy-storage.news,nfkc-casefold-collapse-v1,b0cc0f9c98e8647cb57b64ed807270ff4fe1d6e92854469f65e974133f54e205,2,2026-09-17,2026-09-17
2026-09-17,energy-storage.news,nfkc-casefold-collapse-v1,1b6ebd18139f6c36d9b2f877fea023aedef934a82a808aea46dfa9f7b1e57466,2,2026-09-17,2026-09-17
2026-09-17,energy-storage.news,nfkc-casefold-collapse-v1,5776f55b943abf4043b2d215daa23761d097ca9e4200d9bf65a6c0607b0a4f29,2,2026-09-17,2026-09-17
2026-09-17,energy-storage.news,nfkc-casefold-collapse-v1,162c1b288e038d04745c1939c479ba8049e243a0b3a1633faaea629f50273edb,2,2026-09-17,2026-09-17
2026-09-17,energy-storage.news,nfkc-casefold-collapse-v1,2d2dca0862dbf5f674b23dec965659cfc2bb778bb1212766fcf2b4c462a98604,2,2026-09-17,2026-09-17
2026-09-17,energy-storage.news,nfkc-casefold-collapse-v1,7eaf688add6a443a07ded818366358001210f1b75d5bb2b8c6659bc7960b2620,2,2026-09-17,2026-09-17
2026-09-17,energy-storage.news,nfkc-casefold-collapse-v1,5b85153f7543a47887ced00963f3c8755be2ed159dfb11b654d4456476f2821a,2,2026-09-17,2026-09-17
2026-09-17,energy-storage.news,nfkc-casefold-collapse-v1,04be75133a8b1c5f53e4d0b1e2df3dd0dad560c5c503cd5c0a906262cca94ab3,2,2026-09-17,2026-09-17
2026-09-17,energy-storage.news,nfkc-casefold-collapse-v1,78561737adb15f88475ebf76cfb019849badc76ec28a12fce4563c8b540f5d2b,2,2026-09-17,2026-09-17
2026-09-17,energy-storage.news,nfkc-casefold-collapse-v1,117599db6a8a68fa24e83ca900f8d6db82ead73289916c6a712c19494fe7be1a,2,2026-09-17,2026-09-17
2026-09-17,energy-storage.news,nfkc-casefold-collapse-v1,0c787235f68d05aba07c64e2c6cf04ba9e8789e9436c78e3370cc9f97ff8df5d,2,2026-09-17,2026-09-17
2026-09-17,energy-storage.news,nfkc-casefold-collapse-v1,e5c0f35b2de630aa5362d481d72dabd90d81d0200a88724dbf77b29bfabd7d1c,2,2026-09-17,2026-09-17
2026-09-17,energy-storage.news,nfkc-casefold-collapse-v1,06bebebaa07c7b0071594b8b6925d36230fc1f04e0d5bd38228dff6a1dc20907,2,2026-09-17,2026-09-17
2026-09-17,energy-storage.news,nfkc-casefold-collapse-v1,d2a22fc17a8715b29f24592d3b8e7f4abc536a3be34b8a4c44627d0ac11811e6,2,2026-09-17,2026-09-17
2026-09-17,energy-storage.news,nfkc-casefold-collapse-v1,420a3710e3f736bef1f65d0693b8033f0a8c5067be28fcc518f9fb319e42d8ea,2,2026-09-17,2026-09-17
2026-09-17,energy-storage.news,nfkc-casefold-collapse-v1,6a5f3aa1d1ee028aaa5d9e2e1812e428d25a2378abd3d4bcc44606e8fcf2edbc,2,2026-09-17,2026-09-17
2026-09-17,energy-storage.news,nfkc-casefold-collapse-v1,e954873bfff768ff0ede9395251abf4661fa76dbc0fb0d0131c802b74254ce3d,2,2026-09-17,2026-09-17
2026-09-17,energy-storage.news,nfkc-casefold-collapse-v1,885e54a38e6f43eb888f38e5da3d0e238dbb0a33acb63525831568fcd594dd5f,2,2026-09-17,2026-09-17
2026-09-17,energy-storage.news,nfkc-casefold-collapse-v1,66835f43b441d0114392a72917b848634a4d0a606a02cc5f0aaf06dd7e1d8d61,2,2026-09-17,2026-09-17
2026-09-17,energy-storage.news,nfkc-casefold-collapse-v1,f4937c22fd508020decfce5a35baf74e8e5c6faab2b1c14a56abf2a0c5fd3224,2,2026-09-17,2026-09-17
2026-09-17,energy-storage.news,nfkc-casefold-collapse-v1,c58c90e931d3b6cf8617ddadf597a27cbb4f022e38f846783d3c4f8f547a4a15,2,2026-09-17,2026-09-17
2026-09-17,energy-storage.news,nfkc-casefold-collapse-v1,e5d09024d3315bea992e9e1bf25948535906eae7e0de4208161b9e28306779a2,2,2026-09-17,2026-09-17
2026-09-17,energy-storage.news,nfkc-casefold-collapse-v1,d220c34d53143af7977a0556b8535ca0f69fa93ad3a91d96e9ba0d20762f0651,2,2026-09-17,2026-09-17
2026-09-17,energy-storage.news,nfkc-casefold-collapse-v1,db53b525d04437cf18cba496746013e3a139a8590c269a76ada46f91928ace3f,2,2026-09-17,2026-09-17
2026-09-17,energy-storage.news,nfkc-casefold-collapse-v1,6a350cf7c10c43b621900a575c72d5ad5aef8c999cc27bf9cadc22ca21ba35f1,2,2026-09-17,2026-09-17
2026-09-17,energy-storage.news,nfkc-casefold-collapse-v1,f114297dbeac6727e47d13f794cc5a40a046d33a5f5a62b3f6d6b7547e4cb268,2,2026-09-17,2026-09-17
2026-09-17,energy-storage.news,nfkc-casefold-collapse-v1,706e5f0d5f9143758dd2c91e399a4ef8cbc763266e17a7468aa40207d4080304,2,2026-09-17,2026-09-17
2026-09-17,energy-storage.news,nfkc-casefold-collapse-v1,816c30886350fc657b8b507cca5fd7dcdd989e4253195c0ff84fa461e45a8c43,2,2026-09-17,2026-09-17
2026-09-17,energy-storage.news,nfkc-casefold-collapse-v1,59574ac68b61aad1d290c428470472e62e133a1c3b67b81c9a0524f3863c876a,2,2026-09-17,2026-09-17
2026-09-17,energy-storage.news,nfkc-casefold-collapse-v1,eac4fd06577817619d0de0c14bb3fc400957cec2dd9bdcbd22ba692f8c2a9b96,2,2026-09-17,2026-09-17
2026-09-17,energy-storage.news,nfkc-casefold-collapse-v1,989058c59a5ab2c726d55fb019736cc0eba41629641acb55f4b68c157c8780eb,2,2026-09-17,2026-09-17
2026-09-17,energy-storage.news,nfkc-casefold-collapse-v1,69f61970fe896f955034e69c89c43dadf718a906a9816e08f165a05ae6203870,2,2026-09-17,2026-09-17
2026-09-17,energy-storage.news,nfkc-casefold-collapse-v1,25ed278e1b80ed34aad15982f18d15368e1dcd363b406ca696bd6f3875a9aa55,2,2026-09-17,2026-09-17
2026-09-17,energy-storage.news,nfkc-casefold-collapse-v1,ab3839f2ab4cb8ca16e894022acb9600c3e8db06bf28136428937eb2f508ae11,2,2026-09-17,2026-09-17
2026-09-17,energy-storage.news,nfkc-casefold-collapse-v1,b77a613d0d27ee947b3b6426c94d07d13c1d5bba22e47553712f921e00220ba3,2,2026-09-17,2026-09-17
2026-09-17,energy-storage.news,nfkc-casefold-collapse-v1,326eddb7d045d0aa199f0ce68a10e93f01576cb12d7685060ff49dc52bd2bfd4,2,2026-09-17,2026-09-17
2026-09-17,energy-storage.news,nfkc-casefold-collapse-v1,fc90b083d4c53feb4765cfdd29aba0e18c4244fc0ab5b46403c0c9bc59ac6cd5,2,2026-09-17,2026-09-17
2026-09-17,energy-storage.news,nfkc-casefold-collapse-v1,f0d28ec6d29f3dc10675931d4975f1c9d648384962c98e13a297b68583337a4b,2,2026-09-17,2026-09-17
2026-09-17,energy-storage.news,nfkc-casefold-collapse-v1,80f9e1cb43da94822372dcf81bf26fc7910f55e770f0850f2f65b90658368973,2,2026-09-17,2026-09-17
2026-09-17,energy-storage.news,nfkc-casefold-collapse-v1,cb67c5ee42d25c5a2d89e40e41bfe781eef588bd80db2d7fcfd971194eb93fb5,2,2026-09-17,2026-09-17
2026-09-17,energy-storage.news,nfkc-casefold-collapse-v1,2556445f6678b8e1bbaae8a131dfcfe13699a386b33e64b270e368ec87805235,2,2026-09-17,2026-09-17
2026-09-17,energy-storage.news,nfkc-casefold-collapse-v1,46630d2aba4ab4f528ca48ca7e558dc6ef897ced2682c9ae32ed4df982c174c0,2,2026-09-17,2026-09-17
2026-09-17,energy-storage.news,nfkc-casefold-collapse-v1,d198da8511d6a3c8f3e8f0b22fe7bed041f6a0773fd555378133718ed0517216,2,2026-09-17,2026-09-17
2026-09-17,energy-storage.news,nfkc-casefold-collapse-v1,2964f598798724b181afed348a926bbdf1aacea35105ea69e5c5201afd7312b4,2,2026-09-17,2026-09-17
2026-09-17,energy-storage.news,nfkc-casefold-collapse-v1,190beba361d336a32c37b0c0aa7f741a1e68b14a87bb765dba5db432dac5db0a,2,2026-09-17,2026-09-17
2026-09-17,energy-storage.news,nfkc-casefold-collapse-v1,4acf2ec05acd076eb8d43259a7c06907aff89f78aff49426252d154838bef313,2,2026-09-17,2026-09-17
2026-09-17,energy-storage.news,nfkc-casefold-collapse-v1,6c25013b773813aa7088ef6efb8c34b04e38ee687b48bb69df429a54efb6a955,2,2026-09-17,2026-09-17
2026-09-17,energy-storage.news,nfkc-casefold-collapse-v1,7f2cdbfb88f96fd9f0613b2ac15576b8194dc6d186d82bae1308bc130f69fb54,2,2026-09-17,2026-09-17
2026-09-17,energy-storage.news,nfkc-casefold-collapse-v1,1d60daa4ae6fd4a6187e7d8218617a9ca4e2f1e11f0833b022df8ca508a4b612,2,2026-09-17,2026-09-17
2026-09-17,energy-storage.news,nfkc-casefold-collapse-v1,62a0c43a5a5786fac2d5af2b1c5b41c397c49835a807d5ce03b636669344fad2,2,2026-09-17,2026-09-17
2026-09-17,energy-storage.news,nfkc-casefold-collapse-v1,ef041b4cef277a850f639def85afcc29906f2b01e314a27dfaa43cf51951c89a,2,2026-09-17,2026-09-17
2026-09-17,energy-storage.news,nfkc-casefold-collapse-v1,899f6d4952c9a9d0f0e6dce61649d2b50d26f82f1eab2297580d76c8c86691fe,2,2026-09-17,2026-09-17
2026-09-17,energy-storage.news,nfkc-casefold-collapse-v1,46521052b60940c5aad26d289c72eb0703e58d6b5ba8855baf728632a67d1d72,2,2026-09-17,2026-09-17
2026-09-17,energy-storage.news,nfkc-casefold-collapse-v1,6a29f8089164600893a8db12f236e78ec684c328c347584656de01fe0489d446,2,2026-09-17,2026-09-17
2026-09-17,english.elpais.com,nfkc-casefold-collapse-v1,9b62398b3c2151f22413770175436efe9a0bb3d124cec8b81692a956839aab2e,2,2026-09-17,2026-09-17
2026-09-17,english.elpais.com,nfkc-casefold-collapse-v1,9f2d5b1bdec73d0babcf6029d87e93f7dc059111099a0451256820dff06f7cd7,2,2026-09-17,2026-09-17
2026-09-17,english.elpais.com,nfkc-casefold-collapse-v1,54af38e703bcd6501af5ef82c151280fca14ee4f924990a13f4421fac91d7549,2,2026-09-17,2026-09-17
2026-09-17,english.elpais.com,nfkc-casefold-collapse-v1,f6a935bf2cdb6ef36bfa2234628f8ffcd714f032e9ee916b957778c9658613b9,2,2026-09-17,2026-09-17
2026-09-17,english.elpais.com,nfkc-casefold-collapse-v1,a6337dfe86d2fe3a5a7f6a5f07be2d20acd2b3146eb3d9859e9f4f9d5cff36fa,2,2026-09-17,2026-09-17
2026-09-17,english.elpais.com,nfkc-casefold-collapse-v1,025b9d113d3a1c1e91abebf8f7655ee85f2eaf6f2b2cfd507f109caa7bb070e7,2,2026-09-17,2026-09-17
2026-09-17,english.elpais.com,nfkc-casefold-collapse-v1,c498b7b517aebacb26477a964a1518a37c213e840f9a3765f86cf013e2475576,2,2026-09-17,2026-09-17
2026-09-17,english.elpais.com,nfkc-casefold-collapse-v1,e6f6276da728d172e62de5ede3b8dfd9c407fcd3d8b96e0e9ad65fac799edebf,2,2026-09-17,2026-09-17
2026-09-17,english.elpais.com,nfkc-casefold-collapse-v1,c5cdbbefffea74493dd72aac0a00ca033c2848de3a0d14dbc4cc186e98eaecbb,2,2026-09-17,2026-09-17
2026-09-17,english.elpais.com,nfkc-casefold-collapse-v1,6956eb3ea7bf61d80190ce39df4aba2b8df49d7f2a96e6d9c265fbd6d465bb23,2,2026-09-17,2026-09-17
2026-09-17,english.elpais.com,nfkc-casefold-collapse-v1,a37ca08b14a70abefc200a496c161e5e3407155362d2765e6e035daf1294bd8b,2,2026-09-17,2026-09-17
2026-09-17,english.elpais.com,nfkc-casefold-collapse-v1,b272809339d5a4a87414fbd37350a5a4225b2722e80504d53daaa81efa8ef1c5,2,2026-09-17,2026-09-17
2026-09-17,english.elpais.com,nfkc-casefold-collapse-v1,a55985c95d5a7039c08a39143520e01f81be962909e2bba0634ce33eb93dad85,2,2026-09-17,2026-09-17
2026-09-17,english.elpais.com,nfkc-casefold-collapse-v1,17987dbe13ec0ccdf81e654481f7df0dda55862b2505857fe633b05952877c7a,2,2026-09-17,2026-09-17
2026-09-17,english.elpais.com,nfkc-casefold-collapse-v1,7cd7fd31afd95351180d77b05947534070b440511617286215d4ec4e2eaa8bd5,2,2026-09-17,2026-09-17
2026-09-17,english.elpais.com,nfkc-casefold-collapse-v1,709a05ef2989f8b5292281cf5cef88b5a1f19723b8a58be76fd1b8e0594ba0ec,2,2026-09-17,2026-09-17
2026-09-17,english.elpais.com,nfkc-casefold-collapse-v1,4b0993347582b80265bfcb436700d8887c1058589e1cf61e3e882017bf9518ce,2,2026-09-17,2026-09-17
2026-09-17,english.elpais.com,nfkc-casefold-collapse-v1,f22d1fd3d09de42e7bd4a5f1c4c0fb704d7f2b4047a31cbeaecbaddb711d0db9,2,2026-09-17,2026-09-17
2026-09-17,english.elpais.com,nfkc-casefold-collapse-v1,a5a46677922c0a1114c0ca01b781e9feba01d9ab9f1c7faf47d4cdca6fe6a42a,2,2026-09-17,2026-09-17
2026-09-17,english.elpais.com,nfkc-casefold-collapse-v1,e522bba6d704a889ec2e34150cafe5f4bf2b7e91165b24313c5dfb7d6ce51b13,2,2026-09-17,2026-09-17
2026-09-17,english.elpais.com,nfkc-casefold-collapse-v1,734958200e5dd63958000cf422eea70f2c24c8d7f1fa63b857ddbf3871b89481,2,2026-09-17,2026-09-17
2026-09-17,english.elpais.com,nfkc-casefold-collapse-v1,ffca41a30471416407ff53d1d804d4b46fdb870edc4c7ad48772660cb511a1ff,2,2026-09-17,2026-09-17
2026-09-17,euronews.com,nfkc-casefold-collapse-v1,3a943f19255fa3f1e14d6996dab0e64b4da96910213995bf3757c63d36e6b13c,2,2026-09-17,2026-09-17
2026-09-17,euronews.com,nfkc-casefold-collapse-v1,bdad16084ac7979b1fb5f9839b77c41c29baf54e2725c710a594d2c300760bc2,2,2026-09-17,2026-09-17
2026-09-17,euronews.com,nfkc-casefold-collapse-v1,9efb37ebe17b9d3dbf6cb69e4b29c13aac0a586da8aaf3714c7f76efb1f999b9,2,2026-09-17,2026-09-17
2026-09-17,euronews.com,nfkc-casefold-collapse-v1,a5b571e5829f85f02aac604fd74696d261ce6fb86971e90a495a9239d0ee4e3c,2,2026-09-17,2026-09-17
2026-09-17,euronews.com,nfkc-casefold-collapse-v1,bdf15162cc46723d6896f182d88b177ca8de497a65627e0c5cce532af993bb84,2,2026-09-17,2026-09-17
2026-09-17,euronews.com,nfkc-casefold-collapse-v1,a3c28dedcff92b38b3f22d9298e24e93651e629294af9200591581a0a533fe06,2,2026-09-17,2026-09-17
2026-09-17,euronews.com,nfkc-casefold-collapse-v1,2469ffc5394973c203635e714a0a5c4c81cdc4878284b23c962c20d497874bc4,2,2026-09-17,2026-09-17
2026-09-17,euronews.com,nfkc-casefold-collapse-v1,afa016a230902704dc216cf051d9a3e162da1283808f64f7fc61520343a92f98,2,2026-09-17,2026-09-17
2026-09-17,euronews.com,nfkc-casefold-collapse-v1,3cba0e30f06fe246d79701029da6fbcf12576d10bbd147e0dab5d4a02c4c78ea,2,2026-09-17,2026-09-17
2026-09-17,euronews.com,nfkc-casefold-collapse-v1,2c4e4a5ba90e596f1ef97bed2b909d1a8c7a6e8d9e288a5bca253be61d74a82b,2,2026-09-17,2026-09-17
2026-09-17,euronews.com,nfkc-casefold-collapse-v1,497f77d7f396cae36b1bd7c0a8416583ac76e6460341b9cd978fe28cd8973737,2,2026-09-17,2026-09-17
2026-09-17,euronews.com,nfkc-casefold-collapse-v1,df7d8630e95bb12cda4ce95f86d5cc635c89a131c4fdb45aaacad1695ab29a92,2,2026-09-17,2026-09-17
2026-09-17,euronews.com,nfkc-casefold-collapse-v1,efad79275a22d2de8a9799573ba2208f3fa433571c967eff9edf0f336caad081,2,2026-09-17,2026-09-17
2026-09-17,euronews.com,nfkc-casefold-collapse-v1,cccba1137e81018cb3d9756dac7745429cf39db0606ba1d0b43a381b3dbfbb56,2,2026-09-17,2026-09-17
2026-09-17,euronews.com,nfkc-casefold-collapse-v1,b23328c8a35504a60d96a31e4e8ca2d6ab151edd6527e0661ebf89deee3df4e6,2,2026-09-17,2026-09-17
2026-09-17,euronews.com,nfkc-casefold-collapse-v1,8d7f4ee08bbc97ca65cac0886cca82b597e6770cff56976c27afd7ee9e646478,2,2026-09-17,2026-09-17
2026-09-17,euronews.com,nfkc-casefold-collapse-v1,35c3f87e22b51b58e2c6dd4f0cb74d4ac24614de32dfb9115185fcf78ade1be3,2,2026-09-17,2026-09-17
2026-09-17,euronews.com,nfkc-casefold-collapse-v1,17989a84e36cc066ab7aea21f394d9ff2471e5f5e72d25b668e210123fa8b7ff,2,2026-09-17,2026-09-17
2026-09-17,euronews.com,nfkc-casefold-collapse-v1,1b68f025bfe726e2e82687e6a2be0985aa1c7c23bc86f1bf20e0b026df7aed16,2,2026-09-17,2026-09-17
2026-09-17,euronews.com,nfkc-casefold-collapse-v1,3c8a178361404a102c35ec2536b61b5cc1916c2a99c8dcc2d04e5eed75017768,2,2026-09-17,2026-09-17
2026-09-17,euronews.com,nfkc-casefold-collapse-v1,ae62661bb957f92a4b986fadfdef0629c00682afb9b96b37b0e04e972eaa53fa,2,2026-09-17,2026-09-17
2026-09-17,euronews.com,nfkc-casefold-collapse-v1,fe5153d1ab2f797ab9b6b6cd99f29076055bb889a0c306461c164bf5b1e935c2,2,2026-09-17,2026-09-17
2026-09-17,euronews.com,nfkc-casefold-collapse-v1,01186d3c504cb2d8ca34aa8ef80bf457fefd26dcd6249e83d9c3924be3e694a2,2,2026-09-17,2026-09-17
2026-09-17,euronews.com,nfkc-casefold-collapse-v1,b7aa83bf5ac90d27a6f7a862ddae7c915e2ed4fe826a04be155fe7d2b6938c60,2,2026-09-17,2026-09-17
2026-09-17,euronews.com,nfkc-casefold-collapse-v1,b15aaac69e5221617af0af4a326e1dcc87dd519e84adc2deccc76d50bc597802,2,2026-09-17,2026-09-17
2026-09-17,euronews.com,nfkc-casefold-collapse-v1,daf9f7c80f710481054898f9ab2b62fbef6e78c2491d0b4db9a04d80c990c7ef,2,2026-09-17,2026-09-17
2026-09-17,euronews.com,nfkc-casefold-collapse-v1,4269f8e9d1a635fc85f0a50e99fee60216475de1bf5e8e8673b0732ca7518904,2,2026-09-17,2026-09-17
2026-09-17,euronews.com,nfkc-casefold-collapse-v1,bf9c5d69d9b7a9fe16962518f9bfd17d684169c1e1bfad32549bf7e676547e55,2,2026-09-17,2026-09-17
2026-09-17,euronews.com,nfkc-casefold-collapse-v1,d23165d6ed13d0e29355c1a53f2e4bb32f54ff02f9f404d93ccbcb1b7dd61f24,2,2026-09-17,2026-09-17
2026-09-17,euronews.com,nfkc-casefold-collapse-v1,7243a8dd29cf0372ed877b4dff7ff1689efd0b254cdeb118be06343b1e375970,2,2026-09-17,2026-09-17
2026-09-17,euronews.com,nfkc-casefold-collapse-v1,3f0615d4da6c8a3ab399b13103d5bbc354197c2ef4651945b56a0b04a8914e2c,2,2026-09-17,2026-09-17
2026-09-17,euronews.com,nfkc-casefold-collapse-v1,b11683eac1e0632fd86360792c2c7936280833d82f853d90d7c4ac5ec114a046,2,2026-09-17,2026-09-17
2026-09-17,euronews.com,nfkc-casefold-collapse-v1,aa3380672b20bf593fdb68091d365ab4bb9e952765fd010c25d89c833260691b,2,2026-09-17,2026-09-17
2026-09-17,euronews.com,nfkc-casefold-collapse-v1,a2c4f894fca9d80f219065fca2dff16b5b7698fdbd0c3b20054678e985f137f4,2,2026-09-17,2026-09-17
2026-09-17,euronews.com,nfkc-casefold-collapse-v1,4543cd18b231e70dbf0983d33f9bee0603d99ea3e158f750a4ea9220b7edc932,2,2026-09-17,2026-09-17
2026-09-17,euronews.com,nfkc-casefold-collapse-v1,edc90abb3021ca8c1c76b036b02c0c163fcd587b3249fc20612932a375eb2f07,2,2026-09-17,2026-09-17
2026-09-17,euronews.com,nfkc-casefold-collapse-v1,bac931f5bee7f62fa65700c64955da2fc0bb97b615b38ef77d40eff3130d4614,2,2026-09-17,2026-09-17
2026-09-17,euronews.com,nfkc-casefold-collapse-v1,f4b8117431a0242a1309b9b9a623d151e6809963d3e237f48f1eb6b456da23b1,2,2026-09-17,2026-09-17
2026-09-17,euronews.com,nfkc-casefold-collapse-v1,e6c0c2a202c1df3e12c784ea9c1be9ac4ee24217b8e73f9abe4316e9ccd889a7,2,2026-09-17,2026-09-17
2026-09-17,euronews.com,nfkc-casefold-collapse-v1,82cfbd24ba21e90c86582fa993c9ab0f0b9cb00c0450cd750c2c0135c93b845a,2,2026-09-17,2026-09-17
2026-09-17,euronews.com,nfkc-casefold-collapse-v1,b7042a374508ba885c4d67e04f8971f9cab80a5a00014766b28a700d15aeba42,2,2026-09-17,2026-09-17
2026-09-17,euronews.com,nfkc-casefold-collapse-v1,96efc2b9b196384dcb1a324e98f25c8d56f5081254d21fb42ea95501c49adb3e,2,2026-09-17,2026-09-17
2026-09-17,euronews.com,nfkc-casefold-collapse-v1,176128e597c09a9e030843e2d31e0f8bf3ad017b482ec441aa77596c67022e78,2,2026-09-17,2026-09-17
2026-09-17,euronews.com,nfkc-casefold-collapse-v1,cd09be6ae00645407bd500fd6b376bb8329b7d96475c7b5f0fa47b8e6e82154c,2,2026-09-17,2026-09-17
2026-09-17,euronews.com,nfkc-casefold-collapse-v1,9bfb5c40114dd7dea87d7bc2a97ebe27df74df33ca8c30ef006a83acab57ee4f,2,2026-09-17,2026-09-17
2026-09-17,euronews.com,nfkc-casefold-collapse-v1,91a46b3ed80143c7d1083674e2f9272448f7a7f361b25bbe708aae2911e60a21,2,2026-09-17,2026-09-17
2026-09-17,euronews.com,nfkc-casefold-collapse-v1,d8580823341c86db1efaa01597f1fc7c31289611e07c1702a01d5275ea15babc,2,2026-09-17,2026-09-17
2026-09-17,euronews.com,nfkc-casefold-collapse-v1,5921606c6dc3e74f4b7076efe6b45345da2be1823f63747b67562d955a975549,2,2026-09-17,2026-09-17
2026-09-17,euronews.com,nfkc-casefold-collapse-v1,84d2c4485f8ada74f6ddb5ccce9810222e939bcb6b750517d35bff4bda15c1bf,2,2026-09-17,2026-09-17
2026-09-17,euronews.com,nfkc-casefold-collapse-v1,ce7788868930117772e8a5a12012a0c2a4b9efcf1ea69cc557514249e65985e2,2,2026-09-17,2026-09-17
2026-09-17,euronews.com,nfkc-casefold-collapse-v1,a513dde2be6057b7dd1604da49e3dc297ef84e49d1c1f2cd8de74bd3c9168d4a,2,2026-09-17,2026-09-17
2026-09-17,euronews.com,nfkc-casefold-collapse-v1,e5965ab033370b7dfbfa3df761d117782abf5b06e938030e1ee679f81223c953,2,2026-09-17,2026-09-17
2026-09-17,euronews.com,nfkc-casefold-collapse-v1,5d99130713959612594d73016431d2e14dfe2c89d8e1617dcb5c887f4631fde3,2,2026-09-17,2026-09-17
2026-09-17,euronews.com,nfkc-casefold-collapse-v1,58dc0c7c62408fe8ad04566902b3c8a41f75b5a7983ed98eb8208d3a2faddc65,2,2026-09-17,2026-09-17
2026-09-17,euronews.com,nfkc-casefold-collapse-v1,5289040f9b22663b13d4b8260980dffdce771b09e49647bc3e245b47fb521b3b,2,2026-09-17,2026-09-17
2026-09-17,euronews.com,nfkc-casefold-collapse-v1,d5f8b5ed394f73e3fb9d27c8c64513a72334c90d6242b53f8367fed2cd60df1b,2,2026-09-17,2026-09-17
2026-09-17,euronews.com,nfkc-casefold-collapse-v1,7ad352e78560de632e1495a23213bf86e70cc5dd8828a33e3bcb422fa954ae64,2,2026-09-17,2026-09-17
2026-09-17,euronews.com,nfkc-casefold-collapse-v1,d86a5cdb8536bf190db06ad3897b26ac091a7f3b274c9199b48f3060c810c7db,2,2026-09-17,2026-09-17
2026-09-17,euronews.com,nfkc-casefold-collapse-v1,467d9eb567426f5c447415a10590dd6256e44c6e581d8a7f7112304b4338d71a,2,2026-09-17,2026-09-17
2026-09-17,euronews.com,nfkc-casefold-collapse-v1,1da9d52cc17da7a929ef327e6f142f61c4df070f67f4b256a753f19612c4246d,2,2026-09-17,2026-09-17
2026-09-17,euronews.com,nfkc-casefold-collapse-v1,79c6662f59d817156e3d969e2ab5589bd4e3487d490c39f4c00f29878679627d,2,2026-09-17,2026-09-17
2026-09-17,euronews.com,nfkc-casefold-collapse-v1,9459684d42a34c11684770e3f8a2212ce098330881e16d384f8f3b86d2797d27,2,2026-09-17,2026-09-17
2026-09-17,euronews.com,nfkc-casefold-collapse-v1,a8a1424f4c73145be0a1095664de899cf97499c84ad49f3b313ff9c4b903af19,2,2026-09-17,2026-09-17
2026-09-17,euronews.com,nfkc-casefold-collapse-v1,c360980ec6284074d5adb8a9b74beaa1b45d5719f7576c2854aed189e64f5bf3,2,2026-09-17,2026-09-17
2026-09-17,euronews.com,nfkc-casefold-collapse-v1,8c796f14d9d8cb1a688ba1232c0cf54af24fea9013e9471943f2f7954d50f297,2,2026-09-17,2026-09-17
2026-09-17,euronews.com,nfkc-casefold-collapse-v1,c469ad79a31961e3afb7b3c29d3bdbc75874f865991fbd19d3d61dc6ec0f0216,2,2026-09-17,2026-09-17
2026-09-17,euronews.com,nfkc-casefold-collapse-v1,4544d101737905cc25eece4ad4405712de4058217d349e6f34d3c55ebea7d5e3,2,2026-09-17,2026-09-17
2026-09-17,euronews.com,nfkc-casefold-collapse-v1,6ebb9948b57cd1002257d9c3397b3490c8add9227be363f11eeb27b6f27d8fbe,2,2026-09-17,2026-09-17
2026-09-17,euronews.com,nfkc-casefold-collapse-v1,a0c7ff8e4b62cc42e9c524e7531808a769b7ebf887b7a280337e5d2f32b63566,2,2026-09-17,2026-09-17
2026-09-17,euronews.com,nfkc-casefold-collapse-v1,6e141e9832d2f21e5959d7dfe348ce72a22dda7226db0d859a088d5ec36611bc,2,2026-09-17,2026-09-17
2026-09-17,euronews.com,nfkc-casefold-collapse-v1,2d678aff4bd011856d00c483792185cbdf0df3007fdefe6cb58b815a988ac095,2,2026-09-17,2026-09-17
2026-09-17,euronews.com,nfkc-casefold-collapse-v1,4376dc1720903cf54c8c4fff505da2cf10e48e5c7ba34e16f2de79b98d773856,2,2026-09-17,2026-09-17
2026-09-17,euronews.com,nfkc-casefold-collapse-v1,481e170692ba4ade84910fc92587a45d6edbfa9d162a7823612106995386e996,2,2026-09-17,2026-09-17
2026-09-17,euronews.com,nfkc-casefold-collapse-v1,78c7ffb758a479cf092406cebc2e60b1753b70550ca197a1ac3e3dd7dee5dca8,2,2026-09-17,2026-09-17
2026-09-17,euronews.com,nfkc-casefold-collapse-v1,7d0940fbe30be2f5f710f542a23cdaf70e541c05813148dcb54d47c15f07a79b,2,2026-09-17,2026-09-17
2026-09-17,euronews.com,nfkc-casefold-collapse-v1,3e9c97fd88df4cf91881caf5e099ac2d091bddf59625ebc25532a8473966522f,2,2026-09-17,2026-09-17
2026-09-17,euronews.com,nfkc-casefold-collapse-v1,f26d57ed0274a1d6d7d3c03e90240c39d541a24b353c5d3bed56a5997173b347,2,2026-09-17,2026-09-17
2026-09-17,euronews.com,nfkc-casefold-collapse-v1,bea849591b7149488afdbe7af77dd687998dbc58d15b8629357a6823c6650fc6,2,2026-09-17,2026-09-17
2026-09-17,euronews.com,nfkc-casefold-collapse-v1,3ca64c6cc786682c34542a2fe7bfd6612bb79bc032d26fd693e34d3dd4051f0f,2,2026-09-17,2026-09-17
2026-09-17,euronews.com,nfkc-casefold-collapse-v1,10ca64dd22d4567d7501e73c223ef5a23437f7ef0f4748280bdf79583ced0015,2,2026-09-17,2026-09-17
2026-09-17,euronews.com,nfkc-casefold-collapse-v1,62f33d58cdd63b3ff85d4b997a68bee02e22ca92234fcebb6c24152ddfb98298,2,2026-09-17,2026-09-17
2026-09-17,euronews.com,nfkc-casefold-collapse-v1,6e6c8850bbed4eff1f940623ed6b831bbed7538ed61ac41878940fed55495ffc,2,2026-09-17,2026-09-17
2026-09-17,euronews.com,nfkc-casefold-collapse-v1,5fa3011ee86cf02aefe0119ded70071c7b2cc4e4347ef5e5492d82539a5e00b5,2,2026-09-17,2026-09-17
2026-09-17,euronews.com,nfkc-casefold-collapse-v1,e96d2aaac6fffc3c9e75ef361197d8f6bdde57d48fbb9d663b251d927641aac4,2,2026-09-17,2026-09-17
2026-09-17,euronews.com,nfkc-casefold-collapse-v1,ae965abfecf376a30ea22cec5d04a412e84c2eb0b4dc81b992f579fa80e1df76,2,2026-09-17,2026-09-17
2026-09-17,euronews.com,nfkc-casefold-collapse-v1,78f25d39717d4f5b3e3cb2a2cbfb203464cd075dd50b50c9cfc382e322045179,2,2026-09-17,2026-09-17
2026-09-17,finance.yahoo.com,nfkc-casefold-collapse-v1,e08c8d88bed715d828d726a10e0f62350f1da06da3472ca187f7b780a020339f,4,2026-09-17,2026-09-17
2026-09-17,finance.yahoo.com,nfkc-casefold-collapse-v1,35ba6c270d8507cec6014400d98a76ba6a82bd088bea6b4ec0aea7e6e5e2e395,2,2026-09-17,2026-09-17
2026-09-17,finance.yahoo.com,nfkc-casefold-collapse-v1,b60d7bdd334cd3768d43f14a05c7fe7e886ba5bcb77e1064530052fed1a3f145,2,2026-09-17,2026-09-17
2026-09-17,finance.yahoo.com,nfkc-casefold-collapse-v1,327145e93ba5e6aec5478fbc373d1b652693a1fdeef2a3f8b053e723119484d4,2,2026-09-17,2026-09-17
2026-09-17,finance.yahoo.com,nfkc-casefold-collapse-v1,bdeb4a4a604291967f4c2b22fcc3d107b111c55e23d70e52bf3ecbd65a95d801,2,2026-09-17,2026-09-17
2026-09-17,finance.yahoo.com,nfkc-casefold-collapse-v1,bd1e7d12c22d7a1c79c36ed27181e1991864595c6abe73094ee972c3dc2b6bcd,2,2026-09-17,2026-09-17
2026-09-17,finance.yahoo.com,nfkc-casefold-collapse-v1,e15586d708e124930f1f244ff7d7fb6be7814d92bf4026df76275a1b70b218b1,2,2026-09-17,2026-09-17
2026-09-17,finance.yahoo.com,nfkc-casefold-collapse-v1,35e628564ef2475fc0b870a0945a4a5a97bb7f010644dd98229c7275d675eea7,2,2026-09-17,2026-09-17
2026-09-17,finance.yahoo.com,nfkc-casefold-collapse-v1,49ed5501cdf13d82cbe3c1951e6287a295f53fc1fb346986544b34247143ab83,2,2026-09-17,2026-09-17
2026-09-17,finance.yahoo.com,nfkc-casefold-collapse-v1,c5b9529875bb6d37098604fdeb87692646f79889a3912a7eb639a96ee9592877,2,2026-09-17,2026-09-17
2026-09-17,finance.yahoo.com,nfkc-casefold-collapse-v1,c6ee901cf8519964fe8834105f20a141dfff9aba224022674fef83aa4c99c0fd,2,2026-09-17,2026-09-17
2026-09-17,finance.yahoo.com,nfkc-casefold-collapse-v1,d3ea7e499cb452ff069550c8ace1b64fb61d0759f69593df32ec0abf885f9aed,2,2026-09-17,2026-09-17
2026-09-17,finance.yahoo.com,nfkc-casefold-collapse-v1,6b88c087247aa2f07ee1c5956b8e1a9f4c7f892a70e324f1bb3d161e05ca107b,2,2026-09-17,2026-09-17
2026-09-17,finance.yahoo.com,nfkc-casefold-collapse-v1,9627f16422f83951b321632832584d19822ea11622dd45a219f4a9c1193827fc,2,2026-09-17,2026-09-17
2026-09-17,finance.yahoo.com,nfkc-casefold-collapse-v1,d279cbc9e02f3076927d99b7338b56cbdb1545641de6eaed7e8f5d5c6a090cf6,2,2026-09-17,2026-09-17
2026-09-17,finance.yahoo.com,nfkc-casefold-collapse-v1,c67463f6c0c38ba9f9d91fff06c42158ed1373d44db6585539c867229ebc1cdc,2,2026-09-17,2026-09-17
2026-09-17,finance.yahoo.com,nfkc-casefold-collapse-v1,e2664a777a17a480e9459755d78c2ca049ebdf9f34416a2c8e418c18be078ae0,2,2026-09-17,2026-09-17
2026-09-17,finance.yahoo.com,nfkc-casefold-collapse-v1,48cae2be895fd53f669c259bf731d9b130b67b2b6c8ac9006796f2039838c8bd,2,2026-09-17,2026-09-17
2026-09-17,finance.yahoo.com,nfkc-casefold-collapse-v1,905b96a2c4b14e9b719bfb29027d45a5b422e05867a55610884a0f0cf4367627,2,2026-09-17,2026-09-17
2026-09-17,finance.yahoo.com,nfkc-casefold-collapse-v1,56eced072a96a2b218b444d63bda126c6baf63bcc1b92693ae2e73568951ac84,2,2026-09-17,2026-09-17
2026-09-17,finance.yahoo.com,nfkc-casefold-collapse-v1,c5f8421e4e0508262683ddb0bde93e3e5507d42c6a925bb2c3034fba51767d4f,2,2026-09-17,2026-09-17
2026-09-17,finance.yahoo.com,nfkc-casefold-collapse-v1,06867b1d29cb452bc166d1616ee0aec24dbe7ad6f12d6849c743ed3d5fefdb4d,2,2026-09-17,2026-09-17
2026-09-17,finance.yahoo.com,nfkc-casefold-collapse-v1,ec4afc3c60265fce2dc184f180716b0824703ee6b4bcd15853ede7ddc93f9e8b,2,2026-09-17,2026-09-17
2026-09-17,finance.yahoo.com,nfkc-casefold-collapse-v1,60d732a860aeaf92e4af44c1df27b1b222ba4fb1344e9fc850dc4d1c63c7ef5f,2,2026-09-17,2026-09-17
2026-09-17,finance.yahoo.com,nfkc-casefold-collapse-v1,f566f528b02208e5303b8b3ee4990d52c7e743a3709f6f62131d205f11629419,2,2026-09-17,2026-09-17
2026-09-17,finance.yahoo.com,nfkc-casefold-collapse-v1,ffd411c884ebf03b367c77f97a8dad3e27f86e7a25ab9aba8ef41d9c6a485313,2,2026-09-17,2026-09-17
2026-09-17,finance.yahoo.com,nfkc-casefold-collapse-v1,54e2efc33779f77d235ba37da3dbbd8128ef682cdf579809d96d205a63708493,2,2026-09-17,2026-09-17
2026-09-17,finance.yahoo.com,nfkc-casefold-collapse-v1,8d8b1761f8c5e7c1d56c0a14ec892d895b32338ec88616327d14310f788620ec,2,2026-09-17,2026-09-17
2026-09-17,finance.yahoo.com,nfkc-casefold-collapse-v1,b8f84d09ee1598d18997f5252ade3a8813d9d3f34f934e5bbfc058e0d8a1f90f,2,2026-09-17,2026-09-17
2026-09-17,finance.yahoo.com,nfkc-casefold-collapse-v1,6a51e80bca8508ffce9ecb00dadd5c91bab0b86621a0f0f7aef6441685d8cf32,2,2026-09-17,2026-09-17
2026-09-17,finance.yahoo.com,nfkc-casefold-collapse-v1,1dcdaf37638d44c9d8f3d4be56850c12aad6505eea3e0cdf7f3da05ecaadf1fc,2,2026-09-17,2026-09-17
2026-09-17,finance.yahoo.com,nfkc-casefold-collapse-v1,1867b77000a03322f8137a29285de05de5dde1d287ab8e86902a9337cbf711f4,2,2026-09-17,2026-09-17
2026-09-17,finance.yahoo.com,nfkc-casefold-collapse-v1,37f17445642ae7cc8ac8c8cc91e0d7a77b9827c7f59ba06acebc833a1a5cae39,2,2026-09-17,2026-09-17
2026-09-17,finance.yahoo.com,nfkc-casefold-collapse-v1,4bf1612aeaa304bb946a319c1e2c4fe7b122090631b657477f6bd38a8d7f7066,2,2026-09-17,2026-09-17
2026-09-17,finance.yahoo.com,nfkc-casefold-collapse-v1,2cfcb0973d234fc1ffd5e1ce515dcc477d03d6b20e315a240a6522fd81ac62e9,2,2026-09-17,2026-09-17
2026-09-17,finance.yahoo.com,nfkc-casefold-collapse-v1,d7012b3f5e87d0b678ca2e7a22eb17d7c97b81d910f863ffad92d4285478cbda,2,2026-09-17,2026-09-17
2026-09-17,finance.yahoo.com,nfkc-casefold-collapse-v1,e1020c73bdb084e3b89ad8357bc8b0badce8266839cf6843ca538a2ded5a7eb5,2,2026-09-17,2026-09-17
2026-09-17,finance.yahoo.com,nfkc-casefold-collapse-v1,44e7d225476bee72daf0c6a1343c53e42b2ec281dfed3f5c7f895f9261f1eeda,2,2026-09-17,2026-09-17
2026-09-17,finance.yahoo.com,nfkc-casefold-collapse-v1,78a05b76dc1336bdc5024a7f1e43d17c7c48bc326121249e055899209d7be62d,2,2026-09-17,2026-09-17
2026-09-17,finance.yahoo.com,nfkc-casefold-collapse-v1,ec6f33bbe6c9249bae43473aa6ea424702d8cdbe105f9db17ba68ac9d7c059db,2,2026-09-17,2026-09-17
2026-09-17,finance.yahoo.com,nfkc-casefold-collapse-v1,094c2498b5c73eb629212a8b25e729b54779ddb96f7afa6683907ce1231594c4,2,2026-09-17,2026-09-17
2026-09-17,finance.yahoo.com,nfkc-casefold-collapse-v1,5634a56844e885e5a697d6fc4274ec7254b8a2de681ed063457d06bcf49426f0,2,2026-09-17,2026-09-17
2026-09-17,finance.yahoo.com,nfkc-casefold-collapse-v1,4b7530af91993487482b6a0b7d6d807d8c67d0c50295348142a52136e0502193,2,2026-09-17,2026-09-17
2026-09-17,finance.yahoo.com,nfkc-casefold-collapse-v1,69826c1d796390433e04f09f74d072c8278aca2fb054245562bb6754fe2694e0,2,2026-09-17,2026-09-17
2026-09-17,finance.yahoo.com,nfkc-casefold-collapse-v1,f157d370a9087165c50d99f023d083820699f7d7489c106f4c60d0c191074012,2,2026-09-17,2026-09-17
2026-09-17,finance.yahoo.com,nfkc-casefold-collapse-v1,b08a645b81e91124ce8e2aef0bc7f0d81ab42db679cde5423fa4fc7a65316af4,2,2026-09-17,2026-09-17
2026-09-17,finance.yahoo.com,nfkc-casefold-collapse-v1,e5899594e5dfa947874a9a792752ecacd0d02caa654a73724e8479073a5ec2d9,2,2026-09-17,2026-09-17
2026-09-17,finance.yahoo.com,nfkc-casefold-collapse-v1,2b989291eefcda9201b99651efb2842ecd88515b71997996d6b755dc9a93aae5,2,2026-09-17,2026-09-17
2026-09-17,finance.yahoo.com,nfkc-casefold-collapse-v1,50ec10986607c93a4af2717303383500043beff1117a2c4cbab83e8d5f3de34a,2,2026-09-17,2026-09-17
2026-09-17,finance.yahoo.com,nfkc-casefold-collapse-v1,e577a8aab1fad122288bd3d7225127e746d7527a4e052bd696dfad6071ddd89d,2,2026-09-17,2026-09-17
2026-09-17,france24.com,nfkc-casefold-collapse-v1,da04b728d02d15f3c161f17e8ccc2c87b302d8deec04d06bb3807052e4ac5871,2,2026-09-17,2026-09-17
2026-09-17,france24.com,nfkc-casefold-collapse-v1,018f6f75d3313e9c8087ed185d603d023176ea82efe715ee2891c5b2e49db3f1,2,2026-09-17,2026-09-17
2026-09-17,france24.com,nfkc-casefold-collapse-v1,6ca4f1d68881ed48f127916d7024b65f4f89b6a5901cf3f80a80e1385ccf316e,2,2026-09-17,2026-09-17
2026-09-17,france24.com,nfkc-casefold-collapse-v1,92a30f03cf47eb71487e3e189763cb1743ae7faa07560226c9e3b090e8460739,2,2026-09-17,2026-09-17
2026-09-17,france24.com,nfkc-casefold-collapse-v1,257500956e0e66057fcfb6953376dd47d2241c75d5ecebb1fb82d9836e597f60,2,2026-09-17,2026-09-17
2026-09-17,france24.com,nfkc-casefold-collapse-v1,4bd33df65739b770b15da1e47490a975ffef22a2ab0a22c42fe6e5eb071500f9,2,2026-09-17,2026-09-17
2026-09-17,france24.com,nfkc-casefold-collapse-v1,361fc54fdc93d2bf07ff31d4d4d063e86de457b9bc435cbea56061401e9e11ce,2,2026-09-17,2026-09-17
2026-09-17,france24.com,nfkc-casefold-collapse-v1,db16ef6873d84b28e7fcaef99a48a3dfcc6451226de9f46c4b8c6f2497a8747c,2,2026-09-17,2026-09-17
2026-09-17,france24.com,nfkc-casefold-collapse-v1,20bef11fc9c87d047492a247d77199bc8669c9c64e45602538037fc14c02d8b5,2,2026-09-17,2026-09-17
2026-09-17,france24.com,nfkc-casefold-collapse-v1,9f3129e99375cb8a0fa27e6c6c43c9699809f4f9c190e6970fed5f7dbf48f808,2,2026-09-17,2026-09-17
2026-09-17,france24.com,nfkc-casefold-collapse-v1,133d2cb0dea8985c7f390d193c3f5c0793fc8a504732401eb05a20a15bd4005f,2,2026-09-17,2026-09-17
2026-09-17,france24.com,nfkc-casefold-collapse-v1,fafd4fa72cb928efadb8d06d76c5d2f8858f30a47e2328c830efb35ec6c9fa06,2,2026-09-17,2026-09-17
2026-09-17,france24.com,nfkc-casefold-collapse-v1,86486efb7fa80b27adbb1443b042aa6d14581a46c3f54d420c5967690c9c532a,2,2026-09-17,2026-09-17
2026-09-17,france24.com,nfkc-casefold-collapse-v1,0ab8157049fb7a10f4c74ae799825c91ff836fb03d539b603f029b9287787047,2,2026-09-17,2026-09-17
2026-09-17,france24.com,nfkc-casefold-collapse-v1,537a5331abacb8247bf43208129b5e520d78c2965ef2b973f9815e40f2822e78,2,2026-09-17,2026-09-17
2026-09-17,france24.com,nfkc-casefold-collapse-v1,57522b672ac34fed647b003990602608ee18e95b407db6af29a8466dc99cbadd,2,2026-09-17,2026-09-17
2026-09-17,freepressjournal.in,nfkc-casefold-collapse-v1,05cc1a10b167d94e5cef17c8fc2002e4975301fa980fd5bdf6daf143a48b5e82,2,2026-09-17,2026-09-17
2026-09-17,freepressjournal.in,nfkc-casefold-collapse-v1,e3df7aec236891e09b5e5eded01d032b921e259a06355eacb94f2f4f979b32bf,2,2026-09-17,2026-09-17
2026-09-17,freepressjournal.in,nfkc-casefold-collapse-v1,7ddccf486bac7dedd23dec1cb4c83ab482ad7bf005b6bb7bf421e58c715f48e0,2,2026-09-17,2026-09-17
2026-09-17,freepressjournal.in,nfkc-casefold-collapse-v1,abdf01d3dfff39c321a65871f3f59c86503d3bfcbe143941e9768e431e4c3f9f,2,2026-09-17,2026-09-17
2026-09-17,freepressjournal.in,nfkc-casefold-collapse-v1,9e8d3836a13be78141aa13a2a7a6d9d7501b6c81d8baec0877c91fee7b5f5926,2,2026-09-17,2026-09-17
2026-09-17,freepressjournal.in,nfkc-casefold-collapse-v1,fb8ca22f543d3592a7afc71827f8c3a26092295da6379470e7523c777ca801c5,2,2026-09-17,2026-09-17
2026-09-17,freepressjournal.in,nfkc-casefold-collapse-v1,2a5db0c7861427d684ce22b4f2a35d21644365f1a53ca9d65fc1d2572edfc222,2,2026-09-17,2026-09-17
2026-09-17,freepressjournal.in,nfkc-casefold-collapse-v1,2aa19d3ac4bd1a46001b8789cb0510b4a0b9575dc22824b30fccfca4d0a12542,2,2026-09-17,2026-09-17
2026-09-17,freepressjournal.in,nfkc-casefold-collapse-v1,6df7bb106a6e6f0de15383bc4ec975b49c3348c7465d6be536244fd7ae90c932,2,2026-09-17,2026-09-17
2026-09-17,freepressjournal.in,nfkc-casefold-collapse-v1,4f8b4b22ea96071820aab9a02196906170057589308c52ccf9ab3fe28b1455dc,2,2026-09-17,2026-09-17
2026-09-17,freepressjournal.in,nfkc-casefold-collapse-v1,da4caf138af573681e67e7a75ac5245be3f838eec7885698f794562591086d46,2,2026-09-17,2026-09-17
2026-09-17,freepressjournal.in,nfkc-casefold-collapse-v1,5725a74e48d8cf0ba07da4934e1f5e916913b2b00c7a437dfc5a12fc93749c72,2,2026-09-17,2026-09-17
2026-09-17,freepressjournal.in,nfkc-casefold-collapse-v1,53b4a46cc5141444bf48a0f66c28ce04bd9379743d90dfaf3c67eb3ef9525688,2,2026-09-17,2026-09-17
2026-09-17,freepressjournal.in,nfkc-casefold-collapse-v1,f8bb23fb73d786195954840fe7366ddad25b36148d9845ac2549a83646c2ceec,2,2026-09-17,2026-09-17
2026-09-17,freepressjournal.in,nfkc-casefold-collapse-v1,bb86d3d171c3844dd2e75193ce02dc77ca52660355f7506e4bedf0839eaefe59,2,2026-09-17,2026-09-17
2026-09-17,freepressjournal.in,nfkc-casefold-collapse-v1,49bf1d3896c998fb614276a3874755471d6229afd1bb5f2e4b8b22d6dd01fc0f,2,2026-09-17,2026-09-17
2026-09-17,freepressjournal.in,nfkc-casefold-collapse-v1,0f2e10ce12eb9f7dc9a403e264f51cfae663fef71cda31ed56add49c2b437f57,2,2026-09-17,2026-09-17
2026-09-17,freepressjournal.in,nfkc-casefold-collapse-v1,38e7646edc4692d0db9419b5fb28b145f95090308595fab1c724ad79b8bb7e41,2,2026-09-17,2026-09-17
2026-09-17,freepressjournal.in,nfkc-casefold-collapse-v1,9ff1bfdbdcc007cc4b66711d040058218dcc7eb22c0bfb69a2aaca25f77b47f6,2,2026-09-17,2026-09-17
2026-09-17,freepressjournal.in,nfkc-casefold-collapse-v1,253f210a774b9a82dc7465cfe594f7da5b5537d7b41d1ceed9d7f2e3a95623d0,2,2026-09-17,2026-09-17
2026-09-17,freepressjournal.in,nfkc-casefold-collapse-v1,c268dd70d4100ccc6c9e38e034c97debbc6096724d0370dfb1cd075c53f1e405,2,2026-09-17,2026-09-17
2026-09-17,freepressjournal.in,nfkc-casefold-collapse-v1,9c3da41eea18c4e6859fcf4f1c69b5a5153fa16739c2c8fced72a7ba9c171c66,2,2026-09-17,2026-09-17
2026-09-17,freepressjournal.in,nfkc-casefold-collapse-v1,db4fa836b8b7922251ebbb33c696ac06745565158a554d99439a556cc4a812f7,2,2026-09-17,2026-09-17
2026-09-17,freepressjournal.in,nfkc-casefold-collapse-v1,2966c12d1d7962c2b01fca9653d44172c41ea5002d7f1ec6980b573783e5ee7e,2,2026-09-17,2026-09-17
2026-09-17,freepressjournal.in,nfkc-casefold-collapse-v1,3511ffe9afe5742ac6a2c949f87e87d78be8b37f685df254b03f1dad46c53a0f,2,2026-09-17,2026-09-17
2026-09-17,freepressjournal.in,nfkc-casefold-collapse-v1,95038dbe9b077a7f214b795925746f43622ee1c383b912e6ea3059e5bbe4f62f,2,2026-09-17,2026-09-17
2026-09-17,freepressjournal.in,nfkc-casefold-collapse-v1,ae8fcc5b7d5287a449066cacc2cf9803a286159fabf64766a6d06bdb602ce2d3,2,2026-09-17,2026-09-17
2026-09-17,freepressjournal.in,nfkc-casefold-collapse-v1,7d43a356c7a25def821909d0e34d361f0905c05751a3e94c9977631ff734ed8d,2,2026-09-17,2026-09-17
2026-09-17,freepressjournal.in,nfkc-casefold-collapse-v1,da7802e50e339a412c457056d40b40908bb1dfd3ae154f6bdac2c765945c80ec,2,2026-09-17,2026-09-17
2026-09-17,freepressjournal.in,nfkc-casefold-collapse-v1,05c50fb6b6c1b72895729f26793da362b5f1e5757c0790f77222f377b4c40701,2,2026-09-17,2026-09-17
2026-09-17,freepressjournal.in,nfkc-casefold-collapse-v1,71954a5e64d8118dce873ef575b64e9f1db585627cf684353c135f48ea41d47d,2,2026-09-17,2026-09-17
2026-09-17,freepressjournal.in,nfkc-casefold-collapse-v1,8a7e9f064145cf2db560c156ad198c52005a69f3612e23b39d80802c309b252d,2,2026-09-17,2026-09-17
2026-09-17,freepressjournal.in,nfkc-casefold-collapse-v1,03cfbad9cffb490a9004d8e2e3a8d2c62040187ef2a8be6151e9cb468d1690fc,2,2026-09-17,2026-09-17
2026-09-17,freepressjournal.in,nfkc-casefold-collapse-v1,6b9f31640ebbc937d3ac2744f0ce15017562028373084806b6390ac3d2d9a8c7,2,2026-09-17,2026-09-17
2026-09-17,freepressjournal.in,nfkc-casefold-collapse-v1,45eac80e5eddbfe31f3a3e0b8348edf499a2df62b51c87870095e6ed1281fceb,2,2026-09-17,2026-09-17
2026-09-17,freepressjournal.in,nfkc-casefold-collapse-v1,9b2da8f7bb20424a8682766cb024d7f246910ce52ddeabcb5abdc343c10eb30d,2,2026-09-17,2026-09-17
2026-09-17,freepressjournal.in,nfkc-casefold-collapse-v1,cdce8e2cadd63b95e868a6340cba35d211d3103f68c1b332350b978fdffded3f,2,2026-09-17,2026-09-17
2026-09-17,freepressjournal.in,nfkc-casefold-collapse-v1,b2f24fd988919d94ac1d1ec89f5f27ba9cf5944aa47832ab80307611033ac747,2,2026-09-17,2026-09-17
2026-09-17,freepressjournal.in,nfkc-casefold-collapse-v1,ac1dcd7f96e426cb9a8706cb1ae6295e018ae6b44eafcea0bf18f6fdcfd6e8c1,2,2026-09-17,2026-09-17
2026-09-17,frontline.thehindu.com,nfkc-casefold-collapse-v1,dd3d65766ac7fb621976539fec6be25e680ae99a70017a6f0a5d0ca3b7612eaa,2,2026-09-17,2026-09-17
2026-09-17,frontline.thehindu.com,nfkc-casefold-collapse-v1,2b45bec45a9e1521fe38f59c502b70b6d75247320012eeb9ace4465200f1f0c6,2,2026-09-17,2026-09-17
2026-09-17,frontline.thehindu.com,nfkc-casefold-collapse-v1,d0825fdb1de8172539164e7fba595f0136afad774134745a942cfd6769cf468e,2,2026-09-17,2026-09-17
2026-09-17,frontline.thehindu.com,nfkc-casefold-collapse-v1,832bd2e41d2aa9d298ba1cc8980c10432184ad77b090e965ce292cf5658d0f55,2,2026-09-17,2026-09-17
2026-09-17,frontline.thehindu.com,nfkc-casefold-collapse-v1,ab0ed791b98b24a959822ada11f9b07b9ec1fe21d356fa6cca7dcaff3b7350a9,2,2026-09-17,2026-09-17
2026-09-17,frontline.thehindu.com,nfkc-casefold-collapse-v1,0574327b5cf850227e929bc87dc009da3ee0892b1dda5a8252ae57e0b90475be,2,2026-09-17,2026-09-17
2026-09-17,frontline.thehindu.com,nfkc-casefold-collapse-v1,f56edac1c9e9347f7e312e48b116677ae56ac30a280665d6155e564800e5b5b4,2,2026-09-17,2026-09-17
2026-09-17,frontline.thehindu.com,nfkc-casefold-collapse-v1,fc25829c8e1cc32c8fefbf9a347e2f3c31b042f79cd4cce86afa2132a6af5c48,2,2026-09-17,2026-09-17
2026-09-17,frontline.thehindu.com,nfkc-casefold-collapse-v1,5f8521939592c7f9151da6385a66a2708cc667dfd7422d79d4b28a20b6292c76,2,2026-09-17,2026-09-17
2026-09-17,frontline.thehindu.com,nfkc-casefold-collapse-v1,0ff1f367a1d953dd5c4efc55139a974711de38a9c7eb117438bd36c4a1e01a19,2,2026-09-17,2026-09-17
2026-09-17,frontline.thehindu.com,nfkc-casefold-collapse-v1,2989ab3fe5b6c40aa4f7cf203a5163077749222b886e7ee125bd95a90ab7a3ce,2,2026-09-17,2026-09-17
2026-09-17,frontline.thehindu.com,nfkc-casefold-collapse-v1,fdbbbc5a89632a1976fd22f1c313df5443102309356a23958ef12ad3ab00d2ce,2,2026-09-17,2026-09-17
2026-09-17,frontline.thehindu.com,nfkc-casefold-collapse-v1,79915893c8602723bd21511eee0655776282af4dec0f7100fadb7da68d6f9569,2,2026-09-17,2026-09-17
2026-09-17,frontline.thehindu.com,nfkc-casefold-collapse-v1,9fc9b4c47528bf56f8540a8b7319b9b943375063ac0a9ce04b81fbb6048b0ad4,2,2026-09-17,2026-09-17
2026-09-17,frontline.thehindu.com,nfkc-casefold-collapse-v1,da439d1db77b6516d477324028de925e1f399bddb117c332bb80414cd7cc7a6f,2,2026-09-17,2026-09-17
2026-09-17,frontline.thehindu.com,nfkc-casefold-collapse-v1,48caca2a4ef050f806eaf65a6114dc6a9514d0b012111df60cd18ad05634212d,2,2026-09-17,2026-09-17
2026-09-17,frontline.thehindu.com,nfkc-casefold-collapse-v1,bdf9be0fb3a46086be4995a4707734d62552b663ed11531468bd1efc2522631a,2,2026-09-17,2026-09-17
2026-09-17,frontline.thehindu.com,nfkc-casefold-collapse-v1,10b6f55b0681ce0190a2712de1ef9fc9d344aa232fec96beec4f4f39c13b2bf3,2,2026-09-17,2026-09-17
2026-09-17,frontline.thehindu.com,nfkc-casefold-collapse-v1,87adf87ba92971905fc5a0f29741937d7f5b1022f66360c2ea8682771aee2d26,2,2026-09-17,2026-09-17
2026-09-17,frontline.thehindu.com,nfkc-casefold-collapse-v1,70be7069df6765d7f0dfe10e3b80c8a1f47598edea6bf97c7930ee73ccd0667a,2,2026-09-17,2026-09-17
2026-09-17,frontline.thehindu.com,nfkc-casefold-collapse-v1,fbc3bc2b0c510a9d2f8e9dc478f4c9845bbbf0e76908cd9689f01eb1d262108f,2,2026-09-17,2026-09-17
2026-09-17,frontline.thehindu.com,nfkc-casefold-collapse-v1,aa07963819fe047a37277e8d294150f4a7cd06ce6be6ec4c07b87672d71490f5,2,2026-09-17,2026-09-17
2026-09-17,frontline.thehindu.com,nfkc-casefold-collapse-v1,c3fda2d99c111060482dc958295fd0556e1607cbc0ecdc2dd6c1fac62c8a118a,2,2026-09-17,2026-09-17
2026-09-17,frontline.thehindu.com,nfkc-casefold-collapse-v1,172b53ea31e1b24d1c96fcda4b22cdd892f42e632cf86643f91be9cc152a97cc,2,2026-09-17,2026-09-17
2026-09-17,frontline.thehindu.com,nfkc-casefold-collapse-v1,e460f833fd4da8407b19b77b6f8be4ce985ade89ded2464cb57dacbf48479742,2,2026-09-17,2026-09-17
2026-09-17,frontline.thehindu.com,nfkc-casefold-collapse-v1,88ef50b74501e747c31ebb30aaba6f815032351d824b76dc2a96ff26db9fa512,2,2026-09-17,2026-09-17
2026-09-17,frontline.thehindu.com,nfkc-casefold-collapse-v1,2415206086b0cd1e208d830d2be38fdf0b10af008b27d803ec62ce9cbcbcf9c2,2,2026-09-17,2026-09-17
2026-09-17,frontline.thehindu.com,nfkc-casefold-collapse-v1,087a351c605886111c1c84f605d2c2ed735836559eb61f3908785bf8d03ffee6,2,2026-09-17,2026-09-17
2026-09-17,frontline.thehindu.com,nfkc-casefold-collapse-v1,266fffcc5ef3ae1998de64066497e38970a1ec8e5faa3cbdb2ea53970e8adceb,2,2026-09-17,2026-09-17
2026-09-17,frontline.thehindu.com,nfkc-casefold-collapse-v1,0cc8ed602aad0a0b72fb51598fd603b2928c186565f45043b5491518e2b4bc84,2,2026-09-17,2026-09-17
2026-09-17,frontline.thehindu.com,nfkc-casefold-collapse-v1,4f9d0d10d8519648075354e6c0717d50139ca3b290ddfdeebb8375907aa6527b,2,2026-09-17,2026-09-17
2026-09-17,frontline.thehindu.com,nfkc-casefold-collapse-v1,95a00e487b62ba4c5170528ff47ac5d795138160947bd6dbbb785248bf358118,2,2026-09-17,2026-09-17
2026-09-17,frontline.thehindu.com,nfkc-casefold-collapse-v1,7d2e70a75c6ad02ca0f49eaedc3397f28944330ce8a580f2808c6c4992f474c5,2,2026-09-17,2026-09-17
2026-09-17,frontline.thehindu.com,nfkc-casefold-collapse-v1,28498ff1d1b5540b8fc959af450760878397fd2fcd2693eb2d526f5c38b593f7,2,2026-09-17,2026-09-17
2026-09-17,frontline.thehindu.com,nfkc-casefold-collapse-v1,bffdc93cb0b22812ee5747b9f7c1e677c0115c34b540d53e05f9c9984630f1cd,2,2026-09-17,2026-09-17
2026-09-17,frontline.thehindu.com,nfkc-casefold-collapse-v1,1cbf4f19e0e68316be79a4c85e77b203fa0eb37996c73ef6a297b142d475823a,2,2026-09-17,2026-09-17
2026-09-17,frontline.thehindu.com,nfkc-casefold-collapse-v1,1f00bc6f9dbd96838df9b53d506c616bfe60763794d79996ab5eee16bbd692b7,2,2026-09-17,2026-09-17
2026-09-17,frontline.thehindu.com,nfkc-casefold-collapse-v1,758e80b9f3fe0a078075fd88b81560d6e075cda4de98346920fc32986d2a1e05,2,2026-09-17,2026-09-17
2026-09-17,frontline.thehindu.com,nfkc-casefold-collapse-v1,fb29a6753aa7a3d4ea31fb5509310d5eb7323914cf6818c57bc89e30ffe15c02,2,2026-09-17,2026-09-17
2026-09-17,frontline.thehindu.com,nfkc-casefold-collapse-v1,4144dc7a2bdb05812a540f860db9b69dceb7e41cedb66e7d6d74e3d569f51312,2,2026-09-17,2026-09-17
2026-09-17,frontline.thehindu.com,nfkc-casefold-collapse-v1,e23f5b724de8230049a8539b31c3082a5c828a0995afe43915762b04a0c11277,2,2026-09-17,2026-09-17
2026-09-17,frontline.thehindu.com,nfkc-casefold-collapse-v1,c539bfdb3d4faacbe5e282e3a5e7eaf5aa76079c6f7b4109a2052021bd1072e3,2,2026-09-17,2026-09-17
2026-09-17,frontline.thehindu.com,nfkc-casefold-collapse-v1,ec22d623e67c3fff85bd61186e44c92fc3f8707eb4d28bcf00cf7f69f0506907,2,2026-09-17,2026-09-17
2026-09-17,frontline.thehindu.com,nfkc-casefold-collapse-v1,1f6f3e08d894f3a59cfd8e430c0c0a43bd4909a5c2d51048a30523bed6354a2a,2,2026-09-17,2026-09-17
2026-09-17,frontline.thehindu.com,nfkc-casefold-collapse-v1,f16093f8fef635f5ed39395cf587c00dc9e6e67c05a9b1ff8ef47e40114d8002,2,2026-09-17,2026-09-17
2026-09-17,frontline.thehindu.com,nfkc-casefold-collapse-v1,b8fd97d7b6b0faafc9877107c0985ba18d988509e7f19957ca7a8cdbdd8218f9,2,2026-09-17,2026-09-17
2026-09-17,frontline.thehindu.com,nfkc-casefold-collapse-v1,6a34ed70eba99f2816cbbf54327b7587f7ed273d4f54cb52f3fbeb8362d68722,2,2026-09-17,2026-09-17
2026-09-17,frontline.thehindu.com,nfkc-casefold-collapse-v1,92e82017e4cfb6e60cf15861b7c4d5d2dd518275573315c2a0d3a38710d23d2f,2,2026-09-17,2026-09-17
2026-09-17,frontline.thehindu.com,nfkc-casefold-collapse-v1,cf5293aa40f868fb78ad0243248f05c4ddb4acfad098c328f2226960b7cacc67,2,2026-09-17,2026-09-17
2026-09-17,frontline.thehindu.com,nfkc-casefold-collapse-v1,ebf9c6fe9d2d5bea41def9b46a9f6199459679904470cd09da1dd788fa7a4ef5,2,2026-09-17,2026-09-17
2026-09-17,frontline.thehindu.com,nfkc-casefold-collapse-v1,4782a4b205059638b02d31fd8393f0e114dc45b257054b3438ef6f855b76006d,2,2026-09-17,2026-09-17
2026-09-17,frontline.thehindu.com,nfkc-casefold-collapse-v1,7fe6a4a3048bb642f25728e837769cba9944efaa62a035cee9f88bb6c16caa63,2,2026-09-17,2026-09-17
2026-09-17,frontline.thehindu.com,nfkc-casefold-collapse-v1,b4aa49cf1d7d6163e1695968a0a659eed148389978a7d616efd9a30a3dff1745,2,2026-09-17,2026-09-17
2026-09-17,frontline.thehindu.com,nfkc-casefold-collapse-v1,3f972dbc51cc4fd39deedcded14e64e93d47f4c94426ab19b639dcd8b953e18e,2,2026-09-17,2026-09-17
2026-09-17,frontline.thehindu.com,nfkc-casefold-collapse-v1,461c26aab0c210fb14f32144bdaa744c90c19ffc48b106a2b1400c9271d971a0,2,2026-09-17,2026-09-17
2026-09-17,frontline.thehindu.com,nfkc-casefold-collapse-v1,1d23b9c4243f67c81e9868423b45bdb5e9746ff2fcd9a2a9058fd8a87658762a,2,2026-09-17,2026-09-17
2026-09-17,frontline.thehindu.com,nfkc-casefold-collapse-v1,a949cc3f9d995cea63c257c7d8c0b94d0634cfdf787f4273b9aed2c447f62910,2,2026-09-17,2026-09-17
2026-09-17,frontline.thehindu.com,nfkc-casefold-collapse-v1,ff25d8383827054571b3aaa89d6a2f53a3899ecdf7bb641ca4bd2336c935d743,2,2026-09-17,2026-09-17
2026-09-17,frontline.thehindu.com,nfkc-casefold-collapse-v1,c2a04fa2fc16ec888c86142d4263cc06ba8a665959a9d8e2cd4943c0b4278da2,2,2026-09-17,2026-09-17
2026-09-17,frontline.thehindu.com,nfkc-casefold-collapse-v1,0ddaf955734594a22dc7c643326c3ca252a542b432b654abac0fc38032383cb1,2,2026-09-17,2026-09-17
2026-09-17,frontline.thehindu.com,nfkc-casefold-collapse-v1,bd7cb3db9338454876e9d2b4867e2202a8eb6c64766872e6069c6cf4b4c6415e,2,2026-09-17,2026-09-17
2026-09-17,frontline.thehindu.com,nfkc-casefold-collapse-v1,a9d519fe28c7161f444e2c6086211746542fa681ace90b90b2c6a648e642a4a8,2,2026-09-17,2026-09-17
2026-09-17,frontline.thehindu.com,nfkc-casefold-collapse-v1,7c7602311bc63c6f56aa79b34392221f64eb334f3dcab7eca4cf9fcca0b72127,2,2026-09-17,2026-09-17
2026-09-17,frontline.thehindu.com,nfkc-casefold-collapse-v1,c594e9da39261a14bcbbe3a84aa88b634249408f26e0eb3ca2271767dd8505e8,2,2026-09-17,2026-09-17
2026-09-17,frontline.thehindu.com,nfkc-casefold-collapse-v1,51f55f281a7e60852eb1ca74f4606a819388ebbe6b59ff418ca1ef9d9d554019,2,2026-09-17,2026-09-17
2026-09-17,grist.org,nfkc-casefold-collapse-v1,e55b155a615c50c421c095a450da734966f03ebaa185191453879be2d224508d,2,2026-09-17,2026-09-17
2026-09-17,grist.org,nfkc-casefold-collapse-v1,0fd76411b6b9562f2992546a8f6c2cfe3f03707595f8a171c22d61bb8d9e78a7,2,2026-09-17,2026-09-17
2026-09-17,grist.org,nfkc-casefold-collapse-v1,5e70a119421ee9977bf880292b8e331a5723c376ba12e2f5ee631af36db593ad,2,2026-09-17,2026-09-17
2026-09-17,grist.org,nfkc-casefold-collapse-v1,73850e64f3bcf2f51a0d476ed2751d2bf6db98cb32b2d817bb34aa798eba32c8,2,2026-09-17,2026-09-17
2026-09-17,grist.org,nfkc-casefold-collapse-v1,506ecd296e41e35922ae05d59625c510043160f4ed32f73448d5d6d26079dea8,2,2026-09-17,2026-09-17
2026-09-17,grist.org,nfkc-casefold-collapse-v1,127c770f2362efc6837830e192654b93bd4043838ed28432bb804d59efc3b357,2,2026-09-17,2026-09-17
2026-09-17,grist.org,nfkc-casefold-collapse-v1,0a42bc1285e43f59c0552d8a155f13f7a4f797f95666a84f182a3b27cf2cd903,2,2026-09-17,2026-09-17
2026-09-17,grist.org,nfkc-casefold-collapse-v1,212cb9d6afe538fe5c41d60351a533328eda87a5d70fdb64585d75fb1862da02,2,2026-09-17,2026-09-17
2026-09-17,grist.org,nfkc-casefold-collapse-v1,779dc8a88ee6b7e773e0027cf9a60fe19175761363f8f8d8918181417a36b113,2,2026-09-17,2026-09-17
2026-09-17,grist.org,nfkc-casefold-collapse-v1,2f84e111144d67660077278bc452015c093fe96b9bb209efde3d366881158f83,2,2026-09-17,2026-09-17
2026-09-17,grist.org,nfkc-casefold-collapse-v1,8864942e98cc8ec0d147bb3a9fd66fefd476350b431e0a976352e4d745a2d6ba,2,2026-09-17,2026-09-17
2026-09-17,grist.org,nfkc-casefold-collapse-v1,28b53b58fe057fc292280799583b760c2cdc614493bd2ca1f5465abb88170cf0,2,2026-09-17,2026-09-17
2026-09-17,grist.org,nfkc-casefold-collapse-v1,a1782840b503bddbfc5eeac5b120c36b10b34070a9efc44e392bcaa54a5804be,2,2026-09-17,2026-09-17
2026-09-17,grist.org,nfkc-casefold-collapse-v1,0ba1ec2cbbaf2663e30a21acb3cc028e539dffd29111acf7d55a2d8813681588,2,2026-09-17,2026-09-17
2026-09-17,grist.org,nfkc-casefold-collapse-v1,29d62fb21b527996be9c15b823ff19f5a269334eeae06b2a3096dc73d5874a1c,2,2026-09-17,2026-09-17
2026-09-17,grist.org,nfkc-casefold-collapse-v1,e6feaa027865a7f8f3eeff9550eda19e8935021b9ecd388696c4edba10df8437,2,2026-09-17,2026-09-17
2026-09-17,grist.org,nfkc-casefold-collapse-v1,939ad85c2b2ce3ea5c6db73a7fcff7e0ac0296301d6cd671e3c698034cd7a7e3,2,2026-09-17,2026-09-17
2026-09-17,grist.org,nfkc-casefold-collapse-v1,643cc4229bd86491a60c0859e9a2d6b0229fb98170abd701d95ed971e65f8d24,2,2026-09-17,2026-09-17
2026-09-17,grist.org,nfkc-casefold-collapse-v1,f2c640b126394c16bf03ddb212d53dc47d16857d68ee682701713a7dad2b0eb5,2,2026-09-17,2026-09-17
2026-09-17,grist.org,nfkc-casefold-collapse-v1,ec8bc7ba16bb7d0e3148b514688b59006a253590fa75b3aa54830af7290792d4,2,2026-09-17,2026-09-17
2026-09-17,grist.org,nfkc-casefold-collapse-v1,91230e2e5a9ec860b92dc333cf148bb3a48c9dc205b7ec8acae9225937d89219,2,2026-09-17,2026-09-17
2026-09-17,grist.org,nfkc-casefold-collapse-v1,47611fe6e06acd051b0e2668cd3c376c624d9e0be2fb8a8a2a0867cf0f41a98d,2,2026-09-17,2026-09-17
2026-09-17,grist.org,nfkc-casefold-collapse-v1,cba2fb38843455557dac37d1e26c7a599ac9d6de550862b8e88cd4431fde6437,2,2026-09-17,2026-09-17
2026-09-17,grist.org,nfkc-casefold-collapse-v1,14fc76de7e82f81884e129b349ad1ad127a7aaea84990cf2fa9e5c72650b969a,2,2026-09-17,2026-09-17
2026-09-17,grist.org,nfkc-casefold-collapse-v1,eb220c02c5333ab48834398dc180d7fe2851ee0befb79ab6cfe594fb34d77d8e,2,2026-09-17,2026-09-17
2026-09-17,grist.org,nfkc-casefold-collapse-v1,3bd6347a762baab04590e2998f864b3eb18fb3a871bd37ccebcc0145b4900d16,2,2026-09-17,2026-09-17
2026-09-17,grist.org,nfkc-casefold-collapse-v1,7a96c4aa3d974ef058139384553d148226b870ed97e980e20476352ae17ee172,2,2026-09-17,2026-09-17
2026-09-17,grist.org,nfkc-casefold-collapse-v1,4d967b69883798310fd27ec83b1f0b4c0c2faa0a642bf8ade833880036c81027,2,2026-09-17,2026-09-17
2026-09-17,grist.org,nfkc-casefold-collapse-v1,308345df3f2375b523b7192110b1c18901f5f6c96a4d88d2d021656072b47ee9,2,2026-09-17,2026-09-17
2026-09-17,grist.org,nfkc-casefold-collapse-v1,eb019948e98c391110d219c2d2f6a6e5f14bf6516bf1485933044f3482bfda10,2,2026-09-17,2026-09-17
2026-09-17,grist.org,nfkc-casefold-collapse-v1,65ba3a1e7180246c3c30ed71532c0e2a1a6765a1c0d51b8e20eba6922d2b2489,2,2026-09-17,2026-09-17
2026-09-17,grist.org,nfkc-casefold-collapse-v1,96e0ec504612f3e84e740ae357d8753947c13d4626af513e14144e66ac8ed6d7,2,2026-09-17,2026-09-17
2026-09-17,grist.org,nfkc-casefold-collapse-v1,de6934a860230ed5cbb66a6bfcebf7d0b3c6d46ebe79b894870b30a7688c72fa,2,2026-09-17,2026-09-17
2026-09-17,grist.org,nfkc-casefold-collapse-v1,ae02f83a0f6fabd928eab80e30b38b5628d2af1db0525d79242ce25e15c8d91f,2,2026-09-17,2026-09-17
2026-09-17,grist.org,nfkc-casefold-collapse-v1,81e5a75e5c052774652a19ab6b78144cc8a7bfc9d15afe1a8f2d12b26dc95b74,2,2026-09-17,2026-09-17
2026-09-17,grist.org,nfkc-casefold-collapse-v1,0dfc4c75e124ae4d819d4eac7c7f89d7388caa5ed1c5a05df29eada9c71e9e30,2,2026-09-17,2026-09-17
2026-09-17,grist.org,nfkc-casefold-collapse-v1,e5940478504f94cfb9dee3b805db4d48ed6193fa7d608e40abee67e41f90779a,2,2026-09-17,2026-09-17
2026-09-17,grist.org,nfkc-casefold-collapse-v1,81c4174137251beba0dd0d7488254fd3cb487f243fbe1b70b3f3df78cd2f5a65,2,2026-09-17,2026-09-17
2026-09-17,grist.org,nfkc-casefold-collapse-v1,47dad3a2ad5e3a96e0b42ed568a00d3dac4549401385f83d70494cfe29df521c,2,2026-09-17,2026-09-17
2026-09-17,grist.org,nfkc-casefold-collapse-v1,09143edd9ff7c29b18a8d978f992df9c83f3ceb9fcfb05cf76cc91e6afd91ee9,2,2026-09-17,2026-09-17
2026-09-17,grist.org,nfkc-casefold-collapse-v1,82982055870c049ea98c6e7fc7383eacf25f3addb8623dd2b6fac6df1a0ee1dc,2,2026-09-17,2026-09-17
2026-09-17,grist.org,nfkc-casefold-collapse-v1,6a4cf03b8d179b1853afd41f956c57f54cb5bdcdbbe6e9b35748adad1f66f681,2,2026-09-17,2026-09-17
2026-09-17,grist.org,nfkc-casefold-collapse-v1,a9bdfbcdbff3e184f306118620744fbc8517c914c3041695b6d78d1a93911045,2,2026-09-17,2026-09-17
2026-09-17,grist.org,nfkc-casefold-collapse-v1,00b9f7ae4a1080f577ab27ad9e7407bafc9962ec9e44afce6a65fd37b619a398,2,2026-09-17,2026-09-17
2026-09-17,grist.org,nfkc-casefold-collapse-v1,9b3e7d80b67622409d0cf9b8b88235354bd04a26780a2134c1bbf9e7d46497c0,2,2026-09-17,2026-09-17
2026-09-17,grist.org,nfkc-casefold-collapse-v1,c683b1523e50a6a7774e79a06489e58bb87059f732ad52c253a0fd30cae2fefe,2,2026-09-17,2026-09-17
2026-09-17,grist.org,nfkc-casefold-collapse-v1,d2c192fbd7b430bdb690495db3b10258138e480b2419052a1cda0a70e9816f84,2,2026-09-17,2026-09-17
2026-09-17,grist.org,nfkc-casefold-collapse-v1,bcc76c3028533bc983d18734b65bfb2bd6bd161bab8d14a9ddd758e10d8f82e0,2,2026-09-17,2026-09-17
2026-09-17,grist.org,nfkc-casefold-collapse-v1,35f3e2751d433c12a3af2be6c45c4dbeef57df58308f9d875fd9ac3615e11e18,2,2026-09-17,2026-09-17
2026-09-17,grist.org,nfkc-casefold-collapse-v1,6c407c775be0f12e04a64eb780f4f90ea35b7ff96974e112996664ed26481a8e,2,2026-09-17,2026-09-17
2026-09-17,grist.org,nfkc-casefold-collapse-v1,36b446c105e934e1533cc4f0f06a33a14efc2e7af7163ed031b6e374339f12fb,2,2026-09-17,2026-09-17
2026-09-17,grist.org,nfkc-casefold-collapse-v1,1daf08889488b23b84fc1e068b5c3fb8998e0f00d42d0280ea6c5f9b76852c88,2,2026-09-17,2026-09-17
2026-09-17,grist.org,nfkc-casefold-collapse-v1,b44e58ef80c78154d4151ec01a6bc12d521dce66ebaaa2d81677a8f4182a9d4c,2,2026-09-17,2026-09-17
2026-09-17,grist.org,nfkc-casefold-collapse-v1,03fb07a67c42b7fe61a5cd673cbf6c680591d2f7d7cba597b601594b526413ff,2,2026-09-17,2026-09-17
2026-09-17,grist.org,nfkc-casefold-collapse-v1,a5aeef9608542fef9766d4772a7816226d749efacffe63fa6a0c39adabe78115,2,2026-09-17,2026-09-17
2026-09-17,grist.org,nfkc-casefold-collapse-v1,47e353663edd3d5ebc2bad864c60929c70fd43320bc483d4778f1d79e6f363a2,2,2026-09-17,2026-09-17
2026-09-17,grist.org,nfkc-casefold-collapse-v1,d1c9b3e5c1ff38077efc5e3eaee627a0a0850e8beb5ce93b2ebd9deba1d98742,2,2026-09-17,2026-09-17
2026-09-17,grist.org,nfkc-casefold-collapse-v1,44dc729eb2a6c827d9e3ca68b8f2d1c83d665244acd699f61012dc6fcc9db761,2,2026-09-17,2026-09-17
2026-09-17,grist.org,nfkc-casefold-collapse-v1,986a4ca2ba83fc1cff8ca8d316794ff0bb1224db036ccfaa0fcd686811a2fae3,2,2026-09-17,2026-09-17
2026-09-17,grist.org,nfkc-casefold-collapse-v1,03281447ca83cd3658138f636324603beaf807c39f570452f2aab7877a789116,2,2026-09-17,2026-09-17
2026-09-17,grist.org,nfkc-casefold-collapse-v1,2c5a9d85bc4ebd0d919025dca25c6fb48294b1210c7df8829551006a460fb6ae,2,2026-09-17,2026-09-17
2026-09-17,grist.org,nfkc-casefold-collapse-v1,4d83c1e69c964e96050456089cd7effa6e383d9b28fad44361cf56fb430a3205,2,2026-09-17,2026-09-17
2026-09-17,grist.org,nfkc-casefold-collapse-v1,7565b2a7b12386975bdf1f2bd1429e834edf7217ee111590788fb448f49bac15,2,2026-09-17,2026-09-17
2026-09-17,grist.org,nfkc-casefold-collapse-v1,500f24e544685ef1f861b52e5614491aefcaeca526e55e3a8fbf56918ef1fc1a,2,2026-09-17,2026-09-17
2026-09-17,grist.org,nfkc-casefold-collapse-v1,02ebc7efdf32afa8b11dd11e23de4d75c93f57a5077d58ab3f8b7ba8dc236153,2,2026-09-17,2026-09-17
2026-09-17,grist.org,nfkc-casefold-collapse-v1,419421f04f1b00a7d8ddddb79efeb319a4418f11abb89f363cff2c90b0e3a12e,2,2026-09-17,2026-09-17
2026-09-17,grist.org,nfkc-casefold-collapse-v1,ae0ac575cce9e25ff3568d0397965612f9896367b8801cf20da77825a2f50411,2,2026-09-17,2026-09-17
2026-09-17,heatmap.news,nfkc-casefold-collapse-v1,72ca137f4796063f2bac7b81a7ca1565a1ecce2e6ad1a28c1b6c8233e2087af1,4,2026-09-17,2026-09-17
2026-09-17,heatmap.news,nfkc-casefold-collapse-v1,31bd79c58e5146ded8763af6f597770a2bfc828e719a5ab09380e4e512a4d180,4,2026-09-17,2026-09-17
2026-09-17,heatmap.news,nfkc-casefold-collapse-v1,a6b9913d83530cb8e8effdf2684e8da76a36e69b3298fae545e1451125f80bc5,4,2026-09-17,2026-09-17
2026-09-17,heatmap.news,nfkc-casefold-collapse-v1,a00a3902faeb25b7bf1274cbb8df927c96b8944ff89de391fb625d9ed84a8699,4,2026-09-17,2026-09-17
2026-09-17,heatmap.news,nfkc-casefold-collapse-v1,219a55cced34fcc0347331d53942a02533bcc7a7a436bf5d73f247740536f46e,4,2026-09-17,2026-09-17
2026-09-17,heatmap.news,nfkc-casefold-collapse-v1,ba29c24d309ff9bcbe628e8802dc9181ce2c6fc99964a0a2c9ab9c2960431d8e,4,2026-09-17,2026-09-17
2026-09-17,heatmap.news,nfkc-casefold-collapse-v1,153d2161434d887abbd574b58d6c417da401edf8bf35817e460a7722a860fe99,4,2026-09-17,2026-09-17
2026-09-17,heatmap.news,nfkc-casefold-collapse-v1,83eb26001ea6eff1041d3c94c421ee92cf9c8cb4c25a3150c2593bbfceee3610,4,2026-09-17,2026-09-17
2026-09-17,heatmap.news,nfkc-casefold-collapse-v1,ea99f16701a2961390007e529c5c025b09db6d5c1b32475c776a1d1ded5bfa4c,4,2026-09-17,2026-09-17
2026-09-17,heatmap.news,nfkc-casefold-collapse-v1,3d34a69501b1c27c1466a66e2694711f2c53a64746b2f30af84aaaf0e3136029,4,2026-09-17,2026-09-17
2026-09-17,heatmap.news,nfkc-casefold-collapse-v1,a983acd4f180631c0826ea489a68d6d431b67fb7a483dbc7cddc086399714444,4,2026-09-17,2026-09-17
2026-09-17,heatmap.news,nfkc-casefold-collapse-v1,54c0076a8aada5aca2f33b28813ee5e2c69296aafc6d7b23284b49dfa0b72450,4,2026-09-17,2026-09-17
2026-09-17,heatmap.news,nfkc-casefold-collapse-v1,ac827ea94661e1eb6fddc498927becd3ab6a11744c77e837798f75c3f8ae9daf,4,2026-09-17,2026-09-17
2026-09-17,heatmap.news,nfkc-casefold-collapse-v1,4fc1a6fbb6d462d54d88c19d74cfdfaa5413babb01a8ebc12365abc4d19ed28d,4,2026-09-17,2026-09-17
2026-09-17,heatmap.news,nfkc-casefold-collapse-v1,62afd46e18e94f93f54701ff60bc22d6a9f2a0c92b5604ac8525f2afc85b776d,4,2026-09-17,2026-09-17
2026-09-17,heatmap.news,nfkc-casefold-collapse-v1,0f73c57f86fd195b4585622db8f802c130f50e819f54677be6bd761967877601,4,2026-09-17,2026-09-17
2026-09-17,heatmap.news,nfkc-casefold-collapse-v1,8441fcf06b78b52b9a501017a2727f0c6882154e54e9178fb38c46327add8b98,4,2026-09-17,2026-09-17
2026-09-17,heatmap.news,nfkc-casefold-collapse-v1,12a2e6b4de8c8f5af09731642cdcc333ed610e385170fbe5dc3d4a26408c58ab,4,2026-09-17,2026-09-17
2026-09-17,heatmap.news,nfkc-casefold-collapse-v1,9e961c5e3a924e27758996e7c971ea0a31eea197f04f467bd6954ddabb82c93a,4,2026-09-17,2026-09-17
2026-09-17,heatmap.news,nfkc-casefold-collapse-v1,9987a4a8bd7f2b82d10af54cd27e62e311f6ccb4db20b5857e216abb57e68b37,4,2026-09-17,2026-09-17
2026-09-17,heatmap.news,nfkc-casefold-collapse-v1,93d03a99920d5284162c2f6d8384129f462ace289a487fbbcc95fcbc4e6ef551,4,2026-09-17,2026-09-17
2026-09-17,heatmap.news,nfkc-casefold-collapse-v1,48a661c98e64178e4e4750b41b452a4233b3ef6d6e183cae5414f48bd3042bd9,4,2026-09-17,2026-09-17
2026-09-17,heatmap.news,nfkc-casefold-collapse-v1,84e95fb79b7872d7f43f7511e34467fd7a4cb1a00d8961ec3abaed0ded8f1e21,4,2026-09-17,2026-09-17
2026-09-17,heatmap.news,nfkc-casefold-collapse-v1,432f2e5f5e741cfca84b68fab0aa00bd2c1b0dd73e6601c33e11ce3ed8ebbb3c,4,2026-09-17,2026-09-17
2026-09-17,heatmap.news,nfkc-casefold-collapse-v1,d84dc73cd8dc88febc5869d89c3fe1ba035bb0174b256dc15a7b9b9331faa4a6,4,2026-09-17,2026-09-17
2026-09-17,heatmap.news,nfkc-casefold-collapse-v1,e8e1ecb7ffcbedb81a5f2acd5340e375b84843b5fc0302ab82d52a6d023c4f7d,4,2026-09-17,2026-09-17
2026-09-17,heatmap.news,nfkc-casefold-collapse-v1,f5cbd73e43a2e63801d313b982051c3aceac3931b1710a0b112aa16f17a77f2f,4,2026-09-17,2026-09-17
2026-09-17,heatmap.news,nfkc-casefold-collapse-v1,eae26b86234ee13ec3b3103622f5e7de63ff51622e5312c44607162cae6c0053,4,2026-09-17,2026-09-17
2026-09-17,heatmap.news,nfkc-casefold-collapse-v1,2a210221ebca0543e40188fbdfb6d379f6bc3e0d5bb5777925787ef8c6c4af71,4,2026-09-17,2026-09-17
2026-09-17,heatmap.news,nfkc-casefold-collapse-v1,69c0c3e766b01ca8e11d7492919b76fb15d6418575450b60c853c9bea9a19f60,4,2026-09-17,2026-09-17
2026-09-17,heatmap.news,nfkc-casefold-collapse-v1,80ed96383fe66767c856d6859e433be14f2b99a5e99f7ae979742ecd82cf85ac,4,2026-09-17,2026-09-17
2026-09-17,heatmap.news,nfkc-casefold-collapse-v1,fd999fc43e95b30573dda878b361fe1a889c55af8fbe3a17b97f33c0809f4949,4,2026-09-17,2026-09-17
2026-09-17,heatmap.news,nfkc-casefold-collapse-v1,7f0348c1e2dd94ac9ec3186b851adf0d5b02842b605b4ebc87a12d57e3d6d9ad,4,2026-09-17,2026-09-17
2026-09-17,heatmap.news,nfkc-casefold-collapse-v1,3fc66badab495585cc9835ac3993078b71b9057644a5559406e83ba24e939874,4,2026-09-17,2026-09-17
2026-09-17,heatmap.news,nfkc-casefold-collapse-v1,8c9046d768181d58d9fbeb9d9fc97607b5f57e559e6f8868a69d42666f30091c,4,2026-09-17,2026-09-17
2026-09-17,heatmap.news,nfkc-casefold-collapse-v1,c883d01839e95aa3187710d1602c4b3a2e83cbc70c13301772c30dbb18a8d965,4,2026-09-17,2026-09-17
2026-09-17,heatmap.news,nfkc-casefold-collapse-v1,bf372793b4551de986c01e19f922d893734cf109df9e10186e5bd434e0c36595,4,2026-09-17,2026-09-17
2026-09-17,heatmap.news,nfkc-casefold-collapse-v1,59c1f220c0c1108d01dde6f644aa009d0f3b1c66df6ac850813070a1db9d8914,4,2026-09-17,2026-09-17
2026-09-17,heatmap.news,nfkc-casefold-collapse-v1,574f8879d12fe2422213e8e4b88098a5e84fea6d0c3af1f0bac0d483464dfdda,4,2026-09-17,2026-09-17
2026-09-17,heatmap.news,nfkc-casefold-collapse-v1,1a6cd81b8c3f399e8e1bc84c1571837b52efdeebd8b6b4513dd40f6bc69a39b6,4,2026-09-17,2026-09-17
2026-09-17,heatmap.news,nfkc-casefold-collapse-v1,c8e3daf80f4bf2db3ba4e518f684f738e6f2c0e36bb91df038e0465781c078ea,4,2026-09-17,2026-09-17
2026-09-17,heatmap.news,nfkc-casefold-collapse-v1,a8e839f5ae402a24cc59deb14896880ebff58c3242b79f008ee622fb0c7ae6c2,4,2026-09-17,2026-09-17
2026-09-17,heatmap.news,nfkc-casefold-collapse-v1,6c755dfac5ee5995ac26fa1055c3719a4006e014a4f5a11fa4db4cf9fd9e849b,4,2026-09-17,2026-09-17
2026-09-17,heatmap.news,nfkc-casefold-collapse-v1,423307d09593328305a6f801f5a9d7ce7b7159a23aa1a1db389d508bbf1daf47,4,2026-09-17,2026-09-17
2026-09-17,heatmap.news,nfkc-casefold-collapse-v1,34d56281f1386630dc72c31bc5aee0913d60f27d159f5a5e696235d34001f745,4,2026-09-17,2026-09-17
2026-09-17,heatmap.news,nfkc-casefold-collapse-v1,54bc045eb0a15110e833100e5027238a9bc3e8ca5c42feec79d8eaff6795817a,4,2026-09-17,2026-09-17
2026-09-17,heatmap.news,nfkc-casefold-collapse-v1,668c7f00692147592649d80cf419ee274490544944545dc16ba8a37a1bfbf456,4,2026-09-17,2026-09-17
2026-09-17,heatmap.news,nfkc-casefold-collapse-v1,36a35c73894caa8754459d265736c82e1088663fd5db6ef3e86049d5a56e58cb,4,2026-09-17,2026-09-17
2026-09-17,heatmap.news,nfkc-casefold-collapse-v1,d62265100bd67e8b77a41e9e360d2149d510b1e11126952dc2ae44ed83d15607,4,2026-09-17,2026-09-17
2026-09-17,heatmap.news,nfkc-casefold-collapse-v1,4e3cb0ae59b22e6d68e609bb95ccb2427f052c50c2e372e6c8a34a85b3d6a936,4,2026-09-17,2026-09-17
2026-09-17,heatmap.news,nfkc-casefold-collapse-v1,bab87f8f5a777e62d84e1b0a0f60b3ba027e74c5df0bc36941eddca7a13088de,4,2026-09-17,2026-09-17
2026-09-17,heatmap.news,nfkc-casefold-collapse-v1,97ffe949e027477147da584f5b7f0adeeb401382f6a0cc5d767139fc49e8d15d,4,2026-09-17,2026-09-17
2026-09-17,heatmap.news,nfkc-casefold-collapse-v1,78aab98952e24451add61041cb70b7ce1740472e417ba2e2a0d4f0709c300f6e,4,2026-09-17,2026-09-17
2026-09-17,heatmap.news,nfkc-casefold-collapse-v1,b870509067ae45537f89025983798ba6152df46e04fa7938f63196d4d25a7d86,2,2026-09-17,2026-09-17
2026-09-17,heatmap.news,nfkc-casefold-collapse-v1,0908641d45385b3217d086fcc1a117764a892c410b38e9f4832bf4431890693a,2,2026-09-17,2026-09-17
2026-09-17,heatmap.news,nfkc-casefold-collapse-v1,a567063e503acafa3282e92c89a2427ee04505312b21e240c86cf9bb67ef963e,2,2026-09-17,2026-09-17
2026-09-17,heatmap.news,nfkc-casefold-collapse-v1,52878b7989c41be98b9981c7a8c13ffcb7159b8a88030148617b5bc75880d615,2,2026-09-17,2026-09-17
2026-09-17,heatmap.news,nfkc-casefold-collapse-v1,afdffb304444ca75251a835a6f2aacdcfc02200cc0648a1dba3585ecaa48dd5b,2,2026-09-17,2026-09-17
2026-09-17,heatmap.news,nfkc-casefold-collapse-v1,8e47b9138f2f8052a3c81fa6f190f431a743f28e7d66de954c48691ebc9f2f8e,2,2026-09-17,2026-09-17
2026-09-17,heatmap.news,nfkc-casefold-collapse-v1,cd12ddb757923692afbe08478209764b935a7f65abb57671ab1a7db6511ae8c6,2,2026-09-17,2026-09-17
2026-09-17,heatmap.news,nfkc-casefold-collapse-v1,ad47e35443210e4f795106fc593c3a959d66a8658e8ad7576bf09627faa5f489,2,2026-09-17,2026-09-17
2026-09-17,heatmap.news,nfkc-casefold-collapse-v1,4fdee62cdb8b06779fd83f39eb389cd6ca467912a5d38de215c3ea6aaaa0686c,2,2026-09-17,2026-09-17
2026-09-17,heatmap.news,nfkc-casefold-collapse-v1,caf8455eac02c6ac968c8430d02b1f17d355d2e3de0a494b9d256c281efb45fa,2,2026-09-17,2026-09-17
2026-09-17,heatmap.news,nfkc-casefold-collapse-v1,a479d396661d1caa284872fd96094aac88c564fccb5039bb6b129794cbbafb43,2,2026-09-17,2026-09-17
2026-09-17,heatmap.news,nfkc-casefold-collapse-v1,9cd2938af1339b9b3bacebe3fc7ceacab705b3dc3b757916dda730239ffab071,2,2026-09-17,2026-09-17
2026-09-17,heatmap.news,nfkc-casefold-collapse-v1,5c116f3763a1a9df31cfccde80a70e812206c3d2e44b887ead41123e983c2b13,2,2026-09-17,2026-09-17
2026-09-17,heatmap.news,nfkc-casefold-collapse-v1,88bb332b6c63f8cb40f4bf1ccac5e3690af180c2e8578b10fcc5c7e54c586133,2,2026-09-17,2026-09-17
2026-09-17,heatmap.news,nfkc-casefold-collapse-v1,45899869d5fff1949df740d3387764386bd699280181a10e9f1865928a2e5dee,2,2026-09-17,2026-09-17
2026-09-17,heatmap.news,nfkc-casefold-collapse-v1,bbbe60d142ffff4060244861da5f5d852939116c80cc604513ac24ec6bddd83d,2,2026-09-17,2026-09-17
2026-09-17,heatmap.news,nfkc-casefold-collapse-v1,0b41d735d6985ba932eafba98dd5c4e31e96c5f1d595db7a3558527cc06db20d,2,2026-09-17,2026-09-17
2026-09-17,heatmap.news,nfkc-casefold-collapse-v1,d50b78b06d77aeaa497367feea1e708e82aea73ce32f80910dc1cd280740a982,2,2026-09-17,2026-09-17
2026-09-17,heatmap.news,nfkc-casefold-collapse-v1,20b0d3898007f28ff41cf5a93f43e5ac6fd0c32149d5064d397ace38a95cb011,2,2026-09-17,2026-09-17
2026-09-17,heatmap.news,nfkc-casefold-collapse-v1,8d9e728346e1432a012f6c6def16f74007a4ef7f6268e343f862bc34aba05ba6,2,2026-09-17,2026-09-17
2026-09-17,heatmap.news,nfkc-casefold-collapse-v1,180c6f5bcc7e4540aba8367f60845394f5714251557b8b4c22ab541bc98e87c4,2,2026-09-17,2026-09-17
2026-09-17,heatmap.news,nfkc-casefold-collapse-v1,a3d9a3e091130b3efafc2151c8a27c9b6590737228e9155c88fa9608ff90abe8,2,2026-09-17,2026-09-17
2026-09-17,heatmap.news,nfkc-casefold-collapse-v1,308ad2a7dc869018ce5e2f40a55f5ce3cdb80fd4b51953afa405b87adab6b818,2,2026-09-17,2026-09-17
2026-09-17,hindustantimes.com,nfkc-casefold-collapse-v1,e167f0e8bdae49465543e9dafcfc4377a87f97943584f88bb4f013c1692a5b1f,4,2026-09-17,2026-09-17
2026-09-17,hindustantimes.com,nfkc-casefold-collapse-v1,ea96ad42631b93609d5620a8acee127fefba295b8c54e950bacb5772a7acfab9,2,2026-09-17,2026-09-17
2026-09-17,hindustantimes.com,nfkc-casefold-collapse-v1,8508be9bef7eb5d96530b166e7fbc01d7a7c589a0917c0cfa9cb86f71944c9d6,2,2026-09-17,2026-09-17
2026-09-17,hindustantimes.com,nfkc-casefold-collapse-v1,54c9b5aa64ba51d788284870e5d364eadc0c88f725eb6e5405449b20ef702474,2,2026-09-17,2026-09-17
2026-09-17,hindustantimes.com,nfkc-casefold-collapse-v1,0cdc3f1aef778e59c1128c2c7fa6f9183d9ff4beaa21c1b566e21a7e23c9afda,2,2026-09-17,2026-09-17
2026-09-17,hindustantimes.com,nfkc-casefold-collapse-v1,2864d2d7c52b8a2ac17723e15e2e1320f8c082ec3bddba326af98a5f3bf19b33,2,2026-09-17,2026-09-17
2026-09-17,hindustantimes.com,nfkc-casefold-collapse-v1,533f321833de93ae9497392d667958b7a18dc27bad42ff9fcfeaf73012fd8c69,2,2026-09-17,2026-09-17
2026-09-17,hindustantimes.com,nfkc-casefold-collapse-v1,c0de3f02bb5732f7abfe4fefa4f6e8cbf7e36026709bae76d366dfebd165752b,2,2026-09-17,2026-09-17
2026-09-17,hindustantimes.com,nfkc-casefold-collapse-v1,dca2da210134258ae5d7b8ca08a026c4242a7b799d07a78c6e63ae28036ec515,2,2026-09-17,2026-09-17
2026-09-17,hindustantimes.com,nfkc-casefold-collapse-v1,103becaab64054490f49c1ab8fd8a1e83462cf205db4f4c45faedce1a0c37188,2,2026-09-17,2026-09-17
2026-09-17,hindustantimes.com,nfkc-casefold-collapse-v1,5044b3fe766b1f82320eab450b57b5a99bd126464795807c518fb242b59eacda,2,2026-09-17,2026-09-17
2026-09-17,hindustantimes.com,nfkc-casefold-collapse-v1,ced741285feeab78f0585388dc382b0d69158755a085d9fe77c65a4aa42f29b6,2,2026-09-17,2026-09-17
2026-09-17,hindustantimes.com,nfkc-casefold-collapse-v1,cbd2468487301c45250e37dbd53dd93b72a9c96d1e0412c78334ef2d9de55dfe,2,2026-09-17,2026-09-17
2026-09-17,hindustantimes.com,nfkc-casefold-collapse-v1,74f313aa4a6d795fa9e18b5bd9cffaffb0b0f77beed716bf2c4f097a87ef337b,2,2026-09-17,2026-09-17
2026-09-17,hindustantimes.com,nfkc-casefold-collapse-v1,556b1737430ee3e6e9c8b1d7495d11f8ae6abc134618fa081c728ada65ba9e2d,2,2026-09-17,2026-09-17
2026-09-17,hindustantimes.com,nfkc-casefold-collapse-v1,cf35e087994e860e4abcee258420b60ec04623dc57045a3e501d453611e9caee,2,2026-09-17,2026-09-17
2026-09-17,hindustantimes.com,nfkc-casefold-collapse-v1,bb7638df068cf7150c81897b122d1527d24c7bc4386304288ab451f670b41d76,2,2026-09-17,2026-09-17
2026-09-17,hindustantimes.com,nfkc-casefold-collapse-v1,5dc9f369ded7b31104e8b35d3a8c26a026833eb612867be33340b4858d4009b3,2,2026-09-17,2026-09-17
2026-09-17,hindustantimes.com,nfkc-casefold-collapse-v1,ec1c3aaba507661b5bc8078bf740a158ee1783c5351af0ace7b749c2b1d2d4e1,2,2026-09-17,2026-09-17
2026-09-17,hindustantimes.com,nfkc-casefold-collapse-v1,c3bb4f82e27f53c46e29181a57ed8df3775bfb7552bb31ddf3ddf1f56871d89a,2,2026-09-17,2026-09-17
2026-09-17,hindustantimes.com,nfkc-casefold-collapse-v1,bc054ea76869f2586ebd083d4f3a5abb33bab31b8bb136d056025a81a033dfc0,2,2026-09-17,2026-09-17
2026-09-17,hindustantimes.com,nfkc-casefold-collapse-v1,f3ef2edb195983fac3632cfa1fde109b37d9a61f0324461741748512e2421d0c,2,2026-09-17,2026-09-17
2026-09-17,hindustantimes.com,nfkc-casefold-collapse-v1,5172a3922df525577fcf5ce8717e7418446e8a4da55bbbc66e01c44c9fd9f990,2,2026-09-17,2026-09-17
2026-09-17,hindustantimes.com,nfkc-casefold-collapse-v1,69bd397f35fe93abdccab8883e23bfad444920f2433762bfe602d8806daaef12,2,2026-09-17,2026-09-17
2026-09-17,hindustantimes.com,nfkc-casefold-collapse-v1,0bfd347c0c9d4467cbf5e3fee32059b5a1bddbe70ec3f33bf1561cd02d492b7f,2,2026-09-17,2026-09-17
2026-09-17,hindustantimes.com,nfkc-casefold-collapse-v1,09062f4a57e9a684fe37e6feabf239d93e00f0fba7ce224e09ee0a1c7adc98c9,2,2026-09-17,2026-09-17
2026-09-17,hindustantimes.com,nfkc-casefold-collapse-v1,dcd0de513eaf574d3be044cabbf3a8a6eb61be5afc0efc0e105324b3b6b5af89,2,2026-09-17,2026-09-17
2026-09-17,hindustantimes.com,nfkc-casefold-collapse-v1,dbf583de110cca736a753e4e51d8c4dcd1db60a152ba8bdb11d0c376926b3dd5,2,2026-09-17,2026-09-17
2026-09-17,hindustantimes.com,nfkc-casefold-collapse-v1,aa70bf2e04be1a09e485e0bfca78b81f89d67101e581e87c7d43ffdc342e0c04,2,2026-09-17,2026-09-17
2026-09-17,hindustantimes.com,nfkc-casefold-collapse-v1,9ebdf7e3e6f0c46e283dc6ed91c9ac15466c19ac60ad32409b863c9ac129b31c,2,2026-09-17,2026-09-17
2026-09-17,hindustantimes.com,nfkc-casefold-collapse-v1,69f443d926da8706ed364da3a3eb2136eac021f2f4b00a77a21807ba16dd6c05,2,2026-09-17,2026-09-17
2026-09-17,hindustantimes.com,nfkc-casefold-collapse-v1,e22d3d9d23e10e20b0b310fb31d7bfc745d794a6805791437761ebfb893f26b8,2,2026-09-17,2026-09-17
2026-09-17,hindustantimes.com,nfkc-casefold-collapse-v1,3791e611b775962d182fd580df9af40ca2ea3391fa7aa7404aee256f87329010,2,2026-09-17,2026-09-17
2026-09-17,hindustantimes.com,nfkc-casefold-collapse-v1,eee8990e09333009dde19eacdd66ecbde58bd738608c829c514ce6280b62b5b3,2,2026-09-17,2026-09-17
2026-09-17,hindustantimes.com,nfkc-casefold-collapse-v1,ce3904f62aa4ea5347140d3326d2251350ec326caaade676e8e2f3ad9b661344,2,2026-09-17,2026-09-17
2026-09-17,hindustantimes.com,nfkc-casefold-collapse-v1,bdb31852922bc1883a70d421b41a603b46ff0e3a4625d5d96bd7708cc880fa36,2,2026-09-17,2026-09-17
2026-09-17,hindustantimes.com,nfkc-casefold-collapse-v1,8692d04792ffc56ff8c14fc630c7b313806abae225f59c6dc26056094d3cb55b,2,2026-09-17,2026-09-17
2026-09-17,hindustantimes.com,nfkc-casefold-collapse-v1,d2f5327166066711af2d2e5660d0bf3983002f63a7432218dd657d0523a2fe29,2,2026-09-17,2026-09-17
2026-09-17,hindustantimes.com,nfkc-casefold-collapse-v1,97973a5feed39c5fe8e9eb9e3471275b329f8a4e6ef4883fc9ab6a88892759c4,2,2026-09-17,2026-09-17
2026-09-17,hindustantimes.com,nfkc-casefold-collapse-v1,64c468ad272ef0a7c478f4f34228a14204d8780e5f51dd6439c7c5b9d0e4f34c,2,2026-09-17,2026-09-17
2026-09-17,hindustantimes.com,nfkc-casefold-collapse-v1,0e450fd1f512d6f614fff6da03dc7eb9170f1ee9b32943a8d11f4130013e792e,2,2026-09-17,2026-09-17
2026-09-17,hindustantimes.com,nfkc-casefold-collapse-v1,d0ea9f4376498e3f619070a165b20ff1ca8a1632737b6733b3ae59fc804b69a9,2,2026-09-17,2026-09-17
2026-09-17,hindustantimes.com,nfkc-casefold-collapse-v1,3597648447f5d0be8a4016ac761cf71ba920d15e8d05cea7b1e14f6c53073f33,2,2026-09-17,2026-09-17
2026-09-17,hindustantimes.com,nfkc-casefold-collapse-v1,8d99276b17babe57d107c803328ea8df8cb373617e4b0c1e759468811e5f512c,2,2026-09-17,2026-09-17
2026-09-17,hindustantimes.com,nfkc-casefold-collapse-v1,5f21f6c241972f4aae02e970df9dcdedfb3071fa27267ec195d920611d9333a0,2,2026-09-17,2026-09-17
2026-09-17,hindustantimes.com,nfkc-casefold-collapse-v1,1e6641f5937925205c391d1a97f83bed4e3e2cd56239b9bf1a3192eb98daa95a,2,2026-09-17,2026-09-17
2026-09-17,hindustantimes.com,nfkc-casefold-collapse-v1,131d63b5e0cae3a7e776163ee300fbb13a0e06419f14050ea6177410894e5688,2,2026-09-17,2026-09-17
2026-09-17,hindustantimes.com,nfkc-casefold-collapse-v1,1539b525ea60b02ba8053c27ae6301c2f93fd32d672e1c2149d7482877a3166c,2,2026-09-17,2026-09-17
2026-09-17,hindustantimes.com,nfkc-casefold-collapse-v1,9abb1151b4244c821f31991bcb5b3be533c3fe14183a1ea51e56a68ce0e1b77f,2,2026-09-17,2026-09-17
2026-09-17,hindustantimes.com,nfkc-casefold-collapse-v1,c6590b04e3031d87d981f763d298630e617b372241ea1d44003d75f6f031ef86,2,2026-09-17,2026-09-17
2026-09-17,hindustantimes.com,nfkc-casefold-collapse-v1,22949be6e32d07bf20662c0dee5b670d85531ecddad9549ed31d1bfe6a331c55,2,2026-09-17,2026-09-17
2026-09-17,hindustantimes.com,nfkc-casefold-collapse-v1,808b897fc4d3a6e24b47fc4787bc38ce211af0b70d657fda66c9664b2bb4c8ae,2,2026-09-17,2026-09-17
2026-09-17,hindustantimes.com,nfkc-casefold-collapse-v1,f27c495592e5a84f9644ec66c747c3fffe559807de4bc67f0523678251e94b31,2,2026-09-17,2026-09-17
2026-09-17,hindustantimes.com,nfkc-casefold-collapse-v1,f6d087a7719fd80380cf35f5212f3e1d0b4487bd6b4fb4b203a8969dad71a83a,2,2026-09-17,2026-09-17
2026-09-17,hindustantimes.com,nfkc-casefold-collapse-v1,349b272145ffaf7eb865313e70a1962053089e472f035342a29b814627d2474f,2,2026-09-17,2026-09-17
2026-09-17,hindustantimes.com,nfkc-casefold-collapse-v1,c81e2ef837921d37ce77efe890d7127924ef59384ea44226721eee66980d484e,2,2026-09-17,2026-09-17
2026-09-17,hindustantimes.com,nfkc-casefold-collapse-v1,78fb57dad0bb7e47e47e98f42e2880842327cad9f7c83e7dfdb736a8349f151c,2,2026-09-17,2026-09-17
2026-09-17,hindustantimes.com,nfkc-casefold-collapse-v1,59f1361149d8cec053ee90257458c7c7478207399be721d47ae073e055837e4b,2,2026-09-17,2026-09-17
2026-09-17,hindustantimes.com,nfkc-casefold-collapse-v1,48aa04c082479225e351387ce09075dd71fde127717ea5176ec9e759177bed85,2,2026-09-17,2026-09-17
2026-09-17,hindustantimes.com,nfkc-casefold-collapse-v1,4ab3de7cb99083dcec1e587d0f641cfbfe63eee1086b915e550548f518321e64,2,2026-09-17,2026-09-17
2026-09-17,hindustantimes.com,nfkc-casefold-collapse-v1,fa9faef09fb2cca0fa8b64f143998aa78d7e3f42bd2d7b7657ac33ac4b9a3c52,2,2026-09-17,2026-09-17
2026-09-17,hindustantimes.com,nfkc-casefold-collapse-v1,de46f93dca617c26763d90547511bf3e243bdc13abe9d9de79fe8ddd82058d9a,2,2026-09-17,2026-09-17
2026-09-17,hindustantimes.com,nfkc-casefold-collapse-v1,3fd36eabb11458d72b2ceee4d666816aa0162f7404a9f776d81785cfd3285b9a,2,2026-09-17,2026-09-17
2026-09-17,hindustantimes.com,nfkc-casefold-collapse-v1,171cd95c44802cdc1bf6d910af3f9e9e0ddf18902ffe88986afa897c4806b966,2,2026-09-17,2026-09-17
2026-09-17,hindustantimes.com,nfkc-casefold-collapse-v1,8b363189fce21ea28240a5308b192e7af260975d29398aa93d6eda2155597bc0,2,2026-09-17,2026-09-17
2026-09-17,hindustantimes.com,nfkc-casefold-collapse-v1,4cd5f56284cd3e6c9628054ddd09257d1b1802552bf16066d01500eec9086d59,2,2026-09-17,2026-09-17
2026-09-17,hindustantimes.com,nfkc-casefold-collapse-v1,a28e70e01a79478aca20229457312b55caba2a6f393fb7fcfc22ac339b72d21c,2,2026-09-17,2026-09-17
2026-09-17,hindustantimes.com,nfkc-casefold-collapse-v1,26f554b8c7b8a7ce90942121c9e8029d154fba920b2952eabad871c5648ffa09,2,2026-09-17,2026-09-17
2026-09-17,hindustantimes.com,nfkc-casefold-collapse-v1,bde83f44228631c5eecfecbe972087c6376908ead6c27bfcee1c6400c867e3d3,2,2026-09-17,2026-09-17
2026-09-17,hindustantimes.com,nfkc-casefold-collapse-v1,88848ccc8754ab9ac7e5af6a85f307bfd1077c512eb31e3946025ce5f0a386f6,2,2026-09-17,2026-09-17
2026-09-17,hindustantimes.com,nfkc-casefold-collapse-v1,7a8db187ca46b86e40f7ed0ca6112d835494c1198e30be12b0e1b6d8f4860d26,2,2026-09-17,2026-09-17
2026-09-17,hindustantimes.com,nfkc-casefold-collapse-v1,c7857ab65120afab324ec719a7f43a1d828b319389d581311793351a1659ef88,2,2026-09-17,2026-09-17
2026-09-17,hindustantimes.com,nfkc-casefold-collapse-v1,150b9b5b975852b8fbc2cf32664cd6691e0b7994b4e533965264f91f84aab5ad,2,2026-09-17,2026-09-17
2026-09-17,hindustantimes.com,nfkc-casefold-collapse-v1,e9a54737fec6b7c7f5f986759c94f801c7ce341237da62a8cee446a686a0987e,2,2026-09-17,2026-09-17
2026-09-17,hindustantimes.com,nfkc-casefold-collapse-v1,ac51b1f6827f5fdeea46206693e8cd1a160f67e6a2b4275a301bf91733d618f3,2,2026-09-17,2026-09-17
2026-09-17,hindustantimes.com,nfkc-casefold-collapse-v1,203f0a4cc8858c808cbb748e13521bd62b778f5cbe45e4396f7f54ac24ce0e13,2,2026-09-17,2026-09-17
2026-09-17,hindustantimes.com,nfkc-casefold-collapse-v1,400e1da9630301cd6469cc69575f51d878f774da9ad8f564a5b2e8897f6fa931,2,2026-09-17,2026-09-17
2026-09-17,hindustantimes.com,nfkc-casefold-collapse-v1,a37b225acaa6d8ef929c5909bc1721b46d7933e0e86a5daf25a3f5be9cb6a250,2,2026-09-17,2026-09-17
2026-09-17,hindustantimes.com,nfkc-casefold-collapse-v1,910d7b95a1546316e049f4b648622edade82ac458ebe247634ee46a7f043c748,2,2026-09-17,2026-09-17
2026-09-17,hindustantimes.com,nfkc-casefold-collapse-v1,3e47f9375304c62ed5b84646159768f40ab658050450f9c4816ac36ddea2441e,2,2026-09-17,2026-09-17
2026-09-17,hindustantimes.com,nfkc-casefold-collapse-v1,0f1c8ed2f25710ec462613afc8cc9b06199cccb58ed9d657fd3911c73a1768d9,2,2026-09-17,2026-09-17
2026-09-17,hindustantimes.com,nfkc-casefold-collapse-v1,d5c570471efa2b4c4fa7da2583db5a8c070feeaf179fab28b815145f86242151,2,2026-09-17,2026-09-17
2026-09-17,hindustantimes.com,nfkc-casefold-collapse-v1,7d7c20445de05e791af588712358fb4188115b78c9a2873ae2f3ea3d98c405c6,2,2026-09-17,2026-09-17
2026-09-17,hindustantimes.com,nfkc-casefold-collapse-v1,7bf563430387f33caf7549df43cb541655299e8a84260b719e307163aa48994a,2,2026-09-17,2026-09-17
2026-09-17,hindustantimes.com,nfkc-casefold-collapse-v1,0d9fde7d9699e52a2ec632e6f232ab104e2c346725c9dd62418a6788882c15ec,2,2026-09-17,2026-09-17
2026-09-17,hindustantimes.com,nfkc-casefold-collapse-v1,e85afaec2ca036de66c5fc14fb99e0ae6ff956f519f3cc8dcbc7e830b4d0b6ab,2,2026-09-17,2026-09-17
2026-09-17,india.mongabay.com,nfkc-casefold-collapse-v1,dec76bebaa9d2fdc2aa3caea581fcea83b3ddfd22c84f0ca3a4009fbd67f9847,2,2026-09-17,2026-09-17
2026-09-17,india.mongabay.com,nfkc-casefold-collapse-v1,e6609b0fd33b69a03ede511f459ba5507d4db0ad80b2de5df5d62689eccc2883,2,2026-09-17,2026-09-17
2026-09-17,india.mongabay.com,nfkc-casefold-collapse-v1,174ceb40f1d1054cfb713064a81f4fe05bc5f79eb466662799a9c22b38a4d86d,2,2026-09-17,2026-09-17
2026-09-17,india.mongabay.com,nfkc-casefold-collapse-v1,4c8be2fc6e9a922af6e81c27a9066ed2a216bebf1bb6bb38c2ccea7b32ec43bf,2,2026-09-17,2026-09-17
2026-09-17,india.mongabay.com,nfkc-casefold-collapse-v1,9d66c6599ac1d65da4fbd2757af1b79b152bf7c6fc39f316debfa477ab9e7974,2,2026-09-17,2026-09-17
2026-09-17,india.mongabay.com,nfkc-casefold-collapse-v1,e87a881884bfb4a5425f5287d4576d84bf55342635c0941ca653e50042da7de1,2,2026-09-17,2026-09-17
2026-09-17,india.mongabay.com,nfkc-casefold-collapse-v1,2c8de9ef351ef5e6bafc2bab90334867441ff87e7cd257715badcda70cff6ef0,2,2026-09-17,2026-09-17
2026-09-17,india.mongabay.com,nfkc-casefold-collapse-v1,8801ef8fd3d37f3c2deb9f61b6311d6d5932ca5329051cbdb52e4e7e137309d5,2,2026-09-17,2026-09-17
2026-09-17,india.mongabay.com,nfkc-casefold-collapse-v1,dd81745a5fc8e1b7c8868d502aa0d8e3050870d675ed59837ce15142f8bdd392,2,2026-09-17,2026-09-17
2026-09-17,india.mongabay.com,nfkc-casefold-collapse-v1,f00e630f7351ee81a7bb749ef270dbbc8849e117e16b7b145d0a515381dd38ce,2,2026-09-17,2026-09-17
2026-09-17,india.mongabay.com,nfkc-casefold-collapse-v1,2502947321f66af46a4a3cde9f55b85bb30ceb5598f10a70dfeabbc3a006ef8b,2,2026-09-17,2026-09-17
2026-09-17,india.mongabay.com,nfkc-casefold-collapse-v1,69f97d152ce41c830d7acad16249746cf81d382f0cd12f6e4164bf6ac5cd9151,2,2026-09-17,2026-09-17
2026-09-17,india.mongabay.com,nfkc-casefold-collapse-v1,eb608475fa796f3f0099d43e1ec2a5f6735bb7ef01a9cebc325d13d52c33bd22,2,2026-09-17,2026-09-17
2026-09-17,india.mongabay.com,nfkc-casefold-collapse-v1,ac26245dee3f8ddf5dab49ac331cd5527c23455bc4d5e9cfb4efb87ec1b9bc31,2,2026-09-17,2026-09-17
2026-09-17,india.mongabay.com,nfkc-casefold-collapse-v1,612b06da323a031d658f36b6035836d0f4d0eb33e4718cbfc70889eb9aded041,2,2026-09-17,2026-09-17
2026-09-17,india.mongabay.com,nfkc-casefold-collapse-v1,53a341ae09326bc850b025ff2182d8382ab87f2ee91295f82c32ae30bfb2b689,2,2026-09-17,2026-09-17
2026-09-17,india.mongabay.com,nfkc-casefold-collapse-v1,9aa4ee5a81644ea4b5ca47219297119e2397155d75a387a3fdc6ad5906daa46e,2,2026-09-17,2026-09-17
2026-09-17,india.mongabay.com,nfkc-casefold-collapse-v1,0acbbfd54ed885718311a678e53ca61d9e068d7991606fbc8d78981d7b6e2257,2,2026-09-17,2026-09-17
2026-09-17,india.mongabay.com,nfkc-casefold-collapse-v1,904481d93539d2bf3d30eb3b89240a61695ac960570ae25915da4e7887744e90,2,2026-09-17,2026-09-17
2026-09-17,india.mongabay.com,nfkc-casefold-collapse-v1,470d7efe28cb231c121eb324f95d2da909593d322887c2a6e6d696140a94eab7,2,2026-09-17,2026-09-17
2026-09-17,india.mongabay.com,nfkc-casefold-collapse-v1,3710ea61041bf92f4d39809682a6608a0e88d5202e81e2020813b55fb535382c,2,2026-09-17,2026-09-17
2026-09-17,india.mongabay.com,nfkc-casefold-collapse-v1,5b6ab4c08163dd47fffe2fdf506f9059ff67c99612b3e3d3c2fa3b4428dfe022,2,2026-09-17,2026-09-17
2026-09-17,india.mongabay.com,nfkc-casefold-collapse-v1,fb73ded1353d4ee0e11ad08bcf5f97ffd865e6c50296d6e532cee0aec5410d29,2,2026-09-17,2026-09-17
2026-09-17,india.mongabay.com,nfkc-casefold-collapse-v1,5b3d0b0ded5c7a4e18598cc78117fd71ac2730a69404e9704c3642743c4cdf22,2,2026-09-17,2026-09-17
2026-09-17,india.mongabay.com,nfkc-casefold-collapse-v1,ac6c186751aafc171203ffdef2502a14092d74f259abfe86f39b14fe78999899,2,2026-09-17,2026-09-17
2026-09-17,india.mongabay.com,nfkc-casefold-collapse-v1,966687d840cb4f04e2fddc03f45a139e92a3192a61d7d42395b5ddf8d05c429e,2,2026-09-17,2026-09-17
2026-09-17,india.mongabay.com,nfkc-casefold-collapse-v1,e0e9d082df2c1e47a74a4a993b9f52795bf8c4fe6a0b11dcd1ac996b5df7eee3,2,2026-09-17,2026-09-17
2026-09-17,india.mongabay.com,nfkc-casefold-collapse-v1,0590d0b7578a965839050711eb60b72f468db1db314d26c4eab02d6eb7c1c771,2,2026-09-17,2026-09-17
2026-09-17,india.mongabay.com,nfkc-casefold-collapse-v1,19469a0a14e0d087706bfde1167983e6d880f874d7456f6193666405136ed5d0,2,2026-09-17,2026-09-17
2026-09-17,india.mongabay.com,nfkc-casefold-collapse-v1,e1f82616ade229cd3ff556bac20f430c29d9b070600e41caa10ae39a954e8730,2,2026-09-17,2026-09-17
2026-09-17,india.mongabay.com,nfkc-casefold-collapse-v1,8efbb9bf519e2b865eda2211f3510f2ebf8505778e4f075d24f55d3d292b80cd,2,2026-09-17,2026-09-17
2026-09-17,india.mongabay.com,nfkc-casefold-collapse-v1,2a692ec7e1827aaf2f1feb636a01493ff0b6a3140bb67a2d5f2d69e40c1686aa,2,2026-09-17,2026-09-17
2026-09-17,india.mongabay.com,nfkc-casefold-collapse-v1,66e102dab1a21f27a3897f775eb7fa49162b2432f9da32ba82e19af7399dd5b8,2,2026-09-17,2026-09-17
2026-09-17,india.mongabay.com,nfkc-casefold-collapse-v1,4bdf1be85c6229f32f821294102b32fe965f936b7ee35d5b8fbcea6a6bcacd0f,2,2026-09-17,2026-09-17
2026-09-17,india.mongabay.com,nfkc-casefold-collapse-v1,e05fcc32afce713cc5bdea6da1357410f76128d693860f677fd75c68d63ccd88,2,2026-09-17,2026-09-17
2026-09-17,india.mongabay.com,nfkc-casefold-collapse-v1,cdafa7c638403d0da4cd6bbfaf7140abdf52a6b789733d8b0729a755916fcd50,2,2026-09-17,2026-09-17
2026-09-17,india.mongabay.com,nfkc-casefold-collapse-v1,02f4f30309cfa2afeb4a89bddb7beaab747236f10ca34913f74280c533ffedde,2,2026-09-17,2026-09-17
2026-09-17,india.mongabay.com,nfkc-casefold-collapse-v1,500b3c4158bfde15e6a24ae802f7a96511bf1345864fd194f91c73ec18676f07,2,2026-09-17,2026-09-17
2026-09-17,india.mongabay.com,nfkc-casefold-collapse-v1,e206f26f8b7d6caf8ba0ff9aebb56436a78cea4b93b6ebd4beab1da8684ca963,2,2026-09-17,2026-09-17
2026-09-17,india.mongabay.com,nfkc-casefold-collapse-v1,635156c5014fe5e1a024aa1bb8a5250a3844d442a2fd7534d4d6bda036070d75,2,2026-09-17,2026-09-17
2026-09-17,india.mongabay.com,nfkc-casefold-collapse-v1,8cf6bd2d21cc971268189d0067a090519580faf8f12831ac1723dba0a9886d33,2,2026-09-17,2026-09-17
2026-09-17,india.mongabay.com,nfkc-casefold-collapse-v1,9cbe07155e38a239c650ecd1149eff03fff920581548eb9ff18c4f15227aaa66,2,2026-09-17,2026-09-17
2026-09-17,india.mongabay.com,nfkc-casefold-collapse-v1,0257f6ffdcbffabdef2c0600c98495290e225ca0b38657f64d8533c2e73447f3,2,2026-09-17,2026-09-17
2026-09-17,india.mongabay.com,nfkc-casefold-collapse-v1,5a9af728eb772b540ddef712d6c709fb4b89477f99ecd51a902bcf357a320ac9,2,2026-09-17,2026-09-17
2026-09-17,india.mongabay.com,nfkc-casefold-collapse-v1,bfe3fa7ebe1e6c51854144561c095a5da330ebae821488033a38fe1ec6bd5e1d,2,2026-09-17,2026-09-17
2026-09-17,india.mongabay.com,nfkc-casefold-collapse-v1,653013e8a859c026dd52e32885aa1c4641155a5a63f37d0733537b39af246855,2,2026-09-17,2026-09-17
2026-09-17,india.mongabay.com,nfkc-casefold-collapse-v1,f2d5c43250af54750f9d34a12c71ccdcbd858f82c2600e3eebd777022c36c4b1,2,2026-09-17,2026-09-17
2026-09-17,india.mongabay.com,nfkc-casefold-collapse-v1,8d31fa5e05efe44f8e42c65cf2aaf82410d521b1b6ade675f6117b0793b943e7,2,2026-09-17,2026-09-17
2026-09-17,india.mongabay.com,nfkc-casefold-collapse-v1,900af0b3c8a0fa2d6e9b504dfc8dfa3338390002d78243f9386e8a6c37223022,2,2026-09-17,2026-09-17
2026-09-17,india.mongabay.com,nfkc-casefold-collapse-v1,103f9dceb6ad23f09653c40f1fe15a348e12c414d0acb367aeac07f6f2306e79,2,2026-09-17,2026-09-17
2026-09-17,india.mongabay.com,nfkc-casefold-collapse-v1,ba18c8576447402dd9776c02f599af3359fa219af12694ba731d5fc01d5bc27d,2,2026-09-17,2026-09-17
2026-09-17,india.mongabay.com,nfkc-casefold-collapse-v1,01cd9943d8773b8129749b33575b19d72c10cd256c189782d30d3db9a571c16d,2,2026-09-17,2026-09-17
2026-09-17,india.mongabay.com,nfkc-casefold-collapse-v1,576e3c866c74b3a82c83d6975d5f87b49d5108d7f9ae8124d3fb60b9c7372569,2,2026-09-17,2026-09-17
2026-09-17,indiatoday.in,nfkc-casefold-collapse-v1,aa47a319ccdf165b3e5ad21e27a4aa40334c40bdc95a9fc52445683bca8a8d2c,4,2026-09-17,2026-09-17
2026-09-17,indiatoday.in,nfkc-casefold-collapse-v1,b75c87edc512f350ee0b71ed804737e044ee821ad03894a9114a89e49080f889,4,2026-09-17,2026-09-17
2026-09-17,indiatoday.in,nfkc-casefold-collapse-v1,c7004ff175e94c1979b0b6181fe50f0fd09ac424d0385ef618c9fb8a15bb60c9,4,2026-09-17,2026-09-17
2026-09-17,indiatoday.in,nfkc-casefold-collapse-v1,badf7bb6048103a80e0862fc9cb662928e0fa42b7ba645a8cd8b16e85dfca00c,4,2026-09-17,2026-09-17
2026-09-17,indiatoday.in,nfkc-casefold-collapse-v1,731a2cb8a5017ddbe04208fbc0da10b07e7f28b7a9c23e44609b71396796f9c1,2,2026-09-17,2026-09-17
2026-09-17,indiatoday.in,nfkc-casefold-collapse-v1,d1993b63eb25ee17f1d814af1a060edf7e72b39db9ce0a8c657e8be7ff6f0d3e,2,2026-09-17,2026-09-17
2026-09-17,indiatoday.in,nfkc-casefold-collapse-v1,f21b853eb5238f22fe8a4043f0b8680cf499a6630a4990c80f4255faac50c39b,2,2026-09-17,2026-09-17
2026-09-17,indiatoday.in,nfkc-casefold-collapse-v1,91e7716f56cd1582bdf0c50e94f750b328313a4af3b695eadcece23c0247f8e2,2,2026-09-17,2026-09-17
2026-09-17,indiatoday.in,nfkc-casefold-collapse-v1,a11fc124e1596d7d13082b739287158fc2f9ddc8a83deffa3eff3038081fcb27,2,2026-09-17,2026-09-17
2026-09-17,indiatoday.in,nfkc-casefold-collapse-v1,efc7c3fb3fefd4042d6f59458673cf3df5d7f2715b1d179301e5e0043c0f3918,2,2026-09-17,2026-09-17
2026-09-17,indiatoday.in,nfkc-casefold-collapse-v1,7775e0a1ca3556d51f7be9cc3b7a7967dcf57e33e62e67c1697af950e7d96eb4,2,2026-09-17,2026-09-17
2026-09-17,indiatoday.in,nfkc-casefold-collapse-v1,56713b884649bea31ad88479be475888f48d265f1a97d9d69aaa07df8f1afa97,2,2026-09-17,2026-09-17
2026-09-17,indiatoday.in,nfkc-casefold-collapse-v1,56cf4701f65ff5bec2fb942aed6a2b88c5c293b64020de1c002fa6744f4e0a5b,2,2026-09-17,2026-09-17
2026-09-17,indiatoday.in,nfkc-casefold-collapse-v1,8a02e2d6b6d63fe81902a3bd0fa8bacf82e5463acdfdaa53b4b06a124627bdad,2,2026-09-17,2026-09-17
2026-09-17,indiatoday.in,nfkc-casefold-collapse-v1,c18575297b399bbc210dcafdc308b8ce9b100c4287f0caff5425cf0069e61617,2,2026-09-17,2026-09-17
2026-09-17,indiatoday.in,nfkc-casefold-collapse-v1,72db6ce8468664e1153f045af22375dc18882be62b18ce805248537433b51b05,2,2026-09-17,2026-09-17
2026-09-17,indiatoday.in,nfkc-casefold-collapse-v1,815a3185f72e2983ea720ab13be9d6c35025f8224a9379187f8196690c89754f,2,2026-09-17,2026-09-17
2026-09-17,indiatoday.in,nfkc-casefold-collapse-v1,6480c0d6d69370dfdff705ea2239da8304bab481d4917059c0506c7a262c749a,2,2026-09-17,2026-09-17
2026-09-17,indiatoday.in,nfkc-casefold-collapse-v1,707f957df2f02c1fa26fff137beed4152883e62078c080b49ac7c41db57a65af,2,2026-09-17,2026-09-17
2026-09-17,indiatoday.in,nfkc-casefold-collapse-v1,de0ae32438c347dad76c0fe8984bb159111dbfbd952ef570ee2d1705f4cdb2b8,2,2026-09-17,2026-09-17
2026-09-17,indiatoday.in,nfkc-casefold-collapse-v1,5cb9b9d91224b9bdb1ff5f26630ebda95f6cdf349552505cd9461ce7f676a7ea,2,2026-09-17,2026-09-17
2026-09-17,indiatoday.in,nfkc-casefold-collapse-v1,32be281112f6f978a47b189ce952567213912cd0070f68b913e8cb371a6af5d0,2,2026-09-17,2026-09-17
2026-09-17,indiatoday.in,nfkc-casefold-collapse-v1,291a705c04b443f801f110fcca6fd79f6876c95b3992b74b65efeb0080e65777,2,2026-09-17,2026-09-17
2026-09-17,indiatoday.in,nfkc-casefold-collapse-v1,8cd505d6cdb1807abec6970e3a8691b08a3d27ca77951bd3a0178ec622e25841,2,2026-09-17,2026-09-17
2026-09-17,indiatoday.in,nfkc-casefold-collapse-v1,cfe34ddc05447500ef133a1da1c75d0f4d63ec6aed58c65f9565a3aab0136d72,2,2026-09-17,2026-09-17
2026-09-17,indiatoday.in,nfkc-casefold-collapse-v1,53055375f299f565b95cf2668a6e05c4750b3b04c5db8684a29ba8f31b8ac936,2,2026-09-17,2026-09-17
2026-09-17,indiatoday.in,nfkc-casefold-collapse-v1,db9c772d127534b163ab2d33521f399ddc2d8dfad30de279554b42df45685e2a,2,2026-09-17,2026-09-17
2026-09-17,indiatoday.in,nfkc-casefold-collapse-v1,4cd0dc5af8410e24e886eca026baf96aaafdbc3af0ee5d80b794f3643a6c7587,2,2026-09-17,2026-09-17
2026-09-17,indiatoday.in,nfkc-casefold-collapse-v1,4989c058d481baa37055d025b9c99b150e78f3a063cb7a6e33a21a7ddb02fd46,2,2026-09-17,2026-09-17
2026-09-17,indiatoday.in,nfkc-casefold-collapse-v1,d18c4a89116ba359d7df925318efbbac02aa7278d0a5c21cffc72f14d7f0a44a,2,2026-09-17,2026-09-17
2026-09-17,indiatoday.in,nfkc-casefold-collapse-v1,14e75e637ea853daaca52f51903a4e7d562788959db603c74af7c267530c42a6,2,2026-09-17,2026-09-17
2026-09-17,indiatoday.in,nfkc-casefold-collapse-v1,0c0a178f561d835be013912cf0baed2207da3eb42e2dc179a2b6c883dee45a23,2,2026-09-17,2026-09-17
2026-09-17,indiatoday.in,nfkc-casefold-collapse-v1,83ff70b4633cd90f2e9f84ec19b51acfe9ab94430ddc98a03c6aad97422b05bc,2,2026-09-17,2026-09-17
2026-09-17,indiatoday.in,nfkc-casefold-collapse-v1,5ec6d8f99416bb35e29be9b328603a435b67471e515580ff189120ab3f2a4780,2,2026-09-17,2026-09-17
2026-09-17,indiatoday.in,nfkc-casefold-collapse-v1,3fc0402f014360b63189aaf3b22727e8642f88a99c582991832cd963011e0f68,2,2026-09-17,2026-09-17
2026-09-17,indiatoday.in,nfkc-casefold-collapse-v1,5d92dc649368fa253b564c5831176586e9486f130a0a7948f1526485937b4ac1,2,2026-09-17,2026-09-17
2026-09-17,indiatoday.in,nfkc-casefold-collapse-v1,4be6413ba80e316ee3eb05a4363f88024256eae1748b0fb62c19c69c1233014a,2,2026-09-17,2026-09-17
2026-09-17,indiatoday.in,nfkc-casefold-collapse-v1,70557a41446afaee17e06ba88874d68fee2e3c44475bc55e250fcd395598d554,2,2026-09-17,2026-09-17
2026-09-17,indiatoday.in,nfkc-casefold-collapse-v1,9f031ca0c69013abfeca07390c836a9406cb9e73765771b782e3b128c10878c3,2,2026-09-17,2026-09-17
2026-09-17,indiatoday.in,nfkc-casefold-collapse-v1,b38f6d4ca99b83c9453caca087631841e0bfb2c47386ebf2a5e205143c247cc9,2,2026-09-17,2026-09-17
2026-09-17,indiatoday.in,nfkc-casefold-collapse-v1,59c433d477b03d1171d5eaa5ca225cc68497882d6a2020ec1ef0b8c9578e824e,2,2026-09-17,2026-09-17
2026-09-17,indiatoday.in,nfkc-casefold-collapse-v1,ad2a87950d4e31a6df2f6c3567e213ef19496032a2caf8a9959d3bba59b4fa0e,2,2026-09-17,2026-09-17
2026-09-17,indiatoday.in,nfkc-casefold-collapse-v1,7706e08f55d6daf31d938524b92453abf2dbe95448e5f037e81aebf7e3270cf7,2,2026-09-17,2026-09-17
2026-09-17,indiatoday.in,nfkc-casefold-collapse-v1,75a4af2a12ed3288e7e649419dc5a8c3c486dffc6464914d6d554445e41a99fb,2,2026-09-17,2026-09-17
2026-09-17,indiatoday.in,nfkc-casefold-collapse-v1,d1ef707f2f0db3a0d927de4b0af4966b386a06f587f5944c9ecdd0e0d4ca9d0e,2,2026-09-17,2026-09-17
2026-09-17,indiatoday.in,nfkc-casefold-collapse-v1,55bcb11f2db719e22397dbe2fa78c5a1c3dbe5b84e4b38a7bcd0d86abc816c60,2,2026-09-17,2026-09-17
2026-09-17,indiatoday.in,nfkc-casefold-collapse-v1,a44b13948f75919e60d31db7f1f419b68cdec56bdf309114b09cfa31f9b279f7,2,2026-09-17,2026-09-17
2026-09-17,indiatoday.in,nfkc-casefold-collapse-v1,f281370ddb700bec662c4fd8efd0efba9fc2d2d80de9f99528bd0a56a10a8513,2,2026-09-17,2026-09-17
2026-09-17,indiatoday.in,nfkc-casefold-collapse-v1,39063b01e1a4082be908b15875b93999aa23ae26d0e258fae6a6b2bd9f29be8d,2,2026-09-17,2026-09-17
2026-09-17,indiatoday.in,nfkc-casefold-collapse-v1,90bda79fc0b5e0d150d6df290dc3b409cf68a4fa892df94675c138c8ae3d40a2,2,2026-09-17,2026-09-17
2026-09-17,japantimes.co.jp,nfkc-casefold-collapse-v1,17bcf63211481bd14541ac8890547a6bf2de03027a11f6fb6f4ee7dba978ef73,2,2026-09-17,2026-09-17
2026-09-17,japantimes.co.jp,nfkc-casefold-collapse-v1,f25608b0a0cf1d8716ee822fca0e2e85117fa642a93f2227299a23290c7bc635,2,2026-09-17,2026-09-17
2026-09-17,japantimes.co.jp,nfkc-casefold-collapse-v1,177fe6fda5ef10aa7a239a5ab0cbbd9053d1de509375faf2c82f5f0212d5d7f8,2,2026-09-17,2026-09-17
2026-09-17,japantimes.co.jp,nfkc-casefold-collapse-v1,db310464943eec1c32d7aafd676fbfbfc84a3391f57c2bee1326cc8285bf51a8,2,2026-09-17,2026-09-17
2026-09-17,japantimes.co.jp,nfkc-casefold-collapse-v1,d7f39d3bf5a9c24ab955c4f49daec57b2b1b41c46c1b0b8427c5555f15ff006d,2,2026-09-17,2026-09-17
2026-09-17,japantimes.co.jp,nfkc-casefold-collapse-v1,6827fb700636dd33b76a814893b04e3237bfe48f932c20b1628ecd1409479431,2,2026-09-17,2026-09-17
2026-09-17,japantimes.co.jp,nfkc-casefold-collapse-v1,fda3a8f78fecd3557258df2aeac728782816488fa7ec3ae95b9aecbc4b5e28c4,2,2026-09-17,2026-09-17
2026-09-17,japantimes.co.jp,nfkc-casefold-collapse-v1,41edf251fda4e9de3a89d11caab1018846616405e69064beb6cb3e62c3481a76,2,2026-09-17,2026-09-17
2026-09-17,japantimes.co.jp,nfkc-casefold-collapse-v1,52d54bfa6f8e71705ca09b7305d6dbf3064cd91ee3c8098e10369bc0b82b2371,2,2026-09-17,2026-09-17
2026-09-17,japantimes.co.jp,nfkc-casefold-collapse-v1,d911621403cf7ee720c5776e1c29cd98705daf44551be011de6a139a48cdbdfb,2,2026-09-17,2026-09-17
2026-09-17,japantimes.co.jp,nfkc-casefold-collapse-v1,77716266e5b75cb6175c1c17e8095f0d0946026714562753aa1658a01b2889de,2,2026-09-17,2026-09-17
2026-09-17,japantimes.co.jp,nfkc-casefold-collapse-v1,75fed755e04cc3575d05140ff3168f280f411fbdfd32a6b39cff74ec3da5b08f,2,2026-09-17,2026-09-17
2026-09-17,japantimes.co.jp,nfkc-casefold-collapse-v1,b23f88e9be7641ce23a251312cbb56bec6be73b262935cafdcf2ab054febf167,2,2026-09-17,2026-09-17
2026-09-17,japantimes.co.jp,nfkc-casefold-collapse-v1,925ba06bdb87c5f138d4c8a7670627b16c21cad8267d32b253c2033ae8b35085,2,2026-09-17,2026-09-17
2026-09-17,japantimes.co.jp,nfkc-casefold-collapse-v1,680c1acebbbb787b956b7df76139065fd1a14bd2501db6e79b7e3e73c1e42cf7,2,2026-09-17,2026-09-17
2026-09-17,japantimes.co.jp,nfkc-casefold-collapse-v1,e7b5ff51e6a4bfcfb194b60843207646ae867ed8d9ff4856663af7d9aa2d83c4,2,2026-09-17,2026-09-17
2026-09-17,livemint.com,nfkc-casefold-collapse-v1,8a7f6309292e88d3c06a2dcd703988ae4b78681c247ffab922039703028ac1c6,4,2026-09-17,2026-09-17
2026-09-17,livemint.com,nfkc-casefold-collapse-v1,170a54171854605aac43c2d9c8bb8a8b218fc2eb7e64211f0fe656f6c9e3de28,2,2026-09-17,2026-09-17
2026-09-17,livemint.com,nfkc-casefold-collapse-v1,723c75249c753f86ae87e2f76d020f3b267e84cf398d0b304ffe3d493df67409,2,2026-09-17,2026-09-17
2026-09-17,livemint.com,nfkc-casefold-collapse-v1,192412ed53fb5662220ad6fd582bee9b503b26e27808d7d87b9b21c69c528716,2,2026-09-17,2026-09-17
2026-09-17,livemint.com,nfkc-casefold-collapse-v1,22dee7b604eb0c8fcf31878ac2891723095540a11509469fe6ca9bb27ae9a648,2,2026-09-17,2026-09-17
2026-09-17,livemint.com,nfkc-casefold-collapse-v1,7761a092f9c0272f55ed6e5d226a9eea49460efc4e5bfbc4fa92da4aa25b38c5,2,2026-09-17,2026-09-17
2026-09-17,livemint.com,nfkc-casefold-collapse-v1,098d3d8a08f2cf671edc2f6f90ec44304afdd8f34f02f0fa8dba93ac57e00f16,2,2026-09-17,2026-09-17
2026-09-17,livemint.com,nfkc-casefold-collapse-v1,cd35400d52544a66422bd35664dbee83d0be904d6dafe7a23b8f025ec3a31c5f,2,2026-09-17,2026-09-17
2026-09-17,livemint.com,nfkc-casefold-collapse-v1,d82cfd633b0e511259a063d9246801029a6893b5d58228d5a74a2cb23098cff6,2,2026-09-17,2026-09-17
2026-09-17,livemint.com,nfkc-casefold-collapse-v1,68f943467be46ca96adb4d5bc382c75db7ef095868eb10644a71c5d1d149b15c,2,2026-09-17,2026-09-17
2026-09-17,livemint.com,nfkc-casefold-collapse-v1,b79edae4076685b3d261079b7ded30023affc454e2d7d28be9d884402bd24999,2,2026-09-17,2026-09-17
2026-09-17,livemint.com,nfkc-casefold-collapse-v1,704573f1682f1845760a2862aa8d4390e325907f0fa442adbc3d1183742e752f,2,2026-09-17,2026-09-17
2026-09-17,livemint.com,nfkc-casefold-collapse-v1,a53a72ea57398f324a3b6bb61f77a12225389d06a5a4ab8692cc58fe9b4c3599,2,2026-09-17,2026-09-17
2026-09-17,livemint.com,nfkc-casefold-collapse-v1,fe08f12b30054b1e509c76a852fb51db105a9531bc34f54ec5798b19aa231c24,2,2026-09-17,2026-09-17
2026-09-17,livemint.com,nfkc-casefold-collapse-v1,ae531395a861fb4a954fda50d3b4449baeca0815f782249cc1ebfb7be159d0fc,2,2026-09-17,2026-09-17
2026-09-17,livemint.com,nfkc-casefold-collapse-v1,b2be451eaaa7f5ab26b18f5238b9d6cbac391594678d126754ce63f7d1513f06,2,2026-09-17,2026-09-17
2026-09-17,livemint.com,nfkc-casefold-collapse-v1,dc6598a1b2af6e0588af119ab2bedc0e3c6beba3027536c9aea80d351951ed36,2,2026-09-17,2026-09-17
2026-09-17,livemint.com,nfkc-casefold-collapse-v1,7c32d6ba8defe23921852b9778be65af8f0bf6e99a947d21a59ac9433f8c9ae1,2,2026-09-17,2026-09-17
2026-09-17,livemint.com,nfkc-casefold-collapse-v1,9b14ca92d7b8321b3d09a1b42fe0bb8d5fde7d79b4b88e12329fc08fe3db0c6d,2,2026-09-17,2026-09-17
2026-09-17,livemint.com,nfkc-casefold-collapse-v1,c637b9fd24d5a6a1bb6e0cfb057f5bd982e06fc556145a6cc2b6dd7be9ef8022,2,2026-09-17,2026-09-17
2026-09-17,livemint.com,nfkc-casefold-collapse-v1,de5600e5978c166c9fa70da968d7f7fe80330db710d27de369c91cffb1d65d10,2,2026-09-17,2026-09-17
2026-09-17,livemint.com,nfkc-casefold-collapse-v1,9a5545c6b005347927acd536f6d2be2783c3b902c195be0e861e976c6394951d,2,2026-09-17,2026-09-17
2026-09-17,livemint.com,nfkc-casefold-collapse-v1,45e5f984990bdd242b1f8abd894bc5362d3e3fca62c1959850fc53ef7b3ae3ad,2,2026-09-17,2026-09-17
2026-09-17,livemint.com,nfkc-casefold-collapse-v1,d23d693a61d483f779455dda37ad36da9c3bf8386005ea90acad4874ac92acb2,2,2026-09-17,2026-09-17
2026-09-17,livemint.com,nfkc-casefold-collapse-v1,88e94d1a5266a2c9e64da166277fd88edd4ef05437e47e49c2bb449a8f21f098,2,2026-09-17,2026-09-17
2026-09-17,livemint.com,nfkc-casefold-collapse-v1,fc0c6c9f00eb2911ad8cac9c77280115b30535c91837eebf81bdf625f9ad7297,2,2026-09-17,2026-09-17
2026-09-17,livemint.com,nfkc-casefold-collapse-v1,9345c7c4da3a0d5374071d89f601f4f61808b82132d8f0c97804a01ff3099ec0,2,2026-09-17,2026-09-17
2026-09-17,livemint.com,nfkc-casefold-collapse-v1,b378aacb0a30384d11ce56061f4d071d5e54d8600119c92a0ca33746f131ef13,2,2026-09-17,2026-09-17
2026-09-17,livemint.com,nfkc-casefold-collapse-v1,96a9d89abf3c6150c8949add0e5c71871610f56920e6ffefa9b65a217297ba6d,2,2026-09-17,2026-09-17
2026-09-17,livemint.com,nfkc-casefold-collapse-v1,b2d3049a9596bfdf24b94ea6a6399fde169a29ccc682e7141804fafb781d881c,2,2026-09-17,2026-09-17
2026-09-17,livemint.com,nfkc-casefold-collapse-v1,65bc23c8be0c626e76295dec40f3376c4fb726eb0abc1775c95c53e12d778aa6,2,2026-09-17,2026-09-17
2026-09-17,livemint.com,nfkc-casefold-collapse-v1,a72a363df2bdac0c869adc43064fae4b3cd5aadb4c0e891cb4cc8285022fca89,2,2026-09-17,2026-09-17
2026-09-17,livemint.com,nfkc-casefold-collapse-v1,6744f1b9be6df201dc52e4e80125b5442b229be5202456e164c84c9617a67f02,2,2026-09-17,2026-09-17
2026-09-17,livemint.com,nfkc-casefold-collapse-v1,33ccb3551138ea9cb3c97a1a9249ca3d21763358b65c178157f0322e2a1a677f,2,2026-09-17,2026-09-17
2026-09-17,livemint.com,nfkc-casefold-collapse-v1,15bdea7967c0b7e3f28205315a29875a25458c7db49ce5a081f8b5d86dbe68f1,2,2026-09-17,2026-09-17
2026-09-17,livemint.com,nfkc-casefold-collapse-v1,ee75322f63aa631399df21f5c09da79483fde6b64182b390cedf7007e979619c,2,2026-09-17,2026-09-17
2026-09-17,livemint.com,nfkc-casefold-collapse-v1,974c3be8afbb9e12d15ff21246c1cdd5514952166b0c0f597522263bf57133cd,2,2026-09-17,2026-09-17
2026-09-17,livemint.com,nfkc-casefold-collapse-v1,4f461e70918d0f8ad7fc5ce518face42dfa07c73c825944e384f84171008b0af,2,2026-09-17,2026-09-17
2026-09-17,livemint.com,nfkc-casefold-collapse-v1,6ec209e3b57b3b27ab521e993e12ac9d293eefc2bbedd20a2b51cf48fc358f58,2,2026-09-17,2026-09-17
2026-09-17,livemint.com,nfkc-casefold-collapse-v1,33bf9f922731771529513ac61e628a21028126d445d0a164500a0eb2edc8db7d,2,2026-09-17,2026-09-17
2026-09-17,livemint.com,nfkc-casefold-collapse-v1,cca7b1fdd316681db57787835dda95c18427e1964a4f0393cf6b8c851486f0f1,2,2026-09-17,2026-09-17
2026-09-17,livemint.com,nfkc-casefold-collapse-v1,f86fe3223c1b2197f80426065d111028d1a5e887b2ea4528c680434ab59ce9ca,2,2026-09-17,2026-09-17
2026-09-17,livemint.com,nfkc-casefold-collapse-v1,8fd1c13c9013629317aabab47ab4bec07ea97132385dd6c7a78af6023c515dec,2,2026-09-17,2026-09-17
2026-09-17,livemint.com,nfkc-casefold-collapse-v1,f13c58b126840ee47f13d9d7b862f2c87a6b7df5b4567d6c47f67fd9daf3fd7d,2,2026-09-17,2026-09-17
2026-09-17,livemint.com,nfkc-casefold-collapse-v1,3697003ebd5461ad377200cc660ce273c06059d2bd0a1cd29240b57fa7b7e3be,2,2026-09-17,2026-09-17
2026-09-17,livemint.com,nfkc-casefold-collapse-v1,e4868ea650c26a9975c8afccfebce042cf9d52cde3757169fc69dd70688edc78,2,2026-09-17,2026-09-17
2026-09-17,livemint.com,nfkc-casefold-collapse-v1,f1b7ae93c9b8051485796bdb2e4950dc7bc37ffdca64dc7cdb9575196b3e02ed,2,2026-09-17,2026-09-17
2026-09-17,livemint.com,nfkc-casefold-collapse-v1,fd0acbde77723a852e1230ec174f8791924fda55ca9d79541f1370ce7266aa14,2,2026-09-17,2026-09-17
2026-09-17,livemint.com,nfkc-casefold-collapse-v1,96bb10bd0554e3b860e82489b6da2fd27f61a07e89d4246a3ec095f7d19a67d7,2,2026-09-17,2026-09-17
2026-09-17,livemint.com,nfkc-casefold-collapse-v1,f4f93fc54614778191998b749c6a18d5e60f0ac70b41f3b48c2c67163cb422f8,2,2026-09-17,2026-09-17
2026-09-17,livemint.com,nfkc-casefold-collapse-v1,71454022cd7c17677705f4c98e144ca1c736028fd4ec512629fd5140b424a939,2,2026-09-17,2026-09-17
2026-09-17,livemint.com,nfkc-casefold-collapse-v1,ab637fbb5d5ad80bd5e7d0dfb1a9f32ecca542f6e14be84ee575bb8121039f47,2,2026-09-17,2026-09-17
2026-09-17,livemint.com,nfkc-casefold-collapse-v1,50d7d2b1309cbcf9224657b523b92f5dff3649730784f793de8b97f896e6f7cd,2,2026-09-17,2026-09-17
2026-09-17,livemint.com,nfkc-casefold-collapse-v1,880927871634889c056862f29fa3f876dbb359140253ccb33294c379fdbf16c1,2,2026-09-17,2026-09-17
2026-09-17,livemint.com,nfkc-casefold-collapse-v1,4868694f23742e5828c397e10ac6df8c761f38df12c91b5680f9d7c4e38b7a08,2,2026-09-17,2026-09-17
2026-09-17,livemint.com,nfkc-casefold-collapse-v1,2431745badefa3d0501facee2de03afbebf3488641b0f1f78de06073e03942d4,2,2026-09-17,2026-09-17
2026-09-17,livemint.com,nfkc-casefold-collapse-v1,f191eed425b67aa5cb28c8b69951fa3276797ca5a2a48f7e79f4b11eea5c98c5,2,2026-09-17,2026-09-17
2026-09-17,livemint.com,nfkc-casefold-collapse-v1,21bd1de178f08ebfb7518e505f9abd0da219581b2cfd5747894743ea735dada4,2,2026-09-17,2026-09-17
2026-09-17,livemint.com,nfkc-casefold-collapse-v1,9d52ed36021d35b0517098498052b5df44f6221efc6fea12c6aa994a7c873fa3,2,2026-09-17,2026-09-17
2026-09-17,livemint.com,nfkc-casefold-collapse-v1,b14787c9440adf1518bb475864da304a0e96f2a441f85c45e41a91d2868b6b80,2,2026-09-17,2026-09-17
2026-09-17,livemint.com,nfkc-casefold-collapse-v1,a640f5da5311c96bcd331746d863a50c025dd2a3d01d39589fca648c3a2c7e23,2,2026-09-17,2026-09-17
2026-09-17,livemint.com,nfkc-casefold-collapse-v1,55ddb0c29364d82e9216d2840fb11c0f7eb9ed1d2159ede66d66de681a26a478,2,2026-09-17,2026-09-17
2026-09-17,livemint.com,nfkc-casefold-collapse-v1,5a31529c54ee7bed92d4e369635177c0c17d51c26b810af146d956c49649c468,2,2026-09-17,2026-09-17
2026-09-17,livemint.com,nfkc-casefold-collapse-v1,48c34af3c0b23ed4d7d3560d826dba71065641978bf30660c3d307940a94fea5,2,2026-09-17,2026-09-17
2026-09-17,livemint.com,nfkc-casefold-collapse-v1,3fe4d41b37127b4ff3dd35c806da6c9b5931752369a2031409190e6582ca5723,2,2026-09-17,2026-09-17
2026-09-17,livemint.com,nfkc-casefold-collapse-v1,a8a5d71dd77157eab49d5cceddbf13dfeae70b599420778e48fdd2995f84d4e6,2,2026-09-17,2026-09-17
2026-09-17,livemint.com,nfkc-casefold-collapse-v1,a6be03f842e5dbffe60c0ddea0c896523b7026f9f8a93eab9c34044c6235f21d,2,2026-09-17,2026-09-17
2026-09-17,livemint.com,nfkc-casefold-collapse-v1,d5db3179e444b9803bab62f9623adf6f5d02d203b66b3a909aa90ddccd4a7002,2,2026-09-17,2026-09-17
2026-09-17,livemint.com,nfkc-casefold-collapse-v1,f6f627eac8afe2fbe3ec71f92ab12d988db57366a3bfd064d0d8bd6a02596b07,2,2026-09-17,2026-09-17
2026-09-17,livemint.com,nfkc-casefold-collapse-v1,b9e92c5e66d4a8af735249300efa1085008c393610854f98ce117d3f4f9a0408,2,2026-09-17,2026-09-17
2026-09-17,livemint.com,nfkc-casefold-collapse-v1,f3368b0211adcdba44f6c483cfb7f86783afdf3e366ce2686fff5906ca5a0b7e,2,2026-09-17,2026-09-17
2026-09-17,livemint.com,nfkc-casefold-collapse-v1,c5057eb4343bb30b03d7e309b55dff9c7c27351eef1aa65e0c590ba9e7cc0f43,2,2026-09-17,2026-09-17
2026-09-17,livemint.com,nfkc-casefold-collapse-v1,8a356ce79ab609b68b5946e78ef6c030deb1d4add79ae8e659b4f886371608b4,2,2026-09-17,2026-09-17
2026-09-17,livemint.com,nfkc-casefold-collapse-v1,3be1f51431239d1f4e0a59e6dd0bac24e8e6c1828d71e7218f49aa9a324a673a,2,2026-09-17,2026-09-17
2026-09-17,livemint.com,nfkc-casefold-collapse-v1,57d93da2c1b0c4de0b73b6316cdc8c51e8507d12b0367d525bf6ef436e3dabd9,2,2026-09-17,2026-09-17
2026-09-17,livemint.com,nfkc-casefold-collapse-v1,6f01d1fdc1fbfcba33826c2df081d931db86a8359634e6585bafe8ee721046a9,2,2026-09-17,2026-09-17
2026-09-17,livemint.com,nfkc-casefold-collapse-v1,5940ab65ebaf0391bb84713dfce6ec6e617cd87f10e5f4fadb29cea9388c114a,2,2026-09-17,2026-09-17
2026-09-17,livemint.com,nfkc-casefold-collapse-v1,977a5ef3fb3a54ce287eb31f0925fb7e48faa2c20c36c3a448c3dd7ff55022e3,2,2026-09-17,2026-09-17
2026-09-17,livemint.com,nfkc-casefold-collapse-v1,54b0e67fbe5517faffc7c91fad24c0c52dd8fdd6b80871881d3cb4dfa64f9e61,2,2026-09-17,2026-09-17
2026-09-17,livemint.com,nfkc-casefold-collapse-v1,88020271a298083331bd100b306c2cc205e34d052ee5f95320fd06af8a2a4e19,2,2026-09-17,2026-09-17
2026-09-17,livemint.com,nfkc-casefold-collapse-v1,7522df3ab89d3dde5da8e31f85ced5c39281b003f94fe7c39a879e08754526fb,2,2026-09-17,2026-09-17
2026-09-17,livemint.com,nfkc-casefold-collapse-v1,1bc8c07ae76d7f8cc18a88066a8adb8fa0efd4cd46edffa5cff9e305c6661a4f,2,2026-09-17,2026-09-17
2026-09-17,livemint.com,nfkc-casefold-collapse-v1,9ee91fba552ead2e639e6dc7e325caf99b71dc0439eaf57cb5e98f4373fc2439,2,2026-09-17,2026-09-17
2026-09-17,livemint.com,nfkc-casefold-collapse-v1,0cda394169ff9b15eacbbd93216480cdc2df57b11f8e0f65c5593b0acbed2ecb,2,2026-09-17,2026-09-17
2026-09-17,livemint.com,nfkc-casefold-collapse-v1,2e2202dd25a516d126e629ae06fafbce8750ce707341159d974e14736ffb6060,2,2026-09-17,2026-09-17
2026-09-17,marginalrevolution.com,nfkc-casefold-collapse-v1,f74cb776d6df5e3ffaba38b5985f6e07b67ee50f00fcc8400b71bbd369adee08,2,2026-09-17,2026-09-17
2026-09-17,marginalrevolution.com,nfkc-casefold-collapse-v1,3ab14873ce8a5d651d60e73e90ef8a357f3bd56d3dbcb2cc2ab3d5f7d6ef2e6e,2,2026-09-17,2026-09-17
2026-09-17,marginalrevolution.com,nfkc-casefold-collapse-v1,23846f162d4d7106c6eb81ef203986c18cec1c227c98cc3cc2ecdcda1e5c0244,2,2026-09-17,2026-09-17
2026-09-17,marginalrevolution.com,nfkc-casefold-collapse-v1,ca2b868c5ac234ec9c2d1a304c9b9fb7b97aff21f28b00c47931c95a3d12b6d1,2,2026-09-17,2026-09-17
2026-09-17,marginalrevolution.com,nfkc-casefold-collapse-v1,36906314052579b61d651e39fba694962c143f621260ac4918270e2471908a94,2,2026-09-17,2026-09-17
2026-09-17,marginalrevolution.com,nfkc-casefold-collapse-v1,858eee8eafb917e0e4ef2935f7c4daa63e3aeb06f6bb878e77c57d0ae81bdd58,2,2026-09-17,2026-09-17
2026-09-17,marginalrevolution.com,nfkc-casefold-collapse-v1,541eee76568372eadb5a532d7469cd97ad0f302eab2ba648da58eecde362b3e7,2,2026-09-17,2026-09-17
2026-09-17,marktechpost.com,nfkc-casefold-collapse-v1,baaff45dc80474ef478720b9aa8da75c7ba2c9c4d38dda9d0875f219f61d6ea9,4,2026-09-17,2026-09-17
2026-09-17,marktechpost.com,nfkc-casefold-collapse-v1,6cdd75799390ebc7757c180af5ee7d1b6947d3e0748d9b05de1092d547e308c2,4,2026-09-17,2026-09-17
2026-09-17,marktechpost.com,nfkc-casefold-collapse-v1,420e3bffbef2233cbdab85a3ddb9fa42ced00b59cd6e6e5f6a83553b560cc588,4,2026-09-17,2026-09-17
2026-09-17,marktechpost.com,nfkc-casefold-collapse-v1,acf8599eacb451d3adeeabe8715a8242c13abb0abb948c85be470e41f55a641a,2,2026-09-17,2026-09-17
2026-09-17,marktechpost.com,nfkc-casefold-collapse-v1,d18dafb479d1622acc3025bb4397638c46bb895ced19a85bda4a60f92e914b73,2,2026-09-17,2026-09-17
2026-09-17,marktechpost.com,nfkc-casefold-collapse-v1,2a13eb8f6a60845278995287caeea35a853855abd7b885c1709c3b8eb24b04cc,2,2026-09-17,2026-09-17
2026-09-17,marktechpost.com,nfkc-casefold-collapse-v1,1af624db4a37f01dda80d036a42c3772e03a67402a57193039ea1bef602b7ca1,2,2026-09-17,2026-09-17
2026-09-17,marktechpost.com,nfkc-casefold-collapse-v1,fb6433ff8fdebf95ba1e3b10680cae7aca42bb138f91f2c0777ea42ec6487283,2,2026-09-17,2026-09-17
2026-09-17,marktechpost.com,nfkc-casefold-collapse-v1,2dfc038f096ebebaf43adf7b15dd8df4ec785351c93c1c291a379e1141878b33,2,2026-09-17,2026-09-17
2026-09-17,marktechpost.com,nfkc-casefold-collapse-v1,f55451046488db01bbb3567e4c7811ce8ec5e678d34f6252acfbd595000f0a32,2,2026-09-17,2026-09-17
2026-09-17,marktechpost.com,nfkc-casefold-collapse-v1,ddfb2e98e95eac02f3eb659a9a9bcf1adf1655db9b517a926c61e78811fcb666,2,2026-09-17,2026-09-17
2026-09-17,marktechpost.com,nfkc-casefold-collapse-v1,9de5cc83d8f7dcd39ad96e5f578405bcdcc6216257107b35e17a8fba5a883388,2,2026-09-17,2026-09-17
2026-09-17,marktechpost.com,nfkc-casefold-collapse-v1,e6384afca848aad95f000228a64d531881a1958757a9057db09bc613a970ae5d,2,2026-09-17,2026-09-17
2026-09-17,marktechpost.com,nfkc-casefold-collapse-v1,3aa4fa6dad1ec2af4106253cffebbcdc70595a3a267ea8485184539e58dfc52a,2,2026-09-17,2026-09-17
2026-09-17,marktechpost.com,nfkc-casefold-collapse-v1,d1ca46856b856093d52b6c1e62e2a16f51213367c5720eb29a445690add80634,2,2026-09-17,2026-09-17
2026-09-17,marktechpost.com,nfkc-casefold-collapse-v1,3039bf5fd62f3aafc0c4aa05e394992d641ca9462d8db06da60a73a56c8e3771,2,2026-09-17,2026-09-17
2026-09-17,marktechpost.com,nfkc-casefold-collapse-v1,0f973da05e37d936b5673317e1b415860256c3e531d8074076237c2ea22dcecb,2,2026-09-17,2026-09-17
2026-09-17,marktechpost.com,nfkc-casefold-collapse-v1,83c6022d357574ed30ec97bd96ecfdfa3c7b67e7780d753594cc0e559922c733,2,2026-09-17,2026-09-17
2026-09-17,marktechpost.com,nfkc-casefold-collapse-v1,4657b38621cbe7c9f9bfd5afb46331a6f980cbb0357b2c845a6b6938a85a8d9a,2,2026-09-17,2026-09-17
2026-09-17,marktechpost.com,nfkc-casefold-collapse-v1,3157334adc1a11ed31c2281f8c0f15950f3f56070c7385d672f04aa5776e3ec4,2,2026-09-17,2026-09-17
2026-09-17,marktechpost.com,nfkc-casefold-collapse-v1,090ec1777845cd520cd052f40fd26435fb8449959f82c44202ad414e96a53504,2,2026-09-17,2026-09-17
2026-09-17,marktechpost.com,nfkc-casefold-collapse-v1,09f175a671b7a68b6c4a74ed66cd033a15c6da32e6b8fd40ab8869f9dbdc2868,2,2026-09-17,2026-09-17
2026-09-17,marktechpost.com,nfkc-casefold-collapse-v1,515df2865b306edc93324d3f8a5112caf5b44647fb55beba0b61160101371489,2,2026-09-17,2026-09-17
2026-09-17,marktechpost.com,nfkc-casefold-collapse-v1,7bb1a097b6a1e8b40c5e4f5bac41e5470a2119291d51c78df96a447278429024,2,2026-09-17,2026-09-17
2026-09-17,marktechpost.com,nfkc-casefold-collapse-v1,f9212d9105319697cccf84d0dc3d57c10f06932003714e9a549f06157fdd5d3b,2,2026-09-17,2026-09-17
2026-09-17,marktechpost.com,nfkc-casefold-collapse-v1,195743df7f1ef95aee0e05d1821c3cd226761f1e191b49c539aff4b16a62380f,2,2026-09-17,2026-09-17
2026-09-17,marktechpost.com,nfkc-casefold-collapse-v1,a810a4a7fbf3c3edb1ae58250293d1a7a7d50f3b0dfc39557851f20c666247fc,2,2026-09-17,2026-09-17
2026-09-17,marktechpost.com,nfkc-casefold-collapse-v1,08f2223fac8d367630ee6773516340ca264cd5d41727521979aa57cedd5ce965,2,2026-09-17,2026-09-17
2026-09-17,marktechpost.com,nfkc-casefold-collapse-v1,40e96f228cedca69f133458ef24a4f9344aaba2025a3213c05964831298e9854,2,2026-09-17,2026-09-17
2026-09-17,marktechpost.com,nfkc-casefold-collapse-v1,7767d3a207890f579bacb2a3b39738d859a1aa5823e9095dc74252f396a8cd3c,2,2026-09-17,2026-09-17
2026-09-17,marktechpost.com,nfkc-casefold-collapse-v1,33bb882e30a9db2baf5ffd617ab7ccd4706a93cbe6dfcc024485a8082f8be31d,2,2026-09-17,2026-09-17
2026-09-17,marktechpost.com,nfkc-casefold-collapse-v1,6d0264a6d8a440604c9338d653000c6216db161429dd38da07c4b704ed4f2182,2,2026-09-17,2026-09-17
2026-09-17,marktechpost.com,nfkc-casefold-collapse-v1,25b18b38375895b5ec58ce39fc9a69426026ca2dcec1e48b626deab27a0e5ba8,2,2026-09-17,2026-09-17
2026-09-17,marktechpost.com,nfkc-casefold-collapse-v1,278543a24ba65d695c377b00cf37f7f853ae938236c9ea4dd6a84d5ba6180fc4,2,2026-09-17,2026-09-17
2026-09-17,marktechpost.com,nfkc-casefold-collapse-v1,1b45f8bb3dd0632b7eb7f78fe4d3d4de0851edce2965578361ae7170bc9ec890,2,2026-09-17,2026-09-17
2026-09-17,marktechpost.com,nfkc-casefold-collapse-v1,ed4f698a9e3b6e2cab0724b8592d0011d7adc2fad576f00c29463e5d3aa69aa8,2,2026-09-17,2026-09-17
2026-09-17,marktechpost.com,nfkc-casefold-collapse-v1,2dbd596f9a98c6fa6ee92c39f756d43480b26c0230dee6aba500a623422eaf8d,2,2026-09-17,2026-09-17
2026-09-17,marktechpost.com,nfkc-casefold-collapse-v1,6316a41de202e7c4bd12531ae39f07830dd4c5019546c334ff06babfcc79a88c,2,2026-09-17,2026-09-17
2026-09-17,marktechpost.com,nfkc-casefold-collapse-v1,da531918628ac09bc1cc3e5a98dc97bd54ecb8ae8ffa825cbd0b76457c69a696,2,2026-09-17,2026-09-17
2026-09-17,marktechpost.com,nfkc-casefold-collapse-v1,e0c8b0cf93a90137ded779f973690939c96861877afe19c4eb211ba307c05459,2,2026-09-17,2026-09-17
2026-09-17,marktechpost.com,nfkc-casefold-collapse-v1,78d082fd05eb39823302f56eb5ca2a05cf7dc95e38dbffb86c8074269d7f1b66,2,2026-09-17,2026-09-17
2026-09-17,marktechpost.com,nfkc-casefold-collapse-v1,e083bca9055957220f94a6bde7146197a1f859a8b5a2f316a61bc257629892bf,2,2026-09-17,2026-09-17
2026-09-17,marktechpost.com,nfkc-casefold-collapse-v1,eefab1cad8d095ac04a88be5dc1a77f0fd747147aab358dd80ffaea776990417,2,2026-09-17,2026-09-17
2026-09-17,marktechpost.com,nfkc-casefold-collapse-v1,01dce32b183e5f0581168236ee984a82086d165591c3a44a0fdcac7321881cd6,2,2026-09-17,2026-09-17
2026-09-17,marktechpost.com,nfkc-casefold-collapse-v1,c099142bc3186ded72786ba27e9ea6d2da240fb9fd3fe79b479ecf8e734b2850,2,2026-09-17,2026-09-17
2026-09-17,marktechpost.com,nfkc-casefold-collapse-v1,81cd38a2202cca130ed3636f4de19b3605823ceff64f198f1276f53b1764c29a,2,2026-09-17,2026-09-17
2026-09-17,marktechpost.com,nfkc-casefold-collapse-v1,4ef5bc90d0e8200d827e283818477877f56926d80c5a618be17d2cd04008dca6,2,2026-09-17,2026-09-17
2026-09-17,marktechpost.com,nfkc-casefold-collapse-v1,b3b8ab66b02ea5faa90bd5afb179efce3884c00dd96e991ad863ea2d317dc13e,2,2026-09-17,2026-09-17
2026-09-17,marktechpost.com,nfkc-casefold-collapse-v1,7e8bf9ff8107681f316c6a1e00cd6c6cad35afbd8bb774255b093b57e0a652e0,2,2026-09-17,2026-09-17
2026-09-17,marktechpost.com,nfkc-casefold-collapse-v1,c5a131e5f6d6fbe6e9d12103001ef1ceb1cf3a160cbc6021c0de01a2320a3a5a,2,2026-09-17,2026-09-17
2026-09-17,marktechpost.com,nfkc-casefold-collapse-v1,395835d6e54c936571e4d31e3fc980180ab9c61664b719c6c02382223f37786d,2,2026-09-17,2026-09-17
2026-09-17,marktechpost.com,nfkc-casefold-collapse-v1,a475acb4766ad6da18c10e107a10adc171d0b4bfd6a73b4eac253328252dea44,2,2026-09-17,2026-09-17
2026-09-17,marktechpost.com,nfkc-casefold-collapse-v1,1b1c47deeceb4d51f09b1e1f9895024d634158f02b1566da89e2f76c887ecc4c,2,2026-09-17,2026-09-17
2026-09-17,marktechpost.com,nfkc-casefold-collapse-v1,cf77c34ffe9558bf185d907e61862baee51e205b7643547889933967c4559ac2,2,2026-09-17,2026-09-17
2026-09-17,marktechpost.com,nfkc-casefold-collapse-v1,4c20c95aed855f52b33998358fc89fdfd9f87190ef70b89bcc852b1248869188,2,2026-09-17,2026-09-17
2026-09-17,marktechpost.com,nfkc-casefold-collapse-v1,206d4880b8806f173762a4547023e04f1615589ff92600fc05ddc6577a16f0d3,2,2026-09-17,2026-09-17
2026-09-17,marktechpost.com,nfkc-casefold-collapse-v1,c9d6cf1361a03f7d33445fda0a211b9143a9ee7f442e87a42c398dba1eae788a,2,2026-09-17,2026-09-17
2026-09-17,marktechpost.com,nfkc-casefold-collapse-v1,ca70c364f6781135ae547502743aec826314b03e5271ab9edf3166068e628d73,2,2026-09-17,2026-09-17
2026-09-17,marktechpost.com,nfkc-casefold-collapse-v1,cb0e21675a527336cd7dbc7a2936c6431140105b73b32631b2f2c7abca27b3d7,2,2026-09-17,2026-09-17
2026-09-17,marktechpost.com,nfkc-casefold-collapse-v1,d57f71e8a7ebe4529c0045da1ea092ef9bfc9a6ec326900715aaa7b5a043e5fe,2,2026-09-17,2026-09-17
2026-09-17,marktechpost.com,nfkc-casefold-collapse-v1,a0478d9a8032466d0d295400e054f9bd825b77cea1bb333daf747cecd79860a3,2,2026-09-17,2026-09-17
2026-09-17,marktechpost.com,nfkc-casefold-collapse-v1,919e6dcebd784c6e8f569eda3178abcc73e7a4e067e43d6e8188c2ef813fada1,2,2026-09-17,2026-09-17
2026-09-17,marktechpost.com,nfkc-casefold-collapse-v1,97fcf5bdd464c61934e06c64166f87fde6d6a98668e478e858241e4cb7e0f2f0,2,2026-09-17,2026-09-17
2026-09-17,marktechpost.com,nfkc-casefold-collapse-v1,7112231023ceb892af66f5e1f1333f082c8094e9bf69038283c12f5be2ca8558,2,2026-09-17,2026-09-17
2026-09-17,marktechpost.com,nfkc-casefold-collapse-v1,f9d3c22a6b635fc43d66273ca66939d08550328de5e5f35628a32d808fc2be68,2,2026-09-17,2026-09-17
2026-09-17,marktechpost.com,nfkc-casefold-collapse-v1,b2064d33af4cc7255a690043979322e9dc3beb35a507004d6fe08e4f058812e5,2,2026-09-17,2026-09-17
2026-09-17,marktechpost.com,nfkc-casefold-collapse-v1,0e3f93ed16ad7a5052df53e8a42bed2f8e53a25735e7d7033dc1e7c7039e3706,2,2026-09-17,2026-09-17
2026-09-17,marktechpost.com,nfkc-casefold-collapse-v1,e80b0b243fdddd63304b520fd4d3c8bcbc05839b337c38fa8616deaf9d7e1a14,2,2026-09-17,2026-09-17
2026-09-17,marktechpost.com,nfkc-casefold-collapse-v1,f273f35877511ac4575f622b0ce9f22f3caca7d1adbe2c2fa00b1814eaa6716e,2,2026-09-17,2026-09-17
2026-09-17,news.cgtn.com,nfkc-casefold-collapse-v1,60215fd72e11ff2d1341560627a44285a58f0dfede804e1248bb3fd2f0fea76b,18,2026-09-17,2026-09-17
2026-09-17,news.cgtn.com,nfkc-casefold-collapse-v1,bdc1d7f6eaff335cd07d40e75c51ead801b252bd4ce4a344e4729be738a5d9bf,2,2026-09-17,2026-09-17
2026-09-17,news.cgtn.com,nfkc-casefold-collapse-v1,36d0f08728f97d68c3f6dd8577f89757d7d1eaed73f8d7a8e2cb438221d63c31,2,2026-09-17,2026-09-17
2026-09-17,news.cgtn.com,nfkc-casefold-collapse-v1,83b329590bbf6e1be8f0e84f89b4afb3216407c523236a0dd738c9dba9452c18,2,2026-09-17,2026-09-17
2026-09-17,news.cgtn.com,nfkc-casefold-collapse-v1,9bf202cff12d8e0005747d7544a2f314cd21d235901950a175cf12a7d6829352,2,2026-09-17,2026-09-17
2026-09-17,news.cgtn.com,nfkc-casefold-collapse-v1,1e687d3ccc7871bffafa0a5617d83e8c2fd6b159d5ee6bcadc072172189d5fe1,2,2026-09-17,2026-09-17
2026-09-17,news.cgtn.com,nfkc-casefold-collapse-v1,d6d29d8f21647674883a027f86993c7dc2722e55a1e486014164ccc5d601d759,2,2026-09-17,2026-09-17
2026-09-17,news.cgtn.com,nfkc-casefold-collapse-v1,df9ebe89f5bb556f485bae9988f3035f35e616a72b2902b7c38b43232b8e9245,2,2026-09-17,2026-09-17
2026-09-17,news.cgtn.com,nfkc-casefold-collapse-v1,e8e470378995480878c648d4e8fcf14f297f41732fed51e2966622f8e349ea92,2,2026-09-17,2026-09-17
2026-09-17,news.cgtn.com,nfkc-casefold-collapse-v1,f67e497c853a68eaa3775e1e431bd48a8821e93520a7699e506aa22df96ab478,2,2026-09-17,2026-09-17
2026-09-17,news.cgtn.com,nfkc-casefold-collapse-v1,a814326dba4ebe7a3e49fd343658eb4078c79ddf7ef6fdf55123e64fc1307e10,2,2026-09-17,2026-09-17
2026-09-17,news.cgtn.com,nfkc-casefold-collapse-v1,203c9c9b6ba4d9069d432e9b0b50e353db4563253e66323fc141ab32d6d0e697,2,2026-09-17,2026-09-17
2026-09-17,news.cgtn.com,nfkc-casefold-collapse-v1,008f23934390d088e3482b98f0855d6226759218fe391b7a3651c936e3c95f6a,2,2026-09-17,2026-09-17
2026-09-17,news.cgtn.com,nfkc-casefold-collapse-v1,a92298ecd78a6098cf21df86a06774ac563c4b63199d2b63a82bf0105b048333,2,2026-09-17,2026-09-17
2026-09-17,news.cgtn.com,nfkc-casefold-collapse-v1,1e6050993b57f0fe41cae56d78159d82446d2706d13ce2fd6f9f6048ef677201,2,2026-09-17,2026-09-17
2026-09-17,news.cgtn.com,nfkc-casefold-collapse-v1,d7ecc68c812e847c5e259ae981b2e056f1dd5b84b0365c3b5f565a6364107cc3,2,2026-09-17,2026-09-17
2026-09-17,news.cgtn.com,nfkc-casefold-collapse-v1,60a7d43d21d1a7dd146848da9a7b9f180717f863b4690bd3dbc563e7c2809e80,2,2026-09-17,2026-09-17
2026-09-17,news.cgtn.com,nfkc-casefold-collapse-v1,c978b15f635fd15d678e0d900efa0bb563dc91ede1f857a3cd8d97be6f9939d8,2,2026-09-17,2026-09-17
2026-09-17,news.cgtn.com,nfkc-casefold-collapse-v1,5c636e1d1ce69f4358714f7e6864b8c750b34c98a2b178f36affa477761f86c4,2,2026-09-17,2026-09-17
2026-09-17,news.cgtn.com,nfkc-casefold-collapse-v1,d9c825ca85ce27d81c7d98b79fd86e2a4d36c0061b526d964b4cdb62104f4ce9,2,2026-09-17,2026-09-17
2026-09-17,news.cgtn.com,nfkc-casefold-collapse-v1,6a9bd565f180936963f527092a09655dc40a81500d9da8486c34d3f2c259291a,2,2026-09-17,2026-09-17
2026-09-17,news.cgtn.com,nfkc-casefold-collapse-v1,6a324a65f4f92ef19225e15e105d6d90a8bf63c2ed44433b606e700d464ca8c7,2,2026-09-17,2026-09-17
2026-09-17,news.cgtn.com,nfkc-casefold-collapse-v1,aa8d4e1998b9899b24c89941c8adb6223ecd9f544b6f7fce6c9c051c6848663b,2,2026-09-17,2026-09-17
2026-09-17,news.cgtn.com,nfkc-casefold-collapse-v1,03913947652495f085854633e778ea10b52e0d3d7fd1e5e618ce9bade2f9b8d4,2,2026-09-17,2026-09-17
2026-09-17,news.cgtn.com,nfkc-casefold-collapse-v1,acaa8dbb02ecea126b1fb15f9de67548d2454beb5cdd56ce7357d120135bbb1a,2,2026-09-17,2026-09-17
2026-09-17,news.cgtn.com,nfkc-casefold-collapse-v1,7b5f15693154b7cd836841fdbbdf3d1df7f229bd9e3a56cd8b638ebf44b1f893,2,2026-09-17,2026-09-17
2026-09-17,news.cgtn.com,nfkc-casefold-collapse-v1,b438208c1fc2e65e74f866e595347ff4cc4fbdf4afbc0895469b8d437b9acdf1,2,2026-09-17,2026-09-17
2026-09-17,news.cgtn.com,nfkc-casefold-collapse-v1,292a8cbefcac53da7598db28088fbe0e5410e921b4aaa8968a8d0773247e4af4,2,2026-09-17,2026-09-17
2026-09-17,news.cgtn.com,nfkc-casefold-collapse-v1,18fbc062ce9dcdb9d291db55382a755036dfe036f5a276a7926fa55018996566,2,2026-09-17,2026-09-17
2026-09-17,news.cgtn.com,nfkc-casefold-collapse-v1,f048ce016b19170316b3fb559df2ca2272a44223dfe569ec04917030b5ed0732,2,2026-09-17,2026-09-17
2026-09-17,news.cgtn.com,nfkc-casefold-collapse-v1,ad6d1b0ecf03d7914fed77b3ff428878c981e57c6aefe177a3f6fd1ed1ab8344,2,2026-09-17,2026-09-17
2026-09-17,news.cgtn.com,nfkc-casefold-collapse-v1,f281a56f475cbea3feac2b1ea864333ebdec84fbc6e12beece92d6559e5a405b,2,2026-09-17,2026-09-17
2026-09-17,news.cgtn.com,nfkc-casefold-collapse-v1,29a2832367ee4822922c0ac67f23a4e07c5a3357e42280244442be42209e7a49,2,2026-09-17,2026-09-17
2026-09-17,news.cgtn.com,nfkc-casefold-collapse-v1,f02d43272af89d9ef304678c1c3fad07989e81158a44c9b8a0fce6913d309232,2,2026-09-17,2026-09-17
2026-09-17,news.cgtn.com,nfkc-casefold-collapse-v1,ccb9c20213152e6bacb42ab2a6958ed4b9d0971ab9d532f5831bd6b21103a945,2,2026-09-17,2026-09-17
2026-09-17,news.cgtn.com,nfkc-casefold-collapse-v1,8dc76aed0cfaf0de8f643880e04331e39d5a749b4d07f5026e8f3244f297b078,2,2026-09-17,2026-09-17
2026-09-17,news.cgtn.com,nfkc-casefold-collapse-v1,f67d84794862a12e4ce2ac8a374110629f2faa81d76ae7338cc49e9773735244,2,2026-09-17,2026-09-17
2026-09-17,news.cgtn.com,nfkc-casefold-collapse-v1,65bfc285bd60f0ac32d8255db70bac935d6edce736fcd78ca7d949cfc66cda8e,2,2026-09-17,2026-09-17
2026-09-17,news.cgtn.com,nfkc-casefold-collapse-v1,63d27ccdfa9ec5b4e9ed624b535023ca211db5faf6213c681c9bc14c832dc6c4,2,2026-09-17,2026-09-17
2026-09-17,news.cgtn.com,nfkc-casefold-collapse-v1,d63b65353876d46df4ce2e580f352d0e1a48a99cdf51bc82f4dd7272394b120e,2,2026-09-17,2026-09-17
2026-09-17,news.cgtn.com,nfkc-casefold-collapse-v1,d6f0872f55cfeb647e17e7d2dc310aaee9e05857415f405b81a9742a5599479a,2,2026-09-17,2026-09-17
2026-09-17,news.cgtn.com,nfkc-casefold-collapse-v1,0ded1ff29a267273fe147c678bef96b5d55625f17e4b65b1594603d8804a9a5b,2,2026-09-17,2026-09-17
2026-09-17,news.cgtn.com,nfkc-casefold-collapse-v1,236768e2023209b3212837c6e8413a5149c00c23b26f29aff89fa094ed110089,2,2026-09-17,2026-09-17
2026-09-17,news.cgtn.com,nfkc-casefold-collapse-v1,7035a6f4857caf13feeb628d8904f3cb9f999c496053047d57f41b824ec56e99,2,2026-09-17,2026-09-17
2026-09-17,news.cgtn.com,nfkc-casefold-collapse-v1,fe48ec1d1fa59663d31d1b5c96a7760ab37aa76335d23146721f41e5a3abe22f,2,2026-09-17,2026-09-17
2026-09-17,news.cgtn.com,nfkc-casefold-collapse-v1,a865ca925b669e1219b7a053c6700105318c8def5212c33725f3a88480d24433,2,2026-09-17,2026-09-17
2026-09-17,news.cgtn.com,nfkc-casefold-collapse-v1,c338bdd3f7466dc8fca7408c3d05262fa8186861aa8f3071b9c426ef3ce39068,2,2026-09-17,2026-09-17
2026-09-17,news.cgtn.com,nfkc-casefold-collapse-v1,040f62345512170d24b5b1c07a8d660fc8a118771f563d7b565d2c21349a0315,2,2026-09-17,2026-09-17
2026-09-17,news.cgtn.com,nfkc-casefold-collapse-v1,9896c0fecf03bb75ff22644b3fc971733645938c9bfaab8d22e94068d64ddd3c,2,2026-09-17,2026-09-17
2026-09-17,news.cgtn.com,nfkc-casefold-collapse-v1,7a19e3edffb27f4f6bafb22e2a667d369d44038d6a4c0662c0623299ef57a0d5,2,2026-09-17,2026-09-17
2026-09-17,news.cgtn.com,nfkc-casefold-collapse-v1,fe7d14e06fedfc10e66f2d9c662425013de29fc7608c02a93c5b4f2f1a68ea8e,2,2026-09-17,2026-09-17
2026-09-17,news.cgtn.com,nfkc-casefold-collapse-v1,4c6f8b7a3288de94def2bd92d1b8e60231cf0339d55a67cd19986468c4c18a91,2,2026-09-17,2026-09-17
2026-09-17,news.cgtn.com,nfkc-casefold-collapse-v1,9de4564be329d809d2353e3fe95b122037de96adc2daf429eb5b787b776af2fe,2,2026-09-17,2026-09-17
2026-09-17,news.cgtn.com,nfkc-casefold-collapse-v1,3ccb6153e3a18218a380d88b4d3091dd1db2b0b0a9c4b73352c09d6c4c525a63,2,2026-09-17,2026-09-17
2026-09-17,news.cgtn.com,nfkc-casefold-collapse-v1,9367dde2ab9772c34350381bca0fb5e94c57585f7bc4eb5bd475b03fdcbf9110,2,2026-09-17,2026-09-17
2026-09-17,news.cgtn.com,nfkc-casefold-collapse-v1,54cebf2c978114b1f47f74c21fbb84264a16f9816e467f863c448483fc265641,2,2026-09-17,2026-09-17
2026-09-17,news.cgtn.com,nfkc-casefold-collapse-v1,9ac941e9b8978b1d917ffd9207b7857a183ee6c0e26da6b3092e3d86bbbe53d5,2,2026-09-17,2026-09-17
2026-09-17,news.cgtn.com,nfkc-casefold-collapse-v1,399172db6a0f82c4e967cb7107c0561abd5f9daf8503b5b6ab8a2e02e3b68c38,2,2026-09-17,2026-09-17
2026-09-17,news.cgtn.com,nfkc-casefold-collapse-v1,46d55a7ac6133bb6254108f823956c131482cc0dfa6459cd92dd87afb168d07b,2,2026-09-17,2026-09-17
2026-09-17,news.cgtn.com,nfkc-casefold-collapse-v1,b98aa2b8ebb759a252f6ddd8837bff2eb8b3cb9dd4795ba4cf211df856d463da,2,2026-09-17,2026-09-17
2026-09-17,news.cgtn.com,nfkc-casefold-collapse-v1,2562610007464af88086eb0dd6c268a35ea19ecd21801c93c77367775f1f0b2b,2,2026-09-17,2026-09-17
2026-09-17,news.cgtn.com,nfkc-casefold-collapse-v1,9033f3c51b6c3956eb86c6097f3d8097d878b521751abf9edd615d51a2a37c65,2,2026-09-17,2026-09-17
2026-09-17,news.cgtn.com,nfkc-casefold-collapse-v1,591e62fbdb3a6ae3387724bcd8790a5f3dbd48d22ecb2b312d0a72316afe9337,2,2026-09-17,2026-09-17
2026-09-17,news.cgtn.com,nfkc-casefold-collapse-v1,cbb587919fe5a15ae978d621d12756cc922e4594d26174e4b8a125e1d717f17d,2,2026-09-17,2026-09-17
2026-09-17,news.cgtn.com,nfkc-casefold-collapse-v1,93db3fd815baeefa577c1bdd64691b66e064624188a144eb2aa7fd4bc8e45436,2,2026-09-17,2026-09-17
2026-09-17,news.cgtn.com,nfkc-casefold-collapse-v1,0b58a614dc05743dc07c067ccc3bacd02faf8adfb6436c0a582dfd8d12210eb0,2,2026-09-17,2026-09-17
2026-09-17,news.cgtn.com,nfkc-casefold-collapse-v1,46c84655482541bd7d88cbe63a45e2549434dfaf2896b215f21ff8789409693c,2,2026-09-17,2026-09-17
2026-09-17,news.mongabay.com,nfkc-casefold-collapse-v1,76ce543769d74e9963730837dfcaabe2a2b3beae0a0f86836533e79cd25bb6b3,4,2026-09-17,2026-09-17
2026-09-17,news.mongabay.com,nfkc-casefold-collapse-v1,cc33681872b0f9c8e872e7b8b236f7ababa04fe130e8d5c2144a317cd6730c7d,2,2026-09-17,2026-09-17
2026-09-17,news.mongabay.com,nfkc-casefold-collapse-v1,3287463e7a0c9d177c0f80071935407276d8f6902f7a424249ee9265ea762cb3,2,2026-09-17,2026-09-17
2026-09-17,news.mongabay.com,nfkc-casefold-collapse-v1,626daaab139772173a8ca65969f5afe1cfbac2701648c27cf4023cebc0158d35,2,2026-09-17,2026-09-17
2026-09-17,news.mongabay.com,nfkc-casefold-collapse-v1,7837f994ba5f05dac47afc73499f0acf4ac577b007474ff193322c88a0b42264,2,2026-09-17,2026-09-17
2026-09-17,news.mongabay.com,nfkc-casefold-collapse-v1,72f0df7b51dfc5f70181a137af28c31fdfc15b08b2c64f951cdcce1eab928b35,2,2026-09-17,2026-09-17
2026-09-17,news.mongabay.com,nfkc-casefold-collapse-v1,aac3eac12a727ad70b54c8ba5040ae0aeede7fe1e7633d2cdb5885e047e9e491,2,2026-09-17,2026-09-17
2026-09-17,news.mongabay.com,nfkc-casefold-collapse-v1,823a9d5fc037a407ccbdae6a5d57b75965732f383de752efee075a071e06106c,2,2026-09-17,2026-09-17
2026-09-17,news.mongabay.com,nfkc-casefold-collapse-v1,1337e1838158076631d9fa9b36b6436a415e9a80a4a0711d81fdbed03e4a7939,2,2026-09-17,2026-09-17
2026-09-17,news.mongabay.com,nfkc-casefold-collapse-v1,4068f3691843add14e963da0cdb9ecf2909bbefe447b859e6a9668548370681a,2,2026-09-17,2026-09-17
2026-09-17,news.mongabay.com,nfkc-casefold-collapse-v1,a332cadac0858c286ff4092a9f4a07c15cb18754186d13574d1960e716918ad7,2,2026-09-17,2026-09-17
2026-09-17,news.mongabay.com,nfkc-casefold-collapse-v1,ce42b6ae9695dcb73318b86b1af0225afc12c7926beb6248328a84e7c864b1eb,2,2026-09-17,2026-09-17
2026-09-17,news.mongabay.com,nfkc-casefold-collapse-v1,71ab494ce163777fdde1131eede46e6a8dfc740ef9edec8695bceb75fd9ead17,2,2026-09-17,2026-09-17
2026-09-17,news.mongabay.com,nfkc-casefold-collapse-v1,6bb9f361be64b19c9227c4977d7dacefe48c34c8f00ea6100a9d4071c0e42c5b,2,2026-09-17,2026-09-17
2026-09-17,news.mongabay.com,nfkc-casefold-collapse-v1,758d12e2db1ae7784f361fc6f1d68af9c78483418392cbabe72d03eff00de8e0,2,2026-09-17,2026-09-17
2026-09-17,news.mongabay.com,nfkc-casefold-collapse-v1,89961a90eb4b45d6a97fa1499db6382bb40150692c41d29e0c0bed9016f051cf,2,2026-09-17,2026-09-17
2026-09-17,news.mongabay.com,nfkc-casefold-collapse-v1,55e32b6bc16b1396aabbc1bcf41774518b89af5155eab6da08c2247bce80714e,2,2026-09-17,2026-09-17
2026-09-17,news.mongabay.com,nfkc-casefold-collapse-v1,73b91ff16ff2662176dceaaa783af7ed852cc09d5edfddcd9c6f1792dd2f777d,2,2026-09-17,2026-09-17
2026-09-17,news.mongabay.com,nfkc-casefold-collapse-v1,19539d6da6875c0ba2faad52dfc473776963f0f538c8b6af4f09b856672571e4,2,2026-09-17,2026-09-17
2026-09-17,news.mongabay.com,nfkc-casefold-collapse-v1,9ce58e3e6c4ec6f3878f822ade465470709ae8a4114c5de90332c71129a80851,2,2026-09-17,2026-09-17
2026-09-17,news.mongabay.com,nfkc-casefold-collapse-v1,4813558a0d9637dcd7ae4fbfcbee9178c6e0e1cad6e6ee31d17d94dcad7f9206,2,2026-09-17,2026-09-17
2026-09-17,news.mongabay.com,nfkc-casefold-collapse-v1,af0a897ab33b738dc6540a864021d726592198ded9e16cc69101b81bda8cea75,2,2026-09-17,2026-09-17
2026-09-17,news.mongabay.com,nfkc-casefold-collapse-v1,9bf0e08d95666a0b24c4167e5d2115104b6f4246bb3a31b8a3885ee7613641dc,2,2026-09-17,2026-09-17
2026-09-17,news.mongabay.com,nfkc-casefold-collapse-v1,7641e162c782c1cdf0366e535ce02df1c49eba53df735d637bbc7e5fc407bd9a,2,2026-09-17,2026-09-17
2026-09-17,news.mongabay.com,nfkc-casefold-collapse-v1,111b3c668d4619ef2079dcc212e609fd7f004624a722aae3b933f205d1f75a51,2,2026-09-17,2026-09-17
2026-09-17,news.mongabay.com,nfkc-casefold-collapse-v1,20cc91ba244ce1ec5dc2dcedb832ae86278a37ec7f1da1973ac4b98c8b419b65,2,2026-09-17,2026-09-17
2026-09-17,news.mongabay.com,nfkc-casefold-collapse-v1,43bcbb4b747db26d0c5142334e045b770b8c04c9b0c71c84d1beec770250602f,2,2026-09-17,2026-09-17
2026-09-17,news.mongabay.com,nfkc-casefold-collapse-v1,bd0c7855ff542a588f5e759e95610f8317550c55c863aa422896bb5d7d6c800f,2,2026-09-17,2026-09-17
2026-09-17,news.mongabay.com,nfkc-casefold-collapse-v1,f53b9218ff4cefd191d82003cc7b5c458b24ca4b01eb5fb9b7ddaaca8f8fbc62,2,2026-09-17,2026-09-17
2026-09-17,news.mongabay.com,nfkc-casefold-collapse-v1,49d4a2b3551eaf9217a82de972529b97fb827d1ced16969096425e0df0d35196,2,2026-09-17,2026-09-17
2026-09-17,news.mongabay.com,nfkc-casefold-collapse-v1,1281f48c07d1d326965bf10c5f20b3131b1366b08d10a3a6dcf354a59bced29e,2,2026-09-17,2026-09-17
2026-09-17,news.mongabay.com,nfkc-casefold-collapse-v1,daf08f449bfdc82beaf601bb69d3b5227a06d2988cd4fd416b446c0032359891,2,2026-09-17,2026-09-17
2026-09-17,news.mongabay.com,nfkc-casefold-collapse-v1,170de8c4aeecbc81c36e920dffd2aa47172132955b3e5a9f65f7ebb2200b0abe,2,2026-09-17,2026-09-17
2026-09-17,news.mongabay.com,nfkc-casefold-collapse-v1,d89daea8a48f9b780f5bdc29172e8d6436e64fbe728ea4985809f576b4a635d3,2,2026-09-17,2026-09-17
2026-09-17,news.mongabay.com,nfkc-casefold-collapse-v1,131467c2273487f60b5a166f80ce76c38d4083dda5a557c3c9be432528833f7f,2,2026-09-17,2026-09-17
2026-09-17,news.mongabay.com,nfkc-casefold-collapse-v1,38d26d889c274ba9eda2646df058ce68134c27a19f17fe012b334b3867a5884b,2,2026-09-17,2026-09-17
2026-09-17,news.mongabay.com,nfkc-casefold-collapse-v1,dcae20d8c422873cca483cc4393524ebd99376c9d4920d421f804be298291e5e,2,2026-09-17,2026-09-17
2026-09-17,news.mongabay.com,nfkc-casefold-collapse-v1,23c522dea4a9a4fd193d1de66e7c29e28b3bcd3c6713b94ace7fa960a2a8b5ac,2,2026-09-17,2026-09-17
2026-09-17,news.mongabay.com,nfkc-casefold-collapse-v1,ae94cae71acddaaba6c3d1d556daac6986fd1be512ba1069a3daa9ce649d0c2e,2,2026-09-17,2026-09-17
2026-09-17,news.mongabay.com,nfkc-casefold-collapse-v1,a31bfe6781cf827d15774c48930e5a45060d981873f6cc837ece0c1cc56144db,2,2026-09-17,2026-09-17
2026-09-17,news.mongabay.com,nfkc-casefold-collapse-v1,0e0fb9a105ea70ee6738f04f4833d932ddb3528878b85ae65461f5ac4adc524b,2,2026-09-17,2026-09-17
2026-09-17,news.mongabay.com,nfkc-casefold-collapse-v1,ff9b6200e877afd7f2724afcd62d86bcc687952998f85451327639e8aec917b3,2,2026-09-17,2026-09-17
2026-09-17,news.mongabay.com,nfkc-casefold-collapse-v1,d139049d7dd257fcdfea8106c626a9cbbb3df4dd3a81a8f09559efa6458874c4,2,2026-09-17,2026-09-17
2026-09-17,news.mongabay.com,nfkc-casefold-collapse-v1,f0427bd20205d9f7bb6250f947582ef8b8f4fd8b9919f63963e8014114275859,2,2026-09-17,2026-09-17
2026-09-17,news.mongabay.com,nfkc-casefold-collapse-v1,36f64034587f0e37ebb05403974325aae5d859214267394205eec34fcc337339,2,2026-09-17,2026-09-17
2026-09-17,news.mongabay.com,nfkc-casefold-collapse-v1,95207437fd7731b619061657e5adde3348a41ea4d067059527a5513102f5b024,2,2026-09-17,2026-09-17
2026-09-17,news.mongabay.com,nfkc-casefold-collapse-v1,d5ce3cb7e735c6025bef2fed3e0354cff7fa706d71a81d63c1d6760e71b95676,2,2026-09-17,2026-09-17
2026-09-17,news.mongabay.com,nfkc-casefold-collapse-v1,9dd2c2200c3f960920dccbba2bbd7d62e8c3dcacc318cd5ec751a731022ab26d,2,2026-09-17,2026-09-17
2026-09-17,news.mongabay.com,nfkc-casefold-collapse-v1,9d5b1fc92e5dafb47f05d037ba88e9f90a32178da20ad1d72e80e3c64d9c9cb6,2,2026-09-17,2026-09-17
2026-09-17,news.mongabay.com,nfkc-casefold-collapse-v1,0229d7c07f6eb3e46311673b8dcba6efc8579955c0d18afc03ae3cbfe075c2da,2,2026-09-17,2026-09-17
2026-09-17,news.mongabay.com,nfkc-casefold-collapse-v1,7b41f6f71e689e284c69ddc1f74c17c6e2ec8ab5539199d69e07a1ef1e88a628,2,2026-09-17,2026-09-17
2026-09-17,news.mongabay.com,nfkc-casefold-collapse-v1,4af4eb64405f2c16a69521aa38bd3992c6c327425eee95e8d5da797a8ee70c98,2,2026-09-17,2026-09-17
2026-09-17,news.mongabay.com,nfkc-casefold-collapse-v1,566a824130a6bf8eca1e9f0315f31da20478d626e23a6a49ae9a14408c489717,2,2026-09-17,2026-09-17
2026-09-17,news.mongabay.com,nfkc-casefold-collapse-v1,ad592e2691d65126240c36946c3f47e84808c85f87b7bb2873c1815c9205eb7d,2,2026-09-17,2026-09-17
2026-09-17,news.mongabay.com,nfkc-casefold-collapse-v1,64bb91a0af0fc3d5b7b912c1e836d455806361f9ac3e37a8df446487269a45e7,2,2026-09-17,2026-09-17
2026-09-17,news.mongabay.com,nfkc-casefold-collapse-v1,cca2e4531ac4eba91ccd7b5b2f9fd18bf8ed9ff410bc7a57fb14ed00f0386237,2,2026-09-17,2026-09-17
2026-09-17,news.mongabay.com,nfkc-casefold-collapse-v1,8d2618642705ca2ff7f3e6ca2a56878bfafc576e1f0b20926d1627d51a5282ab,2,2026-09-17,2026-09-17
2026-09-17,news.mongabay.com,nfkc-casefold-collapse-v1,03626b87607d0c0449c8069bf0a86143a6f5331d2cd03cf647d34b98065439e8,2,2026-09-17,2026-09-17
2026-09-17,news.mongabay.com,nfkc-casefold-collapse-v1,51d4203e83533f11f484bc3ec77c5d1cfed69ecafa3a4cf66badd2bb3cb7c2dc,2,2026-09-17,2026-09-17
2026-09-17,news.mongabay.com,nfkc-casefold-collapse-v1,070d80c393247e8f3ef97d83fc186b18fcd450e4f535c5d74cc07d08ad0f154f,2,2026-09-17,2026-09-17
2026-09-17,news.mongabay.com,nfkc-casefold-collapse-v1,76d2159dc9341b557844e9ab893bc07c2777c11bbfe79825824dc34905d0bce2,2,2026-09-17,2026-09-17
2026-09-17,news.mongabay.com,nfkc-casefold-collapse-v1,e0550c528c6fc79be927e5b1f9d69fce3c712929c8f4c39d94257f21c8439ab8,2,2026-09-17,2026-09-17
2026-09-17,news.mongabay.com,nfkc-casefold-collapse-v1,aa8357e00255bb97d82d44a8a86c36c9458e5745b6196af392cd7ccbaaefdf6b,2,2026-09-17,2026-09-17
2026-09-17,news.mongabay.com,nfkc-casefold-collapse-v1,2b188590846ca7b2ea495b5deb4a1d08014c3300bf789f9ecf6937132513835b,2,2026-09-17,2026-09-17
2026-09-17,news.mongabay.com,nfkc-casefold-collapse-v1,2bf0dfc0fc4ccaf8b79c9a8f42e79efa2aa1fb92c8081c427da243bda3bd3d14,2,2026-09-17,2026-09-17
2026-09-17,news.mongabay.com,nfkc-casefold-collapse-v1,1238a37ad6548d76ce2a6072b14414307da9a16a6acfa424326ace69a3ddab3a,2,2026-09-17,2026-09-17
2026-09-17,news.mongabay.com,nfkc-casefold-collapse-v1,34864f80febc9f93a6368dd4f60b8b908545c15f52a7e939c73ed792dee5050f,2,2026-09-17,2026-09-17
2026-09-17,news.mongabay.com,nfkc-casefold-collapse-v1,b145a9b74ba74247e4bf4f6cb59fcb457d1fb0c4f6494ced46baf46b2f625cde,2,2026-09-17,2026-09-17
2026-09-17,news.mongabay.com,nfkc-casefold-collapse-v1,541cc3826f3e672cd296263c6e68f9cb9c13953b86db729002f88be6b164fe44,2,2026-09-17,2026-09-17
2026-09-17,news.mongabay.com,nfkc-casefold-collapse-v1,6ad8bd58b8cd7b4a55c7889c2907c296e8df7338b827e3f19bafeeb979a75b9d,2,2026-09-17,2026-09-17
2026-09-17,news.mongabay.com,nfkc-casefold-collapse-v1,e2e5aa338185ff45b343c52ea8cf0b51820e2276b64e2d087e828db0c10a7184,2,2026-09-17,2026-09-17
2026-09-17,news.mongabay.com,nfkc-casefold-collapse-v1,f27dd4d3d86b3eec879907472b94431c305d483e988858240f319e431056117f,2,2026-09-17,2026-09-17
2026-09-17,news.mongabay.com,nfkc-casefold-collapse-v1,4b88db980b0558a9d256908adcbc96a040af41bbb9ad4b88b7c8c2ed508ca088,2,2026-09-17,2026-09-17
2026-09-17,news.mongabay.com,nfkc-casefold-collapse-v1,7ac59f00e3fc1c77f69163f20783cffd2041da6cbb626211f2c0844329e3f68e,2,2026-09-17,2026-09-17
2026-09-17,news.mongabay.com,nfkc-casefold-collapse-v1,42d45470a7f4ff48f40924465e669adab9904e62cdd331b19c19eec85f2b9aa5,2,2026-09-17,2026-09-17
2026-09-17,news.mongabay.com,nfkc-casefold-collapse-v1,621ca13eb64d914712b8f5ef1d7f02a75434cc73ccc746b6aaf50fe750ca401a,2,2026-09-17,2026-09-17
2026-09-17,news.mongabay.com,nfkc-casefold-collapse-v1,164e1d6ecf88e557482be592bb00eae7c3325297de8e2934f73d03b35c0075d3,2,2026-09-17,2026-09-17
2026-09-17,news.mongabay.com,nfkc-casefold-collapse-v1,f4203e6eb8022cbdcca374e7e474973f4928a7591bf48d7b092f5dc287b70026,2,2026-09-17,2026-09-17
2026-09-17,news.mongabay.com,nfkc-casefold-collapse-v1,27a742e37fe3361d4bab3ffa6ae6c434b7a7b6866d7d188004c4ad781a698980,2,2026-09-17,2026-09-17
2026-09-17,news.mongabay.com,nfkc-casefold-collapse-v1,ea9fc013b79afbd8bf7df0b064d41bdefbf2b9a1cf4a42fd62ee96fd12700055,2,2026-09-17,2026-09-17
2026-09-17,news.mongabay.com,nfkc-casefold-collapse-v1,5ab791aefe1e095976af92561230e75cf2f7f4ff5d47378f24d3bd9c959ddada,2,2026-09-17,2026-09-17
2026-09-17,news.mongabay.com,nfkc-casefold-collapse-v1,ec018ba2aba3b5762561914f3e379ec9d44342766ac4b2414812d93ae378abd5,2,2026-09-17,2026-09-17
2026-09-17,news.mongabay.com,nfkc-casefold-collapse-v1,e1f4640369a4332539587d0c27dc1ad01f8a951a484bda33ab90f9f1a2faa83e,2,2026-09-17,2026-09-17
2026-09-17,news.mongabay.com,nfkc-casefold-collapse-v1,922068ce5267b2431edf39ee10a2775e8a9c69addd0cf81825a604eb0ea6847a,2,2026-09-17,2026-09-17
2026-09-17,news.mongabay.com,nfkc-casefold-collapse-v1,dc2e6e68b94e249220394fc60c1d007207258ae334fbfa8eb3b9f32bfed2b6b2,2,2026-09-17,2026-09-17
2026-09-17,news.mongabay.com,nfkc-casefold-collapse-v1,0e2906b0d4d55ad345afe8469a8aa84a0d4728c562fa605afb32132d638b7d1b,2,2026-09-17,2026-09-17
2026-09-17,news.mongabay.com,nfkc-casefold-collapse-v1,3e465faa882a977f02f15422a523541732b761d7658423c14f2242b120e9646a,2,2026-09-17,2026-09-17
2026-09-17,news.mongabay.com,nfkc-casefold-collapse-v1,7002212f7fdc4dd3b17e0135bfa0aa414dd21b3554a8ea4330a6e5503844b6a1,2,2026-09-17,2026-09-17
2026-09-17,npr.org,nfkc-casefold-collapse-v1,9b8d07a6b343f17113e6d02bff3ffbce9be26fd3d584d3ee96b9d2318f8e029b,2,2026-09-17,2026-09-17
2026-09-17,npr.org,nfkc-casefold-collapse-v1,5d4d7b2a4187729ce0d7e7ee4c75293cd07c9109c52a3788fef48ccf175190ad,2,2026-09-17,2026-09-17
2026-09-17,npr.org,nfkc-casefold-collapse-v1,a0576226ec1a63f51de50d58dcb22791d669200d28337a26921df8186307eb3e,2,2026-09-17,2026-09-17
2026-09-17,npr.org,nfkc-casefold-collapse-v1,8b363189fce21ea28240a5308b192e7af260975d29398aa93d6eda2155597bc0,2,2026-09-17,2026-09-17
2026-09-17,npr.org,nfkc-casefold-collapse-v1,4250019e0c79702b90e817cbb1a26a53061a4a387c7b28750fb18962020ed333,2,2026-09-17,2026-09-17
2026-09-17,npr.org,nfkc-casefold-collapse-v1,d8a0ae2f5ceedd6693e444ff2e05970ecbc656a62e0f5f8393e6dd696b6a4e2f,2,2026-09-17,2026-09-17
2026-09-17,npr.org,nfkc-casefold-collapse-v1,c35e377f3a6055e673716770f0f15642ef4a2e325735e64a8d34e3d8f7fec17a,2,2026-09-17,2026-09-17
2026-09-17,npr.org,nfkc-casefold-collapse-v1,c574ff5720144900a12dd6ec28ec0a7728c948248e660d3d6b31fb122a1c2609,2,2026-09-17,2026-09-17
2026-09-17,npr.org,nfkc-casefold-collapse-v1,c1c0f9b4c5273335b54c21e796bb04be0ab9bf17c371c38468f109970cbab26b,2,2026-09-17,2026-09-17
2026-09-17,npr.org,nfkc-casefold-collapse-v1,d337e2ee0bae0ff450be64f24b17adc0b3ef6c4b4c31c3cef07d21f373de1df4,2,2026-09-17,2026-09-17
2026-09-17,npr.org,nfkc-casefold-collapse-v1,95600d631a97d0cdc825695f2d07fe6dc6ab65150f56c641dccfebf11b46cd6b,2,2026-09-17,2026-09-17
2026-09-17,npr.org,nfkc-casefold-collapse-v1,62db2bb61e9aec2a5bedce9a81be821d2d7751e95da44bb8e2d40bfffa26583a,2,2026-09-17,2026-09-17
2026-09-17,npr.org,nfkc-casefold-collapse-v1,b006b2ea53163b0eb4e6596b01ec353ad48b16a5479d020a139428cb13209695,2,2026-09-17,2026-09-17
2026-09-17,npr.org,nfkc-casefold-collapse-v1,19630a26e07a3cc8a3409c6efbb0d1af25f7cd24f2025a53bef6f250a51f4525,2,2026-09-17,2026-09-17
2026-09-17,npr.org,nfkc-casefold-collapse-v1,ff507f391cd5fcf52cd967ec899e023d81da0c79ee0b59a02b32042299f76afa,2,2026-09-17,2026-09-17
2026-09-17,npr.org,nfkc-casefold-collapse-v1,b6b223a8b24cc96db30ba02a53903e0b16a7e5702d0def0fc98d22bd2e96f03c,2,2026-09-17,2026-09-17
2026-09-17,npr.org,nfkc-casefold-collapse-v1,979bde52c1b9aba297f8d33bbb8e69b79ca55ca8423f427ff9a4ab9775306c23,2,2026-09-17,2026-09-17
2026-09-17,npr.org,nfkc-casefold-collapse-v1,debd121556d26d9e1a27fd3e1bc3df71174cc788548fee353384c1b04f5e320e,2,2026-09-17,2026-09-17
2026-09-17,npr.org,nfkc-casefold-collapse-v1,1e7375c13901a5e5714f60ac3f1c03cbe0591df0b7f08370def03c34d4fb02fe,2,2026-09-17,2026-09-17
2026-09-17,npr.org,nfkc-casefold-collapse-v1,0b4d9f3b41614323e0172e075b001fcc5028159625c56d39d5ef5e09c0b07356,2,2026-09-17,2026-09-17
2026-09-17,npr.org,nfkc-casefold-collapse-v1,459520965cc27e34a7d610773a7c2d542de930dae09232f7ff517d3453a7ee40,2,2026-09-17,2026-09-17
2026-09-17,npr.org,nfkc-casefold-collapse-v1,75498dd0bd5502a914eb9d319120c722ab5d8f6639e6d0cfc7e7011050f29492,2,2026-09-17,2026-09-17
2026-09-17,npr.org,nfkc-casefold-collapse-v1,974ff967270a4a40a7e65e405ce5761e3624cddbb5b07f385cd9f435abf090a7,2,2026-09-17,2026-09-17
2026-09-17,npr.org,nfkc-casefold-collapse-v1,6a589708dc6435bfbb6e77ae42c598a6edb4a5813728b70ad5757ba29e453fef,2,2026-09-17,2026-09-17
2026-09-17,npr.org,nfkc-casefold-collapse-v1,9eb094f1f816f77366222b2c6994e266dea55be92b451b1fd3a042532b91823b,2,2026-09-17,2026-09-17
2026-09-17,npr.org,nfkc-casefold-collapse-v1,ceb70853308ceea3d6c8acb49dd3d31e1917910d5f3923182e396e29ee5c6cd7,2,2026-09-17,2026-09-17
2026-09-17,npr.org,nfkc-casefold-collapse-v1,5fe06c07f3fd4248e2bf59e5735c27e02ba8eecec683d129aaaa097e5415f9c8,2,2026-09-17,2026-09-17
2026-09-17,npr.org,nfkc-casefold-collapse-v1,bfbbf39a548c3f0fe2a6362b76ccc10c03be6bd31789150ee4c4c66e08174b5e,2,2026-09-17,2026-09-17
2026-09-17,oilprice.com,nfkc-casefold-collapse-v1,f0b0ba2e821cc8988521f77224f77da072f0ca488421332037e1f66029d3a1b3,8,2026-09-17,2026-09-17
2026-09-17,oilprice.com,nfkc-casefold-collapse-v1,7265977371cd720200ba6e5d6a85bb39488fc450aa10ba8b7d922840b1fde161,6,2026-09-17,2026-09-17
2026-09-17,oilprice.com,nfkc-casefold-collapse-v1,ce1d02ff5cb1593e9ce7cd29704c1a04a0a2b5f6863595c7d683e96b5350511f,2,2026-09-17,2026-09-17
2026-09-17,oilprice.com,nfkc-casefold-collapse-v1,967bf7b3553ed1e272d31b26610f954b4e9d832a88523d49c711301e2ce7bae5,2,2026-09-17,2026-09-17
2026-09-17,oilprice.com,nfkc-casefold-collapse-v1,db23cb32ed8341295e32ccbf353270f0f17794c840ede270384948ed41c84514,2,2026-09-17,2026-09-17
2026-09-17,oilprice.com,nfkc-casefold-collapse-v1,4f4cec5375e3028c0717ae9fe84338ebfd79b699ddcabec09aed4c401f94434c,2,2026-09-17,2026-09-17
2026-09-17,oilprice.com,nfkc-casefold-collapse-v1,1d438f67e619c5b643c4bab73152a253cbc48f5cf0f70651addb728b64f39731,2,2026-09-17,2026-09-17
2026-09-17,oilprice.com,nfkc-casefold-collapse-v1,c8d81c2195d213cea6a81875537c9d0223e95eabb4fb3793254303a6bab1d91c,2,2026-09-17,2026-09-17
2026-09-17,oilprice.com,nfkc-casefold-collapse-v1,0bc8d8d31f1505c12d01ab8260ad53c4ec502567f7f07471b536cfd7ebfd360c,2,2026-09-17,2026-09-17
2026-09-17,oilprice.com,nfkc-casefold-collapse-v1,edb34586324ff4f3b67374104bc57861e6c35214fe98b6b86914899b11cc994e,2,2026-09-17,2026-09-17
2026-09-17,oilprice.com,nfkc-casefold-collapse-v1,fda4771a8bdab541afc4a4cca268706bc35b6df0f9e1f4b337d69a1254bc7434,2,2026-09-17,2026-09-17
2026-09-17,oilprice.com,nfkc-casefold-collapse-v1,782725fe94be77df11909b428fb67865b1c8daf6c956ba9d8a6ab0d7eacd1297,2,2026-09-17,2026-09-17
2026-09-17,oilprice.com,nfkc-casefold-collapse-v1,62a4bbf4a752dc548dd66b38b7dece4b5f5651d17e10e6087ed489894dcd309a,2,2026-09-17,2026-09-17
2026-09-17,oilprice.com,nfkc-casefold-collapse-v1,0f7fbfd39b6cf6f4c3e071f6526e8d031bc23b710d584c53054ae91a00a383d0,2,2026-09-17,2026-09-17
2026-09-17,oilprice.com,nfkc-casefold-collapse-v1,4017cdef3f4d7df7f42debed75e6c047231831f55ab3ce05f119a40fe31810c6,2,2026-09-17,2026-09-17
2026-09-17,oilprice.com,nfkc-casefold-collapse-v1,8d479181b7e8807dddc468a0c6638dda01ac025b7749489a21d3fe91b0fb012b,2,2026-09-17,2026-09-17
2026-09-17,oilprice.com,nfkc-casefold-collapse-v1,aac06f56cf44cff468664a2170a0b75c3292e860bd7ad9f84da44b5c21f8c26f,2,2026-09-17,2026-09-17
2026-09-17,oilprice.com,nfkc-casefold-collapse-v1,577f86e21f61b6982cfb686f0784a40d4593543cc10bb9dfe8febc5a52c7e79a,2,2026-09-17,2026-09-17
2026-09-17,oilprice.com,nfkc-casefold-collapse-v1,1d25fbc74ae601e1d8b2ac5081871fc70cbcd818957506d0420f55364df806fd,2,2026-09-17,2026-09-17
2026-09-17,oilprice.com,nfkc-casefold-collapse-v1,39b63f2a7796db02b96d35f9969fb1b58f1c23437130872eb866f7e6677c67da,2,2026-09-17,2026-09-17
2026-09-17,oilprice.com,nfkc-casefold-collapse-v1,fe5aff7f14a3438c5b29e2756657d90fdff9c0e83d40cbca53c154c901974fb8,2,2026-09-17,2026-09-17
2026-09-17,oilprice.com,nfkc-casefold-collapse-v1,a7dcf244344cce381beac17994939946c2f3c0a74959eade4346ea73b541d8f6,2,2026-09-17,2026-09-17
2026-09-17,oilprice.com,nfkc-casefold-collapse-v1,6da50f5f2398c9c2520508ddad6dd6a4545a790e23c1ba4bc4fd475b53dcd17b,2,2026-09-17,2026-09-17
2026-09-17,oilprice.com,nfkc-casefold-collapse-v1,d2b872a5e738abcafb7edce2cdfef65da8222a54debbbd843ad58f8578649734,2,2026-09-17,2026-09-17
2026-09-17,oilprice.com,nfkc-casefold-collapse-v1,5565fda56227049ff0edb2675055a91c9781e28a75c7498c4b8d71c6502632e2,2,2026-09-17,2026-09-17
2026-09-17,oilprice.com,nfkc-casefold-collapse-v1,54bfb36c0cb108eb8815f42268e408f11615d4d4619cf82cc81808f58ed0c736,2,2026-09-17,2026-09-17
2026-09-17,oilprice.com,nfkc-casefold-collapse-v1,5cd98dfe7eb0a092a0cb589d4e170a60c71dfe4f22626d33bf12c44c0662ef50,2,2026-09-17,2026-09-17
2026-09-17,oilprice.com,nfkc-casefold-collapse-v1,ca689e1eb526329481381a2950faf90a35bc16c7aa8ce94d4fe0063d4f791967,2,2026-09-17,2026-09-17
2026-09-17,oilprice.com,nfkc-casefold-collapse-v1,4e8ce8e337648b210645e5fc866bf78bd2bbe9db827741a347363a545d33b610,2,2026-09-17,2026-09-17
2026-09-17,oilprice.com,nfkc-casefold-collapse-v1,12fe56935536d707dc3164a55602d41ac8094aad6b64d98e3d46645ed009aa87,2,2026-09-17,2026-09-17
2026-09-17,oilprice.com,nfkc-casefold-collapse-v1,63a20a32d5e685bcfaf607abb2317d06b44fd614d34a564d8441a9f806621e1f,2,2026-09-17,2026-09-17
2026-09-17,oilprice.com,nfkc-casefold-collapse-v1,e29c9a531f54b8fe5682fbe0a6e76865a48ec4081ef9b6b7c127c24905dd4b4a,2,2026-09-17,2026-09-17
2026-09-17,oilprice.com,nfkc-casefold-collapse-v1,611990844905dc906928a74da756bb5fdcdcc85fc54e94b3715e281b057bb924,2,2026-09-17,2026-09-17
2026-09-17,pv-magazine.com,nfkc-casefold-collapse-v1,627449ac029f74351618cf602400280f32c1f12ca1d270cf15e910fe200c432d,4,2026-09-17,2026-09-17
2026-09-17,pv-magazine.com,nfkc-casefold-collapse-v1,4423111c1c4fe9d0a07560c870410f7568c8cd16dad41144874fb3e2c6c0adeb,2,2026-09-17,2026-09-17
2026-09-17,pv-magazine.com,nfkc-casefold-collapse-v1,6287df54ebe982f29a6b7734b92e017bfc7986a749e174cb00e8b36fbca428ea,2,2026-09-17,2026-09-17
2026-09-17,pv-magazine.com,nfkc-casefold-collapse-v1,4da531cf83e15bb2ccbe14fe1a25922136bb0bf50c3e5197b2b6b86772dda232,2,2026-09-17,2026-09-17
2026-09-17,pv-magazine.com,nfkc-casefold-collapse-v1,5ccb12b205d5147d52163e24ba02175f0336f11f45b6d4f35524168c96d16986,2,2026-09-17,2026-09-17
2026-09-17,pv-magazine.com,nfkc-casefold-collapse-v1,54d170143ad2507566c5e311c4a281dc66a57cb2416f18612449584df90f3192,2,2026-09-17,2026-09-17
2026-09-17,pv-magazine.com,nfkc-casefold-collapse-v1,057f8273e682c74cca1cf407f252c36549426782042a985acfcdc65bf3e779e2,2,2026-09-17,2026-09-17
2026-09-17,pv-magazine.com,nfkc-casefold-collapse-v1,f95d0b7a8dc19b03024843be5b27cd24005f278f64a53948f2ba0d89897d3a5d,2,2026-09-17,2026-09-17
2026-09-17,pv-magazine.com,nfkc-casefold-collapse-v1,f58814f28f7f306e084592139552c39f902370fa8b855a0e933e3e7e25452173,2,2026-09-17,2026-09-17
2026-09-17,pv-magazine.com,nfkc-casefold-collapse-v1,0549761a152b7fca4de60d892dd30c252fe208f5730c3aa0c17d967691163224,2,2026-09-17,2026-09-17
2026-09-17,pv-magazine.com,nfkc-casefold-collapse-v1,ceef4ad337de92254bce45c945264d5ce6164c5ab204f6f60626269422d34a84,2,2026-09-17,2026-09-17
2026-09-17,pv-magazine.com,nfkc-casefold-collapse-v1,2a1fe62e2f6cc438edc29e3cda4ce8ffdfa44a32aa234cd8bd9365a43fecde42,2,2026-09-17,2026-09-17
2026-09-17,pv-magazine.com,nfkc-casefold-collapse-v1,28fa5f9edf37d0b182b33d4e7e0fe22e8688147769c62af649e963d6d3a228a8,2,2026-09-17,2026-09-17
2026-09-17,pv-magazine.com,nfkc-casefold-collapse-v1,9d5996b9919a33b3ad9335fb561040e77f6e6acd896909c3243a8210f62ec566,2,2026-09-17,2026-09-17
2026-09-17,pv-magazine.com,nfkc-casefold-collapse-v1,5769be5cf5da72c994a3042afbda72178fdb3f8c6292822595ad2d70df6779ed,2,2026-09-17,2026-09-17
2026-09-17,pv-magazine.com,nfkc-casefold-collapse-v1,1b159abed78e4e73f236b5ba29479e6ba439318784efef5bd815eb715f056c34,2,2026-09-17,2026-09-17
2026-09-17,pv-magazine.com,nfkc-casefold-collapse-v1,c6d6f44348e251b10297930340c57e8b7d61386ca179396774ed6e61a8e2b6c9,2,2026-09-17,2026-09-17
2026-09-17,pv-magazine.com,nfkc-casefold-collapse-v1,006177ed17b8e0fa92213f875444e896318095e3a34919e30fc4c2a951c2f337,2,2026-09-17,2026-09-17
2026-09-17,pv-magazine.com,nfkc-casefold-collapse-v1,b96563a91beca6f6b9046b6685bb1f6fdca91e1fa9a82d8f067b7ab62d42ce2e,2,2026-09-17,2026-09-17
2026-09-17,pv-magazine.com,nfkc-casefold-collapse-v1,91a430967d2a7877f873d3fb71bdf9fa001734ce3a151f0efbc188fff02c7088,2,2026-09-17,2026-09-17
2026-09-17,pv-magazine.com,nfkc-casefold-collapse-v1,6e139d177d692b3e37c993f4dbe4883b208b4ae9869e0a3b770e766f8441cfb9,2,2026-09-17,2026-09-17
2026-09-17,pv-magazine.com,nfkc-casefold-collapse-v1,1b6b521ae0c98e0645d67d49df34d15da0097a6406a716f1ed32aaebf876aceb,2,2026-09-17,2026-09-17
2026-09-17,pv-magazine.com,nfkc-casefold-collapse-v1,dfcaba53be82dcd748ca39a7c24f898b5bcd22db53537593a61d57e3cab6f913,2,2026-09-17,2026-09-17
2026-09-17,pv-magazine.com,nfkc-casefold-collapse-v1,3fb90715752906b79ee283e9a95f6c2def4b6d896b0a896cb2edacb0856fb078,2,2026-09-17,2026-09-17
2026-09-17,pv-magazine.com,nfkc-casefold-collapse-v1,68402ba59211ace9201b49392dc8fcff0308e07fec0f89cb420965f8fcac1356,2,2026-09-17,2026-09-17
2026-09-17,pv-magazine.com,nfkc-casefold-collapse-v1,8fbf39ee4ac4f99f2ffe0985b704dc01a6ea568dc79a2965c30d3baf071d75a7,2,2026-09-17,2026-09-17
2026-09-17,pv-magazine.com,nfkc-casefold-collapse-v1,17fdb60f60787c8fcc39d720426b763c81c393c0e35718239253b4f5216d3278,2,2026-09-17,2026-09-17
2026-09-17,pv-magazine.com,nfkc-casefold-collapse-v1,4fe7016f7cdbdb0cf84b2ab10c114738491688aaf2a1d72cff47245a3a733e40,2,2026-09-17,2026-09-17
2026-09-17,pv-magazine.com,nfkc-casefold-collapse-v1,4e799e61660cc4d6a92d17d87513c781688c6d4ed6e8f6b70b16287cd3522237,2,2026-09-17,2026-09-17
2026-09-17,pv-magazine.com,nfkc-casefold-collapse-v1,68beeea960860dd0eaa020a642657b25b220b8b050c06c319a3cd8cb3ac32f7f,2,2026-09-17,2026-09-17
2026-09-17,pv-magazine.com,nfkc-casefold-collapse-v1,56d3354dbc2084e9384c8004819ab225f5b726f0f1396cc0b9c3eb03c046cf2a,2,2026-09-17,2026-09-17
2026-09-17,pytorch.org,nfkc-casefold-collapse-v1,92aea4bb4d21a7bac4f331878e4d7172649aea3f52b6f04c7e9a39e22a13d872,8,2026-09-17,2026-09-17
2026-09-17,pytorch.org,nfkc-casefold-collapse-v1,ec118dd1dd974e600302aa8f4c061333ad02f244ea93338bab5429e3481b0646,4,2026-09-17,2026-09-17
2026-09-17,pytorch.org,nfkc-casefold-collapse-v1,f75699b7e014f42b0742746a065a6a1c1017cde8b6eb205c2dd2a0569f213cc1,4,2026-09-17,2026-09-17
2026-09-17,pytorch.org,nfkc-casefold-collapse-v1,6bce34ee8ba357e6ffec9beee5f57c01a820fc709bddc5c903caf16adc91211d,4,2026-09-17,2026-09-17
2026-09-17,pytorch.org,nfkc-casefold-collapse-v1,a90a042e1ca69735930c4ab7fa096e9c16bd27d2fd24926a137bf7c34bcd1f61,4,2026-09-17,2026-09-17
2026-09-17,pytorch.org,nfkc-casefold-collapse-v1,6b1a6ee831d9f51b29edfae6ddf10804efae9e8c1656356a8870708f6126a86e,4,2026-09-17,2026-09-17
2026-09-17,pytorch.org,nfkc-casefold-collapse-v1,2d2749976815870b18ab0d27dcd32753495158b448090ae5348149abf8700082,4,2026-09-17,2026-09-17
2026-09-17,pytorch.org,nfkc-casefold-collapse-v1,d2fb04cdb5860f3c45f945bf4c4d4d433d5c29cc41bf4e7eceb420e8d1881475,4,2026-09-17,2026-09-17
2026-09-17,pytorch.org,nfkc-casefold-collapse-v1,356a9db43cbbdfb8a94cf6e1a9ca003c21afa6e30ddb30e8adfe678f02e3f046,4,2026-09-17,2026-09-17
2026-09-17,pytorch.org,nfkc-casefold-collapse-v1,2cda93aeadc68175ee059d9d98ecc7ff5fa2b5d57798d8703e5a671b44b4d35b,4,2026-09-17,2026-09-17
2026-09-17,pytorch.org,nfkc-casefold-collapse-v1,be83af39ca12211c9acc7140e4d716e24548c6902bf6a7018bc7d7757e03bc2e,4,2026-09-17,2026-09-17
2026-09-17,pytorch.org,nfkc-casefold-collapse-v1,0c91dc3e25a7005bf5d2e00369700f5219c4b0c30ad2d3840a648934cc8acd63,4,2026-09-17,2026-09-17
2026-09-17,pytorch.org,nfkc-casefold-collapse-v1,6e0473fdef78669cfd4472708af14b4dbfbb5f4af649d16d91d94d26bac4b0fd,4,2026-09-17,2026-09-17
2026-09-17,pytorch.org,nfkc-casefold-collapse-v1,6b7587650d572a8a7c7054b3528706a2768c6ba6eae97e8a30f5b881b30c453e,4,2026-09-17,2026-09-17
2026-09-17,pytorch.org,nfkc-casefold-collapse-v1,bc6e142fdb8bd20467f7a0859b280ffd105075bf9196b085240d64ebe732a5fd,4,2026-09-17,2026-09-17
2026-09-17,pytorch.org,nfkc-casefold-collapse-v1,557851d8f422510b763775d11d458138c937f2276bb835179003c0d3528cc903,4,2026-09-17,2026-09-17
2026-09-17,pytorch.org,nfkc-casefold-collapse-v1,d15d71fcc8c75be1f144b715ee5570fe6c40cc294e22007c1d8a81723f87c453,4,2026-09-17,2026-09-17
2026-09-17,pytorch.org,nfkc-casefold-collapse-v1,986027e7b73a3e8593099347e5a2a02dbcbbb9c156ea708a4353c0b28c2bc8f0,4,2026-09-17,2026-09-17
2026-09-17,pytorch.org,nfkc-casefold-collapse-v1,fb5c4dbe49380eec81f232f3ae2851b85a019e657efa6a8c916f212fc13ba1e3,4,2026-09-17,2026-09-17
2026-09-17,pytorch.org,nfkc-casefold-collapse-v1,18813d5e205a72d965ac24f887d7a2fd3b93cc2d7e260a987cc85722485536e0,4,2026-09-17,2026-09-17
2026-09-17,pytorch.org,nfkc-casefold-collapse-v1,8a5fab50ee7e54358026dc66942f27c9f190825891ac26b8d032172fb3ccc252,4,2026-09-17,2026-09-17
2026-09-17,pytorch.org,nfkc-casefold-collapse-v1,9b003220fd76b5bd4effa99509822ec3873cfc49cb3aeee3580691eead682171,4,2026-09-17,2026-09-17
2026-09-17,pytorch.org,nfkc-casefold-collapse-v1,1a78d7fb3e8f9eaa61ca90c0cd6f66d54a1c673d715a1e25562995b809964f2a,4,2026-09-17,2026-09-17
2026-09-17,pytorch.org,nfkc-casefold-collapse-v1,6d4635907055f3a9405139c0c576840ff27a330dd1e4dcf87409b8d78b9b76db,4,2026-09-17,2026-09-17
2026-09-17,pytorch.org,nfkc-casefold-collapse-v1,3ae30cd61bdbc1c99f34a88ebc5bf3793c9011fa60f4499e57444341ea65d440,4,2026-09-17,2026-09-17
2026-09-17,pytorch.org,nfkc-casefold-collapse-v1,4306fb2bfbe390d08c1db811b8c2b95f1f1307d785b34ac264de948ed8d8386c,4,2026-09-17,2026-09-17
2026-09-17,pytorch.org,nfkc-casefold-collapse-v1,8f543be4eaba49042fd6847399d0a5eb62e0cd0a4a3f40edf2089b666919f070,4,2026-09-17,2026-09-17
2026-09-17,pytorch.org,nfkc-casefold-collapse-v1,83feb21ff97c026b08ab642803ab4c106a8b63cca7533bf12b9aa1f709f17827,4,2026-09-17,2026-09-17
2026-09-17,pytorch.org,nfkc-casefold-collapse-v1,36de635c5bf95e6305eaad64e51af827913d3951798bc48ac63946857256f300,4,2026-09-17,2026-09-17
2026-09-17,pytorch.org,nfkc-casefold-collapse-v1,ca98288b579dee8a87d0c79086bf06c95c83fa84b6adc96992242f30e772ab09,4,2026-09-17,2026-09-17
2026-09-17,pytorch.org,nfkc-casefold-collapse-v1,ffc3f88a93fbf03c029ebf44dfd235ad0344774b3321f9191fad0b4a0ff6d72b,4,2026-09-17,2026-09-17
2026-09-17,pytorch.org,nfkc-casefold-collapse-v1,133b8e1a5a8732e64b2d2ba9ccf787c38b51af0bd8cc1b694daeca8a76bafe15,4,2026-09-17,2026-09-17
2026-09-17,pytorch.org,nfkc-casefold-collapse-v1,d4ac566cb7ff0acff526e351f6cc9158ffd90767c19e87f6ac430917cb480cba,4,2026-09-17,2026-09-17
2026-09-17,pytorch.org,nfkc-casefold-collapse-v1,7546510462d5bcbfaf9af4b8df73eb3087537780e2de4889dbcde696499676e7,4,2026-09-17,2026-09-17
2026-09-17,pytorch.org,nfkc-casefold-collapse-v1,bb7145662acb4843cf3bf900ba33a18f37b2eae819c7b041e5c79ffe54b7e346,4,2026-09-17,2026-09-17
2026-09-17,pytorch.org,nfkc-casefold-collapse-v1,baa0b7e02616144b17eea242767448fcd72e063c5a4d5ad6c70acee47f998610,4,2026-09-17,2026-09-17
2026-09-17,pytorch.org,nfkc-casefold-collapse-v1,5b162714fc8f1695089a19b991d8d17ed37c8d5746e1e6a6078a27dd93b458d7,4,2026-09-17,2026-09-17
2026-09-17,pytorch.org,nfkc-casefold-collapse-v1,065ff6505d3d1ce9571f6625bc72ae1fcb42c9124d98b83787a0c3cfed019efc,4,2026-09-17,2026-09-17
2026-09-17,pytorch.org,nfkc-casefold-collapse-v1,6aa52c76e001cc11765582509e5e693a8e8c6386966b058983c684a9f5843f09,4,2026-09-17,2026-09-17
2026-09-17,pytorch.org,nfkc-casefold-collapse-v1,40ca744cf020299516da64a03410ad90f71c7f27173d58ccbb7bf30b1a764b25,4,2026-09-17,2026-09-17
2026-09-17,pytorch.org,nfkc-casefold-collapse-v1,e5e417ecad64800cb771b8efbf5a6a1acb8f00ff8cc25a58b2032d477fbe2685,4,2026-09-17,2026-09-17
2026-09-17,pytorch.org,nfkc-casefold-collapse-v1,c8186500914ca277df550fbf4d4cade44612160d430bbefde0d6b3ab889231a1,4,2026-09-17,2026-09-17
2026-09-17,pytorch.org,nfkc-casefold-collapse-v1,c0ab9ed7c8f784c248d0c6eb6f10e29e71e7e030087f74abbd7d87369a19decf,4,2026-09-17,2026-09-17
2026-09-17,pytorch.org,nfkc-casefold-collapse-v1,4f61e2623fbdec06effb211f0d4af92b4e70868d25d8e560d6779f9276fd8c72,4,2026-09-17,2026-09-17
2026-09-17,pytorch.org,nfkc-casefold-collapse-v1,cd2fb9dbfa9f4c27311243fb821eec73dc08538675f2666ffd28ff03031ab3a4,4,2026-09-17,2026-09-17
2026-09-17,pytorch.org,nfkc-casefold-collapse-v1,f29b1576e7935294b46375d3d2027a7b8e743bc73285972b918d148d332c7d16,4,2026-09-17,2026-09-17
2026-09-17,pytorch.org,nfkc-casefold-collapse-v1,81b5b6418a7fabcd2e8e7ff4872ac26afdf396a1e5bfa2ea28036712d8876e88,4,2026-09-17,2026-09-17
2026-09-17,pytorch.org,nfkc-casefold-collapse-v1,7b013772f2e893c20517299a294d15848dadf34a5f78bea23395487ad5411e7e,4,2026-09-17,2026-09-17
2026-09-17,pytorch.org,nfkc-casefold-collapse-v1,189e1014a2d94a0c602d5fc96a2a850aa23932684fad925fc1a1bf0a7c7c75d9,4,2026-09-17,2026-09-17
2026-09-17,pytorch.org,nfkc-casefold-collapse-v1,60d4172ef1373275e35536b84ab24f4d7709dcc12141bdb773ea87f622752f0c,4,2026-09-17,2026-09-17
2026-09-17,pytorch.org,nfkc-casefold-collapse-v1,d8648db87ca154444c7fdeb5322c23d96f569d876a030297462e71f4a32ea555,4,2026-09-17,2026-09-17
2026-09-17,pytorch.org,nfkc-casefold-collapse-v1,1b189cbdf1827a55e9a40a77db0cb3e66def191164e0ce3f1051bd5b34139dd2,4,2026-09-17,2026-09-17
2026-09-17,pytorch.org,nfkc-casefold-collapse-v1,afb1b9731da528bfffb9a10929f47eb392d50ad1f5526b33367c5de27f93de88,4,2026-09-17,2026-09-17
2026-09-17,pytorch.org,nfkc-casefold-collapse-v1,085f51f66bc79517647e9bdae91c12ffd1659995d6b75d689088d7f9c8558f24,4,2026-09-17,2026-09-17
2026-09-17,pytorch.org,nfkc-casefold-collapse-v1,4ec139f7b01700850c95a80f029bd3f846b7ef955a488df47f327df9ae5e885d,4,2026-09-17,2026-09-17
2026-09-17,pytorch.org,nfkc-casefold-collapse-v1,434326cad781e204bfa5bca0fe38ccd4061eb60818b0d661bb16473c5b4e89a2,4,2026-09-17,2026-09-17
2026-09-17,pytorch.org,nfkc-casefold-collapse-v1,3537febdd929a9d98a96e8ead0ce0fdac6d88c19725febec46f47be79c0d050a,4,2026-09-17,2026-09-17
2026-09-17,pytorch.org,nfkc-casefold-collapse-v1,354c59a51ec997986ffb3facdbe3af06930f01d749ed6dafada2e4aeb2f93866,4,2026-09-17,2026-09-17
2026-09-17,pytorch.org,nfkc-casefold-collapse-v1,bce06341107dbaf9c7f86fc3218053efffbc8eacfacef8f98e6d7e094bb45f8c,4,2026-09-17,2026-09-17
2026-09-17,pytorch.org,nfkc-casefold-collapse-v1,f04a1a6b3c2a0dfacbe5806be5d0ec10c24921ab38739bc8d3fc413bfb8f8818,4,2026-09-17,2026-09-17
2026-09-17,pytorch.org,nfkc-casefold-collapse-v1,5494d85f5ac4a8290c03a4dcbfb9ed5e9dedc1a68e44f5a2039d029acc8e6ee5,4,2026-09-17,2026-09-17
2026-09-17,pytorch.org,nfkc-casefold-collapse-v1,21a4cadd533e887a84b50737aa7818957b6bd9387c6be9665d452282ab626089,4,2026-09-17,2026-09-17
2026-09-17,pytorch.org,nfkc-casefold-collapse-v1,3d3659eccec798cf26aaa65ecd5418d935146b6003c8021bb55d24543809fa4b,4,2026-09-17,2026-09-17
2026-09-17,pytorch.org,nfkc-casefold-collapse-v1,4b9ca201c7e7291fa00c439e943e0c5745b4bdbad4b8a1af8797f55ae456fef7,4,2026-09-17,2026-09-17
2026-09-17,pytorch.org,nfkc-casefold-collapse-v1,bd5c18dd0869cff40da616648d346172825354dbef46c73278383a97bc89f2bc,4,2026-09-17,2026-09-17
2026-09-17,pytorch.org,nfkc-casefold-collapse-v1,1ea97a15e008b6408b258f6121e78125049473f35f19d0e8328ea19c315388c9,4,2026-09-17,2026-09-17
2026-09-17,pytorch.org,nfkc-casefold-collapse-v1,4743f3a30638b540db40369736fbb9014b50f6d1b2124ada8437d0d368dba83b,4,2026-09-17,2026-09-17
2026-09-17,pytorch.org,nfkc-casefold-collapse-v1,0b2ded6ea8dc24b52d59ea47b4c09a4c6b7bf4588959e91fbc5649de30dd966c,4,2026-09-17,2026-09-17
2026-09-17,pytorch.org,nfkc-casefold-collapse-v1,0a21b30560deffdf2db6ecee0b8e80ff629a703114d3d63b30d104cde9ca160d,4,2026-09-17,2026-09-17
2026-09-17,pytorch.org,nfkc-casefold-collapse-v1,00de1ae92ae69bae229eae9b0d0cf973b7ca3bf7852228ec008bcdcd03fac476,4,2026-09-17,2026-09-17
2026-09-17,pytorch.org,nfkc-casefold-collapse-v1,8136010fab23849a26be1b1b05528bef38fa222a95f7c1b9249fe9b8a48a585b,4,2026-09-17,2026-09-17
2026-09-17,pytorch.org,nfkc-casefold-collapse-v1,6a0e8191a40bd33baad80d9bd10705ade79e05b8a2ceddac4b4b970623789ba7,4,2026-09-17,2026-09-17
2026-09-17,pytorch.org,nfkc-casefold-collapse-v1,5b4c4da0899d112ac1b4c38692f063f031c8cd49e9e5e78324dd88dcc63a20ff,4,2026-09-17,2026-09-17
2026-09-17,pytorch.org,nfkc-casefold-collapse-v1,8a2ffb237df06f0b5c56cf0f8a86ca370053a2dfee156281ea6245d73952eb7a,4,2026-09-17,2026-09-17
2026-09-17,pytorch.org,nfkc-casefold-collapse-v1,4f68cd47ffeff93a31102e76cd0308bab89ee27083e0ae09f92eeec48862e745,4,2026-09-17,2026-09-17
2026-09-17,pytorch.org,nfkc-casefold-collapse-v1,114bc719fbe40dcfb65167ce1b65b26a536cf9845185d69e842421f1f695840a,4,2026-09-17,2026-09-17
2026-09-17,pytorch.org,nfkc-casefold-collapse-v1,a682c690e7130b523118009d1a12a856e7b9f8ee366e3d50ae313d95c7b5b185,4,2026-09-17,2026-09-17
2026-09-17,pytorch.org,nfkc-casefold-collapse-v1,5771774b526c1bcc11523610cdc9962d3de98d70e13675d42097a296440e3012,4,2026-09-17,2026-09-17
2026-09-17,pytorch.org,nfkc-casefold-collapse-v1,3276be948fc0a6cf3552106a122e6e3fec3dbd50378c0b35e6bc376eb346be28,4,2026-09-17,2026-09-17
2026-09-17,pytorch.org,nfkc-casefold-collapse-v1,2a138e1d78af0b65a501b75d108001dab832918dde3052fea4c6fc90596c6394,4,2026-09-17,2026-09-17
2026-09-17,pytorch.org,nfkc-casefold-collapse-v1,74c59aae5b00eccd4d4d247347e0b7e263378eee3896129d73dd8bc378c2e8ac,4,2026-09-17,2026-09-17
2026-09-17,pytorch.org,nfkc-casefold-collapse-v1,8353d0500ee573473a21a8269b35d4e8e7a364e7e07b8b75b1ec1232b7410aca,4,2026-09-17,2026-09-17
2026-09-17,pytorch.org,nfkc-casefold-collapse-v1,61ece810efa72c2d041ebf630c937a7c7942edd6479727c4f399fd8b818d3af0,4,2026-09-17,2026-09-17
2026-09-17,pytorch.org,nfkc-casefold-collapse-v1,7e5df0a3002e2c636404c6a32c2976b6f9dd1c114fe2dc850aab42ddb850b549,4,2026-09-17,2026-09-17
2026-09-17,pytorch.org,nfkc-casefold-collapse-v1,20d6abb7062b7601c4828bda845adb11aa914f82c1b5b038240fd0128773bbf8,4,2026-09-17,2026-09-17
2026-09-17,pytorch.org,nfkc-casefold-collapse-v1,63a3909883b535706c28289cec877829f6eaa60b4d7349fbd68c96b6a7c671f7,4,2026-09-17,2026-09-17
2026-09-17,pytorch.org,nfkc-casefold-collapse-v1,8813fc210479260db7a3624884d90dec6183edda47f9426fe45f95990f0460c3,4,2026-09-17,2026-09-17
2026-09-17,pytorch.org,nfkc-casefold-collapse-v1,27a7ce6fa7f2b22dc52b504b647a4d89e9072d993abc33733e64fb3118eccfe3,4,2026-09-17,2026-09-17
2026-09-17,pytorch.org,nfkc-casefold-collapse-v1,acce9a0447c8b75078a0a6c430694edee74259c94746b5e4df7080f0047b077c,4,2026-09-17,2026-09-17
2026-09-17,pytorch.org,nfkc-casefold-collapse-v1,8bdeb7128a685f9d16dfd5ffa51131f9887f5677296ef2621076deef4f4a2208,4,2026-09-17,2026-09-17
2026-09-17,pytorch.org,nfkc-casefold-collapse-v1,852408bfbc8333513e7cc815691cad3270bf9ee001d8dd3902a766bde30f73a6,4,2026-09-17,2026-09-17
2026-09-17,pytorch.org,nfkc-casefold-collapse-v1,bdcdfa2b42dda7795ea7c73c893290ecf67a62228acef4da585367c16b90b64d,4,2026-09-17,2026-09-17
2026-09-17,pytorch.org,nfkc-casefold-collapse-v1,bbba7ef0a57460e00c617916d40e5ade7dae487639bc93410f4c9f921fe5a8fe,4,2026-09-17,2026-09-17
2026-09-17,pytorch.org,nfkc-casefold-collapse-v1,a78278305e6c6811161fb423a5d9c7e3762b736c4c105e13a9698abfc0d2bdc6,4,2026-09-17,2026-09-17
2026-09-17,pytorch.org,nfkc-casefold-collapse-v1,c5b55be2cbac65618f8c59ae45a54387372460203efe940d61fe3dae55c0674b,4,2026-09-17,2026-09-17
2026-09-17,pytorch.org,nfkc-casefold-collapse-v1,44f04d056ec5df53a70039b11868b84a3599c4f96e3ab60c9cb04d7d28bb45b4,4,2026-09-17,2026-09-17
2026-09-17,pytorch.org,nfkc-casefold-collapse-v1,5dc8df67f412d64c7029965357ee36b8af89053298e704b9113f3a6b1f41fcdf,4,2026-09-17,2026-09-17
2026-09-17,pytorch.org,nfkc-casefold-collapse-v1,cbba424bd0f5981739338944e0564dcd7c0092135cecf9956f4f8b1b59bd153f,4,2026-09-17,2026-09-17
2026-09-17,pytorch.org,nfkc-casefold-collapse-v1,3e4d0f468b9641a1b2c559e2ebd6870ea77a68533e1561909408a02caafda45d,4,2026-09-17,2026-09-17
2026-09-17,pytorch.org,nfkc-casefold-collapse-v1,30beb6c10741dcfc118056763449a468733675a748379d46775b5077bca453a7,4,2026-09-17,2026-09-17
2026-09-17,pytorch.org,nfkc-casefold-collapse-v1,bb026ca14c8c585797ce6971519e1f346dd33c29af2afb9e63ca43674ef37055,4,2026-09-17,2026-09-17
2026-09-17,pytorch.org,nfkc-casefold-collapse-v1,76c53b781138536ddd05f9b09c8bd51311ecb874503c61134379847e8358f61a,4,2026-09-17,2026-09-17
2026-09-17,pytorch.org,nfkc-casefold-collapse-v1,4351d32e5ea7072f667533a76b68992e15b3bbaa09db25c41dd9f2384b745bc0,4,2026-09-17,2026-09-17
2026-09-17,pytorch.org,nfkc-casefold-collapse-v1,e68a9439cd54af62077989d6e374c35a928c310805f7edb29e66630c4bddb1c8,4,2026-09-17,2026-09-17
2026-09-17,pytorch.org,nfkc-casefold-collapse-v1,c3ca4f99706b9e4a36b2e370323ff086d1e4139bc450ca76c2cf6a4997c095ff,4,2026-09-17,2026-09-17
2026-09-17,pytorch.org,nfkc-casefold-collapse-v1,d9db8b2cb8c12a8d83186a5b0025a633aa0f8ffc24afaa4f59845e94dc6f56c2,4,2026-09-17,2026-09-17
2026-09-17,pytorch.org,nfkc-casefold-collapse-v1,89f302950ed3e059c26b0699b25dfd03fb7d40b3d2b1b014898717521c725d71,4,2026-09-17,2026-09-17
2026-09-17,pytorch.org,nfkc-casefold-collapse-v1,17f0b035945303f20f24b79777e8c945484082a1368d7b2e54b0ed0432b2ff33,4,2026-09-17,2026-09-17
2026-09-17,pytorch.org,nfkc-casefold-collapse-v1,c403f340a933cd8dd797675c7141286a8089e73448ffbad96293c286615970f8,4,2026-09-17,2026-09-17
2026-09-17,pytorch.org,nfkc-casefold-collapse-v1,1030d5d3392162fbc767e87e429e402109e6168dfdf8a27c9de6d37571ba3ded,4,2026-09-17,2026-09-17
2026-09-17,pytorch.org,nfkc-casefold-collapse-v1,6d74743fb6f10741a8aba9f4a4e916c4c4d4f9ade980c087fbd84acc27b2f260,4,2026-09-17,2026-09-17
2026-09-17,pytorch.org,nfkc-casefold-collapse-v1,9c180afa73261dbd68b7400b0bbb1e3a2f0ac75db98fe9fcd544e221455be173,4,2026-09-17,2026-09-17
2026-09-17,pytorch.org,nfkc-casefold-collapse-v1,99796e4fe068a8b9974e731b813cbbe40511ae5fdcb19eaa2814a0a6af5dec86,4,2026-09-17,2026-09-17
2026-09-17,pytorch.org,nfkc-casefold-collapse-v1,0f9350d772319775b1a06c37c75b9828b14851229f805cd104f77ac1435d6a64,4,2026-09-17,2026-09-17
2026-09-17,pytorch.org,nfkc-casefold-collapse-v1,5441d5a8f0b28f18cce8e8848dfd4a9607298dd48dc43fe9b59867a364dff3e4,4,2026-09-17,2026-09-17
2026-09-17,pytorch.org,nfkc-casefold-collapse-v1,8f85b449889c2230c88a2fa4851042748192a568ca89b36240fa999641b25634,4,2026-09-17,2026-09-17
2026-09-17,pytorch.org,nfkc-casefold-collapse-v1,6492995eeed4cf10343fec670312039e3964691164310eb2d4b87a462b43566d,4,2026-09-17,2026-09-17
2026-09-17,pytorch.org,nfkc-casefold-collapse-v1,ee6847e8e843a3cc69412db086fe0f2bb2e2305f60deb901d6e3a063fcb59a31,4,2026-09-17,2026-09-17
2026-09-17,pytorch.org,nfkc-casefold-collapse-v1,a6ecdce1c4959bc0a02f8b82867b5695c37a5ce9dcaef024172fa6db7f569672,4,2026-09-17,2026-09-17
2026-09-17,pytorch.org,nfkc-casefold-collapse-v1,ace15b43e760b443cf8d7e067dc1dd67c01475d7451c34a43807433012a1ebec,4,2026-09-17,2026-09-17
2026-09-17,pytorch.org,nfkc-casefold-collapse-v1,82c92aa8099e9a70cc7fa47d887ea7fa205ebf3d1f070bbcc29102fe9036b505,4,2026-09-17,2026-09-17
2026-09-17,pytorch.org,nfkc-casefold-collapse-v1,11c66e141a3d3effcbb045cd23e073ef63cad256416fc062c332680b46280d1b,4,2026-09-17,2026-09-17
2026-09-17,pytorch.org,nfkc-casefold-collapse-v1,6dd0cc8888d7535b5b54bd439a0587504b7256513ac24e0e133eff27257a1281,4,2026-09-17,2026-09-17
2026-09-17,pytorch.org,nfkc-casefold-collapse-v1,aaaa82bd028ca8d66dae87cbcb765c462af3cf468e3942945161e5464d129490,4,2026-09-17,2026-09-17
2026-09-17,pytorch.org,nfkc-casefold-collapse-v1,d0a2025f5e6d93fb950218916db2950a7f8ac7acb4c164bdae3f3ddf9e43cd36,4,2026-09-17,2026-09-17
2026-09-17,pytorch.org,nfkc-casefold-collapse-v1,19ce764e6264e2928767c7e756c549668b10ebb6ea61b4b699cee91b90069035,4,2026-09-17,2026-09-17
2026-09-17,pytorch.org,nfkc-casefold-collapse-v1,6ff712255e62b634b2c2b50d2aacdef2a258cff97726ba4c467ae47815f55af2,4,2026-09-17,2026-09-17
2026-09-17,pytorch.org,nfkc-casefold-collapse-v1,468e073c6245b694134fc200ba7c37946d220a505176e7798ab6273f68231c9b,4,2026-09-17,2026-09-17
2026-09-17,pytorch.org,nfkc-casefold-collapse-v1,3ff3968089656865ad382ca23e97ffebfc2a9eddc1384ee1ba5fed0222faf7ed,4,2026-09-17,2026-09-17
2026-09-17,pytorch.org,nfkc-casefold-collapse-v1,6160931ced879dcb835d1293150ee7b9d2742212603e7d5694af5fcd091d78e7,4,2026-09-17,2026-09-17
2026-09-17,pytorch.org,nfkc-casefold-collapse-v1,865e93cc6ac3be73b17b0c8b2b4dd2642b20c04721c500e04486d94f2aee02ed,4,2026-09-17,2026-09-17
2026-09-17,pytorch.org,nfkc-casefold-collapse-v1,bf6022152ed62f2213578b4a36efeb00bb6e9cd802dc9326f5bb9cb439070efe,4,2026-09-17,2026-09-17
2026-09-17,pytorch.org,nfkc-casefold-collapse-v1,07d870043f1c1924ba3a0df7e71f627341d1fdc4776b1f4e5c988a269816e7f8,4,2026-09-17,2026-09-17
2026-09-17,pytorch.org,nfkc-casefold-collapse-v1,392f122deb2fbef63cbcbe27428ec26b637ffceba972091c4b00d1d239db034d,4,2026-09-17,2026-09-17
2026-09-17,pytorch.org,nfkc-casefold-collapse-v1,ebcf3b9b45187dfaf1c7e13ff3225ecbf94504743327ad2cdcdb72d242bbd98e,4,2026-09-17,2026-09-17
2026-09-17,pytorch.org,nfkc-casefold-collapse-v1,abbaa86cd953542a80176d37db9a5d82fe0c5c3dae6a3d761bdbf0f95955e6e1,4,2026-09-17,2026-09-17
2026-09-17,pytorch.org,nfkc-casefold-collapse-v1,3114bf5131361d7e94f0422263fa96a96db73c51e5c35d1e9390b44171aeae33,4,2026-09-17,2026-09-17
2026-09-17,pytorch.org,nfkc-casefold-collapse-v1,1dfd282dec70d4e233dcf0e8af10666bcb1f2927f90654aa521a77bd05e78add,4,2026-09-17,2026-09-17
2026-09-17,pytorch.org,nfkc-casefold-collapse-v1,437fb75afffcde9a218c0e23f075eed2d9a06f3cb0149bcf577d6eb7e274cee7,4,2026-09-17,2026-09-17
2026-09-17,pytorch.org,nfkc-casefold-collapse-v1,bc5ca996c6e86562603a446952101537d670ac9ea597785beb68c9ac35e5b4ee,4,2026-09-17,2026-09-17
2026-09-17,pytorch.org,nfkc-casefold-collapse-v1,d3808e1ea2adbc76135983b820268f55747b925a910a05aaf049ce6981185b82,4,2026-09-17,2026-09-17
2026-09-17,pytorch.org,nfkc-casefold-collapse-v1,82e4657085c8962947d68bb787a5568f636ee65680f1cedda95f0a4cf466ee80,4,2026-09-17,2026-09-17
2026-09-17,pytorch.org,nfkc-casefold-collapse-v1,c074235e35b21eb0af36016796af78397ed07d782edd693b4dd5b604b1d6554b,4,2026-09-17,2026-09-17
2026-09-17,pytorch.org,nfkc-casefold-collapse-v1,8a538dfaabe7b04e7856d8651c0b3f89b6d1ff3f7adfdc80b8e868e7b19b7d91,4,2026-09-17,2026-09-17
2026-09-17,pytorch.org,nfkc-casefold-collapse-v1,daea6abf6edfb01d438635cb8e3a17313f196c8f963d240315992fda1bb7e190,4,2026-09-17,2026-09-17
2026-09-17,pytorch.org,nfkc-casefold-collapse-v1,363e8c4afabd0d020a4a7134a6b669ee9421ecd4614973576ba8f2c17d046947,4,2026-09-17,2026-09-17
2026-09-17,pytorch.org,nfkc-casefold-collapse-v1,85f6b7c03eef8d16ceed9bc69f1a413b4ce9ca930c7ab02c1a75ab7742785e75,4,2026-09-17,2026-09-17
2026-09-17,pytorch.org,nfkc-casefold-collapse-v1,28d36193fa78ec99260002ce0d505ec44eae85dc91de933e825a961d0f357008,4,2026-09-17,2026-09-17
2026-09-17,pytorch.org,nfkc-casefold-collapse-v1,6577caa271eea0a2c4c16e3e1bd02ba594e12e0c212c5efccef65173f5ce641f,4,2026-09-17,2026-09-17
2026-09-17,pytorch.org,nfkc-casefold-collapse-v1,b5405a585b6cd840e0829c624af9bb0752c8cf6257546a50f1b0a59cde2667b2,4,2026-09-17,2026-09-17
2026-09-17,pytorch.org,nfkc-casefold-collapse-v1,f01a86678cb241c4785fcb896761dcf3aa3b2f74d673e426696222569e95e2c8,4,2026-09-17,2026-09-17
2026-09-17,pytorch.org,nfkc-casefold-collapse-v1,13b7c8dfb0ac483bdae9d14cb3ec7a31e4b39d272f92f599469619d377a6c738,4,2026-09-17,2026-09-17
2026-09-17,pytorch.org,nfkc-casefold-collapse-v1,56e18fc7ca7e5cdfc961e79fe62fbaf4b975a6de3a103834f41a6566191d61c8,4,2026-09-17,2026-09-17
2026-09-17,pytorch.org,nfkc-casefold-collapse-v1,f7c208f6a7ed414fd7f59cae767e995bae360e0138f8b1eabdb4e022fe0e85f8,4,2026-09-17,2026-09-17
2026-09-17,pytorch.org,nfkc-casefold-collapse-v1,26d98fe423a1cf864c9d83f1c76f818213cee8932a6e7a904f8ec0bea0900ef7,4,2026-09-17,2026-09-17
2026-09-17,pytorch.org,nfkc-casefold-collapse-v1,d7cd754e0fcca811aa8b7cdcd74737f39a919a9aa9d770e9cce38ceb34147e9c,4,2026-09-17,2026-09-17
2026-09-17,pytorch.org,nfkc-casefold-collapse-v1,821b3a9d61a953ea920e281d5a53cf8e7092fcd19be42d06f8074913adb2c6c7,4,2026-09-17,2026-09-17
2026-09-17,pytorch.org,nfkc-casefold-collapse-v1,6e1d2fae0f37e81a51554893ce32ecb5d972f0fdf7b43b799a273d11013801e2,4,2026-09-17,2026-09-17
2026-09-17,pytorch.org,nfkc-casefold-collapse-v1,bc5c8d0c3bd28bbd3206b197f0640230816cf271507847cba6ae7415804f58c3,4,2026-09-17,2026-09-17
2026-09-17,pytorch.org,nfkc-casefold-collapse-v1,73a2e91dfb985cdf09b76689781a014e012379cf58818aa833232f01a8b8adfc,4,2026-09-17,2026-09-17
2026-09-17,pytorch.org,nfkc-casefold-collapse-v1,7b86d9aaf900be6322fabb1d813b2b90853b83b43a66c3b9f5a2fa33407c0f50,4,2026-09-17,2026-09-17
2026-09-17,pytorch.org,nfkc-casefold-collapse-v1,f1a9d039b9b8ca3f2b23f27529e2c9527dae4e69952e08d997e24de41d18eeed,4,2026-09-17,2026-09-17
2026-09-17,pytorch.org,nfkc-casefold-collapse-v1,7157cc7c019b6a63565f5a0318d6a27403ba4c0b0064860b2a0b1bf2c6acca66,4,2026-09-17,2026-09-17
2026-09-17,pytorch.org,nfkc-casefold-collapse-v1,c5575e877be2901774a60aa4705eb051476cedd89910637c037a5aa5aff2a7d8,4,2026-09-17,2026-09-17
2026-09-17,pytorch.org,nfkc-casefold-collapse-v1,b1e27fec1f106bc4af72b4c1340744b1c862efebbe7ba0e436c8c215db58cbf8,4,2026-09-17,2026-09-17
2026-09-17,pytorch.org,nfkc-casefold-collapse-v1,e8449835ba20b4e62f1282793ce17f9e78ced6a59b63ea699b025be237a3ff17,4,2026-09-17,2026-09-17
2026-09-17,pytorch.org,nfkc-casefold-collapse-v1,b1f324076a999dbbbe55cc74914ec8b57e259c884d69c4fbb36640fcc94f192a,4,2026-09-17,2026-09-17
2026-09-17,pytorch.org,nfkc-casefold-collapse-v1,fa17da16fbabf3faba48f3d33026f97599f597821c5b65337b2cab6cd331ade3,4,2026-09-17,2026-09-17
2026-09-17,pytorch.org,nfkc-casefold-collapse-v1,875e881c95d5ab830dbd8b97a34c35cfe4dc37da2f52001fcab96383ea7775e7,4,2026-09-17,2026-09-17
2026-09-17,pytorch.org,nfkc-casefold-collapse-v1,42c69559c570b722b76897d3e1b51ccf15a09ab8f621430402d15aaf9114c6de,4,2026-09-17,2026-09-17
2026-09-17,pytorch.org,nfkc-casefold-collapse-v1,ebd1229d2506dd88249010def007896d719c5d3aca379a154d55047bd6ea1ae4,4,2026-09-17,2026-09-17
2026-09-17,pytorch.org,nfkc-casefold-collapse-v1,9aa3113617aa13693399e12e40717094fe379f74717a3911bbf5331e18f275dc,4,2026-09-17,2026-09-17
2026-09-17,pytorch.org,nfkc-casefold-collapse-v1,237e682195c673b082927e07863bab559bdb9485dfb40b851bbb7271a8273466,4,2026-09-17,2026-09-17
2026-09-17,pytorch.org,nfkc-casefold-collapse-v1,b2b5e05f472fb6f67216ec8591100c1aa51cac1ae91bf33c5faff91d900a5bb2,4,2026-09-17,2026-09-17
2026-09-17,pytorch.org,nfkc-casefold-collapse-v1,753695ecfc046231b2495913a18068b822e8d4c92710111ee77f59977493bfd2,4,2026-09-17,2026-09-17
2026-09-17,pytorch.org,nfkc-casefold-collapse-v1,09634220b72a32859e824919c30b4d268b80659a060e77e06ab1270da98da72e,4,2026-09-17,2026-09-17
2026-09-17,pytorch.org,nfkc-casefold-collapse-v1,09ff1d7690ea07b04ec637f1d53d4b4b952407a0d5fc80d82420d240d3cc2a0d,4,2026-09-17,2026-09-17
2026-09-17,pytorch.org,nfkc-casefold-collapse-v1,2c11a2d35f01ab243df4c08ebf7f92cd42845fa2e78f3ed65723c194273732b5,4,2026-09-17,2026-09-17
2026-09-17,pytorch.org,nfkc-casefold-collapse-v1,2b9229caf8522de20d42b5ed17563c0c9e376759437a2d3b81a66a2a35ba006d,4,2026-09-17,2026-09-17
2026-09-17,pytorch.org,nfkc-casefold-collapse-v1,98813ab3f867bc36f22dc963c5c7f61ebc25bde1671d919f1408073da573c912,4,2026-09-17,2026-09-17
2026-09-17,pytorch.org,nfkc-casefold-collapse-v1,c032e7ffb6b66b0f4d871e197cb187a1eac4a8131c42551aa374fa5c20b92c62,4,2026-09-17,2026-09-17
2026-09-17,pytorch.org,nfkc-casefold-collapse-v1,cbc050e188d5aa59607d201937af400635f1b4940fe04d2b82b06cb7506e1f53,4,2026-09-17,2026-09-17
2026-09-17,pytorch.org,nfkc-casefold-collapse-v1,5ceaf6e350bc90f3c22fd611d0afb20f3adcea7add750ad738ba3e4507ce65fc,4,2026-09-17,2026-09-17
2026-09-17,pytorch.org,nfkc-casefold-collapse-v1,8fc19fe71925efe1bbcafeb4ec654d4830b1a628ebb94d68613aeaacff3a9099,4,2026-09-17,2026-09-17
2026-09-17,pytorch.org,nfkc-casefold-collapse-v1,8e094e50e0a4f5741de39bd71edd6b5a3a046be22818f810192cc875827c804f,4,2026-09-17,2026-09-17
2026-09-17,pytorch.org,nfkc-casefold-collapse-v1,25de4da9d38a5534d356afbf8f5ffe6ba33dc0daba06120a948052f0de730104,4,2026-09-17,2026-09-17
2026-09-17,pytorch.org,nfkc-casefold-collapse-v1,be0c86057de4567e84dde79feab9feab0a53c5b5501d095731c24e93f0121fde,4,2026-09-17,2026-09-17
2026-09-17,pytorch.org,nfkc-casefold-collapse-v1,ca481469f93e48746578cd2761122988e306b6da18f9ca773319d41047cf3822,4,2026-09-17,2026-09-17
2026-09-17,pytorch.org,nfkc-casefold-collapse-v1,dcb85b0c2dff8a677f8c85ea3d1b3c5be7b6256d377a69ee8480b57ac02890da,4,2026-09-17,2026-09-17
2026-09-17,pytorch.org,nfkc-casefold-collapse-v1,bac8b69e82e1ae4fc835712ac4b99d87a211813ffec45ddcb3576389aa5bc263,4,2026-09-17,2026-09-17
2026-09-17,pytorch.org,nfkc-casefold-collapse-v1,23d41391e49035b539556548ee6c70fbb8f8e5d099885de4ed96868bef101757,4,2026-09-17,2026-09-17
2026-09-17,pytorch.org,nfkc-casefold-collapse-v1,c42b042ea7995371f0eb3d5b952f1a8a041b241eb61ed51dea8673a8792565c4,4,2026-09-17,2026-09-17
2026-09-17,pytorch.org,nfkc-casefold-collapse-v1,f20253d89c9de53181882c38436c31cb28f9c970c2592c108fd170dc59b18cfa,4,2026-09-17,2026-09-17
2026-09-17,pytorch.org,nfkc-casefold-collapse-v1,4c0fd8a515472a72daaa3a1a5d93906bd23648b8aab4ae2daa5f512ec6782826,4,2026-09-17,2026-09-17
2026-09-17,pytorch.org,nfkc-casefold-collapse-v1,28fe5f4194f91cf6a4e5e6e45fd8649fb4a9d2c416e03c9ff78fe524cbce62f4,4,2026-09-17,2026-09-17
2026-09-17,pytorch.org,nfkc-casefold-collapse-v1,aa5a876936dfe7e302145cd3d70df257abba39d17350153484552121c90fad6c,4,2026-09-17,2026-09-17
2026-09-17,pytorch.org,nfkc-casefold-collapse-v1,2cf9938eab223efe3e344ab171f9ce63306bd7ce6bd40d61b066441e0656e911,4,2026-09-17,2026-09-17
2026-09-17,pytorch.org,nfkc-casefold-collapse-v1,9092f10f779a238529995ef63375b1ffe1c856a573ffd7b79048535ca79f03b8,4,2026-09-17,2026-09-17
2026-09-17,pytorch.org,nfkc-casefold-collapse-v1,ca8394997a1c0a850d304e720650c8d7ad0b4b45e5bbee61f6ed6cb2ccf0664a,4,2026-09-17,2026-09-17
2026-09-17,pytorch.org,nfkc-casefold-collapse-v1,75f2e4413369ad12a157ec557aa8b989feae71f6e91423bad9f5ca02edebe822,4,2026-09-17,2026-09-17
2026-09-17,qz.com,nfkc-casefold-collapse-v1,bce0f33f45becdd73c50843de930abc7b895c1464403287fd97ac37cbb356154,2,2026-09-17,2026-09-17
2026-09-17,qz.com,nfkc-casefold-collapse-v1,e914dc32ec6cfa3529cd0d8e71b43ba417f4ee4d36000e3c81a8f9da8f49f722,2,2026-09-17,2026-09-17
2026-09-17,qz.com,nfkc-casefold-collapse-v1,8031668df76e543700fb0ff65197675d1727ba15e8554fb6f1cb67dd38719b1a,2,2026-09-17,2026-09-17
2026-09-17,qz.com,nfkc-casefold-collapse-v1,4d297bb6fede3d4f272d70ebd0fa25dc309f988e40fa71ce90f75ff3a78656b5,2,2026-09-17,2026-09-17
2026-09-17,qz.com,nfkc-casefold-collapse-v1,3bc06c92b4c02cd91fe3ec1f99739c25e5e683b59b553f3e7c07a3fa67a80cfb,2,2026-09-17,2026-09-17
2026-09-17,qz.com,nfkc-casefold-collapse-v1,da067e26d25dcd2b88e7dc0de7aaea0c01f09d037844b7edf41731e833756216,2,2026-09-17,2026-09-17
2026-09-17,qz.com,nfkc-casefold-collapse-v1,adad1288bac85b6497f855cebd192e6ad1e65fbee1499303880818015396f5ec,2,2026-09-17,2026-09-17
2026-09-17,qz.com,nfkc-casefold-collapse-v1,ade6d9fdcd6c7285d5a42c3c98474839be842b30934f5ec0948781b1b1a2e64c,2,2026-09-17,2026-09-17
2026-09-17,qz.com,nfkc-casefold-collapse-v1,b5fabe26b7d7bc3458e95f90bae69bc7b40d1e1a55924184d827e6f302cfbeb2,2,2026-09-17,2026-09-17
2026-09-17,semafor.com,nfkc-casefold-collapse-v1,c0b98cf2c37c0f9af59166f82183333e319f61c44783ed3588f77e32eb2b338a,2,2026-09-17,2026-09-17
2026-09-17,semafor.com,nfkc-casefold-collapse-v1,0f8cb44bf5ab7f14759025700d9ecad6315ea96c88d6d487ca8221b75c23e9f2,2,2026-09-17,2026-09-17
2026-09-17,semafor.com,nfkc-casefold-collapse-v1,2727182177da924d5b98105ab5f43f300affb28ecc97387807c2a4252d19d230,2,2026-09-17,2026-09-17
2026-09-17,semafor.com,nfkc-casefold-collapse-v1,4bb8b51c30a53da7740d438ef700de2a9a2a2a4ea9764db2a5d3ca97136e4016,2,2026-09-17,2026-09-17
2026-09-17,semafor.com,nfkc-casefold-collapse-v1,e216a64867edcf6254c45845377c64754158c304f7c66117d258bad809c6f176,2,2026-09-17,2026-09-17
2026-09-17,semafor.com,nfkc-casefold-collapse-v1,cf6add3219607fd0d48a926ba72b092f00ddb4d5b9ee4655d130f769b5f775c3,2,2026-09-17,2026-09-17
2026-09-17,semafor.com,nfkc-casefold-collapse-v1,b3a54cd6703de2935b5d169adc360cb4606629eb064d80010c196ffbb447903c,2,2026-09-17,2026-09-17
2026-09-17,semafor.com,nfkc-casefold-collapse-v1,ebf50f5e43c95f2789613fd9255c58c08ead0099605dc86d4102277acf7d196e,2,2026-09-17,2026-09-17
2026-09-17,semafor.com,nfkc-casefold-collapse-v1,fa4c1169c92e86ed89e91acce137403f8f5c0936f28d754273ba1020a77cd4fe,2,2026-09-17,2026-09-17
2026-09-17,semafor.com,nfkc-casefold-collapse-v1,ab57cde83aa93ac7bca6c6a9c31f3da5b98e5f864cb4a79e4115359e7ff90105,2,2026-09-17,2026-09-17
2026-09-17,semafor.com,nfkc-casefold-collapse-v1,1247c3cdb1d189a649d5eb0abfa8189d170c565ecd8aa3b88220ada584177380,2,2026-09-17,2026-09-17
2026-09-17,semafor.com,nfkc-casefold-collapse-v1,ab66abffcbc6ce359f5085c4fbf2bf367e00b820d1dbded7e6b6088274be848c,2,2026-09-17,2026-09-17
2026-09-17,semafor.com,nfkc-casefold-collapse-v1,6adc722e54d82920e3faba3bd42f15ebd26e7700218e8b30c0c3526416d162da,2,2026-09-17,2026-09-17
2026-09-17,semafor.com,nfkc-casefold-collapse-v1,922da2b837fda3c161d5cda61c65ba51f9c7207205d15ef87da2254890a26463,2,2026-09-17,2026-09-17
2026-09-17,semafor.com,nfkc-casefold-collapse-v1,07d18f13f82567e483d1e4493c3ce7c363242a6b0fa44afe3808e0009db63f1e,2,2026-09-17,2026-09-17
2026-09-17,semafor.com,nfkc-casefold-collapse-v1,1363e3c794211d851e1797fa3f94c2391b3fe37dbb4bb2fa05a299e26035e61f,2,2026-09-17,2026-09-17
2026-09-17,semafor.com,nfkc-casefold-collapse-v1,5466265360ca15bdbce5817c75b091117b4a2d6a2d52e82587de650a0b7545c7,2,2026-09-17,2026-09-17
2026-09-17,semafor.com,nfkc-casefold-collapse-v1,98b9d54df2d62667885dd2bae4b55cd5d62ecc34454430e8b958e123ec853ccc,2,2026-09-17,2026-09-17
2026-09-17,semafor.com,nfkc-casefold-collapse-v1,f6e1f619516c1f1c9e4bbd5e36aaadb2d4cf0949bef2364e9e1be407bba334c8,2,2026-09-17,2026-09-17
2026-09-17,straitstimes.com,nfkc-casefold-collapse-v1,cdcbb68a3444fdd629ab0af770af3fc99e4d5dde43b576d5f855691e155283ec,6,2026-09-17,2026-09-17
2026-09-17,straitstimes.com,nfkc-casefold-collapse-v1,f0dd9f99115c2395a857649e92a15bd48d97a79c5964427d9253151d392ad814,4,2026-09-17,2026-09-17
2026-09-17,straitstimes.com,nfkc-casefold-collapse-v1,505ade091ddbef017977a25cf57bf61c06fc5dfd798b4b628fc1e2d95f145166,4,2026-09-17,2026-09-17
2026-09-17,straitstimes.com,nfkc-casefold-collapse-v1,865a42c598ab74017872a39f923ac4df3b5bc357236d2672f5e39251014e7a23,2,2026-09-17,2026-09-17
2026-09-17,straitstimes.com,nfkc-casefold-collapse-v1,4d96d3713ff00f3014bb57a9e3bb9d77dce132aeff941804db26e82378ff0de5,2,2026-09-17,2026-09-17
2026-09-17,straitstimes.com,nfkc-casefold-collapse-v1,2b733abfd13d1d57d8d2c17de8495c6b63e049fdfa746916a40a904865d7a8a5,2,2026-09-17,2026-09-17
2026-09-17,straitstimes.com,nfkc-casefold-collapse-v1,702000a3f118b7d2852aa74c5b7c34c6bf05b9e301046ce9af0cb74808c4c092,2,2026-09-17,2026-09-17
2026-09-17,straitstimes.com,nfkc-casefold-collapse-v1,5530496b8bec3f29d6d182ccaf010dfc20a71de87b96d84bb951d0801eed3b5a,2,2026-09-17,2026-09-17
2026-09-17,straitstimes.com,nfkc-casefold-collapse-v1,ea4501ba10c279c08fd6468ca9e92780220a87a64f40d29bd990be0e3a4ac96d,2,2026-09-17,2026-09-17
2026-09-17,straitstimes.com,nfkc-casefold-collapse-v1,31e249ec3eaab1ae65525338eb42f099eeba8de8758f7b4ef4a76c8aaa87424c,2,2026-09-17,2026-09-17
2026-09-17,straitstimes.com,nfkc-casefold-collapse-v1,631001008541e90c8952dc6dad6e6f5b276a7f5b462e5fcb5f959ec969ec584a,2,2026-09-17,2026-09-17
2026-09-17,straitstimes.com,nfkc-casefold-collapse-v1,e41ac656eb5578ccb590349947da4a59924cbbc444d9277274cadb152d072c11,2,2026-09-17,2026-09-17
2026-09-17,straitstimes.com,nfkc-casefold-collapse-v1,9d5b73c09cbe81a827719799bb4c70341abb743e7a7c3938bae7f2baa14cf59f,2,2026-09-17,2026-09-17
2026-09-17,straitstimes.com,nfkc-casefold-collapse-v1,fdc77eff8cc99ac291dfeae851d69113db8a881771c1d115acf7531eeb30d7a0,2,2026-09-17,2026-09-17
2026-09-17,straitstimes.com,nfkc-casefold-collapse-v1,e062f13b6cb0a47f4ddca7cf017025e39c2da422065322bfd688771e67b49319,2,2026-09-17,2026-09-17
2026-09-17,straitstimes.com,nfkc-casefold-collapse-v1,0e72cd79fcfbbfb58e9fd91fe8739d0942aa4ded4021d507a7bde950993ddbe1,2,2026-09-17,2026-09-17
2026-09-17,straitstimes.com,nfkc-casefold-collapse-v1,852c218272b5bf15247e9e37f17f8c9585d1b38b7749b0b722fc9a7d6692b79d,2,2026-09-17,2026-09-17
2026-09-17,straitstimes.com,nfkc-casefold-collapse-v1,761f0424ccb0c47c68e4e8a9652358a7b6bf2d260f304c4779f1770dd67de84f,2,2026-09-17,2026-09-17
2026-09-17,straitstimes.com,nfkc-casefold-collapse-v1,56377af0ecd5f3fca49aea268675072d960fbc01dcc3d8f1ee89ec764c1c9c18,2,2026-09-17,2026-09-17
2026-09-17,straitstimes.com,nfkc-casefold-collapse-v1,0d6646bb6d4492f520355da51e5cddc4247559310258edbae6c93392c1edce5c,2,2026-09-17,2026-09-17
2026-09-17,straitstimes.com,nfkc-casefold-collapse-v1,3237b15a905e1e26e6b24ca16a5382148b3bfb8e3264244db01f6331718dcbc8,2,2026-09-17,2026-09-17
2026-09-17,straitstimes.com,nfkc-casefold-collapse-v1,ca5eea721dc8b8af3effca604d877a8d2bc7436b95ab3af45d87a7fa1a9da881,2,2026-09-17,2026-09-17
2026-09-17,straitstimes.com,nfkc-casefold-collapse-v1,9ad6850884cd8318607b776ea099fe19343cacac34a9345eef9ab12ecc7c9c55,2,2026-09-17,2026-09-17
2026-09-17,straitstimes.com,nfkc-casefold-collapse-v1,d52cc0107a03a5ef338de2d57ebe7f0e373ec90fc23dbe41420a0b4865e097e6,2,2026-09-17,2026-09-17
2026-09-17,straitstimes.com,nfkc-casefold-collapse-v1,abf1f072a564c195afa74cf4552227f4b0fb24d80e270d3e65b76c2e2f168904,2,2026-09-17,2026-09-17
2026-09-17,straitstimes.com,nfkc-casefold-collapse-v1,38e13165c8e2437ff5c1030ec7f9934675cc131c7c8e1853841b8b5e7edfa42a,2,2026-09-17,2026-09-17
2026-09-17,straitstimes.com,nfkc-casefold-collapse-v1,005d63b5727bdada71bbb0623c1299ca4918515e134549ac55e7484f197b6d12,2,2026-09-17,2026-09-17
2026-09-17,straitstimes.com,nfkc-casefold-collapse-v1,35cb69566639074a23ea2c89d33f63212389c8c23c2d43b52cddaf9f9a582cdc,2,2026-09-17,2026-09-17
2026-09-17,straitstimes.com,nfkc-casefold-collapse-v1,26521bf9e6e10e48ab539f06a38bab32035651ac334b3fb4fe9ccbcd6ea09d9e,2,2026-09-17,2026-09-17
2026-09-17,straitstimes.com,nfkc-casefold-collapse-v1,03a461976b39b0b83dc13d39f18fd972983cecad2ce639eae79d28e14c156c22,2,2026-09-17,2026-09-17
2026-09-17,straitstimes.com,nfkc-casefold-collapse-v1,8aada89760d9237a76ca3e454d57a2a385759bab5b17e375a91c029eaf32997a,2,2026-09-17,2026-09-17
2026-09-17,straitstimes.com,nfkc-casefold-collapse-v1,0cb6435ca29e87b42fa1ca87f4199fb6f9acd86f246e445c1a9b2ceb2a4c8ed4,2,2026-09-17,2026-09-17
2026-09-17,straitstimes.com,nfkc-casefold-collapse-v1,ab8aaccecb027a47b46018c12b14c0c375140e67980261a0e20ff9b479d1abf2,2,2026-09-17,2026-09-17
2026-09-17,straitstimes.com,nfkc-casefold-collapse-v1,5a8a06c0052e73204f1c8adb0f7f316d11d8a6f0bd9935002893c0b0f1881503,2,2026-09-17,2026-09-17
2026-09-17,straitstimes.com,nfkc-casefold-collapse-v1,898661f779d8d420c8a26c2b617905619d540276e9c29794ae12014fe0ff7623,2,2026-09-17,2026-09-17
2026-09-17,straitstimes.com,nfkc-casefold-collapse-v1,4858cca85f56c8b6619d42fb957dd0566b5046d9c022d63e9eea8db5423fc3bc,2,2026-09-17,2026-09-17
2026-09-17,straitstimes.com,nfkc-casefold-collapse-v1,254d4545592f2d1850ae0277a6c8be75b63b19f57e22e1ab10fd4f066074d498,2,2026-09-17,2026-09-17
2026-09-17,straitstimes.com,nfkc-casefold-collapse-v1,1766e6362b7461aba17fa3817c6214161c605357023277cc844b731a9ff9acbf,2,2026-09-17,2026-09-17
2026-09-17,straitstimes.com,nfkc-casefold-collapse-v1,03833c0245f52aea5124a393cb67c7965d8be45bc8df7ff4135ea283d6680f06,2,2026-09-17,2026-09-17
2026-09-17,straitstimes.com,nfkc-casefold-collapse-v1,552f01a806146df7d4974f4cf17f3b7a684ec6fd8a16f7e650fb8050bc0612be,2,2026-09-17,2026-09-17
2026-09-17,straitstimes.com,nfkc-casefold-collapse-v1,5114ec76a9acfe993bef28cff574159029608b3a44ca7f69ef955fbca8a7bd6e,2,2026-09-17,2026-09-17
2026-09-17,straitstimes.com,nfkc-casefold-collapse-v1,fe177e945d85b34b93586108522cc1780e5b3a4eaea54cd3d73b5d469af5965f,2,2026-09-17,2026-09-17
2026-09-17,straitstimes.com,nfkc-casefold-collapse-v1,7150cba1c16712ebc3dcf5e08bd94423b39669c6afed505f4234f7450e0b4310,2,2026-09-17,2026-09-17
2026-09-17,straitstimes.com,nfkc-casefold-collapse-v1,36d09cf94a10caca5fdf71bd0ff9098178145ef6ef8735d8a74153483775c04c,2,2026-09-17,2026-09-17
2026-09-17,straitstimes.com,nfkc-casefold-collapse-v1,f5e25d5613f7783920bf56f0b8f0cfc7874cbb186e258a1c77607399ba3bdb3f,2,2026-09-17,2026-09-17
2026-09-17,straitstimes.com,nfkc-casefold-collapse-v1,c0e1c935c4ac387a2352da9cea50bfb33accc9c9a94c45b155bb47bf88c4b04a,2,2026-09-17,2026-09-17
2026-09-17,straitstimes.com,nfkc-casefold-collapse-v1,d8f11eb47f0f7eb058f1a22d3ef0140ffaa6b2562b12cc22bc9c375523a49da7,2,2026-09-17,2026-09-17
2026-09-17,straitstimes.com,nfkc-casefold-collapse-v1,0916f791a97570d3ec628334d9681ed568412f51a84ce161fadd409107c46795,2,2026-09-17,2026-09-17
2026-09-17,straitstimes.com,nfkc-casefold-collapse-v1,ad431e59e1905396c66e063511f9cba0349a291e7562898602924c78a7e1225e,2,2026-09-17,2026-09-17
2026-09-17,straitstimes.com,nfkc-casefold-collapse-v1,6f6d592afefc71a96e276c1c5ac68c1ca2f55753a802c33362afe9c6dd416631,2,2026-09-17,2026-09-17
2026-09-17,straitstimes.com,nfkc-casefold-collapse-v1,cdaf46b5a1c9327beff6454553ab9d758899a55f98a08fa19ca1392357768111,2,2026-09-17,2026-09-17
2026-09-17,straitstimes.com,nfkc-casefold-collapse-v1,ae4469de067303253d365d73d1d3d4b39d81d5fb1a91c0cf99c1f67bf06aa90e,2,2026-09-17,2026-09-17
2026-09-17,straitstimes.com,nfkc-casefold-collapse-v1,cbaed5f247197e7ae3b60247398cb3f634b556b89080a5fc59586466139fa171,2,2026-09-17,2026-09-17
2026-09-17,straitstimes.com,nfkc-casefold-collapse-v1,74323b892ef21c0e664b47eb42efecc64c0d9d3fbc35cd071e424132c3525e22,2,2026-09-17,2026-09-17
2026-09-17,straitstimes.com,nfkc-casefold-collapse-v1,cb1d9c615157e4c6909beb1585fffabbc0c61ce5af798b0a8195bc6b7a12bb86,2,2026-09-17,2026-09-17
2026-09-17,straitstimes.com,nfkc-casefold-collapse-v1,f220bfa7ac6910875c73cf9eaa3e44c63967ea87030aeb34fc5dcb8501b4fa4e,2,2026-09-17,2026-09-17
2026-09-17,straitstimes.com,nfkc-casefold-collapse-v1,0104f3ece94126ede01881caae4ceb93711c6cc1fe6a4d84e50403233780f4b5,2,2026-09-17,2026-09-17
2026-09-17,straitstimes.com,nfkc-casefold-collapse-v1,45153ceede5accbe4e78162d9b36a53cfbd86e2c36ff0458b484e766f0dea4b4,2,2026-09-17,2026-09-17
2026-09-17,straitstimes.com,nfkc-casefold-collapse-v1,87985b4372624e9f8cf23f9cdb97a4979e6a485b5c2ed4ce361cb20c25c57417,2,2026-09-17,2026-09-17
2026-09-17,straitstimes.com,nfkc-casefold-collapse-v1,05ee346f9ed6ff23a9856adf40990f11c01685b1ea19c72e977ae8ed3631537b,2,2026-09-17,2026-09-17
2026-09-17,straitstimes.com,nfkc-casefold-collapse-v1,e44a7779bf84db265966bef9ac2d8158d877d1ec2c147b363543ce124c3bb2ed,2,2026-09-17,2026-09-17
2026-09-17,straitstimes.com,nfkc-casefold-collapse-v1,e5e06cdcf8061feb11a4a592c9fab68847dcbe0880968b263d884f53435fbbb0,2,2026-09-17,2026-09-17
2026-09-17,straitstimes.com,nfkc-casefold-collapse-v1,f24ec5610cd552089ef1506173608cf9154304f83fadbc4b92edf2b7433316d6,2,2026-09-17,2026-09-17
2026-09-17,straitstimes.com,nfkc-casefold-collapse-v1,29cb0572a9ea836cf4ee426acd0b7bb174bc1e50771c691408bafd89e8c95cba,2,2026-09-17,2026-09-17
2026-09-17,straitstimes.com,nfkc-casefold-collapse-v1,a754417e80c4f56e614a63803792d17dae5597d00f94a323cd84167776b5c77f,2,2026-09-17,2026-09-17
2026-09-17,straitstimes.com,nfkc-casefold-collapse-v1,a33b39576bdfa6b19b96bf400984619e8db616e62ddbe1f12180e9eb66c8bebb,2,2026-09-17,2026-09-17
2026-09-17,straitstimes.com,nfkc-casefold-collapse-v1,4cbed69d3c2d8632a6194b09b0946c7b85dfbc0cf0eeac073ac2c5ec23a3070f,2,2026-09-17,2026-09-17
2026-09-17,straitstimes.com,nfkc-casefold-collapse-v1,9d22d560ffbab5c959558e03f7246a623c83f1d498f9aa9858f3475d89af8b42,2,2026-09-17,2026-09-17
2026-09-17,straitstimes.com,nfkc-casefold-collapse-v1,9c9d74c7692b0fdb6c54a95d312602714bdb5e5e696a569389c54dd618d3b8f6,2,2026-09-17,2026-09-17
2026-09-17,straitstimes.com,nfkc-casefold-collapse-v1,8a7f505c4495f9c30f1f5415d4ba16f772a4e59a7286471fcba5c87883dd87b2,2,2026-09-17,2026-09-17
2026-09-17,straitstimes.com,nfkc-casefold-collapse-v1,b112a9785568cc273ca5eb641877c7cd1a989eb2a81c4356d032c539001b24a8,2,2026-09-17,2026-09-17
2026-09-17,straitstimes.com,nfkc-casefold-collapse-v1,1750d99ff9cdb347182499aacf5cd4f6796b809dd03849d8ba826ce75546feca,2,2026-09-17,2026-09-17
2026-09-17,straitstimes.com,nfkc-casefold-collapse-v1,47b627d6ab1d420711bb8e7ef49ee9531b316e77b504e68d146305bc762c741d,2,2026-09-17,2026-09-17
2026-09-17,straitstimes.com,nfkc-casefold-collapse-v1,cf84329f1323d75a972f1d28d402a4fc5a21b6bd97ccdfbe0b9e183cf75934aa,2,2026-09-17,2026-09-17
2026-09-17,straitstimes.com,nfkc-casefold-collapse-v1,6b2085ee30fbd5b7af30de331df3433a0bc7e9d5faea81e1342e053a728425df,2,2026-09-17,2026-09-17
2026-09-17,straitstimes.com,nfkc-casefold-collapse-v1,a00a2cb203fe8d5eb2e7170cf8d4dae298046ed249695149becb91b373c172c4,2,2026-09-17,2026-09-17
2026-09-17,straitstimes.com,nfkc-casefold-collapse-v1,104045a782cf052b715eaadb935b13f8bf3ca0bf687d7a6b26e0084c6073889a,2,2026-09-17,2026-09-17
2026-09-17,straitstimes.com,nfkc-casefold-collapse-v1,11aee6f3b78ee46adce9851bbddccd8e2091580984d6938290471607a42e5834,2,2026-09-17,2026-09-17
2026-09-17,straitstimes.com,nfkc-casefold-collapse-v1,629b0dc8e93b6b38617f26cb4c0a2ec383b4eb1d5751bb1d4b566b8951c18ed5,2,2026-09-17,2026-09-17
2026-09-17,straitstimes.com,nfkc-casefold-collapse-v1,396bdf46d503f00a858f33c37fe6178c23df2f1c52f9f8f6f951589fde2fbd72,2,2026-09-17,2026-09-17
2026-09-17,straitstimes.com,nfkc-casefold-collapse-v1,1430fd973923205d964c53a620e148d96ee2bb9935d24915fcb558f825759813,2,2026-09-17,2026-09-17
2026-09-17,straitstimes.com,nfkc-casefold-collapse-v1,92d4d97862fefab4dbd2e7eb4268f301b9bffc6a838bae39ddce4eac7ac8c6ba,2,2026-09-17,2026-09-17
2026-09-17,straitstimes.com,nfkc-casefold-collapse-v1,a3c056407331da1a67e6ebee4ae8d35b3688ab77559dadb438c8066da98cb974,2,2026-09-17,2026-09-17
2026-09-17,straitstimes.com,nfkc-casefold-collapse-v1,fac4c1995c8766a79fa0ee175aa86714b11ab98e347a1d15f9cb3af7a63373d1,2,2026-09-17,2026-09-17
2026-09-17,straitstimes.com,nfkc-casefold-collapse-v1,114fcc5926b40966f29d93eae4878683d86ff1b91d8eb93a4044a58b8e819b17,2,2026-09-17,2026-09-17
2026-09-17,straitstimes.com,nfkc-casefold-collapse-v1,bfc46a90a9f8e65b684c07267f3ff749001abff490357fa613661475b15b8aef,2,2026-09-17,2026-09-17
2026-09-17,straitstimes.com,nfkc-casefold-collapse-v1,048fbfaed5e92532438e57972a5e3b82b50192b9a8fcd78c2960e1bf30ccec19,2,2026-09-17,2026-09-17
2026-09-17,straitstimes.com,nfkc-casefold-collapse-v1,0b5dc35e65497919461352e79f00e335c5a838d4fd01085640acea33f3c6e24a,2,2026-09-17,2026-09-17
2026-09-17,straitstimes.com,nfkc-casefold-collapse-v1,4c242eeffb453a7f607baf6444c31eeaf079baa0a026bbf902171b4010b2df6a,2,2026-09-17,2026-09-17
2026-09-17,straitstimes.com,nfkc-casefold-collapse-v1,dfe979b1f8dda6c26f8cfaec1332100f9dc877fb17f921b92eb0da0609d0bb50,2,2026-09-17,2026-09-17
2026-09-17,straitstimes.com,nfkc-casefold-collapse-v1,1f795c8a20d1c56983f006155fbb870a3a4d1fad5a160af99eb9b99b37458c26,2,2026-09-17,2026-09-17
2026-09-17,straitstimes.com,nfkc-casefold-collapse-v1,23f0f9dfa1282993dfa81e908cf0b4d5eba74db64652aaf0b0e4c593dedc4bb1,2,2026-09-17,2026-09-17
2026-09-17,straitstimes.com,nfkc-casefold-collapse-v1,f1e1e5d4727d90e7cd028a0f3827150e6b6e7568c293ea4cc8fc5f6c10abe37d,2,2026-09-17,2026-09-17
2026-09-17,straitstimes.com,nfkc-casefold-collapse-v1,a5a72d0c969bfe2969bfdb605efe80b46040691ee0afc561feeac90a461fecd7,2,2026-09-17,2026-09-17
2026-09-17,straitstimes.com,nfkc-casefold-collapse-v1,3a98ae2e5f6724622e2b34a6467286ae17fe9df98b5dccd3f50a06504f24504c,2,2026-09-17,2026-09-17
2026-09-17,straitstimes.com,nfkc-casefold-collapse-v1,f99459143ac218c8ab4b5f92ed4f88b456da3c1a5aec0aa8ebbd490020d5fff8,2,2026-09-17,2026-09-17
2026-09-17,straitstimes.com,nfkc-casefold-collapse-v1,5f9979712b11c0c43538f6f8e84eb2ec10d5af775579eb0bf8f9f542f286d358,2,2026-09-17,2026-09-17
2026-09-17,thefederal.com,nfkc-casefold-collapse-v1,b2aa70f02a52d5f716c4e67f6478d9d45bc9f86494d0c2748ce7b7bf18ef8997,2,2026-09-17,2026-09-17
2026-09-17,thefederal.com,nfkc-casefold-collapse-v1,1844eaf9fa912b34796a3e12c701896278a8a56a2e28b31c90e362a79e0c73ae,2,2026-09-17,2026-09-17
2026-09-17,thefederal.com,nfkc-casefold-collapse-v1,39befdcb9b60081748547e5ef85f2f6ca350aee5e4f88e3b14bf0d178c001d72,2,2026-09-17,2026-09-17
2026-09-17,thefederal.com,nfkc-casefold-collapse-v1,900d5d2d0906bea312220fecaa269fde416a103c0577b9c2f8e537343a53b790,2,2026-09-17,2026-09-17
2026-09-17,thefederal.com,nfkc-casefold-collapse-v1,38328c6764bac41ad3db9fb17878fb6cb6ebbe57ff46a0590e6aa949aa22163d,2,2026-09-17,2026-09-17
2026-09-17,thefederal.com,nfkc-casefold-collapse-v1,a7427cc210a9c86838a0d1ac30656eb8fe17d84d8e55990f8861bba08721c5ea,2,2026-09-17,2026-09-17
2026-09-17,thefederal.com,nfkc-casefold-collapse-v1,5ea348b8cb54b8fc6375d88df1bbef0df039db6cf4883f5210e9b977a8efbf2a,2,2026-09-17,2026-09-17
2026-09-17,thefederal.com,nfkc-casefold-collapse-v1,dafad80bab098399e6c7cf7e73c47b5299b1b702c22c7917d24959ba4e6e24ff,2,2026-09-17,2026-09-17
2026-09-17,thefederal.com,nfkc-casefold-collapse-v1,2f44a0a044ffab0ab954610566c88ae599b55b32856a9314575995bf04377cfe,2,2026-09-17,2026-09-17
2026-09-17,thefederal.com,nfkc-casefold-collapse-v1,71c062e09fbb11bd3778b4c06b76d682753dafa0e9effd90ceb2d780bf09c7eb,2,2026-09-17,2026-09-17
2026-09-17,thefederal.com,nfkc-casefold-collapse-v1,28c94d58319570694e5cdaab2655e666dc48a81f4d8bc6e7a95243bfee565361,2,2026-09-17,2026-09-17
2026-09-17,thefederal.com,nfkc-casefold-collapse-v1,383521e7f6940444cb7f2d55f8e066027652d5e061d92198827fe404ca788bb5,2,2026-09-17,2026-09-17
2026-09-17,thefederal.com,nfkc-casefold-collapse-v1,28fadb09b8348716d8d28583e56756c1f082bb5d8d22b30e64bd39d33aa27bdc,2,2026-09-17,2026-09-17
2026-09-17,thefederal.com,nfkc-casefold-collapse-v1,da6adb5bb2f8828a3346b672ff4d86dc222e496c288add4444cbb9fe7cc95aa6,2,2026-09-17,2026-09-17
2026-09-17,thefederal.com,nfkc-casefold-collapse-v1,c4de2d5f172ffcc989cd08aec1d355d37bbaacf4eaa5298b166ef34e32a0bbc2,2,2026-09-17,2026-09-17
2026-09-17,thefederal.com,nfkc-casefold-collapse-v1,5970696c27f0e4bb653dd0e830ad5a7cc0341f9474101d22c2d47573804360ad,2,2026-09-17,2026-09-17
2026-09-17,thefederal.com,nfkc-casefold-collapse-v1,058942c3b06564a204c25c4ac45241133d7635f426a0bb14b7193245f89127ef,2,2026-09-17,2026-09-17
2026-09-17,thefederal.com,nfkc-casefold-collapse-v1,143dc2533f010170aef77ecac31257697d1056b06b8bfcfc565ab349dbfee36b,2,2026-09-17,2026-09-17
2026-09-17,thefederal.com,nfkc-casefold-collapse-v1,a63719f753a754ed9339f18922a41cb0734ab4959d9002e5da3533539671c3b6,2,2026-09-17,2026-09-17
2026-09-17,thefederal.com,nfkc-casefold-collapse-v1,470dfcfc62b064e6f3b202fd87f7b9623e6b3679c25f9d0ad797faaf795a5998,2,2026-09-17,2026-09-17
2026-09-17,thefederal.com,nfkc-casefold-collapse-v1,b0c87ff8ce80d6b21b0febb8ee99b2417b2b3bb76e8a246bcce13291019ccdc2,2,2026-09-17,2026-09-17
2026-09-17,thefederal.com,nfkc-casefold-collapse-v1,8d20d04ad904d0b829c5ee24b03f137b6e60f84a8c22f9d9f7675a588dd62f23,2,2026-09-17,2026-09-17
2026-09-17,thefederal.com,nfkc-casefold-collapse-v1,6c5fca17229508a3f9406721aab43cc60f4533e831fba2a49388df5608370ebb,2,2026-09-17,2026-09-17
2026-09-17,thefederal.com,nfkc-casefold-collapse-v1,0e8e419239140f6dac1475df5fd3521153215485725e391e49847445626219e4,2,2026-09-17,2026-09-17
2026-09-17,thefederal.com,nfkc-casefold-collapse-v1,4cf68ce962628169441a9e7ba02294e26b3d213885a7680ae9bba4e873d1a781,2,2026-09-17,2026-09-17
2026-09-17,thefederal.com,nfkc-casefold-collapse-v1,b824815840523dce662da586188e9cfcb8d825d130acf575f4fe2c2b99fdbcf3,2,2026-09-17,2026-09-17
2026-09-17,thefederal.com,nfkc-casefold-collapse-v1,9deb3ad905372591bdfa10afd0a99d6f6092045f00996b71d4da8fc868d5c22f,2,2026-09-17,2026-09-17
2026-09-17,thefederal.com,nfkc-casefold-collapse-v1,4227ecec0cbc3d67ec823e4655d1f1b7696d5ab330dbfa022cf9a342350fbee4,2,2026-09-17,2026-09-17
2026-09-17,thefederal.com,nfkc-casefold-collapse-v1,e3333556c0fe805a8a1da7ba8264679f523dc2a705d582988d6dc927c55b5fe4,2,2026-09-17,2026-09-17
2026-09-17,thefederal.com,nfkc-casefold-collapse-v1,280f5cf1cb7218778b0850c6620f6ed89e5ad9323901bc88b039937fe142aa02,2,2026-09-17,2026-09-17
2026-09-17,thefederal.com,nfkc-casefold-collapse-v1,da74f0eafdc78c555396ef57d4c4f3ded42c56b189905b4f069b118b194ad97d,2,2026-09-17,2026-09-17
2026-09-17,thefederal.com,nfkc-casefold-collapse-v1,21e2969450c551b148e62d79385e933806d06eec2ce6f6c988d5da6705496fd0,2,2026-09-17,2026-09-17
2026-09-17,thefederal.com,nfkc-casefold-collapse-v1,cfbce3f77525b32b77bdfcb129744a02dc4754c5aa24a781fd821543b97074ed,2,2026-09-17,2026-09-17
2026-09-17,thefederal.com,nfkc-casefold-collapse-v1,39c3b15fe8551c9c102420340278c2f985196eb5725eb1a67aec6a0783d4388b,2,2026-09-17,2026-09-17
2026-09-17,thefederal.com,nfkc-casefold-collapse-v1,5e9ba777625cf613bdfeec7a2dab9b2da88e24ca21a2bed1b180aa61582c7235,2,2026-09-17,2026-09-17
2026-09-17,thefederal.com,nfkc-casefold-collapse-v1,c5057eb4343bb30b03d7e309b55dff9c7c27351eef1aa65e0c590ba9e7cc0f43,2,2026-09-17,2026-09-17
2026-09-17,thefederal.com,nfkc-casefold-collapse-v1,f3368b0211adcdba44f6c483cfb7f86783afdf3e366ce2686fff5906ca5a0b7e,2,2026-09-17,2026-09-17
2026-09-17,thefederal.com,nfkc-casefold-collapse-v1,a6be03f842e5dbffe60c0ddea0c896523b7026f9f8a93eab9c34044c6235f21d,2,2026-09-17,2026-09-17
2026-09-17,thefederal.com,nfkc-casefold-collapse-v1,bf365fce0deb828a0c802129f4875bdabb68f8500ddb45f6035214469e56f69f,2,2026-09-17,2026-09-17
2026-09-17,thefederal.com,nfkc-casefold-collapse-v1,20d78d3cfc59b8fecbbf5dc6ef2302e7ddec883396758d7d20e09f5af6869f8a,2,2026-09-17,2026-09-17
2026-09-17,thefederal.com,nfkc-casefold-collapse-v1,6a0dcfaf5d797df6480619e7eef41c86f44d1f322098e86c70047b815c4be98d,2,2026-09-17,2026-09-17
2026-09-17,thefederal.com,nfkc-casefold-collapse-v1,9622f6713eca184d6096fda6d221a1c9632a0673e1cc39a781663a675031c288,2,2026-09-17,2026-09-17
2026-09-17,thefederal.com,nfkc-casefold-collapse-v1,f717940695ff875655d260e438950edd84e3fce5af832863f02aa9d2b14c6f10,2,2026-09-17,2026-09-17
2026-09-17,thefederal.com,nfkc-casefold-collapse-v1,136eda5fbd91775044be7b35efb39801438d0128fbe9afcdcc241fbbafdead5f,2,2026-09-17,2026-09-17
2026-09-17,thefederal.com,nfkc-casefold-collapse-v1,f709415c1f4f89bad3575aa5cb206b4d73dcf2787bdf407eebe89b2fa079a342,2,2026-09-17,2026-09-17
2026-09-17,thefederal.com,nfkc-casefold-collapse-v1,604c5012733fa4c55a058252b32363474844c6634995f69fdc6afadfb8320233,2,2026-09-17,2026-09-17
2026-09-17,thefederal.com,nfkc-casefold-collapse-v1,d55b039dbea281f87ce10b1afbca97840712104049251778da74730d9dfd0b72,2,2026-09-17,2026-09-17
2026-09-17,thefederal.com,nfkc-casefold-collapse-v1,33a0859b62c36e0ed5fdf67cf4e22e395fc9ca51badb7b67fd36acbd6b31a974,2,2026-09-17,2026-09-17
2026-09-17,thefederal.com,nfkc-casefold-collapse-v1,ccb9a1a6f8653175d680586083aceace900bc996668c23379566259b763617d0,2,2026-09-17,2026-09-17
2026-09-17,thefederal.com,nfkc-casefold-collapse-v1,735d7bcdf991cf0200624297aac2e39a17acbf2f59e35f87907473db29066de8,2,2026-09-17,2026-09-17
2026-09-17,thefederal.com,nfkc-casefold-collapse-v1,3694fae844c27f5dd1f65583b2b6439145d73e8f8e1e30997df84739c371c366,2,2026-09-17,2026-09-17
2026-09-17,thefederal.com,nfkc-casefold-collapse-v1,0bd389d5dc61694b22ae149bfa21a4e54c6f1b2d43cb1c8513067cf0a6212cd1,2,2026-09-17,2026-09-17
2026-09-17,thefederal.com,nfkc-casefold-collapse-v1,d5671b4363612accc27c39bcc19915584bff43ab24f241f377b075deccc69d20,2,2026-09-17,2026-09-17
2026-09-17,thefederal.com,nfkc-casefold-collapse-v1,a8372108004b4e01cfeac8e2afe974d6370b0fa5a902c6912eef62cc64779b11,2,2026-09-17,2026-09-17
2026-09-17,thefederal.com,nfkc-casefold-collapse-v1,2956eb0a68fe75a0448b2f3789b93be6e8f6a764100dd7e85cd167dcf99848cf,2,2026-09-17,2026-09-17
2026-09-17,thefederal.com,nfkc-casefold-collapse-v1,9c4fdc99a81d0c823e61233716e0ab86cb4008641b20c9a4e2ed55c08c43b81f,2,2026-09-17,2026-09-17
2026-09-17,thefederal.com,nfkc-casefold-collapse-v1,b2b2556f80a61d9f8b5846173b9dbe8a85e9905e5dd93fd290ef05268cbb12a1,2,2026-09-17,2026-09-17
2026-09-17,thefederal.com,nfkc-casefold-collapse-v1,9c02f8fc93eb5917c82c357b1fe07b60658300ec3ab0814cd10113f41356c482,2,2026-09-17,2026-09-17
2026-09-17,thefederal.com,nfkc-casefold-collapse-v1,14564c2a8897aa5b77a7e758a8411532aaa56d8c110794d25aaa860fd2a51358,2,2026-09-17,2026-09-17
2026-09-17,thefederal.com,nfkc-casefold-collapse-v1,30a2f9088730cb41135019bb83584613f119d28a16961afb5a0b7d778ade0e35,2,2026-09-17,2026-09-17
2026-09-17,thefederal.com,nfkc-casefold-collapse-v1,1922b4da4f9905db2eb0f72865bb0645500bb91a86df3976fef15e824e156bfc,2,2026-09-17,2026-09-17
2026-09-17,thefederal.com,nfkc-casefold-collapse-v1,f20010eff679d400eea1cb7e5b288ea68455039e3d915480ca73ae1323c48600,2,2026-09-17,2026-09-17
2026-09-17,thefederal.com,nfkc-casefold-collapse-v1,14eeaed434bcb2abd376c339e907803aa460714bc41f99fa38b8bef0186ec75c,2,2026-09-17,2026-09-17
2026-09-17,thefederal.com,nfkc-casefold-collapse-v1,f8d19ba4622147c624ee2ee5d3cdcd517fc1179b3afe617e19acb6c0f04a0b92,2,2026-09-17,2026-09-17
2026-09-17,thefederal.com,nfkc-casefold-collapse-v1,12797c990767ecc2d3fa6fc65e8577bd6db3c799f06bd4fc6eba6f0db545d98b,2,2026-09-17,2026-09-17
2026-09-17,thefederal.com,nfkc-casefold-collapse-v1,6b110bda3e705ce71d4512b98e7495c4b43e11e252eff5139a46f1469ae7ba1b,2,2026-09-17,2026-09-17
2026-09-17,thefederal.com,nfkc-casefold-collapse-v1,19628445a6392ae20f86a48e2412bedc5140f3584b076092a0b12b6ccb7c082e,2,2026-09-17,2026-09-17
2026-09-17,thefederal.com,nfkc-casefold-collapse-v1,34ccfc421821fad068cb4a2dde5559da13de7bf119749bbcf35b5db23f0a1b96,2,2026-09-17,2026-09-17
2026-09-17,thefederal.com,nfkc-casefold-collapse-v1,1bd9c5c3e64923e9d13ceb329902a1bae5cb23bbef87f9f9389021bb70d441f6,2,2026-09-17,2026-09-17
2026-09-17,thefederal.com,nfkc-casefold-collapse-v1,99c070a37ee1ce8eb181b1bfa7ed2e068ee050e210af8e764c3d189ba4dad898,2,2026-09-17,2026-09-17
2026-09-17,thefederal.com,nfkc-casefold-collapse-v1,1a8a2bd6e690a794d66c2932e2341448a63bc27f456927d6737bd440818ea09c,2,2026-09-17,2026-09-17
2026-09-17,thefederal.com,nfkc-casefold-collapse-v1,566a0105ab852324152b952ffab6c6177482cca3388944f94baa4274382c4ef7,2,2026-09-17,2026-09-17
2026-09-17,thefederal.com,nfkc-casefold-collapse-v1,87c74aecb02f0ec4f03b14156adadba65d671e3d0b9fdfeb45e4bf72aa42bad5,2,2026-09-17,2026-09-17
2026-09-17,thefederal.com,nfkc-casefold-collapse-v1,56d7ccc7f50d678898c03b72e36892ac8eacf1020a5a47f64fbf1d734d1013a3,2,2026-09-17,2026-09-17
2026-09-17,thefederal.com,nfkc-casefold-collapse-v1,59ad538254ab6ecef17208a3ae6b85430524edf661c9d37a5aa85e12c61ac9f0,2,2026-09-17,2026-09-17
2026-09-17,thefederal.com,nfkc-casefold-collapse-v1,38d1992a0b9d24f7efb570fb0621226046ffa04c6c22db628d1d3e29b4c005b3,2,2026-09-17,2026-09-17
2026-09-17,thefederal.com,nfkc-casefold-collapse-v1,00360cfd436772e9986bcab28e6273a5859896658f2ad03fd4138c6c54bb6c27,2,2026-09-17,2026-09-17
2026-09-17,thefederal.com,nfkc-casefold-collapse-v1,177913cdfb2e433f781b7143827662035ee26a51abfaebe9345d65efab7a5a0f,2,2026-09-17,2026-09-17
2026-09-17,theguardian.com,nfkc-casefold-collapse-v1,26d99bc19c12b5570c4a62bdb1c9353385e508357a4018121633181591bd25ec,2,2026-09-17,2026-09-17
2026-09-17,theguardian.com,nfkc-casefold-collapse-v1,2c52963a7b2b0f3c7707dcf986c5854e7f4aa5bfc8d69e0622a44f7d0e75b4fb,2,2026-09-17,2026-09-17
2026-09-17,theguardian.com,nfkc-casefold-collapse-v1,667abc749b542503c63230af54e0c376f9e98a562547072020c9013bd05a5a22,2,2026-09-17,2026-09-17
2026-09-17,theguardian.com,nfkc-casefold-collapse-v1,4328260b8eb0ec2337945196e118bd456de432cf69beaf27e377d974c45f27f6,2,2026-09-17,2026-09-17
2026-09-17,theguardian.com,nfkc-casefold-collapse-v1,b3268e270ccefcf9ca27bed46c9d104e9f5a7b5e298b376123e7932adc7e2bbf,2,2026-09-17,2026-09-17
2026-09-17,theguardian.com,nfkc-casefold-collapse-v1,10c3d2c5e5f86a8134292a1eec3b92a6c12c7556a8aac1587f83e799f8d6f6fb,2,2026-09-17,2026-09-17
2026-09-17,theguardian.com,nfkc-casefold-collapse-v1,f8eaebb83e147cb6bb5eb8ce0e735ff6a26952dec938a27cea2583ac57fcecfc,2,2026-09-17,2026-09-17
2026-09-17,theguardian.com,nfkc-casefold-collapse-v1,68059244f91f1f7acf4cc45f7af6763dd80fa8bf3a293a4a966b80fd8a536c2c,2,2026-09-17,2026-09-17
2026-09-17,theguardian.com,nfkc-casefold-collapse-v1,0d41ca782b5565914b14921a1a05acbb81fe98ef38ff6ef236ebd102a19cb107,2,2026-09-17,2026-09-17
2026-09-17,theguardian.com,nfkc-casefold-collapse-v1,66a7be5421cdb4fd34403cfe9dd3b05e21ac06e6eba8c81c1cd189e432773e23,2,2026-09-17,2026-09-17
2026-09-17,theguardian.com,nfkc-casefold-collapse-v1,04e4558130123607b277d1a48a312689edd82d659d775d2059fc6c08ed96c294,2,2026-09-17,2026-09-17
2026-09-17,theguardian.com,nfkc-casefold-collapse-v1,c4034b65397c441115b30ed04099e39ece5ffa904d21a64473a2d3b37e45232f,2,2026-09-17,2026-09-17
2026-09-17,theguardian.com,nfkc-casefold-collapse-v1,b6b7da88a4a0905b177c986fd8873ac12fde6e5671d71faea49c89f4d4357768,2,2026-09-17,2026-09-17
2026-09-17,theguardian.com,nfkc-casefold-collapse-v1,037036fca45fd49753d1fcae821b6e7d484cb728e72f00839faab68e6eded6c8,2,2026-09-17,2026-09-17
2026-09-17,theguardian.com,nfkc-casefold-collapse-v1,d07ba3e290cd2e4046777bc631117c46470d225bcbf1624a2a1001c1c8673813,2,2026-09-17,2026-09-17
2026-09-17,theguardian.com,nfkc-casefold-collapse-v1,006e32e88079a7740b7dfad05cac4f500e01f21cc95bda5c73086c815f38a9f8,2,2026-09-17,2026-09-17
2026-09-17,theguardian.com,nfkc-casefold-collapse-v1,1bd51af2bfe4d9ee3a34656a5ca44b4171dafe0c4118da4cc000d59e174ff062,2,2026-09-17,2026-09-17
2026-09-17,theguardian.com,nfkc-casefold-collapse-v1,29873461becf6728c6b0c15d0e46daaee497ba86d469ada7bbeae6554d963886,2,2026-09-17,2026-09-17
2026-09-17,theguardian.com,nfkc-casefold-collapse-v1,de6f5e60f618d441b9b3c73965dd811ce8587f62cfacc24be4a54b4b5da58f45,2,2026-09-17,2026-09-17
2026-09-17,theguardian.com,nfkc-casefold-collapse-v1,e91a7627c4f7afb709f3cd9b71ec711e71bab5b7f093a3c419aec529d1697666,2,2026-09-17,2026-09-17
2026-09-17,theguardian.com,nfkc-casefold-collapse-v1,54ac1a8be8be24f9751232455c9356c51e8da8267d029d53aac3a87f65d0775b,2,2026-09-17,2026-09-17
2026-09-17,theguardian.com,nfkc-casefold-collapse-v1,c7e4e78b3aba9228403bbb5f3231f5d5c2b87c46befea5581c075262e2f734a4,2,2026-09-17,2026-09-17
2026-09-17,theguardian.com,nfkc-casefold-collapse-v1,543b95865935006b0a054d65e0d5eab006b701ca0484346bdcc82d234a84377d,2,2026-09-17,2026-09-17
2026-09-17,theguardian.com,nfkc-casefold-collapse-v1,8e332d98dc34c01260e2fa44e7f6ac98a80aa3aefffee41bb85514c0eaa368c1,2,2026-09-17,2026-09-17
2026-09-17,theguardian.com,nfkc-casefold-collapse-v1,3af6231f681169cfa78837573a851033eafc93d3f90c77517d1afeb1b707741e,2,2026-09-17,2026-09-17
2026-09-17,theguardian.com,nfkc-casefold-collapse-v1,e93fceaec5834e4c1351371247e73f138c867bf10385f9df1bb9db0ac497d8f8,2,2026-09-17,2026-09-17
2026-09-17,theguardian.com,nfkc-casefold-collapse-v1,abbbb9c9c1b2c0fe9b00aead3f68265741741c03645c7578857775613ac988ba,2,2026-09-17,2026-09-17
2026-09-17,theguardian.com,nfkc-casefold-collapse-v1,d4eb07265acdc014f85d8088d0fe18f2bbcaafc7fca7a086dd261d6850ed97de,2,2026-09-17,2026-09-17
2026-09-17,theguardian.com,nfkc-casefold-collapse-v1,b7484d1a776b91b65e753e8300dbf913c48f58d8ac92e3fc383e074bd2c4ad5a,2,2026-09-17,2026-09-17
2026-09-17,theguardian.com,nfkc-casefold-collapse-v1,1e93da7301f4e6afe0f55ad02a2aaa5574403826d5681786abc70f4970f12b1d,2,2026-09-17,2026-09-17
2026-09-17,theguardian.com,nfkc-casefold-collapse-v1,a6dd1d07bff81f6ffc134950987a2b5f5743580bb9f75e80ffdccd8ad5d2c193,2,2026-09-17,2026-09-17
2026-09-17,theguardian.com,nfkc-casefold-collapse-v1,45d64de7e18f4c97010012830472d4043cc2bfa59ff7314f2f9d241ccc240af6,2,2026-09-17,2026-09-17
2026-09-17,theguardian.com,nfkc-casefold-collapse-v1,6f57288eefd31387868bdc8ccd4de1d30fb8578878744b9334e455cfd3cc059c,2,2026-09-17,2026-09-17
2026-09-17,theguardian.com,nfkc-casefold-collapse-v1,661d274c7097dfd6790bd93d7411588b38764b78da787733b305fef7cc8174bb,2,2026-09-17,2026-09-17
2026-09-17,theguardian.com,nfkc-casefold-collapse-v1,7ccee081d3db16206314af1af074b6def829d2aacdb58c2451b938bc5d958dde,2,2026-09-17,2026-09-17
2026-09-17,theguardian.com,nfkc-casefold-collapse-v1,42bfed13e7302bf1567eaa3ac161f72f7888c78582f82c0aff28634316de4a6c,2,2026-09-17,2026-09-17
2026-09-17,theguardian.com,nfkc-casefold-collapse-v1,856bf397a703c4e92c87d4b8ec01b6fb2b74d718c9a28d184b0b203ed0282dda,2,2026-09-17,2026-09-17
2026-09-17,theguardian.com,nfkc-casefold-collapse-v1,8b8103d0f3fc17c46f6b8da1b9c50195e3dc421fd58085d2132c2f43226d9428,2,2026-09-17,2026-09-17
2026-09-17,theguardian.com,nfkc-casefold-collapse-v1,0c17aae9c77c36233220ffe4549b004d5478cde0758171452311f43c0328075b,2,2026-09-17,2026-09-17
2026-09-17,theguardian.com,nfkc-casefold-collapse-v1,54bef857c92a87439d6c34d7023055d2879dfe9ee9b6371e698253787b66d4f3,2,2026-09-17,2026-09-17
2026-09-17,theguardian.com,nfkc-casefold-collapse-v1,c72490d032b75f7a4e48c098a18ed70325c01f9f098587d5077eddc081c55a33,2,2026-09-17,2026-09-17
2026-09-17,theguardian.com,nfkc-casefold-collapse-v1,dfdd85d891d90506061cdf744b18d5434ee868571ee624ef981d51af59de6f69,2,2026-09-17,2026-09-17
2026-09-17,theguardian.com,nfkc-casefold-collapse-v1,51c4fc32228c085cd9a0c2a5b8ef5aea12b0b8b6a492eb527b91814bb8968c29,2,2026-09-17,2026-09-17
2026-09-17,theguardian.com,nfkc-casefold-collapse-v1,bd5bbdcf5fa44da09342e5d4cac80026bf9b4e090894a595a8ed8b511e4abdf1,2,2026-09-17,2026-09-17
2026-09-17,theguardian.com,nfkc-casefold-collapse-v1,230e80c9783b1180b8c7af26fef3db0cf16a0af6b110974fdb775156e08e4625,2,2026-09-17,2026-09-17
2026-09-17,theguardian.com,nfkc-casefold-collapse-v1,78e2fa8f2e44b2740eac0f55af060d83e3c9f1142135d689084bf8e26740363e,2,2026-09-17,2026-09-17
2026-09-17,theguardian.com,nfkc-casefold-collapse-v1,df48e609e1c86ca5e22942a126a67942ba8b4d907b8a6e461cbbb84213d82aba,2,2026-09-17,2026-09-17
2026-09-17,theguardian.com,nfkc-casefold-collapse-v1,2b448ad3efdc5d4c2825fe688247ac4ec2adea78602e643c1be35ba8f2d9815a,2,2026-09-17,2026-09-17
2026-09-17,theguardian.com,nfkc-casefold-collapse-v1,04dbd3d425ebaf5eb5259714718f542b07078ec0bc15067ebd125806197e2ed2,2,2026-09-17,2026-09-17
2026-09-17,theguardian.com,nfkc-casefold-collapse-v1,3b3126e4129b64c61f901608844561f4ba653023801eb3404294a94ae6df4f2f,2,2026-09-17,2026-09-17
2026-09-17,theguardian.com,nfkc-casefold-collapse-v1,e970075d29b0b823f8f89af483be8972aecb8572648dbf1719caae0c1749a45e,2,2026-09-17,2026-09-17
2026-09-17,theguardian.com,nfkc-casefold-collapse-v1,5978aa51f2e40146fc0dd002145e036dde84ba9cd623dd6bbdf246320908e301,2,2026-09-17,2026-09-17
2026-09-17,theguardian.com,nfkc-casefold-collapse-v1,9e6083427e6b1086588ebff18b0a2be8f7ba5e7a385c4baf62ee46507ec86e6b,2,2026-09-17,2026-09-17
2026-09-17,theguardian.com,nfkc-casefold-collapse-v1,2fe34c4216c647979b4fd2ebcb336db357ecef0f48b4e0e358fedec7e8892865,2,2026-09-17,2026-09-17
2026-09-17,theguardian.com,nfkc-casefold-collapse-v1,5b6fed676081d26b238a443994ed0000eb33a5317865cde27d60fc6c80796b2c,2,2026-09-17,2026-09-17
2026-09-17,theguardian.com,nfkc-casefold-collapse-v1,2ddafa3ee4cae2bcdc8ca0335e4182ea074fc0f12e6ee9a95d6516e4bcbf56d4,2,2026-09-17,2026-09-17
2026-09-17,theguardian.com,nfkc-casefold-collapse-v1,1f58f565b9b237b7d1afa111bec0098d2951745748a61fd7e7b5e26d04e799b8,2,2026-09-17,2026-09-17
2026-09-17,theguardian.com,nfkc-casefold-collapse-v1,0a5d156d0e4e427e4bf4edbeb72d40c85227fc62b8f3e734e1734af4543b44bf,2,2026-09-17,2026-09-17
2026-09-17,theguardian.com,nfkc-casefold-collapse-v1,9e0e13433646bd96cf601977d02410ae4836dcfa2c81372ab862b8a011d45641,2,2026-09-17,2026-09-17
2026-09-17,theguardian.com,nfkc-casefold-collapse-v1,cd47f4cadd45f9edac26f90c644f7837e83225b4a225512ebc287e18676d5be4,2,2026-09-17,2026-09-17
2026-09-17,theguardian.com,nfkc-casefold-collapse-v1,dcb2670eac07cacfbc40abb1c3be0dbd7d02f6b46ab8c914109c8edc9bb7c39b,2,2026-09-17,2026-09-17
2026-09-17,theguardian.com,nfkc-casefold-collapse-v1,8135b9c8fd798934b00c610792993af1224767a735bc42ef76aaa5049dc64f7e,2,2026-09-17,2026-09-17
2026-09-17,theguardian.com,nfkc-casefold-collapse-v1,81ee12cb74d52202914c061c2122e89c15561d5f74c6bda4d5a39f89981c13f9,2,2026-09-17,2026-09-17
2026-09-17,theguardian.com,nfkc-casefold-collapse-v1,eb9737076004436ec15968bb901096aefb21c5da622a4945d03f78fe712acceb,2,2026-09-17,2026-09-17
2026-09-17,theguardian.com,nfkc-casefold-collapse-v1,fc946928259f6cda0aae1cea887f60b4fa8844376650c2f951b22f506ab20eb2,2,2026-09-17,2026-09-17
2026-09-17,theguardian.com,nfkc-casefold-collapse-v1,8208635535b16bd296493b9fd89fec62c6e3e78f6e27ced190ab4eca38f90038,2,2026-09-17,2026-09-17
2026-09-17,theguardian.com,nfkc-casefold-collapse-v1,76b1d8b3715916aee81ca0fdb031111a2e7f43fb20bfb066e5bc73d9bc64e58b,2,2026-09-17,2026-09-17
2026-09-17,theguardian.com,nfkc-casefold-collapse-v1,f8fbe5f8f237b24a91f8139d13e20fda1d52b0d70ddeb99c68c205346859e61a,2,2026-09-17,2026-09-17
2026-09-17,theguardian.com,nfkc-casefold-collapse-v1,18699980d4fd8a78eb0c710847361b9de6ee02cdecef2aabe57d7a8567c33371,2,2026-09-17,2026-09-17
2026-09-17,theguardian.com,nfkc-casefold-collapse-v1,ba0a5ad8cf1ed47c7d4a51e37fe56f8462cf81177b90d33610c2846528f59ee9,2,2026-09-17,2026-09-17
2026-09-17,theguardian.com,nfkc-casefold-collapse-v1,203f563aa164623135d3e266d53c93212d574fed1cb9331b0fcf0fdb5b1f4d6d,2,2026-09-17,2026-09-17
2026-09-17,theguardian.com,nfkc-casefold-collapse-v1,1238ca2af9ddb8a70d18160f36435c8975d5b5f3465d95f9d47fe06af19b4311,2,2026-09-17,2026-09-17
2026-09-17,theguardian.com,nfkc-casefold-collapse-v1,492d6dcce0c09b05b35ef31bf35e890c2a17fabe8d09ad023a7c6b3147619364,2,2026-09-17,2026-09-17
2026-09-17,theguardian.com,nfkc-casefold-collapse-v1,bc3bcbbfa9d4e6c56e728fefe565c1b3b84de1e475364bf3d3fcd99fde7d8a6f,2,2026-09-17,2026-09-17
2026-09-17,theguardian.com,nfkc-casefold-collapse-v1,1b052c59538868e74b24433f9227e325c573eb9ce104a4b963588c64c586382d,2,2026-09-17,2026-09-17
2026-09-17,theguardian.com,nfkc-casefold-collapse-v1,ed3103bb2a84450f63ba1c549e2bb635393f2225507030a783f0556bc8e0fbf6,2,2026-09-17,2026-09-17
2026-09-17,theguardian.com,nfkc-casefold-collapse-v1,1418284ad28e12093b31da924c8722b8b5022c89e7cc2b84ec59df9dd24c147f,2,2026-09-17,2026-09-17
2026-09-17,theguardian.com,nfkc-casefold-collapse-v1,4e8829ad3e8f98f223c7715cc1db36da3d59df86881467e7dfbebfd44222f729,2,2026-09-17,2026-09-17
2026-09-17,theguardian.com,nfkc-casefold-collapse-v1,2857201eb752dc1a0d83431cd7518dd53f386413d6ae4cb9a556b0033e7e329a,2,2026-09-17,2026-09-17
2026-09-17,theguardian.com,nfkc-casefold-collapse-v1,06e40845f97149fc6a6aa18427f8cb8de67a60b28e31fee42c1203e412ad2af3,2,2026-09-17,2026-09-17
2026-09-17,theguardian.com,nfkc-casefold-collapse-v1,dcbe0206d04591217188ffc4b717e4c965059df45364b02b86dc75c6bdad71b2,2,2026-09-17,2026-09-17
2026-09-17,theguardian.com,nfkc-casefold-collapse-v1,310447f63916c749b0f5ea9ee77bb88e014cfc5655c4baf4476f5b21f79072b5,2,2026-09-17,2026-09-17
2026-09-17,theguardian.com,nfkc-casefold-collapse-v1,27c48c379ad6e0618f1336e30784498891e87bbb6d1bf0f6a269aa04edec9307,2,2026-09-17,2026-09-17
2026-09-17,theguardian.com,nfkc-casefold-collapse-v1,0f6a98485ff1841f1b3c31f58dd799791d3cf4bb94bfeca4c547fbe885a37b3d,2,2026-09-17,2026-09-17
2026-09-17,theguardian.com,nfkc-casefold-collapse-v1,6876caf377fb8d30718999672d62b507e5eeb0c5c8d683f391e4082255223db6,2,2026-09-17,2026-09-17
2026-09-17,theguardian.com,nfkc-casefold-collapse-v1,1a12e15ce6434ef902439af45e80beea6544fcd9546b540109ff7bea38c634c8,2,2026-09-17,2026-09-17
2026-09-17,theguardian.com,nfkc-casefold-collapse-v1,f81fa212bb9d25db75df65181ac2a4f3f2ff4a96c3607f05536c3cb72ec35542,2,2026-09-17,2026-09-17
2026-09-17,theguardian.com,nfkc-casefold-collapse-v1,205c2f1cb06f8c7b33e750068961b4d7929338638b0cae233f3cbe129234a2b9,2,2026-09-17,2026-09-17
2026-09-17,theguardian.com,nfkc-casefold-collapse-v1,7a07b5774edf4ed14cb6257307341fe5b0d2c96492b770dce4ff428b8788d796,2,2026-09-17,2026-09-17
2026-09-17,theguardian.com,nfkc-casefold-collapse-v1,520165a480802d902cd7cbc738d8cd833bc0da55644a0fdbf3c05a34c39b2e6c,2,2026-09-17,2026-09-17
2026-09-17,theguardian.com,nfkc-casefold-collapse-v1,e7d5f17e4c60f24554fe7d6f3134dd128eeadf1404652dbac00283114dae7acc,2,2026-09-17,2026-09-17
2026-09-17,theguardian.com,nfkc-casefold-collapse-v1,22f84b9ade9e974db4a31b9bc4f8213020fdd21b77190255710102b546c5a993,2,2026-09-17,2026-09-17
2026-09-17,theguardian.com,nfkc-casefold-collapse-v1,eaba0f3a78b05d4c089d6f0abaf7a1eb7057bd59dbf75a1a7e099f7dd716cbd4,2,2026-09-17,2026-09-17
2026-09-17,theguardian.com,nfkc-casefold-collapse-v1,c411c5db92c8c16768c4d7c6b447a6feb9dbc5e339ebe8ed661ae57670a06eea,2,2026-09-17,2026-09-17
2026-09-17,theguardian.com,nfkc-casefold-collapse-v1,7405c5a2fa3acc7dc582c787cde0514503be06de3baf6e0cd76d9f31f5a4147c,2,2026-09-17,2026-09-17
2026-09-17,theguardian.com,nfkc-casefold-collapse-v1,db478cd734bea2edbfa66ad6dedba895383c604ae0f5f9f65d84395c60092230,2,2026-09-17,2026-09-17
2026-09-17,theguardian.com,nfkc-casefold-collapse-v1,202d341d7d93e82a8dc3fdf074993247c369e56751eda0e56f7bd214fd95cf06,2,2026-09-17,2026-09-17
2026-09-17,theguardian.com,nfkc-casefold-collapse-v1,91ae106a5a5780edeaf458587ae91bcf2db988ed840ad48c31411b08a5510448,2,2026-09-17,2026-09-17
2026-09-17,theguardian.com,nfkc-casefold-collapse-v1,41fda14b21286a3895f166079e7696e525e5b45952419f8677958698b52c67c1,2,2026-09-17,2026-09-17
2026-09-17,theguardian.com,nfkc-casefold-collapse-v1,8bb5db63afd0e597843b74d64c5f16447fa0cb6e31e09a237c6a305e139135ee,2,2026-09-17,2026-09-17
2026-09-17,theguardian.com,nfkc-casefold-collapse-v1,d24115b5b9cad15570d350970e9da7144145cd96c66013cb92194ea98d54e032,2,2026-09-17,2026-09-17
2026-09-17,theguardian.com,nfkc-casefold-collapse-v1,e7a99ebfa39ecb416b07b1e8edb57b2b829ae6beda62d650f1599a75576fb592,2,2026-09-17,2026-09-17
2026-09-17,theguardian.com,nfkc-casefold-collapse-v1,d45b8ef008d505163ea237a8ac64906b0469661aad76b2a3dbb0596608a9a841,2,2026-09-17,2026-09-17
2026-09-17,theguardian.com,nfkc-casefold-collapse-v1,2243e8a0211c71974fddf18b1ecbcd69b329fb68d8c9a592b9c562f0a5afede3,2,2026-09-17,2026-09-17
2026-09-17,theguardian.com,nfkc-casefold-collapse-v1,356ef2a204e58f15df7b572a68da170e297f864e026ab02215f0f7dd50a127f4,2,2026-09-17,2026-09-17
2026-09-17,theguardian.com,nfkc-casefold-collapse-v1,2fa37b03dd36fb61553c4645f8cbac5045fc2b11627f6106685909c7f07548ab,2,2026-09-17,2026-09-17
2026-09-17,theguardian.com,nfkc-casefold-collapse-v1,450be542320fffc3ff4eecd63912f9aa212991749bb2586685d0ff6f0235b6f3,2,2026-09-17,2026-09-17
2026-09-17,theguardian.com,nfkc-casefold-collapse-v1,56b9e57b1c73d936339f2e9a5a2efd15e53ce7414543f0f5f63af4e6a8ad0a1c,2,2026-09-17,2026-09-17
2026-09-17,theguardian.com,nfkc-casefold-collapse-v1,37835317d3c70e627854aa067043896efd0c95a88654689ef4ac82bcf6ee5859,2,2026-09-17,2026-09-17
2026-09-17,theguardian.com,nfkc-casefold-collapse-v1,c14badcec5a3212af74cc4f5174d66b1a5bc85b601f3101b4423817bb229e912,2,2026-09-17,2026-09-17
2026-09-17,theguardian.com,nfkc-casefold-collapse-v1,ea2f3791a9f0d03f01d8ecf02f9ce2208301f3bfc2b948aac5df253be49379b8,2,2026-09-17,2026-09-17
2026-09-17,theguardian.com,nfkc-casefold-collapse-v1,cb4035e7d94932639d4c008e3407c687c8b909af2c211eafad5123250c9c01a9,2,2026-09-17,2026-09-17
2026-09-17,theguardian.com,nfkc-casefold-collapse-v1,c425ef5ad9986e3e6f76ad710381e0abf632965e5473c81d76538dd51e86366c,2,2026-09-17,2026-09-17
2026-09-17,theguardian.com,nfkc-casefold-collapse-v1,199123a2d17fcbe9052323d513b4509a889d7d0b80c052fabc221983195fa30d,2,2026-09-17,2026-09-17
2026-09-17,theguardian.com,nfkc-casefold-collapse-v1,cd0ae2af75dec740542160ff8df367326a5b93d7fbbc8560cf35c780621d0887,2,2026-09-17,2026-09-17
2026-09-17,theguardian.com,nfkc-casefold-collapse-v1,6a384ec221ae1502d143482d93302c39ce3d1ba09a418ca2347f00feb3d1066f,2,2026-09-17,2026-09-17
2026-09-17,theguardian.com,nfkc-casefold-collapse-v1,74456c709fa20570099a58d83177641fc5434a99cf2dea1ce064e4d3c67b2b3c,2,2026-09-17,2026-09-17
2026-09-17,theguardian.com,nfkc-casefold-collapse-v1,c530b42c2474061181b8fe9f6f560e06bcda19ff7a2dc46f0317baf30b8bf40d,2,2026-09-17,2026-09-17
2026-09-17,theguardian.com,nfkc-casefold-collapse-v1,b181ffedd57a7995f7ecd5d0facdba982fa3fa0732ace25e846cb42662a6e139,2,2026-09-17,2026-09-17
2026-09-17,theguardian.com,nfkc-casefold-collapse-v1,9164cc5fc10a99304eb7c8812d934da03eb6862f64e0b4958a88d6a95679cffd,2,2026-09-17,2026-09-17
2026-09-17,theguardian.com,nfkc-casefold-collapse-v1,b7fccade3725d8006081ce4cd2f76d9830aefd5c2523be3c6eb7ea083d22d329,2,2026-09-17,2026-09-17
2026-09-17,theguardian.com,nfkc-casefold-collapse-v1,76e2737c267268943912d9009320615299911f881b0703654880be0d1ff9940b,2,2026-09-17,2026-09-17
2026-09-17,theguardian.com,nfkc-casefold-collapse-v1,59f5a6327cbca296c38c4e00ca15a738f737cba8ddb73127fca3d2a17c45d0c7,2,2026-09-17,2026-09-17
2026-09-17,theguardian.com,nfkc-casefold-collapse-v1,1ee1f2acfc5d09c29d3d8f1a048a9fb3e53d898cbc7d7aea80d30574e845369c,2,2026-09-17,2026-09-17
2026-09-17,theguardian.com,nfkc-casefold-collapse-v1,6b4ef6bd7650d144819f4f56e35da7d3785a7ff08c5dc68d2d8bd3e2151db5ab,2,2026-09-17,2026-09-17
2026-09-17,theguardian.com,nfkc-casefold-collapse-v1,7bc04eebc94a937524ecc348db694decb2c4ce4190c7f66100ddb84ee971a16d,2,2026-09-17,2026-09-17
2026-09-17,theguardian.com,nfkc-casefold-collapse-v1,be88e9c63e0646f41180bef8d124ae5840f28d9f672224f993acb750ebc0b847,2,2026-09-17,2026-09-17
2026-09-17,theguardian.com,nfkc-casefold-collapse-v1,0c89ee2741267df556e21fa800398c23c8259cbe507522d6b55fa06546827f35,2,2026-09-17,2026-09-17
2026-09-17,theguardian.com,nfkc-casefold-collapse-v1,3d3f39cdb5e6192a186533861cddd8fa0f6fb32dbe1e14ada29ba80f8d28ab2b,2,2026-09-17,2026-09-17
2026-09-17,theguardian.com,nfkc-casefold-collapse-v1,99fb6e796beb17311db176a062074a256c49aa8e46b07b5625e8d3095bbac96f,2,2026-09-17,2026-09-17
2026-09-17,theguardian.com,nfkc-casefold-collapse-v1,96973ead201a5f4b6fca298ca1d235d891e3e8fbe7260b8bf67294fbd0be3fd2,2,2026-09-17,2026-09-17
2026-09-17,theguardian.com,nfkc-casefold-collapse-v1,46f00fbf39a24d9f83b4f2a0080dc709d33633325a5d47301a4c72896f235966,2,2026-09-17,2026-09-17
2026-09-17,theguardian.com,nfkc-casefold-collapse-v1,b83c19719ca1ea3f12cc397f9b010da379b89c46d25f64f78ab6b8b9d5c5263f,2,2026-09-17,2026-09-17
2026-09-17,theguardian.com,nfkc-casefold-collapse-v1,7ec5e640b40c69fa242fade8057b0cbb3c3e398d14c9d0109fce90f7cdb1b8ab,2,2026-09-17,2026-09-17
2026-09-17,theguardian.com,nfkc-casefold-collapse-v1,e296f8aa58613792c016eb53d4cce7b14c21b00e284733690b560e325c0ab09e,2,2026-09-17,2026-09-17
2026-09-17,theguardian.com,nfkc-casefold-collapse-v1,e87bba16569e04d44c7cca30d1abd2ec96a63f7048736a251497f64f625f6741,2,2026-09-17,2026-09-17
2026-09-17,theguardian.com,nfkc-casefold-collapse-v1,f1d8b5b98706aeadc81cec9158f5d85e4d25e8f3d6872d21933fdbc3bb1a276b,2,2026-09-17,2026-09-17
2026-09-17,theguardian.com,nfkc-casefold-collapse-v1,9e240423e1ea57193553649694e78486cbae343734f011a32c7e49fe77f80cad,2,2026-09-17,2026-09-17
2026-09-17,theguardian.com,nfkc-casefold-collapse-v1,278cd785a50975cbb8720deb3339495da8823679977c289139028429aed8f0e1,2,2026-09-17,2026-09-17
2026-09-17,theguardian.com,nfkc-casefold-collapse-v1,5da406297589cbb65b07d20b4a4686d5afa75e9cc500793e441ee3b08751be3a,2,2026-09-17,2026-09-17
2026-09-17,theguardian.com,nfkc-casefold-collapse-v1,c222463d5342a0aed7be749c45c7e48d4cf3d92983b7ef307a87d18eee889495,2,2026-09-17,2026-09-17
2026-09-17,theguardian.com,nfkc-casefold-collapse-v1,d1f21c82eaec580f4a6bb755c35ba42f4e4f5ca7888fed9f8a57b01d1883163f,2,2026-09-17,2026-09-17
2026-09-17,theguardian.com,nfkc-casefold-collapse-v1,87cacfb17af59d9a7fce921f9a434e7f8383eef2c642267cbae2e5c0a08319e7,2,2026-09-17,2026-09-17
2026-09-17,theguardian.com,nfkc-casefold-collapse-v1,d51eae827f3471141775a5f4fb928c3e89f804e24fe9a544159352869e740ef7,2,2026-09-17,2026-09-17
2026-09-17,theguardian.com,nfkc-casefold-collapse-v1,fba619a2e500f30d566bf631f1507f383e2868da56920da5e290a2ebb4e0f641,2,2026-09-17,2026-09-17
2026-09-17,theguardian.com,nfkc-casefold-collapse-v1,c26447fc0a54b42e2c4b150f6182533f97017983a9d732f5a35a0036fb545709,2,2026-09-17,2026-09-17
2026-09-17,theguardian.com,nfkc-casefold-collapse-v1,b697840d75033cd31e5eab67e22d0b1ee9b97959d90ce3d756f2d635ad55cc37,2,2026-09-17,2026-09-17
2026-09-17,theguardian.com,nfkc-casefold-collapse-v1,632601818be102e0d7d410f286053837caebf9744e874ff4a21a94ec5abbc475,2,2026-09-17,2026-09-17
2026-09-17,theguardian.com,nfkc-casefold-collapse-v1,f605bccbb5b9214d5077cfb68a7436e755763fc1f623d0c413250a45bc767538,2,2026-09-17,2026-09-17
2026-09-17,theguardian.com,nfkc-casefold-collapse-v1,7c92a4407ba3f727b10ece700ddfe336122ee2e0fc9eefca32bfc9584f684508,2,2026-09-17,2026-09-17
2026-09-17,theguardian.com,nfkc-casefold-collapse-v1,f196d9118b9f096d1b94268d87b4c62cd68baf9e683177171dbbbef8149820fe,2,2026-09-17,2026-09-17
2026-09-17,theguardian.com,nfkc-casefold-collapse-v1,9c7cd7f6be14848d83b0aa5208cef029e86589d0b2bc081b6f90cb2baec35f57,2,2026-09-17,2026-09-17
2026-09-17,theguardian.com,nfkc-casefold-collapse-v1,13173b90b7cea9989578951a724187d22012a14036634a1a8d20a6edb4b62dda,2,2026-09-17,2026-09-17
2026-09-17,theguardian.com,nfkc-casefold-collapse-v1,6a461a746c37faf2d45e3fc010d22071ee1f58b31ec066be3731d2e2b4f7bcd6,2,2026-09-17,2026-09-17
2026-09-17,theguardian.com,nfkc-casefold-collapse-v1,88be597ed1987cd070b00be58f757b8ea580389a612988ce566dcd5e30d9be12,2,2026-09-17,2026-09-17
2026-09-17,theguardian.com,nfkc-casefold-collapse-v1,24c85aefd354d11af2922d251f9670364fdd36da1b1835bc10642edf88f86c54,2,2026-09-17,2026-09-17
2026-09-17,theguardian.com,nfkc-casefold-collapse-v1,157ac65bb07780dee67fbace16f0f8ee4901cd73e705a060a700ffa1d503a6e5,2,2026-09-17,2026-09-17
2026-09-17,theguardian.com,nfkc-casefold-collapse-v1,49462f7a1d451326a5b959de594f29a045d5ad5b1de666f15de065f3c7a640de,2,2026-09-17,2026-09-17
2026-09-17,theguardian.com,nfkc-casefold-collapse-v1,aa0e56e02d33052ecff4668152267d2b2922fcfa3fa1a66954464513a30e4ba4,2,2026-09-17,2026-09-17
2026-09-17,theguardian.com,nfkc-casefold-collapse-v1,e058857f342b696d121b8a694b4024a6249b9a1c97ed545933ae225447612cd5,2,2026-09-17,2026-09-17
2026-09-17,theguardian.com,nfkc-casefold-collapse-v1,ed5b056c3a68e31c984fa9e25c8b02bb624d8bfd62ea822f4cfa62a03d8e316f,2,2026-09-17,2026-09-17
2026-09-17,theguardian.com,nfkc-casefold-collapse-v1,61c5c4277dbbb55f55af7e51a98cbd89c5f536ab6023c157da4dd947c13eb34b,2,2026-09-17,2026-09-17
2026-09-17,theguardian.com,nfkc-casefold-collapse-v1,8f1952fd52d29a6f781dcd1449db383b76de51c9db506e83eef1ddead9648d02,2,2026-09-17,2026-09-17
2026-09-17,theguardian.com,nfkc-casefold-collapse-v1,dd60eb5da7c8cd117a2a5dd0c84f5b470a0de6b4de73e1c6af8c9294d0aafaba,2,2026-09-17,2026-09-17
2026-09-17,theguardian.com,nfkc-casefold-collapse-v1,4bfc3da7a9e9f4b5722eb43a11e6403952233f08b70923469c625229d176629f,2,2026-09-17,2026-09-17
2026-09-17,theguardian.com,nfkc-casefold-collapse-v1,58bc7e2a5e0dd70f035bf876bd39ae43ce975dc8f89269e941272e2e6799bc03,2,2026-09-17,2026-09-17
2026-09-17,theguardian.com,nfkc-casefold-collapse-v1,737f61a82b64da25a06ccf6827c57db038ba5cf91b0d23cdaa4fbb5b0d7dc850,2,2026-09-17,2026-09-17
2026-09-17,theguardian.com,nfkc-casefold-collapse-v1,917ea41318387dcf8e8ea7e451bd9984311f09b1a45860fc4c4df0effed7fbd3,2,2026-09-17,2026-09-17
2026-09-17,theguardian.com,nfkc-casefold-collapse-v1,5e61f35f9ffdd1a78ef2ecf53bf4cc9a060da8d5772481edfe17bb81428704b4,2,2026-09-17,2026-09-17
2026-09-17,theguardian.com,nfkc-casefold-collapse-v1,134f6105e57e3e3e780a9aa4aa571c5c0f96c205c26cb4addcc82e6c49eed670,2,2026-09-17,2026-09-17
2026-09-17,theguardian.com,nfkc-casefold-collapse-v1,8bc9bb54a1c9ec57bbf2e8270c7aea4b2c0ef9017d32d253e1acfab3c8e816b5,2,2026-09-17,2026-09-17
2026-09-17,theguardian.com,nfkc-casefold-collapse-v1,f33c524c028ab8eb40b04908266c02c25f8c7e95654e8cf8b82cf2c39b008b06,2,2026-09-17,2026-09-17
2026-09-17,theguardian.com,nfkc-casefold-collapse-v1,72084db7481590f942f9431623aff7d8da13a8f08d4554dd72e34faafe638891,2,2026-09-17,2026-09-17
2026-09-17,theguardian.com,nfkc-casefold-collapse-v1,966ed7903ed57797babc1d80b6e83b0c8c8f7534e98ff86cb1a1e5c173a2ecd9,2,2026-09-17,2026-09-17
2026-09-17,theguardian.com,nfkc-casefold-collapse-v1,c94c3d4263970701aabb35d7570d15f3a45a8a1d48543c97e4f7c8305f9f6d01,2,2026-09-17,2026-09-17
2026-09-17,theguardian.com,nfkc-casefold-collapse-v1,7bac8a9cf417e5a94a208f8409ab2a95aa9d0dcdd73b9944d29dd3381fbf760b,2,2026-09-17,2026-09-17
2026-09-17,theguardian.com,nfkc-casefold-collapse-v1,d89e985ff39a144fce8024680295205f62d1f2edf9059cbe0f8647efe75dd02c,2,2026-09-17,2026-09-17
2026-09-17,theguardian.com,nfkc-casefold-collapse-v1,3cd8b0f279c7d142df5c80450ec5b38949241dd4ecb5ac3be1b1add3ed2c2293,2,2026-09-17,2026-09-17
2026-09-17,theguardian.com,nfkc-casefold-collapse-v1,3b7dcf646cb95e7b1c94144f34e911bd9fb1fe6334af9fb034b8f7e46e74273d,2,2026-09-17,2026-09-17
2026-09-17,theguardian.com,nfkc-casefold-collapse-v1,3fa13859e491dd3a2ef4020108a64274e1848de056117c0ea6caa1c3a08a0388,2,2026-09-17,2026-09-17
2026-09-17,theguardian.com,nfkc-casefold-collapse-v1,a4a93735c072f837f24abc507b06610cfc85d40f53c38676377a673ad00fbaa9,2,2026-09-17,2026-09-17
2026-09-17,theguardian.com,nfkc-casefold-collapse-v1,370b65352f54df30dd7bb482aa37bca247162d61524035fedf1bfeb50c139469,2,2026-09-17,2026-09-17
2026-09-17,theguardian.com,nfkc-casefold-collapse-v1,403b1cf86ec0cf9a64d4565bd23d8d1762605aa55847f1f9d1ee6cb1a0accb26,2,2026-09-17,2026-09-17
2026-09-17,theguardian.com,nfkc-casefold-collapse-v1,1d287e6c18fe2188f73fc6f11a4d9e9ad8e87392470ba24aa5581d65a2257516,2,2026-09-17,2026-09-17
2026-09-17,theguardian.com,nfkc-casefold-collapse-v1,94689811b786de5d9d4ea7cf56e4cb4c586f50e48e32d82cb0cd50b19a0c9e74,2,2026-09-17,2026-09-17
2026-09-17,theguardian.com,nfkc-casefold-collapse-v1,bfc3c00d3645520cb2257c863a8d7c0471d204a00108fc1958fdc4b4d0a51490,2,2026-09-17,2026-09-17
2026-09-17,theguardian.com,nfkc-casefold-collapse-v1,0d0d06cc9f8c79c4a1eb0153fd346b6b085407f0ab81ee278c0f4d1655aad8a7,2,2026-09-17,2026-09-17
2026-09-17,theguardian.com,nfkc-casefold-collapse-v1,f8beb9c6b3d2cfd2ead80fbcfc1fa01f208d7274e910b0b5045a6d2a7b58afa7,2,2026-09-17,2026-09-17
2026-09-17,theguardian.com,nfkc-casefold-collapse-v1,2682c74c562d0221e391a0f6489ef4dfff52ee5d277e5e5b1235b010a7aaf19f,2,2026-09-17,2026-09-17
2026-09-17,theguardian.com,nfkc-casefold-collapse-v1,dc79cd93bd9e25d8c7235f168e3bcd7537c0f46a12f58d3cc7feb2ce0d6585ff,2,2026-09-17,2026-09-17
2026-09-17,theguardian.com,nfkc-casefold-collapse-v1,190a7f84db9c1f825a88dbe67a77a808affbd1878f0e7de3cb5f1915265ef41d,2,2026-09-17,2026-09-17
2026-09-17,theguardian.com,nfkc-casefold-collapse-v1,d3048c1feddf8b1dc4fdda0dd64542e522b11b81af7ecd492be7f91b748b64ba,2,2026-09-17,2026-09-17
2026-09-17,theguardian.com,nfkc-casefold-collapse-v1,e37769492d6c1373fcb9ea4d3fb62cdd6023713702960163172821003a21014e,2,2026-09-17,2026-09-17
2026-09-17,theguardian.com,nfkc-casefold-collapse-v1,855b264be342dc4c34aa5ceeed8896cc5b629f1134fec73a559c3c8eef47dd84,2,2026-09-17,2026-09-17
2026-09-17,theguardian.com,nfkc-casefold-collapse-v1,777913a06d26e970dee9333a7f463a26e434735bbca565058dc1ccfe27c9df77,2,2026-09-17,2026-09-17
2026-09-17,theguardian.com,nfkc-casefold-collapse-v1,cecde6c0b563814b5064963c7566ff1f2f30adbfa352f14bcc3a19f39c86b0c9,2,2026-09-17,2026-09-17
2026-09-17,theguardian.com,nfkc-casefold-collapse-v1,1981bb7e2f96965b0f6ef8686a8854cd9733f33afb77967815f3a543a0181043,2,2026-09-17,2026-09-17
2026-09-17,theguardian.com,nfkc-casefold-collapse-v1,367a9fe55483ff542b93748c1e15371c5f014c647c2d7d64df4c1cbeaed4687f,2,2026-09-17,2026-09-17
2026-09-17,theguardian.com,nfkc-casefold-collapse-v1,c4edb83ac676678d2061969bf2d032080363a18527ce693d64df38deeabbcefe,2,2026-09-17,2026-09-17
2026-09-17,theguardian.com,nfkc-casefold-collapse-v1,f39cbc99b885e8b8a79faad692f6f8dce34477d9d98c16fb20e9273c53ec0337,2,2026-09-17,2026-09-17
2026-09-17,thehindu.com,nfkc-casefold-collapse-v1,69ad3e670c37d0a52a869ce2c8c768641b0daac96c3b9204d26a6e029173f634,2,2026-09-17,2026-09-17
2026-09-17,thehindu.com,nfkc-casefold-collapse-v1,08647caa3721879ac144a3c54e9fd4b03c90f8eba61cdb78948e70084613eaa2,2,2026-09-17,2026-09-17
2026-09-17,thehindu.com,nfkc-casefold-collapse-v1,efcf9b9c838416f6c907f2766fe4454fc75ee4b6e95f1bc8ae94352abd92426d,2,2026-09-17,2026-09-17
2026-09-17,thehindu.com,nfkc-casefold-collapse-v1,8f38c515feeb7d59e4cdfcbe5e8bd5090f8f8e20b01b21254fe0e35ee41d67ba,2,2026-09-17,2026-09-17
2026-09-17,thehindu.com,nfkc-casefold-collapse-v1,bf7234a1eba7a1ce710c81311c60c135d248fbd57037b9d6b082f4d4516c64b8,2,2026-09-17,2026-09-17
2026-09-17,thehindu.com,nfkc-casefold-collapse-v1,27ad420e511f0f349eb5dd8263ada5a0dbd102b1330c1a3f1ee5b0187b0aded1,2,2026-09-17,2026-09-17
2026-09-17,thehindu.com,nfkc-casefold-collapse-v1,4ffbafff14cd318b211ef0b05a4f379eeb96e4308de95fc9d029b230e121ddb5,2,2026-09-17,2026-09-17
2026-09-17,thehindu.com,nfkc-casefold-collapse-v1,c757d483c55219a311e1b893d6b2f1ea0ca1cf0f3950afe0c097b41da4a01d77,2,2026-09-17,2026-09-17
2026-09-17,thehindu.com,nfkc-casefold-collapse-v1,c536485b6388e90af131b2a580e1df5f3b9871d56eb5283c3020850cc6ab33fa,2,2026-09-17,2026-09-17
2026-09-17,thehindu.com,nfkc-casefold-collapse-v1,f5471b7a8010eaf76beef283dad553e2323b8c6815a88ef7fb5a4c67c0b4e7a0,2,2026-09-17,2026-09-17
2026-09-17,thehindu.com,nfkc-casefold-collapse-v1,7d42796ab6a4388d679695796382958a54ab9f092265d5c7b810690a37a62cdf,2,2026-09-17,2026-09-17
2026-09-17,thehindu.com,nfkc-casefold-collapse-v1,b739bcb4ac024651f9c4ffcbf701bccba10d70def192d14c211feff9a4a8fcba,2,2026-09-17,2026-09-17
2026-09-17,thehindu.com,nfkc-casefold-collapse-v1,240fc22cc0d956a76bdea013c428b400eea128aa8cd46e220298a8d4d79f92dc,2,2026-09-17,2026-09-17
2026-09-17,thehindu.com,nfkc-casefold-collapse-v1,a121e287efc258431475e51aada4c6e41926b658965d25de8f8a181b115aed50,2,2026-09-17,2026-09-17
2026-09-17,thehindu.com,nfkc-casefold-collapse-v1,4b5035f24b57b7ad9f194b6fcaca6ae4e8c2f46b287f34ecfde92c9f7fa15d63,2,2026-09-17,2026-09-17
2026-09-17,thehindu.com,nfkc-casefold-collapse-v1,70a4d7dcbd348e76a26ef6846f9fd7657c860defda7c4fcaee03eabec5fb8ca5,2,2026-09-17,2026-09-17
2026-09-17,thehindu.com,nfkc-casefold-collapse-v1,fcf68cff57bd073bbb8ef954e7c370317448900506707b4c9fe8a6b78d2b296d,2,2026-09-17,2026-09-17
2026-09-17,thehindu.com,nfkc-casefold-collapse-v1,4227ecec0cbc3d67ec823e4655d1f1b7696d5ab330dbfa022cf9a342350fbee4,2,2026-09-17,2026-09-17
2026-09-17,thehindu.com,nfkc-casefold-collapse-v1,f9139cb9bd205a7872fb5c01894ff90b66d9f177dc3a462455d46fcb86daee7d,2,2026-09-17,2026-09-17
2026-09-17,thehindu.com,nfkc-casefold-collapse-v1,280f5cf1cb7218778b0850c6620f6ed89e5ad9323901bc88b039937fe142aa02,2,2026-09-17,2026-09-17
2026-09-17,thehindu.com,nfkc-casefold-collapse-v1,838c41d97dbe4404eb4ac1d0ee313b7189764c22f4e50c5039ec3980d3d1f87e,2,2026-09-17,2026-09-17
2026-09-17,thehindu.com,nfkc-casefold-collapse-v1,631c2bec7a494124e9930408ebd9130009628cca3b38e0f712377ba94f6ad6a1,2,2026-09-17,2026-09-17
2026-09-17,thehindu.com,nfkc-casefold-collapse-v1,21e2969450c551b148e62d79385e933806d06eec2ce6f6c988d5da6705496fd0,2,2026-09-17,2026-09-17
2026-09-17,thehindu.com,nfkc-casefold-collapse-v1,5e9ba777625cf613bdfeec7a2dab9b2da88e24ca21a2bed1b180aa61582c7235,2,2026-09-17,2026-09-17
2026-09-17,thehindu.com,nfkc-casefold-collapse-v1,c5057eb4343bb30b03d7e309b55dff9c7c27351eef1aa65e0c590ba9e7cc0f43,2,2026-09-17,2026-09-17
2026-09-17,thehindu.com,nfkc-casefold-collapse-v1,f3368b0211adcdba44f6c483cfb7f86783afdf3e366ce2686fff5906ca5a0b7e,2,2026-09-17,2026-09-17
2026-09-17,thehindu.com,nfkc-casefold-collapse-v1,a6be03f842e5dbffe60c0ddea0c896523b7026f9f8a93eab9c34044c6235f21d,2,2026-09-17,2026-09-17
2026-09-17,thehindu.com,nfkc-casefold-collapse-v1,0f8a86710545bed1b7d5850d3e8c543f972c6a1ea11e1e135f550d2aa4c66290,2,2026-09-17,2026-09-17
2026-09-17,thehindu.com,nfkc-casefold-collapse-v1,4cfc12df872542fb1adab68bb5e73a60d7b1c05197839e432ea56f17e81a320b,2,2026-09-17,2026-09-17
2026-09-17,thehindu.com,nfkc-casefold-collapse-v1,01ffe0462968264501fdd0baf318ae6b7c00727ebf3bcafa7685e04d5287ede9,2,2026-09-17,2026-09-17
2026-09-17,thehindu.com,nfkc-casefold-collapse-v1,55f4314171f580b244a829c6a30cc5545c72fb0740403366677bcee18a7d10fc,2,2026-09-17,2026-09-17
2026-09-17,thehindu.com,nfkc-casefold-collapse-v1,1e7abd690180793a2031c759c2a08410fe91d3bddbf01a6049ff3c7afe30d763,2,2026-09-17,2026-09-17
2026-09-17,thehindu.com,nfkc-casefold-collapse-v1,23015d6f58d1d284e0025f26dc2df88798063c77f7c5b1b98bc0515cc7e02eb0,2,2026-09-17,2026-09-17
2026-09-17,thehindu.com,nfkc-casefold-collapse-v1,6bf8ec5fc3abb00bc748102f1d9b700a8bfd538c52afeda799da771c04a48e04,2,2026-09-17,2026-09-17
2026-09-17,thehindu.com,nfkc-casefold-collapse-v1,f76de45e1276bfbb72332bb4e6665854a38d36c7f6014c46dcebf9f53492570e,2,2026-09-17,2026-09-17
2026-09-17,thehindu.com,nfkc-casefold-collapse-v1,4a6c50dbe9059fc9c9c8008ac91dc8e0d6f56e3cbd38c7acb0ef245974385662,2,2026-09-17,2026-09-17
2026-09-17,thehindu.com,nfkc-casefold-collapse-v1,039ca268025c9379b36f8cb6635826c8b44c726c1385925d398160077757c4e5,2,2026-09-17,2026-09-17
2026-09-17,thehindu.com,nfkc-casefold-collapse-v1,dbcf8c27994db99473ba6ccd61d6e092202a8f71c3b8b7f68b6da4f1349ba48d,2,2026-09-17,2026-09-17
2026-09-17,thehindu.com,nfkc-casefold-collapse-v1,fb2de42d915901fd9f0573af3c667f99336efcffa6ac05a286a8cc89075afd63,2,2026-09-17,2026-09-17
2026-09-17,thehindu.com,nfkc-casefold-collapse-v1,54ec6116fce8cb8f3169a6654b65ecc7662a66507ce558ab575eabb2d4fd9c95,2,2026-09-17,2026-09-17
2026-09-17,thehindu.com,nfkc-casefold-collapse-v1,1b6ccb476f291c2bba5cada82c213872bcc13b4feee3db0a20b475ead60ee5e2,2,2026-09-17,2026-09-17
2026-09-17,thehindu.com,nfkc-casefold-collapse-v1,69f88973d8adcb440ff9344aa5f32a7294a5910df85d07f2f1eea0109c3ee5a4,2,2026-09-17,2026-09-17
2026-09-17,thehindu.com,nfkc-casefold-collapse-v1,af4b4e959d7e7ecdfe6156fcf2797e50aa5d364b18b04e75c297fcb23cdf7695,2,2026-09-17,2026-09-17
2026-09-17,thehindu.com,nfkc-casefold-collapse-v1,3b7ee0c976fa489f7dce4188871f0607d82afb5ec435eafdcc89d5a5f38f5b55,2,2026-09-17,2026-09-17
2026-09-17,thehindu.com,nfkc-casefold-collapse-v1,83937f53f34d3910ce6d7444b3c412ba8acffead1cf8f4ff9e2b75393ff116c9,2,2026-09-17,2026-09-17
2026-09-17,thehindu.com,nfkc-casefold-collapse-v1,769244b6d520d64bda2d3e308fba1f2279a9ca1cf064eded2aaaca31a204a2d2,2,2026-09-17,2026-09-17
2026-09-17,thehindu.com,nfkc-casefold-collapse-v1,cad9cc6461d50b40ff42e0d2764c0ce94dd919d032bd4e0dbe7a6afbc3e3b004,2,2026-09-17,2026-09-17
2026-09-17,thehindu.com,nfkc-casefold-collapse-v1,9ccc2ccabecddad55b0dba2623c75ed7e46fe9afe38907a2a22596facddd0e3d,2,2026-09-17,2026-09-17
2026-09-17,thehindu.com,nfkc-casefold-collapse-v1,026031f701f16389c1ad13f5ed5ecb331a87c1f0bff56128e242ed50695fe34a,2,2026-09-17,2026-09-17
2026-09-17,thehindu.com,nfkc-casefold-collapse-v1,7830ec863ecb74f618d16f981b015a9971ea1370b2209cd21c6d20b2443a5467,2,2026-09-17,2026-09-17
2026-09-17,thehindu.com,nfkc-casefold-collapse-v1,0130f9320cd5e3c54d1996f50a519b20127717cf741ea1febe73679ffaf6a3f5,2,2026-09-17,2026-09-17
2026-09-17,thehindu.com,nfkc-casefold-collapse-v1,962fe7f2c34c5f422f82f661fada5f01e2534f212f59e0785cd7a63f21e8c4e4,2,2026-09-17,2026-09-17
2026-09-17,thehindu.com,nfkc-casefold-collapse-v1,b4c832a361887e3d59b4326d28626a0ffb7f511ec301a8dfbe9822aa18113e85,2,2026-09-17,2026-09-17
2026-09-17,thehindu.com,nfkc-casefold-collapse-v1,f31cb2171d83b6899a55d4d5a088ee8bf62e380b802d488880190658b93838ec,2,2026-09-17,2026-09-17
2026-09-17,thehindu.com,nfkc-casefold-collapse-v1,03c7e43a92c2fc6d553eaece7d889a6fc78ac9f8c2bfdc9b1a3b41c54c2f1a7f,2,2026-09-17,2026-09-17
2026-09-17,thehindu.com,nfkc-casefold-collapse-v1,4ee44adb8e2643b41d710d7c057571429189ff7aada4d421a373f848e829fd03,2,2026-09-17,2026-09-17
2026-09-17,thehindu.com,nfkc-casefold-collapse-v1,f9870e6aef935429fbf19f6ac524b000d0f86c8aac1736884b6ca284f73f8a51,2,2026-09-17,2026-09-17
2026-09-17,thehindu.com,nfkc-casefold-collapse-v1,a58b89ff685d427670bdcc4498fcf7e7148ec8d71cfe1fa8c5eab2b19df2d633,2,2026-09-17,2026-09-17
2026-09-17,thehindu.com,nfkc-casefold-collapse-v1,649d53d9662c481384bb330877c2fe1540344da136cd4a5f3ce1da4db5c7f989,2,2026-09-17,2026-09-17
2026-09-17,thehindu.com,nfkc-casefold-collapse-v1,aaacfab714b85d8ea5b74a51ec9c4dc26061771778dbe85a7b359d96a78fcb25,2,2026-09-17,2026-09-17
2026-09-17,thehindu.com,nfkc-casefold-collapse-v1,289ac7f64f09b56c258ebf8f43142abd27d954562cd7475027d7119b7e5c306e,2,2026-09-17,2026-09-17
2026-09-17,thehindu.com,nfkc-casefold-collapse-v1,15dd36e4d6023378b8dd3978c8a85e283daf3fad183380629c18b4678db2f32f,2,2026-09-17,2026-09-17
2026-09-17,thehindu.com,nfkc-casefold-collapse-v1,f0602ca9322adec98ea68f3f970702c8c3c65585e8e114b253df85781b45810a,2,2026-09-17,2026-09-17
2026-09-17,thehindu.com,nfkc-casefold-collapse-v1,8fdf8e866b073f891b81cd807ee72b5fec25c545df60cae38f2990b5c32c1747,2,2026-09-17,2026-09-17
2026-09-17,thehindu.com,nfkc-casefold-collapse-v1,56d66ca76e0180aef58885463b9f500c3b939c4402668a1c580bf333bf9ffc37,2,2026-09-17,2026-09-17
2026-09-17,thehindu.com,nfkc-casefold-collapse-v1,278675252c07064e932b03b6c71f14bff937dad3714331754c552a31a83eea03,2,2026-09-17,2026-09-17
2026-09-17,thehindu.com,nfkc-casefold-collapse-v1,c648b5d60b934d8562b886eb2c4a8f1674ae56c7839fa06c34b83798a845ddd1,2,2026-09-17,2026-09-17
2026-09-17,thehindu.com,nfkc-casefold-collapse-v1,f4a9ed2a88732dc40fb37708c375cc2aaca449d2f8fc41c4dd4147f613c439f6,2,2026-09-17,2026-09-17
2026-09-17,thehindu.com,nfkc-casefold-collapse-v1,631dddb766afc6c2a50a752118d16243e6d0ed34b28263c363da8cbba4f9a073,2,2026-09-17,2026-09-17
2026-09-17,thehindu.com,nfkc-casefold-collapse-v1,547830b13fc76491d0c5a12164d6088e56528f42b1a170c1dd612dd86acf86e7,2,2026-09-17,2026-09-17
2026-09-17,thehindu.com,nfkc-casefold-collapse-v1,1c12bdaa7a5392498e958f3ec493eb9cafd08f4d07eda8ac19486210fb420921,2,2026-09-17,2026-09-17
2026-09-17,thehindu.com,nfkc-casefold-collapse-v1,7ebcd77ff35a028f27c2f73237b79d9284bbd62417d91bd56e857ee32c37ccec,2,2026-09-17,2026-09-17
2026-09-17,thehindu.com,nfkc-casefold-collapse-v1,75dd480e0b27c81e4bbc4e0784e1a5a488ad4bc45c736254404690c04db4cfc1,2,2026-09-17,2026-09-17
2026-09-17,thehindu.com,nfkc-casefold-collapse-v1,057c0ac514f9cb5140e761864653ad5deaf5b422e2e6b37143ad8d55394eb887,2,2026-09-17,2026-09-17
2026-09-17,thehindu.com,nfkc-casefold-collapse-v1,f5122439233e94217395df14a31c12a21d71a44c8beca90cf4796efd6a63f983,2,2026-09-17,2026-09-17
2026-09-17,thehindu.com,nfkc-casefold-collapse-v1,e771a9b478d00211edab82d26ead12d5060b40b684cf1b282278b5d9313ee5d0,2,2026-09-17,2026-09-17
2026-09-17,thehindu.com,nfkc-casefold-collapse-v1,1d0aaafa8984c5ecd2f77ba9f3c756b61af7fda51c94bfef804f5ab47c8edcbc,2,2026-09-17,2026-09-17
2026-09-17,thehindu.com,nfkc-casefold-collapse-v1,a116e800d0b24e744c5676b5efcdde175ff6627da039870caa8f42d2b3cada19,2,2026-09-17,2026-09-17
2026-09-17,thehindu.com,nfkc-casefold-collapse-v1,63aa587a2878f7d3cb5b1a2b6c57bfd9cbe218ed13c0387d1b8f5fed541454e1,2,2026-09-17,2026-09-17
2026-09-17,thehindu.com,nfkc-casefold-collapse-v1,f39fc63ae0d54d6ed9b8653c7fd212d6fd304746c56265d564aaa900c51face7,2,2026-09-17,2026-09-17
2026-09-17,thehindu.com,nfkc-casefold-collapse-v1,8165e416edeae8d74e75f02677005cbaf9f8305d43b7574e260f8524b0d9453b,2,2026-09-17,2026-09-17
2026-09-17,thehindu.com,nfkc-casefold-collapse-v1,b4ecd8464b9714ef5701edcca440471661498a08d8e30b077e69de71bcbf9c17,2,2026-09-17,2026-09-17
2026-09-17,thehindu.com,nfkc-casefold-collapse-v1,47121a4f35764623d5b0ef8e364f23f9b5f120a8649b5a98c1722d970e873700,2,2026-09-17,2026-09-17
2026-09-17,thehindu.com,nfkc-casefold-collapse-v1,4d8c8a01121177e61b13d6994f543d760256bbb549d756ea1204518eb51d4cd4,2,2026-09-17,2026-09-17
2026-09-17,thehindu.com,nfkc-casefold-collapse-v1,037aedd1447c1d0b29fbdff5f3bafa402a1072683dbe4b62370dcb37e62811e4,2,2026-09-17,2026-09-17
2026-09-17,thehindu.com,nfkc-casefold-collapse-v1,92af2a5510dacd00500fdc0a32a58f6102f10fca99ff69d8f3599da93e4e8617,2,2026-09-17,2026-09-17
2026-09-17,thehindu.com,nfkc-casefold-collapse-v1,58e117365841bc551ba1357888e5339c11d3b330f011d77ba29dc41256b5277d,2,2026-09-17,2026-09-17
2026-09-17,thehindu.com,nfkc-casefold-collapse-v1,186a68b6b1e1b4ac9994efe666fa0be712ccc8ffd00e03974ff53ea563cd7f83,2,2026-09-17,2026-09-17
2026-09-17,thehindu.com,nfkc-casefold-collapse-v1,a4d5fcb321c972b40027c6f9195fc926aa071786f21c595578c64705c831b2d9,2,2026-09-17,2026-09-17
2026-09-17,thehindu.com,nfkc-casefold-collapse-v1,cd5df25e7faf71a059df22f314da300afeaaa7cc84a2dcfcf4d6831300c48fd6,2,2026-09-17,2026-09-17
2026-09-17,thehindu.com,nfkc-casefold-collapse-v1,d6df608ad4b40b41fb35e7a624f0f9b606097848b5a496aaeedaa78ed5d86e44,2,2026-09-17,2026-09-17
2026-09-17,thehindu.com,nfkc-casefold-collapse-v1,5a7d0f1e59a3e3e5ee58a6f1672322e47251722228ca5c38706421390be1fc16,2,2026-09-17,2026-09-17
2026-09-17,thehindu.com,nfkc-casefold-collapse-v1,0ee4cf3f162ab689f3c58c6c26c9a960859f1a8642a9ccae78fb00bda28f9bbc,2,2026-09-17,2026-09-17
2026-09-17,thehindu.com,nfkc-casefold-collapse-v1,70a9c1fd6bee43b839ca5480cf9514f103988e977d05921e2cf24d71d636ad6e,2,2026-09-17,2026-09-17
2026-09-17,thehindu.com,nfkc-casefold-collapse-v1,73e6d0c44e33d1a3b662856379b7998d3844ee7ae0973da92ea48a41ffc2aaca,2,2026-09-17,2026-09-17
2026-09-17,thehindu.com,nfkc-casefold-collapse-v1,7660544673039d7e5812b5baf40804fdc53e2e21ad960e4111a3b79b768b8fb2,2,2026-09-17,2026-09-17
2026-09-17,thehindu.com,nfkc-casefold-collapse-v1,b06fe9927795cd9e16898780ef8cf0e3d745da495016a4739ec52a91e19451bb,2,2026-09-17,2026-09-17
2026-09-17,thehindu.com,nfkc-casefold-collapse-v1,1e832ecc36747fee84e91f4fe34fb6ceced64714bfebd654a6b2a18663836295,2,2026-09-17,2026-09-17
2026-09-17,thehindu.com,nfkc-casefold-collapse-v1,3b844b33584030b00b686542063ebe9b0bf637708f9c77945444595dcab3c526,2,2026-09-17,2026-09-17
2026-09-17,thehindu.com,nfkc-casefold-collapse-v1,6da7d8bc3ff11275beff39660e0bb2bdd3a58f7b6a1687b7a5f8bee2e8dd2394,2,2026-09-17,2026-09-17
2026-09-17,thehindu.com,nfkc-casefold-collapse-v1,e8614e92ff4c11f2be164fcb83c41523ed36dbe2a79aa15879b3feb7279e1c7e,2,2026-09-17,2026-09-17
2026-09-17,thehindu.com,nfkc-casefold-collapse-v1,4876e3773339a0707f555c6fe5f72b6bdc3756f6aec432aaa997d76b5ba45e45,2,2026-09-17,2026-09-17
2026-09-17,thehindu.com,nfkc-casefold-collapse-v1,822da83ed4411d0668778565e435a8749a613320ddefaaf94586c555d4a82d5c,2,2026-09-17,2026-09-17
2026-09-17,thehindu.com,nfkc-casefold-collapse-v1,e2e87c6cd14ccef39c516c5407fb2ba6a677f12b0a651fabd9e9691d35177e74,2,2026-09-17,2026-09-17
2026-09-17,thehindu.com,nfkc-casefold-collapse-v1,cc42d90f9f442770a90d4c7db88c3d2a8d8662189c932dc970a9ed1ed7125da8,2,2026-09-17,2026-09-17
2026-09-17,thehindu.com,nfkc-casefold-collapse-v1,81f799e5228a6de351e688bad3e20bd52800f625f2978632b375b1a1f6ab3655,2,2026-09-17,2026-09-17
2026-09-17,thehindu.com,nfkc-casefold-collapse-v1,77b5c65a6847faa42c223795ae265c15984c2080694485c1c0242ee03d1a392d,2,2026-09-17,2026-09-17
2026-09-17,thehindu.com,nfkc-casefold-collapse-v1,779416c5c7b3b43a33d47714b0670bea05d2d573464865ecbbe89a8149afe32e,2,2026-09-17,2026-09-17
2026-09-17,thehindu.com,nfkc-casefold-collapse-v1,ffcbd556c9e2a1060fdd60ab05890d6e3d6c6dc33fc7f3be42b81aa8ce1da2f7,2,2026-09-17,2026-09-17
2026-09-17,thehindu.com,nfkc-casefold-collapse-v1,e5d51233708288399cb2d6c539221300e071b51388c82a1b9a7241cae6035149,2,2026-09-17,2026-09-17
2026-09-17,thehindu.com,nfkc-casefold-collapse-v1,cb4dee494c424962740b7d568c784c8f282fa69de9eaeced4316cccaa560c11f,2,2026-09-17,2026-09-17
2026-09-17,thehindu.com,nfkc-casefold-collapse-v1,88c7e6b16dad4bb42c4dc7f18b6c7b5f128013068df8d56166090dd4a62a2a66,2,2026-09-17,2026-09-17
2026-09-17,thehindu.com,nfkc-casefold-collapse-v1,ecffab0c467df74baa07fa8dc50d6efca55691ee0b1e36f264b46624601a7e52,2,2026-09-17,2026-09-17
2026-09-17,thehindu.com,nfkc-casefold-collapse-v1,01b1be0e0b69135f2852c0e8d0c09c13243137d58d1285705911ccf2e075f411,2,2026-09-17,2026-09-17
2026-09-17,thehindu.com,nfkc-casefold-collapse-v1,73a20056b7f75c94d3b04f27e320139c49d7d0bf104b37216cf1d9f19d7a5f48,2,2026-09-17,2026-09-17
2026-09-17,thehindu.com,nfkc-casefold-collapse-v1,c88514ec4f5d0bafcbd08c65e441c40895023e0e1e2eecbc4603d1495b529865,2,2026-09-17,2026-09-17
2026-09-17,thehindu.com,nfkc-casefold-collapse-v1,743dc15f92464ad3dc83b9d4b90ce61702616f03d0a42158ff74354e9cd0a3f3,2,2026-09-17,2026-09-17
2026-09-17,thehindu.com,nfkc-casefold-collapse-v1,010e33b45e59668493ea8a687608908077c36e4893ef28d487421c094fa75d3f,2,2026-09-17,2026-09-17
2026-09-17,thehindu.com,nfkc-casefold-collapse-v1,c7de1568967aa72af96eab157ed0cb6399caf2ad94af72f8e1176882795cdc7a,2,2026-09-17,2026-09-17
2026-09-17,thehindu.com,nfkc-casefold-collapse-v1,f5192d5df686468ae2d20c0a3ca6de915488aaab6326efdd46edc9c203b5e977,2,2026-09-17,2026-09-17
2026-09-17,thehindu.com,nfkc-casefold-collapse-v1,22da5e4fcbf1be8b9e581304e2fb8307859b1672547cb87edccfb9cb80e4a833,2,2026-09-17,2026-09-17
2026-09-17,thehindu.com,nfkc-casefold-collapse-v1,dc0f6067c7054561ef74d0e38cfa81e97e3c77e77c0e30af80e30df6adcb30cb,2,2026-09-17,2026-09-17
2026-09-17,thehindu.com,nfkc-casefold-collapse-v1,5067a2822d4d809c6c768e23ddbe8e185e8cdd778f99de6bbcc280a578debe97,2,2026-09-17,2026-09-17
2026-09-17,thehindu.com,nfkc-casefold-collapse-v1,72a832fd6838fc7f4e94db969e0c97973d4b5c729575e1cd227b089f5cf9fabb,2,2026-09-17,2026-09-17
2026-09-17,thehindu.com,nfkc-casefold-collapse-v1,3bf386e1ae0adc6743a0232b13fee9d3fc6a65eb1aea052ee5681dd41bfd2c0c,2,2026-09-17,2026-09-17
2026-09-17,thehindu.com,nfkc-casefold-collapse-v1,f337430d8c8cbdf6b0e54a8660f331fcf9bef13cc2d5dd5b9253950a0fa10c49,2,2026-09-17,2026-09-17
2026-09-17,thehindu.com,nfkc-casefold-collapse-v1,8a3f2dce4a27b12d61da7faa75dc23731e728854d64e38bd907207ad2bc0e0f8,2,2026-09-17,2026-09-17
2026-09-17,thehindu.com,nfkc-casefold-collapse-v1,5de28f2b2bf84605ee9e0c4f9ab9be984c2d6d50af2995540cee1f66ec1b6844,2,2026-09-17,2026-09-17
2026-09-17,thehindu.com,nfkc-casefold-collapse-v1,83af257692cd7a8f0c059163e919a6b3bc1e4f8d2847235eaa82b3d3ddc1bcf4,2,2026-09-17,2026-09-17
2026-09-17,thehindu.com,nfkc-casefold-collapse-v1,a933d86ca43fbccde78c5497640697cbcb6513b01116d49fe34c46e68c53785b,2,2026-09-17,2026-09-17
2026-09-17,thehindu.com,nfkc-casefold-collapse-v1,214df0472f13df51871b07646b253203e1f1ff1f887172528eef2915117442a4,2,2026-09-17,2026-09-17
2026-09-17,thehindu.com,nfkc-casefold-collapse-v1,9a7204ce8dbba233d5b841589a3f8742adad3aa85142d8c44899767ed5b8377a,2,2026-09-17,2026-09-17
2026-09-17,thehindu.com,nfkc-casefold-collapse-v1,003d09b7f8f7afece0185e0fdfd0914356a8c5dc9bfd0fdd4b9b427b27310ee7,2,2026-09-17,2026-09-17
2026-09-17,thehindu.com,nfkc-casefold-collapse-v1,bac41284eadd0a330e91f21fc62f50ae6e52991357088fd65579461e18ef526d,2,2026-09-17,2026-09-17
2026-09-17,thehindu.com,nfkc-casefold-collapse-v1,53fef6dfeed77ba288e5beeeeb1f3b42be50721830201c37925cb7a335bb9f75,2,2026-09-17,2026-09-17
2026-09-17,thehindu.com,nfkc-casefold-collapse-v1,0bce5ae436f30c9c03256658f8978f513697d391040f0fe04601ddae6f60d6c4,2,2026-09-17,2026-09-17
2026-09-17,thehindu.com,nfkc-casefold-collapse-v1,649bba1d5830d9c337cb2c1c336b9c722b4964643bcff3244201d0e10f3dcd4a,2,2026-09-17,2026-09-17
2026-09-17,thehindu.com,nfkc-casefold-collapse-v1,04a22c22fc71e0faa9616f546f7771fe4cb807e3a98798c79682475da26269ca,2,2026-09-17,2026-09-17
2026-09-17,thehindu.com,nfkc-casefold-collapse-v1,a869536f1b6db14f96af66904e8b5b2c92406dc3d16df9e6756424c6fc5e6321,2,2026-09-17,2026-09-17
2026-09-17,thehindu.com,nfkc-casefold-collapse-v1,f16d1cabbb63c14626017bbbaf6038ef2cd24b6bc8a893817cb7013f042beba9,2,2026-09-17,2026-09-17
2026-09-17,thehindu.com,nfkc-casefold-collapse-v1,2954b549d1110dd31ba666c770c3fcb7f67c72c05689c699b3e701db500bdba5,2,2026-09-17,2026-09-17
2026-09-17,thehindu.com,nfkc-casefold-collapse-v1,55268bea63646353adf2aa38900dee624eaefb29bbafba2e805a1268b7881154,2,2026-09-17,2026-09-17
2026-09-17,thehindu.com,nfkc-casefold-collapse-v1,574e81fa3ca51b268bcd7f93e807f25ec632fb229ca2bc554120585ce384262b,2,2026-09-17,2026-09-17
2026-09-17,thehindu.com,nfkc-casefold-collapse-v1,24c2f7bbca6f33eec685c799e8d361321397e8d91e6844ecc01c38feff805168,2,2026-09-17,2026-09-17
2026-09-17,thehindu.com,nfkc-casefold-collapse-v1,2c1427fc4d34c46f8e41f1ff1c31b896f6f7bc5b885e1565e22ce0c56f0ddaa2,2,2026-09-17,2026-09-17
2026-09-17,thehindu.com,nfkc-casefold-collapse-v1,fa6b253502fc5384630ab8a3dd032493b5a63b2918aa68512ee558fa78aa46ed,2,2026-09-17,2026-09-17
2026-09-17,thehindu.com,nfkc-casefold-collapse-v1,7b2864728a5d31b994aa73fe2bf49ae7cadfb1fbee36a25091aa3b9c0a5a41c9,2,2026-09-17,2026-09-17
2026-09-17,thehindu.com,nfkc-casefold-collapse-v1,c1dd995c5d078e37bfd5abddd7c7523b0b2d26c08d191af99830dfa3bb920386,2,2026-09-17,2026-09-17
2026-09-17,thehindu.com,nfkc-casefold-collapse-v1,d08e0b9c3dc0415730ae80d1909d8f880bfa24fc5df4722dcb809fb6ab899d80,2,2026-09-17,2026-09-17
2026-09-17,thehindu.com,nfkc-casefold-collapse-v1,bc3b37ba92836af79ee5aec380c254296db66b3b3e602fd05eb9865596e6ad9c,2,2026-09-17,2026-09-17
2026-09-17,thehindu.com,nfkc-casefold-collapse-v1,bab703d7caf7d0c6b847984b126eed2efcfd3235d44853d0c241fb1e1a876885,2,2026-09-17,2026-09-17
2026-09-17,thehindu.com,nfkc-casefold-collapse-v1,95efc004b72d80141320b9ea51ecfa942ed5d88d804c983465d129d62956e5c5,2,2026-09-17,2026-09-17
2026-09-17,thehindu.com,nfkc-casefold-collapse-v1,e96e2e689b547a3db4558f3998bfc3908627806d10ec5d290dae1e2b3e0459ac,2,2026-09-17,2026-09-17
2026-09-17,thehindu.com,nfkc-casefold-collapse-v1,84d4e51c53aa3856f8513b75cf055ff64cebec4cda69a164922c23eefa3920aa,2,2026-09-17,2026-09-17
2026-09-17,thehindubusinessline.com,nfkc-casefold-collapse-v1,6542383c51dab66f919878c9b7675a457372e44100dbf78b093fbc022b36208f,8,2026-09-17,2026-09-17
2026-09-17,thehindubusinessline.com,nfkc-casefold-collapse-v1,e2dd446593a0640be9a1ea4d9a26753d7dd4ce1a10d5bf4100118d3dabab5b0a,2,2026-09-17,2026-09-17
2026-09-17,thehindubusinessline.com,nfkc-casefold-collapse-v1,c55592b9f9c4d3ea582b582200cf7b3d6235201a15a09a196db9b8c10c1df849,2,2026-09-17,2026-09-17
2026-09-17,thehindubusinessline.com,nfkc-casefold-collapse-v1,05aa0718ce16647ad48e53620e8067b4c1d524bced339d1b78fccb48c123e1f1,2,2026-09-17,2026-09-17
2026-09-17,thehindubusinessline.com,nfkc-casefold-collapse-v1,a2cbb0b05193cde359d5eccde894eb3b190d6ee1dd80a9d6abf0cdbad73b9d5e,2,2026-09-17,2026-09-17
2026-09-17,thehindubusinessline.com,nfkc-casefold-collapse-v1,c40270f11667cbe2ddaf379f79cff868c2bf7e5bac22d42ca92427526f9e49f8,2,2026-09-17,2026-09-17
2026-09-17,thehindubusinessline.com,nfkc-casefold-collapse-v1,cc2f20b4c58e3fa38be984bdb6594bdea5a3b87b0ca223c2fb41f3bfa59c0f28,2,2026-09-17,2026-09-17
2026-09-17,thehindubusinessline.com,nfkc-casefold-collapse-v1,f03dd526c9d049f653b2783198d3cd5e28dcc534974fb2f7f2f747abda587371,2,2026-09-17,2026-09-17
2026-09-17,thehindubusinessline.com,nfkc-casefold-collapse-v1,885d9922f31bfa0dd40f49106de38836bced1ee3b1f3355cf239b59179a9f96d,2,2026-09-17,2026-09-17
2026-09-17,thehindubusinessline.com,nfkc-casefold-collapse-v1,efe7194dc3bd2b02acdb1ac8d2c08e35e096a2d4cf0f14dc29c252c8cf6ff261,2,2026-09-17,2026-09-17
2026-09-17,thehindubusinessline.com,nfkc-casefold-collapse-v1,ff24aad2c015d2e6657f5bf49ca76a3d1c3c3fdfb2e14c06601f415cab77ce4c,2,2026-09-17,2026-09-17
2026-09-17,thehindubusinessline.com,nfkc-casefold-collapse-v1,f327bf1f311b71e8e052f74350973605cb79a8b2c81e754100845152ff731dee,2,2026-09-17,2026-09-17
2026-09-17,thehindubusinessline.com,nfkc-casefold-collapse-v1,ed660dea5108060504198fedec705beb47d5ae918d1c8edb9601098124e0f4a4,2,2026-09-17,2026-09-17
2026-09-17,thehindubusinessline.com,nfkc-casefold-collapse-v1,ff89b9cf508a25c4d2499c5f4d431d4de95460559646572e58b4d361eae3126f,2,2026-09-17,2026-09-17
2026-09-17,thehindubusinessline.com,nfkc-casefold-collapse-v1,9179be915327d114d3dcb09fd94fe8dfe47f8e26a9f6048912f53802248f1a03,2,2026-09-17,2026-09-17
2026-09-17,thehindubusinessline.com,nfkc-casefold-collapse-v1,03b8adbfd1077d5099480d9e66e95a707be2ae0e53fb877dfd07bbac4817973f,2,2026-09-17,2026-09-17
2026-09-17,thehindubusinessline.com,nfkc-casefold-collapse-v1,7e434de2c2c74e07584d8ef94ae4affc9263af618669872fe55fcbe20f759110,2,2026-09-17,2026-09-17
2026-09-17,thehindubusinessline.com,nfkc-casefold-collapse-v1,ef8aab8c0594d1e2eb204f6253d7b59b6641055aec510332176413300a33b5a8,2,2026-09-17,2026-09-17
2026-09-17,thehindubusinessline.com,nfkc-casefold-collapse-v1,a28090c0ab09d8dc6a8c1a5943d31633e12a13aa86ac25897182c56d6418f512,2,2026-09-17,2026-09-17
2026-09-17,thehindubusinessline.com,nfkc-casefold-collapse-v1,e7cf32997b76b41c2ec175423e07f7653b9739cf3856f732cf77e9abff3d71fe,2,2026-09-17,2026-09-17
2026-09-17,thehindubusinessline.com,nfkc-casefold-collapse-v1,43a9da6efaf165d5b5dc1d98d62b3dc125294a9b6f7cd7457e2186b47e35b57f,2,2026-09-17,2026-09-17
2026-09-17,thehindubusinessline.com,nfkc-casefold-collapse-v1,6bf7b91a24d1b44affce863a89ea329f0d52028b30a2382f870eea1e5c3bb6ce,2,2026-09-17,2026-09-17
2026-09-17,thehindubusinessline.com,nfkc-casefold-collapse-v1,0250ed1ea9228f81dc5a6ba0fb9e02fd37ce0c6faee1a8a8a90ab5e81a997669,2,2026-09-17,2026-09-17
2026-09-17,thehindubusinessline.com,nfkc-casefold-collapse-v1,30837257d89c876a41c02cdb5a3bf3a0dd9d8e1873624b24c3d3707267494c4e,2,2026-09-17,2026-09-17
2026-09-17,thehindubusinessline.com,nfkc-casefold-collapse-v1,fbc3392cf4d46619d2d7061bf891f9536a69847e06518461f64a32e6a260d59a,2,2026-09-17,2026-09-17
2026-09-17,thehindubusinessline.com,nfkc-casefold-collapse-v1,1f0740214c756d1f1a48eecd974af3d60b67cb85b42749c244686395eeb6d693,2,2026-09-17,2026-09-17
2026-09-17,thehindubusinessline.com,nfkc-casefold-collapse-v1,d3998850b5008aaebbb9b28f0b5ed6925e3e030ce5d5b77b15926d795bdd02d2,2,2026-09-17,2026-09-17
2026-09-17,thehindubusinessline.com,nfkc-casefold-collapse-v1,af1b6b67bc65bca5e46138d236a3c9c8fbca99af91fe47a52d3acd0d1877243d,2,2026-09-17,2026-09-17
2026-09-17,thehindubusinessline.com,nfkc-casefold-collapse-v1,22ea6d8540f8c0e6109dcea90d845a36b8b65065b586c7bccbd8fa7b14f24c96,2,2026-09-17,2026-09-17
2026-09-17,thehindubusinessline.com,nfkc-casefold-collapse-v1,dbed53791b919260b1bd41241c4666cadb0830748c7667d4e165625738237a98,2,2026-09-17,2026-09-17
2026-09-17,thehindubusinessline.com,nfkc-casefold-collapse-v1,d1e477642141ac925869db9832f17f3c7a2e4c1e48160f677325ee40c7fa2d36,2,2026-09-17,2026-09-17
2026-09-17,thehindubusinessline.com,nfkc-casefold-collapse-v1,a6b2c9a3d0293fc0d8e37259d2482e50f5667d32d1a70235c41ba71886c555c5,2,2026-09-17,2026-09-17
2026-09-17,thehindubusinessline.com,nfkc-casefold-collapse-v1,7b68f5395381a439652ffb3ae81943637ef369679163b671d72917d36682b528,2,2026-09-17,2026-09-17
2026-09-17,thehindubusinessline.com,nfkc-casefold-collapse-v1,d9e1484582cd00733385615dff1f6100bb433c92ad79f3b12b7f7b27c67781cc,2,2026-09-17,2026-09-17
2026-09-17,thehindubusinessline.com,nfkc-casefold-collapse-v1,59d3e826ce3edcc17ec9bd54fa492be2f0792584ab97634329cfc86288d40d8a,2,2026-09-17,2026-09-17
2026-09-17,thehindubusinessline.com,nfkc-casefold-collapse-v1,c4de9ad3978221af861a965b33b1e7a78dcc6bb3ef647f2ad7a45bf6c11647d7,2,2026-09-17,2026-09-17
2026-09-17,thehindubusinessline.com,nfkc-casefold-collapse-v1,3c9ab05570f510d256a7b6f2c4917267fc3a713b23476907ff21d09dc5a60596,2,2026-09-17,2026-09-17
2026-09-17,thehindubusinessline.com,nfkc-casefold-collapse-v1,3c477c4ad70cfb6bec8187a37e38b5e9c5d4a69c53467b3c1599ff564e0a14df,2,2026-09-17,2026-09-17
2026-09-17,thehindubusinessline.com,nfkc-casefold-collapse-v1,35b7517c045b970d5013297a597b659cba05d6180b734b42c2dd80d27e5fbe3e,2,2026-09-17,2026-09-17
2026-09-17,thehindubusinessline.com,nfkc-casefold-collapse-v1,792ff2e8f54f9e39984796ce8f3cbd1f8ca1c607bf7cf03e451c32f64796c930,2,2026-09-17,2026-09-17
2026-09-17,thehindubusinessline.com,nfkc-casefold-collapse-v1,e4dbe5cc546878bfd210bd0ae2a6e2871b77d4541d6c8fc9ea0c38604936b455,2,2026-09-17,2026-09-17
2026-09-17,thehindubusinessline.com,nfkc-casefold-collapse-v1,4b9dad6321a04988d1a6917821e1cd8edf5e3393ef1def9263a68cc36a9ea7e5,2,2026-09-17,2026-09-17
2026-09-17,thehindubusinessline.com,nfkc-casefold-collapse-v1,3ccb01629ea9e740661d225d2912eb2148f2d477423a33840ac74bc5841b3395,2,2026-09-17,2026-09-17
2026-09-17,thehindubusinessline.com,nfkc-casefold-collapse-v1,d0fa74a511532dadecd0fec086cd3ea8ba3bdefbbdeb8825bf87da664b23661a,2,2026-09-17,2026-09-17
2026-09-17,timesofindia.indiatimes.com,nfkc-casefold-collapse-v1,0c49d5110ab45b51931d1122e5088293027f865ce1d58b28d3b82172b46395e9,6,2026-09-17,2026-09-17
2026-09-17,timesofindia.indiatimes.com,nfkc-casefold-collapse-v1,d9b88c8748bbed8a1a21343acba1aeb2a2efc3b4d4ff5da5996177208381dd1c,6,2026-09-17,2026-09-17
2026-09-17,timesofindia.indiatimes.com,nfkc-casefold-collapse-v1,386f8cb2051279ff08ef57ea9b530a61f2f789638829dcd5c59f7d39d97bab0c,4,2026-09-17,2026-09-17
2026-09-17,timesofindia.indiatimes.com,nfkc-casefold-collapse-v1,ce010a56f8e6dd5a051d083dbef6b8da0505546e7a4c05a3f7331b01e585ff36,4,2026-09-17,2026-09-17
2026-09-17,timesofindia.indiatimes.com,nfkc-casefold-collapse-v1,a6dfb1a3293185fe6e8d868288c1d95d23904e37f1d4b470e7210a8934ff4e5c,2,2026-09-17,2026-09-17
2026-09-17,timesofindia.indiatimes.com,nfkc-casefold-collapse-v1,f60a18c6faad13174a476dbda7f4f08d3a3cf2cb9b44bcfb2a5b6fa5c5c34337,2,2026-09-17,2026-09-17
2026-09-17,timesofindia.indiatimes.com,nfkc-casefold-collapse-v1,a47db15627fd1c2f5bde308bd9555285dd7ac0f2ff62e1770298889335e192b1,2,2026-09-17,2026-09-17
2026-09-17,timesofindia.indiatimes.com,nfkc-casefold-collapse-v1,cbd10cd0ab15e0ef595501ca9936c1c4aa3d8cc04bf56f438e37cba51352a8b4,2,2026-09-17,2026-09-17
2026-09-17,timesofindia.indiatimes.com,nfkc-casefold-collapse-v1,ca0b9314b7b29784bb19af9ae6eaffc9d3462f7e722293161a03266b00073a53,2,2026-09-17,2026-09-17
2026-09-17,timesofindia.indiatimes.com,nfkc-casefold-collapse-v1,9f12bed8957b186e31daeee89df89412a6afaddd3d90a056b72247dabff15eb1,2,2026-09-17,2026-09-17
2026-09-17,timesofindia.indiatimes.com,nfkc-casefold-collapse-v1,043bed764193882b846f1b59788489628a9944597aba84bbf15736f35cd52e4a,2,2026-09-17,2026-09-17
2026-09-17,timesofindia.indiatimes.com,nfkc-casefold-collapse-v1,6dc5843bc229c88eea530e4d9e01f5a310a32eaae1f1186ec5cec4233a86c146,2,2026-09-17,2026-09-17
2026-09-17,timesofindia.indiatimes.com,nfkc-casefold-collapse-v1,007bf096c206a29b873b8c089069a5212c5a03b8316add25832fa43b93f61dd6,2,2026-09-17,2026-09-17
2026-09-17,timesofindia.indiatimes.com,nfkc-casefold-collapse-v1,f2a4746ac645df6c2797c41a92b45b9eb3297fa876064b4a6fa8efa6f9acf944,2,2026-09-17,2026-09-17
2026-09-17,timesofindia.indiatimes.com,nfkc-casefold-collapse-v1,34985084952e03dd7b8d7435f950b3da50ff651d50035ea9e2022f94303f78e1,2,2026-09-17,2026-09-17
2026-09-17,timesofindia.indiatimes.com,nfkc-casefold-collapse-v1,9e82db8d4113fcb69e8b738a17bba01a7f8fd2852f39a2ecdb67bff2209418cc,2,2026-09-17,2026-09-17
2026-09-17,timesofindia.indiatimes.com,nfkc-casefold-collapse-v1,3789b023d3f17044fa3c13fa201dbd86dd070abc604e3201b9bfb393e8670311,2,2026-09-17,2026-09-17
2026-09-17,timesofindia.indiatimes.com,nfkc-casefold-collapse-v1,2a2cdef822892f0c5abaf3828751b32f501ea82c66e7cb361b3d88f9e4f6e2c3,2,2026-09-17,2026-09-17
2026-09-17,timesofindia.indiatimes.com,nfkc-casefold-collapse-v1,71b0c78a8f3c9138f61d639e849292b7eef5ceb48e2b0f807f3e99719125bea2,2,2026-09-17,2026-09-17
2026-09-17,timesofindia.indiatimes.com,nfkc-casefold-collapse-v1,8df8b3c42116640a27d55ae11b41b75a4980bb92ef9e61c762d2d1347ae04f85,2,2026-09-17,2026-09-17
2026-09-17,timesofindia.indiatimes.com,nfkc-casefold-collapse-v1,f76eaff0ede71c228f4d1a4466ca8ce8005a094c8abfd028dc04fcdb3b89fedb,2,2026-09-17,2026-09-17
2026-09-17,timesofindia.indiatimes.com,nfkc-casefold-collapse-v1,0c6a088092cf6ad2baf25b8409f93995105aec14856a4b5ed18360d0a5b1e039,2,2026-09-17,2026-09-17
2026-09-17,timesofindia.indiatimes.com,nfkc-casefold-collapse-v1,08da7937b5d3f4680838b6081aa5f3b01fa5ca8e5c2e899f19b743746f1c0546,2,2026-09-17,2026-09-17
2026-09-17,timesofindia.indiatimes.com,nfkc-casefold-collapse-v1,9aa6a3f0ddd999fd40f8d31b27c880f471bf67535578739abbc7e98e66009932,2,2026-09-17,2026-09-17
2026-09-17,timesofindia.indiatimes.com,nfkc-casefold-collapse-v1,10013bdeea25a2ab8808427438fbf955615214a375c96e52d583e78cd6b11ac0,2,2026-09-17,2026-09-17
2026-09-17,timesofindia.indiatimes.com,nfkc-casefold-collapse-v1,f473539e40c4478bd7bc561ff42f82134eb0aa86023018cc59fef8a2a7d88a2e,2,2026-09-17,2026-09-17
2026-09-17,timesofindia.indiatimes.com,nfkc-casefold-collapse-v1,a35cb94b530019739860f24467d3789f66712f482cd5855bfe03ca5632ca68f0,2,2026-09-17,2026-09-17
2026-09-17,timesofindia.indiatimes.com,nfkc-casefold-collapse-v1,529e5dc2e5b735454c841334a8965742bfae2e4eea41bf5ef4b8d40d318972b2,2,2026-09-17,2026-09-17
2026-09-17,timesofindia.indiatimes.com,nfkc-casefold-collapse-v1,6ae8e2f5a19bf7adbce3f923251cd1b74345bd03fe34621ed7db1d9535dce0d7,2,2026-09-17,2026-09-17
2026-09-17,timesofindia.indiatimes.com,nfkc-casefold-collapse-v1,6298d9c670bb82cc0844e1da2350f8e063df551fccede2d2738798c76b3ba8d8,2,2026-09-17,2026-09-17
2026-09-17,timesofindia.indiatimes.com,nfkc-casefold-collapse-v1,ce64e7f4301bcf3146015cbcf779794613dfc09f2882ad04bd25d5356592a60d,2,2026-09-17,2026-09-17
2026-09-17,timesofindia.indiatimes.com,nfkc-casefold-collapse-v1,0d09b37af6653a95042670f28cd265202364e5e6508f99c97d56574bb7683762,2,2026-09-17,2026-09-17
2026-09-17,timesofindia.indiatimes.com,nfkc-casefold-collapse-v1,0752098aa903ec44039b4a51d063fa7eb4999ff00d0050ebba81335b503844a6,2,2026-09-17,2026-09-17
2026-09-17,timesofindia.indiatimes.com,nfkc-casefold-collapse-v1,c06118340355e0ff3ba4b116dcc210d18e213eef69ab19724692a8465fb42e81,2,2026-09-17,2026-09-17
2026-09-17,timesofindia.indiatimes.com,nfkc-casefold-collapse-v1,91102547c83aa95f3b2d154c12bf9227722258f1e856c91459900f4d5b9b71bc,2,2026-09-17,2026-09-17
2026-09-17,timesofindia.indiatimes.com,nfkc-casefold-collapse-v1,a06a15f90994bd316ed91a9dd091a75a9aed4b00cba1a7b6addff649e69e34c4,2,2026-09-17,2026-09-17
2026-09-17,timesofindia.indiatimes.com,nfkc-casefold-collapse-v1,4141dad613604b40db70a6f65f912ce26e005bbb0f680a33358fdc818b8f4f98,2,2026-09-17,2026-09-17
2026-09-17,timesofindia.indiatimes.com,nfkc-casefold-collapse-v1,455151d87393bf632f0ecd58d70e70193ecde0b4bdfaaa76326a538d1b83a02d,2,2026-09-17,2026-09-17
2026-09-17,timesofindia.indiatimes.com,nfkc-casefold-collapse-v1,382d667fcaf96b74f27fbbbed9479933fd2f2bb902907a5a60a2f8ca998bbadd,2,2026-09-17,2026-09-17
2026-09-17,timesofindia.indiatimes.com,nfkc-casefold-collapse-v1,887c0db9e3def0c24c3df28af53c0fd31ca93fd5923825151b8dc8d15f70e6bc,2,2026-09-17,2026-09-17
2026-09-17,timesofindia.indiatimes.com,nfkc-casefold-collapse-v1,908d4e94f257eddf41ce8ddd6c526c480d25c69782ce4516083447ddce90034a,2,2026-09-17,2026-09-17
2026-09-17,timesofindia.indiatimes.com,nfkc-casefold-collapse-v1,bdd06c66b8b6a2dbee2bbb81243d0611df56f83c6a09cd406cb01ed3915d4940,2,2026-09-17,2026-09-17
2026-09-17,timesofindia.indiatimes.com,nfkc-casefold-collapse-v1,810505230383ffd30f90c1e77b18d5929bf5b789f60d0b8f70177852ef0db629,2,2026-09-17,2026-09-17
2026-09-17,timesofindia.indiatimes.com,nfkc-casefold-collapse-v1,37984f7ac7204f74fb9c07aa5bb81db9c1bce99fcbe6d03a30999657d63015b8,2,2026-09-17,2026-09-17
2026-09-17,timesofindia.indiatimes.com,nfkc-casefold-collapse-v1,3ce8599d61c5b345a79b6feaad4ebf34cf2a85fbe59a5deab5eeb85966afe3ca,2,2026-09-17,2026-09-17
2026-09-17,timesofindia.indiatimes.com,nfkc-casefold-collapse-v1,0ce1b2ed3cb911a26272b5fca380bc55a4c0dfb98b7333e1852315f8257422cc,2,2026-09-17,2026-09-17
2026-09-17,timesofindia.indiatimes.com,nfkc-casefold-collapse-v1,85ed744860608ccbe32148dd5066ee482a891d7578f590df788332536e393e4f,2,2026-09-17,2026-09-17
2026-09-17,timesofindia.indiatimes.com,nfkc-casefold-collapse-v1,7fc70eb26a53a753d71e04415b3ce64b98ecb6622c5f2f0192e0af7f5ff62e96,2,2026-09-17,2026-09-17
2026-09-17,timesofindia.indiatimes.com,nfkc-casefold-collapse-v1,2a7adf2784093b1013e6abcc6e1c00372903c276e39d19a7c383bcb7194af897,2,2026-09-17,2026-09-17
2026-09-17,timesofindia.indiatimes.com,nfkc-casefold-collapse-v1,76b31774e002228c66f0a50ccbcdb0d8f761713412df04d24a7654856065f176,2,2026-09-17,2026-09-17
2026-09-17,timesofindia.indiatimes.com,nfkc-casefold-collapse-v1,b48e98482409c16cf374ee3e1e6d975d8f03b1d35ce46cf75a100f86d84cb04f,2,2026-09-17,2026-09-17
2026-09-17,timesofindia.indiatimes.com,nfkc-casefold-collapse-v1,ef6eb708846a927b1e4d4043545a8668f6770ae85e7de81b95e321637b80f34a,2,2026-09-17,2026-09-17
2026-09-17,timesofindia.indiatimes.com,nfkc-casefold-collapse-v1,30dc14bb2aca707f06a4da0187012ad84e5bd2d46c9f76b984110097a8c442e0,2,2026-09-17,2026-09-17
2026-09-17,timesofindia.indiatimes.com,nfkc-casefold-collapse-v1,7485bb9bd721305f4ddacd2cbd8d357d635458a0412d89ab67af5166103fe1c3,2,2026-09-17,2026-09-17
2026-09-17,timesofindia.indiatimes.com,nfkc-casefold-collapse-v1,bff2be5c7446fd72924f5829cd6f992df13a1bede41e9b084b5a0b99059cb507,2,2026-09-17,2026-09-17
2026-09-17,timesofindia.indiatimes.com,nfkc-casefold-collapse-v1,c2cae3d1fb830dd55ad8cac56bb9aa4937797767679763ad07cd88b6a0a74e5a,2,2026-09-17,2026-09-17
2026-09-17,timesofindia.indiatimes.com,nfkc-casefold-collapse-v1,4153f683362f3819074021da7c7f2cdbd3a32edccd3acb0ebb223a287402634c,2,2026-09-17,2026-09-17
2026-09-17,timesofindia.indiatimes.com,nfkc-casefold-collapse-v1,ce0b9308e40aa7519c0ef60096ece96aa61f53c69192a1a7bfd69d5aad2e22ea,2,2026-09-17,2026-09-17
2026-09-17,timesofindia.indiatimes.com,nfkc-casefold-collapse-v1,6a1ea70dd00338b0df32069bbce081d8444041250857e9145ecdc4ba793b4f09,2,2026-09-17,2026-09-17
2026-09-17,timesofindia.indiatimes.com,nfkc-casefold-collapse-v1,2253d189552ef275924275ad11721e9e7db20a9717ecfa5bc99640127651bf45,2,2026-09-17,2026-09-17
2026-09-17,timesofindia.indiatimes.com,nfkc-casefold-collapse-v1,5db03ab859315c28f6531c279b782a53fe03148b6ecff03fa79bc55afb361027,2,2026-09-17,2026-09-17
2026-09-17,timesofindia.indiatimes.com,nfkc-casefold-collapse-v1,927f39a091827b2ddc4ac5a4c1b7f1b56746fedf5d23c4666086e19ab036d0f2,2,2026-09-17,2026-09-17
2026-09-17,timesofindia.indiatimes.com,nfkc-casefold-collapse-v1,2cd77b078fe76bad03479cfdc4412480f690ff7f50d20ae4d83db6ffc528513a,2,2026-09-17,2026-09-17
2026-09-17,timesofindia.indiatimes.com,nfkc-casefold-collapse-v1,a2abfb1be26ad3efe4d953a82301537bb2aef73d2e36dd51791e95f977095e90,2,2026-09-17,2026-09-17
2026-09-17,timesofindia.indiatimes.com,nfkc-casefold-collapse-v1,fc02cb64b86be3e72ec9f39ae88b90d30fa51a9a32bc6e60f9f71fe5cdd155e5,2,2026-09-17,2026-09-17
2026-09-17,timesofindia.indiatimes.com,nfkc-casefold-collapse-v1,968e86dbdf9be6c777fd77b05f2ec04b77a53bfff48e8b0acdf48454a67269d6,2,2026-09-17,2026-09-17
2026-09-17,timesofindia.indiatimes.com,nfkc-casefold-collapse-v1,8e3c32c3ca0ce9fca5cf2d3f3a71fd8961a997b32ded02575aafe8fd5f67f235,2,2026-09-17,2026-09-17
2026-09-17,timesofindia.indiatimes.com,nfkc-casefold-collapse-v1,21bd6113cb9c986471423eedbe0a57a2a8cbe74822c9cdcf33e68af954b80732,2,2026-09-17,2026-09-17
2026-09-17,timesofindia.indiatimes.com,nfkc-casefold-collapse-v1,e4ce0d360e3af4d420d1a34c94818306e36e09cfa1f6c5756e57acfb8d4c9249,2,2026-09-17,2026-09-17
2026-09-17,timesofindia.indiatimes.com,nfkc-casefold-collapse-v1,f0bd4397edc15fc4816e69d6b846fc99f7a10faca75e1ba8c405e39a84477c49,2,2026-09-17,2026-09-17
2026-09-17,timesofindia.indiatimes.com,nfkc-casefold-collapse-v1,d6b31197e1cee170d1ac293c93dc41b8199747608e1aa88150f958d5747477ff,2,2026-09-17,2026-09-17
2026-09-17,timesofindia.indiatimes.com,nfkc-casefold-collapse-v1,7086e9232d6aea5841da356ba86c54117b54c7213c9b550ccaeee57579a0770a,2,2026-09-17,2026-09-17
2026-09-17,timesofindia.indiatimes.com,nfkc-casefold-collapse-v1,fe91cd25a8541b9f05d6f3607f02cd5eba51f3a907eda243d6148d96191ab54b,2,2026-09-17,2026-09-17
2026-09-17,timesofindia.indiatimes.com,nfkc-casefold-collapse-v1,21056b8f431dc17d19181ed21a31ed1394fee739ceb366318405498f2061f4f8,2,2026-09-17,2026-09-17
2026-09-17,timesofindia.indiatimes.com,nfkc-casefold-collapse-v1,37938262afb5efc6ea800f7e49d35fbf6b1a2cf8864f213de6e8e0cd5e9395dc,2,2026-09-17,2026-09-17
2026-09-17,timesofindia.indiatimes.com,nfkc-casefold-collapse-v1,cf4efb48c7c09b61fdf768aea0b922ecc41320ef41b52ea2120b47fa2be68745,2,2026-09-17,2026-09-17
2026-09-17,timesofindia.indiatimes.com,nfkc-casefold-collapse-v1,aa3b0b30e49dc1f1851a5c6e55fd5952e21d3c314a0d73a2203fc216548701c5,2,2026-09-17,2026-09-17
2026-09-17,timesofindia.indiatimes.com,nfkc-casefold-collapse-v1,65a30b25a5e52836badee37e9418212f25651a42c18421fc59227dda48a0b4b1,2,2026-09-17,2026-09-17
2026-09-17,timesofindia.indiatimes.com,nfkc-casefold-collapse-v1,58ea4f1288a9e75bf97c3e0fe4568313195d2e9d80cef2da1005451189e0c2de,2,2026-09-17,2026-09-17
2026-09-17,timesofindia.indiatimes.com,nfkc-casefold-collapse-v1,709c6f982a81cf10174cf901d7143d22de6273563df15c402651fabfa340f101,2,2026-09-17,2026-09-17
2026-09-17,timesofindia.indiatimes.com,nfkc-casefold-collapse-v1,9d0f9781155647519c2744d29c1e3975b50df3c374a9b53c305f493e7866ac9d,2,2026-09-17,2026-09-17
2026-09-17,timesofindia.indiatimes.com,nfkc-casefold-collapse-v1,e0297d7072d476031a79a49b1164952df5be29b9a9484c7956b27efa7e71d97a,2,2026-09-17,2026-09-17
2026-09-17,timesofindia.indiatimes.com,nfkc-casefold-collapse-v1,d13f60a10e9455689378fe35b6189e9e1e51c8c54fd348bc32884d1e183be7a9,2,2026-09-17,2026-09-17
2026-09-17,timesofindia.indiatimes.com,nfkc-casefold-collapse-v1,ceac87f042646179d8e25635c4dbb1ee4841d0821d1e6dc7dd361be1ddb82a66,2,2026-09-17,2026-09-17
2026-09-17,timesofindia.indiatimes.com,nfkc-casefold-collapse-v1,b7e28922a3f0bb42e1d4f8e83f96603d826b1e245a0f2b0b0e82d55d5a56a8a9,2,2026-09-17,2026-09-17
2026-09-17,timesofindia.indiatimes.com,nfkc-casefold-collapse-v1,8e96dde5fb9344cedcae1690166bfa627349a3217b3270e022260cb10caccbd3,2,2026-09-17,2026-09-17
2026-09-17,timesofindia.indiatimes.com,nfkc-casefold-collapse-v1,1b24b03f887be48aa98db52358d83fab83c4a2166019c9ef974af88c1c40d873,2,2026-09-17,2026-09-17
2026-09-17,timesofindia.indiatimes.com,nfkc-casefold-collapse-v1,1a5f57c73a18214d2b8d1216c2ff777c8437c2e99476ee24af448f0e62421589,2,2026-09-17,2026-09-17
2026-09-17,timesofindia.indiatimes.com,nfkc-casefold-collapse-v1,e0e3ca7f0cbbfaaad528fdd7eddfe071775d5776aa39dce306f24c3b7aa52b28,2,2026-09-17,2026-09-17
2026-09-17,timesofindia.indiatimes.com,nfkc-casefold-collapse-v1,b5e87075df6850d479e5c030b5c868a754514d5a1d1fabf4015d5d7bd2557f55,2,2026-09-17,2026-09-17
2026-09-17,timesofindia.indiatimes.com,nfkc-casefold-collapse-v1,d3b0079bf415d24d684be5e352b1aeaa0111377aa09f23336cb4041f96e6fbe4,2,2026-09-17,2026-09-17
2026-09-17,timesofindia.indiatimes.com,nfkc-casefold-collapse-v1,a13bccff62ba8f330dd0f8b75fec0e817d9a0e44c169960381e6e41fc128a27f,2,2026-09-17,2026-09-17
2026-09-17,timesofindia.indiatimes.com,nfkc-casefold-collapse-v1,b9cd873148399ae8289ccad5fd5041ef5673c6fa0be1eb7ebf0a4f348ba9ef94,2,2026-09-17,2026-09-17
2026-09-17,timesofindia.indiatimes.com,nfkc-casefold-collapse-v1,c17fbffa602b1859eca3840083021d4e55a6e761701afd9cd7dc1875f2fd4903,2,2026-09-17,2026-09-17
2026-09-17,timesofindia.indiatimes.com,nfkc-casefold-collapse-v1,b214caaddc8c6b7cdeecbf0202b6a4b71cd926f6d6a9947d46b209913e4d6c48,2,2026-09-17,2026-09-17
2026-09-17,timesofindia.indiatimes.com,nfkc-casefold-collapse-v1,6af4032c9839fab6da9e0c8ea5e31a0568db24ca93432695222743c1d9fa9c02,2,2026-09-17,2026-09-17
2026-09-17,timesofindia.indiatimes.com,nfkc-casefold-collapse-v1,05da0f1ab47cab0ff71a9db92762062d9640ae3db51a82e41f4fa55fe7aa9b7a,2,2026-09-17,2026-09-17
2026-09-17,timesofindia.indiatimes.com,nfkc-casefold-collapse-v1,78fa6f355ceb9e7d27f2ff96dd0c98ca16dfb736899065ef02f7662094c0069e,2,2026-09-17,2026-09-17
2026-09-17,timesofindia.indiatimes.com,nfkc-casefold-collapse-v1,ea435f0fb32a6eda5e3e3b561629cd1fd3e39dd085f4bbbdbdc7bb75b0e37760,2,2026-09-17,2026-09-17
2026-09-17,timesofindia.indiatimes.com,nfkc-casefold-collapse-v1,fd42399c337f9ebd411b0fa0071a3a7b0324bd01b1e4c350e8265cd505e04080,2,2026-09-17,2026-09-17
2026-09-17,timesofindia.indiatimes.com,nfkc-casefold-collapse-v1,604cfccbd6e91d6fbff025fc867017d66ad6c3f006b62fccd4bda8d3168732c5,2,2026-09-17,2026-09-17
2026-09-17,timesofindia.indiatimes.com,nfkc-casefold-collapse-v1,35151637ae7e5515f89bcb8b01f2078917d7e72e3167b6b5c7a95a42a9174491,2,2026-09-17,2026-09-17
2026-09-17,timesofindia.indiatimes.com,nfkc-casefold-collapse-v1,72c262ab19049adaedc484189c7b6803b8688e8e1c3206d63125386c64cc1c28,2,2026-09-17,2026-09-17
2026-09-17,timesofindia.indiatimes.com,nfkc-casefold-collapse-v1,ad313e373eb4d07dcb394fd49a6eeafa1ceb32fb6cd00dac60f6ceb6a22c0a91,2,2026-09-17,2026-09-17
2026-09-17,timesofindia.indiatimes.com,nfkc-casefold-collapse-v1,dcd74a4d111841342de41bd56ced8fe7dc3bc0240c896cd1738f4831c96114c2,2,2026-09-17,2026-09-17
2026-09-17,timesofindia.indiatimes.com,nfkc-casefold-collapse-v1,b7835cba70212fbe1816ce3af586cd977858f3b12815f821ff2eae02a58eb1ba,2,2026-09-17,2026-09-17
2026-09-17,timesofindia.indiatimes.com,nfkc-casefold-collapse-v1,fdb83edaf3d105dc9e1c12566834af628d3c4d583cdcf3f159ee7d8d5b291ff0,2,2026-09-17,2026-09-17
2026-09-17,timesofindia.indiatimes.com,nfkc-casefold-collapse-v1,c3d56fd7d17b6482aef7bba6f8b1530990299bddd5da2b5470bef8e1f90b715c,2,2026-09-17,2026-09-17
2026-09-17,timesofindia.indiatimes.com,nfkc-casefold-collapse-v1,bc15e0cb85bd6bb28b29392cfb166b2dd23553e9e78a2c22c18e9618674918ac,2,2026-09-17,2026-09-17
2026-09-17,timesofindia.indiatimes.com,nfkc-casefold-collapse-v1,8b007927c91d56f625da5f27091c152acc0e4227be8d1dad95992c2401082e51,2,2026-09-17,2026-09-17
2026-09-17,timesofindia.indiatimes.com,nfkc-casefold-collapse-v1,24e04a4db0f3f6515efce02ab0ff86ededdd502942a36c478c9abaf9b6a8ee93,2,2026-09-17,2026-09-17
2026-09-17,timesofindia.indiatimes.com,nfkc-casefold-collapse-v1,9cd2a6f76c3a23cec86fee724800c3fe9bbf66db48053fd7219a234a2f9b2c58,2,2026-09-17,2026-09-17
2026-09-17,timesofindia.indiatimes.com,nfkc-casefold-collapse-v1,7a1c3f145c1c2dcd69a0ff77e18e79e393df22be687e447e5be46e8558cc47e2,2,2026-09-17,2026-09-17
2026-09-17,timesofindia.indiatimes.com,nfkc-casefold-collapse-v1,4e9e207f8eee97057537cea60d15ec562cdec1853ece0ebe4ac4c9b0e5a826ae,2,2026-09-17,2026-09-17
2026-09-17,timesofindia.indiatimes.com,nfkc-casefold-collapse-v1,c5169a6042cf38d5aa415ce330a42ed806be7419a8d3d07ceb181a4fe2bb1fda,2,2026-09-17,2026-09-17
2026-09-17,timesofindia.indiatimes.com,nfkc-casefold-collapse-v1,a104c7a716f36ea19850fa255155128a8559c697fe73b749c75182048101c1cf,2,2026-09-17,2026-09-17
2026-09-17,timesofindia.indiatimes.com,nfkc-casefold-collapse-v1,8c8a808bee25217fe0ba722f69dc45c24dd1e7da9637552d92880b16fe0fc98a,2,2026-09-17,2026-09-17
2026-09-17,timesofindia.indiatimes.com,nfkc-casefold-collapse-v1,514fe6b5e7055136b1a7679d062209dd21890f6f2c907b116803ae6174736cce,2,2026-09-17,2026-09-17
2026-09-17,timesofindia.indiatimes.com,nfkc-casefold-collapse-v1,ca6403295fc173c5bc1c5b45636155499806c395bdf87ae730e2913199c4d0d9,2,2026-09-17,2026-09-17
2026-09-17,timesofindia.indiatimes.com,nfkc-casefold-collapse-v1,ced33f86a06e4e7bd9e7a4e7892e8e396e15e96c0d7e02eb7382c89d85a69d65,2,2026-09-17,2026-09-17
2026-09-17,timesofindia.indiatimes.com,nfkc-casefold-collapse-v1,e737384ddb6b554b6bb178f77712b9b34718829dbd95cd15fc4e8255fd607397,2,2026-09-17,2026-09-17
2026-09-17,timesofindia.indiatimes.com,nfkc-casefold-collapse-v1,60695c4b46b06ed6b60949f7e415c48fcfe72d797757235cc67bd2cea9e39979,2,2026-09-17,2026-09-17
2026-09-17,timesofindia.indiatimes.com,nfkc-casefold-collapse-v1,dfd53c10f2d4e31c8cc5e67f70c1d8ef744051d810c6894dad82bbca100be363,2,2026-09-17,2026-09-17
2026-09-17,timesofindia.indiatimes.com,nfkc-casefold-collapse-v1,8987f18d18a03f5016c780b07f6986b7d6d0a2592e63c061b7e27c1ee0099f02,2,2026-09-17,2026-09-17
2026-09-17,timesofindia.indiatimes.com,nfkc-casefold-collapse-v1,64a9a0f753aaf65113088b97226602415dc44cb974b06a8328b8f9a8c25a624c,2,2026-09-17,2026-09-17
2026-09-17,timesofindia.indiatimes.com,nfkc-casefold-collapse-v1,6ee868eadb03ec31d32685db32af91fcb3c6875db70b27c3505848475006fbc0,2,2026-09-17,2026-09-17
2026-09-17,timesofindia.indiatimes.com,nfkc-casefold-collapse-v1,03143c9f79cb92d4fd3ab0ef4d43c554b55a808782a9f06a24b9835bdbb738ef,2,2026-09-17,2026-09-17
2026-09-17,timesofindia.indiatimes.com,nfkc-casefold-collapse-v1,7cd6b7ea096b6995b6e7b4a9b90973a0ec6fc85e97224dc0539b734f2da4b701,2,2026-09-17,2026-09-17
2026-09-17,timesofindia.indiatimes.com,nfkc-casefold-collapse-v1,2c66fcca24d0a95fa883f47871766877c15934547900b5281168dc01444fa369,2,2026-09-17,2026-09-17
2026-09-17,timesofindia.indiatimes.com,nfkc-casefold-collapse-v1,34b134bd871ecc390d256d8e96111f38ce7dddd1fa2b125386c1979bd4ebd11c,2,2026-09-17,2026-09-17
2026-09-17,timesofindia.indiatimes.com,nfkc-casefold-collapse-v1,b54d61b7d4aa85fc347ff9cf696388ac2931c54811dbc977fa6ab307d40d37bc,2,2026-09-17,2026-09-17
2026-09-17,timesofindia.indiatimes.com,nfkc-casefold-collapse-v1,85de78da81053d59ac931ded3ae9fb10b7044b23f8e0504838bfa712a5d852b5,2,2026-09-17,2026-09-17
2026-09-17,timesofindia.indiatimes.com,nfkc-casefold-collapse-v1,9c8e633a949a0b1b982c8998239507833bc1e2593147abbb49ff3c0f5f1efeea,2,2026-09-17,2026-09-17
2026-09-17,timesofindia.indiatimes.com,nfkc-casefold-collapse-v1,b7bf74b84eb5b17a440b83181ce33cf02818d740e8b3e817cc6a53ca0c7b367b,2,2026-09-17,2026-09-17
2026-09-17,timesofindia.indiatimes.com,nfkc-casefold-collapse-v1,6909f475d702e54848a24ea4532c18ccea6448e8b842042ec66ab8df363138d4,2,2026-09-17,2026-09-17
2026-09-17,timesofindia.indiatimes.com,nfkc-casefold-collapse-v1,60b3903925b1d5a588e6169c05f7bfbd368a1a266dfd56cabed961551697ebc0,2,2026-09-17,2026-09-17
2026-09-17,timesofindia.indiatimes.com,nfkc-casefold-collapse-v1,ea53f43238382f50d1d3b97afbfa778fe6d6134858e65b00238c36a0103d7b9c,2,2026-09-17,2026-09-17
2026-09-17,timesofindia.indiatimes.com,nfkc-casefold-collapse-v1,b71fe33a359983811749ee30c165bfaefd4e0eb6ae9f6e609a22271bd27cce8a,2,2026-09-17,2026-09-17
2026-09-17,timesofindia.indiatimes.com,nfkc-casefold-collapse-v1,370e5715c285fd34b3deb18a124955cfc1c5b05aa5f2bdefa14421b005504fd4,2,2026-09-17,2026-09-17
2026-09-17,timesofindia.indiatimes.com,nfkc-casefold-collapse-v1,1f692dc210fc40898eefea29ad6e233f1cfd0c748b0b42849957ab37491ca8c6,2,2026-09-17,2026-09-17
2026-09-17,timesofindia.indiatimes.com,nfkc-casefold-collapse-v1,daf9502e32dd4bd2a9f2e56edca81dc4967951fa26fa58376894d8158ca024c2,2,2026-09-17,2026-09-17
2026-09-17,timesofindia.indiatimes.com,nfkc-casefold-collapse-v1,66a2a154ee81c2d3f6c87ecd4a2dcf9ef55ea7bccae913ec4f7739150a20acb0,2,2026-09-17,2026-09-17
2026-09-17,timesofindia.indiatimes.com,nfkc-casefold-collapse-v1,c3fca4c09ad0f7ca3036f963f60bdba531b0d402780c77ec21843c59cf13e342,2,2026-09-17,2026-09-17
2026-09-17,timesofindia.indiatimes.com,nfkc-casefold-collapse-v1,b92133ceea03b94f5efda43c9050eab4e66bd8edd9191dbc7b826af5f67ade4e,2,2026-09-17,2026-09-17
2026-09-17,timesofindia.indiatimes.com,nfkc-casefold-collapse-v1,a8ead453b33b3db877701b13d85e3c224ef23f4b8190e7a0661c8ffdfc2d78cc,2,2026-09-17,2026-09-17
2026-09-17,timesofindia.indiatimes.com,nfkc-casefold-collapse-v1,9d785c58915c77305ca5123be2c51799830d45433d3de563b28bf7ec4e207921,2,2026-09-17,2026-09-17
2026-09-17,timesofindia.indiatimes.com,nfkc-casefold-collapse-v1,a398fa488c974b05e6b72e55c066147740ad231200fe704a6e13ad7849840915,2,2026-09-17,2026-09-17
2026-09-17,timesofindia.indiatimes.com,nfkc-casefold-collapse-v1,ae338ae4f7ad7ec090dea7b89b315f1cbf2b279aa0c74c55fcceb6cbc1f7c92b,2,2026-09-17,2026-09-17
2026-09-17,timesofindia.indiatimes.com,nfkc-casefold-collapse-v1,2b5df13b0f573574560dad15c0f0db1fc85f9fe31c1698949d6f848c26bfcc15,2,2026-09-17,2026-09-17
2026-09-17,timesofindia.indiatimes.com,nfkc-casefold-collapse-v1,702964f376c0a2ed6c5a1e13bf52e95acba5335b8e31c698d63363edcb8519df,2,2026-09-17,2026-09-17
2026-09-17,timesofindia.indiatimes.com,nfkc-casefold-collapse-v1,c005afc5e36d9a85ca3907764f28c9b931d406d5e2e92573962b2c75e5b42e5b,2,2026-09-17,2026-09-17
2026-09-17,timesofindia.indiatimes.com,nfkc-casefold-collapse-v1,4f3dd9a2f8a0d09675873209fd67397bdf7a27b239e491cb765cbfca74d3ca13,2,2026-09-17,2026-09-17
2026-09-17,timesofindia.indiatimes.com,nfkc-casefold-collapse-v1,04a2f1d0edca736b09fd8fd735e71194bdc000d34081efb18af6b33f19eeac6e,2,2026-09-17,2026-09-17
2026-09-17,timesofindia.indiatimes.com,nfkc-casefold-collapse-v1,9668cb5c3a30e0cb92fd9da2635fc64525eb8f9020d76dafab0d02608f73db08,2,2026-09-17,2026-09-17
2026-09-17,timesofindia.indiatimes.com,nfkc-casefold-collapse-v1,6647a51b9c983430f4afad1f83711f3d7b03bcaa210c004745001fd3de6c54bb,2,2026-09-17,2026-09-17
2026-09-17,timesofindia.indiatimes.com,nfkc-casefold-collapse-v1,1880ac38a4c599fb6d8012b5d3975aa8c46d4c2fbceadac216cec21bf6c3c4df,2,2026-09-17,2026-09-17
2026-09-17,timesofindia.indiatimes.com,nfkc-casefold-collapse-v1,05cba1d647b27d151e8d7f0155e6cc78285dd982525c246a512e6fca35d73845,2,2026-09-17,2026-09-17
2026-09-17,timesofindia.indiatimes.com,nfkc-casefold-collapse-v1,df2a853c2ace4b8bce7635f56faaea0a033fe401cc5c0e625a4f0040a5bc79fa,2,2026-09-17,2026-09-17
2026-09-17,timesofindia.indiatimes.com,nfkc-casefold-collapse-v1,f0527297da14882bca1f9b004c3ca2650787d5a70b96df005166ed4eb97378c8,2,2026-09-17,2026-09-17
2026-09-17,timesofindia.indiatimes.com,nfkc-casefold-collapse-v1,1426059dd0b123f6808d4c6f51383c1de3be0d545eb6fdf6cac72a9d4c496b52,2,2026-09-17,2026-09-17
2026-09-17,timesofindia.indiatimes.com,nfkc-casefold-collapse-v1,5bb501517f4b6ee19bbd7127030595d466514f1e29e561b252f6481c9a971f6a,2,2026-09-17,2026-09-17
2026-09-17,timesofindia.indiatimes.com,nfkc-casefold-collapse-v1,780e6c4db2009b8428d4e49275c157ef6cedcf756f7a42637138a903914a3984,2,2026-09-17,2026-09-17
2026-09-17,timesofindia.indiatimes.com,nfkc-casefold-collapse-v1,1fc077abc4b14729d3b26e4a08053a5655a31764e3222b43b14025ac46ab6873,2,2026-09-17,2026-09-17
2026-09-17,timesofindia.indiatimes.com,nfkc-casefold-collapse-v1,d1c5332efe4def5e571071be4a4f3045599293f3cdd25db7f1cd560953a8e15f,2,2026-09-17,2026-09-17
2026-09-17,timesofindia.indiatimes.com,nfkc-casefold-collapse-v1,aaf0809320e4772b4ed6bffe6a8ae2e4d37ff330876b5935d7ee0f180e6dd0c7,2,2026-09-17,2026-09-17
2026-09-17,timesofindia.indiatimes.com,nfkc-casefold-collapse-v1,aaed11fe42aec318f623888b3930c33a5c589fd842135240ae1306796544734b,2,2026-09-17,2026-09-17
2026-09-17,timesofindia.indiatimes.com,nfkc-casefold-collapse-v1,ab818f29775b3ef0ef883da746af424a455899a28fca13b9454bafe1ffec9d7b,2,2026-09-17,2026-09-17
2026-09-17,timesofindia.indiatimes.com,nfkc-casefold-collapse-v1,97348dea736610317f60580933bacb87d91c6ceead80a415f7d33cd3aacc5305,2,2026-09-17,2026-09-17
2026-09-17,timesofindia.indiatimes.com,nfkc-casefold-collapse-v1,cc600934a8a30be00d50f78a5d26c7162a490374da61860babb1b34db2328b79,2,2026-09-17,2026-09-17
2026-09-17,timesofindia.indiatimes.com,nfkc-casefold-collapse-v1,f435a18a446884ebf88261634f2cdd7a116755bae4386f333b62793d1d2b5a9f,2,2026-09-17,2026-09-17
2026-09-17,timesofindia.indiatimes.com,nfkc-casefold-collapse-v1,a2950e8e509a69a1d2a6cc87421cf0480b0f456f4e3d627f6de9bf4d0442ce6f,2,2026-09-17,2026-09-17
2026-09-17,timesofindia.indiatimes.com,nfkc-casefold-collapse-v1,419d5cd4d077f16d3ab7f11cc52423b7fdf65143b26fdc8ca40f00a64bbbbf87,2,2026-09-17,2026-09-17
2026-09-17,timesofindia.indiatimes.com,nfkc-casefold-collapse-v1,094a5d35dddb53a46fab050d1c6bd147b2a5b9600ff031b86fce879879147e20,2,2026-09-17,2026-09-17
2026-09-17,timesofindia.indiatimes.com,nfkc-casefold-collapse-v1,08f75fecffe1af5aa13e000df7e404a568f8114c76c1b22de8110731990457a4,2,2026-09-17,2026-09-17
2026-09-17,timesofindia.indiatimes.com,nfkc-casefold-collapse-v1,37acae55bc5e959a1a805e926660f394947e9d2e78d2aa60100a62fd03f0c405,2,2026-09-17,2026-09-17
2026-09-17,wired.com,nfkc-casefold-collapse-v1,cc94260a153e3e2c7db911baf327a9fc8517d76a7523aa5a4a39f17d9cb872d4,2,2026-09-17,2026-09-17
2026-09-17,wired.com,nfkc-casefold-collapse-v1,d8717dae08642d96324bb16da0de26ecb09fbc8749dd075756f0ad1ba424c3ef,2,2026-09-17,2026-09-17
2026-09-17,wired.com,nfkc-casefold-collapse-v1,8589b56ec5e646dbf0fe9d503dc38339f13cd678d89c32ed45a3102585b25bfe,2,2026-09-17,2026-09-17
2026-09-17,wired.com,nfkc-casefold-collapse-v1,0c70785d1bfa3f680d4584e614aba2719df6db49dc0f2ae7d2c50c638e687780,2,2026-09-17,2026-09-17
2026-09-17,wired.com,nfkc-casefold-collapse-v1,e29bcbdf1bed3e6320c2ebbe2780606b2c42e99e00251210c1c7e2eb14d95769,2,2026-09-17,2026-09-17
2026-09-17,wired.com,nfkc-casefold-collapse-v1,dd1537dfcae7e0231234e82e2a482ebb6407622eba1798302c3751abf8270831,2,2026-09-17,2026-09-17
2026-09-17,wired.com,nfkc-casefold-collapse-v1,b5a30539ce7412414c16e86161b4fae41290b93ffb4d45eaa9371844a696f15c,2,2026-09-17,2026-09-17
2026-09-17,wired.com,nfkc-casefold-collapse-v1,a8b78b5dab115d92a4ba7ddb12445428a88417c6910e22148cb0f21c3ce9aa80,2,2026-09-17,2026-09-17
2026-09-17,wired.com,nfkc-casefold-collapse-v1,586dff737d50e88ac2451ec816cf504f44bdda28b520f11d076567a5ceac9e07,2,2026-09-17,2026-09-17
2026-09-17,wired.com,nfkc-casefold-collapse-v1,71ae8409a8cca13d67f651453ff160741bd554be618c8168d1da8cdcd6cd09de,2,2026-09-17,2026-09-17
2026-09-17,wired.com,nfkc-casefold-collapse-v1,bc0b598ab51655f321e28f2cc0dcd4e2eaf42f107832bf05b63df527e6d45277,2,2026-09-17,2026-09-17
2026-09-17,wired.com,nfkc-casefold-collapse-v1,76ef4fb25fdc6074b00dfec3601b5b54ddbd161f7f71a10d09d61a9a7bedb4b5,2,2026-09-17,2026-09-17
2026-09-17,wired.com,nfkc-casefold-collapse-v1,d900a91c3d6f919485fa78c1110dbd1ca0662bfe9f484a491f50ce479808c992,2,2026-09-17,2026-09-17
2026-09-17,wired.com,nfkc-casefold-collapse-v1,d3a94bd7891bdfabcd6130dd5b799d412286a3ef0eb7cce69874c8fca0708211,2,2026-09-17,2026-09-17
2026-09-17,world-nuclear-news.org,nfkc-casefold-collapse-v1,d94d6096509811d711bce979899aa92b5716aaeae9df61a473816d213f780699,2,2026-09-17,2026-09-17
2026-09-17,world-nuclear-news.org,nfkc-casefold-collapse-v1,c19f496329bc58e74f7442cdf1edf68ff700c4281a1a5636b8aabb61353e19e2,2,2026-09-17,2026-09-17
2026-09-17,world-nuclear-news.org,nfkc-casefold-collapse-v1,e9e1ec17c2fd619f8e65a1945409b621064f903be35c52ae7e8ed42e14a8ad9f,2,2026-09-17,2026-09-17
2026-09-17,world-nuclear-news.org,nfkc-casefold-collapse-v1,51cde33bb1215b727dbba31440a8bb95a14fe41dc43494ab6bbb616ed7c240ed,2,2026-09-17,2026-09-17
2026-09-17,world-nuclear-news.org,nfkc-casefold-collapse-v1,78e90949ae1e506da871dfffd9b024de9500dc6c2f5029bfea8fb0a4e380b8d8,2,2026-09-17,2026-09-17
2026-09-17,world-nuclear-news.org,nfkc-casefold-collapse-v1,9810ea0fc09956dc3ec0a75da7c1d092befb7bbc16543b8256abe664fdf4fdb0,2,2026-09-17,2026-09-17
2026-09-17,world-nuclear-news.org,nfkc-casefold-collapse-v1,e3b76bacc77a433a725e7c46fad577f5a11d75c5d8510bec9ea6854bfaa4805a,2,2026-09-17,2026-09-17
2026-09-17,world-nuclear-news.org,nfkc-casefold-collapse-v1,d2ab1745d4e842a92f5c2afce1bd7bb8e2239c49483b6b0cb2bac58eb1a114a4,2,2026-09-17,2026-09-17
2026-09-17,world-nuclear-news.org,nfkc-casefold-collapse-v1,ab0a1e8e0f99a87ffe1fcffac15905b749e8ba13b616971ae3a5f1ab20b141a2,2,2026-09-17,2026-09-17
2026-09-17,world-nuclear-news.org,nfkc-casefold-collapse-v1,a8dc10731569fb9e7706a6ccf10d63e032e2ac656431ca474bb9d8e759f3a7f1,2,2026-09-17,2026-09-17
2026-09-17,world-nuclear-news.org,nfkc-casefold-collapse-v1,b46a2700ca179054adf5a163a3b545a71198d794e4f35755fbd4ace3eb51bef7,2,2026-09-17,2026-09-17
2026-09-17,world-nuclear-news.org,nfkc-casefold-collapse-v1,440003d39b8d7e5190a4c283c9659a9136e23289b38a21756422a70ef12fa8fc,2,2026-09-17,2026-09-17
2026-09-17,world-nuclear-news.org,nfkc-casefold-collapse-v1,4f9f48c96cf40b3d59badfba02bd8397c6b60df3aaeb8e4edcfc6739aa004841,2,2026-09-17,2026-09-17
2026-09-17,world-nuclear-news.org,nfkc-casefold-collapse-v1,c2934120623de18e3289f305ff621f9e618f31dbdc7ebb3ea9ec8977461f5f0c,2,2026-09-17,2026-09-17
2026-09-17,world-nuclear-news.org,nfkc-casefold-collapse-v1,6ca4e41195585e70abc48ac2f40f12d07ebe2c74e304775a0d5d4fc99a05e98e,2,2026-09-17,2026-09-17
2026-09-17,world-nuclear-news.org,nfkc-casefold-collapse-v1,91adaa331a885bb8b588271719198dae083565debdf57ead73a0b61d5cb29b95,2,2026-09-17,2026-09-17
2026-09-17,world-nuclear-news.org,nfkc-casefold-collapse-v1,0fc136246fd70e04e19a7dd93623a69c63c924109f957e33409be0c80d55c267,2,2026-09-17,2026-09-17
