version,date,run_id,vertical,url_key,taken,lens_id,lens_bonus,lens_multiplier,score_committed,score_counterfactual
2026-09-14T11:00,2026-09-27,2026-09-27-36305712086,ai,331013103f08a86ef668a856e60b3b11788250ce8465a770b4cc7c2ec5ecc3ee,True,,0.0,1.25,1.593254,1.593254
2026-09-14T11:00,2026-09-27,2026-09-27-36305712086,ai,5245bb20ce9c33dc55fa818068be57e68a71ba57acb133a13dc723899aab5ce1,True,,0.0,1.25,1.581941,1.581941
2026-09-14T11:00,2026-09-27,2026-09-27-36305712086,ai,49fe854c551383a5219c3178a22880f366e09cc76c79c68049c0d36ffbe2640e,False,,0.0,1.25,1.570843,1.570843
2026-09-14T11:00,2026-09-27,2026-09-27-36305712086,ai,a44eac78d89310004eb82c355fdbe73ab0bbe7174b815f3f3537a748ca290c70,True,,0.0,1.25,1.561887,1.561887
2026-09-14T11:00,2026-09-27,2026-09-27-36305712086,ai,440e44887d07b4dd9ceac82223bfcba046b61aa72b9cb36d8e17489fb69005ce,True,,0.0,1.25,1.556098,1.556098
2026-09-14T11:00,2026-09-27,2026-09-27-36305712086,ai,20c833aa31728bf652982266139bbf290e1d2ad28d7d8c83d8502d18830e83af,True,,0.0,1.25,1.508564,1.508564
2026-09-14T11:00,2026-09-27,2026-09-27-36305712086,ai,0e79d11a2cd328d3405a940cae1f7db457f7f790511b70e941607f949258e6ab,False,,0.0,1.25,1.470866,1.470866
2026-09-14T11:00,2026-09-27,2026-09-27-36305712086,ai,9f9fc6ac3dff178934402a3354b190a3bf6531c0529030d20b8fa4e7583f5c5b,True,,0.0,1.25,1.388399,1.388399
2026-09-14T11:00,2026-09-27,2026-09-27-36305712086,ai,721c0a6826dbc8238119113cb057c8ac3e5729b05ca2df564cb87dd461b7b5cc,False,,0.0,1.25,1.388399,1.388399
2026-09-14T11:00,2026-09-27,2026-09-27-36305712086,ai,5bfd36bb95454daeb3f79659db643809aaaba95a243ae877255ee59080e0ac72,False,,0.0,1.25,1.388399,1.388399
2026-09-14T11:00,2026-09-27,2026-09-27-36305712086,ai,fa447de382c8073f4be6717cdd11a62837bd12301939eb2c0767484852a61755,False,,0.0,1.25,1.244676,1.244676
2026-09-14T11:00,2026-09-27,2026-09-27-36305712086,ai,60ae892ef50e54a08045d3ee20915e206ebb470008af8c7986147e2e95df5f92,True,,0.0,1.25,1.171198,1.171198
2026-09-14T11:00,2026-09-27,2026-09-27-36305712086,ai,7da0fc2cb4358388d1a76c3ae1d6ae8571e4052074a288ff2c6970adba354a21,True,,0.0,1.25,1.030154,1.030154
2026-09-14T11:00,2026-09-27,2026-09-27-36305712086,ai,8cc0ce830d29369ea36176f0ca7c5b83a2be8d17f47048c04db33c856322afff,False,,0.0,1.25,1.00385,1.00385
2026-09-14T11:00,2026-09-27,2026-09-27-36305712086,energy,7c1608d252498786be3e3da5b441b3475201bb81062f2224f7422391b63a1cf3,True,,0.0,1.25,1.250922,1.250922
2026-09-14T11:00,2026-09-27,2026-09-27-36305712086,energy,6db0b0bf1066bde8f53c5e2d27aea8374fd55caf9702347b6491784f86d4b59e,True,,0.0,1.25,1.034566,1.034566
2026-09-14T11:00,2026-09-27,2026-09-27-36305712086,energy,b06f85328fbe6eb1d60511c4c230c2c7bbfbbd5fac17276c8c327b19f137f2bf,True,,0.0,1.25,1.019494,1.019494
2026-09-14T11:00,2026-09-27,2026-09-27-36305712086,energy,6746a9a856699b8a5d0d64bd1fd116b084050ec788d974537de914a0cf698258,False,,0.0,1.25,0.950937,0.950937
2026-09-14T11:00,2026-09-27,2026-09-27-36305712086,energy,98d4dcc2d41c77c30709cf807c38cbb0aa9c7a0a5199ae08df2a1e52082ac8f4,False,,0.0,1.25,0.885422,0.885422
2026-09-14T11:00,2026-09-27,2026-09-27-36305712086,energy,75709f4bcec1aaac816633263604c2709e5fef78af6402716ca1ba720ffd4f48,False,,0.0,1.25,0.596827,0.596827
2026-09-14T11:00,2026-09-27,2026-09-27-36305712086,energy,6e579ffe3c35a5a1f7b7bca9a73ce66c23efa3284dcf2feb2264900eda840a35,False,,0.0,1.25,0.593421,0.593421
2026-09-14T11:00,2026-09-27,2026-09-27-36305712086,energy,2eb800581f263eea800b62380bd4e9d59f40d1d6733e76d59e5ae07dc3141f7d,False,,0.0,1.25,0.577751,0.577751
2026-09-14T11:00,2026-09-27,2026-09-27-36305712086,energy,6ea780302bedd89566c2b70e00491e0c3ec5d4729809eaeb4249e8e8f0fb6e54,False,,0.0,1.25,0.563734,0.563734
2026-09-14T11:00,2026-09-27,2026-09-27-36305712086,energy,22c52f78940f5c8debd4274b33e2eb28dd17d2be00e69836446d35eac7e1e3a6,False,,0.0,1.25,0.547707,0.547707
2026-09-14T11:00,2026-09-27,2026-09-27-36305712086,business-economy,a9217ba533704871e15d11d3724d03c15dde680332036f7284bdbc828596c591,True,,0.0,1.25,1.673954,1.673954
2026-09-14T11:00,2026-09-27,2026-09-27-36305712086,business-economy,0b62e5f41a6d3116f7fe569d954e89c61a847eb2626bde06a83df9c15589b3b0,True,,0.0,1.25,1.617398,1.617398
2026-09-14T11:00,2026-09-27,2026-09-27-36305712086,business-economy,b97f674126df02f182a2d35181d1dfb29378492ceae87b8593872f779fbc5ed7,True,,0.0,1.25,1.506129,1.506129
2026-09-14T11:00,2026-09-27,2026-09-27-36305712086,business-economy,9214d029b4c4337bd0c88e3336a65e228ccd1e5cd8d349ca6c864576a4f4fb64,True,,0.0,1.25,1.196883,1.196883
2026-09-14T11:00,2026-09-27,2026-09-27-36305712086,business-economy,947a2cf58783d39e288fa75bc5e85fc21f8f5f929c71a5b927901e676ce81144,False,,0.0,1.25,1.195218,1.195218
2026-09-14T11:00,2026-09-27,2026-09-27-36305712086,business-economy,a561750f7dc6732157e0362858019fa8ce5d20db60e5da1ad248e773196f4163,True,,0.0,1.25,1.19328,1.19328
2026-09-14T11:00,2026-09-27,2026-09-27-36305712086,business-economy,fbe81d5883fc284a77d307623dea2ee00615e897aed706c23c3a34e5d87485be,False,,0.0,1.25,1.192392,1.192392
2026-09-14T11:00,2026-09-27,2026-09-27-36305712086,business-economy,0c36b2060fbb756620a0999a3e230d9ca07bb4428c244f67a12c135232ffe03b,True,,0.0,1.25,1.191094,1.191094
2026-09-14T11:00,2026-09-27,2026-09-27-36305712086,business-economy,8871fa3c8b72685be916a899ac0c9862721c20594a81fa40459ce80667174fa7,False,,0.0,1.25,1.189446,1.189446
2026-09-14T11:00,2026-09-27,2026-09-27-36305712086,business-economy,817d077769b74f73b28ad487059bc42eca24c400a0dfdeeeefe842b7b21b0197,False,,0.0,1.25,1.186836,1.186836
2026-09-14T11:00,2026-09-27,2026-09-27-36305712086,business-economy,059554e964a6acac35e4c53c8ed5cda148f70c365e288c219f3b88a08240288a,False,,0.0,1.25,1.182813,1.182813
2026-09-14T11:00,2026-09-27,2026-09-27-36305712086,business-economy,dfee4717255c49a20023ece0ba627a2bf4e2959293a8bb761b5e543f652d2f4c,False,,0.0,1.25,1.181991,1.181991
2026-09-14T11:00,2026-09-27,2026-09-27-36305712086,business-economy,923d8e7cb0453f795c44ef011f48a57a38549975ae07287cb26b2ba9f12d0399,False,,0.0,1.25,1.179537,1.179537
2026-09-14T11:00,2026-09-27,2026-09-27-36305712086,business-economy,60ae892ef50e54a08045d3ee20915e206ebb470008af8c7986147e2e95df5f92,False,,0.0,1.25,1.171198,1.171198
2026-09-14T11:00,2026-09-27,2026-09-27-36305712086,business-economy,4554e40f65fe21b66f7794b0883910fa300675a97e59582ca791947555478b0e,True,,0.0,1.25,1.171192,1.171192
2026-09-14T11:00,2026-09-27,2026-09-27-36305712086,business-economy,646946a0951c357432c3b806596b3d4e7a318cdade405c3787adade785ecc897,False,,0.0,1.25,1.170874,1.170874
2026-09-14T11:00,2026-09-27,2026-09-27-36305712086,business-economy,b06208ed90e3e93413d676095e968c7626b4637d024ffdc11fdb1287a3ee1f61,False,,0.0,1.25,1.170874,1.170874
2026-09-14T11:00,2026-09-27,2026-09-27-36305712086,business-economy,38f14966cc09c4c06bc3c43141ea406291888fd4e8aac06051ac72037615e179,False,,0.0,1.25,1.170874,1.170874
2026-09-14T11:00,2026-09-27,2026-09-27-36305712086,business-economy,70a2ae29b61f8ed70799e19c0b0b006c1d828cb526c3b11dec7baa7409580004,True,,0.0,1.25,1.169721,1.169721
2026-09-14T11:00,2026-09-27,2026-09-27-36305712086,business-economy,81e1ba510d853a587e181cf82d1b62a240b19586782a781802c316c692fe9850,False,,0.0,1.25,1.168473,1.168473
2026-09-14T11:00,2026-09-27,2026-09-27-36305712086,business-economy,4aa7a54617d45060538aa69ad32b9e3a371acf406491b38d249d9076479fab1b,False,,0.0,1.25,1.167629,1.167629
2026-09-14T11:00,2026-09-27,2026-09-27-36305712086,business-economy,cd52cc39eba8850b4a55eeaf07b8720b57fa9b11c52b4f00cf9ede7b5fc36a18,False,,0.0,1.25,1.161325,1.161325
2026-09-14T11:00,2026-09-27,2026-09-27-36305712086,business-economy,461f427856edd588468a9f8775d5e31eae0cb7c8e0efc9522cbd97f0bc3ba657,False,,0.0,1.25,1.159993,1.159993
2026-09-14T11:00,2026-09-27,2026-09-27-36305712086,business-economy,3b08f631646459647fe666d43c3a9fbee82ccb0f78773c7d577c7a16b4107df6,False,,0.0,1.25,1.159993,1.159993
2026-09-14T11:00,2026-09-27,2026-09-27-36305712086,business-economy,8661dcd585d913800c953b6d57501b352a5879678a29f1b26c470e806e969bee,False,,0.0,1.25,1.159993,1.159993
2026-09-14T11:00,2026-09-27,2026-09-27-36305712086,business-economy,72d38a31b86b54781be9f64ffa4211b63b235e8a1ed9c97884e01244c93ed67b,False,,0.0,1.25,1.152863,1.152863
2026-09-14T11:00,2026-09-27,2026-09-27-36305712086,business-economy,4df2959058c62ed9456d46a463247e0dc44907b1ee677af20d88bfd9010507a4,False,,0.0,1.25,1.149608,1.149608
2026-09-14T11:00,2026-09-27,2026-09-27-36305712086,business-economy,c1343a6fc2f627fc0c8682be8b4231c4054edd4876d6cb71002287e6a94260d2,False,,0.0,1.25,1.149608,1.149608
2026-09-14T11:00,2026-09-27,2026-09-27-36305712086,business-economy,09e4f8b7a1c933298e7f5d9350c4b1bbd3605821297f20c5523c3f3eadc0d631,True,,0.0,1.25,1.117481,1.117481
2026-09-14T11:00,2026-09-27,2026-09-27-36305712086,business-economy,8d67172b9cb41a6fe55680827a3b4a664427fd42ace5772eef193d6f0a030e50,True,,0.0,1.25,1.019683,1.019683
2026-09-14T11:00,2026-09-27,2026-09-27-36305712086,business-economy,6a4784f65a3f13f80a4ddbc6f201c2a4e33e15d3a133e6b6cfe07429d237959d,True,,0.0,1.25,1.003647,1.003647
2026-09-14T11:00,2026-09-27,2026-09-27-36305712086,world,e39f52fa421dd8bac8baadc85a08e5f69c5286bbb56fac48fa08c059016819e9,True,,0.0,1.25,1.684854,1.684854
2026-09-14T11:00,2026-09-27,2026-09-27-36305712086,world,0b62e5f41a6d3116f7fe569d954e89c61a847eb2626bde06a83df9c15589b3b0,False,,0.0,1.25,1.617398,1.617398
2026-09-14T11:00,2026-09-27,2026-09-27-36305712086,world,1eeaae71d242be460d0c8e48ce89001ed83a8d3e93ba3a0dcc8fe4b51a48c31d,True,,0.0,1.25,1.580328,1.580328
2026-09-14T11:00,2026-09-27,2026-09-27-36305712086,world,8b45dd3ca26723da98ee00b65667aca7a4984c16f46051af0627e9390791bd56,True,,0.0,1.25,1.56124,1.56124
2026-09-14T11:00,2026-09-27,2026-09-27-36305712086,world,4d1f71ff5902a2a760acc5d2bb9b8ebb1d50b206ee95e76d93b51e508a45f304,True,trade,0.3,1.25,1.55819,1.63319
2026-09-14T11:00,2026-09-27,2026-09-27-36305712086,world,440e44887d07b4dd9ceac82223bfcba046b61aa72b9cb36d8e17489fb69005ce,False,,0.0,1.25,1.556098,1.556098
2026-09-14T11:00,2026-09-27,2026-09-27-36305712086,world,5a69b170ad63a5ed20a56249ffc7974e8095ee58c4585cb6aebc4776548f8c1e,True,,0.0,1.25,1.480277,1.480277
2026-09-14T11:00,2026-09-27,2026-09-27-36305712086,world,e5139a6bdad7f48cdc98bf342c470a908449870a53788c2f9c23aa9e43f8234f,False,,0.0,1.25,1.477526,1.477526
2026-09-14T11:00,2026-09-27,2026-09-27-36305712086,world,8b4d222ef69e6dd72b2a5862b812af40d30b00839b561bfeb9fd028300ba13a4,False,,0.0,1.25,1.430481,1.430481
2026-09-14T11:00,2026-09-27,2026-09-27-36305712086,world,47e92313b372ed0b47bfcb52cc245c10a7af61a785669484dd292ae8dde1c4ec,False,,0.0,1.25,1.359271,1.359271
2026-09-14T11:00,2026-09-27,2026-09-27-36305712086,world,b76f275474a77f3b8b50b66dee03eed2a85aa90145d24dc2036cc10e6b1533fa,False,,0.0,1.25,1.353537,1.353537
2026-09-14T11:00,2026-09-27,2026-09-27-36305712086,world,59c2edca2a5bfa35dda1c1dc28c05a15fd3654923fd7ab306d418338e6447b0b,False,,0.0,1.25,1.353495,1.353495
2026-09-14T11:00,2026-09-27,2026-09-27-36305712086,world,d67c9733845731e3365ec83d3f4cf5d3cecab8e88ee8cd7a7dd12c630cb97b48,False,,0.0,1.25,1.35345,1.35345
2026-09-14T11:00,2026-09-27,2026-09-27-36305712086,world,d5accf6d1e3a02cb76d2fe51c1e12eccf905c681c347d3465cef89355f1c0c00,False,,0.0,1.25,1.353389,1.353389
2026-09-14T11:00,2026-09-27,2026-09-27-36305712086,world,65dc8916b9f69b728b36dc993dd64f048a0854893619a1fe26ff20122d08ec83,False,,0.0,1.25,1.314474,1.314474
2026-09-14T11:00,2026-09-27,2026-09-27-36305712086,world,ea4219a77b10d1e9ba7741e90dc2e45f6ea9b91183006ddfb1a655d150ae9fec,False,,0.0,1.25,1.298269,1.298269
2026-09-14T11:00,2026-09-27,2026-09-27-36305712086,world,dc0e4855b982d14f455f263b48677ba6239c9533b6cd4e665e8faf9fd8f57cc5,False,,0.0,1.25,1.294471,1.294471
2026-09-14T11:00,2026-09-27,2026-09-27-36305712086,world,640327e69a7178db86cd7d7f721a3107c14c81a02d3d4c582754dbaa4feb7642,False,,0.0,1.25,1.290352,1.290352
2026-09-14T11:00,2026-09-27,2026-09-27-36305712086,world,2c934ac05cd9ebebc0499453a0300eaefd14ccddf7c1e66b77be58532a14cbca,False,,0.0,1.25,1.287641,1.287641
2026-09-14T11:00,2026-09-27,2026-09-27-36305712086,world,8949fada4d0604228d3bfe6039a28cc6b97cf6f50f0a43143f2849af6e6d06d3,True,,0.0,1.25,1.287422,1.287422
2026-09-14T11:00,2026-09-27,2026-09-27-36305712086,world,2ecc84d5133fa9f541f81781957b7204fc1cf5e54c15452c9af759312107e6d2,False,,0.0,1.25,1.286992,1.286992
2026-09-14T11:00,2026-09-27,2026-09-27-36305712086,world,489b1e8e00daac27299f24f102af0c349060a528e13425c9e5ac35af4349c6fe,False,,0.0,1.25,1.27598,1.27598
2026-09-14T11:00,2026-09-27,2026-09-27-36305712086,world,fba4a848c9a93c1c28ce09ddbcfee187210248c40f8667c0dfaab6f0beb66545,True,,0.0,1.25,1.273061,1.273061
2026-09-14T11:00,2026-09-27,2026-09-27-36305712086,world,f72b79acce13abd7c0f45c655518e26e8caba5b616e768c00e0008c68e8ac3ec,False,,0.0,1.25,1.27218,1.27218
2026-09-14T11:00,2026-09-27,2026-09-27-36305712086,world,f7e9579ae3ea1064993e033c8f2260a356970d1fea51766d90960aa0ffd7caeb,False,,0.0,1.25,1.271709,1.271709
2026-09-14T11:00,2026-09-27,2026-09-27-36305712086,world,baf6a7483732c75a6fdf8341db9b3bc5209927fb039e5645f9cead6d6d47eb51,False,,0.0,1.25,1.271523,1.271523
2026-09-14T11:00,2026-09-27,2026-09-27-36305712086,world,01f561b46b464b4caf684b040ce114c81b6d60e881c0272f617f02a9721e4902,False,,0.0,1.25,1.259864,1.259864
2026-09-14T11:00,2026-09-27,2026-09-27-36305712086,world,7c2e3a32ff1fa7964eebffbb358513664226ce0063e854f5b67e6ecb44fe3a22,True,,0.0,1.25,1.196621,1.196621
2026-09-14T11:00,2026-09-27,2026-09-27-36305712086,world,a0dcf1ca31a4d656087914088a3aece084b90207c253290bc9cec3a31850d487,True,,0.0,1.25,1.194741,1.194741
2026-09-14T11:00,2026-09-27,2026-09-27-36305712086,world,692da34c91d36cf6cbd6c8d390e7354399fe3a1da59d263cb272a2d46fc0b49f,True,,0.0,1.25,1.187263,1.187263
2026-09-14T11:00,2026-09-27,2026-09-27-36305712086,world,3aaec54719b249f5c3f4583ae7745d6524356d1a2ce2d0b5f6756df27da5f6a2,True,,0.0,1.25,1.187011,1.187011
2026-09-14T11:00,2026-09-27,2026-09-27-36305712086,world,8ba3315c87190f3ddc5ca63c60ebb500e2ea35d122326704c8a175c00b503b55,True,,0.0,1.25,1.186773,1.186773
2026-09-14T11:00,2026-09-27,2026-09-27-36305712086,world,4e1bd073f482936526f6f83841381ec6d40e24f543121a24bdb8f6ec300f1db6,True,,0.0,1.25,1.18676,1.18676
2026-09-14T11:00,2026-09-27,2026-09-27-36305712086,world,e09346a25634e800bcc969b08ec3b1509816a79560bdf0c77cda1bfa661b7e9c,True,,0.0,1.25,1.182657,1.182657
2026-09-14T11:00,2026-09-27,2026-09-27-36305712086,world,4c0359b9e729dc3e05cd935cf3b9e4cf4ed59aa6917bc67e583e58d0316c8b5f,True,,0.0,1.25,1.180418,1.180418
2026-09-14T11:00,2026-09-27,2026-09-27-36305712086,world,e51c76ca43973e0b2d54345f608191fec60e7af39e45858ae9f1b1002173ecfb,True,,0.0,1.25,1.173843,1.173843
2026-09-14T11:00,2026-09-27,2026-09-27-36305712086,world,b4c96c30b958583dc71e2de7e38e074492d6f0825371a62dcf7eb3ed679b00d9,True,,0.0,1.25,1.172513,1.172513
2026-09-14T11:00,2026-09-27,2026-09-27-36305712086,world,312dbaeaa057946738b552171c3e20ce4de80b4c5ded2f04e550b75b8c8754a9,True,,0.0,1.25,1.170892,1.170892
2026-09-14T11:00,2026-09-27,2026-09-27-36305712086,world,42c460ac9eaa940541d276b88dabaf5de40ee79fbac9419602822b1482bc9218,True,,0.0,1.25,1.170349,1.170349
2026-09-14T11:00,2026-09-27,2026-09-27-36305712086,world,773a43b87e24cba6711b56cb14b94ba8d50706159929ac94a5b99cbbceb42432,True,,0.0,1.25,1.169015,1.169015
2026-09-14T11:00,2026-09-27,2026-09-27-36305712086,world,dc58ee7be904faefde617c4f7a790f217943a890a29e01c0884d66a3e9eb75fa,True,,0.0,1.25,1.157221,1.157221
2026-09-14T11:00,2026-09-27,2026-09-27-36305712086,world,c1a4c85102ca5f248f628dca4541c8d5196883a21f841b6339ba76e6b94f1155,True,,0.0,1.25,1.149667,1.149667
2026-09-14T11:00,2026-09-27,2026-09-27-36305712086,world,ada8001f5ce00bc66f1c7982242e243e01ed5930c77f1b60b09ab41e52583ec8,True,,0.0,1.25,1.118972,1.118972
2026-09-14T11:00,2026-09-27,2026-09-27-36305712086,world,d146d88c3e1d41131c92f429a4094b63476865d2d9bd2fc7a806a056ee5b6ab7,True,,0.0,1.25,1.116176,1.116176
2026-09-14T11:00,2026-09-27,2026-09-27-36305712086,world,1508f913e7dbfcc9e7a45820061c044421c66ce4b028811d44c56b0c8b202569,True,,0.0,1.25,1.108564,1.108564
2026-09-14T11:00,2026-09-27,2026-09-27-36305712086,world,2a79bc06f495c8f54c329bb5ceb77f4b7be1e2fecea6950986d54a1c5bdb5016,True,,0.0,1.25,1.108564,1.108564
2026-09-14T11:00,2026-09-27,2026-09-27-36305712086,world,cbd5bd49b1eaff183e3974b44a5b3c0a9ea236af258ecc59d23b050c69200ba4,True,,0.0,1.25,1.099827,1.099827
2026-09-14T11:00,2026-09-27,2026-09-27-36305712086,world,eff216612025ca9949056525f703ac357e092a76a26f08a86678e7d5678202e1,True,,0.0,1.25,1.033109,1.033109
2026-09-14T11:00,2026-09-27,2026-09-27-36305712086,india,ec3317bf7324086137caad897f868e8488fa2e5e1318e0192a60dad6527affea,True,,0.0,1.25,1.904711,1.904711
2026-09-14T11:00,2026-09-27,2026-09-27-36305712086,india,2cb2c31ce53bfeb5b2b5227d1e2470f2df1cec1c2fd3202b8dd61a0b075c8445,True,,0.0,1.25,1.680505,1.680505
2026-09-14T11:00,2026-09-27,2026-09-27-36305712086,india,7ad7af2071c769700350d8b2fbc5b66c6690506bd75dc766c07942335f74e365,True,,0.0,1.25,1.671179,1.671179
2026-09-14T11:00,2026-09-27,2026-09-27-36305712086,india,c52ba1a7bc504fb5dd69a9e68ebc64a1b71c665bd4fa4948dfe23ad05e7c2fc2,True,,0.0,1.25,1.661271,1.661271
2026-09-14T11:00,2026-09-27,2026-09-27-36305712086,india,8bfad6aa03f2358f793805b791abde72c0cbad2462aae47adc49dfb892c5a63e,True,,0.0,1.25,1.660551,1.660551
2026-09-14T11:00,2026-09-27,2026-09-27-36305712086,india,ed14e6b2b1db684cc7a0458669a73490c2e838bbae0e7f01913b9b5d48533113,True,,0.0,1.25,1.635839,1.635839
2026-09-14T11:00,2026-09-27,2026-09-27-36305712086,india,d10fb742d84b2177ab1c6c85c8dff4cc2991d872dcd6d565d8f655efcd6ee04a,True,,0.0,1.25,1.635156,1.635156
2026-09-14T11:00,2026-09-27,2026-09-27-36305712086,india,9c1f7066337d8715fb3d2c13df79772f75902a0800b6124548ee6b5eefe6bba2,True,,0.0,1.25,1.627299,1.627299
2026-09-14T11:00,2026-09-27,2026-09-27-36305712086,india,b392f421108aa3d47788edc266f0e3c884cf654cd8552db6ded077f56364ef4f,False,,0.0,1.25,1.622146,1.622146
2026-09-14T11:00,2026-09-27,2026-09-27-36305712086,india,f54b1318e441309ebc96d0b2fe6a6489220ba7d084bd5da5ba94cb2f2e1ce897,True,,0.0,1.25,1.599255,1.599255
2026-09-14T11:00,2026-09-27,2026-09-27-36305712086,india,76e494b14adafe49654ed765330f3d104857461b73cae6f1b8c06a4c489783e5,False,,0.0,1.25,1.597145,1.597145
2026-09-14T11:00,2026-09-27,2026-09-27-36305712086,india,1a0d0fa74e766321d54e35fe98d797f9d9baf139e3269ac69248fe393c7d442b,True,,0.0,1.25,1.584975,1.584975
2026-09-14T11:00,2026-09-27,2026-09-27-36305712086,india,c6184254dbb559eb36a9fa7a792cae591329ff8f5e92d51bcb67cc058e870d96,True,,0.0,1.25,1.43973,1.43973
2026-09-14T11:00,2026-09-27,2026-09-27-36305712086,india,bb6fc4a44814112a7a557e2e28a3c12e2d4f8b57ff68c93d720b2c3896079fae,True,,0.0,1.25,1.439421,1.439421
2026-09-14T11:00,2026-09-27,2026-09-27-36305712086,india,ca1311ac1610ea25fff196c4e45c841abc627049b01944a26c556d3379390deb,True,,0.0,1.25,1.43915,1.43915
2026-09-14T11:00,2026-09-27,2026-09-27-36305712086,india,2ddfdbfa703d6c4b9ef62f17271ae628a7fc8db0c859b69af45dc54864217790,False,,0.0,1.25,1.437853,1.437853
2026-09-14T11:00,2026-09-27,2026-09-27-36305712086,india,c14776def993f115b4048cf92b43d1ecc0a2f78fc5d4436858e1d02de91e3f32,False,,0.0,1.25,1.43752,1.43752
2026-09-14T11:00,2026-09-27,2026-09-27-36305712086,india,a1f9de8a54b67df71973baeaf3a8f37f07ccced6d4cb5d7975cca953f48c212d,True,,0.0,1.25,1.435663,1.435663
2026-09-14T11:00,2026-09-27,2026-09-27-36305712086,india,ee704147dcf327a362cd745de6e006a2677269489d95afd21f3bd40246acbb30,False,,0.0,1.25,1.434261,1.434261
2026-09-14T11:00,2026-09-27,2026-09-27-36305712086,india,0207647e2801a71137a76ac3abe46e4c1b732a43334bab08b9a3c2f66903afb9,False,,0.0,1.25,1.431866,1.431866
2026-09-14T11:00,2026-09-27,2026-09-27-36305712086,india,f0c735555b6dd625c28311d1c1cbb513ba7edd96e6fbdd3ee321e05d1ae3e096,False,,0.0,1.25,1.430555,1.430555
2026-09-14T11:00,2026-09-27,2026-09-27-36305712086,india,2e74b849f14554915d9f256ae21d7b96b8e1079e2a83954e04f49176917aa9f3,False,,0.0,1.25,1.429791,1.429791
2026-09-14T11:00,2026-09-27,2026-09-27-36305712086,india,0756626f9870563e7f992a02fc7ed9a7d09437134ed4671d25d06aec623181a2,False,,0.0,1.25,1.429419,1.429419
2026-09-14T11:00,2026-09-27,2026-09-27-36305712086,india,28717c1f0d0b179a389304e8f8e583e24239c8863676171aa3be262869c77a3f,False,,0.0,1.25,1.427791,1.427791
2026-09-14T11:00,2026-09-27,2026-09-27-36305712086,india,299159f48333fbcba861499ab9a4498a15e9f4da7d5c6f2cc2dfce394dd2e976,False,,0.0,1.25,1.42768,1.42768
2026-09-14T11:00,2026-09-27,2026-09-27-36305712086,india,cec021138555997e80c909ac0cc41952d32e8fb53b8b41315b640f1a3ff1c5d3,False,,0.0,1.25,1.427019,1.427019
2026-09-14T11:00,2026-09-27,2026-09-27-36305712086,india,ae0c2b860c1ccd18745d08c6d9d2647f111c6836f3b41f75fe7b9e15739b2c61,False,,0.0,1.25,1.426686,1.426686
2026-09-14T11:00,2026-09-27,2026-09-27-36305712086,india,83b3da1458ba335643e92480b8d39d391625a2c92251e4d31ff2b98950b2557e,False,,0.0,1.25,1.426581,1.426581
2026-09-14T11:00,2026-09-27,2026-09-27-36305712086,india,e5000eec56db71815192ca3870a3aa1b98be9cfce25528f490a9b69aa96fc3e2,False,,0.0,1.25,1.426538,1.426538
2026-09-14T11:00,2026-09-27,2026-09-27-36305712086,india,6405d0ae925e83899cce7688dc486640550c98d6f5e2de2db4bb3dc41d38fa42,False,,0.0,1.25,1.424034,1.424034
2026-09-14T11:00,2026-09-27,2026-09-27-36305712086,india,79566012f3fb36ec2a9eea33331026c5c189abc95cab9f0520a448b261c3a4c2,False,,0.0,1.25,1.423886,1.423886
2026-09-14T11:00,2026-09-27,2026-09-27-36305712086,india,3f91360c576ff504d61972d2bc03a1cb0ed8d880721ff92d914edbddad7eaf4a,True,,0.0,1.25,1.416615,1.416615
2026-09-14T11:00,2026-09-27,2026-09-27-36305712086,india,3f9c195ed00b03a1bfca7aa69b6603377d6db09dfeac13ae547584f19b8fca7c,False,,0.0,1.25,1.414118,1.414118
2026-09-14T11:00,2026-09-27,2026-09-27-36305712086,india,a60e59f6f37a7261de2fc30dcba2a046b5685ac7534e8d1644469d33b4ce4852,True,trade,0.3,1.25,1.412019,1.487019
2026-09-14T11:00,2026-09-27,2026-09-27-36305712086,india,9a5c681ca30904e443f16e485033d5e2a9a844b373bc76080f459db10be26db0,False,,0.0,1.25,1.407943,1.407943
2026-09-14T11:00,2026-09-27,2026-09-27-36305712086,india,cee8a5c1957811f3a68ab964d350a4c64adb795738df1b5d6ba99a5a047ee636,False,,0.0,1.25,1.407907,1.407907
2026-09-14T11:00,2026-09-27,2026-09-27-36305712086,india,5d41f04be9d35aa28812321189469a8249185b2bbb7560e6360d53ba7a25413b,True,,0.0,1.25,1.190323,1.190323
2026-09-14T11:00,2026-09-27,2026-09-27-36305712086,india,242956a6e9f178cf2498a63bfc3031ea5b72003b97c7fb5997b82355d7ea3c63,True,,0.0,1.25,1.187476,1.187476
2026-09-14T11:00,2026-09-27,2026-09-27-36305712086,india,c10cf04a10ac39704a42de2c2d04393736ac7f8f737b04fd9d6d7b8b58186ef5,True,,0.0,1.25,1.186051,1.186051
2026-09-14T11:00,2026-09-27,2026-09-27-36305712086,india,b0c2e88daaddf359f8cc2bbea1bf11e0d2427623c6f28648d9a048624b94e4b2,True,,0.0,1.25,1.184993,1.184993
2026-09-14T11:00,2026-09-27,2026-09-27-36305712086,india,e06c721b051eee70c7c232f4979f4a27ed372dc41942260f20dbd4f5c33e61f0,True,,0.0,1.25,1.182171,1.182171
2026-09-14T11:00,2026-09-27,2026-09-27-36305712086,india,6f784363a7559b85a3f4c6e302eef63e9aa2b74d30f8c6d79341cf8f1bcb1b4a,True,,0.0,1.25,1.181922,1.181922
2026-09-14T11:00,2026-09-27,2026-09-27-36305712086,india,b6b679d0bdb08abb563790d23718e31938bdb75fd3afabf48cd3346d3e244102,True,,0.0,1.25,1.181139,1.181139
2026-09-14T11:00,2026-09-27,2026-09-27-36305712086,india,c0318df565424bb9b8e944e75bac7622a587e064522755bcac1f5e5174aa2a1e,True,,0.0,1.25,1.177211,1.177211
2026-09-14T11:00,2026-09-27,2026-09-27-36305712086,india,f186b7c00014f2db573d235478db5052f94b66077a96145f997da74ec52ea7df,True,,0.0,1.25,1.175971,1.175971
2026-09-14T11:00,2026-09-27,2026-09-27-36305712086,india,e788f93ba8860dce6832bbbab453e044586f73f5a9859aee093b2ac99844c5cb,True,,0.0,1.25,1.174399,1.174399
2026-09-14T11:00,2026-09-27,2026-09-27-36305712086,india,9840de87ca5a71b7de90c19966cc513c8c819a2311ba48d5485660750ff28798,True,,0.0,1.25,1.172311,1.172311
2026-09-14T11:00,2026-09-27,2026-09-27-36305712086,india,f3614d6649ec4f01331398301de17a0c7c2ad4b3b6feffba2f99ec375278e018,True,,0.0,1.25,1.167537,1.167537
2026-09-14T11:00,2026-09-27,2026-09-27-36305712086,india,15945fd61e888bd82eeea05ce1ec5f07f21b65219b1f2e70f43174a282e87950,True,,0.0,1.25,1.062124,1.062124
2026-09-14T11:00,2026-09-27,2026-09-27-36305712086,india,42b57fb601493b049db05299f6cd9c285fa7643966e2ad7a9cd5998fdea19c3f,True,,0.0,1.25,0.986967,0.986967
2026-09-14T11:00,2026-09-27,2026-09-27-36317957358,ai,6316a6df512b66928c799736bd91be8506875c7fe3a5856da4129bf8aabcbffb,True,,0.0,1.25,1.552585,1.552585
2026-09-14T11:00,2026-09-27,2026-09-27-36317957358,ai,49fe854c551383a5219c3178a22880f366e09cc76c79c68049c0d36ffbe2640e,True,,0.0,1.25,1.492297,1.492297
2026-09-14T11:00,2026-09-27,2026-09-27-36317957358,ai,0e79d11a2cd328d3405a940cae1f7db457f7f790511b70e941607f949258e6ab,False,,0.0,1.25,1.406077,1.406077
2026-09-14T11:00,2026-09-27,2026-09-27-36317957358,ai,721c0a6826dbc8238119113cb057c8ac3e5729b05ca2df564cb87dd461b7b5cc,True,,0.0,1.25,1.334957,1.334957
2026-09-14T11:00,2026-09-27,2026-09-27-36317957358,ai,5bfd36bb95454daeb3f79659db643809aaaba95a243ae877255ee59080e0ac72,True,,0.0,1.25,1.334957,1.334957
2026-09-14T11:00,2026-09-27,2026-09-27-36317957358,ai,040789c0d6915d773cf1c7e77ce4838a671bc5eece6f1b5b1bbd40e3e932a2d1,True,,0.0,1.25,1.174298,1.174298
2026-09-14T11:00,2026-09-27,2026-09-27-36317957358,ai,6724fb5f90329f1d8d790bd1be1740d7fc33fa217ec5198d900e8909a9e5a23d,True,,0.0,1.25,1.131716,1.131716
2026-09-14T11:00,2026-09-27,2026-09-27-36317957358,ai,c6c7773140aee87d2908292d236d4ee6e9bfafd27d3a348df1b5ee26d1ca3b28,True,,0.0,1.25,1.121571,1.121571
2026-09-14T11:00,2026-09-27,2026-09-27-36317957358,ai,8cc0ce830d29369ea36176f0ca7c5b83a2be8d17f47048c04db33c856322afff,False,,0.0,1.25,0.948282,0.948282
2026-09-14T11:00,2026-09-27,2026-09-27-36317957358,energy,c9b0133ad1869e2eb05011007cc39e47bf580600b50d1cbc9828b8b4a79c701a,True,,0.0,1.25,1.131711,1.131711
2026-09-14T11:00,2026-09-27,2026-09-27-36317957358,energy,20736924417aae9b70fd30e8b39f76773fe8cf15146c8187dab1da2eaf0d0fcf,True,,0.0,1.25,1.130007,1.130007
2026-09-14T11:00,2026-09-27,2026-09-27-36317957358,energy,6746a9a856699b8a5d0d64bd1fd116b084050ec788d974537de914a0cf698258,True,,0.0,1.25,0.902649,0.902649
2026-09-14T11:00,2026-09-27,2026-09-27-36317957358,energy,98d4dcc2d41c77c30709cf807c38cbb0aa9c7a0a5199ae08df2a1e52082ac8f4,False,,0.0,1.25,0.846149,0.846149
2026-09-14T11:00,2026-09-27,2026-09-27-36317957358,energy,7c725f84308c13c500708a120986a48998992bee59fa53d0185f0dbf54bf6a9f,False,,0.0,1.25,0.827112,0.827112
2026-09-14T11:00,2026-09-27,2026-09-27-36317957358,energy,5b75337da681205421aeb7f1db1786c4d83f18cf9e7d0fe8c24d0dadbeb6b67c,False,,0.0,1.25,0.823203,0.823203
2026-09-14T11:00,2026-09-27,2026-09-27-36317957358,energy,75709f4bcec1aaac816633263604c2709e5fef78af6402716ca1ba720ffd4f48,False,,0.0,1.25,0.555985,0.555985
2026-09-14T11:00,2026-09-27,2026-09-27-36317957358,energy,6e579ffe3c35a5a1f7b7bca9a73ce66c23efa3284dcf2feb2264900eda840a35,False,,0.0,1.25,0.553047,0.553047
2026-09-14T11:00,2026-09-27,2026-09-27-36317957358,energy,2eb800581f263eea800b62380bd4e9d59f40d1d6733e76d59e5ae07dc3141f7d,False,,0.0,1.25,0.539533,0.539533
2026-09-14T11:00,2026-09-27,2026-09-27-36317957358,business-economy,556605671f875452bae72eb9301a0888da8a5ed5e9ed45eeb9ec090e2fa6e6fa,True,trade,0.3,1.25,1.474402,1.549402
2026-09-14T11:00,2026-09-27,2026-09-27-36317957358,business-economy,9be6499abf66d729122941854797f6ed5f8e632441b4a9880497d7e85aa056ad,True,,0.0,1.25,1.2,1.2
2026-09-14T11:00,2026-09-27,2026-09-27-36317957358,business-economy,5fa62c0a5cc20c6722e67def222906f9ae3b01f3bba39fe39f1190457196c015,True,,0.0,1.25,1.182645,1.182645
2026-09-14T11:00,2026-09-27,2026-09-27-36317957358,business-economy,fd23468e001e805c3df16cd1a5d0c8b355e01ee38c0bc280438e16b573b6861b,False,,0.0,1.25,1.18135,1.18135
2026-09-14T11:00,2026-09-27,2026-09-27-36317957358,business-economy,996b454a26ca86a89d0c112f8bf6777cc6b48826adaba9fc25c021e373eb7719,False,,0.0,1.25,1.180312,1.180312
2026-09-14T11:00,2026-09-27,2026-09-27-36317957358,business-economy,fa7b3fd0683eff0772d54a09d8a9ec23bfbf3b5af2b3d280a3492fb0aed20126,True,,0.0,1.25,1.176174,1.176174
2026-09-14T11:00,2026-09-27,2026-09-27-36317957358,business-economy,33177c64c61714d0c9e7eb1c940e407378b9a660b7fa58376f393b56c08c4ac6,True,,0.0,1.25,1.17594,1.17594
2026-09-14T11:00,2026-09-27,2026-09-27-36317957358,business-economy,6062330973b311ac066d8920b03cb04bffd68bfcf6f8b384ad1daf5e05d1ba52,True,,0.0,1.25,1.175749,1.175749
2026-09-14T11:00,2026-09-27,2026-09-27-36317957358,business-economy,040789c0d6915d773cf1c7e77ce4838a671bc5eece6f1b5b1bbd40e3e932a2d1,False,,0.0,1.25,1.174298,1.174298
2026-09-14T11:00,2026-09-27,2026-09-27-36317957358,business-economy,f7e55721803c857a1303b0f66592d6b15cce68ed4d36ff6661c3fe225c7ea067,False,,0.0,1.25,1.16375,1.16375
2026-09-14T11:00,2026-09-27,2026-09-27-36317957358,business-economy,fd3112a650cd95da3046c3ec03d0bb08e555a4e174839f9769e0bc52d5305412,False,,0.0,1.25,1.16337,1.16337
2026-09-14T11:00,2026-09-27,2026-09-27-36317957358,business-economy,48726af06ca27fe51cc41ebed824f86f1f638a0e86ac341dd82b06420dffaee8,True,,0.0,1.25,1.16201,1.16201
2026-09-14T11:00,2026-09-27,2026-09-27-36317957358,business-economy,125d012b8423b13739411f6b1bf2d70dc609ac3a4ba64b4e9e234fe25f0cad31,False,,0.0,1.25,1.159138,1.159138
2026-09-14T11:00,2026-09-27,2026-09-27-36317957358,business-economy,59bd14a6b27a66f71fa38fca0ded7aa03a331257c1876b3da433a5a95ca99a66,False,,0.0,1.25,1.153135,1.153135
2026-09-14T11:00,2026-09-27,2026-09-27-36317957358,business-economy,6ed340027cf2f3a6f4975a247c67234e6a6308d9a73b4ed9e0db49286d566d76,False,,0.0,1.25,1.152609,1.152609
2026-09-14T11:00,2026-09-27,2026-09-27-36317957358,business-economy,4300ab65b636d797bbb019660046134ce77b897eddb8d0cf167aa1dd87533af4,False,,0.0,1.25,1.152355,1.152355
2026-09-14T11:00,2026-09-27,2026-09-27-36317957358,business-economy,fd8c6087f695cf9f60d5f7106d94995e2240cd03fc12c3a0eb6caaecbaf4e5df,False,,0.0,1.25,1.147754,1.147754
2026-09-14T11:00,2026-09-27,2026-09-27-36317957358,business-economy,0292d188874a4f0cd199fffbd3cade1a6608b27165fbac8be246e8a2d1f4d9ba,False,,0.0,1.25,1.14694,1.14694
2026-09-14T11:00,2026-09-27,2026-09-27-36317957358,business-economy,d82d5cdb192d9ea41e8e802e2506997ab1effd7703f5580a54eca5126a943e11,False,,0.0,1.25,1.142088,1.142088
2026-09-14T11:00,2026-09-27,2026-09-27-36317957358,business-economy,17dc70f32820a15f0c27f48eb227ca978ce82eac05cb846f63ceac8005fe3c47,False,,0.0,1.25,1.138447,1.138447
2026-09-14T11:00,2026-09-27,2026-09-27-36317957358,business-economy,874727c737736c1abeb0cdf3500b2170919326adc2ac963a24902181dce60456,False,,0.0,1.25,1.131733,1.131733
2026-09-14T11:00,2026-09-27,2026-09-27-36317957358,business-economy,6724fb5f90329f1d8d790bd1be1740d7fc33fa217ec5198d900e8909a9e5a23d,False,,0.0,1.25,1.131716,1.131716
2026-09-14T11:00,2026-09-27,2026-09-27-36317957358,business-economy,b702196d6ab72b67389debd22d686eba84490eaa71974bdbd47e94e1080daba8,False,,0.0,1.25,1.131586,1.131586
2026-09-14T11:00,2026-09-27,2026-09-27-36317957358,business-economy,09006fb7e33bd4393a13a86799998711fc761c73fa4132ebdf150a330cfcea17,False,,0.0,1.25,1.128236,1.128236
2026-09-14T11:00,2026-09-27,2026-09-27-36317957358,business-economy,c0117481ec07c3d86fc4582eef9e5aa236e5885e11a7f54e3ffe77c29e354d5e,False,,0.0,1.25,1.128151,1.128151
2026-09-14T11:00,2026-09-27,2026-09-27-36317957358,business-economy,78efa66b8e897b576aec207d0888058bdacfb529d2ad0d9ba6ce9374658a1ef9,False,,0.0,1.25,1.123387,1.123387
2026-09-14T11:00,2026-09-27,2026-09-27-36317957358,business-economy,634986f16cc0392044741bcc6698b4764c0720f6e00568f01ab824d35c3e786c,False,,0.0,1.25,1.12161,1.12161
2026-09-14T11:00,2026-09-27,2026-09-27-36317957358,business-economy,e0a985a2b1d9b6cd13ecaf7ff2af238624de76ec21b4bf07c8a1068905367b8b,True,,0.0,1.25,1.051591,1.051591
2026-09-14T11:00,2026-09-27,2026-09-27-36317957358,world,2db04c30b62f8e8988b6ee88fb535385b4d82c7b3ecbcf413039ba4347b55552,True,,0.0,1.25,1.658725,1.658725
2026-09-14T11:00,2026-09-27,2026-09-27-36317957358,world,e5139a6bdad7f48cdc98bf342c470a908449870a53788c2f9c23aa9e43f8234f,True,,0.0,1.25,1.41182,1.41182
2026-09-14T11:00,2026-09-27,2026-09-27-36317957358,world,8b4d222ef69e6dd72b2a5862b812af40d30b00839b561bfeb9fd028300ba13a4,True,,0.0,1.25,1.371249,1.371249
2026-09-14T11:00,2026-09-27,2026-09-27-36317957358,world,47e92313b372ed0b47bfcb52cc245c10a7af61a785669484dd292ae8dde1c4ec,False,,0.0,1.25,1.309836,1.309836
2026-09-14T11:00,2026-09-27,2026-09-27-36317957358,world,b76f275474a77f3b8b50b66dee03eed2a85aa90145d24dc2036cc10e6b1533fa,False,,0.0,1.25,1.304891,1.304891
2026-09-14T11:00,2026-09-27,2026-09-27-36317957358,world,59c2edca2a5bfa35dda1c1dc28c05a15fd3654923fd7ab306d418338e6447b0b,False,,0.0,1.25,1.304856,1.304856
2026-09-14T11:00,2026-09-27,2026-09-27-36317957358,world,d67c9733845731e3365ec83d3f4cf5d3cecab8e88ee8cd7a7dd12c630cb97b48,False,,0.0,1.25,1.304816,1.304816
2026-09-14T11:00,2026-09-27,2026-09-27-36317957358,world,d5accf6d1e3a02cb76d2fe51c1e12eccf905c681c347d3465cef89355f1c0c00,False,,0.0,1.25,1.304764,1.304764
2026-09-14T11:00,2026-09-27,2026-09-27-36317957358,world,65dc8916b9f69b728b36dc993dd64f048a0854893619a1fe26ff20122d08ec83,False,,0.0,1.25,1.271204,1.271204
2026-09-14T11:00,2026-09-27,2026-09-27-36317957358,world,ea4219a77b10d1e9ba7741e90dc2e45f6ea9b91183006ddfb1a655d150ae9fec,False,,0.0,1.25,1.257228,1.257228
2026-09-14T11:00,2026-09-27,2026-09-27-36317957358,world,dc0e4855b982d14f455f263b48677ba6239c9533b6cd4e665e8faf9fd8f57cc5,False,,0.0,1.25,1.253953,1.253953
2026-09-14T11:00,2026-09-27,2026-09-27-36317957358,world,640327e69a7178db86cd7d7f721a3107c14c81a02d3d4c582754dbaa4feb7642,False,,0.0,1.25,1.2504,1.2504
2026-09-14T11:00,2026-09-27,2026-09-27-36317957358,world,2c934ac05cd9ebebc0499453a0300eaefd14ccddf7c1e66b77be58532a14cbca,False,,0.0,1.25,1.248062,1.248062
2026-09-14T11:00,2026-09-27,2026-09-27-36317957358,world,2ecc84d5133fa9f541f81781957b7204fc1cf5e54c15452c9af759312107e6d2,False,,0.0,1.25,1.247503,1.247503
2026-09-14T11:00,2026-09-27,2026-09-27-36317957358,world,9f128c0a42e69790b99ccc0d26102c775b1107a7e262a83e9a08b018d02df5bf,True,,0.0,1.25,1.194531,1.194531
2026-09-14T11:00,2026-09-27,2026-09-27-36317957358,world,01a9d4cff8d569dd3be39b53f99f7b96c38afc54169dece3ac5d5e099be64ba4,True,,0.0,1.25,1.192544,1.192544
2026-09-14T11:00,2026-09-27,2026-09-27-36317957358,world,9650d5597067fe52ddfb2309feea8afbe1b185f3df8561c24f9e38dc9c26d7b8,True,,0.0,1.25,1.192477,1.192477
2026-09-14T11:00,2026-09-27,2026-09-27-36317957358,world,0bae4e122e342e9f3248d4dcb677efb2dd1e5540ecd0b721d9c668a6cd37179e,True,,0.0,1.25,1.190069,1.190069
2026-09-14T11:00,2026-09-27,2026-09-27-36317957358,world,35c9faaf8ee1f798d254cdb7f3bae8672e6cf6f8ac4dd9ff5ff3de8ff812430f,True,,0.0,1.25,1.18997,1.18997
2026-09-14T11:00,2026-09-27,2026-09-27-36317957358,world,a5058d3deec9f1c212f215259093b37a8ffe74c2535d3a1396337f84edc00c3d,True,,0.0,1.25,1.189453,1.189453
2026-09-14T11:00,2026-09-27,2026-09-27-36317957358,world,34c26e4491a305d0367cfd1e29cd295c4319b8c919c91b6782de7120c4ecf200,True,,0.0,1.25,1.189352,1.189352
2026-09-14T11:00,2026-09-27,2026-09-27-36317957358,world,eeab80635b01c3de3797027317585ccc18c586cc8178999f608a1c77cc9d76ca,True,,0.0,1.25,1.188476,1.188476
2026-09-14T11:00,2026-09-27,2026-09-27-36317957358,world,3cffc305aad9030d914a9d38bc0b8906a8e52579678a2053f02b166ae32d8e98,True,,0.0,1.25,1.187256,1.187256
2026-09-14T11:00,2026-09-27,2026-09-27-36317957358,world,93708d268da5ef466baccdcf6d35bfb35cfba1e7f0e19615d039e92fdace96b1,True,,0.0,1.25,1.186842,1.186842
2026-09-14T11:00,2026-09-27,2026-09-27-36317957358,world,c1887b3d713209920c98985bd73bc13e0aba7ff183f799ef3410b5fea4607922,True,,0.0,1.25,1.185694,1.185694
2026-09-14T11:00,2026-09-27,2026-09-27-36317957358,world,cd065d93b66d1136945cd5eef558c6b641e082d07082e76a724628a2b49f8de0,True,,0.0,1.25,1.183343,1.183343
2026-09-14T11:00,2026-09-27,2026-09-27-36317957358,world,8f4b84d21ee7b815e10c9a5d013e7ac2f03d69794c6b00012e952b9ef6d58180,False,,0.0,1.25,1.182284,1.182284
2026-09-14T11:00,2026-09-27,2026-09-27-36317957358,world,28633f3de010793e4befad40076ebe284621a1cc22c39782816d14913f0c90c9,False,,0.0,1.25,1.177822,1.177822
2026-09-14T11:00,2026-09-27,2026-09-27-36317957358,world,62331ad30179782561cb479e458eee424b74b86a39c510ebf024608d17725ba0,False,,0.0,1.25,1.174304,1.174304
2026-09-14T11:00,2026-09-27,2026-09-27-36317957358,world,f187a7ec9beb98f03763cf82cc285723073e81aa7d8b1179c6d6dce7e26a3208,False,,0.0,1.25,1.174298,1.174298
2026-09-14T11:00,2026-09-27,2026-09-27-36317957358,world,040789c0d6915d773cf1c7e77ce4838a671bc5eece6f1b5b1bbd40e3e932a2d1,False,,0.0,1.25,1.174298,1.174298
2026-09-14T11:00,2026-09-27,2026-09-27-36317957358,world,3e4e1412804b641c73547fdd3b7c3cc9dd3c5042acb78f61b4745095ef2733f0,False,,0.0,1.25,1.173751,1.173751
2026-09-14T11:00,2026-09-27,2026-09-27-36317957358,world,85fa0005d4da4a4475d9947274f2a73af329ca7f0a5b73aee498a15f5e56fa9f,True,,0.0,1.25,1.172807,1.172807
2026-09-14T11:00,2026-09-27,2026-09-27-36317957358,world,7070ac5c7ec76d7ee917478a29e2ce3e2512771d663e4c4938951365a0354913,True,,0.0,1.25,1.16707,1.16707
2026-09-14T11:00,2026-09-27,2026-09-27-36317957358,world,02cb23defd3b0a2949a38da750ff6f2402f5a473d0c89fbfdca0481182c54ca4,False,,0.0,1.25,1.166111,1.166111
2026-09-14T11:00,2026-09-27,2026-09-27-36317957358,world,c30ba7a01db1d549e0a7b1ce5d6599387adce0e5d357a712f094dc44fe39d526,True,,0.0,1.25,1.163099,1.163099
2026-09-14T11:00,2026-09-27,2026-09-27-36317957358,world,e8921104c05b53d878b6037d659f6474468bcf4305ea33982a18f83e9fb2131c,False,,0.0,1.25,1.162978,1.162978
2026-09-14T11:00,2026-09-27,2026-09-27-36317957358,world,713528e5baca3e1f008fce460b5722c26c7262a2512aeda5a9ed2f2b2d1289e7,False,,0.0,1.25,1.162924,1.162924
2026-09-14T11:00,2026-09-27,2026-09-27-36317957358,world,7be075edcd47a8c10d55ae8d09f064753760b5b412a45cdbd421715b14c502b1,True,,0.0,1.25,1.156078,1.156078
2026-09-14T11:00,2026-09-27,2026-09-27-36317957358,world,db9cb4895f8ac575112029867ad43cd04430cf8fbd6a81a0c3762836ffb8a212,True,,0.0,1.25,1.152798,1.152798
2026-09-14T11:00,2026-09-27,2026-09-27-36317957358,world,3f75cfaf940be4f8a8bb5da4aee28590dccb7b62e3498e1609de5ce1322bdd74,True,,0.0,1.25,1.14649,1.14649
2026-09-14T11:00,2026-09-27,2026-09-27-36317957358,world,5f99486fb1898a4867866b3d015029608284792ec9721c20d356cac046b5837e,True,,0.0,1.25,1.136734,1.136734
2026-09-14T11:00,2026-09-27,2026-09-27-36317957358,world,64b8f7dd62885eb7cec3dc7329daaae3471d8e8d021f36621003a92de76c153f,True,,0.0,1.25,1.128309,1.128309
2026-09-14T11:00,2026-09-27,2026-09-27-36317957358,world,fef9dcaa02989025da7a4b59342ea872a97e48e518dae6c44d8dd0b59e23b63f,True,,0.0,1.25,1.12393,1.12393
2026-09-14T11:00,2026-09-27,2026-09-27-36317957358,world,d9d11cae9de5c0ae4173a70734eaf1effc0e89141ac340daf91cee8be3226edd,True,,0.0,1.25,1.115782,1.115782
2026-09-14T11:00,2026-09-27,2026-09-27-36317957358,world,9cdaaf649e60398be6d95c1876e1f2703d869a3c7b6b9cb4e595ddd7dc3b9d62,True,,0.0,1.25,1.113928,1.113928
2026-09-14T11:00,2026-09-27,2026-09-27-36317957358,world,e9449f31a706b490f89c8d0ee8e58c7bef87963103e4468a695bbe6b114153fc,True,,0.0,1.25,1.113269,1.113269
2026-09-14T11:00,2026-09-27,2026-09-27-36317957358,world,89e8dd10c634651960dd0143f78e551814888e8b635d341802e898fc96bfaf24,True,,0.0,1.25,1.038587,1.038587
2026-09-14T11:00,2026-09-27,2026-09-27-36317957358,world,76ed6edef46966530acdac64abd6ef755a75d10906a0efdf2a3abf2240fbf980,True,,0.0,1.25,1.038587,1.038587
2026-09-14T11:00,2026-09-27,2026-09-27-36317957358,india,6d150984dc3485b62440fbf257a2ee37a35a0c9c1ea9a5b58d40e674695a7850,True,,0.0,1.25,1.647004,1.647004
2026-09-14T11:00,2026-09-27,2026-09-27-36317957358,india,f4aa53c8b96bf242d15905c8177cc48be6644dcbfd69c58a7fce30d33b92ae2f,True,,0.0,1.25,1.644535,1.644535
2026-09-14T11:00,2026-09-27,2026-09-27-36317957358,india,ccc5fac81ab407d6bd03511c0b940087a468bfd164c3568676cfcdb366ff2f96,False,,0.0,1.25,1.640444,1.640444
2026-09-14T11:00,2026-09-27,2026-09-27-36317957358,india,a8e15a55183ed289b267fa2f97c0ac58b9ecf8de33df12acee9bfa94dd51e590,False,,0.0,1.25,1.638073,1.638073
2026-09-14T11:00,2026-09-27,2026-09-27-36317957358,india,b392f421108aa3d47788edc266f0e3c884cf654cd8552db6ded077f56364ef4f,True,,0.0,1.25,1.550301,1.550301
2026-09-14T11:00,2026-09-27,2026-09-27-36317957358,india,76e494b14adafe49654ed765330f3d104857461b73cae6f1b8c06a4c489783e5,True,,0.0,1.25,1.52874,1.52874
2026-09-14T11:00,2026-09-27,2026-09-27-36317957358,india,5e813293c5f023050b053cac031e118ddfb675e3ee911985c2fb80302c88ab82,False,trade,0.3,1.25,1.464879,1.539879
2026-09-14T11:00,2026-09-27,2026-09-27-36317957358,india,1229f29672a6d4bacc1922b13ca7f11b668694cb1fc50ef379c08f5f085ad068,True,chips,0.3,1.25,1.46445,1.53945
2026-09-14T11:00,2026-09-27,2026-09-27-36317957358,india,81addeeff80d260716a9ecfaffdb80beed8bea808e0f203d61b335b9365bde07,True,,0.0,1.25,1.446889,1.446889
2026-09-14T11:00,2026-09-27,2026-09-27-36317957358,india,caa3c84027430eefebc24506ff49602014f2f38adf50c3842a7999ce77622795,True,,0.0,1.25,1.446295,1.446295
2026-09-14T11:00,2026-09-27,2026-09-27-36317957358,india,81f18058513fadb971157b7def2883ebb14cca9fd85bdbbc9832fc379695b1d7,False,,0.0,1.25,1.445989,1.445989
2026-09-14T11:00,2026-09-27,2026-09-27-36317957358,india,299159f48333fbcba861499ab9a4498a15e9f4da7d5c6f2cc2dfce394dd2e976,False,,0.0,1.25,1.445703,1.445703
2026-09-14T11:00,2026-09-27,2026-09-27-36317957358,india,fadc3a34e8f767b1546bb3ef7e932ccc0c8ca3c5c047e462ddb6c22075ae4ad7,False,,0.0,1.25,1.44401,1.44401
2026-09-14T11:00,2026-09-27,2026-09-27-36317957358,india,300fe9dd396ed48123ed41fa2784a7d317423d75dc8fc8f92463c97ef8992997,False,,0.0,1.25,1.443248,1.443248
2026-09-14T11:00,2026-09-27,2026-09-27-36317957358,india,5edafee4ee47d7a90b84e43e67e598fdc6a5ccc84f565b7b4cd934777d35a194,False,,0.0,1.25,1.439932,1.439932
2026-09-14T11:00,2026-09-27,2026-09-27-36317957358,india,81029b2f521cabbe220f1ba1422f5fe35023aa90bb3c4f624eb1912ee1aa1fbd,False,,0.0,1.25,1.439509,1.439509
2026-09-14T11:00,2026-09-27,2026-09-27-36317957358,india,52c4c1cd98e2dfdad5920dbdaf16d3215c43e1d7e539b05af7462c24412d4cca,True,,0.0,1.25,1.435118,1.435118
2026-09-14T11:00,2026-09-27,2026-09-27-36317957358,india,6208fbd16ba9bf59d08815c88c65cda46ea9d6d70ed16ae4ab6c567fc50d4312,False,,0.0,1.25,1.432707,1.432707
2026-09-14T11:00,2026-09-27,2026-09-27-36317957358,india,11f39c8af05d5c9769d0e8070ffdd09017f7b776f1a7f5404db9634ec9040179,False,,0.0,1.25,1.432433,1.432433
2026-09-14T11:00,2026-09-27,2026-09-27-36317957358,india,66bc0babf659a47f3e4078c1888a0e72fa97c82fbfb72ea5cad74768464439f8,False,,0.0,1.25,1.430834,1.430834
2026-09-14T11:00,2026-09-27,2026-09-27-36317957358,india,5a77955723300ad190cd103695e2d5b2b6619ce3ba07fdfdba580ad0112d532f,False,,0.0,1.25,1.428893,1.428893
2026-09-14T11:00,2026-09-27,2026-09-27-36317957358,india,ba6bebcb6f061d8a46e70627111902a848f2e9ef92dd3aff313308fa5f23e1fd,True,,0.0,1.25,1.425312,1.425312
2026-09-14T11:00,2026-09-27,2026-09-27-36317957358,india,295cb2ad820b28ca96fa137dafca794eae78ff77be678950dd6908d4cd5f0aca,False,,0.0,1.25,1.424421,1.424421
2026-09-14T11:00,2026-09-27,2026-09-27-36317957358,india,ccdeeb982c448d5294479286518dde5c43ac283c3226192e5cad319c9698e366,False,,0.0,1.25,1.423494,1.423494
2026-09-14T11:00,2026-09-27,2026-09-27-36317957358,india,acfe311f58f15ac35a0b8e2a65ff34bfe4c93b8a22e7c45054766a68c3a78b16,False,,0.0,1.25,1.421222,1.421222
2026-09-14T11:00,2026-09-27,2026-09-27-36317957358,india,951affd25a362946d3e3166675d76092396033ba953e78bdbc1bf4b56b122dad,False,,0.0,1.25,1.4191,1.4191
2026-09-14T11:00,2026-09-27,2026-09-27-36317957358,india,7943e38e215945343a1d03dbfdf6e8978dfda5193c5823d2ab870f90c8958d37,False,,0.0,1.25,1.418704,1.418704
2026-09-14T11:00,2026-09-27,2026-09-27-36317957358,india,06f6d35edb1750e3da998587377695fb1116bd594b1319d9bae238acf4174dd8,False,,0.0,1.25,1.416913,1.416913
2026-09-14T11:00,2026-09-27,2026-09-27-36317957358,india,0f6bc99c0b87a64b03e0d93e2386c80004ca2b32fc4c8b733e4d98fc164c2c4d,False,,0.0,1.25,1.416264,1.416264
2026-09-14T11:00,2026-09-27,2026-09-27-36317957358,india,2500b5543c74262e11013a17b1337920a8d085deb6bc3aa4bf3700d12dd4706e,True,,0.0,1.25,1.199589,1.199589
2026-09-14T11:00,2026-09-27,2026-09-27-36317957358,india,a5dd7569f95eed460d670a5a0b162b064c14b67a7ff7520b5f456a6ecefe9b46,True,,0.0,1.25,1.199275,1.199275
2026-09-14T11:00,2026-09-27,2026-09-27-36317957358,india,ac8bccb4b85338330cdab673b2bb7bab9fd6ce9078755ee01dbd9a4e4dd1cee5,True,,0.0,1.25,1.196825,1.196825
2026-09-14T11:00,2026-09-27,2026-09-27-36317957358,india,d446dafb8ecc8020a8065317572d68201c37cd43cb245e177bf1baac608606f8,True,,0.0,1.25,1.194868,1.194868
2026-09-14T11:00,2026-09-27,2026-09-27-36317957358,india,baa8b50666edeb4a936ca3e14088189d891b39049c2987bdcbccff6ab1349135,True,,0.0,1.25,1.194372,1.194372
2026-09-14T11:00,2026-09-27,2026-09-27-36317957358,india,b1a2e7ada2564d7279bc95afe112607790332335b1e880f0179052fc243719cb,True,,0.0,1.25,1.194156,1.194156
2026-09-14T11:00,2026-09-27,2026-09-27-36317957358,india,c71e8b2562fa6a6ca2949e6bc4eaf04eee9523992ae8587b1401af60eaf3eb01,True,,0.0,1.25,1.194042,1.194042
2026-09-14T11:00,2026-09-27,2026-09-27-36317957358,india,88949bd2b78819f12b82fe8ed0792dabf3642d27dc7cf10fe54f6b5a4bdda285,True,,0.0,1.25,1.193216,1.193216
2026-09-14T11:00,2026-09-27,2026-09-27-36317957358,india,3d3d98199e3f302aba43b8ea55f10dfaa3a3e2c07ded681bfd780db7b9a9a82d,True,,0.0,1.25,1.192969,1.192969
2026-09-14T11:00,2026-09-27,2026-09-27-36317957358,india,701ebbaa3f7b3b641468644f81e107753e279505d4fb1fb1257519ecfef1dd55,True,,0.0,1.25,1.189957,1.189957
2026-09-14T11:00,2026-09-27,2026-09-27-36317957358,india,8623fd7196b5809b96349680e66dec4effd31f526a695a50aee719adf6b3b1b4,True,,0.0,1.25,1.188432,1.188432
2026-09-14T11:00,2026-09-27,2026-09-27-36317957358,india,6b7618631ed11bc1141998dec682ecddbb97749d0bc79bb101f0ff6e4ec69b2f,True,,0.0,1.25,1.186302,1.186302
2026-09-14T11:00,2026-09-27,2026-09-27-36317957358,india,5054b6392015a5baac93dcf00dcf015aac320773b42cd296ffd993a64cfe1801,True,,0.0,1.25,1.181834,1.181834
2026-09-14T11:00,2026-09-27,2026-09-27-36317957358,india,8f96ddff4a4844fca4cfc796f72614d2a904b0a19ec809f1f944de76c83bc06e,True,,0.0,1.25,1.1796,1.1796
2026-09-14T11:00,2026-09-27,2026-09-27-36317957358,india,f8bd2a050fa73a1f5cd9aa8dd3165340228ded7ade0d6f360da8a355d813a23a,True,,0.0,1.25,1.178719,1.178719
2026-09-14T11:00,2026-09-27,2026-09-27-36317957358,india,32ec3f0e23c3caea807cf0d9a9bea1efd283a54239c639fc02938affdd69aca4,True,,0.0,1.25,1.170801,1.170801
2026-09-14T11:00,2026-09-27,2026-09-27-36317957358,india,192872e2a63c1629452e71d0bf4a96c0715441a1591f4606e25814ff7987777d,True,,0.0,1.25,1.168942,1.168942
2026-09-14T11:00,2026-09-27,2026-09-27-36317957358,india,7289ca1d42798bb426b4559d7cb8ef1293a02d2414cba06e5475fd4f648056aa,True,,0.0,1.25,1.16369,1.16369
2026-09-14T11:00,2026-09-27,2026-09-27-36317957358,india,d29dcde57f439bdd470a572da9192e15a47027d88184a84d6379f38556b469e9,True,,0.0,1.25,1.162515,1.162515
2026-09-14T11:00,2026-09-27,2026-09-27-36317957358,india,448fe284ec3aa4a1c5a9cb4be453ec45e5ff137f7292d957e95333bb6161b729,True,,0.0,1.25,1.002568,1.002568
2026-09-14T11:00,2026-09-27,2026-09-27-36317957358,india,149263b9f38c65ba84ac46cd697f9b4f1f5c39e790d8ca1de6f6a6bf11ba93b8,True,,0.0,1.25,0.999687,0.999687
2026-09-14T11:00,2026-09-27,2026-09-27-36317957358,india,3a942e8567ba1e735ce8e84c6708591edb02f54939b835749b65bd322d986e56,True,,0.0,1.25,0.896377,0.896377
2026-09-14T11:00,2026-09-27,2026-09-27-36317957358,india,4ba4aa365043f05e2b60f94455dfe9056cacb3e87a684c10e75ef7b17c4c624c,True,,0.0,1.25,0.888717,0.888717
2026-09-14T11:00,2026-09-27,2026-09-27-36317957358,india,3edabfa9ffc3c4ca80080e1b1ca866cc1f566e2b7f15ad7fb1b2274943f8d1ee,True,,0.0,1.25,0.884909,0.884909
2026-09-14T11:00,2026-09-27,2026-09-27-36328542513,ai,41f578e83aed2413c866ea34e2e039a825ce33cb867ae875183bdd7f7d859922,True,,0.0,1.25,1.665659,1.665659
2026-09-14T11:00,2026-09-27,2026-09-27-36328542513,ai,7320b7473424a0a774dd2a5d8fd28a32dfdb8933c7f62bd4377967e35ddf532e,True,,0.0,1.25,1.582558,1.582558
2026-09-14T11:00,2026-09-27,2026-09-27-36328542513,ai,81631d9a3f9341e66967902b61b3e5e6f7976238a8a551a1de80927bde084f37,True,,0.0,1.25,1.565084,1.565084
2026-09-14T11:00,2026-09-27,2026-09-27-36328542513,ai,0e79d11a2cd328d3405a940cae1f7db457f7f790511b70e941607f949258e6ab,True,,0.0,1.25,1.361255,1.361255
2026-09-14T11:00,2026-09-27,2026-09-27-36328542513,ai,5bfd36bb95454daeb3f79659db643809aaaba95a243ae877255ee59080e0ac72,True,,0.0,1.25,1.297985,1.297985
2026-09-14T11:00,2026-09-27,2026-09-27-36328542513,ai,3feeac3ffe07d35b949f341a28e185160edf8c6aa806ce50c11761f4fa07f097,True,,0.0,1.25,1.196028,1.196028
2026-09-14T11:00,2026-09-27,2026-09-27-36328542513,ai,2068c955e4a7f49a75c726ef1d1fff4b2920ada5c2369876ef4e9b890c78be23,True,,0.0,1.25,1.196021,1.196021
2026-09-14T11:00,2026-09-27,2026-09-27-36328542513,ai,6893a25cf7173671a8ec08ed1678992d80a074759d586b417da12d76ac17fec4,False,,0.0,1.25,1.196021,1.196021
2026-09-14T11:00,2026-09-27,2026-09-27-36328542513,ai,081b603e74e005a0aead45288453b546774ee42169355bb1b496ccfa5c1db38e,False,,0.0,1.25,1.196015,1.196015
2026-09-14T11:00,2026-09-27,2026-09-27-36328542513,ai,18c250f2a9758468d7e922a8634f1d370a6c4be7b1b6627a4470ba3990da3e47,True,,0.0,1.25,1.178453,1.178453
2026-09-14T11:00,2026-09-27,2026-09-27-36328542513,ai,040789c0d6915d773cf1c7e77ce4838a671bc5eece6f1b5b1bbd40e3e932a2d1,False,,0.0,1.25,1.110908,1.110908
2026-09-14T11:00,2026-09-27,2026-09-27-36328542513,ai,6724fb5f90329f1d8d790bd1be1740d7fc33fa217ec5198d900e8909a9e5a23d,False,,0.0,1.25,1.073027,1.073027
2026-09-14T11:00,2026-09-27,2026-09-27-36328542513,ai,c6c7773140aee87d2908292d236d4ee6e9bfafd27d3a348df1b5ee26d1ca3b28,True,,0.0,1.25,1.064001,1.064001
2026-09-14T11:00,2026-09-27,2026-09-27-36328542513,ai,8cc0ce830d29369ea36176f0ca7c5b83a2be8d17f47048c04db33c856322afff,False,,0.0,1.25,0.90984,0.90984
2026-09-14T11:00,2026-09-27,2026-09-27-36328542513,energy,0e30c5a42272bde3fa8679aa6d228867063ce7d985914025c40f1e81649d881f,True,,0.0,1.25,1.19597,1.19597
2026-09-14T11:00,2026-09-27,2026-09-27-36328542513,energy,adebc6b7b1317b5d7af570248e826f3d8afd4dab43c79d8897cdb4be92bdef07,True,,0.0,1.25,1.151794,1.151794
2026-09-14T11:00,2026-09-27,2026-09-27-36328542513,energy,c9b0133ad1869e2eb05011007cc39e47bf580600b50d1cbc9828b8b4a79c701a,True,,0.0,1.25,1.073022,1.073022
2026-09-14T11:00,2026-09-27,2026-09-27-36328542513,energy,20736924417aae9b70fd30e8b39f76773fe8cf15146c8187dab1da2eaf0d0fcf,True,,0.0,1.25,1.071506,1.071506
2026-09-14T11:00,2026-09-27,2026-09-27-36328542513,energy,21c67298300475ed4ab3bf6ac0b8fcc6c516979bd2f1800b29398f6ba156e0cc,False,,0.0,1.25,0.883131,0.883131
2026-09-14T11:00,2026-09-27,2026-09-27-36328542513,energy,47b2287a243744d08c530e49f9863529de6f09a35bd6a914bfa07d5b62a7496f,False,,0.0,1.25,0.874199,0.874199
2026-09-14T11:00,2026-09-27,2026-09-27-36328542513,energy,c78405fb22f816b585d31cf4d96a7db78d91005979fba834ca9fd91bce18509a,False,,0.0,1.25,0.873365,0.873365
2026-09-14T11:00,2026-09-27,2026-09-27-36328542513,energy,6746a9a856699b8a5d0d64bd1fd116b084050ec788d974537de914a0cf698258,False,,0.0,1.25,0.869244,0.869244
2026-09-14T11:00,2026-09-27,2026-09-27-36328542513,energy,7c725f84308c13c500708a120986a48998992bee59fa53d0185f0dbf54bf6a9f,False,,0.0,1.25,0.768931,0.768931
2026-09-14T11:00,2026-09-27,2026-09-27-36328542513,energy,5b75337da681205421aeb7f1db1786c4d83f18cf9e7d0fe8c24d0dadbeb6b67c,False,,0.0,1.25,0.765453,0.765453
2026-09-14T11:00,2026-09-27,2026-09-27-36328542513,business-economy,556605671f875452bae72eb9301a0888da8a5ed5e9ed45eeb9ec090e2fa6e6fa,True,trade,0.3,1.25,1.411001,1.486001
2026-09-14T11:00,2026-09-27,2026-09-27-36328542513,business-economy,bf4994c710625361bb1b59d13471f966d2632fdb1d0303037d10b147ccc0f3f6,True,,0.0,1.25,1.187137,1.187137
2026-09-14T11:00,2026-09-27,2026-09-27-36328542513,business-economy,978057f8160bb87e7d2123fb465d585fb800baaf95de56e83849adfa3c2edfdd,True,,0.0,1.25,1.182458,1.182458
2026-09-14T11:00,2026-09-27,2026-09-27-36328542513,business-economy,82c200dfdfc02557695f048768089d2db34c6330d5c231a9cfeedf033f367c2a,True,,0.0,1.25,1.182259,1.182259
2026-09-14T11:00,2026-09-27,2026-09-27-36328542513,business-economy,c2af5b91d9a954487516b0430fae609f1276b7fc8c79a02428333f39da99ba70,True,,0.0,1.25,1.176921,1.176921
2026-09-14T11:00,2026-09-27,2026-09-27-36328542513,business-economy,935e7324fc8ac33a2b87973a23965454efbaca4f1b3665f5f21cef5ae8f68e38,False,,0.0,1.25,1.176378,1.176378
2026-09-14T11:00,2026-09-27,2026-09-27-36328542513,business-economy,7f081c304687abfb652f664acd52e98a485a453728837c1ea51d91d8199e4487,False,,0.0,1.25,1.174839,1.174839
2026-09-14T11:00,2026-09-27,2026-09-27-36328542513,business-economy,2477d968c485784c48a36b00f0e9bc9263f18a9ba76d9ec4ca26a69922d47aa8,False,,0.0,1.25,1.169593,1.169593
2026-09-14T11:00,2026-09-27,2026-09-27-36328542513,business-economy,6b4b90fd16ce4ccde2e046278f32779d98c9c6803819f02621e95c46aed89c54,True,,0.0,1.25,1.166482,1.166482
2026-09-14T11:00,2026-09-27,2026-09-27-36328542513,business-economy,bddae9905a718670c4ddbf24556e337c9d8a5800d81fbadebe20204f220cfa53,False,,0.0,1.25,1.164263,1.164263
2026-09-14T11:00,2026-09-27,2026-09-27-36328542513,business-economy,f54b0e41460900f9a5ac6686e493db624818508bf83d1a579fa8ea666ae979b0,False,,0.0,1.25,1.158164,1.158164
2026-09-14T11:00,2026-09-27,2026-09-27-36328542513,business-economy,20e67ec46440b49ed5b0f0ad33a6b80b282e0dad6da82b5af1467cd7bde15d8f,False,,0.0,1.25,1.151971,1.151971
2026-09-14T11:00,2026-09-27,2026-09-27-36328542513,business-economy,09cb6aade955c66127d269459daad3242cc43de2bd9b795d257eb97c6533d2b2,False,,0.0,1.25,1.148874,1.148874
2026-09-14T11:00,2026-09-27,2026-09-27-36328542513,business-economy,27a33f3b8af6398e3cbd595b85f40b59501aa57bfb1343f548e8bcd016490b5e,False,,0.0,1.25,1.146753,1.146753
2026-09-14T11:00,2026-09-27,2026-09-27-36328542513,business-economy,08366ffa5a3c932b67878137704f213c91ca220b1f9fe250bbdf2f5cfda737ef,False,,0.0,1.25,1.142738,1.142738
2026-09-14T11:00,2026-09-27,2026-09-27-36328542513,business-economy,4260b59c5bad3d6bdbbfcd6b11cac8d931f7092856801101b64858915179283a,False,,0.0,1.25,1.13506,1.13506
2026-09-14T11:00,2026-09-27,2026-09-27-36328542513,business-economy,9dcd47dd9bc87cdf4b6187618607521a3ac6eb989295ac4532784a339ad92e7d,False,,0.0,1.25,1.134831,1.134831
2026-09-14T11:00,2026-09-27,2026-09-27-36328542513,business-economy,9be6499abf66d729122941854797f6ed5f8e632441b4a9880497d7e85aa056ad,False,,0.0,1.25,1.133774,1.133774
2026-09-14T11:00,2026-09-27,2026-09-27-36328542513,business-economy,e5467ce3c492b1166fe751861c2f44391fb26496003ae34817c80feb92fd5cfb,True,,0.0,1.25,1.132698,1.132698
2026-09-14T11:00,2026-09-27,2026-09-27-36328542513,business-economy,4c2af44d9777af8fb6a3d3bd26df7acf28c6b2c2986c61a744db486f0f0f508c,False,,0.0,1.25,1.131915,1.131915
2026-09-14T11:00,2026-09-27,2026-09-27-36328542513,business-economy,01a9d4cff8d569dd3be39b53f99f7b96c38afc54169dece3ac5d5e099be64ba4,True,,0.0,1.25,1.127141,1.127141
2026-09-14T11:00,2026-09-27,2026-09-27-36328542513,business-economy,5fa62c0a5cc20c6722e67def222906f9ae3b01f3bba39fe39f1190457196c015,True,,0.0,1.25,1.118334,1.118334
2026-09-14T11:00,2026-09-27,2026-09-27-36328542513,business-economy,fd23468e001e805c3df16cd1a5d0c8b355e01ee38c0bc280438e16b573b6861b,False,,0.0,1.25,1.117182,1.117182
2026-09-14T11:00,2026-09-27,2026-09-27-36328542513,business-economy,fa7b3fd0683eff0772d54a09d8a9ec23bfbf3b5af2b3d280a3492fb0aed20126,False,,0.0,1.25,1.112578,1.112578
2026-09-14T11:00,2026-09-27,2026-09-27-36328542513,business-economy,6062330973b311ac066d8920b03cb04bffd68bfcf6f8b384ad1daf5e05d1ba52,False,,0.0,1.25,1.1122,1.1122
2026-09-14T11:00,2026-09-27,2026-09-27-36328542513,business-economy,040789c0d6915d773cf1c7e77ce4838a671bc5eece6f1b5b1bbd40e3e932a2d1,False,,0.0,1.25,1.110908,1.110908
2026-09-14T11:00,2026-09-27,2026-09-27-36328542513,business-economy,fd3112a650cd95da3046c3ec03d0bb08e555a4e174839f9769e0bc52d5305412,False,,0.0,1.25,1.101187,1.101187
2026-09-14T11:00,2026-09-27,2026-09-27-36328542513,business-economy,59bd14a6b27a66f71fa38fca0ded7aa03a331257c1876b3da433a5a95ca99a66,False,,0.0,1.25,1.092082,1.092082
2026-09-14T11:00,2026-09-27,2026-09-27-36328542513,business-economy,6ed340027cf2f3a6f4975a247c67234e6a6308d9a73b4ed9e0db49286d566d76,False,,0.0,1.25,1.091613,1.091613
2026-09-14T11:00,2026-09-27,2026-09-27-36328542513,world,2db04c30b62f8e8988b6ee88fb535385b4d82c7b3ecbcf413039ba4347b55552,True,,0.0,1.25,1.597054,1.597054
2026-09-14T11:00,2026-09-27,2026-09-27-36328542513,world,e5139a6bdad7f48cdc98bf342c470a908449870a53788c2f9c23aa9e43f8234f,True,,0.0,1.25,1.366365,1.366365
2026-09-14T11:00,2026-09-27,2026-09-27-36328542513,world,8b4d222ef69e6dd72b2a5862b812af40d30b00839b561bfeb9fd028300ba13a4,True,,0.0,1.25,1.330271,1.330271
2026-09-14T11:00,2026-09-27,2026-09-27-36328542513,world,47e92313b372ed0b47bfcb52cc245c10a7af61a785669484dd292ae8dde1c4ec,False,,0.0,1.25,1.275637,1.275637
2026-09-14T11:00,2026-09-27,2026-09-27-36328542513,world,b76f275474a77f3b8b50b66dee03eed2a85aa90145d24dc2036cc10e6b1533fa,False,,0.0,1.25,1.271238,1.271238
2026-09-14T11:00,2026-09-27,2026-09-27-36328542513,world,59c2edca2a5bfa35dda1c1dc28c05a15fd3654923fd7ab306d418338e6447b0b,False,,0.0,1.25,1.271206,1.271206
2026-09-14T11:00,2026-09-27,2026-09-27-36328542513,world,d67c9733845731e3365ec83d3f4cf5d3cecab8e88ee8cd7a7dd12c630cb97b48,False,,0.0,1.25,1.271172,1.271172
2026-09-14T11:00,2026-09-27,2026-09-27-36328542513,world,d5accf6d1e3a02cb76d2fe51c1e12eccf905c681c347d3465cef89355f1c0c00,False,,0.0,1.25,1.271125,1.271125
2026-09-14T11:00,2026-09-27,2026-09-27-36328542513,world,65dc8916b9f69b728b36dc993dd64f048a0854893619a1fe26ff20122d08ec83,False,,0.0,1.25,1.241269,1.241269
2026-09-14T11:00,2026-09-27,2026-09-27-36328542513,world,0ef8c2826a5bd4b10f0fc585c37295c5fee88db3112222d5b5819a9d70d52bbe,True,,0.0,1.25,1.196442,1.196442
2026-09-14T11:00,2026-09-27,2026-09-27-36328542513,world,844c798ea6c08fee334b5ae186de6a4a966bd8fb7895b692fd00c93b4ff00163,True,,0.0,1.25,1.19539,1.19539
2026-09-14T11:00,2026-09-27,2026-09-27-36328542513,world,45e0dac411755f4dedcfb492ad99ee5a7bda89f31c17466a1710cb82fb1fc52c,True,,0.0,1.25,1.19532,1.19532
2026-09-14T11:00,2026-09-27,2026-09-27-36328542513,world,7864ae3a86ca65d291aab19d1d38f7d167a7280ba93aaf69f4379fbf37822d79,True,,0.0,1.25,1.187332,1.187332
2026-09-14T11:00,2026-09-27,2026-09-27-36328542513,world,ea218e342d6584f9a91d650f41c690eccb860322ab525db7c6d97b129f8d7cc6,True,,0.0,1.25,1.185531,1.185531
2026-09-14T11:00,2026-09-27,2026-09-27-36328542513,world,9e89b3b351dfa5cd5014062705a6d10d7e6d362e5d3742e2570662872acb63cc,False,,0.0,1.25,1.18478,1.18478
2026-09-14T11:00,2026-09-27,2026-09-27-36328542513,world,c6f07aac6a256ae6f4f4e207299005c975dacf27d83da914a77a09545cd50028,False,,0.0,1.25,1.184736,1.184736
2026-09-14T11:00,2026-09-27,2026-09-27-36328542513,world,7100890aebf9c3e8e4b395ebfe391750f2d386af77db424b7716a3c4f55cdbfc,False,,0.0,1.25,1.184405,1.184405
2026-09-14T11:00,2026-09-27,2026-09-27-36328542513,world,978057f8160bb87e7d2123fb465d585fb800baaf95de56e83849adfa3c2edfdd,False,,0.0,1.25,1.182458,1.182458
2026-09-14T11:00,2026-09-27,2026-09-27-36328542513,world,078a82601685993c0ecf2ff227eb93cc697178a362d383503081e4a121c6330d,False,,0.0,1.25,1.179401,1.179401
2026-09-14T11:00,2026-09-27,2026-09-27-36328542513,world,8b96dce3a191353593c92dd7389499d8e6196455783c659a318a2f1f34cc0c5b,False,,0.0,1.25,1.178911,1.178911
2026-09-14T11:00,2026-09-27,2026-09-27-36328542513,world,db9cb4895f8ac575112029867ad43cd04430cf8fbd6a81a0c3762836ffb8a212,True,,0.0,1.25,1.176915,1.176915
2026-09-14T11:00,2026-09-27,2026-09-27-36328542513,world,5cab4ffe3fe27435aed7602aca41cb6b754aaf48aa558c986585c42e4b3b5b8a,True,,0.0,1.25,1.176193,1.176193
2026-09-14T11:00,2026-09-27,2026-09-27-36328542513,world,0ad49f911c2c694e2245e95b5caef68bc69d110c54a3bdf4a3586fbf31722ed3,True,,0.0,1.25,1.175122,1.175122
2026-09-14T11:00,2026-09-27,2026-09-27-36328542513,world,7153b2261c42da9eae940ba76fcb92b0c7a573d44eeae93043b63a991e73f3b4,False,,0.0,1.25,1.174906,1.174906
2026-09-14T11:00,2026-09-27,2026-09-27-36328542513,world,ff11659c52d77c36f25816009ea268689b750128bf3d03a954cc1032d4dd7898,False,,0.0,1.25,1.173494,1.173494
2026-09-14T11:00,2026-09-27,2026-09-27-36328542513,world,51ae7cbe5b7f9cf63fae71a2a16c14b688ecc1d06f10e19f21939516c6669e9a,False,,0.0,1.25,1.173494,1.173494
2026-09-14T11:00,2026-09-27,2026-09-27-36328542513,world,34066a09019539d8eba6e2eacb42f15d1dd03d50509e76561e83acc7545504bd,True,,0.0,1.25,1.173089,1.173089
2026-09-14T11:00,2026-09-27,2026-09-27-36328542513,world,c791414246ee6faa6b6ccd78753208532236b2f7b961cf2faa084f34513de237,True,,0.0,1.25,1.1703,1.1703
2026-09-14T11:00,2026-09-27,2026-09-27-36328542513,world,64ea9c8f6f78ea57afa42dc3e1a09755ed18927f75a0aa059afed0c21e6ff248,False,,0.0,1.25,1.169423,1.169423
2026-09-14T11:00,2026-09-27,2026-09-27-36328542513,world,45e2c18be5383756565c2642869bd95a5cfc15da76728ed96b28bb40062fb01a,True,,0.0,1.25,1.168692,1.168692
2026-09-14T11:00,2026-09-27,2026-09-27-36328542513,world,b52d90924c12e9e365c58759f0f89803f919ebc367e09385b7e13d01afb4af0a,False,,0.0,1.25,1.168625,1.168625
2026-09-14T11:00,2026-09-27,2026-09-27-36328542513,world,2901a5998c8c54b51720ebc577eac0a911973bf370641ba5301e8f107c5676a8,True,,0.0,1.25,1.167367,1.167367
2026-09-14T11:00,2026-09-27,2026-09-27-36328542513,world,6b4b90fd16ce4ccde2e046278f32779d98c9c6803819f02621e95c46aed89c54,False,,0.0,1.25,1.166482,1.166482
2026-09-14T11:00,2026-09-27,2026-09-27-36328542513,world,820731cd23d5f34ba844d688c44e1ab8e06d11a7e432c295432eeec6b7724264,False,,0.0,1.25,1.165423,1.165423
2026-09-14T11:00,2026-09-27,2026-09-27-36328542513,world,c3a53db3397276983f867679bedc6461c99741626ceea90cbd65bc7b43c2d937,False,,0.0,1.25,1.165362,1.165362
2026-09-14T11:00,2026-09-27,2026-09-27-36328542513,world,387475bb3e1d6612efc2314ee15d6af0d785ce9f64e33cfe314c1464a631ae54,True,,0.0,1.25,1.162049,1.162049
2026-09-14T11:00,2026-09-27,2026-09-27-36328542513,world,4d14b049d9cf446a947d1c4ecca245443cfc48e5c17d5632eb03d494b3f96168,True,,0.0,1.25,1.160989,1.160989
2026-09-14T11:00,2026-09-27,2026-09-27-36328542513,world,8f958009dd1ebede2b7c2d2f7443721437cf76394712f3c14d3d24e549f2f5bc,True,,0.0,1.25,1.150008,1.150008
2026-09-14T11:00,2026-09-27,2026-09-27-36328542513,world,1f2532fc0fb31ecbd0db0e824a836024f25befc37e9c22005cb603ededbdcc3f,True,,0.0,1.25,1.147991,1.147991
2026-09-14T11:00,2026-09-27,2026-09-27-36328542513,world,8e360d6bd4c353b2bb0e25c6d13a621276c94dc18e021c68262ca218d2a9241f,True,,0.0,1.25,1.143691,1.143691
2026-09-14T11:00,2026-09-27,2026-09-27-36328542513,world,9f128c0a42e69790b99ccc0d26102c775b1107a7e262a83e9a08b018d02df5bf,True,,0.0,1.25,1.128908,1.128908
2026-09-14T11:00,2026-09-27,2026-09-27-36328542513,world,1946b0ec96fe59bfd916bdba4934dbe2ee697a731cebe99f21ccfa028edf7e1a,True,,0.0,1.25,1.128789,1.128789
2026-09-14T11:00,2026-09-27,2026-09-27-36328542513,world,35c9faaf8ee1f798d254cdb7f3bae8672e6cf6f8ac4dd9ff5ff3de8ff812430f,True,,0.0,1.25,1.124851,1.124851
2026-09-14T11:00,2026-09-27,2026-09-27-36328542513,world,7070ac5c7ec76d7ee917478a29e2ce3e2512771d663e4c4938951365a0354913,True,,0.0,1.25,1.104478,1.104478
2026-09-14T11:00,2026-09-27,2026-09-27-36328542513,world,5f99486fb1898a4867866b3d015029608284792ec9721c20d356cac046b5837e,True,,0.0,1.25,1.07749,1.07749
2026-09-14T11:00,2026-09-27,2026-09-27-36328542513,world,fef9dcaa02989025da7a4b59342ea872a97e48e518dae6c44d8dd0b59e23b63f,True,,0.0,1.25,1.065198,1.065198
2026-09-14T11:00,2026-09-27,2026-09-27-36328542513,world,9cdaaf649e60398be6d95c1876e1f2703d869a3c7b6b9cb4e595ddd7dc3b9d62,True,,0.0,1.25,1.057202,1.057202
2026-09-14T11:00,2026-09-27,2026-09-27-36328542513,india,0be47ea9bdbe4ddf772694a3a234f2d4079d96f6ccc79488bfca83040171d18d,True,,0.0,1.25,1.6965,1.6965
2026-09-14T11:00,2026-09-27,2026-09-27-36328542513,india,403bd49d5288bb043bbf98d455669289d2e91244c043c8785b06ac3607e4434a,True,,0.0,1.25,1.673457,1.673457
2026-09-14T11:00,2026-09-27,2026-09-27-36328542513,india,6d150984dc3485b62440fbf257a2ee37a35a0c9c1ea9a5b58d40e674695a7850,True,,0.0,1.25,1.586627,1.586627
2026-09-14T11:00,2026-09-27,2026-09-27-36328542513,india,f4aa53c8b96bf242d15905c8177cc48be6644dcbfd69c58a7fce30d33b92ae2f,False,,0.0,1.25,1.58443,1.58443
2026-09-14T11:00,2026-09-27,2026-09-27-36328542513,india,ccc5fac81ab407d6bd03511c0b940087a468bfd164c3568676cfcdb366ff2f96,False,,0.0,1.25,1.580791,1.580791
2026-09-14T11:00,2026-09-27,2026-09-27-36328542513,india,a8e15a55183ed289b267fa2f97c0ac58b9ecf8de33df12acee9bfa94dd51e590,False,,0.0,1.25,1.578682,1.578682
2026-09-14T11:00,2026-09-27,2026-09-27-36328542513,india,b392f421108aa3d47788edc266f0e3c884cf654cd8552db6ded077f56364ef4f,True,,0.0,1.25,1.500598,1.500598
2026-09-14T11:00,2026-09-27,2026-09-27-36328542513,india,053e43ffe7b4f3e0b58eb3366aad5fe39ee693ea278e6065e2f341fd6b0999e5,True,trade,0.3,1.25,1.481561,1.556561
2026-09-14T11:00,2026-09-27,2026-09-27-36328542513,india,4fdbcdbce0b1b9799e1d773c69f3aa9627e0d32066322903419777ffebf81db8,True,,0.0,1.25,1.44857,1.44857
2026-09-14T11:00,2026-09-27,2026-09-27-36328542513,india,6b55f25d11091036c2ad4acb7582b4811c2d9cf572b0a6fc517b100cc7e35fa1,True,,0.0,1.25,1.448513,1.448513
2026-09-14T11:00,2026-09-27,2026-09-27-36328542513,india,71c271eb34e6bb0c9f6e9d4cd10833903dbf4e0656dda8a6380033588cda632f,False,,0.0,1.25,1.448423,1.448423
2026-09-14T11:00,2026-09-27,2026-09-27-36328542513,india,9a10fc9e9f402f2a8aa7c59258f6c49751824a7d807275466df961ca04018dfc,False,,0.0,1.25,1.447739,1.447739
2026-09-14T11:00,2026-09-27,2026-09-27-36328542513,india,79566012f3fb36ec2a9eea33331026c5c189abc95cab9f0520a448b261c3a4c2,False,,0.0,1.25,1.447336,1.447336
2026-09-14T11:00,2026-09-27,2026-09-27-36328542513,india,4b09f12357b915939d8efa5b2822fd54d1623714c69d9819a5e75aeb6c1e56f0,False,,0.0,1.25,1.447247,1.447247
2026-09-14T11:00,2026-09-27,2026-09-27-36328542513,india,872ac15ecb60ff0e71532af40c0240d3c5498eca0d40e1e7259e9865c4f8829f,False,,0.0,1.25,1.446474,1.446474
2026-09-14T11:00,2026-09-27,2026-09-27-36328542513,india,b1d6ee889173127cf6d842425e9f11a589e1189ad530a2e0b368d11c787cc8fc,False,,0.0,1.25,1.445269,1.445269
2026-09-14T11:00,2026-09-27,2026-09-27-36328542513,india,06b7a28702f739f3a35f23b5b65446282ddf42f964b2032907044bece7627b18,False,,0.0,1.25,1.443985,1.443985
2026-09-14T11:00,2026-09-27,2026-09-27-36328542513,india,320ea6167aa5c38ffd774549805dd7faddf66dbf68efde833455c4212ba94d9c,False,,0.0,1.25,1.443115,1.443115
2026-09-14T11:00,2026-09-27,2026-09-27-36328542513,india,45de3b124678a9788559d05f41ac455e4b68fae0424c63febd9358ec2b21ba6a,False,,0.0,1.25,1.442829,1.442829
2026-09-14T11:00,2026-09-27,2026-09-27-36328542513,india,118e943975eb7f9c7a13a1a3286b55ceb567252a46440cce0dd88305cc980ded,False,,0.0,1.25,1.442779,1.442779
2026-09-14T11:00,2026-09-27,2026-09-27-36328542513,india,aa56ff44f885e0d1c60a094deb0f1a167bcbbd2c1c0d499c79284a97fbae3c76,False,,0.0,1.25,1.442303,1.442303
2026-09-14T11:00,2026-09-27,2026-09-27-36328542513,india,d8d10dc592533c123c2947a33165fc93888f86a0960c10a4dd6f7dfc425fc962,False,,0.0,1.25,1.442145,1.442145
2026-09-14T11:00,2026-09-27,2026-09-27-36328542513,india,ae88123490a37fb50d2f1547113a2b86c8ceb494395059bbf6f414c61212e5ba,False,,0.0,1.25,1.441879,1.441879
2026-09-14T11:00,2026-09-27,2026-09-27-36328542513,india,98bc4594ab0b34be4d4165f4356abe7bccbc301f0c816e1c85884df143201264,False,,0.0,1.25,1.441778,1.441778
2026-09-14T11:00,2026-09-27,2026-09-27-36328542513,india,8d35fc8579c90f837b57775c31031b43d04a81f3d8a331c7ca7e7c5d7695bc4c,False,,0.0,1.25,1.441702,1.441702
2026-09-14T11:00,2026-09-27,2026-09-27-36328542513,india,1e67d40f4f8035ea747658189cd7211c99d5dbd8570dff92a6bc9407be6fbc73,False,,0.0,1.25,1.440298,1.440298
2026-09-14T11:00,2026-09-27,2026-09-27-36328542513,india,ac331b362a0d1d4301df6b9cb8687c8b5ee302296eb1c01c4d9d73d53b27fde5,False,,0.0,1.25,1.440216,1.440216
2026-09-14T11:00,2026-09-27,2026-09-27-36328542513,india,57df02e074f6a45ee1d13f0cab7fdfbde4a2993cea9b20afc045760459782a6d,True,,0.0,1.25,1.386039,1.386039
2026-09-14T11:00,2026-09-27,2026-09-27-36328542513,india,489882c94857909a662ae894a108a3124245fc97311715ddb00f826b36c96607,True,,0.0,1.25,1.381842,1.381842
2026-09-14T11:00,2026-09-27,2026-09-27-36328542513,india,a02505dbef2f81178682b1f3d3b0943cdee595772aa8d3f9451c8414405bac36,True,,0.0,1.25,1.198743,1.198743
2026-09-14T11:00,2026-09-27,2026-09-27-36328542513,india,a32a1dc680a9794ad3e8913dcaefe0bf2e2737c799d8e2b86dc15f8fea04554c,True,,0.0,1.25,1.198596,1.198596
2026-09-14T11:00,2026-09-27,2026-09-27-36328542513,india,e564f3f9420b52c70333fcb0ce40318051b0ff06c82f0aa662ec7a0ad90cf312,True,,0.0,1.25,1.198583,1.198583
2026-09-14T11:00,2026-09-27,2026-09-27-36328542513,india,a5133dd5f0a3dd75c61b04db1326955562f03d62d67a5ee668881009eda68bdb,True,,0.0,1.25,1.197285,1.197285
2026-09-14T11:00,2026-09-27,2026-09-27-36328542513,india,639ff1a0a88a1fad918c396525034f2f72d780818575fb2c2132d28f4264eda2,True,,0.0,1.25,1.196538,1.196538
2026-09-14T11:00,2026-09-27,2026-09-27-36328542513,india,fc7784db52217733f5cc5d480599644825c1c746097a70418f9c511e41006556,True,,0.0,1.25,1.196366,1.196366
2026-09-14T11:00,2026-09-27,2026-09-27-36328542513,india,4e28a9896975962ef80a5a761093f0feb245f7e297845fc9807ae71be9c8728d,True,,0.0,1.25,1.19562,1.19562
2026-09-14T11:00,2026-09-27,2026-09-27-36328542513,india,56cc8afd462b66d1c917f37dfcc196640fa5309fb5dd52cf202e29338fc4e818,True,,0.0,1.25,1.195588,1.195588
2026-09-14T11:00,2026-09-27,2026-09-27-36328542513,india,ff07896526da94092964b2dd2bc3ddcf80bed21b95bef9ec0a5269dadb3e9c69,True,,0.0,1.25,1.194786,1.194786
2026-09-14T11:00,2026-09-27,2026-09-27-36328542513,india,0e2a87aec9c4ed40494e357efe8f40c08839b8dc4d7fa48ae191a4a4aee67b7c,True,,0.0,1.25,1.193244,1.193244
2026-09-14T11:00,2026-09-27,2026-09-27-36328542513,india,7fbe19498d04ebf97e0e3381eb2ab73a7ab9ba07ae93ebebd838659884b50d62,True,,0.0,1.25,1.190254,1.190254
2026-09-14T11:00,2026-09-27,2026-09-27-36328542513,india,5fedb911ed71f192b140323131b5274a501b7792ba1c87042d5616bff3c1603a,True,,0.0,1.25,1.187759,1.187759
2026-09-14T11:00,2026-09-27,2026-09-27-36328542513,india,51fb6407f686daf91a56ea44cd9a7c1c0767ac2bd7e0512e893a005e08e35add,True,,0.0,1.25,1.18752,1.18752
2026-09-14T11:00,2026-09-27,2026-09-27-36328542513,india,84c0aa05b4d05a34595c7f7a8324459e2441c93ba9538b287968307751aa583c,True,,0.0,1.25,1.186171,1.186171
2026-09-14T11:00,2026-09-27,2026-09-27-36328542513,india,89cb1228561d62018ab62de3fb818d8185e8f3c1c1904ab88725064520daef9c,True,,0.0,1.25,1.18493,1.18493
2026-09-14T11:00,2026-09-27,2026-09-27-36328542513,india,b0fab1449ecef46ba19116b76932ba1ddf5c6c8e2cddb388d92248989039ce46,True,,0.0,1.25,1.183649,1.183649
2026-09-14T11:00,2026-09-27,2026-09-27-36328542513,india,fc68a44e307649a62b9b051704a69303109c9e2dae0e9de93fe9df50cfb17008,True,,0.0,1.25,1.18262,1.18262
2026-09-14T11:00,2026-09-27,2026-09-27-36328542513,india,e5873f8eec107f59d46fa175bc6b78c780513bbf67ee32ae6898e7b60a0b8a8a,True,,0.0,1.25,1.173126,1.173126
2026-09-14T11:00,2026-09-27,2026-09-27-36328542513,india,a46e9d2043104b471f4ee16ef131f51e416ec872d110ca7210f9ee4d21b90dfb,True,,0.0,1.25,1.15606,1.15606
2026-09-14T11:00,2026-09-27,2026-09-27-36328542513,india,cc918676bb0d713c64861341d333cdbc162be784d571a66aa4d58514cdece799,True,,0.0,1.25,1.147935,1.147935
2026-09-14T11:00,2026-09-27,2026-09-27-36328542513,india,caa3c84027430eefebc24506ff49602014f2f38adf50c3842a7999ce77622795,True,,0.0,1.25,1.130478,1.130478
2026-09-14T11:00,2026-09-27,2026-09-27-36328542513,india,990bdab7ff1f8c23e2dcea5eedd762f9137625000b0bffc789f49c6bed258dee,True,,0.0,1.25,1.009749,1.009749
2026-09-14T11:00,2026-09-27,2026-09-27-36340818057,ai,d4465519738fc24c2a2150d31206b0633f43322950c7059091b9e3981fd8334a,True,chips,0.3,1.25,2.382551,2.457551
2026-09-14T11:00,2026-09-27,2026-09-27-36340818057,ai,a776633a7f7c7026cb15f882797d5e64b821675a84ce5f0304d7856a4691c5b1,True,,0.0,1.25,1.655662,1.655662
2026-09-14T11:00,2026-09-27,2026-09-27-36340818057,ai,d0e5cca543fb14b801f97223db6d0edc93060b39f72a7d19db3b42bc892e32e2,True,,0.0,1.25,1.546151,1.546151
2026-09-14T11:00,2026-09-27,2026-09-27-36340818057,ai,7320b7473424a0a774dd2a5d8fd28a32dfdb8933c7f62bd4377967e35ddf532e,True,,0.0,1.25,1.512671,1.512671
2026-09-14T11:00,2026-09-27,2026-09-27-36340818057,ai,81631d9a3f9341e66967902b61b3e5e6f7976238a8a551a1de80927bde084f37,False,,0.0,1.25,1.497294,1.497294
2026-09-14T11:00,2026-09-27,2026-09-27-36340818057,ai,677808ac3cf6d5d50b24d20bf8d3e873f033ee5a89a1d5bd76a959ff2704b2eb,True,,0.0,1.25,1.145981,1.145981
2026-09-14T11:00,2026-09-27,2026-09-27-36340818057,ai,6893a25cf7173671a8ec08ed1678992d80a074759d586b417da12d76ac17fec4,True,,0.0,1.25,1.12452,1.12452
2026-09-14T11:00,2026-09-27,2026-09-27-36340818057,ai,081b603e74e005a0aead45288453b546774ee42169355bb1b496ccfa5c1db38e,True,,0.0,1.25,1.124514,1.124514
2026-09-14T11:00,2026-09-27,2026-09-27-36340818057,ai,040789c0d6915d773cf1c7e77ce4838a671bc5eece6f1b5b1bbd40e3e932a2d1,False,,0.0,1.25,1.049617,1.049617
2026-09-14T11:00,2026-09-27,2026-09-27-36340818057,ai,8cc0ce830d29369ea36176f0ca7c5b83a2be8d17f47048c04db33c856322afff,False,,0.0,1.25,0.87267,0.87267
2026-09-14T11:00,2026-09-27,2026-09-27-36340818057,energy,d7139aca70912c7387319a4de48b54d3f3568d8b6795374c4a0d9fc926ef8750,True,,0.0,1.25,1.166464,1.166464
2026-09-14T11:00,2026-09-27,2026-09-27-36340818057,energy,cd44c24adeed05c0d175d958b51e2cf4269a39daab80ba9eb72bad6a4c1ee5ab,True,,0.0,1.25,1.159497,1.159497
2026-09-14T11:00,2026-09-27,2026-09-27-36340818057,energy,64e2c9b9004a26472e89b851ddd01fc195e112974c91acf80faa7188e2dbedb8,True,,0.0,1.25,1.148334,1.148334
2026-09-14T11:00,2026-09-27,2026-09-27-36340818057,energy,c9b0133ad1869e2eb05011007cc39e47bf580600b50d1cbc9828b8b4a79c701a,True,,0.0,1.25,1.016276,1.016276
2026-09-14T11:00,2026-09-27,2026-09-27-36340818057,energy,d7c3a0362d18d094246464f6033586358cea10c6fe72bf4de65ab1bd8c6022a5,True,,0.0,1.25,0.876205,0.876205
2026-09-14T11:00,2026-09-27,2026-09-27-36340818057,energy,21c67298300475ed4ab3bf6ac0b8fcc6c516979bd2f1800b29398f6ba156e0cc,True,,0.0,1.25,0.813176,0.813176
2026-09-14T11:00,2026-09-27,2026-09-27-36340818057,energy,47b2287a243744d08c530e49f9863529de6f09a35bd6a914bfa07d5b62a7496f,False,,0.0,1.25,0.805316,0.805316
2026-09-14T11:00,2026-09-27,2026-09-27-36340818057,energy,c78405fb22f816b585d31cf4d96a7db78d91005979fba834ca9fd91bce18509a,False,,0.0,1.25,0.804581,0.804581
2026-09-14T11:00,2026-09-27,2026-09-27-36340818057,energy,7c725f84308c13c500708a120986a48998992bee59fa53d0185f0dbf54bf6a9f,False,,0.0,1.25,0.712676,0.712676
2026-09-14T11:00,2026-09-27,2026-09-27-36340818057,energy,5b75337da681205421aeb7f1db1786c4d83f18cf9e7d0fe8c24d0dadbeb6b67c,False,,0.0,1.25,0.709615,0.709615
2026-09-14T11:00,2026-09-27,2026-09-27-36340818057,business-economy,154f56d2f42b481bff12121184a6f6ac3c7ebd7c4305ddcf7ad5f00bec0681f2,True,trade,0.3,1.25,1.449785,1.524785
2026-09-14T11:00,2026-09-27,2026-09-27-36340818057,business-economy,bcf486e33ffc763ee9bb6d97cd499112d564f74a3e521ce9b0f6abb33a5f4895,True,,0.0,1.25,1.188829,1.188829
2026-09-14T11:00,2026-09-27,2026-09-27-36340818057,business-economy,d808c0e999bf1e59ce55c254682145258f5115ea02ae2667191cf86714845b8a,True,,0.0,1.25,1.183462,1.183462
2026-09-14T11:00,2026-09-27,2026-09-27-36340818057,business-economy,ca8df00495e7bd1eb0f421ff1c459ce651e613eff7983fbda9c752e4d9b0c097,True,,0.0,1.25,1.182221,1.182221
2026-09-14T11:00,2026-09-27,2026-09-27-36340818057,business-economy,24557561337161ad8ac2042f7ccdfd73272220982a03467e5fddc43e8671e427,False,,0.0,1.25,1.177415,1.177415
2026-09-14T11:00,2026-09-27,2026-09-27-36340818057,business-economy,99796e05fdf1b678f701e16dc4bf1602393ceb51939de7e14dcb1420127ed496,False,,0.0,1.25,1.169215,1.169215
2026-09-14T11:00,2026-09-27,2026-09-27-36340818057,business-economy,dae5913b05f0682d3473124156bd9e5cdff87255ed90490f7ee86284e8e19868,False,,0.0,1.25,1.165955,1.165955
2026-09-14T11:00,2026-09-27,2026-09-27-36340818057,business-economy,9b718a1924d8cbe4382706f21d88191dd66920b88ede1fac99113aaa5a1534f9,False,,0.0,1.25,1.164269,1.164269
2026-09-14T11:00,2026-09-27,2026-09-27-36340818057,business-economy,936772c93ff9a3e3a2ceb71b262876cc3989bf3d3b6248f6717fe5de1edf52d0,False,,0.0,1.25,1.163292,1.163292
2026-09-14T11:00,2026-09-27,2026-09-27-36340818057,business-economy,53220bb4f56b72081e5a5a11e7c5c79f0816e40009b62e86ac75be7f1ef30bda,False,,0.0,1.25,1.161908,1.161908
2026-09-14T11:00,2026-09-27,2026-09-27-36340818057,business-economy,07c4b12e2294f46a64f8ada68fc2d342eebb7eb9f5116e08013ad18ec87728cd,False,,0.0,1.25,1.158516,1.158516
2026-09-14T11:00,2026-09-27,2026-09-27-36340818057,business-economy,2d111298c01408987f377cc49dd6548c31ecc09dd019e83665b796992b4aff97,True,,0.0,1.25,1.155715,1.155715
2026-09-14T11:00,2026-09-27,2026-09-27-36340818057,business-economy,e0a3455995511e41130c04e7fec0d5a45613a43d83ca1b840e2243f655646736,True,,0.0,1.25,1.153935,1.153935
2026-09-14T11:00,2026-09-27,2026-09-27-36340818057,business-economy,415ba6406b9303f4e6a993439308952792815d6f4ab773b707eade64c7c0054e,False,,0.0,1.25,1.153686,1.153686
2026-09-14T11:00,2026-09-27,2026-09-27-36340818057,business-economy,b99f2257d16ea2c268bdf124e909bc4cec3e71806f5e51ac9184838dd38b24c2,False,,0.0,1.25,1.147104,1.147104
2026-09-14T11:00,2026-09-27,2026-09-27-36340818057,business-economy,dd3f4cc3810a87130145bf5600d212b570000339e79437d7dcb90f0b60d4b2f0,False,,0.0,1.25,1.145269,1.145269
2026-09-14T11:00,2026-09-27,2026-09-27-36340818057,business-economy,b019da9b9e0bfcfb612ca6311e09e4466b3e82e5bc8e68179cf01eb840fc9096,True,,0.0,1.25,1.142564,1.142564
2026-09-14T11:00,2026-09-27,2026-09-27-36340818057,business-economy,b0ac5d1e07ed5a5ef962d13fb9c017257e624946b16fba8711ac8fe315ff3b90,False,,0.0,1.25,1.14203,1.14203
2026-09-14T11:00,2026-09-27,2026-09-27-36340818057,business-economy,2aff386308fa1e282f435356ec2d6eed5cd61b2349f55103a8d63391f7a63f67,False,,0.0,1.25,1.140976,1.140976
2026-09-14T11:00,2026-09-27,2026-09-27-36340818057,business-economy,496948e37fe401533500949aa8cd60aeed80f1efa910915af2428e7d6747dea4,False,,0.0,1.25,1.140559,1.140559
2026-09-14T11:00,2026-09-27,2026-09-27-36340818057,business-economy,7a17eff629af8965026f2da5af628bb7bef0308cfc8567956f5318be813be0ee,False,,0.0,1.25,1.134671,1.134671
2026-09-14T11:00,2026-09-27,2026-09-27-36340818057,business-economy,6834558c18f3fd57c267a23b0ec73f69ad9ba1a765090ff93e2d75ebfb5a3915,False,,0.0,1.25,1.134436,1.134436
2026-09-14T11:00,2026-09-27,2026-09-27-36340818057,business-economy,935e7324fc8ac33a2b87973a23965454efbaca4f1b3665f5f21cef5ae8f68e38,False,,0.0,1.25,1.107233,1.107233
2026-09-14T11:00,2026-09-27,2026-09-27-36340818057,business-economy,7f081c304687abfb652f664acd52e98a485a453728837c1ea51d91d8199e4487,False,,0.0,1.25,1.105878,1.105878
2026-09-14T11:00,2026-09-27,2026-09-27-36340818057,business-economy,2477d968c485784c48a36b00f0e9bc9263f18a9ba76d9ec4ca26a69922d47aa8,False,,0.0,1.25,1.101262,1.101262
2026-09-14T11:00,2026-09-27,2026-09-27-36340818057,business-economy,bddae9905a718670c4ddbf24556e337c9d8a5800d81fbadebe20204f220cfa53,False,,0.0,1.25,1.096571,1.096571
2026-09-14T11:00,2026-09-27,2026-09-27-36340818057,business-economy,f54b0e41460900f9a5ac6686e493db624818508bf83d1a579fa8ea666ae979b0,False,,0.0,1.25,1.091203,1.091203
2026-09-14T11:00,2026-09-27,2026-09-27-36340818057,world,47e92313b372ed0b47bfcb52cc245c10a7af61a785669484dd292ae8dde1c4ec,True,,0.0,1.25,1.24257,1.24257
2026-09-14T11:00,2026-09-27,2026-09-27-36340818057,world,b76f275474a77f3b8b50b66dee03eed2a85aa90145d24dc2036cc10e6b1533fa,True,,0.0,1.25,1.238699,1.238699
2026-09-14T11:00,2026-09-27,2026-09-27-36340818057,world,59c2edca2a5bfa35dda1c1dc28c05a15fd3654923fd7ab306d418338e6447b0b,False,,0.0,1.25,1.238671,1.238671
2026-09-14T11:00,2026-09-27,2026-09-27-36340818057,world,d67c9733845731e3365ec83d3f4cf5d3cecab8e88ee8cd7a7dd12c630cb97b48,False,,0.0,1.25,1.238641,1.238641
2026-09-14T11:00,2026-09-27,2026-09-27-36340818057,world,d5accf6d1e3a02cb76d2fe51c1e12eccf905c681c347d3465cef89355f1c0c00,False,,0.0,1.25,1.2386,1.2386
2026-09-14T11:00,2026-09-27,2026-09-27-36340818057,world,d97d9749e96be52ecf94f97e63780f336307a6ed60d4de2f320e1bda9b2a33e3,True,,0.0,1.25,1.193254,1.193254
2026-09-14T11:00,2026-09-27,2026-09-27-36340818057,world,28d66c2efdc15d373927472267279b8f1ec6fd38e61ca84f4b07f0482a668032,True,,0.0,1.25,1.19069,1.19069
2026-09-14T11:00,2026-09-27,2026-09-27-36340818057,world,809bc9453ff59278809330d25b22fccb97591b6537db5ced795c084555d2e6d6,True,,0.0,1.25,1.188772,1.188772
2026-09-14T11:00,2026-09-27,2026-09-27-36340818057,world,2a139a36c4dc36a8d8574e220bf5659800c2c2720fa7f86a3b12c4db84dca9ff,True,,0.0,1.25,1.186923,1.186923
2026-09-14T11:00,2026-09-27,2026-09-27-36340818057,world,6dfb5b0510c34b5b7ddbd05b761b57bce9a87496db5e3cf549ec452a56e0a0d3,True,,0.0,1.25,1.18593,1.18593
2026-09-14T11:00,2026-09-27,2026-09-27-36340818057,world,7d0e5a752957b8681c792e27997b4f15c5f1ee537b3008feb831aa2745fbc331,True,,0.0,1.25,1.183811,1.183811
2026-09-14T11:00,2026-09-27,2026-09-27-36340818057,world,b7ec8104bfc8df57dccbbe0e87e8888b45040dfe6184b329c68a9c8890c14163,False,,0.0,1.25,1.183437,1.183437
2026-09-14T11:00,2026-09-27,2026-09-27-36340818057,world,82522c2d5c8d724937e8202cbd0c6c5141fb837cc4da0389a717c29ab45cf352,True,,0.0,1.25,1.183206,1.183206
2026-09-14T11:00,2026-09-27,2026-09-27-36340818057,world,67b281936fb346e2d1d902577bb96f93571ed563beb12adc17158ec6f0e5330e,True,,0.0,1.25,1.181568,1.181568
2026-09-14T11:00,2026-09-27,2026-09-27-36340818057,world,dd205943227e43e85e2845577005d8992944b603e2a1f8afc8ad6ea0cf4f954d,True,,0.0,1.25,1.180492,1.180492
2026-09-14T11:00,2026-09-27,2026-09-27-36340818057,world,9e271db0ff9feef740ec0b523e1b19be59d201ec41845c8006bc9c2a7f61b047,True,,0.0,1.25,1.176773,1.176773
2026-09-14T11:00,2026-09-27,2026-09-27-36340818057,world,8b48add449e53fb8d03aa38590dfea4a6a79b07f47474f45ca5349d340452724,False,,0.0,1.25,1.175275,1.175275
2026-09-14T11:00,2026-09-27,2026-09-27-36340818057,world,a5806d7a1b2af564fa89fb687a668bb98c4c1c260a6673f7ef6dd98545100c1b,False,,0.0,1.25,1.17522,1.17522
2026-09-14T11:00,2026-09-27,2026-09-27-36340818057,world,3755fe24c9dd147399d0484d4520bc50dee5b20d976c142b714813e01c42160c,False,,0.0,1.25,1.174642,1.174642
2026-09-14T11:00,2026-09-27,2026-09-27-36340818057,world,15c6c9781a7db500a337ce491e393fa0d6037aaf3a120e14430e31a2e189a1c6,False,,0.0,1.25,1.171583,1.171583
2026-09-14T11:00,2026-09-27,2026-09-27-36340818057,world,01f31c5d13210dcd017ff76ce9c39313ba997140ba410deb96ba324151fb7fa9,True,,0.0,1.25,1.169414,1.169414
2026-09-14T11:00,2026-09-27,2026-09-27-36340818057,world,fdfae2eedbda549baf9f652567070b41551ab936641fc8762581ce76e922e48b,False,,0.0,1.25,1.166131,1.166131
2026-09-14T11:00,2026-09-27,2026-09-27-36340818057,world,4ac208a08795da871e38da417ad5378bfc423d3cfe54143e15de7e75bcc7ea55,False,,0.0,1.25,1.165296,1.165296
2026-09-14T11:00,2026-09-27,2026-09-27-36340818057,world,d254f2f8f7de99a13b765a0e3bacce87c249bee8014ff7b393e11327aaec4d91,False,,0.0,1.25,1.165078,1.165078
2026-09-14T11:00,2026-09-27,2026-09-27-36340818057,world,c5cf1053301e24e823132c06ad386f7bb699af11ddda401496725545123b8ed3,True,,0.0,1.25,1.157692,1.157692
2026-09-14T11:00,2026-09-27,2026-09-27-36340818057,world,7aa4a4c13a72946b79a4a01b28bc8724d961fb5f355b17d359b6824503b9c2af,False,,0.0,1.25,1.157561,1.157561
2026-09-14T11:00,2026-09-27,2026-09-27-36340818057,world,a01e4d05dc8a41fa2032bb8614265f50ce1a107bad15f2a7c199533bb9eb1ed2,False,,0.0,1.25,1.156732,1.156732
2026-09-14T11:00,2026-09-27,2026-09-27-36340818057,world,ce0342d73759c7e4aa384b5b670a628367ac6e967dbdccbc32098978f627a8a8,False,,0.0,1.25,1.154978,1.154978
2026-09-14T11:00,2026-09-27,2026-09-27-36340818057,world,b26716ff1a2a0a811507942ef975345a1a9f756bb8b94deee89bdbea8310a08a,False,,0.0,1.25,1.154029,1.154029
2026-09-14T11:00,2026-09-27,2026-09-27-36340818057,world,b4ce61926b59c2cde9b04a2469194928ada0622dc88472504a86eacc2ca55b9f,False,,0.0,1.25,1.152189,1.152189
2026-09-14T11:00,2026-09-27,2026-09-27-36340818057,world,e5b1e4bb9aded2a303f20c5c178f63fb541092040e6e002d4f1266073834c9ab,False,,0.0,1.25,1.146934,1.146934
2026-09-14T11:00,2026-09-27,2026-09-27-36340818057,world,b969bbdfc2025f4c9c5055c0c0f43cc801ec9a0a1d76cb9cea4a7ba351b6f761,True,,0.0,1.25,1.145864,1.145864
2026-09-14T11:00,2026-09-27,2026-09-27-36340818057,world,a5e53012cdf24b9b7887a28853b23f4c0f55840c9f8acd88426f82127cb667fd,False,,0.0,1.25,1.145497,1.145497
2026-09-14T11:00,2026-09-27,2026-09-27-36340818057,world,f1c6b3eb91240aadc962707ea053f46787217f2cdd5c6b13eb84b91d39394dc3,False,,0.0,1.25,1.145234,1.145234
2026-09-14T11:00,2026-09-27,2026-09-27-36340818057,world,fa26b0f80987428aff06a0310855286b3c02e99ce30ff638583f09673a11c788,False,,0.0,1.25,1.143813,1.143813
2026-09-14T11:00,2026-09-27,2026-09-27-36340818057,world,9e89b3b351dfa5cd5014062705a6d10d7e6d362e5d3742e2570662872acb63cc,True,,0.0,1.25,1.114627,1.114627
2026-09-14T11:00,2026-09-27,2026-09-27-36340818057,world,7100890aebf9c3e8e4b395ebfe391750f2d386af77db424b7716a3c4f55cdbfc,True,,0.0,1.25,1.114297,1.114297
2026-09-14T11:00,2026-09-27,2026-09-27-36340818057,world,e4ac2c94fe298927e44a11e1d9dfd2ad828c385d873ae6e7fd86ed1b72f822a8,True,,0.0,1.25,1.093394,1.093394
2026-09-14T11:00,2026-09-27,2026-09-27-36340818057,world,0bae4e122e342e9f3248d4dcb677efb2dd1e5540ecd0b721d9c668a6cd37179e,True,,0.0,1.25,1.061083,1.061083
2026-09-14T11:00,2026-09-27,2026-09-27-36340818057,world,28633f3de010793e4befad40076ebe284621a1cc22c39782816d14913f0c90c9,True,,0.0,1.25,1.052377,1.052377
2026-09-14T11:00,2026-09-27,2026-09-27-36340818057,world,02cb23defd3b0a2949a38da750ff6f2402f5a473d0c89fbfdca0481182c54ca4,True,,0.0,1.25,1.042326,1.042326
2026-09-14T11:00,2026-09-27,2026-09-27-36340818057,world,3f14c8ed484faafd4299040b531d54e2e838866d83adf2d7b96b5e0a8c4e8c75,True,,0.0,1.25,1.025186,1.025186
2026-09-14T11:00,2026-09-27,2026-09-27-36340818057,world,d39776a253daa7b8cdd76a471b4361d23f587ad21718321d2d24db2dd131ddc0,True,,0.0,1.25,1.024173,1.024173
2026-09-14T11:00,2026-09-27,2026-09-27-36340818057,world,0ba8b6c6de560a45c6322e2f7e70c19b8c80c44acc9f9fc9c1d816e7b0d7d0de,True,,0.0,1.25,1.023167,1.023167
2026-09-14T11:00,2026-09-27,2026-09-27-36340818057,world,524cd65e4b1ee8ad4b3c4172ffceb6ce00aca5cb8b35577ece8c231aa85cee6c,True,,0.0,1.25,1.018687,1.018687
2026-09-14T11:00,2026-09-27,2026-09-27-36340818057,world,efa27c1a1c76c95771510d295e48d2a4123b74d07feefd65bbfc4a3cc8087bca,True,,0.0,1.25,0.943369,0.943369
2026-09-14T11:00,2026-09-27,2026-09-27-36340818057,world,50efd63c59ef565705ea8142a7282a6a51fa77ddc15de0d67598a9100e67a63e,True,,0.0,1.25,0.943369,0.943369
2026-09-14T11:00,2026-09-27,2026-09-27-36340818057,world,e2c1802a9ffac04433d4fab23c801f905564381cfe168686185d8eb11314bfef,True,,0.0,1.25,0.786742,0.786742
2026-09-14T11:00,2026-09-27,2026-09-27-36340818057,world,091992684ef4645dbcb43af392c6acd71a795a63633af7f21f462fdd3d4d6f21,True,,0.0,1.25,0.705851,0.705851
2026-09-14T11:00,2026-09-27,2026-09-27-36340818057,india,1a44c8022992e3cd4071de7dc5455120494cd42ce32ef0b64eab74bbaf8af5d3,True,,0.0,1.25,1.635822,1.635822
2026-09-14T11:00,2026-09-27,2026-09-27-36340818057,india,8616e7a849a90dfe61bbb93bcddfc05ddbabb5c512392c16823715f1923f9722,True,,0.0,1.25,1.551709,1.551709
2026-09-14T11:00,2026-09-27,2026-09-27-36340818057,india,ccc5fac81ab407d6bd03511c0b940087a468bfd164c3568676cfcdb366ff2f96,True,,0.0,1.25,1.523113,1.523113
2026-09-14T11:00,2026-09-27,2026-09-27-36340818057,india,a8e15a55183ed289b267fa2f97c0ac58b9ecf8de33df12acee9bfa94dd51e590,False,,0.0,1.25,1.521257,1.521257
2026-09-14T11:00,2026-09-27,2026-09-27-36340818057,india,7b76bd1dc829c672375e927fb653408a4c65410f9e7742f29d15e1f9bc7fc53c,True,,0.0,1.25,1.44604,1.44604
2026-09-14T11:00,2026-09-27,2026-09-27-36340818057,india,56e0775f9d4bf0361299a380295628201dce1c96dbc86ef1e4d16513c9d6bbc7,True,,0.0,1.25,1.445836,1.445836
2026-09-14T11:00,2026-09-27,2026-09-27-36340818057,india,907f27688c5f5319be16de96583ba769ab247ab813c611b4aa9bceceaa616841,False,,0.0,1.25,1.44288,1.44288
2026-09-14T11:00,2026-09-27,2026-09-27-36340818057,india,9a79b4ac2a296a6d3c90a0ffe184a92124590d8c233763388ba7721d697bbd33,False,,0.0,1.25,1.440905,1.440905
2026-09-14T11:00,2026-09-27,2026-09-27-36340818057,india,1e67d40f4f8035ea747658189cd7211c99d5dbd8570dff92a6bc9407be6fbc73,False,,0.0,1.25,1.435556,1.435556
2026-09-14T11:00,2026-09-27,2026-09-27-36340818057,india,766b3b07bcbe299f8db2971e5c7dc4d8bf5f0692490b4cf59a930ea296ebaba3,False,,0.0,1.25,1.434355,1.434355
2026-09-14T11:00,2026-09-27,2026-09-27-36340818057,india,a53b1e6a1e0e42b99f90a2a781d9fee34510c6574cbc632faaa03c1c0fbdfac7,False,,0.0,1.25,1.43358,1.43358
2026-09-14T11:00,2026-09-27,2026-09-27-36340818057,india,061f56f2dc2a887c70b3afc95b7ed0d4a2665fe6a776d7b1a5f72d22aff582b9,False,,0.0,1.25,1.43158,1.43158
2026-09-14T11:00,2026-09-27,2026-09-27-36340818057,india,aa89f8b26aab919535c7956a5dc2a24b4bac60f7e3a27a0c5e2c1ab9de3ddc2e,False,,0.0,1.25,1.431282,1.431282
2026-09-14T11:00,2026-09-27,2026-09-27-36340818057,india,65d94f42b4564f6b11350adbb595d8c04151e9e4d46bd21ac2314bb68e5ed8c4,False,,0.0,1.25,1.429252,1.429252
2026-09-14T11:00,2026-09-27,2026-09-27-36340818057,india,8e10f3617de93fcbe6d1d1fc785447b3ee79336235335ade2e1162fa85993879,False,,0.0,1.25,1.429072,1.429072
2026-09-14T11:00,2026-09-27,2026-09-27-36340818057,india,54c514106fd289ba3d464b65563750bff16d7e85ccba82d9e49dd8d48b04899b,False,,0.0,1.25,1.428206,1.428206
2026-09-14T11:00,2026-09-27,2026-09-27-36340818057,india,1b5e0bd8520a34d55462f82960ccb415eafd9b77268f242560b971db1b8d3efe,False,,0.0,1.25,1.42781,1.42781
2026-09-14T11:00,2026-09-27,2026-09-27-36340818057,india,7f12ec0c7c8ff2b7e6f4dc023d59892ec90b44a5504711dcd9f84035f4cfea24,False,,0.0,1.25,1.427791,1.427791
2026-09-14T11:00,2026-09-27,2026-09-27-36340818057,india,b440e920de098801ccccf0983aa1cdc18902454fd73256f23c5c90896651ca1b,False,,0.0,1.25,1.427087,1.427087
2026-09-14T11:00,2026-09-27,2026-09-27-36340818057,india,f696618bce81f4268cc344fd12fb0d9e721522586928902d06ee3a2c125314c2,False,,0.0,1.25,1.426279,1.426279
2026-09-14T11:00,2026-09-27,2026-09-27-36340818057,india,9efc0aaf7110c6860b4fc2adb688a4b899877269fb2e615f48435e96cc16db52,False,,0.0,1.25,1.425608,1.425608
2026-09-14T11:00,2026-09-27,2026-09-27-36340818057,india,d4c1eb2b7001b568217ac0f19fc3ae70ff87f7979cc3e6a9467b3782c653e52c,False,,0.0,1.25,1.423083,1.423083
2026-09-14T11:00,2026-09-27,2026-09-27-36340818057,india,ee704147dcf327a362cd745de6e006a2677269489d95afd21f3bd40246acbb30,False,,0.0,1.25,1.422758,1.422758
2026-09-14T11:00,2026-09-27,2026-09-27-36340818057,india,120552050bbb14e43831d52e9a6dcba006d46d50633788fd9d90f1391ccd5777,False,,0.0,1.25,1.420251,1.420251
2026-09-14T11:00,2026-09-27,2026-09-27-36340818057,india,6fd29527d5117d7ea022e763212973b51a511d252695227adbfda52a62b2fb48,False,,0.0,1.25,1.419276,1.419276
2026-09-14T11:00,2026-09-27,2026-09-27-36340818057,india,962bf692b509cccbfc41553182b0a67dc641a8dec003808aa8db394c0c4ded0f,True,,0.0,1.25,1.40397,1.40397
2026-09-14T11:00,2026-09-27,2026-09-27-36340818057,india,6cd2ad68929bf8f90166472942ac959ae41c248b4c8243ca8abebf514dd3b887,True,,0.0,1.25,1.385724,1.385724
2026-09-14T11:00,2026-09-27,2026-09-27-36340818057,india,4763e5686803f7e1ba6ab2a5780425322c0aecd8785dd9a3cc6f1ab7ad87fda5,True,,0.0,1.25,1.197739,1.197739
2026-09-14T11:00,2026-09-27,2026-09-27-36340818057,india,85683bdaa83dec2cf1e317bb782f6639ab61be681fabb9b1651b33f827440f90,True,,0.0,1.25,1.19562,1.19562
2026-09-14T11:00,2026-09-27,2026-09-27-36340818057,india,0695838892542320d28361eed313d6b4dbe8371f69bd91d80ec322ac9014f6a4,True,,0.0,1.25,1.193642,1.193642
2026-09-14T11:00,2026-09-27,2026-09-27-36340818057,india,99a5c7134d8f8cabd3f32448ff1e0d3d85b902f3752ed6992c62d89973603ee2,True,,0.0,1.25,1.192208,1.192208
2026-09-14T11:00,2026-09-27,2026-09-27-36340818057,india,1c1aa528d9f2c64513725ede3325d30f51c88a0b39ecec9ade98ba18091d1a5b,True,,0.0,1.25,1.19143,1.19143
2026-09-14T11:00,2026-09-27,2026-09-27-36340818057,india,0f7ff258f8a1e3eb03fdec5ebd077554192bebee0a38ed86c3d65f5f1e12c923,True,,0.0,1.25,1.190538,1.190538
2026-09-14T11:00,2026-09-27,2026-09-27-36340818057,india,5a2aa4705ebad690edd6021c34bd3a93d98bd510f798f2c38107ef6c55093b20,True,,0.0,1.25,1.190052,1.190052
2026-09-14T11:00,2026-09-27,2026-09-27-36340818057,india,6689bb2cd70feb044b9373527ed841dd8802f2d903e41d19ffe2e7d16a46e7f0,True,,0.0,1.25,1.188665,1.188665
2026-09-14T11:00,2026-09-27,2026-09-27-36340818057,india,25d444ce6e7499924a873fe697d7d0bdfb8f50e768d6ad87801e81e7d18f6ebc,True,,0.0,1.25,1.18796,1.18796
2026-09-14T11:00,2026-09-27,2026-09-27-36340818057,india,788fcbe9ee632d3885617e94573ad9524ad6fe4fe38c09ca61b04007c7c42930,True,,0.0,1.25,1.18791,1.18791
2026-09-14T11:00,2026-09-27,2026-09-27-36340818057,india,190dede0bde0a3dbe38924f09c73a33b80855c66c221072b02ed1a937d339518,True,,0.0,1.25,1.18752,1.18752
2026-09-14T11:00,2026-09-27,2026-09-27-36340818057,india,ce3f5c5e511c7b394f24aaa646dd2468354c3e6a107fba4a8f493319b51161bb,True,,0.0,1.25,1.18676,1.18676
2026-09-14T11:00,2026-09-27,2026-09-27-36340818057,india,8fc671b64d4a80a9f4afaab2b4cf59c97871ecd06356745621aed08465a42e31,True,,0.0,1.25,1.180983,1.180983
2026-09-14T11:00,2026-09-27,2026-09-27-36340818057,india,54681da8546c5c0584e9930f5b21539b371f6fe29fab66989c7fefdcca207da8,True,,0.0,1.25,1.175097,1.175097
2026-09-14T11:00,2026-09-27,2026-09-27-36340818057,india,79d55837f2fb446b788767fc27c4b6dd09bda7d3b46c638feec0a1bbe9ee62e3,True,,0.0,1.25,1.161139,1.161139
2026-09-14T11:00,2026-09-27,2026-09-27-36340818057,india,856127f3a91064dc6911f1462fd897d6cd41023305060d86104652ece5788e46,True,,0.0,1.25,1.155662,1.155662
2026-09-14T11:00,2026-09-27,2026-09-27-36340818057,india,d6ee4e955bff9a95f5964d786a857a5c24c50d7a4650a921dec009ecd8bc3210,True,,0.0,1.25,1.154237,1.154237
2026-09-14T11:00,2026-09-27,2026-09-27-36340818057,india,d687a910b8bcd5d633484b4e8c63e44704dd7a5de33cf69b725526565adb9603,True,,0.0,1.25,1.14358,1.14358
2026-09-14T11:00,2026-09-27,2026-09-27-36340818057,india,2794662bf98a360ec0bdb33051d4e14bb8ffc6e6230ffe662374d26ce74253ea,True,,0.0,1.25,1.129208,1.129208
2026-09-14T11:00,2026-09-27,2026-09-27-36340818057,india,70bca9b2d5bc7f614d3e4ca1b72a2bd4072c2e8be2a1720d9ea8924ca5903e87,True,,0.0,1.25,1.101195,1.101195
2026-09-14T11:00,2026-09-27,2026-09-27-36340818057,india,ecf6f63abd49e9e48394b146f443821d3febe93aa0494e6e839ed88fe99cd261,True,,0.0,1.25,1.093074,1.093074
2026-09-14T11:00,2026-09-27,2026-09-27-36340818057,india,afe51d00bdcff2809d046dd4ee61a1206919bfa59d4be25b93c37a55bedd6729,True,,0.0,1.25,0.988447,0.988447
2026-09-14T11:00,2026-09-27,2026-09-27-36351695370,ai,d4465519738fc24c2a2150d31206b0633f43322950c7059091b9e3981fd8334a,True,chips,0.3,1.25,2.320111,2.395111
2026-09-14T11:00,2026-09-27,2026-09-27-36351695370,ai,c14ca803e3fc11697070897678f8be8aa64553ae0c43dde8e1a966f7c7ab31bb,True,,0.0,1.25,1.680381,1.680381
2026-09-14T11:00,2026-09-27,2026-09-27-36351695370,ai,a776633a7f7c7026cb15f882797d5e64b821675a84ce5f0304d7856a4691c5b1,True,,0.0,1.25,1.596104,1.596104
2026-09-14T11:00,2026-09-27,2026-09-27-36351695370,ai,dffa13eab9a63cfd6eb4bb0c3b4a1bc3c643fb8b11c53cadfa7d9c9ad2645b9b,True,,0.0,1.25,1.58997,1.58997
2026-09-14T11:00,2026-09-27,2026-09-27-36351695370,ai,8a64f84da0fe66f6d8d5c992f734fdf3b6b2ff0b09c909e16259bcf4b0cb897c,False,,0.0,1.25,1.58997,1.58997
2026-09-14T11:00,2026-09-27,2026-09-27-36351695370,ai,739f77d1480b7b7cf1b60939ad9faa8b3177c344f61dd579c93707320ede8a55,True,,0.0,1.25,1.58997,1.58997
2026-09-14T11:00,2026-09-27,2026-09-27-36351695370,ai,c69f39f3fad8b510443e9cf0bb18796dcbe484d0485a406c1bcef46734d5dda2,True,,0.0,1.25,1.58997,1.58997
2026-09-14T11:00,2026-09-27,2026-09-27-36351695370,ai,d6bcaddce67bced6494005a01b238991e5ed5e4d57985dd36951cc0307920be8,False,,0.0,1.25,1.58997,1.58997
2026-09-14T11:00,2026-09-27,2026-09-27-36351695370,ai,c2f34688f7eb2956d9417e48096830989bdbedff554615af561e40e6dbcba825,False,,0.0,1.25,1.58997,1.58997
2026-09-14T11:00,2026-09-27,2026-09-27-36351695370,ai,f21d7dd428c3ee8631395bc2de1e72a56b707247932892055a1025ae470d95f7,False,,0.0,1.25,1.58997,1.58997
2026-09-14T11:00,2026-09-27,2026-09-27-36351695370,ai,30da4a94c04786b3c31c0085275f21d2bf65408c16c6033cebf9366ad8d187c9,False,,0.0,1.25,1.58997,1.58997
2026-09-14T11:00,2026-09-27,2026-09-27-36351695370,ai,d0e5cca543fb14b801f97223db6d0edc93060b39f72a7d19db3b42bc892e32e2,True,,0.0,1.25,1.487612,1.487612
2026-09-14T11:00,2026-09-27,2026-09-27-36351695370,ai,7320b7473424a0a774dd2a5d8fd28a32dfdb8933c7f62bd4377967e35ddf532e,True,,0.0,1.25,1.457721,1.457721
2026-09-14T11:00,2026-09-27,2026-09-27-36351695370,ai,81631d9a3f9341e66967902b61b3e5e6f7976238a8a551a1de80927bde084f37,False,,0.0,1.25,1.443992,1.443992
2026-09-14T11:00,2026-09-27,2026-09-27-36351695370,ai,6887dab9f8072fe97b979ae6c2cf3e7e40303d4bbd8c52f40a852de811926398,True,,0.0,1.25,1.19613,1.19613
2026-09-14T11:00,2026-09-27,2026-09-27-36351695370,ai,3bb8d18f44686569065c10a81218307bc7a1b9834592cf316b6105692b3851ad,False,,0.0,1.25,1.166773,1.166773
2026-09-14T11:00,2026-09-27,2026-09-27-36351695370,ai,677808ac3cf6d5d50b24d20bf8d3e873f033ee5a89a1d5bd76a959ff2704b2eb,True,,0.0,1.25,1.087461,1.087461
2026-09-14T11:00,2026-09-27,2026-09-27-36351695370,ai,6893a25cf7173671a8ec08ed1678992d80a074759d586b417da12d76ac17fec4,True,,0.0,1.25,1.0683,1.0683
2026-09-14T11:00,2026-09-27,2026-09-27-36351695370,ai,081b603e74e005a0aead45288453b546774ee42169355bb1b496ccfa5c1db38e,False,,0.0,1.25,1.068295,1.068295
2026-09-14T11:00,2026-09-27,2026-09-27-36351695370,ai,040789c0d6915d773cf1c7e77ce4838a671bc5eece6f1b5b1bbd40e3e932a2d1,False,,0.0,1.25,1.001425,1.001425
2026-09-14T11:00,2026-09-27,2026-09-27-36351695370,ai,8cc0ce830d29369ea36176f0ca7c5b83a2be8d17f47048c04db33c856322afff,False,,0.0,1.25,0.843444,0.843444
2026-09-14T11:00,2026-09-27,2026-09-27-36351695370,energy,5b7bbe0214192fdddaf7d488b297b67d2258c6d0337b8e5a317cfcae3311aec9,True,,0.0,1.25,1.154895,1.154895
2026-09-14T11:00,2026-09-27,2026-09-27-36351695370,energy,df756e77b89fcaccd947598080dd0ce89fb7626efa3674eaa5e61881d0f9bcde,True,,0.0,1.25,1.146238,1.146238
2026-09-14T11:00,2026-09-27,2026-09-27-36351695370,energy,d7139aca70912c7387319a4de48b54d3f3568d8b6795374c4a0d9fc926ef8750,True,,0.0,1.25,1.105748,1.105748
2026-09-14T11:00,2026-09-27,2026-09-27-36351695370,energy,cd44c24adeed05c0d175d958b51e2cf4269a39daab80ba9eb72bad6a4c1ee5ab,True,,0.0,1.25,1.099528,1.099528
2026-09-14T11:00,2026-09-27,2026-09-27-36351695370,energy,64e2c9b9004a26472e89b851ddd01fc195e112974c91acf80faa7188e2dbedb8,False,,0.0,1.25,1.089562,1.089562
2026-09-14T11:00,2026-09-27,2026-09-27-36351695370,energy,c9b0133ad1869e2eb05011007cc39e47bf580600b50d1cbc9828b8b4a79c701a,True,,0.0,1.25,0.971658,0.971658
2026-09-14T11:00,2026-09-27,2026-09-27-36351695370,energy,8d98f1d1c605a060fcfc93f39f7360da17b4f8b0fc2398abc94b81d2489ffdb4,True,,0.0,1.25,0.892639,0.892639
2026-09-14T11:00,2026-09-27,2026-09-27-36351695370,energy,8721956b6ac42c5234546c769016dc777037b54957a63ec52c1838c5f9e9a045,True,,0.0,1.25,0.883718,0.883718
2026-09-14T11:00,2026-09-27,2026-09-27-36351695370,energy,d7c3a0362d18d094246464f6033586358cea10c6fe72bf4de65ab1bd8c6022a5,False,,0.0,1.25,0.814445,0.814445
2026-09-14T11:00,2026-09-27,2026-09-27-36351695370,energy,21c67298300475ed4ab3bf6ac0b8fcc6c516979bd2f1800b29398f6ba156e0cc,False,,0.0,1.25,0.758172,0.758172
2026-09-14T11:00,2026-09-27,2026-09-27-36351695370,energy,47b2287a243744d08c530e49f9863529de6f09a35bd6a914bfa07d5b62a7496f,False,,0.0,1.25,0.751154,0.751154
2026-09-14T11:00,2026-09-27,2026-09-27-36351695370,energy,c78405fb22f816b585d31cf4d96a7db78d91005979fba834ca9fd91bce18509a,False,,0.0,1.25,0.750498,0.750498
2026-09-14T11:00,2026-09-27,2026-09-27-36351695370,energy,7c725f84308c13c500708a120986a48998992bee59fa53d0185f0dbf54bf6a9f,False,,0.0,1.25,0.668444,0.668444
2026-09-14T11:00,2026-09-27,2026-09-27-36351695370,energy,5b75337da681205421aeb7f1db1786c4d83f18cf9e7d0fe8c24d0dadbeb6b67c,False,,0.0,1.25,0.665711,0.665711
2026-09-14T11:00,2026-09-27,2026-09-27-36351695370,business-economy,b314fb8961ebab02b64879b7b81065909279cbafe150a7921b0bd11dc1ddad88,True,,0.0,1.25,1.678763,1.678763
2026-09-14T11:00,2026-09-27,2026-09-27-36351695370,business-economy,154f56d2f42b481bff12121184a6f6ac3c7ebd7c4305ddcf7ad5f00bec0681f2,True,trade,0.3,1.25,1.390857,1.465857
2026-09-14T11:00,2026-09-27,2026-09-27-36351695370,business-economy,fbede003fa88977d8b857a6ea9f446b4dffae0e3b2b9d2cd759fc90cd0fa8d67,True,,0.0,1.25,1.191404,1.191404
2026-09-14T11:00,2026-09-27,2026-09-27-36351695370,business-economy,32f3311e3776858b0e238f4d0805f3dfd530a48a0ec5816a0a45359a94ca4502,True,,0.0,1.25,1.191031,1.191031
2026-09-14T11:00,2026-09-27,2026-09-27-36351695370,business-economy,581880e9d5fdf113884b762f472640c7c65b036381c66d49e64583b64f6d27fe,False,,0.0,1.25,1.190317,1.190317
2026-09-14T11:00,2026-09-27,2026-09-27-36351695370,business-economy,1ee4398cf570ca1d2164bd3ccce25efe762293382d3a42db16dad47b6609eed2,False,,0.0,1.25,1.189075,1.189075
2026-09-14T11:00,2026-09-27,2026-09-27-36351695370,business-economy,c21744c53c3801c2854f200fa8f2d007ca321fda393b7b016de50af828197470,False,,0.0,1.25,1.186993,1.186993
2026-09-14T11:00,2026-09-27,2026-09-27-36351695370,business-economy,8d8a7edf154b13f7ad645e9356e1acd6fd22f4bd0fdb09091c66dbadbd010aa6,False,,0.0,1.25,1.184255,1.184255
2026-09-14T11:00,2026-09-27,2026-09-27-36351695370,business-economy,ff87da5c48398f245afd75b24e7e23dcae11e38b513c04b827177b79ddf07ea3,False,,0.0,1.25,1.184193,1.184193
2026-09-14T11:00,2026-09-27,2026-09-27-36351695370,business-economy,e33d4ab7ab4b971b9b9bf5ffc54cf8ff256625822ac99a448701e432bce48913,False,,0.0,1.25,1.180263,1.180263
2026-09-14T11:00,2026-09-27,2026-09-27-36351695370,business-economy,60fc17cdd64fd630a9b345f214ef9efac8eba86ce38030b40db6a460ed1a875d,False,,0.0,1.25,1.178558,1.178558
2026-09-14T11:00,2026-09-27,2026-09-27-36351695370,business-economy,b9d28c1c797564d3851b7d7128302f48b666eee97ba1d300b17770c7343bb39c,False,,0.0,1.25,1.175571,1.175571
2026-09-14T11:00,2026-09-27,2026-09-27-36351695370,business-economy,44377eae3c09c1283ae37ea2f67e7733b7c39cc57dc6b742f4564a9b36f99f34,False,,0.0,1.25,1.168802,1.168802
2026-09-14T11:00,2026-09-27,2026-09-27-36351695370,business-economy,071b96fbccc1296c7583bcf9bf1165acd540ec88f435de4d1913710ebaf0b8e9,False,,0.0,1.25,1.158827,1.158827
2026-09-14T11:00,2026-09-27,2026-09-27-36351695370,business-economy,f704b9ad5ccc50a9d7901f2215be0e91a0e54dffdbad46335be61b2766f4d19b,False,,0.0,1.25,1.15854,1.15854
2026-09-14T11:00,2026-09-27,2026-09-27-36351695370,business-economy,361918b3c96b501f7bba74d30bbb37f06bedc284e5830faaaf91d77fcfce9524,False,,0.0,1.25,1.147765,1.147765
2026-09-14T11:00,2026-09-27,2026-09-27-36351695370,business-economy,bd1d6385929c9a9fc429e0d491921d68563bf90f53a8662b22d274d540ce8c20,True,,0.0,1.25,1.147361,1.147361
2026-09-14T11:00,2026-09-27,2026-09-27-36351695370,business-economy,8c2d0f6342ba0903a90984fca8d069fa2da6c832c555e656f606fbea80f04f5f,False,,0.0,1.25,1.146262,1.146262
2026-09-14T11:00,2026-09-27,2026-09-27-36351695370,business-economy,3c35731a3985d54f663f30ff8e76e76d15e1daf39472c9f77a190b16745e16b7,False,,0.0,1.25,1.144995,1.144995
2026-09-14T11:00,2026-09-27,2026-09-27-36351695370,business-economy,052932850e0932a6112f7b44e4812d947ea6edef8473f2cbe18abb1a8fbf4fef,False,,0.0,1.25,1.142001,1.142001
2026-09-14T11:00,2026-09-27,2026-09-27-36351695370,business-economy,388012e1ad2cfe513d382acde6d1fbdeb75e37effa5ff33327afcc75adc45546,False,,0.0,1.25,1.136125,1.136125
2026-09-14T11:00,2026-09-27,2026-09-27-36351695370,business-economy,bcf486e33ffc763ee9bb6d97cd499112d564f74a3e521ce9b0f6abb33a5f4895,False,,0.0,1.25,1.125716,1.125716
2026-09-14T11:00,2026-09-27,2026-09-27-36351695370,business-economy,24557561337161ad8ac2042f7ccdfd73272220982a03467e5fddc43e8671e427,False,,0.0,1.25,1.115525,1.115525
2026-09-14T11:00,2026-09-27,2026-09-27-36351695370,business-economy,99796e05fdf1b678f701e16dc4bf1602393ceb51939de7e14dcb1420127ed496,False,,0.0,1.25,1.108205,1.108205
2026-09-14T11:00,2026-09-27,2026-09-27-36351695370,business-economy,dae5913b05f0682d3473124156bd9e5cdff87255ed90490f7ee86284e8e19868,False,,0.0,1.25,1.105294,1.105294
2026-09-14T11:00,2026-09-27,2026-09-27-36351695370,business-economy,2d111298c01408987f377cc49dd6548c31ecc09dd019e83665b796992b4aff97,True,,0.0,1.25,1.096151,1.096151
2026-09-14T11:00,2026-09-27,2026-09-27-36351695370,business-economy,e0a3455995511e41130c04e7fec0d5a45613a43d83ca1b840e2243f655646736,True,,0.0,1.25,1.094562,1.094562
2026-09-14T11:00,2026-09-27,2026-09-27-36351695370,world,6e3325e52a2c5e0be5b95b7555b77e4e65c23914da2ae847f9cc2d31af4aca11,True,,0.0,1.25,1.1971,1.1971
2026-09-14T11:00,2026-09-27,2026-09-27-36351695370,world,88e9d11959400ed85d0e7048f04d84bab8b9617c3651dd4e59ca9746537b770d,True,,0.0,1.25,1.195664,1.195664
2026-09-14T11:00,2026-09-27,2026-09-27-36351695370,world,6f47ebbbfaf717d9d1c475f3dd8f56fb88fe626ec7bba2657d8666f6c39c3589,True,,0.0,1.25,1.195448,1.195448
2026-09-14T11:00,2026-09-27,2026-09-27-36351695370,world,6887dab9f8072fe97b979ae6c2cf3e7e40303d4bbd8c52f40a852de811926398,False,,0.0,1.25,1.195225,1.195225
2026-09-14T11:00,2026-09-27,2026-09-27-36351695370,world,695706d3cf7fd0658dccf57ccca7abcf3f5597f72c6a79d5e7ff333a11849174,True,,0.0,1.25,1.192861,1.192861
2026-09-14T11:00,2026-09-27,2026-09-27-36351695370,world,30a0c793eb298c3a32fc982afc8b9793024082528eaa616f90a03a7ae2833ac5,True,,0.0,1.25,1.19132,1.19132
2026-09-14T11:00,2026-09-27,2026-09-27-36351695370,world,45d700eb9dad55c0818e11d34226a99c78cfca37667e874a54118c161e9c2e49,True,,0.0,1.25,1.191313,1.191313
2026-09-14T11:00,2026-09-27,2026-09-27-36351695370,world,3ef73c4609374e3e700132848996686e3aea2b7e086fe20fd73aa6a777c1a694,False,,0.0,1.25,1.190987,1.190987
2026-09-14T11:00,2026-09-27,2026-09-27-36351695370,world,9e58735aef3e22958c95b816d928d73a25420067c2424185974aad5d77091cb4,True,,0.0,1.25,1.190835,1.190835
2026-09-14T11:00,2026-09-27,2026-09-27-36351695370,world,12d404925581993120505b7622f6cde9aae6cdafd4f7999ba0130ae8de933679,True,,0.0,1.25,1.190008,1.190008
2026-09-14T11:00,2026-09-27,2026-09-27-36351695370,world,98aac87fd1e81f51628b96fe1c5714dc791b9b2873e61c72946256a850de61b5,False,,0.0,1.25,1.18985,1.18985
2026-09-14T11:00,2026-09-27,2026-09-27-36351695370,world,77e6b4ba759576e8ad207a28ddf9b64e9094e805d93b1d2b598281e8ca67baf0,False,,0.0,1.25,1.188873,1.188873
2026-09-14T11:00,2026-09-27,2026-09-27-36351695370,world,e0ebd0ac0dba321f029b17c46990a68dd5a04c23cc7c7a88d612fb1f757b5079,False,,0.0,1.25,1.185419,1.185419
2026-09-14T11:00,2026-09-27,2026-09-27-36351695370,world,07670bd561b5b82d0e78e7d4945b6c13df594836b70dd50c4ecc03523d294006,False,,0.0,1.25,1.181655,1.181655
2026-09-14T11:00,2026-09-27,2026-09-27-36351695370,world,6a01d84c38739e6465e75f34004512de1ec4537cd8b6d3da736310ad45e35c79,False,,0.0,1.25,1.179351,1.179351
2026-09-14T11:00,2026-09-27,2026-09-27-36351695370,world,67e0e4c78b0a882ba9f3d9eb532989aa3d92def294d2080062bcfee338683188,False,,0.0,1.25,1.179023,1.179023
2026-09-14T11:00,2026-09-27,2026-09-27-36351695370,world,fd997f2f8e099535b46ebb582333413145fa6866736e365b580e68ca6719e52c,False,,0.0,1.25,1.178385,1.178385
2026-09-14T11:00,2026-09-27,2026-09-27-36351695370,world,3a5709efca55ebb0f90b9e30f1a61e0d7dab56bd077b6594533520b40ad894bb,False,,0.0,1.25,1.177211,1.177211
2026-09-14T11:00,2026-09-27,2026-09-27-36351695370,world,9ca75917263e701bd44863b17205d53d030e2fa59e0c28d1bd2ecb51a17eb336,True,,0.0,1.25,1.175731,1.175731
2026-09-14T11:00,2026-09-27,2026-09-27-36351695370,world,ce9e65fdeb70879046ce30bfaedd2a88fbb251a9b03dde80665b9bd02d6ff060,True,,0.0,1.25,1.16955,1.16955
2026-09-14T11:00,2026-09-27,2026-09-27-36351695370,world,74e1298f2644db0c4fbc7e02268309d556f35435a0192d906496c686862abced,False,,0.0,1.25,1.16927,1.16927
2026-09-14T11:00,2026-09-27,2026-09-27-36351695370,world,3b16d159785e6520a86294c9e563cac19d784678272b827f461c56b5e8a1eb7c,False,,0.0,1.25,1.168826,1.168826
2026-09-14T11:00,2026-09-27,2026-09-27-36351695370,world,69fd7c99a7cc10c288688c6b68ddce6f646aa450e7b5d3aee0997ec9a148f79c,False,,0.0,1.25,1.168473,1.168473
2026-09-14T11:00,2026-09-27,2026-09-27-36351695370,world,40292dd95f425f182bc7c50ed1ed9b59a453abe42ce0f235feff7dfe19b26bbf,False,,0.0,1.25,1.167762,1.167762
2026-09-14T11:00,2026-09-27,2026-09-27-36351695370,world,ce43d032b043384a5ab5179f13a3ef9f566ed802b26030c886eafc1194a52685,False,,0.0,1.25,1.165519,1.165519
2026-09-14T11:00,2026-09-27,2026-09-27-36351695370,world,0643af167671385bec666974b76435b0c6055d413b1d9238ff219e5e19264b72,False,,0.0,1.25,1.163834,1.163834
2026-09-14T11:00,2026-09-27,2026-09-27-36351695370,world,ddb1a1fca5e9f3722247ae37bbe0e9623149e463f206790b8d05fb35e00fe0ed,False,,0.0,1.25,1.162726,1.162726
2026-09-14T11:00,2026-09-27,2026-09-27-36351695370,world,11a40607833faedf0df522c9df108f9415a984cb66a292feba82aebce8e9e477,False,,0.0,1.25,1.159916,1.159916
2026-09-14T11:00,2026-09-27,2026-09-27-36351695370,world,bf72489f29f4e9db6c6a46de9736a6d2285c80da20389dfd2111cfd9b54daa18,False,,0.0,1.25,1.15737,1.15737
2026-09-14T11:00,2026-09-27,2026-09-27-36351695370,world,713528e5baca3e1f008fce460b5722c26c7262a2512aeda5a9ed2f2b2d1289e7,True,,0.0,1.25,1.156262,1.156262
2026-09-14T11:00,2026-09-27,2026-09-27-36351695370,world,de3881097e0fd95670a5ad46fb312916272a89a2abbd0590191559dd06a0ad65,False,,0.0,1.25,1.154243,1.154243
2026-09-14T11:00,2026-09-27,2026-09-27-36351695370,world,fa348e9b8c889aeb0f07140a8cb0bf94e63d6b7e37694209418aa84390682205,True,,0.0,1.25,1.147074,1.147074
2026-09-14T11:00,2026-09-27,2026-09-27-36351695370,world,1ba2d39349f821d80d7a1379a96bd81d90892db7e6b744dde1240c92010165fa,True,,0.0,1.25,1.147028,1.147028
2026-09-14T11:00,2026-09-27,2026-09-27-36351695370,world,6dfb5b0510c34b5b7ddbd05b761b57bce9a87496db5e3cf549ec452a56e0a0d3,True,,0.0,1.25,1.122279,1.122279
2026-09-14T11:00,2026-09-27,2026-09-27-36351695370,world,7d0e5a752957b8681c792e27997b4f15c5f1ee537b3008feb831aa2745fbc331,True,,0.0,1.25,1.121236,1.121236
2026-09-14T11:00,2026-09-27,2026-09-27-36351695370,world,82522c2d5c8d724937e8202cbd0c6c5141fb837cc4da0389a717c29ab45cf352,True,,0.0,1.25,1.120696,1.120696
2026-09-14T11:00,2026-09-27,2026-09-27-36351695370,world,01f31c5d13210dcd017ff76ce9c39313ba997140ba410deb96ba324151fb7fa9,True,,0.0,1.25,1.107533,1.107533
2026-09-14T11:00,2026-09-27,2026-09-27-36351695370,world,9e89b3b351dfa5cd5014062705a6d10d7e6d362e5d3742e2570662872acb63cc,True,,0.0,1.25,1.059467,1.059467
2026-09-14T11:00,2026-09-27,2026-09-27-36351695370,world,e4ac2c94fe298927e44a11e1d9dfd2ad828c385d873ae6e7fd86ed1b72f822a8,True,,0.0,1.25,1.04051,1.04051
2026-09-14T11:00,2026-09-27,2026-09-27-36351695370,world,3f14c8ed484faafd4299040b531d54e2e838866d83adf2d7b96b5e0a8c4e8c75,True,,0.0,1.25,0.979613,0.979613
2026-09-14T11:00,2026-09-27,2026-09-27-36351695370,world,524cd65e4b1ee8ad4b3c4172ffceb6ce00aca5cb8b35577ece8c231aa85cee6c,True,,0.0,1.25,0.973811,0.973811
2026-09-14T11:00,2026-09-27,2026-09-27-36351695370,world,efa27c1a1c76c95771510d295e48d2a4123b74d07feefd65bbfc4a3cc8087bca,True,,0.0,1.25,0.906566,0.906566
2026-09-14T11:00,2026-09-27,2026-09-27-36351695370,world,50efd63c59ef565705ea8142a7282a6a51fa77ddc15de0d67598a9100e67a63e,True,,0.0,1.25,0.906566,0.906566
2026-09-14T11:00,2026-09-27,2026-09-27-36351695370,world,e2c1802a9ffac04433d4fab23c801f905564381cfe168686185d8eb11314bfef,True,,0.0,1.25,0.734571,0.734571
2026-09-14T11:00,2026-09-27,2026-09-27-36351695370,world,091992684ef4645dbcb43af392c6acd71a795a63633af7f21f462fdd3d4d6f21,True,,0.0,1.25,0.66235,0.66235
2026-09-14T11:00,2026-09-27,2026-09-27-36351695370,india,91e54e4e6f943b33e747edd953860ca8f5f69827b9999e50aaa0c5e68277c6a6,True,,0.0,1.25,1.645036,1.645036
2026-09-14T11:00,2026-09-27,2026-09-27-36351695370,india,8afdd9f6ee99e9c303b2265b1aa7a14a1fa804ff6785eff3bb5f49eda419cbba,True,,0.0,1.25,1.633157,1.633157
2026-09-14T11:00,2026-09-27,2026-09-27-36351695370,india,1a44c8022992e3cd4071de7dc5455120494cd42ce32ef0b64eab74bbaf8af5d3,True,,0.0,1.25,1.57839,1.57839
2026-09-14T11:00,2026-09-27,2026-09-27-36351695370,india,8616e7a849a90dfe61bbb93bcddfc05ddbabb5c512392c16823715f1923f9722,True,,0.0,1.25,1.503293,1.503293
2026-09-14T11:00,2026-09-27,2026-09-27-36351695370,india,ccc5fac81ab407d6bd03511c0b940087a468bfd164c3568676cfcdb366ff2f96,True,,0.0,1.25,1.477762,1.477762
2026-09-14T11:00,2026-09-27,2026-09-27-36351695370,india,a8e15a55183ed289b267fa2f97c0ac58b9ecf8de33df12acee9bfa94dd51e590,False,,0.0,1.25,1.476105,1.476105
2026-09-14T11:00,2026-09-27,2026-09-27-36351695370,india,772d26c4562455cb8fdece4639ebc004b4525cd7b326bc80b9a65f2af24fc256,True,,0.0,1.25,1.441037,1.441037
2026-09-14T11:00,2026-09-27,2026-09-27-36351695370,india,8fa191384e31126ea9b63cde0f97db4487bd4aff5347731c4a293b58dcf165de,True,,0.0,1.25,1.439308,1.439308
2026-09-14T11:00,2026-09-27,2026-09-27-36351695370,india,f0d25675406bb057a9e83457cd8c64784809ad55e0ca8322db277ac9d8883e20,False,,0.0,1.25,1.434468,1.434468
2026-09-14T11:00,2026-09-27,2026-09-27-36351695370,india,c2cd4e6cd55921109f68eb32f4cea6642cee205cecf46a205d45acb71ca4a4c3,False,,0.0,1.25,1.432315,1.432315
2026-09-14T11:00,2026-09-27,2026-09-27-36351695370,india,18cf5d59f77831e4323389305dc736f345166a7b6406955976b4fcb09aad8f7b,False,,0.0,1.25,1.426557,1.426557
2026-09-14T11:00,2026-09-27,2026-09-27-36351695370,india,4ad3defcfc85237715e104335ade0a5866bcf7f8edc2c81a443d093047956fc7,True,,0.0,1.25,1.412425,1.412425
2026-09-14T11:00,2026-09-27,2026-09-27-36351695370,india,cbcacbc89106ec7e9e39f9be303ab62cb216515b936988c89596eb168eed8b0b,True,,0.0,1.25,1.411025,1.411025
2026-09-14T11:00,2026-09-27,2026-09-27-36351695370,india,364b628cea8606a6dcfe5dda2037058f4ea42cea235f1457e011b1f602a86a61,False,,0.0,1.25,1.408498,1.408498
2026-09-14T11:00,2026-09-27,2026-09-27-36351695370,india,f3adc05c30716643a2ca3915f577662ebdbd23bae1e7015430fa2ee7f26e73c8,False,,0.0,1.25,1.401741,1.401741
2026-09-14T11:00,2026-09-27,2026-09-27-36351695370,india,7b76bd1dc829c672375e927fb653408a4c65410f9e7742f29d15e1f9bc7fc53c,False,,0.0,1.25,1.399068,1.399068
2026-09-14T11:00,2026-09-27,2026-09-27-36351695370,india,369fb3ef99b20c3e6783e56ffa06e5a38a1ed7750e40f5027a8a41191472a54b,False,,0.0,1.25,1.397537,1.397537
2026-09-14T11:00,2026-09-27,2026-09-27-36351695370,india,f05d04b5612eb583081e97297f170d32d5117b4cb5ccbc6d739c7bef38f75e7c,False,,0.0,1.25,1.397332,1.397332
2026-09-14T11:00,2026-09-27,2026-09-27-36351695370,india,4656b15172377a0bcb1fbacacd33047025bce31acd82fd4990ea8c04faedab13,False,,0.0,1.25,1.393482,1.393482
2026-09-14T11:00,2026-09-27,2026-09-27-36351695370,india,67ce122594ad854ed187dc44c89f63df01d5c68b7c2d937c411aaeae616224a5,False,,0.0,1.25,1.391961,1.391961
2026-09-14T11:00,2026-09-27,2026-09-27-36351695370,india,5352a5e72d5a1014576da492c3244e9db9267b939efb3a1f897dfcce3e9d2e46,False,,0.0,1.25,1.391086,1.391086
2026-09-14T11:00,2026-09-27,2026-09-27-36351695370,india,118e943975eb7f9c7a13a1a3286b55ceb567252a46440cce0dd88305cc980ded,False,,0.0,1.25,1.390976,1.390976
2026-09-14T11:00,2026-09-27,2026-09-27-36351695370,india,ed1947d15a4b7d69d2487ae05803d8ec37386e003cb0cdc96b964c7679f96441,False,,0.0,1.25,1.389814,1.389814
2026-09-14T11:00,2026-09-27,2026-09-27-36351695370,india,79566012f3fb36ec2a9eea33331026c5c189abc95cab9f0520a448b261c3a4c2,False,,0.0,1.25,1.388205,1.388205
2026-09-14T11:00,2026-09-27,2026-09-27-36351695370,india,08ee81181517975cc8795a2f99aa2a50efc2e205b702a020a05646186e689eb3,False,,0.0,1.25,1.387118,1.387118
2026-09-14T11:00,2026-09-27,2026-09-27-36351695370,india,d7ffafe8c6b928e0737eb3641eee3c0f677cda7d70a8d58f9643d477afb5a1c1,False,,0.0,1.25,1.386062,1.386062
2026-09-14T11:00,2026-09-27,2026-09-27-36351695370,india,56e0775f9d4bf0361299a380295628201dce1c96dbc86ef1e4d16513c9d6bbc7,False,,0.0,1.25,1.381972,1.381972
2026-09-14T11:00,2026-09-27,2026-09-27-36351695370,india,907f27688c5f5319be16de96583ba769ab247ab813c611b4aa9bceceaa616841,False,,0.0,1.25,1.379333,1.379333
2026-09-14T11:00,2026-09-27,2026-09-27-36351695370,india,9a79b4ac2a296a6d3c90a0ffe184a92124590d8c233763388ba7721d697bbd33,False,,0.0,1.25,1.377569,1.377569
2026-09-14T11:00,2026-09-27,2026-09-27-36351695370,india,868adbd1a9e030fe16881e423ce539f4bf987288e6c0dfabe065068c09e230cf,True,,0.0,1.25,1.195989,1.195989
2026-09-14T11:00,2026-09-27,2026-09-27-36351695370,india,0f14db1b8150f3f11677f573fd6f83c278f0943071db0a0abbec6a8b158c5d6f,True,,0.0,1.25,1.182445,1.182445
2026-09-14T11:00,2026-09-27,2026-09-27-36351695370,india,07670bd561b5b82d0e78e7d4945b6c13df594836b70dd50c4ecc03523d294006,True,,0.0,1.25,1.181655,1.181655
2026-09-14T11:00,2026-09-27,2026-09-27-36351695370,india,0827b7ce22b0b2199b62b4b8c6b2d777fc477f595dc87e66e72416d85d618550,True,,0.0,1.25,1.174132,1.174132
2026-09-14T11:00,2026-09-27,2026-09-27-36351695370,india,a4c092fb34ef7e5e7c7817808eb0a1b8e896e147d19e0ec4d13976cb54e97143,True,,0.0,1.25,1.168637,1.168637
2026-09-14T11:00,2026-09-27,2026-09-27-36351695370,india,98c9c4c5e2fd5dfccfd012e7272ee4a383189077c72b4f40208f7d0655f246b0,True,,0.0,1.25,1.16269,1.16269
2026-09-14T11:00,2026-09-27,2026-09-27-36351695370,india,482041bd1388bd91a61fe851488e15edb43c52748742136fffc1d42ae1b51b03,True,,0.0,1.25,1.142709,1.142709
2026-09-14T11:00,2026-09-27,2026-09-27-36351695370,india,f8399e8db082c40ee5838dacf46e1ff87d3ca7bcddfa30f42ef74bd1c8eba21c,True,,0.0,1.25,1.138609,1.138609
2026-09-14T11:00,2026-09-27,2026-09-27-36351695370,india,4fcbd549da77b9a8788c36b3f012fbf1d637e2d9b923a6e775739bbdda751b3c,True,,0.0,1.25,1.138378,1.138378
2026-09-14T11:00,2026-09-27,2026-09-27-36351695370,india,10bf6c8e387fa129e05f6b777ded0cc582bf6276ba81e93edc70f0222a7bd7da,True,,0.0,1.25,1.137262,1.137262
2026-09-14T11:00,2026-09-27,2026-09-27-36351695370,india,4763e5686803f7e1ba6ab2a5780425322c0aecd8785dd9a3cc6f1ab7ad87fda5,True,,0.0,1.25,1.133671,1.133671
2026-09-14T11:00,2026-09-27,2026-09-27-36351695370,india,0f7ff258f8a1e3eb03fdec5ebd077554192bebee0a38ed86c3d65f5f1e12c923,True,,0.0,1.25,1.127242,1.127242
2026-09-14T11:00,2026-09-27,2026-09-27-36351695370,india,79d55837f2fb446b788767fc27c4b6dd09bda7d3b46c638feec0a1bbe9ee62e3,True,,0.0,1.25,1.100994,1.100994
2026-09-14T11:00,2026-09-27,2026-09-27-36351695370,india,856127f3a91064dc6911f1462fd897d6cd41023305060d86104652ece5788e46,True,,0.0,1.25,1.096104,1.096104
2026-09-14T11:00,2026-09-27,2026-09-27-36351695370,india,d6ee4e955bff9a95f5964d786a857a5c24c50d7a4650a921dec009ecd8bc3210,True,,0.0,1.25,1.094832,1.094832
2026-09-14T11:00,2026-09-27,2026-09-27-36351695370,india,d687a910b8bcd5d633484b4e8c63e44704dd7a5de33cf69b725526565adb9603,True,,0.0,1.25,1.085317,1.085317
2026-09-14T11:00,2026-09-27,2026-09-27-36351695370,india,2794662bf98a360ec0bdb33051d4e14bb8ffc6e6230ffe662374d26ce74253ea,True,,0.0,1.25,1.072486,1.072486
2026-09-14T11:00,2026-09-27,2026-09-27-36351695370,india,70bca9b2d5bc7f614d3e4ca1b72a2bd4072c2e8be2a1720d9ea8924ca5903e87,True,,0.0,1.25,1.04704,1.04704
2026-09-14T11:00,2026-09-27,2026-09-27-36351695370,india,ecf6f63abd49e9e48394b146f443821d3febe93aa0494e6e839ed88fe99cd261,True,,0.0,1.25,1.039789,1.039789
