version,url_key,first_seen_at,first_seen_run
2026-08-31,008296c3797e73fdd849661be1773a01822f2898a1982a9bfb5508ac27df1d74,2026-09-04T07:16:52Z,2026-09-04-33847976061
2026-08-31,00a06fecfa42dff28ff0ee694832c2dca394497ff5e3ea3ce541f98a593c2e82,2026-09-04T07:16:52Z,2026-09-04-33847976061
2026-08-31,00a2426b384b5709eff8cfd92d88970e12a6ee8103aff6e547b77a25fc042f0b,2026-09-04T07:16:52Z,2026-09-04-33847976061
2026-08-31,00be3cf798a8655193f8c17d2ed7eb69f8cae99b5f02839208dea4a6bf0bae27,2026-09-04T07:16:52Z,2026-09-04-33847976061
2026-08-31,0117159d8a2458753fa789b3adfe98868002d0de66cc2585b96a8b368bf23f47,2026-09-04T07:16:52Z,2026-09-04-33847976061
2026-08-31,0142364f50ed0eb99f352a7ed2e039a0fc4680bfbb090fe5a3c7f3ac3159a77f,2026-09-04T07:16:52Z,2026-09-04-33847976061
2026-08-31,0195b43ba35a30f108bcc601f751203204a4b0ca2f8cf6d3734d6794469f0392,2026-09-04T07:16:52Z,2026-09-04-33847976061
2026-08-31,019cb3dae24faa44be6ddefca97d82f343f0fca01139bbed1a6e867149f92e71,2026-09-04T07:16:52Z,2026-09-04-33847976061
2026-08-31,01c0de69e1c41adedccf395bfb6d28609408497fbf6049432318b06a23c930b4,2026-09-04T07:16:52Z,2026-09-04-33847976061
2026-08-31,0283491e6505e75e36d588406fc0c12858ea810ff0c1daa5969ba022e50218c5,2026-09-04T07:16:52Z,2026-09-04-33847976061
2026-08-31,02938956f2cfbc467ede7fd5f0bb7c5fd2bb053b8781de3470bd26129efb0fd8,2026-09-04T07:16:52Z,2026-09-04-33847976061
2026-08-31,02ae89d446e00f78dfed9e2b3c306d34402d2c74f2ef453a29cc8a4b13d5bd53,2026-09-04T07:16:52Z,2026-09-04-33847976061
2026-08-31,02c4e96a4c54352a2729f95a991146fb98f614b23a755b5114eced3433c87ae8,2026-09-04T07:16:52Z,2026-09-04-33847976061
2026-08-31,03467da6ab1e0a726bb9873bf71c794bdaae7df88a487feef144650fed0f7607,2026-09-04T07:16:52Z,2026-09-04-33847976061
2026-08-31,039daa52bc911d73d1d9f345deeb35aac3f0168a0967b755e202fecae8d81a5d,2026-09-04T07:16:52Z,2026-09-04-33847976061
2026-08-31,03b8fc63154c553cb471db98981adf50b9eb469a834bda7cc129fadfa13c93b6,2026-09-04T07:16:52Z,2026-09-04-33847976061
2026-08-31,03d9d2fc9b3aad17d1e2da1c2b551a09aa480bedee05fae1b5d8719749008051,2026-09-04T07:16:52Z,2026-09-04-33847976061
2026-08-31,040883c7d2b0d4fa2459181277aac6c3c2148964a68c5ceb581a3c030d41417b,2026-09-04T07:16:52Z,2026-09-04-33847976061
2026-08-31,0517a67164043a8ac7f4383f17fff39b14ef9ed9b234bbaa7c702aadf0d6539d,2026-09-04T07:16:52Z,2026-09-04-33847976061
2026-08-31,0530b69fec8ee79c423f6060cb90891efef283606f590c353dd240e613f53d1a,2026-09-04T07:16:52Z,2026-09-04-33847976061
2026-08-31,05ae7468a7378354d5732d623eb982e9e101647a70e6c2ce490b480a343cff8c,2026-09-04T07:16:52Z,2026-09-04-33847976061
2026-08-31,062326431df62f83176a762e037eb11aa1a8f945dcc2c5882864073613f7109f,2026-09-04T07:16:52Z,2026-09-04-33847976061
2026-08-31,065b58ae5547465e7caffc64121dc5df21bece00fdcff61f612a873e0bad76ca,2026-09-04T07:16:52Z,2026-09-04-33847976061
2026-08-31,06bd406e550abf6a54ab8b22bd212b4202bbbbd5081fe118c2ae2b72f5b59735,2026-09-04T07:16:52Z,2026-09-04-33847976061
2026-08-31,06c71470dea51b9be5aa319c8f111870b4afba6ad224c4bbe8a5aecc72378daa,2026-09-04T07:16:52Z,2026-09-04-33847976061
2026-08-31,0700f363df018722a32886710a5d79b930391503a12a26313e57bd9e9b5c1051,2026-09-04T07:16:52Z,2026-09-04-33847976061
2026-08-31,0704715b23096aa0039c2dfe890ae2319964cd202be730a7b995b11a0a4d9e49,2026-09-04T07:16:52Z,2026-09-04-33847976061
2026-08-31,07544f99012b15d1ddd13777dd31890e3b8987bfd6e78b8cb40f45acd1954e46,2026-09-04T07:16:52Z,2026-09-04-33847976061
2026-08-31,07800f59f63f23bbbcffce02b171a2d3facc8d180d6c93982c3a658f23cd6196,2026-09-04T07:16:52Z,2026-09-04-33847976061
2026-08-31,079f96d7a0c53c40b75c3bcca62c30013c348c8aa54d30ec5b730679ff6f5f38,2026-09-04T07:16:52Z,2026-09-04-33847976061
2026-08-31,0809134e055dbe4fac480478bd383b916c64710cc9d9f6b9c4cb4cf69d5dae63,2026-09-04T07:16:52Z,2026-09-04-33847976061
2026-08-31,0832c1139b186ea4b9760476496ba72bf5e3d12cf9cfa323e56244d5f2950bcf,2026-09-04T07:16:52Z,2026-09-04-33847976061
2026-08-31,0846799981aa14a79faa37c0ba76b1b75d5e17e22cfe22507d3884f462d599b2,2026-09-04T07:16:52Z,2026-09-04-33847976061
2026-08-31,085065a3d08b8394478a305f078757712ff78f6fc440cb0a0f1b9120df8e4804,2026-09-04T07:16:52Z,2026-09-04-33847976061
2026-08-31,0885c04e8e0302b91ce1b3e3dde0ba1251463eb51dd3069643e22a27d574dd7d,2026-09-04T07:16:52Z,2026-09-04-33847976061
2026-08-31,08ae1b204460ec14c8c7b7c65f74fbcf16ada77b6905310069aa2aaa924a84ee,2026-09-04T07:16:52Z,2026-09-04-33847976061
2026-08-31,08d8b0e879ba57c2bdae151998653f8186f4e05e1d4736f7d52841b7e19d557b,2026-09-04T07:16:52Z,2026-09-04-33847976061
2026-08-31,08f0a769d361118905c1dce9caeb33377296ce26c0f9bf4f9d069bfab2a9ee46,2026-09-04T07:16:52Z,2026-09-04-33847976061
2026-08-31,093e27e60d0b00f701c6ed341c45a59ee5566f9bca6f2b479c390dcdada517c0,2026-09-04T07:16:52Z,2026-09-04-33847976061
2026-08-31,09e5d8dde65de702bc077fad861154744019f1428bbcf78151e2e83067b769f3,2026-09-04T07:16:52Z,2026-09-04-33847976061
2026-08-31,09fa047308a6c76210a907c297225e3cae5d0ea0b1c293b79e459eb616f90311,2026-09-04T07:16:52Z,2026-09-04-33847976061
2026-08-31,0a0db3296bab4592535f73c441a4a03e6cf528c45d82d43b2eb80b45e49f5152,2026-09-04T07:16:52Z,2026-09-04-33847976061
2026-08-31,0a25b16251eb223ff4790eb941fd4353820dc1d807194e483ba1d17c3dac11b3,2026-09-04T07:16:52Z,2026-09-04-33847976061
2026-08-31,0a7cb00576b43e7ea843e296c28f16a6981fc910e9e86bd6a230fe6b5779427d,2026-09-04T07:16:52Z,2026-09-04-33847976061
2026-08-31,0a99cec232eaf9bbfb5b045a9740f9079adbe54a5e65494359ec968ffea431ad,2026-09-04T07:16:52Z,2026-09-04-33847976061
2026-08-31,0aa8d7a81cee68e1d1f79c0c97fc4a3deded3fde7aae1f2ed19456f7eec785b6,2026-09-04T07:16:52Z,2026-09-04-33847976061
2026-08-31,0ab258cb271122a429633e3f8e1a006c8fd6e894b8ccc498dd3c2ec48a6fc775,2026-09-04T07:16:52Z,2026-09-04-33847976061
2026-08-31,0b0e6238441ea01800bb47483b7d86a6493308e12dc8876eefd168a9af81cb82,2026-09-04T07:16:52Z,2026-09-04-33847976061
2026-08-31,0b2e579165b291b80ec17a0dcef4fe051f5e22022d76b6f24336d0ab0f84f359,2026-09-04T07:16:52Z,2026-09-04-33847976061
2026-08-31,0b53aec69a1c3b1c8f7a4b3cff92fc597b5767133aa79bb113cf4739786870fa,2026-09-04T07:16:52Z,2026-09-04-33847976061
2026-08-31,0b71aa6e301d646acdf604b9bf1922e3892c2fcd4c4192281a305f458b876a71,2026-09-04T07:16:52Z,2026-09-04-33847976061
2026-08-31,0b9207dd4350edc0b208b4276e0cc471c9b0ed0ef0cca93ff89c8039d5c4f931,2026-09-04T07:16:52Z,2026-09-04-33847976061
2026-08-31,0b9f97fc5cedf4b071e22c760f57a309c9541523525b8109bb6550dc8801dda4,2026-09-04T07:16:52Z,2026-09-04-33847976061
2026-08-31,0c2530de9f613d79fbb122631ff838d4de160fa9e3f9e9d6cbffb9fd6cf5749b,2026-09-04T07:16:52Z,2026-09-04-33847976061
2026-08-31,0c312a3ae919b5df538078e845846f6790ef402fb86bec14b35b8494cdf2117f,2026-09-04T07:16:52Z,2026-09-04-33847976061
2026-08-31,0c75a04fe231991e1d9f6f867019942d3d40b44379997b74f185dab2af3658da,2026-09-04T07:16:52Z,2026-09-04-33847976061
2026-08-31,0c872aba00058204e3ba83bb25872e95e37d78be6cb9567696e0a72e1fdeb182,2026-09-04T07:16:52Z,2026-09-04-33847976061
2026-08-31,0cd7643c4a9071a94053d05ef8f5dc802b9f4709722e528ab0a360f14592beb7,2026-09-04T07:16:52Z,2026-09-04-33847976061
2026-08-31,0d62be8041d5c8a44d3787547d4e73d61edda5580e8a457920b28f47557aa442,2026-09-04T07:16:52Z,2026-09-04-33847976061
2026-08-31,0da7d6ae49b448db7bc3defe9906d686677db361f4593de221b0b492aadcc9cf,2026-09-04T07:16:52Z,2026-09-04-33847976061
2026-08-31,0db3303338f6ad9b8706e0f41a8e67c9844863ec26c6defe6238133a82dbfcbc,2026-09-04T07:16:52Z,2026-09-04-33847976061
2026-08-31,0e10110ed2afb6494d9183894a17eeccd66c9ba1b594641ad56bc3ce7819723c,2026-09-04T07:16:52Z,2026-09-04-33847976061
2026-08-31,0e57121ad400b517ce643b6952640babd2c81882a8fb4bb52ef2d2bd4efdc83d,2026-09-04T07:16:52Z,2026-09-04-33847976061
2026-08-31,0e60fee4ff8aa936ca8f13be31dc8e3dfab704f983588a27ce4372c67dad6337,2026-09-04T07:16:52Z,2026-09-04-33847976061
2026-08-31,0e6b48f442d68358394f6ec80ea73827aab9ff5f26ed666c842d3b8c753ce76b,2026-09-04T07:16:52Z,2026-09-04-33847976061
2026-08-31,0e7b07ce59ef110cf30d1f3d6171a3a55f0968f256eb75bfefb461258cafe043,2026-09-04T07:16:52Z,2026-09-04-33847976061
2026-08-31,0e8495ab3bfb8a1a7e0cb434998d70ae799bd33044d144efdf64dd6f559fddba,2026-09-04T07:16:52Z,2026-09-04-33847976061
2026-08-31,0ef75deb02d4f6d782bf8535a6d831c3da34a9b833a290703df975c2b609ae86,2026-09-04T07:16:52Z,2026-09-04-33847976061
2026-08-31,0effacaa6e61f1e56db3db757fae727618bc9cb82d4a4617b6604318cb21b589,2026-09-04T07:16:52Z,2026-09-04-33847976061
2026-08-31,0f199e3f7c263d18a2b782a6cf93f009e884de990835824d13407fd4f8af4565,2026-09-04T07:16:52Z,2026-09-04-33847976061
2026-08-31,0f5f44024471564195c43f5b18e49121530274cc435821b8de3e3babbb728e89,2026-09-04T07:16:52Z,2026-09-04-33847976061
2026-08-31,0f7315d084eeadbab8de81876a68b737e9e23c2bcee503f42804b69c3378e32b,2026-09-04T07:16:52Z,2026-09-04-33847976061
2026-08-31,0fb5c0854b40f5c759a63724015de8388e7ad312a7a860879c0ecaf37ed4d2ac,2026-09-04T07:16:52Z,2026-09-04-33847976061
2026-08-31,0fecf9daa70c2416a4c246e20ad2014fd5e6e6ac9a95101cdd28fd29ac251f45,2026-09-04T07:16:52Z,2026-09-04-33847976061
2026-08-31,0fee2fe97fcefc3e251e10f6cae4d2e4b886dd9eadafcf0a3d0cbf81745504f0,2026-09-04T07:16:52Z,2026-09-04-33847976061
2026-08-31,1064fc7019a086b170117bb9c7c5d97f1a792348d7ace8e46c7716cd03f6405c,2026-09-04T07:16:52Z,2026-09-04-33847976061
2026-08-31,108689121b5d627176974b47054637a88b1674642e637cc260c573abb9d00efa,2026-09-04T07:16:52Z,2026-09-04-33847976061
2026-08-31,1088a1ef8ac775a33b418ca0364e7afea3434cbaadad216c527cbe85a5e733bf,2026-09-04T07:16:52Z,2026-09-04-33847976061
2026-08-31,10e7e3c19ea90ccd8cd789cf05f7693a6a48e219cbd654bce91ca758a57d2322,2026-09-04T07:16:52Z,2026-09-04-33847976061
2026-08-31,11765292c2d8bab06c28cd032a3dfe524abf16522ad39b17c41caa7083bbc671,2026-09-04T07:16:52Z,2026-09-04-33847976061
2026-08-31,12222a0a393a8f2bb03baf6a376a8286b56370ee825ebf2346d3d079520f538f,2026-09-04T07:16:52Z,2026-09-04-33847976061
2026-08-31,125f59c9a09a4d362ed2389890ae0c4268fcd4a95d65dc11e9f72b9637eaed30,2026-09-04T07:16:52Z,2026-09-04-33847976061
2026-08-31,1279ce3d251d949d64416556196add5244f13d37ddac6350d48daf0f04da204f,2026-09-04T07:16:52Z,2026-09-04-33847976061
2026-08-31,128b9d9e3c0ae94c1f0fb5dd04e783bd7f4dea8a1bc4a6962370abe27a9de6f5,2026-09-04T07:16:52Z,2026-09-04-33847976061
2026-08-31,12e7cfbf538f3ba4c62f4d03ba5e7a52825e5de6b6ef0031ce0d311d0b1f18e5,2026-09-04T07:16:52Z,2026-09-04-33847976061
2026-08-31,134c681babf3d806e05ae4630fff9d4506d393ced5d6a4e4c324c03f589cbc34,2026-09-04T07:16:52Z,2026-09-04-33847976061
2026-08-31,139966bf1be8bc66b641969176e48e715450030de31fd910ab3ee5cc6689c745,2026-09-04T07:16:52Z,2026-09-04-33847976061
2026-08-31,14288b750b247f09b0e21274c7572c2296068f092968b2cca5130fcba88512bd,2026-09-04T07:16:52Z,2026-09-04-33847976061
2026-08-31,144e2549ee79ad9c7f92c94479926a3da98d3b573fc38568e269c160e3436cbd,2026-09-04T07:16:52Z,2026-09-04-33847976061
2026-08-31,15625a296d15eae5a626fad8875a799181fff2e14df6bd8303ae6284e33cb9af,2026-09-04T07:16:52Z,2026-09-04-33847976061
2026-08-31,1564488fead4a6388049b611f4691c2bc63407b6d9212fa37fbcd74e32ae8ced,2026-09-04T07:16:52Z,2026-09-04-33847976061
2026-08-31,16bce542a6de060b4729639f2c505be78acefe5d1045125fbd3713885d64100a,2026-09-04T07:16:52Z,2026-09-04-33847976061
2026-08-31,16cd985f72a84572d7b1e276477b2d533258c74913d1266d062d57359daa5e0f,2026-09-04T07:16:52Z,2026-09-04-33847976061
2026-08-31,17a477067f213c32ba8469c6181d3c4a100001c2f87f700aaf57c81b2e1b1246,2026-09-04T07:16:52Z,2026-09-04-33847976061
2026-08-31,17a58143b327ff7135b0ed97b107f03501f12e1789fb2c7a0b5aebb7609b598e,2026-09-04T07:16:52Z,2026-09-04-33847976061
2026-08-31,17d3a35ca98e3ab2e2ab9ee5609262e9ff879a35be111771cbf98e3e0288e11c,2026-09-04T07:16:52Z,2026-09-04-33847976061
2026-08-31,18279eef0054b84ded456b3bc914d41928f40ee85664d4196076f13b2f000b16,2026-09-04T07:16:52Z,2026-09-04-33847976061
2026-08-31,18e536453c7cab5562f500cc4b7008ab15157b957d820ff54c8ba38b975105a6,2026-09-04T07:16:52Z,2026-09-04-33847976061
2026-08-31,18e8c0b535925ba6716678dcc3b88f08b8dd49643772a0332a429a2e09cbda19,2026-09-04T07:16:52Z,2026-09-04-33847976061
2026-08-31,18fea271e4a863443883f6c8768b62665cfa092031e55640dc4f1b5bf988e58f,2026-09-04T07:16:52Z,2026-09-04-33847976061
2026-08-31,1919728daa2325ad96cc44ed952cffa72662ab949492f1dc5b73cd8ef7dbf090,2026-09-04T07:16:52Z,2026-09-04-33847976061
2026-08-31,1922622965af21ae7245aebeef01055032798df70f949ac3656a56aabe31bb66,2026-09-04T07:16:52Z,2026-09-04-33847976061
2026-08-31,1955b3fcd6d301bb52a412ec946fe789d829579a5ed443197d6a4827fd3c9ba7,2026-09-04T07:16:52Z,2026-09-04-33847976061
2026-08-31,19b70472bb51eef731b2670efcce2ca3e803e6a4279c6ddf54e824bd2a6f0380,2026-09-04T07:16:52Z,2026-09-04-33847976061
2026-08-31,19e054581e79e67d585a4eea561a8db0149b1aa26690f90967e9496e74561004,2026-09-04T07:16:52Z,2026-09-04-33847976061
2026-08-31,19ea9b714f54c567b78a5389dfb84a87ec5515b88b5eaad42593026efbe1c08f,2026-09-04T07:16:52Z,2026-09-04-33847976061
2026-08-31,19ed8a8b006a2fea6bac20b08bdab376e8a14eb1f21f08e9f236a04a86d13a59,2026-09-04T07:16:52Z,2026-09-04-33847976061
2026-08-31,1a176960ceeefc50b6fe52b5cd48f0a00cf31ba86d29674ce29e24d2ef1b6290,2026-09-04T07:16:52Z,2026-09-04-33847976061
2026-08-31,1b337777a07bbb17315eb7ddb86279d82ffdf6f39aa4030d832f181ba7ee5676,2026-09-04T07:16:52Z,2026-09-04-33847976061
2026-08-31,1be8c7b580fa202833446b57b2ca7010c23f6aec0a9f3ee229d85ba5baa77a36,2026-09-04T07:16:52Z,2026-09-04-33847976061
2026-08-31,1c387697ae8987688af1f9113ac12e3447a9aee2e9f73fead54fd14ee5e627e4,2026-09-04T07:16:52Z,2026-09-04-33847976061
2026-08-31,1c694ea3fabe200ecc886bfde81b0f98c017597ca8ef65a6f34e1ebbe9f359bb,2026-09-04T07:16:52Z,2026-09-04-33847976061
2026-08-31,1c992bc27cdc66f07ed9ec8ac7dc0155b7c6b24f757af3e3b4277d8b8fb7bd42,2026-09-04T07:16:52Z,2026-09-04-33847976061
2026-08-31,1caa18d94deb26ed52f91f9d60a80a56195d3a686dc1528360233905816dac13,2026-09-04T07:16:52Z,2026-09-04-33847976061
2026-08-31,1d9630304b61b27b3cd73e118ba64eb685d48cdea07367a6f8414d211f0a2393,2026-09-04T07:16:52Z,2026-09-04-33847976061
2026-08-31,1df58b5585519de94ba2b24bbe43a6cc88e9896aceec583b2ea11a6ddf8a9d10,2026-09-04T07:16:52Z,2026-09-04-33847976061
2026-08-31,1e1ae5b758b3f9ab531ccc5c5020a0c72551c2d3bfc6c376623aa8113f2ecad4,2026-09-04T07:16:52Z,2026-09-04-33847976061
2026-08-31,1e26ccb397c253bbc36f161a1fbfdb799ab1728885ff3e90bc398b1bffe5504e,2026-09-04T07:16:52Z,2026-09-04-33847976061
2026-08-31,1e80fdebdc159523e4683a33f1230701850de72e7c12e5e267d49101630975d5,2026-09-04T07:16:52Z,2026-09-04-33847976061
2026-08-31,1ea1a753039619b1dd6f9c0ca315a2afb3e4a78aa0157f4e71b59b0a1e07592c,2026-09-04T07:16:52Z,2026-09-04-33847976061
2026-08-31,1eab7ea9dbef1e66ff154a6b0eff33ffee2efff17a68dfa68bb0450ab6603dbd,2026-09-04T07:16:52Z,2026-09-04-33847976061
2026-08-31,1ecdd987baa638963021b55883bfdb7e85ac17cf86f2cb2cac5730223ba92667,2026-09-04T07:16:52Z,2026-09-04-33847976061
2026-08-31,1f03edea91ee040928507211fb8733c1c5e9d648ba2d4b2265fc23d7296ba6e6,2026-09-04T07:16:52Z,2026-09-04-33847976061
2026-08-31,1f0bc802a28a639e633fddb31179c87c8627697804f909d1d25dd4859a2f1448,2026-09-04T07:16:52Z,2026-09-04-33847976061
2026-08-31,1f7e04cb4968765a8c89d674fd522150753ee90235320050e18aaf8d4b836248,2026-09-04T07:16:52Z,2026-09-04-33847976061
2026-08-31,1ff2529e73822ba995fa384ca2a944b0aaf64f6c6befd3879d8ac7ff055f00ee,2026-09-04T07:16:52Z,2026-09-04-33847976061
2026-08-31,200ff5cff43f1fca43585214c890f6f2392f8293df5c1cc4c0dffb880f6a9f6b,2026-09-04T07:16:52Z,2026-09-04-33847976061
2026-08-31,203cc4cfd71f4cee26d7566dc47e95a2feb18b326f7067acec33e2eae2d907eb,2026-09-04T07:16:52Z,2026-09-04-33847976061
2026-08-31,20467a981057ba159ad8f7e8ae1fc9df358b4a42801f9e102626fe87f039c3e3,2026-09-04T07:16:52Z,2026-09-04-33847976061
2026-08-31,20cf993218649ceeb62533f5f64950047d59155521b80148cd64a8edadf594f7,2026-09-04T07:16:52Z,2026-09-04-33847976061
2026-08-31,21314077af2026b615a0533d8790fdd9e71967afa3f51eebe3a9cfdac42a67b4,2026-09-04T07:16:52Z,2026-09-04-33847976061
2026-08-31,218a5076c44aa4b075159b5446154a32be8e886f0e0e058533e01a71b055693f,2026-09-04T07:16:52Z,2026-09-04-33847976061
2026-08-31,21dcb681d851f65cb8b871b32186f99935a440276335891bef6c57118eb1abba,2026-09-04T07:16:52Z,2026-09-04-33847976061
2026-08-31,21e18c2b152f78516463a0389165b1b645c054bcd6a20d210e894d8023c69e08,2026-09-04T07:16:52Z,2026-09-04-33847976061
2026-08-31,2221f6f738768f62dd032546d5adb402fb0b8009c2bb510fa3d2e74128c01c5e,2026-09-04T07:16:52Z,2026-09-04-33847976061
2026-08-31,223a900cae073a4034399a7a42fdc65439a376a7de91150dea9b36c87fe8b3cf,2026-09-04T07:16:52Z,2026-09-04-33847976061
2026-08-31,22513d4c6637a6e93839e127686fb502b90d7277a6f93eaadf73331cfb238cb1,2026-09-04T07:16:52Z,2026-09-04-33847976061
2026-08-31,2290d8cbe9a16cbd61cc2316397dfacb8d492024905dd70fec559b8d3ff621b1,2026-09-04T07:16:52Z,2026-09-04-33847976061
2026-08-31,22d865e7a937cd2021162b41f0fbaddaa4a1616b17f74f216daf3d410535d46b,2026-09-04T07:16:52Z,2026-09-04-33847976061
2026-08-31,22dfe773666513e5b421cf286124daccee13f50f6c0ede05f48585a1a8c2317f,2026-09-04T07:16:52Z,2026-09-04-33847976061
2026-08-31,22f85059c757b392106b86f4eea3971ed158bbea92777962491ed52bae0d5f2e,2026-09-04T07:16:52Z,2026-09-04-33847976061
2026-08-31,231e46179ac510c6eb2282a52b33dd7e72e52d9c207fedf7bc79a3dd9dd7cf5c,2026-09-04T07:16:52Z,2026-09-04-33847976061
2026-08-31,23490c2813bf949abe9ca5150b78dbbc7b02472c9e7794e5bdff1cea49c7429b,2026-09-04T07:16:52Z,2026-09-04-33847976061
2026-08-31,2374156acd9650ec871ab7de9a0c2a28c71fd865b068be131dedb429f2e8e1c1,2026-09-04T07:16:52Z,2026-09-04-33847976061
2026-08-31,23da4559b66eca3bedf510127182c6268af7ac9ab0b5d1a8214a6cd93c51d599,2026-09-04T07:16:52Z,2026-09-04-33847976061
2026-08-31,2405862e461b13dc501456f65c9ec4a493045acaf84651dfa0054cdae2d24e30,2026-09-04T07:16:52Z,2026-09-04-33847976061
2026-08-31,240a7417cb2d33a10c9d34760004d5ac24b0a7d7ad0f1cd8c17ebf4cec618644,2026-09-04T07:16:52Z,2026-09-04-33847976061
2026-08-31,240ad1447d25f8531990d81741f90d9f2d44c62181cda77a882f3d214ff56b90,2026-09-04T07:16:52Z,2026-09-04-33847976061
2026-08-31,242c6cc0bc1df84c95cfe1095a25a23073fa630a924f9343175bdb257bd3709d,2026-09-04T07:16:52Z,2026-09-04-33847976061
2026-08-31,243cd4b87bbb28e68b44a0e0823b935cc0e82c16af1ff38860bee7b3f4b86c61,2026-09-04T07:16:52Z,2026-09-04-33847976061
2026-08-31,24aa8c6416240242015a2b3ab2e58595f73838123eb107f4db9c9b13bd992d81,2026-09-04T07:16:52Z,2026-09-04-33847976061
2026-08-31,24e3bffc0c053b4ed6ef603f04e7d6820f532bbe83499c728e488a9f51b42b4c,2026-09-04T07:16:52Z,2026-09-04-33847976061
2026-08-31,24eccdc5460ed3cab1d800fe56dc0d9cd7bd55e9cb791fd76a6fe0d82a9ded1f,2026-09-04T07:16:52Z,2026-09-04-33847976061
2026-08-31,24f2d8235b6bdbf9b85fc6d9a5739e1222e82f42ba6389dcfbfe9702a247c8bd,2026-09-04T07:16:52Z,2026-09-04-33847976061
2026-08-31,251038ad949cc952319ad68b7c52da459e3140bf96e972f73253accc6a7dbc31,2026-09-04T07:16:52Z,2026-09-04-33847976061
2026-08-31,264ff64aa83ff21dcf5dc7b4c383871af3f36ac5f156f1f2572459970ab1c846,2026-09-04T07:16:52Z,2026-09-04-33847976061
2026-08-31,26731cbe02a0c740bc053225c0834b884aebb27ed80eea28e251bc1af261320d,2026-09-04T07:16:52Z,2026-09-04-33847976061
2026-08-31,26a311dbd145434756f4e56de919308285ae11fb4abd09fe2aeaffcb9b6eb6f8,2026-09-04T07:16:52Z,2026-09-04-33847976061
2026-08-31,26f204564a93e97fbe97f677bef626bd06c6ce0fd9b94f6ab21c9fe36b7d36b3,2026-09-04T07:16:52Z,2026-09-04-33847976061
2026-08-31,270b80f6a34d5c27357f32a55e26fe9f25e263317046441e14c40c57c9a4f9fe,2026-09-04T07:16:52Z,2026-09-04-33847976061
2026-08-31,276d8059c75a4d2fe0897b46e6e445f1a709c778ba5a0fd8f053875b99358a3c,2026-09-04T07:16:52Z,2026-09-04-33847976061
2026-08-31,27aa230d07409e44cf8ccc5979457700316cd22de1131ddb439bb3ce9d1c8c98,2026-09-04T07:16:52Z,2026-09-04-33847976061
2026-08-31,27db0eea4544fdea2951328c348b94957a0d22384699a4d466cb6e35fe8846c5,2026-09-04T07:16:52Z,2026-09-04-33847976061
2026-08-31,2838a3173f5b94c50bd366da344d2d3587e46d71f8f23b86f2393edaf1d3212f,2026-09-04T07:16:52Z,2026-09-04-33847976061
2026-08-31,2852dcf0ddcf47c239b884b590d0740f518644c70d4f24084bef212d676a5c8b,2026-09-04T07:16:52Z,2026-09-04-33847976061
2026-08-31,287c09a7f909431ad433b8718e62310cf8ba9aadf4d86963be0a1b512e0d0714,2026-09-04T07:16:52Z,2026-09-04-33847976061
2026-08-31,28902ec54a487ed1bdfcf28196c5bd28af121c5105a9510f25b661da73824cf5,2026-09-04T07:16:52Z,2026-09-04-33847976061
2026-08-31,2939d117ab4f57586c79fe6ce4b64b166a861a5ee89c1bffae990e54b6ebea8e,2026-09-04T07:16:52Z,2026-09-04-33847976061
2026-08-31,29d5cf8379a24ae52b6510338684fc9803722fec95c14a1cba90bda5d20761d0,2026-09-04T07:16:52Z,2026-09-04-33847976061
2026-08-31,2a188c46664972f0dd60ae6301f4d0cd2e95065ef49b069e964e6d545ee641d5,2026-09-04T07:16:52Z,2026-09-04-33847976061
2026-08-31,2a8a0ff5ffd1f852f39ff661ea6598e30c15e4ac066bffa5c93638cce6f47166,2026-09-04T07:16:52Z,2026-09-04-33847976061
2026-08-31,2a922a1af586bd6b5c6987bd4c688c6af032dc7f15f170ca3f5deaf39b0bfd65,2026-09-04T07:16:52Z,2026-09-04-33847976061
2026-08-31,2ad753249cf38720f7e081cfe40877a7cf2c7df07ba53b60453f865f7588dad8,2026-09-04T07:16:52Z,2026-09-04-33847976061
2026-08-31,2bc19b5717cc92ffa09cf3cf69e4161b8468ac69956678c699901361eec72f75,2026-09-04T07:16:52Z,2026-09-04-33847976061
2026-08-31,2c082fdf028770d8e00d3ffc77519e5e30959e814d5729a94a7e060fa3578cb1,2026-09-04T07:16:52Z,2026-09-04-33847976061
2026-08-31,2cad7cf85a977a3f78fe9b3bf7fc84a65ed38f9d3d715d9ef7e732b6118ac1f4,2026-09-04T07:16:52Z,2026-09-04-33847976061
2026-08-31,2d0001bf6a7d953bbe8352bfd3806213b1d52df1773290ea0cc1b1d922836c5c,2026-09-04T07:16:52Z,2026-09-04-33847976061
2026-08-31,2d0987848ad555ad59f0f60adbe7667694e49b1a643031cfca7c4c6e5c47ee15,2026-09-04T07:16:52Z,2026-09-04-33847976061
2026-08-31,2da2397f208ae66e76b49faa34a016a1eb5ed40a5071e96e6e6789cd44a18c43,2026-09-04T07:16:52Z,2026-09-04-33847976061
2026-08-31,2db3b9897c157c4a5b927edef5f9d2fe416753ef3e16dddc9e8d0737fe0dacdd,2026-09-04T07:16:52Z,2026-09-04-33847976061
2026-08-31,2dd90a4e106938ffc0c09882f779ae32d56a1975f40a1e37139a6c295699520c,2026-09-04T07:16:52Z,2026-09-04-33847976061
2026-08-31,2e08917984984c7f2ba9ff81f48cbf3f3881eeb00ae96771c50cd820ea685cda,2026-09-04T07:16:52Z,2026-09-04-33847976061
2026-08-31,2e226fc460bf3bdf4cdfadfa5c2f1f201a56a9539ddce997a8cc80e0c4f58c78,2026-09-04T07:16:52Z,2026-09-04-33847976061
2026-08-31,2ef90c4e875342584e5453bc7f482374889a5481a99f45c786f51bf9ec3e30e1,2026-09-04T07:16:52Z,2026-09-04-33847976061
2026-08-31,2f11f85a1e5cff5c114c361465d3a3ecdfae55da03cc4885231e9812f0124a0f,2026-09-04T07:16:52Z,2026-09-04-33847976061
2026-08-31,300b558f70a041cb856f97678a7d792e3daca2d55a002ffd9b5210c723ef8a3f,2026-09-04T07:16:52Z,2026-09-04-33847976061
2026-08-31,303407392da0c6229eec06de621eb8055546a8e3a9fad2d7c778e445c3132fad,2026-09-04T07:16:52Z,2026-09-04-33847976061
2026-08-31,309307188f3e3e4887c002ee4b32c33ace0c46774cd35abbbbec10d0bcf28159,2026-09-04T07:16:52Z,2026-09-04-33847976061
2026-08-31,312b9fa43181dd7b5ef3a8ca60ad7a1f61a9066290b2f9847fcf9b5fb2ef0824,2026-09-04T07:16:52Z,2026-09-04-33847976061
2026-08-31,315b848f1f017cca2f0c299bca133d75fc87cbfb0a515b5296dfc4c23171d4dc,2026-09-04T07:16:52Z,2026-09-04-33847976061
2026-08-31,31a8c360d534ec83edf6d81966cdf7a65a044a3d86eca9be558808e9f5173175,2026-09-04T07:16:52Z,2026-09-04-33847976061
2026-08-31,3263f52f29a52a4b0435b7964c2ca4608d70f6d6577b129adce8196cdb63d21a,2026-09-04T07:16:52Z,2026-09-04-33847976061
2026-08-31,32642452087da85adb611826f7347b2f6f861557adb3c1b5f41929fb2b085b8b,2026-09-04T07:16:52Z,2026-09-04-33847976061
2026-08-31,3290ffe2bbc5e8493d37d5c53b667a431ecfb7532221e4339e92420f25322141,2026-09-04T07:16:52Z,2026-09-04-33847976061
2026-08-31,34798f659e5bd9812865e53cbc998b99649329d7e43d51ef03393d16c4c37f43,2026-09-04T07:16:52Z,2026-09-04-33847976061
2026-08-31,34ce1e09c58efb45e5a11d5c99798e92615d9ec24e26b992995e9f13e0057157,2026-09-04T07:16:52Z,2026-09-04-33847976061
2026-08-31,350f895a2640fa8e62ce900ae609a6ddc03c42528eae72c4218c3e1aeed8144a,2026-09-04T07:16:52Z,2026-09-04-33847976061
2026-08-31,35455db6bb5c77dcf82d78f8e9ffff3bbcbc64ec5c06030cff36eb69d5ae7da2,2026-09-04T07:16:52Z,2026-09-04-33847976061
2026-08-31,354822659a4e20d47ee809ffe70b75fc1ccae10ac561264951be3f24484e4640,2026-09-04T07:16:52Z,2026-09-04-33847976061
2026-08-31,3557a028ef9fc27ef22ce3894b7358d03577a730cd28d6984d2c6188e82c2501,2026-09-04T07:16:52Z,2026-09-04-33847976061
2026-08-31,3566031e15961031cda76a894d0f388a73ab22cb6b8e548ab8735eec90bc0ad1,2026-09-04T07:16:52Z,2026-09-04-33847976061
2026-08-31,35678755ee523bbd2c91e5d0561d9b90872f1605af1a0be10d192501cef10a2e,2026-09-04T07:16:52Z,2026-09-04-33847976061
2026-08-31,362378d1f779154f54717104572255d11b084a853d9eb345554c61bb832eabc5,2026-09-04T07:16:52Z,2026-09-04-33847976061
2026-08-31,366e53fb66b973b4d586bcb6dd5d70744e64d03fa0c5787de688c64ddcbe5eab,2026-09-04T07:16:52Z,2026-09-04-33847976061
2026-08-31,368dfe837b51a7799c8515c511b8606d14d8efd1644669035a5567a85a2e5ac1,2026-09-04T07:16:52Z,2026-09-04-33847976061
2026-08-31,3696b435d72fe9de8b3643a90cca6a119d16a8dc26b10e9f25cdc8b4713a7c8b,2026-09-04T07:16:52Z,2026-09-04-33847976061
2026-08-31,36d2ffb256b35c01334103472803a16f3db7bc85fade7ae174103c94fb000fd9,2026-09-04T07:16:52Z,2026-09-04-33847976061
2026-08-31,370ae0eadba35d211d7e18ddccecf8ff24ad1709a06b1f7c1ebdab532a39faa8,2026-09-04T07:16:52Z,2026-09-04-33847976061
2026-08-31,379fdec628bf5fb4446b5ee9aaabe5101d1e0382503f9c04db8a9d131250cb42,2026-09-04T07:16:52Z,2026-09-04-33847976061
2026-08-31,381a2e294e4376e5c0fa741fff3510a60f92f43e0e29bae62afa77e78966d6fa,2026-09-04T07:16:52Z,2026-09-04-33847976061
2026-08-31,384c551f71e8f4baa8f79d28cdecccfa8ef6af18e796e991a171b2d2eea90315,2026-09-04T07:16:52Z,2026-09-04-33847976061
2026-08-31,384f6dcfb13273b14e595c34e941a5aa3a9538a53048719902af3106b0f649b5,2026-09-04T07:16:52Z,2026-09-04-33847976061
2026-08-31,387b8abbd3e47f7ca5b077ad9d076e5d30259a3859dd6bd7a98edff3e0e78fa8,2026-09-04T07:16:52Z,2026-09-04-33847976061
2026-08-31,3889999977d98764d544de64c287c0054d6e9efe9686be2ddea3601b2595ca57,2026-09-04T07:16:52Z,2026-09-04-33847976061
2026-08-31,3899c611403e854293c5571757db1186e148e7e08516194597009fcdd0809e43,2026-09-04T07:16:52Z,2026-09-04-33847976061
2026-08-31,38b76dac7fe373698d6aac2d46aa23aaf35980a6fa1c260da85357feea68c663,2026-09-04T07:16:52Z,2026-09-04-33847976061
2026-08-31,38d672f3768bfaf9994ec2c9afa7fbddd8221d2dad81cc190278dfbf2f5e8665,2026-09-04T07:16:52Z,2026-09-04-33847976061
2026-08-31,38fa034c9511278452d8bc9c96129370cf8f27fe948e23ed6e1bb251372cd2a7,2026-09-04T07:16:52Z,2026-09-04-33847976061
2026-08-31,3920f28126e1a867974db631238e78c93a4c2dc821de95653b3a42c36695edce,2026-09-04T07:16:52Z,2026-09-04-33847976061
2026-08-31,394219932cc1a326c8e3741873541cee741d3ba32cd547fd356c9c5fa279e92a,2026-09-04T07:16:52Z,2026-09-04-33847976061
2026-08-31,39a2876c2c23e29862ff3dbab2f08d47add38c889ac0f3bc4a5722bee38b1fe2,2026-09-04T07:16:52Z,2026-09-04-33847976061
2026-08-31,39b87f5c63d4fe889f97a316ee8dda4c88722b7c3910612692c729a08654848a,2026-09-04T07:16:52Z,2026-09-04-33847976061
2026-08-31,39f9d3397df4685f8210d91dbf8df0c26b334dedeb6f78ff6873dd0925841ea9,2026-09-04T07:16:52Z,2026-09-04-33847976061
2026-08-31,3a1f34cfc563181cab40268fc7438cd39fb0c8c613f267e71a5df404b99d87fd,2026-09-04T07:16:52Z,2026-09-04-33847976061
2026-08-31,3a47883a1c68ea5e0371ac773064628a49ea01b4aa6eb8fd10ce94a2f0e2c0ef,2026-09-04T07:16:52Z,2026-09-04-33847976061
2026-08-31,3a823a89f03d366d00baed7080e8731c2965e85367d714acee650a387d0970bf,2026-09-04T07:16:52Z,2026-09-04-33847976061
2026-08-31,3aec7423cd78d99a27b49f6a65205733d0a9aaa401ee1a592f12b27c2cd88d4f,2026-09-04T07:16:52Z,2026-09-04-33847976061
2026-08-31,3af14a32b86f101dd05a6467e23da51d2449e53a03d24ee4ff4dd41d5e8b0505,2026-09-04T07:16:52Z,2026-09-04-33847976061
2026-08-31,3b19802b8ce4e63790da29058a78c3761850777c7f22bdbca8e26ed83587775a,2026-09-04T07:16:52Z,2026-09-04-33847976061
2026-08-31,3b1c4b6fe9c9353fed37e7404477e8a49d851f3280b7d775f1599f99f7d192d7,2026-09-04T07:16:52Z,2026-09-04-33847976061
2026-08-31,3b9e7ec117ecdb0a18114629db4f7253182d016a9196acf27b6c08331c965099,2026-09-04T07:16:52Z,2026-09-04-33847976061
2026-08-31,3c0ecb0a00a94048555e11ed5193615157eac45377ca1f16a88e2d6c14d93351,2026-09-04T07:16:52Z,2026-09-04-33847976061
2026-08-31,3c61d6eca84f2fe45b26753a6bd3dd183cf7ee725e8185bf006647bb46b07085,2026-09-04T07:16:52Z,2026-09-04-33847976061
2026-08-31,3d2e4ce73124f2f649806857272231b5292af49f450bf4c85d9d85353660c3bf,2026-09-04T07:16:52Z,2026-09-04-33847976061
2026-08-31,3d78a2af46aa2cec075d6f25707a84bd7f4e2b2b50fbe68fc3dc74781a274db5,2026-09-04T07:16:52Z,2026-09-04-33847976061
2026-08-31,3dccb88cb1cdd9e43180e69e78d52fcaf3131ee5ebb835e09325e8e7e5c0b69b,2026-09-04T07:16:52Z,2026-09-04-33847976061
2026-08-31,3debd2df9bbc2ebd37c163e4f94401521ea9df2192e7e7c8ef1c5a897c1d1cf1,2026-09-04T07:16:52Z,2026-09-04-33847976061
2026-08-31,3dfb68e636d86bfcd161c33de383262103a2191ca332fb3b5dbe4bfb2f445a4b,2026-09-04T07:16:52Z,2026-09-04-33847976061
2026-08-31,3e0d15a2a4628af624b3e3faf0c6b524dd21004f24747e16327a7d3a2f9cfb03,2026-09-04T07:16:52Z,2026-09-04-33847976061
2026-08-31,3e78081152311f0e28f7244aca2433844952a6597a3adaf7228152c64e1c933e,2026-09-04T07:16:52Z,2026-09-04-33847976061
2026-08-31,3e833850e5e4ec3fd37ed211d875ba6dd523d855661eaea4336c341e5d00fd40,2026-09-04T07:16:52Z,2026-09-04-33847976061
2026-08-31,3e93823fd72c92bab1a8de6ec9dec9c4ec126c2d2678f997cff1cf7bb7687b30,2026-09-04T07:16:52Z,2026-09-04-33847976061
2026-08-31,3f00a8ceb86283a0d033618951644275c0098d5757ae4d28707833404d08b9fc,2026-09-04T07:16:52Z,2026-09-04-33847976061
2026-08-31,3f2846d799992498fd200895b30379d8a7346b4f4ee153350448a5c18e9f2515,2026-09-04T07:16:52Z,2026-09-04-33847976061
2026-08-31,3f32f14943d33bb2f81d7453e9057caf88fbfac3b4ed6fb6e80eaad65bb54871,2026-09-04T07:16:52Z,2026-09-04-33847976061
2026-08-31,3f816748f06040adc2cb12d476cdf11d77e7d51c6d84f2b5e0c6880e86a77aa5,2026-09-04T07:16:52Z,2026-09-04-33847976061
2026-08-31,3fe59373bec29689dca9dfce53a0d9f276fa1a97ebfc5adf3a7a6e1d9b0cb76c,2026-09-04T07:16:52Z,2026-09-04-33847976061
2026-08-31,402a6e0cb8bd10dfcb84da92dd065d0f44592241e2faecd94173e016246a4308,2026-09-04T07:16:52Z,2026-09-04-33847976061
2026-08-31,40713ac18092870afc06c5ff345a06d5ba6a86a4e6ca408553efbc20e04fcad2,2026-09-04T07:16:52Z,2026-09-04-33847976061
2026-08-31,409655166515465018135f1e5c6214c6b494e898b64b6cbc3b47c672dd9aa4ee,2026-09-04T07:16:52Z,2026-09-04-33847976061
2026-08-31,40ac3747c375353b44601a4eb382f2810c91636ea48dd55dea51423fdf5a2f33,2026-09-04T07:16:52Z,2026-09-04-33847976061
2026-08-31,40beb41e193ab3c8a5b5b3f015bf201a9dce2216181fe053d4af05b05908922d,2026-09-04T07:16:52Z,2026-09-04-33847976061
2026-08-31,40f2ffdffa982b835b5dba1e67b08d3f478e810b0ae60e30c26c213880f1d06b,2026-09-04T07:16:52Z,2026-09-04-33847976061
2026-08-31,415c6dbabb0a9de27260d2a7edeed9cb2ae3720815e2e396d0931dad8dcb5a52,2026-09-04T07:16:52Z,2026-09-04-33847976061
2026-08-31,415cbffd8c34745b3c5c9198ce0d75c06e80ddbc24754fe94e48b8e34942f072,2026-09-04T07:16:52Z,2026-09-04-33847976061
2026-08-31,423ba6c15b9a9b637ef4603f25cfcb7456f4518a8b89ccc13b8e751305da88be,2026-09-04T07:16:52Z,2026-09-04-33847976061
2026-08-31,42529cd528da58d4a8e22adc448d907bd49471bdc7d40b0f5bce42c9bb02eae1,2026-09-04T07:16:52Z,2026-09-04-33847976061
2026-08-31,42ac78548e2c623159ba412850e4829593f35509d649be6e76f538f2898b00c2,2026-09-04T07:16:52Z,2026-09-04-33847976061
2026-08-31,42bb1d7d8d13ab99fed2a3b04ad2b2f6ab29b9ad1c8177d980a8bcf8c3d650d7,2026-09-04T07:16:52Z,2026-09-04-33847976061
2026-08-31,42ee9e3655fd383a962e9211e381e4a038f5c9b79b0ec6a32c06cffbc7879115,2026-09-04T07:16:52Z,2026-09-04-33847976061
2026-08-31,43b9c2ed24cd0c40f2aacd69d4e3ab3dba0c80666b67d3350327b49fca7df624,2026-09-04T07:16:52Z,2026-09-04-33847976061
2026-08-31,43d6ed965ed52c0cf0d2cb811dcbfa58f461f9d98356276f7a21097797220726,2026-09-04T07:16:52Z,2026-09-04-33847976061
2026-08-31,44077352526ba5ee5f832c47b640681b188ad270bb27e84764cd4f1bb728d3ec,2026-09-04T07:16:52Z,2026-09-04-33847976061
2026-08-31,444e4c5f7bf9adc921423c98f9c2910c8860fd35a3482f7c0d4a847b0ee8fec6,2026-09-04T07:16:52Z,2026-09-04-33847976061
2026-08-31,44cae6fe3f296803c65283fac284736dd56b4803177a148c1f07deac39cd96ae,2026-09-04T07:16:52Z,2026-09-04-33847976061
2026-08-31,45812c17a29e3a2c00c2cb79e05b016c2b4549c530f1cda4748be84f3a2c9c13,2026-09-04T07:16:52Z,2026-09-04-33847976061
2026-08-31,45d224f4c39f5ab6d1708946277e2f94fe25182cc8f6e88695f0a86c05ecacc3,2026-09-04T07:16:52Z,2026-09-04-33847976061
2026-08-31,45fa6210d1b2e9c15540d44d504f5460f86352fb60844877df9428eba0c6895a,2026-09-04T07:16:52Z,2026-09-04-33847976061
2026-08-31,45fc57125ab3ed30d71af8af20e444bee03bc99007a1333a22d5c12519951770,2026-09-04T07:16:52Z,2026-09-04-33847976061
2026-08-31,460ca7b0d2eae01f9e7be14dc400facee9588d94d6809c1a8eacd935b3dba3c1,2026-09-04T07:16:52Z,2026-09-04-33847976061
2026-08-31,4617fe0e3c3f8bfc2244e8d04894aa40f862729b27d84b2c12e2fa4cdcb2b782,2026-09-04T07:16:52Z,2026-09-04-33847976061
2026-08-31,4623773e7da586882be4c1ee7f5703d0692d1555b2d49fd2f550fd3edad41ddc,2026-09-04T07:16:52Z,2026-09-04-33847976061
2026-08-31,46583a81860a39425dc8b9e8d72c8305e46f188c3566ef41fbc3bdeec1553478,2026-09-04T07:16:52Z,2026-09-04-33847976061
2026-08-31,46683538050ed808326bdb3454da90eef7fd22ab2b252f17cc5a5a6c4dd91d07,2026-09-04T07:16:52Z,2026-09-04-33847976061
2026-08-31,46b499a4588ea06b169df379e213acd0d2949622d9f9aeef26c0e4789ec069cd,2026-09-04T07:16:52Z,2026-09-04-33847976061
2026-08-31,46c82c3ae547f083dcdade5ffeb5e2dabdb0f1687f2a0e4daa698d2c368f89d0,2026-09-04T07:16:52Z,2026-09-04-33847976061
2026-08-31,4739b1e845ca3bb81136324eded430f84caa3a4c390ec263956c29b497166a38,2026-09-04T07:16:52Z,2026-09-04-33847976061
2026-08-31,4811223e9736014d89455514b960b9c3c3e884c5fe9119e4a2279d6ae76a7aca,2026-09-04T07:16:52Z,2026-09-04-33847976061
2026-08-31,487f2888fd48e5329106d196fd397de4fcdf1122c265c7fdf02c83cefc021ae9,2026-09-04T07:16:52Z,2026-09-04-33847976061
2026-08-31,48f497137724e82de7da9e7dd9ec1b0674ebf8761b2b2268906b5aa5b6ae96f0,2026-09-04T07:16:52Z,2026-09-04-33847976061
2026-08-31,497e22c919941a0ae090b8a750d6971a45af20bc1ec1254ed3202e8614dc2d61,2026-09-04T07:16:52Z,2026-09-04-33847976061
2026-08-31,4996cfbeb45671c2fab81e6735af1214ce79a2a12769ef51db8ea2ba8c01d6fb,2026-09-04T07:16:52Z,2026-09-04-33847976061
2026-08-31,49977955ac8f30cb2784abe3994208c5ce31fbf5e2056900364af9342da8eba9,2026-09-04T07:16:52Z,2026-09-04-33847976061
2026-08-31,4a8bdf2e5fe8cf3f8ceadb8e67a3aa64198db408aa1a30548b82bcb607395505,2026-09-04T07:16:52Z,2026-09-04-33847976061
2026-08-31,4a9312e0c3357c7a114f525d5af4afab0c5583c2e3a27e199201b903898219a7,2026-09-04T07:16:52Z,2026-09-04-33847976061
2026-08-31,4b0ac0f528da7709e4fa7f9a201eeab353d7eb44b4a77424926111b137d1c07e,2026-09-04T07:16:52Z,2026-09-04-33847976061
2026-08-31,4b8b68496686f5c4d81e0953233a4d8fee95f654421debd2939f4326472719be,2026-09-04T07:16:52Z,2026-09-04-33847976061
2026-08-31,4bcc5dabbb3382dcdfbb06068b672f082440bdf0ecb21cfd95e60836a20ad907,2026-09-04T07:16:52Z,2026-09-04-33847976061
2026-08-31,4bedd02822338a00986db219561ef947b62d7b47a8082cffee4a0d708be487e5,2026-09-04T07:16:52Z,2026-09-04-33847976061
2026-08-31,4befa2f0d444374ed98ae3c977ee0e6057e1a0b745d6a575569d4703189dca08,2026-09-04T07:16:52Z,2026-09-04-33847976061
2026-08-31,4c666a79d0394f474dea0cb4a40b0279ab14580d435dd9d32d4c83b5419c827b,2026-09-04T07:16:52Z,2026-09-04-33847976061
2026-08-31,4cdb71e9d25cc5511d7d7c70769fe434d3ce9fe06d72481f49a5bad720981bfb,2026-09-04T07:16:52Z,2026-09-04-33847976061
2026-08-31,4de0f417db8ffdf4b51225d8480db536828127f88def896cafa38afac1e1e75c,2026-09-04T07:16:52Z,2026-09-04-33847976061
2026-08-31,4e56dadc6c2c67d6c16dc324bd8540eee307415a7f235220cc1d6749010b0c51,2026-09-04T07:16:52Z,2026-09-04-33847976061
2026-08-31,4ea9ee73c9c1d814033508012f1632ff0db62de842ba3b69584c863dc786be02,2026-09-04T07:16:52Z,2026-09-04-33847976061
2026-08-31,4ebd1295e4aa3d88513360b620d83436ecb929fe99362530f7a8799ec0a30d14,2026-09-04T07:16:52Z,2026-09-04-33847976061
2026-08-31,4f01e6180ad2b1acc0d99725a714a9388e821635d0a012b3c91f8003612a474f,2026-09-04T07:16:52Z,2026-09-04-33847976061
2026-08-31,4f7d87838cddf8fb1a973932d44e02c4f3e878082a28c768cdc5cc20ed7d4954,2026-09-04T07:16:52Z,2026-09-04-33847976061
2026-08-31,4fa9edf5e19c935b774a1dac702d6dbbf6ff426f3ac3b25bed824a639ab4461c,2026-09-04T07:16:52Z,2026-09-04-33847976061
2026-08-31,50e6a89095c30e264055168ae90a14e05521ae4444c4b5fedb8404ed33bd21ae,2026-09-04T07:16:52Z,2026-09-04-33847976061
2026-08-31,510c9bc909fdd131fc3d8fb7ac9c546c9213b53bd2a1e765296e12ce511eeca5,2026-09-04T07:16:52Z,2026-09-04-33847976061
2026-08-31,5178f1ac6cf36865a7e2c7c89bade5598b7cd38e9843a4839cea12c120a01dd7,2026-09-04T07:16:52Z,2026-09-04-33847976061
2026-08-31,517fcfce695f2b8fe3160d8195a9b26368607dd9a160e000041e1de94aa2667d,2026-09-04T07:16:52Z,2026-09-04-33847976061
2026-08-31,51b64f6fd02691ff48f8ffe5e7070e3b55929fc33c56a82bf49c6c9ddc05db68,2026-09-04T07:16:52Z,2026-09-04-33847976061
2026-08-31,51bb70f86fda75ec84c2571a18ae56d6fa62c891e89a98ebd87b0a557c39f382,2026-09-04T07:16:52Z,2026-09-04-33847976061
2026-08-31,523798f8bd33918bd623ff1f8f05c682f0abbb2403ad34a96c21c56365a9805e,2026-09-04T07:16:52Z,2026-09-04-33847976061
2026-08-31,5265d89bfe9bc40757bb22e5ebb840dbc6f6eee3827ba518b16ccbdff2964e35,2026-09-04T07:16:52Z,2026-09-04-33847976061
2026-08-31,529064ac1f694601da97747375a7691e2782275ec6e94db223256645c220d8ea,2026-09-04T07:16:52Z,2026-09-04-33847976061
2026-08-31,52996ef7e259c4385e1334c8c2e656ae961664369ad6c385340fa6c2fe9a8ba7,2026-09-04T07:16:52Z,2026-09-04-33847976061
2026-08-31,52a2c8bf1c8bb6662ee276971204c613834fc513ab5b3ba9cfc2423739556a91,2026-09-04T07:16:52Z,2026-09-04-33847976061
2026-08-31,52aedffce01d110fcacd8962c58a27da5eca93f8267e163db76a5fe14b3d7357,2026-09-04T07:16:52Z,2026-09-04-33847976061
2026-08-31,52f0c97bd5fc93c91140d587f11e349b3af8977e50ff6d3068faeab9d5c49358,2026-09-04T07:16:52Z,2026-09-04-33847976061
2026-08-31,5302dfbc793b23b27b0e888cd9b112e4e601c653ee86bd4a415cdffadb91d356,2026-09-04T07:16:52Z,2026-09-04-33847976061
2026-08-31,537c4f6b14e886f6bc67f631108209ce63292ee6858fad0b55970116d2e63d0c,2026-09-04T07:16:52Z,2026-09-04-33847976061
2026-08-31,54711c4e22cb7392ad567d36141f2abd4546e5d5d0fa90b1d8f301562832bc1f,2026-09-04T07:16:52Z,2026-09-04-33847976061
2026-08-31,54a0f307d5b802fe5e56836fac5959086ec040537e8882d732e5daa2741ee7fe,2026-09-04T07:16:52Z,2026-09-04-33847976061
2026-08-31,54a6f18890a401c5a653f29996c2a9a1686087ac21202e331427c59914355c47,2026-09-04T07:16:52Z,2026-09-04-33847976061
2026-08-31,5507d9874f28df573d8ff4ae6f805b027e91daf44ab273b9240498bd2e67e095,2026-09-04T07:16:52Z,2026-09-04-33847976061
2026-08-31,550b0b5635bd6d708dd9844e7d390257cc70e67e1202b496ae3a5e8a502389e5,2026-09-04T07:16:52Z,2026-09-04-33847976061
2026-08-31,55249449f405fe2f77a74bcd4c30314fb9aa73aec0acc9819de00d8c5e5382ac,2026-09-04T07:16:52Z,2026-09-04-33847976061
2026-08-31,553af4134a7e12fe04fca8f80c6d551d01c7957c271e98e2dc47a4b243a08989,2026-09-04T07:16:52Z,2026-09-04-33847976061
2026-08-31,557e603f235e4c9546564d31c6aee93727a6ca6178dae8c7f5012533108a4c92,2026-09-04T07:16:52Z,2026-09-04-33847976061
2026-08-31,55bd79e50625e9aeed755f19f1cb6f0b65b01c909d7cf270386fbd3058c0e291,2026-09-04T07:16:52Z,2026-09-04-33847976061
2026-08-31,56030574f0ed1b25435a42fbe7e3c4211a827901972c35381ccfed9ea2f86254,2026-09-04T07:16:52Z,2026-09-04-33847976061
2026-08-31,5632a8b8d6066a2786444484d5a4d33ffe9cb16ecaa3cbba9457ce11912735c6,2026-09-04T07:16:52Z,2026-09-04-33847976061
2026-08-31,5644059cea42e4e99cdb4fd99c9566c133193d3383839aa914e09af8a95633fb,2026-09-04T07:16:52Z,2026-09-04-33847976061
2026-08-31,5672f2b1a268eb7a99cc74b816814ebbbb5763bf445d60ddb3ac156b97eda880,2026-09-04T07:16:52Z,2026-09-04-33847976061
2026-08-31,568a42696172c2b1764fd4d148a2be847b339d155764c1308f88d8c6b58e9ad1,2026-09-04T07:16:52Z,2026-09-04-33847976061
2026-08-31,56959b9c0141991e631539048c4c47b4fe6610b05e9de14c63fe019cecf0bc17,2026-09-04T07:16:52Z,2026-09-04-33847976061
2026-08-31,5705493f752dd1873addf61b71b13543d71be2d3d5d2419c2bec7fc87249c49d,2026-09-04T07:16:52Z,2026-09-04-33847976061
2026-08-31,5761ebfaa6403fc7a7ba3d52ce05bc36f47b399e73f3ac67186065fa94d02263,2026-09-04T07:16:52Z,2026-09-04-33847976061
2026-08-31,5786d83513e92114e999bb7cfb07d933f7a2c3a10c1b49d37ae470f03ad62bbc,2026-09-04T07:16:52Z,2026-09-04-33847976061
2026-08-31,581186b1725ded3e48f0ae0c9f27a6327d7805b22cb08334d5374d3afca67be5,2026-09-04T07:16:52Z,2026-09-04-33847976061
2026-08-31,5839ae5ac0f82182a64db90696dde0e8219c71cd7a3c8019bc656a03b8642aa2,2026-09-04T07:16:52Z,2026-09-04-33847976061
2026-08-31,58971dfa5d775f96d543d140f1ba5d87aa11fb428d83c4d72ad8ce5f933b3afa,2026-09-04T07:16:52Z,2026-09-04-33847976061
2026-08-31,58c7cbbfbdcf3fadb45b56b08e219b3bc11f3c403449076ebd4e55fac223e177,2026-09-04T07:16:52Z,2026-09-04-33847976061
2026-08-31,593b9693d83ad5755c193acf71bd0b5acc4cce1ec42b30ee2cb4b70b800fb12c,2026-09-04T07:16:52Z,2026-09-04-33847976061
2026-08-31,5a76df420e9e7c5de26d9ab64934fb8a364fd835ce05d2b9c9d3f37bceb60e28,2026-09-04T07:16:52Z,2026-09-04-33847976061
2026-08-31,5aa63655c8593b084f2982762c619077be7924e16511e13d83609e73f4baa48e,2026-09-04T07:16:52Z,2026-09-04-33847976061
2026-08-31,5b446c75549ee4c069a5cae2a3fc4dc5edaa62fecfb00461a46bafc6aeb92170,2026-09-04T07:16:52Z,2026-09-04-33847976061
2026-08-31,5b6ea75657065f9c188d18ef1ab4fdb35f65634d5399120f5eb747798fb3ec09,2026-09-04T07:16:52Z,2026-09-04-33847976061
2026-08-31,5b8440ef96b9c568fb282373460d4b0cd799a1b16acd7462dd6829a36caa0313,2026-09-04T07:16:52Z,2026-09-04-33847976061
2026-08-31,5c2eee9444d198c634f598cd45aae978e184c45eb573ecad651a2e8b649bc382,2026-09-04T07:16:52Z,2026-09-04-33847976061
2026-08-31,5c5caea2144dc1d22b17970fbece63423182e5597ab86ef0123b2546c98fff99,2026-09-04T07:16:52Z,2026-09-04-33847976061
2026-08-31,5cd224f2a89bc8b81b4f3350019d6e04da1745538f1a0e0b94293ef27c9e8524,2026-09-04T07:16:52Z,2026-09-04-33847976061
2026-08-31,5cfe57df1b4af78b5a0fc17ebab944dc599d97e11da72b3d9492ac9947c0a836,2026-09-04T07:16:52Z,2026-09-04-33847976061
2026-08-31,5d37679d26db3e36f918987cc1693176ecd1dfcb57e7cbce29bca422bbad885e,2026-09-04T07:16:52Z,2026-09-04-33847976061
2026-08-31,5d5dfe868e34138d474fee8180139e3ddd82bed06a706805b217b1333c781a6c,2026-09-04T07:16:52Z,2026-09-04-33847976061
2026-08-31,5d9165e50d0050fb684161cf3efa33374b50930fc5154ba4ca07d7479140698d,2026-09-04T07:16:52Z,2026-09-04-33847976061
2026-08-31,5da4ca5808aa9568d00c2d2647a80933692367d2742af1150feb6f5b900c4c9d,2026-09-04T07:16:52Z,2026-09-04-33847976061
2026-08-31,5dae10533da89833d2fa0c9ab0b3ee7b2b7ff498a8125257128ddebe2bf4f690,2026-09-04T07:16:52Z,2026-09-04-33847976061
2026-08-31,5dc1d9d6c375e2379fa99f967852fa6c49f3e524e59dc0b6a688e3904c83f539,2026-09-04T07:16:52Z,2026-09-04-33847976061
2026-08-31,5e1e78a1a0ebc708e678f701b07770c38df92f5662209c5a7d30bbbeaa02db3b,2026-09-04T07:16:52Z,2026-09-04-33847976061
2026-08-31,5e6908775b60c7da9c2b60c75502afe16da6e300da273d5218aa0a97350746bb,2026-09-04T07:16:52Z,2026-09-04-33847976061
2026-08-31,5eb449ac591697d7c04511e22e7da9140c5bcef02b43a2a7b24cd27457250a2c,2026-09-04T07:16:52Z,2026-09-04-33847976061
2026-08-31,5f22969c706672a3eaadce5b43757c2dc1f0091c347811e4d0d0bc0bc3309984,2026-09-04T07:16:52Z,2026-09-04-33847976061
2026-08-31,5f94750647efe8c9152ecfc0a067fd13f8cc7352014f48c86549658243edb792,2026-09-04T07:16:52Z,2026-09-04-33847976061
2026-08-31,5fbd5c652a1d5e9b7ace654c78b1fbe4ece74c6d66aee4c0cb5f92add6d3e8d4,2026-09-04T07:16:52Z,2026-09-04-33847976061
2026-08-31,5fe38f01d979285623d2d7dd4e1ef5fa203c747bf4e116162fea944b83127cc9,2026-09-04T07:16:52Z,2026-09-04-33847976061
2026-08-31,60262d8b6d1919d42afddc9f93b12e55e493450f38d239e0f4c6e093888306a5,2026-09-04T07:16:52Z,2026-09-04-33847976061
2026-08-31,6039f4337c3a1945a0a84234a03a6aa57988db433ac64c3484de8ec0bb1c8f07,2026-09-04T07:16:52Z,2026-09-04-33847976061
2026-08-31,604a8d445ee935fcef07f95bc93ade7782b03bb1ef01a80f662fe8004147681f,2026-09-04T07:16:52Z,2026-09-04-33847976061
2026-08-31,6101271a01a6dc4e734f90f5b24d5cee7f48b8bc2b0ed2a7169da2b99d425254,2026-09-04T07:16:52Z,2026-09-04-33847976061
2026-08-31,611ba0a90ecda8f21561ce797b502997b3b5dcdd33ece0d0af2e20376faf5e08,2026-09-04T07:16:52Z,2026-09-04-33847976061
2026-08-31,614ea851fbf8a9861703a1fbcfd640fa2282ee442cd8fc6a0bb00d73a95a086d,2026-09-04T07:16:52Z,2026-09-04-33847976061
2026-08-31,6246110ef938147b1e1359b9f458125eb73ab40eab880a8fbf0d2e3227536a06,2026-09-04T07:16:52Z,2026-09-04-33847976061
2026-08-31,625be81d9f871bc5f4b0ed628772f7cd26c404578ae5bef6f18c12355643ec5d,2026-09-04T07:16:52Z,2026-09-04-33847976061
2026-08-31,62c88134266887bc46721374d57d254c263ca824448a60ab4e395e2d8e7088f1,2026-09-04T07:16:52Z,2026-09-04-33847976061
2026-08-31,62e7057b3ddbbe91c5a0739cdbbb44e5ae80092c9e34ab08afed6ef8d90cef87,2026-09-04T07:16:52Z,2026-09-04-33847976061
2026-08-31,632629c68719236f830a72fa30c16e8ecd8c5e1203066086809e11e3554b7bb3,2026-09-04T07:16:52Z,2026-09-04-33847976061
2026-08-31,635988de2ee80542d16a59266a76cd462ec3e14a0c6bcce2c603d8d5b3591425,2026-09-04T07:16:52Z,2026-09-04-33847976061
2026-08-31,6364790480000dd569196912f9a29e501f584b4f595e3443f3a54fcbe64746b5,2026-09-04T07:16:52Z,2026-09-04-33847976061
2026-08-31,637c2ec1090875817e40d3d8b6283e32df7baaccb1cfae317f22d30fb3bcf76f,2026-09-04T07:16:52Z,2026-09-04-33847976061
2026-08-31,64277742e9317931c5c864050c3addc7e30d978341c274f8e96c13ca0ad80bee,2026-09-04T07:16:52Z,2026-09-04-33847976061
2026-08-31,6430855417563b1786d9fcef77ec135e6baf322741d5d734cc22309d41055965,2026-09-04T07:16:52Z,2026-09-04-33847976061
2026-08-31,6435dbe7134ca5d4a1277742bb6f7c45104ac7ed2e9e51a20cb6a531c93f9e56,2026-09-04T07:16:52Z,2026-09-04-33847976061
2026-08-31,64507b843077ea56b2acad82cd52f26ac7572cc93b70495d7580dfa87ad94dc2,2026-09-04T07:16:52Z,2026-09-04-33847976061
2026-08-31,6495b04d8d81776598b812051a87a0df48e791bad2a2827b597de5ec8cdb24b1,2026-09-04T07:16:52Z,2026-09-04-33847976061
2026-08-31,64e4e0ced697efb0b3b86600faca8b6b3ab7d1dbd395e72be58d7f4a37d852c4,2026-09-04T07:16:52Z,2026-09-04-33847976061
2026-08-31,651672f8ab2d31a4df3beb424af85872c0b8d667b2905866c7595d0ebd2eb997,2026-09-04T07:16:52Z,2026-09-04-33847976061
2026-08-31,655130de5a3984e96566d6cdebc2da58eea198c382e4c02aaeccb34401af9e98,2026-09-04T07:16:52Z,2026-09-04-33847976061
2026-08-31,65c480fd81a13c9d3d806d271e5970273f50dc178b04fb813c68941face807cd,2026-09-04T07:16:52Z,2026-09-04-33847976061
2026-08-31,65fc2f069d218606144789e084ce0905ee7305cf653673953e98f243bda1f562,2026-09-04T07:16:52Z,2026-09-04-33847976061
2026-08-31,66398d5625ca2893fb915c2879bd1091eba3cc2e2e769a32c11789db8f2da463,2026-09-04T07:16:52Z,2026-09-04-33847976061
2026-08-31,663d48bfecef95181f6ca0623d7c29d03d2c64d44fbdfd357c2f8768d1e23697,2026-09-04T07:16:52Z,2026-09-04-33847976061
2026-08-31,66753fcee283c7eabb67a1a795a311c09a7a35f57a952131c4343812dcef4138,2026-09-04T07:16:52Z,2026-09-04-33847976061
2026-08-31,6686356e29146f93fd1b4bdb96bd8643c52977861b10356b6a66e2956df86b00,2026-09-04T07:16:52Z,2026-09-04-33847976061
2026-08-31,67132c6e2390a5507dab67e05537e0f3cc2e059a81005e0fd5bb9b5a3aff5aec,2026-09-04T07:16:52Z,2026-09-04-33847976061
2026-08-31,674f1ca929b0fea4549260fe5592eddc2d55475e3978d1a60b00a6c39308aba0,2026-09-04T07:16:52Z,2026-09-04-33847976061
2026-08-31,67703a9be268717cbe5d16e7226cbea89336b67331209ff98f30c6736e8aa603,2026-09-04T07:16:52Z,2026-09-04-33847976061
2026-08-31,67a6a023b57ab9c26f1675fce960ffb242f86f543b201b8723edc235c6fd496d,2026-09-04T07:16:52Z,2026-09-04-33847976061
2026-08-31,67c7a7c1d2df565dc9c2c6fc9a7f1dda2e5f266577a3ac9b6760e4dc3f3fe086,2026-09-04T07:16:52Z,2026-09-04-33847976061
2026-08-31,67db0f7dad97737ac924e85876b0896e1f23f631f2646c1697cb2c1760033b7e,2026-09-04T07:16:52Z,2026-09-04-33847976061
2026-08-31,681cfbf9cb3b77ee54ed9791b2791ae0b11885107b5982b487de794da91cfe41,2026-09-04T07:16:52Z,2026-09-04-33847976061
2026-08-31,683279ac37298d5436d7cf967596c748ca96ac1c876aaa318b732130dad9aba2,2026-09-04T07:16:52Z,2026-09-04-33847976061
2026-08-31,6841fb0e31e5cc692c909c2ce562745e4a90978a6f3e4cb1616eeaee5467b279,2026-09-04T07:16:52Z,2026-09-04-33847976061
2026-08-31,684a593e7e96152b7d8381df171e4e0a7c8befa0f5e4d9c027fbbeb305b59ada,2026-09-04T07:16:52Z,2026-09-04-33847976061
2026-08-31,68b7e5a810be874271660caf24156ac5fe4e72a298c04a4d816ebe87d8bea899,2026-09-04T07:16:52Z,2026-09-04-33847976061
2026-08-31,68e631cc104add1e54b49048259a2f6793fe72b9d429c97886de90912bcfa281,2026-09-04T07:16:52Z,2026-09-04-33847976061
2026-08-31,68fee3dd2ae7ba256d85283b82d32292bf40c0e481b2405351f405c158e9c986,2026-09-04T07:16:52Z,2026-09-04-33847976061
2026-08-31,691e3ceb42c62c46ee682eb882742a6b54ec8d1d1220ef50170887d99864b143,2026-09-04T07:16:52Z,2026-09-04-33847976061
2026-08-31,69395e1715b184744bd749c2091c41aa47b4f5da3c2e4184c0354d5fe47d9437,2026-09-04T07:16:52Z,2026-09-04-33847976061
2026-08-31,69caadb9a11fdc54cee25cfea21d74af120449b4284190e242fd1194349e0b2e,2026-09-04T07:16:52Z,2026-09-04-33847976061
2026-08-31,69eaa448a46c96ff870ee6d1d7998727700cb39fed212575a35b28e19962952c,2026-09-04T07:16:52Z,2026-09-04-33847976061
2026-08-31,6a893c77f2ba0572ae1c95e14faca5ec49272f878f7e864461f1492e6ccf82d6,2026-09-04T07:16:52Z,2026-09-04-33847976061
2026-08-31,6a926360937cf8ca3b700c1d3b62bb83cbcbfb2a2bff68189c063a42f95518d7,2026-09-04T07:16:52Z,2026-09-04-33847976061
2026-08-31,6ac1977ddff37456c969c463a882ac116650c15660283f74a084b15458e6be4d,2026-09-04T07:16:52Z,2026-09-04-33847976061
2026-08-31,6ad28ae3ac46613b8aa015acbccf7eaf4013e8242a79f1e985730d21e13bf428,2026-09-04T07:16:52Z,2026-09-04-33847976061
2026-08-31,6af9a9ed27dc0d9da508c512b109e092299b965fc15f3011710dc89677f6f32a,2026-09-04T07:16:52Z,2026-09-04-33847976061
2026-08-31,6b43461b1a0c642cd058414919b79d03a2898a61d5de143a6323926fe07551a1,2026-09-04T07:16:52Z,2026-09-04-33847976061
2026-08-31,6c8e7d124204efe5a4403ec9102bd68e666f07109e11d6a3e3a23e2bf5a80f19,2026-09-04T07:16:52Z,2026-09-04-33847976061
2026-08-31,6cc329cc94b2e6c706646b0a59f22eafd0d6ff42c752bbe6b187e7738b866fa7,2026-09-04T07:16:52Z,2026-09-04-33847976061
2026-08-31,6cc3b6fa4ed06aea9239849f3613264d0bce2f43af70b2ef008b3a9c3f510b0a,2026-09-04T07:16:52Z,2026-09-04-33847976061
2026-08-31,6d144a253c59f06d207ca3e42bcefb48c8ad027983cb97b8e294890db2c20977,2026-09-04T07:16:52Z,2026-09-04-33847976061
2026-08-31,6d2f6e49999ec083d2e915b1f77e72a4386360c5b73f30620b4dde7497505c03,2026-09-04T07:16:52Z,2026-09-04-33847976061
2026-08-31,6e22fb0c09a36d93a91f053ff1fd2a74a8e4716620d0b305b273832c424fd023,2026-09-04T07:16:52Z,2026-09-04-33847976061
2026-08-31,6e4b97aad666c8f10460437f75ba913a538650d4d8a7afe7e55eb015bdbd9ccb,2026-09-04T07:16:52Z,2026-09-04-33847976061
2026-08-31,6e711ad59581f6a3797e4c58fce811faebce7b02373b757b7c9d22a6e4140f49,2026-09-04T07:16:52Z,2026-09-04-33847976061
2026-08-31,6e991d6d6e1efa2cb025b462bc7465ad613db99fba7ef91301ccab9cb34f8f71,2026-09-04T07:16:52Z,2026-09-04-33847976061
2026-08-31,6eaeb17b2cd2953f5b09a33f3128191c48c95c9c26b230eab72637510d5ed2cb,2026-09-04T07:16:52Z,2026-09-04-33847976061
2026-08-31,6eeca7c975409c322b3b9f48d8e432e4946c6bfbfa16154db138c73ef9661778,2026-09-04T07:16:52Z,2026-09-04-33847976061
2026-08-31,6fa033263bda27d331be49664602d4ad547555b9587586d5397179bf62ccd794,2026-09-04T07:16:52Z,2026-09-04-33847976061
2026-08-31,6fcf12e4b2fe2db145433d42b07138f96a42df7af8669c7979ebd9524d2344ff,2026-09-04T07:16:52Z,2026-09-04-33847976061
2026-08-31,70b1206652cca5af30bc57a6e0691851edc3b94a9711e2653ee1af4cc1437617,2026-09-04T07:16:52Z,2026-09-04-33847976061
2026-08-31,70e02aa736d793af1ab13df584675a36d7a9c0d3cd95cd8bb041c15147ee3764,2026-09-04T07:16:52Z,2026-09-04-33847976061
2026-08-31,710b00b3ad9d077e524eccc646b94d49e0d386d9250670e51d87e9875197a818,2026-09-04T07:16:52Z,2026-09-04-33847976061
2026-08-31,713eb610bd966b3375c4d174a089de6f7cc580229251da6cb8e5434492595faf,2026-09-04T07:16:52Z,2026-09-04-33847976061
2026-08-31,7154d9f95072471c310c0a1ce133aab67cd025f60a198d036c760fa2f4ad37fa,2026-09-04T07:16:52Z,2026-09-04-33847976061
2026-08-31,7172a7402dae71da704fa2cf2b8020a41ab48b690b7469d448b92b5efe23aefc,2026-09-04T07:16:52Z,2026-09-04-33847976061
2026-08-31,71a4bd84e77a1fa79097def95618f419cde5f7cef1657d1ad961d711143d98d1,2026-09-04T07:16:52Z,2026-09-04-33847976061
2026-08-31,71ada203ad18f3979800da6fa6ff9e986297d9059691a5a267a7f35276a8a43b,2026-09-04T07:16:52Z,2026-09-04-33847976061
2026-08-31,71ee69dfcf5aebbf281d3bbb2460efb1efb36aaed212ffb968a98e8e819fe2ef,2026-09-04T07:16:52Z,2026-09-04-33847976061
2026-08-31,7261d108ece5510a7e75603f769846405673bd0cf60ed88822664357de523175,2026-09-04T07:16:52Z,2026-09-04-33847976061
2026-08-31,729d7f3188b4d05ed7e39da7551ee974e7abe06484430d030d78a8124b8bdac1,2026-09-04T07:16:52Z,2026-09-04-33847976061
2026-08-31,72db087f4c2969e38ff16dadb4d8d5ada66bf771c4f8b932a309a9edfa2cf607,2026-09-04T07:16:52Z,2026-09-04-33847976061
2026-08-31,7318580e7208b669a3ad5c8f497382b896789f128209136ed716e4c5ecd14ea3,2026-09-04T07:16:52Z,2026-09-04-33847976061
2026-08-31,73c782ca3a9e4817a7091bda1280146bc777df16040451d1b380cc9fea70942d,2026-09-04T07:16:52Z,2026-09-04-33847976061
2026-08-31,73f5717fef2424fb41b15ccdd6f2a490370f85cedc57d9668a1b59144ae8c60d,2026-09-04T07:16:52Z,2026-09-04-33847976061
2026-08-31,73fb6e95c2474cd8d93cd7334e8a425e691c3aabb41b1e56fc853c715d244feb,2026-09-04T07:16:52Z,2026-09-04-33847976061
2026-08-31,74b99119ca6eec2023aeb55345ed1cb17d51ae2004f05fc71da33e2610daff51,2026-09-04T07:16:52Z,2026-09-04-33847976061
2026-08-31,74ddf6ddd23ac52925f4ce4841201c46c73f570d7591319c0257432cf1f0613f,2026-09-04T07:16:52Z,2026-09-04-33847976061
2026-08-31,74f83b7c6d1f0825cee3086820f1740c6a71fd387fd4d9fb45a6b3127c13a98f,2026-09-04T07:16:52Z,2026-09-04-33847976061
2026-08-31,75534db900e4779f12b67b6c7359612b23d7e205544723596e6596b738be4999,2026-09-04T07:16:52Z,2026-09-04-33847976061
2026-08-31,75aafc4041ee29dae3179e535f4be7887a7c8fc932747f44b9922f49165f4990,2026-09-04T07:16:52Z,2026-09-04-33847976061
2026-08-31,7618f7f47bd7d56bd8c5a184f9f8565f0cef2cfa6bff70c61ecad78a0c066408,2026-09-04T07:16:52Z,2026-09-04-33847976061
2026-08-31,762dbea05c9e255f86d15ce2f22a23114b7ee2a432efd8d0f7b843c7341bf61e,2026-09-04T07:16:52Z,2026-09-04-33847976061
2026-08-31,76bad56207d1b00dd0065c684c1bb374daacfcc9c7c51bc4b26aa1e7fc6203a1,2026-09-04T07:16:52Z,2026-09-04-33847976061
2026-08-31,77f161649fe372eb913fc1fb47201e3c1a64c8a90dfd7dd2048e0d5103ad74a1,2026-09-04T07:16:52Z,2026-09-04-33847976061
2026-08-31,786a0b191a9c9d6b18a5e7c8fb717cea7dbbeb72b1521e524b1d20a34ee6b14c,2026-09-04T07:16:52Z,2026-09-04-33847976061
2026-08-31,78c479f1b5e5fd5e1d23b0348286f26b0b0ff41647f43fa50cb8db20a3df9c51,2026-09-04T07:16:52Z,2026-09-04-33847976061
2026-08-31,78cdcb128753ba24db50e6522081f4f12b3ee32a4613d2e0d7d5ba418df4050a,2026-09-04T07:16:52Z,2026-09-04-33847976061
2026-08-31,78eeffded51f4f9cb2817db4666809fb88d255a5a4dfbbb39d49ef777d64a53a,2026-09-04T07:16:52Z,2026-09-04-33847976061
2026-08-31,790234bfb6dd5724670762123a0051b6867ed629be4c6016cccdd5175e0e9dc8,2026-09-04T07:16:52Z,2026-09-04-33847976061
2026-08-31,79550199ce958ee63044fa25998f4c36ebda729603a216279d9af62f92ac82cf,2026-09-04T07:16:52Z,2026-09-04-33847976061
2026-08-31,7993dca806da41ca94c848230aff074b1fa94d1c02c8223da163572d9463f8a6,2026-09-04T07:16:52Z,2026-09-04-33847976061
2026-08-31,79ab2f4ef45bbcf5d8b96d20b9ae13bc66210a10e6a6e329f300bbde7b4c1544,2026-09-04T07:16:52Z,2026-09-04-33847976061
2026-08-31,7a65f28d0ea9ff686d04ba23e420d94bb726a205f871b1c7a9b93d75fac4014e,2026-09-04T07:16:52Z,2026-09-04-33847976061
2026-08-31,7aa77171143df2fb995e8ce3acdf94c487aa9685d6e45a43f1d9abb0d4d7f74d,2026-09-04T07:16:52Z,2026-09-04-33847976061
2026-08-31,7afe5734b8f47f76db94ddfa98cd0c8796a4661f47748731b049a8d210d1d33b,2026-09-04T07:16:52Z,2026-09-04-33847976061
2026-08-31,7b41d64f6e68e3841deef41a5ad366de5114a30427ece868756f2349c1d3e9bc,2026-09-04T07:16:52Z,2026-09-04-33847976061
2026-08-31,7bba04d6fd259b57a483a3bc5be3ef5d8b58bba7f0223021ce105eb9f380ecfb,2026-09-04T07:16:52Z,2026-09-04-33847976061
2026-08-31,7bd7e40fa2e7c72ed465ed914bfa3e861e64996435285c3632ba6fcb2d5663b8,2026-09-04T07:16:52Z,2026-09-04-33847976061
2026-08-31,7d0ddfe85ff44525a706a873a3c4037c16ca7854601d10a7c6e3402740a0232c,2026-09-04T07:16:52Z,2026-09-04-33847976061
2026-08-31,7d173b0950c2804730e245b877aba1aefcab856b49e3c7eed91b9eff88756356,2026-09-04T07:16:52Z,2026-09-04-33847976061
2026-08-31,7d3c208483155a31a0c03d111a4540113d649de18785bdfe08b10bc9416098d6,2026-09-04T07:16:52Z,2026-09-04-33847976061
2026-08-31,7d4baaea5524135da35cf30b3e11fdea20e441ae31f4e5331f2a9e03abd211fc,2026-09-04T07:16:52Z,2026-09-04-33847976061
2026-08-31,7d9a6097dc20dd9d61a5cd1a526b214083e2efceda73a3f50dd9864effa95fdf,2026-09-04T07:16:52Z,2026-09-04-33847976061
2026-08-31,7e28610b070e707cf4bacd9fe2412ec6028e28a29dca412ace35c8f69b26a53c,2026-09-04T07:16:52Z,2026-09-04-33847976061
2026-08-31,7e7a2309c9ff42cb4976614fd348f78669b23c2453f47ea755d3093e95ebc327,2026-09-04T07:16:52Z,2026-09-04-33847976061
2026-08-31,7e8c335a1bfa6f861e2f8a61299b4e94f90b84a29ee8dbdfa57a50ec68ca1901,2026-09-04T07:16:52Z,2026-09-04-33847976061
2026-08-31,7e969d3b7251c3544ffd88f5a396284afe3ce7856b60ed61bb718bbef8742628,2026-09-04T07:16:52Z,2026-09-04-33847976061
2026-08-31,7ecb64fb2ffaf41436c9813a3f4fd5106823cac75c81ae33e9dd86a667241cf2,2026-09-04T07:16:52Z,2026-09-04-33847976061
2026-08-31,7ef0e56ff419eaa5a6cc695a5d6341c7ed8e20c9dba12706b3232bb02cb3d3a8,2026-09-04T07:16:52Z,2026-09-04-33847976061
2026-08-31,7ef79eeb06b5741d5677f1ca642a9916f32559256fe67d98089372e6705e897c,2026-09-04T07:16:52Z,2026-09-04-33847976061
2026-08-31,7f218981a21aa6252cabb4bc438d64f5156c64e09b220aa14834e3d7af8e79bd,2026-09-04T07:16:52Z,2026-09-04-33847976061
2026-08-31,7f5d08aaba7b97c8c0263b906ff20c007b49b1a447d6c3ca9f9d21a1469f3868,2026-09-04T07:16:52Z,2026-09-04-33847976061
2026-08-31,7fb1789060d88000eca41c52dba19ad2e4daf67fa1bff077f276ca9fe10cd2b8,2026-09-04T07:16:52Z,2026-09-04-33847976061
2026-08-31,7fbf3ed7746384f271330ddf944ec969a54298b5606760e0f6609aa3eddeb17c,2026-09-04T07:16:52Z,2026-09-04-33847976061
2026-08-31,8079b557eaf978879582b614c7f29f66639d19a6e848b4855903909bf7de554a,2026-09-04T07:16:52Z,2026-09-04-33847976061
2026-08-31,81c58c8b0b0e1233cb53ae4b3dc54cc00c4264574af94bb1cb0d6c730481267a,2026-09-04T07:16:52Z,2026-09-04-33847976061
2026-08-31,82272f5a4f1a444096df0bbb1db3b699232b09e6b9a9369df898f438a45bb744,2026-09-04T07:16:52Z,2026-09-04-33847976061
2026-08-31,827ebbd1e2041edb0b3df123357601ce73769ed7c90e397d3f6dbfb06927c7e1,2026-09-04T07:16:52Z,2026-09-04-33847976061
2026-08-31,82ba3d6d29523248aa76b061068d3d9c16eb54d978e0beca0537cdde7febad52,2026-09-04T07:16:52Z,2026-09-04-33847976061
2026-08-31,82e1a1d8db824e96a27db0c1b56bd0534938ea6fb24016c3756eee3e1edc58f1,2026-09-04T07:16:52Z,2026-09-04-33847976061
2026-08-31,839108260a119d92725bbd6f3e6cf0198ebce09a7c134c173e9d91004f3e1503,2026-09-04T07:16:52Z,2026-09-04-33847976061
2026-08-31,83a3c99d7804ccb8f2172c85a9ce3095c346a710c6cc5e8c41f9865009845138,2026-09-04T07:16:52Z,2026-09-04-33847976061
2026-08-31,841c52fdb214f82501ac2d5fc7a2e3dc9951a240d03f314f38af6ad764e8a264,2026-09-04T07:16:52Z,2026-09-04-33847976061
2026-08-31,84e7d3f2d6ef57e0104b17fe2112d04467e25a35444e3c4eb3c8be43dd7f8f8d,2026-09-04T07:16:52Z,2026-09-04-33847976061
2026-08-31,84e8a5cc7dcc459e54a8bef8c62d0bc0c175e7c4e891dd6178ea11688f93fd19,2026-09-04T07:16:52Z,2026-09-04-33847976061
2026-08-31,8513a589b5b2486e93bd2d57ed2028977d27094b8188a33482aa359e15d919dc,2026-09-04T07:16:52Z,2026-09-04-33847976061
2026-08-31,8549fd3bdb8552702e4d521079cca65991e11eba6def5a952bb8ed9471ad0f6c,2026-09-04T07:16:52Z,2026-09-04-33847976061
2026-08-31,85c41227fcdb7aa6ee90aa2efd3a92d37492ac6f4474e709c0febb69b9033d9e,2026-09-04T07:16:52Z,2026-09-04-33847976061
2026-08-31,8628cdecf6643b8453fc2649a696b5a2f355e2bc72449d1ad157b706caf3a2dd,2026-09-04T07:16:52Z,2026-09-04-33847976061
2026-08-31,865f9ac82f782c664b863df6f186e0ad3e61d654afcb0b07306385baec82d17f,2026-09-04T07:16:52Z,2026-09-04-33847976061
2026-08-31,866c2540101c6d416f5d0e120071fd48bb946af4b994716a81ebcb67422f887b,2026-09-04T07:16:52Z,2026-09-04-33847976061
2026-08-31,86b51ce365e7b714ac478295122d964dbdc781596133e90f17f0c71b20902013,2026-09-04T07:16:52Z,2026-09-04-33847976061
2026-08-31,873d21f6f8d967f5d9af67e5a373f62005c02b712806bbbb87a29a78f097d7fb,2026-09-04T07:16:52Z,2026-09-04-33847976061
2026-08-31,8805e23497656cad0e86e15f4551d61d1f2f9c2460ce1e44acf7a2d6e43b63a6,2026-09-04T07:16:52Z,2026-09-04-33847976061
2026-08-31,8855ff079d87f3c5562724e7ead3a9d1ff856bd1753003bec0b62df41cc5632d,2026-09-04T07:16:52Z,2026-09-04-33847976061
2026-08-31,88b2ac742d46a5d3c3785293b687bc4cba917049dbfbd59855d8c26676b00412,2026-09-04T07:16:52Z,2026-09-04-33847976061
2026-08-31,88dad5829b738133f32af5af5ce585d1d3ecde20e3c15546547aee8e3d53bfaf,2026-09-04T07:16:52Z,2026-09-04-33847976061
2026-08-31,89a31195b5354265a83ed19d63c22a37fe3cb0ed703931d83c4aec447c091e49,2026-09-04T07:16:52Z,2026-09-04-33847976061
2026-08-31,89a79c9676b55b96bdae6d43b94bb7e4c0b52987c0c64d109ce1b2482bd7f6a9,2026-09-04T07:16:52Z,2026-09-04-33847976061
2026-08-31,89f58d05f3b13008c20346711e086dcfe675573a51de7fe8522c33cf017bc9b4,2026-09-04T07:16:52Z,2026-09-04-33847976061
2026-08-31,8a03856c3e26a769078c9baeb5e540684eb7f333277c5f31dadebc5d7f81578d,2026-09-04T07:16:52Z,2026-09-04-33847976061
2026-08-31,8a3d9c1767ff1038b03b962625d780a628d25ae99b46199a6e4e0ca52d65cb51,2026-09-04T07:16:52Z,2026-09-04-33847976061
2026-08-31,8a402269d2f99b2197037e334362a7bc5d2e90b42314ade53f3758b70770def3,2026-09-04T07:16:52Z,2026-09-04-33847976061
2026-08-31,8b02a2e40e3bcbaef0e0ba10b8b974728f4b91ede5a01be4dce2aa9ace0e88d9,2026-09-04T07:16:52Z,2026-09-04-33847976061
2026-08-31,8b37516afa0265a61abd1705d6ea472c1cda3fd0af7b12a458b80c9f50e4ad3b,2026-09-04T07:16:52Z,2026-09-04-33847976061
2026-08-31,8c20b69764c33ab43fe87c26cd7d9be394b29fabf43609117fc0b4457bba2951,2026-09-04T07:16:52Z,2026-09-04-33847976061
2026-08-31,8c22f2e043bbbd92a0005cf1c5fe774875d5f27850f752cb403ee5730167322f,2026-09-04T07:16:52Z,2026-09-04-33847976061
2026-08-31,8c81ff599b6897d0a06a8f93b79fe6562c0c9eff06305b0b92cf6fd3ceea1a07,2026-09-04T07:16:52Z,2026-09-04-33847976061
2026-08-31,8cfa5d415ab5e7be72571bc16f740e934e4b8d55cc1042e954273d3e990b8143,2026-09-04T07:16:52Z,2026-09-04-33847976061
2026-08-31,8d14ec8979b78d87fd8816622c253fa6413b70fa0df263ab89143a37f45ce905,2026-09-04T07:16:52Z,2026-09-04-33847976061
2026-08-31,8d4b6af5632fee7a852f7a8cdf4e30c19478dfcbff5f11962349545f7b9ccea3,2026-09-04T07:16:52Z,2026-09-04-33847976061
2026-08-31,8d97c4dbab0ded609dabf1cca12d698d024d29f3c1b2ee7964e06beeb21885b1,2026-09-04T07:16:52Z,2026-09-04-33847976061
2026-08-31,8e10b6d83b86cd846d7aa72aec843758ef8dc158456e5147c2b804a1f8688394,2026-09-04T07:16:52Z,2026-09-04-33847976061
2026-08-31,8e6164cb53e1e4a6e6f536374ac6e697a28fab969e79a744d60a20867df93088,2026-09-04T07:16:52Z,2026-09-04-33847976061
2026-08-31,8ea35fa391a78fef9ac57d1355957ced9cb68f2c7347e00256a1e358ce0a818d,2026-09-04T07:16:52Z,2026-09-04-33847976061
2026-08-31,8eb94bb6971e96d1bc5f211995f42b45f0f3e72986d4a0a97140c49abd5c9d5d,2026-09-04T07:16:52Z,2026-09-04-33847976061
2026-08-31,8f485f2a16edeff3bde5debdbd48eea4b4e755b43744951e4c48fa0fc72be9fc,2026-09-04T07:16:52Z,2026-09-04-33847976061
2026-08-31,8fb97a425338e3872400a035c5596c1f41ca580ecb4575cf538a4b9a29a73bd6,2026-09-04T07:16:52Z,2026-09-04-33847976061
2026-08-31,900bc7a6f5c533892ef4018da3625c1b0ec121c43799759a3b35cd5a62f5909d,2026-09-04T07:16:52Z,2026-09-04-33847976061
2026-08-31,9091a73227b48db0c9d5fa07abffc19692bd5e6fa59cd7d3c56664c81f1a0d9b,2026-09-04T07:16:52Z,2026-09-04-33847976061
2026-08-31,90acad03085a75b62c4282327b2b871a7a3f5fc271fb04a18c5a5c8a7073edf4,2026-09-04T07:16:52Z,2026-09-04-33847976061
2026-08-31,90de298b7b6eb2b4ed4c975a09c3721892313b3cbe7ed9565cc49900c9ef04c7,2026-09-04T07:16:52Z,2026-09-04-33847976061
2026-08-31,9115bc4193a6d8b7011b67f917740a160841c4a2fe295945d0870d3211c28d61,2026-09-04T07:16:52Z,2026-09-04-33847976061
2026-08-31,91563ed51f314b34c277dd22a5108ca4b89d1ffd432bd7e0baf465424370b0d5,2026-09-04T07:16:52Z,2026-09-04-33847976061
2026-08-31,915a669a343746526ed0b58711cf5b7b1d14a33979f2fadaa0324ab5a09245b1,2026-09-04T07:16:52Z,2026-09-04-33847976061
2026-08-31,9164202bb11b1f6f94b808c16bf4f8d8065e05943dd3fc6524256eeb292de3ac,2026-09-04T07:16:52Z,2026-09-04-33847976061
2026-08-31,91e3f1a49ead9c26d5073c78abd427143ea44becad3a6b7e632997fc849df6fa,2026-09-04T07:16:52Z,2026-09-04-33847976061
2026-08-31,92402f69b6b913a7075810490537733ba832931b4df335751fadfe69b9f27a93,2026-09-04T07:16:52Z,2026-09-04-33847976061
2026-08-31,92cedcf935695fb48f16fea612f4b9e339500c7214f415bab6fed081b35c4fc8,2026-09-04T07:16:52Z,2026-09-04-33847976061
2026-08-31,92ed9dde50e129a9a3c911ea127ef1be454b0a2a5bb9fb3e069a32790de104b8,2026-09-04T07:16:52Z,2026-09-04-33847976061
2026-08-31,93431c84f24fc850d27d92e87b017386799ef90603aee9d8ab818dcf17c47928,2026-09-04T07:16:52Z,2026-09-04-33847976061
2026-08-31,93d78c2a05309842e7d0e35af54b463e4ce3c5519c1b138ab7cce8e790b54691,2026-09-04T07:16:52Z,2026-09-04-33847976061
2026-08-31,944a7529955444f1622f8378fbf782bb24a0053f085962018af6b006a8181660,2026-09-04T07:16:52Z,2026-09-04-33847976061
2026-08-31,9575fdfb8eb05560475771e976b73be546115b0a165c2c6c74b29a13ffaa8f9e,2026-09-04T07:16:52Z,2026-09-04-33847976061
2026-08-31,95c8d2e832123f799988e17a7058a34e6fac91cbc51ac3d4f0b9fc0d71203922,2026-09-04T07:16:52Z,2026-09-04-33847976061
2026-08-31,95d55cec3bf5cb40aef4907e0fdb02085250da7a39fb75c51bd4bbac1977650b,2026-09-04T07:16:52Z,2026-09-04-33847976061
2026-08-31,97073ed1fe80c0b5f33f1160bec793db8f42cc122e043f24cd55ab8c7aba473b,2026-09-04T07:16:52Z,2026-09-04-33847976061
2026-08-31,97cd7eb29e2798a79d8f2480c41a7bd196705fe0c11b6414373f96d833e61ea5,2026-09-04T07:16:52Z,2026-09-04-33847976061
2026-08-31,986598ebc8ddaa775a8404d2ed7b8961888e6e1bcaf384a7c8d764e4490d9f9e,2026-09-04T07:16:52Z,2026-09-04-33847976061
2026-08-31,98a775ebe4d8ac2f37bab1e41df3c77f916ba26bf67e536eb1f17b071a6351e4,2026-09-04T07:16:52Z,2026-09-04-33847976061
2026-08-31,98ee0027105ea8be7896eda2df6f7e9dd37fdb8b7b37fe9c4bbb65abc04bc2c3,2026-09-04T07:16:52Z,2026-09-04-33847976061
2026-08-31,9902c48d133daa1fb4c5fb7b7db4d37ed022f9b727a97f326fbad44a62eeb037,2026-09-04T07:16:52Z,2026-09-04-33847976061
2026-08-31,9956606536da3596906b50892e157dc9e4297af086c8a32326dcdcbb02544ca9,2026-09-04T07:16:52Z,2026-09-04-33847976061
2026-08-31,998a88a2643eb8b3dfa7ca1b18bd16aa47bdd67e0cbde9fb046dc55c04aa6d4e,2026-09-04T07:16:52Z,2026-09-04-33847976061
2026-08-31,99c07a60926ec1623a8f11cb2fdd2cff928d64de325bef2e85b05f6a035c07c1,2026-09-04T07:16:52Z,2026-09-04-33847976061
2026-08-31,99f43c77130e6f4fd3005041ce4e3e5403a23857f407cb9c372f14be1a884e28,2026-09-04T07:16:52Z,2026-09-04-33847976061
2026-08-31,9a0c379abde7868728c532efbe4f9bdc291ad69e70b542070900fe84975c8b10,2026-09-04T07:16:52Z,2026-09-04-33847976061
2026-08-31,9a17589f458c7926539adb01cf86687bfba555dbc44b2900c77b3f2ca0553f17,2026-09-04T07:16:52Z,2026-09-04-33847976061
2026-08-31,9a7039a1d9b286c27ee445a9f9977539204000d27863b499aefefe29b02408c3,2026-09-04T07:16:52Z,2026-09-04-33847976061
2026-08-31,9a7bdfc11a9159f1083eb1433c6c88b6bcbf1206d9b7f4d8dda495419b11260d,2026-09-04T07:16:52Z,2026-09-04-33847976061
2026-08-31,9aa29fd1ec09cdc60c631fb8d70ca86d7288a541824861a69e5aa40437729792,2026-09-04T07:16:52Z,2026-09-04-33847976061
2026-08-31,9ab4e1967a576b4ba3b4ebd3f8174abf00085facc735b792e1681d8e536683ef,2026-09-04T07:16:52Z,2026-09-04-33847976061
2026-08-31,9ac6da80e1fea52ac3777007882f82c818b02d53658a3492bfa24aa6ca1d1ff8,2026-09-04T07:16:52Z,2026-09-04-33847976061
2026-08-31,9ade5bffd1e7ead22f32b1d8370ea914d7462d9ce5e221a03a031b1b76689527,2026-09-04T07:16:52Z,2026-09-04-33847976061
2026-08-31,9b3900b0cc0ce02b51d5b473a1b0e78e0f96653deb614c8f089aae38492d20a2,2026-09-04T07:16:52Z,2026-09-04-33847976061
2026-08-31,9b3edcfa555ec29417ce173177f06c1f73496729b3d89b9bbfb025c43458a8da,2026-09-04T07:16:52Z,2026-09-04-33847976061
2026-08-31,9b51938b40b8972a6800cc20741b8b73383d6da26a43cc4c7ee0178759733170,2026-09-04T07:16:52Z,2026-09-04-33847976061
2026-08-31,9b56b7e11da1af596dc2aee740a29b7503252987620eaadacb3113d4bba848d2,2026-09-04T07:16:52Z,2026-09-04-33847976061
2026-08-31,9b6889dbffddb7e82fae9917fb99e757d8e402ecab10b9f5266acadc770253fb,2026-09-04T07:16:52Z,2026-09-04-33847976061
2026-08-31,9b7d92b204a1d4190e5d2d6d925d684f90e2d67e4cab45604799f488a9c4868e,2026-09-04T07:16:52Z,2026-09-04-33847976061
2026-08-31,9b8995407aaed688914589270bdd20b1e679e542f9bd94462155670cc11998de,2026-09-04T07:16:52Z,2026-09-04-33847976061
2026-08-31,9ba4889be29ddafce77585bd102a548854e50d1f42625c0e34d0677d06d79abf,2026-09-04T07:16:52Z,2026-09-04-33847976061
2026-08-31,9c1372866c668dc22bf837d4b3b06d2476b0980eed8debf1856c58257508b70d,2026-09-04T07:16:52Z,2026-09-04-33847976061
2026-08-31,9c35251be35b7d9a656bc7c0bc29a7fcbd2b14209450d57987d285cb4af292ee,2026-09-04T07:16:52Z,2026-09-04-33847976061
2026-08-31,9c8612c5e523749d5797d58169e043034fe0a3d294f0ca026438944e276ab103,2026-09-04T07:16:52Z,2026-09-04-33847976061
2026-08-31,9ce12b4dc426319352d485d4599cfd96a6118a27c647c8cd5d039a8fa42720ce,2026-09-04T07:16:52Z,2026-09-04-33847976061
2026-08-31,9cf77c94cf08d6acca32bd4c0eb3cae0c4470855158a4cbcfcf3f25f5fe406e3,2026-09-04T07:16:52Z,2026-09-04-33847976061
2026-08-31,9d9818d51723c125378bdff7482fd006bbdc72fc84d213f5d4ed9127c2a12530,2026-09-04T07:16:52Z,2026-09-04-33847976061
2026-08-31,9dc3f0cb4ed53f5cbecb82a64d1c6e6103433e4ca993481aa0ddc06bb0344a2d,2026-09-04T07:16:52Z,2026-09-04-33847976061
2026-08-31,9e17e2103a4e2204edc9b2bcfd672996a073186466552048835f9677513c6a45,2026-09-04T07:16:52Z,2026-09-04-33847976061
2026-08-31,9e22db2a02064deb269fad4ccc7648113ebbee64163aa9baddd68fa49675ecd6,2026-09-04T07:16:52Z,2026-09-04-33847976061
2026-08-31,9e5901a094e5f8cd1bbecc0681e3ffc559e32418d2920d35f45677339de98146,2026-09-04T07:16:52Z,2026-09-04-33847976061
2026-08-31,9e98841fc64d8c77ff1bc7fab0c1737e3fcab19bc05301e5f0b449e5cf429a7c,2026-09-04T07:16:52Z,2026-09-04-33847976061
2026-08-31,9eb4bedb3aef7c96d2f34b54232f586d6bc4c0cce4ba3d96d19dee0032ffefce,2026-09-04T07:16:52Z,2026-09-04-33847976061
2026-08-31,9f169c6f09123878025fc35768897e8591afba1c47dc72bf1bf77cfc4a201ddd,2026-09-04T07:16:52Z,2026-09-04-33847976061
2026-08-31,9f4f1ea44f0b569d6301828149473583aabb7e7641e9f4a3045a0133f96236c2,2026-09-04T07:16:52Z,2026-09-04-33847976061
2026-08-31,9f76302556c4dccf47c8a3f5a0f0de80b77b8f7c62d9c347dc421a93a9d8d87f,2026-09-04T07:16:52Z,2026-09-04-33847976061
2026-08-31,9fd66ac85fcd3fbc5183807131221e23488d14dddc38b90bd768928c38fbb755,2026-09-04T07:16:52Z,2026-09-04-33847976061
2026-08-31,9fe5b7d85ea16e90782f869a20e9e309bda0e2f50acf0a335578204d6373c5b6,2026-09-04T07:16:52Z,2026-09-04-33847976061
2026-08-31,a043d35f514c219ef546fb12d10a75d48d4cf35c0483f4c6708394967cf5413d,2026-09-04T07:16:52Z,2026-09-04-33847976061
2026-08-31,a0486803be2c2e83ba1a0f401c576ddc45991ad6d398f5b44658fcebf6a487b6,2026-09-04T07:16:52Z,2026-09-04-33847976061
2026-08-31,a0624ee7528447dae78c775eec3170d5f95aef7e204f0306bae1c29b3dadba1a,2026-09-04T07:16:52Z,2026-09-04-33847976061
2026-08-31,a0b43410839c3f168950c2631c053cd4c995f9d1709a64f04f5a5272e06fa1af,2026-09-04T07:16:52Z,2026-09-04-33847976061
2026-08-31,a0b7a32e21f093031c6851e28cfdfe2a04ad977bab9dcd21a9cb3b938d53d0e5,2026-09-04T07:16:52Z,2026-09-04-33847976061
2026-08-31,a11f2f5d2ca8c590d1339d21b788a59fa0a79df20f0d4db3b8a0bea27133f047,2026-09-04T07:16:52Z,2026-09-04-33847976061
2026-08-31,a19f2bb507abe97a7b462ec6e0e4b6b03661683e653a2f8795125bc1b47eb719,2026-09-04T07:16:52Z,2026-09-04-33847976061
2026-08-31,a233f4ce1b415c59dcdce10ec64203ce94d6b7f40a9a232e321c616430667b5d,2026-09-04T07:16:52Z,2026-09-04-33847976061
2026-08-31,a23c67e9d22c4068ff39e0a29acb62657e03d3968455962c04abd88f6b4c5f0c,2026-09-04T07:16:52Z,2026-09-04-33847976061
2026-08-31,a29637d6f2792e8b9c2c6c40ab3b26cb57b9e2573699c9b8b7f0416ff4cd6924,2026-09-04T07:16:52Z,2026-09-04-33847976061
2026-08-31,a29e9e0a8772f1e0a29c7fe5e5aff7a38a7df4f48c557e41ee2b821d5fb099d2,2026-09-04T07:16:52Z,2026-09-04-33847976061
2026-08-31,a2a46e77bf086e51dce645283f238c23e57bee43cda3b75091f525d7e5e2a93f,2026-09-04T07:16:52Z,2026-09-04-33847976061
2026-08-31,a2ba792b9bd75dba80ab4e6b304501c66dd8640da6323ca84be088a39de72223,2026-09-04T07:16:52Z,2026-09-04-33847976061
2026-08-31,a2bde4a803239800627a6d57834de90590fc1d530fcf33a6c77f8a09a8360a60,2026-09-04T07:16:52Z,2026-09-04-33847976061
2026-08-31,a2fe0ec082bd34a7cda9bec59c2584ca247674785564d1a4e2cf9ebaf737f490,2026-09-04T07:16:52Z,2026-09-04-33847976061
2026-08-31,a30775d1622091efc6bc53b015ed67f6e22a489bc52d41848fd88007d4246d6b,2026-09-04T07:16:52Z,2026-09-04-33847976061
2026-08-31,a4044cf6abb6ab1eb18e6a47a92ef107aa7fde510612f32afe119226030dda36,2026-09-04T07:16:52Z,2026-09-04-33847976061
2026-08-31,a413abace74125315eef356f4b65dab1c143cece1e912df5bb2be2cc8b9af390,2026-09-04T07:16:52Z,2026-09-04-33847976061
2026-08-31,a4229de09fc294a6f553148a9720bbfd888c0ba83b9a0e88ebb6be78328abc13,2026-09-04T07:16:52Z,2026-09-04-33847976061
2026-08-31,a4aeb714a54ad97bf48b56934111755abdb532ba4ebfae417fa814b9e9a63784,2026-09-04T07:16:52Z,2026-09-04-33847976061
2026-08-31,a587b475a95cd24ce0edb2be635f6a11f114c5f549ef65448b43e35cdb6cbdb9,2026-09-04T07:16:52Z,2026-09-04-33847976061
2026-08-31,a5b41b90d883177312327e3b4a1ac167016c43cf0829dafabb5b4dc264712780,2026-09-04T07:16:52Z,2026-09-04-33847976061
2026-08-31,a5ec4d165c01eb3487018b37000d4897dda19a4415b865c2181907dd45dfd848,2026-09-04T07:16:52Z,2026-09-04-33847976061
2026-08-31,a657568d2239347530236a86f2ea39e11115a898a91d72e23a23c64086d79aa3,2026-09-04T07:16:52Z,2026-09-04-33847976061
2026-08-31,a671903d126629731131a8c312db5436cacb3b23cb81bf4356db00e6fd374e9c,2026-09-04T07:16:52Z,2026-09-04-33847976061
2026-08-31,a7286eb7aeb483e15500d941278208b777521a16ebe20d36a712be60e167b727,2026-09-04T07:16:52Z,2026-09-04-33847976061
2026-08-31,a755225852277fa90634f14cee7474369ec64302e368d56b7ed2f55ca22d7cd1,2026-09-04T07:16:52Z,2026-09-04-33847976061
2026-08-31,a76ac39be3bce2ec4522b8d718131d6f3cb1f038d5cdf71c1f7c7b707210a6ee,2026-09-04T07:16:52Z,2026-09-04-33847976061
2026-08-31,a7810318c46c1cb125097219e18ca73a55892c4dd66cb3903593f697e0fba63b,2026-09-04T07:16:52Z,2026-09-04-33847976061
2026-08-31,a78278b9f2bb362c6e9ff735750571248f165a445aa46df7b734c312e0a1af7e,2026-09-04T07:16:52Z,2026-09-04-33847976061
2026-08-31,a7a9f42fbbceb30717a74e2a274eec7844d58808576760e6d6af99011ebac3a1,2026-09-04T07:16:52Z,2026-09-04-33847976061
2026-08-31,a7acb0063f94e3260cd01aed618bc66f07f773a6caebcf9c7e35b5fab9f55c95,2026-09-04T07:16:52Z,2026-09-04-33847976061
2026-08-31,a7ad3f36fa29be5dbf0541a182761317d5540fb7da4762239056e321f49e72b5,2026-09-04T07:16:52Z,2026-09-04-33847976061
2026-08-31,a80b5a5f0300db902d7d82e1379b04d934117599c3610a813f93ad68bae975b4,2026-09-04T07:16:52Z,2026-09-04-33847976061
2026-08-31,a84eee640fbb5a544db48ac28f1b970a5c5e9a919874ea5d111144acf2b6b0b4,2026-09-04T07:16:52Z,2026-09-04-33847976061
2026-08-31,a855fbe76876f619cc8fdfa875cc7de85fa5bd88d6dd55a21d8b2d5b2ca850db,2026-09-04T07:16:52Z,2026-09-04-33847976061
2026-08-31,a8d8f2f801259a49f2827bb2613dcf46c78dc617184956709c0af97073eba4b4,2026-09-04T07:16:52Z,2026-09-04-33847976061
2026-08-31,a8dacd432133c4835af2070a3f06d35a0f024286b9ec67193492776ddefba156,2026-09-04T07:16:52Z,2026-09-04-33847976061
2026-08-31,a9378a8af010bd880a216b4be2c41c0d27f2862aab1a6f5b53fa7b9873b6ab56,2026-09-04T07:16:52Z,2026-09-04-33847976061
2026-08-31,a93ec2c7608a87cf18792528c25793d292b7ad8c929c0bbc0b5ea2d6cd9ee407,2026-09-04T07:16:52Z,2026-09-04-33847976061
2026-08-31,a95227a758c1635d476502e974635abe68e5a0ae4396a845d188cea0428ef2c9,2026-09-04T07:16:52Z,2026-09-04-33847976061
2026-08-31,a96b0110c92fc00d960679f1c4403aa48ede4f551b8f043014ef77ff5c2d978a,2026-09-04T07:16:52Z,2026-09-04-33847976061
2026-08-31,a981c48bdd3696019506599f215f509ddc8b0c70181d974e294a5149e03a8adc,2026-09-04T07:16:52Z,2026-09-04-33847976061
2026-08-31,a9ab82a2c290de0c31496c262b0bf96faded8e890b0d61fdb10d76b4cca82246,2026-09-04T07:16:52Z,2026-09-04-33847976061
2026-08-31,a9e8f27a86b02d889d60141d40d1b931a64ab4d541b1d5385d3fb7e4d39ccadf,2026-09-04T07:16:52Z,2026-09-04-33847976061
2026-08-31,a9f86a24229de47de7b5f280c0bac12ed954a022b2a3059e62bfc68ee3ab89de,2026-09-04T07:16:52Z,2026-09-04-33847976061
2026-08-31,aa28081dc9056b1d258691779952168f13965e4bb7635bcb7fc03a171f4b58df,2026-09-04T07:16:52Z,2026-09-04-33847976061
2026-08-31,aa9c468dc454bfece41e1dc7e5b0901160cb2d3c5e09d07185ce30c95643174d,2026-09-04T07:16:52Z,2026-09-04-33847976061
2026-08-31,aad0ae390bcb1dc80f36307ca69e6be1a1022950e0d0cab4481b1c36385d7115,2026-09-04T07:16:52Z,2026-09-04-33847976061
2026-08-31,aafa69e7fc4bdb6f82d90bdb72da516e0a00de2e738dd4eff48b57c5d09c41e8,2026-09-04T07:16:52Z,2026-09-04-33847976061
2026-08-31,ab80085322445a6bd63113d6db2a0557338bd3629bc24974f09006d6a94cf5b9,2026-09-04T07:16:52Z,2026-09-04-33847976061
2026-08-31,ab90af757027597e70a1bf0eb7adc1bc705bc57adc59997564ca2f946aa7c9b3,2026-09-04T07:16:52Z,2026-09-04-33847976061
2026-08-31,ac5c1a3f75bf12d398e44feec3485a3af24d0884a7c6902ad4054592bd511056,2026-09-04T07:16:52Z,2026-09-04-33847976061
2026-08-31,acf6ba729b56e86f22044c09371a0148fb48d406ed185d01a96a8d842a4b6943,2026-09-04T07:16:52Z,2026-09-04-33847976061
2026-08-31,ad27fac216e26741f5bf9f0d9efa4b4c186279499c45bac3168f44aa4b84ccae,2026-09-04T07:16:52Z,2026-09-04-33847976061
2026-08-31,ad33ef232ec303523cddfb4de972b47d7f77b82772e29fe1ebd24670ba43a057,2026-09-04T07:16:52Z,2026-09-04-33847976061
2026-08-31,ae20306753b432b21ee992d6fea26b2c7e5c26d57bcce4dd21f9b616bff9c253,2026-09-04T07:16:52Z,2026-09-04-33847976061
2026-08-31,ae4bb37d5b755f7a75ddb32c817d9e4cc7c374427789844ef871909e7054d548,2026-09-04T07:16:52Z,2026-09-04-33847976061
2026-08-31,aedde34acf42f7322a222297954e09b73911e2eb976d0885eb6ac0cb8c76c8a5,2026-09-04T07:16:52Z,2026-09-04-33847976061
2026-08-31,aefd871a41b2e994dd75ceeb2be08239cd6f754c8ef15e254011558b56d6f5aa,2026-09-04T07:16:52Z,2026-09-04-33847976061
2026-08-31,af30e855aee82d3ab867430a52847ea2c980c7be215b89f73bd8ac95a9b3d7b2,2026-09-04T07:16:52Z,2026-09-04-33847976061
2026-08-31,af5634015d81eb03fcfe490f0edce48bfbcd28fbcaf21cfc38563a419492d0fe,2026-09-04T07:16:52Z,2026-09-04-33847976061
2026-08-31,b015fb51d3a1b77110ce25bf0e65453ba45877524ad24e14b74e5c7ff7d4e1ff,2026-09-04T07:16:52Z,2026-09-04-33847976061
2026-08-31,b0657446a67b3dadefffdbacf972eb4f73d1f8b677b679d84289676fe61166b6,2026-09-04T07:16:52Z,2026-09-04-33847976061
2026-08-31,b06ec26a1e9154c403380232fa99bf7c275a81d345a3c10837dfa069bbcc59d8,2026-09-04T07:16:52Z,2026-09-04-33847976061
2026-08-31,b0aeea9ee0801b04f8191e8d959c11a1f57159404cd8189e0c030722dfbd2aa7,2026-09-04T07:16:52Z,2026-09-04-33847976061
2026-08-31,b0b29d26cff80e2c76a08eaf4cb856a0d90ab09f7eba203bd69242ecea9cfc1a,2026-09-04T07:16:52Z,2026-09-04-33847976061
2026-08-31,b10371cb13c95ee81ada4f1658e62ff80f6ce1450c6298828000931571b509ab,2026-09-04T07:16:52Z,2026-09-04-33847976061
2026-08-31,b11d642ca875fa699ec77e41a643444041b2311513b14fcb08ef4014c2514072,2026-09-04T07:16:52Z,2026-09-04-33847976061
2026-08-31,b1369c352bbf6e4e455bcad51fe9fff96c842f9ba4fa3026b2232ee07ac998dc,2026-09-04T07:16:52Z,2026-09-04-33847976061
2026-08-31,b13c8a1ba52e8a310de6a6ca2f53c26b665799e3896c1410c0c63a7ffa332312,2026-09-04T07:16:52Z,2026-09-04-33847976061
2026-08-31,b1ea6d66c88d37a0fac910c174f14c695f85375b5e21398140e203e5b2b2e047,2026-09-04T07:16:52Z,2026-09-04-33847976061
2026-08-31,b26e51d326f9f70965fee834ad01e4c402ebf3cf60059536b53b20b6b4bfa7fb,2026-09-04T07:16:52Z,2026-09-04-33847976061
2026-08-31,b2ce508b08a2e789af7c078f6dd8cee837bd2d234c032f513a5be7a0f8670dad,2026-09-04T07:16:52Z,2026-09-04-33847976061
2026-08-31,b35ce7c370d604709182f15ed6f2e971ada80f1beed6b7cf392f26b7e09fb99d,2026-09-04T07:16:52Z,2026-09-04-33847976061
2026-08-31,b35ea272fce85e7a879da1b789bc4ed3f94bd66403b8f82730dc10997b220571,2026-09-04T07:16:52Z,2026-09-04-33847976061
2026-08-31,b3a9e48efa09af7b3017bed9ae1a5de9e70a320b7c0fabd5c0dcdcb5c420878f,2026-09-04T07:16:52Z,2026-09-04-33847976061
2026-08-31,b3e0143e4a9e9bb11d704cd145b1a66f181f98a2b444c11ed00679e00f7ae976,2026-09-04T07:16:52Z,2026-09-04-33847976061
2026-08-31,b40ee44c5bffb970e569fd6ab41e4763766e7d7214fde8edf2fcd8c8b5fe2a2e,2026-09-04T07:16:52Z,2026-09-04-33847976061
2026-08-31,b40f64ddee270a9b2274d8a1267c243047c646e8c7242c1b4ef09f7417c4882c,2026-09-04T07:16:52Z,2026-09-04-33847976061
2026-08-31,b44126943f16e1dcd0e14aa718341b5b64182e6a174d5a2479b43296be42dc66,2026-09-04T07:16:52Z,2026-09-04-33847976061
2026-08-31,b45b69e3d66ac1ec99bbceeaf09906983f07f51aee86ea72cacb390aeb4a1acc,2026-09-04T07:16:52Z,2026-09-04-33847976061
2026-08-31,b4639f7586e8c5691aa6694a4deb8b9115406225f541dbc135535b9c80ff29c5,2026-09-04T07:16:52Z,2026-09-04-33847976061
2026-08-31,b487fe3f7024ad2196a6bcb53a5e9718d3d06ea400d2ba4fd00c6e47304fb9eb,2026-09-04T07:16:52Z,2026-09-04-33847976061
2026-08-31,b4b9bb9abca2174d6c59c1ba89a6fdd0e3e71cc500ad00ec64eb29d6d4c7f940,2026-09-04T07:16:52Z,2026-09-04-33847976061
2026-08-31,b4bc2e2ce6e2fc87347cae10c6d6ad8804d28eb3ba7a425cd7bba914efceba1a,2026-09-04T07:16:52Z,2026-09-04-33847976061
2026-08-31,b4ce5403a7dc050663b49b82c95da2a019b203f4e57c8c4f5031f93c610b9b8e,2026-09-04T07:16:52Z,2026-09-04-33847976061
2026-08-31,b50014c2c39366118808b4f0ad1102afd46a5d2a44ba90411aebb7bd65d149a9,2026-09-04T07:16:52Z,2026-09-04-33847976061
2026-08-31,b506a9f85cdf27c60c7e94fd7d552457b60e0a10147a19be70b038e4cd1df6c8,2026-09-04T07:16:52Z,2026-09-04-33847976061
2026-08-31,b50bd74cd2e293bae7809d43bcbb49dee8e76a838b306df39c926387e656683e,2026-09-04T07:16:52Z,2026-09-04-33847976061
2026-08-31,b5400c4a2eca63344a251e759d8d6de6849e3f937e5670e6162d2e10e47b7c25,2026-09-04T07:16:52Z,2026-09-04-33847976061
2026-08-31,b555d76b8d92618b5d9a2dbce603c0386503d8c0dce8519a117866fadc686d70,2026-09-04T07:16:52Z,2026-09-04-33847976061
2026-08-31,b55afe154557115c797baa6ef3e837fc3aa4e6ef3fe2067ff33b975621d9a772,2026-09-04T07:16:52Z,2026-09-04-33847976061
2026-08-31,b577f862524d9481143dbe6c3416c80cfd2b3902595cd52eb5278bc921a3acf8,2026-09-04T07:16:52Z,2026-09-04-33847976061
2026-08-31,b583f4d4fab597322e5c7034045556f631b0bf84751733cce0bd9d6e3ff04b7d,2026-09-04T07:16:52Z,2026-09-04-33847976061
2026-08-31,b58667a6474fcee5cfd88598166841eb9e2f7dfad86491bc0555454d88ee979a,2026-09-04T07:16:52Z,2026-09-04-33847976061
2026-08-31,b5a43001c6110f12f776b146395984bc0a8f5cbc11bbaf6a39a14b21f4f54a39,2026-09-04T07:16:52Z,2026-09-04-33847976061
2026-08-31,b5ad84317bc47d404edbd52cfd2c786e775f0fa1270bcc9978bcf281a2fd300e,2026-09-04T07:16:52Z,2026-09-04-33847976061
2026-08-31,b61092287c2d5a09990ff7d34698b21b68afe434a78290efdeb53dff6516caa1,2026-09-04T07:16:52Z,2026-09-04-33847976061
2026-08-31,b61405e0d5f5f177f96b89da27c1a43f4cb85185f3d7a43b2ce267489030fb30,2026-09-04T07:16:52Z,2026-09-04-33847976061
2026-08-31,b6882887cfeeed6bad3817700e799d37afb5e6c6121b4b2afe076cad345ab13e,2026-09-04T07:16:52Z,2026-09-04-33847976061
2026-08-31,b6a46c6e550b7d0cc38f90a084193c49dabed98608028c4e3c1ac5e3be8b1169,2026-09-04T07:16:52Z,2026-09-04-33847976061
2026-08-31,b72fc0d936cd0ab053cd0d15cc32ccc895466e059cae356d9d9129f960b7d473,2026-09-04T07:16:52Z,2026-09-04-33847976061
2026-08-31,b7fb0e0409e3da6d3022c9de517880b79d173028ceeca1c623dd0023ac4d227c,2026-09-04T07:16:52Z,2026-09-04-33847976061
2026-08-31,b81a5d66e6c990fd5a23ab8175aa2816c8826cca052bd4cb59128db5213c606c,2026-09-04T07:16:52Z,2026-09-04-33847976061
2026-08-31,b82820ad92f953ba5b307deb0509e65996fd10bd1708f142e18a0beae61189cc,2026-09-04T07:16:52Z,2026-09-04-33847976061
2026-08-31,b843e9615114f883feb6e5ba71291e785e9a28116813921ee5f7f859143c3e6d,2026-09-04T07:16:52Z,2026-09-04-33847976061
2026-08-31,b9466df9f9ab7adf120abc6c4aaeccece6b67a3a4f78e26d088670ec149cb516,2026-09-04T07:16:52Z,2026-09-04-33847976061
2026-08-31,b94bf810f86d121644c468bf2d10738efeeb800e8f1ee092b5f56d21b3cf7331,2026-09-04T07:16:52Z,2026-09-04-33847976061
2026-08-31,b9861363107a5124f400fb25f055b15da9ae44da77050f6d988946e9bced6306,2026-09-04T07:16:52Z,2026-09-04-33847976061
2026-08-31,b98b6a5cbf7131d1e0a21ebd39d0ed1be04d230117a120a8c85fe2cacc05314f,2026-09-04T07:16:52Z,2026-09-04-33847976061
2026-08-31,b9b561123b77bcc4cb6baca2b5d76137cc8574471e1680ea4b142bc1e1f06f6e,2026-09-04T07:16:52Z,2026-09-04-33847976061
2026-08-31,b9ea8f9d4e4d450516248f278e9bd249ae0f0f622677a01e1ff4fa59dfa65d29,2026-09-04T07:16:52Z,2026-09-04-33847976061
2026-08-31,ba5997e1e7bffdee89e798509400144bf0784ffba0d2aa7d56cb14bf0c9bf9d2,2026-09-04T07:16:52Z,2026-09-04-33847976061
2026-08-31,ba87b753652474f4cb7dc39c37a3e8d4278dc9287abdf95cf321d481daf787eb,2026-09-04T07:16:52Z,2026-09-04-33847976061
2026-08-31,ba8fe011396faa7e3dab71adf60dc6fef44fc6cc437a8b80a1ed8b48ea66e422,2026-09-04T07:16:52Z,2026-09-04-33847976061
2026-08-31,bad1403c2f57768b7d606ced534f3367329709b26cdabcd4f82b260e54f1fcd3,2026-09-04T07:16:52Z,2026-09-04-33847976061
2026-08-31,baf4f5d191fda3f605b19d160f8fba47ce76701c20c2b5790f5e8d5687cf6a92,2026-09-04T07:16:52Z,2026-09-04-33847976061
2026-08-31,bb10d8183401321903cfce0498b25aff750537a2de66073163b93dd3587a02a2,2026-09-04T07:16:52Z,2026-09-04-33847976061
2026-08-31,bb56aee20a3757c8e1c1524767cc9c7758cd4710401c8e89f5c16e832e165752,2026-09-04T07:16:52Z,2026-09-04-33847976061
2026-08-31,bbac0f26677bee347934de4c90d2723ff34e8fa3f9e1573aeb21d0a0515e76f6,2026-09-04T07:16:52Z,2026-09-04-33847976061
2026-08-31,bc18d836e9c15208f85b33ee987dca788640c4ef1acaf5d035e69f45629d9174,2026-09-04T07:16:52Z,2026-09-04-33847976061
2026-08-31,bc1e852bfb048fcf6a6a6223c8c642a77a32892c489093d33a342a15b5bff4dd,2026-09-04T07:16:52Z,2026-09-04-33847976061
2026-08-31,bc678dba900e81660932decb6c36ce22325d4a9919b070b248daed95b0ce28d5,2026-09-04T07:16:52Z,2026-09-04-33847976061
2026-08-31,bcedf8c171d291680a38f8bb0600e19980a94a114418195db54c29747a2d9ddf,2026-09-04T07:16:52Z,2026-09-04-33847976061
2026-08-31,bd21862fd40100e2c4abcde4b5df7539c4a457ea185182cf08d70441fc42aa40,2026-09-04T07:16:52Z,2026-09-04-33847976061
2026-08-31,be96287736f6eccd1cf77b04e3fbc072766ca956dc7bed9fcc598d4cea75b02c,2026-09-04T07:16:52Z,2026-09-04-33847976061
2026-08-31,beca89fe157c764cd4722444272075430965df341299b5f2c4f6f7054c951766,2026-09-04T07:16:52Z,2026-09-04-33847976061
2026-08-31,bf13d1443047c1f004759dfc10f3907f90d301f412f5bf3784524e04c650c7f5,2026-09-04T07:16:52Z,2026-09-04-33847976061
2026-08-31,bf1d15b6821c202788c8e8d87a4a41b53ddc20061efed8abf306f4168f07580b,2026-09-04T07:16:52Z,2026-09-04-33847976061
2026-08-31,bf3b853e5fa153fd748769559ebee8cb3d471bdc3ae6fe2da3395050efa13662,2026-09-04T07:16:52Z,2026-09-04-33847976061
2026-08-31,bf5d4de487fcc4603ab258d7ee349d64912601e2656eef627170637c58250bab,2026-09-04T07:16:52Z,2026-09-04-33847976061
2026-08-31,bf6684d117d271a7fd834090bc1b83b71a7244ec5919a163ca37a7b8f6643bce,2026-09-04T07:16:52Z,2026-09-04-33847976061
2026-08-31,bf8255126a007e7c6f0e2bb13c2fe59183b02809bf573c2e5d0d1f07811ee9b7,2026-09-04T07:16:52Z,2026-09-04-33847976061
2026-08-31,bfd6c7687207da2ee4a423fd42e93bc80e2c854bb2550f1ec6e7b7bf605d8238,2026-09-04T07:16:52Z,2026-09-04-33847976061
2026-08-31,c03104552aab1a6529257ce8cb9ce2d238bfc3afae27d7ddd2709aed0170d480,2026-09-04T07:16:52Z,2026-09-04-33847976061
2026-08-31,c0b965951169adecf0cfae644a23077e51759ea2eeed3507a4453a4b4fe4f11d,2026-09-04T07:16:52Z,2026-09-04-33847976061
2026-08-31,c0c774cb79d94326d191dd5596835863cab337950574a3bb968790068fc215b5,2026-09-04T07:16:52Z,2026-09-04-33847976061
2026-08-31,c0d8a54daff3bea226198fce28b478eb00bc85ec9b142c235fc8729186198023,2026-09-04T07:16:52Z,2026-09-04-33847976061
2026-08-31,c2277b55bea055c7da64b162f64c9bf5667a7e8ca647990b8c93e642e481a6ab,2026-09-04T07:16:52Z,2026-09-04-33847976061
2026-08-31,c23f1746bf8859850b6d7dae5f4a51f9c484039e7672e6c58ff2995c24fe50c8,2026-09-04T07:16:52Z,2026-09-04-33847976061
2026-08-31,c240c1ce611f3a01924d85fffb0c45b0e1cf5610a29b378a9febb385a1b4209b,2026-09-04T07:16:52Z,2026-09-04-33847976061
2026-08-31,c28c4c687f8be89cff3ac259a7fd4da1c9b3dc2280cbee3f97e4b1c0a1280cdb,2026-09-04T07:16:52Z,2026-09-04-33847976061
2026-08-31,c2d691b27969e25b964903c4859faf8fe65998d8bcfa0d3eb82991fc84dbe039,2026-09-04T07:16:52Z,2026-09-04-33847976061
2026-08-31,c3212520f1306ff04a2e506684d033d5ad5966e8338ca271ccad3fcab850cddc,2026-09-04T07:16:52Z,2026-09-04-33847976061
2026-08-31,c32991dc2f0faaa5a27d526fd9bd09bc1a21412b31781388d548c46b09408b8f,2026-09-04T07:16:52Z,2026-09-04-33847976061
2026-08-31,c35107a71fb5d27b2d302ecb4eacaf008a09eed5e50b05da1975ddaad4acfb06,2026-09-04T07:16:52Z,2026-09-04-33847976061
2026-08-31,c364237106fcd579bb6b6eabf09fdda22acbe914f3583cabce814b209f359e92,2026-09-04T07:16:52Z,2026-09-04-33847976061
2026-08-31,c371c13d9f56e093b1f3cc2f4164d6fc0ee664b585e371d55c11851b55daefa7,2026-09-04T07:16:52Z,2026-09-04-33847976061
2026-08-31,c3d65e0542ab7e36756c683dae3c96e414d7040273e251031f2fd8be5a13e39c,2026-09-04T07:16:52Z,2026-09-04-33847976061
2026-08-31,c4156be25055e458d08e0ce5245674b0e8df66c15d689d21b92be86e2823aca2,2026-09-04T07:16:52Z,2026-09-04-33847976061
2026-08-31,c4530a8846ff9cdb8e9b48f214f067ef69ac72a8546c00ec2f445fb016e6140b,2026-09-04T07:16:52Z,2026-09-04-33847976061
2026-08-31,c45b911cfcd4821b86cbf1b290c5d31f4778f921e89db1e908ba17af5b42a6e6,2026-09-04T07:16:52Z,2026-09-04-33847976061
2026-08-31,c45ea7fefa22d743e9948e21d74a45e8499358fe5e702a29a76c907da11f645f,2026-09-04T07:16:52Z,2026-09-04-33847976061
2026-08-31,c46254de3ea2962ae5481a8432edf569a05d4fc90c0bd875ed5856c2edfc1de2,2026-09-04T07:16:52Z,2026-09-04-33847976061
2026-08-31,c4b84f9ffb25225cca579dae2b1b314b9e318b03df753b5cc02507ca73a9c494,2026-09-04T07:16:52Z,2026-09-04-33847976061
2026-08-31,c519c79210fac95b4988c643ed95f59483247d077b95e4b1b749bf0c9ed4a55c,2026-09-04T07:16:52Z,2026-09-04-33847976061
2026-08-31,c583aeb5a0b7829348a5df6e2728662d856f82191200fac80d46e60d04cede33,2026-09-04T07:16:52Z,2026-09-04-33847976061
2026-08-31,c58970542b5cce0e73c1b239e457d5ff526a09c6456b6f955ce416405605965c,2026-09-04T07:16:52Z,2026-09-04-33847976061
2026-08-31,c610e291a18c5aa332a6df757e7404a53b521dd35267c5da4fb580123d8d67f0,2026-09-04T07:16:52Z,2026-09-04-33847976061
2026-08-31,c6b90f414c8bb224d3afaaf3e4c35e0704988d5272dc1dec0ba437aee708be39,2026-09-04T07:16:52Z,2026-09-04-33847976061
2026-08-31,c7104fd61c37591edd58ee780c244304f30ae0c5a17881b568e2bfe708f420b5,2026-09-04T07:16:52Z,2026-09-04-33847976061
2026-08-31,c763828d492a70171affc70f9a52252f869bca74682b9718ad6de11f53cd4d56,2026-09-04T07:16:52Z,2026-09-04-33847976061
2026-08-31,c812d01a821037a88954405ddf7fd3023ffbf99ff1b090efc2158a92678f1e66,2026-09-04T07:16:52Z,2026-09-04-33847976061
2026-08-31,c85174d13956af1af5684febf90db0a56cc0c851f9e110b781bce8fdf7e26266,2026-09-04T07:16:52Z,2026-09-04-33847976061
2026-08-31,c94122dc4dc623e29d8acdd5baf4b76cfb6151e5c06ab50461cb4338d35947d7,2026-09-04T07:16:52Z,2026-09-04-33847976061
2026-08-31,c948d3798f10384959f06163296457a55e46e58a2a60bb0df4ba45f41949bf6d,2026-09-04T07:16:52Z,2026-09-04-33847976061
2026-08-31,c95558c834474b87867505dce1f5f241b9b10ba9ab0dd564baed66ab9195728c,2026-09-04T07:16:52Z,2026-09-04-33847976061
2026-08-31,c95d809eb0caca6ab5674869cd2d2175c46fa68f890dccb73f4c4c3f2fcd4e7e,2026-09-04T07:16:52Z,2026-09-04-33847976061
2026-08-31,ca8384d4cc2a5c27add54fdd597c79a1f9c8162e552d04adb5c94f265187824d,2026-09-04T07:16:52Z,2026-09-04-33847976061
2026-08-31,ca84d4070a6419b2136b5c6f25b8fa33e0b2f82bbf2ffff70b410c1321749e48,2026-09-04T07:16:52Z,2026-09-04-33847976061
2026-08-31,cb60d61e415a038eca65c1eda9552bdd8333ae71cae03e87297152b4e3374b74,2026-09-04T07:16:52Z,2026-09-04-33847976061
2026-08-31,cb81bb54d63dee5468b1d8d159bae03218038eb2c83069a7a48116fcf22a4c70,2026-09-04T07:16:52Z,2026-09-04-33847976061
2026-08-31,cbca5cf3bcf02e1a86ee8f5b1b01054a9f1a3ce62ee79caeb1790feb18a3a5ff,2026-09-04T07:16:52Z,2026-09-04-33847976061
2026-08-31,cbe90f29845e12e8243c45ee994f55aab247e5867c7dcb52f45346ab135667fc,2026-09-04T07:16:52Z,2026-09-04-33847976061
2026-08-31,cc36eecb1ad4bc3a06298321c0da3a47abf6c629c3a83905afdef8db563090a6,2026-09-04T07:16:52Z,2026-09-04-33847976061
2026-08-31,cc5810ba3f8617e0c3cb72bed259012cd4c5a5695812f41b8b953c09bb762eb0,2026-09-04T07:16:52Z,2026-09-04-33847976061
2026-08-31,cc6f93f1ec3f1c6b0d86e6acbfba7c102d8a565330b1c0d51b5f6e76c5546cf0,2026-09-04T07:16:52Z,2026-09-04-33847976061
2026-08-31,cd7094a306561062bed8cf29b005794ae1a0ac29ff48b5700e197251844c006d,2026-09-04T07:16:52Z,2026-09-04-33847976061
2026-08-31,cd9e07b5b906bf9a985f6dc07f99ddae64b8fade10738bed25eb0705dcc720f8,2026-09-04T07:16:52Z,2026-09-04-33847976061
2026-08-31,cdaf6e2b00af98a6e0ebd2e276ca95c298e55c260275fa0d785709edb00cc73f,2026-09-04T07:16:52Z,2026-09-04-33847976061
2026-08-31,ce6b6711e797c7a693a976da2f81ce58e5064db298a67a442946a9b4dec0d1f1,2026-09-04T07:16:52Z,2026-09-04-33847976061
2026-08-31,ce9f7116f604620da7286d2856b9e62ef3687895b5523655ee1b68a56cdabab3,2026-09-04T07:16:52Z,2026-09-04-33847976061
2026-08-31,ceaa63516cc0dae9ca6571ab2a1921b5413e8dec5da5c974caff395ce09a11c5,2026-09-04T07:16:52Z,2026-09-04-33847976061
2026-08-31,ceabc9fc762d5277d378317a448b3219537c06dcaeffe1007eebfb78f6bf3aa0,2026-09-04T07:16:52Z,2026-09-04-33847976061
2026-08-31,ced1d302f7b91a72b19ef7ba43fd12319970bc1160438b3953b064b206ba091b,2026-09-04T07:16:52Z,2026-09-04-33847976061
2026-08-31,cef04cf27645135822a0081f34f3f97b88767159183345fdcca46f1bc57b8f0e,2026-09-04T07:16:52Z,2026-09-04-33847976061
2026-08-31,cfcba22f99b4cefbc44edba996344319fe8fb9fd9466052f887930f55e832bda,2026-09-04T07:16:52Z,2026-09-04-33847976061
2026-08-31,d000e5fa0066218ac4af69183d0918e0948dc3c2e2bb6809651009373521335a,2026-09-04T07:16:52Z,2026-09-04-33847976061
2026-08-31,d06b53cc576e794de988d62b85697da6fa122cdb1859f4c8f9e0531f0b4dc0ac,2026-09-04T07:16:52Z,2026-09-04-33847976061
2026-08-31,d08909de14dded898439aa5039b0b4f3f810882e3c7021ccc6595d5a35e36f5d,2026-09-04T07:16:52Z,2026-09-04-33847976061
2026-08-31,d1d3b2301f28f2f5aa05a23f8c639ff0db52765a3c05f67a64a1254933724264,2026-09-04T07:16:52Z,2026-09-04-33847976061
2026-08-31,d211d479d39862719fdb1ce59d1de6884bd231a94d7b49301c60b7e96d0e96d9,2026-09-04T07:16:52Z,2026-09-04-33847976061
2026-08-31,d241bb29a43a8a2226afee449b8081fc2deddd52e2e0a41007d3b7fa51742bac,2026-09-04T07:16:52Z,2026-09-04-33847976061
2026-08-31,d276fe4e311d0162ee8046a09d6b4ed0e37af1aaea914e55c9303e95699ce887,2026-09-04T07:16:52Z,2026-09-04-33847976061
2026-08-31,d27cdd4d3538d36cf0d85d7a6b10058b6b87b5d013aae7b5b2f866b04cc82b2c,2026-09-04T07:16:52Z,2026-09-04-33847976061
2026-08-31,d2859ca1dd3eb9d2dd2e965ee04fa091031419a9ff9120a1202467396be8379d,2026-09-04T07:16:52Z,2026-09-04-33847976061
2026-08-31,d2ee266539c8305a57fae46828fe42801190606f0c69c7dcd7e194b30c781aeb,2026-09-04T07:16:52Z,2026-09-04-33847976061
2026-08-31,d33a1be8ecff9dee486372866d123470b65b65f2d9db25a008714c445101ffb4,2026-09-04T07:16:52Z,2026-09-04-33847976061
2026-08-31,d38b3bc48a95c671c2ac6b8ca6b33319a0f6f304549345437bb7d4f96ac66339,2026-09-04T07:16:52Z,2026-09-04-33847976061
2026-08-31,d45de0e7000afed3ddc17e755acdd569caaa7da93ec1f151c8ab4f88a6193c4a,2026-09-04T07:16:52Z,2026-09-04-33847976061
2026-08-31,d4e38e1215f6b91682addc99f1dd22aff977ed55a6890af75d6427974723537c,2026-09-04T07:16:52Z,2026-09-04-33847976061
2026-08-31,d554c33f423a2303d20f1946d289d9dbc56787f5b80fb030ff1beb8dc4ad34e6,2026-09-04T07:16:52Z,2026-09-04-33847976061
2026-08-31,d5c211d3274698e6980bc8034c7892a2b40a5ddf4b41bc533f3e2f2f1492d164,2026-09-04T07:16:52Z,2026-09-04-33847976061
2026-08-31,d5fdae6edbca8c625ff1e7e0a55751eecdaa56b380f8bc48604a2a4cdebec071,2026-09-04T07:16:52Z,2026-09-04-33847976061
2026-08-31,d626aa6c8a1e8ac639a58337258c972c8a8129c0f91bde859ac91e749e057d4e,2026-09-04T07:16:52Z,2026-09-04-33847976061
2026-08-31,d6298329372dba5831447bcc807f3e69226716dfd21f027cf150c9ae57511d0a,2026-09-04T07:16:52Z,2026-09-04-33847976061
2026-08-31,d6596eff099a1ed747ddc02a6631495ee201b0b5d6215aaecca0f573fa6cbcb2,2026-09-04T07:16:52Z,2026-09-04-33847976061
2026-08-31,d66e1bf7536804f95a19e9c0c5d6694fb1827f245ef3b8ffd07749cc443ce81a,2026-09-04T07:16:52Z,2026-09-04-33847976061
2026-08-31,d68fc94312cd97a456d565c1fb1a9e5171ff23fd3698d62aa9fbc3ec2c8ff9c1,2026-09-04T07:16:52Z,2026-09-04-33847976061
2026-08-31,d6d8988f79fac6ac5d527db87c055198cedc12ad289fbf2067702c6705427830,2026-09-04T07:16:52Z,2026-09-04-33847976061
2026-08-31,d6daa2b631a4caa07c229d591f14f7018ca98052953377bd44c091170c7a09f2,2026-09-04T07:16:52Z,2026-09-04-33847976061
2026-08-31,d7173cb8d3b3252a11726a8893a238dc756a7773fd8c913dce6fe082b172c6bc,2026-09-04T07:16:52Z,2026-09-04-33847976061
2026-08-31,d718e46aa9a7d254f44071a2c6e630ac99ff0f9c0602855abc1af38f1423426d,2026-09-04T07:16:52Z,2026-09-04-33847976061
2026-08-31,d7224201dd34bc2ad790cb90b2462d42a1be9d506a2834f058902ab208beb03f,2026-09-04T07:16:52Z,2026-09-04-33847976061
2026-08-31,d81bee080f967045620264dfc3ce28a8e842a69eec1ae2f26361c04417622312,2026-09-04T07:16:52Z,2026-09-04-33847976061
2026-08-31,d856beee600c34b1f9b2d89f98d7399fc7e3a3f7ef04964ccdf8f97fdde911e9,2026-09-04T07:16:52Z,2026-09-04-33847976061
2026-08-31,d87d7ec071e243ef8f85d54e17a6621bb87c2d45a2499f20f85963d0cdc9cf81,2026-09-04T07:16:52Z,2026-09-04-33847976061
2026-08-31,d88071a81cbdadf6122b9ff121b04e5e4769938fe0a8ea28b779859931b1ad88,2026-09-04T07:16:52Z,2026-09-04-33847976061
2026-08-31,d8eec6497888e2c1f6910dc23f7597f85795546f381ffc94f0d8a7f029aa3821,2026-09-04T07:16:52Z,2026-09-04-33847976061
2026-08-31,d91eeb9aa3924f42be88e8aa99d1079941a4dff9389d8b127a26853d01a764db,2026-09-04T07:16:52Z,2026-09-04-33847976061
2026-08-31,d94613e12ed635f8bc3e6640c321a5c22d6f67e944a6419e726b6e6590bb4976,2026-09-04T07:16:52Z,2026-09-04-33847976061
2026-08-31,d95ef4a1481f3d358a5a8f9491188dee89f9760f8210457e93fd9c542a412163,2026-09-04T07:16:52Z,2026-09-04-33847976061
2026-08-31,d971a066307189ef2bbcc03f2ad17f4180bdd8c9e1722599f62c908d109ae483,2026-09-04T07:16:52Z,2026-09-04-33847976061
2026-08-31,d9cbd283b122f48ff2a7f9272e8eaa702774e4feebceffafdebf0d989b0d0947,2026-09-04T07:16:52Z,2026-09-04-33847976061
2026-08-31,d9ed5349f246ce71a4ba65745009c8d70cbbefb0ed2c80ad00d2d86d786a4672,2026-09-04T07:16:52Z,2026-09-04-33847976061
2026-08-31,da232b50baec12306298133fc9ffb42a5de1bade6899c1df71e56bc33d716b44,2026-09-04T07:16:52Z,2026-09-04-33847976061
2026-08-31,dad6eb2d9a435c70548f83e612e984e24cdfa376f0f21acfbbd049cc6a25a4cd,2026-09-04T07:16:52Z,2026-09-04-33847976061
2026-08-31,db24f6d71e22aeab246ae0ffb8d5394879bcde435d435f819fc5e21d66a047cc,2026-09-04T07:16:52Z,2026-09-04-33847976061
2026-08-31,db52b5e0bde1d8396f73dc57b9f9bf13385150992cb2e4704ea349da8c71c5a4,2026-09-04T07:16:52Z,2026-09-04-33847976061
2026-08-31,dba88e89337038edeb3fcb4ad0c3ed198ab5d8b76d8024eceee41e36c0851585,2026-09-04T07:16:52Z,2026-09-04-33847976061
2026-08-31,dbbcf64b4edfad4302aef521e19814c5e4707eb353c4ee129c04b8b39205b854,2026-09-04T07:16:52Z,2026-09-04-33847976061
2026-08-31,dbcd6323e21833cb86b9b53637602133372af0776e6d6b95ef3d35c5b8b95a67,2026-09-04T07:16:52Z,2026-09-04-33847976061
2026-08-31,dc32870597536015e78c6d433882d69295713501c451212c5fa2b80e4fcb4a43,2026-09-04T07:16:52Z,2026-09-04-33847976061
2026-08-31,dc3e3c87398731c147b0dda7e8d4953803829f115eaa1c3812c9460c9f60865b,2026-09-04T07:16:52Z,2026-09-04-33847976061
2026-08-31,dc4440e1a8b7a735f0951d36993974621c0aff1ff2fb181dd803e7b3304c67c7,2026-09-04T07:16:52Z,2026-09-04-33847976061
2026-08-31,dc654d3840d5c4126e619dd8acaded94e51446a5fb5f56a5a317ab6afe97851f,2026-09-04T07:16:52Z,2026-09-04-33847976061
2026-08-31,dcd6bdde502f7e953b17630e707c9e7a9522029f41d9952d4e27f5ae66456777,2026-09-04T07:16:52Z,2026-09-04-33847976061
2026-08-31,dd14c404f8449e090c6e46005eee5cae7c16d0270ea5d79ce7aecef5df82aa72,2026-09-04T07:16:52Z,2026-09-04-33847976061
2026-08-31,dd680f32b037138430192eeac6721fa1f9ec62bf66c86074115c97b188b40657,2026-09-04T07:16:52Z,2026-09-04-33847976061
2026-08-31,dde78f305bfe91583e38956541e4e03fe1066832eea7d873ac4329c571b5941f,2026-09-04T07:16:52Z,2026-09-04-33847976061
2026-08-31,de55612262a80de435edeb18f3d73d4dd4a6c5eceb0cac8d6bbe55208243a5f9,2026-09-04T07:16:52Z,2026-09-04-33847976061
2026-08-31,de75015e2a482038136355d7763e5e58559e6199be106787d0ab9f0cbe67854f,2026-09-04T07:16:52Z,2026-09-04-33847976061
2026-08-31,deaf832a7ee511737634ff99a3a2168c2f4146a5c43f5c885b99c076864c80ae,2026-09-04T07:16:52Z,2026-09-04-33847976061
2026-08-31,dfd4098c6485f295aaacb791cde61111d083648ad77a97bf6ee1faff08cccf89,2026-09-04T07:16:52Z,2026-09-04-33847976061
2026-08-31,e015bdf6eb1d3ae68f63aea1269d5e276282b8b512ca1a200c466a0246ca5a26,2026-09-04T07:16:52Z,2026-09-04-33847976061
2026-08-31,e02a22f6325e48a78ab7ff7a7bbc99580562833c9146c77652c66244b0d5ee2f,2026-09-04T07:16:52Z,2026-09-04-33847976061
2026-08-31,e02c24869206343edfb5144fc912cdffcfb496edd236048d502d6636101a0c21,2026-09-04T07:16:52Z,2026-09-04-33847976061
2026-08-31,e080bc17e020fd0694f9b6906230e151717f8aec5cf18a4813bd18d6f967fa21,2026-09-04T07:16:52Z,2026-09-04-33847976061
2026-08-31,e12d17152b7f84bd8e52a6326c7985edc1ca9be9164c8cec9c28c2e047b36f9c,2026-09-04T07:16:52Z,2026-09-04-33847976061
2026-08-31,e18a489de56f45237042ddc6b435bab11fed3c02ab58f5d64ffd03a59742e246,2026-09-04T07:16:52Z,2026-09-04-33847976061
2026-08-31,e195286dfec57a646f024efdc09ed9b8f9e93d197a0246f332b790866b72b525,2026-09-04T07:16:52Z,2026-09-04-33847976061
2026-08-31,e3ac0914b72f76e9e5d4d7d07033947b8926bf90d93e282003ca391943df72eb,2026-09-04T07:16:52Z,2026-09-04-33847976061
2026-08-31,e4411579d090590e7a5ed4bfab67e8d38a1df568a7a46675684a0864ba5d8753,2026-09-04T07:16:52Z,2026-09-04-33847976061
2026-08-31,e44c7ebfba1612ae2124dc8a8c92dbd390465cdfcb635d3f03bf6a6c80596996,2026-09-04T07:16:52Z,2026-09-04-33847976061
2026-08-31,e462b39dfd3e6ac5b309ea5ab4b0f19a34730891b140ae95b062e5f50595ce98,2026-09-04T07:16:52Z,2026-09-04-33847976061
2026-08-31,e49379fcd2e1a9247bcf98287a3e1d062d3a4c061a9a901369372a703b0090e3,2026-09-04T07:16:52Z,2026-09-04-33847976061
2026-08-31,e4985388f6204b9babe1a83305ec5d56e5b308b4f21247977bbe8777608a70db,2026-09-04T07:16:52Z,2026-09-04-33847976061
2026-08-31,e4af7c960e09a8ff4640df254ed7f4564af4a56e6a458091b6116af01e16ed09,2026-09-04T07:16:52Z,2026-09-04-33847976061
2026-08-31,e54e7c98d97e6c20d9804a568be92895f69ad1e414614395e3ee408c02a4303e,2026-09-04T07:16:52Z,2026-09-04-33847976061
2026-08-31,e5b6099f5286c6a63dc6e86a0a396bb6f8aefbc063e08915176f33c3b21679b9,2026-09-04T07:16:52Z,2026-09-04-33847976061
2026-08-31,e6417e42e2235d4a979ef7c5c4ff4a465200a80ed23552f5f191dae8b360f273,2026-09-04T07:16:52Z,2026-09-04-33847976061
2026-08-31,e691e5809b6d103295d8d84242e71cd8808554e6ee74ae3224bd0fdf0a3907b0,2026-09-04T07:16:52Z,2026-09-04-33847976061
2026-08-31,e6d4199847a2db1eaff565092e0840947f6f71fa39a5e2185be18e6b44ed871b,2026-09-04T07:16:52Z,2026-09-04-33847976061
2026-08-31,e72b10c156c29d0929251753dc43d8a4365501de1155a415583c0f7a20ceed4f,2026-09-04T07:16:52Z,2026-09-04-33847976061
2026-08-31,e7d5ca2b2469ca1dd076d4c340dfd5dabccffe4268ffa28470258dde870d0637,2026-09-04T07:16:52Z,2026-09-04-33847976061
2026-08-31,e88e26fb0aaed5936a1785231ae86c42eb2abec2e588a599ef4750d7c7693636,2026-09-04T07:16:52Z,2026-09-04-33847976061
2026-08-31,e9194a897c682ed13852d0465268a4f15e33104956e1da731c973e225c2e1204,2026-09-04T07:16:52Z,2026-09-04-33847976061
2026-08-31,ea16f0212b10028899e3084cda97b654add48617df4179ab10f2114abaf8cc9c,2026-09-04T07:16:52Z,2026-09-04-33847976061
2026-08-31,ea1ed9c7804906b4762c97147db2d86c4817e901e6afc4c989323d8ac517207e,2026-09-04T07:16:52Z,2026-09-04-33847976061
2026-08-31,ea8886c5e37b8d81d883729e510dc1caf898a79cf686d382a74352591ac876f9,2026-09-04T07:16:52Z,2026-09-04-33847976061
2026-08-31,eaa8e502c2639c35fad101d96f956248e6cb59518a2816f588ec5b1072ef1c64,2026-09-04T07:16:52Z,2026-09-04-33847976061
2026-08-31,eac66e3a756dc34834703fd8782009abea45dde91d4b123599c141557ffd5447,2026-09-04T07:16:52Z,2026-09-04-33847976061
2026-08-31,eb6c5037de320c5582845f5b88fa910009d0503636764b56ba688d653938b86c,2026-09-04T07:16:52Z,2026-09-04-33847976061
2026-08-31,eb77e81123f66923921ac1a7bd9dcb90f0a37261c0035713981580ab9344d883,2026-09-04T07:16:52Z,2026-09-04-33847976061
2026-08-31,ebef11bbc65028bd513749b7a89f9557a93b3ad51ec4ac899fad978c3337d8ec,2026-09-04T07:16:52Z,2026-09-04-33847976061
2026-08-31,ebf0351bb479cc4a4dc34b312cc85088b55dea30a3669bc0193bb6ed019b5709,2026-09-04T07:16:52Z,2026-09-04-33847976061
2026-08-31,ec3115e4166a2d7d12502825428145f8d34df8ba9658d457f19e35675ae0081b,2026-09-04T07:16:52Z,2026-09-04-33847976061
2026-08-31,ec52a46638882961375ca8bcd73f3a62eda28b73f3ebade99b445f6d42f59da8,2026-09-04T07:16:52Z,2026-09-04-33847976061
2026-08-31,ecd99090c45790ce31e04be1bc9c49770f79866b3c76f7d9ef4cf354c3bb1528,2026-09-04T07:16:52Z,2026-09-04-33847976061
2026-08-31,ece5b252cb223530132a49303c8cbfb9473b5da6224c6c1004a6c998028b01f3,2026-09-04T07:16:52Z,2026-09-04-33847976061
2026-08-31,ece725b7880ee6f4e2e858b5d55152ef84653d63c6769ee4964de0af1f8296e6,2026-09-04T07:16:52Z,2026-09-04-33847976061
2026-08-31,ed0025bcf4e5db56b3d104f2656d0f1e4de3e6af6bf631ad497b857566c25855,2026-09-04T07:16:52Z,2026-09-04-33847976061
2026-08-31,ed40e40b21c22ee0905cc243de5609c45c555c98cbdf1030fdd6f5dc13bfb05f,2026-09-04T07:16:52Z,2026-09-04-33847976061
2026-08-31,ed412727af30b3d4041387b93f3ff85a8f83836f3c791268b191301de7ad54ea,2026-09-04T07:16:52Z,2026-09-04-33847976061
2026-08-31,ed52095adceae36ba1eb13aec8415f0460c116cfc5588884dc331b48794e3edd,2026-09-04T07:16:52Z,2026-09-04-33847976061
2026-08-31,ed7ed8737cdec086e502f39f7b582db113f254fb2ebecdbd24933e0a0daadf2d,2026-09-04T07:16:52Z,2026-09-04-33847976061
2026-08-31,ed9999e2d2688b32868968e7ab2bbd98564d6eee02818c447657e5e930bec53c,2026-09-04T07:16:52Z,2026-09-04-33847976061
2026-08-31,ed9d3dedf193bfc1bb963806d0cf792525b091d4f6748754f2a14df2263d46d4,2026-09-04T07:16:52Z,2026-09-04-33847976061
2026-08-31,eddee8e796f133c394dd6ef7d10102c45e2fc27b4de405577301358a747406b7,2026-09-04T07:16:52Z,2026-09-04-33847976061
2026-08-31,edf23546b3e938b78456a3c5ba528d6947595635f03196fb713ae335e9858ad0,2026-09-04T07:16:52Z,2026-09-04-33847976061
2026-08-31,ee177558da1a2441b39e1ff31dc05ce3d6950c8dd2fdae200170b6abe29e7a00,2026-09-04T07:16:52Z,2026-09-04-33847976061
2026-08-31,ee284a7ed153517f0777586845758fd98f4675e12ca613ebeeb9ea23fa3a86ea,2026-09-04T07:16:52Z,2026-09-04-33847976061
2026-08-31,ee760ff7f3a7b1119f3959d80c8d17657853dbd353c1ac284da84359f012281f,2026-09-04T07:16:52Z,2026-09-04-33847976061
2026-08-31,eeae8fb6fc18810a864f172cb88a249a108b3c03d019aa1cdff1b709b4c96ab0,2026-09-04T07:16:52Z,2026-09-04-33847976061
2026-08-31,eec33f0054011be8d62cffe79e9ec72962f006b185715e901af05184a3d003c7,2026-09-04T07:16:52Z,2026-09-04-33847976061
2026-08-31,eec7c9c49cffc67cb11d9aacd719dab9d8f1ed4c732b83779a4cd387784d8013,2026-09-04T07:16:52Z,2026-09-04-33847976061
2026-08-31,eeddb1116237d29f1a6c7627dc49b8dbb60a3d13a8f349f0abfab837b82be274,2026-09-04T07:16:52Z,2026-09-04-33847976061
2026-08-31,ef6aac422f10791207c6b9f3565b5dc949edbe177b853b2561c5f0763f326c15,2026-09-04T07:16:52Z,2026-09-04-33847976061
2026-08-31,efac89f62ae181f2c849b95adbce5a80123ebc19a6baad06949ed2b9d7bfcb6e,2026-09-04T07:16:52Z,2026-09-04-33847976061
2026-08-31,f08ce3d1fc42e3c4e8ee0645bf0e69ddc23e3991eb8614313f9549ba46f523f2,2026-09-04T07:16:52Z,2026-09-04-33847976061
2026-08-31,f09e0e33cfc336f9311c7bdeeaea843381357612dc2a12362754e3f0acaa3aa6,2026-09-04T07:16:52Z,2026-09-04-33847976061
2026-08-31,f0cb2d1b1d8c697b8049d0e2e9f105a0f270a26ce6699bfc4c89640d9b1e41cf,2026-09-04T07:16:52Z,2026-09-04-33847976061
2026-08-31,f11e21d33348cecd80d17e303fcfae1bed04f5e395109fdd8cb222be53706c8a,2026-09-04T07:16:52Z,2026-09-04-33847976061
2026-08-31,f151987d2f1123f37a287bc6ed175ff620309f303252e2f24a807e91d39aef21,2026-09-04T07:16:52Z,2026-09-04-33847976061
2026-08-31,f15566eb21ada95c5e0b25f171e6bbdc27d053dcbdaf4aa6855d5ce972e193ca,2026-09-04T07:16:52Z,2026-09-04-33847976061
2026-08-31,f16ec2ba500f4fb3ff92a2b750e9845c72973544a5d77dbc126765b21b27b941,2026-09-04T07:16:52Z,2026-09-04-33847976061
2026-08-31,f1f335ee5ebd5aafa995925302620f4a8b918fdd0d61bc562522ab0cf09d5684,2026-09-04T07:16:52Z,2026-09-04-33847976061
2026-08-31,f2a2d78191290ca0317d0a2d746945209e4e04c3fe07de91ee29135273b93ed9,2026-09-04T07:16:52Z,2026-09-04-33847976061
2026-08-31,f2b0195a954ef58d3c118b2dda1b1fd343d453f514fe93da21f628becb8ea40d,2026-09-04T07:16:52Z,2026-09-04-33847976061
2026-08-31,f2e573261cb45f4bb05b032a1454142d68b3dfa974bd9394dd910b82031679d2,2026-09-04T07:16:52Z,2026-09-04-33847976061
2026-08-31,f2ebd2758ee4c381a0f24aede05d64c2b593eb397dd578e6421baefd94aeba4d,2026-09-04T07:16:52Z,2026-09-04-33847976061
2026-08-31,f3656beb4bc76a052e69d04264963316859a0aece038c893668db8d7aed65e80,2026-09-04T07:16:52Z,2026-09-04-33847976061
2026-08-31,f37e21a7a3248e57e2702db2e4deb7a6c2675d0381d188d572fd36dd62dc9f84,2026-09-04T07:16:52Z,2026-09-04-33847976061
2026-08-31,f3eb2bd1fe776179a343c8e26b982b9a1259e790a7b82517c61c77538c311204,2026-09-04T07:16:52Z,2026-09-04-33847976061
2026-08-31,f41ac2e11ce43ee8086ca7a9b2b13086d624f70bac61ad8b94471522b902cb66,2026-09-04T07:16:52Z,2026-09-04-33847976061
2026-08-31,f43504ee46928f095be7f88b4de81a3059a1a9dba8c1f71384109a72154e8593,2026-09-04T07:16:52Z,2026-09-04-33847976061
2026-08-31,f46c0ef62baae80b775fcd81f3856e7550b3b385616c1ac0c54d681cb707ab97,2026-09-04T07:16:52Z,2026-09-04-33847976061
2026-08-31,f4a533adfeddd4f0630a1965ecce2699b0a4b9fba5287076d10e0d5a77cf08fe,2026-09-04T07:16:52Z,2026-09-04-33847976061
2026-08-31,f4c4bd809cf3ae070ca1aaf18541f14fa8988bec7c19718cc999e2f7071bb4dd,2026-09-04T07:16:52Z,2026-09-04-33847976061
2026-08-31,f4dd8bce3c290e6117f16150bac375965adf0f8563292e1aed0802b932856fde,2026-09-04T07:16:52Z,2026-09-04-33847976061
2026-08-31,f4ee9e606e8b69c30a322189f6a37440518a61288366a3166cf6f31138110681,2026-09-04T07:16:52Z,2026-09-04-33847976061
2026-08-31,f533c9e167e06b8a29a494712484ae6bd4f87f69cec5d06143619e8caf834cb8,2026-09-04T07:16:52Z,2026-09-04-33847976061
2026-08-31,f58de8234a7c146d7ad3ae0dee772b826e209ceb25499a79b3d171c661cc94d3,2026-09-04T07:16:52Z,2026-09-04-33847976061
2026-08-31,f5cb74c489658b28eeed0cd67c785e5671e9d42669ee1e95a36025c4da790152,2026-09-04T07:16:52Z,2026-09-04-33847976061
2026-08-31,f61cec78bd8d9dbfee5a8d5344e06d10e69b3975516198be55fbf8a35b026351,2026-09-04T07:16:52Z,2026-09-04-33847976061
2026-08-31,f662543123ba9c5a1c754ac2305c4d952f11f2e8278c4476b5d5b89343430751,2026-09-04T07:16:52Z,2026-09-04-33847976061
2026-08-31,f67994342f6cb50bebb685420050d1ad5470cad066f1a7736fd097bb9c3c32bd,2026-09-04T07:16:52Z,2026-09-04-33847976061
2026-08-31,f6a4a23648d3f1db212366980ad5980e3c9e3f64f0c93566ba2782411b596d09,2026-09-04T07:16:52Z,2026-09-04-33847976061
2026-08-31,f6adfcb30183b584cac02c60fe10ea7b66d7e54b9cdadf3d98bea3e34ca64b3d,2026-09-04T07:16:52Z,2026-09-04-33847976061
2026-08-31,f6ae02cce7e6d6c9e2406d506eb9e99be7be98eaf95b8ad7ae67c57380916a96,2026-09-04T07:16:52Z,2026-09-04-33847976061
2026-08-31,f6b383fe5e8bf4154266eb6d9fe41d1ed100d2a794024b1cf7cc8e782a0294e5,2026-09-04T07:16:52Z,2026-09-04-33847976061
2026-08-31,f700ff4c934caa891ea88386a7a6b3f9c12675275b3765ee4317ec3d3419a5ce,2026-09-04T07:16:52Z,2026-09-04-33847976061
2026-08-31,f72de0e04f12ccd7a44a82a4ef9a57e0295363c128d35648b34ccadf33b1d214,2026-09-04T07:16:52Z,2026-09-04-33847976061
2026-08-31,f7504a77be0dbd2d4c2fa7a2e799ffc16d62678b808130b47af73e55eba91bc1,2026-09-04T07:16:52Z,2026-09-04-33847976061
2026-08-31,f768c37fb6bfb2b5accda0a40d9de211a113a06c6051a30c8ea1c8ab7e14e85c,2026-09-04T07:16:52Z,2026-09-04-33847976061
2026-08-31,f76b375c9aa98c49a887c9eddfa5d689d4b1a2ed8810019efd432c29b88b1b02,2026-09-04T07:16:52Z,2026-09-04-33847976061
2026-08-31,f7a408d2a9d5c5f80f9832bea8a66de2ba6f203c24dbb62f994fb82c3e3d2d92,2026-09-04T07:16:52Z,2026-09-04-33847976061
2026-08-31,f7d0dcec886b850afba087c2b179d5079f5185a64656f92e0fe74b181d361b92,2026-09-04T07:16:52Z,2026-09-04-33847976061
2026-08-31,f7dd542ed904fb993740f42ff4a55f4802500c7e68964840faba3ccc545cddaa,2026-09-04T07:16:52Z,2026-09-04-33847976061
2026-08-31,f8876072edd881edc6a773b096de1157c4e904df03678baae287f1a6dca6281c,2026-09-04T07:16:52Z,2026-09-04-33847976061
2026-08-31,f89a20ac8b3d36f1a313845aa2c153680565bad191b49fa2c46864523de866e5,2026-09-04T07:16:52Z,2026-09-04-33847976061
2026-08-31,f8b003a79a1ea55a544f7af321127b4b4627abe65a51b6951fa75c8d77b63bd8,2026-09-04T07:16:52Z,2026-09-04-33847976061
2026-08-31,f8bf04f068e303d651f17467fe7cb9f34d957177c7a91c450ac17d2df9af90d2,2026-09-04T07:16:52Z,2026-09-04-33847976061
2026-08-31,f8d1e7514a0fb82ce5616c26a08b226cac2120e1952a2ec1bc9609bdf4be883f,2026-09-04T07:16:52Z,2026-09-04-33847976061
2026-08-31,f966475f743f0feea4b90c64b77f92dbaa1ea8f9cb05d4d81ea7c8fe4cd3d2c1,2026-09-04T07:16:52Z,2026-09-04-33847976061
2026-08-31,f9d2aa121c237385f75ad68d0856eb24ad4b21d5b1bdd20038160570c98b7a55,2026-09-04T07:16:52Z,2026-09-04-33847976061
2026-08-31,fa2c2beda8f55b2e5a970b10e0966c298080ab824ca591fbfb7fbbd7dbd6f1f0,2026-09-04T07:16:52Z,2026-09-04-33847976061
2026-08-31,fa53e6e5788fbb799da4153822fca4b1a6923a767168b2f1fbb190b752e35337,2026-09-04T07:16:52Z,2026-09-04-33847976061
2026-08-31,fa61c8418885d0f60e89f964002445c72883c1febdae77d363f7617f2ee4677c,2026-09-04T07:16:52Z,2026-09-04-33847976061
2026-08-31,fa66a2234b4cf738d7757bee8747ccd3d53c2714447d473e559b1ea6d35d69be,2026-09-04T07:16:52Z,2026-09-04-33847976061
2026-08-31,fa71591c53fa56e45aadf7ed7cf31453fb8de9f34ab421ff8369caf0487adf1c,2026-09-04T07:16:52Z,2026-09-04-33847976061
2026-08-31,fa7ffc5952adf8bb5d23d4d9ba57fcaf44b96494a616e896463314579d1d7673,2026-09-04T07:16:52Z,2026-09-04-33847976061
2026-08-31,faa5a86648db8b70c687cabb8764f066b5df3304299abf576dac1150d5fbab48,2026-09-04T07:16:52Z,2026-09-04-33847976061
2026-08-31,fac53d5634938bf4688133f8187cacac5b5eb3d3927c11f96da44b48fbf88104,2026-09-04T07:16:52Z,2026-09-04-33847976061
2026-08-31,faf33fd4493d52a6f63e9fadcb17f94f4d73f43a1badc469034b33cc7a791890,2026-09-04T07:16:52Z,2026-09-04-33847976061
2026-08-31,fb0cb72876a9e383b966bb9ec984a13078f14aefc2cd71ba9b7e89df847c7918,2026-09-04T07:16:52Z,2026-09-04-33847976061
2026-08-31,fb31d267852302d88e4f75d8ef5a53da9d9dcbe434e1d1069f6a58dfe10a33f0,2026-09-04T07:16:52Z,2026-09-04-33847976061
2026-08-31,fb381063a26275b6cdf8728e767d859875423da257a51a981ad0289e60cb3d70,2026-09-04T07:16:52Z,2026-09-04-33847976061
2026-08-31,fb4aa865008df93e1877a7e8a8abb469dc678852e8eaeb48ccdf54981e1c7286,2026-09-04T07:16:52Z,2026-09-04-33847976061
2026-08-31,fb913af50558ba92e54d1f0f030a6d4414764c8d934b091c3d43fdfe50060ae1,2026-09-04T07:16:52Z,2026-09-04-33847976061
2026-08-31,fb9512922f498b5c897b07972bd4cc1e4b1be04b45f02ca5abb8c385b4b3ea02,2026-09-04T07:16:52Z,2026-09-04-33847976061
2026-08-31,fb9c0407ea43f7deedfd4f4e4c60e602e0aa6ec6200637f7a53100cb7b7bd6fd,2026-09-04T07:16:52Z,2026-09-04-33847976061
2026-08-31,fb9f83fa20a90a6f603815f72b5ccccd304587efd1ec3fc7450de973993eee4f,2026-09-04T07:16:52Z,2026-09-04-33847976061
2026-08-31,fc72cfb317a4cf24fe2db5cd351cb8ffeaaeab2f3369e7e1cb908cfe9fc9b5ba,2026-09-04T07:16:52Z,2026-09-04-33847976061
2026-08-31,fc87488865981e9bc7470afa5cc562044db2cec79a40816da7a37ba470c21871,2026-09-04T07:16:52Z,2026-09-04-33847976061
2026-08-31,fd20881c96a8ea314e7bc0125da03dbd9975e067550d0948847c83465ae54655,2026-09-04T07:16:52Z,2026-09-04-33847976061
2026-08-31,fd3ada926def41c788003d11d56f7ee83103b194cdf7103c416eae22f500507c,2026-09-04T07:16:52Z,2026-09-04-33847976061
2026-08-31,fdac8311fa5344db5b7c12a50c565b886b08ca154a9797bfd69d7493890f5924,2026-09-04T07:16:52Z,2026-09-04-33847976061
2026-08-31,fdb554448962a148b36bcea7673de43600172cbcfda5d89fd6a88062075b02f8,2026-09-04T07:16:52Z,2026-09-04-33847976061
2026-08-31,fe830cdeb5d6fb0d70b0295bd86ef591a166a6d5e1d9e68cb15ef251518f0702,2026-09-04T07:16:52Z,2026-09-04-33847976061
2026-08-31,ff3017839fabb497bb309c26b9b258f2b6eeb2e1c918af1fca602c5d3d604186,2026-09-04T07:16:52Z,2026-09-04-33847976061
2026-08-31,ff5953f22e90e0f408db1cabf68193fef634b0363a647c22225143c2cdc9c817,2026-09-04T07:16:52Z,2026-09-04-33847976061
2026-08-31,ff882f0b7b7a1c287ef2ee1cc0d28f0fd7f60555820f512d9b32931e451a3e1b,2026-09-04T07:16:52Z,2026-09-04-33847976061
2026-08-31,ffa7b52853e72d7047dcd5d9ff292075c8382e3c51c9659d787cc24125094941,2026-09-04T07:16:52Z,2026-09-04-33847976061
2026-08-31,ffbd3085ae462f4e334263b49255811e24a2c568a31255b95e5c7129f2cb7c0d,2026-09-04T07:16:52Z,2026-09-04-33847976061
2026-08-31,002bb0092ff979edfbf92f6009e31350b979885580779ad4f704112e00624a58,2026-09-04T11:23:28Z,2026-09-04-33867681672
2026-08-31,00647a6c7171981b4e9ad63181ae0f647126975691ce325af3dde82a24e96178,2026-09-04T11:23:28Z,2026-09-04-33867681672
2026-08-31,00815241938611b5f58dc4681cd98901fad7a18994515064439e092e3fef7935,2026-09-04T11:23:28Z,2026-09-04-33867681672
2026-08-31,00e58f760881ba0002f64860215eaf97cc8965c578cb2c182aa491a64efc3533,2026-09-04T11:23:28Z,2026-09-04-33867681672
2026-08-31,00e9831d060522d853e380b557d541ef15f683b3a64e8a12ca5faf4221f665db,2026-09-04T11:23:28Z,2026-09-04-33867681672
2026-08-31,0145579839dee42e5b8377ba93ac0ebe4f9ad0ca2ff56588af4c685609deac0b,2026-09-04T11:23:28Z,2026-09-04-33867681672
2026-08-31,01ca8a82fa1b9dd664e39384c7fc0c463db570ce7e7bb906543847555abac530,2026-09-04T11:23:28Z,2026-09-04-33867681672
2026-08-31,0207ffd1c828b49030dd3401ff8d2fa9d867141b37ac63350e91cf110505d55d,2026-09-04T11:23:28Z,2026-09-04-33867681672
2026-08-31,020fa7445aa0dd0b6620e017238609eb0372eeecee6db538689da1552058d0a8,2026-09-04T11:23:28Z,2026-09-04-33867681672
2026-08-31,02949b48054a4bed328990f6d108f748cad6b230413534294614af64830fab1d,2026-09-04T11:23:28Z,2026-09-04-33867681672
2026-08-31,03031e783f4fef72fe8582432ddf15d18686d05789f7ad307ddd4a16a8bb13e7,2026-09-04T11:23:28Z,2026-09-04-33867681672
2026-08-31,031a854a2f669d5cf1dcdbaeb83310e4cb4bad3e03a48d07f367aa1988b169bc,2026-09-04T11:23:28Z,2026-09-04-33867681672
2026-08-31,03580d3196288ff580ef66e8a75101ce4d648ad9b6f64d097e4c7ca4e15d6279,2026-09-04T11:23:28Z,2026-09-04-33867681672
2026-08-31,03d360b4b4b07d8f3b7cd5ee07115eaaa1ec1d5a14a9cce1ee2b7e02f844f4d2,2026-09-04T11:23:28Z,2026-09-04-33867681672
2026-08-31,049ce931ace2dea2dd827bdf158c39fdbbf8ef4a38bbf6cdeba9d6ddc65e7ee3,2026-09-04T11:23:28Z,2026-09-04-33867681672
2026-08-31,04b4538f8f88474fc316a02cda86d1227e4180e44f39a1da741a391b7ab2c64d,2026-09-04T11:23:28Z,2026-09-04-33867681672
2026-08-31,04bd63e7fd115a3c6d92e5cf629d8e86c43d02d618ba2ad941950c5bbf334010,2026-09-04T11:23:28Z,2026-09-04-33867681672
2026-08-31,054b9079a02d8748271b31d984728ed095766776f471ea2e3427e23331768a25,2026-09-04T11:23:28Z,2026-09-04-33867681672
2026-08-31,059ecdc4f24d58e216e1ba261a3de6c55934aa7c3660457b85ef9f1a34c1702c,2026-09-04T11:23:28Z,2026-09-04-33867681672
2026-08-31,05cc948d26111f9d74cb907556240a2530af7295c7da9781fda4c2d94ef675ef,2026-09-04T11:23:28Z,2026-09-04-33867681672
2026-08-31,05d0549bceaf88e8744c0e2680ac79e35bd51f03448a0cf2fc66b70a213eaa1e,2026-09-04T11:23:28Z,2026-09-04-33867681672
2026-08-31,06f3060e421cb8371586d486f0fc7c90a4dd71f28ca5f80a09ecbbe1725a31e8,2026-09-04T11:23:28Z,2026-09-04-33867681672
2026-08-31,070486b18e4782801519bae2130675b9595b5d850d1698660fe0b6d4a7ff5d5d,2026-09-04T11:23:28Z,2026-09-04-33867681672
2026-08-31,078507ba5b7b31ff8bf73a60e56c2be191629bf49ca98c3c6fe051d74fc61c26,2026-09-04T11:23:28Z,2026-09-04-33867681672
2026-08-31,07b7b5521dd8a2b86531b0d5d78063e819a0b9a840e556ebdd095e0badf23b14,2026-09-04T11:23:28Z,2026-09-04-33867681672
2026-08-31,07ebfdbf8c95ffb7c1da35f08ef44ff96177b5d6e87d0d85b252860d701e5a93,2026-09-04T11:23:28Z,2026-09-04-33867681672
2026-08-31,07f2cae5dbc35c72f310dc2128ac89fbe011f9d9a211601b087eb39d30ff95a7,2026-09-04T11:23:28Z,2026-09-04-33867681672
2026-08-31,080b9274b338f1f845f7d1ba29d410894b0ccc88a99b4fa3248c2e614a243df6,2026-09-04T11:23:28Z,2026-09-04-33867681672
2026-08-31,082c923c9c1ffb8cd0b9377777a2b39b5d87bc4585613f1b25e905f94ee4ca19,2026-09-04T11:23:28Z,2026-09-04-33867681672
2026-08-31,084aa6ee633be960feaee5b23fa58368a306228ef00bb5bf570e9a5af4d0df97,2026-09-04T11:23:28Z,2026-09-04-33867681672
2026-08-31,0897fa5ecfd1b504b70b4ac5872222382f9cbe3ff424619160b81c12bf7be4d0,2026-09-04T11:23:28Z,2026-09-04-33867681672
2026-08-31,09ae87bbff6ee82dc462a89c2419664fa8fefc4c2f546107010964f4d43a3843,2026-09-04T11:23:28Z,2026-09-04-33867681672
2026-08-31,09e0de11ab975c6d85c51f7d6b79bed09a5aa62fc52254a13e3ce229b0940267,2026-09-04T11:23:28Z,2026-09-04-33867681672
2026-08-31,0a28b0c5086143dc37eb368d7d46ad9c376c5e4517a4fd740c93be6490739f78,2026-09-04T11:23:28Z,2026-09-04-33867681672
2026-08-31,0a421dd9c8ee660c411c4b30b0e3ed126d7a0d5e6a3d4b85fd97441f47706e03,2026-09-04T11:23:28Z,2026-09-04-33867681672
2026-08-31,0a9ce02e6d88d60bab428ed6a67fca11bbe56764dd163be9c5befbe081a882e2,2026-09-04T11:23:28Z,2026-09-04-33867681672
2026-08-31,0acb6e2000fe3b15953f64ee474ca44162b5a3a9222e9cf4b1f871688b3333e9,2026-09-04T11:23:28Z,2026-09-04-33867681672
2026-08-31,0b4294622c5a5c7ca333ba2fd70515c17f9ff110b95f342399b6f73020aa3d67,2026-09-04T11:23:28Z,2026-09-04-33867681672
2026-08-31,0b64903fdfd0ee51cacca2210c85291a17640532a032984fbab76d9a1bd1a9de,2026-09-04T11:23:28Z,2026-09-04-33867681672
2026-08-31,0b68184a2ad6f59514572d7021a05a9144caf7d61ff2bec962ebc1e701a59e58,2026-09-04T11:23:28Z,2026-09-04-33867681672
2026-08-31,0ba621aadb0255d400818f840f201ebca279d102e7cf7a0f55c3962d2efb6326,2026-09-04T11:23:28Z,2026-09-04-33867681672
2026-08-31,0bbc94faded03be0a4c42355fb03e2326f1dd165eab150b8eb1585995d3152ef,2026-09-04T11:23:28Z,2026-09-04-33867681672
2026-08-31,0bc6a5367a804eca1374202c0ee9a3e7b4d1ed6e4d73eebdb0b8a1acc2004c35,2026-09-04T11:23:28Z,2026-09-04-33867681672
2026-08-31,0bcfea6cff50ab8ab93a80f24c7f6d7cebce457b5366e29b843efe74437415e5,2026-09-04T11:23:28Z,2026-09-04-33867681672
2026-08-31,0c3b4f38c4c6df8acfb3b2d3412316aee234fa664c9c2a01859372bc4ca7e583,2026-09-04T11:23:28Z,2026-09-04-33867681672
2026-08-31,0cdeeff8e2f435394d1bbb7462f31a6f9c373afca64c28945fb68ec4e2edf566,2026-09-04T11:23:28Z,2026-09-04-33867681672
2026-08-31,0d450fa4093194da278259e41c4166acfeb987a95ecf3607e85d9514cb5b0cd5,2026-09-04T11:23:28Z,2026-09-04-33867681672
2026-08-31,0dfbc96e7b8bd9b73a382ecd17e7916ae7bb1162184fa9ce1aa35d8a3e63f923,2026-09-04T11:23:28Z,2026-09-04-33867681672
2026-08-31,0e276cb6eeee9d5b04245b31e01158b098cc1289bdffec01cd4f82590acaebf4,2026-09-04T11:23:28Z,2026-09-04-33867681672
2026-08-31,0e466cebf595aa6e1e0256755b143595fb6bf495c9668d29bd5844709d4f30fb,2026-09-04T11:23:28Z,2026-09-04-33867681672
2026-08-31,0f326dabd77710cb5b15cc56fddc6fc9d900f2f98765b34ade1583062ad3ee5f,2026-09-04T11:23:28Z,2026-09-04-33867681672
2026-08-31,0f76bf4ed0ecdf3ace2c0b1fe2c516e987d618caf6bfc95b72247a82367e9c0b,2026-09-04T11:23:28Z,2026-09-04-33867681672
2026-08-31,0fdab33766396b216703d9f8ad02924b25b33d99813cdf1f90e0eef12af45de3,2026-09-04T11:23:28Z,2026-09-04-33867681672
2026-08-31,0fec2e9cee35902393fb09b5df2a0a263ba972e3fee0c2c897f86494bb889d19,2026-09-04T11:23:28Z,2026-09-04-33867681672
2026-08-31,103daa513ef822bf5943743f77c508e09db6750433818ebfb69d63b85c58ba92,2026-09-04T11:23:28Z,2026-09-04-33867681672
2026-08-31,104554c19a34823050bb78337245f305da7e9b1efcb19f9a37812192c030694e,2026-09-04T11:23:28Z,2026-09-04-33867681672
2026-08-31,106b3aa9ec2d87245838565a7b3f15383163c79e590dd379014ca85c8f55c8f5,2026-09-04T11:23:28Z,2026-09-04-33867681672
2026-08-31,1072ab5410fd478caff7cf69ead28d2399c7788aa0576262812ab43695ab8242,2026-09-04T11:23:28Z,2026-09-04-33867681672
2026-08-31,10c924f1a3f2fafef80cd51fff3ea1a70ce4ee10d04e6054d1b3812077a70c42,2026-09-04T11:23:28Z,2026-09-04-33867681672
2026-08-31,10ca566f838d14834524f85f919962839dd635611ad92bb0692a10206555e3b4,2026-09-04T11:23:28Z,2026-09-04-33867681672
2026-08-31,10e54d943ca150f868ef795c698d818ddf6eafc0831425ddb4cb984b15f5a759,2026-09-04T11:23:28Z,2026-09-04-33867681672
2026-08-31,1116fbe5d068f90d956e9c7b09b629b1386ecfff11dd9a4b742dfa717834a742,2026-09-04T11:23:28Z,2026-09-04-33867681672
2026-08-31,1134290e9522fc3c7c3a23096a289fd997bf7ecee1c5efddacaad9f7d8fe5c7a,2026-09-04T11:23:28Z,2026-09-04-33867681672
2026-08-31,11a83d41b5160f2642117fb3f6559e9d75b37dce96e1f8c8b697b81de41d59ce,2026-09-04T11:23:28Z,2026-09-04-33867681672
2026-08-31,12c1b318878980616329cab671ad01059ac9ea57c257dd6182f5b694d1e61ec8,2026-09-04T11:23:28Z,2026-09-04-33867681672
2026-08-31,13336031498d405c7fa7a6341621263fcb49afddf12d8f06a1877000d7b6c7f6,2026-09-04T11:23:28Z,2026-09-04-33867681672
2026-08-31,13b64caa0ea10deba5787cc164c19e3615e63e65c6734d085e74c127e98bf08e,2026-09-04T11:23:28Z,2026-09-04-33867681672
2026-08-31,13f41d3dad5cd46dc346b4269f1cf9d730db584961d78a63711ee9abb8ba7ffd,2026-09-04T11:23:28Z,2026-09-04-33867681672
2026-08-31,13ff0d859f5d5761db56bf45068761291d90e0da93e95808077e54491e86c160,2026-09-04T11:23:28Z,2026-09-04-33867681672
2026-08-31,14305faa3850867cb3674e4660c6072d61a5aa42855f2fd18c952618da44df53,2026-09-04T11:23:28Z,2026-09-04-33867681672
2026-08-31,14eb9616f6a9ee925ed494d44bc12b0a896568f5c7b197e4454ef5a60936edc0,2026-09-04T11:23:28Z,2026-09-04-33867681672
2026-08-31,153d145780b5ae532018b8a7975daec9afb122ae8deb255d688948535d7c739f,2026-09-04T11:23:28Z,2026-09-04-33867681672
2026-08-31,156e085f9bf14e312351f7a384d631728e790494540580ca60c9db0a19b0ffbe,2026-09-04T11:23:28Z,2026-09-04-33867681672
2026-08-31,158d14ed3a283b8d68ec79b976467de8696d2d6935b3b8a1a2c04d02a491d82a,2026-09-04T11:23:28Z,2026-09-04-33867681672
2026-08-31,15a21851a4fb012da14bccae1f3e7e66f2acbe8f879fa2fa0f50c2e692a6508e,2026-09-04T11:23:28Z,2026-09-04-33867681672
2026-08-31,1605e3e77c18b105510b701ee7c26a6d4361103a78809138c6ef710eae43b3f2,2026-09-04T11:23:28Z,2026-09-04-33867681672
2026-08-31,1683ce69a18934db1d3a5895950c48048c2f79cf401b656a818f256f1e338eca,2026-09-04T11:23:28Z,2026-09-04-33867681672
2026-08-31,16c5107cd719e530cfe60840e660e1f3f5027f63fd030333805a0e84f03e625b,2026-09-04T11:23:28Z,2026-09-04-33867681672
2026-08-31,16e080efe5c1d91cf0fe11498316b7145e6832f56518c794d2256dcb10e1d48a,2026-09-04T11:23:28Z,2026-09-04-33867681672
2026-08-31,17470bb9cb556234d344851df9eafb9ba30afb58fb45ce71286af13feb276e52,2026-09-04T11:23:28Z,2026-09-04-33867681672
2026-08-31,1766235b5d2a523ca70c148c3e0731f93bac09e7beacd2c842d92d0d590a9a96,2026-09-04T11:23:28Z,2026-09-04-33867681672
2026-08-31,17d15fadd3fa34e44c1a01106d41ae5f337f3f3d7b164587e74cc7200248512d,2026-09-04T11:23:28Z,2026-09-04-33867681672
2026-08-31,17e3b50566b637649e66e00dc9917739cf5a96866fb8600b5542138e2da14692,2026-09-04T11:23:28Z,2026-09-04-33867681672
2026-08-31,18195557f98b4812c721e2b9b00b1a529ecc56f55cf1f9af4cfa48ab10147b27,2026-09-04T11:23:28Z,2026-09-04-33867681672
2026-08-31,190a0f8ebb15b9e882cecade62c8d19fdcbf13a522f5402c472980094719a1f0,2026-09-04T11:23:28Z,2026-09-04-33867681672
2026-08-31,19800542bc333c37824853d266660bd50856b37d3a007c941d7098dfcef7940c,2026-09-04T11:23:28Z,2026-09-04-33867681672
2026-08-31,19b2cc236363f42c7120920a2576037b5776baeab899e5e8696af80a140065e2,2026-09-04T11:23:28Z,2026-09-04-33867681672
2026-08-31,19d1a7357d6fa9d45f125694431a7802f9a572b84d9effd40dea0cfb4be083d0,2026-09-04T11:23:28Z,2026-09-04-33867681672
2026-08-31,19db10316da9496002c79b18b0a542bc339ae7f8db2f5c9a279c1265be1a4099,2026-09-04T11:23:28Z,2026-09-04-33867681672
2026-08-31,1a0eede506b2158270d05d92ee49a3244310ab4b3708e3d50d9389748acf310f,2026-09-04T11:23:28Z,2026-09-04-33867681672
2026-08-31,1c3a2f928f515a68ce6946bc4ca50a18f184f7dce665b60b1ada88281c6aa6b0,2026-09-04T11:23:28Z,2026-09-04-33867681672
2026-08-31,1c68d0514a07d293e4e703b8e2b93271884ecf1c38febe4ca2ea2de7b9c54532,2026-09-04T11:23:28Z,2026-09-04-33867681672
2026-08-31,1c76066fffeb61ce17518a366c849c2dddb3bc7d8d9ffb946a2af4303ac36775,2026-09-04T11:23:28Z,2026-09-04-33867681672
2026-08-31,1d3f84f7fa983fcfa6ae66d2f7d1dd0e1d4fdeb50cce45e747a83022099b6c96,2026-09-04T11:23:28Z,2026-09-04-33867681672
2026-08-31,1d7689e3154824860cc666362cdfb670ef780afb2770026dcc9470428d507c63,2026-09-04T11:23:28Z,2026-09-04-33867681672
2026-08-31,1d840b297992c05114df23b7e42c49616b18611ad2e1537b34e5e132a6560f17,2026-09-04T11:23:28Z,2026-09-04-33867681672
2026-08-31,1e3bf56c8804aea3c0c614333fd3f73720a99c1ba8637f80a89fff017de37b2e,2026-09-04T11:23:28Z,2026-09-04-33867681672
2026-08-31,1e3ce73c7e41b3c3c4283a11bc43cfc339b1489a59a35edf322f1a48e301702e,2026-09-04T11:23:28Z,2026-09-04-33867681672
2026-08-31,1f844db3bc44ec245d96e241c2cf702977b55e2bd604efa0acd17719d5952cc1,2026-09-04T11:23:28Z,2026-09-04-33867681672
2026-08-31,1ff7fa94e9ce9f87b7d9ef2caa7631d467aa989f31ca80e23dd9ac7db69036df,2026-09-04T11:23:28Z,2026-09-04-33867681672
2026-08-31,20aac7f725905a3d828eff03d1e1f2c4b5faa61eb748cf00576c288ba95233dc,2026-09-04T11:23:28Z,2026-09-04-33867681672
2026-08-31,231112e76bcb5be05005aa0cc318003850318499fd2677dc1ea2d161c8b97f53,2026-09-04T11:23:28Z,2026-09-04-33867681672
2026-08-31,23c9e1ef5828c3c9232f0fe88351360ad6d9742cc5fbf770e940fcad3e06c82a,2026-09-04T11:23:28Z,2026-09-04-33867681672
2026-08-31,23f99c068b01dc6d323f0571ee1010ae217656cc6bd82339ca43c6bff6d97480,2026-09-04T11:23:28Z,2026-09-04-33867681672
2026-08-31,2414ef242c99bcfdeacea15232f548421ded9cae31cc9df626461afaafea95e1,2026-09-04T11:23:28Z,2026-09-04-33867681672
2026-08-31,2552eaf04d7431d7ee4aae6777f75137085be8f4f16d583a9245af977c7a3918,2026-09-04T11:23:28Z,2026-09-04-33867681672
2026-08-31,25af26fd755ee2d73081cf09f8f40438ae67508e8897c21e418dc92c3ce22cbf,2026-09-04T11:23:28Z,2026-09-04-33867681672
2026-08-31,25d729ca46358fa04e0fead102fbb878db882fc0c28e005ac48c58556b62cf05,2026-09-04T11:23:28Z,2026-09-04-33867681672
2026-08-31,269ee0c38e8224a4923ce558d36c363b58f96dfb5c3ca3d6d18a9a9e0b56a387,2026-09-04T11:23:28Z,2026-09-04-33867681672
2026-08-31,26e6a793d9f2a8213f61996aa16a5e8e0fb97f23024b083132c5f0433e35d0d5,2026-09-04T11:23:28Z,2026-09-04-33867681672
2026-08-31,26f4049a502e90662cd905f548bfc56fad535a78caa5f9b4e904d2d8f32a319f,2026-09-04T11:23:28Z,2026-09-04-33867681672
2026-08-31,271bd6e20e7396a1bbd69cc341fcb397413447407e908ba4b02d4848d6d642de,2026-09-04T11:23:28Z,2026-09-04-33867681672
2026-08-31,2753ddd69845c4151d1d72bfee9d829b690c63eefc73fc8ce9dcfe8e01713917,2026-09-04T11:23:28Z,2026-09-04-33867681672
2026-08-31,278b50e70ef0d0976772d81be6ea231fe676f544a1703369a2236c839f42f3b6,2026-09-04T11:23:28Z,2026-09-04-33867681672
2026-08-31,2896af56155df0a4eb4b04cc0c8e4214b25c0dc973e6311e49fd711c5f6b9b89,2026-09-04T11:23:28Z,2026-09-04-33867681672
2026-08-31,29a8c3e8b0408ab500307752f4e81f97b8307d28dfd17d2f0ed54e3ca9a59d8f,2026-09-04T11:23:28Z,2026-09-04-33867681672
2026-08-31,29cf6ac3bd32e52aba14b41d959264cd27a4af5a35c8c0a6a53d77e6a413125c,2026-09-04T11:23:28Z,2026-09-04-33867681672
2026-08-31,2a11a8b8d9cd2a0fddf7229a8debb1487e7899dd64802c4314849245af9d8a6b,2026-09-04T11:23:28Z,2026-09-04-33867681672
2026-08-31,2a6f3f5152ab142daddbd5bee7199ab7506f6851b6335943652dd642ea2b710a,2026-09-04T11:23:28Z,2026-09-04-33867681672
2026-08-31,2a75b25ca6cddb0b4da1d4102368741b353b3961b03a3ba11e93b6040730deb9,2026-09-04T11:23:28Z,2026-09-04-33867681672
2026-08-31,2aa29525e78b8ac5aa32aea3c31d4a24b5895cee79386c8fcba4462297459edf,2026-09-04T11:23:28Z,2026-09-04-33867681672
2026-08-31,2ab43f2951d1db228fef030edf4b0d56b454633448fdc3511a615eab49a00a30,2026-09-04T11:23:28Z,2026-09-04-33867681672
2026-08-31,2ae790b5061c4d2fb1eca9a637fffb0ab887159c68ae9326898f0a788f124c91,2026-09-04T11:23:28Z,2026-09-04-33867681672
2026-08-31,2b3d02713bfc715d312711c7fb6aa86c634e3edd177901eb151d5e51bdd25ad6,2026-09-04T11:23:28Z,2026-09-04-33867681672
2026-08-31,2b577eec626cb69486429a31771c4074edac74a68f4e5b7ee570fa5466c2ecae,2026-09-04T11:23:28Z,2026-09-04-33867681672
2026-08-31,2c5a6c2c3a527e0f30e24b834a13b928d4ef545d4b8979d08eb8e34b7f90bf20,2026-09-04T11:23:28Z,2026-09-04-33867681672
2026-08-31,2c8c88244c26033b707b730a9c0166ebdf6e1fd2884f6dc35bfb58d7b0991e98,2026-09-04T11:23:28Z,2026-09-04-33867681672
2026-08-31,2c9780198487d04f48781b5daf68fcbc4e06499bb52124ef55c5c7ca056080c3,2026-09-04T11:23:28Z,2026-09-04-33867681672
2026-08-31,2d087e9dad5600dfff3ae2ab35996017d6325cd90f3dcb8fa71223f64637cd48,2026-09-04T11:23:28Z,2026-09-04-33867681672
2026-08-31,2d305060bb73b0b58c1a1b09fcabe7eb147c866f41c60b87708f09aa527db17d,2026-09-04T11:23:28Z,2026-09-04-33867681672
2026-08-31,2e01159e51abe1c5e8c84daa81414c524887df396b17435a635920aec037282c,2026-09-04T11:23:28Z,2026-09-04-33867681672
2026-08-31,2e14942d9ae70d815017faf26dabde964045ed1d54c5580bebed1779727b9e4c,2026-09-04T11:23:28Z,2026-09-04-33867681672
2026-08-31,2e18f7860b32cbd5bb448abe848d9cd4beab7db60feb3f9ec2e9ab0a3bf5b576,2026-09-04T11:23:28Z,2026-09-04-33867681672
2026-08-31,2e85dc31ff7047c829cc3c7f4f316577430188ed794c052e90885b78d0b146f9,2026-09-04T11:23:28Z,2026-09-04-33867681672
2026-08-31,2f08f24b2f226c8c9b0955848ecc58ff9a3928946d5d10c4045ca5effd90855e,2026-09-04T11:23:28Z,2026-09-04-33867681672
2026-08-31,2f2fcfbc994ef8a8ace5f3536e5354654ac4a1de8a83d94e273962101493bcf6,2026-09-04T11:23:28Z,2026-09-04-33867681672
2026-08-31,2f4b24b28314c6607652e6e5fa9a2fcbf51b3012b2cfb0b790477ad6b5620b23,2026-09-04T11:23:28Z,2026-09-04-33867681672
2026-08-31,2f68af7604f330ded4eff99c10603f2c2fefa7846c60fed091604507a6f92c22,2026-09-04T11:23:28Z,2026-09-04-33867681672
2026-08-31,2f7c4006b70bc6e4aa73106dde73a254064ae27e8de7212668ff80b136c5f6c9,2026-09-04T11:23:28Z,2026-09-04-33867681672
2026-08-31,2f89c3fdaf9666b65616bae6a10f7c96ddebe32cf8b923c36c5b93ce2d1496b4,2026-09-04T11:23:28Z,2026-09-04-33867681672
2026-08-31,2fa0a9cb9f1ce48ae7445589a1e84b7d5d7b67e327ff36f4f40881d77677ca82,2026-09-04T11:23:28Z,2026-09-04-33867681672
2026-08-31,3095b51389496912a28eb618ba968b6cc6e599fd89b957309a90733492eba5cc,2026-09-04T11:23:28Z,2026-09-04-33867681672
2026-08-31,30a79fb7769da1d6c3a0f7ef7b2f247522e9411c2a30e19ae854c2e86918a7d3,2026-09-04T11:23:28Z,2026-09-04-33867681672
2026-08-31,30bc76baaee7da1d2e0c5aa7d44548acb3058b812eb409dbeafd71b53669c015,2026-09-04T11:23:28Z,2026-09-04-33867681672
2026-08-31,30d0422ba49e018e46b2d44d4095dad9ad1a48a02bb60456d98325b43230cbeb,2026-09-04T11:23:28Z,2026-09-04-33867681672
2026-08-31,31986368d62bc5a373a7ba154a12ae8bccfa31a66779f7d6faa3a0b72d5e1f33,2026-09-04T11:23:28Z,2026-09-04-33867681672
2026-08-31,31a40d9be96892822eb7d094281b5cd93d12f755887e6b205dcea0a3e9894c4e,2026-09-04T11:23:28Z,2026-09-04-33867681672
2026-08-31,321ce4b11572ccf311b5333228290ad16a19e1f2e54ee01042cbb980041104aa,2026-09-04T11:23:28Z,2026-09-04-33867681672
2026-08-31,32467b8ca5ffea3a32d27dcffcdaf8353cf9b63570b5c8bc2ea4dedf1a8887a4,2026-09-04T11:23:28Z,2026-09-04-33867681672
2026-08-31,33bf278926d5c7f631cdf349c4a848a4d8054e56aacdd218874f23d0538ce113,2026-09-04T11:23:28Z,2026-09-04-33867681672
2026-08-31,33eb071b92809b9d7160db5007ade1745d2a793c39c6a1343adabe529215c0ad,2026-09-04T11:23:28Z,2026-09-04-33867681672
2026-08-31,34efcfb91e83b3e418f98afdefd93d8e6a208c58ead7ee19327ac0c65471ea85,2026-09-04T11:23:28Z,2026-09-04-33867681672
2026-08-31,35097f59991de29b293648f3cc28aeaffa9c7e9dc9c88cd022220af45607a738,2026-09-04T11:23:28Z,2026-09-04-33867681672
2026-08-31,35bde53b9b972617b4fa54bc647ff74d2002866819d640277a114f1ec2123380,2026-09-04T11:23:28Z,2026-09-04-33867681672
2026-08-31,35ec9ab48dbc7b3cbb6ddb6578c078147c6f580d9b343c183ae9101a17ff07f3,2026-09-04T11:23:28Z,2026-09-04-33867681672
2026-08-31,35f1230348598396439261a0b71238ed8b5a4e35f0f401bf2534e245bf976d67,2026-09-04T11:23:28Z,2026-09-04-33867681672
2026-08-31,364d22b4ed4276f412b78924fea4b020bdfc6623827ff652fd063a37939a6169,2026-09-04T11:23:28Z,2026-09-04-33867681672
2026-08-31,366d4ad499b8b2f1a6b4c4ce06bda627663dcbb09c53d431d9a379627975d101,2026-09-04T11:23:28Z,2026-09-04-33867681672
2026-08-31,3687d403c334ee2257ca276f635bf0832a8be811876adb50c888cdd323c84985,2026-09-04T11:23:28Z,2026-09-04-33867681672
2026-08-31,36cadfe07c230dbf948493e8bd1b712c8723b92a7c6ec5395cd472ede3024e4f,2026-09-04T11:23:28Z,2026-09-04-33867681672
2026-08-31,36d99471961321c3d5e2ba2986f5aee3f2b4b9df2f8f7117e9c5be03a7e452ed,2026-09-04T11:23:28Z,2026-09-04-33867681672
2026-08-31,371d760576440c7b58a9f257f4b75f26e0e724e9599cc9585401590e842faa90,2026-09-04T11:23:28Z,2026-09-04-33867681672
2026-08-31,373e0dabb288016c7cc88c87bddf79bb346705e98268dcb36d7ebda86b6aa220,2026-09-04T11:23:28Z,2026-09-04-33867681672
2026-08-31,374dd430ed16a4699db6de9a7e63e0678f85341f24902a950d420ab9023a477e,2026-09-04T11:23:28Z,2026-09-04-33867681672
2026-08-31,3758dee69e39e8e77a519fc1f4d18864ae8f7e7385bb0eca0c8ae1eec205d586,2026-09-04T11:23:28Z,2026-09-04-33867681672
2026-08-31,3767100422cbd1fb8a35fc33cb08a796b302c14ae6e0623ca185f254d00017f8,2026-09-04T11:23:28Z,2026-09-04-33867681672
2026-08-31,378adb7bccd743cb015e044642037fcb260d9509a9bbcc0144bb7a104fecb6a0,2026-09-04T11:23:28Z,2026-09-04-33867681672
2026-08-31,37c9c86cb4f65731db5c17a78db7e01322b9c22b59619b9a7f180157173ee88e,2026-09-04T11:23:28Z,2026-09-04-33867681672
2026-08-31,38549be52c239a6852292c1ee23fcff4027ca09fe5307f68b00d0ffb8142c216,2026-09-04T11:23:28Z,2026-09-04-33867681672
2026-08-31,38824205aad3bddfc500a3fb542b8e7f0a174de6e4acf9cb504eaeb51832944c,2026-09-04T11:23:28Z,2026-09-04-33867681672
2026-08-31,38cfc466cf01caf4b1c441867af59f64fbf2a28676a149754f1cddf73a1af3ce,2026-09-04T11:23:28Z,2026-09-04-33867681672
2026-08-31,38e3c17cc7c4b33f48bf4209bf5dc83ab85c58955c1287009ebdedaf29eef970,2026-09-04T11:23:28Z,2026-09-04-33867681672
2026-08-31,3936a5cff0377a2e571ff1bf5d6307a480d0b998a35f4ec7b7c779d3ea39c518,2026-09-04T11:23:28Z,2026-09-04-33867681672
2026-08-31,39994c00d60a2a98bc2a9190ab0f1044450a10623d73405b3a7bc8c0eb487de0,2026-09-04T11:23:28Z,2026-09-04-33867681672
2026-08-31,39f0dd028c33a5e4c91ed5fabf3981f09dd3044ad2f26e2f8f2667ace214f51f,2026-09-04T11:23:28Z,2026-09-04-33867681672
2026-08-31,3a07f823dab0aae70506fccae1c0599ed83cab6ec008c1aabb72c5d060e34bb4,2026-09-04T11:23:28Z,2026-09-04-33867681672
2026-08-31,3a48498322a3b646aa560f2def2d8f19c70845f1182599abc61962697d381ab8,2026-09-04T11:23:28Z,2026-09-04-33867681672
2026-08-31,3a59bca50b7fc0b377075cd8739b5803c136cee99adcc9018ac1bc292aaf0d0b,2026-09-04T11:23:28Z,2026-09-04-33867681672
2026-08-31,3a76a17d29cdf704420eb3f8762790ef2001ec4cc47c0cbeb3c2f14a4760142d,2026-09-04T11:23:28Z,2026-09-04-33867681672
2026-08-31,3a8fea617889ad181bc3c465496bcc143c07684f78112147c5a8543f46448963,2026-09-04T11:23:28Z,2026-09-04-33867681672
2026-08-31,3a98ecb775aa9973126a0c80c0aec016e636fa207d6143bcb4bc7e7be7767ac7,2026-09-04T11:23:28Z,2026-09-04-33867681672
2026-08-31,3b092fc1b9621acabdf6a5c120d34350753f21ad041822f8a2bf55f4fab48e8a,2026-09-04T11:23:28Z,2026-09-04-33867681672
2026-08-31,3ba74f15e9601ce9d0de1301c5d4e02d8b83ce4c7c237c09992edf38837af6f8,2026-09-04T11:23:28Z,2026-09-04-33867681672
2026-08-31,3d399b6ea2ca6b400d19a9fc98043e9d90be476df7c860b83e8d8557e7919a8c,2026-09-04T11:23:28Z,2026-09-04-33867681672
2026-08-31,3d5de596b65c1fb4ca0514280a277d51ce5f2eeb956cc8977229a06bd3eee100,2026-09-04T11:23:28Z,2026-09-04-33867681672
2026-08-31,3e129d76f3c39c8e984f66d7f7521ca09fcc451ed0faafe7353ab65b64b50448,2026-09-04T11:23:28Z,2026-09-04-33867681672
2026-08-31,3e13293c51af1a05d3e938c410a2a2b654dd38992844a19634dc7cb0e089af42,2026-09-04T11:23:28Z,2026-09-04-33867681672
2026-08-31,3e3938c8af50c77d4b77102b0d61610d466054696039277f7ff64737f39b5f61,2026-09-04T11:23:28Z,2026-09-04-33867681672
2026-08-31,3e706898c6707eb234f14a9fa18526d0e1513a131520134dfb80519a7dc16353,2026-09-04T11:23:28Z,2026-09-04-33867681672
2026-08-31,3e884c0d1b723d1f250d810c1a7ed71a88e85dbc3554243955e616c9f5c5603e,2026-09-04T11:23:28Z,2026-09-04-33867681672
2026-08-31,3ead30c2d93f3a8ef314a7a4ccc222f2ba05d3d1a49e52e9047f2a6a2fad8d0b,2026-09-04T11:23:28Z,2026-09-04-33867681672
2026-08-31,3ec194d320d3a550d91b957a9a0a9afc19ffc4b207b6bb62317f7a80f2240eb3,2026-09-04T11:23:28Z,2026-09-04-33867681672
2026-08-31,3ed43ebc363cb54823932b266f707ca0d332a93c3e8c5b38aaea6e061a1cb073,2026-09-04T11:23:28Z,2026-09-04-33867681672
2026-08-31,3f2d21ebd82f746f93c32f6aeeb0efc53830acd84e8e48876b1246a265cbfe99,2026-09-04T11:23:28Z,2026-09-04-33867681672
2026-08-31,3f2daefe5044bc9b5c70b2e98b29de5044eacab24a75b16da2fc6fd6cc97604e,2026-09-04T11:23:28Z,2026-09-04-33867681672
2026-08-31,3fb142d836002cfcd2c656b994e8807c2269969d8833ebd5a7e5022ae82a176d,2026-09-04T11:23:28Z,2026-09-04-33867681672
2026-08-31,40b26a606886a11c4ed192ec05858cc45dac494d5feff2d74900481d4fa22dc7,2026-09-04T11:23:28Z,2026-09-04-33867681672
2026-08-31,4130bc3c654590609d34bbbef772f17b97d8fcfca6085e18f5c9991eb1c7c13b,2026-09-04T11:23:28Z,2026-09-04-33867681672
2026-08-31,41519cbebc24c235292842cc373fbd92e0abaedc776c3b3d6e4432e7492cf38b,2026-09-04T11:23:28Z,2026-09-04-33867681672
2026-08-31,418e0e99c3f8502ee4c399aeeb63d9916e73fae55844a1699372befccefd0caa,2026-09-04T11:23:28Z,2026-09-04-33867681672
2026-08-31,420c4ea6c8e3df27b9a1d6bff58cc5991448220288e813f8fa3c9a94be4b1c7a,2026-09-04T11:23:28Z,2026-09-04-33867681672
2026-08-31,42398c20922a2e85dca90810209858ae11a5e9ff5afa024073e123c1a4bb2904,2026-09-04T11:23:28Z,2026-09-04-33867681672
2026-08-31,42736ef66fb2d201eb0fab0cfe060925e0fb557cf25706883a6957cf321b1c41,2026-09-04T11:23:28Z,2026-09-04-33867681672
2026-08-31,429426607d00317231095b7f9b14abc15da43e110a13ca9ec36e59b08b4fce6f,2026-09-04T11:23:28Z,2026-09-04-33867681672
2026-08-31,43039e40477dfc6147d15a3e318ebc89edd2fe42a9464bd270d675d3f8400091,2026-09-04T11:23:28Z,2026-09-04-33867681672
2026-08-31,43772d7b622b4a23a7ea968a138e839605d895e953eda56ff0196fbd58e3cc00,2026-09-04T11:23:28Z,2026-09-04-33867681672
2026-08-31,44a0b44eeea5cdeaf85bc9faf9e06f10071e176a2b2c6f7d70413fafea977b19,2026-09-04T11:23:28Z,2026-09-04-33867681672
2026-08-31,44c2ea828f91b42a3cda572498558eb5e3daf4b2f5943dc4e2ad71778e63cb57,2026-09-04T11:23:28Z,2026-09-04-33867681672
2026-08-31,44ca0815ae3f8ef85c0c23aa63f902ea794e8a4e298d804ba2f73b40be181222,2026-09-04T11:23:28Z,2026-09-04-33867681672
2026-08-31,453ef6de9cb5fdb83256a6d44589a5a0c2fc56eed46be2bb25eca4e827e99750,2026-09-04T11:23:28Z,2026-09-04-33867681672
2026-08-31,456e09282680b0ca00a5a3154ea88e1f33ce4431b65bd58ddb908dd6992cb7d6,2026-09-04T11:23:28Z,2026-09-04-33867681672
2026-08-31,457a822b7f21cd2be3c8bfaa23b549b3b26811bbf9ceae5411414dc4feb250ef,2026-09-04T11:23:28Z,2026-09-04-33867681672
2026-08-31,457c207de73fa9c903ad20522da4ee47057be5e09e5bc4fe56d3af6fca8285f2,2026-09-04T11:23:28Z,2026-09-04-33867681672
2026-08-31,458a58b4b9618034deb5bc157b777ea3acadc39f9645037e6553b4b0f8f31a75,2026-09-04T11:23:28Z,2026-09-04-33867681672
2026-08-31,4611169f23034bc31467b01e7e3e5e342b7859a8c8e1b922b8fbc40401423f34,2026-09-04T11:23:28Z,2026-09-04-33867681672
2026-08-31,462246892b8c406733b576ddc19fa68afc59212525bf81bbd8970a507e25cf04,2026-09-04T11:23:28Z,2026-09-04-33867681672
2026-08-31,46d8f3bc8816ef09824d66a7c24d33f460bfe91ba4372177fba0ac585808b22c,2026-09-04T11:23:28Z,2026-09-04-33867681672
2026-08-31,46f9db92b62f6cbe39094ebf996f6aaaafdc02e922d41c92556e0a89f3b9f82e,2026-09-04T11:23:28Z,2026-09-04-33867681672
2026-08-31,473bab956ede88bca8fb63940045fe6b55fbe798103a4347a17e60ab805bd8cf,2026-09-04T11:23:28Z,2026-09-04-33867681672
2026-08-31,476abd48959e7f0ce126da373fc2ceee5d08433d030bbe0f2c1093c60decb194,2026-09-04T11:23:28Z,2026-09-04-33867681672
2026-08-31,47991435e7ff967f5d965200718c0f7cca92e3f337b201690a9b99a5f341e59a,2026-09-04T11:23:28Z,2026-09-04-33867681672
2026-08-31,481e1c83030a0002254977989d25d8343787d382fce2b09b7d9964679507e5b4,2026-09-04T11:23:28Z,2026-09-04-33867681672
2026-08-31,485138ba8d68726d5330761efbe9034398447079035ec5ebf5dbd989c817b735,2026-09-04T11:23:28Z,2026-09-04-33867681672
2026-08-31,48a386a414303675dd3c0f4a70fe5a86ba713851c8cb2a15f15a5fa0ae8e2afa,2026-09-04T11:23:28Z,2026-09-04-33867681672
2026-08-31,4a7550df9cf20b4187d6a4359f13178029dfe6746c1522c44f439d3967f2048f,2026-09-04T11:23:28Z,2026-09-04-33867681672
2026-08-31,4abf1007d742fe24d1ba6991ba01f3aeab98fcb2559eebf7eef923a22f593fd9,2026-09-04T11:23:28Z,2026-09-04-33867681672
2026-08-31,4b2320092706b93bb4040cae3d9b2737c1b273cd9b2ba9b5836d154e5df61d35,2026-09-04T11:23:28Z,2026-09-04-33867681672
2026-08-31,4b3dd5c7597b1e469ec6da64b0bbdbe6b2311de37606d4f38bf1c16b1510c996,2026-09-04T11:23:28Z,2026-09-04-33867681672
2026-08-31,4c570380d7ab8c932e575eb6c9256210312735de80c26eee6ce22b12bc9fe1fd,2026-09-04T11:23:28Z,2026-09-04-33867681672
2026-08-31,4cbc47eb7044b9ac480312f8f0324ed4910f56a986e0546888333dc78bc9bfda,2026-09-04T11:23:28Z,2026-09-04-33867681672
2026-08-31,4d217929e9599e7910432afe47d555acdcfb3514f56880c284acd6aa075bedf8,2026-09-04T11:23:28Z,2026-09-04-33867681672
2026-08-31,4d669cea36ce622aa3123867a55778bdcabc8b1bc5c8d23ba56e7dd73516d56d,2026-09-04T11:23:28Z,2026-09-04-33867681672
2026-08-31,4d67faa6a07a6085aa434533104367be11fc51aba214d71531a53b0f535280a4,2026-09-04T11:23:28Z,2026-09-04-33867681672
2026-08-31,4e5cd8c01b022ca215f136434ae5008d30084f63be87680f2d369626f7bebcb6,2026-09-04T11:23:28Z,2026-09-04-33867681672
2026-08-31,4e8995d1900d65569d6c2774c717266b1102d402da8685669af5de4312d53364,2026-09-04T11:23:28Z,2026-09-04-33867681672
2026-08-31,4ea1f6af0d9fd53c93ac9dbf6c2947176126c7d7e395269281ce11406cfb16aa,2026-09-04T11:23:28Z,2026-09-04-33867681672
2026-08-31,4f1ac6bcfa6ac9e247a43003e3ee1ec55b56b56c17ed7f6cd132931bbbafda88,2026-09-04T11:23:28Z,2026-09-04-33867681672
2026-08-31,4feca6ba42a6437c9129a50b1662778cebb30ad3df909386e13e61cff078c277,2026-09-04T11:23:28Z,2026-09-04-33867681672
2026-08-31,4ff3a36348c576e4b5bea8630897d183b37640d639bfa2e1c8e6c7216ed4ffd6,2026-09-04T11:23:28Z,2026-09-04-33867681672
2026-08-31,50178a3cee22f75c1fff45040e77480ac9ed07f80b2286638e44108159aa599a,2026-09-04T11:23:28Z,2026-09-04-33867681672
2026-08-31,5050308f1bd0f11fc388729fd6228a3deb87e9cb2a75993859a047217f1913df,2026-09-04T11:23:28Z,2026-09-04-33867681672
2026-08-31,506342f225fb2902641a1f8b529dc8d9d256b752d436398a604661b6651f7998,2026-09-04T11:23:28Z,2026-09-04-33867681672
2026-08-31,50a0afe3c2fafcf817a3181b37fce4f3bb3f389c1ef7596827e4a5f7c327dbe7,2026-09-04T11:23:28Z,2026-09-04-33867681672
2026-08-31,50ab38250a588ee2812c22b53afe9f9857f3badf5106bc8a43f37f7c5e4c1d04,2026-09-04T11:23:28Z,2026-09-04-33867681672
2026-08-31,5104cd7ad55a77131b488cd1f567151215cdd7040472618efca9f77437a0eb3d,2026-09-04T11:23:28Z,2026-09-04-33867681672
2026-08-31,5120e51ed9376dda01ac283537ab00ef807c72e30845bb7991fc61764ad9737f,2026-09-04T11:23:28Z,2026-09-04-33867681672
2026-08-31,514936f8adfe6ea818e2455d134dc349d7fb58738a1a9828511308ddbf7f1cbd,2026-09-04T11:23:28Z,2026-09-04-33867681672
2026-08-31,5180e78ffbc5c7e169cf96afce3f37d7ca8ba92583ae4b0ac6a32c49b17de9e3,2026-09-04T11:23:28Z,2026-09-04-33867681672
2026-08-31,5200f9cad83cc1b65951f39dcb117867e40137f195bf1e2de886b43592d886de,2026-09-04T11:23:28Z,2026-09-04-33867681672
2026-08-31,52b0c8a27c398d11d676b1a6ed0a36e3df39f2ca34ddacd35f28fdafe6f4d76b,2026-09-04T11:23:28Z,2026-09-04-33867681672
2026-08-31,530472bd91febf38cebf17d415ae3e63a372d78cfaaf95e6784ae54f9c166801,2026-09-04T11:23:28Z,2026-09-04-33867681672
2026-08-31,537326534ca99197b153e18482af4cd62a6a5bf84f8eedcf0129759a63d460e9,2026-09-04T11:23:28Z,2026-09-04-33867681672
2026-08-31,55003187fdcb0a6178c7c06788e19731e38a633c52c7df9ad757dbbdfe666c72,2026-09-04T11:23:28Z,2026-09-04-33867681672
2026-08-31,554e0b303a618fc280abb5d811cc4c4d0bef3f28e074c5759542176be8b36fe1,2026-09-04T11:23:28Z,2026-09-04-33867681672
2026-08-31,5564fc27c57bb42cfd9250b9794993bde428bd64c4a5923f6e14d1c6c4538dc1,2026-09-04T11:23:28Z,2026-09-04-33867681672
2026-08-31,558083c27f1393d336e8eb63c9debf5e5f99a696c165b8f267be88e5bd87ac0a,2026-09-04T11:23:28Z,2026-09-04-33867681672
2026-08-31,5584730a23e917fb76f56dd6a39cb40371488417d0fd6c205c090e1c622cef60,2026-09-04T11:23:28Z,2026-09-04-33867681672
2026-08-31,56d420e7bf16133de43c4ef7905baecdb3a6ff4b062595f564e516ab3d1f88de,2026-09-04T11:23:28Z,2026-09-04-33867681672
2026-08-31,579ae7403e907fc8e20580a9cdc017c8dd7280f5400016acf89270ce29facdc6,2026-09-04T11:23:28Z,2026-09-04-33867681672
2026-08-31,57a7c6bf88ea760de1726051203a6dbe7d8968db109723570c075bffb5109253,2026-09-04T11:23:28Z,2026-09-04-33867681672
2026-08-31,57e9ae356b44a539a52b61d2728ac530f580242f70823c6be4579bea5b12a31f,2026-09-04T11:23:28Z,2026-09-04-33867681672
2026-08-31,584f706faa331c0163e044eddacc89dc90a876bf3d4b9d36a645061af97a9a87,2026-09-04T11:23:28Z,2026-09-04-33867681672
2026-08-31,588a9dfb709156be0d777955f3f73c676fba9fc2ca3f66cc0f9e193dca0a836d,2026-09-04T11:23:28Z,2026-09-04-33867681672
2026-08-31,58ae6c64c2ccec221c15f3d517681dc3689bbeb2ee3f3793c25f197aaa7ea022,2026-09-04T11:23:28Z,2026-09-04-33867681672
2026-08-31,58ee83a68f89aca522e5c2164f7712219166f1dcfc5f74c65e58f7fd7e83e170,2026-09-04T11:23:28Z,2026-09-04-33867681672
2026-08-31,59534b59195748a4983a86e6b79309e46b331c29bcb5b8bb32ca393d6e9615e6,2026-09-04T11:23:28Z,2026-09-04-33867681672
2026-08-31,5a5c64b4588590a723e411fb2949bdf24334c437dc5359266efbe7a4c35580af,2026-09-04T11:23:28Z,2026-09-04-33867681672
2026-08-31,5b2972c9da09c3d9947d227898aa0fb5a0b55d4fff432a5be0d1de4ddea2bc5d,2026-09-04T11:23:28Z,2026-09-04-33867681672
2026-08-31,5b410388405cf63217b12da6ae94c8e86d31808f21aad72485bd72845be259a8,2026-09-04T11:23:28Z,2026-09-04-33867681672
2026-08-31,5bb160ebd8b487604b82ef3e17815925ca1c283372c72487afcb28884d8d5c77,2026-09-04T11:23:28Z,2026-09-04-33867681672
2026-08-31,5bcaf96fac7bd3ff450eb7b789d173da2ea3d6549d187ece54515d425402dd9f,2026-09-04T11:23:28Z,2026-09-04-33867681672
2026-08-31,5be3b230be0c79affcb5ed9a373d5f60efd7b1bdb2a82a3c031c793de6465d77,2026-09-04T11:23:28Z,2026-09-04-33867681672
2026-08-31,5cb657d36d64a2ce9daa2952055cab5ebfb35e6f93dc77726fe4fa3f71c38947,2026-09-04T11:23:28Z,2026-09-04-33867681672
2026-08-31,5cc825a588bb89289cb7aef61bf6affe3cb16bc95460bf4b38c15b739ea45efd,2026-09-04T11:23:28Z,2026-09-04-33867681672
2026-08-31,5ce3da0c1c93f123e8fb2f5648701031761ff3e21a3deffb732983d7ac65b587,2026-09-04T11:23:28Z,2026-09-04-33867681672
2026-08-31,5d1bb4d114587025aae56f4a2ba45aa8572449889ffb76e18ccc49172b5b46e9,2026-09-04T11:23:28Z,2026-09-04-33867681672
2026-08-31,5d1e624a3fb7c5dea5d5693aab4f695b12d946d174d16ada78c73b4e53029796,2026-09-04T11:23:28Z,2026-09-04-33867681672
2026-08-31,5d707d5bca202211bfde8dc61d6dc4932c34b5e5e765510929a3f3b45df00a8a,2026-09-04T11:23:28Z,2026-09-04-33867681672
2026-08-31,5e0ead5a648fd5b808db9a63c359e15263de4d9ec365c265775ef2c5b6ebcf5f,2026-09-04T11:23:28Z,2026-09-04-33867681672
2026-08-31,607ca69db7821b94b7c8a4cb54a8f82b5c966f82e99575c09d91566a605ecb39,2026-09-04T11:23:28Z,2026-09-04-33867681672
2026-08-31,60e2d2efa3fee9c67e22ae293aadc7ef002c3cb3b570c05b56bf401a6fe5be64,2026-09-04T11:23:28Z,2026-09-04-33867681672
2026-08-31,61e67e0e147de37cad99a6a96c56dd502ac115f12e3cc69e802968dc7f46a337,2026-09-04T11:23:28Z,2026-09-04-33867681672
2026-08-31,62a054998c3bbacc7590a7f4013278ecda19ee656a378d32572bfa32648916fb,2026-09-04T11:23:28Z,2026-09-04-33867681672
2026-08-31,62cc05ad27530282651b32e1758ba1751d6e923ecdffe32848676e64fb855b9c,2026-09-04T11:23:28Z,2026-09-04-33867681672
2026-08-31,6313e154e393d3d79165ab4ab2e86d7e79fd1b9f7020abec4e6e2cb42809d69c,2026-09-04T11:23:28Z,2026-09-04-33867681672
2026-08-31,6319ff0e2c99ff33b057968f86b29db4f822b21ea452bddd73dd1804be1796ae,2026-09-04T11:23:28Z,2026-09-04-33867681672
2026-08-31,6328e76b494ca40a62f0ae3e6992c11d44a4adbe0c498cc3f19d95e8d853a0cb,2026-09-04T11:23:28Z,2026-09-04-33867681672
2026-08-31,634617f11666ecc27c79b7095eac99f4d7eb5e227244ea4ae58dc71cfd6473fb,2026-09-04T11:23:28Z,2026-09-04-33867681672
2026-08-31,6350170057da371455f48c9811521fc69ffb5f75d68125856a21311fb950f582,2026-09-04T11:23:28Z,2026-09-04-33867681672
2026-08-31,6374305c69fe49aeb8256f7c5d3603963f740a7dac827918081960a4b1ab08d2,2026-09-04T11:23:28Z,2026-09-04-33867681672
2026-08-31,63cec3a7e5643b62de9f6bc8e36021713ff25d7afba658c6820d71d43c488d48,2026-09-04T11:23:28Z,2026-09-04-33867681672
2026-08-31,63eddb866c3a3892577506d2fc057285708d01fae22562992ceae68a27867e44,2026-09-04T11:23:28Z,2026-09-04-33867681672
2026-08-31,63f2876cc5de736148f5404d1ba0c59b3d28439679ac33596e2bc922dd091822,2026-09-04T11:23:28Z,2026-09-04-33867681672
2026-08-31,641366aa60b11fe9783d7a0334ab899a51c429ab62e53fbfb8c4a9a91a9f88ea,2026-09-04T11:23:28Z,2026-09-04-33867681672
2026-08-31,643f97fa090020b9cf94f3e0d08b3f8d2d9d62fd170c75bafa8c4c3ddb53d7eb,2026-09-04T11:23:28Z,2026-09-04-33867681672
2026-08-31,644990a988a66af5e46b36e632d15c55bf92d5a865ca4f87ac5e18f07ca95e4d,2026-09-04T11:23:28Z,2026-09-04-33867681672
2026-08-31,6482d0a239136efc086d1fe6df6b5a2c7dd2e4dc70e8e181ecf5c7d15412f9c4,2026-09-04T11:23:28Z,2026-09-04-33867681672
2026-08-31,6496db5055cbd123ae68824c563478f45c6e5e7f82a439c8e27092f7714d4030,2026-09-04T11:23:28Z,2026-09-04-33867681672
2026-08-31,64b59aff39fc06ad14e8a4b9507c29512f7b3b5b5e9c2468203d0aa81a59ee75,2026-09-04T11:23:28Z,2026-09-04-33867681672
2026-08-31,6517ca6b6758d00ea7586666d861d4d358eca18fa4e3306fc9bd881be09a2394,2026-09-04T11:23:28Z,2026-09-04-33867681672
2026-08-31,654b0475849230a89022811ae63aacd6ea1150cecc23c229d2f1685b7ae3d132,2026-09-04T11:23:28Z,2026-09-04-33867681672
2026-08-31,665448d42f78e46e1e76524f9b023f91df352d9f1e664660c0594888cca4a72b,2026-09-04T11:23:28Z,2026-09-04-33867681672
2026-08-31,66b97663457cd89b02f286a1d288ab47ab7986a820372aa0121dcc058f1835a5,2026-09-04T11:23:28Z,2026-09-04-33867681672
2026-08-31,66d58115cbed1d1ae0ca307546dc1953556bb3439195f4a0829ca7eba44eed9c,2026-09-04T11:23:28Z,2026-09-04-33867681672
2026-08-31,6784ab57ace84a7e8bf25b7f18ae51b8702ea89500073d2261043a27a0c0757c,2026-09-04T11:23:28Z,2026-09-04-33867681672
2026-08-31,67d7c1e736a52dce52accc6534ec06f3178c498836d3f2adca36263823cad4d9,2026-09-04T11:23:28Z,2026-09-04-33867681672
2026-08-31,688468a8ca5c10801c46fa4db4e8900022ec5b17fa2d158942a7e997e87dff2b,2026-09-04T11:23:28Z,2026-09-04-33867681672
2026-08-31,6887bd5630b9ede1e7a09c7068090481f11623b419819067f37069807ec88699,2026-09-04T11:23:28Z,2026-09-04-33867681672
2026-08-31,691af35bd19e9d49384b5007387eee5c02cd4ba1e56e34e8b19d919a27c34e1c,2026-09-04T11:23:28Z,2026-09-04-33867681672
2026-08-31,693cf690109b76f8ab7a85905f93219e51fa750fade958ffb791313195ff87e4,2026-09-04T11:23:28Z,2026-09-04-33867681672
2026-08-31,69d29d5366120b461666940bf54e63820988e622942c8c9839c954f0f2cf83ca,2026-09-04T11:23:28Z,2026-09-04-33867681672
2026-08-31,6a03cf9ffe62731dbdc483273abe4575676e46ba0c3bcca595dfb2772a0ee14e,2026-09-04T11:23:28Z,2026-09-04-33867681672
2026-08-31,6a064acf933e02ecae292bcb2b6ac57f2595cd99665a9ced79594621424baa84,2026-09-04T11:23:28Z,2026-09-04-33867681672
2026-08-31,6a2551d109ec88552b05e18ec57dfb6c7b674c6f0472b78b193d1ee60267d04c,2026-09-04T11:23:28Z,2026-09-04-33867681672
2026-08-31,6a2797b219c6b1627155bcbff4bf612d9f40bb8665b66eaa3e0115b1d984cd62,2026-09-04T11:23:28Z,2026-09-04-33867681672
2026-08-31,6a28188a7ff15b9a245e57e7188b74c451a2a0d66c15e56d155cb17772f7dc0a,2026-09-04T11:23:28Z,2026-09-04-33867681672
2026-08-31,6a831fdd7ef00ec0cee23bd4114ebc517e52112c1d24acd584b4ec2cfbf4f0f7,2026-09-04T11:23:28Z,2026-09-04-33867681672
2026-08-31,6a90270e855fb2f0ff158833f9ff5b5de77929a9d55d43bb03ad567ec29a01ae,2026-09-04T11:23:28Z,2026-09-04-33867681672
2026-08-31,6ad42e7084977882a4b753d775946ee29f29da76659cf755888bb818a421b51d,2026-09-04T11:23:28Z,2026-09-04-33867681672
2026-08-31,6b0af32d3eab33a55e2fef9ea475286d96e48a12cd4cc17adc3617d3499deed7,2026-09-04T11:23:28Z,2026-09-04-33867681672
2026-08-31,6b8c5a4d1331aded54f65eff2299593f374ac2ce21295cce0459feb6005711ee,2026-09-04T11:23:28Z,2026-09-04-33867681672
2026-08-31,6b9053720fd282c93958349a48dac50cdec4941ca6c8d1e3ea8ebceef7fdcdf5,2026-09-04T11:23:28Z,2026-09-04-33867681672
2026-08-31,6b97b99eb19235b4ffccd1410250ae1082c433241825eb8a6f5353075fae21f9,2026-09-04T11:23:28Z,2026-09-04-33867681672
2026-08-31,6c3097d5c86f14102d666c14833fc036231eccd14af116e419a576f1558b92b3,2026-09-04T11:23:28Z,2026-09-04-33867681672
2026-08-31,6c62386223b95c524ed89b5769737ed698ecb3de2754ca2f91683e98b2a181f4,2026-09-04T11:23:28Z,2026-09-04-33867681672
2026-08-31,6c6cfde22bc7ed0bc2c0909392974614f76754e7d0113e504e6a90c3e91837d5,2026-09-04T11:23:28Z,2026-09-04-33867681672
2026-08-31,6d08412ba0e3c487f09aecedf0f40f3f287ea49ff734a4db4e782f7ea1558e86,2026-09-04T11:23:28Z,2026-09-04-33867681672
2026-08-31,6db61858c11b59b9b46c793b8ad3aa6c69393e0e3143a53f9c9b8aeea9a54fbc,2026-09-04T11:23:28Z,2026-09-04-33867681672
2026-08-31,6dee60ddfce8c204d089cf270e507c9fa58118682c75f8d9b5768f8b95fd936e,2026-09-04T11:23:28Z,2026-09-04-33867681672
2026-08-31,6eb956c7acafcd2dc58bcd4b15d292c03eab0a071792aeb8be11afd502052564,2026-09-04T11:23:28Z,2026-09-04-33867681672
2026-08-31,6fe3ab866821ed38d474036b103e25a602e35c680656a8c249bf2ed719a64ef4,2026-09-04T11:23:28Z,2026-09-04-33867681672
2026-08-31,7023cce6c0f23ecd64e542c0a1e2845e45fbeda90a8a52ee73140f147e5a4dd8,2026-09-04T11:23:28Z,2026-09-04-33867681672
2026-08-31,70520244da74f4012fc7a8346d279249cc166f26d4050c7b4931ede753d88df0,2026-09-04T11:23:28Z,2026-09-04-33867681672
2026-08-31,7073275862b21e701227b9d881b46ad216fa0e83af3f649a653617d77f38b4ca,2026-09-04T11:23:28Z,2026-09-04-33867681672
2026-08-31,70fb8414545dd74725a41c59e96459c3a27d292e098e7f14f390249877106b53,2026-09-04T11:23:28Z,2026-09-04-33867681672
2026-08-31,7141ccf0d65c1df07889a444ac111c6fbe347fb58d71f62d6b83f5fc4fbca200,2026-09-04T11:23:28Z,2026-09-04-33867681672
2026-08-31,7154e0b5b1d4dfa9f788dec2298d66cdf80e695a3478b7247417293c8715674f,2026-09-04T11:23:28Z,2026-09-04-33867681672
2026-08-31,71b516514437e305fb5a1924c078b60fd5fd3741e341b30e9e3e6adaa4508c4e,2026-09-04T11:23:28Z,2026-09-04-33867681672
2026-08-31,72b1ff97403ad661b5f8f5273bc6fcf51d25c2ce7aaaaf11f6ad1f4ea87ba094,2026-09-04T11:23:28Z,2026-09-04-33867681672
2026-08-31,73814703913d33aa36b961f1115569163a638ba19c31afbd7d00bc45a1c6062b,2026-09-04T11:23:28Z,2026-09-04-33867681672
2026-08-31,7383e107e3f563d8573a02326bed91e9b446ff07506e91bc1cf05fde4770cbf9,2026-09-04T11:23:28Z,2026-09-04-33867681672
2026-08-31,73948176b95c48aac35687fc30f2c4f8fd56e88fe66f6157719e40a62fc6f3a0,2026-09-04T11:23:28Z,2026-09-04-33867681672
2026-08-31,73cb510029065bed4a0c8bcabfe8672288973b4c8d452fadb30c3d3e53ad1f45,2026-09-04T11:23:28Z,2026-09-04-33867681672
2026-08-31,73cbe289b9576171c142669856ec199683de5a8810e41f81f7c66f4a020c7131,2026-09-04T11:23:28Z,2026-09-04-33867681672
2026-08-31,74457a777efdf42b48b867fb835e7018b7977b42ab1060bfb93e8769614e097a,2026-09-04T11:23:28Z,2026-09-04-33867681672
2026-08-31,74b0324103decf6027d612fdf0782fa3e80a376ee32ba6e6866e301f8f14cdbb,2026-09-04T11:23:28Z,2026-09-04-33867681672
2026-08-31,753b962619cd1bfefcefe66fea07d7c568bf9d2e782bb79fc02e0be8e60b9549,2026-09-04T11:23:28Z,2026-09-04-33867681672
2026-08-31,75666572f7ed5a0c219563f9a0311c77d78f006f649799dc86304037b51e4694,2026-09-04T11:23:28Z,2026-09-04-33867681672
2026-08-31,75c1c7ab76bdbc02d6549157689681f26b12532b8847a9d43bf386263a869d51,2026-09-04T11:23:28Z,2026-09-04-33867681672
2026-08-31,761674afc6454c4fc8dfc7dd884baa2b0b05d18e0c80583d8ec8df1c4576c49b,2026-09-04T11:23:28Z,2026-09-04-33867681672
2026-08-31,766b569145ad5cc493ec1b72f9777f647415099abccc06a4f4a693fa56e9fa1a,2026-09-04T11:23:28Z,2026-09-04-33867681672
2026-08-31,767d38f3cbd25af8376df021b0178e8d518e29b8288cb8bb42ce9f02fb29e1b2,2026-09-04T11:23:28Z,2026-09-04-33867681672
2026-08-31,7749b931a97919fa39f77a880012cc5e47fe1dd945ca9af863ebfcc6e17a206d,2026-09-04T11:23:28Z,2026-09-04-33867681672
2026-08-31,7793c41d29757fa384ae8c330e5d446f21845ef718001e5c1372c24409d2b7eb,2026-09-04T11:23:28Z,2026-09-04-33867681672
2026-08-31,77bd176dcbd950139bd3a2d33026a068d68a82c6cad13f564da72ee4edc7fa17,2026-09-04T11:23:28Z,2026-09-04-33867681672
2026-08-31,77cbf4018ff8a2cd674e2d8693d2e4687791c0f9ed850489af2796b779062678,2026-09-04T11:23:28Z,2026-09-04-33867681672
2026-08-31,789ecb429057ab923a7180b957f1a0536f17d53ac02d8f56493485792a72e765,2026-09-04T11:23:28Z,2026-09-04-33867681672
2026-08-31,78c00a58ce9781ff28ebad4a26421071d9af729f4f68094a3468f295bf7025b6,2026-09-04T11:23:28Z,2026-09-04-33867681672
2026-08-31,7933f3aabe2f2384613d1e3b749e8b3840fe824662ec99f7eb7060167d49d878,2026-09-04T11:23:28Z,2026-09-04-33867681672
2026-08-31,7a0586b04571f46b0e804acfdf7b4bd9146368768c51e87e78f475a26ae8d639,2026-09-04T11:23:28Z,2026-09-04-33867681672
2026-08-31,7b5508cbb3887d007c714480e0207d4637103c76b865767603bad6660e213479,2026-09-04T11:23:28Z,2026-09-04-33867681672
2026-08-31,7b62e05def7c5ac869c576bda265f928b8d6524db3a64dd528c6d01d18b21d9b,2026-09-04T11:23:28Z,2026-09-04-33867681672
2026-08-31,7b700e8077b07c37f8d53a825d2dcc706730505f02f62276a99d9172fe43b416,2026-09-04T11:23:28Z,2026-09-04-33867681672
2026-08-31,7b9d494c6e46e87f4f96069ea7f972295f015fc5646270bf41ed8c786c0aa124,2026-09-04T11:23:28Z,2026-09-04-33867681672
2026-08-31,7c2ffc4000e1744ed9e6dcdafd4f08f5d1204941c6f01db7ace6f5976cd4e3d0,2026-09-04T11:23:28Z,2026-09-04-33867681672
2026-08-31,7c4d5f9cf6671480ac409a3fc6ba319dbc9aef93cf466589059bab8ccf0d4df2,2026-09-04T11:23:28Z,2026-09-04-33867681672
2026-08-31,7d4026e0ce1666eda68b99fa657826f3acb025d056d7d0e0db7cbbf41a3a2071,2026-09-04T11:23:28Z,2026-09-04-33867681672
2026-08-31,7d71d5dda6d52dc88b23bffc20bfd8e10ebdf4ad2b174ab7d923c618dc889f76,2026-09-04T11:23:28Z,2026-09-04-33867681672
2026-08-31,7dc9878fbdf9eea413995daf4cb211fc2e4a762b54c61bd000f8d10a74537f15,2026-09-04T11:23:28Z,2026-09-04-33867681672
2026-08-31,7de03c727cee68be65b6cfcc0a7fa19f3f9c157ccfedd698314226f84d59b895,2026-09-04T11:23:28Z,2026-09-04-33867681672
2026-08-31,7e5552ad1f4da3f08cd39467c6f8ca84de28b3f0dcb6f313bf42fb5a281e4610,2026-09-04T11:23:28Z,2026-09-04-33867681672
2026-08-31,7ef4b317b766269b5795c4cd49ef8bc95be632c8e2740c357aa1e7b85e33bc7a,2026-09-04T11:23:28Z,2026-09-04-33867681672
2026-08-31,7ef8c15e0878c0b5b9ff16aeccd25eae8155b8ef2aabd08633b76e4f0cc548c2,2026-09-04T11:23:28Z,2026-09-04-33867681672
2026-08-31,7ff29dd18042d7c8a4e7b3854b79a7c0dfaf30a4f676be52d019b2841d8cae97,2026-09-04T11:23:28Z,2026-09-04-33867681672
2026-08-31,8015ba8788049d477d1af7e942d06624a926068e62029c2cd8c7f7caf75a560a,2026-09-04T11:23:28Z,2026-09-04-33867681672
2026-08-31,80bcc8da8c3f9d519e541b345183784d723edc637eb52550a5f73ad6c30c67f5,2026-09-04T11:23:28Z,2026-09-04-33867681672
2026-08-31,8101af9bd16f3d6657ecb0921948408897a1c16cca4e64f1b844bc9d0adaa186,2026-09-04T11:23:28Z,2026-09-04-33867681672
2026-08-31,81fe981c6a0313a141a21a5e5348ac5eb28e31146908ba8860f561cf389a74c2,2026-09-04T11:23:28Z,2026-09-04-33867681672
2026-08-31,8247e92b723df4d60b1e31232d899915d76f4a6431be5dfae2e870a64825f3b3,2026-09-04T11:23:28Z,2026-09-04-33867681672
2026-08-31,82770327900ae73e117d7136a9b935bdabf11436416322d6210a82870e662fa2,2026-09-04T11:23:28Z,2026-09-04-33867681672
2026-08-31,82f477c534cd1b60a0763d769431863af0022822df25519abf31c1d22d8b3454,2026-09-04T11:23:28Z,2026-09-04-33867681672
2026-08-31,83e5b77a4af829fa2861c30128fd69fbba72d5e90a0a6af34dfa9764c03d2d0c,2026-09-04T11:23:28Z,2026-09-04-33867681672
2026-08-31,855f627a68046438c0abc6c34ad575fa663ab711ffa916a3a32d4d88257a73b6,2026-09-04T11:23:28Z,2026-09-04-33867681672
2026-08-31,860ab7e7698261a24557a4d68025ddab8bb8735efd2922c1dbb99a7c2071f209,2026-09-04T11:23:28Z,2026-09-04-33867681672
2026-08-31,86800df449428e6d7ee7660402e0acef873bce0839923ff06c134c2ad233a6c1,2026-09-04T11:23:28Z,2026-09-04-33867681672
2026-08-31,8680e96d41d05658a82cf5990d92208d426f22c31ef4427ec0523b9c8066fac8,2026-09-04T11:23:28Z,2026-09-04-33867681672
2026-08-31,86b366c9be750cbd80533da084729870ba33d825a8a88cb1c2b1aeaf34f34590,2026-09-04T11:23:28Z,2026-09-04-33867681672
2026-08-31,86dc9efef2164b33d57d18230ef99dc0620f19af83aaddb700c324e44289c9dd,2026-09-04T11:23:28Z,2026-09-04-33867681672
2026-08-31,86f2ac729eb4f7acdca2e2fccff2dcce188c781ba0375af71b5257f6557f8e7c,2026-09-04T11:23:28Z,2026-09-04-33867681672
2026-08-31,879fa3deafc1e12fada417fc6846592ef4b5bdeb0abd4eb4ce65cc4599ec8b42,2026-09-04T11:23:28Z,2026-09-04-33867681672
2026-08-31,880ad3641377781c44cce52fbd3a465588389cb07b6d151f65b47deee002b982,2026-09-04T11:23:28Z,2026-09-04-33867681672
2026-08-31,884359d737bd58f4472d76a28ef4fefbdb3c6f9104f04b576f1ec621988bf8f8,2026-09-04T11:23:28Z,2026-09-04-33867681672
2026-08-31,886a4523dccab4bf4d3ba426f644080b0e630958cf206575559ea47c51dae800,2026-09-04T11:23:28Z,2026-09-04-33867681672
2026-08-31,88887c6e9fbdbab4cfe1292a9d7b6b2164af0ba83a7707a86a2428bf5d7a7008,2026-09-04T11:23:28Z,2026-09-04-33867681672
2026-08-31,88e2a8c57bdc3dfb2901824066d8d2babba898e2e4f0bdc9682277bfa9502fd2,2026-09-04T11:23:28Z,2026-09-04-33867681672
2026-08-31,88e42491a84d73b8d6cf0cf2f002560b9e28506c8852a06df2b2179923f108c0,2026-09-04T11:23:28Z,2026-09-04-33867681672
2026-08-31,88e7e55080657d33b9b6dafea82c654f63b3370214d04b21710ca70db8259a32,2026-09-04T11:23:28Z,2026-09-04-33867681672
2026-08-31,89b5ec34d125e6586ce94a38831046e6c9b8ee9e531e02c0d95151776b983ed6,2026-09-04T11:23:28Z,2026-09-04-33867681672
2026-08-31,89c5e9e88934e642fb30e89c8603cb7301fa59651b951d2e42868335ae6795a5,2026-09-04T11:23:28Z,2026-09-04-33867681672
2026-08-31,8a1f0c4b0a6996043bc509b88fcd5ccd3da4e2cfba7cc5e57649786769fa561d,2026-09-04T11:23:28Z,2026-09-04-33867681672
2026-08-31,8a3fe148a773b3674f5dcf1dc1a3ceb25736498fc3ae2d2c14cae905a40d0aeb,2026-09-04T11:23:28Z,2026-09-04-33867681672
2026-08-31,8a7ed66b4f3c43357960627e7394ca03f4f42b4418d913557b7ab2e74eaa1ac9,2026-09-04T11:23:28Z,2026-09-04-33867681672
2026-08-31,8ae26f02f55fa946fd662b0ca40b87a2fd6254a3c7ad013b16a9638d314f36b5,2026-09-04T11:23:28Z,2026-09-04-33867681672
2026-08-31,8b2816e0515205214bb3d43490008076a613017b515c3a6a9ea6b858cff2197d,2026-09-04T11:23:28Z,2026-09-04-33867681672
2026-08-31,8bace22dccec049d510bd51a2b93f4c0aaccec9b84e511279cd9f37cb6eb6d04,2026-09-04T11:23:28Z,2026-09-04-33867681672
2026-08-31,8bb0849259c6e23793ff779c9859a1172adcaf61209b693c874952bd42bfb580,2026-09-04T11:23:28Z,2026-09-04-33867681672
2026-08-31,8bbcbc438da917ef8ecccf0a00fa14433b9afec334271deea7b917e6de6ebbe6,2026-09-04T11:23:28Z,2026-09-04-33867681672
2026-08-31,8bd70a501494cfd23c0171882db23ce41a5310b792a50a82fd48f8d2ad2ee125,2026-09-04T11:23:28Z,2026-09-04-33867681672
2026-08-31,8bd9552ea538dc8d79642027853b9da31d1374fbf02b942af8699263824d49c6,2026-09-04T11:23:28Z,2026-09-04-33867681672
2026-08-31,8bdbb6aef713899a995cc1c88f63ea775adb0dd0b7ea18b040843fd88d203d8f,2026-09-04T11:23:28Z,2026-09-04-33867681672
2026-08-31,8bf2bd242da8f2b0aa26a3b5510584b3d88a47c11853e055c8087709796535d5,2026-09-04T11:23:28Z,2026-09-04-33867681672
2026-08-31,8cbba448d57a8e1a37744f536ad0d17bf1698f545b405132a2ce0fee47090dc5,2026-09-04T11:23:28Z,2026-09-04-33867681672
2026-08-31,8d218faa7033acb0d19e27e78df0fb8ff243aa7342fe5817a47e739de50743ce,2026-09-04T11:23:28Z,2026-09-04-33867681672
2026-08-31,8d3097398cdb850665e5bd8a355358d957f752bacfb0f3ce29def291efe6a82b,2026-09-04T11:23:28Z,2026-09-04-33867681672
2026-08-31,8d434b85ec14fb374dbc52e365fa94863b6d87842a325ba5c9e15c45cd0a995b,2026-09-04T11:23:28Z,2026-09-04-33867681672
2026-08-31,8d67c6b73e12b240e30a673680be60f77eae37c8992f6750d4581f25e1e96377,2026-09-04T11:23:28Z,2026-09-04-33867681672
2026-08-31,8d908d3cf04fabf1ac80cf810c29c1892c38ee0a5fbf27c5db84c6b0a003787e,2026-09-04T11:23:28Z,2026-09-04-33867681672
2026-08-31,8dda8ba57fb20657bdba2e18ca5f38750bec8633c0fb65fb54987988f4d9e496,2026-09-04T11:23:28Z,2026-09-04-33867681672
2026-08-31,8e6c9d89a489d46e8077098ce915fb4d1fc433097ebfce4f303bc573705c8ba4,2026-09-04T11:23:28Z,2026-09-04-33867681672
2026-08-31,8e8ce05ee39c5cdfc1bfb68f35b26c1805a1a71cf87f8fd161d713079cc32edf,2026-09-04T11:23:28Z,2026-09-04-33867681672
2026-08-31,8ed0da026cc32e29527931d9c298f69e11004c650f009a5835ad5478e27f710c,2026-09-04T11:23:28Z,2026-09-04-33867681672
2026-08-31,8f2a1d715f3294298705e74c89d4eb42cde671ecd2daeba966536747488afed5,2026-09-04T11:23:28Z,2026-09-04-33867681672
2026-08-31,8f6afa8d884283949d6298d6f6463a4073854f2a73309ff204bc55fb927b3fc0,2026-09-04T11:23:28Z,2026-09-04-33867681672
2026-08-31,906dc6872c415a4ca047b17a581a7ace732478b83e0e1b21c6fa547a4491a7c6,2026-09-04T11:23:28Z,2026-09-04-33867681672
2026-08-31,90e659bed959d761042c97e353b379a240d10c5ec7a8983dfc5866565a208601,2026-09-04T11:23:28Z,2026-09-04-33867681672
2026-08-31,916ec0a0901c84b12e82c936919b981aa0838049e0d2c8c13db1167a16a6b167,2026-09-04T11:23:28Z,2026-09-04-33867681672
2026-08-31,9196a5db6ed6122997ab32d582d9fb91e9389b2a0aee9ec23157e2ddb1401f26,2026-09-04T11:23:28Z,2026-09-04-33867681672
2026-08-31,91de637f54cec1ea252b0c3cd65b25ff950d16c33ead84b775e91e84c2f98b94,2026-09-04T11:23:28Z,2026-09-04-33867681672
2026-08-31,929442d578b11557988e8b0f9e745f071ab4f335e03c013a791731e09813ed59,2026-09-04T11:23:28Z,2026-09-04-33867681672
2026-08-31,9309c91f4ef8b8b16aefafd2b67a37d9d5cd833804f290f434c30fac76689349,2026-09-04T11:23:28Z,2026-09-04-33867681672
2026-08-31,93a7612d073d71d1c3f90dee61da67b445617d1821d1fccdcb9b4f795dc9ac7b,2026-09-04T11:23:28Z,2026-09-04-33867681672
2026-08-31,9421079ca2088442f11f342f3007a7c5019bc94da9839f74a7a9df1e4e6961d5,2026-09-04T11:23:28Z,2026-09-04-33867681672
2026-08-31,942e784deadff4ded97f207075c586b29c92e955efd4e58c9c715ab4348e6446,2026-09-04T11:23:28Z,2026-09-04-33867681672
2026-08-31,94592f2989fceb841aa8ac9e49f0b5427571647eda7ebaa6ba8f357166d0c9f1,2026-09-04T11:23:28Z,2026-09-04-33867681672
2026-08-31,94d50ccad3fdaa04e9bce4d7ceebf3f1646fe78b10878adea13d140e710e1da5,2026-09-04T11:23:28Z,2026-09-04-33867681672
2026-08-31,951d9273187066952a609d0f7f2197e1b3c3c90a6d69f5c517f7c1c84c6999e7,2026-09-04T11:23:28Z,2026-09-04-33867681672
2026-08-31,959da1cc53573ec7efdacb97bded0a903cb30494871c5c90d907abf532270524,2026-09-04T11:23:28Z,2026-09-04-33867681672
2026-08-31,95a02e58b28b77a0e0d63cd6ef5ab1b2ff42c4142902e9914def2325f4a290b9,2026-09-04T11:23:28Z,2026-09-04-33867681672
2026-08-31,95a6d5068a0841a7bd6dd4fe8687cb2e31084bf692aed7c646d1f1c79aea35b5,2026-09-04T11:23:28Z,2026-09-04-33867681672
2026-08-31,95d67d34766f3c6a985e1e1308286e1c00b0583668a617af061da25c288da348,2026-09-04T11:23:28Z,2026-09-04-33867681672
2026-08-31,962a7c025a5db6d453807f3c62652aca014673d9406a6b8f5e27ebaac11ed636,2026-09-04T11:23:28Z,2026-09-04-33867681672
2026-08-31,9666a335c320556a2abf9e0348dd6906b756733f17f8db4f713d1ae730c95f27,2026-09-04T11:23:28Z,2026-09-04-33867681672
2026-08-31,96c80c4d303a80e355d6ae85d2840ad4c2448655653f55930fd376e690acd5b1,2026-09-04T11:23:28Z,2026-09-04-33867681672
2026-08-31,96e7f7b0563d31f0bab72ff8077d3a215eea9a41050d165623b1d863aeeabb45,2026-09-04T11:23:28Z,2026-09-04-33867681672
2026-08-31,972f8047399945a7b87dea9763e4f28f8d0e581b3effbd8e8b7e75be40a5bf81,2026-09-04T11:23:28Z,2026-09-04-33867681672
2026-08-31,97b4af5c2741661969ad2155ba16096b3b88c0585a159c513e73de814929fb4f,2026-09-04T11:23:28Z,2026-09-04-33867681672
2026-08-31,97e92519b28e6d1c525e2ef5d1499b8086b1dcd02f354c108901c54e92c5dae0,2026-09-04T11:23:28Z,2026-09-04-33867681672
2026-08-31,98185292dcfed9931c16b49b0fbdb83840ff5740b16f469a127720b704b45c76,2026-09-04T11:23:28Z,2026-09-04-33867681672
2026-08-31,9932f4ec53fb0a69dd7f7d81491a7bf5ee5ac8294dc2c66ab4f465dd9124a75d,2026-09-04T11:23:28Z,2026-09-04-33867681672
2026-08-31,998a1577d9dcf2393fb0b37f949ec256276394faaa59aa96ce5857cab2a02483,2026-09-04T11:23:28Z,2026-09-04-33867681672
2026-08-31,999e2576c80dd0ada87c41f34d9f1b24e3493e4390e316515ed0be3e877de83b,2026-09-04T11:23:28Z,2026-09-04-33867681672
2026-08-31,99b162e73ed62e9f8683051b600823e941f1e0a41155a2a39d1e851d98ce082e,2026-09-04T11:23:28Z,2026-09-04-33867681672
2026-08-31,9a3ebf52c24fbd34ab4dc8c18c70299c140341c782d6ac982ddc01c2f0cffad6,2026-09-04T11:23:28Z,2026-09-04-33867681672
2026-08-31,9b3303fe236cc5f367b4bd19ebf5d1897c24126f66ab162cc55ce14e7ee7d1da,2026-09-04T11:23:28Z,2026-09-04-33867681672
2026-08-31,9b3ed16e74a4b723ca5dc890eafc6e1a01354055af6d3fe3fc715ec32708e14d,2026-09-04T11:23:28Z,2026-09-04-33867681672
2026-08-31,9b5d06cafb669a47ffa9f30de31b07c6174e4e7f73ccd08ddae093d62a3ae9c4,2026-09-04T11:23:28Z,2026-09-04-33867681672
2026-08-31,9b89935e35520a7c9889ae9c4a4cc6d531a8cf3141b407adb0f7143a6ee7fac7,2026-09-04T11:23:28Z,2026-09-04-33867681672
2026-08-31,9bc74075f9718518b5df462eb13d37a26c4c6fad45e2d9acfa112dd226316e79,2026-09-04T11:23:28Z,2026-09-04-33867681672
2026-08-31,9c24b3dabf23f0cbe7168a415b43f0fca9b62f20067ec39b7fa0285e90ff7bd3,2026-09-04T11:23:28Z,2026-09-04-33867681672
2026-08-31,9c989cc5e5ad47acc1beefe8ee518011fbc239dfed271b8205cf4df5ff08da2c,2026-09-04T11:23:28Z,2026-09-04-33867681672
2026-08-31,9caaaa9dd5cf1c1411c23cca5677c4c86e83b1fe59072a36b98178ec0401238f,2026-09-04T11:23:28Z,2026-09-04-33867681672
2026-08-31,9cb1d84f66eb3837a188ccab18f4b5da5b2b7df64b139daaf8b1f3f25c3a8c22,2026-09-04T11:23:28Z,2026-09-04-33867681672
2026-08-31,9cbe6f3855b55acf6acdee363317910b2502686174b9046383f9793b9d8b8a3c,2026-09-04T11:23:28Z,2026-09-04-33867681672
2026-08-31,9d2efd501ba9d8ea401e49679d1078ad7de6f0034728b4fdf4ebe634bd480339,2026-09-04T11:23:28Z,2026-09-04-33867681672
2026-08-31,9d3272efff654d257a368e3efb732c7974455c23f202e8555814c144f76fde5c,2026-09-04T11:23:28Z,2026-09-04-33867681672
2026-08-31,9d57dc26c00fdcd98760300246c71185aa93fb01fbf8737fd5532b6c9173b886,2026-09-04T11:23:28Z,2026-09-04-33867681672
2026-08-31,9e2870afbf0e77c1e981e1f9274612f38cf08358315b2b767667996a12b82d51,2026-09-04T11:23:28Z,2026-09-04-33867681672
2026-08-31,9e5afdb56c577b5f588a8d719ce268dd23b8252fe1cd2ad137116bcc68faa9c1,2026-09-04T11:23:28Z,2026-09-04-33867681672
2026-08-31,9ec606a0111fe5bf7a6368f72f980d3505e9ef350deb06a2d5269a15683f036a,2026-09-04T11:23:28Z,2026-09-04-33867681672
2026-08-31,9f20ab3163b9ee97eb2732114646f47c6c81ba249ad34655665201113afb7e45,2026-09-04T11:23:28Z,2026-09-04-33867681672
2026-08-31,9f9d2b9206b427943eb2e6794b90bdafc423765cb6156583eba180bfdceed64d,2026-09-04T11:23:28Z,2026-09-04-33867681672
2026-08-31,9fa09c09f6d2fd79b50159528d006092300d09f2ffa386f580bdc143b28781fd,2026-09-04T11:23:28Z,2026-09-04-33867681672
2026-08-31,a005d4d9742f1675b51b45607b0f48e1b651bcfe650357709658c5ef943c0be1,2026-09-04T11:23:28Z,2026-09-04-33867681672
2026-08-31,a080648c1ffae59adf23b8d05ea6b7ff0a977615db5fb1704d259c60bec7f423,2026-09-04T11:23:28Z,2026-09-04-33867681672
2026-08-31,a0a9d24a6d4f293465da39999e87283de35dbac47ef4205512867b99020058b3,2026-09-04T11:23:28Z,2026-09-04-33867681672
2026-08-31,a1b62c60514cae0f0ca2b59c9e64f202b47d029eec4b8e0bda04cae8a11954f9,2026-09-04T11:23:28Z,2026-09-04-33867681672
2026-08-31,a1bde09f5d7f58c75cad8fe5c14c5a150f0e7a5f9a1ee148c66a77e7928e57ba,2026-09-04T11:23:28Z,2026-09-04-33867681672
2026-08-31,a1d8bead3f358eb599ac8f6518abfa2abb6e0636c752212d544fe7d8ea26235e,2026-09-04T11:23:28Z,2026-09-04-33867681672
2026-08-31,a25a207f60fd08b474f085685450c7b503c4b7dca00a80b0a410882212890550,2026-09-04T11:23:28Z,2026-09-04-33867681672
2026-08-31,a3571e941d948d0cf04a1665202efe139411f199e113ef02b4e63f656eeafb1d,2026-09-04T11:23:28Z,2026-09-04-33867681672
2026-08-31,a454655bc5e043223a7ecb19f878ce8686b22fbd48b27bddc0ca8189a3895f32,2026-09-04T11:23:28Z,2026-09-04-33867681672
2026-08-31,a45f3724372c694f61ee6001a3409377e96e8b12908cfb3874339bb9ba65ec55,2026-09-04T11:23:28Z,2026-09-04-33867681672
2026-08-31,a4924993457075e7674c95f601fcfcb109b8bfe3e073e547e83db9187c8f0174,2026-09-04T11:23:28Z,2026-09-04-33867681672
2026-08-31,a51cf768bd8c12bb1590e9a00e094cf807ffc723d80b028fb254e23754a32d7e,2026-09-04T11:23:28Z,2026-09-04-33867681672
2026-08-31,a52576c9bd413972ecd0644ca094e89cb95dd2440e812a45680a9de03ebfde7b,2026-09-04T11:23:28Z,2026-09-04-33867681672
2026-08-31,a5dcc7c6a011a24581bd73c21e00636933e47e86a16cbf07ced560073f6cd332,2026-09-04T11:23:28Z,2026-09-04-33867681672
2026-08-31,a5e5bfd5e69b1a4f8e0de1b4be830d78c5f4c97958a9d92a948840911b0b44bc,2026-09-04T11:23:28Z,2026-09-04-33867681672
2026-08-31,a662a26f2bea3c011be70296997572245d7089398b5f47ab6bc9072f8add52d4,2026-09-04T11:23:28Z,2026-09-04-33867681672
2026-08-31,a6906f157b57eea6d1b52af0fe52aa33a05f06e57804dbeef668e1601ff18147,2026-09-04T11:23:28Z,2026-09-04-33867681672
2026-08-31,a6b57b547dac3f78866e9b7e097cb7395b62d29b38bdc907e7eb3a97dcbdf52e,2026-09-04T11:23:28Z,2026-09-04-33867681672
2026-08-31,a6e6656ce0a8b3ef56882a59d83ad26cefc0ad46c6c39b8625d375a96bacbd8d,2026-09-04T11:23:28Z,2026-09-04-33867681672
2026-08-31,a6fead6c7b9c7ba8360992fb712ce03eff62ab83c1e6669efbaec7c1b1c12805,2026-09-04T11:23:28Z,2026-09-04-33867681672
2026-08-31,a72adb337f96dd343d83d45d6b0fda30da6c46354b11b9e7186063690141a485,2026-09-04T11:23:28Z,2026-09-04-33867681672
2026-08-31,a7cd38f26a1096897acf35661bb3ab61eec5fe85aa1d76b244a67ab0c1352321,2026-09-04T11:23:28Z,2026-09-04-33867681672
2026-08-31,a80864ad49b8a28120cb17328112bfc232d41138f990ccb155a5e33424145603,2026-09-04T11:23:28Z,2026-09-04-33867681672
2026-08-31,a89876a2bc7620de89b8cfe0b27d752dcf8ae0c22fed5831c91882279f5abfcf,2026-09-04T11:23:28Z,2026-09-04-33867681672
2026-08-31,a8c6682ae64c0eaa36a64b15f89eb7a5856610ba46f499d47fa97a36805f0576,2026-09-04T11:23:28Z,2026-09-04-33867681672
2026-08-31,a98116578faa37ac8f773527a7fcef557827e646fd2229f5c2d806074e4dfde6,2026-09-04T11:23:28Z,2026-09-04-33867681672
2026-08-31,a99b7393a0ae52d80c8baf7e4585fc81b88af354a943ad3dedb992b631eb413e,2026-09-04T11:23:28Z,2026-09-04-33867681672
2026-08-31,a9b8220c69ed5014c62f8cff7700d2ee61f2f7b8208ddc96a2e7a08edc77ef4e,2026-09-04T11:23:28Z,2026-09-04-33867681672
2026-08-31,a9e521d7ad61d674199baa0292dd36a63f27e99752e67570279020fab4961e2e,2026-09-04T11:23:28Z,2026-09-04-33867681672
2026-08-31,a9eb302c676d9d2dfd10492f9a7472bddf6b73433ccb04c974266342c1117958,2026-09-04T11:23:28Z,2026-09-04-33867681672
2026-08-31,aa382feed9404a88ab480c837434c6460bb794ff053c19095ab18c6cddc5e454,2026-09-04T11:23:28Z,2026-09-04-33867681672
2026-08-31,aa7cec244bfc71231f92dc30eab7338ad36dd20933af19e11a067294cb9651c8,2026-09-04T11:23:28Z,2026-09-04-33867681672
2026-08-31,aabfa275c1656bd39e95c421bafbab465069d9bf71f3225f1688b09873d22139,2026-09-04T11:23:28Z,2026-09-04-33867681672
2026-08-31,aacb7e06ef92e10897718d596557a68337826b93bc7588cec20346db3d3a2fb8,2026-09-04T11:23:28Z,2026-09-04-33867681672
2026-08-31,aacd8b81e4656e39b6b980d07f9468b73a0c7328a5042040fbef0cb2918248d5,2026-09-04T11:23:28Z,2026-09-04-33867681672
2026-08-31,ab5be9153b4c96e489848d530dc6299eb947b0e33fb8a8f42c68acae9e4b764d,2026-09-04T11:23:28Z,2026-09-04-33867681672
2026-08-31,abceae83a1ae7c8417eb4533eedcd4fffa9989b4203dadf7d379571f7ce3b9fb,2026-09-04T11:23:28Z,2026-09-04-33867681672
2026-08-31,abceb55cbea75b995ea81a8f29e4fb3ea2d20801b9f444a0c172d0aa6f67c448,2026-09-04T11:23:28Z,2026-09-04-33867681672
2026-08-31,acaa58f5e507113b7b7f1ad3f334e04275f52e0a352c7291d44c9460078da631,2026-09-04T11:23:28Z,2026-09-04-33867681672
2026-08-31,ace2c0cb2ccb2daedd129e2e04fe72053d3489c65699b252e7bd06ae36072931,2026-09-04T11:23:28Z,2026-09-04-33867681672
2026-08-31,ad0f2b9ffb95be00bba13ffd80fb6588d1465861a63e5d965488f3b55cd6e6b6,2026-09-04T11:23:28Z,2026-09-04-33867681672
2026-08-31,ad8388e0de08f46769a3f74325ab65433c3c824811156b45975e90ee0fc20563,2026-09-04T11:23:28Z,2026-09-04-33867681672
2026-08-31,adc3eb354ca0d75f787546c55ce80483420364344b3e5877fd4f26d7e2c3e44a,2026-09-04T11:23:28Z,2026-09-04-33867681672
2026-08-31,ae31e5c0b1a2d2350ec761527a7c23e32c76cbdda997f7835f0f9b9481a35938,2026-09-04T11:23:28Z,2026-09-04-33867681672
2026-08-31,ae99aaa22d86a88dfc186130b777062753375c627b56ee0ec0894a8b9b006e6a,2026-09-04T11:23:28Z,2026-09-04-33867681672
2026-08-31,aeb1b60fa759bc935c605ebf361533d918b01e6067b89770ef4acc8d2a3cebac,2026-09-04T11:23:28Z,2026-09-04-33867681672
2026-08-31,af1b0789ce93e9c867bc692d809e1fb6fa201906c321dd6827391dc04d8b4631,2026-09-04T11:23:28Z,2026-09-04-33867681672
2026-08-31,af429f339a259133de04f9962844a544678e0ce2eea05563891e1d0af5426e8b,2026-09-04T11:23:28Z,2026-09-04-33867681672
2026-08-31,af5fbedac85c0bb9bca6dce8181ccb3ea9507f6747fad1181d17c95ef77e6cb5,2026-09-04T11:23:28Z,2026-09-04-33867681672
2026-08-31,af908d9fce80ba3b29f0608414c5707ed778d3397da30cef9f090f26a86de348,2026-09-04T11:23:28Z,2026-09-04-33867681672
2026-08-31,afa20606fe19944c4135eb8afa4758774ca1b1e65cdea1051f47f393083ef58e,2026-09-04T11:23:28Z,2026-09-04-33867681672
2026-08-31,aff3456e18ee74a478dc6d4a7ca90dadd5d03104530793d9cbe1cd1fd84e4578,2026-09-04T11:23:28Z,2026-09-04-33867681672
2026-08-31,b064179bd74289afbead117ef1e682f1f13ace981893d3591c661d3aa43e1ab1,2026-09-04T11:23:28Z,2026-09-04-33867681672
2026-08-31,b07176e98711da998011b6bfff7e32442e2ee2bb5f477f88bb472df0160f50e7,2026-09-04T11:23:28Z,2026-09-04-33867681672
2026-08-31,b0bac8dd4001bfbd5b14c0d9443205a008a0a5d14dd6284ed6604de2cea68ad9,2026-09-04T11:23:28Z,2026-09-04-33867681672
2026-08-31,b117ba7927b64bdf4798630dd8125f82f56ab8d6997b69cb3863306a02be6d50,2026-09-04T11:23:28Z,2026-09-04-33867681672
2026-08-31,b16364f57f6ece8334f79e86b531c501248d0896872b0f94f8ddc898f9148ac5,2026-09-04T11:23:28Z,2026-09-04-33867681672
2026-08-31,b1c1df729787eb31d4289adab58e317596910f979ec79e8eb231b6b13d4f2f7e,2026-09-04T11:23:28Z,2026-09-04-33867681672
2026-08-31,b242c0a3f22a42b781e5ba4474e41955f014415a200ad1c34eb25fecf3f5d46e,2026-09-04T11:23:28Z,2026-09-04-33867681672
2026-08-31,b25988e064b0bd162ed3cda4e75602ec32cde57acce18344429c076bdbb59d59,2026-09-04T11:23:28Z,2026-09-04-33867681672
2026-08-31,b29deb2b798bdb03ea7692a43ab762277847620d561a2797ac570d8b73bb681e,2026-09-04T11:23:28Z,2026-09-04-33867681672
2026-08-31,b2cdfd59691354f0d28d3b9024be0aea7043787df59f838277951afe0bb2443b,2026-09-04T11:23:28Z,2026-09-04-33867681672
2026-08-31,b2fa195f1c72d0b89036db058295d2cf2c9897a85028c6c95cacca9b9350f2d4,2026-09-04T11:23:28Z,2026-09-04-33867681672
2026-08-31,b34d66ac463c95fd19286e1792aca9700352f1efc6f9805069d350470a528386,2026-09-04T11:23:28Z,2026-09-04-33867681672
2026-08-31,b351c9c0ae4005ef32f77f7a779f3f71e166245a683ae9c76ea42f06e3beef6a,2026-09-04T11:23:28Z,2026-09-04-33867681672
2026-08-31,b3e306b83466c1158101532faacbdf7ee73faff9698b0eb5c70057809fd4428c,2026-09-04T11:23:28Z,2026-09-04-33867681672
2026-08-31,b402df5b517010969f899c92596820294c2af166ac5dbad6ff61c5268121a344,2026-09-04T11:23:28Z,2026-09-04-33867681672
2026-08-31,b4a61e4fbf6ffb32d3ae037a3ad3187238992c65f80c12cbe508e9c53c30c4cb,2026-09-04T11:23:28Z,2026-09-04-33867681672
2026-08-31,b4e6ba7bdd095c883c6978974b15c42da1e466a7abee2f478ed3020ae4da4717,2026-09-04T11:23:28Z,2026-09-04-33867681672
2026-08-31,b4ff8528f58e7661d6022aedf9305412c1ef8923050ce69d5dc38fae185dd5c7,2026-09-04T11:23:28Z,2026-09-04-33867681672
2026-08-31,b5513694d35870a8ba4e46e16812051504b33431250fea7914a97aefb1e438ae,2026-09-04T11:23:28Z,2026-09-04-33867681672
2026-08-31,b58b8508f731752da34857aab04c8f7caf1e546fe1619ff8c4b3833d93a2cb31,2026-09-04T11:23:28Z,2026-09-04-33867681672
2026-08-31,b592a165e26a7e5a22488d978c3994a52938f1a9afdf6cba0caad1ee2403f115,2026-09-04T11:23:28Z,2026-09-04-33867681672
2026-08-31,b5b163138a91b5d3a0daa78a1a5f19c448caaa6da5e124f12ea3df95935a2cc6,2026-09-04T11:23:28Z,2026-09-04-33867681672
2026-08-31,b61ee42bf4384bc8687f22f082019353dc8374229e4218a5a161c479dae2809d,2026-09-04T11:23:28Z,2026-09-04-33867681672
2026-08-31,b7056be9db08699d05a91b7b6dae25cf7ea039ba0c64433f282294efca698828,2026-09-04T11:23:28Z,2026-09-04-33867681672
2026-08-31,b72434cda4e1df8a0860e1c2f71f6515622de37472c09a720ca23e6ce7c04371,2026-09-04T11:23:28Z,2026-09-04-33867681672
2026-08-31,b7b44fd121609b318c674475b49bb2e1830c7124a6a22d05ddbf899b914c7904,2026-09-04T11:23:28Z,2026-09-04-33867681672
2026-08-31,b87715637960f911ba203f542ee0cc830aba8686fc15aeac3c31ef54310fb0ab,2026-09-04T11:23:28Z,2026-09-04-33867681672
2026-08-31,b8a6cfa0653d4577336452319f94cc1a5648735254bdc4da03430d6ad9312d23,2026-09-04T11:23:28Z,2026-09-04-33867681672
2026-08-31,b90c8c278733a070e3c6d6e20f71e4160bcba0965c067ee3930a110f970e1003,2026-09-04T11:23:28Z,2026-09-04-33867681672
2026-08-31,b9897e2d1882d54ed3b65f7a161f6ef322ae64f43338e7d859b15ad654ce9b7c,2026-09-04T11:23:28Z,2026-09-04-33867681672
2026-08-31,ba378d32f341dfc3600ce5d1d96ef954e2d01e1ab5fefc21978258a4a58966cc,2026-09-04T11:23:28Z,2026-09-04-33867681672
2026-08-31,ba6ced11c5772c43a91780394c5b825940f8c8b70e85aed8ec5561f2b6e3b818,2026-09-04T11:23:28Z,2026-09-04-33867681672
2026-08-31,baadc1bd3dd3e2a8b5b519c1a732965d4f49ba3589a8c454fa00623f7d3b0d95,2026-09-04T11:23:28Z,2026-09-04-33867681672
2026-08-31,bab2c47213458bb4e3bf3be2c2150d34e4f1723d82a5c22fc318cd3a2238e157,2026-09-04T11:23:28Z,2026-09-04-33867681672
2026-08-31,badc74d98cd7d380d532f5312992bfbb9532e9c27887d53a2baa1586f7ccc1a7,2026-09-04T11:23:28Z,2026-09-04-33867681672
2026-08-31,baea8c590e4d67b7b99e09fa6246698ad61a50b35224218d60146cbc71300a18,2026-09-04T11:23:28Z,2026-09-04-33867681672
2026-08-31,bb44039917407a54f77d7e986290db50b567dc84a0c7f6a9a65bdefc071afa2b,2026-09-04T11:23:28Z,2026-09-04-33867681672
2026-08-31,bc0d12738e140409c00220d27b07801b60dfdceef109fe83d196f1b115afafa0,2026-09-04T11:23:28Z,2026-09-04-33867681672
2026-08-31,bc753775a634eec49e8bcd2bd5fa65227636032f72d863ece9fd9881d232431c,2026-09-04T11:23:28Z,2026-09-04-33867681672
2026-08-31,bc80bf476896df4ef5dd1db7f67999148612c5195f80c5bb52d27fae12ac65d5,2026-09-04T11:23:28Z,2026-09-04-33867681672
2026-08-31,bca8f0995d1a68be8116ac0224f6c75ddb0810126a896fc04b2551a7fd2dbc85,2026-09-04T11:23:28Z,2026-09-04-33867681672
2026-08-31,bce397ecfeda0444a84f1da7e879cbea4ec180c1f91aa24382b7b1b024abb9f4,2026-09-04T11:23:28Z,2026-09-04-33867681672
2026-08-31,bce8807941a014828c4f2ca048d0ba7954e743dbffc513c5a71d121958621d18,2026-09-04T11:23:28Z,2026-09-04-33867681672
2026-08-31,bdf1d4687c5d992198c17c3424c2cdd6dd4c33045378b9e5ee875b4949b548af,2026-09-04T11:23:28Z,2026-09-04-33867681672
2026-08-31,beac7251b9b34e601a50e86e289378b1952cd465a9dab62f55fac42b75898ca7,2026-09-04T11:23:28Z,2026-09-04-33867681672
2026-08-31,bedee5c1e0120387ed175bce0727da1108df1e2afa96ccf2664a9d2bee1564da,2026-09-04T11:23:28Z,2026-09-04-33867681672
2026-08-31,bf756802f47460d429bf2db2c338752264e052dec5284bb0510d896136186cf4,2026-09-04T11:23:28Z,2026-09-04-33867681672
2026-08-31,c0849275efbede7c4f32801f80751ea0b8e8ede9180b2ee8fb4876fd2bbe4794,2026-09-04T11:23:28Z,2026-09-04-33867681672
2026-08-31,c084d46b24c9862b3c27ac30b3fac43278401be78865169516fa1b8bedec26b9,2026-09-04T11:23:28Z,2026-09-04-33867681672
2026-08-31,c08d0d00c8c6215b946781d17393573866b48255bb1aa63fd012d9b270823b8f,2026-09-04T11:23:28Z,2026-09-04-33867681672
2026-08-31,c0b8a492d2da1f03eb3aaaea49427e5a9caa0211a4b4cfa8508d750e606f16e9,2026-09-04T11:23:28Z,2026-09-04-33867681672
2026-08-31,c12d346dc8cb6f06a9ab0de5b282c9f0b74644faaec8de3b3df6503aa5d297e4,2026-09-04T11:23:28Z,2026-09-04-33867681672
2026-08-31,c1f56a2eeac36e147d9f61fa4fe6b6f9887e0079cde456dc13caac02d6340c47,2026-09-04T11:23:28Z,2026-09-04-33867681672
2026-08-31,c236001bc71bbbdd307d9fb2ff9882f4f22bca6526c7a2f20fed10f7b404852d,2026-09-04T11:23:28Z,2026-09-04-33867681672
2026-08-31,c2532f391c990a2d07428a0b8fae1b42fc7601dc37f1df508835bbba0ddb8625,2026-09-04T11:23:28Z,2026-09-04-33867681672
2026-08-31,c25a5ad021a95df87ebc5222d035aa428e7e3860f30bdf7c4d5396fbdc1bada5,2026-09-04T11:23:28Z,2026-09-04-33867681672
2026-08-31,c277adbd2c45ddf0c8f63cf232f3bcd1d11e6b3e5d36c3af3a0e32dd53f50059,2026-09-04T11:23:28Z,2026-09-04-33867681672
2026-08-31,c2a277971d9ded81765e2b95e808a5f122918c9050ead9b44a02ae3c88ef2508,2026-09-04T11:23:28Z,2026-09-04-33867681672
2026-08-31,c31d1028d0bcf2b5359214ac1a88b909a7eb8d9682e95c5d7899b429cca75a07,2026-09-04T11:23:28Z,2026-09-04-33867681672
2026-08-31,c335ba71e20b5fc455aaf759e0a72cb71550d2911ee0ed0a726cd03657457d76,2026-09-04T11:23:28Z,2026-09-04-33867681672
2026-08-31,c33af70f3830a082df2ee89580f62c47676b38367ca9e4877c798e3ea621b6f1,2026-09-04T11:23:28Z,2026-09-04-33867681672
2026-08-31,c3fe6e614c7960812e9c7ef98dc8c1d775055bb5dfa136e334cb03f93f27058d,2026-09-04T11:23:28Z,2026-09-04-33867681672
2026-08-31,c406363a4af56d4fe9984f557ae5d7b31c934d9f04b4dae651d11464b3444311,2026-09-04T11:23:28Z,2026-09-04-33867681672
2026-08-31,c4155da847724498d55d8f6d19c38a34ccabaa027315016bc4c941bac4f131fe,2026-09-04T11:23:28Z,2026-09-04-33867681672
2026-08-31,c45eb8ed5340dcbc9e68bcd592619f5354ca22fe9113f66331046a4180cbb37a,2026-09-04T11:23:28Z,2026-09-04-33867681672
2026-08-31,c4683f6570ac48204ed6c9754b211120982eaf60a14e099f225c45d7eda78da1,2026-09-04T11:23:28Z,2026-09-04-33867681672
2026-08-31,c4785efe9c1450f5c689d0b93d748984ec182cc8eeadcfdcb9d8ced77e5739ed,2026-09-04T11:23:28Z,2026-09-04-33867681672
2026-08-31,c4abce78dcb88d7cfcee2bc9e56492ed8bd86ae805c3f86a009aa4eb12f6c86b,2026-09-04T11:23:28Z,2026-09-04-33867681672
2026-08-31,c4caa41702503da0e458ca8495a9815882a28091cdcb5b5e8557057c402dd20f,2026-09-04T11:23:28Z,2026-09-04-33867681672
2026-08-31,c50acd1c4fde6fd6ef24a840d8bc8ba86d43c942ae46b2b38aeecaa313fbc95c,2026-09-04T11:23:28Z,2026-09-04-33867681672
2026-08-31,c534cf542947e7a0603352cbd61b23e94b90680495b30641ee013fbed62570e1,2026-09-04T11:23:28Z,2026-09-04-33867681672
2026-08-31,c54c84e3e7743a715ad5344a77f2b638b4383fba51bfa47c3e6c32cf9ed6a6c0,2026-09-04T11:23:28Z,2026-09-04-33867681672
2026-08-31,c558b6614be6a6f625abf0d2880886e6cba4aaa9770011f9a4ff11b15f7ae46f,2026-09-04T11:23:28Z,2026-09-04-33867681672
2026-08-31,c592d578d64776b958e890093a05a525a675eed862acd534f5bf6f23b49ac878,2026-09-04T11:23:28Z,2026-09-04-33867681672
2026-08-31,c6934863a4c8ab2a941e41f4e9708f1d099aecc7ccc3bfae2e123d09e187f821,2026-09-04T11:23:28Z,2026-09-04-33867681672
2026-08-31,c7e527f0c68d9325c7b35274eaefc7f632b1dad022c3cd718045708636ad2fd8,2026-09-04T11:23:28Z,2026-09-04-33867681672
2026-08-31,c806a396dfdee9f1b0ef1e5f06de9e6dd9f7cc9c068d6a241d923866b7e08959,2026-09-04T11:23:28Z,2026-09-04-33867681672
2026-08-31,c8b6830df1afd54c33dad1ae1c67534c43d0460602e07322680b9b7ce185294e,2026-09-04T11:23:28Z,2026-09-04-33867681672
2026-08-31,c8c5a886a3bdfca7343ac345df98623d3fdf878946ba4e4c1aedf3390f1eb070,2026-09-04T11:23:28Z,2026-09-04-33867681672
2026-08-31,c9118a49f4629548e69fd1bc13a6f6e9356a15980d3efd5e04c175c4f2384789,2026-09-04T11:23:28Z,2026-09-04-33867681672
2026-08-31,c93a6c362e011003edde6f6569c235e577789555923ff0d9caa9966ad9c8d9c2,2026-09-04T11:23:28Z,2026-09-04-33867681672
2026-08-31,c9cd549d4eac1a0b4ab84c95a62655e3eee85b912176688ceb0d2f564f40e297,2026-09-04T11:23:28Z,2026-09-04-33867681672
2026-08-31,ca221ece5276b92a29e79a9fbc665dbd482b4da085ede702fcee6f70f3a0f6be,2026-09-04T11:23:28Z,2026-09-04-33867681672
2026-08-31,ca5d9aa1ba5d42e94382dafd830527bf55d14f66359ecc717cc57106807cf674,2026-09-04T11:23:28Z,2026-09-04-33867681672
2026-08-31,ca5e5d42cc622eb6d3b893404345f1bc81c52f5b2a08b6b6a1cb0cf750c63f87,2026-09-04T11:23:28Z,2026-09-04-33867681672
2026-08-31,ca6b55df9f9e26ece7ffcc06b317a2a4fd1c8a2c01a4410ffbac2aad67b4cff0,2026-09-04T11:23:28Z,2026-09-04-33867681672
2026-08-31,ca7ca0de441017dbaedf08aca4406b6a3e6c42c285d0bffa44f5ed78b3b4d9a7,2026-09-04T11:23:28Z,2026-09-04-33867681672
2026-08-31,caeaf3249464e47c8ade5bfa4687cac66f45dbc412a8c881f40b4da97d0ff147,2026-09-04T11:23:28Z,2026-09-04-33867681672
2026-08-31,cb67ae616be0c16d7a68831a6cf700862d5a4f44b19f59e8a875410a8a007ef6,2026-09-04T11:23:28Z,2026-09-04-33867681672
2026-08-31,cbb4f8b1179686b34574df0774833801dd51823fa373dcfaaec27d51e75b69b5,2026-09-04T11:23:28Z,2026-09-04-33867681672
2026-08-31,cc01dee4d01d00d4a07e1601657e895f6dfff25c8d1323fed690cc246e3f57f6,2026-09-04T11:23:28Z,2026-09-04-33867681672
2026-08-31,cc13a52670517a5110b3fbb50ecb4d056d4479cb257a12cc4839eccdebba3f22,2026-09-04T11:23:28Z,2026-09-04-33867681672
2026-08-31,cc4a5b4262e9291553a7c5a957a67a8e270f9f45c2bad2bb8199a0879c02f8f0,2026-09-04T11:23:28Z,2026-09-04-33867681672
2026-08-31,cceb03072d8ecd0dea48d46f8a1bd4d9738b3c5e2564eed436166d2fe042c984,2026-09-04T11:23:28Z,2026-09-04-33867681672
2026-08-31,cd1f1656391a13caf19d91c12672adf65f2d3c2d7ae43e3b90ec8697e91af549,2026-09-04T11:23:28Z,2026-09-04-33867681672
2026-08-31,cd6f8d1d6bd350198d429a4abbc9042010766e467316c36043948ee893464348,2026-09-04T11:23:28Z,2026-09-04-33867681672
2026-08-31,cdb7599f5b5b70fd122393943de5ba5366dc21efa36f342ef86f6d30d4a7565e,2026-09-04T11:23:28Z,2026-09-04-33867681672
2026-08-31,ce0843c0756f5782661efd12aad50d38820a314346809f4928290951e843f9e6,2026-09-04T11:23:28Z,2026-09-04-33867681672
2026-08-31,ce11ab7a102a8345c39d4e99d6c94156d67da0dd84d701b6ea792c7f94989529,2026-09-04T11:23:28Z,2026-09-04-33867681672
2026-08-31,ce1c121d18e8f745cc237eff893f909863383d033e8f105c84e46239dd02345d,2026-09-04T11:23:28Z,2026-09-04-33867681672
2026-08-31,ce2f2b4267279ee9e4fde53c4a17f47808082a45c6e76da25bab81e7e70e8fc4,2026-09-04T11:23:28Z,2026-09-04-33867681672
2026-08-31,cf3c952fd464832931b0d732a35b47a65bfb1f00f3537446df7141385287a5b3,2026-09-04T11:23:28Z,2026-09-04-33867681672
2026-08-31,cf415875207960878f91a67c5536026c1ea489b3f105531228389c709da786f0,2026-09-04T11:23:28Z,2026-09-04-33867681672
2026-08-31,cf4cf54d9c7dc7debfb3e0abfd497bb21a77c64ac89011430208d6481571f0c6,2026-09-04T11:23:28Z,2026-09-04-33867681672
2026-08-31,cfd470b93db4042dbd1c3ae833ef987713facaf9ce7b26f768d78384ca88cde6,2026-09-04T11:23:28Z,2026-09-04-33867681672
2026-08-31,d04c9eb14c2c8d7384410bdea23314217476614619201f024801f7deca7f3cba,2026-09-04T11:23:28Z,2026-09-04-33867681672
2026-08-31,d0bb5f86724d57b0bf399c3c9ea83d8dddf5290e0955b02314c92684fb06e6e7,2026-09-04T11:23:28Z,2026-09-04-33867681672
2026-08-31,d16735ffa5f4a45de1196fdb5e32d0e2141d6f2d90c8a1e7bf57651a78ba52ae,2026-09-04T11:23:28Z,2026-09-04-33867681672
2026-08-31,d20bf6e641f6941ed26643028c58303e885fef1202c463346cdedd0ce3732663,2026-09-04T11:23:28Z,2026-09-04-33867681672
2026-08-31,d20da326fd9dbae0cc9668b8dfe476915acd75ec05977b8ecac41158185c8ca3,2026-09-04T11:23:28Z,2026-09-04-33867681672
2026-08-31,d2918933872c478864eb760d357bc37ef1e40dbe1c9627ce3f5c9ee1242aa89c,2026-09-04T11:23:28Z,2026-09-04-33867681672
2026-08-31,d2adb975bf7a4200b877e95a39421f4260d4570cf1127b4b85f7bfe153559188,2026-09-04T11:23:28Z,2026-09-04-33867681672
2026-08-31,d2af63bb4b572a0aaf8ff8b44664fc53277d9117ca6cb9ad868216ce7de4ced1,2026-09-04T11:23:28Z,2026-09-04-33867681672
2026-08-31,d36409cada34771f9f4c87130ee5c42468a13cb39e33d3e4d4d8bb8277ee3630,2026-09-04T11:23:28Z,2026-09-04-33867681672
2026-08-31,d3c92965e268c443364388405310f53d2afdd0b99c75c34999c03feadfdab42a,2026-09-04T11:23:28Z,2026-09-04-33867681672
2026-08-31,d3e85eeb5249f9ac8483b077f3d3ebed78f86cbec7843ed0c0df08f61af14ce2,2026-09-04T11:23:28Z,2026-09-04-33867681672
2026-08-31,d403932c0f252f1bafb57dbbeaccc9447f4f71d69c5add46e45b70e32756636f,2026-09-04T11:23:28Z,2026-09-04-33867681672
2026-08-31,d459bb131770cbd33cfc483249df020ab958d492203a66b0f85361a86f454a2f,2026-09-04T11:23:28Z,2026-09-04-33867681672
2026-08-31,d47bbb3ea911bac588e4706716c4526275abfeb2337bce7920919e716e42730e,2026-09-04T11:23:28Z,2026-09-04-33867681672
2026-08-31,d5224fecc04f810857a9d5127b5f67c4f24ce752f3b88b466e6def3ad88ab180,2026-09-04T11:23:28Z,2026-09-04-33867681672
2026-08-31,d540980a14e0e7fa61ae5e3ac69e73aa14c45672b5e095d1623f9dbd63a0aadb,2026-09-04T11:23:28Z,2026-09-04-33867681672
2026-08-31,d568e097442cd7d4f1ba8e1b26ce3697ecaf5178cea347f5f56e4f400af39226,2026-09-04T11:23:28Z,2026-09-04-33867681672
2026-08-31,d7195888530aa54b6523b6057132b7cce1ce1c30e9e916eb45bcb472ae5134d3,2026-09-04T11:23:28Z,2026-09-04-33867681672
2026-08-31,d765ef1c80ca3263b7f9724654edec8d784a79562ff952bb25a907232af749bb,2026-09-04T11:23:28Z,2026-09-04-33867681672
2026-08-31,d88128c8a393e8eb6106926695876392fbbcaf8180909f89e62a98cb68688e77,2026-09-04T11:23:28Z,2026-09-04-33867681672
2026-08-31,d8903d48bb96e943242cb60efbcbf9e3ec715f5b0cff0c69c0254cc63160887e,2026-09-04T11:23:28Z,2026-09-04-33867681672
2026-08-31,d89ff9c177fad2b029d3adbc155773bf3000e69149f377b53a08c5e46b07d0b0,2026-09-04T11:23:28Z,2026-09-04-33867681672
2026-08-31,d99da84fe29f6e3e3cfcc9552995f88ed9809172ae2ea3cbce31a01a24a02a80,2026-09-04T11:23:28Z,2026-09-04-33867681672
2026-08-31,d9a36422384eddee975fb8328f0bca106cc4d3991ecae8ac398f7b81bb192685,2026-09-04T11:23:28Z,2026-09-04-33867681672
2026-08-31,d9a88733be62f1172c8ff43d758efe084282d547f3b1fc932703a77f3a37f20a,2026-09-04T11:23:28Z,2026-09-04-33867681672
2026-08-31,da1ed285777e53c585bdbcb5fd8fdc8701996a4740625e1641ab41258f4ddc85,2026-09-04T11:23:28Z,2026-09-04-33867681672
2026-08-31,da894d26d346b584d99c86eb85a5c15c8316b0dd4818bf85ce5077dcce035181,2026-09-04T11:23:28Z,2026-09-04-33867681672
2026-08-31,dad8e00519207f6700929fa6563d4f5c8af6aa8430f1a82b1f65133a01c7d660,2026-09-04T11:23:28Z,2026-09-04-33867681672
2026-08-31,dbb6933a51df7ad440eb027b9d7c2f5ec59483a453fcee23e1713d7d820b094e,2026-09-04T11:23:28Z,2026-09-04-33867681672
2026-08-31,dbca7387e4ff7b8379e2d0b42615ab35bac3e341734e0247c4851e9377364c32,2026-09-04T11:23:28Z,2026-09-04-33867681672
2026-08-31,dc82026dc22bb85ab1180e3fdb85cb7830f40d280b48dcd9747ab87f02790f8b,2026-09-04T11:23:28Z,2026-09-04-33867681672
2026-08-31,dc87ca3fc3bcfc966dadca79663c314f61d1a59b51124fd1052cb8dce5d6a81b,2026-09-04T11:23:28Z,2026-09-04-33867681672
2026-08-31,dcb9c85f76e1a3553eaebb2db892f6d51468fb043a14e77048021e914a9751e8,2026-09-04T11:23:28Z,2026-09-04-33867681672
2026-08-31,dd8d00e62b3948edd10c85afad820faa3f8e5b89e0ce952a285b6d98fbf1cbb8,2026-09-04T11:23:28Z,2026-09-04-33867681672
2026-08-31,ddaaba9c5bd1ef5a3a569d0e7c3e2b4de5c58c169f38ef99592aaea2847acb9c,2026-09-04T11:23:28Z,2026-09-04-33867681672
2026-08-31,ddfaf55031419877848b04104ed9f8ab11ac098b081db6341e822ee1970cd45a,2026-09-04T11:23:28Z,2026-09-04-33867681672
2026-08-31,def7eb06387b2a13dbf161e22139244003bf385f65ff25815dc8063070ddf647,2026-09-04T11:23:28Z,2026-09-04-33867681672
2026-08-31,df56b7e6da3eb8c3b4d7ff78f681493a5a5bb754bb297d4d2572a0f1f446cc8b,2026-09-04T11:23:28Z,2026-09-04-33867681672
2026-08-31,e00215ec0c7d85da1ab045fab823a782e6a9948ef050eac7d78518f0092434fc,2026-09-04T11:23:28Z,2026-09-04-33867681672
2026-08-31,e094050000f0ce1975ef820cf5a2e206553f8977f4731b46c0672ffc14130280,2026-09-04T11:23:28Z,2026-09-04-33867681672
2026-08-31,e0b5463beb1d97a4f0d3fc8d784e535db0bb5c1e4ead4c7159f4f90a4ed5eccb,2026-09-04T11:23:28Z,2026-09-04-33867681672
2026-08-31,e0ce622cc2cc8716adf4f76ed9f3ecebe02fe45a3c45c222f244b8397ca7521b,2026-09-04T11:23:28Z,2026-09-04-33867681672
2026-08-31,e14b07ac41dffb1bc7ee7d6e5bc8c8eb59fb7d467627650799916d9347aa3689,2026-09-04T11:23:28Z,2026-09-04-33867681672
2026-08-31,e16ac7d70bc25f4baf5c91383c6b6bb734e4e35ce6877253c357ba5bf60e9e12,2026-09-04T11:23:28Z,2026-09-04-33867681672
2026-08-31,e2abe6662f0f725590121193216c9fa355e61ad27f17c8995de76c97e14b7dbb,2026-09-04T11:23:28Z,2026-09-04-33867681672
2026-08-31,e2ffc6a988c5fefa13c8082fd9e5fbbe345e368c3c5d64e6af690baf450f3979,2026-09-04T11:23:28Z,2026-09-04-33867681672
2026-08-31,e32dd401a334dc19310ace59ca14441e5506029b89be2872485623600f127a6b,2026-09-04T11:23:28Z,2026-09-04-33867681672
2026-08-31,e3c44780a5f4a165c1111055f7cda9f00650de8c3a458fc86c2bcb7deefa1125,2026-09-04T11:23:28Z,2026-09-04-33867681672
2026-08-31,e400e067ce4dbe5a9f91cf2cde4c171b5254b43389b75d7058518b67c767f671,2026-09-04T11:23:28Z,2026-09-04-33867681672
2026-08-31,e405cfe370737b63eafcb6c4471ac69b6b43e9facd976d74df199a7725d626a7,2026-09-04T11:23:28Z,2026-09-04-33867681672
2026-08-31,e501f12d60f3027e9dab1f010e28b5cbd4065b16a1f8e3b0089e02ba5f42d2ad,2026-09-04T11:23:28Z,2026-09-04-33867681672
2026-08-31,e57a3dcf5a5267f868612b23507a1c78a5ce8e164bc1b5a4950977b6ce23596d,2026-09-04T11:23:28Z,2026-09-04-33867681672
2026-08-31,e5f0e290e0792cbe7501c8ec743f9167991e49daef7e7c984548732d444ef131,2026-09-04T11:23:28Z,2026-09-04-33867681672
2026-08-31,e6e418544904436d5a899cfaf89060aa15a0c5519b1cf98b8f025cf45b828116,2026-09-04T11:23:28Z,2026-09-04-33867681672
2026-08-31,e736121b84af4c6b29da1fa79a7ece4e7c4101782fded0f4a6924676e9e0c5f7,2026-09-04T11:23:28Z,2026-09-04-33867681672
2026-08-31,e79eb53f587f0b84b03c7838a5cf2fc4054982d4d3fa5a25bded1aaca2ada2c8,2026-09-04T11:23:28Z,2026-09-04-33867681672
2026-08-31,e7f80904771244613574045be6acc9153a4f8750d06625ab11f27c7258c6c24b,2026-09-04T11:23:28Z,2026-09-04-33867681672
2026-08-31,e85ec63e709797061f6ea62ba4db4f5cb6b06ba98a4feb2b2a4468b915fec311,2026-09-04T11:23:28Z,2026-09-04-33867681672
2026-08-31,e867e0de9941aa8333b239d283cf3122334718815e2153bb728ab3be9e958021,2026-09-04T11:23:28Z,2026-09-04-33867681672
2026-08-31,e9c352f99936d6976966a503049a5a9dfe81ef30b24e08c82298c0f3c95d57ef,2026-09-04T11:23:28Z,2026-09-04-33867681672
2026-08-31,e9d6524746f5a1f812cfc930d6e50de47f55d7a46b51fc22a5012df1860e3c8f,2026-09-04T11:23:28Z,2026-09-04-33867681672
2026-08-31,e9f59717b8feb4fb9ee787778cc715e99b9c8ab689d1bc2510750ab47945c788,2026-09-04T11:23:28Z,2026-09-04-33867681672
2026-08-31,ea477f3808000420bb2b452a8f1d3f825ba6119deec394688aeb8fe63056d8fc,2026-09-04T11:23:28Z,2026-09-04-33867681672
2026-08-31,ea86761a727ebde96067e9ef5f9a2d3928e895b34136fa9843342f4aa43ab954,2026-09-04T11:23:28Z,2026-09-04-33867681672
2026-08-31,ea96c8fa91108f7362974d58ccd9be4ca8edcbab376dc5c5ca8a6c2ec8817788,2026-09-04T11:23:28Z,2026-09-04-33867681672
2026-08-31,eb883c3616b95323a787c982bf79a560e7b06c09c86613a8e86e08a2ecf55eb8,2026-09-04T11:23:28Z,2026-09-04-33867681672
2026-08-31,eba5fc7ee71850b1aeeabe55417ed3834f0927b5c83024cae450877be7e5e80c,2026-09-04T11:23:28Z,2026-09-04-33867681672
2026-08-31,eba80e6e6c717d482d70645b73f249e8dc8b238d7fc59cf6a86a90ee4fcd2a89,2026-09-04T11:23:28Z,2026-09-04-33867681672
2026-08-31,eba9494760df7732a7ac4f6cdbd4a93d0c774fe325aba5d3b4d3bbd1a1a9e361,2026-09-04T11:23:28Z,2026-09-04-33867681672
2026-08-31,ec09d0761e871b3479ffabf67b45e4c23682c5a19d2ec713f0d1a2819dce3506,2026-09-04T11:23:28Z,2026-09-04-33867681672
2026-08-31,ec365f5fb4907585175f0d5d3da16506b08d0fa62dcd3f6c491fe1af7fad2c84,2026-09-04T11:23:28Z,2026-09-04-33867681672
2026-08-31,ec737808f48421acff64a5132d3907867dcee90a9868181a64ac21f9a02ade90,2026-09-04T11:23:28Z,2026-09-04-33867681672
2026-08-31,ecfb739048db9395fbec6154fb22abd780bd0ed747c91baee6cdd7c389753024,2026-09-04T11:23:28Z,2026-09-04-33867681672
2026-08-31,ed38f7ddf93d8e3b49dad12937ec666c32b1d510cd4de1de89dc27374ae0a5a1,2026-09-04T11:23:28Z,2026-09-04-33867681672
2026-08-31,ed90798f6774b3e23f71a95b85aaa3c1748176c8b449db9c377981ec37a2069a,2026-09-04T11:23:28Z,2026-09-04-33867681672
2026-08-31,edca1e2860e295ac1c191c4eff3659fe8490f9ea7517ba87b61960c2abd96888,2026-09-04T11:23:28Z,2026-09-04-33867681672
2026-08-31,edda61b36231ce28ee7b88ae70940b53286d14f6db795fa8f1ca9bb565576a49,2026-09-04T11:23:28Z,2026-09-04-33867681672
2026-08-31,edf08f0a700b938e5d50f200f1baa9d60d2993fdb23ce9d2be6ed17a95ba3707,2026-09-04T11:23:28Z,2026-09-04-33867681672
2026-08-31,ee7692909fdc1532bc5c66d2f3bef1dca77bd41ea3ccd1f43f090ee2a0f56cc2,2026-09-04T11:23:28Z,2026-09-04-33867681672
2026-08-31,eec74b24ac7dcd6388f275aa219dfb4a18a909978f3478078395b739d6d49795,2026-09-04T11:23:28Z,2026-09-04-33867681672
2026-08-31,ef6ae81051e7ff43fcab6fcf09a40052b00b5fcb6df6f131ea45ba0074dd55d2,2026-09-04T11:23:28Z,2026-09-04-33867681672
2026-08-31,efe9c71a8440bd2a1919982a7ecf0cc6a0e36779165ef88b646f039e1fe94cc5,2026-09-04T11:23:28Z,2026-09-04-33867681672
2026-08-31,f04f435a0afaa4208f88452e18fbcd77d4ad22165a4073c87859d6d6ab80a919,2026-09-04T11:23:28Z,2026-09-04-33867681672
2026-08-31,f07821c4a744a63667132a5caa3e297807c25ffc91637915454036b00f8bcf15,2026-09-04T11:23:28Z,2026-09-04-33867681672
2026-08-31,f09da878db7db5cd8290fb3d1ee8c637c8fb7c9460bbfe707b2bd7463832ae9c,2026-09-04T11:23:28Z,2026-09-04-33867681672
2026-08-31,f0fb8280bf66b05a220ccb0013ec2b4e50c0a9184b777c1b10c6174d993bac5e,2026-09-04T11:23:28Z,2026-09-04-33867681672
2026-08-31,f1e56318badfb5b08d306fc7a27562ba1c26b894621a1ad8b15073cdc6de619a,2026-09-04T11:23:28Z,2026-09-04-33867681672
2026-08-31,f2902e8e9fbdf5dc7dfd254b3d23565f85c4df4e785f836b40abd58f3405fa95,2026-09-04T11:23:28Z,2026-09-04-33867681672
2026-08-31,f3624d24138d9aa7c6fe6e2c7e699574c004a1e330a8301460746728a4980101,2026-09-04T11:23:28Z,2026-09-04-33867681672
2026-08-31,f3b2064f17dac460a84e68c833bd127fd0bceaac85f0050ce8e0b56058384c0d,2026-09-04T11:23:28Z,2026-09-04-33867681672
2026-08-31,f3b8bde2d8ee979f1e47e048b8dbe89a8a9812282308893afd7312bec86f131b,2026-09-04T11:23:28Z,2026-09-04-33867681672
2026-08-31,f3ec63d0a9de0d56bd9962485c7584745f29d210e154f3a00801390293a3b883,2026-09-04T11:23:28Z,2026-09-04-33867681672
2026-08-31,f4211097d0a5e49f3fb23b9586baa674c17c930c11ab32bf290b9d98f610defe,2026-09-04T11:23:28Z,2026-09-04-33867681672
2026-08-31,f448637689576cded543f3bc3ee4659b6641623856ddac13021e249563f21529,2026-09-04T11:23:28Z,2026-09-04-33867681672
2026-08-31,f494371be86172d026d00a1483060d1ae5db6efe7817bf75465f8e3a41e721de,2026-09-04T11:23:28Z,2026-09-04-33867681672
2026-08-31,f4d90fde55ab99b6d69148055003eace8fbaf6bf5a94cad8e0f163a9ed80349a,2026-09-04T11:23:28Z,2026-09-04-33867681672
2026-08-31,f584ae345e03180bdf437c49232009418134783f287f0d67bac3d0c43e72a9ad,2026-09-04T11:23:28Z,2026-09-04-33867681672
2026-08-31,f5a6f8cb05b94e4d41fc10cc766a595eb82bcaa11058438629ab83252a745380,2026-09-04T11:23:28Z,2026-09-04-33867681672
2026-08-31,f5c0251a72f44d250defffcfcf7f6d06f6b71b47fe900ec1b9828ea43888c16d,2026-09-04T11:23:28Z,2026-09-04-33867681672
2026-08-31,f5eb5188be2247bc163cafcc0b0b39d32ceb02002e49eb91e53b0c25d6036634,2026-09-04T11:23:28Z,2026-09-04-33867681672
2026-08-31,f609153706a85d76452a819c70ae9a62c3f2a7cf938852568eba5e1f3e393343,2026-09-04T11:23:28Z,2026-09-04-33867681672
2026-08-31,f7c1b498253ad9c5ec0674a5dfcbf1397a6c36fe53f2ddf59be702617a43c2cc,2026-09-04T11:23:28Z,2026-09-04-33867681672
2026-08-31,f84b83846d4dad0ef3b914e392a6ea7d4bf4a598024f67fc112d222c674b80ca,2026-09-04T11:23:28Z,2026-09-04-33867681672
2026-08-31,f84ebc7dc9f68642b1b9de5a0da5b26f03c986b035097b9ad3c8398e0af8f593,2026-09-04T11:23:28Z,2026-09-04-33867681672
2026-08-31,f8f413ebc620b5333c86fad9e14517d786544729a2fcdc2e1513fcbb8b116f88,2026-09-04T11:23:28Z,2026-09-04-33867681672
2026-08-31,f8feb26466d5a555351685e36383f992e82b55e405c790892bfe7b8302b618f0,2026-09-04T11:23:28Z,2026-09-04-33867681672
2026-08-31,f99314611d99492b0a046672ed926494e0e5c55219b12128c54a92e7c357fe96,2026-09-04T11:23:28Z,2026-09-04-33867681672
2026-08-31,f9b58708a5b571d240ca8571ef2abca3b61942afb561a2c953b4930f554cd515,2026-09-04T11:23:28Z,2026-09-04-33867681672
2026-08-31,f9d4c21d38f88b52b111ac4172d3e0dff5e1d1c918420082b35be209ecb28527,2026-09-04T11:23:28Z,2026-09-04-33867681672
2026-08-31,f9d59d78b0121d95172652d2921c0466f7ab6b7a2407eb8f57f25d735a702283,2026-09-04T11:23:28Z,2026-09-04-33867681672
2026-08-31,f9f4a3a8a66977df02f5f87338a4ee88496c8c7cded16acfd3ac2a744cf8b436,2026-09-04T11:23:28Z,2026-09-04-33867681672
2026-08-31,fa1ce46169a21cc861a96d1ef05e447073c1bf4f7e1e59863eabc07a129a0489,2026-09-04T11:23:28Z,2026-09-04-33867681672
2026-08-31,faa271d88a742ee317b58b52acf169637520c43dead76d04a207d501b2f33b00,2026-09-04T11:23:28Z,2026-09-04-33867681672
2026-08-31,fab245b1845fd15ed61c7f9e2df97c2f7e4c778e59ebdb26f3827df84273e024,2026-09-04T11:23:28Z,2026-09-04-33867681672
2026-08-31,fae49273566f30e79c0d7f7d6213b44371481f09757827b221795788ce1210d6,2026-09-04T11:23:28Z,2026-09-04-33867681672
2026-08-31,fb765f945b0f02b75bc2257a48efe0c0aec98a10215f4a334f5f4b8ca79977af,2026-09-04T11:23:28Z,2026-09-04-33867681672
2026-08-31,fb97375126fef8cb0945da4f8d7baebd0223dc238ffc1c3863adbaca852ea968,2026-09-04T11:23:28Z,2026-09-04-33867681672
2026-08-31,fbaac06e4b0cbe90befc30c686d448ef4b969271e83806679e99dffc3126e3e4,2026-09-04T11:23:28Z,2026-09-04-33867681672
2026-08-31,fbd80877388d0003026768f4aaaa33145c757e7a349140c75e759382535e235a,2026-09-04T11:23:28Z,2026-09-04-33867681672
2026-08-31,fc9ca98ebc0e678a52886e0dcb46c41f128ba1d0850d88ac3945922aecff6f3b,2026-09-04T11:23:28Z,2026-09-04-33867681672
2026-08-31,fcc0a69fbb5dc7e92b64738e8323eee5d2afc487dbdbaa96cadbe9263ab3cdf6,2026-09-04T11:23:28Z,2026-09-04-33867681672
2026-08-31,fd218fb0b28d4d513256bd88324a8bf59654a9142d8304b45a7e425c7ef08200,2026-09-04T11:23:28Z,2026-09-04-33867681672
2026-08-31,fd39253f0dd941a87b826e681eb5b7254f8f852e3ed4469986191e49fcd0b31b,2026-09-04T11:23:28Z,2026-09-04-33867681672
2026-08-31,fdbd9e22a96248dbf7315466e2c2fafcefe7208504022dfc0f3324e640990a65,2026-09-04T11:23:28Z,2026-09-04-33867681672
2026-08-31,fea562b31a54c004ec7f36bdf7a4742c26a4747b0f2685f277828b4f71af840f,2026-09-04T11:23:28Z,2026-09-04-33867681672
2026-08-31,fee0cd1047bb9d8505a405e78abc2e087dd46f4f484c7f0e96ecaf77de1ee3a5,2026-09-04T11:23:28Z,2026-09-04-33867681672
2026-08-31,ff036d4ca18d54a181ef5ed7ea16b9cb6861e58dae0309608f2eeaf43470fd1e,2026-09-04T11:23:28Z,2026-09-04-33867681672
2026-08-31,ff7e94411d7150212ce13aa47506d156c73ecc8d3557cf58051f4ccfff52817b,2026-09-04T11:23:28Z,2026-09-04-33867681672
2026-08-31,ff8de4d47059485164418cd9b30aedb35a12d6541314d1476669c14fbfd373fc,2026-09-04T11:23:28Z,2026-09-04-33867681672
2026-08-31,ffa83146017c5720c90180ed109b0a3fd692739adcc4de92a4149139d33224c4,2026-09-04T11:23:28Z,2026-09-04-33867681672
2026-08-31,ffd9af96e5f3438694cfe615e41f65bc4e282b75500c9db6094aacd9f0a81d0d,2026-09-04T11:23:28Z,2026-09-04-33867681672
2026-08-31,0088fde7970d2e9213f8f4f3c3c84c7a4ca4dca3386f5d87e91fd45c51201b84,2026-09-04T14:23:37Z,2026-09-04-33883405707
2026-08-31,00b18b04c140094b2b0b2f463fc27333f34bdc1952f9f3dfe14ccd01ca2aadd1,2026-09-04T14:23:37Z,2026-09-04-33883405707
2026-08-31,015b3c1de8421f9b77a9da38d5225b935f4250562f34c2b839574c13f9817b6e,2026-09-04T14:23:37Z,2026-09-04-33883405707
2026-08-31,01b67d1bfc861254feea777a400b688d3d71c2b11c4bb9ed78f293fcbd537331,2026-09-04T14:23:37Z,2026-09-04-33883405707
2026-08-31,02cc09bc2e5a6f990a714593dd0a3ef88ea693d8caf799a0efd5b3117570b6af,2026-09-04T14:23:37Z,2026-09-04-33883405707
2026-08-31,03cc0ec1df05abe85690d232d5a9583a515840990bbc845ba107bd7f9cb8ac73,2026-09-04T14:23:37Z,2026-09-04-33883405707
2026-08-31,03d7b05e63dca8af69dae36e27ad61bd91c5844ff7b52ceb8d878dcbbfc271d9,2026-09-04T14:23:37Z,2026-09-04-33883405707
2026-08-31,03edc23b3ca885a9c63c57188e117a695f583996de2b9a7474601ac80f6e8060,2026-09-04T14:23:37Z,2026-09-04-33883405707
2026-08-31,03ff2009209a408e0ab23f5c994dcc7627515ee45aa4553729bef996f178fb30,2026-09-04T14:23:37Z,2026-09-04-33883405707
2026-08-31,045ceeda0b94a830d1ec6a8a6682345369db21f40129b506d716f00ba7682fbc,2026-09-04T14:23:37Z,2026-09-04-33883405707
2026-08-31,0490c00206ac5e61d42cb81bb0177755777073ed916b659d0fef8b0d87505347,2026-09-04T14:23:37Z,2026-09-04-33883405707
2026-08-31,0614accab550d0d779782e91d05c50df59eff2dd1a105d1375cf2ed0c7e6b218,2026-09-04T14:23:37Z,2026-09-04-33883405707
2026-08-31,06528ea545b5056af83460b6ab4325bc0fb8ca2e762e74e5e9c2cc51665b8521,2026-09-04T14:23:37Z,2026-09-04-33883405707
2026-08-31,0710f25c5cf0b5668256986a21f799e03daf6775609944d93e806435caf66689,2026-09-04T14:23:37Z,2026-09-04-33883405707
2026-08-31,073109598e3a1492c860e05e13c0040d757dd785df246aeb96b9ce7b7848f1cf,2026-09-04T14:23:37Z,2026-09-04-33883405707
2026-08-31,07d0b961166cee2225706f5d5194eb77a22461e8ac0e57ef37fe9402256aa371,2026-09-04T14:23:37Z,2026-09-04-33883405707
2026-08-31,0863c7e18e0ee26dd728f292861ca277c4e25c0772022b87a39c33ed7183719d,2026-09-04T14:23:37Z,2026-09-04-33883405707
2026-08-31,0865a4c26ffbf0d031f20e4da4d014528c0e8e4546f0c9b53909a558b394e5f7,2026-09-04T14:23:37Z,2026-09-04-33883405707
2026-08-31,0a06c88fe961cf048637e4d519fc62126c0cbadda4cc2c95d738be4134bb1123,2026-09-04T14:23:37Z,2026-09-04-33883405707
2026-08-31,0a0f36a654b65e31951d76465d2c8121fd13ed643d1d137e12a5570ead655aa7,2026-09-04T14:23:37Z,2026-09-04-33883405707
2026-08-31,0a4f2b15031a3c034ec2d7306d27f4ae72c5b07e28da2f27a450c1c161f82a3d,2026-09-04T14:23:37Z,2026-09-04-33883405707
2026-08-31,0a54348cbc30fe35de99dbbe837923b9ed4dbce58868005fa5ba56ebf6290bac,2026-09-04T14:23:37Z,2026-09-04-33883405707
2026-08-31,0b0cb693e94d675752c4dd649484980e2d714f7b6bcb27803887a3fdf04281b5,2026-09-04T14:23:37Z,2026-09-04-33883405707
2026-08-31,0b5cf547254a2edf8e545a2f6dd30e21fdf8d20e7c5490cfe64a6152e62bb74d,2026-09-04T14:23:37Z,2026-09-04-33883405707
2026-08-31,0bb055538b3e7c941b59a2d7e0aa500165690d9b03dd8566cdfd604ede3f4c43,2026-09-04T14:23:37Z,2026-09-04-33883405707
2026-08-31,0c1dad8d6b49dcef3ed2fec909820627019449836bab8e2077dc9527ec19bd82,2026-09-04T14:23:37Z,2026-09-04-33883405707
2026-08-31,0c20ec851b3ada0eb9918ba5e7e8391c0b97a84ce7272033ac520049fe26a0ff,2026-09-04T14:23:37Z,2026-09-04-33883405707
2026-08-31,0c2ee497fac2519547bf3cb2164697c2998e399a3efd6a7a066a2d5dfe874828,2026-09-04T14:23:37Z,2026-09-04-33883405707
2026-08-31,0c415d7a08b38c4fe98f7f3ca6d803b076109289c8191ca492e206b3848a0883,2026-09-04T14:23:37Z,2026-09-04-33883405707
2026-08-31,0c4f77d12567c9e927738313dcadc6ff6eee8b802d20a990b27ee1ddf115c589,2026-09-04T14:23:37Z,2026-09-04-33883405707
2026-08-31,0cc020bd477e106fc1cc02e32a93c2c3e73a2f0ea5bc5061929d7067d7b2f367,2026-09-04T14:23:37Z,2026-09-04-33883405707
2026-08-31,0d264e19638b471658d875cef6c809092a7134754a2c11fd49110162505a131a,2026-09-04T14:23:37Z,2026-09-04-33883405707
2026-08-31,0d8b90604167a0202f1ef4405df9b0bfcf91490db868524fa02d68acf1a62343,2026-09-04T14:23:37Z,2026-09-04-33883405707
2026-08-31,0da6e248562f21fe067b193070a749f22b5ab2894a3eb9d4e615b7657f79449f,2026-09-04T14:23:37Z,2026-09-04-33883405707
2026-08-31,0df639cdc1963647a4e65f612fcfa66cfd72278dfc98a65c7202b5e9d8bcdc5f,2026-09-04T14:23:37Z,2026-09-04-33883405707
2026-08-31,0e04d64c669f96c80ba459c0dde4a56788c83f60a2d2ac42ec61f73872fd553f,2026-09-04T14:23:37Z,2026-09-04-33883405707
2026-08-31,0e4995b72c1448e38525ef0ae3970bdf7587242070660881123aa886142de9e2,2026-09-04T14:23:37Z,2026-09-04-33883405707
2026-08-31,0e62269ebbe3e113bdc419f90f95f86d5046a41e368c670a9e0347a48d8d7305,2026-09-04T14:23:37Z,2026-09-04-33883405707
2026-08-31,0ec9976225c4289fed6faf86c0f4908d286f8224d650888a54ae7e22390cfd61,2026-09-04T14:23:37Z,2026-09-04-33883405707
2026-08-31,0f58af1b8b521653c7b5ced92154316bff7b34423bdd9aeac94218de6dcd7c54,2026-09-04T14:23:37Z,2026-09-04-33883405707
2026-08-31,0f9bfb1b887af288dad72a3ec5cd42393b98c825feeeaaef0c94f1fc60c77036,2026-09-04T14:23:37Z,2026-09-04-33883405707
2026-08-31,11ab63a172c16639df76b275e7bc1fdcf815fa426048d363058a1211a656ddaf,2026-09-04T14:23:37Z,2026-09-04-33883405707
2026-08-31,11bceb8d2dd1f8659492c6496bb179a45bb1baf440527eed1ba78ed444870ada,2026-09-04T14:23:37Z,2026-09-04-33883405707
2026-08-31,124d9a33e184038ebb3ce6191cb0729795085f9776a4b14e7133195507a0e5e8,2026-09-04T14:23:37Z,2026-09-04-33883405707
2026-08-31,125fac0ead0be10b4e8e478e58da04f637dfd73db5485b6ecfcaec9a7f554a8d,2026-09-04T14:23:37Z,2026-09-04-33883405707
2026-08-31,1272bdf1c73760310fa7c8003ff5c1c45a5010d0a507c70ceecf102105b0fba3,2026-09-04T14:23:37Z,2026-09-04-33883405707
2026-08-31,12b230d7cac62dee00c25e1f789f8f7afb34717d421de7ddfb4586c4a2c7e985,2026-09-04T14:23:37Z,2026-09-04-33883405707
2026-08-31,13c5733a4982608cdfe9e088cfec3f3fe782c55c3bc3f289bf80eb7913a0f020,2026-09-04T14:23:37Z,2026-09-04-33883405707
2026-08-31,13e16d7976448d3869048c355d4afd5cceeca873434fc955c6a811cd65dce437,2026-09-04T14:23:37Z,2026-09-04-33883405707
2026-08-31,1443fd843c748a9820ec0ec6f06d66971e672fd7bdbecf15f01129f03fa36d41,2026-09-04T14:23:37Z,2026-09-04-33883405707
2026-08-31,14be5444e5374f1240927fd51fd83ec7fd20dff4f7cfdca1af75025e5cc25d43,2026-09-04T14:23:37Z,2026-09-04-33883405707
2026-08-31,14e0a8fc71c7cb84266741c28c67422abb882ab181960dd132043144dfef3fc7,2026-09-04T14:23:37Z,2026-09-04-33883405707
2026-08-31,1513dec8d9721c8d20a416b176708da3656852937a2534fd0a253e265cb4a56d,2026-09-04T14:23:37Z,2026-09-04-33883405707
2026-08-31,155045051282d0b26ad4da53d7d3f7b237025aebed43c5064a7c390872fef571,2026-09-04T14:23:37Z,2026-09-04-33883405707
2026-08-31,155e99db51840a7848de507f903eeac1fdfc3d01ecaab2ff984d74fd044c5eae,2026-09-04T14:23:37Z,2026-09-04-33883405707
2026-08-31,15eb10663b9f14e44dcb203ffc3fc48bee8201ea8b28f810e749e924d70b3df7,2026-09-04T14:23:37Z,2026-09-04-33883405707
2026-08-31,16df92373823055ca90e474f94c1d8aec0602642962447ef5eb1b52c46246664,2026-09-04T14:23:37Z,2026-09-04-33883405707
2026-08-31,17265b83865e873eaee1f9033b27d33cc932c61bf1377fafe20982e38c367056,2026-09-04T14:23:37Z,2026-09-04-33883405707
2026-08-31,176ba35226cda85b7f6a8775a5c4209d60cccbc2ebe69aab7691df02632727c7,2026-09-04T14:23:37Z,2026-09-04-33883405707
2026-08-31,1826e7b3f3636317db72d22504cd131d5855a1db7cc22789cbdc4c9aef111db0,2026-09-04T14:23:37Z,2026-09-04-33883405707
2026-08-31,183ca786cbbaa32d50e5f755ec9472c9ecca7032b668fa40edcbc7c990c44b98,2026-09-04T14:23:37Z,2026-09-04-33883405707
2026-08-31,1976e882bc764de924be8fa8a1be52b7351a691eb67cc8a402356da4945f8959,2026-09-04T14:23:37Z,2026-09-04-33883405707
2026-08-31,1a22ce5dec23074adc30e4d47ed4cb7b63e6950171677487f8642fe06da9e713,2026-09-04T14:23:37Z,2026-09-04-33883405707
2026-08-31,1a6682487e212613f11c42551516de5306bf125422bd9341d0fe98103bcc44bd,2026-09-04T14:23:37Z,2026-09-04-33883405707
2026-08-31,1a8919f2e8896e16919be508fea13ed692d8fdf461cd3ba5beb2c88395840c4b,2026-09-04T14:23:37Z,2026-09-04-33883405707
2026-08-31,1a8ceb0846902a64f034904842363c5615be8db8dd321c3e083b68e9d5e0d6c3,2026-09-04T14:23:37Z,2026-09-04-33883405707
2026-08-31,1a90885c4a5426ac4922843d7187d4e37036b70349286c369f835f8ab68e9afe,2026-09-04T14:23:37Z,2026-09-04-33883405707
2026-08-31,1aa7b3787bd57c36e54654c5018a12306fe67ea28e8bdd4d6cc95f79651ed065,2026-09-04T14:23:37Z,2026-09-04-33883405707
2026-08-31,1bacb528b028c824be62652253db758200aea0c8f90935003f72ccc501f5bd4a,2026-09-04T14:23:37Z,2026-09-04-33883405707
2026-08-31,1c8c07367d68b26ec2deb941c1a6830b51dd6717971454c47f56254650b12e79,2026-09-04T14:23:37Z,2026-09-04-33883405707
2026-08-31,1cc774966d20dd6a8f9f2ee16c0e165502b52f5cf8049088624b7da7bc0caed6,2026-09-04T14:23:37Z,2026-09-04-33883405707
2026-08-31,1ccb61ed79f0407479ca391d08fb219d8d57bf6627855b5e7967bdc1b6791005,2026-09-04T14:23:37Z,2026-09-04-33883405707
2026-08-31,1cfd3d9e54ff816f3a52eded9c30908d0bf17efe2d573da1d48c99c781b075fd,2026-09-04T14:23:37Z,2026-09-04-33883405707
2026-08-31,1d72b105932c59d540c5cf57d0f104c47b5e69d480ce7356be1b08755019ce48,2026-09-04T14:23:37Z,2026-09-04-33883405707
2026-08-31,1d940f4047831bbb1f1f74fa7cad33bd5429bdd4747ff5ebb848301276f44cd5,2026-09-04T14:23:37Z,2026-09-04-33883405707
2026-08-31,1e29ab42c9a3c8d91040f8f17310275ad9de90fc70bf13605509b6aa453952da,2026-09-04T14:23:37Z,2026-09-04-33883405707
2026-08-31,1ebbaaa35e31c1eb7037991494d4d5a45fc220c371bb8e1bd19624e8bf623196,2026-09-04T14:23:37Z,2026-09-04-33883405707
2026-08-31,1ebbd4d5452fbd4b0006821cb0a5bb724cdfa11737f4efa05da3f4c367e098e9,2026-09-04T14:23:37Z,2026-09-04-33883405707
2026-08-31,1fe38e55dbf33027e5ca816fd9ec2792d0fa35a56b1d0bea46f6ccc013ce2dd5,2026-09-04T14:23:37Z,2026-09-04-33883405707
2026-08-31,2140b3bea4b674445030885113a59539787dd064c78c81c627b2b6a0511a4d64,2026-09-04T14:23:37Z,2026-09-04-33883405707
2026-08-31,21bc903482f5d84dc8638a03a9866cb3fdd3e27a63481f77d8eaf2e93c74807f,2026-09-04T14:23:37Z,2026-09-04-33883405707
2026-08-31,22900ad52cccbd3565b26a601f570aee579782978357909cc9148826ca87c9b2,2026-09-04T14:23:37Z,2026-09-04-33883405707
2026-08-31,238d56f5031d92cf8a6416c8f66b276d1aaeb30cba4cfe0233ff0199b5d65d3a,2026-09-04T14:23:37Z,2026-09-04-33883405707
2026-08-31,2400ed79660e5042bad77385fc2af7e7ef39493e594c502a791a3e86e5dd5146,2026-09-04T14:23:37Z,2026-09-04-33883405707
2026-08-31,2422f84465ebb936a8047721cbfe9539500f5779f21658160d962f631763826d,2026-09-04T14:23:37Z,2026-09-04-33883405707
2026-08-31,25130d2a8f4efa88d59cc4b69055b15cc3dae14825c4511e41b1340eb05bf45c,2026-09-04T14:23:37Z,2026-09-04-33883405707
2026-08-31,25616d7a89f7dd1409ab72fc1137b03fe3d10de409824ded7688457a0f5bf96d,2026-09-04T14:23:37Z,2026-09-04-33883405707
2026-08-31,25c545aebacdd309a19d5e999f20983adac9edf114fc83519a0db939c2096a04,2026-09-04T14:23:37Z,2026-09-04-33883405707
2026-08-31,26089908f6409e6e07a72f6a520cfedef0d72fbdedd22bcb823be599aee197d0,2026-09-04T14:23:37Z,2026-09-04-33883405707
2026-08-31,260f6c7469cdd0b4693ae9f80b084414f65cb123628132543ee3a8ec85db3a4d,2026-09-04T14:23:37Z,2026-09-04-33883405707
2026-08-31,26167676e6f8d935c7408b599beaa3da116f12ca0f58a021966a1cfadb781891,2026-09-04T14:23:37Z,2026-09-04-33883405707
2026-08-31,2654b7acfac8e8f5bbd40669ee47f01295c27707a15b9e2faf9305b2e664c852,2026-09-04T14:23:37Z,2026-09-04-33883405707
2026-08-31,26634486b8478eae7f637e3edd5274afc2257035c899a8302883d9d51d024328,2026-09-04T14:23:37Z,2026-09-04-33883405707
2026-08-31,26cd08c25732eed26a4a33843b34920f628430279a1ab64bcb2e83b2dbf7140e,2026-09-04T14:23:37Z,2026-09-04-33883405707
2026-08-31,283ae1c7e1028eb79368325f012d86458279dc9daeec091dcd649963d74de8af,2026-09-04T14:23:37Z,2026-09-04-33883405707
2026-08-31,2843293b4f5d15f86c965183d27d10d44fcd1054948b936db8683b732e6abe7d,2026-09-04T14:23:37Z,2026-09-04-33883405707
2026-08-31,286212d228fca2e02d90d065f6a1a1319ae7a489377e5fee2d94243859a271cb,2026-09-04T14:23:37Z,2026-09-04-33883405707
2026-08-31,28aee4bf32da22e2916d3f0c4c76ca4596c9d2d69b36a4799795433b7492dfb2,2026-09-04T14:23:37Z,2026-09-04-33883405707
2026-08-31,28fe4d54f30a16a35b7ce4be5f1d5165fe7baa200d74c41ac1f0cf4ed8855ecc,2026-09-04T14:23:37Z,2026-09-04-33883405707
2026-08-31,293c9dc19fd936652c151bab6ef7e00128653efbb1352541d8d94b62c528e9f5,2026-09-04T14:23:37Z,2026-09-04-33883405707
2026-08-31,2a04c4afe3375d715a5c98f8513da8f83c0007c373f9b584e9ab5ba3cd3d3bd0,2026-09-04T14:23:37Z,2026-09-04-33883405707
2026-08-31,2a09223c085808f3d6f6ed67f050e4856701ddd1917d07583c2468c2c7fa08b4,2026-09-04T14:23:37Z,2026-09-04-33883405707
2026-08-31,2aa42f567a6058d7c3f91e308cea11f04d650b7dd213a110ee552f108d5b831d,2026-09-04T14:23:37Z,2026-09-04-33883405707
2026-08-31,2ac2190ed4bf6f72f341a9f3be10af24b7d59031fb621cdd8eaff9d0075df0dd,2026-09-04T14:23:37Z,2026-09-04-33883405707
2026-08-31,2ac9c76a04391c2c1f7d782cf232c4ff89181c0b0bd897924193969e00fbd880,2026-09-04T14:23:37Z,2026-09-04-33883405707
2026-08-31,2ad04e9edaf9dbccedd68225f6598b7f010a4bac785eadc7ce0665fce90c49ef,2026-09-04T14:23:37Z,2026-09-04-33883405707
2026-08-31,2b74dfe02af60229d617de2b358e7fdfadc79cf7dfc6df50f3376afca862313f,2026-09-04T14:23:37Z,2026-09-04-33883405707
2026-08-31,2bba5f0cdbf6ecae134c0fecde35b016875d6c2146a8ae78b7fdca9b7a6fe052,2026-09-04T14:23:37Z,2026-09-04-33883405707
2026-08-31,2be7c8a90579e87dd16d0c10ac92b85141c29badf757b4f1d3684efe92e2c6de,2026-09-04T14:23:37Z,2026-09-04-33883405707
2026-08-31,2c0b55b39b115fb2cf246b2736cec7a634cf722013e7978e80e81c94943eaab4,2026-09-04T14:23:37Z,2026-09-04-33883405707
2026-08-31,2c14acb475978bdd83a68332bf86eaf0cf57954e4844100a4255d49cc81b4770,2026-09-04T14:23:37Z,2026-09-04-33883405707
2026-08-31,2cbd253ec99294f6a5195090d9e93119e4b86ca46b3cbda7b59e6bffadf9bd8b,2026-09-04T14:23:37Z,2026-09-04-33883405707
2026-08-31,2cc264df2339aa29880d4cd3e7fafcc39826b9c11257e3b0f099d93f65c2ad50,2026-09-04T14:23:37Z,2026-09-04-33883405707
2026-08-31,2d06ebdb1a1df6e6713dc984b02c47afac4f63fa7f8733d0b4084bf82ca1e9f6,2026-09-04T14:23:37Z,2026-09-04-33883405707
2026-08-31,2d7b90f7960472c1cfd17aba4d24fcedf13d231716bc841d3900e99e8dceda79,2026-09-04T14:23:37Z,2026-09-04-33883405707
2026-08-31,2e0cbc6f8be9c932a21e99fb4160fad6d40b7759c8a4b68ac97e5899af1dc40f,2026-09-04T14:23:37Z,2026-09-04-33883405707
2026-08-31,2ec4a15c5b492638b288a4e637e5bd8f39bba1d9f8493d339fc769f380932ee8,2026-09-04T14:23:37Z,2026-09-04-33883405707
2026-08-31,2fe9e51fdd270a70f55e055201b5e3dcfc2cef381ab59275c46c269df35b6edd,2026-09-04T14:23:37Z,2026-09-04-33883405707
2026-08-31,305849a1568dfdfa4e2567aec55d7b0046a96813af9354c439943f0958ba0c72,2026-09-04T14:23:37Z,2026-09-04-33883405707
2026-08-31,305d1ead6f907e4f5179d91b009316556c465f4bf21146255913cddd6fedfb81,2026-09-04T14:23:37Z,2026-09-04-33883405707
2026-08-31,3081e25a401a1e0d5de5f86ba0efe70969ed9c19e5e4519d5a2e1fc8761b7428,2026-09-04T14:23:37Z,2026-09-04-33883405707
2026-08-31,30b520d738b50bd6a68b32e284870ab3bb978ee4028332e1cbca3a4810b84438,2026-09-04T14:23:37Z,2026-09-04-33883405707
2026-08-31,30cfb74fb8c7be07c922f73a1f08fd90a2c7217daed19b6bc0b420fe1f3b11e9,2026-09-04T14:23:37Z,2026-09-04-33883405707
2026-08-31,30dba8329e8fbf42779e345b010dcaa53a1f95ed8401ccf9b9bd3454ca774a19,2026-09-04T14:23:37Z,2026-09-04-33883405707
2026-08-31,31004dddf4ee91d3c83ad2e3bcea9727b97db1ad065a1eab3e0209fa4e3bf79b,2026-09-04T14:23:37Z,2026-09-04-33883405707
2026-08-31,3407ebb69fa302a773bc468424fce562096f08b3f9c69297132321c1bd878f58,2026-09-04T14:23:37Z,2026-09-04-33883405707
2026-08-31,3415fe270be476e3af79c18ddbab6de166a84ed93f66c26c7723b4cc6927f14d,2026-09-04T14:23:37Z,2026-09-04-33883405707
2026-08-31,347bd5c23d8706211da43f14e6071c22900229e3b9be5a95482d061f49a5b2a5,2026-09-04T14:23:37Z,2026-09-04-33883405707
2026-08-31,3491a12773c1a72560ad93476b4abc46d75b520a60b2b2780faaf8e235cc41b8,2026-09-04T14:23:37Z,2026-09-04-33883405707
2026-08-31,35ef02e8b34945d494ac9ffd12f7a00e911ac2c3366ae684ccc72f10960b0c67,2026-09-04T14:23:37Z,2026-09-04-33883405707
2026-08-31,35f5cb91e6aa4fe5c64e6feda98462117fa81b9a6d61d86032edcc304bbcafa1,2026-09-04T14:23:37Z,2026-09-04-33883405707
2026-08-31,362944c96cd76a8a18724dd60105b5885f1d37fe7056ff0b440ffde1331d6b97,2026-09-04T14:23:37Z,2026-09-04-33883405707
2026-08-31,363a0db56a18d909bcc58551979c03b4edb370d399f27e7e480a8c62ce2e07c8,2026-09-04T14:23:37Z,2026-09-04-33883405707
2026-08-31,364a97e6fda395d4c4a03e09c5b09a3b8c354c53974a18de07fb1f229fa6e715,2026-09-04T14:23:37Z,2026-09-04-33883405707
2026-08-31,36e05570bd6afbd9751c7e507a13a2c44e311445b32de522e512a887eb9797cb,2026-09-04T14:23:37Z,2026-09-04-33883405707
2026-08-31,3706b12c2a0dec34fd4ca589b984c942b7485571f8b7db57ebe9fdb70d7719d8,2026-09-04T14:23:37Z,2026-09-04-33883405707
2026-08-31,3763ac8984b507e4ce3dfbf1467762b3d5a7239c5bd74b2346a3dfbe055db40d,2026-09-04T14:23:37Z,2026-09-04-33883405707
2026-08-31,39fe5413f0f73387d47098c54fd192bd95c71209e9820e0fda6dd1b254b14646,2026-09-04T14:23:37Z,2026-09-04-33883405707
2026-08-31,3ad12626542fa0f9aeae0434f40bfcab17420b6e1cba535be415cc8b85573c2f,2026-09-04T14:23:37Z,2026-09-04-33883405707
2026-08-31,3b98826ade788cb38999449cc86b4f0d952fecc262514028577ff6f17726e3b8,2026-09-04T14:23:37Z,2026-09-04-33883405707
2026-08-31,3c277a749e414e4926a49cf0859607383b38164f9515b3670c44db187a8a38c2,2026-09-04T14:23:37Z,2026-09-04-33883405707
2026-08-31,3c40d44eb28cd1f73fc74452a4638920e6c38098bf9ca7ff9186aa33bac8d24b,2026-09-04T14:23:37Z,2026-09-04-33883405707
2026-08-31,3c4cb7a361c1026e46532e26ed98a8a39ccc92d36ea1a1cb36acbbbee5072caa,2026-09-04T14:23:37Z,2026-09-04-33883405707
2026-08-31,3c688bd684feca0ba1e535e8e1f44e8de26617811babdd6817caa17732555511,2026-09-04T14:23:37Z,2026-09-04-33883405707
2026-08-31,3d5b227ebb4fc3c67c5c540ae281e74c5183ac1be4568b369d977b465bdeb21d,2026-09-04T14:23:37Z,2026-09-04-33883405707
2026-08-31,3e1839e46ce552d3efe42c1cb21ee09c64246ca8bce2f91b6dbe185ed3222524,2026-09-04T14:23:37Z,2026-09-04-33883405707
2026-08-31,3e4e2b1975dd59509e29b68eeb133da5748d354a999535e6033cb5665559b65d,2026-09-04T14:23:37Z,2026-09-04-33883405707
2026-08-31,3e74ee23c91079b508405f850e773fd7c2048dde7ef3f81efd51c8822e20d82e,2026-09-04T14:23:37Z,2026-09-04-33883405707
2026-08-31,3ed91cefa88194c3c34926d94f2dc13656c74f2faadc421ea95ad54fd9d9584a,2026-09-04T14:23:37Z,2026-09-04-33883405707
2026-08-31,3edbf84058b1f04ec5c80ec8f976d4e61c8e18ced050112a5401be870dd7f72d,2026-09-04T14:23:37Z,2026-09-04-33883405707
2026-08-31,3fd5cf5cb717e3db737e0684cce4fa48c916c9d831882cba6c1f53d2d74c465d,2026-09-04T14:23:37Z,2026-09-04-33883405707
2026-08-31,4032c07c261ec206acf88211b659753f71bc67b4447a0c6569b5d65ad509f538,2026-09-04T14:23:37Z,2026-09-04-33883405707
2026-08-31,40f282501adecf036976b44d8e2e1d9eec08f563b6f8106b2ebd40e473bc4c29,2026-09-04T14:23:37Z,2026-09-04-33883405707
2026-08-31,416bc2ed096afd87b32e4d1c6f7c81097ceab955267ab244324de0fd6f27d1ef,2026-09-04T14:23:37Z,2026-09-04-33883405707
2026-08-31,418c9b9d906e13cc40a94ac2c43aba0181208ecead030cb03b0a7d661b0c212c,2026-09-04T14:23:37Z,2026-09-04-33883405707
2026-08-31,421fa0504b831919256ca2b18a551025e9977dfa51df36d45752dde071f37621,2026-09-04T14:23:37Z,2026-09-04-33883405707
2026-08-31,436e5596a0bc75864756501927f35a2024cb998fe6146b1f10da2dc2fb464f28,2026-09-04T14:23:37Z,2026-09-04-33883405707
2026-08-31,4392c6dc6990ea9c869443de678914ee8b84c850c6f9ecd938b912955fbe6375,2026-09-04T14:23:37Z,2026-09-04-33883405707
2026-08-31,43b7697bbf8da0d003c0dfa61fc976ffbd40679bc159d6ad8cc4fe75075d8bcd,2026-09-04T14:23:37Z,2026-09-04-33883405707
2026-08-31,43c83debffb08670a8161c6f62761de96ce84f698cafddc7b527503768263ef5,2026-09-04T14:23:37Z,2026-09-04-33883405707
2026-08-31,440fc4c7888dc5a173bbfd3157d33defd723fb07512ac499ee92874c0bb065b4,2026-09-04T14:23:37Z,2026-09-04-33883405707
2026-08-31,446729884b8ae1fc610fff92484689662960828d7760f7d18356015fe6c21dbd,2026-09-04T14:23:37Z,2026-09-04-33883405707
2026-08-31,448bd01eebd3a40a5ec1e528924883cad1fd6c5eee4991299b9eafd61cab5302,2026-09-04T14:23:37Z,2026-09-04-33883405707
2026-08-31,44afc5bec1710b83bf018c9177952510e568a203d1f2ffe6dfd5955a8ded5641,2026-09-04T14:23:37Z,2026-09-04-33883405707
2026-08-31,45461c7ccdb5c130f16f57083c9d1e2804dd7caddb54be8c7c601e08381ff209,2026-09-04T14:23:37Z,2026-09-04-33883405707
2026-08-31,456c63dc11975a73e1527f41b1313faabb325c88dd2aafb77126d566c1638559,2026-09-04T14:23:37Z,2026-09-04-33883405707
2026-08-31,467268e641e9e117e7d288a98ea109b1b04da60a130429cdd4f9be3f38a353c8,2026-09-04T14:23:37Z,2026-09-04-33883405707
2026-08-31,4781150dc2ae777cf3a58ca41033c67039c0a4ca584e1a94d57e69809f856396,2026-09-04T14:23:37Z,2026-09-04-33883405707
2026-08-31,47b396466ddff3df308af07567b3750adc3eb533925a44dd2191ebb7818711ba,2026-09-04T14:23:37Z,2026-09-04-33883405707
2026-08-31,48088f82d11f2dd244825e02a7c6a11988987e47d11d4244483bb2fd4b51d219,2026-09-04T14:23:37Z,2026-09-04-33883405707
2026-08-31,4812b1f57eee49c34c445ef02fddbcf1999a0c64f6a03ebf5729a0232c782e8c,2026-09-04T14:23:37Z,2026-09-04-33883405707
2026-08-31,4878116c8c5433639e571d4efd9679b810494c3a8dd28d49e367bc22a2aaeeba,2026-09-04T14:23:37Z,2026-09-04-33883405707
2026-08-31,4879874ce5f6e725435d7f28e8b22909420d74b659b9b7764944c8381e79a1d3,2026-09-04T14:23:37Z,2026-09-04-33883405707
2026-08-31,48fb4b0c23d744beed3cc47cef98e9d6750627b31ebe6e598553420fff95bb43,2026-09-04T14:23:37Z,2026-09-04-33883405707
2026-08-31,498e8592b2e97c3404d54694a8acb818da234ed19ab478752c909b69a438dd94,2026-09-04T14:23:37Z,2026-09-04-33883405707
2026-08-31,4993525d7ee60e8b0637bf72c5cb139c14f7ebf03f43b5ce85a7b15336f79c0e,2026-09-04T14:23:37Z,2026-09-04-33883405707
2026-08-31,49fd9294e10eb91d18496c135ef6ad3daec4b915678034b4571b3fa4fa563325,2026-09-04T14:23:37Z,2026-09-04-33883405707
2026-08-31,4a41ad4c9dd142c36670ae43f13bac7ed8254e4b4bcc0b78b8f3567b95a911ae,2026-09-04T14:23:37Z,2026-09-04-33883405707
2026-08-31,4b01fb72c1ced5afbc9aeae06700bfd04612d0e9bf31f8b405c02cdfb3fb4618,2026-09-04T14:23:37Z,2026-09-04-33883405707
2026-08-31,4b7331978acd1f6afad11262f88d4b3db650c1d001628b66490a25d2cb27ee17,2026-09-04T14:23:37Z,2026-09-04-33883405707
2026-08-31,4ba94f247f96b78926da12a504c499a51e4144f362bcfad98b3879ab8c302881,2026-09-04T14:23:37Z,2026-09-04-33883405707
2026-08-31,4bd04b5b69d4289c033a7e2ea3b95f2dd810fa7239a034a11f15e93e62734645,2026-09-04T14:23:37Z,2026-09-04-33883405707
2026-08-31,4d99f8725027bb6db7b2485c76ce7103527fa2df94bd832f4833a8d2845795a3,2026-09-04T14:23:37Z,2026-09-04-33883405707
2026-08-31,4e7dca648b9f8a37379c92194c1e4ba3c88e010ab63d23cc7dc346aa6f8eab3e,2026-09-04T14:23:37Z,2026-09-04-33883405707
2026-08-31,4eeed565e7a3b6f9e67a628547bb876485fc448174bf985ff4a64104c810092b,2026-09-04T14:23:37Z,2026-09-04-33883405707
2026-08-31,4eff8b9b5fa285bbe7d2ca00f4c0b92fa014a6a140a8bf6077c8db46cbddf062,2026-09-04T14:23:37Z,2026-09-04-33883405707
2026-08-31,4f0cc49481a2d6e85d0e2450fcb00d500ca9e96c75263b67c0566cae17edf7d0,2026-09-04T14:23:37Z,2026-09-04-33883405707
2026-08-31,4f1bbe8799ef3f85d718cd7468a37ef9752e4c1bc88cb6d0925a0b77110f2db0,2026-09-04T14:23:37Z,2026-09-04-33883405707
2026-08-31,502ff1991b26a5282a30e1c3fa857e21c27319629f2c3626ad1c02095719d482,2026-09-04T14:23:37Z,2026-09-04-33883405707
2026-08-31,50363f02e698e4ef318618a7e64550cccfdc6364025d4186ffb27b08f1f134c8,2026-09-04T14:23:37Z,2026-09-04-33883405707
2026-08-31,5066965d40a8d0d3c2e2622bf325219295ab43c34e14f1b45a171ea354b6e609,2026-09-04T14:23:37Z,2026-09-04-33883405707
2026-08-31,509b9712321054cb3141d762a3ff7f6e4c5a1c8bcdad6907180eb1ad32411b94,2026-09-04T14:23:37Z,2026-09-04-33883405707
2026-08-31,50a6d48b0874febc55d8cd29412dd85b390249ade5c5dc5f7a0c87f2b35a6e6d,2026-09-04T14:23:37Z,2026-09-04-33883405707
2026-08-31,50e462e12a584adb78961c8a86dcb56e27f4cc6032520f285c2122cd7ff73aa4,2026-09-04T14:23:37Z,2026-09-04-33883405707
2026-08-31,5147893601c1fe5e38c9f578cacfbfd56120a07c9dcdd3e8d49b5ad90935ddd8,2026-09-04T14:23:37Z,2026-09-04-33883405707
2026-08-31,51b929cc361bc5b87909e3fa3c94cad0b08278c00d8e0ebab61bc56aa01d36dd,2026-09-04T14:23:37Z,2026-09-04-33883405707
2026-08-31,51c722ed9b568d8e830eaf902258eee2c52bfeb0781fd592ecd8ec27d61bab9d,2026-09-04T14:23:37Z,2026-09-04-33883405707
2026-08-31,51d56c6ad2dd6daa2bd53f13f53b914a72b64a7eecfac920aa8cf0a3ce2dbbbe,2026-09-04T14:23:37Z,2026-09-04-33883405707
2026-08-31,52297103207ef18c402b86f6e8e8cf78fc11e028f26299490717781b7fcc76cf,2026-09-04T14:23:37Z,2026-09-04-33883405707
2026-08-31,527f1a3f60b1d7e0d63593c84987d6f1d74a2b53725b969c37244c3a9059727f,2026-09-04T14:23:37Z,2026-09-04-33883405707
2026-08-31,52cd546f6567818570a0a12c88f28e95a4d4b443e2c480abd13490d4f15ff19f,2026-09-04T14:23:37Z,2026-09-04-33883405707
2026-08-31,52d3841c734a163544d5e94d00f8b84d0397cd28f4466b10cb9e6dfad1ad27c0,2026-09-04T14:23:37Z,2026-09-04-33883405707
2026-08-31,530b37188c053ede8266b8a4a3ff804fa87770dcdfe296f34ac9c4d84a543158,2026-09-04T14:23:37Z,2026-09-04-33883405707
2026-08-31,536c11521b88e64d1a352a3f046383444baa023e6702c0b856a965ce254b0d00,2026-09-04T14:23:37Z,2026-09-04-33883405707
2026-08-31,53ecc0c763bbdf2d031e8fb2c41357d1be0d6861b5f8a15737f6f754d568fe50,2026-09-04T14:23:37Z,2026-09-04-33883405707
2026-08-31,5429f371f783ce08b63675331e27cecb22cf3a7ffd9180fc35d55d2d5a5a9b77,2026-09-04T14:23:37Z,2026-09-04-33883405707
2026-08-31,5444efdd8fc08102ceb2c2d4646c85f2e15850cd14d5d94247e68000a326a01a,2026-09-04T14:23:37Z,2026-09-04-33883405707
2026-08-31,54af907a86c55436cfc446d840694efefd8e4ce9344a2c0b30cc793932df69ae,2026-09-04T14:23:37Z,2026-09-04-33883405707
2026-08-31,54c67070e416272fcfce61639d38863fe1013667302df002706d99f6888d2415,2026-09-04T14:23:37Z,2026-09-04-33883405707
2026-08-31,54eba2c03f3c4fa921c650455280519a01a9439b9c756823e1175c293fab993f,2026-09-04T14:23:37Z,2026-09-04-33883405707
2026-08-31,55f90ab7b50373d50e464d2773fc23b72b275936c74e33fdaae426ae615737b5,2026-09-04T14:23:37Z,2026-09-04-33883405707
2026-08-31,5611ea8915464794af4cc7a76260aafbc0f670b13781156c0c953622085ba6f8,2026-09-04T14:23:37Z,2026-09-04-33883405707
2026-08-31,56e07c69483296a31ee3a139073c699f1a713e18e89253fbfa6a4a83df13f2fa,2026-09-04T14:23:37Z,2026-09-04-33883405707
2026-08-31,56e84e51d0e2a4e0e5b7ad14b499af732cebb9333e904dd3572c89f42acfde64,2026-09-04T14:23:37Z,2026-09-04-33883405707
2026-08-31,57b5540da113563a7bdba436b502404b92b01a8edae16de7c27e8c1b4a5c1135,2026-09-04T14:23:37Z,2026-09-04-33883405707
2026-08-31,5812689a6670f14495b1d9648ceea840cfcd97395bd86982b2157e80daa47b64,2026-09-04T14:23:37Z,2026-09-04-33883405707
2026-08-31,5888571e9b305d18332344072a970e624b7feedd6dd9b4a96f56ed3078d11e61,2026-09-04T14:23:37Z,2026-09-04-33883405707
2026-08-31,58f041ca096910b56bd388d87e66140c83e2b7405ab3d819d17a2ef58eb3eab3,2026-09-04T14:23:37Z,2026-09-04-33883405707
2026-08-31,59147a3a7ce7f77c01a295ddfeaaedc5e96605fa517a9d21de9958c91e633b2a,2026-09-04T14:23:37Z,2026-09-04-33883405707
2026-08-31,5972bfb76d2d72e64414aea2bde84a0965e7b0d1d7649b0f58c73985eb4f9038,2026-09-04T14:23:37Z,2026-09-04-33883405707
2026-08-31,597fb95cbf14a57f888c4a3bc97e13aadd849dbcd82bfe7eff5fcdeb0613a66c,2026-09-04T14:23:37Z,2026-09-04-33883405707
2026-08-31,59f1ff1f0ac5033c649ee35a4246e34e5af4516aaf296f306b8fbd8006c5c015,2026-09-04T14:23:37Z,2026-09-04-33883405707
2026-08-31,5a19bbeceb3ad8774f2af584cb7928ce1c159d9616aac163c5ff502587024978,2026-09-04T14:23:37Z,2026-09-04-33883405707
2026-08-31,5a4e875c115a6d6522ec392056f16f02d2af06c3c5233be49831037a56c11d9e,2026-09-04T14:23:37Z,2026-09-04-33883405707
2026-08-31,5a97226b6638fc62367b2e64c94c545186aa3d0d29dfc04d71e693ffdec41f66,2026-09-04T14:23:37Z,2026-09-04-33883405707
2026-08-31,5c5f2c2213335bd4ec58226aa8f31ed65b2be4d839c955c7f81f71d16aa5e8df,2026-09-04T14:23:37Z,2026-09-04-33883405707
2026-08-31,5cb179ca5ab7367060e79b3399724e459d0e1b89ea8ffc5afabfa4c1b7a814dc,2026-09-04T14:23:37Z,2026-09-04-33883405707
2026-08-31,5cd13a42bf3e1bb44b6682cbc16a033decc365d0fa5ae560b88383f5344d301d,2026-09-04T14:23:37Z,2026-09-04-33883405707
2026-08-31,5dc5ae82be5c5837adc50583d7d80993bea39eaec3645cc9633d2ec003d32ad2,2026-09-04T14:23:37Z,2026-09-04-33883405707
2026-08-31,5e9f6788c0c65a7c3b9d59fea1226b6de0295585229333030532ea2062756e92,2026-09-04T14:23:37Z,2026-09-04-33883405707
2026-08-31,5f7fb474b34b60083e1a1d046225ad55888e12160362eb893646108a658921f7,2026-09-04T14:23:37Z,2026-09-04-33883405707
2026-08-31,5fcd5e89c82757477b7ddf9be408835536d0375f1f5c76d28aa4113ca1cdcfe7,2026-09-04T14:23:37Z,2026-09-04-33883405707
2026-08-31,608f55d7d884296192f2e062528efae376bfd55103c6bb6b5483416a19e8631a,2026-09-04T14:23:37Z,2026-09-04-33883405707
2026-08-31,60d25575d591ba1396121c5cbcde0d5e5d5cc3f7f2eca93a01d4102db696b7b5,2026-09-04T14:23:37Z,2026-09-04-33883405707
2026-08-31,60e7c76a58e54bd2b4230172740a01d829472fb75c03f55d3d94ad811ecbf1b7,2026-09-04T14:23:37Z,2026-09-04-33883405707
2026-08-31,61012c1853e257bbe6b949033a4dc34dd6b3003c18d4f3e51cb6468a12938a98,2026-09-04T14:23:37Z,2026-09-04-33883405707
2026-08-31,623e9b45537b472675b9fd20de1947f4d7bc8bed8a2692f64425a00ec61bd22e,2026-09-04T14:23:37Z,2026-09-04-33883405707
2026-08-31,6270608262b9031b892f6241f1f3a1fe8f6d3baa8d03831cd1b55b11d16c74e2,2026-09-04T14:23:37Z,2026-09-04-33883405707
2026-08-31,6383b1e0e8a0bf972ba5e3579b5e01a9d30b14c0e433fee23f2bfece3c33ab22,2026-09-04T14:23:37Z,2026-09-04-33883405707
2026-08-31,63a3765ecd6befeb981cfdcfcd7c9269d3131099a925308726fa30f89bd6c330,2026-09-04T14:23:37Z,2026-09-04-33883405707
2026-08-31,63b88e648b1d7da040a9c260d6e42ae95acc8ecd52c39d09d5fb7ecd6cfa37aa,2026-09-04T14:23:37Z,2026-09-04-33883405707
2026-08-31,63b942465eb23f123b032d01eda6f37473296b9bd36f2956a62ca60f62e7601f,2026-09-04T14:23:37Z,2026-09-04-33883405707
2026-08-31,647a149ec1a98162d15a6e821b61e5fa16fb7b4d63193d31e0850f976eeb94bf,2026-09-04T14:23:37Z,2026-09-04-33883405707
2026-08-31,64f579ec4fcba36f539588f2c3af4b444ab901feb1ce99718074f77f1ccf73f5,2026-09-04T14:23:37Z,2026-09-04-33883405707
2026-08-31,65368951b47e47165010084b42c672010b14536802491c884deef83042158834,2026-09-04T14:23:37Z,2026-09-04-33883405707
2026-08-31,6615adc00e2a60167f00f477d80d43f49a952acc26a14801d0196cadd4d63882,2026-09-04T14:23:37Z,2026-09-04-33883405707
2026-08-31,6644b1aead48471e0444dd153d9ab31e63bcce7b2af65929dde0517075d1b7d3,2026-09-04T14:23:37Z,2026-09-04-33883405707
2026-08-31,666668b126201bb1f34144d19cbf5a91958eaade5eaf248c529733d7a1ee03a6,2026-09-04T14:23:37Z,2026-09-04-33883405707
2026-08-31,672b8193913840dae813522f161a142f4c229f3b6390713d2419cdef0ea7deb2,2026-09-04T14:23:37Z,2026-09-04-33883405707
2026-08-31,676c49650fb656e96e946f79d3ae11eee71c59013ca26bc900a05cfcf012942c,2026-09-04T14:23:37Z,2026-09-04-33883405707
2026-08-31,677cf8cf3d1f746074e374fa20d7254b24fff61d874a85c5cb77aa6c6227bf23,2026-09-04T14:23:37Z,2026-09-04-33883405707
2026-08-31,68443bb73b8d62c078570222383578b07d0f567d3c16ade2e60314a0cc5af454,2026-09-04T14:23:37Z,2026-09-04-33883405707
2026-08-31,68700b8684f0484583ec6d2d146e91cae8f4203bca9b3e4a4848149e36fc1bb9,2026-09-04T14:23:37Z,2026-09-04-33883405707
2026-08-31,69abc783bdbcf344b79c1bd09d9528f44937b8defae08523eb3a3376c9536607,2026-09-04T14:23:37Z,2026-09-04-33883405707
2026-08-31,69fdc227fbe2dc4443899871782f3b0e7f4e13f36a8dbfa76b3eff6608a25fe3,2026-09-04T14:23:37Z,2026-09-04-33883405707
2026-08-31,6a54a1fc530def0a05b929e410563d4a84745356e250a82d08ac44e764eca49a,2026-09-04T14:23:37Z,2026-09-04-33883405707
2026-08-31,6a5df2090e8c884e2004e46e8b4e88f2137abb65ce983825e01a154b5d868dd8,2026-09-04T14:23:37Z,2026-09-04-33883405707
2026-08-31,6b07bc5d5bd4e331d9ab7f0a50b8156135f9dee9c5566dfd3de7233d6e27a33d,2026-09-04T14:23:37Z,2026-09-04-33883405707
2026-08-31,6b4783b10cd6dd21dca350b773a311095770a8d9440d695b1041cd36969f2a47,2026-09-04T14:23:37Z,2026-09-04-33883405707
2026-08-31,6c0dd6ad079afae413fb4e9bfaa8849e16b201b688b70d6c889ba05cdeea0340,2026-09-04T14:23:37Z,2026-09-04-33883405707
2026-08-31,6c7cc92d076f754697abda60163749e730bc23909d998b3976ff98776292642c,2026-09-04T14:23:37Z,2026-09-04-33883405707
2026-08-31,6ca3c4c75574980a3ccde14830c62a338a468f93dfd151b04fadc06fb7401687,2026-09-04T14:23:37Z,2026-09-04-33883405707
2026-08-31,6e88dc6807d8d588c83c157c3c89c8a80bca480b5129ccb4f8d04681470897fc,2026-09-04T14:23:37Z,2026-09-04-33883405707
2026-08-31,6f0b37e3eb11809c479d508455316f5bfa4a4548140b71d4cb71ee833ec33a1e,2026-09-04T14:23:37Z,2026-09-04-33883405707
2026-08-31,6f1b5c5e3dc32a2fae512d31bc986c39ea4d69e5100ec82985143ff06002e59f,2026-09-04T14:23:37Z,2026-09-04-33883405707
2026-08-31,6f4e7fdc2d1e76f450eeaf0a60195b768b3e91a66d4341779535a896028381ce,2026-09-04T14:23:37Z,2026-09-04-33883405707
2026-08-31,6fa5ba44451320ab6d9ed144eae04886dee44249cb10cd5f2672e75d20c7ea49,2026-09-04T14:23:37Z,2026-09-04-33883405707
2026-08-31,6fb2587ad0adf1fd25198de5535d828c40088a80308f9a665b91da678c439f40,2026-09-04T14:23:37Z,2026-09-04-33883405707
2026-08-31,703c23b403584c0966b96c5487fb3fe21f29fcd2cdbb2f029f1844e5da596306,2026-09-04T14:23:37Z,2026-09-04-33883405707
2026-08-31,71891725ae0b2e7fd9d521e18d0ce4da56b92dc1db053e7dbe9d4df98af6ca53,2026-09-04T14:23:37Z,2026-09-04-33883405707
2026-08-31,71b07e1e1c8229492f77fefcf6a4f7ff5971a458da0096d855be66c4f2ca5a0e,2026-09-04T14:23:37Z,2026-09-04-33883405707
2026-08-31,71bdb91c3578dfcdd38455a23eff66e1cd98b33fb6ab2657fa6bb36d25a7beef,2026-09-04T14:23:37Z,2026-09-04-33883405707
2026-08-31,71d183de0c14eb72f52fad0c1d8d9baf23a0c4057d200c8ff426af90915a77a8,2026-09-04T14:23:37Z,2026-09-04-33883405707
2026-08-31,71dcd1ea35a40a558cce0757b1ac71fa645ca66eed54fa68803df2ec0ecd4b64,2026-09-04T14:23:37Z,2026-09-04-33883405707
2026-08-31,7216fbcb87d34bb471431ee75922acac154ba2b58d4084572c1d81b6e95b9417,2026-09-04T14:23:37Z,2026-09-04-33883405707
2026-08-31,7218fb746e64efd32578c608d0b7f43a760655030a305f9b7fbe9469826019f7,2026-09-04T14:23:37Z,2026-09-04-33883405707
2026-08-31,726e5a48a1cac51ed89fb70a82ab4e0880f9a564eb13125c28212562092bcf3e,2026-09-04T14:23:37Z,2026-09-04-33883405707
2026-08-31,72ab6f5f755d804803d37c5958bfd8880df095ffb2cb310095fceeb7a10aae9a,2026-09-04T14:23:37Z,2026-09-04-33883405707
2026-08-31,72b4891088c908a480bd0fd79db776b555d6387233576f827f138a2d10abee5d,2026-09-04T14:23:37Z,2026-09-04-33883405707
2026-08-31,72c7f058d030c0ec24b394b6ed492abc84921f156d2bc30f7694818fc144d98b,2026-09-04T14:23:37Z,2026-09-04-33883405707
2026-08-31,730695d1fd1be66e8f84002fdf4f09e72bb5c5dddc9fe4b64034c14fa4d2b98a,2026-09-04T14:23:37Z,2026-09-04-33883405707
2026-08-31,73a7282f97aaad57d7e2a8d9fe4eb385778f0f69563d1580d6df3e022aa3aaeb,2026-09-04T14:23:37Z,2026-09-04-33883405707
2026-08-31,73e7f4dfb287e426e9c765a4f1dcb406058a4bd06909274b1d64d1dc8ef5c5e6,2026-09-04T14:23:37Z,2026-09-04-33883405707
2026-08-31,744c64871e24edee7632d6897583dc661c5ad64d2e821469a9ab8d2eba5a6591,2026-09-04T14:23:37Z,2026-09-04-33883405707
2026-08-31,746a9e4872c3b5a84dbab18de34cf248a0c19d5152bb0049e0a9e4efd44a7487,2026-09-04T14:23:37Z,2026-09-04-33883405707
2026-08-31,74d438d63bcd37b94c7743f445dc03e88289d46f71c552f6df6f63131f8a40ff,2026-09-04T14:23:37Z,2026-09-04-33883405707
2026-08-31,758eef12ee384e19f506da2049578ee251662ba16b914389bdc85b404021307c,2026-09-04T14:23:37Z,2026-09-04-33883405707
2026-08-31,768362f88504c6ce362ef9957268236f03f8192f3b2223d9418e3b24ce273026,2026-09-04T14:23:37Z,2026-09-04-33883405707
2026-08-31,76af3ae65d48e40193dc9de4791a17cc613558822efb1a2012c426073a004541,2026-09-04T14:23:37Z,2026-09-04-33883405707
2026-08-31,76e057b86c16009dea427478fd0ec8a6282d8279147c510bfd0f9a72b1033943,2026-09-04T14:23:37Z,2026-09-04-33883405707
2026-08-31,774be532f092b6b5e7fb3b1742f6382249cd2e2f75239a18bdf1d0bfcb8bbc7d,2026-09-04T14:23:37Z,2026-09-04-33883405707
2026-08-31,77e51a3a29f1e511746af70d311ba7449d4542d0ec0d133833386c485edab72b,2026-09-04T14:23:37Z,2026-09-04-33883405707
2026-08-31,786e8dfd18d7f86c507f10fe598f3473e49b3e816717b0de1b97606350dedc9a,2026-09-04T14:23:37Z,2026-09-04-33883405707
2026-08-31,7870731c7d3eae45f30a58dde513e40d01ddb14f7166574ae3f76116c9ac06ee,2026-09-04T14:23:37Z,2026-09-04-33883405707
2026-08-31,78f8c854fe2b5e1bb8e3761ac66ab3561ffac1dba619e7107061c1333ebafbc3,2026-09-04T14:23:37Z,2026-09-04-33883405707
2026-08-31,790a4f69b66349a141b853ded5d4a77f2783b7ed262af0e92810a691fcb6d717,2026-09-04T14:23:37Z,2026-09-04-33883405707
2026-08-31,794e96f3e1783fdd75f90fa0701177869b047dc77717f30156e9e2eb122b29bf,2026-09-04T14:23:37Z,2026-09-04-33883405707
2026-08-31,79c55044cb06fc7b5c42d976496567e3a80cfd94e8ccfcd079f2607b42a430a5,2026-09-04T14:23:37Z,2026-09-04-33883405707
2026-08-31,79e920c07546732297588669cf3b87547f709913bdb4c5218829dab33b7b5801,2026-09-04T14:23:37Z,2026-09-04-33883405707
2026-08-31,7aca80dfa33d0923b91d64a485d2bcd160f8755b8f9967c0c5bf95266ef003d5,2026-09-04T14:23:37Z,2026-09-04-33883405707
2026-08-31,7b9d268f363517f7e57e15f276fa29cdb35e527ccada0e4031d2dd466679ec97,2026-09-04T14:23:37Z,2026-09-04-33883405707
2026-08-31,7cbc0f2fbda4507384a7f7c2c0f1a4e9ccce2458990d7cc0e9b0c07e86b1483d,2026-09-04T14:23:37Z,2026-09-04-33883405707
2026-08-31,7cc1fd622f722115be81b93c9962db5d611c681abe72ce89a932b75a8a7b16b2,2026-09-04T14:23:37Z,2026-09-04-33883405707
2026-08-31,7d7bd24277fe948bc8bb2ff17c758b7d41eabdc244ecf4e245b48b5c74a1f9e0,2026-09-04T14:23:37Z,2026-09-04-33883405707
2026-08-31,7dd1d594c01dde9989c75db6e3169da2d134d43dbac84b43218c0e5a2aea79d2,2026-09-04T14:23:37Z,2026-09-04-33883405707
2026-08-31,7e8cc7e793e3f5b9e46406099eee38e30af5f16aa05215a065438c0fcaa383cd,2026-09-04T14:23:37Z,2026-09-04-33883405707
2026-08-31,7ea2616174ec19ff30fb2491f1b086b5c36b24c1ced9d7b9850b3c4c0b8712e3,2026-09-04T14:23:37Z,2026-09-04-33883405707
2026-08-31,7f96c3def74b582e95b47278c691a2eef0009687c064dab865b369f35382c53c,2026-09-04T14:23:37Z,2026-09-04-33883405707
2026-08-31,806f2efe91c11ee9d3b94998f2cdc6709d1d438b347227cb31157d85463d56ee,2026-09-04T14:23:37Z,2026-09-04-33883405707
2026-08-31,81c8a2bc427f30f07724113bfdc21985233b74b7920d9e31902ab4c45dacd69e,2026-09-04T14:23:37Z,2026-09-04-33883405707
2026-08-31,81fd45efc4a73467acd26d78175790e1e82585eaa052e406db32dbb75ea996ca,2026-09-04T14:23:37Z,2026-09-04-33883405707
2026-08-31,826f115c21f332d9e99f924240587b63f110af261dba38e1ef185db6525bb167,2026-09-04T14:23:37Z,2026-09-04-33883405707
2026-08-31,82ec627f2dffd810cde030fee9e8a3c71323befad2bd5f36f85c05981db3081c,2026-09-04T14:23:37Z,2026-09-04-33883405707
2026-08-31,8391a7565e2ced78a617d2ceaf2f3c530d4b4d65535663c878bfa11538aa3c3d,2026-09-04T14:23:37Z,2026-09-04-33883405707
2026-08-31,8418a9b51be4e37308bcfc76028619b14f48587fd79b35edd6c074d74c640d36,2026-09-04T14:23:37Z,2026-09-04-33883405707
2026-08-31,841f5e4502f39e04ecf7c9534a577a04dffaae8f359c1b53f7dba4a16f9222af,2026-09-04T14:23:37Z,2026-09-04-33883405707
2026-08-31,8421bf18273605a528b8b0639e7d2cb4221a030966182055365f0b40325a688a,2026-09-04T14:23:37Z,2026-09-04-33883405707
2026-08-31,8447ffc142e1cfe2059149f69d25a8e5308569d19b601b01b6c7e7ca2c28cc2e,2026-09-04T14:23:37Z,2026-09-04-33883405707
2026-08-31,8464d7f63f7d652226129b612293f941ed069661a31a0225df7db34d7770a0b2,2026-09-04T14:23:37Z,2026-09-04-33883405707
2026-08-31,846b75a28150a5c84b44939c464c2e91a42630043b18fcc6aac568c64f5ab806,2026-09-04T14:23:37Z,2026-09-04-33883405707
2026-08-31,8549643fb68125787a5b94acba760a86f437cc05c95297fa9dd42c0802f6df57,2026-09-04T14:23:37Z,2026-09-04-33883405707
2026-08-31,85f4095d0c96fe706584b31e97f0ad819711314485993f7bb831c45f50e7e14a,2026-09-04T14:23:37Z,2026-09-04-33883405707
2026-08-31,862e491b6844096ae445063908f940a194bf534353264c172d5cf398553eb762,2026-09-04T14:23:37Z,2026-09-04-33883405707
2026-08-31,8632fa020100e756e865505efcc8bddf53e70322ad8ed5fb9398f6efb43c0bb7,2026-09-04T14:23:37Z,2026-09-04-33883405707
2026-08-31,863ea9d68554c05ed039b978e0ea5824f715f95fb418028d52f8b1d39bfa5bd4,2026-09-04T14:23:37Z,2026-09-04-33883405707
2026-08-31,86a2272d2bda460f232ed8fef18b61023615ccfe00580a65f9ccb41de6710f91,2026-09-04T14:23:37Z,2026-09-04-33883405707
2026-08-31,871d41cd7eb9475f4fc7cce6c138d75eafe8bf430823df885d4a537330cff28b,2026-09-04T14:23:37Z,2026-09-04-33883405707
2026-08-31,878944672774d169eb63ea94f4862383b05a3e5f506c2d230745b93e16586ac0,2026-09-04T14:23:37Z,2026-09-04-33883405707
2026-08-31,878d9928e8b007f981e76352b1da2d5ef17ed2003a55c6f92a096bb8b19ad1ef,2026-09-04T14:23:37Z,2026-09-04-33883405707
2026-08-31,882a018dfb4fc639af80860a8a3251ea23f1d21dec8299c4f21c3135f63351d8,2026-09-04T14:23:37Z,2026-09-04-33883405707
2026-08-31,883eb345f87cecd0aef6bb089247613056ce4429ee1027d6729ff82af3b1ec83,2026-09-04T14:23:37Z,2026-09-04-33883405707
2026-08-31,8849c3c07b38bf64d4047ff6fdd66ea53f1cd3e0519591eaf3a4868a3e5f4f24,2026-09-04T14:23:37Z,2026-09-04-33883405707
2026-08-31,886d649c27fd497421905ba17d94fe38385057d09bb5f89ddb8bd98eee23199c,2026-09-04T14:23:37Z,2026-09-04-33883405707
2026-08-31,8911c067753e2571f0b6405adc63f3f1bccbfc48663b079867356ae404f308d3,2026-09-04T14:23:37Z,2026-09-04-33883405707
2026-08-31,8946b9984b12f11d7acc5276abc739d3c0c84d2b1da5178d02479bd26170bf21,2026-09-04T14:23:37Z,2026-09-04-33883405707
2026-08-31,898c9002ffc97502db65d1314a8fcee18d673985fc92bf180daaf1dfc77b9bcc,2026-09-04T14:23:37Z,2026-09-04-33883405707
2026-08-31,89b89f7a4c986f67e7970f101f7a9bffd26f083911c2628626fde98080f17650,2026-09-04T14:23:37Z,2026-09-04-33883405707
2026-08-31,8a0f6c5e7368ee3754952c6f445fa41ec9528b89f2a1623dbf0eb32773e2ea05,2026-09-04T14:23:37Z,2026-09-04-33883405707
2026-08-31,8a50df4d70f896481176e3b27a47fdc7b2c091485c0a8cd5a0ad116e14dfacb1,2026-09-04T14:23:37Z,2026-09-04-33883405707
2026-08-31,8aa048c5287a401a9d24fa14b69d8be4043ce75ed61fd7b7be016ba59fcb552c,2026-09-04T14:23:37Z,2026-09-04-33883405707
2026-08-31,8b37aa76a386dc5142df8e945ae8475b156800bf06eef8e318fc9de2f27abfa3,2026-09-04T14:23:37Z,2026-09-04-33883405707
2026-08-31,8ba650c7d0592ffe56dc3a4a53179af0395d7269533e65d011d650e2063666e5,2026-09-04T14:23:37Z,2026-09-04-33883405707
2026-08-31,8bc1d956b74141c36a5e41d45456f444d5dfe580838dd2934f62303f8dc1c0a1,2026-09-04T14:23:37Z,2026-09-04-33883405707
2026-08-31,8de98de95f9090ff92245fafa7f35e9667123152f1f266176f4b3080bf21f822,2026-09-04T14:23:37Z,2026-09-04-33883405707
2026-08-31,8f1f2acd045983c96026aa754dda65bb09a7d44bb83df253c9f5d59ee33c41dd,2026-09-04T14:23:37Z,2026-09-04-33883405707
2026-08-31,8f5c30bcb31da68e68f8b0f2875de1d0340d83a12f8860a4d7affa8f5ac21556,2026-09-04T14:23:37Z,2026-09-04-33883405707
2026-08-31,909e54d15e6be1eb7437dad70e25b6b67f4592d304cb0fc62d28ce82813a2398,2026-09-04T14:23:37Z,2026-09-04-33883405707
2026-08-31,90ab28a389f170c16d2b94f3518800d3003c47f427f5d096d2e7c48638853526,2026-09-04T14:23:37Z,2026-09-04-33883405707
2026-08-31,90ada116e67508ac10ebc26f06843f26bac863faaa2edc37ffead6f84774370d,2026-09-04T14:23:37Z,2026-09-04-33883405707
2026-08-31,912532e75bbd8e6de421457769f0f47017ce1f5275c61b093ae8f07a5ded18ce,2026-09-04T14:23:37Z,2026-09-04-33883405707
2026-08-31,91999395a695a1dea4f1ea996003a785192802324511f827bc003bd40c92aab8,2026-09-04T14:23:37Z,2026-09-04-33883405707
2026-08-31,91f29e4891ed43b61c4f54f3199470a6ebca504b3eb302f05ce67ddbc1d21e10,2026-09-04T14:23:37Z,2026-09-04-33883405707
2026-08-31,92309266554c1bc120e4ae85487af3807ee2a19513937cfed7c819578bdd312b,2026-09-04T14:23:37Z,2026-09-04-33883405707
2026-08-31,92ab61ac25b21ff8e888e867dda671e3027182631a559d2a24f0837d4812bcd7,2026-09-04T14:23:37Z,2026-09-04-33883405707
2026-08-31,94394e90ad1044d834b84ccbd5c3c5a7b53617f2e7fe0bc27e621b882d1621f7,2026-09-04T14:23:37Z,2026-09-04-33883405707
2026-08-31,9481ab2a40a9a9c32e85292cc053f171c5e1e11073dafaa6f31b783bf6209acf,2026-09-04T14:23:37Z,2026-09-04-33883405707
2026-08-31,94eb45d814ecd2657982b18906c39488f272654446b1e1786e05ddc1a0765dfe,2026-09-04T14:23:37Z,2026-09-04-33883405707
2026-08-31,95eae4dd1b2d6a809fad8feb2954171ebb93d8710f86b466b29fe99b98ae3057,2026-09-04T14:23:37Z,2026-09-04-33883405707
2026-08-31,9668b98ff664486f8e56a2e8a53e7cc630c299d89973744213e4b0c99158f683,2026-09-04T14:23:37Z,2026-09-04-33883405707
2026-08-31,9688b5432bd2fd787d400d190d487b65dd7d6a76e2dcd01b0eb389ebf3a7e821,2026-09-04T14:23:37Z,2026-09-04-33883405707
2026-08-31,97094475a3fd06cf229819ddfa23e911005b428dedb29f89525af1c35e09cafe,2026-09-04T14:23:37Z,2026-09-04-33883405707
2026-08-31,977eb66d1154e410bf6534e89ee885c0c98104a8f003b9c7ae1e685005c64747,2026-09-04T14:23:37Z,2026-09-04-33883405707
2026-08-31,989c991cbc48de8e4672e304cf909397bc30fa72d8828c41066a9d63f4ba0278,2026-09-04T14:23:37Z,2026-09-04-33883405707
2026-08-31,98b3403c07a75a5d56b0d921af81de59f3226dc0c030c2b1a9ab0788dae183f5,2026-09-04T14:23:37Z,2026-09-04-33883405707
2026-08-31,99c67b227c0ba018e03aab3c85c81f9b0c381ddd475c9e566bd56a6fecb1f51b,2026-09-04T14:23:37Z,2026-09-04-33883405707
2026-08-31,9a0c618087226ca3ecd7301724e6a4af6d3d721f28411a7002c7bcf51f126c9f,2026-09-04T14:23:37Z,2026-09-04-33883405707
2026-08-31,9a34253c8b4220117fb266531cb5f5101f964f6f85a8ff43a6cd3a605719e4be,2026-09-04T14:23:37Z,2026-09-04-33883405707
2026-08-31,9a96e6200f48c0ea6eacb2a1887ba97d57b5c58b3833fae25ae19eccb156f6fc,2026-09-04T14:23:37Z,2026-09-04-33883405707
2026-08-31,9bb2d16f03564af675e472037c41cc68643183285f19ce69a4b69dba98c3febf,2026-09-04T14:23:37Z,2026-09-04-33883405707
2026-08-31,9d08b5f7305c85b9f0fb7562573bd49d40e521cbf36493d4a66946a8da8d68a5,2026-09-04T14:23:37Z,2026-09-04-33883405707
2026-08-31,9de3062dfefc8fc9b59d93fca274ba83f7c424dfef556d623d07c5171f1e8b6d,2026-09-04T14:23:37Z,2026-09-04-33883405707
2026-08-31,9e8ff06a73e4a551dfa76b615f49cdf875ce4015c8d0652bd89e4e8f6a0d5e76,2026-09-04T14:23:37Z,2026-09-04-33883405707
2026-08-31,9e9fb3343e015c74d7cf21759d61ad5cd6379530066e1b21a2f8f68ba31e131d,2026-09-04T14:23:37Z,2026-09-04-33883405707
2026-08-31,9edea83507db1c6eff3e882a7d2bac7b7929a59c6bd1d030a52c8a242caec372,2026-09-04T14:23:37Z,2026-09-04-33883405707
2026-08-31,9f619782e547e120aa6d6487893aff2f7d57c61f2473ae71f995ec78d2bf055c,2026-09-04T14:23:37Z,2026-09-04-33883405707
2026-08-31,9f825a061e746e972e8b79afaaae40619590f9aa99e92491f051a5103665722e,2026-09-04T14:23:37Z,2026-09-04-33883405707
2026-08-31,9fefbf1b227b4a0a47363bc782f11e0c96d816b061d5e94c3d739f68a900e482,2026-09-04T14:23:37Z,2026-09-04-33883405707
2026-08-31,a02cdd443b281de0b04abc26352ed56a829d0dc86e17ecdf0321b84bcd212b5d,2026-09-04T14:23:37Z,2026-09-04-33883405707
2026-08-31,a0c30c86134efcace133ec29b197a4a872426cfe62fcf14e896829cfe5cfb417,2026-09-04T14:23:37Z,2026-09-04-33883405707
2026-08-31,a10cec1135cf6cff721bf27268299bb56fa1c6b0a23fa234757db8ef6611159a,2026-09-04T14:23:37Z,2026-09-04-33883405707
2026-08-31,a14445fcd0b9b4beefb5cc64368466644de129067b8b7cfbc867caccdc9e26c6,2026-09-04T14:23:37Z,2026-09-04-33883405707
2026-08-31,a1a287719b0da9fec909d62118d7816664d46bf0b51dc116a59689743b20595e,2026-09-04T14:23:37Z,2026-09-04-33883405707
2026-08-31,a1d4f3aeb22b5f2cfa4339d5e4aa82bfb67762f1fa2e1274a1ba607d0b1342e6,2026-09-04T14:23:37Z,2026-09-04-33883405707
2026-08-31,a1d8ec7e24ef1b50bdb07817bad6f9b9d4c2e15edb3b2d032baa5d0561291e29,2026-09-04T14:23:37Z,2026-09-04-33883405707
2026-08-31,a20e7649bd92b4ea7d1a43bf3146877c0fa71a7b4a9580f1a280ffedf97b4310,2026-09-04T14:23:37Z,2026-09-04-33883405707
2026-08-31,a2dea0ba0dd393d11724233eea1043e111de07ef71569b1dfba75115a6455e4c,2026-09-04T14:23:37Z,2026-09-04-33883405707
2026-08-31,a3341a3876fe70a1f61e3014bedb5c54fdca64a8c35f015a22819cc911fb976d,2026-09-04T14:23:37Z,2026-09-04-33883405707
2026-08-31,a3d57e85e266a609e6550d8bb58fb0a02025517dca2cf0e62012ec782e1325a3,2026-09-04T14:23:37Z,2026-09-04-33883405707
2026-08-31,a3e103652c3fc1d660f2cbee5f32b9582b5054d65ef0647b3284d74cc11a8ef1,2026-09-04T14:23:37Z,2026-09-04-33883405707
2026-08-31,a3f5a4741dc5986ce9f94f2732d3374bb3071473e9198e5c2fcd13bce89d4cfe,2026-09-04T14:23:37Z,2026-09-04-33883405707
2026-08-31,a4300e2be84c57f764faabbf87e5237eea52fe1115ac8dd94425567aa7f5124c,2026-09-04T14:23:37Z,2026-09-04-33883405707
2026-08-31,a43e44f6b758e14b416d942054faa47e116e5fb0775671d001b275423ff2ab03,2026-09-04T14:23:37Z,2026-09-04-33883405707
2026-08-31,a465e3aa917d1c760247f5532959913bbe8203bcc32e944c5f13dd71a4aff7ee,2026-09-04T14:23:37Z,2026-09-04-33883405707
2026-08-31,a47a157a801e968836df972230e480d54c507591d1d0f2bb06431f710c2b9859,2026-09-04T14:23:37Z,2026-09-04-33883405707
2026-08-31,a4dd91b41e1d29eebd50450c22fb41337cede1d369065a70b30b40e2c10f9de3,2026-09-04T14:23:37Z,2026-09-04-33883405707
2026-08-31,a5c0c70222ded6e96320e890f1cdf42e62aebdec6678ca1901b8f85c729508a1,2026-09-04T14:23:37Z,2026-09-04-33883405707
2026-08-31,a5fe2c0ae2bc92453ec185fa98f0d36ae291b0667cd8df1089b0cf93f63819e2,2026-09-04T14:23:37Z,2026-09-04-33883405707
2026-08-31,a61344f292ff3b0e9d51264ddceb0bd1cad6cd509e89204fb52a02364c7ab948,2026-09-04T14:23:37Z,2026-09-04-33883405707
2026-08-31,a62184cb0aa62176e63a8d6ebe51a33f50ff5aff7adb2e0d898aedd7bf746fe0,2026-09-04T14:23:37Z,2026-09-04-33883405707
2026-08-31,a63342a39e1b1e9ed6e5b987ae8f64b7a7ee47b4920d66c17a09e69406bbaea2,2026-09-04T14:23:37Z,2026-09-04-33883405707
2026-08-31,a658a6468f343d0f0c5d124d4dc152be23fbcbbb94b5274e1588a59455531101,2026-09-04T14:23:37Z,2026-09-04-33883405707
2026-08-31,a7e814db034b09520fb6230438511b250c6a818eee42d157c08c9328b0029af2,2026-09-04T14:23:37Z,2026-09-04-33883405707
2026-08-31,a81d16dc6352ef5c644a40f807ffdb2c516edbc665b65879cfd680b698602ce7,2026-09-04T14:23:37Z,2026-09-04-33883405707
2026-08-31,a85e55e518f7d9d0c48329ef1423c19c588e486f786a4b3217ca6fc9274b05d8,2026-09-04T14:23:37Z,2026-09-04-33883405707
2026-08-31,a86aceac35473e8368abebefdbd72ba75bd7d3a871ec332a6e95d5bb540c927e,2026-09-04T14:23:37Z,2026-09-04-33883405707
2026-08-31,a88d5fbfe4c17cc8d99bdc06e2019e6aeafdd40e8c9023cc2e75054635c57167,2026-09-04T14:23:37Z,2026-09-04-33883405707
2026-08-31,a896ff98ae4fce673b0bc93816395bd44199377fddc7d919657823739382bb07,2026-09-04T14:23:37Z,2026-09-04-33883405707
2026-08-31,a8ac08b94df12c181512e7395e08cb9f90a7aaa990194ed2cf6764ad9577a45f,2026-09-04T14:23:37Z,2026-09-04-33883405707
2026-08-31,a8f1fed7763bb4a94a76caf9c8e332df0b640b80154b9355b51ffdc304ef5480,2026-09-04T14:23:37Z,2026-09-04-33883405707
2026-08-31,a90a267d72001364855d5c01d3a7685deb9bcfd5411f0b4a62ad4e3fa68a0dde,2026-09-04T14:23:37Z,2026-09-04-33883405707
2026-08-31,a90b6807779ff7100733b138db505eb2d1346b4921253e0efae0a7e942e62ca3,2026-09-04T14:23:37Z,2026-09-04-33883405707
2026-08-31,a90d2c49bc81bc87bb2ea7e4ad3ffa72e360531b02df202e5381b2d6de0828bb,2026-09-04T14:23:37Z,2026-09-04-33883405707
2026-08-31,a93dec95971f9fc3a8c18c7bba2ea3c82accc422c814f0ffcf3909f1e709efb0,2026-09-04T14:23:37Z,2026-09-04-33883405707
2026-08-31,a98e707ee542be70076cbd0528adf623457137919f4d82f383c5c98f5a973577,2026-09-04T14:23:37Z,2026-09-04-33883405707
2026-08-31,a9a13fc2cab323d9a4348b6d2623649c539230a11fc309e7507f05b8a03d3b48,2026-09-04T14:23:37Z,2026-09-04-33883405707
2026-08-31,a9eef0a0fbb1bc1e34204aa22cb1efa30aed062653fbc7d0e8d433e8951160fe,2026-09-04T14:23:37Z,2026-09-04-33883405707
2026-08-31,aa3564b95f52e2d741923964fb1d87d7f9992658f50fce98098151e3b0e8271a,2026-09-04T14:23:37Z,2026-09-04-33883405707
2026-08-31,aaaafb09b560758543f0b739d5954e5f168e41848665d180f4f79051a64c1e64,2026-09-04T14:23:37Z,2026-09-04-33883405707
2026-08-31,abf7753543dc32caafff15a9a1a737d1cfc329ecc05f803395556a3e4a00f20e,2026-09-04T14:23:37Z,2026-09-04-33883405707
2026-08-31,ac394eee80f649325e91b1cf2ac8411e2951d942e73f8db09c791201a5d33f48,2026-09-04T14:23:37Z,2026-09-04-33883405707
2026-08-31,ac498f9cb88b2b6b1207b94e4ea74d500471ca56fbdf82a9a49f663176f9c862,2026-09-04T14:23:37Z,2026-09-04-33883405707
2026-08-31,ac932817ebe776a4f70b0cffdc626561256d9ca7db82440ae63730c03d3dc495,2026-09-04T14:23:37Z,2026-09-04-33883405707
2026-08-31,acfc57410e818476cfd28b6bbe88ab1296ca2e7c24f525d6fa81bd2268efb0d4,2026-09-04T14:23:37Z,2026-09-04-33883405707
2026-08-31,ad4a714fbd2a15c335e5aefd609f05469353e1a635eec3110a0b8d039f19c499,2026-09-04T14:23:37Z,2026-09-04-33883405707
2026-08-31,ad4c1025d68ad353045ddbe6646c1d62530bb3bc7bab3f53fdba09eb266a61a8,2026-09-04T14:23:37Z,2026-09-04-33883405707
2026-08-31,add4c50fcfd8cf06a0415a21dad4bcd9336e25c16741f92b930cbe4e3743be55,2026-09-04T14:23:37Z,2026-09-04-33883405707
2026-08-31,aef0f8aea4a8388eb29909acbbe01bca1027b532f15084de4ee0721d822a909c,2026-09-04T14:23:37Z,2026-09-04-33883405707
2026-08-31,af154eec6b8c0720f41b102b9fa0a22bd7127d963701006fb71984697aa6a67b,2026-09-04T14:23:37Z,2026-09-04-33883405707
2026-08-31,afa1edd63b6714fd7c9092d386b081e6d54afe770ac5603b64b39460f97565b4,2026-09-04T14:23:37Z,2026-09-04-33883405707
2026-08-31,aff42a904936e7be595d3122bec804dde9451418745f60a8968cf33303936167,2026-09-04T14:23:37Z,2026-09-04-33883405707
2026-08-31,b0dc7cab98ac6177db9ef31ba9f7ab564185a6f5b90ce088e6042acc9d316153,2026-09-04T14:23:37Z,2026-09-04-33883405707
2026-08-31,b0e8229775ee10111485b290ee014b1a6d02dda9e81f5577c0732f8f552f0b3a,2026-09-04T14:23:37Z,2026-09-04-33883405707
2026-08-31,b0ec2357b9c5d90e2122b4cb4dd2e564c320c330eedf1a83152dcf89d974a9fe,2026-09-04T14:23:37Z,2026-09-04-33883405707
2026-08-31,b0ff87b07cad07f4b8574c29c3cad9cf05745c45159dfba2806eb5aa4a476daf,2026-09-04T14:23:37Z,2026-09-04-33883405707
2026-08-31,b13985b6d3f4c5073113d9795e47c93a3abf26dec9abe0cbbff3e9b632e53e1b,2026-09-04T14:23:37Z,2026-09-04-33883405707
2026-08-31,b1eed5b5dc6ebcae0526dfb133acc3aad18467fbae15d32ba747d7d40a2db0fe,2026-09-04T14:23:37Z,2026-09-04-33883405707
2026-08-31,b3223ed66a52d2bea617ede47a297ffcc7b073e13cdfdfdbacbfa8b85590e1ca,2026-09-04T14:23:37Z,2026-09-04-33883405707
2026-08-31,b34d127c336f2839c440f4d0093237621d637befed83bf7e66a03062fe7f4ff4,2026-09-04T14:23:37Z,2026-09-04-33883405707
2026-08-31,b35716e604096bb937f9ef0a76710d13bc532b3c3fafddb61e96ac4973fa5942,2026-09-04T14:23:37Z,2026-09-04-33883405707
2026-08-31,b3dbc5baa107ba4b1271f0372372921a468db242284ed19a5c577565c7457e19,2026-09-04T14:23:37Z,2026-09-04-33883405707
2026-08-31,b3f2ea0b18a9fd58a4c7309333043632caa946d026310ea5954efb7bc12daa6a,2026-09-04T14:23:37Z,2026-09-04-33883405707
2026-08-31,b44e0ce20d9835b5befed95d909513a65afd2afeb4a0b1aa48720bc5fb5095d8,2026-09-04T14:23:37Z,2026-09-04-33883405707
2026-08-31,b4f8cba068c32a59b81bc4545d805aac65f066bcd35c3202f14906e48d93fcd5,2026-09-04T14:23:37Z,2026-09-04-33883405707
2026-08-31,b518fbb47f312000b38cd5f34a44dbbd96ad9a913d39fd4a2cca4d15968b357d,2026-09-04T14:23:37Z,2026-09-04-33883405707
2026-08-31,b6044b18bf0803bc547e14f67fe27a8ab7b0ddd93fd1f4c93978dde7a26279b9,2026-09-04T14:23:37Z,2026-09-04-33883405707
2026-08-31,b6d6ecb6643b75081795162d9f6a84364354ce598d4025cb4c8ece16714b4f06,2026-09-04T14:23:37Z,2026-09-04-33883405707
2026-08-31,b6e5ce51606430c3058c164eddc1bcfc038c0f1d8d370a3154729993f6d12fe2,2026-09-04T14:23:37Z,2026-09-04-33883405707
2026-08-31,b79e51e5e9c3f7f72fc9b244403983deefa06fdc45ad229a247ab0f3a40a71fa,2026-09-04T14:23:37Z,2026-09-04-33883405707
2026-08-31,b83fca9d3c54d259bcc33959d3b5b30efea1330531fa4edd47c17c7160548d48,2026-09-04T14:23:37Z,2026-09-04-33883405707
2026-08-31,b8fd2da994a933caabf1afe2afd151b38e5bc47483f2087a6e29622a39f98630,2026-09-04T14:23:37Z,2026-09-04-33883405707
2026-08-31,ba1030f26558014628b1d1a80c10507bff910749e39a815c9fc9c8432031edd2,2026-09-04T14:23:37Z,2026-09-04-33883405707
2026-08-31,ba71c3ce340f8dcae24991e12a2a13a5be6f8c6d4116d8d948fa421ecaee5ce2,2026-09-04T14:23:37Z,2026-09-04-33883405707
2026-08-31,ba89283a1250b69ac036da879d3b4eed0099983b181b657f47e44cd2fd09b3dd,2026-09-04T14:23:37Z,2026-09-04-33883405707
2026-08-31,bacbb9abe184e14da7d8009164be91a7a5a2ad3c4bf0c904c8dfcbf1d9e2cb44,2026-09-04T14:23:37Z,2026-09-04-33883405707
2026-08-31,bc59b7172edb35e58dd770582f778c244aae0ac5c83445a03d2a14e293af0517,2026-09-04T14:23:37Z,2026-09-04-33883405707
2026-08-31,bcd7b5de8b36066ba15c4a52cac30c165fed030605f997b0076c21c42a738890,2026-09-04T14:23:37Z,2026-09-04-33883405707
2026-08-31,bda265d52553e76d8a5a563d9a6fda92981e238f104a57529e56249e3916eddb,2026-09-04T14:23:37Z,2026-09-04-33883405707
2026-08-31,bdc0266ac884965388a6a4f859d78323782e4b5a140cb6e66e0dc94506781ba0,2026-09-04T14:23:37Z,2026-09-04-33883405707
2026-08-31,be5a1140e98fed943d01768086c76de026f5dbb7e7325320e1b0644ad0f34de8,2026-09-04T14:23:37Z,2026-09-04-33883405707
2026-08-31,be690eee6456c49afc93c4903e70eaa65e2831f0177d34a591d3d4df2acb1f8e,2026-09-04T14:23:37Z,2026-09-04-33883405707
2026-08-31,bf1e97ee38c25ceec186264cf1cb5e87cc0f61da89337aa951b16fb4524341ec,2026-09-04T14:23:37Z,2026-09-04-33883405707
2026-08-31,c0eef5b8b287e45f464bbdf0b74cb28a76bfdd28f79eee8a725c61741b167aa0,2026-09-04T14:23:37Z,2026-09-04-33883405707
2026-08-31,c14dccaa5ebc33ef3bba7c6c38179a512f60377038435bae7a8decda6c097d60,2026-09-04T14:23:37Z,2026-09-04-33883405707
2026-08-31,c1503ac6513fc1091f2b67f1913e8762736bfaed61ba915aa0de4c469e316df0,2026-09-04T14:23:37Z,2026-09-04-33883405707
2026-08-31,c239b45f65e1006ea55858cde64c96ddfaff0d80e62fc6e7b15cb6bbd5ef8755,2026-09-04T14:23:37Z,2026-09-04-33883405707
2026-08-31,c2a1fd7fc451cddec7b794705f45a289822a0119689b1f55196e06b3135babd6,2026-09-04T14:23:37Z,2026-09-04-33883405707
2026-08-31,c2d54cc96a249473255ebd8d7a9c32e206bb3fa8da857838d4db9ffa306e90c7,2026-09-04T14:23:37Z,2026-09-04-33883405707
2026-08-31,c2da31cbea9351cd8d4a7c05d597eb11893ce4fa3f85c666b263e38817f4b063,2026-09-04T14:23:37Z,2026-09-04-33883405707
2026-08-31,c36187569f6b2163d944fc010307a9551dddb4cb7a638b0dee2e69fd27eecde8,2026-09-04T14:23:37Z,2026-09-04-33883405707
2026-08-31,c3bc5fcd739d1c11904ee860c656ade9a82f675be7e225cd32e9edf19dd273e4,2026-09-04T14:23:37Z,2026-09-04-33883405707
2026-08-31,c3f0b2c86c142c47798a42a38b471e53c3e9a28cba4c98ae2d0d485f6912d8c7,2026-09-04T14:23:37Z,2026-09-04-33883405707
2026-08-31,c42b44c09a416662340c1ced60776ce64840092b6ad38da12e194aa10d8a8a5f,2026-09-04T14:23:37Z,2026-09-04-33883405707
2026-08-31,c44232e7cba602077ae42ba3451dcacd55576af1cdd179a18d7da61d28a4099c,2026-09-04T14:23:37Z,2026-09-04-33883405707
2026-08-31,c5081e3ebaa36e7ed7f418bf450982386249696e4c4b5c532049d6f604d4db85,2026-09-04T14:23:37Z,2026-09-04-33883405707
2026-08-31,c56d12fa4f859479b5951bfd4f4ee6c86af319bb0819babd972d631a708676fb,2026-09-04T14:23:37Z,2026-09-04-33883405707
2026-08-31,c58e4e59b44cf47c325c657a53680138995e7bc6e1b33b6b08e600e9e1b81fbf,2026-09-04T14:23:37Z,2026-09-04-33883405707
2026-08-31,c5f63b7a23ccf608838007d972b66c25586a3c09c1794648d2d682a257a6ff28,2026-09-04T14:23:37Z,2026-09-04-33883405707
2026-08-31,c6306aef0c185383f6630dd36db59be76afb4d248274f250eea79576e6bb6244,2026-09-04T14:23:37Z,2026-09-04-33883405707
2026-08-31,c7227cbac6537492384552354e3dde8e73d5d0e57a4b525cf604945a213f9687,2026-09-04T14:23:37Z,2026-09-04-33883405707
2026-08-31,c74612c6dbd66268ed8bfd575dcfa533f6120bdf5b0510fd78fc3ff0dab42e48,2026-09-04T14:23:37Z,2026-09-04-33883405707
2026-08-31,c81ac6a8ea9b500eb71489e993fae8ac05a72181455ac7e2279a3025c8798206,2026-09-04T14:23:37Z,2026-09-04-33883405707
2026-08-31,c8297dddd6311d7cdd8b02e97fb10555b6fbb6222c4035dc8f23b8686ac39d55,2026-09-04T14:23:37Z,2026-09-04-33883405707
2026-08-31,c85bda80146a0484e69aaa5d2da93bb865c15c6356b220a5db4cc65a37c61b81,2026-09-04T14:23:37Z,2026-09-04-33883405707
2026-08-31,c8e5690a894c6a90d117012f5f02dc8f18d640c51e51b350c0e5498d70b08fac,2026-09-04T14:23:37Z,2026-09-04-33883405707
2026-08-31,c8eea82e88f764b33a4fcd22c8211f323ffa0a248f99e3cb65a704eb018d4ac7,2026-09-04T14:23:37Z,2026-09-04-33883405707
2026-08-31,c9ccc2f2ed31db729d7943aae04a3a35ccb9fce8cfd53d8766170e02cb0dd0db,2026-09-04T14:23:37Z,2026-09-04-33883405707
2026-08-31,c9f83b1dc72a80737d9e071c15963a39400cfd7bcbafc04c5ed95dafb9c4a5e9,2026-09-04T14:23:37Z,2026-09-04-33883405707
2026-08-31,ca914d04d130ac91242fc12650888cefdd4bf6502ff58f2303c0fd73fda68b7c,2026-09-04T14:23:37Z,2026-09-04-33883405707
2026-08-31,cacb3c5de3d37623863ffcdf9c37ddbf337d2b60128ca0a16386439d336f0229,2026-09-04T14:23:37Z,2026-09-04-33883405707
2026-08-31,cad72315be83281f2728467bbcd09fc18de3cb6989decab6518d26166b80ab66,2026-09-04T14:23:37Z,2026-09-04-33883405707
2026-08-31,cb2bcb0b0f5c4bf732bec4ff34ba703547c28f9840fa03f6515768f6a3f8b2dc,2026-09-04T14:23:37Z,2026-09-04-33883405707
2026-08-31,cb9bc11b1e0634518f18ded34e31a7b0c9a95d395fd060f3b4752f6a9d5b5869,2026-09-04T14:23:37Z,2026-09-04-33883405707
2026-08-31,cd5fc2f4064207fb95237d92409b90324bf3db81f003209d441312ea23a8acc6,2026-09-04T14:23:37Z,2026-09-04-33883405707
2026-08-31,ce2597484b496c7681c22936c7bad99406ffe0b7c615e89be3c4f7639313ad84,2026-09-04T14:23:37Z,2026-09-04-33883405707
2026-08-31,cff4e79a7ef5ab0e267b629c67792dd08f1d1233c21ca9269723abed8e82c6ec,2026-09-04T14:23:37Z,2026-09-04-33883405707
2026-08-31,d04194d9d3bca3601a68b37b8c73103c507098bd13231683f7ef4c36c1b448f4,2026-09-04T14:23:37Z,2026-09-04-33883405707
2026-08-31,d155c73d8a008302bad8801e8e09c30b69970799c81376c7ce1549f3f20209b4,2026-09-04T14:23:37Z,2026-09-04-33883405707
2026-08-31,d283346792db4abd046a497664df472ca13f5f548db1cfbaa3952e6460005d36,2026-09-04T14:23:37Z,2026-09-04-33883405707
2026-08-31,d36be8ef47fd2f4debd5ae9825dcc5f8a0716312cf958c83f91c28b9f5f09d55,2026-09-04T14:23:37Z,2026-09-04-33883405707
2026-08-31,d38b6f58a15d6264790bce63fa33b6c83a8767079dba6ddf7b9c6f0da3d2a5c6,2026-09-04T14:23:37Z,2026-09-04-33883405707
2026-08-31,d3f9c3781c53f0decb3e33c5174332b4b8b3804e9d4733e3e64306cd37b2048a,2026-09-04T14:23:37Z,2026-09-04-33883405707
2026-08-31,d435289a8d331b407daa31d2a6ea785e440c1ee3202dd25291170cd2781af775,2026-09-04T14:23:37Z,2026-09-04-33883405707
2026-08-31,d44d6fd8043bc11407ebec1e9a5284f88ccbc812c860d5a2e16511800423c856,2026-09-04T14:23:37Z,2026-09-04-33883405707
2026-08-31,d4b2b7b7b1c83060237b96d1ec3f189e88c59ef8a57c9a7d3a08f893863ee404,2026-09-04T14:23:37Z,2026-09-04-33883405707
2026-08-31,d4d870b93b72a792ea39c6eac282850f6de12538a1c58901d1f8a8d1d7320474,2026-09-04T14:23:37Z,2026-09-04-33883405707
2026-08-31,d4ff552ef405d7ef44b31dbbbe11a8508ce40840a90e97a9ade3ba7aacfe33e9,2026-09-04T14:23:37Z,2026-09-04-33883405707
2026-08-31,d5891b1b0f1e6d4592163ff879942f180f0e31c4301948e6b074ecfdd9be7983,2026-09-04T14:23:37Z,2026-09-04-33883405707
2026-08-31,d620be98ecb68be5c0e8ccac1c0e9bdc117ade738ad1f304fe7fbd69f7a9e05d,2026-09-04T14:23:37Z,2026-09-04-33883405707
2026-08-31,d665a1ed0d078898b5de8a16e5e6c86d62facda202af47c54ed29b6b72f7ff82,2026-09-04T14:23:37Z,2026-09-04-33883405707
2026-08-31,d6c7404bf88424dd7bd7a30533b374849f7e7c5de84bd59c0fa00c2a713a39a7,2026-09-04T14:23:37Z,2026-09-04-33883405707
2026-08-31,d80827676185f41c70b41babc012a2f771d711d20d0efca99c4f8dd2e1669fc9,2026-09-04T14:23:37Z,2026-09-04-33883405707
2026-08-31,d8a4c2c415492a3fa2bb4a558cb3b1f6369290eafdfcc65646f1f28bfae3d9c3,2026-09-04T14:23:37Z,2026-09-04-33883405707
2026-08-31,d8ffb7ff22c6bb6c3eb7f718c697d876e794b72fed59ccf338e94a28cf0000de,2026-09-04T14:23:37Z,2026-09-04-33883405707
2026-08-31,d9b5c2e5a1f3fcaef15051519a78361381c0569506872d93eeb46639cade6d4a,2026-09-04T14:23:37Z,2026-09-04-33883405707
2026-08-31,d9c5bd37983f0b6908df7942ee9519f96476e366c9e26b714e00f9aafe999f86,2026-09-04T14:23:37Z,2026-09-04-33883405707
2026-08-31,da28d3e397c5e9e8a6c0e9ffd65d20661d293af7514fe1923bba5555d087f92d,2026-09-04T14:23:37Z,2026-09-04-33883405707
2026-08-31,da313523563319099c748f61be877c56e28c92773b7d5402fe7bb9373c43ad56,2026-09-04T14:23:37Z,2026-09-04-33883405707
2026-08-31,da4026bc0a761318893537c63a0f01129e38de3bad9546c5d15ce90c9bb7368a,2026-09-04T14:23:37Z,2026-09-04-33883405707
2026-08-31,dacb01fc7861f6c418985349505948bb71f4098752940bf890e6f37db5f4db8a,2026-09-04T14:23:37Z,2026-09-04-33883405707
2026-08-31,daeefcd6176c0666c4e87842e87275bbe289677f4406927d3c2d51338029f832,2026-09-04T14:23:37Z,2026-09-04-33883405707
2026-08-31,db30951300a2fa258aa0cbcda863bcfcf01050b62e5fcea87aec1899c27e8c90,2026-09-04T14:23:37Z,2026-09-04-33883405707
2026-08-31,dbf48c1b52056c27f36f355c2c8dd2b8726a869b3616d0df5ad2bab0a18cfb4a,2026-09-04T14:23:37Z,2026-09-04-33883405707
2026-08-31,dceaeb20ddbcf3ae12e891e3be907a20108faf44bc5e7780ef7ed6e454ec9a1a,2026-09-04T14:23:37Z,2026-09-04-33883405707
2026-08-31,dd13964926ed79cacfac3611bf54ede03defca15c7f22e3d851bb62265505cff,2026-09-04T14:23:37Z,2026-09-04-33883405707
2026-08-31,dd1c3b77d4160c04c24f9695c800b9bf7dede5b4aa4f75f2fb593f27e02c3317,2026-09-04T14:23:37Z,2026-09-04-33883405707
2026-08-31,dd53c3c1dda4b9a8e5a44af5f79c6ac475c778763f35cd143e40b60a1df9bf17,2026-09-04T14:23:37Z,2026-09-04-33883405707
2026-08-31,ddea67cc229796c117b83126fbae666c9d67fe4168dbf6c0029627cd8e6a6e11,2026-09-04T14:23:37Z,2026-09-04-33883405707
2026-08-31,deae09f07a35c13e16b6ec7ae88a2c8f3057b6e588621290f22140bee25199da,2026-09-04T14:23:37Z,2026-09-04-33883405707
2026-08-31,e003b0a896243501618d443ebbd9b7f5aeced77d358e5427c25635b333a0d2ce,2026-09-04T14:23:37Z,2026-09-04-33883405707
2026-08-31,e05e43a1363ff828ff93c79e2a2719908ebd9802d63a290f1fa38b803ab4b897,2026-09-04T14:23:37Z,2026-09-04-33883405707
2026-08-31,e0f816f948ecc80aa44b0578c1e14477f2371b01aaa8420deeb0f6263124c70a,2026-09-04T14:23:37Z,2026-09-04-33883405707
2026-08-31,e12f88cde968c2ecc5115c555fdeb2efcf52a5a6bc118030a3c59445d902d2f8,2026-09-04T14:23:37Z,2026-09-04-33883405707
2026-08-31,e21675c4ee7c31f9612a74f7494cf598dcd22228f0f6d77359855b7f15a1a614,2026-09-04T14:23:37Z,2026-09-04-33883405707
2026-08-31,e296ff1c1b027128a7db04a0fc11bfda18ea657c239945695a1997b883850d7c,2026-09-04T14:23:37Z,2026-09-04-33883405707
2026-08-31,e29ea61bc801cf747853ac4c1035bb15b16d542fc9133948499b21a3027f1e4a,2026-09-04T14:23:37Z,2026-09-04-33883405707
2026-08-31,e2acf1f71c0ebc463525c204b6996d40dd2f85b87c258433501bcda29a9ba26b,2026-09-04T14:23:37Z,2026-09-04-33883405707
2026-08-31,e2fd69c3685e7f679f349c7cb58b28534ba37047ff39925a61b8c6ccf4572c32,2026-09-04T14:23:37Z,2026-09-04-33883405707
2026-08-31,e3e753312ed41c55106af4b0e152d052805a1d5df445240b702b8017438e294d,2026-09-04T14:23:37Z,2026-09-04-33883405707
2026-08-31,e3e8b5d3537f893d31d4ebab15fa7aa3714f5fecec465a956cc0f240c5d3cb95,2026-09-04T14:23:37Z,2026-09-04-33883405707
2026-08-31,e4d212c39bb790994d4c70c33669de480eab6fa9d08d77cc67348878a240e675,2026-09-04T14:23:37Z,2026-09-04-33883405707
2026-08-31,e5fe947a84654ef6aec91df980032edf5601169e82dcaa0bf716b0729dbca3dd,2026-09-04T14:23:37Z,2026-09-04-33883405707
2026-08-31,e6052381b8347af1dec5dda2722b2722d8858f24aad315363002021722d4f957,2026-09-04T14:23:37Z,2026-09-04-33883405707
2026-08-31,e641c98f1480c020e1ad0299e4f7e998cb024c9d9e44ef10f45bdc7f0463cce0,2026-09-04T14:23:37Z,2026-09-04-33883405707
2026-08-31,e64cd9d4380b627d4765feead3f77ec08cd129e8e705169dc56b9b8ef59cde94,2026-09-04T14:23:37Z,2026-09-04-33883405707
2026-08-31,e71459e7455cb505d932e5a088b41eaf9912380fec4cf11bcae7ec1cf64247dd,2026-09-04T14:23:37Z,2026-09-04-33883405707
2026-08-31,e758476afb67103c1521efc2c119212a8f013751d4a481fba5c915b1a589dee6,2026-09-04T14:23:37Z,2026-09-04-33883405707
2026-08-31,e8ce002bde80eaa513ddf0be86731ba0123b97119491bf83cf27288dbb6acb4e,2026-09-04T14:23:37Z,2026-09-04-33883405707
2026-08-31,e96b1059b70d1c243ef3a88a848e3fe541d524e70b954d7da5b73c85bad0bba0,2026-09-04T14:23:37Z,2026-09-04-33883405707
2026-08-31,e98b500869182d5bbedffab621f08a8a88b18cae7035e98fd71df152c8ba8eb4,2026-09-04T14:23:37Z,2026-09-04-33883405707
2026-08-31,ea26e89fd093a313167170a3af2a60b51a44f580d3bc47380dbbe993a3a01346,2026-09-04T14:23:37Z,2026-09-04-33883405707
2026-08-31,ea4e9fe39029a8d753b5169c5cb7fb0a029142e1d4a4f8f8c02e6fde0000c970,2026-09-04T14:23:37Z,2026-09-04-33883405707
2026-08-31,eafb23f1ad73dea748065a4b777915cb4823a85c68832a2fae7bd1bf929bf260,2026-09-04T14:23:37Z,2026-09-04-33883405707
2026-08-31,eb60479158ea926f7d6d7583ce3f377b363ac8c2f48ebb0dcdf155f4cbcec22e,2026-09-04T14:23:37Z,2026-09-04-33883405707
2026-08-31,eb84ae2d9e595699251b9306fc23d51532de2bbc77a2798a67bbd98a2eca320d,2026-09-04T14:23:37Z,2026-09-04-33883405707
2026-08-31,ed04e8bdaf19c77d6903f58ad7f54749d86a1a28ce0e3d80068fc2f8c0d8c03f,2026-09-04T14:23:37Z,2026-09-04-33883405707
2026-08-31,ed6b3fbb273ea1cbee3286c5e5575d7958ef348fd0874c2b9e73b45785da8418,2026-09-04T14:23:37Z,2026-09-04-33883405707
2026-08-31,ed78d8f5f5f1a3e6cb120e00ebdf2a00af9a8e94ddd41e36fa2f9d3b045edad2,2026-09-04T14:23:37Z,2026-09-04-33883405707
2026-08-31,edd7a4171ba4b8977f8c3716faaad597186f2f963334d6dfc948f963d43679cd,2026-09-04T14:23:37Z,2026-09-04-33883405707
2026-08-31,edf69f30f537b42df276865acd021864cd6a813864914463842e5c01db4d8ef1,2026-09-04T14:23:37Z,2026-09-04-33883405707
2026-08-31,ee2f8b29fcf41dced38fbfe2a6ec4525a778b83d731a3eb3dea3356162759f84,2026-09-04T14:23:37Z,2026-09-04-33883405707
2026-08-31,ee492d6c4b0b62a1e6e9c7f4797d1469f2d8763a0636ce0d8ade7f79ddf7b4a3,2026-09-04T14:23:37Z,2026-09-04-33883405707
2026-08-31,ee63791f88d187cbdbd44be81f6c8024247aabe2291c52cab0f667961a28c55b,2026-09-04T14:23:37Z,2026-09-04-33883405707
2026-08-31,ee984d1e61274a0209f3f46281f82643e3934a413db4912ecfe64b284d6f315f,2026-09-04T14:23:37Z,2026-09-04-33883405707
2026-08-31,eee94e7c76bef81ac0bc53c8af19cc7370ba6cbf14cc2a3261803da094430ef1,2026-09-04T14:23:37Z,2026-09-04-33883405707
2026-08-31,ef5bfdbc54c0e9f71da204d185c20a6e054cf21efcfd18ce8f283888ba16356f,2026-09-04T14:23:37Z,2026-09-04-33883405707
2026-08-31,efdba508653a5cdcbf40f03678b9b20a1286614c9f7cf0685b99dcd61114a87a,2026-09-04T14:23:37Z,2026-09-04-33883405707
2026-08-31,f05eedbc6c92b72a05c6869d6733565cd4f7cd1c5c118eafdca54ad5a5eeb6da,2026-09-04T14:23:37Z,2026-09-04-33883405707
2026-08-31,f0f027de891d4c48c129a4845cf4d9239257e3f919eb4f0d66f4f5f213278592,2026-09-04T14:23:37Z,2026-09-04-33883405707
2026-08-31,f285ce0f204f252fc5faaee8dd38cce02a298733dfcbdde35b5b8aa2a342e543,2026-09-04T14:23:37Z,2026-09-04-33883405707
2026-08-31,f4d1c05690c4d6f1fd9ce9311090429fd8640ea6b0d38e0dd45f871d79a71bf5,2026-09-04T14:23:37Z,2026-09-04-33883405707
2026-08-31,f541aac166735f44298d5a0317a9c7fbb9b88cbad1f0a00b54dcee053c0dee9c,2026-09-04T14:23:37Z,2026-09-04-33883405707
2026-08-31,f570146792a1b3f786586ccb35911e7cad88e8cdcdb67ceccfd83c5826e208f4,2026-09-04T14:23:37Z,2026-09-04-33883405707
2026-08-31,f590e4287807b836556677ea14a7cdffc7dd197c41c9f8861148515584228f93,2026-09-04T14:23:37Z,2026-09-04-33883405707
2026-08-31,f5f91ff59a9cf127af87d907a4fd88e97794feccdc6a47f2321958429c46e6fe,2026-09-04T14:23:37Z,2026-09-04-33883405707
2026-08-31,f61ffd358763ce78f0a1990878fe03572b08437cf0d37addb6257d434dc7255c,2026-09-04T14:23:37Z,2026-09-04-33883405707
2026-08-31,f63935d5ba988994ed0885652a1564a7e8236e205348eb016f473e6918c17a67,2026-09-04T14:23:37Z,2026-09-04-33883405707
2026-08-31,f6bfa9810c27b3889b785ffe38e9b983c2388e5b1701d2866feb54a770147c13,2026-09-04T14:23:37Z,2026-09-04-33883405707
2026-08-31,f75648691b1daecb33d2d716cf78aa97680c19adf42dc4edb441f7f8e5cc101e,2026-09-04T14:23:37Z,2026-09-04-33883405707
2026-08-31,f79729971f29845ad6e0f38a1eeb7dc0b951976379b75f639ec46724da278a2c,2026-09-04T14:23:37Z,2026-09-04-33883405707
2026-08-31,f79f891fd70308f523b9b2cc91a605e591a95ab5c2efde9584f238d07d8e7d81,2026-09-04T14:23:37Z,2026-09-04-33883405707
2026-08-31,f963d208b79902d0c9d3024aec013c0672fd917147163d842dd230f51488b99b,2026-09-04T14:23:37Z,2026-09-04-33883405707
2026-08-31,f96410d43016f4b39c74c5b0188c2b6cc216cda649a353180c76a46cecd49f6a,2026-09-04T14:23:37Z,2026-09-04-33883405707
2026-08-31,fa7f1654a2244282c605c78a48457ffe6f2cf9bd9bec69e2d13ebd90f891aa78,2026-09-04T14:23:37Z,2026-09-04-33883405707
2026-08-31,fa86524a8f0ab69d2d380adc593a7033d69a94b1827405f58aa987a83ed43402,2026-09-04T14:23:37Z,2026-09-04-33883405707
2026-08-31,faaa07e8efa28ad01c09acdd5061cf5804fc24e04ed643a571c1cb2357e1fa32,2026-09-04T14:23:37Z,2026-09-04-33883405707
2026-08-31,fb79c54232fb5c383dcb10f0fde1033d11753306c1b7323f05895c65f5a16be9,2026-09-04T14:23:37Z,2026-09-04-33883405707
2026-08-31,fbac239a9f602708a6f1c31d7f53d5df8085deb7f1f114b1561743207b1e4eed,2026-09-04T14:23:37Z,2026-09-04-33883405707
2026-08-31,fbbc943316cfa2b1ba8faa109997663da7bbcf265a8e25709f093bba69f23d0d,2026-09-04T14:23:37Z,2026-09-04-33883405707
2026-08-31,fc0eeb60b06dbe8017f437763289171146f62dbbf4d9f2fb2c2abd845e3af6ee,2026-09-04T14:23:37Z,2026-09-04-33883405707
2026-08-31,fc20370aa479f31a85916984de2fc41ce895bc9b94e47bae33df1398088b9d4c,2026-09-04T14:23:37Z,2026-09-04-33883405707
2026-08-31,fc4d7d9747825cba99655f78cbf64f02869c6b3e44a80a4819453a7b1e6e573f,2026-09-04T14:23:37Z,2026-09-04-33883405707
2026-08-31,fcc30e82f664412e98cabf15cea799715f542cae85e73c0462cfa6deda5f8775,2026-09-04T14:23:37Z,2026-09-04-33883405707
2026-08-31,fda367fd75b9db949a62c1754df9890b9ac9f79ceb245cd45fe224cea0386f9a,2026-09-04T14:23:37Z,2026-09-04-33883405707
2026-08-31,fdde991e4327f77aa98ecc534d90d1057a492c50800264c40f9a86ec73ba56fb,2026-09-04T14:23:37Z,2026-09-04-33883405707
2026-08-31,fe445ff46ad32679ec1a0e9d120f06537ef0debe3d76b2ae94bf7350dde5d600,2026-09-04T14:23:37Z,2026-09-04-33883405707
2026-08-31,ff747786b0ec7b0302678c8ac24d43d9b71e4192069050560ffd539bdf80b874,2026-09-04T14:23:37Z,2026-09-04-33883405707
2026-08-31,ffeedc023db9c477fd1b6ac37e1c9f7f0d48772ca34bb1d1b39212f2745d0578,2026-09-04T14:23:37Z,2026-09-04-33883405707
2026-08-31,00c5f73dd295b55741e4e91af0bbc496d7617b6e55a56bb6969261f09c7bf555,2026-09-04T17:39:06Z,2026-09-04-33901670861
2026-08-31,00fd8252ca676d69eee5b31bf879034f4152c1d0a040aaf3a460d17aa12a7ad0,2026-09-04T17:39:06Z,2026-09-04-33901670861
2026-08-31,01d5af26983ca102e7f3bd59ca2d9f2ba15ae6620bbbb79f0d6d36edd4118c2e,2026-09-04T17:39:06Z,2026-09-04-33901670861
2026-08-31,025573aae266e096b663ed756e96569363081add931a5110d25f72c77a3c4f8c,2026-09-04T17:39:06Z,2026-09-04-33901670861
2026-08-31,0394f576a8a3db9bf5ac5cb4fa53925bacba7c06bfaeaa11eda9a2fb0448feb1,2026-09-04T17:39:06Z,2026-09-04-33901670861
2026-08-31,03f289f9e29f6c35780aaeea355131ba195375262102a76cc4343ddea86a1b53,2026-09-04T17:39:06Z,2026-09-04-33901670861
2026-08-31,040e4c32db2bb3d43841d83d3382ff2b0869a688f244d823e508fa0500d6f3f2,2026-09-04T17:39:06Z,2026-09-04-33901670861
2026-08-31,04ffd25d22d0bef2c70627404792a43df65e0ce8209b852ea2b21544e876799f,2026-09-04T17:39:06Z,2026-09-04-33901670861
2026-08-31,05312c8678556bcdc0c99c3c8d11233d1e8625f713ff4add401823cc21319c85,2026-09-04T17:39:06Z,2026-09-04-33901670861
2026-08-31,0573458f5a7ae649f043411c04b65227024fe595a011e616d8f49d2516783f58,2026-09-04T17:39:06Z,2026-09-04-33901670861
2026-08-31,05cad9fe55036b365f4295c373b4ed660fc79a176490e69f1237ab1cebf8e60a,2026-09-04T17:39:06Z,2026-09-04-33901670861
2026-08-31,06232539bb743dc880d03fcc06b6209f9e33801ba8776a58a77f9b0dcce7adcf,2026-09-04T17:39:06Z,2026-09-04-33901670861
2026-08-31,063e27a7a9551a72ac95ff33b33188c1b42f4663839c38d90c3c5634aecc8439,2026-09-04T17:39:06Z,2026-09-04-33901670861
2026-08-31,065a98ac86e193de0627b7babe1f0aa7e2cd41f008b360f8d07d8b34771cdf0e,2026-09-04T17:39:06Z,2026-09-04-33901670861
2026-08-31,066d87187a6475c367a29170693abedc9ce5505c32693d8acf11131b93013b1f,2026-09-04T17:39:06Z,2026-09-04-33901670861
2026-08-31,06acfdae05cdedb9259563f2897d8de754869e1a99c61837b61e9b6f69b2164f,2026-09-04T17:39:06Z,2026-09-04-33901670861
2026-08-31,06c42fb1baf29f7de3d5c4e6cddfa7f09f16d62bf47b013622519560cc0de7f9,2026-09-04T17:39:06Z,2026-09-04-33901670861
2026-08-31,06e2a9c62ade3a2b223a135fc38cd0fb7019d706bafad55e37d21f7511f26a36,2026-09-04T17:39:06Z,2026-09-04-33901670861
2026-08-31,07350800c22a10411aab9041f5fcb32430cee361eddacde7c89b63e05f658533,2026-09-04T17:39:06Z,2026-09-04-33901670861
2026-08-31,076071ce6f544fd5a845719121f25ad06fead847e298ac50485b73750b667651,2026-09-04T17:39:06Z,2026-09-04-33901670861
2026-08-31,0765f8f27d15df449b1f4097c97e9a06ae50331e42e0fe3e567f4277d7c70e94,2026-09-04T17:39:06Z,2026-09-04-33901670861
2026-08-31,078e9559c9d867e0eec2814adc9f3f84311fb11b66b22409aff1fa0544f82cc6,2026-09-04T17:39:06Z,2026-09-04-33901670861
2026-08-31,087781878e2f2a32010bc1f3149e0bc4c4e68e7131e4ff15e0afbd8433202e73,2026-09-04T17:39:06Z,2026-09-04-33901670861
2026-08-31,092782cdab9eb1eb7f6628ad1495ed3e9f397759b030733873f0104c51eeafc8,2026-09-04T17:39:06Z,2026-09-04-33901670861
2026-08-31,097ccc65394e425fa1966b28d8332b1e9c7e3fd8d9694a18cf89976c4a4a9488,2026-09-04T17:39:06Z,2026-09-04-33901670861
2026-08-31,09d027f554223821ccab0d6cf51ab5acdb61096fb93dba9c148598455d4b9483,2026-09-04T17:39:06Z,2026-09-04-33901670861
2026-08-31,09e8d9779cdb12aa4d1afe71713fe0c3b655284e9e92a3dbacd57f734c7504fc,2026-09-04T17:39:06Z,2026-09-04-33901670861
2026-08-31,0a38c5c31bd10af3c06171d7645e24745e47f6c38f9278055c4128ebe297f929,2026-09-04T17:39:06Z,2026-09-04-33901670861
2026-08-31,0ad0ff8ec799f4c645032505a7e27a3a6a08a5e2e9faf99f648d1cbe02ff4d90,2026-09-04T17:39:06Z,2026-09-04-33901670861
2026-08-31,0ae311c383a47d2ccf0d494f9b676123489303b31d61c50efcd746f96ed1f2d4,2026-09-04T17:39:06Z,2026-09-04-33901670861
2026-08-31,0b125af91ecbe8872f2718fd304a3cc1c97989bb02642efb70e1e0dcd0560c2c,2026-09-04T17:39:06Z,2026-09-04-33901670861
2026-08-31,0b17a5bb449ec7a85abaa04b4ce31d48694c6a973023145b21301ad1fe4f6ca4,2026-09-04T17:39:06Z,2026-09-04-33901670861
2026-08-31,0bac5d153ddf9f1451ca71cccc6777356e31d68d1e64dd1e017873e98425d54c,2026-09-04T17:39:06Z,2026-09-04-33901670861
2026-08-31,0ce59654e3668af310522ffe4c225c61ae45d8c52e6ae116174086cd5f764226,2026-09-04T17:39:06Z,2026-09-04-33901670861
2026-08-31,0d0a78e9ac62b8a55ad06e73e84de24a5ec27bab312354dca02e5d649832b771,2026-09-04T17:39:06Z,2026-09-04-33901670861
2026-08-31,0df66ab5dfdec38adab18c20b3a27a2f4c62d268a1bff79fcb796cf047dde858,2026-09-04T17:39:06Z,2026-09-04-33901670861
2026-08-31,0ec000e71587f8825ff7d2485756214248fd7b1d5b2920e2109b2b5e6825c103,2026-09-04T17:39:06Z,2026-09-04-33901670861
2026-08-31,0edd84dd595b60932c24a6fddc6228589b06865336c72a56fc10cd6fbba402c9,2026-09-04T17:39:06Z,2026-09-04-33901670861
2026-08-31,0edfc654af31aad82ef5e64f066578ad8722d31697d3341adb09a8d78753a287,2026-09-04T17:39:06Z,2026-09-04-33901670861
2026-08-31,0f4301d1aa0e088ce998c91364b6bfe824a9146404f612c16d4f6e20bdcfd578,2026-09-04T17:39:06Z,2026-09-04-33901670861
2026-08-31,103ea9ec3df48469283544817ca8733553fedfe8da7c6fc1ece478895b4e814f,2026-09-04T17:39:06Z,2026-09-04-33901670861
2026-08-31,10c5c99395557e6e7cf08e03bdaaec4c8ac641454ca684cb933539e0dc59943d,2026-09-04T17:39:06Z,2026-09-04-33901670861
2026-08-31,11c1e6d1aff59d39e6bfe2d4cf1ecd9e6a809d407e344c39fab0489b799bce42,2026-09-04T17:39:06Z,2026-09-04-33901670861
2026-08-31,11e163ccb4f45a399d20c04ad277ac44df5a9670cb4b8cd64ea45e4d1eb7793c,2026-09-04T17:39:06Z,2026-09-04-33901670861
2026-08-31,125fd129fc365ecf775c3599c1299046c18454ed04bb90fee5efbd203d7bf236,2026-09-04T17:39:06Z,2026-09-04-33901670861
2026-08-31,12c8196e007410bb08a420f7df21bbfe949377b2ab320b0ddc7aa1ffa2a2934a,2026-09-04T17:39:06Z,2026-09-04-33901670861
2026-08-31,12e5acbef82a8f33d87673c5274b36ef5d8d4852170638cb2feb40b08060ff3c,2026-09-04T17:39:06Z,2026-09-04-33901670861
2026-08-31,137388c3e37e52c8bf8d563d0fc565bbea73703d8b6862478af5482fc478f475,2026-09-04T17:39:06Z,2026-09-04-33901670861
2026-08-31,14471c3da318a59b692c5d3cdd405afe98442dec16cd84f271b99a42258e82b4,2026-09-04T17:39:06Z,2026-09-04-33901670861
2026-08-31,14aac003fa5b3a91c7ffe0a38ab77f80869c18f0732be0775556beb012ad036e,2026-09-04T17:39:06Z,2026-09-04-33901670861
2026-08-31,155dafceddd84fc741ea2ee52c9dc66b609a1c2614595d391f54261b396c3351,2026-09-04T17:39:06Z,2026-09-04-33901670861
2026-08-31,162f8e7fc6115d7410adb1c6079554d9cdae2ca7f3203d06d7ee48b87962f622,2026-09-04T17:39:06Z,2026-09-04-33901670861
2026-08-31,169825faddaa28b980227f7ffb9f734cd938f4847b76b7718dd56ff05716d5d2,2026-09-04T17:39:06Z,2026-09-04-33901670861
2026-08-31,170f1e1f835a2211ac087a8b4300425bd25786460fbaef780178ecf7204263f2,2026-09-04T17:39:06Z,2026-09-04-33901670861
2026-08-31,172d8698f9d48e131858eafa9d3c0af877262dd0fa2c14406e5f2e0098d8f883,2026-09-04T17:39:06Z,2026-09-04-33901670861
2026-08-31,17378061149a8b9e08b73329b97c57beaf20c8efea22687d099cbbfaac74875a,2026-09-04T17:39:06Z,2026-09-04-33901670861
2026-08-31,17b4b3c8502c09b17e92802fe4a0c5a533210ae35fbb240c6eff74e8f4dedf6a,2026-09-04T17:39:06Z,2026-09-04-33901670861
2026-08-31,184a451fc248c54661fd642cd91ea7e5e5a954a4d78540e2f70a6e00078b9e56,2026-09-04T17:39:06Z,2026-09-04-33901670861
2026-08-31,193124c4bb29b94ba6810066162804a52610d5711e4661bfb03c350a6d49f8de,2026-09-04T17:39:06Z,2026-09-04-33901670861
2026-08-31,196735f033d1d2b82258d4d64fb4b0300eeaeecf26190b22c6b0d62d644b7a07,2026-09-04T17:39:06Z,2026-09-04-33901670861
2026-08-31,1a6627335fd97b6c9db06e49b6483d729e539bee28fbd4ce93af502bffa0c939,2026-09-04T17:39:06Z,2026-09-04-33901670861
2026-08-31,1a9c663e2c82abe0c85afb6d4ef935b551f5cb20ba1b01618bb69fdc33f36a48,2026-09-04T17:39:06Z,2026-09-04-33901670861
2026-08-31,1b33fd22a75246553dd047eac8d2b847ed21c1cc260a39d8af9f888492cbaf43,2026-09-04T17:39:06Z,2026-09-04-33901670861
2026-08-31,1bb97e6b2220a3cac8f5bdee32a995344755f162eb36a59b8fb25a64a19c2917,2026-09-04T17:39:06Z,2026-09-04-33901670861
2026-08-31,1bbcd3694f1183e5a083e338e76fabc895b0f2a3f025efef2adf609aa36231c3,2026-09-04T17:39:06Z,2026-09-04-33901670861
2026-08-31,1d248cb21efbadb76a6a4fde7794adf86b09450ddd544d6456fcad5f5efb7736,2026-09-04T17:39:06Z,2026-09-04-33901670861
2026-08-31,1f037262d7ebfe0a5aa0908b65f79fca66d0f4a8da02a1e553b3438794ea46d5,2026-09-04T17:39:06Z,2026-09-04-33901670861
2026-08-31,206ac09d89fcf589c893e506d7ea47252052169bf4cbfae4bb3607fb48e130c1,2026-09-04T17:39:06Z,2026-09-04-33901670861
2026-08-31,20f227a7d80c28e025b1daca1cc8751260dca26a6b39f78cb5d8c5f66a1b2490,2026-09-04T17:39:06Z,2026-09-04-33901670861
2026-08-31,21fe0688f066ed7c0df5dd99263e24d01218909bc48cebf9cf54e074ba8b749a,2026-09-04T17:39:06Z,2026-09-04-33901670861
2026-08-31,226126b88aa03d8f747d65a989612ecca94510f467d9df20e402894b85c770d0,2026-09-04T17:39:06Z,2026-09-04-33901670861
2026-08-31,23195239451be0c4cb737db2d35803e51d0c8e56485e637d9f6548fbad00f49f,2026-09-04T17:39:06Z,2026-09-04-33901670861
2026-08-31,2336ad03415395c97d5e66d03231fa2af650efc40c0f649acb4cad970732e42d,2026-09-04T17:39:06Z,2026-09-04-33901670861
2026-08-31,23d220c7c6102f85b333e04d66abaeb9abdd7cc839712721790b04f8fa303e71,2026-09-04T17:39:06Z,2026-09-04-33901670861
2026-08-31,242375896f6011344d21328cf1b10df784a74634aef1585e69869cb01650b2c7,2026-09-04T17:39:06Z,2026-09-04-33901670861
2026-08-31,248b0859a87f41782bbc8c652170484fb649616c868587fc20f66f5a99383062,2026-09-04T17:39:06Z,2026-09-04-33901670861
2026-08-31,24cc26f719b0e4500848bf5228d8caf8b303b451eb5f7bc482e7c6d677b417a0,2026-09-04T17:39:06Z,2026-09-04-33901670861
2026-08-31,252ab654e512a5594452c0c75da6d4043c6228beebc33b05e14cb22746a8d7ba,2026-09-04T17:39:06Z,2026-09-04-33901670861
2026-08-31,26e80cbabdf38d718c390375cde2b7480bacc4bf99dfeab47a71352f70118aaf,2026-09-04T17:39:06Z,2026-09-04-33901670861
2026-08-31,273f5815fd76d2fbbad98297f8572ee013e493efd20d6160a2048b7e6fa565e0,2026-09-04T17:39:06Z,2026-09-04-33901670861
2026-08-31,2798d1ac56af24c8125c9c84ca1d271bc07ed63055045df698d34d2f5243a8ac,2026-09-04T17:39:06Z,2026-09-04-33901670861
2026-08-31,27cf353bd11cb8af4626b8f1986b28f8551bdc61d90bcbc3439052954bdda8e4,2026-09-04T17:39:06Z,2026-09-04-33901670861
2026-08-31,2811258417dbff691c4a0e5b4b6e27110f2c02a1fe667f2723b50bf4309a26cd,2026-09-04T17:39:06Z,2026-09-04-33901670861
2026-08-31,2830b28d956054f93095c0a92cd2773856fc9c37c6d4272a9596c6dccb18255b,2026-09-04T17:39:06Z,2026-09-04-33901670861
2026-08-31,28646011875095060aa396f3de1e6c59dd8dba14252e656a6566b5a1cd73c7d5,2026-09-04T17:39:06Z,2026-09-04-33901670861
2026-08-31,2884dfc9b53d597d9e98cd1e4838fa099200445e9b2fbc4cd08081d24e54269f,2026-09-04T17:39:06Z,2026-09-04-33901670861
2026-08-31,2893269ae8729d5bf4848fdb52a442903f41bf44034e87c17729b2530c654c46,2026-09-04T17:39:06Z,2026-09-04-33901670861
2026-08-31,28e0e742ab636920ae3a769053924b986f0cc310d5ac0e18db1147d0bb35e9f9,2026-09-04T17:39:06Z,2026-09-04-33901670861
2026-08-31,292144953ec7e55bd5e924f9902b338e9e2c60743b82f09ecdb4aecee2618269,2026-09-04T17:39:06Z,2026-09-04-33901670861
2026-08-31,2ab60451246e129cfbf3adffdbe9b40e8315d287a25637f059ed05f080fafbe0,2026-09-04T17:39:06Z,2026-09-04-33901670861
2026-08-31,2ad3c4d7be07868ec996faa1c52a36cad9667b00fedbba975c16c7d3e90b4710,2026-09-04T17:39:06Z,2026-09-04-33901670861
2026-08-31,2c29f09ac5216bdbca00bc73cf6f03088d64156f855042753f31a0ad84c7087e,2026-09-04T17:39:06Z,2026-09-04-33901670861
2026-08-31,2c7540cea121ab2e193dee57e327a441186e193592e908665d0e9cd1a26405a2,2026-09-04T17:39:06Z,2026-09-04-33901670861
2026-08-31,2c929c7b24525cba62a95aff778a703f1ad9bb27bc7127f1453e181ffe792dc1,2026-09-04T17:39:06Z,2026-09-04-33901670861
2026-08-31,2ce09df26f0a3ca227fac79153d63d58db55d23dea0f75d1ae4ccc9526e81f4a,2026-09-04T17:39:06Z,2026-09-04-33901670861
2026-08-31,2da76354560eab5edad14f1eccaf427994eb100fd433b548d81d4d3db04ca6eb,2026-09-04T17:39:06Z,2026-09-04-33901670861
2026-08-31,2e49cbe552b37b2308e1dbd685be57555d94bbd246b33a6cf86dc9b6b0f4b3ea,2026-09-04T17:39:06Z,2026-09-04-33901670861
2026-08-31,2ec33f82c00a6ec127cb181d16d3bb04b2340a4ebe1842967282147d5b2a6489,2026-09-04T17:39:06Z,2026-09-04-33901670861
2026-08-31,2ec815c12ec30f3fc0aa0f7cf2f0dd6a2d670e321a82770b60df3fef848d83a0,2026-09-04T17:39:06Z,2026-09-04-33901670861
2026-08-31,2fd08879a082d85697882eb99446661fbf8f15540977eb088d6b19a0573dd922,2026-09-04T17:39:06Z,2026-09-04-33901670861
2026-08-31,2ffca989a70f087062915355057fdf6cf67abdfeb5b8ae71fabbe05a061d97ea,2026-09-04T17:39:06Z,2026-09-04-33901670861
2026-08-31,310a296d17ba520bd92d0d23356d7a6f7a7585c37bc358756372a1ac994847ee,2026-09-04T17:39:06Z,2026-09-04-33901670861
2026-08-31,31f077b9b0d09d8d3e3a9763ed665d88c7b441a07f87223e36994763eecdef83,2026-09-04T17:39:06Z,2026-09-04-33901670861
2026-08-31,329a28e49b6a92be2b6a04dc80dcca32c482c8f8b947d2dd331f87f89ce7868f,2026-09-04T17:39:06Z,2026-09-04-33901670861
2026-08-31,329bd7543d0607dfb587f73e18153372bf7561f953537efe681be0863e940b91,2026-09-04T17:39:06Z,2026-09-04-33901670861
2026-08-31,32b50b38297476c2bc9b43168ccd9c454e74ea1966a80d04a6110f511579e40e,2026-09-04T17:39:06Z,2026-09-04-33901670861
2026-08-31,335a914aaf073ee520a85fd29b9611266e27732f63909c55bef33fcc9048874a,2026-09-04T17:39:06Z,2026-09-04-33901670861
2026-08-31,3466c7f7438a8fde76e5118524885eb82018a14e552b69f7101711333db20f05,2026-09-04T17:39:06Z,2026-09-04-33901670861
2026-08-31,3476dfbe68d58740f67c273ca83cfd85537492c648093a6f52ab3cb9abf3d966,2026-09-04T17:39:06Z,2026-09-04-33901670861
2026-08-31,347766b1e68158946223b58f1726181f3a3da7b80e12b95fd6f142f53216995d,2026-09-04T17:39:06Z,2026-09-04-33901670861
2026-08-31,34fa424801751ee07ad7efa0fcdf23768ad11556f072fcbfa6199481b399c730,2026-09-04T17:39:06Z,2026-09-04-33901670861
2026-08-31,35119596d3ef091430fe251273dc2ca5248d4429c07b4d8d1630ea7be8d2519d,2026-09-04T17:39:06Z,2026-09-04-33901670861
2026-08-31,3527dbf7dcbee11ac970f8e0e43c76ce3762ff974fc9f9e22f1b39c972f54104,2026-09-04T17:39:06Z,2026-09-04-33901670861
2026-08-31,36b1f9e194baac81874879339f35a24d1cb3faff70c3c1e394a96ce843ba9dfd,2026-09-04T17:39:06Z,2026-09-04-33901670861
2026-08-31,36c28bb39252c6855e42377cc258acb0a1d67cd21c1a5c968a92b023dd7d0941,2026-09-04T17:39:06Z,2026-09-04-33901670861
2026-08-31,36d7fae401d291bdec2271bb34eaae41d84f2a280df0ca3c657ea32b153851ef,2026-09-04T17:39:06Z,2026-09-04-33901670861
2026-08-31,371f135b9fe48d4c0e9e92371a1dd18a2b14ba6bd052b2cb2412cc08ce5b09a9,2026-09-04T17:39:06Z,2026-09-04-33901670861
2026-08-31,37d00676c346f71d15e882da53780580f941b7530506786bf5e41138f61a6429,2026-09-04T17:39:06Z,2026-09-04-33901670861
2026-08-31,37fc1300fa7658cd11eb163d547e50c2b5d31ac14b91d5f27fee3ac1a130ad59,2026-09-04T17:39:06Z,2026-09-04-33901670861
2026-08-31,384d6cb71c90d45f25b54cca0f1c89454c079af91e4ccafab23110eeb8c8280d,2026-09-04T17:39:06Z,2026-09-04-33901670861
2026-08-31,38a570351a1ba3b92eb6c4c1b4d2c4fa206f2552e30bd236de00022d7578e42b,2026-09-04T17:39:06Z,2026-09-04-33901670861
2026-08-31,393c5d8218d59cc6ed588735e46f5a65b93b46fcbd40fc3e22a0e618f44718ce,2026-09-04T17:39:06Z,2026-09-04-33901670861
2026-08-31,399c305f8e76fe885aa957a28c6cbe915d7b253eca6c07f99892ab2fb39f078d,2026-09-04T17:39:06Z,2026-09-04-33901670861
2026-08-31,39edbeab5dae58d67a6db6957ca92aadac2d47da026a7a492e6448a2d00000b2,2026-09-04T17:39:06Z,2026-09-04-33901670861
2026-08-31,3a1b48450c2b5f131d1adefebd341482b928905c9931a24ef821c93d0dc22722,2026-09-04T17:39:06Z,2026-09-04-33901670861
2026-08-31,3a5c9650b07317bcba5d2fa3930afded3f2309895c743cdc6c3659efaae642b5,2026-09-04T17:39:06Z,2026-09-04-33901670861
2026-08-31,3ab64cd8174e945d6446f7177af52e6e4aa02995083f6255ebc810833387b7d8,2026-09-04T17:39:06Z,2026-09-04-33901670861
2026-08-31,3b2d2e0405a3eb651dd05a566fda7a033118170e7f551d9da34621a83e4a67a8,2026-09-04T17:39:06Z,2026-09-04-33901670861
2026-08-31,3b95d420ee1a379b3e53d2d96cafb4a20cc9a8c5d1424bd72dfd2731a632f356,2026-09-04T17:39:06Z,2026-09-04-33901670861
2026-08-31,3c38a89a151eca0c08d835c24ee7d91b07b4600698ef2c362b075c3341776d38,2026-09-04T17:39:06Z,2026-09-04-33901670861
2026-08-31,3c3c8436676a84c309ff52a4d77e60832dad89e851f6002aca2aa16d4a50eec4,2026-09-04T17:39:06Z,2026-09-04-33901670861
2026-08-31,3cadd8eec6ea76c8461322541bec1345428823b9b20564cb9e4f0970fb35ca4d,2026-09-04T17:39:06Z,2026-09-04-33901670861
2026-08-31,3d6783ad96db22a5ce99d2dbfb076f1ac6f52d404b0f8115049782e898a878fc,2026-09-04T17:39:06Z,2026-09-04-33901670861
2026-08-31,3d9bf1a8612686ecf4ae9c16b93074f920a3868098eb8f66f268f9a0aa60e77a,2026-09-04T17:39:06Z,2026-09-04-33901670861
2026-08-31,3e485077c753fa07f9fc412bca10fe46eab6e6b8dfe6424009eb269f309c1340,2026-09-04T17:39:06Z,2026-09-04-33901670861
2026-08-31,3e4d5fd8f141a5810ce4a6e894d7423a84a6d30a3c3578023f8cbb0da3429a95,2026-09-04T17:39:06Z,2026-09-04-33901670861
2026-08-31,3f0422f87f83e79cc9aacf27cbaf754ed8b3d5922c2342ba56806c207ac595eb,2026-09-04T17:39:06Z,2026-09-04-33901670861
2026-08-31,3f3b69b2200f3f7674eafef0c14989f96dc61acea0e7896ba6196bea27861f8d,2026-09-04T17:39:06Z,2026-09-04-33901670861
2026-08-31,3f571c4c8e0edff508c967d14f69c4cf654ec1c749e64cf1f50f41b67e64a5e3,2026-09-04T17:39:06Z,2026-09-04-33901670861
2026-08-31,3fa648ab686e072f014faee413d80f757f3699a0007b7cf647b4c4a814b60199,2026-09-04T17:39:06Z,2026-09-04-33901670861
2026-08-31,4000cdcb4a7272424d3176caaa56e0010c4bb876b40c6de6478ab175e9c7fcbd,2026-09-04T17:39:06Z,2026-09-04-33901670861
2026-08-31,4000e306a6aed1ed5db403a250f0ef31cc6b0e9dcaa1e95d13d2ef45799eb8c4,2026-09-04T17:39:06Z,2026-09-04-33901670861
2026-08-31,40a917cbb42619f1185871ca8b4c1abbadd09ce3de03331c1be987732ce7398b,2026-09-04T17:39:06Z,2026-09-04-33901670861
2026-08-31,42a73980754bfebfa8aebabeba0b6dd311a75795f1e580dd9ebbfc49e84d3ad0,2026-09-04T17:39:06Z,2026-09-04-33901670861
2026-08-31,440a2de87197db16ef9b40bb5bbc4af165242f97ba33013814846a4e580862a7,2026-09-04T17:39:06Z,2026-09-04-33901670861
2026-08-31,447f387fa5c18faecd32e6a608f7d7b88d9ce07618d399199018c607b353effa,2026-09-04T17:39:06Z,2026-09-04-33901670861
2026-08-31,44bfae0a1a66daf7bd53b246781a50dc20cf40b335354891e8404b109f2ec6ff,2026-09-04T17:39:06Z,2026-09-04-33901670861
2026-08-31,45c2aec2171a40db8de50987aa080d30809c4d969c78d71d8c2c6111c021c453,2026-09-04T17:39:06Z,2026-09-04-33901670861
2026-08-31,4631fcfc3c2d9716b71ee5a83a737b7f3c0af67d7a27e9910264cfa378db5f31,2026-09-04T17:39:06Z,2026-09-04-33901670861
2026-08-31,465758fc031c01525edd29cfbbe05457abd9cb16fe9aa4c567e61a1b610b8d22,2026-09-04T17:39:06Z,2026-09-04-33901670861
2026-08-31,469b7758c6775886a486f425704f97bc3882c67b793b98f14529f556daf30d88,2026-09-04T17:39:06Z,2026-09-04-33901670861
2026-08-31,46cdcd120fad9d57f600eccc5ee977c1d15ca71681da3d2b0adf8575ba4326d8,2026-09-04T17:39:06Z,2026-09-04-33901670861
2026-08-31,46e77eee49b3d93e361192b17c808102d3a3c44bbb7388a510adbed994d81763,2026-09-04T17:39:06Z,2026-09-04-33901670861
2026-08-31,47400d4802e9fa95eb9a5ad911de2b61b2b56b94fa0565143ed62a62c231a167,2026-09-04T17:39:06Z,2026-09-04-33901670861
2026-08-31,47b9b9b6b7c4c9014464184fe296ca27f9679a36d98af0424f2f9256bed1b154,2026-09-04T17:39:06Z,2026-09-04-33901670861
2026-08-31,48df165ec1e904a3538eb0666176a44b8dbbec4a85f351247792c8d9f0f37bc1,2026-09-04T17:39:06Z,2026-09-04-33901670861
2026-08-31,4950a4f6d504acc8ecf13037c3fffcd0ae9533948b600a8b5d4824d909d025f5,2026-09-04T17:39:06Z,2026-09-04-33901670861
2026-08-31,49561670eae8aa5edd6a3e31547043bbbccad96932f5560fa808d4fdd59a0eeb,2026-09-04T17:39:06Z,2026-09-04-33901670861
2026-08-31,4a10fa567aa349835a2dbfde7df19bd29837a3b72dae923be1639e0e3b80910b,2026-09-04T17:39:06Z,2026-09-04-33901670861
2026-08-31,4a3171ff1d4147ed0b777a29241555bdc69bed4a7039a03c53e0ccc965a5fa10,2026-09-04T17:39:06Z,2026-09-04-33901670861
2026-08-31,4b74afa2d13eac948a896c890952b3784d2e1ea55df32376685ed6ea9b58f4d2,2026-09-04T17:39:06Z,2026-09-04-33901670861
2026-08-31,4c02f4f6ecc12669fd64687195b63e3c1ebae1cf86ab6d0b655d922b4f841c84,2026-09-04T17:39:06Z,2026-09-04-33901670861
2026-08-31,4c81862fb87b89e339aff98ab6f829842862eb24b793f6588e64a4bec9ec508c,2026-09-04T17:39:06Z,2026-09-04-33901670861
2026-08-31,4c8eac4f3ad350c21debd589056e325b8b086b2bbd24655f15cef8dec3e4f43d,2026-09-04T17:39:06Z,2026-09-04-33901670861
2026-08-31,4ca26312f4f055eaf00cce83428bc5c7c58154cf2651658fbe251abe8fefb4d9,2026-09-04T17:39:06Z,2026-09-04-33901670861
2026-08-31,4e0ee482385fab71d05cdfecf98d42140bded434aa01476778aa2c6be629c0c1,2026-09-04T17:39:06Z,2026-09-04-33901670861
2026-08-31,4e582ee1eb1c209fab2bfc5b1319920c619568c01528b3bb51bc83c726849cee,2026-09-04T17:39:06Z,2026-09-04-33901670861
2026-08-31,4eacd4cf631ac82d8878868e6bf9f6a5f52d999285faa59c23542bf2732ec879,2026-09-04T17:39:06Z,2026-09-04-33901670861
2026-08-31,4f7c8be7021a81e997452156e2daad5ebe8d81d9a09fb20069dbb3ac4490672f,2026-09-04T17:39:06Z,2026-09-04-33901670861
2026-08-31,4faf706cedb46f7d1419174f44d0c19e7d38a0ab81083cb3f3d10f72f6c443fa,2026-09-04T17:39:06Z,2026-09-04-33901670861
2026-08-31,4fb983cef25546a740a2f87f645023eff60ea5c3169191914590ba3155b3b660,2026-09-04T17:39:06Z,2026-09-04-33901670861
2026-08-31,4fea02212c85b696e56bba9812cd5f168d81efa1b39b5a423b70a6d88fcdb50a,2026-09-04T17:39:06Z,2026-09-04-33901670861
2026-08-31,4ff5089604f88d9514e1e832083fb4419da226132fed36618ba252fa76022517,2026-09-04T17:39:06Z,2026-09-04-33901670861
2026-08-31,503b81321b2ffd3a0a772e155a3eac66ea501ff47e8507ff588d1aa21dee3f6d,2026-09-04T17:39:06Z,2026-09-04-33901670861
2026-08-31,51084cdfbad138cfccd0676dba8beecf88c81a9bf785874898b012bd1d3aca53,2026-09-04T17:39:06Z,2026-09-04-33901670861
2026-08-31,510d0b3a751e4ee93fecb701708be863c168458c6fc3bfde81744bb729d4fee4,2026-09-04T17:39:06Z,2026-09-04-33901670861
2026-08-31,512fafcaac77643408455e98bedf43fdb4730b14c3251d56c0e27bb05e541009,2026-09-04T17:39:06Z,2026-09-04-33901670861
2026-08-31,51699a5852c8d17ddd3d91de4166de9473dc3e974a0c41f424e6ed4ce8c3e121,2026-09-04T17:39:06Z,2026-09-04-33901670861
2026-08-31,537f3875633ec07ae967d9b538920dc7d3a3babc0481eed34d860156a3951452,2026-09-04T17:39:06Z,2026-09-04-33901670861
2026-08-31,53b4eb925e7e7f644948bed9da533756a959fab2b541cbb5f1ee1300b0ad4439,2026-09-04T17:39:06Z,2026-09-04-33901670861
2026-08-31,53bd559c30f89cd062bdd4bc396f37cb5cb3ef81524eb287574955ea765c9875,2026-09-04T17:39:06Z,2026-09-04-33901670861
2026-08-31,541daf830a5dc15e19ee7acca580829da557159e687d526603967f5124d10eed,2026-09-04T17:39:06Z,2026-09-04-33901670861
2026-08-31,54375e01c3203430338a4c324a3ccadda7e9b1e3de1f997b221b6655e6208ccd,2026-09-04T17:39:06Z,2026-09-04-33901670861
2026-08-31,5456f15cb53892fb773bf57ac859d0cc445a2cae7cca29b3a8fb4ccd848fa498,2026-09-04T17:39:06Z,2026-09-04-33901670861
2026-08-31,54c9bb08d35f0d68bc36b8d5082923fc0f41bbace07a9070c5cb234e0493d105,2026-09-04T17:39:06Z,2026-09-04-33901670861
2026-08-31,5511e480b472079c7f1e3b6b4616262b1e2b875b14f2d4b10e78cda4d98f09ef,2026-09-04T17:39:06Z,2026-09-04-33901670861
2026-08-31,55f2e422d8fc476ce3cbf22b6f1fa61f64815ff78734edd29dafd2b95012dffe,2026-09-04T17:39:06Z,2026-09-04-33901670861
2026-08-31,5652df5fe703c6076c495244683e2075e7f87be67400dde95d7d688982c2fac5,2026-09-04T17:39:06Z,2026-09-04-33901670861
2026-08-31,5744d994124ec5a67d07809f4303b1356beb3d2ade629a70f35fe6bc8c67e9a2,2026-09-04T17:39:06Z,2026-09-04-33901670861
2026-08-31,5768fadda2172710ab8221118a23bbcbe4acacb84c8ca47538b74827a0560045,2026-09-04T17:39:06Z,2026-09-04-33901670861
2026-08-31,5783dc8971a9f669be75488aa1ace4ccb9da696b77f82ce5d12dd365ffc5c4df,2026-09-04T17:39:06Z,2026-09-04-33901670861
2026-08-31,57d7d3c1f1db9b215093aca669377936bd368bfe6f389218c3b788fb0a091c58,2026-09-04T17:39:06Z,2026-09-04-33901670861
2026-08-31,58907eef893e7f3a176c65ab32b529927acf526452eed69d28baffa14c467ec0,2026-09-04T17:39:06Z,2026-09-04-33901670861
2026-08-31,58b90ade10f07aaaeb94d83482f9b436bf74b29fb459a8d367a424a0127fdd12,2026-09-04T17:39:06Z,2026-09-04-33901670861
2026-08-31,59c620cb799a78ccba03087d71c5213facefe021a8dfd4ff6af811d5b2bf63db,2026-09-04T17:39:06Z,2026-09-04-33901670861
2026-08-31,5a38dda1da7ba0fbd4b20920881626c4306875278d5a5a8dde8b5b1af34c84f8,2026-09-04T17:39:06Z,2026-09-04-33901670861
2026-08-31,5a3f510dc3c705c5af270b113ae73f86901e200a5da1311aa2054c1f2e5e2266,2026-09-04T17:39:06Z,2026-09-04-33901670861
2026-08-31,5a59198fa8c1ff10998c914e3f88cfa1027c93efd0f88b7494a90c7b44888fef,2026-09-04T17:39:06Z,2026-09-04-33901670861
2026-08-31,5a596b5bad55935fa357de3e1f31556b4160d55b5565580eedd894637342d601,2026-09-04T17:39:06Z,2026-09-04-33901670861
2026-08-31,5b76f8770b0f70316460f6261bd65fa1bcdea906b800123cefb14904da9d3eb7,2026-09-04T17:39:06Z,2026-09-04-33901670861
2026-08-31,5cb2a9808f5fbb0da13bad1747db9369ed592ddedadb7e63de218dfefc37dd87,2026-09-04T17:39:06Z,2026-09-04-33901670861
2026-08-31,5d30f7599c613d7183fc337833e27f682c981b197c9333f5f089c109a96a04b4,2026-09-04T17:39:06Z,2026-09-04-33901670861
2026-08-31,5d52c3bc78002ebf4eaf4180ac8bdb33aa2912724b787b72d7f3348d80401809,2026-09-04T17:39:06Z,2026-09-04-33901670861
2026-08-31,5d5f96c38567169784c0963a941e1f4613eaa229c7a5dc9986efcac4aeb79078,2026-09-04T17:39:06Z,2026-09-04-33901670861
2026-08-31,5d7328f2d8e09caaebda31c0525a8f49932431e41d8cb15f5f4c54d5d2c41bab,2026-09-04T17:39:06Z,2026-09-04-33901670861
2026-08-31,5dc38144c18c39c80d7b5db7047a33014c5b80c1a8b4a154680adb1bbbec4a1d,2026-09-04T17:39:06Z,2026-09-04-33901670861
2026-08-31,5e5958734e11072cea011dbf8670f5073c9922ea807141778d0ddd74bb60dc20,2026-09-04T17:39:06Z,2026-09-04-33901670861
2026-08-31,5e64dffbf0dd32ef002dc760145e6be209d5616a553b0935ce1de5836735c186,2026-09-04T17:39:06Z,2026-09-04-33901670861
2026-08-31,5eda5f8aeb934fba48814a6ffb59d81d26ba88c04e71c4a58c4d082420162c60,2026-09-04T17:39:06Z,2026-09-04-33901670861
2026-08-31,5f4be694af11ec1d70f6546a9477391443d141fcd6ea6cade3e3c6577298b7b9,2026-09-04T17:39:06Z,2026-09-04-33901670861
2026-08-31,5f7381b94270ebbe8a82eea467f37ceedbedd65559b8299bad250430089de2ae,2026-09-04T17:39:06Z,2026-09-04-33901670861
2026-08-31,5faa347959865b059186c917aab046361fe42faa0d509f70d6f0425650b77a41,2026-09-04T17:39:06Z,2026-09-04-33901670861
2026-08-31,5fbce185d7f955a82e93fa4931d34918a1507c5c4eef19e7285985ab790caa8c,2026-09-04T17:39:06Z,2026-09-04-33901670861
2026-08-31,5fd977b92f0b8d1f7e4ce717fbd68abec771e339bfe5f6a541225a9cbed3f792,2026-09-04T17:39:06Z,2026-09-04-33901670861
2026-08-31,60531853e9e1fcfc73c195ed905a0a54f067e13bb985e6bac6387edb4a3b46d7,2026-09-04T17:39:06Z,2026-09-04-33901670861
2026-08-31,6170b2cc5eea88f928e10179ce76802952284dffc3094f9748acdc342eefadba,2026-09-04T17:39:06Z,2026-09-04-33901670861
2026-08-31,6244a53cbaace7d4bea567c6e219ca8278a6ca1098f05e3ef305d335836aa827,2026-09-04T17:39:06Z,2026-09-04-33901670861
2026-08-31,62a73902b44d24e76a515c3515a69308ff445064b4c15d99efc7f9f9ddd34da5,2026-09-04T17:39:06Z,2026-09-04-33901670861
2026-08-31,62b0d91fc22f2cddd81e19b0f390e2854ffa05b62e013823be626701ce0e72a5,2026-09-04T17:39:06Z,2026-09-04-33901670861
2026-08-31,6372df0df050d2752ef363eabeb879bc284502aa73b9d64c0ddedde1fa028d9a,2026-09-04T17:39:06Z,2026-09-04-33901670861
2026-08-31,6399bff615b5939e57b24e56bbc2c356785ee8f2aba380ce6b9945fa92665143,2026-09-04T17:39:06Z,2026-09-04-33901670861
2026-08-31,6441917b41496be5da942f57d62f188cd97c42ccf014b4dc311a8fc2276c17c4,2026-09-04T17:39:06Z,2026-09-04-33901670861
2026-08-31,64a0e208df313a1e1a15fe49f40cff781694155feb91d2fdd49e85806d4aa157,2026-09-04T17:39:06Z,2026-09-04-33901670861
2026-08-31,657a5c7a550e8fe2854e3116e723bc93c3d844f0c003bb563fde53037893d396,2026-09-04T17:39:06Z,2026-09-04-33901670861
2026-08-31,66a0e5beca0e43cac232b97cd681b397f67da1bbbedf9fb72119fada7bf5675a,2026-09-04T17:39:06Z,2026-09-04-33901670861
2026-08-31,67135425193f1dbd30ca7de9c7b5d5a5d82302ce66eacf3483bf252101c00f61,2026-09-04T17:39:06Z,2026-09-04-33901670861
2026-08-31,67a6c223477bf987771a13f1bfc4cdae7efa27b3f41034d730ea323a2c508df9,2026-09-04T17:39:06Z,2026-09-04-33901670861
2026-08-31,67d14dfc37be0e83045c7d2c471e9a82405a05e04cd72f5b6ba266a792e3e86a,2026-09-04T17:39:06Z,2026-09-04-33901670861
2026-08-31,68cc3651b7f34f7132b994bd44bfa08ea172e0db882df748c5deedd80e01aa62,2026-09-04T17:39:06Z,2026-09-04-33901670861
2026-08-31,68d95ab9d9f975d91c2652be799b5ae6b5c2f42739e2b0edfa39bf09425135d2,2026-09-04T17:39:06Z,2026-09-04-33901670861
2026-08-31,69502788535430179855ea056481721d341f5c33f5bfab90699f32de36b4a21e,2026-09-04T17:39:06Z,2026-09-04-33901670861
2026-08-31,69b80df376fcae0a4436d16b547a48a2251f3b3b35a70a96db5a51c8e243bd7b,2026-09-04T17:39:06Z,2026-09-04-33901670861
2026-08-31,6a108ae506402a9cd23782055e45412311bbacc1d234415dc169b5dc391075f7,2026-09-04T17:39:06Z,2026-09-04-33901670861
2026-08-31,6a6da50f7786961549e507b429498d28c36655865f8cadfb67bca2cb8d9be52f,2026-09-04T17:39:06Z,2026-09-04-33901670861
2026-08-31,6beac347090d81b376d329d18e3d02b2545b3483298e303b794335cb9c0fb235,2026-09-04T17:39:06Z,2026-09-04-33901670861
2026-08-31,6d7e4650a058f16cd9211c96d8e1196b0065006a3c0adf714ef515233555f119,2026-09-04T17:39:06Z,2026-09-04-33901670861
2026-08-31,6d849de8f51782b2a49af5d0cd340275f41c8d8f9710b428485265a746fee0f9,2026-09-04T17:39:06Z,2026-09-04-33901670861
2026-08-31,6dd1aecd7ba39e0d724a46a84bc07268ee6a93f4fd915dbf4d009fa9053b4aa4,2026-09-04T17:39:06Z,2026-09-04-33901670861
2026-08-31,6e78a02055464efe1f4e330e18118f1a63dbada9a298d8491cd0e77f2b21ec00,2026-09-04T17:39:06Z,2026-09-04-33901670861
2026-08-31,6f33f24c2e3ab3b5c15e991d56588bcff5f8bf9ea4a46cb84e6e403b5fd82106,2026-09-04T17:39:06Z,2026-09-04-33901670861
2026-08-31,6f71998303f6bb807527053ce642f75c06267103f80c760aca0409a456aae021,2026-09-04T17:39:06Z,2026-09-04-33901670861
2026-08-31,6fc5dd72e57a6c3a6db102587b9061bd1ee2d2dd0d992bf6b8463448b203dbd7,2026-09-04T17:39:06Z,2026-09-04-33901670861
2026-08-31,70abd34989ba78016b63568e6770c0e1f8501bd96feee5ae6d1175db384c33a3,2026-09-04T17:39:06Z,2026-09-04-33901670861
2026-08-31,71cad6271aecc4006033db3d4f02caf42dd16dda3601bb73e385e650ad34ff93,2026-09-04T17:39:06Z,2026-09-04-33901670861
2026-08-31,72393937959a0664c53bb48e061dea4303969b4ebaa97d3355371d7d161993d3,2026-09-04T17:39:06Z,2026-09-04-33901670861
2026-08-31,7252afb50e9b901577a9fd3bb7ee6cfee261f2a03ec1cd385f21fb57250c7783,2026-09-04T17:39:06Z,2026-09-04-33901670861
2026-08-31,72a7df3db8fe72ce4b37b12313774027b1430d026793d7d1e70c4ecdb594eac3,2026-09-04T17:39:06Z,2026-09-04-33901670861
2026-08-31,72b9941570b0ca2ab5d60b51ebefb4fa0a00e46f5f529e546ef3979eb698301c,2026-09-04T17:39:06Z,2026-09-04-33901670861
2026-08-31,73448d8689fc69b7c645a9f1b809f46b49f2593f63c19e51b62982554664a64b,2026-09-04T17:39:06Z,2026-09-04-33901670861
2026-08-31,73659a373c8235e1968e53888219103bb1af831b2711ce559748a43d132bc2e7,2026-09-04T17:39:06Z,2026-09-04-33901670861
2026-08-31,744644489034b4a5a0c12535a3dab0c968891898f10eabb6958ee2115c2ebf39,2026-09-04T17:39:06Z,2026-09-04-33901670861
2026-08-31,754d079304480c0a6010b3ef209f275e86b84ca66a1e91ceb7c641555b383e37,2026-09-04T17:39:06Z,2026-09-04-33901670861
2026-08-31,7561a4b04a035c8c720f7b12bb50c2e25ffbd9e4a8ee755a31a587f7e8275ba4,2026-09-04T17:39:06Z,2026-09-04-33901670861
2026-08-31,75bb0cf05bd1c9933379d2b09de9ccbde97aa23501b172cae0da1f7aaccf6239,2026-09-04T17:39:06Z,2026-09-04-33901670861
2026-08-31,75ed0980c8efcdb5b2a2e73f5151044c6e501b7e55daa3f9d244a34dfa0ce98f,2026-09-04T17:39:06Z,2026-09-04-33901670861
2026-08-31,762c7d24587495e21deb851df098c39a6c94c41144f2c23c444f41a2cb08462b,2026-09-04T17:39:06Z,2026-09-04-33901670861
2026-08-31,7700890a93fdab573674f456ef91674bcab708a69e253514e4bf03de7fec3da3,2026-09-04T17:39:06Z,2026-09-04-33901670861
2026-08-31,7707b7fcc9f72842bf9c80dd34955a63792c5f0cc78012e262cc41de1a277184,2026-09-04T17:39:06Z,2026-09-04-33901670861
2026-08-31,7731d360074423fb9dd11a90359f698dc0cdf5b224b738dda895d8dd6f0172f2,2026-09-04T17:39:06Z,2026-09-04-33901670861
2026-08-31,7740d23e26ab30cd622f7a8f8a406565663e7d442dc8992a152bfd6284c73452,2026-09-04T17:39:06Z,2026-09-04-33901670861
2026-08-31,78b3cb9ef39dd0fa457deae0681768836c1153637bad215027a006e643fdb3fb,2026-09-04T17:39:06Z,2026-09-04-33901670861
2026-08-31,791d859a6f6ec09840c75ad6928c3c331e8b145a4eaa63ec5051553844523450,2026-09-04T17:39:06Z,2026-09-04-33901670861
2026-08-31,795b485f5cae82abe2e5296eb3de8127d7849f16fa80ba39e36e118c43468735,2026-09-04T17:39:06Z,2026-09-04-33901670861
2026-08-31,7960f992240614d22d62b64b73216f8ba25d6411ad56bb6c2f27fc8c7097e747,2026-09-04T17:39:06Z,2026-09-04-33901670861
2026-08-31,79cc08852985cc3588d0358e85ff423a6adf9d990340a7192e8a25a16af79b79,2026-09-04T17:39:06Z,2026-09-04-33901670861
2026-08-31,7a22497ca5fc14c997ef63bd0d9a4e3da733de28448208f5964bb5b1be0e41d9,2026-09-04T17:39:06Z,2026-09-04-33901670861
2026-08-31,7a9caafeece6e9138166885eb1e6e173c2d8d4114a05722bd86fc954cdde11dc,2026-09-04T17:39:06Z,2026-09-04-33901670861
2026-08-31,7af05735c86af3b13dc53adc0fc7030234bb0a5a33de4889922607134a035cb3,2026-09-04T17:39:06Z,2026-09-04-33901670861
2026-08-31,7afdb301bf5ab277533048cd1e95d46eb5d8a4e29cc14bbad30734c47421d602,2026-09-04T17:39:06Z,2026-09-04-33901670861
2026-08-31,7b011e46b892aa73b70ace256ee55f6672eea3f7352c5d212153658790a0baad,2026-09-04T17:39:06Z,2026-09-04-33901670861
2026-08-31,7b14d1e6588ce4124168b5a93358ae2f3ca5d3b170ff4dfb159dcc87fe9af726,2026-09-04T17:39:06Z,2026-09-04-33901670861
2026-08-31,7b59a88b2f3d8138b3115d12e4e587f7a2e1bff4a61d60352b26dcb506c9115a,2026-09-04T17:39:06Z,2026-09-04-33901670861
2026-08-31,7b7d7009ef4a68e1c546d0e7f7a05793535d195c917a525f201e1cb436fe83c2,2026-09-04T17:39:06Z,2026-09-04-33901670861
2026-08-31,7b9bd234766716cc9148ab9e86d254d1bf208e10dd1aa812bc6d9b92eb6090b1,2026-09-04T17:39:06Z,2026-09-04-33901670861
2026-08-31,7c530e1a143926ad77258cc27582acbb315cc2cb3c9d9933794777b92b62bbb0,2026-09-04T17:39:06Z,2026-09-04-33901670861
2026-08-31,7caf74ddf79120e9fb3bdd93c4f6b095c358332e5d5d0f073ac1eb0a7c32e6b0,2026-09-04T17:39:06Z,2026-09-04-33901670861
2026-08-31,7ce0197fc4a22caa16140ebe77d271368df44cec08be38b0ab15328e460761d8,2026-09-04T17:39:06Z,2026-09-04-33901670861
2026-08-31,7d55bdfec9d405e6609e97a9ff76dc0834eff475194ca5fe8d1653b57ee177d0,2026-09-04T17:39:06Z,2026-09-04-33901670861
2026-08-31,7dc07bd532f13ed96579e26c8e20da1675386df520ef9ed01ade622b8820ae83,2026-09-04T17:39:06Z,2026-09-04-33901670861
2026-08-31,7dde52425640dd53207aa0840f726666492abaca987e42f275411d40c937810a,2026-09-04T17:39:06Z,2026-09-04-33901670861
2026-08-31,7e3005f6238b6082d8a3a079411dbde2af756449aec4b460c077a7ea2ad7303f,2026-09-04T17:39:06Z,2026-09-04-33901670861
2026-08-31,7e5fabac57dbb69790ef785f9179faf980b76f2fa86eb91b6404c16725d25ee7,2026-09-04T17:39:06Z,2026-09-04-33901670861
2026-08-31,7e7b4c420ada833b7a444a849da0de0a2a675f5f205adef0c04b38cb9502e504,2026-09-04T17:39:06Z,2026-09-04-33901670861
2026-08-31,7f7d02c14d8ab21e98a3a032a15a9a4cb360e10bc39d941398a3197140407974,2026-09-04T17:39:06Z,2026-09-04-33901670861
2026-08-31,7fac7ae3c08fd6415f3bd9f62fd439338fe69c6212a3f93e0ba0246ea6809e33,2026-09-04T17:39:06Z,2026-09-04-33901670861
2026-08-31,80ce5b871799d78ad341fbbcb6a2e3ca768a410bb988a6024a0d3e97f160ee90,2026-09-04T17:39:06Z,2026-09-04-33901670861
2026-08-31,80d5ff91ed0512a8d0924478586d4c4f335a038685bddc700bac4e45f6d4cbfc,2026-09-04T17:39:06Z,2026-09-04-33901670861
2026-08-31,814730d870dd4680236c63b1eead46ef04b12a82b6abd0f86452e9bf839680af,2026-09-04T17:39:06Z,2026-09-04-33901670861
2026-08-31,82add9d0e02173fa59edcb074393a61e6d768bb45e262e882f88dc75f1ee01f7,2026-09-04T17:39:06Z,2026-09-04-33901670861
2026-08-31,83ff48d40921f3d5ea3231ca51bc930bf57e127cc062d6ae8d9acb6b9d09add4,2026-09-04T17:39:06Z,2026-09-04-33901670861
2026-08-31,8442d44808c7e1e763313cc9f6656a15a517aa3c77d981f8d528db59e6a1d9e5,2026-09-04T17:39:06Z,2026-09-04-33901670861
2026-08-31,852c5e325a2eb5b45116f501fadcb8f1ccb4e209a55deec662b47a6e83b0c491,2026-09-04T17:39:06Z,2026-09-04-33901670861
2026-08-31,85b5992af90135670054fdd0befff851d507cb6fe63be7f19dacb5070f40f7f5,2026-09-04T17:39:06Z,2026-09-04-33901670861
2026-08-31,8649221f4c2ef44c1d572050ec77cecc9a012f46d5b9e72eeea23c1dec28b3b8,2026-09-04T17:39:06Z,2026-09-04-33901670861
2026-08-31,864bf9ed685b6e3c2038d4b4e59189cabf97bc7a1aad901a0a5e7de68fef2a6b,2026-09-04T17:39:06Z,2026-09-04-33901670861
2026-08-31,871a4b3c6578c554207915f33e6d6600feac2eba727da386ddad303482f46c78,2026-09-04T17:39:06Z,2026-09-04-33901670861
2026-08-31,875cbb4bc21bfdfff9f2e1727352b2935389e63adfa2cab57290f1fd6c0498c9,2026-09-04T17:39:06Z,2026-09-04-33901670861
2026-08-31,87f0c464896b759f94ac71f49ffa64dcff6344f32e8c01268ddbac19e51679de,2026-09-04T17:39:06Z,2026-09-04-33901670861
2026-08-31,883cf8872f374bb81286802709243e629f0828dae34b487f2476caa655342433,2026-09-04T17:39:06Z,2026-09-04-33901670861
2026-08-31,8856b6a939e8cc593fbc7dfb259ea94be1c94fc78ff4ea84f2faeb237f34ce26,2026-09-04T17:39:06Z,2026-09-04-33901670861
2026-08-31,8a3a709884f4a5201fc9547432b86dc80a215f8cb85c387fa96602a8be870df5,2026-09-04T17:39:06Z,2026-09-04-33901670861
2026-08-31,8a60cc6f73566360fbe49f6e4e74310172d456dccb225f19dded537e2f304f3d,2026-09-04T17:39:06Z,2026-09-04-33901670861
2026-08-31,8acc33007148ae7ae062e851d1ff534648db3d56e94848810492d2da923ea1e1,2026-09-04T17:39:06Z,2026-09-04-33901670861
2026-08-31,8bc9b309fd323ea5b967d7e0980bf6ce9d7c74609bca3f014d6163ee5e7ef57a,2026-09-04T17:39:06Z,2026-09-04-33901670861
2026-08-31,8c76f928874c1043dbd5fa0814c359f8053e44f82c4173f5133cdaa7b72731bb,2026-09-04T17:39:06Z,2026-09-04-33901670861
2026-08-31,8d73c5dae9e6cb8a8a6dc33b21a586a6fe35d8459e02ad74d5991aa5db3de2fa,2026-09-04T17:39:06Z,2026-09-04-33901670861
2026-08-31,8de31a6e2f7b8c32ed532edf447eef57cc36263f09a7f7c02fe7f902bd5176d1,2026-09-04T17:39:06Z,2026-09-04-33901670861
2026-08-31,8e2a9314c1768995d3a7ab72cb18d3e56ddacc16f05aab23ff4f2d2e6f831759,2026-09-04T17:39:06Z,2026-09-04-33901670861
2026-08-31,8e2b18f74a8fd7fab275e93c2c3bee06b0af22402f00ef4772033a173b96bf6c,2026-09-04T17:39:06Z,2026-09-04-33901670861
2026-08-31,8ecf285b8c5ac54393f967fe386f9300cbbdadc9b3eb865ef51a9ccfbe905bd9,2026-09-04T17:39:06Z,2026-09-04-33901670861
2026-08-31,8ee3530a6f91f0ced8f7c7f58111e0e934659ac1b658bfa4ac2ef00515621b95,2026-09-04T17:39:06Z,2026-09-04-33901670861
2026-08-31,8f0aa03aa96fd2ef1a027aae27f53b82ee1f6c4916fbf5c03b9436512a341a51,2026-09-04T17:39:06Z,2026-09-04-33901670861
2026-08-31,8fb9860204baf7f6bfecaffa556be2860524afdb765145d21aad813d3d4e2003,2026-09-04T17:39:06Z,2026-09-04-33901670861
2026-08-31,9077d293737e89c281e7cf3fb9e156c3ad63075973796ca192497be89415fdc9,2026-09-04T17:39:06Z,2026-09-04-33901670861
2026-08-31,90caa8c1c4015cb6e0566694be524592f436d10e694aca9dbde7332fa27c31af,2026-09-04T17:39:06Z,2026-09-04-33901670861
2026-08-31,911ed3e5daca247ebc49447834c148a7d9a5c998fd1881bd6de922ca1cc0ead1,2026-09-04T17:39:06Z,2026-09-04-33901670861
2026-08-31,91a2023a4c4363842f5a66b599fa5a938dafe5347e5df31d5820bda8d39162b6,2026-09-04T17:39:06Z,2026-09-04-33901670861
2026-08-31,9240c4fa4d8c55467a09eed435e276d885bdc93e9edd189e6c9de3e1c2a81150,2026-09-04T17:39:06Z,2026-09-04-33901670861
2026-08-31,9268f0dad6549dbdffa28409cc6aa1a05eeb4793d678811f7850b4df347887c8,2026-09-04T17:39:06Z,2026-09-04-33901670861
2026-08-31,9352ff6381aec0c29de04de3990b86af82918ed7b55f29d7c4d267e899a1b8e6,2026-09-04T17:39:06Z,2026-09-04-33901670861
2026-08-31,9374f9a400b8dcf8da14682e7bf9bfb37c89f7700da232171f386eebea977672,2026-09-04T17:39:06Z,2026-09-04-33901670861
2026-08-31,93f770470cf69af20070e959f7d4616d6b133d52bd58ca5d40106418409b9472,2026-09-04T17:39:06Z,2026-09-04-33901670861
2026-08-31,94058dcf2386afa7569546fa9627bcbc170f058f1a184b80f7e94b3982c6fd6d,2026-09-04T17:39:06Z,2026-09-04-33901670861
2026-08-31,956284fae014312f4bf118fcb81f6a4cfedc0ef7f88c655a4e54cada59aef2c0,2026-09-04T17:39:06Z,2026-09-04-33901670861
2026-08-31,959d55f1bfba09f45f268a6e7bd14a6bf652eb3615dafe2cc128d891c94cc206,2026-09-04T17:39:06Z,2026-09-04-33901670861
2026-08-31,95c6317d4528f6328a4e079bac26b8fde8109eb11acafac1363ca1462d226e93,2026-09-04T17:39:06Z,2026-09-04-33901670861
2026-08-31,96f7ede735741a2722216fb17ef85ef77e5f341d7e878081d95e13bafd7a7fa0,2026-09-04T17:39:06Z,2026-09-04-33901670861
2026-08-31,96ffa763377b138f5ff1f157b4581dd4abff666b8e11346388ca0b7d559bf727,2026-09-04T17:39:06Z,2026-09-04-33901670861
2026-08-31,97251dfc8ff1f3f4bdcbe2a0937487780c8704cf1bbaccfd7e745bc5ae0da72e,2026-09-04T17:39:06Z,2026-09-04-33901670861
2026-08-31,97e18140303db4f35e1d6d287fe41c332bff54326613d77f98138886ed923dbe,2026-09-04T17:39:06Z,2026-09-04-33901670861
2026-08-31,9811649dd1f0e84f960ab482974f3b9a93c1b0ebd75aa533bbc724f8e0cd466c,2026-09-04T17:39:06Z,2026-09-04-33901670861
2026-08-31,99d1a007b963a79c4f88b10a7255b86705bde48d4eef1defc638e15406218524,2026-09-04T17:39:06Z,2026-09-04-33901670861
2026-08-31,9a6c26da0e72e0a85f15f437f58c81277dac661ff8fd75788298d3a401c57622,2026-09-04T17:39:06Z,2026-09-04-33901670861
2026-08-31,9a76de1c2a46e7308b2e2a77f53140e9c004fed189badeaafe74620b8a92c16d,2026-09-04T17:39:06Z,2026-09-04-33901670861
2026-08-31,9aa4d463faceaf2bb89215a866786a703c10ea14187dccd1d76700c277eb8bfd,2026-09-04T17:39:06Z,2026-09-04-33901670861
2026-08-31,9b00fd6ca04162f357c129b2842dff197fc84269753f5b229aabc8542c1a5d05,2026-09-04T17:39:06Z,2026-09-04-33901670861
2026-08-31,9b478d57519e71f02ee5c8f65b8dc71f960ecd5000f8b72f6c984ae0d5c9c5b7,2026-09-04T17:39:06Z,2026-09-04-33901670861
2026-08-31,9b84d1d93e60d249c862d7767d49d0cb1e6f472dfd9a41dd28f01c1f907a034d,2026-09-04T17:39:06Z,2026-09-04-33901670861
2026-08-31,9b8d0b07852a151ce519ee17ba4467dbc59e0c7815f05062eed8d54005dd281a,2026-09-04T17:39:06Z,2026-09-04-33901670861
2026-08-31,9baedc77f7174b73693f5ef67dc929575d1388c047f16b66ceabd219a7b1f420,2026-09-04T17:39:06Z,2026-09-04-33901670861
2026-08-31,9c3e862daea3861c039d5e393a25b292fdbd9f0151829fa46d4b2455f2c28205,2026-09-04T17:39:06Z,2026-09-04-33901670861
2026-08-31,9d717f991003181f7090f192a80d7775c86281bbe7f994346c7e13f3a474963f,2026-09-04T17:39:06Z,2026-09-04-33901670861
2026-08-31,9d77d0d22829c91a3775c7299556682306c297d7009c17f712d8e4c697b86a19,2026-09-04T17:39:06Z,2026-09-04-33901670861
2026-08-31,9d86f6ba4511c615ade2f14344d04f028691de214fd5d80f43fe179ca0f9ecf4,2026-09-04T17:39:06Z,2026-09-04-33901670861
2026-08-31,9e8e81393521488317ed5ea3b0f3ac98448d251dee22405a568ffb69c90b45ca,2026-09-04T17:39:06Z,2026-09-04-33901670861
2026-08-31,9ed9440eaf651399b76935b6053e31c0acc0d2e44265706f6b03f10a271a6065,2026-09-04T17:39:06Z,2026-09-04-33901670861
2026-08-31,9f25d0afd22151a8554ea364d10cf7715ff23f7366d42fcff295e90ecddbc7e8,2026-09-04T17:39:06Z,2026-09-04-33901670861
2026-08-31,9fc7a5aeffc9afdbdccb22cb3f8054a52654e1a56620c06d851a3ab93503140d,2026-09-04T17:39:06Z,2026-09-04-33901670861
2026-08-31,a15dfb75cddc06ffee0d66e397d68794f24fb881801b6aa89d67593843c0748e,2026-09-04T17:39:06Z,2026-09-04-33901670861
2026-08-31,a1efd64b8516e9c6fd28866aaf7e6c0461dd41d3d1322f2cf8880b02c043f64e,2026-09-04T17:39:06Z,2026-09-04-33901670861
2026-08-31,a37c89064ce77822655de71d12762145f1bee4625297335e5a13be363ebfaaeb,2026-09-04T17:39:06Z,2026-09-04-33901670861
2026-08-31,a3a541b2efdcc6abc9e4da447cf49967fa669b526e53f8b79d93cf5151f777ad,2026-09-04T17:39:06Z,2026-09-04-33901670861
2026-08-31,a3b240f427530ea6432631cf4fd283317e39ca248e6c5734641d19abec422bd5,2026-09-04T17:39:06Z,2026-09-04-33901670861
2026-08-31,a3b32fc767eae6c0b961ddd51a480525d3ff0b7b5760094af41a55857ffca074,2026-09-04T17:39:06Z,2026-09-04-33901670861
2026-08-31,a3c6bc0df4691f54d29d6f97a4cd534baa1664c1b1c62a75e918d4731845cabc,2026-09-04T17:39:06Z,2026-09-04-33901670861
2026-08-31,a3e78b4a00aa836625742acfef320c8e0265573ed2245f6ae1df2d6d53785aae,2026-09-04T17:39:06Z,2026-09-04-33901670861
2026-08-31,a3fb326ed52ac82e37e8eebd35d18b3eefe4eec39a733e9544f8eac91162b481,2026-09-04T17:39:06Z,2026-09-04-33901670861
2026-08-31,a3fb6d65cb228cc9405de60b2ee1fa7e3c9ee9f316794553dde4ddaed457262f,2026-09-04T17:39:06Z,2026-09-04-33901670861
2026-08-31,a46e16a4f2a68d8bbd32e625a232a1cdb30f7c1f54d6af0380f66a87b4bf6d55,2026-09-04T17:39:06Z,2026-09-04-33901670861
2026-08-31,a47c0e72211bcadee534ec6b4f679dd68c909dec5b5c16a2fb0622f8ad4c1fb4,2026-09-04T17:39:06Z,2026-09-04-33901670861
2026-08-31,a4f85b9be626a8f45d78299da0d2551fef29f1ec9c5a22b0190715a0863b263d,2026-09-04T17:39:06Z,2026-09-04-33901670861
2026-08-31,a4ff6e9720c8722e84da88884c1005ff84777e005608debad4221a25a49ab04f,2026-09-04T17:39:06Z,2026-09-04-33901670861
2026-08-31,a5dc35b3f7cf12040d2398d54bc262f64cd2a6479a893c19300dbd403af5b5a9,2026-09-04T17:39:06Z,2026-09-04-33901670861
2026-08-31,a63eb38227f37fafbd561754b05528ced875aa59407da7fb74ae5571da2cf17a,2026-09-04T17:39:06Z,2026-09-04-33901670861
2026-08-31,a70d6660e150c7f76cd04f10b2795dc1c8dc5552dc8270cf29928e0c971ca6ea,2026-09-04T17:39:06Z,2026-09-04-33901670861
2026-08-31,a7c535593c52bc4e295960caa0324c763f2e9e2660867250321eebda1abf5a9b,2026-09-04T17:39:06Z,2026-09-04-33901670861
2026-08-31,a8f44f924ef672e766e8019dded12a3e3cd43181ac91bc7f1ece20966a136599,2026-09-04T17:39:06Z,2026-09-04-33901670861
2026-08-31,aa2aa91cdb72c480fa7ce5c799347c93057ae59250e5462e2f429595976bd258,2026-09-04T17:39:06Z,2026-09-04-33901670861
2026-08-31,aa70aa26d32ba3097256151f05c33a0b58b34e54af9bc6ed90200248acc72fcd,2026-09-04T17:39:06Z,2026-09-04-33901670861
2026-08-31,aad1e2d209f659391dd62e8a018f3cdb874ad7c2ff53d925776d9349aeb06fcc,2026-09-04T17:39:06Z,2026-09-04-33901670861
2026-08-31,ab98fa888528fc456711cb12224eccfb5be3a863c108bdc9bd3432d580502461,2026-09-04T17:39:06Z,2026-09-04-33901670861
2026-08-31,abff2831267c252b9ad2d7f3947f99f5ef9a8e9d676ee56e2d1ea60b3c3571be,2026-09-04T17:39:06Z,2026-09-04-33901670861
2026-08-31,ad7914580618ba6ba148b45919d983e1a57ffdb6febc085f02aaf22f05037928,2026-09-04T17:39:06Z,2026-09-04-33901670861
2026-08-31,add99ce94ca6a1ec59469db93fa0f36e5851e38dac290b522dd05594cf6561cf,2026-09-04T17:39:06Z,2026-09-04-33901670861
2026-08-31,ae5bfa395161f5bda9f4a4726ee0f0557578c0266265e33d05f6b88222215d06,2026-09-04T17:39:06Z,2026-09-04-33901670861
2026-08-31,ae7c75ac671ba3b05cbcce1985ddfd7fe8bd6a8fa1da0dc2ff4a46b476608b3d,2026-09-04T17:39:06Z,2026-09-04-33901670861
2026-08-31,ae8681fa98db478da7141f10dee05bc50214db7e90253169b1b0a8b355433344,2026-09-04T17:39:06Z,2026-09-04-33901670861
2026-08-31,ae9f64f04f41114cb1d6aa13709c197d651b7d236d7391a85319e3c78cefaf39,2026-09-04T17:39:06Z,2026-09-04-33901670861
2026-08-31,aee345d32ac71edaa874b8bf50d4c6dc4061011484833fe5c8754145f001e35c,2026-09-04T17:39:06Z,2026-09-04-33901670861
2026-08-31,af0a8b179f3117be8dfd44cb23b71e3cee112ec7806f2b554d2a3d225be3105e,2026-09-04T17:39:06Z,2026-09-04-33901670861
2026-08-31,af71a4b681a9e58627674c489328543ec4c4abfd67542493edea59c6c313533e,2026-09-04T17:39:06Z,2026-09-04-33901670861
2026-08-31,afd16385c6975234903527086326f2c9e5938a257753a90cac4cdcc7e65f7f71,2026-09-04T17:39:06Z,2026-09-04-33901670861
2026-08-31,b18169d1e6933ab58158cd020cc58149fcd9b026b572868bb1e50b959bb15357,2026-09-04T17:39:06Z,2026-09-04-33901670861
2026-08-31,b1df74ac32a83859fb876a253f13b3afa0fdbd2db55bc058064b1b50bb3d6f6f,2026-09-04T17:39:06Z,2026-09-04-33901670861
2026-08-31,b1eb1801af3eb9dee75903cecac3df87f7024a86bd830356a29922f48d6ca527,2026-09-04T17:39:06Z,2026-09-04-33901670861
2026-08-31,b21d734bce383a37f9293ffae60be9b606d6221aeebb503e16f3af6fef44dd97,2026-09-04T17:39:06Z,2026-09-04-33901670861
2026-08-31,b2307d31dce4ea58e63365f2ef8654ac7b0ac36516029d784bb4c53b4b78587b,2026-09-04T17:39:06Z,2026-09-04-33901670861
2026-08-31,b25ad25a293e14f18efd2ffea0f2a9c309616ec1813655adbab9482f73758317,2026-09-04T17:39:06Z,2026-09-04-33901670861
2026-08-31,b666bfa0a25d1c484efb2378f76d8bbeb5e56fa7a2d29360ab557bd0b2a76857,2026-09-04T17:39:06Z,2026-09-04-33901670861
2026-08-31,b67c3cc51628a29a9bd93bbee1ce2df19dca9b92eaeafc24534909368c1cd489,2026-09-04T17:39:06Z,2026-09-04-33901670861
2026-08-31,b69c06a18f229fcdf59f6d71517f846eaa33d54fcf25cf5cfb514dff8919e2fa,2026-09-04T17:39:06Z,2026-09-04-33901670861
2026-08-31,b6fc1c960ecd562f2959e8b4f102b1d104144191ef282d3e17744a07d6026132,2026-09-04T17:39:06Z,2026-09-04-33901670861
2026-08-31,b7618671c4390355632bee980a89f6bcc086eb08b4c866f78d143dc3c4050e3b,2026-09-04T17:39:06Z,2026-09-04-33901670861
2026-08-31,b80fbd8ea13fdda8210bc767f89c30372d7b16dc09bd5ae2b00bd1e01a2b8c0f,2026-09-04T17:39:06Z,2026-09-04-33901670861
2026-08-31,b8534b23fe2bd5efb7ddb3ddcd8a920c471d357c0fc65e1526238a97b51ae9d7,2026-09-04T17:39:06Z,2026-09-04-33901670861
2026-08-31,b8c012f8473dcd87addc20b84e6014c463d657b5f0c716521afdd264597e72a1,2026-09-04T17:39:06Z,2026-09-04-33901670861
2026-08-31,b9be5c650c491d2390da4ebe44ef271dbd4c09268bc369b5ff9b7f5119975441,2026-09-04T17:39:06Z,2026-09-04-33901670861
2026-08-31,bb019f55fe405b57b63212d2e9711905a0816d1d8902139a5422888364902209,2026-09-04T17:39:06Z,2026-09-04-33901670861
2026-08-31,bb3c39b57d2af1b315f3426e4378d906a8f8ff9fed96d78dbb40a8a40184fcde,2026-09-04T17:39:06Z,2026-09-04-33901670861
2026-08-31,bc56138118266de04ad26be8b6b37eef21e1332496f1f0f1bfd43ce66936232b,2026-09-04T17:39:06Z,2026-09-04-33901670861
2026-08-31,bd0a8c6726c3be0a2c5f25d910dbd3ff3d609a3eb34f0653f08a9d59e1b73e0f,2026-09-04T17:39:06Z,2026-09-04-33901670861
2026-08-31,bf10d29f8746b52906ce8f5c61dbb4c63108781fdfbaa671969356aae5db4b64,2026-09-04T17:39:06Z,2026-09-04-33901670861
2026-08-31,bf2a446b24395ff3e53cc09a6b8ccbd5f530f3b555417bfd0be710b8790c9120,2026-09-04T17:39:06Z,2026-09-04-33901670861
2026-08-31,c00ee181545b507d21ac7dfbbc6c01a25f108d10b0b0b2cdcba95dfc829371f5,2026-09-04T17:39:06Z,2026-09-04-33901670861
2026-08-31,c071d46b8ab4108b1fb4266590cd2c14356c1b4ca16e5a783c5c141b7c171802,2026-09-04T17:39:06Z,2026-09-04-33901670861
2026-08-31,c11f98efab5a6a40bd8bb25327a37befd8c678f2d4410a44ff6c8af5876523b6,2026-09-04T17:39:06Z,2026-09-04-33901670861
2026-08-31,c1652733901c802c5dacb367393b3daad1fe218c39d3fa1aa77cf6636af392f2,2026-09-04T17:39:06Z,2026-09-04-33901670861
2026-08-31,c1732b94960babbc6f23f2323878ca7688545b09c27e959ef2a574999cd81cba,2026-09-04T17:39:06Z,2026-09-04-33901670861
2026-08-31,c173a8c954f520a7f6b371090cdbdaba6710c76703b53ccbdfed6aee929cbb79,2026-09-04T17:39:06Z,2026-09-04-33901670861
2026-08-31,c1ba905b8c7efae3f9b77e69a7d2d7e2cc0aefce3f214ef3a7e25eb796ae5c42,2026-09-04T17:39:06Z,2026-09-04-33901670861
2026-08-31,c36f9e05cf857116a0e3d34b6f838e9fc76a09a0e490ebe5e355ab58091fe93c,2026-09-04T17:39:06Z,2026-09-04-33901670861
2026-08-31,c40757d76a1b3338cef6c344232de393c39102f220adb910ae983786470deb28,2026-09-04T17:39:06Z,2026-09-04-33901670861
2026-08-31,c4305f24b359d5ea39b0eec7e67098cb441ab9de7767454b8e478af310acb148,2026-09-04T17:39:06Z,2026-09-04-33901670861
2026-08-31,c433590cc78602068656eb33a812b81b8082c8f446e3bff2c0c042e89bf0860b,2026-09-04T17:39:06Z,2026-09-04-33901670861
2026-08-31,c4448c9653701c51ef687eb9cefe028e335c96ad055c78d6355370473542adec,2026-09-04T17:39:06Z,2026-09-04-33901670861
2026-08-31,c44c098bd3122fe3271135239a3eb6891494712cff62fa00fcb3aab1faca27d8,2026-09-04T17:39:06Z,2026-09-04-33901670861
2026-08-31,c620d7b2d0c6a9529b6c4a7972b85e9a5496d506de1f20cce6e3493f86273128,2026-09-04T17:39:06Z,2026-09-04-33901670861
2026-08-31,c624df2adb313bb8a3f1de6c392a6cd9d38d03484a98ac2663bad185db71a977,2026-09-04T17:39:06Z,2026-09-04-33901670861
2026-08-31,c6733f7ca3264e95ccbe444678e98a11f5f29f9af9aedb78a9310c9523025842,2026-09-04T17:39:06Z,2026-09-04-33901670861
2026-08-31,c6d932195171372b54ce4a19d9ed800e7ef6cb0b60cb2f2cdcdec59539049bcd,2026-09-04T17:39:06Z,2026-09-04-33901670861
2026-08-31,c772d5b522f5735a0b76291328dc3a52175a23ece393b9f14e663b26b23126b6,2026-09-04T17:39:06Z,2026-09-04-33901670861
2026-08-31,c78130878a5895098bef81bd72ca5925f7e4e99e30e5d6a3dc124a309779d343,2026-09-04T17:39:06Z,2026-09-04-33901670861
2026-08-31,c7b41bde5bd30840cd5b3d8cf384973fc739a89986869e0341b51888db8ab533,2026-09-04T17:39:06Z,2026-09-04-33901670861
2026-08-31,c7e53b16c012f100a96f3b42a4bef02f72c452108783a05a18c6f6c82bce8260,2026-09-04T17:39:06Z,2026-09-04-33901670861
2026-08-31,c806a93044bcd2a2ada602e1cc9f076bf9f60f66aa3dc1a8d35f0340c29f76de,2026-09-04T17:39:06Z,2026-09-04-33901670861
2026-08-31,c81a4164fe8a802a9ffc71db99fb4df89f6020dacbcf949f8edb5fa1ec3cdbb2,2026-09-04T17:39:06Z,2026-09-04-33901670861
2026-08-31,c8edae240046ac86ceffa9c2e32520d73039b7150bb4ab90e4f78edd16454d01,2026-09-04T17:39:06Z,2026-09-04-33901670861
2026-08-31,c92bdd30e8542970456edf529796ae5aab37337ac545e19c1efe37352eff103e,2026-09-04T17:39:06Z,2026-09-04-33901670861
2026-08-31,c9e4d6cd7b421d1260be6d6a3cb1c460d220037c0b4003e92c30d50698bc5157,2026-09-04T17:39:06Z,2026-09-04-33901670861
2026-08-31,ca07c34564f31679dfecb96ecf14ac45986b8c7ec69ab52cf30101dad43c79b3,2026-09-04T17:39:06Z,2026-09-04-33901670861
2026-08-31,cabaa01b02c1b2970afa092f1b8cb9756eeb60c0aa627032928bcb9ef962449f,2026-09-04T17:39:06Z,2026-09-04-33901670861
2026-08-31,cbb0ed378cdb00d5a3ce57547cb2372d085a9486f258cfd0365789255821324f,2026-09-04T17:39:06Z,2026-09-04-33901670861
2026-08-31,cc39a161a89786e3c63cab8f0a6cdd7b23b8cdbba643adad1c9351bf2b10121a,2026-09-04T17:39:06Z,2026-09-04-33901670861
2026-08-31,cd8a7fc63fa78428918d2d401878ed69446336e2126b082afe6b71dcb2ab92df,2026-09-04T17:39:06Z,2026-09-04-33901670861
2026-08-31,cdb712dffbc0b10d358381bf81c7c23d59ded7d932d5a68b669e8084cd0fb28b,2026-09-04T17:39:06Z,2026-09-04-33901670861
2026-08-31,cece6368386945d704c8092e259f1a6214df6df45d78a00702cc8afaeb87e556,2026-09-04T17:39:06Z,2026-09-04-33901670861
2026-08-31,cee6d1c30443b88270a5579c2785acffb0e1d2c2249fd79e04b78649b3d4008f,2026-09-04T17:39:06Z,2026-09-04-33901670861
2026-08-31,cf35158713c0fb34cbb3173b5766e711a1885f780b4c0fd1b20d2ce459fdf7f5,2026-09-04T17:39:06Z,2026-09-04-33901670861
2026-08-31,cf4a3ceb4efc42ec56ea33de109d6b71c0fb203a38abab16353334e8fd916a97,2026-09-04T17:39:06Z,2026-09-04-33901670861
2026-08-31,cf8464d6c45f4ecd1e283d606aa80de841314fc2e8c5e7ace42e1b3e504ba7e3,2026-09-04T17:39:06Z,2026-09-04-33901670861
2026-08-31,cf87f663c27f2af5eab481f143c0d1d38bfdfa0a7f9828e33b3efb1d117f9c5b,2026-09-04T17:39:06Z,2026-09-04-33901670861
2026-08-31,d01f0e36df58713fd440a24d79a0485a5bf9071112bdd32201a99219c1b0ad83,2026-09-04T17:39:06Z,2026-09-04-33901670861
2026-08-31,d04e416167880708383fe04c4ad60df2fb5fb360a0ac55b1a1a5cba17c5e3523,2026-09-04T17:39:06Z,2026-09-04-33901670861
2026-08-31,d144f80f506c9d1d486720560b73c57fbdccdddf547da67eb74471d19b620eee,2026-09-04T17:39:06Z,2026-09-04-33901670861
2026-08-31,d1c4f2840bbd890a7d150abfc86d9c890f3f69f7314fa198e8450279c4490ce4,2026-09-04T17:39:06Z,2026-09-04-33901670861
2026-08-31,d1f7795d3a4c620e4196240b94857bd9e93d09590b3e14df3cb2f9838331e731,2026-09-04T17:39:06Z,2026-09-04-33901670861
2026-08-31,d2ea6cd2aae2047f8fc7e5ed278a5a86313caf324e8a9f1f04333050a458d0e9,2026-09-04T17:39:06Z,2026-09-04-33901670861
2026-08-31,d3ea81254dd4398987d5a2a4556d562e523bb3c94880e4d39c1534e09e10982d,2026-09-04T17:39:06Z,2026-09-04-33901670861
2026-08-31,d432d14aa3ce4c7b020418f4fd8feb896c5cb0dc7db1802d440341c5c85c5451,2026-09-04T17:39:06Z,2026-09-04-33901670861
2026-08-31,d50a4b728c1e26dd6201e571388f0b7f30838342220c2f9c77cbe38eee28be47,2026-09-04T17:39:06Z,2026-09-04-33901670861
2026-08-31,d5118bfeff558d3f9103e8b3f9358eb0f797915826f65978b61ebe8d96e8ef72,2026-09-04T17:39:06Z,2026-09-04-33901670861
2026-08-31,d5319db4e1d01c341acfaa67198a4037235d3ad0f57ba77d2f1e7617aaea22c0,2026-09-04T17:39:06Z,2026-09-04-33901670861
2026-08-31,d5df4d79a412c96ee34a152b6eade1a6d7c54100162c2be6b570717e916c7133,2026-09-04T17:39:06Z,2026-09-04-33901670861
2026-08-31,d613f49cadb565d8aaa7a5d06f8bac669e37e1e359864350f4cc6820093b271c,2026-09-04T17:39:06Z,2026-09-04-33901670861
2026-08-31,d650c7ba734c0e0b648c91a6839d9894f50325b2915182bf95dd8e5c02c562f6,2026-09-04T17:39:06Z,2026-09-04-33901670861
2026-08-31,d6c917376335e32d65cc16103c5236106ee8a75c3a3bc0bca64028bbfbe83d4e,2026-09-04T17:39:06Z,2026-09-04-33901670861
2026-08-31,d72a94fbc2b5814c8ab68a35bc54fde033fd537d7bcbd77f3474021d4a5c93c5,2026-09-04T17:39:06Z,2026-09-04-33901670861
2026-08-31,d734cdcdb78cbdfc4f758a2cbdc3b31b2b8031535274a34290f73d300508762e,2026-09-04T17:39:06Z,2026-09-04-33901670861
2026-08-31,d7a9fa09cd99d9c7e9a7961cf0e01bcde48e97501c0ad0eb4e172f81c477e78c,2026-09-04T17:39:06Z,2026-09-04-33901670861
2026-08-31,d8454ef3eaeaf087a72b0b423a4a086a164848845160950cf57bb5631e8a77cd,2026-09-04T17:39:06Z,2026-09-04-33901670861
2026-08-31,d9605402e928e501182a7a570f94e516875e415210cdd693998d922cecc904f9,2026-09-04T17:39:06Z,2026-09-04-33901670861
2026-08-31,d9a355e333423255e09601a32f38f2af554df23eb47d36e95a0f958d80cf32ae,2026-09-04T17:39:06Z,2026-09-04-33901670861
2026-08-31,db39b72e36e3d1ff7626161f0e5ce021e774a8f7cb7e0f1519f5bdcc8ba978fe,2026-09-04T17:39:06Z,2026-09-04-33901670861
2026-08-31,db4572b71eb09cccddf27d76236d4dc5d129d84d0c831a8ecd0d3b1f22ae58fe,2026-09-04T17:39:06Z,2026-09-04-33901670861
2026-08-31,dbe0035d78c9e98fc319e9ae0d2d484b4d995bd874cfe18da9a8093507c93f01,2026-09-04T17:39:06Z,2026-09-04-33901670861
2026-08-31,dded24398210d94aaab0a9804e30acd9e0904b62f5a7a7b08f021b1eb5850953,2026-09-04T17:39:06Z,2026-09-04-33901670861
2026-08-31,de19b3a97805b2c36255cda764728e0bebbc86dc1ac7b838253bcaff5de39cae,2026-09-04T17:39:06Z,2026-09-04-33901670861
2026-08-31,de92c8026a49ebcf526ad949baa3ff4f7d19a799850b0c6b999ec2374be4998e,2026-09-04T17:39:06Z,2026-09-04-33901670861
2026-08-31,deb5717c4a2c295e5e7b822cbed6d0dc6d57470cf0033d4e8e38b67ff07b6627,2026-09-04T17:39:06Z,2026-09-04-33901670861
2026-08-31,df23a6fd725f705fcde2841107040e184ce86c55d1e8d10be62b32aef541053a,2026-09-04T17:39:06Z,2026-09-04-33901670861
2026-08-31,dfde4f29042a12ff9cc2ed95ff01b24fb1540d2210199df65fb50928a30f9fdd,2026-09-04T17:39:06Z,2026-09-04-33901670861
2026-08-31,e04b32f49ad6db69fafbb5b8cb55bc57d64aa3cfe80b5a0e13f0bf5579e55563,2026-09-04T17:39:06Z,2026-09-04-33901670861
2026-08-31,e176240dd45d78de0b6f3d71fd8d9ba2ddaff60cad8c1e819cc7687cab3a84d2,2026-09-04T17:39:06Z,2026-09-04-33901670861
2026-08-31,e17da324db91bbaa497d7845df897a48a0ef64782b8072c53aa0e9591c4d7ce9,2026-09-04T17:39:06Z,2026-09-04-33901670861
2026-08-31,e1dba8010cd420d4503a1258d8d76ce63960800772a3c4c53c4b836a50f2eb91,2026-09-04T17:39:06Z,2026-09-04-33901670861
2026-08-31,e23c5658bb87c329fb18ebd82417e3b7b26f95b2cd1f6186d3bef7e1bb4126ae,2026-09-04T17:39:06Z,2026-09-04-33901670861
2026-08-31,e263f6c4bf2d9fcea25c415e7b751e3c349505f9e89fb7d128b5d328ace89bb9,2026-09-04T17:39:06Z,2026-09-04-33901670861
2026-08-31,e30a57669665f7a8e9c818c4993c7c78e5b81a8f548982b51c4370f6663d5853,2026-09-04T17:39:06Z,2026-09-04-33901670861
2026-08-31,e3ae948c9c02718d9e52a7a4e3e893a4f11d22999a802fbf74bbf8d463d72405,2026-09-04T17:39:06Z,2026-09-04-33901670861
2026-08-31,e428e6860e57a10f29cd563455df6105dc8c05e30edc692a4cd05af0a96233ff,2026-09-04T17:39:06Z,2026-09-04-33901670861
2026-08-31,e4ee5dea72e4f4c914e1c75a38570474ee92a449360f5393992727126542640c,2026-09-04T17:39:06Z,2026-09-04-33901670861
2026-08-31,e5645678141fa07f3a1faef3611126186e129db16e9007cb8b60a11bedbf6614,2026-09-04T17:39:06Z,2026-09-04-33901670861
2026-08-31,e5653f1cdbb3b9b05338fc1b54f18c604338f8cc5be8af2140732b050b2ec43b,2026-09-04T17:39:06Z,2026-09-04-33901670861
2026-08-31,e5df856800133adfe83d3038fde39a016de2137739ba472c59ff97fd9f8a4858,2026-09-04T17:39:06Z,2026-09-04-33901670861
2026-08-31,e6a55e4f4cd37c98381720b89673857f9ea2417c0f3e41bbd3d4f68a1e593f85,2026-09-04T17:39:06Z,2026-09-04-33901670861
2026-08-31,e72ee173e12e794dc7b0cb7130e1ccb6077e0824ea8d616d14fa22dab37ab6f5,2026-09-04T17:39:06Z,2026-09-04-33901670861
2026-08-31,e73e7d5df155d20395c545d37e09681ddd784311fadc9c6b38085edacd1b4475,2026-09-04T17:39:06Z,2026-09-04-33901670861
2026-08-31,e75beae83404be82956861ff1068b74b5b9893a6a188b8d43723f086841594e5,2026-09-04T17:39:06Z,2026-09-04-33901670861
2026-08-31,e7dd81f2d540f81c4f723c899d801d809a93626d0958b6905909d0cc3fba72c3,2026-09-04T17:39:06Z,2026-09-04-33901670861
2026-08-31,e89e8064c40636c2ddebf7217910bc9faa529187270ca1bcaa938cdf46b409e7,2026-09-04T17:39:06Z,2026-09-04-33901670861
2026-08-31,e909d3d99bdd4c0663344496ccbc333588d99ab422d8f058ec56b6d815161825,2026-09-04T17:39:06Z,2026-09-04-33901670861
2026-08-31,e9d17869b3b02bd5cbd279e5cded3c377c484f963fe476d43b3f26dff95d7efc,2026-09-04T17:39:06Z,2026-09-04-33901670861
2026-08-31,ea12794e1ee5e335277ac8b9ace11bee88f72335c7e0a318fc1ab4d3b67aebea,2026-09-04T17:39:06Z,2026-09-04-33901670861
2026-08-31,eb7f2c9cc1fd93925402a471b4d74f80c04c6a1a7a75514fc127dd6f90612946,2026-09-04T17:39:06Z,2026-09-04-33901670861
2026-08-31,ebef77cc8d69dddf014d04c34084899cdeabab3a4c4c17acf337dc112b4bb336,2026-09-04T17:39:06Z,2026-09-04-33901670861
2026-08-31,ec7925bb76e561b26c51b059563b0f38d3aba4690c653daaf762f4387effbd0c,2026-09-04T17:39:06Z,2026-09-04-33901670861
2026-08-31,ecbf6b9c78ba0778cca56d930034274001a88101f52c5f1795cbaa3ae5159044,2026-09-04T17:39:06Z,2026-09-04-33901670861
2026-08-31,edae10fb33e314086d766c2388bd83f91a3963bd63d53e8ad8d74f9ed1d6dcac,2026-09-04T17:39:06Z,2026-09-04-33901670861
2026-08-31,ee182db89911583dadae3a78b890f096aed9162c2b4a68f0ddbc0375b4192ae4,2026-09-04T17:39:06Z,2026-09-04-33901670861
2026-08-31,ee3d8372a393fdbf3ad858ca5723f28abad67f05a8f118a74f16f8d2beb3d44b,2026-09-04T17:39:06Z,2026-09-04-33901670861
2026-08-31,ef79ec8c25bdbee52f0044161f8e0c28178d80a62b58bf72959d26f2962e4844,2026-09-04T17:39:06Z,2026-09-04-33901670861
2026-08-31,ef9a6a77e5ccffaf4e5d77e5da464ed13d5ee04547786db2df4bdd021530fcf3,2026-09-04T17:39:06Z,2026-09-04-33901670861
2026-08-31,efb2db4a5cfa01103c0db8c83474dda77cd78256756ed8e0fda0c0f47819cfe7,2026-09-04T17:39:06Z,2026-09-04-33901670861
2026-08-31,efe81516e6efc727ad434e4fc79345bb791ae1b6b51182a439d8b3009c3a440a,2026-09-04T17:39:06Z,2026-09-04-33901670861
2026-08-31,f042fd8d6967991a592767bdf6efaf1dcb827369dd032f5dcdcf3ab997f5e132,2026-09-04T17:39:06Z,2026-09-04-33901670861
2026-08-31,f0bd512bb5ae02b7a540a6bff7bb82522c88c5428c67b7324dbc2114f0f6a1a0,2026-09-04T17:39:06Z,2026-09-04-33901670861
2026-08-31,f0f42219720391ba063a58f9d4fb72ff1931de4e640f67700997a609bc695168,2026-09-04T17:39:06Z,2026-09-04-33901670861
2026-08-31,f0f8b3299e7176bb77a592df8c1e5efa17e6dc72ebf29278f04dd419d6cdc12c,2026-09-04T17:39:06Z,2026-09-04-33901670861
2026-08-31,f18c25a15955ed3dda8e0d301ad410b0919d2f0ce5eae07c5cb08bbb9ec03236,2026-09-04T17:39:06Z,2026-09-04-33901670861
2026-08-31,f23f47a687ce01d9f1769816613a1cd6f995b540e2df13d010ece398f78d85d9,2026-09-04T17:39:06Z,2026-09-04-33901670861
2026-08-31,f2811ed31ed7874377cb9e9b4723268c6baf83c2aee69703dd288ba311af44da,2026-09-04T17:39:06Z,2026-09-04-33901670861
2026-08-31,f2d5523d0c9d5f9145025ba4d3d38e478e8955d0860dfbda1ebc0e226f3c139d,2026-09-04T17:39:06Z,2026-09-04-33901670861
2026-08-31,f37cb9f518232c644424bcd143e3a8abda5858c7a3a4ee2776e3c041ad08e095,2026-09-04T17:39:06Z,2026-09-04-33901670861
2026-08-31,f408fb3a31703f8b1d3ff13c5d54564753e2c0e18e1d1d4786e7f3f15487f750,2026-09-04T17:39:06Z,2026-09-04-33901670861
2026-08-31,f45cc586a93261715d426e318ee695b7139fed41b7a52b7bda5cac712caf9773,2026-09-04T17:39:06Z,2026-09-04-33901670861
2026-08-31,f48ce02551a2e6bdd61db2a633f189203c5d9c03fbf9fc19204c5143da8a5740,2026-09-04T17:39:06Z,2026-09-04-33901670861
2026-08-31,f5331fb72748ecb0d3476d9af8d04445e7bce99722f45f41c4c900e43e5279c8,2026-09-04T17:39:06Z,2026-09-04-33901670861
2026-08-31,f56b0c5435a74d8faad9fc72d3642ae214e655e8f30cb4e6b8e6367f70efe097,2026-09-04T17:39:06Z,2026-09-04-33901670861
2026-08-31,f59142200ba747818e0402c40c1c6fc933e7dc4d9613c4d01d80e7cdf16c76b2,2026-09-04T17:39:06Z,2026-09-04-33901670861
2026-08-31,f5dfbe661cc930a7ad1e24a67c34db7b8e3ef16209db35f9a667e89583e4c7a7,2026-09-04T17:39:06Z,2026-09-04-33901670861
2026-08-31,f705c2e684473c26c943ad4a1a9fd3cd74db8cdccbe5e8933cdfd158a801ed6e,2026-09-04T17:39:06Z,2026-09-04-33901670861
2026-08-31,f70e40a8d37b0098da6f24e9a5a199625fc29fb93b26cdf846e31766b16e1a54,2026-09-04T17:39:06Z,2026-09-04-33901670861
2026-08-31,f71dc4b801ac449353008628cf59b60b7f53937601b3b63ae070d922c7b3c446,2026-09-04T17:39:06Z,2026-09-04-33901670861
2026-08-31,f7f5009fc0be2bf9ba460de000a2e73f11cbc3ccbcfc7570a412ed3edb67558a,2026-09-04T17:39:06Z,2026-09-04-33901670861
2026-08-31,f8c5fa72f6b32ae88a38da98bb9e2a37d7698f6390382491bcfb1ca0bb5dbf60,2026-09-04T17:39:06Z,2026-09-04-33901670861
2026-08-31,f8cb266d4d1495939d9b261473687f1b3a0f354d7a9103af3473c6ab945c2fca,2026-09-04T17:39:06Z,2026-09-04-33901670861
2026-08-31,f98e22cb911e99a72b4ae1765a0bf758feaabb31726c3b951f5e26d013eef69f,2026-09-04T17:39:06Z,2026-09-04-33901670861
2026-08-31,fa2613eb0ac6bf1271755cb497e490bd81eabcfc62eb7a6d4501b03c75994e45,2026-09-04T17:39:06Z,2026-09-04-33901670861
2026-08-31,fabdf4d1886239ec577734f8f00b765e6f97dc854fa06ae0ab692188e09f0710,2026-09-04T17:39:06Z,2026-09-04-33901670861
2026-08-31,fbee1456ee71624646faf2c42e31ca664ae30ca35566dd834ef70d516fe88784,2026-09-04T17:39:06Z,2026-09-04-33901670861
2026-08-31,fc20e7fa3a332029f8e742d0ebb40707d6f393e32ee0f2580dc34a6c3259c522,2026-09-04T17:39:06Z,2026-09-04-33901670861
2026-08-31,fc23039a3280c3c8e7fc52b873b96df5e77f83e869886d15f6927b9291f55747,2026-09-04T17:39:06Z,2026-09-04-33901670861
2026-08-31,fc3ec0e962189b6607210764ac310511502c338b6f5a238bd3ea70dd00dceed0,2026-09-04T17:39:06Z,2026-09-04-33901670861
2026-08-31,fc41e319d8c353a6cf1a11918ab5402d9dd3f4ad280e183b6571d77407951fb7,2026-09-04T17:39:06Z,2026-09-04-33901670861
2026-08-31,fd2e516ba64b73513a228f10ef32b3294b623c99c3d9cfe51faceb31eda7a3bc,2026-09-04T17:39:06Z,2026-09-04-33901670861
2026-08-31,fdce6e8cc1bb42c134ba435b82960299cb17ae0143e6c282525d16c2f563337a,2026-09-04T17:39:06Z,2026-09-04-33901670861
2026-08-31,fe9e029c485fda6ee5174b7dc2d5d0bfe9dece0c8e7eb48faa40db9556d657c4,2026-09-04T17:39:06Z,2026-09-04-33901670861
2026-08-31,ff54dd04825da174225c31074acf7fa3270d997a292c8ee1712916f92ce39ba1,2026-09-04T17:39:06Z,2026-09-04-33901670861
2026-08-31,ffb9c04ce26531a291e2a9914b245bc7948875cf38be0c4bf3f3d1b3d5c71640,2026-09-04T17:39:06Z,2026-09-04-33901670861
2026-08-31,00764127a6fb18235a8f4c6c3777c89f81fc39d8edcd543121bf0d1428451a91,2026-09-04T20:50:10Z,2026-09-04-33918158597
2026-08-31,01f7e1660c3b6e8a758fa1c70bfca310b7845f55ec01a1dc6a77e0cd1b5dffd1,2026-09-04T20:50:10Z,2026-09-04-33918158597
2026-08-31,0281d8de6166c9d227bcdb307dd002bda24547b50b7600ae4db45e8ed266beb7,2026-09-04T20:50:10Z,2026-09-04-33918158597
2026-08-31,02b1fb5c34fe2f2c801d4cfeb1b5440e05fef5a0625d4cdb542df742ac741230,2026-09-04T20:50:10Z,2026-09-04-33918158597
2026-08-31,04d257bf68f1572cb3e8a51811cf6b1545410b18bd8fbf063ac3774387257751,2026-09-04T20:50:10Z,2026-09-04-33918158597
2026-08-31,051f07f05644cc6ba9b851ee5bf24d6feb09e736770fd53b0aac30884766dd6e,2026-09-04T20:50:10Z,2026-09-04-33918158597
2026-08-31,0615a048e9ed26b1e697f17bc2d3db9fb69c2c75bb475c90e9c4c864a40faeef,2026-09-04T20:50:10Z,2026-09-04-33918158597
2026-08-31,06c78f7a25d730232f2d6ac2767db9cb1625573691d88f10a8a227796fb6dbc4,2026-09-04T20:50:10Z,2026-09-04-33918158597
2026-08-31,07054f1a3d7f85860f6f61e033048c65e11c52513e2b8f31b0ec257552cd5fec,2026-09-04T20:50:10Z,2026-09-04-33918158597
2026-08-31,073055b4266d58bfba41bc10e1ff0b8af54450a15b6e7ca60faa795b3dd01bc2,2026-09-04T20:50:10Z,2026-09-04-33918158597
2026-08-31,08d577e21fb60f2a780ce4da7d785b1b80dcba99179b78ec83bf750cdca64ccf,2026-09-04T20:50:10Z,2026-09-04-33918158597
2026-08-31,09c80540029158c28036b9b158cc98e9a2fd26209dc80e7feef7ff71b22b20c1,2026-09-04T20:50:10Z,2026-09-04-33918158597
2026-08-31,09f051f25f5b0e3c3784a188cbcbd9b9eb607930062cb9b6df2c4f7543ed106f,2026-09-04T20:50:10Z,2026-09-04-33918158597
2026-08-31,0a01406767e68da95e9f36ee2aaafb246bee0e0be6a94f97ff5ac67c3737866c,2026-09-04T20:50:10Z,2026-09-04-33918158597
2026-08-31,0a530ba648307ad230ea12c5a0c4e06cc4c37c7757072e5088202ebd9a96d67d,2026-09-04T20:50:10Z,2026-09-04-33918158597
2026-08-31,0a78e4ac1ea835cabd3111d8d7ed89e6ea9196fd174bd67a13add6c80ad3a764,2026-09-04T20:50:10Z,2026-09-04-33918158597
2026-08-31,0b9970f94213958530c28c2d20e03d52aab2dcc81c6993bf719328048ee7ba52,2026-09-04T20:50:10Z,2026-09-04-33918158597
2026-08-31,0baa28f4388ed23241494322475f77f6cc034aa877399a1cb8ddedf2a17a78ca,2026-09-04T20:50:10Z,2026-09-04-33918158597
2026-08-31,0d7e3dd025991911a199c32f9f835a2b456aa784e473bdb738153362658f1bbb,2026-09-04T20:50:10Z,2026-09-04-33918158597
2026-08-31,0ed47ef1f7d585233ed206bacf26ed895a8dee0f4ee6d30521bb4dc6815d5fb7,2026-09-04T20:50:10Z,2026-09-04-33918158597
2026-08-31,11883d3fa354b62fa46436d2eb16ce24c6536e803cb19c4f390c1a165e6f5ed1,2026-09-04T20:50:10Z,2026-09-04-33918158597
2026-08-31,119065c02289b5991226948be18dd22deb6f47b2c4a5ea776dc50bd4f77e9b76,2026-09-04T20:50:10Z,2026-09-04-33918158597
2026-08-31,11aedbcb5981cb63973c566ecef6adeb83f8cb792e777d76a12ad23d5456fa5e,2026-09-04T20:50:10Z,2026-09-04-33918158597
2026-08-31,12042162f8bca31fef086d8e8c87d5a60379bff176f524f9f3ea9c8107a6b1b9,2026-09-04T20:50:10Z,2026-09-04-33918158597
2026-08-31,126e387c009053bac77406d70a55d12558b23a1fb391f1f9758958c252d49857,2026-09-04T20:50:10Z,2026-09-04-33918158597
2026-08-31,1335095f6d81c3caee7dc0c3f932a7d3529e5394586053b393d9bfae02908018,2026-09-04T20:50:10Z,2026-09-04-33918158597
2026-08-31,1436c97c1e3f7f699493671416cae254cc1b057745bd779916fec4097e46ea31,2026-09-04T20:50:10Z,2026-09-04-33918158597
2026-08-31,14d0cbbf806063e9417478a62a80d55d02c06542f7153fde974c36f719d8b5c8,2026-09-04T20:50:10Z,2026-09-04-33918158597
2026-08-31,15570d08d5615dd83ae6147afc2397465c4052d165fc80ab4ba498c8873d99be,2026-09-04T20:50:10Z,2026-09-04-33918158597
2026-08-31,15596d9c1efbdc916f5b6e37f42f998e7a0f4fd0e25864452df66ebb318198d2,2026-09-04T20:50:10Z,2026-09-04-33918158597
2026-08-31,160bb677b5c2c88272548a15a6fde5cca03b2d70e163db8731cf6075576f53ee,2026-09-04T20:50:10Z,2026-09-04-33918158597
2026-08-31,160d7bf4081380121008fb535a7ff77b7d688325f2d2c95067a38c5bc04ea61e,2026-09-04T20:50:10Z,2026-09-04-33918158597
2026-08-31,1640fb178caaee1c2d43f114878ff39a2fd8a4c7a2696337360b130db01210a4,2026-09-04T20:50:10Z,2026-09-04-33918158597
2026-08-31,16ada648a851f93ac28a365253b8f4eb783fb1daed8e3f4040c8e53b755cac4f,2026-09-04T20:50:10Z,2026-09-04-33918158597
2026-08-31,17a419852d6361dafdf5996f737e3b3b8126e710e83c605e5637321cc9d1382f,2026-09-04T20:50:10Z,2026-09-04-33918158597
2026-08-31,17f2ec288c732836b7cb0d6f2fbf1fdb6a5cc53e3bab0a9cb2d1bbff4dc11873,2026-09-04T20:50:10Z,2026-09-04-33918158597
2026-08-31,183a06149dcd619a5a0e7e99141541c8693fa73dd4d6860522c070eaf3708bb0,2026-09-04T20:50:10Z,2026-09-04-33918158597
2026-08-31,18433f4a7450d4af33b75d93127664fbec63f58148b257f66fa321721440e454,2026-09-04T20:50:10Z,2026-09-04-33918158597
2026-08-31,194910b3e960c0cb960fa912ef8a225dca67998e6093d26c9c0e695c2ad7c1ee,2026-09-04T20:50:10Z,2026-09-04-33918158597
2026-08-31,19a1e7115cbf71825d4946af685f6b3a90c0dc119562dad6e6f7efcf3c342fff,2026-09-04T20:50:10Z,2026-09-04-33918158597
2026-08-31,19eefe60e15fc40c458fcc4598b4aeaa83cc64b1c240778e43105defa20bfd43,2026-09-04T20:50:10Z,2026-09-04-33918158597
2026-08-31,1a6f003785e48645ad301f1a5b999b3b3326c0b175393b435471067d32a36e22,2026-09-04T20:50:10Z,2026-09-04-33918158597
2026-08-31,1b422230bbc4748cdb004b8e96bb06df233c9d0739a49101abee85503cab2de7,2026-09-04T20:50:10Z,2026-09-04-33918158597
2026-08-31,1dee63304911632f18b2f8d8c07e543b281e27c1125089cc5913d17c5ebd6b40,2026-09-04T20:50:10Z,2026-09-04-33918158597
2026-08-31,1e127c6c71f5639a95633d646558f8dc5f88bcce01654821a04d151c9e7dbd56,2026-09-04T20:50:10Z,2026-09-04-33918158597
2026-08-31,1eca1e83e93e902801d1ca8a7e0b0be6a5480e9e448dc7b8b33061cd44dca2b9,2026-09-04T20:50:10Z,2026-09-04-33918158597
2026-08-31,2003346bf4e31fff5b8fea789e4ad582e6a6b614ce0c8cd9a900de103bd61391,2026-09-04T20:50:10Z,2026-09-04-33918158597
2026-08-31,20bf157a3f041f401da4ef0508e5e8c0d75bf7feadf781fc4d6a1e205a6a1976,2026-09-04T20:50:10Z,2026-09-04-33918158597
2026-08-31,20f5ec0dcbbf18c6649310999168aa6c53291adef6bad5bd87f6b3d4953ddcec,2026-09-04T20:50:10Z,2026-09-04-33918158597
2026-08-31,2158dcb4f207ac5de2c8f180b0a357d2810f18936ba33879d5f94e72ab584c6c,2026-09-04T20:50:10Z,2026-09-04-33918158597
2026-08-31,219a5413c211a3d01f50860778027fb381a365ea8d0f19a90dfde5e619ccc5f9,2026-09-04T20:50:10Z,2026-09-04-33918158597
2026-08-31,23610c53272c013480e9a42973a11e7bd7cab8e1599c42425442d1fe444c084e,2026-09-04T20:50:10Z,2026-09-04-33918158597
2026-08-31,23ef5514ccc4053876299f8f62829f4e0e8223a9dddbf1dc0774407c81a8a9ee,2026-09-04T20:50:10Z,2026-09-04-33918158597
2026-08-31,242ba16891df3dcbb1a5b7b253069d260778c5becc14579181f16b8dcf688d4c,2026-09-04T20:50:10Z,2026-09-04-33918158597
2026-08-31,247d41b5ddc302e61355ab930eabcfe796f3a18c54d171fbba533653365bb884,2026-09-04T20:50:10Z,2026-09-04-33918158597
2026-08-31,24eb48c6ebd814772804f13696a08fb173bc7681870b61859a46338f4b540935,2026-09-04T20:50:10Z,2026-09-04-33918158597
2026-08-31,250c32eeac8ef295fcbe867921962c76bc2e11808352e5eb7a452d7b5b08a4fb,2026-09-04T20:50:10Z,2026-09-04-33918158597
2026-08-31,255302b99a4b87b90f72a586228500d95613165bc762fef7f89d0393e0d6355d,2026-09-04T20:50:10Z,2026-09-04-33918158597
2026-08-31,2585a0c1e404b6d771b00964db4656a784eca7530e38ae62d1894f6fa6d11e98,2026-09-04T20:50:10Z,2026-09-04-33918158597
2026-08-31,2665c8afa4469c39cb3cafb4d7f3b45ca5844cebe70268b67bb33cb2e59cdad8,2026-09-04T20:50:10Z,2026-09-04-33918158597
2026-08-31,27c8deb64a78cc169b0df5503ff0912af1e8c87c1eb8fb8d72a08a544521ab4f,2026-09-04T20:50:10Z,2026-09-04-33918158597
2026-08-31,28384c01692f0f406228ea2e86075a055f262f5e1a6b931bd2cbca591aece802,2026-09-04T20:50:10Z,2026-09-04-33918158597
2026-08-31,28604c625f7d0e57e1490ac7c18b7379a560bd6253213cd8a53543fb08cf9a92,2026-09-04T20:50:10Z,2026-09-04-33918158597
2026-08-31,2ad6bb3fc59e9cd29cd061ffc9359ec62c31015a627f7657f8900b48fd715e41,2026-09-04T20:50:10Z,2026-09-04-33918158597
2026-08-31,2b88c16fcdbf560991042ef3cb1662df3732792d12aced0a4b280003385adc38,2026-09-04T20:50:10Z,2026-09-04-33918158597
2026-08-31,2ba799015ab755a2c4a8164fad40cfdd2ade1b1b7ae5c78cfc151f30d3b53b41,2026-09-04T20:50:10Z,2026-09-04-33918158597
2026-08-31,2c1c00da57c2bd882683a10603cff3eb4bf57ef671d052882504cc8d62659408,2026-09-04T20:50:10Z,2026-09-04-33918158597
2026-08-31,2c251aeeaf58d5d264419f829aebded96b965225b08d8fe6139e5c704022a542,2026-09-04T20:50:10Z,2026-09-04-33918158597
2026-08-31,2da4070481cb49674ae81941f91d9712d1c6753890b7b353e3a4a54f650f1cf8,2026-09-04T20:50:10Z,2026-09-04-33918158597
2026-08-31,2e5bc2fd95bea08fa4403d4830dcb0beea7577123d2d34b8d4b7cbc46248510d,2026-09-04T20:50:10Z,2026-09-04-33918158597
2026-08-31,2ea8a2f6de432f8fa0d4973fbf175d364c45c01c209d26f7ee07db093fb11ddd,2026-09-04T20:50:10Z,2026-09-04-33918158597
2026-08-31,304be9777eff882ba896c3665aff4f736fae0e50f89195e3a0c0a60e764c300a,2026-09-04T20:50:10Z,2026-09-04-33918158597
2026-08-31,312464dfc74d0087843699146f008130512e41ec1fe802b7269acc22d79e541f,2026-09-04T20:50:10Z,2026-09-04-33918158597
2026-08-31,31e9f51a3ec1e967982c711e69a611a4ca1374414f0a2dc8bc2e6f37ec2ec0e2,2026-09-04T20:50:10Z,2026-09-04-33918158597
2026-08-31,320dedb002ff6e6a3a7174bb98c7e2e0dca081c93d970471da76924eae0baa56,2026-09-04T20:50:10Z,2026-09-04-33918158597
2026-08-31,32c89f2ff89b56156ae50c429f43102721a7419ec7cf057b71528d6af12849ec,2026-09-04T20:50:10Z,2026-09-04-33918158597
2026-08-31,33ee8e31e3fb1e640e22ee388015f0c6b7b65d6562a45f1ce9e8a97819cbb19d,2026-09-04T20:50:10Z,2026-09-04-33918158597
2026-08-31,361b71a930cbde6f9e83f86607a06a836be6539b942dc457776e23d9f501d812,2026-09-04T20:50:10Z,2026-09-04-33918158597
2026-08-31,38126fc9e5a2ef8a4c6086dec5ccdef006d2f4839262db8dbd836fdc5af1f2fc,2026-09-04T20:50:10Z,2026-09-04-33918158597
2026-08-31,39a2d163b5d715b42a91a33d91b585781b2f18b2ad902f6eb36639bd20490d41,2026-09-04T20:50:10Z,2026-09-04-33918158597
2026-08-31,3a625fcb2c69cd00a46434f28a56027b514bbaf2b4784fd1d9d343d5cd993934,2026-09-04T20:50:10Z,2026-09-04-33918158597
2026-08-31,3a9bbafe0bd029de5b6dfb338ad6b428103e0530068c46bb0f2d920351b6dc41,2026-09-04T20:50:10Z,2026-09-04-33918158597
2026-08-31,3af280f17992ec1daa34f78e7983be50323736e233322170ddd621263bb226de,2026-09-04T20:50:10Z,2026-09-04-33918158597
2026-08-31,3c1bf8d5c85495f716944fabd83c982abb73e3706c704854cca2f128ab98773c,2026-09-04T20:50:10Z,2026-09-04-33918158597
2026-08-31,3c4d8defd510b44c941d984df8e74ab4d8ae6211be2f0d2fad1bc679a50b3ee6,2026-09-04T20:50:10Z,2026-09-04-33918158597
2026-08-31,3c6440a873c8eb9923b5d0909a22a2fb546614abfc6ef2a45acd661c6fb4ed0f,2026-09-04T20:50:10Z,2026-09-04-33918158597
2026-08-31,3d58d3ee316306e84c64c5adcad66ebdb3d14fbbad6570c287148253924d20c8,2026-09-04T20:50:10Z,2026-09-04-33918158597
2026-08-31,3e41c6927ddfe34aa724045b4188907b3e1c78226da251e1a4f39935b512a91f,2026-09-04T20:50:10Z,2026-09-04-33918158597
2026-08-31,3fe98a19166d4ebeba9ee4e6d6e686a99b4f57728e78e9549a4e7278225120fb,2026-09-04T20:50:10Z,2026-09-04-33918158597
2026-08-31,41c67f602da5dcbaa9d4b86463cdffd65203f40c33f48ae50c18e72dfeebfed6,2026-09-04T20:50:10Z,2026-09-04-33918158597
2026-08-31,425a0cf827a36608018a049f286423451310bf32345b26ccf43f461c7fd6fa7e,2026-09-04T20:50:10Z,2026-09-04-33918158597
2026-08-31,42d9728f7dbc37c4ed2500c90f7744ec8f56e583d24b05c520066399482c708c,2026-09-04T20:50:10Z,2026-09-04-33918158597
2026-08-31,42e8c69e54201e4c8a2d18e4c149e562c7bb65525671939fad7c0338a719b848,2026-09-04T20:50:10Z,2026-09-04-33918158597
2026-08-31,445536f7634de9edea5889904f422101a37259eb5750958a10a291abda0dd073,2026-09-04T20:50:10Z,2026-09-04-33918158597
2026-08-31,45c20c4d7ff72cfe0b31b6fdc32b10c186ecae6ae2bdc2d7fe0a8810e0ab9640,2026-09-04T20:50:10Z,2026-09-04-33918158597
2026-08-31,4622a7aff695ff9a6d9173b479fa7675a0ad1bd53062e50a48fa0dd7e9513a2f,2026-09-04T20:50:10Z,2026-09-04-33918158597
2026-08-31,46dabbf8059744de8af38a295520309c3a702d70b4c3ab32198d3c7fa8fcbf71,2026-09-04T20:50:10Z,2026-09-04-33918158597
2026-08-31,474a7b91aecae0ee240fb0225881e7d53586243f5f39055880191885600810f4,2026-09-04T20:50:10Z,2026-09-04-33918158597
2026-08-31,49ca1afbbfe59c758d643eb8fce82e68b4ccb85c66769237b376b932b57e6c6e,2026-09-04T20:50:10Z,2026-09-04-33918158597
2026-08-31,49f824e45e49953e1663be007b0bd3fecde7ad16213cb81b71393e2a9c2487aa,2026-09-04T20:50:10Z,2026-09-04-33918158597
2026-08-31,4a1d6fa43373692030c83264cc02141dbb33c8dca390a942527b063b0e1fd4bc,2026-09-04T20:50:10Z,2026-09-04-33918158597
2026-08-31,4b64e984d9d8444ef1042d6651caedd6e806a020a02e8702d670ac8e25b7d99b,2026-09-04T20:50:10Z,2026-09-04-33918158597
2026-08-31,4ca00d0f6478c9d7bc80b38c19616eeb1a69db5ae912fc47ba77ce02ac0e1b8c,2026-09-04T20:50:10Z,2026-09-04-33918158597
2026-08-31,4ceaef422be799e7dba825f4710a891618ef3f77fba74e2f394fd9db79aaa7df,2026-09-04T20:50:10Z,2026-09-04-33918158597
2026-08-31,4f02f5fe9b4544a1067f1805f8de79d0c703ffe84ba8efdc3f40ee5f22686da4,2026-09-04T20:50:10Z,2026-09-04-33918158597
2026-08-31,4fe9e05ebafa1295f6bed038063d620e970fa5fb9fc3d635f56d183a4bef837d,2026-09-04T20:50:10Z,2026-09-04-33918158597
2026-08-31,50c6380923985434481730bf8f7cabc64178747a6b598ec1eeed2a23992f4d1a,2026-09-04T20:50:10Z,2026-09-04-33918158597
2026-08-31,514128c8975045080a83fde09709c6b5b66aef4baca7767f33771051ac17566c,2026-09-04T20:50:10Z,2026-09-04-33918158597
2026-08-31,549b1f176107ddee11fd53a387f15f77e3499c552f799e6107d7338408c9d144,2026-09-04T20:50:10Z,2026-09-04-33918158597
2026-08-31,555452752bd6ea6d375bc61c1a0dbf963e5cbdee7fc93685d727e2247525f830,2026-09-04T20:50:10Z,2026-09-04-33918158597
2026-08-31,55aae7c93271e1dd931c1eef50de6ba1b363bdf65cfd9fde9425a5ef64f26d4c,2026-09-04T20:50:10Z,2026-09-04-33918158597
2026-08-31,566a90399a4f9b0339b2a41eeac39ec371836642076e47dccffc1963fafa6d29,2026-09-04T20:50:10Z,2026-09-04-33918158597
2026-08-31,5708db11715de07bbee3c5749980dbd46fcaada1156827b6cfbda9ab06da26d8,2026-09-04T20:50:10Z,2026-09-04-33918158597
2026-08-31,573599b707d3ae770aef99e370d1a3e1cfe9034fac686b1680512c148808f259,2026-09-04T20:50:10Z,2026-09-04-33918158597
2026-08-31,59d364afa78f2241ab4afcf7ed7a9380d7d86dc536ec4d1813b0dcd9adcc07d7,2026-09-04T20:50:10Z,2026-09-04-33918158597
2026-08-31,5a01df49c8b142cc77cb4ae26c8782261a4f584ef30ea9f58121dc67f1b475d3,2026-09-04T20:50:10Z,2026-09-04-33918158597
2026-08-31,5afb6529f4a20298ea2d27ebd2e2c5e1654000018542e3cbcba60214343d61cc,2026-09-04T20:50:10Z,2026-09-04-33918158597
2026-08-31,5b0df1acca97a98b976b797c2ec9eb40d33c21e2b0f7f4f2aa45b56ef8c09114,2026-09-04T20:50:10Z,2026-09-04-33918158597
2026-08-31,5b272744410bd861313e773f779d74c26317997e1395a2c5ccb315ebf0a1cf7e,2026-09-04T20:50:10Z,2026-09-04-33918158597
2026-08-31,5b66e976e4ac8d192e5d9e128f581f9171cfec9dba328865d9a843292a118326,2026-09-04T20:50:10Z,2026-09-04-33918158597
2026-08-31,5b9e914038cbd1159606bce3027cea8a263f5da35b3d63d7994ffa56a3adb5e0,2026-09-04T20:50:10Z,2026-09-04-33918158597
2026-08-31,5bd88928f7171ac29ac07313a3d40475e1bafac751660bdbd31c2b5c35f45a48,2026-09-04T20:50:10Z,2026-09-04-33918158597
2026-08-31,5c5d11ec2fad0a2334cd5bf185a22face09ec3220221116a67caedc35364a8b6,2026-09-04T20:50:10Z,2026-09-04-33918158597
2026-08-31,5c6cddf7fdbcc4e6b5dc4b625b8c5448e3d22e79ba96dbb229ee30cedb3a1a1a,2026-09-04T20:50:10Z,2026-09-04-33918158597
2026-08-31,5d30de5df2d2157e2ceece3a624127959eb73594f1aec6176313f660b1deffa8,2026-09-04T20:50:10Z,2026-09-04-33918158597
2026-08-31,5d79a5d7faccc3aaf162685bd62ff38c38b3ae28e8769c047ab8809ed86be55a,2026-09-04T20:50:10Z,2026-09-04-33918158597
2026-08-31,5d7b6eaa08681d2cfde6103fa5443a6f7d1c356beeb9fb27926b8873aec8b519,2026-09-04T20:50:10Z,2026-09-04-33918158597
2026-08-31,5e57dfb0c452e5d206871c65e191f3a5a6e74e802216ac2afa9bf95bd69d4238,2026-09-04T20:50:10Z,2026-09-04-33918158597
2026-08-31,5f17a03898df3e75892c434e7dfa48f9329a136e9892d06514b77a0464daaf8f,2026-09-04T20:50:10Z,2026-09-04-33918158597
2026-08-31,601658f659eb221bf86636fa4b1e126d662705cdd25521f579171097e5b01345,2026-09-04T20:50:10Z,2026-09-04-33918158597
2026-08-31,6043e8e4a1e6047b1fa9dab1e41508d1b1c90990af3df35bce4291213f29c678,2026-09-04T20:50:10Z,2026-09-04-33918158597
2026-08-31,60a58bde90d82eb8ccb2b3f16f15d699cfee2eff67429e2dda2ecc348cc3c069,2026-09-04T20:50:10Z,2026-09-04-33918158597
2026-08-31,60cc3eef8d05c16a21d9ad4feab2ef9ed12167a971ceb299402353634e1536e9,2026-09-04T20:50:10Z,2026-09-04-33918158597
2026-08-31,613b9a52e8c7c5d31b348d1c25d5537d4d97437950efbc4fd2ccb5426ce37671,2026-09-04T20:50:10Z,2026-09-04-33918158597
2026-08-31,619ec7f5c4ad9a4e4966afc967bf3123259ab9b7fe2b686790822a08951d7a76,2026-09-04T20:50:10Z,2026-09-04-33918158597
2026-08-31,61a413ed75148710f455fb2fa1696e1deed66de6ca6e167d13696c5187fb877b,2026-09-04T20:50:10Z,2026-09-04-33918158597
2026-08-31,633162b2cd6b73d391599cf4a39e79420538377880c89f2882f3f3c7231b30db,2026-09-04T20:50:10Z,2026-09-04-33918158597
2026-08-31,639694066a4ca3ecf32fcbed0fcf594b5a2a565f0d42685b11e93302b95ec09b,2026-09-04T20:50:10Z,2026-09-04-33918158597
2026-08-31,64ae2ece14c3195934bc6dd28209ab5a2e8934c6887e2611ef7588cd39301ec9,2026-09-04T20:50:10Z,2026-09-04-33918158597
2026-08-31,662f18de190101564ea2aceb9423139507426d1e100d83fcf7d3759f89b2c438,2026-09-04T20:50:10Z,2026-09-04-33918158597
2026-08-31,66a1065cb1281b0d71567b979655481e89c3e465fd041e2719a0e0a7542bcd11,2026-09-04T20:50:10Z,2026-09-04-33918158597
2026-08-31,6709168c35c57d248eeb1d70f77393182917a77fb5a92500d2f944c389c2833f,2026-09-04T20:50:10Z,2026-09-04-33918158597
2026-08-31,67327dd9cd8d652f2c34f9f0d9ab02f9f3a4f94f7370e3b1c83c9856c0f556c1,2026-09-04T20:50:10Z,2026-09-04-33918158597
2026-08-31,6786794dd00997276f7475a5de139beb5bf1f24922ff9a20e4120e588857fb42,2026-09-04T20:50:10Z,2026-09-04-33918158597
2026-08-31,6916ca7af2e28e16739a34dc38caa43a5bf21889050aa89ab62dbe23c2d630bd,2026-09-04T20:50:10Z,2026-09-04-33918158597
2026-08-31,69393c7e855a1d7c4c15b8a7cfbc167d7f2c35ebfa11ccdedca3c1ef0419be10,2026-09-04T20:50:10Z,2026-09-04-33918158597
2026-08-31,6aaaf2f34fd6d515e2d20e0aa9d287cda2c68042b133241b88f3e16e1443fe53,2026-09-04T20:50:10Z,2026-09-04-33918158597
2026-08-31,6b53d7d6f88dd432b1a431e6018a022a3c65641f2f153511560e4246eb6b4aee,2026-09-04T20:50:10Z,2026-09-04-33918158597
2026-08-31,6ba2e5bcb0679157d8bf039a66da0ad519a0f3d54e527b5ae9e2a3dc07b348eb,2026-09-04T20:50:10Z,2026-09-04-33918158597
2026-08-31,6cb9c65e51575b37b7c5b14649090b91a1b6ae071c0bb65e19d4c4a8135da662,2026-09-04T20:50:10Z,2026-09-04-33918158597
2026-08-31,6e333fadcc68aa39e315150e15f54cb905b18be5ccf704f79fe6826bfeec1939,2026-09-04T20:50:10Z,2026-09-04-33918158597
2026-08-31,6e56832a487bed63700a1473a8cb823641645170b602491408bf285bbe7bafa5,2026-09-04T20:50:10Z,2026-09-04-33918158597
2026-08-31,6e88088d59cb5a4ea2a86abbcc6d5e4f30650e8cff219987cf342fee7b003ca2,2026-09-04T20:50:10Z,2026-09-04-33918158597
2026-08-31,6eaf34252e44b9e09f94cb43e9b251e269da40450e25389c22003936fded4f6e,2026-09-04T20:50:10Z,2026-09-04-33918158597
2026-08-31,6f038acf04b26663000b565386aa89c5c5df888ed3a757aa6532e704e8d59880,2026-09-04T20:50:10Z,2026-09-04-33918158597
2026-08-31,6fab14dd45ec186978652c553e564d22df850f886db50ea57f454915ae34fe4a,2026-09-04T20:50:10Z,2026-09-04-33918158597
2026-08-31,71c71779e0635df8d9a4b7f364d0e9c808095e82e68bd13536f41458d9578ea3,2026-09-04T20:50:10Z,2026-09-04-33918158597
2026-08-31,726c328746d1f6072cf7c02638b30e5c4df89d5416de95a95dda3d9ccd010da8,2026-09-04T20:50:10Z,2026-09-04-33918158597
2026-08-31,72bef56873137ac1a4364686e836a4b95d6298783599c795c411f4f88773fd73,2026-09-04T20:50:10Z,2026-09-04-33918158597
2026-08-31,74a70f7515e20bbaad3a02cb235ff3685bab8eca69aca13aceb2d0de27f06aba,2026-09-04T20:50:10Z,2026-09-04-33918158597
2026-08-31,75b18896482ce38f63b31f0139e8f774eb0c19908a72a1ddae494942900b11ac,2026-09-04T20:50:10Z,2026-09-04-33918158597
2026-08-31,75b4d5a00766fdce012e4d559a0512e4e028b62f34d395d37a13db3e3032af31,2026-09-04T20:50:10Z,2026-09-04-33918158597
2026-08-31,7672caaddfe5e701bf5c718f78be0e152df331e362dac064add3ee4b1fb56a87,2026-09-04T20:50:10Z,2026-09-04-33918158597
2026-08-31,76740103320e6a50949b29f792339bd9269b78fb9b562f7981c2f63b61ec7830,2026-09-04T20:50:10Z,2026-09-04-33918158597
2026-08-31,76cc6f8bc0b4735806786406aeae6e586e110e40136f1712226bc71ea5b061cd,2026-09-04T20:50:10Z,2026-09-04-33918158597
2026-08-31,778a53e7e13c01ea9227d14d16e6dba60de1163d08c3afc085078d487fa64973,2026-09-04T20:50:10Z,2026-09-04-33918158597
2026-08-31,78fc9fecc2d31f5f102e24a70c1d6503a21af3cff09eddbbe63ac5c81cb62ed6,2026-09-04T20:50:10Z,2026-09-04-33918158597
2026-08-31,7942fb355ff1b9a9d6c669a0ac57c3a76f1aceac9756af94ec5d8bbaed3a749f,2026-09-04T20:50:10Z,2026-09-04-33918158597
2026-08-31,7b958f2cfcd8738c565830ebf4b083fa43be3870ae695e72df3e77cf1dabcdc8,2026-09-04T20:50:10Z,2026-09-04-33918158597
2026-08-31,7ba1d07256b5fdc2afa363245bb037cf57dc20d3e590d985445f6b67f365049b,2026-09-04T20:50:10Z,2026-09-04-33918158597
2026-08-31,7bfcdae495e9bc5693eb6b04a292b93badf1c026df11bc81980638146ec82121,2026-09-04T20:50:10Z,2026-09-04-33918158597
2026-08-31,7c9328a4f844c0d41b2c98a7103fe437bfa57da8d846f82d3d8e3b04def5caa0,2026-09-04T20:50:10Z,2026-09-04-33918158597
2026-08-31,7cb27e02ee679bc3a018fe2ccf7f3dd475e7ef33a845b9294ae52c84bb46b30f,2026-09-04T20:50:10Z,2026-09-04-33918158597
2026-08-31,7fbc0738fd29651307621e477fac9dd112557bb411ad95ecd473c40b3c95596c,2026-09-04T20:50:10Z,2026-09-04-33918158597
2026-08-31,7fc756d5b04e141131099d73593eb04fe3fa3ae053c40640b90fac62166b3775,2026-09-04T20:50:10Z,2026-09-04-33918158597
2026-08-31,7ff1fa97e3bd2ab58b180cf4199ec9c436d24253dff52b2cf06265e47ab961af,2026-09-04T20:50:10Z,2026-09-04-33918158597
2026-08-31,80395f4fc09e157faff4b05d3160c8aca90bdb544188c3002fbcce9fae6a53a7,2026-09-04T20:50:10Z,2026-09-04-33918158597
2026-08-31,8051379ab9977c89f9a9b8d0f6b36092194bd0a2e52a9f474abbf746f65801c5,2026-09-04T20:50:10Z,2026-09-04-33918158597
2026-08-31,81264c4dde138b573f1c470b802d10f7804d6eaa645ced05a36b01dac5201104,2026-09-04T20:50:10Z,2026-09-04-33918158597
2026-08-31,82e667835403aa62f7b331987f9dd6948576745530fec597dac73a2aef8c3267,2026-09-04T20:50:10Z,2026-09-04-33918158597
2026-08-31,831ae7e5ba2fd67bd1e3a5152baa7832f6e7d511b01d08e27f73fe5b7df46697,2026-09-04T20:50:10Z,2026-09-04-33918158597
2026-08-31,84b5a6c5efb7115b5bdd1f89a4f3ff80774f7b6a6d1c369104228aa494527c95,2026-09-04T20:50:10Z,2026-09-04-33918158597
2026-08-31,85607a98b5f9692365b12e2b20eacf4a7d30fe67ce1c98c685d75b9550ce0900,2026-09-04T20:50:10Z,2026-09-04-33918158597
2026-08-31,874db1d0c0287cc50149c37304440330f9f614d24dbe103cd71f3db06373e89f,2026-09-04T20:50:10Z,2026-09-04-33918158597
2026-08-31,87c7855450c6459f4d6c7206bd44b5081f803ba97315f5f32b46b7eeab5f8572,2026-09-04T20:50:10Z,2026-09-04-33918158597
2026-08-31,881c1b799bae163f08b2e341f9bd5e331ad89af10f031f8fbcd8783a500c5d6f,2026-09-04T20:50:10Z,2026-09-04-33918158597
2026-08-31,889e8d033b4065fa2667f7f83b37bdada67d6e9295ba7ea8bfc2a58991c3d34b,2026-09-04T20:50:10Z,2026-09-04-33918158597
2026-08-31,89477398c242ccec3c0dfef6135fe16d412652b54e8aa7d41eb1e017673d3694,2026-09-04T20:50:10Z,2026-09-04-33918158597
2026-08-31,896df1686aad95c6c32c96267c798ef074c30dcb77fcf2ebb99ede20c5b65879,2026-09-04T20:50:10Z,2026-09-04-33918158597
2026-08-31,8b1f390731fcaea587c9c75538f84b9851bf91120b3f1718dbd559e99831d953,2026-09-04T20:50:10Z,2026-09-04-33918158597
2026-08-31,8b481a1d444f362ae1439a9b190f7a4b450cabc78749a45780e6222194da287f,2026-09-04T20:50:10Z,2026-09-04-33918158597
2026-08-31,8cdc2968b332d0fceeac4a0f7bbbfe0c1ff4e60e2643ec775037efd4d429884f,2026-09-04T20:50:10Z,2026-09-04-33918158597
2026-08-31,8dbfba44f2bf6ea50075be981a51595438a3d9b9e7fb40b049e9bf1de73cbf41,2026-09-04T20:50:10Z,2026-09-04-33918158597
2026-08-31,8e337b3d1969422771072dbc561b81ae286739943d0b787c195a4ac8ce500287,2026-09-04T20:50:10Z,2026-09-04-33918158597
2026-08-31,8e6f375aa9084e7377383d5607bacd314e9ec83306124129170652f09494df0c,2026-09-04T20:50:10Z,2026-09-04-33918158597
2026-08-31,8e82a7b254b22e74aec347cf8810c3e1c9b6b6e8e943d35e3d929c2ba0034cb3,2026-09-04T20:50:10Z,2026-09-04-33918158597
2026-08-31,8f6c8642b6eb8cf9a12bdb44c55355d0abf5b97aac505f57278d98492990469b,2026-09-04T20:50:10Z,2026-09-04-33918158597
2026-08-31,90552828aabe06c347a0d5f3a92dd8ff287f205eec9f3a0078d4c21879469a07,2026-09-04T20:50:10Z,2026-09-04-33918158597
2026-08-31,9086fbd048c6e84aa01164c8b531da0a6bde05f883a1cf554d066e4c20f0fda3,2026-09-04T20:50:10Z,2026-09-04-33918158597
2026-08-31,9102bce5864700b5786f826aaf4653b3d3b5ccaea3b61252e937d8e526bc2a46,2026-09-04T20:50:10Z,2026-09-04-33918158597
2026-08-31,91a846e7a9b133884da06989a9c34a4f74e4978e7a86252b703ceee1e8d4f4f0,2026-09-04T20:50:10Z,2026-09-04-33918158597
2026-08-31,930648366c886dbaeb2b1b5deb3267ff6c38be21bf6a9760d03ce7ec4abc0a68,2026-09-04T20:50:10Z,2026-09-04-33918158597
2026-08-31,932928b4105791b46436c95bc22c20e0b88ee15c0299aa56fff21576284eca17,2026-09-04T20:50:10Z,2026-09-04-33918158597
2026-08-31,9390860ecc18e29746c1da47a2fa7c82b6db8c83d2ffa2fa0ad65d135cb7a578,2026-09-04T20:50:10Z,2026-09-04-33918158597
2026-08-31,93c9cd2aa1956544276456d32700dbb561beb81450aa45b3e9c517fecf014a5f,2026-09-04T20:50:10Z,2026-09-04-33918158597
2026-08-31,950182bd8517fce0330b79cc58446efdd32330da442bb0d8364d6d58cb862b54,2026-09-04T20:50:10Z,2026-09-04-33918158597
2026-08-31,95ad0a51f2d19f0c6174dc6b39ceb377b105f56f2835b35989ece5ac3643c2a1,2026-09-04T20:50:10Z,2026-09-04-33918158597
2026-08-31,96f8afad2a5cc68a06e0432314c27414b585c9b5103d63dfa66a39e2a256747d,2026-09-04T20:50:10Z,2026-09-04-33918158597
2026-08-31,97179148f7c66a56488c6136f6e35494b2bbb5a6ef6506b100faf79ea82617b1,2026-09-04T20:50:10Z,2026-09-04-33918158597
2026-08-31,97e621a7b4ac5ccb84530919f0766aa4ab6ca77270738089afd5cc59fbd4a995,2026-09-04T20:50:10Z,2026-09-04-33918158597
2026-08-31,97eff0e78bba13acef978e44214dc8d798d7ed4f3dad008681708b3a432384f1,2026-09-04T20:50:10Z,2026-09-04-33918158597
2026-08-31,98c1effa0dbbf1e147e48f795a56e6c07cace452283b87613f6b92190e6ecb7a,2026-09-04T20:50:10Z,2026-09-04-33918158597
2026-08-31,993796692eed10d6225784b6f9c7d76c54cabf79a16b90a2a9848d8b4a8d0eb8,2026-09-04T20:50:10Z,2026-09-04-33918158597
2026-08-31,995d052441d47b9aa67a082db6438cfc860833f654f51cd4be5a67b4d051310a,2026-09-04T20:50:10Z,2026-09-04-33918158597
2026-08-31,99d3ac005703b7642b28b8b4c19aeafb355845f933472ccce7a473b29d679842,2026-09-04T20:50:10Z,2026-09-04-33918158597
2026-08-31,9b30e8598a5f46d50b3747a7033ca7b239c58ce02b7f50a443afaa3e5084e1e2,2026-09-04T20:50:10Z,2026-09-04-33918158597
2026-08-31,9d48ea3db43db2838ce83e48354d69d68f2acf7b65ce8981ae241d7ba98922d7,2026-09-04T20:50:10Z,2026-09-04-33918158597
2026-08-31,9d81132e05a55e01de573c8f098fdda9f5d75dc41873910f68252bc0e87c5675,2026-09-04T20:50:10Z,2026-09-04-33918158597
2026-08-31,9e236c6c65c35f102aebe232092da51a38490d334dd31069c12215e53db7d6df,2026-09-04T20:50:10Z,2026-09-04-33918158597
2026-08-31,9f2aee0ba1077354f28f9deb048ee524a699388dd2136e464cce7217d838e7ad,2026-09-04T20:50:10Z,2026-09-04-33918158597
2026-08-31,9ff55811933676e0e828618e53c0d673fc09c53c8fcd9ba0f97ad0b9c4146d28,2026-09-04T20:50:10Z,2026-09-04-33918158597
2026-08-31,a00eabfd4f561fcd7bf1cd50c814d6d9f24aa712ef38802cceb9f8effb8d8639,2026-09-04T20:50:10Z,2026-09-04-33918158597
2026-08-31,a094a82253ca4c0409d886150ce012c7eb2b9280570447a2fd5f8d1524f4a7aa,2026-09-04T20:50:10Z,2026-09-04-33918158597
2026-08-31,a0f81d5fddd26e27f792e0770784a292799b32151a246843dc61c84a20fdd676,2026-09-04T20:50:10Z,2026-09-04-33918158597
2026-08-31,a33a0fc749246d09f618e7ad97cb9626740d12c30b0c124dd64e054095481264,2026-09-04T20:50:10Z,2026-09-04-33918158597
2026-08-31,a52e9958c9ad842b714272b2f0fea2e38cadc6d3f14e5228e7c59eef26a9fc62,2026-09-04T20:50:10Z,2026-09-04-33918158597
2026-08-31,a62e73792a128e4477faf80dc229617aba805b869fce59153d2a3adc30f9f924,2026-09-04T20:50:10Z,2026-09-04-33918158597
2026-08-31,a81a981283d310228a123fbf81cd3897a1122354377b474c2b0996b1a773fcb6,2026-09-04T20:50:10Z,2026-09-04-33918158597
2026-08-31,a93a14d349ace1a68bdedf88bde7f6d8a3d7d983d409d9fcdb2b5308aae05f04,2026-09-04T20:50:10Z,2026-09-04-33918158597
2026-08-31,a95de089b6880f1802d951f60eecf093d05b5591fe961a83630f4a3e6a43a0fa,2026-09-04T20:50:10Z,2026-09-04-33918158597
2026-08-31,a9898af65eaae1438a2dad69fd3b09c799e6f6a8dd52dff5b5961f5927bd6f1e,2026-09-04T20:50:10Z,2026-09-04-33918158597
2026-08-31,aaed533666016080c435968a8a7e83e5c2c70b46e5f108fbec8d8d5d78f90ba7,2026-09-04T20:50:10Z,2026-09-04-33918158597
2026-08-31,ab1f1cf2c992751025b2bd3413855d611a8148db455e68b98e89631ed771cb16,2026-09-04T20:50:10Z,2026-09-04-33918158597
2026-08-31,ab242bdad826b569c8d2a32c3690773c1ca5783a2b50f5bff3075b6e8ad339a0,2026-09-04T20:50:10Z,2026-09-04-33918158597
2026-08-31,abc152576220dd185923bc4287cec5e24051b66ad6d5d3ee8fea0827d6c93134,2026-09-04T20:50:10Z,2026-09-04-33918158597
2026-08-31,acc5ecbbe92108bcfa121ca4a0a3c833ece2c0e6efdee1e97d862e98f3ffca76,2026-09-04T20:50:10Z,2026-09-04-33918158597
2026-08-31,ad5358dc190be337016eeb6bee02b3bb406d15b8c03ff6814d53eb8adfbb833e,2026-09-04T20:50:10Z,2026-09-04-33918158597
2026-08-31,ad7e7511a76f379060196832852b7bdff5aea1950f2ad416b697d7037f268697,2026-09-04T20:50:10Z,2026-09-04-33918158597
2026-08-31,ae049a2aefc7ef02b86c7c2e7073d563a6a3ac220f2b9c2b52a5c5b41c605874,2026-09-04T20:50:10Z,2026-09-04-33918158597
2026-08-31,ae89a22d649a195a6a9fefa52a99940dbd2e912f77662bf3187478e9d3df9ba9,2026-09-04T20:50:10Z,2026-09-04-33918158597
2026-08-31,af5daa04f192e55415840dba10f1cfd57aeefce365409a1156d56e96ccf414c3,2026-09-04T20:50:10Z,2026-09-04-33918158597
2026-08-31,afc2042393354deb48008fe3a582a30567d4799da479cbdd97d7e0fd2d8f1a28,2026-09-04T20:50:10Z,2026-09-04-33918158597
2026-08-31,b008fd89f4f2322d968730a66e8180d599a8e7cccadb8448d7826981d722bfcb,2026-09-04T20:50:10Z,2026-09-04-33918158597
2026-08-31,b075a020d829f79f857d8ac65f96fff019c0d9ccbf0513eda1e416f5ce97c62f,2026-09-04T20:50:10Z,2026-09-04-33918158597
2026-08-31,b0800022305d70cdece84d3c20fdd453c17b23c64b2605a432d939e5f773bc01,2026-09-04T20:50:10Z,2026-09-04-33918158597
2026-08-31,b23930b5508e905a8eea9ea7fba19e9dbb1f2c701d3bb3a31461eda5c3c55105,2026-09-04T20:50:10Z,2026-09-04-33918158597
2026-08-31,b24ea99e91903a34d199c9a46f0681236af5eb770530641cf559a129a3fdeaa2,2026-09-04T20:50:10Z,2026-09-04-33918158597
2026-08-31,b2d07eb2a8385156d33208a866b740ad2fd4893977bfe02bff8376c1087c7d2b,2026-09-04T20:50:10Z,2026-09-04-33918158597
2026-08-31,b3a244aeeecd3aa89af638e57f088927e1e84ffa32c540202491f64005f73b48,2026-09-04T20:50:10Z,2026-09-04-33918158597
2026-08-31,b3be3a9737b63fc216bff72018f19a5cacd589d640b06960e9abb9ebf94b295a,2026-09-04T20:50:10Z,2026-09-04-33918158597
2026-08-31,b3d0359cd289f34028841a1eaeb2a3778832095050eef0fbbb1bd3bcfdb19502,2026-09-04T20:50:10Z,2026-09-04-33918158597
2026-08-31,b587bd13263297c12568907fc503a0b0ab70fed4ae0007dbc58cab0e0bf93030,2026-09-04T20:50:10Z,2026-09-04-33918158597
2026-08-31,b746aaa457b7839c73720ad92cc35ca4917b4b0117e2bc12e0648e3299577b95,2026-09-04T20:50:10Z,2026-09-04-33918158597
2026-08-31,b763bbeb373e1a8e6b78c939b888c2e9b7167ac885163fde612ecd868aef706d,2026-09-04T20:50:10Z,2026-09-04-33918158597
2026-08-31,b7edda3a4d60c214c694ccc0709e524ce31818ff4ff24d4194ad489d12413ea7,2026-09-04T20:50:10Z,2026-09-04-33918158597
2026-08-31,b9c797412825a33c24f6e9ae024ff3d3fac1e448ab67c791900627f6f638d739,2026-09-04T20:50:10Z,2026-09-04-33918158597
2026-08-31,b9d03ac588d4e91b9e12699a817e3db18d4ee0a56f898448333f89e45677ff10,2026-09-04T20:50:10Z,2026-09-04-33918158597
2026-08-31,ba31188a53d318483a240f0021a4645e6483be1f2b8e923e1160975fef4f3da1,2026-09-04T20:50:10Z,2026-09-04-33918158597
2026-08-31,ba38437289a160f0d8a9b8581c58755f7e97d4becd644aa6564be82c1bc9b5f7,2026-09-04T20:50:10Z,2026-09-04-33918158597
2026-08-31,bb565df3c1fd540f2b0a125a5d1c2361a9638545d48b9d540b17a6e8f5aa6aa0,2026-09-04T20:50:10Z,2026-09-04-33918158597
2026-08-31,bc5dc805c0b040cdb5c54517f169bde2b4cfcbcb374124f87a79da3b06d5b4b5,2026-09-04T20:50:10Z,2026-09-04-33918158597
2026-08-31,bc768a3837378c7328bb2637950af6615706695e0f3d80919ce8b8c9102c7e1e,2026-09-04T20:50:10Z,2026-09-04-33918158597
2026-08-31,bc924e071403b15d58663676e5110dbfdf847fb434e042089e629cf015ea0a89,2026-09-04T20:50:10Z,2026-09-04-33918158597
2026-08-31,bd700a4d222ea57bd8883ca147a019bf81e7bbd26095fbfa36ac888a44910fa7,2026-09-04T20:50:10Z,2026-09-04-33918158597
2026-08-31,be161f2d24aedc896217f056956cff1040aebd7870fa99b27d11af96de32b02b,2026-09-04T20:50:10Z,2026-09-04-33918158597
2026-08-31,be30c9a4408c82ba4e7e32b7e047ba0fce654387471205f00bd80505e0ebe66b,2026-09-04T20:50:10Z,2026-09-04-33918158597
2026-08-31,bea4281a6a5ac897d57b71dc7a6944729279ee2464d8e243fe6a00760ea09d0c,2026-09-04T20:50:10Z,2026-09-04-33918158597
2026-08-31,bee992b99ce6011a4ae0fdec574813ffad127d6d906c06dcdc703571388fab3d,2026-09-04T20:50:10Z,2026-09-04-33918158597
2026-08-31,bfaef4890f924b1211a25a8f49f4a4e3a38859035cace9f82e73c8cfeb6afb48,2026-09-04T20:50:10Z,2026-09-04-33918158597
2026-08-31,c0ba97387233d0a1e79d15b52621d45bb6507b4096f31292d3e4e4aecb7ef35c,2026-09-04T20:50:10Z,2026-09-04-33918158597
2026-08-31,c1241ca3d70ec02e4c6cb25608ec165a9c8943b7d7ca542cb9af92f638065045,2026-09-04T20:50:10Z,2026-09-04-33918158597
2026-08-31,c1c3524aa0576e27d66276bef88f447348af23273f2b4ebb85ef23053c6e4974,2026-09-04T20:50:10Z,2026-09-04-33918158597
2026-08-31,c26419372b7589beea79f317494e02df86e1e303ebbb86f9cfdb85af50bb98b2,2026-09-04T20:50:10Z,2026-09-04-33918158597
2026-08-31,c2b72a9d9fc71e8931caa8711a6b655f51524a17137f02d1a94f5f078220b117,2026-09-04T20:50:10Z,2026-09-04-33918158597
2026-08-31,c31144a3e74c3b4c9ababf496143c06baebb4e41625077a837a46fd527f17a60,2026-09-04T20:50:10Z,2026-09-04-33918158597
2026-08-31,c31abefa9c1f645595b114f3a1d331cc238e46fbcc2ef45110768b5e34625a32,2026-09-04T20:50:10Z,2026-09-04-33918158597
2026-08-31,c43a64b52d1108360e50a88968e52695d069b6d545c82b03d65f5d4fbeed051d,2026-09-04T20:50:10Z,2026-09-04-33918158597
2026-08-31,c446fed25f2bb1ceaff72bb7c66ed6d9bbda1802593350ea9c5f3d319372e4cd,2026-09-04T20:50:10Z,2026-09-04-33918158597
2026-08-31,c4e22349e96e59f7a8303cfdc115f071cbc892a56e67614423011b6800f0f5df,2026-09-04T20:50:10Z,2026-09-04-33918158597
2026-08-31,c538a6e71c2288d5298cc9d639062702f10764bd8cf637bb65bed9572d99f3e7,2026-09-04T20:50:10Z,2026-09-04-33918158597
2026-08-31,c5a1b17a93d481a5456162a091272a01a8015b5c7ee7333a2a6555ecd1a0d1c7,2026-09-04T20:50:10Z,2026-09-04-33918158597
2026-08-31,c6acfc10973204af44b6126063123cd433a6384114228a601f7171e91252da58,2026-09-04T20:50:10Z,2026-09-04-33918158597
2026-08-31,c756983dc5e547dcff6d4b970a4beb9090020ba421b4f0982f23a13f3f39cb40,2026-09-04T20:50:10Z,2026-09-04-33918158597
2026-08-31,c76adff9da4137625449ef135e787edc1f8ecde1c7ed7082a7cd9a3faae36240,2026-09-04T20:50:10Z,2026-09-04-33918158597
2026-08-31,c782275c99c91b6867f85cfe31bcbdba98fab5a2dc121aa1f39aca04e3fcc073,2026-09-04T20:50:10Z,2026-09-04-33918158597
2026-08-31,c87902fae6d244ce6812246788df277abfa300667d0e68c3a220a1159f33be5b,2026-09-04T20:50:10Z,2026-09-04-33918158597
2026-08-31,c9c9159ca16837de67e0479f46bf08d345ca47410c1afbca285aada890b098ae,2026-09-04T20:50:10Z,2026-09-04-33918158597
2026-08-31,ca9231ae8407b4514d6bf4bd8bf4feb5321c81b28868f3f6c66f487713a08ea6,2026-09-04T20:50:10Z,2026-09-04-33918158597
2026-08-31,cad77623e158eeefe7c7e0b6c8c58d88f07c2f793f4830e0061f8be756c55565,2026-09-04T20:50:10Z,2026-09-04-33918158597
2026-08-31,cc954fe4c6d65328c40214457c61d981c6cd2b745bf427cf1065648cd18e5e86,2026-09-04T20:50:10Z,2026-09-04-33918158597
2026-08-31,ccde4f9454731f212951be0b49c5c7b8f40fe4892e7f2311fbf1166ce048ab00,2026-09-04T20:50:10Z,2026-09-04-33918158597
2026-08-31,cd02ac9d14e84205e226df4c4ea10ae8b647b61db1f446185df6e714288dcf19,2026-09-04T20:50:10Z,2026-09-04-33918158597
2026-08-31,cd7364353f651cb7162b47fa0b351b3aef0762e8bd2b4dd66f25abead4e9a9f0,2026-09-04T20:50:10Z,2026-09-04-33918158597
2026-08-31,cd76cc88aa1993c7842c6620cae12aa0903fa800295d19d2c43233973295b704,2026-09-04T20:50:10Z,2026-09-04-33918158597
2026-08-31,ce18c57edaaad2b215727fb24877393d3fd3afe3d4cc9b9eda0f95226e800ba9,2026-09-04T20:50:10Z,2026-09-04-33918158597
2026-08-31,ced0e1519877a7d6cbaad338a13f77d5f76c5d05fae0970a726c4e88af49516e,2026-09-04T20:50:10Z,2026-09-04-33918158597
2026-08-31,d0b2997a7b43a68c15957a2a32441259d4cdbaf7067f44826af6b49b194ef71d,2026-09-04T20:50:10Z,2026-09-04-33918158597
2026-08-31,d106c0ea59bf62672b1f5723525f70f1ccbc54fa87914b45ef1f37a8f6ae365b,2026-09-04T20:50:10Z,2026-09-04-33918158597
2026-08-31,d155b08f14409995c4788e72ed74d94a23aa717eceac8254c85d4d58cfd2d188,2026-09-04T20:50:10Z,2026-09-04-33918158597
2026-08-31,d1d3aa1a98f3bec2179e639d946d2ff70ff044f6535a293f6f21d187cb9b1422,2026-09-04T20:50:10Z,2026-09-04-33918158597
2026-08-31,d296181bf8d047432b5a0d1bbd8974df1edab7a507fd2c4f84d6caeca4370caf,2026-09-04T20:50:10Z,2026-09-04-33918158597
2026-08-31,d3d81272095743c7afe804df920e699d6fd558a84bd1696a205e97251cd77dd7,2026-09-04T20:50:10Z,2026-09-04-33918158597
2026-08-31,d489ebe94db20f8f173645cda477bff07c49a38c4f94b3482908c19f2681b6c5,2026-09-04T20:50:10Z,2026-09-04-33918158597
2026-08-31,d4d2a78446b259f340bfc7c52798b79bb701cf924a80c6aee2e50b35e601c5cc,2026-09-04T20:50:10Z,2026-09-04-33918158597
2026-08-31,d50985e00a3000258bc09861a159a165ea4f194757e1295753b80b1c3a60dd64,2026-09-04T20:50:10Z,2026-09-04-33918158597
2026-08-31,d70219d108ee01931575b2f8e48489193d10c76f0b71109a907df43a75f7b5a6,2026-09-04T20:50:10Z,2026-09-04-33918158597
2026-08-31,d70ee7a12e13832d4d8dc12f15867d4b7ff78797cc6562d1e0411e1f75edd9f3,2026-09-04T20:50:10Z,2026-09-04-33918158597
2026-08-31,d7613a9a2908e5c12def8cde245137889ca5fd92037283ff4b4bf55df33f2cf4,2026-09-04T20:50:10Z,2026-09-04-33918158597
2026-08-31,d84e78256306bdbdc57172fc5ebe9682dcf16dd071ce6ecd414019e71b970c08,2026-09-04T20:50:10Z,2026-09-04-33918158597
2026-08-31,d8f82c8943e2e1543dd1b17935c221315132940d99014fe8135eff465c714000,2026-09-04T20:50:10Z,2026-09-04-33918158597
2026-08-31,d94b491fbd6025bf268213e671e336d292995fe0c1cd66a32c705a3975982397,2026-09-04T20:50:10Z,2026-09-04-33918158597
2026-08-31,d9bd8e1209cfc04f38cf0300e56509c124d46b00064b95de7c47e01004fd15a3,2026-09-04T20:50:10Z,2026-09-04-33918158597
2026-08-31,db69008522f99f16d238be20d10fb1f5951eb9d97551f162012f41d4730d4ddb,2026-09-04T20:50:10Z,2026-09-04-33918158597
2026-08-31,db9af3ac159c75d53a27cd79b0cef73d185ee0bdfd68de263894e87eb3447dcd,2026-09-04T20:50:10Z,2026-09-04-33918158597
2026-08-31,dbe5096ea84339e20deb02faf84fe03a0a361d527de61833c86681ecececf535,2026-09-04T20:50:10Z,2026-09-04-33918158597
2026-08-31,dc45805c0bd906c474da498003522438c14ebbd538ce2bcf05c1d3e94743592e,2026-09-04T20:50:10Z,2026-09-04-33918158597
2026-08-31,dc99a31368896222f3efc530f50197a40248a47c812539e6b9779ad6fb2b05c8,2026-09-04T20:50:10Z,2026-09-04-33918158597
2026-08-31,dd47b6393141d13c24235de526899f4054069170f900b9009816df137460a098,2026-09-04T20:50:10Z,2026-09-04-33918158597
2026-08-31,dd8be400f04faeab0eeabb04d1c54b39dcd281d5fcebd9b33a7cf3d699323fa7,2026-09-04T20:50:10Z,2026-09-04-33918158597
2026-08-31,de292c9adbb5d95d15799e10ad1f90f7046d696a9607951991151e38b6a92f93,2026-09-04T20:50:10Z,2026-09-04-33918158597
2026-08-31,dee0ecc655d5b04ea5eec86af0b2532e89b934e0c100289bf443ae8d53178f94,2026-09-04T20:50:10Z,2026-09-04-33918158597
2026-08-31,e05f2c20cf1480c9f015b5f7b147c9edeabc4f60b1fd914c18fc0b47dc299b72,2026-09-04T20:50:10Z,2026-09-04-33918158597
2026-08-31,e1def808024a48edfb8d79ca4ce301c3d70122ecba208e457e474c02840e3479,2026-09-04T20:50:10Z,2026-09-04-33918158597
2026-08-31,e1ed94e4c1278b1393286d456abc4a8a2dd3c90c754ea977bc4c90274027d19d,2026-09-04T20:50:10Z,2026-09-04-33918158597
2026-08-31,e2098f7e71fc8fe52f377f7e8a0286f08c56ea2b388667718c79db3263130c51,2026-09-04T20:50:10Z,2026-09-04-33918158597
2026-08-31,e212ad7fad6557a3ce1eca8202999386ab0c96c813f0e76322d451aa77d17305,2026-09-04T20:50:10Z,2026-09-04-33918158597
2026-08-31,e2c7c1e996a942677cd0f957d28e893a3167cc87b5eb11656ab08f10970a1c3a,2026-09-04T20:50:10Z,2026-09-04-33918158597
2026-08-31,e41afa1d9b1b3e1847b372ddc10ec490fee8823dd05a40fca078e8c20315a62b,2026-09-04T20:50:10Z,2026-09-04-33918158597
2026-08-31,e422cb47678452cb384fdd178639ead269a484c11d89fafd25754b317523c4f2,2026-09-04T20:50:10Z,2026-09-04-33918158597
2026-08-31,e43e0be34520c5a3719216302d74617aaf703bf55c1956faa455ca104863ec4f,2026-09-04T20:50:10Z,2026-09-04-33918158597
2026-08-31,e62100223a054c2478c5526c30d7161a9d1c0210cce375573e87c6bd094e6662,2026-09-04T20:50:10Z,2026-09-04-33918158597
2026-08-31,e6f75c385529066f8383b324ba8e66acd431e87e02d6a3cb31cfc6c3e4f968d2,2026-09-04T20:50:10Z,2026-09-04-33918158597
2026-08-31,e9e8f3ba82164b6802dc770dc6a4a2ccde6137428904ae47e509a482e7a4c0d3,2026-09-04T20:50:10Z,2026-09-04-33918158597
2026-08-31,eaff9f8c84e796f6ade5928b082664d0c7ca12e98db802846ed8609dcbb09918,2026-09-04T20:50:10Z,2026-09-04-33918158597
2026-08-31,ed87b6300d6461d9e4bdfd3be734d6941b3d7508cdd2db6c985369a920b54cca,2026-09-04T20:50:10Z,2026-09-04-33918158597
2026-08-31,ee267370c7a4ae5dbcbbfef6bafe4fd0b1f5f092f1680f83cb87d1fe9e873bfd,2026-09-04T20:50:10Z,2026-09-04-33918158597
2026-08-31,ee9e9197e4c832fb65c9ac52a445c96268c760447cc82ebe8964cfe23b9dd8f7,2026-09-04T20:50:10Z,2026-09-04-33918158597
2026-08-31,ef5d30aeda2bb4480c6e056dfb69d4d48f987f07dfbd3ae29f01640f59d74640,2026-09-04T20:50:10Z,2026-09-04-33918158597
2026-08-31,f0675c861d96fb5914d472da31c17daad6bac71cd8189e92f766512f3b1fc392,2026-09-04T20:50:10Z,2026-09-04-33918158597
2026-08-31,f4a30851dc0793afa7cffba05f646a39c53250480edfd7105e1f51e28599974f,2026-09-04T20:50:10Z,2026-09-04-33918158597
2026-08-31,f4aa7a2d965f91d5c263d3547362a7cb11880c12fc1ebf6cccb4cf4c2bc13a19,2026-09-04T20:50:10Z,2026-09-04-33918158597
2026-08-31,f4e22f125a532b39868f925234719e6de6372fe7be3154f63cfae8b51bc7b0b2,2026-09-04T20:50:10Z,2026-09-04-33918158597
2026-08-31,f5324762c016da83fc750113f5f7cd5f4404c62e77361285bdf2d644e64f17fe,2026-09-04T20:50:10Z,2026-09-04-33918158597
2026-08-31,f57e46c7676903c1ac19304a0fd5ad6c5646f908c4ab2649dec9721010b40e0d,2026-09-04T20:50:10Z,2026-09-04-33918158597
2026-08-31,f582a84cbe4ac6ad143cccc28e1b995506ab1bf79d037de09093907d769190d7,2026-09-04T20:50:10Z,2026-09-04-33918158597
2026-08-31,f659b974c33c6b9acf0aff12c01237d6c7f44c939cc01a8de676e9b52a7e1bd4,2026-09-04T20:50:10Z,2026-09-04-33918158597
2026-08-31,f66f208cc17bc2ad457052a502482ae2c95b2a2f1edf0a26d22d80ce7b8ba7a0,2026-09-04T20:50:10Z,2026-09-04-33918158597
2026-08-31,f6dec67ca72e35a9746a43fa36d497e54d063c02f9f94f3628cd5c32d035e10e,2026-09-04T20:50:10Z,2026-09-04-33918158597
2026-08-31,f76b5b5341b2bc910ead713ebb460260dbbdc8530cbc51fc1e840988ba3abe7b,2026-09-04T20:50:10Z,2026-09-04-33918158597
2026-08-31,fb20adb15270ce2284fa9450876b3b7d932857b8ea5fc00aade4081e9525e3dd,2026-09-04T20:50:10Z,2026-09-04-33918158597
2026-08-31,fc1b8afe37c4572b94196c14edf650cf603c7991d9a0e61b2b587743ef76ecf0,2026-09-04T20:50:10Z,2026-09-04-33918158597
2026-08-31,fccccaade1c08292af07ab340bb63b4b6065f896c746926b2d1c91b72bc8a371,2026-09-04T20:50:10Z,2026-09-04-33918158597
2026-08-31,fd0cde9e540e2dca0da93f99bafe6ebe4bb595b817d228167605edcac231cec1,2026-09-04T20:50:10Z,2026-09-04-33918158597
2026-08-31,fdc0bfda92bae470bd431ef36ef6039c0ba87dca861b5b1ea73fba827417ce54,2026-09-04T20:50:10Z,2026-09-04-33918158597
2026-08-31,fee6971352d2964d01ae1c8b5ceaee3e50aa2c95ff271478aa5687ecc2dc565c,2026-09-04T20:50:10Z,2026-09-04-33918158597
2026-08-31,feec7a01dceec030d4b4b8dbac9a875854744caf6ec66a36e438fa5f2920eb23,2026-09-04T20:50:10Z,2026-09-04-33918158597
