version,url_key,first_seen_at,first_seen_run
2026-08-31,0014c895d2f482e6949ef63fc2954fa56c9984ec31a2147626f423555bc4320f,2026-09-21T08:00:40Z,2026-09-21-35575635445
2026-08-31,009d6b7eb6c8c5def0b480d6d2a07099cbc6798352b00845add299ffd320c709,2026-09-21T08:00:40Z,2026-09-21-35575635445
2026-08-31,00f97f9912c214b78c17cc4b2de2c5cabc7860dda8a9b09cd65300e2ab9b577f,2026-09-21T08:00:40Z,2026-09-21-35575635445
2026-08-31,011404b28e2c09280a3d96d4b32430c28276bad9103463c75a3ca68c5264c5a5,2026-09-21T08:00:40Z,2026-09-21-35575635445
2026-08-31,0142fbd2848830d9da7e44bcd1e626169c5a49285f3674158e29a788e3cb3475,2026-09-21T08:00:40Z,2026-09-21-35575635445
2026-08-31,017289a9cf258ddc845f13dd7446214247f4a4ca6607f3a7593ede6805fe9d41,2026-09-21T08:00:40Z,2026-09-21-35575635445
2026-08-31,01ab6312ef09c8cfd360323ec702cfb0e3f813d01559bc5e1b8a1963c81176ec,2026-09-21T08:00:40Z,2026-09-21-35575635445
2026-08-31,01e4a797b8a371d334b04c60e7be6eca1c0073ac483ebf5bcc967397d5372548,2026-09-21T08:00:40Z,2026-09-21-35575635445
2026-08-31,024d50a8314e14a718c790a737040f0a04ec750f1bfe7a739ddd23a8dee171a4,2026-09-21T08:00:40Z,2026-09-21-35575635445
2026-08-31,026375b49c8b0a96ef7dfd94ba2a219d4410a15f016887e07f7efbf978bce533,2026-09-21T08:00:40Z,2026-09-21-35575635445
2026-08-31,02c90b301971ec57808c2ad0bfe87c7f14e8665b8d8e15f8ab6127dc160f41f4,2026-09-21T08:00:40Z,2026-09-21-35575635445
2026-08-31,030b0506eb321565a80a8dfd2338d843f07d20b5b903c601757cc43c59e81c89,2026-09-21T08:00:40Z,2026-09-21-35575635445
2026-08-31,03f2632f1c2eaa0d81c2f81f85ebf16b4e5771d31adfa364998a79c941758b77,2026-09-21T08:00:40Z,2026-09-21-35575635445
2026-08-31,03fb8b7508bd383db4800d4aeb9f1469e060d4b002487072e4cd1195c85cb819,2026-09-21T08:00:40Z,2026-09-21-35575635445
2026-08-31,04534d25ea98aea6555e9d7c21c443e3e4fd7ee1f4eff2b221eb1bd175dbfe2d,2026-09-21T08:00:40Z,2026-09-21-35575635445
2026-08-31,048ec659900e155a471e50c0f556419a9d5335c144e8afb0411c7f90d9d5896e,2026-09-21T08:00:40Z,2026-09-21-35575635445
2026-08-31,0512ee38b5b2b69a8aa48e1fcd822cb63357e4f4b6cd4816e5346cca24b48b60,2026-09-21T08:00:40Z,2026-09-21-35575635445
2026-08-31,05652ec335a92a2be45d27565f256679177ddc295941877f08160b99b08d04ff,2026-09-21T08:00:40Z,2026-09-21-35575635445
2026-08-31,05706e040c60b3ece8d4e99fd32a5bcd87c182b14ee8cebfa25b2af6ce0782a3,2026-09-21T08:00:40Z,2026-09-21-35575635445
2026-08-31,0576b8c0d92adb15d3e5540c6e4b80ebaebc73fa1d7ea5e835acae285584d684,2026-09-21T08:00:40Z,2026-09-21-35575635445
2026-08-31,0647d4cf28a7a24253f789ec4fff0e03df4e4b36da700e078715aa3abab445e7,2026-09-21T08:00:40Z,2026-09-21-35575635445
2026-08-31,0691802a28f3492c2f6c6e30b6d7abb36298109d4ecf08a26e7e8ca4339b71b0,2026-09-21T08:00:40Z,2026-09-21-35575635445
2026-08-31,075e5a00c655a26bbbf78b0898277f531757ee2ba3c0aca7c8b13aaf9a63aa1d,2026-09-21T08:00:40Z,2026-09-21-35575635445
2026-08-31,0791b4100acf4f4d5ad7091899ebfd7ee9e0c4f5a383476d56a98086942499ce,2026-09-21T08:00:40Z,2026-09-21-35575635445
2026-08-31,07c5f20e252a57010136fc62513dd3600fcd25f6353b4f6d3ea810ab5599f6d7,2026-09-21T08:00:40Z,2026-09-21-35575635445
2026-08-31,07dd879cf17419152bb2c09992984c94e3dbb3c4e7354bf3f3719147388218ee,2026-09-21T08:00:40Z,2026-09-21-35575635445
2026-08-31,082524e7cf9de02c5471e5a09f6401b30f01d7b5d96962b3a1d9684c03419e5d,2026-09-21T08:00:40Z,2026-09-21-35575635445
2026-08-31,083555dadcfcdf49eb55a63df885aeaf4b36034c5818dfa61298622a793d9719,2026-09-21T08:00:40Z,2026-09-21-35575635445
2026-08-31,084196315d141d4779dd70b73e2fd241308a4eaddc638a7e7c868b0950284327,2026-09-21T08:00:40Z,2026-09-21-35575635445
2026-08-31,0850095e930b5124c864e2a80330e8c434031f0ef5f29e34b60a574d2cb3e4f0,2026-09-21T08:00:40Z,2026-09-21-35575635445
2026-08-31,0880a502222f1a78aefee55c36fdc5b73dbe3ce7d99646211da7105a60e4b191,2026-09-21T08:00:40Z,2026-09-21-35575635445
2026-08-31,08b71a0b7b9bdf9d678aa8b213f81ea6227d5132f4eea66225ae532cae16cb75,2026-09-21T08:00:40Z,2026-09-21-35575635445
2026-08-31,08e79d65d85cdf17255518eb13aa75dc5ea48d4bdbb8feeb2adf29c08729456a,2026-09-21T08:00:40Z,2026-09-21-35575635445
2026-08-31,09bff747cf14bc800ed1984f8e8341cddf283e81844c283ee502db731ec26767,2026-09-21T08:00:40Z,2026-09-21-35575635445
2026-08-31,09e85b5d805669b63e8c846aae155fa70a058aa6c972ffca5cd78ef804a18abd,2026-09-21T08:00:40Z,2026-09-21-35575635445
2026-08-31,09f1a20aec66727875ac1647ce643b8ff890fd5af4dab36250b6f7c651c0329c,2026-09-21T08:00:40Z,2026-09-21-35575635445
2026-08-31,09fbc6b5cb766aa420b670d55499519bb08db626a6219c2390aec267ea6b9e41,2026-09-21T08:00:40Z,2026-09-21-35575635445
2026-08-31,0a5766544526f2f6d0e381963a8f3442bd7e6ffbb0a023a0de9ba74271ea46e7,2026-09-21T08:00:40Z,2026-09-21-35575635445
2026-08-31,0a8bcbb93597fc8c3029d8b28b56dcf3c268007f74225a1f18359c1e360402c3,2026-09-21T08:00:40Z,2026-09-21-35575635445
2026-08-31,0aa215939bc413e00eeaf069fe4f5ac6e8916963ae23e2e3a38c275133ed53e4,2026-09-21T08:00:40Z,2026-09-21-35575635445
2026-08-31,0ae7dd65040af5eb30a41a7b64d55a281347b5d63257177c845cfd9314f2e02e,2026-09-21T08:00:40Z,2026-09-21-35575635445
2026-08-31,0affadd6003d0cec73325dc4a5386b768b61737fe98089e9b9d35048a6a28157,2026-09-21T08:00:40Z,2026-09-21-35575635445
2026-08-31,0b1f328bde6e2891b4994c6046e84c65faa422728b95a0584f2f0adbbba81c1d,2026-09-21T08:00:40Z,2026-09-21-35575635445
2026-08-31,0b2589618125673f589e595cf66299637f567f7a93cc217b3d1415048467c764,2026-09-21T08:00:40Z,2026-09-21-35575635445
2026-08-31,0b70c0cdc8afb740af831430478ed8bc5f61cf557e3287af49b3ee0d525ef327,2026-09-21T08:00:40Z,2026-09-21-35575635445
2026-08-31,0ba84654ca9f66217b4dd182834637bd3844c00022ab6b872679fda14bf868ab,2026-09-21T08:00:40Z,2026-09-21-35575635445
2026-08-31,0c4a598d3117ac009f5989e22497bde10e83b50ba46ae77aec1ced9a745caf1b,2026-09-21T08:00:40Z,2026-09-21-35575635445
2026-08-31,0c6edb8cdd27eb176570228f6d2470c4ef6969ddd5f48ecb3e1c7996c8daf06f,2026-09-21T08:00:40Z,2026-09-21-35575635445
2026-08-31,0c725c1bb1b1d5b13d91150031b069ca1973172569ed7c12dd32a5ea2681039c,2026-09-21T08:00:40Z,2026-09-21-35575635445
2026-08-31,0c92e78b55bde81f8813ff2617b4f5a3b8e5b4fd06f18f79995e0b7db3645ce9,2026-09-21T08:00:40Z,2026-09-21-35575635445
2026-08-31,0d6b363113088c45064c8cecb4c754a225639a1b1191aca4f8a48605eff864d3,2026-09-21T08:00:40Z,2026-09-21-35575635445
2026-08-31,0d6fd3347fdc61071e695e4a2d772cd7bdecfbc78347ee858834d994559e5401,2026-09-21T08:00:40Z,2026-09-21-35575635445
2026-08-31,0da4b296a3f01e0743ccdf2706b2370563f188e66cc7ca8c1fe6b8df7401f733,2026-09-21T08:00:40Z,2026-09-21-35575635445
2026-08-31,0e9c04790401f74a89e4e69a3f23b7db2d8c573a56a0404800c6c3cc98f2ad3b,2026-09-21T08:00:40Z,2026-09-21-35575635445
2026-08-31,0ef90d824b95f25a4f7c3d20298806928df2ff963b00bfe2be6c92bb3d7414bc,2026-09-21T08:00:40Z,2026-09-21-35575635445
2026-08-31,0f1272da47fb1825a8f81587465754a8c46b4eb1faa29c02d3f7820af13f3147,2026-09-21T08:00:40Z,2026-09-21-35575635445
2026-08-31,0fbb7c5a918f4421fc983e387f42abb9e656793108e760e38d15eb25e865e77c,2026-09-21T08:00:40Z,2026-09-21-35575635445
2026-08-31,0fc2fd2b9e8a7e5fde24762c19c6ebdb0bae3ac163faa8ea2bc0cfe1b29948a0,2026-09-21T08:00:40Z,2026-09-21-35575635445
2026-08-31,104862a9c5e340ac6b892893c6aea2adbafd2c51cccc42b0a4ccf51dd932df18,2026-09-21T08:00:40Z,2026-09-21-35575635445
2026-08-31,118e989e8bd6b804a1d7080bed850f3f45c4fb8f36b65dedc7e2521f6d4c40ef,2026-09-21T08:00:40Z,2026-09-21-35575635445
2026-08-31,119a748ae2e4f8ecf587b59e13b3a2c045888c84bac71209428f38dd7b91a6db,2026-09-21T08:00:40Z,2026-09-21-35575635445
2026-08-31,11a16c4d3bb1d940e11fd35ac9d9b1843cda7ace81100366ea87947abcac218b,2026-09-21T08:00:40Z,2026-09-21-35575635445
2026-08-31,1202298f40da8a1e1540344dde3fd00abe0e4fd5f2dc9e4879d986d4bd67b3bb,2026-09-21T08:00:40Z,2026-09-21-35575635445
2026-08-31,120e2ee344f64136b28fffe677849af9f63dfe592d97138f066f0cc26d1d1319,2026-09-21T08:00:40Z,2026-09-21-35575635445
2026-08-31,12406f617d34f52ca659157028344adce6f09226834e46898abb45e634d53a13,2026-09-21T08:00:40Z,2026-09-21-35575635445
2026-08-31,124a321551b6f1660ba7986fb958bf5c6f803b64abbbf7e094b44be8e710668f,2026-09-21T08:00:40Z,2026-09-21-35575635445
2026-08-31,128fa1d34d97310778375663fa6d338d86c2bbf2cd16b268d20c6c316b5e73df,2026-09-21T08:00:40Z,2026-09-21-35575635445
2026-08-31,12ed0f99dc4bac6eac4d01ee57c294c6d2241a22090ef69cfa423d7b0ebbd294,2026-09-21T08:00:40Z,2026-09-21-35575635445
2026-08-31,1371fdea5a38fd738b8a8fdfdf8f6c5ee2dde975c8b339380f4769bca56222c9,2026-09-21T08:00:40Z,2026-09-21-35575635445
2026-08-31,139f55e92126eb1863535e23d7fdf3ec98ebba434e4435e99a0bbae7e4177174,2026-09-21T08:00:40Z,2026-09-21-35575635445
2026-08-31,13d0484b5b177a81b43ca4505f1a9cc984b8c22640e90de14438747380c7b3ef,2026-09-21T08:00:40Z,2026-09-21-35575635445
2026-08-31,14870107ca3418fc0ad3c94b71b278cea6db473093b09459b49355cc76280b32,2026-09-21T08:00:40Z,2026-09-21-35575635445
2026-08-31,14ceab3f6e7300167fa2a95f611af5d301725191f684d44686e1d4fa6be6ecdf,2026-09-21T08:00:40Z,2026-09-21-35575635445
2026-08-31,153c2f0c127650eb6fcacd21ba1d7c0e5dfe431c9c88db0742c7c627215e4a71,2026-09-21T08:00:40Z,2026-09-21-35575635445
2026-08-31,1652c05f5e84d6867e4b94e0485cf54dfd6493fec41a5236b9b610bd03fa2da9,2026-09-21T08:00:40Z,2026-09-21-35575635445
2026-08-31,165c5d723ed1297c64263dfacb268b237b74a436852d46beb78dbe3900d69939,2026-09-21T08:00:40Z,2026-09-21-35575635445
2026-08-31,1664a34b1e2075386597f4823f7b528942f2ff148ad99b96d2844b9622ede6d1,2026-09-21T08:00:40Z,2026-09-21-35575635445
2026-08-31,1667dd613af73b3a306c05b1c2ea76bc5f3fc101df9d0c418d7d4cf288f9d3bb,2026-09-21T08:00:40Z,2026-09-21-35575635445
2026-08-31,166fb2ae39dec8ed095da238418a8a5a8aba2461067345f862d11b70ce1cd52a,2026-09-21T08:00:40Z,2026-09-21-35575635445
2026-08-31,16d077d3403f0a338946d84dcb29d05674d431fc40c59e317e33bc11c10cdec7,2026-09-21T08:00:40Z,2026-09-21-35575635445
2026-08-31,1784009f66ffb1d6bca530bc6f8ba79b85a0a79c98ca189e4538a592b75cff0d,2026-09-21T08:00:40Z,2026-09-21-35575635445
2026-08-31,17f36ec218e84bff404eec9afb92dc35afd49849fa0bc122eee5c5766a700239,2026-09-21T08:00:40Z,2026-09-21-35575635445
2026-08-31,18432e9453c001e15579a2d63c87316183db8a8811499a28fb0fba7d381136b2,2026-09-21T08:00:40Z,2026-09-21-35575635445
2026-08-31,1870200e89a64783da3ffddde7f5fb7eaf2c85b4590d94073485d835bcd82b2a,2026-09-21T08:00:40Z,2026-09-21-35575635445
2026-08-31,1887482149eae7762465202f7f25822f7bbd26dd2c79d3e416b67eb631571026,2026-09-21T08:00:40Z,2026-09-21-35575635445
2026-08-31,18f976b7e48006154ad0f5e48a13039544ab1707351f480ffb93fa72ff78f72c,2026-09-21T08:00:40Z,2026-09-21-35575635445
2026-08-31,19f2e9ec8aae7342843b4787121702c260db9448ab4c25582a4064a2528fba23,2026-09-21T08:00:40Z,2026-09-21-35575635445
2026-08-31,19fd507b88cfba39ea0ec2b8b8abba448c21cb38161cbfd6fbb466738532a7d1,2026-09-21T08:00:40Z,2026-09-21-35575635445
2026-08-31,1a09a28a4064d7ece19dbfee08aaa80b342270e2196d02b7a4e736496454857d,2026-09-21T08:00:40Z,2026-09-21-35575635445
2026-08-31,1a2cb7629d9284fa1d981ee5b6cde37a95fa1772823b766f09120b5ba38f0421,2026-09-21T08:00:40Z,2026-09-21-35575635445
2026-08-31,1a2e26edc2207d824bd9b0743783f5aeb43155b4036fe6a71028dd71259778b9,2026-09-21T08:00:40Z,2026-09-21-35575635445
2026-08-31,1a45485b057e3c00cdc7aac123a2382a0fdedd0f051e5d36897c44da10a92840,2026-09-21T08:00:40Z,2026-09-21-35575635445
2026-08-31,1a9bf4e643aaedfb11dd213dafe8d470d703fdbae5759ddf671b52affcbc261c,2026-09-21T08:00:40Z,2026-09-21-35575635445
2026-08-31,1ab1e9967244d3a00507619c7830118e5063484cc1b7fd69610898a2af56b46f,2026-09-21T08:00:40Z,2026-09-21-35575635445
2026-08-31,1bbc3813c095e58edce400c8fbfa84ee7dac14b6b1acc0181754c0888093b940,2026-09-21T08:00:40Z,2026-09-21-35575635445
2026-08-31,1be63a1e77944be3aa67d5a66c835f387685a3bd57266269590f7cbb1f2757d4,2026-09-21T08:00:40Z,2026-09-21-35575635445
2026-08-31,1c2bb955e7916d0819659b9242a18a08026a3ad38d15b0c12194d514d6b24e2e,2026-09-21T08:00:40Z,2026-09-21-35575635445
2026-08-31,1c3bd6017e3a295b140d9d5e8d102cdab72a34eb883fe3ee43dcc8c41b868885,2026-09-21T08:00:40Z,2026-09-21-35575635445
2026-08-31,1c79855b40c71f11c8a5bad447745fd14a93815373fa815952fee73e423bbce2,2026-09-21T08:00:40Z,2026-09-21-35575635445
2026-08-31,1cb5c95e62af64cadd01d183395be42154d71cbdbe641d2b7ba8e95552665c3d,2026-09-21T08:00:40Z,2026-09-21-35575635445
2026-08-31,1d04381ba4b6c62d4ae62610f52d8514dc6de5f20a41d2a7c2c93df42c6e8729,2026-09-21T08:00:40Z,2026-09-21-35575635445
2026-08-31,1d24977d151bd5f5807eb22acaf367066a6fdaa9a8d02aa3c5e29d33d5d73b10,2026-09-21T08:00:40Z,2026-09-21-35575635445
2026-08-31,1d32808cf4520f5a79a2bc210120e728910ba37498952abb64fa69ab72cabbe6,2026-09-21T08:00:40Z,2026-09-21-35575635445
2026-08-31,1d939fbef27cbb9724e4812f4c223820a8ae20e282fbbff89f62bcc2385f16dc,2026-09-21T08:00:40Z,2026-09-21-35575635445
2026-08-31,1dd338a725f357f4e50a28a345d15fcd53fb037b7d7b597fd1d1374272df894a,2026-09-21T08:00:40Z,2026-09-21-35575635445
2026-08-31,1deafd03b3e6b7412002c7abd56ed7b65d4c6fa2e29fe32eca1c847e71cf2bdc,2026-09-21T08:00:40Z,2026-09-21-35575635445
2026-08-31,1e33134b503ab8ad467e0ccc3bee7cf74f3729407a60e04c331405bd256987e1,2026-09-21T08:00:40Z,2026-09-21-35575635445
2026-08-31,1e54bb9cef10c691f164ed5baca5cfc6158c4cfe91dead50458b5c46cb062329,2026-09-21T08:00:40Z,2026-09-21-35575635445
2026-08-31,1e781c5a84d000699369040f3624afb46e25a05baad8fef9aea78976d21ffa7e,2026-09-21T08:00:40Z,2026-09-21-35575635445
2026-08-31,1e833a0e754734aac496ced89256acb8cc32a989708897e20f19e66c9a664c39,2026-09-21T08:00:40Z,2026-09-21-35575635445
2026-08-31,1ebb201d1556643a6daa356edd77e9c40a1607979d7002c4d316b8e778669569,2026-09-21T08:00:40Z,2026-09-21-35575635445
2026-08-31,1ed99ddbd4edec619a387dc34118df4a998899cf69ab26a5ec166da0ad0d1c16,2026-09-21T08:00:40Z,2026-09-21-35575635445
2026-08-31,1ede34bdb0cbead6bdfc63656c7d861c0734a7ca760420a4d4cf5100f16a4ca3,2026-09-21T08:00:40Z,2026-09-21-35575635445
2026-08-31,1f12f6d5735c0bc8d7333ac07199f95f898f493e1f340de565cc5c4237bcd6a0,2026-09-21T08:00:40Z,2026-09-21-35575635445
2026-08-31,1f8370b456561bb95f8ea3af1e3a65d7ae410658664fc0c48610523de2921905,2026-09-21T08:00:40Z,2026-09-21-35575635445
2026-08-31,1fbcde1af547ffdb885ef32f44a0beed49c4c0e81a1ddd03e7f6ed2b04de2ee4,2026-09-21T08:00:40Z,2026-09-21-35575635445
2026-08-31,2029cf90436be0bf30924d644953dcf54da34f1fb898f913aceb4e3ec56deb2a,2026-09-21T08:00:40Z,2026-09-21-35575635445
2026-08-31,202afc1e1e42e83cee56ebad05b78df2bd2bb2c84bd66b8b8d03546529714376,2026-09-21T08:00:40Z,2026-09-21-35575635445
2026-08-31,20b8f431860aef019e8fa05457e53ef53c68ceb1a9bd17793cfb7f355a1cfd5a,2026-09-21T08:00:40Z,2026-09-21-35575635445
2026-08-31,20d0a5fa3e4d7ce10143a941e099542d1d899579b66e1c7422b107736d5981f0,2026-09-21T08:00:40Z,2026-09-21-35575635445
2026-08-31,20ebc40502198689045000da2ceb8de6168100c9e804257dcfb351fb09ac692d,2026-09-21T08:00:40Z,2026-09-21-35575635445
2026-08-31,21027416ae57ede411c9b00c40767be371c0eadc969ad29be639ac490cf0cbf7,2026-09-21T08:00:40Z,2026-09-21-35575635445
2026-08-31,21067ff69f7fdc9238096f8580a6d6e317dca9d50837947f064dc60c308b8eac,2026-09-21T08:00:40Z,2026-09-21-35575635445
2026-08-31,212460fe230a0d1843f0643f6afcef09ac21f0dffc9b0e43f82d820b0ced619c,2026-09-21T08:00:40Z,2026-09-21-35575635445
2026-08-31,21f69488b2c8e0ed0ee38261f1895b501707c2a2dd73ba8b1524a22c6fdb91fc,2026-09-21T08:00:40Z,2026-09-21-35575635445
2026-08-31,221558a005b92563ce4f606e8e857d2bb41cc55eb7336da1d1a912bf34561564,2026-09-21T08:00:40Z,2026-09-21-35575635445
2026-08-31,231a131f6c9fd3cce5fb22590d12ebb4e4e295b142b3751f88c42c0b2c482467,2026-09-21T08:00:40Z,2026-09-21-35575635445
2026-08-31,24035370192f7f2285b4008710a95926dc161e86a4c9d15fb81f278ca6ad31bb,2026-09-21T08:00:40Z,2026-09-21-35575635445
2026-08-31,2409f9128615f72d83e3902e33b30166d272b404cf6df04e4c826fecdfdcd268,2026-09-21T08:00:40Z,2026-09-21-35575635445
2026-08-31,241b801dd1195c489005eb4771fd7ec4e932402a2f5e77d234d43a2dabdeab0d,2026-09-21T08:00:40Z,2026-09-21-35575635445
2026-08-31,24596b09eac455eb83bf4388e584e81eadfc10ffd457b2948a581bc26cf48309,2026-09-21T08:00:40Z,2026-09-21-35575635445
2026-08-31,2485ce18a3634428213df2770ec721adb8273c8ebc753ca8c40e047520cf71e2,2026-09-21T08:00:40Z,2026-09-21-35575635445
2026-08-31,24e743f60f754bff570e17439ef5e13127f7a1555de66695f461b7bd1416f0bf,2026-09-21T08:00:40Z,2026-09-21-35575635445
2026-08-31,2526c882a93e4716ee22d5ac8f40877f98a3b75fd11da54de02abf3564afc585,2026-09-21T08:00:40Z,2026-09-21-35575635445
2026-08-31,25694e595a3719662c1ca6b71c5b24cdb392139b19259d1054c17898dd2b95db,2026-09-21T08:00:40Z,2026-09-21-35575635445
2026-08-31,2591cb97c75f60acb494eae20815de69b124d15de7f75e722212ddea1c242453,2026-09-21T08:00:40Z,2026-09-21-35575635445
2026-08-31,26682fafffc08e00028b4aa4e2d867fbc3ba78bd4e59c6d036b0d644d8024c26,2026-09-21T08:00:40Z,2026-09-21-35575635445
2026-08-31,267400363c9497d802bfae10d2f676964b529aac8e61cb0d591acd4e087248bd,2026-09-21T08:00:40Z,2026-09-21-35575635445
2026-08-31,274be48ebf606fc2de115c87b94e5531d60d70c83bab120d971db48e8e28ded8,2026-09-21T08:00:40Z,2026-09-21-35575635445
2026-08-31,27a30b27f2ec51317c1ce4a282c9d15230722d5e1535dbc1037da11c34cd21ed,2026-09-21T08:00:40Z,2026-09-21-35575635445
2026-08-31,2865b809eaeceb99b3617eeb222abe953fe65bfda0d95a813ccb8f4fab7c6ecf,2026-09-21T08:00:40Z,2026-09-21-35575635445
2026-08-31,28d8c380a7eb83c5d7604e6790b1c49cc30e321c282ea0bd4f7e718426a3db3e,2026-09-21T08:00:40Z,2026-09-21-35575635445
2026-08-31,295b7937358b17c4b489699efa420739379238936ee07710790282f3a95a11d7,2026-09-21T08:00:40Z,2026-09-21-35575635445
2026-08-31,29766d0cd03e310739c58ad4420720c5085651bc5da2ad8b00fc5a76db07680b,2026-09-21T08:00:40Z,2026-09-21-35575635445
2026-08-31,29e154023c71c870d3f011cd3c86f1739cfaa3c1b5a9dc8f4e2389461d70746f,2026-09-21T08:00:40Z,2026-09-21-35575635445
2026-08-31,2a5c09dd40cbef986ef4eab2023c47a6583f247901950a5a9dcbdea90584f8bd,2026-09-21T08:00:40Z,2026-09-21-35575635445
2026-08-31,2a754cae788b47e8269345584d4662c1aba67af7fea2101b7435f13bedef91d0,2026-09-21T08:00:40Z,2026-09-21-35575635445
2026-08-31,2ab267712d1a96afcb1a6746aa07e210b7aabb5978e8dfd7bf1915e3020fc80f,2026-09-21T08:00:40Z,2026-09-21-35575635445
2026-08-31,2af790575132b24ce6a0095caccdd67ac568cd0bc22095592eb9f0c01a30a2e9,2026-09-21T08:00:40Z,2026-09-21-35575635445
2026-08-31,2b8a15dab3a0c87f6474d7fe9c1a67382ab3cb4398808b4075469dc8686ffed6,2026-09-21T08:00:40Z,2026-09-21-35575635445
2026-08-31,2bf21594f96e9f30af16f12699ca4edd00305fa2ef06c8f823e476ac5b2d2bb9,2026-09-21T08:00:40Z,2026-09-21-35575635445
2026-08-31,2ca85c77797d1e976f92cce031f2d6cfbc892edfe7f248c5a4941f8f54319fea,2026-09-21T08:00:40Z,2026-09-21-35575635445
2026-08-31,2dd069249dd9b6d3c56c16161b05a247754e6c2266d94947deff2bfc52d5e03b,2026-09-21T08:00:40Z,2026-09-21-35575635445
2026-08-31,2def04c7d81957a7f5ed078abd3e4955f4523134f855cd5ac4351eabdb72733c,2026-09-21T08:00:40Z,2026-09-21-35575635445
2026-08-31,2e04d3c77f8d7c49ca7f1ad81286a24f237a26d7424bb23e625064dc4d5a9cae,2026-09-21T08:00:40Z,2026-09-21-35575635445
2026-08-31,2e1f73dbc22853b818569427e979a9d549c65da05a96a6979f9e43121e92575d,2026-09-21T08:00:40Z,2026-09-21-35575635445
2026-08-31,2e488f7ac71a186d40badf2ab5e20e1d2024ffc4812f38ecf54c63cfd4c30d03,2026-09-21T08:00:40Z,2026-09-21-35575635445
2026-08-31,2ed5d52b5d352f26c27c7c437db62392badfc7122248b7abfd12064a41a723fc,2026-09-21T08:00:40Z,2026-09-21-35575635445
2026-08-31,2f373c5bd9d420b7579f97831a9045a4476ce80b1ea421ac8103e969c74e97a9,2026-09-21T08:00:40Z,2026-09-21-35575635445
2026-08-31,300a27eb29f70b09164b6e22dbb12937e0f301a4272b2eddf1255e60bece0277,2026-09-21T08:00:40Z,2026-09-21-35575635445
2026-08-31,301a87ec3a4e0eaf05d2442342773fef44c13255f2d057ef8c2319a5881cf3a7,2026-09-21T08:00:40Z,2026-09-21-35575635445
2026-08-31,30e648ce2579c9fe3c01923fdd6adb47c01e6c3c0895e37c0c22b164aedf82da,2026-09-21T08:00:40Z,2026-09-21-35575635445
2026-08-31,3235400db4959f3976a1cd0e2a7cbbe59acb2d6314806aa82f523235d410d638,2026-09-21T08:00:40Z,2026-09-21-35575635445
2026-08-31,327bf2c48013fddcfa17b3576d167ad85c38da27bc44acd7d93345c8cb2baaef,2026-09-21T08:00:40Z,2026-09-21-35575635445
2026-08-31,32ae058d068e7e1bb40c5f75cdb81239f7d3b3c38bd32898a35f787506e90f8e,2026-09-21T08:00:40Z,2026-09-21-35575635445
2026-08-31,32d8ae5f2f2998028dc779eb6e830bfed37688440692091800fc4f881cc5186d,2026-09-21T08:00:40Z,2026-09-21-35575635445
2026-08-31,32f35ee6126ea317aa513f10ef7963dda66efd799e5ce2f641931f568fe85490,2026-09-21T08:00:40Z,2026-09-21-35575635445
2026-08-31,33c14ddd5351f24a42d15eaa06b965d7696f35f96bc19003cc2296cea25e5d98,2026-09-21T08:00:40Z,2026-09-21-35575635445
2026-08-31,33d6817a502b9e0e6594bf2cab0d23af3efca5ddf5084ccb1d3bf52d1dd6f6f8,2026-09-21T08:00:40Z,2026-09-21-35575635445
2026-08-31,3415caa0fd2ba741e09a05a56b2ae5c01e461612ea482e92a6197402f10fb37f,2026-09-21T08:00:40Z,2026-09-21-35575635445
2026-08-31,341d38e794cfefbc58f83f23f1b68f0b1025032849482b319ce6f5a367791b9f,2026-09-21T08:00:40Z,2026-09-21-35575635445
2026-08-31,34271cbb413cbc63d520499f4f19a1b1633039ce7c428ea7f5f05288a6ec8507,2026-09-21T08:00:40Z,2026-09-21-35575635445
2026-08-31,344b72763f833943c9b33ff6ca0de43afe221818146d35e143e30e92b1b4fcc5,2026-09-21T08:00:40Z,2026-09-21-35575635445
2026-08-31,3451faffd77acba19f927d7c910d3f59b5ae4c502fa0520c89409dbd4fd82f35,2026-09-21T08:00:40Z,2026-09-21-35575635445
2026-08-31,34836cea43c692f4adf7c19b4045b95213d46445cf0ba3eb33e93a142c34b358,2026-09-21T08:00:40Z,2026-09-21-35575635445
2026-08-31,34848cfe9856663c27e7c1a14fd1c5e63b2e68b7ead0af709d903e84c8d0ffab,2026-09-21T08:00:40Z,2026-09-21-35575635445
2026-08-31,348e5eb536eae77d484e8ed4d1e6fa713862850ddc7e15b75917a6f3072c6054,2026-09-21T08:00:40Z,2026-09-21-35575635445
2026-08-31,3516783682ac44d9bdc3089ecca9ce4f18e01c40fc7d503b42d54e1073475833,2026-09-21T08:00:40Z,2026-09-21-35575635445
2026-08-31,3562ed98c2793050d8bc3bb8459d9e0d974ba10dd98dc7653a85fcc2d9a908d8,2026-09-21T08:00:40Z,2026-09-21-35575635445
2026-08-31,360efed2c02e3078801b927c2f0d1eb29dbf38d2abaf062761906c549566d953,2026-09-21T08:00:40Z,2026-09-21-35575635445
2026-08-31,3633a3417cbefc9960cef4faed888557c60e5d6fd8d297b5c7cfc01b5c8385b8,2026-09-21T08:00:40Z,2026-09-21-35575635445
2026-08-31,368b23108370a41842103d5ad62935a3c34f818271bd584ef09843b1fde10427,2026-09-21T08:00:40Z,2026-09-21-35575635445
2026-08-31,36b636bb91f5509008b369dcf35bc4baba711d88196ddd58c0f2d651d39c0e2e,2026-09-21T08:00:40Z,2026-09-21-35575635445
2026-08-31,36c9e6ca4adc57deeb89bb15739e74908a7ea61df793d3262a5592446c21eef4,2026-09-21T08:00:40Z,2026-09-21-35575635445
2026-08-31,37158216c5346598f4de494d1bdfcc48425b8c63675265d8905e5874322e63b3,2026-09-21T08:00:40Z,2026-09-21-35575635445
2026-08-31,371cdca35c018fe40cfd4c4f76ee1a10cdb29986683f8acb6bcd7d145b249126,2026-09-21T08:00:40Z,2026-09-21-35575635445
2026-08-31,3724eab4ccd16c6c83cca18b7e4c8c3baa4cfed7e54e30639959432e1bbfa572,2026-09-21T08:00:40Z,2026-09-21-35575635445
2026-08-31,376bd8a1f7f546013d8eb38e7a915f4d4a34f8794c8e5d89597149efcc3f0c61,2026-09-21T08:00:40Z,2026-09-21-35575635445
2026-08-31,37dd364396722ec355b37920f0519988f379d385881ccec4992e33c58fbdbb8f,2026-09-21T08:00:40Z,2026-09-21-35575635445
2026-08-31,382640472414fc004927efc4d77c77f09430c3bd2437f3d13c6b680a7347e502,2026-09-21T08:00:40Z,2026-09-21-35575635445
2026-08-31,3864ae13aa94afd5103007424c682828213f09a118ee884eb53539723e44ae83,2026-09-21T08:00:40Z,2026-09-21-35575635445
2026-08-31,388fe1550bb926c9c751140c5bbce23491cb3536accdd08f16f7840ec6c077b7,2026-09-21T08:00:40Z,2026-09-21-35575635445
2026-08-31,389e17fd40da5f12d8edf3025cb63de4c6a4911e64033813e4b26d24688f99f8,2026-09-21T08:00:40Z,2026-09-21-35575635445
2026-08-31,396736787da8eeb6c51100e595b52128db54a1fe052c87dd717ce37058d385ad,2026-09-21T08:00:40Z,2026-09-21-35575635445
2026-08-31,396bf90059a8c8f9f7047a96d5ef1c3b42d64c58f7cfb641af110b691da0958f,2026-09-21T08:00:40Z,2026-09-21-35575635445
2026-08-31,39719daa4ef45c7be78b4f52aac327709eb8422bed38da9d5528aea7f7d1736c,2026-09-21T08:00:40Z,2026-09-21-35575635445
2026-08-31,3a78c3e8539594f37f0fbcda6d14b3aa17d641314446f02b7ca44327c9bec059,2026-09-21T08:00:40Z,2026-09-21-35575635445
2026-08-31,3ae408b0b59980b516f942ab7e964293de9a7c9ee4606f32688ff0a31976a98d,2026-09-21T08:00:40Z,2026-09-21-35575635445
2026-08-31,3af90f1a37baf49dfb1365840f9b3e31d320c70b91fded340f1a7f8b3d30b62e,2026-09-21T08:00:40Z,2026-09-21-35575635445
2026-08-31,3b299889bcd0a2cd2cad02ea09c2412831aae84bb2810ce0352014ecdaa928e1,2026-09-21T08:00:40Z,2026-09-21-35575635445
2026-08-31,3b590201361696d51348b33315d03d11d7ef04b199aebcf9cb72d852b7f4e7b6,2026-09-21T08:00:40Z,2026-09-21-35575635445
2026-08-31,3b81e1bbbd3084d465f1555a4653be06fa0695a9a65382659058148dbb73f399,2026-09-21T08:00:40Z,2026-09-21-35575635445
2026-08-31,3b846293d5437d95c084aeb4c1943321305b3b1cd21bc21c4444db4ec34d5405,2026-09-21T08:00:40Z,2026-09-21-35575635445
2026-08-31,3bd500474f53e006f401e77581e5f073963c02425b921e4e72f90ac53e85e8d4,2026-09-21T08:00:40Z,2026-09-21-35575635445
2026-08-31,3c2472464965a36ef49e0e8e4679d58ece850c86ac4098718a92dfcc7ba1ecb9,2026-09-21T08:00:40Z,2026-09-21-35575635445
2026-08-31,3c525b023530d426515ccdc641424880b330bd226e149214bd68cd12562ac691,2026-09-21T08:00:40Z,2026-09-21-35575635445
2026-08-31,3ca9b4cc7ed1a6120ee024bdbf0aa09286ae19c3fd0ffec32355f59c4b66e098,2026-09-21T08:00:40Z,2026-09-21-35575635445
2026-08-31,3ce828a7a8edae79745723b522154507199b7e6daec2b3d5bd3afdb3372e3c26,2026-09-21T08:00:40Z,2026-09-21-35575635445
2026-08-31,3dd7b19e0a7fe71e5c6957c66dc04caf580f9205026193063663a126a6f1d93a,2026-09-21T08:00:40Z,2026-09-21-35575635445
2026-08-31,3e7e2e2e3033a2d2d6c9064a7208579e16d54456d8afb33918575ec9e30f4cba,2026-09-21T08:00:40Z,2026-09-21-35575635445
2026-08-31,3ef6351db37cf87bc6b3cef23897b94ffe4b896daca52922648e170280c9646f,2026-09-21T08:00:40Z,2026-09-21-35575635445
2026-08-31,3fd68ce59d7b9af03848c4460edeb53cf14f49ab0952879eae12c7f8cc1aa48d,2026-09-21T08:00:40Z,2026-09-21-35575635445
2026-08-31,3fe0896bef83338ffbf5242a5c8a2e1cf1c80c85a0767867a795d4ca3b89cafa,2026-09-21T08:00:40Z,2026-09-21-35575635445
2026-08-31,3feaa774d2e9683c1773daeecf6fcbdd00f2a91664a6cc4fbfb290371823d2d7,2026-09-21T08:00:40Z,2026-09-21-35575635445
2026-08-31,40197de5aec5546df59aff025fd8be75cce6b48f91a4ff15bc1cac0b1ff655d5,2026-09-21T08:00:40Z,2026-09-21-35575635445
2026-08-31,40cbc7aa3b0cf86faf9fbf766dde3d3f9bcdb72c3b0159ee9b61ff6b3de3b846,2026-09-21T08:00:40Z,2026-09-21-35575635445
2026-08-31,40ceca8d4d982a08528e8c8389c58d970287fb7b5ed8523a69ed9f9ef2643671,2026-09-21T08:00:40Z,2026-09-21-35575635445
2026-08-31,4197ca5c9065325d1738357f297b8eb62073f0e2657077df68563f24e000d327,2026-09-21T08:00:40Z,2026-09-21-35575635445
2026-08-31,41b2dfb484caa73936592c5c686534c0934205820dcb361ad95968d369c2245e,2026-09-21T08:00:40Z,2026-09-21-35575635445
2026-08-31,41f567316ea97c65dd2ef6bda894b880a974230c540b0cc4cdbc7d2c274ac13d,2026-09-21T08:00:40Z,2026-09-21-35575635445
2026-08-31,421e757f585099ec9bffd51dbb4bf41991e389905a3f4f3a4946eefd06ee2f39,2026-09-21T08:00:40Z,2026-09-21-35575635445
2026-08-31,437aadab24aa3d7e2426920cbdde0dbc83374f2351e605f2a4acf3e1864bb940,2026-09-21T08:00:40Z,2026-09-21-35575635445
2026-08-31,43a7cfbe5b5ada0319620e18810ec40f395fd6822ac19eccb4de8be215dbbe69,2026-09-21T08:00:40Z,2026-09-21-35575635445
2026-08-31,43bcde74d6736e5c1850670ed33b9397768afd56e2efb415395ce35ceab80922,2026-09-21T08:00:40Z,2026-09-21-35575635445
2026-08-31,43bcfc2665bf1620b5c4c60a0ade691a4c6e27ca0fadb0ddb91d60f088a7bb6e,2026-09-21T08:00:40Z,2026-09-21-35575635445
2026-08-31,43e1f1223d5dd5b7344994d8909a3b3c1aeb70f68ec6ead7e0a5d258b34b2685,2026-09-21T08:00:40Z,2026-09-21-35575635445
2026-08-31,440e8a9d8d722af1d7720f871c55dc745d5f008635f3a4f8d5f4fa3488d5b5eb,2026-09-21T08:00:40Z,2026-09-21-35575635445
2026-08-31,4412aa2b0d645a3a121233d83ea0c4c7c96ce6a0e3a6cb93a909ada90f79fdcf,2026-09-21T08:00:40Z,2026-09-21-35575635445
2026-08-31,442ea98466f4eaa65137f026baad1d50837bc74b0cf678a41f44731d99d219d4,2026-09-21T08:00:40Z,2026-09-21-35575635445
2026-08-31,445de4cc16ad6b0d69816ea3981c8d6440ddd59187d9fd4015448bd3f6b3377f,2026-09-21T08:00:40Z,2026-09-21-35575635445
2026-08-31,448e82ec31613dbcc45d9ce8661a034ba95008c9ada40936d5ef7ab39fc5301c,2026-09-21T08:00:40Z,2026-09-21-35575635445
2026-08-31,44c980cdc6e09226ca814c1ef944dd181d187b0346c2401c7ece1935f55c414a,2026-09-21T08:00:40Z,2026-09-21-35575635445
2026-08-31,4560b67fa4a4c7959669cde035dc3bd653350b89a7b4e1f43cdbab6df103b4f8,2026-09-21T08:00:40Z,2026-09-21-35575635445
2026-08-31,45cacade1c68cef1dfe17d2a5da6f8be4e3674a6f36861ff9d353b811908a6d2,2026-09-21T08:00:40Z,2026-09-21-35575635445
2026-08-31,464f546f178d08e1ee4503bd281ca6466df97932d5ceaca25e0c7604dacca8d3,2026-09-21T08:00:40Z,2026-09-21-35575635445
2026-08-31,469bef53941659537dbcbd57310a0a076e23cb18cb2409667750b5d3daa7003b,2026-09-21T08:00:40Z,2026-09-21-35575635445
2026-08-31,46a432a800c34f5342fb6f954ca6c406df31887337984073da01c37e11931940,2026-09-21T08:00:40Z,2026-09-21-35575635445
2026-08-31,46aef680068c87cbc00c8b3c7938ee9f31638872c03b8893450d1c7048be9137,2026-09-21T08:00:40Z,2026-09-21-35575635445
2026-08-31,46f7d982b1a01406575a05ba7d887de0eff72aaac2d0cb99c5c290dd427f2322,2026-09-21T08:00:40Z,2026-09-21-35575635445
2026-08-31,476e7c791b66e0d9d2d9cdca417d7f383b5bce640e0cc985898cfc653d97f8d4,2026-09-21T08:00:40Z,2026-09-21-35575635445
2026-08-31,477ab301216b19832b0a1f6687bb4792170cb488c21c6db1ebb07171a551a7c5,2026-09-21T08:00:40Z,2026-09-21-35575635445
2026-08-31,47ab296d50111a28183eebbeba7987a3e37fdc24efb46df2a94a113d9478419e,2026-09-21T08:00:40Z,2026-09-21-35575635445
2026-08-31,47f4d8ca02b3464363c378b321d8af0ad8f9357bcc7b4daf951c03ae54795239,2026-09-21T08:00:40Z,2026-09-21-35575635445
2026-08-31,482d9386ffe34420254d9e786d49357a20838c2e48a782fd36c40de1b96f5263,2026-09-21T08:00:40Z,2026-09-21-35575635445
2026-08-31,48426e2e08ebbef40e073fec2602d874c039c191cb9ec639de730260252c469f,2026-09-21T08:00:40Z,2026-09-21-35575635445
2026-08-31,4864762751ba4d2ed479c5d84f3a453a098a939151d175fba9d6a5373da5e287,2026-09-21T08:00:40Z,2026-09-21-35575635445
2026-08-31,494bd76c21a46ce57eb4b5d0a2c11ed48a02ef39501336b5023571c012c38be5,2026-09-21T08:00:40Z,2026-09-21-35575635445
2026-08-31,496f57acc8c648676b0c1ff01c6ea8429c57f45d92de69ab7054ef66f326dbf3,2026-09-21T08:00:40Z,2026-09-21-35575635445
2026-08-31,4a43b2f38fd1ff46f6f948506c8e1726724964d3a1bef576167fa6c1cd35220a,2026-09-21T08:00:40Z,2026-09-21-35575635445
2026-08-31,4a9bfe0f24e93fed3f73f7d7d3b5390bac035c6f55827103912f1aa818f82a9c,2026-09-21T08:00:40Z,2026-09-21-35575635445
2026-08-31,4b082e57411b79cac0ed2c55b51991f14fb0a64a9c935f93c0c00fa91e67dbef,2026-09-21T08:00:40Z,2026-09-21-35575635445
2026-08-31,4bb4e71bb41d3b5d90457399bf1834bebf7e872ab3b09b7787248ed7997e893c,2026-09-21T08:00:40Z,2026-09-21-35575635445
2026-08-31,4bdb9bacd9f94d0a0df2cc8092ad0ea30789a666455bae2dca5d061d32678e43,2026-09-21T08:00:40Z,2026-09-21-35575635445
2026-08-31,4bfaa7ce6dfb02426ec3df1c639b9ece996d2e5fbc85c70929aac8e87b11f236,2026-09-21T08:00:40Z,2026-09-21-35575635445
2026-08-31,4bfd9a2f01477c1bd0ebbf787406f7e0d53438d032206a1f3a77bee1d739cec5,2026-09-21T08:00:40Z,2026-09-21-35575635445
2026-08-31,4c1f77a2acb6d4652439af155ab2165e2cfe2111e32339eca374fced43e4db11,2026-09-21T08:00:40Z,2026-09-21-35575635445
2026-08-31,4c67369558a16f8c5f0341a9f5e81f625596b6dbd4c653f1ca843f8002c9f2a9,2026-09-21T08:00:40Z,2026-09-21-35575635445
2026-08-31,4ca250dfda5e58169d3428adee09adaae89b3cc9902060dd582498bc3a10999c,2026-09-21T08:00:40Z,2026-09-21-35575635445
2026-08-31,4ca3f24c337eb55aa04e56accb2340be8bedadfc688b8496c37e7abedfdc2162,2026-09-21T08:00:40Z,2026-09-21-35575635445
2026-08-31,4ce5ac4ba07601b7ce0afa1575ec247a88202dcab043499dbbe31248e39b3d4e,2026-09-21T08:00:40Z,2026-09-21-35575635445
2026-08-31,4ceb713868fde6cfa7c17def188cd660dc6044aa81869a9a1d8dedd922121d45,2026-09-21T08:00:40Z,2026-09-21-35575635445
2026-08-31,4d2c84773b4c0f85db2c57b21de634c8deecf569a1cd96f513badd6d12258a7c,2026-09-21T08:00:40Z,2026-09-21-35575635445
2026-08-31,4dfe4f3c1aeb884288b57cd3dfbd8d6e20c2b0ad106323db27facf289a958ee8,2026-09-21T08:00:40Z,2026-09-21-35575635445
2026-08-31,4e3afaa6855388fc50add9cad9aa9e34356e717902fa793c405d1acdf390840b,2026-09-21T08:00:40Z,2026-09-21-35575635445
2026-08-31,4eb0dde36f3cc8eb28ea790de123a370a16a6ea2d2688ba162e9223396a575f4,2026-09-21T08:00:40Z,2026-09-21-35575635445
2026-08-31,4ee0fcb44ca8eeec2888181ea4f2573eeda6ee80e0dc54be05db82458b0f2fa1,2026-09-21T08:00:40Z,2026-09-21-35575635445
2026-08-31,4f4acebf87b648c408979233c42e4273285827cec59eeb9667a7376df664f4d3,2026-09-21T08:00:40Z,2026-09-21-35575635445
2026-08-31,4f50edd18fb6a3ef53c7d5dfa2991d0143d33977bb7a9034120d6ba41e400cb9,2026-09-21T08:00:40Z,2026-09-21-35575635445
2026-08-31,4fc4cbd775130442799cd4c7f20474e63583da20c3a9cf798c1856cf1f595ae3,2026-09-21T08:00:40Z,2026-09-21-35575635445
2026-08-31,4fe0a4e1eae3620c1b6846794f4f2c5ac3aee615052fc9c5c77c6725e16b852c,2026-09-21T08:00:40Z,2026-09-21-35575635445
2026-08-31,505a83ab3ead743a844fe4b081f1c527b497e4c6ee3b0fd75554e7da378c8cee,2026-09-21T08:00:40Z,2026-09-21-35575635445
2026-08-31,507245ba33a569a94c06734368587edc7b4a50f3410f846aa2469d904e28ca14,2026-09-21T08:00:40Z,2026-09-21-35575635445
2026-08-31,5154b01c5bedcde471ef4e18878e8d1dcd2a68ce10edf1148cc4c3a8d065bf28,2026-09-21T08:00:40Z,2026-09-21-35575635445
2026-08-31,51713708f5209a9761f7b3f0aa9a7b306518986108c5817952ae5eaa092ae079,2026-09-21T08:00:40Z,2026-09-21-35575635445
2026-08-31,5192045d528310278a3b7cc3a4f23859141a495e382c64c29ee8255864781959,2026-09-21T08:00:40Z,2026-09-21-35575635445
2026-08-31,5196c718973170b23c17bde8baa02c708c95c7a08f2a8ac71f2d1050535cb7d2,2026-09-21T08:00:40Z,2026-09-21-35575635445
2026-08-31,520d248683d6f0c53e5a3680a00d2455894314ba85ab6426d5cfbb61ab199f29,2026-09-21T08:00:40Z,2026-09-21-35575635445
2026-08-31,52a6deb6a2f40c6d8838b50f08b7b988e22bc8951567bcb578f19d605ae36a27,2026-09-21T08:00:40Z,2026-09-21-35575635445
2026-08-31,534b43b99c533cc5600f4a6650284bf02d1bffc132606b86551706ce08c98289,2026-09-21T08:00:40Z,2026-09-21-35575635445
2026-08-31,537710e3f3434972d7964c8632659df827ad9004dd64ca2bda34420e52e75fa5,2026-09-21T08:00:40Z,2026-09-21-35575635445
2026-08-31,53899965ea19d7c515c36017a53e1c0dbb9a890d6eb69e75119a7b4d037d7cf0,2026-09-21T08:00:40Z,2026-09-21-35575635445
2026-08-31,53b61e298197842723203239ef2ad02693cb153203b100067dba5bbeb18a36a0,2026-09-21T08:00:40Z,2026-09-21-35575635445
2026-08-31,53bd1dfb8394a4f10504abac9f70f7977ef8fc829f8f0e1dd359778b189607dc,2026-09-21T08:00:40Z,2026-09-21-35575635445
2026-08-31,53d3d0ac06fe0817dbedc7d73bd21f594aa7f54302d88320eee275b0a36317d1,2026-09-21T08:00:40Z,2026-09-21-35575635445
2026-08-31,53ed9f3baa7447236c16b7775670eef8a9104bc81ca4b1be443389d444ce78a4,2026-09-21T08:00:40Z,2026-09-21-35575635445
2026-08-31,5497bab65faceb8c4ffc5aa357bef7698e013abea5dfa41b610ca30958626115,2026-09-21T08:00:40Z,2026-09-21-35575635445
2026-08-31,550d809a96e45ada4fdf99e9c69bebf91106c968235eec7a11094e852bd77415,2026-09-21T08:00:40Z,2026-09-21-35575635445
2026-08-31,552f61ffa08a051b7f40e3f322a097644f2674479b9603ba5e560e9965042d3f,2026-09-21T08:00:40Z,2026-09-21-35575635445
2026-08-31,55915ada4d80950cda2c40dd3f25b67b74fd0b13cf56f7dc61df6eeb82afe948,2026-09-21T08:00:40Z,2026-09-21-35575635445
2026-08-31,55957b490de30e2d284f3b97c55bb22f5d8ca1318e2caf0c4f9e1f71989fcae0,2026-09-21T08:00:40Z,2026-09-21-35575635445
2026-08-31,55a64a9db58ab46b6f3e00bc4c69baba2a1ee6d9d8a8689025a27dd5bb027a81,2026-09-21T08:00:40Z,2026-09-21-35575635445
2026-08-31,5629167d21b8ac27291778478d18ca90ddf4afc3ec1d9ae0aeabebdb81bf77b7,2026-09-21T08:00:40Z,2026-09-21-35575635445
2026-08-31,56d3091578d2ce292a638adaf6946ff75019bb8b7350ed2f5ae11e8e33556408,2026-09-21T08:00:40Z,2026-09-21-35575635445
2026-08-31,56d3b35067baeed3da4eb5215a6ea7fc57fc335014e221380eb79583d053e33e,2026-09-21T08:00:40Z,2026-09-21-35575635445
2026-08-31,5768434219103995a5522cf9e5f400b9a234d625a6e26a0a721b69c1e4826638,2026-09-21T08:00:40Z,2026-09-21-35575635445
2026-08-31,57757f6fe746d0fa789efaeea3bd6a9ac2217a2049f919cdc0835d715e2d8f9e,2026-09-21T08:00:40Z,2026-09-21-35575635445
2026-08-31,57a52007070a39dc85037092cc3203e80c21723e1df1c19005ba512593e7f506,2026-09-21T08:00:40Z,2026-09-21-35575635445
2026-08-31,57adbb7b61b0f984c83a952376e1abb7e54753a1687ee915d5b42e32bda268a5,2026-09-21T08:00:40Z,2026-09-21-35575635445
2026-08-31,57d2f3d68503f7441a0d0d2f93240936fe5ab7af0fe4f2a8d9ac62e713be0d89,2026-09-21T08:00:40Z,2026-09-21-35575635445
2026-08-31,57e07654a0d29cfd9df45ec63ac583414314c04b864822aa08a9027b5719ce62,2026-09-21T08:00:40Z,2026-09-21-35575635445
2026-08-31,582c5f546632faa69c4a1e1eeda7e38f0c0df2d9b3fca756cb51b1984dc3dd9c,2026-09-21T08:00:40Z,2026-09-21-35575635445
2026-08-31,58bb6e7a619f3b7615abceef67934a24b4a848397bb01e081dbd82dd6d2c0a42,2026-09-21T08:00:40Z,2026-09-21-35575635445
2026-08-31,58d904297f03793174609525c71b82a24de4332d5d1e2bae313bb8a6fbbdc674,2026-09-21T08:00:40Z,2026-09-21-35575635445
2026-08-31,58f9eac8d1cd1ae63ffa379e1953e89dad440d8198dba37b571f74cc4f2894df,2026-09-21T08:00:40Z,2026-09-21-35575635445
2026-08-31,5900df623b14c2849c7ed984ed10c5c5ca1de74e8ba6f66e0d568b2e6e62aef0,2026-09-21T08:00:40Z,2026-09-21-35575635445
2026-08-31,59355d690abd98ebaa699b7c72976963a5cddd37729bb9626114e4fa8bfde014,2026-09-21T08:00:40Z,2026-09-21-35575635445
2026-08-31,593b4b1a9f4f0b9f40d8f7bc180e8be2e0ac0d6a129d2309fe20b162a1882b28,2026-09-21T08:00:40Z,2026-09-21-35575635445
2026-08-31,59c7e48fc14e3b7e839efcfb10f519fea5565bd438f5541aa15e0d5b81e1d0b5,2026-09-21T08:00:40Z,2026-09-21-35575635445
2026-08-31,5a525ae0c1882fb777258dde22da028b20f6dce24fdbe6105a6cfa287b89d652,2026-09-21T08:00:40Z,2026-09-21-35575635445
2026-08-31,5a6348cc33d712222296cd80cffa7e5ff9b80d9bd2b43d8d7245b876d98cb940,2026-09-21T08:00:40Z,2026-09-21-35575635445
2026-08-31,5aa6b21d96adfb3d08ef9820ca8be7286939356243f773047ff3068ab02afe6a,2026-09-21T08:00:40Z,2026-09-21-35575635445
2026-08-31,5b272f67dd26e60b73ac114d2b48721c36202f23adde197892e98b41b117bf14,2026-09-21T08:00:40Z,2026-09-21-35575635445
2026-08-31,5b2ef7ddd0fdf67aebf77f5ed9cc670a7ea5e9daf3b8295d794518d7702e23b3,2026-09-21T08:00:40Z,2026-09-21-35575635445
2026-08-31,5b4d7b373eb61a5541e8c0240c0b8eb1acc020b1c8d0b1ef9aa6986fd8f1ddd2,2026-09-21T08:00:40Z,2026-09-21-35575635445
2026-08-31,5b9738daae8ff1651e9f73b3736041fe3330ee82c181035ff652834b746e705d,2026-09-21T08:00:40Z,2026-09-21-35575635445
2026-08-31,5bc7e2280c1ef46f3ab91d416eaf7bea401f6eb1a563bb0a807e4b8e223a051f,2026-09-21T08:00:40Z,2026-09-21-35575635445
2026-08-31,5c29058c190faa3d605cafd6e74eff4f66de4b113013c79fabc8ae75be89a34d,2026-09-21T08:00:40Z,2026-09-21-35575635445
2026-08-31,5c388463a3de7eae8aa5b75ee2ae59d50b8b89c56844b5a97d1e88bd7a3472d6,2026-09-21T08:00:40Z,2026-09-21-35575635445
2026-08-31,5c503c65da43d520f9dca3d9680c2bb5551aaaa4d5d4937ec4dfa5eb47e3eff5,2026-09-21T08:00:40Z,2026-09-21-35575635445
2026-08-31,5c7ae5f7c2c10ecd808e11c17418803dcf7c29724f3e457cef7bd2cf24c61577,2026-09-21T08:00:40Z,2026-09-21-35575635445
2026-08-31,5cb6e4043fcded5e9449e09b4d31007b69024b49e7d66f4d9dcfed50e8639743,2026-09-21T08:00:40Z,2026-09-21-35575635445
2026-08-31,5ccf42e95a42c3c28f5268cdc1728a4a3d2854dbaa638c024bee724bce476f68,2026-09-21T08:00:40Z,2026-09-21-35575635445
2026-08-31,5cd0febf076a32fa36bcf34eb0de2a83866587f2f0f16605f3e6ff69dfd6d889,2026-09-21T08:00:40Z,2026-09-21-35575635445
2026-08-31,5ce52b5c8d66443de8445b4806a2649300f243c9bfbb1c659bb5f8105f1b9b08,2026-09-21T08:00:40Z,2026-09-21-35575635445
2026-08-31,5ced03114d9edadde8acd970a9da5286c36bf0dbd645d8959dd0eb510f26e648,2026-09-21T08:00:40Z,2026-09-21-35575635445
2026-08-31,5d000d1b23cf4d602c077aba37aa190d05355e6278a40c89cc39b387820d914b,2026-09-21T08:00:40Z,2026-09-21-35575635445
2026-08-31,5d1b3b69e6e99dd049c6a1ae16a6c738f8809b34cf67ca81c85b051197c7b6ae,2026-09-21T08:00:40Z,2026-09-21-35575635445
2026-08-31,5d38652cccf2a918e1c23c590c4696629efeafd2dbcbca0e5a71a543b2810659,2026-09-21T08:00:40Z,2026-09-21-35575635445
2026-08-31,5e250d01d4ef944b40eed910daf73f40d76660f67dc3331c6401bca7df1d12c4,2026-09-21T08:00:40Z,2026-09-21-35575635445
2026-08-31,5e9327427ea7f59e6226ab7a4a6a34d262ec35da050827e7caf666e26f8d8471,2026-09-21T08:00:40Z,2026-09-21-35575635445
2026-08-31,5ebc0665d970542595370e13b2306f8c0967556383c456db21b64624b677ec5d,2026-09-21T08:00:40Z,2026-09-21-35575635445
2026-08-31,5ebdfad554ee1f498837e3be31371f0afefd941729f1ab3a3227122096e58f3f,2026-09-21T08:00:40Z,2026-09-21-35575635445
2026-08-31,5f047a2d38456ac13da45d71155cdef724d12a5d44eee358e87a104bdbecbe64,2026-09-21T08:00:40Z,2026-09-21-35575635445
2026-08-31,5f37f460783f48205ba9c424b18cb98ddfa80e442d1a6eddb401fe69b94515fa,2026-09-21T08:00:40Z,2026-09-21-35575635445
2026-08-31,5f8703c45309db8ae3c5d7fb199b01231a847995db6a03e8362636f9049589ce,2026-09-21T08:00:40Z,2026-09-21-35575635445
2026-08-31,602069b0c602a072135f4c0774ec230f96fb6b18de75fb2b919d6160eb7dad4d,2026-09-21T08:00:40Z,2026-09-21-35575635445
2026-08-31,60c9eaa4a1252ff4d89dda0b992a6fa62a53edb62aa8341251fbb6a7143c2ee0,2026-09-21T08:00:40Z,2026-09-21-35575635445
2026-08-31,619802d6e7d7cb9a02dafef328285d7834286e5a7ba25805c065c1b59695e2c1,2026-09-21T08:00:40Z,2026-09-21-35575635445
2026-08-31,61d7637af8e9f2513d410b797b834c7e939c2bca8aaa2263536d88dfc680c980,2026-09-21T08:00:40Z,2026-09-21-35575635445
2026-08-31,62483ae57fea2b96e258bae8414071f755484c507e8372d9566ee4ca523baa73,2026-09-21T08:00:40Z,2026-09-21-35575635445
2026-08-31,624ca5b6a5ca0e00b7e6dab52bef797bf4ace3093a44483f483827e1e6cc25ee,2026-09-21T08:00:40Z,2026-09-21-35575635445
2026-08-31,62724526ceb549ee7038bf8981ee685578ed21174b6c8057c4639e23156323df,2026-09-21T08:00:40Z,2026-09-21-35575635445
2026-08-31,6280e6d525a20b3371447b690f4011d4ef67fb3537ba3b5f971260ad602d5b5e,2026-09-21T08:00:40Z,2026-09-21-35575635445
2026-08-31,6309eeaa8f0ee04c94b9070e2237cb8a52b17dfcc97d6d7c20bb0fc865d03a18,2026-09-21T08:00:40Z,2026-09-21-35575635445
2026-08-31,6315681afdc7f85d65986bb724ee9646505a74d983cbca3aaa294de18a02cc97,2026-09-21T08:00:40Z,2026-09-21-35575635445
2026-08-31,632aaf0e01be318b2d0a36f5e8a879a11fb3e2c4bb696ec732f735d2c868868f,2026-09-21T08:00:40Z,2026-09-21-35575635445
2026-08-31,6412f0e9d5a65318ff23f3730ae66f7bd85353409e4a74c7c3ed6dae72c5df13,2026-09-21T08:00:40Z,2026-09-21-35575635445
2026-08-31,641ad58076eaeefa340d61da1507cfdbaac5b5944a5b9a0b71838b68af6794f2,2026-09-21T08:00:40Z,2026-09-21-35575635445
2026-08-31,64483c4b3e9657a6c41894219527b7a2243a39450db248c37918e8c124168550,2026-09-21T08:00:40Z,2026-09-21-35575635445
2026-08-31,64744f0052c1c8ebb196ddff6a3a3d57097b1f2589402e7281167dc86b620162,2026-09-21T08:00:40Z,2026-09-21-35575635445
2026-08-31,649e17cd850b64075d22b918393a3368886992ecfe014562db73b3cd2f67f1ae,2026-09-21T08:00:40Z,2026-09-21-35575635445
2026-08-31,652431f3d7560357dc07be48caa0c9d2cdd673926733de4a310148a89f160558,2026-09-21T08:00:40Z,2026-09-21-35575635445
2026-08-31,656d7af492b12337b28214bc327eb3ac7c24953957558f1ddc70f0cf82d0f08b,2026-09-21T08:00:40Z,2026-09-21-35575635445
2026-08-31,659bd445541129799a6915a7196bd442a88122db129ad2485e16ed20367cbc30,2026-09-21T08:00:40Z,2026-09-21-35575635445
2026-08-31,65d99ab3ff3dc0719035d6e1fbdaf6f13fa773cf3d48a82c4e6d8e55d764f1f3,2026-09-21T08:00:40Z,2026-09-21-35575635445
2026-08-31,65e1ddcfdfbf2456da49a1f4524b79c1484c712d9e825460a8b83e90ccff358a,2026-09-21T08:00:40Z,2026-09-21-35575635445
2026-08-31,6605c80a097f66146d4326e76d816388b3a02a3d6e8f255b6c78fece507cab66,2026-09-21T08:00:40Z,2026-09-21-35575635445
2026-08-31,66603a5d90bf75c28023c42c9012c412ddbf44741bba5066fdf26b25d1c2ba25,2026-09-21T08:00:40Z,2026-09-21-35575635445
2026-08-31,6660eea293f5829443823d00f1ff5724c352f84a5cad0722a7059a764de97461,2026-09-21T08:00:40Z,2026-09-21-35575635445
2026-08-31,66912fb3a576f611af7c269f8b64a071e412d61614a6cf38c66e36d582038158,2026-09-21T08:00:40Z,2026-09-21-35575635445
2026-08-31,66970ee4fc021a8e824d6e0278921e465742e3987b10454e4d179b523b63d633,2026-09-21T08:00:40Z,2026-09-21-35575635445
2026-08-31,670335c7f778d4b83c672dc73e1cdaf85eb14284dfcdc6999525e2e70f0f095b,2026-09-21T08:00:40Z,2026-09-21-35575635445
2026-08-31,673fed2d2b73d93c0ffdf74cf6ce718786866bd3ee870616bb286f45be8f7f7b,2026-09-21T08:00:40Z,2026-09-21-35575635445
2026-08-31,6764ae5ffa673b0f2eefc5ecaaffabe8cb6258cf606c37b85f0313e37837087d,2026-09-21T08:00:40Z,2026-09-21-35575635445
2026-08-31,67c926b10d49c56ac253add6a26915e4ca04ec867ee667b855c59e3e8def7855,2026-09-21T08:00:40Z,2026-09-21-35575635445
2026-08-31,67d3df8f27927dba16603d7f0e0d74ecdb707b553d3a93a75a7e707d2237bd17,2026-09-21T08:00:40Z,2026-09-21-35575635445
2026-08-31,67ecd5126a792211862f0134a4eb7e096c8553d7e263d3160ac5235b7b74dfe0,2026-09-21T08:00:40Z,2026-09-21-35575635445
2026-08-31,68384af7fcc194f60258e852eb32cdcbfb856057211643854129be937746820b,2026-09-21T08:00:40Z,2026-09-21-35575635445
2026-08-31,68da7ed1759e5e671f9b5d152f6513bd8c34920ecf37fe62f3b9a53d9cd3bfbf,2026-09-21T08:00:40Z,2026-09-21-35575635445
2026-08-31,694f990c571e6ac8de5da171392a4dc89d1aa1c3d15e8f4c48642863d7ea8fe5,2026-09-21T08:00:40Z,2026-09-21-35575635445
2026-08-31,69c3b9618548ea7ec1c46ae9e3767cc27029e052abb6caa744a8c4d49db1083f,2026-09-21T08:00:40Z,2026-09-21-35575635445
2026-08-31,6a2ceaf96ca3bd220d8e89ef66ee4c6488bb7922dd50e343bdd6a45e7f035d3c,2026-09-21T08:00:40Z,2026-09-21-35575635445
2026-08-31,6a9c3e1b265d3a0687e6b3b60b73f16f396ace908ceebc233fa3da3b8758e500,2026-09-21T08:00:40Z,2026-09-21-35575635445
2026-08-31,6b3fb5fabf5c477264d952ac58f25359e85921d855415c8d32320937d4436e56,2026-09-21T08:00:40Z,2026-09-21-35575635445
2026-08-31,6b922da593407437dab2b2f82bd41236505327b53dfc4cef2879322291002977,2026-09-21T08:00:40Z,2026-09-21-35575635445
2026-08-31,6bad3687e1750227f3788112ea23db781df98fe2c6103b524c9e530f3bfe1d98,2026-09-21T08:00:40Z,2026-09-21-35575635445
2026-08-31,6be1ee1d3f9b0d816f2e2a4624dfafc0adbd7930e04161383a9c002ddbc5a394,2026-09-21T08:00:40Z,2026-09-21-35575635445
2026-08-31,6c2615023b08f96fdfc47994a942bb404870226b075e96017a8042207ff1abbd,2026-09-21T08:00:40Z,2026-09-21-35575635445
2026-08-31,6c31c04b418daa65856baaeaae2838d54d19e906ffed6bfa60e38272e74f2667,2026-09-21T08:00:40Z,2026-09-21-35575635445
2026-08-31,6c6066a098c3f2b1a76c06a105803357b7362606b8d9656175c0b5a79bac4727,2026-09-21T08:00:40Z,2026-09-21-35575635445
2026-08-31,6d3083325aa6bb3f4bc8efb74c3069cb5cdc6dbf1e074c624bd0b1a5c68d114c,2026-09-21T08:00:40Z,2026-09-21-35575635445
2026-08-31,6d507b3d7f4d1bd505a0f3d75db51fe4646b46a9ddefa93f73277afb03912f0b,2026-09-21T08:00:40Z,2026-09-21-35575635445
2026-08-31,6d7bbd69e0177c624835a4fbd2b0b9c5a5afe9827632b6fad958585facf24d0d,2026-09-21T08:00:40Z,2026-09-21-35575635445
2026-08-31,6df00d627b71b0b60c98c1478c005154d9d2f09caf0f3105d6a9c58389774bf3,2026-09-21T08:00:40Z,2026-09-21-35575635445
2026-08-31,6e33a3453fe80f1559b7e80bf2b97a68f46c54cfa30df141b8518b2ed3d0a158,2026-09-21T08:00:40Z,2026-09-21-35575635445
2026-08-31,6ff5f6f81667858b408774035d1368d12b0bbb6c162069982fa7c934de40f973,2026-09-21T08:00:40Z,2026-09-21-35575635445
2026-08-31,7064550086fba0ebefd786e1f5b9264ac3c58b2f3342c68d949b8138aa6b2ce9,2026-09-21T08:00:40Z,2026-09-21-35575635445
2026-08-31,70c577c617f9dc4cf3667ec27752771321f46cca30993cce12058e37ea3c8c01,2026-09-21T08:00:40Z,2026-09-21-35575635445
2026-08-31,7130e6be2b108c4eb6557b9ad154c06a56e94e8c5bf07b534f83f0d10d44e6c9,2026-09-21T08:00:40Z,2026-09-21-35575635445
2026-08-31,71c07cad7b8e1545ce79764acef7c6d35e93e08487ef03ee2ce2ba0bed6935e6,2026-09-21T08:00:40Z,2026-09-21-35575635445
2026-08-31,71f20c4b2bdc3411e22c991566b77e2a7523d3e339eb2ad71e4f2936210a8081,2026-09-21T08:00:40Z,2026-09-21-35575635445
2026-08-31,7234a434f4cbf6023c89278208375145fbac51aa320a437259ec6dcc9043d812,2026-09-21T08:00:40Z,2026-09-21-35575635445
2026-08-31,72bc557a73d4df4e40475d8a832faa7948a5c47bc72e39e5cccf00f8ccd7385c,2026-09-21T08:00:40Z,2026-09-21-35575635445
2026-08-31,72d45cbad68f5d2ec8aed7e09febb714bf95fcbce618846b2e7f6c572a60fcb8,2026-09-21T08:00:40Z,2026-09-21-35575635445
2026-08-31,72fa53cf58cd2581ad09e218d5cab401e48415021706a27ba800e260590a2054,2026-09-21T08:00:40Z,2026-09-21-35575635445
2026-08-31,731b43e753efa52550e470a6611cd41e15808db40fcf71c1d1c6eeeb1692371e,2026-09-21T08:00:40Z,2026-09-21-35575635445
2026-08-31,735208f9ccb5c7ed113ac64bc637adc92513f64f6ca2dd17f1b0b5a9aad0065c,2026-09-21T08:00:40Z,2026-09-21-35575635445
2026-08-31,73f97bc9fa2e180d901bd01d1671a78b1748c77fbab75f53586c17c45a30f39d,2026-09-21T08:00:40Z,2026-09-21-35575635445
2026-08-31,73fc399c35863b3a33b35ac9b5c26cdeb23057c25bbc002bdc6ac82a5180942b,2026-09-21T08:00:40Z,2026-09-21-35575635445
2026-08-31,743b439a3afe4466b0732bc69a7010ea2b59e760a51bc1c4b9b6c616d93605fd,2026-09-21T08:00:40Z,2026-09-21-35575635445
2026-08-31,74a030e0aee95172cffda0d7cca69cb7aca397bfa11b2c79a046624813254519,2026-09-21T08:00:40Z,2026-09-21-35575635445
2026-08-31,74bdbdb91ddf4f8efbeba88daf6dceb6a6e39518c0d83c01a2f7005e758a1b88,2026-09-21T08:00:40Z,2026-09-21-35575635445
2026-08-31,74db35d2924712eb72c503562f4f779e434831093cb379985b434aafa836107e,2026-09-21T08:00:40Z,2026-09-21-35575635445
2026-08-31,74ebcc16cee361eb8e3e8a93fbc6184884c839f589e4a42bb57a24360e405524,2026-09-21T08:00:40Z,2026-09-21-35575635445
2026-08-31,74fb840303628df9301b738b2db8ecd88c6c1ac4243d4da8ac28d220dd7b2b1a,2026-09-21T08:00:40Z,2026-09-21-35575635445
2026-08-31,75f33619e0123f5f22bb92bfe2c4fa349439336357a57e7ee628eeb3ca94870b,2026-09-21T08:00:40Z,2026-09-21-35575635445
2026-08-31,768e66b5531fe10af4a7e2ee8fa3300704c16831233078dfd2bb1212b4f09421,2026-09-21T08:00:40Z,2026-09-21-35575635445
2026-08-31,76aa1d57441edb6762c3dc87f9169c97c8feef2bd5ab7fa5cd8acad4cf6760c5,2026-09-21T08:00:40Z,2026-09-21-35575635445
2026-08-31,773d4a14cead12785e921deda4f0d3f9cb2106fae12e75c82605517dc788bf37,2026-09-21T08:00:40Z,2026-09-21-35575635445
2026-08-31,77849342552f601bd0184df340a36f88ec35c4a0dd8a3d564330210c7e89ae48,2026-09-21T08:00:40Z,2026-09-21-35575635445
2026-08-31,782adf7c80216d6f173423e01fc9cde93cc4c1a05af246b889a3f469caa1f2c4,2026-09-21T08:00:40Z,2026-09-21-35575635445
2026-08-31,78b348b4d51da6ba38c03ee07fb9c8b989924512c33622bc9e5b76d1a58d9275,2026-09-21T08:00:40Z,2026-09-21-35575635445
2026-08-31,7908ca253dfee3f1d20d4d9342dc4e4b805dfb210cf3856489207a80c03db5d9,2026-09-21T08:00:40Z,2026-09-21-35575635445
2026-08-31,796e7c58c104e6a0e4245ee0c7fa88b0b9b32535cafd92ce77f5cc64e645bdb0,2026-09-21T08:00:40Z,2026-09-21-35575635445
2026-08-31,797f4a5229b182abbe1ee7b942924bf7e3791e8a3cca0e198d337e0d3952d171,2026-09-21T08:00:40Z,2026-09-21-35575635445
2026-08-31,79af3e670da10fdb75e302e9a2a366a3958978a4d378ad87e37b5cfc1129d589,2026-09-21T08:00:40Z,2026-09-21-35575635445
2026-08-31,79da55a0bda7ca8d37cedd487d37b9f02edbe441d87460199ef2a68b9b1f0126,2026-09-21T08:00:40Z,2026-09-21-35575635445
2026-08-31,79ea13489a6399c3416e0182025e0239badd90d317119f86c18688a046839c4b,2026-09-21T08:00:40Z,2026-09-21-35575635445
2026-08-31,7a25975e8a189c14cd3da1be3a4fb34c6997c94b95c6c202f37e5d094245cff8,2026-09-21T08:00:40Z,2026-09-21-35575635445
2026-08-31,7af181b5fd2730a972f8dc9185e4490a2c87c12363114f555929ea2184fd826f,2026-09-21T08:00:40Z,2026-09-21-35575635445
2026-08-31,7b6e63275eaf79402844fc3c5fbf2a243007b2d0e93595411ec2f62288fbd253,2026-09-21T08:00:40Z,2026-09-21-35575635445
2026-08-31,7b833aca077c64769b70fb929caf8152bcc17e259a4ed9e0e01955b223638793,2026-09-21T08:00:40Z,2026-09-21-35575635445
2026-08-31,7b9ad43b4b1c1de81eae205f5d6ae30ec02f3cb70f9847bebfbeabe52af2481f,2026-09-21T08:00:40Z,2026-09-21-35575635445
2026-08-31,7bc067d21e95b090a08ca6f7d635415179285ef4e2a3c6a1a611aa905b3b936a,2026-09-21T08:00:40Z,2026-09-21-35575635445
2026-08-31,7c43721927c8be01cfc41f8fd9a00bb9058b4e97f018c19d9cb269f1cbd41a7d,2026-09-21T08:00:40Z,2026-09-21-35575635445
2026-08-31,7c6b412fd01b4642f35223f840a209579dcd5b7021c8f8effb8bd9133ce326ac,2026-09-21T08:00:40Z,2026-09-21-35575635445
2026-08-31,7c9270b2c1d7dd780166b33504a9a2f57358b6feb88b97c4a8735ef2cc96fe0e,2026-09-21T08:00:40Z,2026-09-21-35575635445
2026-08-31,7cad01005d34f75bc5b54bc7e4d20eb6cc2b5a648691a8cae7f3e1ae981b5c05,2026-09-21T08:00:40Z,2026-09-21-35575635445
2026-08-31,7cad472835c79643595d3200faab62ff8e7c84b75111bac3486445d7c75bc609,2026-09-21T08:00:40Z,2026-09-21-35575635445
2026-08-31,7cf4e1b3d83243d6082323c31c145f2f3473f4bb8080f61a58e6d69a1658f77a,2026-09-21T08:00:40Z,2026-09-21-35575635445
2026-08-31,7cff7db3a97596bc302eedddab91d06b194e9ec113da17051ccc532cd763ae0b,2026-09-21T08:00:40Z,2026-09-21-35575635445
2026-08-31,7d3b5e0a71d234bf3f81ef584851be2f256c8b57e21b546b9cebc626698e2bba,2026-09-21T08:00:40Z,2026-09-21-35575635445
2026-08-31,7dd6ea4b43c05deb4c2f993fec98265f792beb2b61dde000f260e570c258e31f,2026-09-21T08:00:40Z,2026-09-21-35575635445
2026-08-31,7ddbf93b1157ce5d7e853db674a28ca9ef24549869e348fe2a599ccf134b503e,2026-09-21T08:00:40Z,2026-09-21-35575635445
2026-08-31,7e1455763a41fec1ad9ff61e52b2d733cd1f4835cb7f22fb2e359ab9b64bfedd,2026-09-21T08:00:40Z,2026-09-21-35575635445
2026-08-31,7e27580772df9dd9354d33a9cd748580cd8caab915d54015bc2a93bb2d9a8cb5,2026-09-21T08:00:40Z,2026-09-21-35575635445
2026-08-31,7e3ba7ad12de9bdd4ea9689edf2446c2ca14f3dafa8936f2589534433a93308e,2026-09-21T08:00:40Z,2026-09-21-35575635445
2026-08-31,7e4be2dad7841d9cfe79017ad4090faba8d8fec19caa918edee43feab367ccfa,2026-09-21T08:00:40Z,2026-09-21-35575635445
2026-08-31,7ed2c5c77cf2e77363709c3abe8f1c57da7a50ece0a8f29df438041c05fc03d6,2026-09-21T08:00:40Z,2026-09-21-35575635445
2026-08-31,7ed4f22f17202951bf82f9b3cdb6e9c1deb5c2ec48b19634aa34227b6c4d17c0,2026-09-21T08:00:40Z,2026-09-21-35575635445
2026-08-31,7f4819ceb44f0b947b7601eb4a49dd40ad9304ffada1f6e8958edf5c955c62b5,2026-09-21T08:00:40Z,2026-09-21-35575635445
2026-08-31,7f78fa172d694bb9dba500270768aca66bd7d0c8ab13d981ee73775e5fb2258a,2026-09-21T08:00:40Z,2026-09-21-35575635445
2026-08-31,7f94d0f5620a084a7215b10e5efef56cbd247afe846c9695014c661dda5f6b14,2026-09-21T08:00:40Z,2026-09-21-35575635445
2026-08-31,8008eed24ada61153b68406bd4da1c5804fda6beb7b718d6f9c071aadbd9f0f3,2026-09-21T08:00:40Z,2026-09-21-35575635445
2026-08-31,80748337d720e8ac1d75399e3a67fc11ffff3d069bba389a21c03721d96f64f2,2026-09-21T08:00:40Z,2026-09-21-35575635445
2026-08-31,807cd5d520515783a8e8f5ce9d7b0b4f812ca5d536fa1d7e3551de9fba9f4c38,2026-09-21T08:00:40Z,2026-09-21-35575635445
2026-08-31,81410b28f0135ccc3718f417facad125c91f22dc4de8a6a88ccd2539837676a7,2026-09-21T08:00:40Z,2026-09-21-35575635445
2026-08-31,8143c08f277033662bbaaf4eaf9e7c412c190170fa2d7a71cb0997f6999d8b3c,2026-09-21T08:00:40Z,2026-09-21-35575635445
2026-08-31,819bd86300bfe80b47fa16d3119c536e7947c594694563e28389d772a0c3e073,2026-09-21T08:00:40Z,2026-09-21-35575635445
2026-08-31,8270b742d6358af0a93f3255607eaa5d167afb12e64eff7ed6ce2aa152b6fd9a,2026-09-21T08:00:40Z,2026-09-21-35575635445
2026-08-31,8293ecd431320a97c57c2110baf71a8cf68f629e875a221f44a44c04daed7cfd,2026-09-21T08:00:40Z,2026-09-21-35575635445
2026-08-31,82cbe07106d66d36d78dba864581dee2aebf62af05a203de80f6488946974af8,2026-09-21T08:00:40Z,2026-09-21-35575635445
2026-08-31,82e85e2770223eec36a7b190c9e4820ed080c7c5c281dd4a8bf104a05716301e,2026-09-21T08:00:40Z,2026-09-21-35575635445
2026-08-31,8353b2e5f1b4b954e61a65f69666db31e06ba326a544f9c3a1749f7c2095daad,2026-09-21T08:00:40Z,2026-09-21-35575635445
2026-08-31,83966d0b554e8c097e6eb07abb0a80bb4738b45c17e48cdc9c624ddd8a54878e,2026-09-21T08:00:40Z,2026-09-21-35575635445
2026-08-31,83b640b26c861086d18cddb5ad8e6042f730cfd925c5bfd08d677f3037673a2c,2026-09-21T08:00:40Z,2026-09-21-35575635445
2026-08-31,83bffdb664738c4a465cec0edf352c2ecbf70743bb14f3234fd8021d32154c6e,2026-09-21T08:00:40Z,2026-09-21-35575635445
2026-08-31,83c59acf4636d00497791d7fb489980d269131b68d096d1271b4f60f4a9a536e,2026-09-21T08:00:40Z,2026-09-21-35575635445
2026-08-31,84a3904d864b2ae8ead884393158037adc34a70205d5648bb49310c98d1f9035,2026-09-21T08:00:40Z,2026-09-21-35575635445
2026-08-31,84e885a55b294fa4ef535cdc838399e0c61910f3f442432bbcc8e01472a01574,2026-09-21T08:00:40Z,2026-09-21-35575635445
2026-08-31,8516b6ac1980a262f54dacbe4957c076f24b2c1c24a6a58861c27c0848b242b6,2026-09-21T08:00:40Z,2026-09-21-35575635445
2026-08-31,854e5065a36741b23f39c6e98feba6082ce6a3de070d6fb4b90ecc39f1e04394,2026-09-21T08:00:40Z,2026-09-21-35575635445
2026-08-31,856139813a98674375e16c5219809560b4a310e2f387e9050f524783685482d4,2026-09-21T08:00:40Z,2026-09-21-35575635445
2026-08-31,8562551666a231fcb0cce40a7f457444e8656d486af4f27594ac5facd920806e,2026-09-21T08:00:40Z,2026-09-21-35575635445
2026-08-31,8567caf1a3c5a4d492ae12c197f68bdd307b9913e6996cc3a886bb00dad55aa5,2026-09-21T08:00:40Z,2026-09-21-35575635445
2026-08-31,85a2a6bf86ca6ae8392778264a40a4c77af50d9248b6b3e6fc358195d0e40d58,2026-09-21T08:00:40Z,2026-09-21-35575635445
2026-08-31,8613e7d3fec488f122163a69d76f79d85fa23db58e9a611a18f00a7aca57a8d8,2026-09-21T08:00:40Z,2026-09-21-35575635445
2026-08-31,8669ee6e34a786fbe6eb292ded09aadc701906c44e3e4929110fdaa4cd2bc8fc,2026-09-21T08:00:40Z,2026-09-21-35575635445
2026-08-31,86992c960b244d4d5eba5ca00ddacf4b0ac315e69044dc7da9059c79ac445f7c,2026-09-21T08:00:40Z,2026-09-21-35575635445
2026-08-31,869d64480b6ca41011a14983d832d979a038c9ed3aa8561b93c30e7d62da80ef,2026-09-21T08:00:40Z,2026-09-21-35575635445
2026-08-31,86acd99402770956e0a37b3d7b75d622d393dc936aa2cb820bf329e2980c8d4d,2026-09-21T08:00:40Z,2026-09-21-35575635445
2026-08-31,86e558df5b78611f61257d4c2d0eb810ee893f34b0c7ef61a6d07b97b921c12c,2026-09-21T08:00:40Z,2026-09-21-35575635445
2026-08-31,86e6fb85fd5ccc2f963e8eb23ff3943f90c3ebcc3e4711dd6dae743617f2f91e,2026-09-21T08:00:40Z,2026-09-21-35575635445
2026-08-31,86f16db05aab00ebbe7bcb9b222ce74c26cac8c3c73f144c4128b215394175cf,2026-09-21T08:00:40Z,2026-09-21-35575635445
2026-08-31,86fc89072075ff8646c97d2c15f1a3d6c18211b2422021b39c8dab8103dcbaa4,2026-09-21T08:00:40Z,2026-09-21-35575635445
2026-08-31,878181c2a2d2e28ad44e6ffd38350c7cba3b46211e6eff46304b2e01819a8d45,2026-09-21T08:00:40Z,2026-09-21-35575635445
2026-08-31,87885f2fa8125d12541a13c20988965601c39baf934fbdb157e7c787956a0686,2026-09-21T08:00:40Z,2026-09-21-35575635445
2026-08-31,878e0ad6ef0e19de77dbcaaee53607fae4f6098624ab7fdc83cf7181164abe9f,2026-09-21T08:00:40Z,2026-09-21-35575635445
2026-08-31,87fad33ee778324d457ecf2f84e03a73b0a48458355e5e0d0eb62e5cd2098a44,2026-09-21T08:00:40Z,2026-09-21-35575635445
2026-08-31,8830398d259008833bac5a88cb33875e50bfd0386fe2936f735eae998a1a5531,2026-09-21T08:00:40Z,2026-09-21-35575635445
2026-08-31,88410075d563dad62c8a32a5de3eaac8c8838b5bd91a1c1f0e5266aca98ef319,2026-09-21T08:00:40Z,2026-09-21-35575635445
2026-08-31,88422d9fb99225bc36acd11687f7c18aee8acc5b04f7bc12ced37fad01ea2795,2026-09-21T08:00:40Z,2026-09-21-35575635445
2026-08-31,88a2bf0fd2a5e4dac773ec69c98e9f353fcea693947b05631ae2997a6cdf9f82,2026-09-21T08:00:40Z,2026-09-21-35575635445
2026-08-31,8a09a25c74325555ce10157f27eb7f00358fae3f3ee54e07bcb2e29815076123,2026-09-21T08:00:40Z,2026-09-21-35575635445
2026-08-31,8a5bed9ccb36a131859f6201ec53721c569d0413019ed6f743c4242a431f7197,2026-09-21T08:00:40Z,2026-09-21-35575635445
2026-08-31,8abed036b3fda8052bd88344ea2f72cf13ff780cf7013687f5e09da4dd11a196,2026-09-21T08:00:40Z,2026-09-21-35575635445
2026-08-31,8af63076c16b8dd6c18167bdb6fba922c0d0d433d558b15e9c01dfd3617e66de,2026-09-21T08:00:40Z,2026-09-21-35575635445
2026-08-31,8ba48ecd591dd99f2b7d5a8ddd0920e150a45b44e95485523e5c32c117537422,2026-09-21T08:00:40Z,2026-09-21-35575635445
2026-08-31,8be684c97dd04d8e92da098af539a40978dd3326488686837d57860c5a60b6cc,2026-09-21T08:00:40Z,2026-09-21-35575635445
2026-08-31,8c211379352e3d51d5a11e0270f70ef2c19954f85d3ec1602920b0de24fe5f6b,2026-09-21T08:00:40Z,2026-09-21-35575635445
2026-08-31,8c89ff5e3e17f4648f15ad0f9f93b76039ccb35111c2de84e52e05d30b3a4f88,2026-09-21T08:00:40Z,2026-09-21-35575635445
2026-08-31,8d37b1f60e028875c7048235c170a4680bd169e2f0ad7656d640b1212d863f4c,2026-09-21T08:00:40Z,2026-09-21-35575635445
2026-08-31,8d927d005538572c28516127dad0464a72ab2484b0097d7b3acd27553c8dbe85,2026-09-21T08:00:40Z,2026-09-21-35575635445
2026-08-31,8db1a895aa86fb3b63f37757ec01da4eea771da4c9bd4f174c1d8e5315f6960e,2026-09-21T08:00:40Z,2026-09-21-35575635445
2026-08-31,8e70af6290c922ecd3ce81101af4301a73a245cc1ed4ca1ea38f7fe23592797c,2026-09-21T08:00:40Z,2026-09-21-35575635445
2026-08-31,8eabe7099d4e93695d12faf2ce6637b6f35cb41a561b9138f5ab1b4d09445f40,2026-09-21T08:00:40Z,2026-09-21-35575635445
2026-08-31,8ef7bdeb6296c79deaf862cdf635ad10b18a7798e2d32faff2cc3b00a62032ce,2026-09-21T08:00:40Z,2026-09-21-35575635445
2026-08-31,8f6404c944d6b0c213574ac57b97f78140909b33084cc679c5a65f9dec835a63,2026-09-21T08:00:40Z,2026-09-21-35575635445
2026-08-31,8f6ca08eef97461362fc61c88a8aceb126a0e15700b25ee999e414a92fadca2d,2026-09-21T08:00:40Z,2026-09-21-35575635445
2026-08-31,8fbce1241c605ce90337adb4418a64f4d1361ea0fdce13e828f6ce9ce3ba9e06,2026-09-21T08:00:40Z,2026-09-21-35575635445
2026-08-31,903d9812d0156d3c6e45a555ced99b02675171cb73552d20f1a7f29dbdbbcc6a,2026-09-21T08:00:40Z,2026-09-21-35575635445
2026-08-31,904935f21e4f8ae235369cab3946cd010cb02e02106d780f01e93a8c68c8296c,2026-09-21T08:00:40Z,2026-09-21-35575635445
2026-08-31,91177fea0ae74c850f2541d22da050508c1b5ff20ea438cb4d2857255d48d2fe,2026-09-21T08:00:40Z,2026-09-21-35575635445
2026-08-31,913ec8d234ec8c13a39b5853efec729e927b82b42d876c89cc8da1a729776a2b,2026-09-21T08:00:40Z,2026-09-21-35575635445
2026-08-31,91d8d52804aeb5a2055f3cf37aaaf581b4d61b09f508e37dd7c00cd7a9c9e2ec,2026-09-21T08:00:40Z,2026-09-21-35575635445
2026-08-31,9292c0e35415dfab9be0ae072c05dde7bb8211254e318d79c097605632943db9,2026-09-21T08:00:40Z,2026-09-21-35575635445
2026-08-31,9301324445c8c4b786fe736df3e97c1edd355069519fef1a177e983b31772cbb,2026-09-21T08:00:40Z,2026-09-21-35575635445
2026-08-31,937b551780d749aaa822eb8d5af44be76d328042b714ecb9ae9d02b7ad6c6611,2026-09-21T08:00:40Z,2026-09-21-35575635445
2026-08-31,93e01b02a9f191fb41ec18e7d78d45a864c5ff40f061f607f28de8cbfa4c7b82,2026-09-21T08:00:40Z,2026-09-21-35575635445
2026-08-31,9425ee65450c71bc0d8187cd4d7469b937b4e3e7d37d83e577293d1d8d01e00f,2026-09-21T08:00:40Z,2026-09-21-35575635445
2026-08-31,942e72267571ee4530fe4f69e32c8345713764bc81f6db9812440b4398b7c834,2026-09-21T08:00:40Z,2026-09-21-35575635445
2026-08-31,9432a9bf4df29c40dcc041d2355cb2c295dfaeb9a5aa3fd18ec45464cbcc2c08,2026-09-21T08:00:40Z,2026-09-21-35575635445
2026-08-31,944e7a5b7a95524ec6639abdc2c662652865e96bc63701ada1c2297c9d990ca0,2026-09-21T08:00:40Z,2026-09-21-35575635445
2026-08-31,946bd1ff29d0580b1a45b213014951ada7004e7f06fb6373b60d41542ac88966,2026-09-21T08:00:40Z,2026-09-21-35575635445
2026-08-31,947c2a1bbcd753a2ef9d0ae16133e331fe9c4b539f48165c6639f747a084d081,2026-09-21T08:00:40Z,2026-09-21-35575635445
2026-08-31,94b2d1a9467ea4f8496a6e8af9d6c9ea13479c1c389de5cbb0fe3652519e5ef2,2026-09-21T08:00:40Z,2026-09-21-35575635445
2026-08-31,95016092f75331b683936547a658219bd0822e49344891d793d0de8a7fbe3a1e,2026-09-21T08:00:40Z,2026-09-21-35575635445
2026-08-31,957c2b3d36f10ad76f2c203d06423c22d6c6c8646f186fc21460b91cab42e0cc,2026-09-21T08:00:40Z,2026-09-21-35575635445
2026-08-31,95bbfd074e1fc4d9710f2f5650ad9cd53d8f67a6e8a79db5f0bbff911639dfee,2026-09-21T08:00:40Z,2026-09-21-35575635445
2026-08-31,9651709bc9310008cc7500ffa908db240343938ab4dca56d8ed8cd9d53c58691,2026-09-21T08:00:40Z,2026-09-21-35575635445
2026-08-31,967b4ece080ef1e9a7a0dc0a29e21ab6488dfdd9d24e3db7f68871839315d8ec,2026-09-21T08:00:40Z,2026-09-21-35575635445
2026-08-31,96cfbf6a776f2f90dc5f9560a17c616adcc8c5286d20a3e2302c50c75b7b99b6,2026-09-21T08:00:40Z,2026-09-21-35575635445
2026-08-31,96d4504dea500cb3a97309503cd10f4c227761507be08913c550744f0b6b2529,2026-09-21T08:00:40Z,2026-09-21-35575635445
2026-08-31,96f8563028d1b829c9af4d962f87a1759712ed1c5ebbf41445aafb379e514869,2026-09-21T08:00:40Z,2026-09-21-35575635445
2026-08-31,97434e83b250b8903d78d46f7ef6684e93f03eef527f0346fd87b4aed809277d,2026-09-21T08:00:40Z,2026-09-21-35575635445
2026-08-31,97f8d6a83e3f27bec26714849ea2e9d5b8c909cfe02c30f42ae5067891494e77,2026-09-21T08:00:40Z,2026-09-21-35575635445
2026-08-31,9a3cea686e22d3c122c571341a3726ec15412feb7d83d57a2bc88149bbcd4b50,2026-09-21T08:00:40Z,2026-09-21-35575635445
2026-08-31,9a4118a325d08052c2e464feb57928c03562f5c460539d738f8697f77999c520,2026-09-21T08:00:40Z,2026-09-21-35575635445
2026-08-31,9a4753d689e42a52e06911bce579563f630c2b5a0798d6cb9d92b18fba59e1f8,2026-09-21T08:00:40Z,2026-09-21-35575635445
2026-08-31,9af4ff6a9761a523caef7849ee6d64e941bf28c1d22dbfeb137cce62b5fc80f0,2026-09-21T08:00:40Z,2026-09-21-35575635445
2026-08-31,9b0ab1c8aa5ac47cdad3faa095eef1fbd835da1a8624f3538e81afb3c14975dc,2026-09-21T08:00:40Z,2026-09-21-35575635445
2026-08-31,9b0bf87279757b456ba3c16cf9e60af7d6d06d46530e7db720f9ad8a7d1ce63c,2026-09-21T08:00:40Z,2026-09-21-35575635445
2026-08-31,9b20c9eb8397586c860f38be2acd12737356ff99bacb68ab77e1e88c5ba16bb1,2026-09-21T08:00:40Z,2026-09-21-35575635445
2026-08-31,9baa88e3fbbe6e4b640ff3c6d06199a68275ebac6f2d8e04746bb40082d49adb,2026-09-21T08:00:40Z,2026-09-21-35575635445
2026-08-31,9c5702c2310e3ab7f69ece2182785a6835b2bf62917f315cf880e39d01f6b6d7,2026-09-21T08:00:40Z,2026-09-21-35575635445
2026-08-31,9cab875a7c954596acf346d9208a43118f7859b2b776a680b083956109acee4e,2026-09-21T08:00:40Z,2026-09-21-35575635445
2026-08-31,9d0abe65fb20383e12a62a981035b692d2c728405c4ed554b93df631a73e519b,2026-09-21T08:00:40Z,2026-09-21-35575635445
2026-08-31,9d98de56187309e274bbef1ee3c7d65dce9c14fcfb7e8d15ae90a6ad686f6d2a,2026-09-21T08:00:40Z,2026-09-21-35575635445
2026-08-31,9db6e26ccece3af6e0bc0a44a6363d470cb09195a5261e584a2ede29b5594564,2026-09-21T08:00:40Z,2026-09-21-35575635445
2026-08-31,9ea31b14c13a29f6643af57b17ef9a0b55c0a1f999bd031f9159f8847fc21aaf,2026-09-21T08:00:40Z,2026-09-21-35575635445
2026-08-31,9edd3b6a00345fb2b85749c28b4a45dc1eedd350f667b2f4a33e4db72b85733d,2026-09-21T08:00:40Z,2026-09-21-35575635445
2026-08-31,9f2575927b73d719939fb97679c99a42ecbf4f4a02f658cd3c2b33bf60af7961,2026-09-21T08:00:40Z,2026-09-21-35575635445
2026-08-31,9f4cb64fe1f39e674f94108e39352662cd1b88218d4aeedf94535e483d3b75c6,2026-09-21T08:00:40Z,2026-09-21-35575635445
2026-08-31,9f542bc84326be07b4cd138c634c7b8869ff54bc7932ef6b20f9d34ea3d8ff0c,2026-09-21T08:00:40Z,2026-09-21-35575635445
2026-08-31,9f8cc4c337d0fef2adf1eb3a9fdbefece9423a647178be793c15da3d88dcdc05,2026-09-21T08:00:40Z,2026-09-21-35575635445
2026-08-31,9fb98a912f4e1493bbd99cb6888077a94bb571096fe40caf5deaf1cc69eebd20,2026-09-21T08:00:40Z,2026-09-21-35575635445
2026-08-31,9fd33a986c21000b1f0065c33a8bf81e7bbfb8a5e97b1d2dca9909f6ee7e9ccf,2026-09-21T08:00:40Z,2026-09-21-35575635445
2026-08-31,a0706cce1db75e5ee02ad513cad72b3531b0f4b3a3c87df73d16d95319624051,2026-09-21T08:00:40Z,2026-09-21-35575635445
2026-08-31,a075416bf27e987207f9ce1549de8ffd05165788cba549f390c095ad127c54ef,2026-09-21T08:00:40Z,2026-09-21-35575635445
2026-08-31,a07fe6e5a7a6c14a26ce5856b7f9a7392dd963269529a4c1bf6db7f1eed65ae6,2026-09-21T08:00:40Z,2026-09-21-35575635445
2026-08-31,a0befe9e0f544db3f1153ce0121487665a7a62b5a5439dc6f36c11618372d49c,2026-09-21T08:00:40Z,2026-09-21-35575635445
2026-08-31,a110e99c0fbc23efba4df6c335dfc1278b076968ffc96c498f314e4b7812ec61,2026-09-21T08:00:40Z,2026-09-21-35575635445
2026-08-31,a153fda139ee8377aa34184122420f1058a66870686ce45141836871f95c4f95,2026-09-21T08:00:40Z,2026-09-21-35575635445
2026-08-31,a194e0f193fba582b1117ccc62447b4bce3bec95e25662d18b0f7d76a64c2dee,2026-09-21T08:00:40Z,2026-09-21-35575635445
2026-08-31,a1c15f93590ae93ec0c28e0bb20402a1d34b6e628e47b1e7c2936e3dd84efce8,2026-09-21T08:00:40Z,2026-09-21-35575635445
2026-08-31,a1f29961d993ae32cab4b6bb47ae9de1995fc5dd9db1d9b6e49f6b6f75bccaae,2026-09-21T08:00:40Z,2026-09-21-35575635445
2026-08-31,a2179671f3544ae2e601891cdff669af211f0c24f9b46612a96464b1d2e2a922,2026-09-21T08:00:40Z,2026-09-21-35575635445
2026-08-31,a2c6d8b3d5acc86c7b2969736533d414d92ae945cbf6824bab3f461c51d8e769,2026-09-21T08:00:40Z,2026-09-21-35575635445
2026-08-31,a32212c84629db5b70a1e33c927d7ae4aa443ccd59a013f6f1b4a5eccf4be9d4,2026-09-21T08:00:40Z,2026-09-21-35575635445
2026-08-31,a4ed89b69702c47656ff7f5718401a6e541d255f3b6422508c419a259e45937c,2026-09-21T08:00:40Z,2026-09-21-35575635445
2026-08-31,a4ee09e2a63e136553dd94c92d0293436b716b36221bb9745dfd076c4d86d14f,2026-09-21T08:00:40Z,2026-09-21-35575635445
2026-08-31,a52dfe1a0ec7cc3a788c7593e24d6bdd7572d6a10e0bf0dd3e19afadaa4922fc,2026-09-21T08:00:40Z,2026-09-21-35575635445
2026-08-31,a572375f89e3664d30674839e442c1b14ae72fd03c298650d0da83fde59e6282,2026-09-21T08:00:40Z,2026-09-21-35575635445
2026-08-31,a65ab3243032124e23e2d6a9a0029d7d5509b701a6a922ed659214a124ed0eb8,2026-09-21T08:00:40Z,2026-09-21-35575635445
2026-08-31,a73d428207da5c5a888880d20bdcfa665792255c57719ee380d6979e273620cd,2026-09-21T08:00:40Z,2026-09-21-35575635445
2026-08-31,a747c08d082190231ddc16241ad377e746d8290781611ea7a5c7ac8baae1db4e,2026-09-21T08:00:40Z,2026-09-21-35575635445
2026-08-31,a756c31447d069d4e592d6f710da870e780e1a5d69a9367fdf7c4acba9bb6c55,2026-09-21T08:00:40Z,2026-09-21-35575635445
2026-08-31,a7bf61939df4512debdf5fad51a994f419e2e7df28604c09062144ddf6f49509,2026-09-21T08:00:40Z,2026-09-21-35575635445
2026-08-31,a80bc36fbfdde813c5fea875e0f91d02af4ce4aada66441dd411aa3660ae5ae9,2026-09-21T08:00:40Z,2026-09-21-35575635445
2026-08-31,a83515f7ed86da773ac8f1022980b559190cbbdfabd88b842c167c916e74f3ca,2026-09-21T08:00:40Z,2026-09-21-35575635445
2026-08-31,a8b15b117a747dc0ab2d77b892c6b8e5a861974022604c5c1d3cd30fb01b1ba8,2026-09-21T08:00:40Z,2026-09-21-35575635445
2026-08-31,a8c7dec3a0165145228ae62edb410501f5c49adff4870cb047d007845f2373cf,2026-09-21T08:00:40Z,2026-09-21-35575635445
2026-08-31,a8ec004916500a3f6e249608a460c45b3dc55648a0c56ca484d5cebf910ea5d8,2026-09-21T08:00:40Z,2026-09-21-35575635445
2026-08-31,a91c6af1fc3c30dc940491b37cd76780f8541b1e54faad42c2487c5fa70654c0,2026-09-21T08:00:40Z,2026-09-21-35575635445
2026-08-31,a92c1904f15e704e8bc27d5685c17f5a368adf445ea84cfd1d4c7f666c8194ad,2026-09-21T08:00:40Z,2026-09-21-35575635445
2026-08-31,a98afc3602a28bf4bb5ae3baedb9cdd1326b08a44ad20f197fc4c096edf591dd,2026-09-21T08:00:40Z,2026-09-21-35575635445
2026-08-31,a9985b72d118e1ea2a498ba8dba75aa2364c1a1937e7cd4970998dfb120cf9df,2026-09-21T08:00:40Z,2026-09-21-35575635445
2026-08-31,a99dad6b0caef74b19676d6e735d4408f1edd331637e2cad7196f6f3c6729529,2026-09-21T08:00:40Z,2026-09-21-35575635445
2026-08-31,a9e173503fefd148cf8f69012630e66abb79a5d22b4f8a236b6f9828b2b3fd89,2026-09-21T08:00:40Z,2026-09-21-35575635445
2026-08-31,a9eaa85f8caa8dfa12ad600d8bf38823e8f165ac03df02a37ba30b617d718d7e,2026-09-21T08:00:40Z,2026-09-21-35575635445
2026-08-31,aa2c270cba206b0ba1763cf985ebc012b6f6825dbbe6aeeb7348a0a6918d2865,2026-09-21T08:00:40Z,2026-09-21-35575635445
2026-08-31,aaafd04c354f8f7608c5f1a19b11ff65f3c4627b5d43d44a1dedda6c783cdb4a,2026-09-21T08:00:40Z,2026-09-21-35575635445
2026-08-31,aab2e4c1486cf456c5546752436b2074e293dd16d5c1646ea8118218b6584f13,2026-09-21T08:00:40Z,2026-09-21-35575635445
2026-08-31,aacd81192e3ecce20be9d839fc0772a1fb54b07c5f3fa2f099c2ce7cbf3cd997,2026-09-21T08:00:40Z,2026-09-21-35575635445
2026-08-31,aace540f8ce2967cd6f6f3662c3e9f4491279e9c98f5cc5dbd1e30b5af70065e,2026-09-21T08:00:40Z,2026-09-21-35575635445
2026-08-31,aba5b4b08338b7790c9da6d1152095303fd44945914e00eae7c90887e4ead5d1,2026-09-21T08:00:40Z,2026-09-21-35575635445
2026-08-31,ac2fa900764a3c6a8fefc94a4abc946c09846e2d52ce5153af069cf6730d133b,2026-09-21T08:00:40Z,2026-09-21-35575635445
2026-08-31,ac7f4c93cf3684ae4ca26622f4c4d1bb421dbb8ee70ae82f037648e36eedb9d1,2026-09-21T08:00:40Z,2026-09-21-35575635445
2026-08-31,ac973ea3570ccfe229eb973d0d347670af20a6426cfbcdf6408e13ef93a901a2,2026-09-21T08:00:40Z,2026-09-21-35575635445
2026-08-31,ad33286fc68f0ecfec84a90986331d7408a1998060bba17d88a6effc2b8747ab,2026-09-21T08:00:40Z,2026-09-21-35575635445
2026-08-31,adac945b5ea6cd6603069a310cc4ab43e101b427521d355c4ed62339a523fe7a,2026-09-21T08:00:40Z,2026-09-21-35575635445
2026-08-31,ae10d61bd28bcc1a35d848d86998633eb3991465f418632aaedbdd6004a323f5,2026-09-21T08:00:40Z,2026-09-21-35575635445
2026-08-31,aea38afef1abd9f91ec201222db20c8d7b5a1abc01b4372f9d03de2c979193bc,2026-09-21T08:00:40Z,2026-09-21-35575635445
2026-08-31,af016b4b6c1d2d029d3603b95ef6f4f81fa120af49e642767d7d09b2bac4a902,2026-09-21T08:00:40Z,2026-09-21-35575635445
2026-08-31,af826b8c3e000d6bd76d3e9c46cd7b7dd396cbf94b27daa5b1ebfcfff2af5ca2,2026-09-21T08:00:40Z,2026-09-21-35575635445
2026-08-31,afb28347ea5a3c295cd4c5e1329e94b39d21c9c836fc4eebe9ce12fc7ff9f420,2026-09-21T08:00:40Z,2026-09-21-35575635445
2026-08-31,b0312e2a2125d1f25f96a479cec4fe2ebd30c141f96a34f30a98679351f12089,2026-09-21T08:00:40Z,2026-09-21-35575635445
2026-08-31,b09e9d10b119018a67c7674950c87cbd22f53822f83a44c9bd934cf24d189c7b,2026-09-21T08:00:40Z,2026-09-21-35575635445
2026-08-31,b0c48572464e2e359d7525ae19c4dbf3737c0323869aa84a70361f9eecff66b3,2026-09-21T08:00:40Z,2026-09-21-35575635445
2026-08-31,b0ee95c047d69d4d287fa2d56c685327bff26b10f34d58341a365eb9b73e91e7,2026-09-21T08:00:40Z,2026-09-21-35575635445
2026-08-31,b1117d3927e015d7a765efb8bf751f3e42c9a1723ea0acc2fc89191ade9a9593,2026-09-21T08:00:40Z,2026-09-21-35575635445
2026-08-31,b16e7b1b3fb96487afb536d61b14fe4854743914d0318ba1d4cd93d39f114c3e,2026-09-21T08:00:40Z,2026-09-21-35575635445
2026-08-31,b1d96bfac16659aa7d793ebe9c970c14e09de7d11df06e91b43f69e28157a261,2026-09-21T08:00:40Z,2026-09-21-35575635445
2026-08-31,b22ed777fc82c59bfc9a4c60e83f6d99656c2dad06ec87f1e58cf0a7cf661370,2026-09-21T08:00:40Z,2026-09-21-35575635445
2026-08-31,b25cbd884eaa249f4eaad1bda0b03c15d7f97b06988ccf1726bcab94c7da891c,2026-09-21T08:00:40Z,2026-09-21-35575635445
2026-08-31,b28d9a8ef2b0ecce61cf0c218a3ff0eecc038f376cd4238244b9a5a422026499,2026-09-21T08:00:40Z,2026-09-21-35575635445
2026-08-31,b2968503622c8ee641d147caaec48e8c76f0acfc95451e587f6d1bc2edbb1b8b,2026-09-21T08:00:40Z,2026-09-21-35575635445
2026-08-31,b2a014e36cbdbbadc69de4456aedbdd57458c6ea59e0bf5bb47f8a2861a00cb8,2026-09-21T08:00:40Z,2026-09-21-35575635445
2026-08-31,b2c585ddc12032b895a8175c9576d348947c669ff7fb2c169578d5c195e77b0f,2026-09-21T08:00:40Z,2026-09-21-35575635445
2026-08-31,b2da0037065254f263f59fccbb10ef41f69f0f3cf72eec9b412f6e36aedba96c,2026-09-21T08:00:40Z,2026-09-21-35575635445
2026-08-31,b2e193d18fd1727f5b728a45d5664f08d35a8d3eef81eaf138f03bd493e0fcc3,2026-09-21T08:00:40Z,2026-09-21-35575635445
2026-08-31,b35794607c757dba29c52d817073776eb99987fd1460825d52097c8da607fa66,2026-09-21T08:00:40Z,2026-09-21-35575635445
2026-08-31,b3775e3c4d22750abf2de216bba63763e137e0cb6e80583166b3ebfda41747b8,2026-09-21T08:00:40Z,2026-09-21-35575635445
2026-08-31,b3d1440c102769bb37648787a3353f8987da5200e68b9555d3f2148f028dc376,2026-09-21T08:00:40Z,2026-09-21-35575635445
2026-08-31,b41a01f82fec5f8b075d0ea3472142972fc230477621aeb5b55b4719461d766f,2026-09-21T08:00:40Z,2026-09-21-35575635445
2026-08-31,b448d3c5722dbdaa80e638dd918960569039462c3f86a56a2462ea6c17295388,2026-09-21T08:00:40Z,2026-09-21-35575635445
2026-08-31,b4a5f0af19a0904dc0a31b9e12f531dc13587ff75098e4b94ace7f2ed3a978b0,2026-09-21T08:00:40Z,2026-09-21-35575635445
2026-08-31,b4e0541949f8e3b0732ef9b2cd64b8a62523da654c7776b474c287c026843557,2026-09-21T08:00:40Z,2026-09-21-35575635445
2026-08-31,b59b2f341b886884a11842795505bab991314412482eaec4e8f3c2275d0a76aa,2026-09-21T08:00:40Z,2026-09-21-35575635445
2026-08-31,b5f94ebdf728a56481051072aeb6cac4ac1e92810c76c5ba129b23301ab4fe82,2026-09-21T08:00:40Z,2026-09-21-35575635445
2026-08-31,b6349f50297a201515619b07d93544e5051a6e4c0806d556f667ad9f86407532,2026-09-21T08:00:40Z,2026-09-21-35575635445
2026-08-31,b672ee8508ce535f15b615ea592d7edd3477852d9d0f549c73289e2ddcc0de87,2026-09-21T08:00:40Z,2026-09-21-35575635445
2026-08-31,b6d525fac92939f1e4946a63f869e45a328d29ab4968b684c9ee40e61f48f797,2026-09-21T08:00:40Z,2026-09-21-35575635445
2026-08-31,b7138b8c3431312e9a71453c3a46f12a87b885ec736ff33e12930075ded35068,2026-09-21T08:00:40Z,2026-09-21-35575635445
2026-08-31,b80ea289cb08a74bc3f06356b132a0c98973f8894847de191defc8cb1be4fa06,2026-09-21T08:00:40Z,2026-09-21-35575635445
2026-08-31,b8596cb077fd3529c165edf725dc2607f7bbfec77c2459429926446c5314c9c6,2026-09-21T08:00:40Z,2026-09-21-35575635445
2026-08-31,b87471e0c6a481c3b3fe46835a27554a4d38a7748fa3a0ce382966d6b7c07da9,2026-09-21T08:00:40Z,2026-09-21-35575635445
2026-08-31,b8b94c7b6aa7ea821aba985d5f53a9e9e590280e0cc1061c8c9c359bc5d322a4,2026-09-21T08:00:40Z,2026-09-21-35575635445
2026-08-31,b9bf7ca6be854d9cd6771c440ff0725cd87cc82848bb58feca792a0233849ed9,2026-09-21T08:00:40Z,2026-09-21-35575635445
2026-08-31,ba480862a4e8fb1f2341aa57fd69c9cfbde575f63e60c7a1a6a400993d2a1bb4,2026-09-21T08:00:40Z,2026-09-21-35575635445
2026-08-31,baa3ad6b1b82023e7e910972dc731826accd338d889cdf3627b13baa204ae17c,2026-09-21T08:00:40Z,2026-09-21-35575635445
2026-08-31,bb35121bc5e53fb270baf01eb47355d25d03351a0eae87239d67fe40ea72fe59,2026-09-21T08:00:40Z,2026-09-21-35575635445
2026-08-31,bb420f9608c2633e7e46cc5b62eab0ed0f355e1724cdbe19679ed88d65efcc48,2026-09-21T08:00:40Z,2026-09-21-35575635445
2026-08-31,bb5f047e78a1cce3842d3dfeb80d4b2002bb6f1e8923dd82bf097c2720db699a,2026-09-21T08:00:40Z,2026-09-21-35575635445
2026-08-31,bb784ac7448379ef6a7a7a08b13601ab17bfd698659ab5c6f06ee5295e44b9b7,2026-09-21T08:00:40Z,2026-09-21-35575635445
2026-08-31,bcd0c5ea85f14d6a524c279148a6248ba4eaedfa93358a9514c5e7c104622725,2026-09-21T08:00:40Z,2026-09-21-35575635445
2026-08-31,bcf2ab32087e24bc6295439356d49184356d5f969efc2cc887e2e95acf6efabb,2026-09-21T08:00:40Z,2026-09-21-35575635445
2026-08-31,bd32655ebc27b4d734789a8b4f61372119f0fd1dec59dc47ea80ce72b6072e28,2026-09-21T08:00:40Z,2026-09-21-35575635445
2026-08-31,bdb01eeaf2888cba78c425fdf96ce5c50361f4711e9fd00d3949e44385f1736e,2026-09-21T08:00:40Z,2026-09-21-35575635445
2026-08-31,bdd2dcb3b64da4f1790aff5256736b9d7dc75c3f180583632a1f9e2068258fdd,2026-09-21T08:00:40Z,2026-09-21-35575635445
2026-08-31,bddd07c3f857bfe2331ba7a4dfbc6c5d0feb6112dc042b370f3022042eb60d81,2026-09-21T08:00:40Z,2026-09-21-35575635445
2026-08-31,be4ef6ac091711ebb7b73ba7a7cbe4697a7ee313cd1f207b4205b6ad40f9963c,2026-09-21T08:00:40Z,2026-09-21-35575635445
2026-08-31,c060cd1624a9d1b431d89a492733fdd75e98b335d72ba6ff872a723c89b7a1a3,2026-09-21T08:00:40Z,2026-09-21-35575635445
2026-08-31,c06b7aedd03a1235e54699a24d4c9e6aa38cd25b21326eca6e2063cb0cd60da0,2026-09-21T08:00:40Z,2026-09-21-35575635445
2026-08-31,c084f1dd4dc9f135ec20ce34686fd1b6f2799ce8684ca8ae9e37b24ca6757b0a,2026-09-21T08:00:40Z,2026-09-21-35575635445
2026-08-31,c0a9c946a7ae5511d1a2d38240480712dfffcea3fb1712de44d2df160c83bbce,2026-09-21T08:00:40Z,2026-09-21-35575635445
2026-08-31,c19a03d3994b62c2e22df7a13a596bf14dc3893afbbbc209c1438a1f176acd12,2026-09-21T08:00:40Z,2026-09-21-35575635445
2026-08-31,c1df2e38cb82819a0dc2f4fdc82c61f2e38b79a412189a082cb6ea023861c20b,2026-09-21T08:00:40Z,2026-09-21-35575635445
2026-08-31,c215eb08a544844914a9b52cd54350b9b988d083a71673f555bb754b0a7fe0d3,2026-09-21T08:00:40Z,2026-09-21-35575635445
2026-08-31,c216440c5bab547cced34c495b632987e88691c3d878e5a4d07729c2722f3e34,2026-09-21T08:00:40Z,2026-09-21-35575635445
2026-08-31,c2b419b419d60e10f4ba019b1647da859522f8de65b8340906e64e43b414fe04,2026-09-21T08:00:40Z,2026-09-21-35575635445
2026-08-31,c2eebc56f69b3b881f8c65b7f826daab09e70c13e1f4116a35400b5d30bf1a83,2026-09-21T08:00:40Z,2026-09-21-35575635445
2026-08-31,c31bc8187c40c07c092bc0d0ea21f24f16ddc9a1bc5f4f4428c995667f3247e3,2026-09-21T08:00:40Z,2026-09-21-35575635445
2026-08-31,c34d62963e3b71ddbac04cf47bc80dd74255eaaa6ae4a18f224ab6b7a0f51726,2026-09-21T08:00:40Z,2026-09-21-35575635445
2026-08-31,c3546cc58f6108178c437ea6b293069bc47e8f3823a8a348405baafaaff9ea80,2026-09-21T08:00:40Z,2026-09-21-35575635445
2026-08-31,c3720e55f3b277150fddd0512909819669de13acf000bf4c843e6f5dfddd5290,2026-09-21T08:00:40Z,2026-09-21-35575635445
2026-08-31,c38717a04b08615482b4137da0ae9b84dae504faf964b1c55ec11f8eebd14a62,2026-09-21T08:00:40Z,2026-09-21-35575635445
2026-08-31,c3ffae6236faa5377c5cca75b4a5b0bed8d234149fb7d2a9e8ac000b5a82276a,2026-09-21T08:00:40Z,2026-09-21-35575635445
2026-08-31,c44ea6856685f95fb793e23aa0969868ff99a386dda57d87d232042c5a842ee5,2026-09-21T08:00:40Z,2026-09-21-35575635445
2026-08-31,c4c0f8a92b063885eb604a19deb4d5451e7d51769a5926ed34a80ab5aeb2cb27,2026-09-21T08:00:40Z,2026-09-21-35575635445
2026-08-31,c507b95d17239984131d3897174306cc49e4bbcecac660a9e8b3b31f40dddf42,2026-09-21T08:00:40Z,2026-09-21-35575635445
2026-08-31,c5703006ae10051caafcb62a85bb2dd87eb61514017010d770c772318c051608,2026-09-21T08:00:40Z,2026-09-21-35575635445
2026-08-31,c5c2a2cc7d39cbb496210e342f86b2f55752fcd093f5e60daf1f9181aed29035,2026-09-21T08:00:40Z,2026-09-21-35575635445
2026-08-31,c61e4fb2a63cef4c148eb12851ee9076beebaaf72de7ef77159eabf6c3d6c12a,2026-09-21T08:00:40Z,2026-09-21-35575635445
2026-08-31,c65489726613c8c6bbc787b2561db3ee6dfe69c6da844b6411c063163744418e,2026-09-21T08:00:40Z,2026-09-21-35575635445
2026-08-31,c6b918d04fd6fb254dbcc27c6b6c2266ee6d6b266f7d0955f843e4f10bd1ddd3,2026-09-21T08:00:40Z,2026-09-21-35575635445
2026-08-31,c6c5d50a2b8c7303e155ca1ab045cbbc4eb836846a78862ab02cc59186db1942,2026-09-21T08:00:40Z,2026-09-21-35575635445
2026-08-31,c6e5304d2955119f8b915141b2fc74789267f14bbc54444fef695c04d84f54c0,2026-09-21T08:00:40Z,2026-09-21-35575635445
2026-08-31,c79be7894182f5b7bfb6bd22361ca8b0cdb87434ac634dc136d07d928714540d,2026-09-21T08:00:40Z,2026-09-21-35575635445
2026-08-31,c7e10062b63181cd3bb2265f303f4b882885c61ddd6963fb5abc555109303997,2026-09-21T08:00:40Z,2026-09-21-35575635445
2026-08-31,c825ada613bd5aea21db26d35eb68e91adb30c9e9c5a0c4c6a882750daf51e4f,2026-09-21T08:00:40Z,2026-09-21-35575635445
2026-08-31,c8468c0d887069e34da7fdd3f76dc8b4da591b718457f31e59c6e95562f7de27,2026-09-21T08:00:40Z,2026-09-21-35575635445
2026-08-31,c85c4e7e9254918e5193d1e7f7e5d4d90da40076f850a8b5029227b5bc32ea95,2026-09-21T08:00:40Z,2026-09-21-35575635445
2026-08-31,c8c5f8141911cda040ce08358cad150690ba025a7c807f57e6d0f0665a6d572e,2026-09-21T08:00:40Z,2026-09-21-35575635445
2026-08-31,c9136aeb4166a8e7093e195d2521bc02aa827ec796919efb0ac014b46aa50754,2026-09-21T08:00:40Z,2026-09-21-35575635445
2026-08-31,c923ab0adae6bbffb11c2a35d3a433a6672bfebde03841942cef49a92061cbdf,2026-09-21T08:00:40Z,2026-09-21-35575635445
2026-08-31,c994125912901cc381ad854f54410d2552d4176c72cc871f2b780148343a5d0c,2026-09-21T08:00:40Z,2026-09-21-35575635445
2026-08-31,c9c08fdd7a5d011ec16e4be46a253e3df97ae0d51ba3896d564f86c626501725,2026-09-21T08:00:40Z,2026-09-21-35575635445
2026-08-31,ca1757fe3749833aafe28477581c619ae43fa9779ebc48476061b56695744b4b,2026-09-21T08:00:40Z,2026-09-21-35575635445
2026-08-31,ca222624586416b0c8986d8e9227a511f3cb8172b445faa75c0fd06be2276f0e,2026-09-21T08:00:40Z,2026-09-21-35575635445
2026-08-31,ca2b9064607caa87ad9d47e76473de78e1a16fe1740fc0e0b2eb327d3f2a06bd,2026-09-21T08:00:40Z,2026-09-21-35575635445
2026-08-31,ca446615fadbfb9771e79f22aba5357bfe8346ab1540028155f8a2b0e87aafdb,2026-09-21T08:00:40Z,2026-09-21-35575635445
2026-08-31,ca609119446638df1d1c6bb8c2eceb6d38f11648801064ee05e8d0ff0190509d,2026-09-21T08:00:40Z,2026-09-21-35575635445
2026-08-31,ca7250373f79494532792eb4de32c94b08e872c4e1b03eea620994b9add914de,2026-09-21T08:00:40Z,2026-09-21-35575635445
2026-08-31,ca9f664b43fc6c1a45137f6fc4301f5c938ad61d46359cf3f2e3a04b2362d7c2,2026-09-21T08:00:40Z,2026-09-21-35575635445
2026-08-31,cadb2fe0c7eb4566b270d31ea86d6ae75e2a76d76d49d0fbe1bdab5d83ebf7a2,2026-09-21T08:00:40Z,2026-09-21-35575635445
2026-08-31,cadd82e619cdbdcb437899ff96157a36a75a1f7fe7c1c415b009db44f720a924,2026-09-21T08:00:40Z,2026-09-21-35575635445
2026-08-31,cb08c7c14b9c5c2630ae5d8e0aeae5647ccf1c2e0801896b04b7a81375e7c4f9,2026-09-21T08:00:40Z,2026-09-21-35575635445
2026-08-31,cbbc0c48c93aec2ddc53b9a67d5d4eeb22a7506c6710dc4337d6316c7a22ca58,2026-09-21T08:00:40Z,2026-09-21-35575635445
2026-08-31,cbe2eabad44d0eb733a2a8e1f1a6bf019857dbbb9f1b027121ab53f8d3ebb1d8,2026-09-21T08:00:40Z,2026-09-21-35575635445
2026-08-31,cbeb07ee6daab2a1823698fb44bee1bb1d472ac90f58c4e2635eeadb1aefd0aa,2026-09-21T08:00:40Z,2026-09-21-35575635445
2026-08-31,cc037632cfa3ef42be5b2dd89d35a0c50486b5a2d2139325ca3c41839f3cc695,2026-09-21T08:00:40Z,2026-09-21-35575635445
2026-08-31,cd94dda13d3bc8f769071958ebc9da78438da82a506412b525060238d2897ef6,2026-09-21T08:00:40Z,2026-09-21-35575635445
2026-08-31,cda6e4f1864440b0e75d2477cdd2cd56d2672a385651c197ecd319b603059248,2026-09-21T08:00:40Z,2026-09-21-35575635445
2026-08-31,cdc2503ef36e74f459a6c07446e88b5ea408beb79e88d497c582e904dba09c71,2026-09-21T08:00:40Z,2026-09-21-35575635445
2026-08-31,ce4b149fe2f4269c62329c6145aaaa6ab4265e067edd7af875c3efc8fd5e40c2,2026-09-21T08:00:40Z,2026-09-21-35575635445
2026-08-31,ce8c373b31c81dd844c9ba43e38ac7d79ea4903f2a814438ee50d33bf69d8034,2026-09-21T08:00:40Z,2026-09-21-35575635445
2026-08-31,ce94c8bf566b2fecbc12476793ff0e4eda205bf535af048f2822b88a077615e4,2026-09-21T08:00:40Z,2026-09-21-35575635445
2026-08-31,cf2e64959e1ff33f6e49dbee05d365dd25c4d2ba34154cc9d1b01b4aa543ff65,2026-09-21T08:00:40Z,2026-09-21-35575635445
2026-08-31,d043b4046abf677695dfd4f75f8545a511d3e15c849874f5f279c852ce94316d,2026-09-21T08:00:40Z,2026-09-21-35575635445
2026-08-31,d09386882f1113df6eac86bfe39d2bdd665bf4ba50c7c643560c6f941019e11c,2026-09-21T08:00:40Z,2026-09-21-35575635445
2026-08-31,d12d91e1315af841fcaf49b4ca4d3d53c610042440cdd854bef1b827d533db61,2026-09-21T08:00:40Z,2026-09-21-35575635445
2026-08-31,d1ecfe96e02aa1a57692f6afadfcfc7abf5729b73182502e522e451615fe4f96,2026-09-21T08:00:40Z,2026-09-21-35575635445
2026-08-31,d233930215771c1bb1b846c2feda8454bc0fb0c8c89dc6b774a983228f1f4e6c,2026-09-21T08:00:40Z,2026-09-21-35575635445
2026-08-31,d2346ceb59940d0909b8178a37d4ece4caacecfa1cd43e0e0c9eac96f7b983aa,2026-09-21T08:00:40Z,2026-09-21-35575635445
2026-08-31,d25e365f3f852ee81951dc8fb48792d83c2486bbd2922110eb470aad9e70df84,2026-09-21T08:00:40Z,2026-09-21-35575635445
2026-08-31,d295ff5b0dbbcc5d22733500bb44f2c913ba7a4441784617baab59ffca469fe7,2026-09-21T08:00:40Z,2026-09-21-35575635445
2026-08-31,d2ac1f4be51e6e73467f13e3a921633beafa44c8874a835c40f5f24dc5804a50,2026-09-21T08:00:40Z,2026-09-21-35575635445
2026-08-31,d2d700fd6610a1f5dfb505a38b8569880ed18bfbbeb1b0943b3a3887a0c4d378,2026-09-21T08:00:40Z,2026-09-21-35575635445
2026-08-31,d2e80cce1ae5925abd352d9a1c760573faa16f1aecfffd4dbbd2281fba1eae44,2026-09-21T08:00:40Z,2026-09-21-35575635445
2026-08-31,d313ace9d7151ef5f24c1f08ef0c4020ab24cd3944c664dc6a03207e98415010,2026-09-21T08:00:40Z,2026-09-21-35575635445
2026-08-31,d3522be29c0d9910c8f7b707d76393eaf8385155f5998b41777b9c738cf0b7e1,2026-09-21T08:00:40Z,2026-09-21-35575635445
2026-08-31,d38a7d95748793d95c4c822f4b2e9c627d1ed7f730ee5375cd80ff12eaf71866,2026-09-21T08:00:40Z,2026-09-21-35575635445
2026-08-31,d4805cb606301aee6f8ef6a802e9840a3ffd342c78feaa8548de98adc34fef65,2026-09-21T08:00:40Z,2026-09-21-35575635445
2026-08-31,d48e7c29fd0e59cccbf0e2a98547bd8f4f2caa71f2cc5e3c57108f7739cf68ae,2026-09-21T08:00:40Z,2026-09-21-35575635445
2026-08-31,d496bb3b247ed95670a1f5f38dd09e3a6a0c0842582aa9d22194f4c485229d5d,2026-09-21T08:00:40Z,2026-09-21-35575635445
2026-08-31,d4c96e1f806157bc403902a2140b71811a167914cb728d91d540849b179b582c,2026-09-21T08:00:40Z,2026-09-21-35575635445
2026-08-31,d4dd7b413e5f9cc287402d5716c99204586638453fe5333b9b25e2caed7941a6,2026-09-21T08:00:40Z,2026-09-21-35575635445
2026-08-31,d504f8ca0461d4adf0ded8d6be3b4f4a3bde3cf76995cac042282cae86638540,2026-09-21T08:00:40Z,2026-09-21-35575635445
2026-08-31,d5057304d71e6773487002decad23e4f37ffbdb142a454d3e795bf8c0b827532,2026-09-21T08:00:40Z,2026-09-21-35575635445
2026-08-31,d5f95dec4842c4995d1588e416b14edc572a164c0be90ec1c3a78cc1fa807e43,2026-09-21T08:00:40Z,2026-09-21-35575635445
2026-08-31,d616eb3e6d8076733b6e6c061ef119f507f76c3a751affb92e1f227793d894be,2026-09-21T08:00:40Z,2026-09-21-35575635445
2026-08-31,d6339b7dc7aa1eb186ead7dc57355265d0e116f9c41c84c82fffd89e0e0fe9da,2026-09-21T08:00:40Z,2026-09-21-35575635445
2026-08-31,d6936b903812c1ac4225b09644a2b139f1b82b1f87a94feffaeea468cf5bc40e,2026-09-21T08:00:40Z,2026-09-21-35575635445
2026-08-31,d69822e7e84150f92743a2e1921ba8bb2018c76d9eaef20ebb7e3518e5f32a40,2026-09-21T08:00:40Z,2026-09-21-35575635445
2026-08-31,d6e3214e0678ca978dc3e8489d1c3666ff0f17cd3ebd93efedc6704c630b65a1,2026-09-21T08:00:40Z,2026-09-21-35575635445
2026-08-31,d7258e61e3fbb75b41528912b1cd534cbe3ad3abab0b99d76ebc6d7c6bb55f77,2026-09-21T08:00:40Z,2026-09-21-35575635445
2026-08-31,d73b7ee17123993192e4a52724d0afb906c115fb11f7baa37ab59e53f86273dd,2026-09-21T08:00:40Z,2026-09-21-35575635445
2026-08-31,d7a1ea75eece0ec90dffd4ad6b271cdeece841745a65a8e4a1703cc10da421db,2026-09-21T08:00:40Z,2026-09-21-35575635445
2026-08-31,d7c7d2d3a685e3671ba08bfe9fc5ddc37e9076a3e98123cd28062a4f7694abf4,2026-09-21T08:00:40Z,2026-09-21-35575635445
2026-08-31,d7e0437a37de7879744034a045e7d19417a965ab8f60c16ada556c29529e132b,2026-09-21T08:00:40Z,2026-09-21-35575635445
2026-08-31,d84a9726b089155594abfc6b0a7bd97f954c505f47eea7146f4051c0f05ecf14,2026-09-21T08:00:40Z,2026-09-21-35575635445
2026-08-31,d874a98ea6818d45664b718e6b1ce8dcd5bbd6cb8286940db2f3014b30d6c5f7,2026-09-21T08:00:40Z,2026-09-21-35575635445
2026-08-31,d8e2ef853c77d12ad20378d12709695efa93c0a7ef734c0cd6d65d3e97419d91,2026-09-21T08:00:40Z,2026-09-21-35575635445
2026-08-31,d928bc05160c5afe09c5dfdcf8cb0bf1294751ac793e03af047ef35fbc4dc683,2026-09-21T08:00:40Z,2026-09-21-35575635445
2026-08-31,da06ba7bbf12dfc85f5cbe42e2c47d55aeb3092f9c5fa9c0d8ad97e95ca12b7d,2026-09-21T08:00:40Z,2026-09-21-35575635445
2026-08-31,da0b9315ebc673b7163964002c690af90f6e0eac01289825c6e3a1ba784aaf4a,2026-09-21T08:00:40Z,2026-09-21-35575635445
2026-08-31,da8bb5c60c42936443616e1a42c54010f75027e398d2fd90649d4915269d0524,2026-09-21T08:00:40Z,2026-09-21-35575635445
2026-08-31,da8c9b18521c9ea0af643cb034220047304526bd6d1ea333c7a627d6d4193dbc,2026-09-21T08:00:40Z,2026-09-21-35575635445
2026-08-31,da9a33f233294ee082cd2fbf1edcf075b9f3eed248e7e95597babc5f335286df,2026-09-21T08:00:40Z,2026-09-21-35575635445
2026-08-31,daa71aacfde33fa34c7aad4ffb86732ca13d5b9027be0c6c5194b21c6e394821,2026-09-21T08:00:40Z,2026-09-21-35575635445
2026-08-31,dace21706290af18d8d4b9465102e5e8cd17ceec03ad85c2eb31fcc9147b5996,2026-09-21T08:00:40Z,2026-09-21-35575635445
2026-08-31,db7041eaed58a31a2094aa8e4e4e845b08ebc0faaa5f801e15ef524b2cb4d349,2026-09-21T08:00:40Z,2026-09-21-35575635445
2026-08-31,db8733af8e817ef6a381523c26a63bdad34b8d5e6d180fcc5db85e3017346af4,2026-09-21T08:00:40Z,2026-09-21-35575635445
2026-08-31,db8a560a267ad1c72df2b35e2646d4e35d71d480078d83c8451bafe299444a31,2026-09-21T08:00:40Z,2026-09-21-35575635445
2026-08-31,db98c419be9a394efa96b63013aa5ec6daa1f71945a170aa251b4522c7cadb4f,2026-09-21T08:00:40Z,2026-09-21-35575635445
2026-08-31,dc72c399cac50e08c2fa0df20a016443d3880b3e563e5d2f5b2e549584f9ec01,2026-09-21T08:00:40Z,2026-09-21-35575635445
2026-08-31,dc9fd392780a8c8c633371856723630475ee6f49e122d8a685a652da2d9290ab,2026-09-21T08:00:40Z,2026-09-21-35575635445
2026-08-31,dcade556a00339c7816e7ed1705d44fb9f0588005a9029f073a71c9273141b3b,2026-09-21T08:00:40Z,2026-09-21-35575635445
2026-08-31,dcda9fe29db77d54f63a670b80e43273e9a5590520d461979765827ffea19b34,2026-09-21T08:00:40Z,2026-09-21-35575635445
2026-08-31,dd956874dd61a2cabaee0ba052d63f509379679c02c3870fce29c74f7eaebb55,2026-09-21T08:00:40Z,2026-09-21-35575635445
2026-08-31,ddc67c150f6bdd14ae1ba73a5a39154ece57a8c1b083e39f351adfea4cd6857e,2026-09-21T08:00:40Z,2026-09-21-35575635445
2026-08-31,de0fb5022dd63bb69ff1a2a15a057afe2132183d5c06dde224424f0612a7fd08,2026-09-21T08:00:40Z,2026-09-21-35575635445
2026-08-31,de1917aea06e82692ad19c9f89bf70bc93428478ce49154ddc0d114f2cf4cc30,2026-09-21T08:00:40Z,2026-09-21-35575635445
2026-08-31,df166ddeda04a0daa46dcb130be738314101ed4670f958a021d1ac6ce6956bb8,2026-09-21T08:00:40Z,2026-09-21-35575635445
2026-08-31,df726f30da144bc6ddb5aae7b39d975ef7fe4b7e8f599d92a1960949fc467a23,2026-09-21T08:00:40Z,2026-09-21-35575635445
2026-08-31,dfd060eb4c83cb94d8e785cb5fa2b3ba14fe857c9dbd0340b614ef8a36afa81d,2026-09-21T08:00:40Z,2026-09-21-35575635445
2026-08-31,e07640bdbaa23f201332518e95338b8a3a54d9b241c5b406b1f036d5edb30a08,2026-09-21T08:00:40Z,2026-09-21-35575635445
2026-08-31,e0981a75928361d842d153351867fc6d619a82192dbd7eb33308a4bc38b6097d,2026-09-21T08:00:40Z,2026-09-21-35575635445
2026-08-31,e0b928fbd0575e6e44092d89e2c17e38d35b6d706d47c3dc2b39df24bf067105,2026-09-21T08:00:40Z,2026-09-21-35575635445
2026-08-31,e10d1c2b05f71cfcec4045b1c63ae821ea656ff63ce0383fe07593b4b414b345,2026-09-21T08:00:40Z,2026-09-21-35575635445
2026-08-31,e163cdeaa0cf77787921a995960b6ce51a8ff0711cd27f65b5586c1bcf020d01,2026-09-21T08:00:40Z,2026-09-21-35575635445
2026-08-31,e1731ebdab00c7105b821cf9070524e8d79b822e3b044655750a38f410ad2f4e,2026-09-21T08:00:40Z,2026-09-21-35575635445
2026-08-31,e1861ca830f13e8fd2c7faaa5d5186d4a2d265f6e81ab21576b5a818a2c3d727,2026-09-21T08:00:40Z,2026-09-21-35575635445
2026-08-31,e1897790564eb8492fea2126e25449def1c3cd15ee8352aea20debf5d2aaaaac,2026-09-21T08:00:40Z,2026-09-21-35575635445
2026-08-31,e18b18bd3dc153b9da1faa73e5adc8aeba4e01c5fbd02555d347b8c48ae805ca,2026-09-21T08:00:40Z,2026-09-21-35575635445
2026-08-31,e1f143d498b6c588e5e5075e6a9ec02f6eb464985c28ae0ed019dde49c2b37b8,2026-09-21T08:00:40Z,2026-09-21-35575635445
2026-08-31,e2091156e49afa5f251ead68217161192d3453b231a60f22942b5a1e39af72cf,2026-09-21T08:00:40Z,2026-09-21-35575635445
2026-08-31,e23e04c891c305d794e0beca89e18f076b906ef0297caea34a437dd9636356b1,2026-09-21T08:00:40Z,2026-09-21-35575635445
2026-08-31,e29aa61a472698237fa9374c0766f8821409766bfbb2124a7b2b520a0a37306d,2026-09-21T08:00:40Z,2026-09-21-35575635445
2026-08-31,e306105b516536e1dec5f14d539b92f9a8696834c642d997225c3aa9a88ffc70,2026-09-21T08:00:40Z,2026-09-21-35575635445
2026-08-31,e31f857b6646a481252eb7f9e385c301230f764a14dcd545153a92c280d1f064,2026-09-21T08:00:40Z,2026-09-21-35575635445
2026-08-31,e3b7bdeae81752e05ef2f4845962f2190973b725013ccee17be57a73b7790183,2026-09-21T08:00:40Z,2026-09-21-35575635445
2026-08-31,e40f8cad359ac000376d6aac869126c2e9cc723e61fe2d04898b68f3943bae0b,2026-09-21T08:00:40Z,2026-09-21-35575635445
2026-08-31,e41449e33563840688df05b1f7eda03dd57dc147a7222713c0baa557adb4104f,2026-09-21T08:00:40Z,2026-09-21-35575635445
2026-08-31,e4a6d8a16809495b430269c103f0a60d94c2de5564c3cd85e3285005f2f163b3,2026-09-21T08:00:40Z,2026-09-21-35575635445
2026-08-31,e4e1b9ad0a84f99e2658de07bf628aca19df7d1b8c466ca3d54c8e34fe9fe243,2026-09-21T08:00:40Z,2026-09-21-35575635445
2026-08-31,e50a55287b25593a25467f95c004fed156ee07e961c5856defe4733d37dfebab,2026-09-21T08:00:40Z,2026-09-21-35575635445
2026-08-31,e517a189cbbba5b26b6d775c3164ae23f5408539c7c5d1c040cbff434d69e08f,2026-09-21T08:00:40Z,2026-09-21-35575635445
2026-08-31,e53271ab95796a4b02a4ffbe8b6b319accd044fe74f0d5a14f9acf0752e67a81,2026-09-21T08:00:40Z,2026-09-21-35575635445
2026-08-31,e544775507493a64e422a5632b42fd713098a370d95e21ca6c22d55a195ea3f4,2026-09-21T08:00:40Z,2026-09-21-35575635445
2026-08-31,e56b9903df897dd84f0c6399b93b8505b463e3f8c933500471ebc40505c48827,2026-09-21T08:00:40Z,2026-09-21-35575635445
2026-08-31,e585719b14f438f4e5ad951e0646c091cb78dded2cf8934113a48fddc805a23b,2026-09-21T08:00:40Z,2026-09-21-35575635445
2026-08-31,e5b2991236060a2737d7c5c830f8dc26648e5431d2f0c12c2cea9a55d400a82c,2026-09-21T08:00:40Z,2026-09-21-35575635445
2026-08-31,e5f1f367f56b06abbd878d2171a5e6142803d46a1162b4ff46c3c23671afb9ac,2026-09-21T08:00:40Z,2026-09-21-35575635445
2026-08-31,e699227a1ea82678c989e94e7d9b4658b26c66d21717ffab8562965a0c485b06,2026-09-21T08:00:40Z,2026-09-21-35575635445
2026-08-31,e78f8251d4a32cb4182726e26c27313d56c658776671f70e90ce83171e25e6b2,2026-09-21T08:00:40Z,2026-09-21-35575635445
2026-08-31,e7d44ea9c2f4c66411227c26de994c23631b545f2c6e0e4348c8d1fb2f58f478,2026-09-21T08:00:40Z,2026-09-21-35575635445
2026-08-31,e7d493ab0c9985646536c8b3d730220c712dfc3de423f289d1d7fbb700c73130,2026-09-21T08:00:40Z,2026-09-21-35575635445
2026-08-31,e7f1c48947c8900b9ad49aff233206c7d5dfcc666d9b670e8fd0550c12fa31a1,2026-09-21T08:00:40Z,2026-09-21-35575635445
2026-08-31,e8f708177354de879b235861354b2f5c970033d68541ea249a9e43f46ae4cb67,2026-09-21T08:00:40Z,2026-09-21-35575635445
2026-08-31,e90407c23bc95a3e5bfc413a6c5c7d2072bb87e6ed37c6143bd69520ea4171f0,2026-09-21T08:00:40Z,2026-09-21-35575635445
2026-08-31,e9c94c3dc352bfede71a5d67a34790b18da640cc5280e451110161b999c71c58,2026-09-21T08:00:40Z,2026-09-21-35575635445
2026-08-31,ea4b3d00794784e95a8f4d1b9bb298ef95963aa585825fe8e0643219f10725b3,2026-09-21T08:00:40Z,2026-09-21-35575635445
2026-08-31,ea6665680d6c84f6b26bc920fe35769983b2d4cd532fe9ba0c5952b25f9ee41f,2026-09-21T08:00:40Z,2026-09-21-35575635445
2026-08-31,eb7fa436af8e5c38d6bc599cc5198fc72d0206bde7f5c79b2df0d3f174934270,2026-09-21T08:00:40Z,2026-09-21-35575635445
2026-08-31,eba0fc2d7b613e0ee96ccde54eca739cb327f3000526fd1ad89664226da52710,2026-09-21T08:00:40Z,2026-09-21-35575635445
2026-08-31,ebdacfeb18c96c28e4254e1fa742a6893fce364ee1bf2c9d668fb9448a640c34,2026-09-21T08:00:40Z,2026-09-21-35575635445
2026-08-31,ec7839affdc5e6633ebbcbde3a7dcafc64d231610f7c6106aacbcb66b894d24f,2026-09-21T08:00:40Z,2026-09-21-35575635445
2026-08-31,ec78b1e7fdf1bf6e92f10288c6c229b6982126bbff9ccc19e3e95ac0907b9353,2026-09-21T08:00:40Z,2026-09-21-35575635445
2026-08-31,ec9a5d8a79c2b1d591fff53d7096c9cf7b430ca6f396a9e15008b1b99223ffda,2026-09-21T08:00:40Z,2026-09-21-35575635445
2026-08-31,ecf539819b11ab05ef21833e66cacecfe68cd14e797901ea1ada0d7b5c4bab29,2026-09-21T08:00:40Z,2026-09-21-35575635445
2026-08-31,ed068af9b2e6272828d4d5d9714fff520b6cdef508b2992526a7ce36eebe5843,2026-09-21T08:00:40Z,2026-09-21-35575635445
2026-08-31,ed11041df20a8fd0c3ae6d2de0ec74c9809ba5705ee61757377aa7ec2a581276,2026-09-21T08:00:40Z,2026-09-21-35575635445
2026-08-31,ed66ef0364dad70fc41069ad8c8e755c7bfd06b140d2c3605d9f87a347a2d585,2026-09-21T08:00:40Z,2026-09-21-35575635445
2026-08-31,edba373f446f964e79cdda971fa497649002a25a28d49824fc9244f776008977,2026-09-21T08:00:40Z,2026-09-21-35575635445
2026-08-31,edeacbba6eef6df21a174638e5991f9696b895d9dcec706339eb59859c1be581,2026-09-21T08:00:40Z,2026-09-21-35575635445
2026-08-31,ee366a32220ffa1439b5270510cda441b5a77911affeceae5ce3230e0583899c,2026-09-21T08:00:40Z,2026-09-21-35575635445
2026-08-31,ee4cc2f82a0fccbefc450cede43edae63bd321b402ac97e28bf936b98105783d,2026-09-21T08:00:40Z,2026-09-21-35575635445
2026-08-31,ee8ce0e14b08565ff9d4d81a4b96735730c50ee93fd0b9a6dd7252e0210484d0,2026-09-21T08:00:40Z,2026-09-21-35575635445
2026-08-31,ee95e79f4bbf9f361d0cb233dcc35b225b96655c41360a86dc2ad05902951142,2026-09-21T08:00:40Z,2026-09-21-35575635445
2026-08-31,ef239eabb522c2245f9a8efbc741440b4e6b9d6a08a32af615f2c74aa3b7a60f,2026-09-21T08:00:40Z,2026-09-21-35575635445
2026-08-31,ef42138f45e6973a2d8277211028d758d8bf783820008a23aeff77b90e6512c0,2026-09-21T08:00:40Z,2026-09-21-35575635445
2026-08-31,f03020d05f05dacbba48fbd517fabfeb4664b0c91c0f97742f8634e9316b2631,2026-09-21T08:00:40Z,2026-09-21-35575635445
2026-08-31,f05831ff93cc84abedfb18f45657c9c80a7bdc73514b5849d5ba9b515f98562f,2026-09-21T08:00:40Z,2026-09-21-35575635445
2026-08-31,f0954e0d30694657dd59d91617bffbe83a1db6c2f1152058c6eb12acba382287,2026-09-21T08:00:40Z,2026-09-21-35575635445
2026-08-31,f0a9a78ecb9ae2bad31e9ea96d75cf2f2f7d3a943c58e2efc9d64d8a33304d46,2026-09-21T08:00:40Z,2026-09-21-35575635445
2026-08-31,f0dbc2bcf882f9ad17337cdd23081cfaf597ce9e8007fba8705a9cdf6d303415,2026-09-21T08:00:40Z,2026-09-21-35575635445
2026-08-31,f17f1bac58de20b239324df3e48227154a3a8c3b3c51efcc70adcf7b82c56bfa,2026-09-21T08:00:40Z,2026-09-21-35575635445
2026-08-31,f2bf18ba523551c4a84e67a47e7964df533061151cd7ec2a70c0b6f5cb2bcb60,2026-09-21T08:00:40Z,2026-09-21-35575635445
2026-08-31,f2cfb4aa41ecb5971c17c053794e0f66685c27161bc46d8c1a511941f8ac1107,2026-09-21T08:00:40Z,2026-09-21-35575635445
2026-08-31,f351e33208c4e167e33f43758d326dce0d69fff6e81d2a1a2505d81f94ba741e,2026-09-21T08:00:40Z,2026-09-21-35575635445
2026-08-31,f36ad05f6869c240ad792f1dc9e560e875684018beb42a64e6840f45bb2e2e80,2026-09-21T08:00:40Z,2026-09-21-35575635445
2026-08-31,f42007628d279d7de6cb2a405028d25206eedfb3705390fa580a3d197a13cb15,2026-09-21T08:00:40Z,2026-09-21-35575635445
2026-08-31,f42cbbffe79f3706b8c21bdfc3c302f1e7e579cfff3501a08457eb46153846ef,2026-09-21T08:00:40Z,2026-09-21-35575635445
2026-08-31,f4cd6d1e5351eb4ed0568d8171b8e3c6e7e82eb732ad96ef71561b739f265b5b,2026-09-21T08:00:40Z,2026-09-21-35575635445
2026-08-31,f4f0f41c206f735a024b5022a212732c50b795cf122c7b657522f76afc2288b2,2026-09-21T08:00:40Z,2026-09-21-35575635445
2026-08-31,f50cd5d3af1e83743f7f244a167b744947ea05a154669b38e424c24e11a2fc02,2026-09-21T08:00:40Z,2026-09-21-35575635445
2026-08-31,f5257b9f88dd7c86e412ee3829b438f0a0acde073bfa8188e19decf54de3a9a0,2026-09-21T08:00:40Z,2026-09-21-35575635445
2026-08-31,f59e145745aa84cd46c83bdc59f6d0035102489a48ba5562e3aae9384eb6a5ce,2026-09-21T08:00:40Z,2026-09-21-35575635445
2026-08-31,f61f0b869cb1bd7b67c1e325cb31ae5d14b30673bbf774be44fcbd0c73f3a485,2026-09-21T08:00:40Z,2026-09-21-35575635445
2026-08-31,f70665c1fa00f39cc0461198a5d44d1118b5f575c8033d2c06195d7218d32451,2026-09-21T08:00:40Z,2026-09-21-35575635445
2026-08-31,f74cc13e5b23bdb0858c068f11e323b574f5cda9dd59cd23a95228e442dee598,2026-09-21T08:00:40Z,2026-09-21-35575635445
2026-08-31,f794629e9a4cce0b287bdd26a48623f39e5e8b2b0b88a6c1a174c2845c8451bb,2026-09-21T08:00:40Z,2026-09-21-35575635445
2026-08-31,f80795cb8e534be7ad096ba6f8857b65abb8619ffa852235fb03159db64383dd,2026-09-21T08:00:40Z,2026-09-21-35575635445
2026-08-31,f810dc87d0bbeba23899eac3d30b636a8a2bac8e837ab7b6df6c255d07e5d732,2026-09-21T08:00:40Z,2026-09-21-35575635445
2026-08-31,f82cd7db10bceeaf394b12ac3cc6f64f3549348bf9dab5a174699ac6e9e3ed87,2026-09-21T08:00:40Z,2026-09-21-35575635445
2026-08-31,f85d4552ee6c3b0f41a6723a89600344c76e688253437d963c826a93336186ff,2026-09-21T08:00:40Z,2026-09-21-35575635445
2026-08-31,f85dc6eec633a33cd7be743335458f89f7e063b625682132f768fb2183a23c6a,2026-09-21T08:00:40Z,2026-09-21-35575635445
2026-08-31,f8622f62970baea8330f7eebc4f34e08c59f3b5009866f276161c073a5da5d8e,2026-09-21T08:00:40Z,2026-09-21-35575635445
2026-08-31,f863ae177b7211f3dea00fcb1aa23c1432aadfacb3966c4c41b08493d0126033,2026-09-21T08:00:40Z,2026-09-21-35575635445
2026-08-31,f8a713ac0129404bb5c7aabc1515828d19227925ec2f7dfdc3eb0505070be011,2026-09-21T08:00:40Z,2026-09-21-35575635445
2026-08-31,f8c142aecadb4aa03a21d15fec597d1ec5e5ecef63567ebbc5a44d75b936d166,2026-09-21T08:00:40Z,2026-09-21-35575635445
2026-08-31,f8e49718c96f2c5108c72a6e80dceaadd73d9d324c18968f9c3548e318e35d86,2026-09-21T08:00:40Z,2026-09-21-35575635445
2026-08-31,f9253d6cf7e96bdad0a105f30e2eea794601df37a8e7ed2ea45475952f5c6761,2026-09-21T08:00:40Z,2026-09-21-35575635445
2026-08-31,f99e3a72d751d191359fa57d79eece8299a77a81393d408b8ecbf4f1f29e6b40,2026-09-21T08:00:40Z,2026-09-21-35575635445
2026-08-31,f9bdcb8ad5261d5bda506fa0e8ef7efcbb9f83ce1dbd325fa7a77f47ce2040ec,2026-09-21T08:00:40Z,2026-09-21-35575635445
2026-08-31,faa938d12ed31e3566ee88728894e26e1a74236c7ac77d60984bcfd42d1d2746,2026-09-21T08:00:40Z,2026-09-21-35575635445
2026-08-31,fb2586f7c578f7878c744a3b4e832007e355aa28356aca61454bc5c59013ac54,2026-09-21T08:00:40Z,2026-09-21-35575635445
2026-08-31,fb2dbf4eb1ce1ce844eb0267bba9233d84583f23aa0eb61df7754d6cc0466f66,2026-09-21T08:00:40Z,2026-09-21-35575635445
2026-08-31,fb36a3bb58c22b064b05538a1910fc3e90fb1b23ce50710503708e6dfb06e489,2026-09-21T08:00:40Z,2026-09-21-35575635445
2026-08-31,fb64b34f4eb3b96f2eb773ec2ab9bb26775ef553079a6c61904203fe7ab9130a,2026-09-21T08:00:40Z,2026-09-21-35575635445
2026-08-31,fc513643c842ffed5769344f632889b7b6b297fcacc012326f10ee54e1f6e655,2026-09-21T08:00:40Z,2026-09-21-35575635445
2026-08-31,fca68d00624376c600273832f4fecde55a2bab262a91df7403173b74187cc36f,2026-09-21T08:00:40Z,2026-09-21-35575635445
2026-08-31,fcd00165d9b7cb7f273137b1f558b4b12f0d0bc758d66f7c94363ca0dfe4455b,2026-09-21T08:00:40Z,2026-09-21-35575635445
2026-08-31,fda3702a5d6af2f00cac517552a9ed11b68a064582b1178d004336d36ad3a56a,2026-09-21T08:00:40Z,2026-09-21-35575635445
2026-08-31,fdb9eb06283ee9d32197d1444a854e2e8de32fd04948a77082657f0f843f6316,2026-09-21T08:00:40Z,2026-09-21-35575635445
2026-08-31,fdc7cac9dc6660bef7ef1b4b3f152b3b4b961c74d7c42181db11de123cd094f4,2026-09-21T08:00:40Z,2026-09-21-35575635445
2026-08-31,fe8dcabd05001cecbd6217a2f1e8652b4bc8fb83183f83eafea2c2e53059c9f5,2026-09-21T08:00:40Z,2026-09-21-35575635445
2026-08-31,fed946f82647b7dce25565da06d0a5ae47c7d22754cb27c1053ed2a0d69a57f4,2026-09-21T08:00:40Z,2026-09-21-35575635445
2026-08-31,ff0b7aec255d8668c2e82572d7788ddbca8273461cca47ecdad8a7adf86ccd66,2026-09-21T08:00:40Z,2026-09-21-35575635445
2026-08-31,ff362ced78edf84cb1b44bad8e50fdb00d426adf673600c40bb37622854818df,2026-09-21T08:00:40Z,2026-09-21-35575635445
2026-08-31,ff3aec134765b4744d64056f3c10c34fa760268e6cdeb3d38e6078e3bbf21f0d,2026-09-21T08:00:40Z,2026-09-21-35575635445
2026-08-31,ffc1734f63dc119fd6a9df11fbc54243a07219d68bc2d81562a5adcf2931d14a,2026-09-21T08:00:40Z,2026-09-21-35575635445
