version,url_key,first_seen_at,first_seen_run
2026-08-31,004cc6e5c2295eab351bd9432b3a35583a7809488cba17e67b2051d94bda12b2,2026-09-22T07:46:02Z,2026-09-22-35701213155
2026-08-31,00e726d35d5d8cac1cd657c17510c17f3ffc29021fe0d9bb5d069fa9d17a1a2a,2026-09-22T07:46:02Z,2026-09-22-35701213155
2026-08-31,012242336f7588da60f61b699d6bb32bd6bf23173a0a79021e64e7c9bc64bb6c,2026-09-22T07:46:02Z,2026-09-22-35701213155
2026-08-31,01c68817160cf5e779ba321f4f235a297ec3e0915430feddf50e47fc9dea5eef,2026-09-22T07:46:02Z,2026-09-22-35701213155
2026-08-31,029447381ab32b83d08958fe168e0536f2e2f0c2446fc022321f616722258f53,2026-09-22T07:46:02Z,2026-09-22-35701213155
2026-08-31,02d592d7ada6b19acec40e803ecfea99e2b439b1d09a3f697e16c11beb0c4840,2026-09-22T07:46:02Z,2026-09-22-35701213155
2026-08-31,032f53541b76a83553d3d80b6e211e574dff56f5cd8558bb0e9857a5ed4f9fd9,2026-09-22T07:46:02Z,2026-09-22-35701213155
2026-08-31,03513825ff275bd402615e769657d12d52f713ff246959cb49e229585831cd96,2026-09-22T07:46:02Z,2026-09-22-35701213155
2026-08-31,036c74abfa5b1a814201b436734f5fa788f54a6dfc024283c051544edfe57c27,2026-09-22T07:46:02Z,2026-09-22-35701213155
2026-08-31,03b08ee198f68ffe05b0bcbee4b4f449ac4a246df4754a53fcb4259823712db2,2026-09-22T07:46:02Z,2026-09-22-35701213155
2026-08-31,03d199698f43b9b05109329a315d54a32ecf48941fd2b30926962dfd6da250d0,2026-09-22T07:46:02Z,2026-09-22-35701213155
2026-08-31,03ff180bc8f1344f38ac309fe91927e21885b9c39c4eefe3cc86f0a2149fec7f,2026-09-22T07:46:02Z,2026-09-22-35701213155
2026-08-31,04005ac637687477097496df686928e01b0a3cbc4d9ee1137f4a38633a26b782,2026-09-22T07:46:02Z,2026-09-22-35701213155
2026-08-31,05462fc59513edc069dceb1d221228fbcba5d5268ecc5d5632eceb0b178ad4ba,2026-09-22T07:46:02Z,2026-09-22-35701213155
2026-08-31,055772a1b8bd8b1d02f9a1f25dcecb7e4f6d62ee4bb4bb3b9f3b35f50a5bf037,2026-09-22T07:46:02Z,2026-09-22-35701213155
2026-08-31,05d409055cfd92fe67ad14d7b913c0f5bbb546f85b8e411d631d9d163e1fff64,2026-09-22T07:46:02Z,2026-09-22-35701213155
2026-08-31,05f987928c9ccf8415132e95099b99f4c1afda10c5d0545dceafbed1a9d8203b,2026-09-22T07:46:02Z,2026-09-22-35701213155
2026-08-31,06207521ec4a811a37a81e0221a252845d4db698adf375af8d5a1be7de4a8196,2026-09-22T07:46:02Z,2026-09-22-35701213155
2026-08-31,0638aa83f069a3467188bdda8c46eadfb26270e4e50c1f0a72b2380e43cbaf26,2026-09-22T07:46:02Z,2026-09-22-35701213155
2026-08-31,067089b99b9d8c88f1ce7d0891333bfd0467e85cf76455819db76394813b71a7,2026-09-22T07:46:02Z,2026-09-22-35701213155
2026-08-31,067392e4f8896d06f7c79dc58c550a3611f1ae6ccd0fe13ffcae619091917506,2026-09-22T07:46:02Z,2026-09-22-35701213155
2026-08-31,069cfdf153685ece25adcf67b97fefac4fc542b96d66f15ddae5e8f68524648d,2026-09-22T07:46:02Z,2026-09-22-35701213155
2026-08-31,06d0a0892bce2f7ed92113334c32732dd937537458580909e1475a5187874d38,2026-09-22T07:46:02Z,2026-09-22-35701213155
2026-08-31,0724c5ba937b1dc03162d7d506d7c8789f90971e47e35b98085af22791ab7a59,2026-09-22T07:46:02Z,2026-09-22-35701213155
2026-08-31,072f197ae87ac3bad5970e8bf0fae7ebb8163098c09e038c16210cd91ee024f8,2026-09-22T07:46:02Z,2026-09-22-35701213155
2026-08-31,088bd3a3341b0c0f1e947436cf63bd17c37b49409de06c75485e7565939c47a5,2026-09-22T07:46:02Z,2026-09-22-35701213155
2026-08-31,08cd885f070cbf0a87e9ee09d8af53e433b9e36a6ef20b1e234ef67dde01c469,2026-09-22T07:46:02Z,2026-09-22-35701213155
2026-08-31,08cd8a3a436644b470e0827886b5fa6ecdced09fc2efeb87f1de2e890b7f4eee,2026-09-22T07:46:02Z,2026-09-22-35701213155
2026-08-31,091a188320e43d06d71e71806aa8813b9ad64e1049ccf6f565774fdf311d73e7,2026-09-22T07:46:02Z,2026-09-22-35701213155
2026-08-31,091ecd2be0bcfe3f4ab21c7a52560f7c4036a057e15ea65fd8733e693fba9183,2026-09-22T07:46:02Z,2026-09-22-35701213155
2026-08-31,0962862701bdbd0c0d4a5c6658f38126d3e6f2130bb65138cf0f2e7e13816532,2026-09-22T07:46:02Z,2026-09-22-35701213155
2026-08-31,09681dac09ad698a524f220652c858ae9ead7d83ed4e6b019b4922e4049a87e7,2026-09-22T07:46:02Z,2026-09-22-35701213155
2026-08-31,099250c192ef229463af9c3e2bbe3524a2a211a81d81ebc01b1eaa77f757303b,2026-09-22T07:46:02Z,2026-09-22-35701213155
2026-08-31,09c81ef999ffb6f13b4b79314798c102ee6ebb780bf23e6db7321c9f382f10e8,2026-09-22T07:46:02Z,2026-09-22-35701213155
2026-08-31,0a465ba779fa8c860bc26ada987e7590b4d37f2e797a49ee472915bb3dc1ea68,2026-09-22T07:46:02Z,2026-09-22-35701213155
2026-08-31,0ad2f0e04923ff60261dd407f4062840acaacb86156941dda43bd73f599ec039,2026-09-22T07:46:02Z,2026-09-22-35701213155
2026-08-31,0ad79307e8eee371f777c9591ea1fdb67469ac8dbdf76dd49184cfa2fb9d9920,2026-09-22T07:46:02Z,2026-09-22-35701213155
2026-08-31,0b083caccf9b6ac525e768c1c9b1cf4d030a4a83576f68c6c9510218e6ee5e23,2026-09-22T07:46:02Z,2026-09-22-35701213155
2026-08-31,0b08b4c1c9140077a919a998ddbb8d0b2786c5967f98c8d4564280a0636897f8,2026-09-22T07:46:02Z,2026-09-22-35701213155
2026-08-31,0b5f6837121911cbc698dc9a784fa4ccf8a397dbee9bc95551ff396b3dc004af,2026-09-22T07:46:02Z,2026-09-22-35701213155
2026-08-31,0bfbb1d3d2846b9cf7120eb21bac5b11b319e972cbd3a402bf5dc87cdb897fc4,2026-09-22T07:46:02Z,2026-09-22-35701213155
2026-08-31,0c001621c28e032979cf81ff4b0948b454dab21ff62485ee11c4afe7f248bd59,2026-09-22T07:46:02Z,2026-09-22-35701213155
2026-08-31,0c820eaed26d6942d55159848f5ea634eb3a2e5f1a2940a4e258b0587eb7b07b,2026-09-22T07:46:02Z,2026-09-22-35701213155
2026-08-31,0c92f0ffe340281d0dc2a339a67a72cc24148dbee14c546204343578739afacb,2026-09-22T07:46:02Z,2026-09-22-35701213155
2026-08-31,0c95e3f25de50bbceb086300feb6d4f22b8d9fe1bdf921463bb78d5e4816fe7e,2026-09-22T07:46:02Z,2026-09-22-35701213155
2026-08-31,0d7541d110758d0f459c027fcacdf84790b8ce2ae0f7d09f0ffeb8288eb59b88,2026-09-22T07:46:02Z,2026-09-22-35701213155
2026-08-31,0da57971278885f84ecbcc97d3cdb4f7ecdef2e862923a130ef9161867d0f3c0,2026-09-22T07:46:02Z,2026-09-22-35701213155
2026-08-31,0dad852cedad8e24d638c01cda8ec5fb67a42fb78bbf829c1921cb878e1330f7,2026-09-22T07:46:02Z,2026-09-22-35701213155
2026-08-31,0de15b645f1dc5e16fbf1d7cb35c2b1fed0d204eee4c8705ec79ab63e3668e21,2026-09-22T07:46:02Z,2026-09-22-35701213155
2026-08-31,0df062a0b321a08d7da531f4d81fa50032c3155e97527d8d647cfb96728e68c2,2026-09-22T07:46:02Z,2026-09-22-35701213155
2026-08-31,0e37de91efa861f602253de849f8e856a33619941c2da4205b3fa2edd4281386,2026-09-22T07:46:02Z,2026-09-22-35701213155
2026-08-31,0e389cf5db97310681177a568ba29fc5c722f58d59175fc2c61ccf3d21d4319e,2026-09-22T07:46:02Z,2026-09-22-35701213155
2026-08-31,0e4b2ef8339e613757240ef7c9e49951ff09cefe44e9979a19c22a2e402d33c8,2026-09-22T07:46:02Z,2026-09-22-35701213155
2026-08-31,0eb862f8b51a2d92302daa79fe65dc45cd039150c5a6c433250a200593d4cf51,2026-09-22T07:46:02Z,2026-09-22-35701213155
2026-08-31,0ef02bfd3a16e2ece585326efbfbf4c60ec77a3459835e8673e04529f8aa9d05,2026-09-22T07:46:02Z,2026-09-22-35701213155
2026-08-31,0f7e03ead2be9e967da66d93c74b96b0faea25e1e349100423c31501e3f76a3e,2026-09-22T07:46:02Z,2026-09-22-35701213155
2026-08-31,0f961b864b9c1fe3cbe2f5b8fcc3e1531451f50c2537a2b3aa28d295c7e2ce54,2026-09-22T07:46:02Z,2026-09-22-35701213155
2026-08-31,0fbcf6ded70bf563eb3c503a7c714e61990c55809c7b2ccf47e8d176261b63f7,2026-09-22T07:46:02Z,2026-09-22-35701213155
2026-08-31,106ba846cbbf88ec7dc5f491be7701d9b008b7713a5714f7e95aba0f545868bd,2026-09-22T07:46:02Z,2026-09-22-35701213155
2026-08-31,107f91898ae393e038322d7f5c58931cdc3f286c9dd455793c56717e0bd3bdb2,2026-09-22T07:46:02Z,2026-09-22-35701213155
2026-08-31,108522366fdd7df7c26fbf3b02b5bd678dd7f047328a371c1e05e987757548e1,2026-09-22T07:46:02Z,2026-09-22-35701213155
2026-08-31,112d396f7011004d5a1b71e379f434421973f8889e7683ae443ffe3ab6fa4b5b,2026-09-22T07:46:02Z,2026-09-22-35701213155
2026-08-31,1130ecbee57217d694acc9064f8eb83e52e2092b6ddac86305ac127123610f3a,2026-09-22T07:46:02Z,2026-09-22-35701213155
2026-08-31,113462114668723495fd7e9738b381d9c97b26ce1fed38a5dc45e31faf5e478a,2026-09-22T07:46:02Z,2026-09-22-35701213155
2026-08-31,11a7f818bf801c4ad4c2c5fa24acf506cefb0216cbe635d79b097f9f4e2675ce,2026-09-22T07:46:02Z,2026-09-22-35701213155
2026-08-31,120a02a16027c9902c2067a47d439071562a56b1ad49be6f7c03e0712a8dc151,2026-09-22T07:46:02Z,2026-09-22-35701213155
2026-08-31,1218725692ebd4b63a460fada559246e28adf520fec4ec8de134bb9e9e795cbb,2026-09-22T07:46:02Z,2026-09-22-35701213155
2026-08-31,126198f49368a7355a2b1354bf7b5e284b652b3740212b950c14c44984498f4f,2026-09-22T07:46:02Z,2026-09-22-35701213155
2026-08-31,12742f59e2cfe25d53d67b989dced1ba2ac8dcb651ff66d695dcd3cfd932cc30,2026-09-22T07:46:02Z,2026-09-22-35701213155
2026-08-31,13459620dc01f4f41a3d3915f6901445e1a86e2946d4f5abb40e61376e51e424,2026-09-22T07:46:02Z,2026-09-22-35701213155
2026-08-31,13d960cfbd54aa024545bd780506a4a4820ce52a3d2a338ca93a7ab3cd2f08df,2026-09-22T07:46:02Z,2026-09-22-35701213155
2026-08-31,13f6fd2e492279e3d9673e7080219c7690236e0a557202360289632705282076,2026-09-22T07:46:02Z,2026-09-22-35701213155
2026-08-31,14b4713a3936fdef4af71ba99af9539f18cabdd16193f5430a4139b40e65ed15,2026-09-22T07:46:02Z,2026-09-22-35701213155
2026-08-31,15404a9e0915dc8152d6db28a27c951c9d378499df8cf00b7c6ed179f40548cd,2026-09-22T07:46:02Z,2026-09-22-35701213155
2026-08-31,155c52b0ab77696f77239e7181eec972e016df19d78ccb9a17d481ce6c6c7a0c,2026-09-22T07:46:02Z,2026-09-22-35701213155
2026-08-31,15946eab88fae2ea7afe5aa4a673fe2566c3884e1d621d04d3797d3d65bd64a9,2026-09-22T07:46:02Z,2026-09-22-35701213155
2026-08-31,15ee2c76493f548e662a3ed615a62230090a6d261908082b70d29991cf1b0a0e,2026-09-22T07:46:02Z,2026-09-22-35701213155
2026-08-31,160018ea0c35015596fcd954fca8dd73134e64b25a6854b682d3216106ed5165,2026-09-22T07:46:02Z,2026-09-22-35701213155
2026-08-31,161adad38383dbbf8390a71dd7f7513e93672dde8f8cae128dcfd72302a4cef7,2026-09-22T07:46:02Z,2026-09-22-35701213155
2026-08-31,164865c55edca7d7aa6a22e962a7b24d6325e4ae0a7ec43a5d541edfdebaebec,2026-09-22T07:46:02Z,2026-09-22-35701213155
2026-08-31,166e71c0e23b17b285d1b58a1bc1295bb59e3f41a8d1d48020bedbe4468dd7de,2026-09-22T07:46:02Z,2026-09-22-35701213155
2026-08-31,16a58c57396fac8a89c7b54c77ce1e7e469ae3b4630e37a21bacaeb5688304ea,2026-09-22T07:46:02Z,2026-09-22-35701213155
2026-08-31,16a994eb1441df884b3f2718b6732697e3d1e1b135694285db9db9a404e9b537,2026-09-22T07:46:02Z,2026-09-22-35701213155
2026-08-31,17223542cc2d02bf9463da883c6b1d517c2a747fbbec3ed96afa93a64ed74646,2026-09-22T07:46:02Z,2026-09-22-35701213155
2026-08-31,175e8be2fdd81e0c90d1935bf45fb361dad40908c491d48db0ed51c47f0c0156,2026-09-22T07:46:02Z,2026-09-22-35701213155
2026-08-31,177fa37a7d980d53cf1c43e06da5836c525c786110cf498f0a1e533fb7b62d11,2026-09-22T07:46:02Z,2026-09-22-35701213155
2026-08-31,178b4b8ca52faeca8502580b044b7883fb0b7b0573dc7743c4cde532d84109b0,2026-09-22T07:46:02Z,2026-09-22-35701213155
2026-08-31,18322e5f4cc25f3107e64cbcfd6044022ee87dba2327e10ad3fb2ff25fff0398,2026-09-22T07:46:02Z,2026-09-22-35701213155
2026-08-31,183ad428c8d029647e7b322a7b18cbaa3735727252c113a92dfdd94f40bb0c68,2026-09-22T07:46:02Z,2026-09-22-35701213155
2026-08-31,18999cd811f73f617bedf4c18fa5607b83e4a3ee7141afec859dc1a4eeebb421,2026-09-22T07:46:02Z,2026-09-22-35701213155
2026-08-31,18a83ab2c4cdd1c46eb3e6b2922744ee4059e806b85e33984f43449c51f5b5d8,2026-09-22T07:46:02Z,2026-09-22-35701213155
2026-08-31,18b1d526f720647a0140e465f5a075fd92d839fd382cd6e6cb081172614f661a,2026-09-22T07:46:02Z,2026-09-22-35701213155
2026-08-31,19313f3f0b2c4eed5d32715435b13ca0a1a018d94b320bd959e12d2cf2c24898,2026-09-22T07:46:02Z,2026-09-22-35701213155
2026-08-31,194c83b8a9363b6a867319035a745ea308c41c458d7e8ac3692ac6b3ae54bb5f,2026-09-22T07:46:02Z,2026-09-22-35701213155
2026-08-31,194f40295965516a7cd1bb11394df7de18602bf0fdd4fb294ee2ffdea4897e13,2026-09-22T07:46:02Z,2026-09-22-35701213155
2026-08-31,194f619fa01d2d0aac315d709ba3eff4ef33faa352a9617c7a3c1f7c7c0c4bea,2026-09-22T07:46:02Z,2026-09-22-35701213155
2026-08-31,196df31601b821f702517190be5a55980259dcaf77989f474e438234cd92a2e5,2026-09-22T07:46:02Z,2026-09-22-35701213155
2026-08-31,19f58b74fb92a72ddf75787cb4d8ae2b5f63db5b349d11c2a42df3e2e24cefa9,2026-09-22T07:46:02Z,2026-09-22-35701213155
2026-08-31,1a2e6a7096ec7f26f0176239b5e4893bb4bbb5142def628059e4aa208a6ad021,2026-09-22T07:46:02Z,2026-09-22-35701213155
2026-08-31,1c02183201a34a7ef30f3d69214048a02d5e7788255fdf6da7fef714c3f9cc58,2026-09-22T07:46:02Z,2026-09-22-35701213155
2026-08-31,1c44bbc1ca8943a973c3fe7bdca527e85b732778741b865010923283a475d55e,2026-09-22T07:46:02Z,2026-09-22-35701213155
2026-08-31,1c51c926a06739231b1c879eb820e1f6c25fbebe363489975f6b9164aeebfa7c,2026-09-22T07:46:02Z,2026-09-22-35701213155
2026-08-31,1c57a5064ab3afdd2828813a8e8aab9b6283ca2e92b6a097d5f1117255db995a,2026-09-22T07:46:02Z,2026-09-22-35701213155
2026-08-31,1c9436df462a0c0c04561c9e498396cea413b8b6608807071aaf86f49e88e7cb,2026-09-22T07:46:02Z,2026-09-22-35701213155
2026-08-31,1ca309ec4b5d17bbacd4a1f50865c41ced137abb1814e9db9cff465e39154009,2026-09-22T07:46:02Z,2026-09-22-35701213155
2026-08-31,1d4c089b9c3b10f4e0486ab3700aa6c80fa5779c8e0ab9335a6fd5b875100788,2026-09-22T07:46:02Z,2026-09-22-35701213155
2026-08-31,1ded7b55c98de53128fce2a90625c9234e8983d094b647a633ca6f2b925b7807,2026-09-22T07:46:02Z,2026-09-22-35701213155
2026-08-31,1e5f78a97d7e3985068cffae5e29638137c6f54b3b125967db6dccdf5d38c191,2026-09-22T07:46:02Z,2026-09-22-35701213155
2026-08-31,1e93dcc47361bd7ecbe79994d0122aa3b4f3fd9762c9f2f3cc1f35a10a91bd98,2026-09-22T07:46:02Z,2026-09-22-35701213155
2026-08-31,1f7ba239dcc99b22374936857fcd731038d726e6dc7beab2b694b30f144c21d4,2026-09-22T07:46:02Z,2026-09-22-35701213155
2026-08-31,1fa9d97fd5f670383ccfb0996616ab447d4ddaf1b6120fcf69c5a4568e56fc42,2026-09-22T07:46:02Z,2026-09-22-35701213155
2026-08-31,20349fae17ff00d0aacd3b0f27c0b4a8ad3cf7a3cd9f827671eac4c06234271c,2026-09-22T07:46:02Z,2026-09-22-35701213155
2026-08-31,20cb6d25ec039756b26ecb68d5a4c279afbd6bbe65ea77cc9d35c90394b5d387,2026-09-22T07:46:02Z,2026-09-22-35701213155
2026-08-31,20eea2e6d8bd0e7b50eb837d3849e6059fa18b3021a91ef927edec6907d14049,2026-09-22T07:46:02Z,2026-09-22-35701213155
2026-08-31,210afd2fd60150d225f0483959158395d2b921cefff67c007b86a15bc6b53d19,2026-09-22T07:46:02Z,2026-09-22-35701213155
2026-08-31,216dda5774b167956740e56db8e9c58dfb9a5de5b6a520e81a94425aadaaceea,2026-09-22T07:46:02Z,2026-09-22-35701213155
2026-08-31,21bcaff5a9452d51cfc18333e71654e1ae5daeaf8f737762a7689fcf022856a3,2026-09-22T07:46:02Z,2026-09-22-35701213155
2026-08-31,21c26de6d6a5c531f3d26b293b776000f449f2259b386b9840be64339fb3e559,2026-09-22T07:46:02Z,2026-09-22-35701213155
2026-08-31,21dd09f2da6bd6a57391ea360fa0313836719a01925748b5fd47593a54535252,2026-09-22T07:46:02Z,2026-09-22-35701213155
2026-08-31,222681fb8e4031292528ac154f012a99ebe9a36227709f1c601823581788cadd,2026-09-22T07:46:02Z,2026-09-22-35701213155
2026-08-31,22496944e0f8d19160929bf21f8af33ffdc519fd3188b50aa591e4a88a28a6ac,2026-09-22T07:46:02Z,2026-09-22-35701213155
2026-08-31,228b69ce0b0bce4d94358d33ca63121dc1c4093b80fba860e65a4b99b4388871,2026-09-22T07:46:02Z,2026-09-22-35701213155
2026-08-31,228ec34c300f98cc39d63721125bc3ab653b74dc6d7aff76682122f1186cf3bd,2026-09-22T07:46:02Z,2026-09-22-35701213155
2026-08-31,22e9dced35f7ef3e977169c54e3fd226565e9bfd1589f151c0c43bd4da7c4e3e,2026-09-22T07:46:02Z,2026-09-22-35701213155
2026-08-31,23d06ba111cb5d9d25c1d079c8e8b0df5354f3b2740f12a01f7c080f0fb180c7,2026-09-22T07:46:02Z,2026-09-22-35701213155
2026-08-31,23f25f47bade21d045eab2589916dcd19f4ca95a0bad021aa8c91d17d9aff4d1,2026-09-22T07:46:02Z,2026-09-22-35701213155
2026-08-31,2485eecebf03f3046cf01b0832937e28302bf2742c9df7b4fb2d505ebfac437d,2026-09-22T07:46:02Z,2026-09-22-35701213155
2026-08-31,25a48f4d389f6b66d2bc7a4e3083f2f19d65dbb8c56c4d61e27ebffc49f0a8ae,2026-09-22T07:46:02Z,2026-09-22-35701213155
2026-08-31,25cc7801b5e211e46c0554ac3dc5370f2cc426363ca6b3dc7805de0e84b8b7ac,2026-09-22T07:46:02Z,2026-09-22-35701213155
2026-08-31,263e609a886cb1025c1bbf4da626b83ceebb5fb21bef39fe13e5c9f9eafdc904,2026-09-22T07:46:02Z,2026-09-22-35701213155
2026-08-31,2686e5a396d05fe88a88bbdf71040b4ff3ad259a5ce5836cba84f80c65ea993e,2026-09-22T07:46:02Z,2026-09-22-35701213155
2026-08-31,276cb87094a84b544fe2b23ee40382f6c6a27fb342f8186aa3409f65fea8200b,2026-09-22T07:46:02Z,2026-09-22-35701213155
2026-08-31,27745691f36fcc060a83c8493ce8e3c70f6db13d8708514bace81acb13f4caee,2026-09-22T07:46:02Z,2026-09-22-35701213155
2026-08-31,27f8c868143c3d5291439b0399c2813d4f38d91a9c8325ad55fffe76c91fa40c,2026-09-22T07:46:02Z,2026-09-22-35701213155
2026-08-31,283a07cc25c901255b9d58a0e012353d20cdb4323617b7b36efef0675820f6dd,2026-09-22T07:46:02Z,2026-09-22-35701213155
2026-08-31,284805f45b7360283a3cf1d9f0295c1590fb74c9309dbd4cee31ea63643e6761,2026-09-22T07:46:02Z,2026-09-22-35701213155
2026-08-31,2878cbdd136ecab4282371e69a4b6d1dc42b47ce525e239eaf0a0702519454c9,2026-09-22T07:46:02Z,2026-09-22-35701213155
2026-08-31,28a41481c75499589658b6f742f2f78b120e7e352845cc895886c76a9ac2169d,2026-09-22T07:46:02Z,2026-09-22-35701213155
2026-08-31,298812152ee57567fdedbf2cfa6e1398709c6e8af12799e05cc9932c8198bd37,2026-09-22T07:46:02Z,2026-09-22-35701213155
2026-08-31,2a17cfe6ca56dd65ec74070705c37e330e39c0525c62aaa2cb9eb8f8e40794ae,2026-09-22T07:46:02Z,2026-09-22-35701213155
2026-08-31,2a90b2c0eb599aa140cf1a018113d58a379ba9326430d883e2cba1b579235c27,2026-09-22T07:46:02Z,2026-09-22-35701213155
2026-08-31,2ae895a629ee7e2edfa6e3e465287a721a46e662d2584b8ed9ba6275cc858c0e,2026-09-22T07:46:02Z,2026-09-22-35701213155
2026-08-31,2b04373da16e0731cc9bde06a20b0441bd0d083772d4debaabbbb4618febd284,2026-09-22T07:46:02Z,2026-09-22-35701213155
2026-08-31,2b05af1fcddaaca8ccde2a3dcc974f0d2c7f4e5fe8a2bf4788382be341d2a5c0,2026-09-22T07:46:02Z,2026-09-22-35701213155
2026-08-31,2b1c817f57c4636c45c22a57ac6bd5ff3fc591a7fea25091f5d732217abf13ff,2026-09-22T07:46:02Z,2026-09-22-35701213155
2026-08-31,2b56ed14aa53f7c758423460328db111968369600d1aa6a3d808f1aa526faeb0,2026-09-22T07:46:02Z,2026-09-22-35701213155
2026-08-31,2b604b0dde6eca75760827b99e35e14e2c1b63dd3c75c49ae6b202a8a7a0f633,2026-09-22T07:46:02Z,2026-09-22-35701213155
2026-08-31,2b6f26c390ab058099913c002a5d2bf1823f5c31bae93bad7f3690f00592e6b6,2026-09-22T07:46:02Z,2026-09-22-35701213155
2026-08-31,2b78bad968b4f91428191228df78063755b38e1a3b32948f23006acd1bf6644a,2026-09-22T07:46:02Z,2026-09-22-35701213155
2026-08-31,2be891428829a388b220f464bea1f3127cfd6925f55611999842ececd7663eed,2026-09-22T07:46:02Z,2026-09-22-35701213155
2026-08-31,2c1ad070dfe240ccfbd34ce866d2f7672eb834b0e28153567e7bcfdf8bf82eda,2026-09-22T07:46:02Z,2026-09-22-35701213155
2026-08-31,2c51cdc7202b116cbd4e13ee014d756c05c5902a7bb86621f93e1df3d119c4c1,2026-09-22T07:46:02Z,2026-09-22-35701213155
2026-08-31,2c5be5eedf3ef74bf9dbef67e61c06ff00ee1e747f1648513db2eee007a7c583,2026-09-22T07:46:02Z,2026-09-22-35701213155
2026-08-31,2d46a5096e741440ec5457351995f64ad9a0c187bec1a39a5cc6a2dbe374d413,2026-09-22T07:46:02Z,2026-09-22-35701213155
2026-08-31,2d89479ac2aa8c5233fcb0a4a227e1d3286bfc8708fa8a8076f632b432c00e03,2026-09-22T07:46:02Z,2026-09-22-35701213155
2026-08-31,2da4a9dfe7f696877ca8c737c09b0c22a70e05b45a67b3857480ae657eff44cf,2026-09-22T07:46:02Z,2026-09-22-35701213155
2026-08-31,2dbeb99d40cc72244c4d0d2aef9fa4bf6943fd0c08115a8de3d53fa048728d79,2026-09-22T07:46:02Z,2026-09-22-35701213155
2026-08-31,2dd4995a00d0f6221271823ff02e6f3545d9121c5b9dd324664e90afbd5f5c91,2026-09-22T07:46:02Z,2026-09-22-35701213155
2026-08-31,2e0476b5a67a7ee7488212eaaaf617fbf9ae17879457b3dc0784ef5e74e5a8cb,2026-09-22T07:46:02Z,2026-09-22-35701213155
2026-08-31,2e0e3957866c92d6461c1d1a23774ea140e80243ef38b96ca5fcb4985c6d64bb,2026-09-22T07:46:02Z,2026-09-22-35701213155
2026-08-31,2e1b19980c97c3b1e60f8eff2123f060a3fafada2158215230eaa9c2712ba5c1,2026-09-22T07:46:02Z,2026-09-22-35701213155
2026-08-31,2e739573288bf52f62dc8d7a2117db9dc31fc870aa8537adeeb41e95ff83ba1d,2026-09-22T07:46:02Z,2026-09-22-35701213155
2026-08-31,2e8f848e8feda1888407beffa89ab52702df2603a753b059b58609590b6c9b25,2026-09-22T07:46:02Z,2026-09-22-35701213155
2026-08-31,2f6ef93da8d3ddc386c1fd236b60a3991bc833f1aa5c4916623f785881765b51,2026-09-22T07:46:02Z,2026-09-22-35701213155
2026-08-31,2ffd78b3e76e952714aae372378e970ba75a06bc3c57941f9d7ac67a23900197,2026-09-22T07:46:02Z,2026-09-22-35701213155
2026-08-31,2fffacbe04b03ceea620d75e1a1cf22837e36ade05a4ca197fc4616d52f00b09,2026-09-22T07:46:02Z,2026-09-22-35701213155
2026-08-31,3008ed5cb30154903f44f6f46c0292a6f54bbd9484d154d36ed67f8afffb21e3,2026-09-22T07:46:02Z,2026-09-22-35701213155
2026-08-31,30a45e199eeeb4a99abb803395d1a6261121d53ad2a8d17d459fff182b37b711,2026-09-22T07:46:02Z,2026-09-22-35701213155
2026-08-31,30d461a363b268c468a54dd7bed3a85a2748b2dfe4f966a952c032fdda973bcc,2026-09-22T07:46:02Z,2026-09-22-35701213155
2026-08-31,3112ffbe18b36f881078187b479795625f1f0594e0af571eaf1de15562dc326a,2026-09-22T07:46:02Z,2026-09-22-35701213155
2026-08-31,3156592b4124bda745686d07d34a3c5d005a8ae8a5381dbbda4edfc22c953269,2026-09-22T07:46:02Z,2026-09-22-35701213155
2026-08-31,319287ee2326ab7b4f27413966f654eb79a727627295b14839448bc8e536277b,2026-09-22T07:46:02Z,2026-09-22-35701213155
2026-08-31,31a53e946bc914dc47174c0aa2741537e013e6d04e7e970747853ec889fcf933,2026-09-22T07:46:02Z,2026-09-22-35701213155
2026-08-31,31cf81d4103be1e018db0fffa9bda1f9232626b1d6f68f16c51f1c73d9d0d3cc,2026-09-22T07:46:02Z,2026-09-22-35701213155
2026-08-31,3240e68e28b415f73ffc40810ca3a344d661e13a13f393bffb144a00f3f8834f,2026-09-22T07:46:02Z,2026-09-22-35701213155
2026-08-31,3243a5e40165c42d41b4a73b35705af8a6862c7f244c3c2f73c7ae7ef9f698fe,2026-09-22T07:46:02Z,2026-09-22-35701213155
2026-08-31,32cb7a01692f73abde6d9972cbf8af06ac03183979054b846270acc1e44124c7,2026-09-22T07:46:02Z,2026-09-22-35701213155
2026-08-31,32e4e844571e4408eee32e59aa9b4ac06a0e5462eda3e774738f83969059e222,2026-09-22T07:46:02Z,2026-09-22-35701213155
2026-08-31,333815725e6d34d3111741ee3d995010f184c727b70de54617a98adb6a0bd44a,2026-09-22T07:46:02Z,2026-09-22-35701213155
2026-08-31,33cfbd2b04058d9ed891cc602b09c6120351f2ae914c8dc47a4c4d376e41be1d,2026-09-22T07:46:02Z,2026-09-22-35701213155
2026-08-31,3410bffb4e733efd18af1d2d08e68fa158eb0dfaa675fca634d887b490fcdaa7,2026-09-22T07:46:02Z,2026-09-22-35701213155
2026-08-31,3421a247e6b1d7886b3c6f97f25ab4a7889b53a97251e9d5490a8fe54e88910b,2026-09-22T07:46:02Z,2026-09-22-35701213155
2026-08-31,3450fd0e4c424ef55e0fe306bd184b5bba5e44a916ac44ca81d321e0eac5bcf3,2026-09-22T07:46:02Z,2026-09-22-35701213155
2026-08-31,345d416134b0f83097adc73e0829e90c823fede34814d2eaef5457e4871d577b,2026-09-22T07:46:02Z,2026-09-22-35701213155
2026-08-31,34a25ee0ce3939adb5f920003d803235c4b9623e308e2e1f59b81e9e52fd71bd,2026-09-22T07:46:02Z,2026-09-22-35701213155
2026-08-31,34c084e0899166a01e5beaf145ff2859cc959e7af3a65e2e32a82a463c3dae35,2026-09-22T07:46:02Z,2026-09-22-35701213155
2026-08-31,34e5c0f06fb6991324e2c3634556c0b9aefbeb243ac9ce5e77034e7946ed500f,2026-09-22T07:46:02Z,2026-09-22-35701213155
2026-08-31,3565a8c112678a77b094058b36b7cbcf3a8e978c37eb907fbcf05862694fad98,2026-09-22T07:46:02Z,2026-09-22-35701213155
2026-08-31,357a1dc9a18dfde609f62f26fd2ace91b3075ab0b9d022636bc47c7d1c8f1551,2026-09-22T07:46:02Z,2026-09-22-35701213155
2026-08-31,3587d91fd1285823303435c46707e3e57e7b8143e747dd93f2c6a5ba68830012,2026-09-22T07:46:02Z,2026-09-22-35701213155
2026-08-31,35c35d6c93cb0fcf4022d5b11eeb7a746ab406925b54ce9b86a3e684fa84a2ec,2026-09-22T07:46:02Z,2026-09-22-35701213155
2026-08-31,366c5f83ec672ecdecc711c2d89ca748f2c328fcdc55dce17c648aede4e82121,2026-09-22T07:46:02Z,2026-09-22-35701213155
2026-08-31,36ccd7c7b39359f222379065cc488d37e21c8d47d29516c2f7cdb2e82b962eac,2026-09-22T07:46:02Z,2026-09-22-35701213155
2026-08-31,36dc22d48d230e7db7cc4642b202c3409f5944553280ffdc88a313a02c680a2a,2026-09-22T07:46:02Z,2026-09-22-35701213155
2026-08-31,36f360a70984f46efc5e93679026849a6c10abc5f41cafe7ec6be00900f9a598,2026-09-22T07:46:02Z,2026-09-22-35701213155
2026-08-31,382afaeda71a6087cf6b8f7cd4d03e8a2bb9260506764c2c6dc48a10c93fff90,2026-09-22T07:46:02Z,2026-09-22-35701213155
2026-08-31,38b4907248f76c28e7316193f056eaf89738eb58d8fb93404d179b621e513d55,2026-09-22T07:46:02Z,2026-09-22-35701213155
2026-08-31,38dc0425aff5cdc546e9b749c48f920ad5563d69226e002281070935ff8cfbac,2026-09-22T07:46:02Z,2026-09-22-35701213155
2026-08-31,3933b35f9c9a071ff43aa11a75d1bbebdca320f572627cc549e22ba4f7e42688,2026-09-22T07:46:02Z,2026-09-22-35701213155
2026-08-31,39384c6d83d161f3bd6019a8269f286ed866a71f3aecf196df01a1e9aa898bb1,2026-09-22T07:46:02Z,2026-09-22-35701213155
2026-08-31,398f8933270e313a121158cc0f22291de71f016aea553347e879c88bdda30c80,2026-09-22T07:46:02Z,2026-09-22-35701213155
2026-08-31,39eb5c60b9f7056664d818cfdc478e25f1c9a2136d9aeebf53546cbfd9d0f4b7,2026-09-22T07:46:02Z,2026-09-22-35701213155
2026-08-31,3a588ed224bf766bfdc0ad6d69a3090bd4de7008e973d098732c615d2e7385e6,2026-09-22T07:46:02Z,2026-09-22-35701213155
2026-08-31,3a645c6e1cc72b1ff3d8e5fdf243b816157b786426094971a60949f9081db670,2026-09-22T07:46:02Z,2026-09-22-35701213155
2026-08-31,3a6e88135eab7dc953979a35bc8bdcffa28bfd45b682a557eb58c0611380468b,2026-09-22T07:46:02Z,2026-09-22-35701213155
2026-08-31,3a9e242228462b886e1a49ea49732d6d90e8f7f700f145da34c6b03023bac669,2026-09-22T07:46:02Z,2026-09-22-35701213155
2026-08-31,3b8644b9f69a9ed7885a4b1582a501af0fbddc7f29b0bbf8c0fe8528ef5e6596,2026-09-22T07:46:02Z,2026-09-22-35701213155
2026-08-31,3be3977c57cb633f4704464c9f9d1cede3dcf20723b500575e8a5d3f1b6e2157,2026-09-22T07:46:02Z,2026-09-22-35701213155
2026-08-31,3c6e65a0db9823b1203d54ecdc25a92b7fbe9ea1e94e226efb8da3b163960c45,2026-09-22T07:46:02Z,2026-09-22-35701213155
2026-08-31,3d005cb81468e7e31e677a3a0ee42245686f7cdfcb57cf2e1f3acfe786229212,2026-09-22T07:46:02Z,2026-09-22-35701213155
2026-08-31,3d3078a381788bdfad7fcee034d194da9da80c5247a3ec99abf8f219cbe26d11,2026-09-22T07:46:02Z,2026-09-22-35701213155
2026-08-31,3d7d8bb3a121016064be2b4edca81871b9d0689320c533ed05963f7a0520d0cb,2026-09-22T07:46:02Z,2026-09-22-35701213155
2026-08-31,3dc69cab173f401c3b5278a89f92ed9ab0f219b44affc5c004399b31c3481349,2026-09-22T07:46:02Z,2026-09-22-35701213155
2026-08-31,3e3c1c1827f7e665548ad8193d5bf1ae4dae8d0c35d24083ee6225bf5cc3114b,2026-09-22T07:46:02Z,2026-09-22-35701213155
2026-08-31,3e4b136b8ac329f4b499e7a9453461b5a27c072a64f208062f2c3d8e5b363cc4,2026-09-22T07:46:02Z,2026-09-22-35701213155
2026-08-31,3ecdbd6409a0f4dde0e651a62300d43b45b408573cf93c416fe40c55342cdc6c,2026-09-22T07:46:02Z,2026-09-22-35701213155
2026-08-31,3ee13271f4647bf8afa01c5bc88da8f699e97aa93f5e09f950b295c2b8b6f3c0,2026-09-22T07:46:02Z,2026-09-22-35701213155
2026-08-31,3ee3a254bfd32a2d6ecec4cb4af03364cc90fe0c7860f74af7e447b925a323b4,2026-09-22T07:46:02Z,2026-09-22-35701213155
2026-08-31,3f40c401fabfbd08274825e0a49bcd7b6b91c64962c59403a7ff6b65ef806252,2026-09-22T07:46:02Z,2026-09-22-35701213155
2026-08-31,3fe6dd961216dcd60c5991f0aa5f8a8c73077fb49b4405b946d2cc312485629b,2026-09-22T07:46:02Z,2026-09-22-35701213155
2026-08-31,400433857a0df144d4172b87d9629bfa467b7301d00a9398cbdca9fde87916ef,2026-09-22T07:46:02Z,2026-09-22-35701213155
2026-08-31,40937eb1b917a16cc05a3ffb1c2af61112c1fff584b72e33adfd23733a93c1e5,2026-09-22T07:46:02Z,2026-09-22-35701213155
2026-08-31,413995ea56ded36eccb8aa1d07dff8851f4f33b601be6f2f834fafc9991d5430,2026-09-22T07:46:02Z,2026-09-22-35701213155
2026-08-31,413e51bfbaf294a5169f50ad039c1c3b8558d7eac6b7c75143ecad46141062ee,2026-09-22T07:46:02Z,2026-09-22-35701213155
2026-08-31,41fd16e9d01eb96c71ed62a3a0970688a786e1a6c464f18240fa76f0aa0092da,2026-09-22T07:46:02Z,2026-09-22-35701213155
2026-08-31,42076a91aa3b6e210308e4844811dab4869dd539c7fd614c615caaa6790fc62d,2026-09-22T07:46:02Z,2026-09-22-35701213155
2026-08-31,430973b8f561f9a20fc8be17b6e6bc300e24f37b0a625b6a8fd88e8269d6eebf,2026-09-22T07:46:02Z,2026-09-22-35701213155
2026-08-31,434ce1b2252600a0361a99bf584f24528046129a80bcd0e99144a29cda0029b6,2026-09-22T07:46:02Z,2026-09-22-35701213155
2026-08-31,43aa0d290ad66d3da0dd3dc4544d16b074be727be8a2b32352c96b45995d742b,2026-09-22T07:46:02Z,2026-09-22-35701213155
2026-08-31,43d08b9099754c7ee12fcb5383d46d429272732f6b33a8d848f7e7b8bb83c6df,2026-09-22T07:46:02Z,2026-09-22-35701213155
2026-08-31,43e3a689cfcff4b0ea691ebd7a12739c150dd0e4a925bf1f1dc9f535550633e4,2026-09-22T07:46:02Z,2026-09-22-35701213155
2026-08-31,43e6e0c22b2309a3631fbde45fd5c3d27ade572445343e53e3a8d2e93f55e77a,2026-09-22T07:46:02Z,2026-09-22-35701213155
2026-08-31,448ab54d72a90d829c17772823eb7427a09755cdb530729d4a852493639dfef0,2026-09-22T07:46:02Z,2026-09-22-35701213155
2026-08-31,44b4301f5ec79252abc0ffd1d5c2c72aac9480678027c6d4535ab7e0305ad15f,2026-09-22T07:46:02Z,2026-09-22-35701213155
2026-08-31,44e0dd61688d8507f38a447027c761775c18d303808f8e034a5ab7bbfc34b245,2026-09-22T07:46:02Z,2026-09-22-35701213155
2026-08-31,44fa0fa49b53ea4ce4b42ebf3e86bb5075f550dc30ca558fe46a9b0f98314177,2026-09-22T07:46:02Z,2026-09-22-35701213155
2026-08-31,451aa7d9c42c05d41a71627c01ebbbfeb8cc4a11d81d3c2b35a301d412a37874,2026-09-22T07:46:02Z,2026-09-22-35701213155
2026-08-31,456af031e6ed2551db8ae08e7f4c8187e50f4823f56b66a6d67e973842bb8a07,2026-09-22T07:46:02Z,2026-09-22-35701213155
2026-08-31,45ab38548fd5fdc5d36b0c61e7509ccc668c960ae19646d08cc666f6f955c957,2026-09-22T07:46:02Z,2026-09-22-35701213155
2026-08-31,462cb62ad87a314362df707a20e142725ef8c6994d0614127e81a2f165dad3b1,2026-09-22T07:46:02Z,2026-09-22-35701213155
2026-08-31,47c2ccfca8d01ab7630d24cbcf4606ecee90fde115af2e0f328266abc2c75f70,2026-09-22T07:46:02Z,2026-09-22-35701213155
2026-08-31,47d6e7ee10508a3b2ef027088a199add519a73a619d8fef2ca61f043088a516f,2026-09-22T07:46:02Z,2026-09-22-35701213155
2026-08-31,47ecc2a3a01394aca9e21dcc9ef48f47942f060c6ac24386d1e6119d759a4a8e,2026-09-22T07:46:02Z,2026-09-22-35701213155
2026-08-31,485e05f5ca190c3a90027a922b0764a4854a1280f835da442b1693d55bf78465,2026-09-22T07:46:02Z,2026-09-22-35701213155
2026-08-31,495206d7704df907d48e5e830a77fe18aedf5b0fb19262d4324c0f55433fc233,2026-09-22T07:46:02Z,2026-09-22-35701213155
2026-08-31,499c82264a0b50510f933d3755a6424b8664effb9f53aa228df05bdca0b797ae,2026-09-22T07:46:02Z,2026-09-22-35701213155
2026-08-31,4aa9ceda27f7765479f41f95c71e536117936dbf5e9917be363b9f892efa2d6f,2026-09-22T07:46:02Z,2026-09-22-35701213155
2026-08-31,4abf9e8d73ca0f4dc66c625e7aada45e9e9e6e7ca6a8508a23660e6007e2f490,2026-09-22T07:46:02Z,2026-09-22-35701213155
2026-08-31,4b006d71436fa228826de74919cd73a1dafd430a7d929e73a23c714745338c58,2026-09-22T07:46:02Z,2026-09-22-35701213155
2026-08-31,4b235acb6e40222a9f271f5c270af9c2fb75d64c005ad227b0c3d0cd0ab5d418,2026-09-22T07:46:02Z,2026-09-22-35701213155
2026-08-31,4c2062ec3cc306f4ce5da1d89c23f3488bbb9bba8d659f53ba3ecade49236968,2026-09-22T07:46:02Z,2026-09-22-35701213155
2026-08-31,4c67cc553a508f4a04b96998f477d222c201e7df8713cb3d70f67a4b1702d063,2026-09-22T07:46:02Z,2026-09-22-35701213155
2026-08-31,4cfc22165acc4b58defa729149ebdd4b1f19d5ee253ee7b0fd72a279cf6e6e62,2026-09-22T07:46:02Z,2026-09-22-35701213155
2026-08-31,4d27d877976856241a215e0e1c45248b56e9fdba5403680696d8fc818b03602e,2026-09-22T07:46:02Z,2026-09-22-35701213155
2026-08-31,4d8697d6d1fb5e157b863b859783adbd8db4d552af9132467c45bbb3f46d6b92,2026-09-22T07:46:02Z,2026-09-22-35701213155
2026-08-31,4e2b828aea68101c2050d34e554b7d3c42792f57b20e33d467df8a94d138ab98,2026-09-22T07:46:02Z,2026-09-22-35701213155
2026-08-31,4e6aac8ec5e331ecd6a43ea545205d1f12c7b4030b4c1eac8e1a4c457381333e,2026-09-22T07:46:02Z,2026-09-22-35701213155
2026-08-31,4edfe90fa117629fe88291d564a9e4eaffa3b6edb1a67cbe199f50ad609af071,2026-09-22T07:46:02Z,2026-09-22-35701213155
2026-08-31,4eef30166ba14aa898f11efe97b0f3285e0fb23c7a2b5afc78a2e80e4e38514b,2026-09-22T07:46:02Z,2026-09-22-35701213155
2026-08-31,4efa20597df8037c64f80d350bcce04e0b6a85deb729fc86983c77e204d0b4c9,2026-09-22T07:46:02Z,2026-09-22-35701213155
2026-08-31,4fe69f343a88e07e03a5b4a0fdbe8838d18521b46790e5058e41ff548bc174ec,2026-09-22T07:46:02Z,2026-09-22-35701213155
2026-08-31,50af43a8969b44a28b8fa4e91b8178afbba427285004e1d40649143547d5eb1e,2026-09-22T07:46:02Z,2026-09-22-35701213155
2026-08-31,50f1407f5402f956d1f47ada467e5ef765c39d932328803848bd7c607972b83a,2026-09-22T07:46:02Z,2026-09-22-35701213155
2026-08-31,512909e0c0638b51fa63d7ea9eb70115060b83867c1dc89311497277da8ee048,2026-09-22T07:46:02Z,2026-09-22-35701213155
2026-08-31,51380594c2b11b8cdeb1ad148efc17fac164ac943861b5d27c11f525f435077a,2026-09-22T07:46:02Z,2026-09-22-35701213155
2026-08-31,515979f93bf98d52730bb4889fbfdae5721e246ad2739284f0885359f4654e61,2026-09-22T07:46:02Z,2026-09-22-35701213155
2026-08-31,5192ca6f567b9597874fe65238de44639157e7831c5ff9d3da84c683f5258a97,2026-09-22T07:46:02Z,2026-09-22-35701213155
2026-08-31,51c90bdc93b4c2a7858053a3816034dcb47c8451e69719ce80d12d3c82322d9c,2026-09-22T07:46:02Z,2026-09-22-35701213155
2026-08-31,5263c76dcf814859a3401f5c64bc3617eed43bc23d83fb0fd387e94b8c19c843,2026-09-22T07:46:02Z,2026-09-22-35701213155
2026-08-31,528d5d1ef2b3a13d174caa28825677e860d0b5b73b2ed7c549e3e975051b3707,2026-09-22T07:46:02Z,2026-09-22-35701213155
2026-08-31,52942ef3e358ac4aba190862ac718aa2e7207990156b6545461460c9f92693c5,2026-09-22T07:46:02Z,2026-09-22-35701213155
2026-08-31,52ad539ece1f25e8c245fd754035af3a7bb0fdb8b852c5e00b9f0f35955db3cc,2026-09-22T07:46:02Z,2026-09-22-35701213155
2026-08-31,52ad8b41594157689fa6d59dd71e78d6f49575416d9aa18d40c81918a94732bc,2026-09-22T07:46:02Z,2026-09-22-35701213155
2026-08-31,52fbcae66c0a4d36e289207d3dac372213b611f5f87d9aa786a340539ba5c06d,2026-09-22T07:46:02Z,2026-09-22-35701213155
2026-08-31,531ba85edda95fe4aaef8bca08b48cdacb6b2d01527838d6320cd2a77ee2bdf9,2026-09-22T07:46:02Z,2026-09-22-35701213155
2026-08-31,53f575d86bc081eb5b1ffddc9472b83aa7a8ed841aff96fbe477c6a81d4e16bd,2026-09-22T07:46:02Z,2026-09-22-35701213155
2026-08-31,54521cac60005f95bc8f5bdb787b695673abd390bdbfbf91e4417840c0bebbd7,2026-09-22T07:46:02Z,2026-09-22-35701213155
2026-08-31,54640c5c1bf19e245f2153f34bb698ec59caade9ca5a6915fc3db8bf43783cb1,2026-09-22T07:46:02Z,2026-09-22-35701213155
2026-08-31,547db74b705250d3ee4538c52d3ddab764c4e21d998a5d212389468242af91f0,2026-09-22T07:46:02Z,2026-09-22-35701213155
2026-08-31,54acab25a211929fc6c18cef2257f653812bd0ddca6a96fa98edd7e38fb7c3f8,2026-09-22T07:46:02Z,2026-09-22-35701213155
2026-08-31,550cd10007426eed53105c0bb9acb899a477c4f52b41ef5fde847059f2e26e2a,2026-09-22T07:46:02Z,2026-09-22-35701213155
2026-08-31,556c8f8a3072350e15b3049a1dfabfea31d29ad5da6d83cde0650a95b63307fb,2026-09-22T07:46:02Z,2026-09-22-35701213155
2026-08-31,559f392052a25088ede34a49b5bb903fba29fa29b3f8d6c4c70b01f68ed96387,2026-09-22T07:46:02Z,2026-09-22-35701213155
2026-08-31,55ebdd576516021b23aee3855a062be946b75db85d0a3ada14c361cd08fe47d4,2026-09-22T07:46:02Z,2026-09-22-35701213155
2026-08-31,5604ee878381645e65149e8c026dcc6c657c6057ce05deb92cd3a26f2ef2ea60,2026-09-22T07:46:02Z,2026-09-22-35701213155
2026-08-31,560f55af0b9614b85f66bd56c664c837c60529ac773f4cf3e9b65d687eeebc3f,2026-09-22T07:46:02Z,2026-09-22-35701213155
2026-08-31,566ced9e49ffc0d49512827d937bc684d72989b0e8d5215bd9e3b0b76585ee97,2026-09-22T07:46:02Z,2026-09-22-35701213155
2026-08-31,56e2c6f3462603ce144c64631a0428fc1eba2eb603f6abfe1594da062663d0ad,2026-09-22T07:46:02Z,2026-09-22-35701213155
2026-08-31,574b735261b75ebb9eca6130f6ced0f37793d9a45e2099c3e4d97e234c0e9822,2026-09-22T07:46:02Z,2026-09-22-35701213155
2026-08-31,57a578ff391acb6310cde0dc7a6a4e9ad5110831379fb78ae1d5d064ff9a0b2d,2026-09-22T07:46:02Z,2026-09-22-35701213155
2026-08-31,57c110b496f0a29d70c20ce11444bdcaa01fce5bd64fedde22d1311ae4c0e9b1,2026-09-22T07:46:02Z,2026-09-22-35701213155
2026-08-31,57c82e9ba02d27628d7a95bf3fc28db16bc0c0ff68df9a48a9ac7a7b4b5e7a70,2026-09-22T07:46:02Z,2026-09-22-35701213155
2026-08-31,5815c043b5c017e5b2ab3a03461ad3ed473ca79b01fe2a13a273d439838e2707,2026-09-22T07:46:02Z,2026-09-22-35701213155
2026-08-31,5818ed19bf00b9fc09f6d76d8621192b32937bd452342934cfaacfd18161f2bb,2026-09-22T07:46:02Z,2026-09-22-35701213155
2026-08-31,58af54e5c1650aa1e340ebe9411ba63daf789f53b5d71bc710418b395f423c98,2026-09-22T07:46:02Z,2026-09-22-35701213155
2026-08-31,58e372b02df8abac5ff6d0ee5d2b5eac8da161596a5bba4b0de6c7c94d3642ae,2026-09-22T07:46:02Z,2026-09-22-35701213155
2026-08-31,595d6ca05ea435d53acdb2aac835b1971d30cc249fb3a31aca1357ec6d22bf4a,2026-09-22T07:46:02Z,2026-09-22-35701213155
2026-08-31,596d78ee2030ab79603f00b05e12324b646d151b896fe8eea716d663ebfe81b7,2026-09-22T07:46:02Z,2026-09-22-35701213155
2026-08-31,59c5130a7f48867719f6d353e9efb228180d4384b78881729b1ec738e6a71ead,2026-09-22T07:46:02Z,2026-09-22-35701213155
2026-08-31,5a553bcc7b3c8bebc4f5d142b8243c47fa1cb139573e7d4bf8849e5ce29e6777,2026-09-22T07:46:02Z,2026-09-22-35701213155
2026-08-31,5af8dc20ef7541a3ee8175a322fd63d5d69ec1009b49b72d2881b5a5153a4333,2026-09-22T07:46:02Z,2026-09-22-35701213155
2026-08-31,5b0812ca1cd6313d57f51145bd4c8121d0d19d34329522087e6578b06c84b2b5,2026-09-22T07:46:02Z,2026-09-22-35701213155
2026-08-31,5b330a6c2676207a9afe77dd7e0686d3158b88551d570e77dea7c0104a2160b2,2026-09-22T07:46:02Z,2026-09-22-35701213155
2026-08-31,5b7d4572f95828ead0cf74011ab656054e1493579cc1ddd995a5ef9f680cba4e,2026-09-22T07:46:02Z,2026-09-22-35701213155
2026-08-31,5b9aa8a9a0394b8779ebceb72eb425f075c49fceb38e6573e19dd033ef422335,2026-09-22T07:46:02Z,2026-09-22-35701213155
2026-08-31,5baad956942fcd189659e53eb7545533723983fa434e589b0f67948f4c1ba85f,2026-09-22T07:46:02Z,2026-09-22-35701213155
2026-08-31,5bd06ffcc8d188ff586148378b1117b9c9ed3946f1114acefd75218a4e66a57c,2026-09-22T07:46:02Z,2026-09-22-35701213155
2026-08-31,5be64bbf7fe5e9ba33b831b01befdb5d215532c4292a9d9ff3c7880bbbab6c68,2026-09-22T07:46:02Z,2026-09-22-35701213155
2026-08-31,5bec878dd4ed44db81984464ce487f1be9f730f39326098b58ae9aae27070f8b,2026-09-22T07:46:02Z,2026-09-22-35701213155
2026-08-31,5bf8351e6021f17ae1813919d154f37e90ba4e86a14be217bb81dd0dd856714b,2026-09-22T07:46:02Z,2026-09-22-35701213155
2026-08-31,5c115bc0430f5a1b4c65662d5e605f48bb569f06fac080681679a0aa325d237f,2026-09-22T07:46:02Z,2026-09-22-35701213155
2026-08-31,5c20fb6812a71dc2e552d24eeec9a505a492be2fe2f10f842473676a61ee6442,2026-09-22T07:46:02Z,2026-09-22-35701213155
2026-08-31,5c4c54f0f887f230f5f9235986d1588dc74c109a38003d0d468e1c210c9bf12c,2026-09-22T07:46:02Z,2026-09-22-35701213155
2026-08-31,5cae3fda3b4260390a039c6ef16658e0b7244856f108962a6dbd098802fcbc05,2026-09-22T07:46:02Z,2026-09-22-35701213155
2026-08-31,5cc436640081ea78ecf2d185e5544d8c82d4d3d02dc6fb8c47e48f04d309bfa1,2026-09-22T07:46:02Z,2026-09-22-35701213155
2026-08-31,5d4ac9c3739f7bf5246b87c2590986c9a8d19c417880bb2bb4286ba819d771d0,2026-09-22T07:46:02Z,2026-09-22-35701213155
2026-08-31,5d75cee3ccad480121e73086a406c384e395b116b3319d6b352f9d8ae5265884,2026-09-22T07:46:02Z,2026-09-22-35701213155
2026-08-31,5daac8637d66dc206e577e8273fded08575bb31f04cb2df310a217629570b86b,2026-09-22T07:46:02Z,2026-09-22-35701213155
2026-08-31,5de0443b3544dc180e8e5585c0eb1e5ccb62c3980678f7ce77f161a55098698f,2026-09-22T07:46:02Z,2026-09-22-35701213155
2026-08-31,5e07c85b8093e72e9156892a76e626f0c12720f45bc6616cd825577db6fff0d4,2026-09-22T07:46:02Z,2026-09-22-35701213155
2026-08-31,5f074a8116e36c09388ff7a5407bed546143f4c057fc75f9a362d681c19f573b,2026-09-22T07:46:02Z,2026-09-22-35701213155
2026-08-31,5f200c6b96e7223005becfa063e37543c256e43d32737306e6f1dbb81416521a,2026-09-22T07:46:02Z,2026-09-22-35701213155
2026-08-31,5f53b19c0d96ec526ba491a10151b54389ec416e4887ab48afd9ae1be171b13d,2026-09-22T07:46:02Z,2026-09-22-35701213155
2026-08-31,5fa73b0cd73b4ebac05c7aed72ad23068d19a0682746fd1ed2e4ec160c61c19e,2026-09-22T07:46:02Z,2026-09-22-35701213155
2026-08-31,5ff4781b5025df0555ab02ce6cc18d0d35f460fa20eaf33d7a739b6268b719b5,2026-09-22T07:46:02Z,2026-09-22-35701213155
2026-08-31,6009a031c5c582cb31a76943e62a4e558acc94dfbd5a07594d3d1b3ea52222e6,2026-09-22T07:46:02Z,2026-09-22-35701213155
2026-08-31,6018e7cf1e32f5b18351f94015b88d3fd6c20f46fbf1fe59b81a7d67ff4d39c0,2026-09-22T07:46:02Z,2026-09-22-35701213155
2026-08-31,60df4835122038b2305048dc554f7568b2fb45a180c0c6bd2873b45eb0fa5e12,2026-09-22T07:46:02Z,2026-09-22-35701213155
2026-08-31,6126a582f5cf09b2f3915312249168bdc95fcf3c69760536208a0eb5a2c7716a,2026-09-22T07:46:02Z,2026-09-22-35701213155
2026-08-31,61c3fd48786e8459a6253c6f17512d28d738cfa666ae5d23a5c7d3514498cd46,2026-09-22T07:46:02Z,2026-09-22-35701213155
2026-08-31,62299fb192f6ecfb4566dc84a40c4544f2fa0cd73ed1cae6e38d53d763d08577,2026-09-22T07:46:02Z,2026-09-22-35701213155
2026-08-31,627d5816f2435890abc563f920287851a9da6c4a547f25817dc8ce7aeb841ef0,2026-09-22T07:46:02Z,2026-09-22-35701213155
2026-08-31,62af18095725bbfaf6dcc5221ede8e95404940f8757cb3aaaf56677f73b39af8,2026-09-22T07:46:02Z,2026-09-22-35701213155
2026-08-31,62b0c9da1f9c3b3b28663279d0df978b97497335e5a938e96c2918b487fee371,2026-09-22T07:46:02Z,2026-09-22-35701213155
2026-08-31,62bffb2180a0b76db20ffc753130ce6e9bec98f1f08a304b78cc49af636352aa,2026-09-22T07:46:02Z,2026-09-22-35701213155
2026-08-31,62c9538ee1dc342ca461b665ee5c9c7e57400cfa74e8ff1f371c24aeb05e2bd4,2026-09-22T07:46:02Z,2026-09-22-35701213155
2026-08-31,632d65c355352afbba9921f4a48132dcb08f01c4d50ad2af45f1669788fc4824,2026-09-22T07:46:02Z,2026-09-22-35701213155
2026-08-31,63a9794aaebbc34dc139283eda7b7dfc159c8ccddedc84dc7519b7d3b220d7b4,2026-09-22T07:46:02Z,2026-09-22-35701213155
2026-08-31,64443bf3225cc2b061048841a6b97647639cba4ed072719b6f32d9c239a80bfe,2026-09-22T07:46:02Z,2026-09-22-35701213155
2026-08-31,64a9a8b3aa4926d97fd4013c5eb10f302d7787355fa396b6f9230f35d9ad0ef3,2026-09-22T07:46:02Z,2026-09-22-35701213155
2026-08-31,64e2194d6dcf6f87de39ffb29411866af161d656c562f6c20b1bfc5c4ce3edac,2026-09-22T07:46:02Z,2026-09-22-35701213155
2026-08-31,64e2dbbbdea548c4becb873daa0a04c0c326ca88d325ce222b256e49ba7942c3,2026-09-22T07:46:02Z,2026-09-22-35701213155
2026-08-31,6524462519e05fe669fa5b8a9d7c5b38f955c7ef9bb8bdb68ced6ffe1fac587c,2026-09-22T07:46:02Z,2026-09-22-35701213155
2026-08-31,652cb76caed8da30fd414180f554214ca074bc29e53a23161cffcf1ba2630f57,2026-09-22T07:46:02Z,2026-09-22-35701213155
2026-08-31,657528e3f890f57bda8922cd2ba88dd1d602c9534c0c1174cb25cb5a8e482019,2026-09-22T07:46:02Z,2026-09-22-35701213155
2026-08-31,657e6e93ead4ae13a3e7a7434fc1751bf7ccd661899fcab358f7acd15d5be4dc,2026-09-22T07:46:02Z,2026-09-22-35701213155
2026-08-31,65a2d31e1d75e02405d55fa5954287f29a47b7e17460f67503412cc1b6ac7de6,2026-09-22T07:46:02Z,2026-09-22-35701213155
2026-08-31,65ad93ade49fc665eb13ec4a4539ced06d62ccf5a1a40633be315bebe08ddd44,2026-09-22T07:46:02Z,2026-09-22-35701213155
2026-08-31,65e85541999391506cc16dc548e840708a544cb242972b5ff89fe6eb362b4c9e,2026-09-22T07:46:02Z,2026-09-22-35701213155
2026-08-31,66e6e6fcc25e98dafe0f5766eaad910ff866e9aacfecead150debbcfb1f176bf,2026-09-22T07:46:02Z,2026-09-22-35701213155
2026-08-31,67dfac55a532496168bf3ef5571688a014934b7235073d7ef9a9ebd08a37570b,2026-09-22T07:46:02Z,2026-09-22-35701213155
2026-08-31,680215fb5ab8ed7ebc2962d4f88e74e031feaebc86dd81a234d85ea6375e3382,2026-09-22T07:46:02Z,2026-09-22-35701213155
2026-08-31,681c59586d6962011ae950d719d22f5da074a88fe51fcad5c32080bab77f5227,2026-09-22T07:46:02Z,2026-09-22-35701213155
2026-08-31,6879c78f45b617845c3360554088bd8fdccda36e5fa131052c403f850c39ac40,2026-09-22T07:46:02Z,2026-09-22-35701213155
2026-08-31,68a8d5a36fc21b5bdcf1988b1c506ab5c6afb82d984a17b04a414456fe0974ce,2026-09-22T07:46:02Z,2026-09-22-35701213155
2026-08-31,68b3dc36c9511e23cda8d395b298600bede7b59c44215aa66626681b26ff5c82,2026-09-22T07:46:02Z,2026-09-22-35701213155
2026-08-31,69096789398941ad3188b31a98458943c0792cb909418ba26b22b67d156c65f3,2026-09-22T07:46:02Z,2026-09-22-35701213155
2026-08-31,6927c5d0bff533f72c3c86432016dd2f71d3f50727743be400479c8c619c3291,2026-09-22T07:46:02Z,2026-09-22-35701213155
2026-08-31,692eb793a2b24fb7eb32c4037770fcac73ca8e9b8bc84818cbcd329de1534cd8,2026-09-22T07:46:02Z,2026-09-22-35701213155
2026-08-31,69583439d6fdc180183c22ae9f2825cb3b0938c93fbc338cbb9a4f355453ddc9,2026-09-22T07:46:02Z,2026-09-22-35701213155
2026-08-31,695c0551f2922660d2d0a6ce8417e73a4944c1dc393ac423e822ed3338b9e294,2026-09-22T07:46:02Z,2026-09-22-35701213155
2026-08-31,698d7dbf5f2e3589571a510c35fc0d56e86207b6b6510acf7dc3ef4cbea11029,2026-09-22T07:46:02Z,2026-09-22-35701213155
2026-08-31,69d7d309d7911309e3b184a06c3bdc0d9e882ba8cb1e6497ee51b57c7449209f,2026-09-22T07:46:02Z,2026-09-22-35701213155
2026-08-31,6a660d95b3f27f4f97ba348e02792acac7438144b1d8275cf58b3a2fb17eed30,2026-09-22T07:46:02Z,2026-09-22-35701213155
2026-08-31,6ad4e11a7b2b367f4eff2b56306b4e0df057aafdd4cdf89de13fb13b9861b28c,2026-09-22T07:46:02Z,2026-09-22-35701213155
2026-08-31,6ada60cf91e7d0757af997384f2c10f96c1aedf03b37cf926d919f1c6f01b56f,2026-09-22T07:46:02Z,2026-09-22-35701213155
2026-08-31,6b0e7d02d807f18f6df96047efe3d5d489539d428560d26a8c69a22d63d00208,2026-09-22T07:46:02Z,2026-09-22-35701213155
2026-08-31,6b3083011aeb49b1cc1d670c7a6b978a0e574dd3aa04f209e3cfec07c825f88d,2026-09-22T07:46:02Z,2026-09-22-35701213155
2026-08-31,6b34b8009f84fd65b6a0b253d763302069475c119bbfbda3da9698be988b3848,2026-09-22T07:46:02Z,2026-09-22-35701213155
2026-08-31,6b434694308aa0f0480884d59606af1dc583b128a91fe47536b0c925c7a607fc,2026-09-22T07:46:02Z,2026-09-22-35701213155
2026-08-31,6b4c127e759041a1a23e72d226eeb056d9a472a013468ff70c3e6a584d4ec84f,2026-09-22T07:46:02Z,2026-09-22-35701213155
2026-08-31,6bbe2e4e4b6400574c7d81e1dd9e80950c9bd26cb2cc1b4eb9c53e2c9059eb89,2026-09-22T07:46:02Z,2026-09-22-35701213155
2026-08-31,6c152e01c191909aa038fe0dcf8286453ff563cd61d7c05ad7e360d6fd23ac5e,2026-09-22T07:46:02Z,2026-09-22-35701213155
2026-08-31,6c2214d8861ab3cadcd7697bd74e24a71f0afa983af1f568f1f0a93441329dfd,2026-09-22T07:46:02Z,2026-09-22-35701213155
2026-08-31,6cbe71e1c1a66bd958e4aa8343da115e5b704b460b64f5da8f7d6d40dbc98f0f,2026-09-22T07:46:02Z,2026-09-22-35701213155
2026-08-31,6d02a0161d6acd55f68f4157d5801cb2be94ed105b649bd8344f593b6c4374da,2026-09-22T07:46:02Z,2026-09-22-35701213155
2026-08-31,6d1ec7f2563f82c7d9a3f99d5b2151363f2cbb303b74fcd092809ff666d70396,2026-09-22T07:46:02Z,2026-09-22-35701213155
2026-08-31,6d7bb33d1a6c532f082310f5e402f0a56d9e2b252fb27127d2b111d9024ad295,2026-09-22T07:46:02Z,2026-09-22-35701213155
2026-08-31,6d897b78ae015d80adf2ef9404ef9d814b99b319c985816e3143a7558fc47e71,2026-09-22T07:46:02Z,2026-09-22-35701213155
2026-08-31,6d97fb5d10ee7d64baa6c20c6969ae17eaaff996d980e294ace5f9094590675e,2026-09-22T07:46:02Z,2026-09-22-35701213155
2026-08-31,6e1392ed922b59261c5ace26e13ac33e737bede18dea126aab812c2e604e2790,2026-09-22T07:46:02Z,2026-09-22-35701213155
2026-08-31,6e223f8bad511cbe1cc2e9babdc7134dd2a581ff3e6ca00470d88d739e044bb3,2026-09-22T07:46:02Z,2026-09-22-35701213155
2026-08-31,6e2aaa2b8b635ca607aa11b9ff906ee55f8928d1b51f3f83a92cce4939260eec,2026-09-22T07:46:02Z,2026-09-22-35701213155
2026-08-31,6e449916620971b273c3cf8ab5376e96c0851e3a64c853142c01bb652b90493f,2026-09-22T07:46:02Z,2026-09-22-35701213155
2026-08-31,6ea62994880b9063b1e6de49aa48eba084a403859713d5e1fac0b8606137f65a,2026-09-22T07:46:02Z,2026-09-22-35701213155
2026-08-31,6eff06154ab2e821638fff85f509f16a2df239faa08d736a1ce66e2e9302825b,2026-09-22T07:46:02Z,2026-09-22-35701213155
2026-08-31,6f607d513989b64acf07a7e9275b26534540a55f6cd1a1fcdd0bf10aa3f95025,2026-09-22T07:46:02Z,2026-09-22-35701213155
2026-08-31,6f65135b03e1c7dfc75d6bfb9f2ab4d49e80db7a0b38e646de2889672c50ecd5,2026-09-22T07:46:02Z,2026-09-22-35701213155
2026-08-31,6f853d311497a16f2195f53771ce92874f70bb46992a2903fc4b35c5226719dd,2026-09-22T07:46:02Z,2026-09-22-35701213155
2026-08-31,700452f4b5ad8bff2d31a9338047be6001e558bf9b63cf64e5094eda7f3ad51b,2026-09-22T07:46:02Z,2026-09-22-35701213155
2026-08-31,706584326df32654599fe36c067add447fc6e3ff75edea06e2e90597004ce709,2026-09-22T07:46:02Z,2026-09-22-35701213155
2026-08-31,70a107fb99a9f5064b316e875800eed01d61f71143cb39f966f069946f0fa6f5,2026-09-22T07:46:02Z,2026-09-22-35701213155
2026-08-31,710841bbbe21742dabb6b0426afa71bc98dfbfb5d4998f73e9a17e6b0ffe5047,2026-09-22T07:46:02Z,2026-09-22-35701213155
2026-08-31,71752ff66e2bb953fc55dcf61cda8f78972d967d70b3eff1852c110198ea56e2,2026-09-22T07:46:02Z,2026-09-22-35701213155
2026-08-31,719521102768aac581ad975a1ad3d5ea5c84f2423ca678c2c3162386cdd1425e,2026-09-22T07:46:02Z,2026-09-22-35701213155
2026-08-31,71da555c0cd231b5e0be077253f9934b001ff27ff685f99ee7e29ef8d0718718,2026-09-22T07:46:02Z,2026-09-22-35701213155
2026-08-31,7209d62c98191a25a1a74222f0ee849c6269e4ee45b9096ab7e2153232b7f356,2026-09-22T07:46:02Z,2026-09-22-35701213155
2026-08-31,7217d1943403d3d8126654639a51d5644171d302f0fe49e20e6dc26cc9d0f2ea,2026-09-22T07:46:02Z,2026-09-22-35701213155
2026-08-31,72440d8bed0f8bc762ecbef798e8f04df1c10ff4e14b3f44b5ee05f198ee44c5,2026-09-22T07:46:02Z,2026-09-22-35701213155
2026-08-31,724b0d550204a14d5766c26cc687d81491b4406c79978c8c7e62ebb361d673b8,2026-09-22T07:46:02Z,2026-09-22-35701213155
2026-08-31,729778cb8f2350a33f594d6cc1b7c2c3ce092e8f913a27fdafaf6bc697fd435b,2026-09-22T07:46:02Z,2026-09-22-35701213155
2026-08-31,730cc833c7f82cfa1108ecb0e7fa7ad526321022e6d054d82e6c5043790cbf10,2026-09-22T07:46:02Z,2026-09-22-35701213155
2026-08-31,73937446b4e6586a5b3f5a66022ff6f048f183aba17dfd4ab1a73969b59ebedc,2026-09-22T07:46:02Z,2026-09-22-35701213155
2026-08-31,73ca80cbd0c2ca0af2543759fa58a9965d1ddf1697ede79a917d08e91585452d,2026-09-22T07:46:02Z,2026-09-22-35701213155
2026-08-31,73e1c737a35a2cfbbb051c7def271ab9bf2e73bbf16ed0d5ca3c97e1daf7b52f,2026-09-22T07:46:02Z,2026-09-22-35701213155
2026-08-31,73f3e3f3d98a7861e749f3380bf3c9bdc4ff4c81c9a8b7a8e6781aadf4015fe4,2026-09-22T07:46:02Z,2026-09-22-35701213155
2026-08-31,73ff719db40ec9aaa3fd43fea3ecfc468353a46e341d73bcd95bcc36c0054a59,2026-09-22T07:46:02Z,2026-09-22-35701213155
2026-08-31,7448e40719b532320e1f65cfacf47c937357917e842b5edbb5a8ab331c3da802,2026-09-22T07:46:02Z,2026-09-22-35701213155
2026-08-31,745ad5c8c49f9d62c1576d06e5d551af63177b482ff7ac3f06109cbb7d58f07e,2026-09-22T07:46:02Z,2026-09-22-35701213155
2026-08-31,748ae7ef95eaccb4ef2c38fb3515b297fff26cbba747e7be2c9dd612512a1d96,2026-09-22T07:46:02Z,2026-09-22-35701213155
2026-08-31,74ad6699c38771c2cd483140d6b81efe73cb4ecd0428bb1b78a9a5a07581df25,2026-09-22T07:46:02Z,2026-09-22-35701213155
2026-08-31,74b75a8a1b5f7f78fe6a038cad191025016594143e9c822e8fc74e4db2c34fc3,2026-09-22T07:46:02Z,2026-09-22-35701213155
2026-08-31,74f4c575df4d18b9a7006a383cf556e480db8acc9c4c8b4b95aaec2a900a9d22,2026-09-22T07:46:02Z,2026-09-22-35701213155
2026-08-31,753fabd0b1bd8929aa04b06ccd7b14b0381af10e03de6698b4da41f69042cb6f,2026-09-22T07:46:02Z,2026-09-22-35701213155
2026-08-31,7594ff0403f197bf181ea00ecf65064d70be984ccb5a4adf8a4fff54a9051eaf,2026-09-22T07:46:02Z,2026-09-22-35701213155
2026-08-31,75b833f3e4be8d58344c93d0624d664833da57fc14c24884d298eb1d64f119b6,2026-09-22T07:46:02Z,2026-09-22-35701213155
2026-08-31,75d252d498c3f174b34bec4f33936f0e62e9756b085b02c9f0d93e9f1b498765,2026-09-22T07:46:02Z,2026-09-22-35701213155
2026-08-31,76190c19a4be1e2f2cb74c2fc61d061a8d2aa33e8a82098bff7fd8666e6e2660,2026-09-22T07:46:02Z,2026-09-22-35701213155
2026-08-31,76df7157d4f455b46c913d1670930c61628212dd5820014e1f75708e56b92ed8,2026-09-22T07:46:02Z,2026-09-22-35701213155
2026-08-31,77313d74bcb8093b9abdfb17694bd890914cb17218332c8bf0e8d35c27c228cc,2026-09-22T07:46:02Z,2026-09-22-35701213155
2026-08-31,77316ff12bebf3f97ab8c1d4015d0182f43fb65512cbb3adff81b3cc7553c14b,2026-09-22T07:46:02Z,2026-09-22-35701213155
2026-08-31,776e60af5c0aa41b504cf0c4234b6d55b4fd5324f450faed5c26ba07913ea728,2026-09-22T07:46:02Z,2026-09-22-35701213155
2026-08-31,7776c447179df49c2ce1fcbb06e3f3635d00414d329af84715bfe72ec044cda4,2026-09-22T07:46:02Z,2026-09-22-35701213155
2026-08-31,778c0ec623a65e59cebd141520c1f2a701b412bc06c77171421ba122c296fc59,2026-09-22T07:46:02Z,2026-09-22-35701213155
2026-08-31,77ac99e861ca78160c763854cab55f4ed80a43f1d1346c6bfacbba484d8392f6,2026-09-22T07:46:02Z,2026-09-22-35701213155
2026-08-31,78163597f8fe1d065fa146efd4f78659e35b400a028639653560f9369c002d4d,2026-09-22T07:46:02Z,2026-09-22-35701213155
2026-08-31,790cf36b99eec5abd380bb664c1d179ccdf8b75aad0f37f3e9fc9ed86bd0d812,2026-09-22T07:46:02Z,2026-09-22-35701213155
2026-08-31,7969d084d7d6aeccc13ee1052da56b4e54ab9cca77f363505e17e105361820d7,2026-09-22T07:46:02Z,2026-09-22-35701213155
2026-08-31,7991074ad46badc38577ec2415130aa1629140c5d31761a4c4b639febb1a401d,2026-09-22T07:46:02Z,2026-09-22-35701213155
2026-08-31,79d70870e6cab21085530613d8a421891a544842639b7e27ddfddd467a34139d,2026-09-22T07:46:02Z,2026-09-22-35701213155
2026-08-31,79dd746b126367084924b74fb3a9616dca248168ad4294c9d3961c10f76c505d,2026-09-22T07:46:02Z,2026-09-22-35701213155
2026-08-31,7aa59a5024a52905d1881dbc4afeac74ce554b5fdc0af7458c45e6df379e8c9b,2026-09-22T07:46:02Z,2026-09-22-35701213155
2026-08-31,7aba1c53571ffa0c9d209314a117e9c8484d7e6bc360f7224405bb6cd7efc89e,2026-09-22T07:46:02Z,2026-09-22-35701213155
2026-08-31,7adcd72f8f852a2f336f790c4d2ac03405fa21aa18d00e47380a7838d8c5b2b7,2026-09-22T07:46:02Z,2026-09-22-35701213155
2026-08-31,7ae720ed5775680c92ccfff78d6048f82bdd69874d46c4170ca05a7df0005824,2026-09-22T07:46:02Z,2026-09-22-35701213155
2026-08-31,7b7630e2d1ad1b4aff64703f2c55fd4346eafced7f00f266f284cbd4f9e56bc7,2026-09-22T07:46:02Z,2026-09-22-35701213155
2026-08-31,7b8c797e63803e762fb21014cacb1b9262cf1deb8da0de4dd3ec1fc8225a1bac,2026-09-22T07:46:02Z,2026-09-22-35701213155
2026-08-31,7b9c05997099c8803e840ca660edfb7b3ea831be3fa03801c9a05ae7c6e81fcc,2026-09-22T07:46:02Z,2026-09-22-35701213155
2026-08-31,7bf5cfbe37e9c9660e83b636da14208c6e6c6567eaa5d1713c3a2a57c49613ed,2026-09-22T07:46:02Z,2026-09-22-35701213155
2026-08-31,7c7379e17405ec0f71817954976d981605ca6e5da161d44699e42a73f55bbda6,2026-09-22T07:46:02Z,2026-09-22-35701213155
2026-08-31,7c90b292a1a1db19437146ea5c30defe788d7c81ac5b8b58d0548e90961c98c8,2026-09-22T07:46:02Z,2026-09-22-35701213155
2026-08-31,7ca8a94c80a2ea2a5601e271c32e19210427d57fd5540acd39914bdbee1d18d5,2026-09-22T07:46:02Z,2026-09-22-35701213155
2026-08-31,7d657e27edb6e54a52e329ebcff16278dba99d1d94e7244efa4028b7be699656,2026-09-22T07:46:02Z,2026-09-22-35701213155
2026-08-31,7daba8694b21986bc274937c2a502b8b614ed1292728329a35cf100758cece36,2026-09-22T07:46:02Z,2026-09-22-35701213155
2026-08-31,7dd02d91ebd64abac2232a9126756d5e0327b55daa89097c12191a29f9f9447e,2026-09-22T07:46:02Z,2026-09-22-35701213155
2026-08-31,7e57b9752c338041c6027d5c4ea978be3110a8503b2611c4587cb6561c253048,2026-09-22T07:46:02Z,2026-09-22-35701213155
2026-08-31,7e5fb4299f0fa1c7351c9985eb556af53f58c5d2e2f381dfef0fea832c89f8c9,2026-09-22T07:46:02Z,2026-09-22-35701213155
2026-08-31,7f6f6a809275e511b2b60717bd27f5faf4e5234ef71ace25ca5d0ac181370826,2026-09-22T07:46:02Z,2026-09-22-35701213155
2026-08-31,7fe5584045a0bd09e35ab013df167ae6aa18baa9bc2705ff63bb977efb8d78b0,2026-09-22T07:46:02Z,2026-09-22-35701213155
2026-08-31,801be067eda7b5592f0a9b480814107a5261c3c3cc618f188bca95c3244afee4,2026-09-22T07:46:02Z,2026-09-22-35701213155
2026-08-31,80b8518a5085c1138926bbab926a07b289899ced0fe260821a6fa5a0afb0d7c3,2026-09-22T07:46:02Z,2026-09-22-35701213155
2026-08-31,80c40ec6ab21ca61b8115169079b0de651dfa1a2d00868c89ae6eb6ba18d4f38,2026-09-22T07:46:02Z,2026-09-22-35701213155
2026-08-31,81b7a6e83929c0305c14712709c58f7749ef7596ea4594d78463d715741d29af,2026-09-22T07:46:02Z,2026-09-22-35701213155
2026-08-31,81e9879a168e86c173635964c3f6c69563e89146fbfd3d795b70a96b1606674c,2026-09-22T07:46:02Z,2026-09-22-35701213155
2026-08-31,828667e23a5e48350cced76122502ab4a1006d4335dc98084b61662427cab926,2026-09-22T07:46:02Z,2026-09-22-35701213155
2026-08-31,8294115a5e35beff5e8c369dd69496bae905e0b5a899bdbd8a90cf5c9dc49adc,2026-09-22T07:46:02Z,2026-09-22-35701213155
2026-08-31,8299d9c54b54d0b14fd665ce5665bb65d459de3e6f97b9d7a6018d749dac895e,2026-09-22T07:46:02Z,2026-09-22-35701213155
2026-08-31,829ef96110a5daf87bb5810c64b2a5a18caa9450c29688e8f955516352633576,2026-09-22T07:46:02Z,2026-09-22-35701213155
2026-08-31,82df071bdc7569d67370a00419f138e874d68428152d115b11a1d5d0b4588476,2026-09-22T07:46:02Z,2026-09-22-35701213155
2026-08-31,830f618365992a7b1bfb4b2cd8a4a9ac5a8231ffcc572c983bf3b990b32ef93e,2026-09-22T07:46:02Z,2026-09-22-35701213155
2026-08-31,8324d40565813777bcd5de3115c6ce4d9b9c5e666e12b2191815981a369bc715,2026-09-22T07:46:02Z,2026-09-22-35701213155
2026-08-31,8360d935f513f0976d80f85f0d8c287d8840ef45abd433093f9eb44ea287882d,2026-09-22T07:46:02Z,2026-09-22-35701213155
2026-08-31,83d303c3b964fd062acaf2d0de156fc0e37df736a8352a24a79963226fdf23c9,2026-09-22T07:46:02Z,2026-09-22-35701213155
2026-08-31,83d5a4f9772aa6cc9411d9f323d8bc7bfd22225297ac1454180130df1f433c87,2026-09-22T07:46:02Z,2026-09-22-35701213155
2026-08-31,84453e27b71385b2267a92be91c41fe88a139ecfa2dc9cac81675c77b81c7c7b,2026-09-22T07:46:02Z,2026-09-22-35701213155
2026-08-31,84860f5b6035a0b17659969d4b6c9a2912d8e0f57afebfb92e1531d17f534564,2026-09-22T07:46:02Z,2026-09-22-35701213155
2026-08-31,84af64bd3bdfffe92ce880305ce98eb6c5ac7e14e453e65e5e91e6c116b695e6,2026-09-22T07:46:02Z,2026-09-22-35701213155
2026-08-31,84fc8b7d8a8bb2047832afb7dab09d8831f638a9eacac2676f8103e168786ba8,2026-09-22T07:46:02Z,2026-09-22-35701213155
2026-08-31,852e3b728a1067d22592e473616c488b932b73bc2d10ac750d92b43ee8a682a0,2026-09-22T07:46:02Z,2026-09-22-35701213155
2026-08-31,85483411a7b8f3c7002bf54a2b4e3d09d8f00a417544cba50d4f6cafe55477fd,2026-09-22T07:46:02Z,2026-09-22-35701213155
2026-08-31,8591481021e4a02c0a7323d401bf2095292455f824df7983de465b66f0d0ecee,2026-09-22T07:46:02Z,2026-09-22-35701213155
2026-08-31,85f415db3c56ebcfde1c01177d203823a80c361c947039f4823d9c233fe53e8c,2026-09-22T07:46:02Z,2026-09-22-35701213155
2026-08-31,865c6727db571de38319bd4f4cd08ecf4f6117a0c973f892818d4b9a892d1b4d,2026-09-22T07:46:02Z,2026-09-22-35701213155
2026-08-31,8684f5c6aaa61e8867a92cecb4be161e33b455848579773a533ae026d51628d3,2026-09-22T07:46:02Z,2026-09-22-35701213155
2026-08-31,869dca941ab5e8e50d664cbcc100bda605a7c90f272e68b8cb8660c8f9ce41f9,2026-09-22T07:46:02Z,2026-09-22-35701213155
2026-08-31,86c69a13a0c78c041b472d6a76f5e4590ce01e197f56406263ad3eb1d4af7f12,2026-09-22T07:46:02Z,2026-09-22-35701213155
2026-08-31,87d831623c2d598dc42cdb18949ca873d4f844deac333f9b1d7e00f608ff7238,2026-09-22T07:46:02Z,2026-09-22-35701213155
2026-08-31,87ef8b5625abe8f731fe2a7c7ece3e5335942cd1ea6f29e23bf944d04acf3ede,2026-09-22T07:46:02Z,2026-09-22-35701213155
2026-08-31,87f64435f2a63a6223fe6da823b33644451347e82d38fe86ccc0900c1297f397,2026-09-22T07:46:02Z,2026-09-22-35701213155
2026-08-31,880832ae6e17e7ef652dd8d925635e7e2e4ff3ba74d9aabe75af5c06d2577c14,2026-09-22T07:46:02Z,2026-09-22-35701213155
2026-08-31,880c63ecf4e668d2a9f9978684bf082e7416a47ae89dc6af64851676a6900e7e,2026-09-22T07:46:02Z,2026-09-22-35701213155
2026-08-31,88ce687bb1203ad1090c15441da9733758b08eb80102d23c333a8d8a126a1c85,2026-09-22T07:46:02Z,2026-09-22-35701213155
2026-08-31,89806a1a23e2daf8303a539665e96e1576504982543f6015673b94caa7f0211d,2026-09-22T07:46:02Z,2026-09-22-35701213155
2026-08-31,89b5e3b110d56e5fc328e747bff09fd82d37def9b182919d9ef1004091731e6f,2026-09-22T07:46:02Z,2026-09-22-35701213155
2026-08-31,89d534e2bd2edf99332f6b28355a479e932fd03d0d3e921e226e9c749624ffb2,2026-09-22T07:46:02Z,2026-09-22-35701213155
2026-08-31,8a785c24bdc549618c96040111f2f4fb129ba691807ff31555305abb0a3472f5,2026-09-22T07:46:02Z,2026-09-22-35701213155
2026-08-31,8a79c329e723b4c70aeb6440e2019969ad23c5b3a7c98ad7d493523c0309451d,2026-09-22T07:46:02Z,2026-09-22-35701213155
2026-08-31,8b1531f8b32d47d7147d928e6d82ba6265a6c9aa4f631ec416d7742e68ce0f54,2026-09-22T07:46:02Z,2026-09-22-35701213155
2026-08-31,8b9b679dee20ecbd7748e51ebb25aa7524bf13d1da0de88bf0871cc1f33d4779,2026-09-22T07:46:02Z,2026-09-22-35701213155
2026-08-31,8c69db0d3d99efd1444fd0b5c88390a4d70bf5b030efe1d6bd477ef579b7f8ce,2026-09-22T07:46:02Z,2026-09-22-35701213155
2026-08-31,8ca3b7e4a884e6daeb265c787b812d7aa69f008255edc86a10864a3217474a69,2026-09-22T07:46:02Z,2026-09-22-35701213155
2026-08-31,8cde29a3d7f237667ea1b9eb51afb4b5bc2c419dc0aa03d0515f020949b227ac,2026-09-22T07:46:02Z,2026-09-22-35701213155
2026-08-31,8d0908c17bfeb12b21488f15098f42a07bdf730f352bd5c24c0c58fefd70e506,2026-09-22T07:46:02Z,2026-09-22-35701213155
2026-08-31,8d33881514ed990d7d26aab5883b27b375d314107d0e7b2cb9a733fe5980f6f1,2026-09-22T07:46:02Z,2026-09-22-35701213155
2026-08-31,8dd880d88e03b2b303f2a9180d3acabc6b656530173097cbd135909f7a050759,2026-09-22T07:46:02Z,2026-09-22-35701213155
2026-08-31,8e20fdc0aa9724267c0cf302f580bd54e0150188185bd72a0052df77db40e37f,2026-09-22T07:46:02Z,2026-09-22-35701213155
2026-08-31,8e9b42e5d4aebbc25448ee3b5ae25b9bccb4ae69d1281e75b0ca70456650fef1,2026-09-22T07:46:02Z,2026-09-22-35701213155
2026-08-31,8f34b797517e84531bfbdc4a14c4ca5a8ffcd7411f6ab4013f68a716400e3abd,2026-09-22T07:46:02Z,2026-09-22-35701213155
2026-08-31,8f6ce08b10a83ae93462de083809e5ddb5768bb36700f1ed2a46cd4d6b0c30f3,2026-09-22T07:46:02Z,2026-09-22-35701213155
2026-08-31,8f7bc04f4702cf4e4b10a0fd7e261467e140b59ce0a966607ba40e992fb4837b,2026-09-22T07:46:02Z,2026-09-22-35701213155
2026-08-31,8f82b90a3e4dea00b54a286760ad22c30e7c2f57f6ec8d4d04e6ef515e736109,2026-09-22T07:46:02Z,2026-09-22-35701213155
2026-08-31,8fe4474fdbb9c4c46a22f878515427114b676069cfc965f6786182578d7743d9,2026-09-22T07:46:02Z,2026-09-22-35701213155
2026-08-31,8ffa4f5a4f012445ac84c8b554bae9831ae0af663ed5ca2458a191b8949ca7c3,2026-09-22T07:46:02Z,2026-09-22-35701213155
2026-08-31,9045882dc70c004faf7e4df2e264f46bf67d2754e46991a14d34d819926399a2,2026-09-22T07:46:02Z,2026-09-22-35701213155
2026-08-31,907f44a912f62cdf23f48bbe9473f367deccc4143b1e48d949d492a167b5b4fe,2026-09-22T07:46:02Z,2026-09-22-35701213155
2026-08-31,9081a7fb450f096c60d8f20528ce326327bcf3aa8378c2fa28321cdc0c82d34d,2026-09-22T07:46:02Z,2026-09-22-35701213155
2026-08-31,909c690909bc04ee8a83f370483b36726ddc7d30e98b27837450a914742023f3,2026-09-22T07:46:02Z,2026-09-22-35701213155
2026-08-31,90a8a364b2d429021b7e569cd317b31abeb7a1812cf3b0eb91a8c0cc73bb7fe0,2026-09-22T07:46:02Z,2026-09-22-35701213155
2026-08-31,916cdf3cd9c0d5fc1a4ce785341b6a95d2d4faeb3e43bb427a0a15864b577752,2026-09-22T07:46:02Z,2026-09-22-35701213155
2026-08-31,91c94f848761ed3ca22d41709d2661b22e759a0158c70762e2fa45fa3bac47c2,2026-09-22T07:46:02Z,2026-09-22-35701213155
2026-08-31,91cb1ce1fcefdb3987b25cbf0c4cf92bcd2ec8165a171af4c49917bd705a7e4f,2026-09-22T07:46:02Z,2026-09-22-35701213155
2026-08-31,91f769da31cb76de8d0f69fc0356d51898e580681a60a920f3b852ce61bbd071,2026-09-22T07:46:02Z,2026-09-22-35701213155
2026-08-31,91fdb4b7975ed16b33b6587a19fb36bf0301f9f5254d44ded9d52e5f9391fec1,2026-09-22T07:46:02Z,2026-09-22-35701213155
2026-08-31,92078ebd728397351d7f3c018d1d9efa37f996c924077f70a5e86ebf8643c152,2026-09-22T07:46:02Z,2026-09-22-35701213155
2026-08-31,926620bfd7cf810b01a719c38d4fc4d33d0403647139f7d5762acb23af449422,2026-09-22T07:46:02Z,2026-09-22-35701213155
2026-08-31,928ca9dcdc201b3ddb6bdce99244a3d478fffe50cc5376c5d11667cb90e60dc3,2026-09-22T07:46:02Z,2026-09-22-35701213155
2026-08-31,9293628816e05ee4fa44dea110022d571cfde8f4cef5ee4ecb26b9d92cc63a0a,2026-09-22T07:46:02Z,2026-09-22-35701213155
2026-08-31,92ececf19df3dbc37bcf1d51b0d7df1a5c9a406f2dbca1d737f98edb3aab82e5,2026-09-22T07:46:02Z,2026-09-22-35701213155
2026-08-31,9335c4fc2594773abf24f0d3e4bcebbd962abd5a25f7f54af2e2ad2507089801,2026-09-22T07:46:02Z,2026-09-22-35701213155
2026-08-31,935551fb1b1475a841dd4137aeff46dcebf60d56cb4b06ab584345a05fbd84e9,2026-09-22T07:46:02Z,2026-09-22-35701213155
2026-08-31,93e6a5fc593e394533d99932cec17b8bbf671f4bfa6dcfdc62fab0f26a5bc613,2026-09-22T07:46:02Z,2026-09-22-35701213155
2026-08-31,941b56cd6df389e6ecebd9594e16858b96b6be60a03ba6b270e7db3d88157b31,2026-09-22T07:46:02Z,2026-09-22-35701213155
2026-08-31,945a836186f1704cce33881a09979d5bc3e2f44570fec340df6a23d72418c6b0,2026-09-22T07:46:02Z,2026-09-22-35701213155
2026-08-31,94fb12585d897f8ae407d38308a8531ee7d8e73127d0b9036e8f3f7daeecadb0,2026-09-22T07:46:02Z,2026-09-22-35701213155
2026-08-31,95b762cc03ad3176f90027eabe0e18cbdceaf96573827890c7faadb18e952e52,2026-09-22T07:46:02Z,2026-09-22-35701213155
2026-08-31,95f9c030ee1882c554a19290a62e6d565f6a9f80e381909a108330abb56b23bc,2026-09-22T07:46:02Z,2026-09-22-35701213155
2026-08-31,9609ef4a0fdb9942cfc24c273e9e83947a8e89677587f9f34b46ab062fdb57af,2026-09-22T07:46:02Z,2026-09-22-35701213155
2026-08-31,96152c5baafbe9c7e26a8315e00911337416c264baf7dc27a79be8a7829081d0,2026-09-22T07:46:02Z,2026-09-22-35701213155
2026-08-31,9636614e0478bf6429ed9acf53bac7391bea209dab29c333cf4deee4b238b799,2026-09-22T07:46:02Z,2026-09-22-35701213155
2026-08-31,96510ae508636024b5a39fd389e0520ba8be80ee3f2e119125696ecc67ee25f6,2026-09-22T07:46:02Z,2026-09-22-35701213155
2026-08-31,96780b81c99476c1d281b7822fea10727e8c3fa8818d48d9fb8e4202bed2ee55,2026-09-22T07:46:02Z,2026-09-22-35701213155
2026-08-31,96975cc88a4c6c03f71211f09ad9026fc371c006ac708da3b9db81af7f44c1de,2026-09-22T07:46:02Z,2026-09-22-35701213155
2026-08-31,96b70c6f27b9b1060631c89dfbf40ab560639eb88d19dde7aac7a4ce53ee2c46,2026-09-22T07:46:02Z,2026-09-22-35701213155
2026-08-31,96efbc64b87351ac6eba4b6d85f4624b949e1090e478eaaa81f834b95aed3a86,2026-09-22T07:46:02Z,2026-09-22-35701213155
2026-08-31,96f348f7e91a89370b30d577920c810d1ea5a1e6d58239f2519545aafb6871d3,2026-09-22T07:46:02Z,2026-09-22-35701213155
2026-08-31,96fecef59a6a70bb3ccf1455e05bd5585ef9bfcef4184e079fa6962ffbee6721,2026-09-22T07:46:02Z,2026-09-22-35701213155
2026-08-31,974606c537794712f15eac1911613877af4d4532d4f14a46b47e5a34fbf6ef8f,2026-09-22T07:46:02Z,2026-09-22-35701213155
2026-08-31,97664b066dd23d5bde4894527ad9f91c7e02c609b81ea5d8df3a3450e246c10b,2026-09-22T07:46:02Z,2026-09-22-35701213155
2026-08-31,988317dc86a1095d971432e9739533168c12d0792e44e42b00a798104806a992,2026-09-22T07:46:02Z,2026-09-22-35701213155
2026-08-31,98a3a6a14b53b96f771361609aa7bb5640f5df5f6767406476cff081b85a58eb,2026-09-22T07:46:02Z,2026-09-22-35701213155
2026-08-31,98b51930463a4dd75d3727d422d7c6a1d1b20f7b9d3b35bd5bdd8a6aa24b9233,2026-09-22T07:46:02Z,2026-09-22-35701213155
2026-08-31,992d5f369841fe58cf76abd367d60600c4e623573c4fe6bcdc88dde6203616ad,2026-09-22T07:46:02Z,2026-09-22-35701213155
2026-08-31,9959d07fd1fd2c45e6275d1555fbaa32d06e8e10b13d8226dd5b98d0d07b10ab,2026-09-22T07:46:02Z,2026-09-22-35701213155
2026-08-31,99cdb31db9c018fff68d9a9ddc5c026bf0fb27a3a5e2817e33346ce98064189d,2026-09-22T07:46:02Z,2026-09-22-35701213155
2026-08-31,9a5d0b21acc7d275172f9c2beabaa99a67c3d227fb180d1632c28212feffc458,2026-09-22T07:46:02Z,2026-09-22-35701213155
2026-08-31,9aad3d9761a41197eac9ff2ffa50021a7496a67129a72bd0dd36ac604bbd0b90,2026-09-22T07:46:02Z,2026-09-22-35701213155
2026-08-31,9af2aca992b98571d71249fcffe6bb6178002720ccc21dd7801021a738249827,2026-09-22T07:46:02Z,2026-09-22-35701213155
2026-08-31,9b2745b3f19fc69f0b8a79850c9e6c66d417176973e7b6ed29fe811d3a9d5b29,2026-09-22T07:46:02Z,2026-09-22-35701213155
2026-08-31,9b6867370e58234613b7aaacb765c5e24f8bddb9c34762dc770b1420d5e58d72,2026-09-22T07:46:02Z,2026-09-22-35701213155
2026-08-31,9bd5c2a6325d68688ccb2c727117f21c6f07aea7c18e889ce89066d8a095be6a,2026-09-22T07:46:02Z,2026-09-22-35701213155
2026-08-31,9beb71b7d171ef1904e78f6e730cf22e76d68617b364a1575837f07b21995b46,2026-09-22T07:46:02Z,2026-09-22-35701213155
2026-08-31,9c1cf431685f38331220cdbe26cdfaa20e257e6eb29adbbec404ca298f8e29a3,2026-09-22T07:46:02Z,2026-09-22-35701213155
2026-08-31,9c1e31c36fd1eb23ee6385f7a5aba156e495a830d62022cfc4c904b952c51557,2026-09-22T07:46:02Z,2026-09-22-35701213155
2026-08-31,9c479341358b6280f22c0d6623edd1314d585569bbca485bcccc5c12607f2a6b,2026-09-22T07:46:02Z,2026-09-22-35701213155
2026-08-31,9c538624b318afb3f72b0644225d9512a8a4b8be7a6ca8a5bdb4fe540f495094,2026-09-22T07:46:02Z,2026-09-22-35701213155
2026-08-31,9ca9425e22f1dc8ab8f466a44fc73a317acbe261cb83322a90b4aca8af009b8b,2026-09-22T07:46:02Z,2026-09-22-35701213155
2026-08-31,9cac9655c4ad62b968621c793a775549fd7f31718a3e1297cb5ec6051a25f703,2026-09-22T07:46:02Z,2026-09-22-35701213155
2026-08-31,9cb7143a1471d3be54c0daa2835a02b4109b80c3a76de9a89b11366438616948,2026-09-22T07:46:02Z,2026-09-22-35701213155
2026-08-31,9ccf386b8c62d0958adba7399544ca8410fa075f0b7ef97e8320f3fa899ef39f,2026-09-22T07:46:02Z,2026-09-22-35701213155
2026-08-31,9cf77c16a1aa971d8dac8beb9cf8cd7b975653eb3de4656177577b4c33eca4b6,2026-09-22T07:46:02Z,2026-09-22-35701213155
2026-08-31,9d66d8762a1c2f9325ec46e88a45de2144ad4b3d4165bb5613c2a83dc0e32ebb,2026-09-22T07:46:02Z,2026-09-22-35701213155
2026-08-31,9da36de3f8b236028f87cb27544f01ef80d2c3c3202259b92257f52f5bfe1f44,2026-09-22T07:46:02Z,2026-09-22-35701213155
2026-08-31,9dcbce6390305998dfcb9940dbeb9835c2801c8be0a33159c0546a023740b64d,2026-09-22T07:46:02Z,2026-09-22-35701213155
2026-08-31,9dfd162b4fd2d44591353573c8e5c4a5e969de1829bc3449fa7c07bca7257f8d,2026-09-22T07:46:02Z,2026-09-22-35701213155
2026-08-31,9e0dc2076925d7752c7c0ac73c133ce1436dd7b53e737d1a835558bab9f2b67e,2026-09-22T07:46:02Z,2026-09-22-35701213155
2026-08-31,9e4b2d461b4abd51de77eb24da0011b4fcd7e18863ceb4ad1fdb00a8c11820b0,2026-09-22T07:46:02Z,2026-09-22-35701213155
2026-08-31,9e8bb10bf6d5c08e5d6fc3f7eae44c35e23c9fc797d1029c7b54178b59009101,2026-09-22T07:46:02Z,2026-09-22-35701213155
2026-08-31,9f92f97b8de8ddd880709ebb0a6d83e48227e8a6dbe7584de8da73c5e9ec509f,2026-09-22T07:46:02Z,2026-09-22-35701213155
2026-08-31,9fc7c00e07cccc902e27ae088028939deba2958dfa46b3edb9d282160e15f28e,2026-09-22T07:46:02Z,2026-09-22-35701213155
2026-08-31,9fdcc8b2483f0097aa09565c75e3dab3796585c434df8b76240b1ac0200e007a,2026-09-22T07:46:02Z,2026-09-22-35701213155
2026-08-31,9ff641742c06403619b23eaff18921d5a9a3fc69843aa1cd85f5ef364af3fbca,2026-09-22T07:46:02Z,2026-09-22-35701213155
2026-08-31,a0673ff636df886af6069306663280cc26ae3923b6ed19699738fcc1c1cc7214,2026-09-22T07:46:02Z,2026-09-22-35701213155
2026-08-31,a0682e459e0553d35c03f3e902788b047f50d3beff1b32c2bf61c96369ca38e4,2026-09-22T07:46:02Z,2026-09-22-35701213155
2026-08-31,a06d7ac643400c39afcb1b2fe6c3ee08aff00da93f4fbb4153d0e9c81f5a951c,2026-09-22T07:46:02Z,2026-09-22-35701213155
2026-08-31,a09564cb8e9615c26c5b2665cd51473cde5b7b8b58b0a8c24bead7a27be6930f,2026-09-22T07:46:02Z,2026-09-22-35701213155
2026-08-31,a0c6fe4ec27dfd18e011f130acc6786c001ab0326574863ea7079217372626dd,2026-09-22T07:46:02Z,2026-09-22-35701213155
2026-08-31,a10c6c361e1fe1034e4331f2d907601f866601f63b0670412b75e2eb6472b280,2026-09-22T07:46:02Z,2026-09-22-35701213155
2026-08-31,a14d8a001e2bdd9c9a3edab43c0d64cfd3197a7ee5fc6b21ee7a2155fb741b19,2026-09-22T07:46:02Z,2026-09-22-35701213155
2026-08-31,a165bb39b5203d3c7c38a335793ba6ff2e3fee0bb6c86d10614d0d5726f34ed2,2026-09-22T07:46:02Z,2026-09-22-35701213155
2026-08-31,a19a0ff67cd42f8d594fa815f13952493950eb66a630cb499355b5cd3409be2c,2026-09-22T07:46:02Z,2026-09-22-35701213155
2026-08-31,a1f5364c1593ba41edc30f04fba231b685de9fd5a1d37ac752c7d7db07f50c90,2026-09-22T07:46:02Z,2026-09-22-35701213155
2026-08-31,a22887b502b98de7287cb105260363057b0d78945a2eb3fa6a75279dac53997f,2026-09-22T07:46:02Z,2026-09-22-35701213155
2026-08-31,a3074029476cf7325c93f2b489ed7d8df6d6060a3d42324a7bf07d70fcf7def2,2026-09-22T07:46:02Z,2026-09-22-35701213155
2026-08-31,a3642fad95a4073cbd9dd3c1c07ed48ded5cad07ac51bb334ce8720bb7072db6,2026-09-22T07:46:02Z,2026-09-22-35701213155
2026-08-31,a3815616c3feecf326348a6a83bc6998e2d94969f50059f4ccbc1d8824ec7e79,2026-09-22T07:46:02Z,2026-09-22-35701213155
2026-08-31,a3ed8fbc2385f4709c22a7525baae6fba6a4b35120b84968acb9ab8f2f52449d,2026-09-22T07:46:02Z,2026-09-22-35701213155
2026-08-31,a40a43be5ce3d4a8690f453803fbac36d3be4bb65fdbfbf6d8cc3718d553d621,2026-09-22T07:46:02Z,2026-09-22-35701213155
2026-08-31,a42a7c5c2c092f86440fbd45bdd5db99443b534bdd90bb2867af891f70f721e0,2026-09-22T07:46:02Z,2026-09-22-35701213155
2026-08-31,a4fca969b10ab7187adf0458a0a7de98bac67cb61eb5f34e199442fa5790b28d,2026-09-22T07:46:02Z,2026-09-22-35701213155
2026-08-31,a552b9640ebd29e9961692651032a0a4001507af9dfaf72473f9ad1bf67872f5,2026-09-22T07:46:02Z,2026-09-22-35701213155
2026-08-31,a5b8e7047b53de0379e567745355ef6a2b9cf83e8ed4ab1f1a89beb25b0e1c58,2026-09-22T07:46:02Z,2026-09-22-35701213155
2026-08-31,a5d440500b4bea1fd49ff4bcda94888aab8a7267685c85597fb33184bbf37a54,2026-09-22T07:46:02Z,2026-09-22-35701213155
2026-08-31,a612089c0372ba5b8f66fc0df3116165b40a1b0c42fbc499f73052ead85534b5,2026-09-22T07:46:02Z,2026-09-22-35701213155
2026-08-31,a617bd3ad6694cf13ef0be0483673cb71f7a29ec5b71557b99b00f1fce2c40a3,2026-09-22T07:46:02Z,2026-09-22-35701213155
2026-08-31,a63372efb0281e1040285d21a100672e90f9ba1393ce4c98e9bed4bdd6b08d43,2026-09-22T07:46:02Z,2026-09-22-35701213155
2026-08-31,a66d6e93b44ae41d4c96dc78353ab8dd7efa302fb8d8024dec331779ce5c1697,2026-09-22T07:46:02Z,2026-09-22-35701213155
2026-08-31,a69cc0cdb60be82bfa95eb13a59652f49d9639ca0d0960fce9411cc1f06fdd78,2026-09-22T07:46:02Z,2026-09-22-35701213155
2026-08-31,a6cc4797e3efb88b328270a9d63b5e70aa961392ede63e89130d99dd6f2099a7,2026-09-22T07:46:02Z,2026-09-22-35701213155
2026-08-31,a6f850a1b3285476eb198a0c87b3c5268ce9cdd74e008a55c7049a2ec679b4ad,2026-09-22T07:46:02Z,2026-09-22-35701213155
2026-08-31,a735e38d40d08ed59f2c40de3bc0b7421ba7fbca8a8fd94ae00e1fc1b6cabf1b,2026-09-22T07:46:02Z,2026-09-22-35701213155
2026-08-31,a741875954b5d67986e0de43ff68bacbcf0562f4923d2a0f5bfa7368edd1b121,2026-09-22T07:46:02Z,2026-09-22-35701213155
2026-08-31,a7424418f1264f3217ac7488943a06148df176c5f7384bdf06b5822d427e8ac3,2026-09-22T07:46:02Z,2026-09-22-35701213155
2026-08-31,a750c21e17dc98578409b63ec66dc00a9cd1e4f4fc1930bc54164b49645e1583,2026-09-22T07:46:02Z,2026-09-22-35701213155
2026-08-31,a771ca7725f4165e3db3c9ff57e8f27670357551137f43c9deef36ba4cd57cdb,2026-09-22T07:46:02Z,2026-09-22-35701213155
2026-08-31,a7be495aa8b47f7d1f84b01de6dfa4e489a6440293f7eabbac1fd1802c800a64,2026-09-22T07:46:02Z,2026-09-22-35701213155
2026-08-31,a8440b78cd4ef3c458b25273196b0f1e6be7be85a0804e48d09bc3ac300871ec,2026-09-22T07:46:02Z,2026-09-22-35701213155
2026-08-31,a844cc30b1f2903bd4a458e97bd0d732778d84e1b20d659a49c11656769631cc,2026-09-22T07:46:02Z,2026-09-22-35701213155
2026-08-31,a8956b0f9c65de9c85f281b2bc54a91419fa1c2dfe683b0bbe323c262b4af751,2026-09-22T07:46:02Z,2026-09-22-35701213155
2026-08-31,a89a3fe04cce15b221dd1484c79f82761663becd98b53d73477694a1e8585e9f,2026-09-22T07:46:02Z,2026-09-22-35701213155
2026-08-31,a8b0c25c06f0453b29cae7137e60fda01dc71b3766a45ed2b640da1c3c2858b2,2026-09-22T07:46:02Z,2026-09-22-35701213155
2026-08-31,a8de25c33de450aabaf871359bfb867f527ad34b6a01142a25b625ecbeafb16a,2026-09-22T07:46:02Z,2026-09-22-35701213155
2026-08-31,a8edc799c72e5650fbb55922b050886eade9c0f8ecfffce03917e486432d2102,2026-09-22T07:46:02Z,2026-09-22-35701213155
2026-08-31,a8f715779ae63ce93cc389c7b808a17ebee5cfbed0330daba6d20cc4e53aa895,2026-09-22T07:46:02Z,2026-09-22-35701213155
2026-08-31,a9136be1256457b9b0b358aa9d0751172a3bd0d64b1c7f590f8bcc7cce7cea25,2026-09-22T07:46:02Z,2026-09-22-35701213155
2026-08-31,a950f0a5b77ba6eea152f0ab473711acd9bac5e861a159859bb62f574a7f4f6c,2026-09-22T07:46:02Z,2026-09-22-35701213155
2026-08-31,a962be08d42817ba65d7a30d3ba9760ec6b6ac7d22a2927394b453634e704c72,2026-09-22T07:46:02Z,2026-09-22-35701213155
2026-08-31,a9d0e7a6eb3f6bd19ca279d8933a654ac56453de76ac630bf5b6c04a7c6db655,2026-09-22T07:46:02Z,2026-09-22-35701213155
2026-08-31,aa68de07cec6a946b441d6ad56c76ddbb5d3b3963af5ccb2521f65e45407d1b6,2026-09-22T07:46:02Z,2026-09-22-35701213155
2026-08-31,aa87cb94e13d59b7c61597fa57d93570afcfe175da1d31d472bb09dedb9043ba,2026-09-22T07:46:02Z,2026-09-22-35701213155
2026-08-31,aa92c91dfc2cdd2dc2fe78a86c37878b1a3b3531d7987bc040fe0acd79256c46,2026-09-22T07:46:02Z,2026-09-22-35701213155
2026-08-31,ab3d962fe023b01a79171c7a41013210ac4d975293eac854a8ab76bfd851e880,2026-09-22T07:46:02Z,2026-09-22-35701213155
2026-08-31,abc5627bb547841d349cffc99dc71b25d94ac0c4ff6818adb36012eff71797ea,2026-09-22T07:46:02Z,2026-09-22-35701213155
2026-08-31,abe1e7d31a4d1cb6a3a02e11928d042d86ab3b724c65de3e8c913450d9deb190,2026-09-22T07:46:02Z,2026-09-22-35701213155
2026-08-31,ac13f181b38cf8ffc237e3afd19737083102176f956f7aec80e140698f495000,2026-09-22T07:46:02Z,2026-09-22-35701213155
2026-08-31,ad16058e985ea39822a1907b220a79b2a1754a7ff2a9d9df4b7e3ad67a35342d,2026-09-22T07:46:02Z,2026-09-22-35701213155
2026-08-31,ad4435629516902abed5c9028513db5fed8b092e1c68629a2799619c4809126e,2026-09-22T07:46:02Z,2026-09-22-35701213155
2026-08-31,ad55f990d9aae36ce9df8fa74694647648abe0f13177fd3d372f54be5e59b10c,2026-09-22T07:46:02Z,2026-09-22-35701213155
2026-08-31,ad56b809c9d70fd484c0687409a4fc7f096fed8baa2d5c3f1b70506920f3567f,2026-09-22T07:46:02Z,2026-09-22-35701213155
2026-08-31,adbaca0d1ed537368b0adcdb22e8cc95d0dfe655ded03c4edbf6d25c1f7132e0,2026-09-22T07:46:02Z,2026-09-22-35701213155
2026-08-31,adf98638b7dc91815eb7a44d3408e6e81fd375c0073017501dbc19db9527f830,2026-09-22T07:46:02Z,2026-09-22-35701213155
2026-08-31,ae3e4c375b218abe4506fe55bf86100e14f2394c5fc01ee2492d93bc6c6b5225,2026-09-22T07:46:02Z,2026-09-22-35701213155
2026-08-31,ae79e901e818ac0fc35a694ff82769215235a02a58a76e8efd54f5c8cb9d8d22,2026-09-22T07:46:02Z,2026-09-22-35701213155
2026-08-31,af4992c6fa019d2a66924622cde0fd96afa94439a4d3b87485142d4b084dd5ba,2026-09-22T07:46:02Z,2026-09-22-35701213155
2026-08-31,af97f3b7d770f2444c7211ef45785c0b3e2f0e9c69f37d7fac43eaad35ad7f07,2026-09-22T07:46:02Z,2026-09-22-35701213155
2026-08-31,afba6876a5cd18c7dc0a83bbf825255a1e8f8db7354ac0c1986d51e23ffce0c9,2026-09-22T07:46:02Z,2026-09-22-35701213155
2026-08-31,afc8416bfd9658d6933d6d643057532459dd3df159cd5884944a993cba12d2db,2026-09-22T07:46:02Z,2026-09-22-35701213155
2026-08-31,afcd413e6fbaf8cb9ab2fd7c1bf2739f6029bae72c9d06da9d63375d52e402c4,2026-09-22T07:46:02Z,2026-09-22-35701213155
2026-08-31,b087b67c34d497ec7fb2d6ed4bc30b93799c5343ab7abba0b02dd7d3fc18541e,2026-09-22T07:46:02Z,2026-09-22-35701213155
2026-08-31,b198187c2cfef273b42b3023bca1508c651720c0bcdb2f6988b5427ebe20c358,2026-09-22T07:46:02Z,2026-09-22-35701213155
2026-08-31,b1c45d79a7b7a79b902ce72ae103d5e6f9305f50a02b646df3b0ece0515211ed,2026-09-22T07:46:02Z,2026-09-22-35701213155
2026-08-31,b1db778126211a0d15d7c1e60ab12c38711c10ad5d52ad939ad4bc06d0bd151e,2026-09-22T07:46:02Z,2026-09-22-35701213155
2026-08-31,b1fee9e8beb8ae6988b8094711d1e3dccb9aa05ba8d74fbde845be660aa35700,2026-09-22T07:46:02Z,2026-09-22-35701213155
2026-08-31,b21ca144aa0a3d16279a893172497302f21c1273cc7361f5ed9e31efa13c97fc,2026-09-22T07:46:02Z,2026-09-22-35701213155
2026-08-31,b22547ab52a75e887b7a4eed75eddfdf3e248e05ed5c417b4279f8ce77d8cddd,2026-09-22T07:46:02Z,2026-09-22-35701213155
2026-08-31,b2dc02e9366b62bf4bfc63b52d67214aaccacbc2c01b3bfc58858ea11db3f421,2026-09-22T07:46:02Z,2026-09-22-35701213155
2026-08-31,b2e683934b9d126a5c21d3c64cc96c8765f1060fb6700b5cc8615b432bf70636,2026-09-22T07:46:02Z,2026-09-22-35701213155
2026-08-31,b3de7f0685ab97108198096c4baace4b9ec8d2619f99ebbda835458e0a87e879,2026-09-22T07:46:02Z,2026-09-22-35701213155
2026-08-31,b3e80bd277d8e210f94a52215511d0e9d83268f71752e1ed15f65b78b9cd5da1,2026-09-22T07:46:02Z,2026-09-22-35701213155
2026-08-31,b451f55e50d0159239866e6377d723a2d01987a8134e699c1275a51bd7ec786b,2026-09-22T07:46:02Z,2026-09-22-35701213155
2026-08-31,b49347a8085b8754b1756c43c77f2233c62c0422c1154b5a767b350de262985c,2026-09-22T07:46:02Z,2026-09-22-35701213155
2026-08-31,b4c44b640c02f2943ddfd09dc3929fcceb5b63cef72412259f4bde84cf24ccbd,2026-09-22T07:46:02Z,2026-09-22-35701213155
2026-08-31,b57649f24b21d88a989abf37824cd0910ac2d8c6b5480a36cfa504bc3bd47f6e,2026-09-22T07:46:02Z,2026-09-22-35701213155
2026-08-31,b585b2bb5727c33e1a4a1a9be2d19243ed9aca491b3ce16c974d6a1c4feaacc7,2026-09-22T07:46:02Z,2026-09-22-35701213155
2026-08-31,b62f9bb2129886fc3fa37543ae6524a4a3c68ddb31c93e58aaddd438fa8272ab,2026-09-22T07:46:02Z,2026-09-22-35701213155
2026-08-31,b63fb20be4cce4af99a896e69964ac55ce65d5ce8185bb420ecf06ac779c56bf,2026-09-22T07:46:02Z,2026-09-22-35701213155
2026-08-31,b646562c011697780decc9be78d6567c94c3438f3b5bc7de30ea76fcc2dc3ddf,2026-09-22T07:46:02Z,2026-09-22-35701213155
2026-08-31,b6793df60aae4a24c0988012d97021c276506f45e31a1a2be105c2edf305dc9a,2026-09-22T07:46:02Z,2026-09-22-35701213155
2026-08-31,b6af3d0b0184a376702e8175427c137fd856bef3bf0393952425dccedbeaa6e0,2026-09-22T07:46:02Z,2026-09-22-35701213155
2026-08-31,b70ae65596381758719ca57c0bcec1485689048b0936e8f6b33cc7de5cc127e2,2026-09-22T07:46:02Z,2026-09-22-35701213155
2026-08-31,b70fdacbd8543558ffc710075710c9ad90c8f4408377bfb516089dcda76ada49,2026-09-22T07:46:02Z,2026-09-22-35701213155
2026-08-31,b76c527b05dc9f6b4bb11fe52de9962c575f5b63c40fbdf37d48853408ba6dbc,2026-09-22T07:46:02Z,2026-09-22-35701213155
2026-08-31,b7bd9be50cf9cb4e9d9fe186237bd0089eaa50a8ad239a5ca523886a173c66a3,2026-09-22T07:46:02Z,2026-09-22-35701213155
2026-08-31,b8670842a25e897ba7bc133e491b3c3aaaae335b8d31d81c6dce9a0cd719cdac,2026-09-22T07:46:02Z,2026-09-22-35701213155
2026-08-31,b86910d9254ed846f488c00ed9b588e54ca070d6f2834735ecb2a7eec80dbe01,2026-09-22T07:46:02Z,2026-09-22-35701213155
2026-08-31,b86d41c7fba04afe0a5902f102bc6f539bbef92ce37cae446bf149997fc53c7b,2026-09-22T07:46:02Z,2026-09-22-35701213155
2026-08-31,b86eb70bc8fe69003d37f466aeff22729d95f35fdfa24d45065bc5d0cc5d3fff,2026-09-22T07:46:02Z,2026-09-22-35701213155
2026-08-31,b8cf62f07d559137ea62ad4da4b750a4f03689f17bcf1f51d55611a769d030bb,2026-09-22T07:46:02Z,2026-09-22-35701213155
2026-08-31,b96fb35dc55b2e7952bfae2ee28bb264a0c2ba01f27a7f0586a9a57898375cb3,2026-09-22T07:46:02Z,2026-09-22-35701213155
2026-08-31,ba27aa6228ede1a7cd087da55679edd72b0ec23edcd988396cdf91d1b6ddbdd3,2026-09-22T07:46:02Z,2026-09-22-35701213155
2026-08-31,bb5cad5868d2bad7adf05dfbc4c2edc0114fd47748696f7ff58fbaf28a3e5ab0,2026-09-22T07:46:02Z,2026-09-22-35701213155
2026-08-31,bc62c6d089c3b98109638acb74fc1352e4dff89d5ac27837c3f09c9c0c8b349e,2026-09-22T07:46:02Z,2026-09-22-35701213155
2026-08-31,bca85f7543615e71372f11f79367827c254b9da4882c8c7a47dd8f069953fcd0,2026-09-22T07:46:02Z,2026-09-22-35701213155
2026-08-31,bd48f701f59e46e2963feebf2a81706cd01e9582a7da47e81ea050403ed65bb9,2026-09-22T07:46:02Z,2026-09-22-35701213155
2026-08-31,bdd29549bac9c40278a0305c29cf578bec5282463044304d2a95553112daea58,2026-09-22T07:46:02Z,2026-09-22-35701213155
2026-08-31,bde8cb167a0329f07c9bff0775d09367da404dbaab83c87fb84ba076621d7686,2026-09-22T07:46:02Z,2026-09-22-35701213155
2026-08-31,bdf3d8f7927b11ddb9eedcfa345b10e70e45125c8bc5c766bece6995cc17c945,2026-09-22T07:46:02Z,2026-09-22-35701213155
2026-08-31,bdfc68ce0b923a1392cf7915c41f79bff51b7b4e017b29e68c567e09d1f395c2,2026-09-22T07:46:02Z,2026-09-22-35701213155
2026-08-31,be46fe069a1cbddd6646e5d34d61b3d49c9f5c25855e5e96a09aae1eab550c07,2026-09-22T07:46:02Z,2026-09-22-35701213155
2026-08-31,be84690a9416d04503efee062fc332458bfdbb2ae3dbae18da820b70672a57da,2026-09-22T07:46:02Z,2026-09-22-35701213155
2026-08-31,be8ce007d6d7ec7a6d4a65058da2a351e07e87ff5b459c5575d335f1c58b0e88,2026-09-22T07:46:02Z,2026-09-22-35701213155
2026-08-31,bea3ebbbe8017cfcc519947337b380ecfc0c07a1e71c99b051f83d9d01a8d38e,2026-09-22T07:46:02Z,2026-09-22-35701213155
2026-08-31,bf255a051f9931adc0549b4979699a9dbb09248c21c3628a16922cee0ec9c518,2026-09-22T07:46:02Z,2026-09-22-35701213155
2026-08-31,bfbdddb1c78a556c52861b4ce648e5fa33f3c5a2f55738f57093f6b8a240504f,2026-09-22T07:46:02Z,2026-09-22-35701213155
2026-08-31,c05646d3b9f4e412a6d1722b24007d780e673ded97d3dfc94d49ef097c6f4be1,2026-09-22T07:46:02Z,2026-09-22-35701213155
2026-08-31,c0a5d02b47f75c69e9f5625d8882f9b512979f9ef86e5dbf7db5c0eedc00d3a5,2026-09-22T07:46:02Z,2026-09-22-35701213155
2026-08-31,c0f915421cf5093af651ab914fe2b5aad5669e1501b94bf4a9f184c9cf4d606c,2026-09-22T07:46:02Z,2026-09-22-35701213155
2026-08-31,c12e4d19f41c900d6174785b5f6f70e614ecce731af42c4cc07168389709a296,2026-09-22T07:46:02Z,2026-09-22-35701213155
2026-08-31,c1ab35bfa8285ac979e7afc37da8d58bb94d283847b397d05f68d1407c45dcb3,2026-09-22T07:46:02Z,2026-09-22-35701213155
2026-08-31,c1cdaaa1f0fa5b2169a13d335246e1b8a315f7342a9fe6edaf5173e4a066d089,2026-09-22T07:46:02Z,2026-09-22-35701213155
2026-08-31,c1d27256d0579f919cf34fc60777da58c7033037c98db5338bd7d6bec6f4f228,2026-09-22T07:46:02Z,2026-09-22-35701213155
2026-08-31,c2c3a939c7c6a8bbc026cdbbb66a672f28ecfecbf8107b0d569693e89852ca3d,2026-09-22T07:46:02Z,2026-09-22-35701213155
2026-08-31,c340923f8abe052e0a07536b020c53104073472db374b73a04779ccdc5a4a9c5,2026-09-22T07:46:02Z,2026-09-22-35701213155
2026-08-31,c38426556bd97480a1d498c2045325a0def4c1f58a39ebf8adf7586ad4bcbbeb,2026-09-22T07:46:02Z,2026-09-22-35701213155
2026-08-31,c396597ba794b5a4919da08c809a7541bd6fe3b22d9467f8d06a05a0ebb10b44,2026-09-22T07:46:02Z,2026-09-22-35701213155
2026-08-31,c3aaeb5bafaec9e153538cb1c60c063988e9c880fddbeb70d3a7d8ae6c3f3954,2026-09-22T07:46:02Z,2026-09-22-35701213155
2026-08-31,c3b22c4f765ab2d29fdfd078eda305afc687cdc9817e2cd701deb499134f1bbb,2026-09-22T07:46:02Z,2026-09-22-35701213155
2026-08-31,c440a20f79ce9d30a6695b9955ec76a08e0f16593122297089d96abdc4806a5b,2026-09-22T07:46:02Z,2026-09-22-35701213155
2026-08-31,c503b3bd536c3eefaf03449f68ae7fe7b26d2ea0ae3b835acf8fab700db00b27,2026-09-22T07:46:02Z,2026-09-22-35701213155
2026-08-31,c551c20715120e5a17dce06ab0de9a45a031a2498499dc6e38cd04020e9c2b15,2026-09-22T07:46:02Z,2026-09-22-35701213155
2026-08-31,c5c2741933bb66744e3e1c3504840e56489a260473ff6fa075d8df7a4f4bdfc4,2026-09-22T07:46:02Z,2026-09-22-35701213155
2026-08-31,c61210867d27543eb7456333399e52a498db77343f6afe5145c2f478c6831fa1,2026-09-22T07:46:02Z,2026-09-22-35701213155
2026-08-31,c6659b820625c199ee826c402545ac07fe34530b9c218fcfd83481bb0e278128,2026-09-22T07:46:02Z,2026-09-22-35701213155
2026-08-31,c67a0ac4aa3b5f3b41f14da2b68fc1a7277bb8dc1c2e4fd249e0ea00fb1658ca,2026-09-22T07:46:02Z,2026-09-22-35701213155
2026-08-31,c698c03781469f2c9104d6385cedb0844b1e03ca6f264ec2bf9326160af87208,2026-09-22T07:46:02Z,2026-09-22-35701213155
2026-08-31,c72313adcb2195caaf4750398e7142db1c5b99cbfea41f6f3e397d7aa81c24d5,2026-09-22T07:46:02Z,2026-09-22-35701213155
2026-08-31,c73fbdd3654e50b733c230aa3f358e405a2fe56bb8c2dbbb3520304e9163feef,2026-09-22T07:46:02Z,2026-09-22-35701213155
2026-08-31,c754d4f09a0e892603bda3057c748c50f31965092c42095e5c09b78c1325cd48,2026-09-22T07:46:02Z,2026-09-22-35701213155
2026-08-31,c7a6ac7d851441f935be447538ffa8b0f87b4c50518dd7ea154b4deb1eaffff5,2026-09-22T07:46:02Z,2026-09-22-35701213155
2026-08-31,c8514dd63126e96ca5019547dca87fbd0055943949ffa572bb657ed1c5989609,2026-09-22T07:46:02Z,2026-09-22-35701213155
2026-08-31,c86b34ec776659842d96ca8c4d64d9c323500ed0b37102c65aa04025e4e2f054,2026-09-22T07:46:02Z,2026-09-22-35701213155
2026-08-31,c8921fe5c044c4a74d8613575956b939e99ce3b11e1c52fef7e6d13ce269f2f5,2026-09-22T07:46:02Z,2026-09-22-35701213155
2026-08-31,c89348c1e39ec4cec189266dff764a04ecddf3720bc27391b213b9ad59e05888,2026-09-22T07:46:02Z,2026-09-22-35701213155
2026-08-31,c89c9799c000a97cbcc666d44cc715ce34be5284f3904c110cd88f95af01a0b0,2026-09-22T07:46:02Z,2026-09-22-35701213155
2026-08-31,c906929038a368c2e8f1f81d5142a86161cd6b924428caf781815b15d1c27531,2026-09-22T07:46:02Z,2026-09-22-35701213155
2026-08-31,c9747481db3d28a92d4580cd00c49187500e8d65a53281da31fbbf4730a3249c,2026-09-22T07:46:02Z,2026-09-22-35701213155
2026-08-31,c9b7eeca3fa47d0819556101dd25d4735242f77f4d249d4f2d2b56f98ed35e0d,2026-09-22T07:46:02Z,2026-09-22-35701213155
2026-08-31,c9d123b22664a9e5c145d87634b71e68a3c819a0af1666f3143010be4bd9e2dc,2026-09-22T07:46:02Z,2026-09-22-35701213155
2026-08-31,cb650ba5454a33c7749e1d7944e92bd008e2805382b9d3ce7f85813790db9de7,2026-09-22T07:46:02Z,2026-09-22-35701213155
2026-08-31,cca4ed08b76f2f2fb64fb1aea6437ff7c15bb90c1299a7a2b448a1bdefc36952,2026-09-22T07:46:02Z,2026-09-22-35701213155
2026-08-31,ccd9ce18fd2921edd955ceae56ef838be69c207d358987d1a5099971030b69a1,2026-09-22T07:46:02Z,2026-09-22-35701213155
2026-08-31,cce71b774bd037022cd38eaf3b4fd8c91bb9d31746646ed1950c3ba4031decbd,2026-09-22T07:46:02Z,2026-09-22-35701213155
2026-08-31,cd3f76270d4795b60ae05a91b1170b6810118415759bde87a8cbed2e3784cc9f,2026-09-22T07:46:02Z,2026-09-22-35701213155
2026-08-31,cd503e6b991dd14c4d3f2223cc4e2e3f1c48b1935ddd52c7c974caee65ce800c,2026-09-22T07:46:02Z,2026-09-22-35701213155
2026-08-31,cd69653fabd1b4ee4ad6ec15c6fd7cf9a874d373ec4b39d1df4ecbc6dc469ae2,2026-09-22T07:46:02Z,2026-09-22-35701213155
2026-08-31,cd7541caa1d9cebfa763cd1516f54e50766246e574efd2cefa7caf99e53f128f,2026-09-22T07:46:02Z,2026-09-22-35701213155
2026-08-31,cdd71284c53d777c188614dd42a101e3d788ae050c11a3fa3b06d50225866ad7,2026-09-22T07:46:02Z,2026-09-22-35701213155
2026-08-31,cdda8d4add3e79e0fb4433324fe020fbadee7165b41f5594595ad47d19935596,2026-09-22T07:46:02Z,2026-09-22-35701213155
2026-08-31,ce2e99d8a9fb68cde8064cebc54b34a5923e622ab7baff54718cb0a300a61e66,2026-09-22T07:46:02Z,2026-09-22-35701213155
2026-08-31,ce606cff10c6e7ffd932df3535b638f69624f55b3340958ffd4e1ba079d63d82,2026-09-22T07:46:02Z,2026-09-22-35701213155
2026-08-31,ce656adb0537699552dd3dce3bae36bf9f7d042948d5a47cfb3c00f3451e5892,2026-09-22T07:46:02Z,2026-09-22-35701213155
2026-08-31,cf2c84a439ba7a7ba0e5a68f4b1262ce2a1634cd547a46f68c66603035b6de6f,2026-09-22T07:46:02Z,2026-09-22-35701213155
2026-08-31,cf2e965d855aff09290b37d6d28635675f7b0e34c9ae53e2497f2ee618ae2fdc,2026-09-22T07:46:02Z,2026-09-22-35701213155
2026-08-31,cf967e3d85be519f1637c2c38f9333ddcd0f7030bd7c76660f816ed5093cef8f,2026-09-22T07:46:02Z,2026-09-22-35701213155
2026-08-31,cfe57c7b388c13790bd13736f63b59b96cfa781b2e786e5fc1b39d28f2c49595,2026-09-22T07:46:02Z,2026-09-22-35701213155
2026-08-31,d05711e0105a3ea58f7b61a4188acc5ec17f8fa3b8c237deb03dfdf11192c917,2026-09-22T07:46:02Z,2026-09-22-35701213155
2026-08-31,d0573fe37a9c774a01095a982ca44ffd6bbe14267fa7f80d68ea571f9265a5bf,2026-09-22T07:46:02Z,2026-09-22-35701213155
2026-08-31,d06cc27a85144cdf175c8aa045dc389ce83599a34383aa30618f1dc84fcdd744,2026-09-22T07:46:02Z,2026-09-22-35701213155
2026-08-31,d0f383c80fb9dc5b23cf6e17682bcf1a55f7ed85b687d9a4f14589e64e8fed44,2026-09-22T07:46:02Z,2026-09-22-35701213155
2026-08-31,d10bc0ecdf0cef69cabe79795261eb7f579fbcb59fc6c0e04bd799943187f1a7,2026-09-22T07:46:02Z,2026-09-22-35701213155
2026-08-31,d11e3c961541fe60d2ac42ffec79dcd922b4bd9564421e0c2cac475e52e57509,2026-09-22T07:46:02Z,2026-09-22-35701213155
2026-08-31,d1453269ac07064f18d734a32d58d4e3a213cf4ec11a64246a6c988779a3ddbf,2026-09-22T07:46:02Z,2026-09-22-35701213155
2026-08-31,d18bcaf9fd9086613b51f23a1c498a361187b8b726293b7532e848dec53ae62c,2026-09-22T07:46:02Z,2026-09-22-35701213155
2026-08-31,d1d4767091c93a54bf39736d1485bc90a04ab37f9863cbef237cde6b492c5b1d,2026-09-22T07:46:02Z,2026-09-22-35701213155
2026-08-31,d1dd06d67d5996a6451bf78dfe342a61e4c9fd07a6e10381cb90add0c85fadd1,2026-09-22T07:46:02Z,2026-09-22-35701213155
2026-08-31,d230dfd200c1741226a3d9cc77002640d19ce620d4b15929f45776509ad558c8,2026-09-22T07:46:02Z,2026-09-22-35701213155
2026-08-31,d25b70eceda12f891923f4fb78df92d30719e736c9c038c0d14baeba5dc1dd75,2026-09-22T07:46:02Z,2026-09-22-35701213155
2026-08-31,d2dc939f75250fa1935e896945f6809d8dd9d43841166315b6524de917b55636,2026-09-22T07:46:02Z,2026-09-22-35701213155
2026-08-31,d3513d02c8f118b1e7b6970693849fdabece83159fc418593029f4968dabbf5c,2026-09-22T07:46:02Z,2026-09-22-35701213155
2026-08-31,d384beb29b2a0247d0ecc0e47b23c3f8f119584e4a2f3f0c0a7ae6129557d1e8,2026-09-22T07:46:02Z,2026-09-22-35701213155
2026-08-31,d387be2cbc35b15ac06c1d6453a891b7208a0d0990056e78f591c857c801fbc5,2026-09-22T07:46:02Z,2026-09-22-35701213155
2026-08-31,d3fb80a0b4b74eec01dc5e7abe92a38f1e2a98e050dad381000a7c498151cd7a,2026-09-22T07:46:02Z,2026-09-22-35701213155
2026-08-31,d4122b05373c322b6f8aeb61118ff34abbec51f483693de04913809578147016,2026-09-22T07:46:02Z,2026-09-22-35701213155
2026-08-31,d41ee9dc93cb99e259d73e79dcc65f6f7d60ab2950cab33982303abaa34b351f,2026-09-22T07:46:02Z,2026-09-22-35701213155
2026-08-31,d423e132c824aca6c61b5ff313ab845cd58570de5152dad070d83c3951238c31,2026-09-22T07:46:02Z,2026-09-22-35701213155
2026-08-31,d4ea4635c4fbf49f8204062890b2275be8675bf64f7b8718b73286579fd8e85d,2026-09-22T07:46:02Z,2026-09-22-35701213155
2026-08-31,d53ecb1cb620b45712f245715d2db6d981d185d15e66907093ef7bc646f7f5a6,2026-09-22T07:46:02Z,2026-09-22-35701213155
2026-08-31,d5ebc6aa1af4b0c429f65070539fdfada26893486ec5e3a108b707e7b2780840,2026-09-22T07:46:02Z,2026-09-22-35701213155
2026-08-31,d62a33565883d50e06cb26f5f5f177d6c1320735657637e286a3caa6419ee4f5,2026-09-22T07:46:02Z,2026-09-22-35701213155
2026-08-31,d62e3f910acb12e3740b2539aa9d22dc224f6561ff8b9b563af070d813a2b129,2026-09-22T07:46:02Z,2026-09-22-35701213155
2026-08-31,d67839c6fe5195f3a373a89fce0d28085228c07beaa49377f20df646a3a75d8c,2026-09-22T07:46:02Z,2026-09-22-35701213155
2026-08-31,d6788a6c2009e26b42d78f4fd176a0f5eb4cf6dd66bc0bd4469de8b91f16eb46,2026-09-22T07:46:02Z,2026-09-22-35701213155
2026-08-31,d6be8e87c43f1aa9175549688a890f1a3a01de586f581dc5faf78356b76b8352,2026-09-22T07:46:02Z,2026-09-22-35701213155
2026-08-31,d70753181d12b27f57711df91c6d1864c7ffa989b9b7e0dc69bcc93c4cee52c9,2026-09-22T07:46:02Z,2026-09-22-35701213155
2026-08-31,d8725bbf7cd0c30e20475341af42c4ce6532a5c3bef128b6d5931fa50b8c5718,2026-09-22T07:46:02Z,2026-09-22-35701213155
2026-08-31,d89ecd14c2e8ddf8b004b083ecf8bf995999ca3ab45d5b0c95cad9607c49c4d2,2026-09-22T07:46:02Z,2026-09-22-35701213155
2026-08-31,d9441414ddf1b4ecb834cc7fc9b0dd65bd56e2476db72af22daf644bcb68c8a2,2026-09-22T07:46:02Z,2026-09-22-35701213155
2026-08-31,d974e70233a26b633ad2d0d3fbb21a3a858912c7376e18586bec037e916d51b4,2026-09-22T07:46:02Z,2026-09-22-35701213155
2026-08-31,d9a96f6c6214d17c19d56c1711dd35ede3c911e5c2b537a6b67d28fa0cbc602f,2026-09-22T07:46:02Z,2026-09-22-35701213155
2026-08-31,d9beb8b67be01c071dc7bca3db10582c8f6de168c24797654b853e3d598513ac,2026-09-22T07:46:02Z,2026-09-22-35701213155
2026-08-31,da1c6a43740682d7340ce897fc9da24bd6099ffad6b25a94548d5cd0c823457e,2026-09-22T07:46:02Z,2026-09-22-35701213155
2026-08-31,daab2a1d4c005eb03ae63f84917d2408678eca2fb7f29115651d558f6d1e3994,2026-09-22T07:46:02Z,2026-09-22-35701213155
2026-08-31,dae802920301c9f015099a762bcc0e1635a8b6efa4c23c27881a905118b12efe,2026-09-22T07:46:02Z,2026-09-22-35701213155
2026-08-31,db675f071b449d2cdef32e67699f1bd7e1708fa074b66058c5e99fdc5ba5a218,2026-09-22T07:46:02Z,2026-09-22-35701213155
2026-08-31,db90189aa7d55aadbc544bdad3e9fa1688c124a9e270fb2681f4e934aea94dbc,2026-09-22T07:46:02Z,2026-09-22-35701213155
2026-08-31,dbb700db42f4b0f058b4bce9ae74698eb3f08e54ab9bac1344acc8ba0066ca4b,2026-09-22T07:46:02Z,2026-09-22-35701213155
2026-08-31,dc1bb422c726091eaa34e7746851b8cff3608582b82ba3ab92fa8801c5a0636e,2026-09-22T07:46:02Z,2026-09-22-35701213155
2026-08-31,dc54eebf1a809d0fee0f8cbfbd54d6cce878747777f3255693468cae8bbef5fa,2026-09-22T07:46:02Z,2026-09-22-35701213155
2026-08-31,dcb64d828db337bae3571c526b365e8aedfef54515c81c74ae36d4e488fcf588,2026-09-22T07:46:02Z,2026-09-22-35701213155
2026-08-31,dcbc8b72172cb68df8a4e7a9ab9fbb43d360b5bb2f3a63b49ea9050c9c7aac1a,2026-09-22T07:46:02Z,2026-09-22-35701213155
2026-08-31,dd2077e2592cd1ac26c44215afddcdbf0ab0fbf9ca7630a195aa2a066c9a1e38,2026-09-22T07:46:02Z,2026-09-22-35701213155
2026-08-31,dd76b838d56b400134171ea2681cdf8a4fd39b9aa7c975b507e399da5ca9ee28,2026-09-22T07:46:02Z,2026-09-22-35701213155
2026-08-31,ddd75860aadcbba6bc5b97d53d806cdfba217b92ce178a4bb13c83a6ca61ea28,2026-09-22T07:46:02Z,2026-09-22-35701213155
2026-08-31,dddbb2e4fdf95c9a887114a0c141f3137401a44e12ea4c4bd6d7d558600acd94,2026-09-22T07:46:02Z,2026-09-22-35701213155
2026-08-31,de1ee58a6b17565286ea563a38dcb450a9af122beb903a790d02821cecc220ca,2026-09-22T07:46:02Z,2026-09-22-35701213155
2026-08-31,de8d6c18e913008514829f30919f3c8807908c026037f29c236adeb7ac0f2074,2026-09-22T07:46:02Z,2026-09-22-35701213155
2026-08-31,dea80c931a4edad0df42b6a12d8c645650ea109265048a77a485342c0de21759,2026-09-22T07:46:02Z,2026-09-22-35701213155
2026-08-31,deca4a1ab341465e996e79e6f214faa67d4420ccf0aad4bbdf8cd44710641c2e,2026-09-22T07:46:02Z,2026-09-22-35701213155
2026-08-31,deffd7aee02164d09724ee4bf5b9bee2a99a1ab05fe238f8e5eced0727470851,2026-09-22T07:46:02Z,2026-09-22-35701213155
2026-08-31,df66e96ceb20a99997e2ce53163a146f6523f502d586c45e6cdf43aa00d4bf7d,2026-09-22T07:46:02Z,2026-09-22-35701213155
2026-08-31,df99a91559408802e47aec106071837b71515e803719b5479c746a127e5bf4f1,2026-09-22T07:46:02Z,2026-09-22-35701213155
2026-08-31,df9d69ec8b74744670a453a9ecaae1f6914a1e207e1ebf2ad90c1ce137d0e5c3,2026-09-22T07:46:02Z,2026-09-22-35701213155
2026-08-31,e026553cc3c031ed3b5f9111abaaf474429d8d905f83948fc9aec3dcb59d4b7b,2026-09-22T07:46:02Z,2026-09-22-35701213155
2026-08-31,e0310f03c7c8e03d6b18da47b20425d6aba58d8342d43bf392118a1266d505f3,2026-09-22T07:46:02Z,2026-09-22-35701213155
2026-08-31,e0571a7734f3a859c3ee45b8e352136c06f42d61cc9a369ab0ac9268fbadb234,2026-09-22T07:46:02Z,2026-09-22-35701213155
2026-08-31,e0cf5785bd9c8a39d7ce63b08bfabc56cfc0f20b8290b4a1c45f229b3c1b7820,2026-09-22T07:46:02Z,2026-09-22-35701213155
2026-08-31,e11239f3f48c6b5fb13fbf16ceb53a638755b427d46001d2db816343adb7ac53,2026-09-22T07:46:02Z,2026-09-22-35701213155
2026-08-31,e123d622ce8cf783694da5415b5bf7e305cff4fe16e2e4c2736976fbffd023ac,2026-09-22T07:46:02Z,2026-09-22-35701213155
2026-08-31,e14bdad3b824a656d65acfbe7f74e2ac3884841820f63c8f52f7269edd106264,2026-09-22T07:46:02Z,2026-09-22-35701213155
2026-08-31,e14eb5f77019c676aff22a17a362486b9684cab937dd111a8998ba0b77047fb4,2026-09-22T07:46:02Z,2026-09-22-35701213155
2026-08-31,e165f2b931fceb480cb74d72a025df7bca3e119cf427150b6014c18b4c345641,2026-09-22T07:46:02Z,2026-09-22-35701213155
2026-08-31,e194d22867d9521612981f6d4178f73321b67821a43830551d429e20a1e0c126,2026-09-22T07:46:02Z,2026-09-22-35701213155
2026-08-31,e1cae285e832e3537a651e3fa6d997769f5f02d0d9567a0805428fabe9a91c11,2026-09-22T07:46:02Z,2026-09-22-35701213155
2026-08-31,e1e0461d41eb45f2cb92bf0e3c733cdead57471ded83389c3e6a56b23a1ce147,2026-09-22T07:46:02Z,2026-09-22-35701213155
2026-08-31,e1f700f96cbaa49050978a5af280151c13e2b13e8909cb12bde6251534222c4b,2026-09-22T07:46:02Z,2026-09-22-35701213155
2026-08-31,e204b633af9ba98b3849e7bf5fe053ffebd97a0ca67f09556fea711e9b7ec959,2026-09-22T07:46:02Z,2026-09-22-35701213155
2026-08-31,e24fa1fe9b8e3a332eab4b6de5f2d88faf43182f7b8fecc316956bcc54a3934f,2026-09-22T07:46:02Z,2026-09-22-35701213155
2026-08-31,e25be67724d605793158e92a9399f894cf645c9c7b820aec2f2e653562809786,2026-09-22T07:46:02Z,2026-09-22-35701213155
2026-08-31,e2bed54c36690eacc40acfadb15cb1adbb88c5161520df33fc7e891bb4dc26c9,2026-09-22T07:46:02Z,2026-09-22-35701213155
2026-08-31,e2fb98428823d304c0eab3e0bde391489bf27b06d0f7f8f2103fcfa09f24f3c1,2026-09-22T07:46:02Z,2026-09-22-35701213155
2026-08-31,e3310e4a3dd325b220a5a01615a039f8f4622b6a1ec47e224ab1ca56590c3fb6,2026-09-22T07:46:02Z,2026-09-22-35701213155
2026-08-31,e368e1b3484c5972d0bfba54bad55b409161a8457aeaba9b9665ec901ad1b01f,2026-09-22T07:46:02Z,2026-09-22-35701213155
2026-08-31,e443a6998e4b726619799c5515c6994284f338a15406f8a25db24740fb863b02,2026-09-22T07:46:02Z,2026-09-22-35701213155
2026-08-31,e4c976232b79bbdb76c0a40280d0590ef89e8cf1dfbe9b346ecb3c83b7cf4ee4,2026-09-22T07:46:02Z,2026-09-22-35701213155
2026-08-31,e5647b058bd604e066bb87e560797fa68ad7f80f9f34cb386ee96fdf8021d7dd,2026-09-22T07:46:02Z,2026-09-22-35701213155
2026-08-31,e58f53925524948e867ea803c89ad6fc45201d17b6b053324f9f004a40a6a3bb,2026-09-22T07:46:02Z,2026-09-22-35701213155
2026-08-31,e5d0a9e890bcf96f197a1e2d4a89f77693464e67b7d8d10833694ce1a92ab486,2026-09-22T07:46:02Z,2026-09-22-35701213155
2026-08-31,e629a5fc4f0320bb4046f1d083bd64305c8ffbbbb93e2c1c9759ea3f2814c541,2026-09-22T07:46:02Z,2026-09-22-35701213155
2026-08-31,e63b1b3adb3cf2c03d9b83893ccb30f11665cc2322e9de8cf9cf440fe13efbf2,2026-09-22T07:46:02Z,2026-09-22-35701213155
2026-08-31,e7046ff07f2f8011318461865e73eeef67e4dcaf6329e1a12aed408325646136,2026-09-22T07:46:02Z,2026-09-22-35701213155
2026-08-31,e7255b29ed0d2c3b6a0c385dc7c92e37b715db302e659ddccc56409f09d66153,2026-09-22T07:46:02Z,2026-09-22-35701213155
2026-08-31,e75ef0ee29d07511cd51528f0318d14f3dc4935b4aa440a5402fc47c7771ee83,2026-09-22T07:46:02Z,2026-09-22-35701213155
2026-08-31,e7a9c304a62f896f81c08e77d86f735779fd00177e0973097b0361f170f087f1,2026-09-22T07:46:02Z,2026-09-22-35701213155
2026-08-31,e845fdcc8b63401143e236f500d4c0b2124faa52715d46fca1fe5c8d90451caa,2026-09-22T07:46:02Z,2026-09-22-35701213155
2026-08-31,e88e8b757b816ab55f3278ed7fd2e5f3e2ca11eef67f85013d47a66983d67393,2026-09-22T07:46:02Z,2026-09-22-35701213155
2026-08-31,e8ec91578f05247553b6aabc89c175419651f6fd22666ebe25b9a6656051035d,2026-09-22T07:46:02Z,2026-09-22-35701213155
2026-08-31,ea2169e667143fa541376a44d27c59f59ff3131bca07ac223bba102a3b9f20a4,2026-09-22T07:46:02Z,2026-09-22-35701213155
2026-08-31,ea75421a15397c28b9f3751469d27ad39174b98c643393301bbdde4fb68cd100,2026-09-22T07:46:02Z,2026-09-22-35701213155
2026-08-31,ea99c53462673831a0c78f7c66e6581e3379e582e31899dc33fe2cd3a2f14e3c,2026-09-22T07:46:02Z,2026-09-22-35701213155
2026-08-31,eab807d13e366b3b1755429b6cb7dcc01774cbef1691cf51ff6a0452f18127fe,2026-09-22T07:46:02Z,2026-09-22-35701213155
2026-08-31,eace56355d6a7ac6de6e06327ba0c8fc3ba50f7016d6f84b88d85f4fe48151b7,2026-09-22T07:46:02Z,2026-09-22-35701213155
2026-08-31,eb3f876f59a942b65df46c9bf1d86a2a381b8cdadce471db7ba5c307352f9af9,2026-09-22T07:46:02Z,2026-09-22-35701213155
2026-08-31,eb7ad6e89430c145769bf17ba836122ab874b8022b13156c02902453b4020226,2026-09-22T07:46:02Z,2026-09-22-35701213155
2026-08-31,ebd779d0081dc6e5d56efce026a0ac8a28d0682f3dded998df42c2dcb91de7bf,2026-09-22T07:46:02Z,2026-09-22-35701213155
2026-08-31,ec31c6c5e8b572879014655ce1672291be9a0748eed18490ff82ad2ecfda961e,2026-09-22T07:46:02Z,2026-09-22-35701213155
2026-08-31,ec6366fe2bcfee79edf4f84c511a8f54a6de1f7959fdfc8de47b6cb73900eea6,2026-09-22T07:46:02Z,2026-09-22-35701213155
2026-08-31,eccfba1b24353a4c51225f5607f72e25b0f89876256a460039605da3074b1ade,2026-09-22T07:46:02Z,2026-09-22-35701213155
2026-08-31,ecd0ca85fb3d3c552f95017aefc286b68d07451175ac2f0953e54581aa4a4a1f,2026-09-22T07:46:02Z,2026-09-22-35701213155
2026-08-31,ed4520487d528f31b39d51dd899f1c597488fb5ff91b2bed61c93eea4e2e1fe1,2026-09-22T07:46:02Z,2026-09-22-35701213155
2026-08-31,edbb018430d9c2a6f8a315116206c5e988a8be69d1d336b5eecc585cd935f042,2026-09-22T07:46:02Z,2026-09-22-35701213155
2026-08-31,edc43daab1b181dce8752f08ef91295aa5a34067f5f3697dc42f62fdcdcc4b97,2026-09-22T07:46:02Z,2026-09-22-35701213155
2026-08-31,ee4a52599b2f07847c145829c110a2fcc746b4d9e6c913fd27a547f36963c81d,2026-09-22T07:46:02Z,2026-09-22-35701213155
2026-08-31,ef2581eb3942d9e6846a1a0972b4cd828e2daf425098d0a5691c6fef4d4c78e3,2026-09-22T07:46:02Z,2026-09-22-35701213155
2026-08-31,f00dc4ab2096dae6dc1a5937ae9a856990c9dc85f3f2bee3402a900e8d8b0f27,2026-09-22T07:46:02Z,2026-09-22-35701213155
2026-08-31,f064cd4603f18128814a8399f2b3fd7d20fd6de0b1de46f2ad9c4617a95ea49d,2026-09-22T07:46:02Z,2026-09-22-35701213155
2026-08-31,f076ad1f16652886a52619b8e466b2bb2aacde35422acfd27f26897d88e0b702,2026-09-22T07:46:02Z,2026-09-22-35701213155
2026-08-31,f098a9dd46590653073108c913783acf892f0e61053207191dd1556373a06dd2,2026-09-22T07:46:02Z,2026-09-22-35701213155
2026-08-31,f09f4591f92471a4b47557305de756900f9b26ade09da5a991d9580e5491b56b,2026-09-22T07:46:02Z,2026-09-22-35701213155
2026-08-31,f0b22f22a5cd2043c7c1d024e38f0f5648cf860617a4364a1fe5b95e68bf7a70,2026-09-22T07:46:02Z,2026-09-22-35701213155
2026-08-31,f0bae743c02d61430590ca5280dd2a272589496d63ff57a50cc0921221d91153,2026-09-22T07:46:02Z,2026-09-22-35701213155
2026-08-31,f0eb93193a475f5ee14ac96783795acd957283d337034e91f972cd38c738d38f,2026-09-22T07:46:02Z,2026-09-22-35701213155
2026-08-31,f10365d7f831d18994659777ba14e2fd9199fea7b455e5145a274e6af41abdd2,2026-09-22T07:46:02Z,2026-09-22-35701213155
2026-08-31,f10c227d115a08d4b492733eec9c7cd144ba8dc47635d8d3bf4c8c66bf78e979,2026-09-22T07:46:02Z,2026-09-22-35701213155
2026-08-31,f15b53009dbccd96dfb1c935b71bf4e9762ad31caa35f6db01fc08b7978b0ad7,2026-09-22T07:46:02Z,2026-09-22-35701213155
2026-08-31,f2ac0bd231713f7e79a7d726e4b84fb4fca1e03b17a0d65cbacab7713186b7c4,2026-09-22T07:46:02Z,2026-09-22-35701213155
2026-08-31,f2dd3d0b80e6d4858bbca7326360db310ef8357d195195bc1c691653c602e407,2026-09-22T07:46:02Z,2026-09-22-35701213155
2026-08-31,f314db7d9aac59790c1f14e202ac2c88ebb7643d9ac54a2ec0cb6da51f94ee0b,2026-09-22T07:46:02Z,2026-09-22-35701213155
2026-08-31,f357cf1c9fe78239a020d640787b01fddc500326a9fac8e77de53ae4c0a82063,2026-09-22T07:46:02Z,2026-09-22-35701213155
2026-08-31,f3c6df5ce651d3288a7312b5757d5133a176faa8a12bdbf7729101d2fa3d916a,2026-09-22T07:46:02Z,2026-09-22-35701213155
2026-08-31,f3c99886c05ea08bf1d7e6c01a4c990839ab327cb7c7b05e792e8ca90cbe7991,2026-09-22T07:46:02Z,2026-09-22-35701213155
2026-08-31,f5653d3bdd1c9da967e600e36ca5a944f51d8178ed707a9474b88bf99d295288,2026-09-22T07:46:02Z,2026-09-22-35701213155
2026-08-31,f571068b8bd6763712c1951c2c692532fc03d6fe7bbda4c2765b5919ce6beffa,2026-09-22T07:46:02Z,2026-09-22-35701213155
2026-08-31,f58c575b362166c760fc4869b1954092b19bc489cde1e4140ec42001a05f81c7,2026-09-22T07:46:02Z,2026-09-22-35701213155
2026-08-31,f5c4722c51dd241e117c70bb54bb56d614268412c545a8e53949e563a1101905,2026-09-22T07:46:02Z,2026-09-22-35701213155
2026-08-31,f5ee54ae4dc220c77e4220908efc25263eb2d971a49243341cba20efde4c1f42,2026-09-22T07:46:02Z,2026-09-22-35701213155
2026-08-31,f66aafc8a4c372daddffdd6d4fd1ad20f1d64f8dec65ee7b6eb6367f23cba26a,2026-09-22T07:46:02Z,2026-09-22-35701213155
2026-08-31,f68fac508b4c4855e0ff382d88f89a39ee01fcba1bba45e3501d1b3e79629ca7,2026-09-22T07:46:02Z,2026-09-22-35701213155
2026-08-31,f6f9c727ceb800aa9fc378c80462e1964cc57bd6e10009e33fff2ffc75dbf3f2,2026-09-22T07:46:02Z,2026-09-22-35701213155
2026-08-31,f7e37908ebbdbaf3eba9c787f3a74364b8fedbe7fc5e511b2e97edf89abf1254,2026-09-22T07:46:02Z,2026-09-22-35701213155
2026-08-31,f81220c8dbac8c78b0a56739ea6f3e7650ab807fdb6bfdaed36d7b9b486724cc,2026-09-22T07:46:02Z,2026-09-22-35701213155
2026-08-31,f82ec097de714019a0e4d9d1665eda7b110710cff2654bad0facbc5b2db2c983,2026-09-22T07:46:02Z,2026-09-22-35701213155
2026-08-31,f837b3e99b1aeb7c52bcb7fe44232711f460417c2b911b8dd556edbdc83d2ce2,2026-09-22T07:46:02Z,2026-09-22-35701213155
2026-08-31,f857508fc29abdbef41db3e6d1a7140be5fcd3f348ec1ce55d2b6df93f25490d,2026-09-22T07:46:02Z,2026-09-22-35701213155
2026-08-31,f86a4aee41181ecfe28037345af201b3c91f4b58d659ca7c62e1b304507100bd,2026-09-22T07:46:02Z,2026-09-22-35701213155
2026-08-31,f86a574c540dc8c1ff5acaa74321401986bfede1c33d484e6546bbe15051384e,2026-09-22T07:46:02Z,2026-09-22-35701213155
2026-08-31,f8b7885f77601831009364184387cf8b956e4997e81d5b23ec98bf507baa9e65,2026-09-22T07:46:02Z,2026-09-22-35701213155
2026-08-31,f8b8456248b6e640d723c006f0b601d8bd3823a016285aa420d57f4a97244a01,2026-09-22T07:46:02Z,2026-09-22-35701213155
2026-08-31,f9690a9d82fa73e53b90b4b7c25faced253387f7ce8852ca8cb626f246354a7e,2026-09-22T07:46:02Z,2026-09-22-35701213155
2026-08-31,f99faa6b09ff9711ac349faef0e6feb5b9a920202be0c854403efb4490425136,2026-09-22T07:46:02Z,2026-09-22-35701213155
2026-08-31,f9ee816d00d7e39e6937e15887f238668614b55dd9c5c03820f10693fbec30fc,2026-09-22T07:46:02Z,2026-09-22-35701213155
2026-08-31,f9f238e1765cf9b4deebf788aa9e1aa30112caa70f162ba32d1e28e7b8c4682c,2026-09-22T07:46:02Z,2026-09-22-35701213155
2026-08-31,fa4159f48cea7c58c4af638f40546333a727ade9b368ad4811a74258adf5d9fb,2026-09-22T07:46:02Z,2026-09-22-35701213155
2026-08-31,fa793ec26a5a64c5a36db78eaa41141487e4f92c463afede2025e73bfb9b2da7,2026-09-22T07:46:02Z,2026-09-22-35701213155
2026-08-31,fa9d47246717c8c56cefa3a47164466f79c9637c18ffbec45e193dbd20b81da7,2026-09-22T07:46:02Z,2026-09-22-35701213155
2026-08-31,faa79b342e4a606deaa809745d1c048462e382b965ba922efc018e4fe8421b14,2026-09-22T07:46:02Z,2026-09-22-35701213155
2026-08-31,fabca8bf29f3045b803643274bb369f4f03ba798783e344fb60f4aebf0ce046e,2026-09-22T07:46:02Z,2026-09-22-35701213155
2026-08-31,fb69f979684dcdd1b2dc830d645a832baa0e5bd3a17d2294737835affe130361,2026-09-22T07:46:02Z,2026-09-22-35701213155
2026-08-31,fbb67a58afbd63c76e0a0fbc708e98b094e432b0f4f7dfbced09cba378764d4a,2026-09-22T07:46:02Z,2026-09-22-35701213155
2026-08-31,fbbccef4815f11df09c76ae6c2714e982ab95ea7f22764637da2a8f88d4bf9e1,2026-09-22T07:46:02Z,2026-09-22-35701213155
2026-08-31,fc1a434063e654e8651476c21e55ec344c3aa4fd4f86abda0e1c1b973607b54b,2026-09-22T07:46:02Z,2026-09-22-35701213155
2026-08-31,fc7a4eb5c7e3be64066da36d225b5b382dcad3c1db6b37c3856a0a8284b7c90b,2026-09-22T07:46:02Z,2026-09-22-35701213155
2026-08-31,fcac6ae47f90e03d6c5e8f331c94dc32ecb41a1b6d637075275dd80834db71e6,2026-09-22T07:46:02Z,2026-09-22-35701213155
2026-08-31,fcf021071647b868f45e3d6894079310479f6231fa1f2f2fdf85105988fce97f,2026-09-22T07:46:02Z,2026-09-22-35701213155
2026-08-31,fd4d6f3528f8556881159f8f2a3ed7d3f99b46bf8b692ce57c25531b3f9657e9,2026-09-22T07:46:02Z,2026-09-22-35701213155
2026-08-31,fd81e28530ecf075e582d9c33605a890ab497efb9e8f9e57a8b280aa7525724d,2026-09-22T07:46:02Z,2026-09-22-35701213155
2026-08-31,fdddaca61351c987fa9c299613d213a4931d8312f879fbfd7528797e8afa9328,2026-09-22T07:46:02Z,2026-09-22-35701213155
2026-08-31,fe0f61d887c3c34cf5aae5732408de65087674e5599717c3951a83313fbb8cf1,2026-09-22T07:46:02Z,2026-09-22-35701213155
2026-08-31,fe1aa20e5e49c9876290357df399ecedb633eccc86e9f5ca886f0f828776ff74,2026-09-22T07:46:02Z,2026-09-22-35701213155
2026-08-31,fe33a5cee5888e5a14e155f80e1cb756cb34b82104b590f453f0587f24afd422,2026-09-22T07:46:02Z,2026-09-22-35701213155
2026-08-31,fe397424f9f5fc1dc2e43ac8812ff9c7e67396a177c02ba2c71a71cb4382935f,2026-09-22T07:46:02Z,2026-09-22-35701213155
2026-08-31,fe91e62970ee938c87dd8f9ad2096282839879c0201b9d2dc02c4c420abdb9c4,2026-09-22T07:46:02Z,2026-09-22-35701213155
2026-08-31,febe58b1e811a66f3cc09df4da1ef696a0aea4ae1211dcbb48870b97480887a3,2026-09-22T07:46:02Z,2026-09-22-35701213155
2026-08-31,ff125e67e39f505075d1fac91823331ac3dd6a8c7b28566b8d421699b6881073,2026-09-22T07:46:02Z,2026-09-22-35701213155
2026-08-31,ff9c3f00bd84d6a9a2d5fb42af4fef32ed267e0040768e5b345c40c07a6a31f1,2026-09-22T07:46:02Z,2026-09-22-35701213155
2026-08-31,ffcb666d82e41f6e686aca48a32054c165da03c14c7664bff1fe7f6d3e59b9b1,2026-09-22T07:46:02Z,2026-09-22-35701213155
2026-08-31,0112e92af58acf17d16061905a4cd71996c7b0bac433bc8d1009ba411b706687,2026-09-22T11:44:49Z,2026-09-22-35723106503
2026-08-31,01352c678b92e437fff7c43bbbda95a68ec6188283df5a7c87c15be6eac73cf6,2026-09-22T11:44:49Z,2026-09-22-35723106503
2026-08-31,014ed51a970e363943b09e9663410ffa35b30db5403aa677c9a5a962638b3e2b,2026-09-22T11:44:49Z,2026-09-22-35723106503
2026-08-31,019507f11c5748ea0fb9a0c2c42d209bb32966e1f47fa71b2aec50a677a8e47b,2026-09-22T11:44:49Z,2026-09-22-35723106503
2026-08-31,028385967d0378c04a4a0ee943fc86cb43fa56409b5d7a67108b1c1e3db98942,2026-09-22T11:44:49Z,2026-09-22-35723106503
2026-08-31,029786aa8de5f6e10a2f26b73b8d0f4daaba32c0c04f112b91b3940972d48bb4,2026-09-22T11:44:49Z,2026-09-22-35723106503
2026-08-31,02b7e9b86b16bbd4dad18e16f10a07e69e0990fbfe9cd84b393c4c2f29d862b3,2026-09-22T11:44:49Z,2026-09-22-35723106503
2026-08-31,033de4860113271a3fe47b0aac2fad751a97157edba0811e22cce774f7c5ac15,2026-09-22T11:44:49Z,2026-09-22-35723106503
2026-08-31,03a2d83e1f580105a0b52886beb4826818d79c75459911b278a74dca296d3b91,2026-09-22T11:44:49Z,2026-09-22-35723106503
2026-08-31,03b7c9573b4693a1b1b9bfea7bcb85efa2f671c6bfb6bd589e34276a92c8963f,2026-09-22T11:44:49Z,2026-09-22-35723106503
2026-08-31,042c981949394c583e27573869d7a939335da8a453a2a67a88293182f42ff3ec,2026-09-22T11:44:49Z,2026-09-22-35723106503
2026-08-31,044e41ab888cbfebd61d4c344bce5fdfdff88c2d7a73ad11c8f14f4ab5c868ca,2026-09-22T11:44:49Z,2026-09-22-35723106503
2026-08-31,0457f0aa00569fe880743b56c1d4f533530bd830863242c3346f33d34ad53742,2026-09-22T11:44:49Z,2026-09-22-35723106503
2026-08-31,045d42deecf9ea79590e9ecf3518bf2f681f27d23bb6a488759943ca196100b5,2026-09-22T11:44:49Z,2026-09-22-35723106503
2026-08-31,049f8a8e5df088c46239e2f558ef263b8cbb3a4889734ffd71435888aecc2848,2026-09-22T11:44:49Z,2026-09-22-35723106503
2026-08-31,05640b1cde6318e8df9feb7c5dfb08ed923038d659b5068da2b143821ed6606e,2026-09-22T11:44:49Z,2026-09-22-35723106503
2026-08-31,06d3313816d56f0523a5488ef361101a4a583583f81e21b56cbc8a8105e9e06e,2026-09-22T11:44:49Z,2026-09-22-35723106503
2026-08-31,06f9d7f7e1217b0fbefa2f8112f9960823c682571e4fc8222db086cb5780823c,2026-09-22T11:44:49Z,2026-09-22-35723106503
2026-08-31,07714874e43dd8b458cad4d24a46400eca6fbb149e842800cb85aac7386ba46e,2026-09-22T11:44:49Z,2026-09-22-35723106503
2026-08-31,077782e8691fc96e1fa66f1ce0cdca1a243bdf2925b5ed3190b72e9e74ea2e6d,2026-09-22T11:44:49Z,2026-09-22-35723106503
2026-08-31,0782eafe223ccdd63d491a9d13a0747db34c958a18d26985725dd5a1118701bc,2026-09-22T11:44:49Z,2026-09-22-35723106503
2026-08-31,07d60e88a3e86a081cc67d7c6d0fdb2887ba3e5aaea5a344fe1c5a838349db67,2026-09-22T11:44:49Z,2026-09-22-35723106503
2026-08-31,07e1cac46765335d5908144357e922cd64d3c55122593a1099630d7ed2d1d4d8,2026-09-22T11:44:49Z,2026-09-22-35723106503
2026-08-31,0830d2491181d7b0eb7c5be6ce63c6708d2707c9c98102d42c73019a5e026816,2026-09-22T11:44:49Z,2026-09-22-35723106503
2026-08-31,083c045b91a2a34c04847b9f795ee9cf7ae78d07ec8eb9bdbf25a6ceae27d60e,2026-09-22T11:44:49Z,2026-09-22-35723106503
2026-08-31,09af518f13deebebf35f0f203cf91619d57f2d6a5491ad9085af93ca30c583f2,2026-09-22T11:44:49Z,2026-09-22-35723106503
2026-08-31,09ce24a94de3dcef15e6f300ed957e26a7db24e06f568404f57192ea82969763,2026-09-22T11:44:49Z,2026-09-22-35723106503
2026-08-31,09e8c0983b5544b7026478e9e182b5e8f459c174a874a31615c79219c0469e7f,2026-09-22T11:44:49Z,2026-09-22-35723106503
2026-08-31,09fe81e483d38e8409a578cdef9640cff3458269918f71936048322f056db71d,2026-09-22T11:44:49Z,2026-09-22-35723106503
2026-08-31,09feed0834bfdf9d61b97c65e363e7ae245d373a9860d4edaf73d3e1429d5fd9,2026-09-22T11:44:49Z,2026-09-22-35723106503
2026-08-31,0aaca05bb8bca6130d4ef17dcb384d99449780f72184e59e5adb7df45dba96af,2026-09-22T11:44:49Z,2026-09-22-35723106503
2026-08-31,0ba7c97792c5e9feca62e50af287b4aa7c7ede6db7a2781607e21df80fd70dde,2026-09-22T11:44:49Z,2026-09-22-35723106503
2026-08-31,0c308c385938e7ae6cf65d9b15fb4ec404b824986044bf1e3bd60e50595d18f9,2026-09-22T11:44:49Z,2026-09-22-35723106503
2026-08-31,0cf799385f6c870fac2aaf3c9f54c4e4bf52bb962234ff0efbbfaf9dd4540bb1,2026-09-22T11:44:49Z,2026-09-22-35723106503
2026-08-31,0d3e8fbbcbccea3df30e3ef4df66211896d2e8cf972edd0e9d755a68574b22f6,2026-09-22T11:44:49Z,2026-09-22-35723106503
2026-08-31,0e1f6d93aacfe7764ca64c3e1c8db29700392886d6b3d52c85c8dda075bc9be8,2026-09-22T11:44:49Z,2026-09-22-35723106503
2026-08-31,0e6b128a610f8f75691190003d30979094be250e9a1614c68a6241d4c801e311,2026-09-22T11:44:49Z,2026-09-22-35723106503
2026-08-31,0eab704f5dd85a17ef35d40c1dd0b98dbb9a74232f6e2d43a8e31c6e5a39801b,2026-09-22T11:44:49Z,2026-09-22-35723106503
2026-08-31,0eb1682d1041591e708d2862541f008d505df120801befa125fdd7c6a91d9d5f,2026-09-22T11:44:49Z,2026-09-22-35723106503
2026-08-31,0fab95bef2be87b84a206928ff5de8831968fbae0be8f48c09c6a229f66a3962,2026-09-22T11:44:49Z,2026-09-22-35723106503
2026-08-31,100d98c1db35ae22528fa1b2ab40b5f5c0b15e1c49d104d66f9210a630e71616,2026-09-22T11:44:49Z,2026-09-22-35723106503
2026-08-31,111060ef4fbc4ae217080b576ba479188bd0b199d3f4e2a71cec85c6204858af,2026-09-22T11:44:49Z,2026-09-22-35723106503
2026-08-31,11753e845705b3614bfaaca5c26d851bd5d6ec452e8738daefd18c0c1e3bb9a7,2026-09-22T11:44:49Z,2026-09-22-35723106503
2026-08-31,11dc0063beb6771b868026acd2ee8e65deb65e57b582cef52a6a563bb6ce2b6e,2026-09-22T11:44:49Z,2026-09-22-35723106503
2026-08-31,123d9897ac15f5aa6fad5fe21d7db68ae384db201e77d83a308ba63f0805682e,2026-09-22T11:44:49Z,2026-09-22-35723106503
2026-08-31,12898cf9841114811a72570b58ebfae3d10cd46bd56b7840702b3a37dcdb17a8,2026-09-22T11:44:49Z,2026-09-22-35723106503
2026-08-31,12ec1bedb0125cb1a1ef506a4a1d96ae8c8d023cbb42faa87bc9cc60668762e1,2026-09-22T11:44:49Z,2026-09-22-35723106503
2026-08-31,131a1dadafb0977febebaadd9f9cbad6d645b436dc8ae801c57cb5f49ee79e0e,2026-09-22T11:44:49Z,2026-09-22-35723106503
2026-08-31,1322fe5bda1f07565f3f722d96511ee8858f7620911669dc33068d667cb201ae,2026-09-22T11:44:49Z,2026-09-22-35723106503
2026-08-31,1359989ddb282a28ff616aed4e03d27fed5988f084dfe68a0993ae741cf3f63e,2026-09-22T11:44:49Z,2026-09-22-35723106503
2026-08-31,14397e7753d0540e1c021379be7ac7628fde5f7dcc10b9b2535217265dac223a,2026-09-22T11:44:49Z,2026-09-22-35723106503
2026-08-31,143ae1c905ea33256cf245ab7c185eb993b553eac623d6aad093f3a5ed4f546c,2026-09-22T11:44:49Z,2026-09-22-35723106503
2026-08-31,146f0cea7a937a784250b6ade20fc8f266e69873b44b3140ee851ddde2f27020,2026-09-22T11:44:49Z,2026-09-22-35723106503
2026-08-31,148ca15466b29b1a42362c97c9e5613853ee3e7490cbb94a9cbba5ad6a552e9d,2026-09-22T11:44:49Z,2026-09-22-35723106503
2026-08-31,149320e0a558e0e7a4d023f8a8afeee0662a103d21f147d6e2c247e3e7f77fd3,2026-09-22T11:44:49Z,2026-09-22-35723106503
2026-08-31,1494ab16e92aa961b166b8c3054d5cccdcd193079486ea76a7fe441d43fe6ea4,2026-09-22T11:44:49Z,2026-09-22-35723106503
2026-08-31,14a70449b563798521e4d3e988cd0664a622099a077ca25a46de5c0baedac2fb,2026-09-22T11:44:49Z,2026-09-22-35723106503
2026-08-31,151cd84217b5beb6261664e6bbe63d8025c4f7ca0978d7942ebb17cee8171455,2026-09-22T11:44:49Z,2026-09-22-35723106503
2026-08-31,164fed87e67dffb68f898009590a443881d14d436df94b671d6c4064ac1ac015,2026-09-22T11:44:49Z,2026-09-22-35723106503
2026-08-31,168649d9f7445dd4808bebbb2213539a30c43fe026c81ea043f85606877408b7,2026-09-22T11:44:49Z,2026-09-22-35723106503
2026-08-31,174cf093d1cedb0816f08f84bd4f3c02b0f4a47970b3c5d86d7d5341b39b5ce6,2026-09-22T11:44:49Z,2026-09-22-35723106503
2026-08-31,178282852b54b995d0cb18490881ceb781b8f3d23f532886e4e9e61cf55c4cec,2026-09-22T11:44:49Z,2026-09-22-35723106503
2026-08-31,18ce2cae4dd4836fcafb9b91ccacfab7090d1594a0cc648f864a50719a70efbf,2026-09-22T11:44:49Z,2026-09-22-35723106503
2026-08-31,194c7ec401a7dedae1e7bec17757f9d7e5082675b51f107a1f184558b28f5e1d,2026-09-22T11:44:49Z,2026-09-22-35723106503
2026-08-31,198315a16389cc38fd0b0e9f54bc5ccfb4351b83bd6a7f1ef7d6e2b683610714,2026-09-22T11:44:49Z,2026-09-22-35723106503
2026-08-31,199bbacaf1a1d286f3a5a59f0fe11845fb3807f46855fae8125d21643e809365,2026-09-22T11:44:49Z,2026-09-22-35723106503
2026-08-31,19b96d89ed8c1a1a534ad3f35d17842dd9c96a447ee382c1d031e9b8f5751ffd,2026-09-22T11:44:49Z,2026-09-22-35723106503
2026-08-31,19bbec250da21c0bb5723047fe6242afa638f4e3e694b797dbd67ff6e2b3a237,2026-09-22T11:44:49Z,2026-09-22-35723106503
2026-08-31,1a63a3b04bdafd422117c7a74a2dcf34775c3b695ef69fc905cb0cc52ec11e95,2026-09-22T11:44:49Z,2026-09-22-35723106503
2026-08-31,1ad6926d8f0fb48aa7d54ca7a10cea1c5e21e5e79da079748663ac9d060b6ef1,2026-09-22T11:44:49Z,2026-09-22-35723106503
2026-08-31,1afa183fc32f64cd9009788a0666743ea208d79fdb3760b586c2140664c6dbd3,2026-09-22T11:44:49Z,2026-09-22-35723106503
2026-08-31,1b14ee4afccb89f21672c6a0c8ecefb8d558a9d22bb85a6f491c982617d5493a,2026-09-22T11:44:49Z,2026-09-22-35723106503
2026-08-31,1b2f0ce9ff24cbb8bc3351ee740f6fdd12aab365a05257497f371dcc4a611097,2026-09-22T11:44:49Z,2026-09-22-35723106503
2026-08-31,1b9e116d8cabc52a9662888836b928899b43bd589bcd71f824255254643b309d,2026-09-22T11:44:49Z,2026-09-22-35723106503
2026-08-31,1bf5d65a3455a86195c97d5651201e07f4e5dad9809010b4b086b54eb8ecd11e,2026-09-22T11:44:49Z,2026-09-22-35723106503
2026-08-31,1c1a8334f7b4f7cca54be0572ad70ce99bb6099bf11983c2cf69ed6f2ba955ae,2026-09-22T11:44:49Z,2026-09-22-35723106503
2026-08-31,1c5d98f6e25792519794c0e62aeaf632847e9ad218b93aa0a550803134377a88,2026-09-22T11:44:49Z,2026-09-22-35723106503
2026-08-31,1caeafde47cb09c50314dffb481e24f6c4c74cd43431640986834c376dfe9688,2026-09-22T11:44:49Z,2026-09-22-35723106503
2026-08-31,1d9f03cd2bb4e2cc893d7afc36d905ece5771e692e8e8fc95cd9c5857a18ef9c,2026-09-22T11:44:49Z,2026-09-22-35723106503
2026-08-31,1dda83ae1da341e064898704173a0d672ea03af122bb964486647264517dee3d,2026-09-22T11:44:49Z,2026-09-22-35723106503
2026-08-31,1e09a6329e9f7c25aedc3ed19b5e84e05ced59dc3a38dc66d36a15331a7c18a3,2026-09-22T11:44:49Z,2026-09-22-35723106503
2026-08-31,1ea9e290dc52fd2a5ffce33be1180ac3f12b4664aec9018a7dc8128e32909fbb,2026-09-22T11:44:49Z,2026-09-22-35723106503
2026-08-31,1f9273880b80069ddc148006b548f216a399dda63d181aee5580400e5fa06c54,2026-09-22T11:44:49Z,2026-09-22-35723106503
2026-08-31,1fbf2c69b9bfab7c7053dce41d1e3a7c1c30c88fca3c083f54c264ef4abad44a,2026-09-22T11:44:49Z,2026-09-22-35723106503
2026-08-31,1ff619f864cdfddb9adbe97675749c83e5994644b8efeb4436940d383d2121f2,2026-09-22T11:44:49Z,2026-09-22-35723106503
2026-08-31,2036a09f529a8cb91b3f6ca331525ce58235ccd43bcd8c7def7dfef549b65e4a,2026-09-22T11:44:49Z,2026-09-22-35723106503
2026-08-31,20b2aa940282c587b668f09df61d17274f14a1c424f95ff577d874e35967db1a,2026-09-22T11:44:49Z,2026-09-22-35723106503
2026-08-31,21760fdac2e9ced1b3f9e0227223c74ae9e94e1af4bb2481cd734223a9c60f26,2026-09-22T11:44:49Z,2026-09-22-35723106503
2026-08-31,223513bcedd34c6037495fc01b5944c1214ca8589914af833cf0ca200476519e,2026-09-22T11:44:49Z,2026-09-22-35723106503
2026-08-31,22580063950f24d301766c9f7333e29cb7515da2a56fc58e21910c2ad0b68642,2026-09-22T11:44:49Z,2026-09-22-35723106503
2026-08-31,2264e9b6ce14b58a77729d641e080d8b4059e513ea6fd62364735420f1df363b,2026-09-22T11:44:49Z,2026-09-22-35723106503
2026-08-31,22b8ed6cd2d5f74852ea6d48d38e7d37ec594987f19170a2a2967374ff45f0c2,2026-09-22T11:44:49Z,2026-09-22-35723106503
2026-08-31,22c27694f0ab5b9b7c83120df2c0d2ab7de01c740f1d7331af53fb62e3d1e02b,2026-09-22T11:44:49Z,2026-09-22-35723106503
2026-08-31,22cc763bf95181061d3f420ee4f398367e2490616e6b75419cf42489c733687f,2026-09-22T11:44:49Z,2026-09-22-35723106503
2026-08-31,22ef8131a545c111e53a26f9a95097befca5ded5535f141f9702747e67b12fe1,2026-09-22T11:44:49Z,2026-09-22-35723106503
2026-08-31,236244e4e03e0d3842f2ef61bce10486911134911d225f9384bf1649cf6257f8,2026-09-22T11:44:49Z,2026-09-22-35723106503
2026-08-31,23d1799ef50f1fbc54885d0c951c74db56031e396795a3e285e885701c0569a4,2026-09-22T11:44:49Z,2026-09-22-35723106503
2026-08-31,24914af119c2569d81338c3e45314dbd7e6a54e5c1b11002845b5ac9dc1e7050,2026-09-22T11:44:49Z,2026-09-22-35723106503
2026-08-31,252a77a4dce016e0703d756bb61906891f85d0676d1308f330e4f812841acfb9,2026-09-22T11:44:49Z,2026-09-22-35723106503
2026-08-31,266d2da57b46372f2b5a2eec057a58e3a5d5f16b96e950d5b59245efdafe471b,2026-09-22T11:44:49Z,2026-09-22-35723106503
2026-08-31,26c3234428fe8f6ac9a4ee2fc26d07fee01ff785bf43988342f7f4f3ca6de015,2026-09-22T11:44:49Z,2026-09-22-35723106503
2026-08-31,2704f31019a846caa05d7c3fd1d1f1964ce2a36746552c541750235eec55b745,2026-09-22T11:44:49Z,2026-09-22-35723106503
2026-08-31,2759dfcd40b04a147a48a64ca3a95b92cfe27665ce24fc288c6a0c3dc3017b62,2026-09-22T11:44:49Z,2026-09-22-35723106503
2026-08-31,27a984cb450320adea903dbc0d593074eea267fced3219484d8c4f79d0a95946,2026-09-22T11:44:49Z,2026-09-22-35723106503
2026-08-31,283880a68ed7abc954e9554c0d1be540d355b77027be948ba40c2a032d91066f,2026-09-22T11:44:49Z,2026-09-22-35723106503
2026-08-31,28a1d46291766425ddb504483f2b0763beaf0ae3cc294fb520688ee73a072981,2026-09-22T11:44:49Z,2026-09-22-35723106503
2026-08-31,2939b9a907d0070dfbf27aa432912d1df9736d35580e62463817f55077f5d686,2026-09-22T11:44:49Z,2026-09-22-35723106503
2026-08-31,29411c45e1c83c13c7d9aa25598d8811fbcc879a1b5ccc834d2c485e81f2d5b8,2026-09-22T11:44:49Z,2026-09-22-35723106503
2026-08-31,294dd9960fee61ff4db4255189c8107e4ce376086367d27ebad836a7758b98ff,2026-09-22T11:44:49Z,2026-09-22-35723106503
2026-08-31,29511da555f645a4bd3d736977b4e55993f7ec0be2e657cb1c896f344e6322fa,2026-09-22T11:44:49Z,2026-09-22-35723106503
2026-08-31,2964ae493b3cff493cf5c0ef9be16b952b46ae192da9b78026e67c59945d03ea,2026-09-22T11:44:49Z,2026-09-22-35723106503
2026-08-31,29809d249ec284068a86a87de21661d425cba712f26c775f4f469e5547e3fa1a,2026-09-22T11:44:49Z,2026-09-22-35723106503
2026-08-31,2a704af653cda83c3034b35c295734030fa54d838286c5fc91d51f996503725b,2026-09-22T11:44:49Z,2026-09-22-35723106503
2026-08-31,2aed5aef2b786a8f1ead503b2994f6adf75506d069353959faf871e33d10db0e,2026-09-22T11:44:49Z,2026-09-22-35723106503
2026-08-31,2b14177bb5545be3e1c90087791d3bfbb3838e28ab5e90a62e9c4fd5535a4b7f,2026-09-22T11:44:49Z,2026-09-22-35723106503
2026-08-31,2b61cc6f9d696b8880fd6b43cc42f3637f1180476d454e2ca495eeec5fa06d8c,2026-09-22T11:44:49Z,2026-09-22-35723106503
2026-08-31,2b7b01dc0a239d61fd40b0a1c9b630d6d716ede4a01766b17dba6e259aaea6a4,2026-09-22T11:44:49Z,2026-09-22-35723106503
2026-08-31,2bc590284776a58895a3240b0d510ed9a9d311d0eca09882eb3c431766cd67e0,2026-09-22T11:44:49Z,2026-09-22-35723106503
2026-08-31,2bf9f25d11d0397602deb1eb2ae43fa4894206d4dc542d051c2221d074546399,2026-09-22T11:44:49Z,2026-09-22-35723106503
2026-08-31,2c31e785919e23239999c24667d70fb8e009146b8e44ee320befd75ce6f8fd8e,2026-09-22T11:44:49Z,2026-09-22-35723106503
2026-08-31,2c3b922191583cd20217fb583eb7c23568be5b907b76befd5974cf45c7bc5bed,2026-09-22T11:44:49Z,2026-09-22-35723106503
2026-08-31,2c83f2e9a22e4e0ba433bf4396ec87cba51cae4abf4bfbe994eec912daa3ef6a,2026-09-22T11:44:49Z,2026-09-22-35723106503
2026-08-31,2ca320cd1c3a419d5002af416f9a009794549756557da62195594f64b24aedda,2026-09-22T11:44:49Z,2026-09-22-35723106503
2026-08-31,2cda5874dafc8189b7e1b72a0db73e4cf6695e098b625da4a357dbf522351367,2026-09-22T11:44:49Z,2026-09-22-35723106503
2026-08-31,2d54374cad5621e287965ff664ada13ffcf290e1da2c5a9281a49d5c1ec1a19c,2026-09-22T11:44:49Z,2026-09-22-35723106503
2026-08-31,2f3f41415b96c4c4beab60e485079f4a38a3d8bf9366aa95f1b278f25ac3ef4b,2026-09-22T11:44:49Z,2026-09-22-35723106503
2026-08-31,2f6fd56aa818a4cb3269d651f1b72b9ffaa9e3e4dad3e87c07ac28d247ed086c,2026-09-22T11:44:49Z,2026-09-22-35723106503
2026-08-31,2fec3957b96d30f61126920ddf8b375a7d344a65bb4978f9c4a8c7d115ef313e,2026-09-22T11:44:49Z,2026-09-22-35723106503
2026-08-31,311dfe94986454e84def538e4d30308427522500a2abf9365c62b30ef3bbb4d5,2026-09-22T11:44:49Z,2026-09-22-35723106503
2026-08-31,313de6f55bd521de2aa2cc4ed32dc7e2a4953ae45a5acd920ec4f8e75ff1d9fd,2026-09-22T11:44:49Z,2026-09-22-35723106503
2026-08-31,31908ee2c403ec62a57e9a1ebe683045da91824d31c7f9d97b30630286ccdbf0,2026-09-22T11:44:49Z,2026-09-22-35723106503
2026-08-31,31a9041df4fbe0502634a74008cba513bc37e980c8b1b4cc505be995e7026e72,2026-09-22T11:44:49Z,2026-09-22-35723106503
2026-08-31,31d5897dce22eb9686f59eb1a182af56a5f2c7984544569f368060f152bbdacf,2026-09-22T11:44:49Z,2026-09-22-35723106503
2026-08-31,31e2d329af4f44adc532be583f7fb60621646662d069955aef08a5728856a6d3,2026-09-22T11:44:49Z,2026-09-22-35723106503
2026-08-31,3287cf08d8a2cf0a1bd46cf255e372eb26d08f503b357108d2841984929ef109,2026-09-22T11:44:49Z,2026-09-22-35723106503
2026-08-31,32bc694b04ffe3fb88140548a3cc1a4171e5af8a984bb5f0abccd3acc54f917a,2026-09-22T11:44:49Z,2026-09-22-35723106503
2026-08-31,334dc22e957ed13dbead63d3e7f8957d544c9f314875fd43d3ef4cb05fc6b50e,2026-09-22T11:44:49Z,2026-09-22-35723106503
2026-08-31,33659bc6739e42e56b964706d7ebea072b20ad31d6bd938b63f3ad642aa80b90,2026-09-22T11:44:49Z,2026-09-22-35723106503
2026-08-31,341c4fb02a6f04502e595df7006244369d8ce2b811399c1aff510618e06acea6,2026-09-22T11:44:49Z,2026-09-22-35723106503
2026-08-31,34a9ecca8ff45f5a5c7e6e58866feca1fa84991b768afab5c4045754d22102ae,2026-09-22T11:44:49Z,2026-09-22-35723106503
2026-08-31,35bc9d5fde7206c43ade010ec5094c1b994ea86abe70a92a179c9c1f16189f4c,2026-09-22T11:44:49Z,2026-09-22-35723106503
2026-08-31,35e34042bc061f423a12d898f1bfbca8b9419b39ab4c45fcd39a165b0b3f5978,2026-09-22T11:44:49Z,2026-09-22-35723106503
2026-08-31,3624b634eb2ac49aa3667de69237545d979e37093251741485d6769957b6b496,2026-09-22T11:44:49Z,2026-09-22-35723106503
2026-08-31,365eac466fbe6083649823db403024ae800c24ea0f9c7c503c892baf0e08d87d,2026-09-22T11:44:49Z,2026-09-22-35723106503
2026-08-31,3669c58e2cdd755247d96ccd25152e4acbbdd03f2e59269260201b7a53552494,2026-09-22T11:44:49Z,2026-09-22-35723106503
2026-08-31,366deb43d6583f6bd753ae28a4de0ba33c3e640c3b67a5b65a3821d7f8f402b4,2026-09-22T11:44:49Z,2026-09-22-35723106503
2026-08-31,368ad5d906ab33985ce751c56df4983e365e516f9d8a50d587335e68e91ba59a,2026-09-22T11:44:49Z,2026-09-22-35723106503
2026-08-31,36b24090ca7b9542cc9ab4f8118057867bb90032274bbba11d6d14ac371102fa,2026-09-22T11:44:49Z,2026-09-22-35723106503
2026-08-31,36d4b57cec8f336606baa15d657d0f6891a3a86533cb421672e6ea4aafcb5ac3,2026-09-22T11:44:49Z,2026-09-22-35723106503
2026-08-31,37354d59ced3a9d1283837178be9c060198590162e5378d7b2a14836a6e80caa,2026-09-22T11:44:49Z,2026-09-22-35723106503
2026-08-31,380c36d54077e4ac8e2903e6927f7f7bc37a46f2e4d4dc2a076480e6d7ec195f,2026-09-22T11:44:49Z,2026-09-22-35723106503
2026-08-31,384d52602cf757f6e49c06550ba4a6b4d0be5166b33dad0920ae6b88a837c7af,2026-09-22T11:44:49Z,2026-09-22-35723106503
2026-08-31,38bd035efdeebabd6678595dd304276f361c957dacde2c7670aa4bf8b83353b2,2026-09-22T11:44:49Z,2026-09-22-35723106503
2026-08-31,3a631d67aa36836de6ce0e980052e69c7c99eb02bedfa70d7ac1a11459a1c100,2026-09-22T11:44:49Z,2026-09-22-35723106503
2026-08-31,3a72da68fe5da5b320ff19224e49e4dfa7c1a1e6e9c7091f1b921aa15b59987f,2026-09-22T11:44:49Z,2026-09-22-35723106503
2026-08-31,3aabd5f92a156c529403e56222b82f4a57ab8fec619ad4c98144aefa30466e4d,2026-09-22T11:44:49Z,2026-09-22-35723106503
2026-08-31,3b42dcf63a9b5bea081ada3a66056389c399c7728ecc8f217af715801ebd21ac,2026-09-22T11:44:49Z,2026-09-22-35723106503
2026-08-31,3c2bdb506934e5109d8b9b96ba193f1d4f2075190821bc0c5985e58ab005b0e5,2026-09-22T11:44:49Z,2026-09-22-35723106503
2026-08-31,3cd90718370ea77a7aa8424117452a30e902baae8aa142a8d0276ce8fdd17c0c,2026-09-22T11:44:49Z,2026-09-22-35723106503
2026-08-31,3d7d49d600844977fc0e5c8f542fcf964538af0b4576e18f240908e2696bcd81,2026-09-22T11:44:49Z,2026-09-22-35723106503
2026-08-31,3d890e08c2c0668cbda33d9aebb58d7217df40e6dd0eaa226beec75289c62546,2026-09-22T11:44:49Z,2026-09-22-35723106503
2026-08-31,3e6aa214c247fc8b55e0850dc3d7b57ea6b1600e4121aebb53ecb16368942055,2026-09-22T11:44:49Z,2026-09-22-35723106503
2026-08-31,3e9c618ccdd2276d410b3de775a57f670029cd1194637a29ef3f03a4b3696295,2026-09-22T11:44:49Z,2026-09-22-35723106503
2026-08-31,3ead4ee884d8fe4b38ec15bdfb6d2692ae57c2a8333cb4f938c3d4bc89f55111,2026-09-22T11:44:49Z,2026-09-22-35723106503
2026-08-31,3edc0f78c9e0d1d109606b85acb355823a375cb41adf5fc2bbb30313580da053,2026-09-22T11:44:49Z,2026-09-22-35723106503
2026-08-31,3ee9116f8fc043b27a5829e51bed59692b0ab353b5625971a88970d1a0671c74,2026-09-22T11:44:49Z,2026-09-22-35723106503
2026-08-31,3f4c8eb3ddf732e82db734e66ef23f50c74d55a0982068b3379264e741d1dd4e,2026-09-22T11:44:49Z,2026-09-22-35723106503
2026-08-31,3f919e161e84cc951e79a0df7dd5cdc092bdbcc2a3c0d275a47668e1dd663ee4,2026-09-22T11:44:49Z,2026-09-22-35723106503
2026-08-31,3f92a5cf609000ad07e9cb37d5f7304923c6f18a33bbc49f1cb78672c0a5ab2f,2026-09-22T11:44:49Z,2026-09-22-35723106503
2026-08-31,3fcf0ae1ea4a089e13555412ee34695e7db40f922c8fb0e16f5276b3ac59d8bb,2026-09-22T11:44:49Z,2026-09-22-35723106503
2026-08-31,3fde779c1fa903c5bff6fa64be48e723a5a1a658fcd1d8ed6af1aa408b52dad6,2026-09-22T11:44:49Z,2026-09-22-35723106503
2026-08-31,400ca137a9d396acaa0046a968af001b7fa3b7e14c98e578dbf54b790a506e96,2026-09-22T11:44:49Z,2026-09-22-35723106503
2026-08-31,402c50b907fdb879113282b19a959644cbc526552663e5087cf2fd05437bbd5f,2026-09-22T11:44:49Z,2026-09-22-35723106503
2026-08-31,407d81a933030806d2e2643fae937abd8cce7ae2bb6f36367b36aeb03f35a2ee,2026-09-22T11:44:49Z,2026-09-22-35723106503
2026-08-31,40902fc22f3d2a96a1e17627a83812df742a52b13c538fcf0e9f5dacda42ae86,2026-09-22T11:44:49Z,2026-09-22-35723106503
2026-08-31,40adf3af4bc19dc137351d727ebda57c1c23fbd13db9a2738720302a9b17600b,2026-09-22T11:44:49Z,2026-09-22-35723106503
2026-08-31,413c8bf2b2ecce025b947dd377b89afe5578dedf9a983634a09e2b925cf91aa9,2026-09-22T11:44:49Z,2026-09-22-35723106503
2026-08-31,415ac84703435b199f687610a27918cd0c6e0aa9e819949300fac1ee879413bf,2026-09-22T11:44:49Z,2026-09-22-35723106503
2026-08-31,41bf855138c350c3e35e2ce4edfc980799cad084094ba33d450e3012d31c1a70,2026-09-22T11:44:49Z,2026-09-22-35723106503
2026-08-31,41efd0f44b542c975c02563131e82a5dd37368bea7679ef63593800be38a04eb,2026-09-22T11:44:49Z,2026-09-22-35723106503
2026-08-31,4299d69ced8f6375316c5525b5bc7ed0514b115d4dc33f5e83ea18de0cf35d0a,2026-09-22T11:44:49Z,2026-09-22-35723106503
2026-08-31,43167a36b780d0436924352e1a26df846078d59662178fccb8dae46816b78c45,2026-09-22T11:44:49Z,2026-09-22-35723106503
2026-08-31,431f40f382ee1bd1bbb5c5d73119e85174558fa70196b7189bc4e4597f59b048,2026-09-22T11:44:49Z,2026-09-22-35723106503
2026-08-31,436eefcef7b168c7569f2e5787852431d2432e6f9f2378eeb55064251a4c7b2d,2026-09-22T11:44:49Z,2026-09-22-35723106503
2026-08-31,43da7eec06b57ae0d63581f533ad8e0e8fa019cddc739835f1298847fe16affc,2026-09-22T11:44:49Z,2026-09-22-35723106503
2026-08-31,43e89019a86eaea60d08254965a7f74e13d8817ecd4a37e9df45cfa9f71794aa,2026-09-22T11:44:49Z,2026-09-22-35723106503
2026-08-31,446735cc61c07e867b18fa466f300a1e6f8d45e8596f21f636e671a2593f2d5a,2026-09-22T11:44:49Z,2026-09-22-35723106503
2026-08-31,4513094a71905d95cec95372c41e44314ff3ad4242834f58fa50bccb4b68efbf,2026-09-22T11:44:49Z,2026-09-22-35723106503
2026-08-31,451647b955d1c79836e76761043f103646af25c99cbd30d52641289e3ccb76a8,2026-09-22T11:44:49Z,2026-09-22-35723106503
2026-08-31,459e328e27cd2990cf23e54084c917f7b3f7b2713b417a9deeaf08efe4290de3,2026-09-22T11:44:49Z,2026-09-22-35723106503
2026-08-31,4622254bed6acbd4ac5fa30400d20d3aa824d50fd277d9868591a40393304f87,2026-09-22T11:44:49Z,2026-09-22-35723106503
2026-08-31,4639327b0441c57e805bd8c5d179ddb0492ae665a23df86f731b920be60633fa,2026-09-22T11:44:49Z,2026-09-22-35723106503
2026-08-31,465e265ba233586b3a28030fe54f5246c804473ac72bd7fbc2c240824fd52b0c,2026-09-22T11:44:49Z,2026-09-22-35723106503
2026-08-31,46792665a68a014c473a83c1a5891c1ff96ef524197671bbd88863e83bd05e07,2026-09-22T11:44:49Z,2026-09-22-35723106503
2026-08-31,46af9015aca081a6caa10f5a29e522bf565d6bbcdd5cbe7f0b31fb82a75f2b83,2026-09-22T11:44:49Z,2026-09-22-35723106503
2026-08-31,46b2298a19c8bb3dc25694f04dcb62238588cbdac1583dc07eca0aecfd3beec4,2026-09-22T11:44:49Z,2026-09-22-35723106503
2026-08-31,46d18bf8319d981155276b092faefae3c3ed7538fe6291c2471fab81cd52ca3c,2026-09-22T11:44:49Z,2026-09-22-35723106503
2026-08-31,4700ed5d0bce13ed2c19539152e28368ffc235d218f0895dae47909856a5f0de,2026-09-22T11:44:49Z,2026-09-22-35723106503
2026-08-31,4723b2bba245ef64e964a0bc8e4be8ad397b1acc3014550d67ce31290462bdb6,2026-09-22T11:44:49Z,2026-09-22-35723106503
2026-08-31,47e1258ce4a11cba71eaa138dbaadcd8cab2479b4e2bce2e67df59227e142d7d,2026-09-22T11:44:49Z,2026-09-22-35723106503
2026-08-31,48098478e195c95097558066a3ba65d173156461684456a2cc9bdf2239dfb043,2026-09-22T11:44:49Z,2026-09-22-35723106503
2026-08-31,487b112f6480a56a632fbe027f78612a558cd5d0878c08496b5d2e0928987e63,2026-09-22T11:44:49Z,2026-09-22-35723106503
2026-08-31,48a951e5716715513f3c076d38f18cbc00ee6f94ae0aa98081e09903b2bce8ae,2026-09-22T11:44:49Z,2026-09-22-35723106503
2026-08-31,48c8d917feeb69862c86c89d0df108151ea990d19ccd66465e53e0089e74613c,2026-09-22T11:44:49Z,2026-09-22-35723106503
2026-08-31,48c9cff6581ab22a1872510f31fe26159863a6e16c33df73f386fa6ab39e2f76,2026-09-22T11:44:49Z,2026-09-22-35723106503
2026-08-31,4905b2e9b319a17f69b5ad2597fea24b37da211244736631b881421bbfce0dd5,2026-09-22T11:44:49Z,2026-09-22-35723106503
2026-08-31,4979ac3d86eb780ea1f23cbb2708caabfdcc7ae30272a7ceaf0ba7feeb940e6d,2026-09-22T11:44:49Z,2026-09-22-35723106503
2026-08-31,49abcc2ea5cbd2da1252ce4b34a784c13a79ba6c45bd233698b5b0fb60282b59,2026-09-22T11:44:49Z,2026-09-22-35723106503
2026-08-31,49e69a4ee1ade75f381c781ac16dac6864106442422a8d93abecf7f7b38aa907,2026-09-22T11:44:49Z,2026-09-22-35723106503
2026-08-31,4a035ca9b6353c7c906def9da4eacef0c7bf142de789c9ecdba2306c65ce9965,2026-09-22T11:44:49Z,2026-09-22-35723106503
2026-08-31,4b13349d2df2f297768b620b5795a09c856f0655720e5acb95b327ef4a5cedb4,2026-09-22T11:44:49Z,2026-09-22-35723106503
2026-08-31,4b3649a38daafe19c1f7550de181101b60e7887fe97e2279b684c8222dfa1e4e,2026-09-22T11:44:49Z,2026-09-22-35723106503
2026-08-31,4b3df2d632ece4d7737c68f59298dc6bd2e074dae5e5a781bd5f3a23b2501947,2026-09-22T11:44:49Z,2026-09-22-35723106503
2026-08-31,4b5827ca267a79bfb686c2a4cd652b19d32d2ccadf98e256d5550184476ca6d8,2026-09-22T11:44:49Z,2026-09-22-35723106503
2026-08-31,4be4d9ab2856c6c709b21f261ce06f60107b762b814bf56dbefde7b40de99fec,2026-09-22T11:44:49Z,2026-09-22-35723106503
2026-08-31,4c33b80971cca7739c19b1f42f802a158842ffdcd809ebbfaafdeaf72c83243e,2026-09-22T11:44:49Z,2026-09-22-35723106503
2026-08-31,4cc319cad6cab8c338cf25f775ea70975247771443ac7be0e24fc32e2cbcb5f1,2026-09-22T11:44:49Z,2026-09-22-35723106503
2026-08-31,4d1aef727cce877bf47a89491f75395ad148bbf17c07ef3037c8cb2e059343d6,2026-09-22T11:44:49Z,2026-09-22-35723106503
2026-08-31,4d1d91c6231395b3b8d38d1e10d0a73a0c05d3f718f591bcdc402687da34b2d4,2026-09-22T11:44:49Z,2026-09-22-35723106503
2026-08-31,4d248924e01c1169f8c4fbdc9d0873272ff9c8a88812f35ae3cf5739b3241666,2026-09-22T11:44:49Z,2026-09-22-35723106503
2026-08-31,4d2dfef08860827b27ca3007ad2a95248feec28ec3e0c84b6891fcf1ef3125c9,2026-09-22T11:44:49Z,2026-09-22-35723106503
2026-08-31,4dbd7673c45c956c0f9ca830f7655381235209d43de6d55a7b7be3744142b19e,2026-09-22T11:44:49Z,2026-09-22-35723106503
2026-08-31,4e2fa9c70871f62012fb9a17e3309f23230d4abc580d774cbcb1c5cc4aaec570,2026-09-22T11:44:49Z,2026-09-22-35723106503
2026-08-31,4ebaa59fa0eff06fc51ae98d6450da4e44b7740bccd48436e23ac31dbd472feb,2026-09-22T11:44:49Z,2026-09-22-35723106503
2026-08-31,4ec3177247df5dfbf025185b4bb394328c5e41f57a808d8da3fcdbbcf78b8a67,2026-09-22T11:44:49Z,2026-09-22-35723106503
2026-08-31,4f6e92f09a5c69e610cab03a1a64b79d06cb1c1482eb78c4fde60aac79791561,2026-09-22T11:44:49Z,2026-09-22-35723106503
2026-08-31,4f9743c95c0716c7f67750302a49835d7fb072d7a56786619683589699e46870,2026-09-22T11:44:49Z,2026-09-22-35723106503
2026-08-31,4fba657169b576c71053b75180fe616c44e996ef1b6303b2920b77934347dc77,2026-09-22T11:44:49Z,2026-09-22-35723106503
2026-08-31,500d7d427bab5802757ac35b9f4ed5de74eda19a742309498d2b2075f900c88f,2026-09-22T11:44:49Z,2026-09-22-35723106503
2026-08-31,50104d92d3bce144a85503fbc981ebf93bcbad5245bde83de0b0f691ebfe4e84,2026-09-22T11:44:49Z,2026-09-22-35723106503
2026-08-31,509806b9bd1256531cae0bc1c5c541d5d6a4b6b9a08700b185cf0fc03ed48b2f,2026-09-22T11:44:49Z,2026-09-22-35723106503
2026-08-31,509bae91663ed2d609f2af615c7c1fbe82b4b8663ca4765efdb4c8317cf78456,2026-09-22T11:44:49Z,2026-09-22-35723106503
2026-08-31,50bf3ef0d45ce91e6b20875d8862ce37b7d05427b3c3138aa7a5699b6d6aa14c,2026-09-22T11:44:49Z,2026-09-22-35723106503
2026-08-31,518d6f57f4bad247c53ae264ebfd0f32a5a6df58bc5f758ac11af5754a3685e8,2026-09-22T11:44:49Z,2026-09-22-35723106503
2026-08-31,51daa0ae49b4c3202102269403c61f3e641bc156e751ab8c8a0fb70cfad0494b,2026-09-22T11:44:49Z,2026-09-22-35723106503
2026-08-31,5240bc457d8fab197ee6732a4dd0413032335631ae827d96985fb21728402e18,2026-09-22T11:44:49Z,2026-09-22-35723106503
2026-08-31,52e699f1a8159fd1e1f4fe61b5ded492a0afc7894ee85fb15f1137746e52c166,2026-09-22T11:44:49Z,2026-09-22-35723106503
2026-08-31,53c40558f1ad57e7304941de95770764101b5854a77346658ebe84c4f693e9f4,2026-09-22T11:44:49Z,2026-09-22-35723106503
2026-08-31,53c9d94ce70488e069634b00d1f497160c5e51a893ddbca5f352f7abc48b6a5a,2026-09-22T11:44:49Z,2026-09-22-35723106503
2026-08-31,53ff3945c6028d76180493895c5bd5f727a9e5eee717a234c581c7384138caae,2026-09-22T11:44:49Z,2026-09-22-35723106503
2026-08-31,549bee89281a3e1910e94e4b84d01aa0447330e15013d2cce022e77f5d3dbcd1,2026-09-22T11:44:49Z,2026-09-22-35723106503
2026-08-31,550628bcd848602072197b4d587801b8dc5b7b14a0227d1bd62bc45a1c7095ba,2026-09-22T11:44:49Z,2026-09-22-35723106503
2026-08-31,55286050b156262ac11fcbcae2330ba1a704cabea59ec584cff1b23d0cefb71d,2026-09-22T11:44:49Z,2026-09-22-35723106503
2026-08-31,56179c229e0a6bf4fe87cdb73c4c0de09b6b49e211a93e72653180257f0c486a,2026-09-22T11:44:49Z,2026-09-22-35723106503
2026-08-31,56304f21000c31b450ba0240212a9454ecaf0d52164cb0c26d75511a3886e274,2026-09-22T11:44:49Z,2026-09-22-35723106503
2026-08-31,56c70b27802120af38d8be86cc7e5244af5681fd9db20a7b2017ff6bc3841ebf,2026-09-22T11:44:49Z,2026-09-22-35723106503
2026-08-31,5787e22529bb9c296bee163734d5780794ac3bc8714ccc76450f4f7d089c1518,2026-09-22T11:44:49Z,2026-09-22-35723106503
2026-08-31,582af40334af174458ae3a075a3daec009b35fc88218b66c0775739371147d06,2026-09-22T11:44:49Z,2026-09-22-35723106503
2026-08-31,586bf4484233e8e232c21c91e470f49c6c4ed598a788c8857d9d79e9e2cfed7b,2026-09-22T11:44:49Z,2026-09-22-35723106503
2026-08-31,58b631f41231ecbe17f6c3e43db4ce04a994d0f0969c3c19e0044fb4816313b8,2026-09-22T11:44:49Z,2026-09-22-35723106503
2026-08-31,58fe2eb7e0b44e1753bfde325721f691fdad4cc14a2fa1970c219b47dd1fa3f3,2026-09-22T11:44:49Z,2026-09-22-35723106503
2026-08-31,592cc17a442b30d31c11e0bbc154ce635d5e68f944e61fef8be0697d084f8e17,2026-09-22T11:44:49Z,2026-09-22-35723106503
2026-08-31,5957a831186a265b4f3c350adc816cea4d6af06298b4b48dd71af92203ed9442,2026-09-22T11:44:49Z,2026-09-22-35723106503
2026-08-31,5966413625393e18712ec195f76370769ba027bdaca7cc0c9b41487b9237685b,2026-09-22T11:44:49Z,2026-09-22-35723106503
2026-08-31,59e7d00c62ea70ec66528063eda5ce88328156d7c811a1eaddec7539126f59c8,2026-09-22T11:44:49Z,2026-09-22-35723106503
2026-08-31,5a1dfcc3b9eaf589e3705064a0a067d7b09f1a345ec52860c1d6d8075f008a1f,2026-09-22T11:44:49Z,2026-09-22-35723106503
2026-08-31,5a6016d67de882cd20b4ea879836d20f1221ce9dc2552561bc95115d22b84fa9,2026-09-22T11:44:49Z,2026-09-22-35723106503
2026-08-31,5b083fbee16b729076e95b53d0714e3be7d99082c0102417bc4a9a04d75a0b64,2026-09-22T11:44:49Z,2026-09-22-35723106503
2026-08-31,5b2812601e0c1fb9d9a94e927d190cf417bea6f6442581934a267f3fed179d85,2026-09-22T11:44:49Z,2026-09-22-35723106503
2026-08-31,5b446422e65a9fc63dc7591c5a3f331d318fc65d90d7f4f3f8108951c0d7df70,2026-09-22T11:44:49Z,2026-09-22-35723106503
2026-08-31,5b6ee3459916c14f88587fe5d94048909a49ce3f285a08fea912d205a759463a,2026-09-22T11:44:49Z,2026-09-22-35723106503
2026-08-31,5b7e7dee82e3ec082cf9317ed0a7990c3489b43664864c97ee4b1d1c645d1a59,2026-09-22T11:44:49Z,2026-09-22-35723106503
2026-08-31,5bc992d63422b1de78116dce989f2f195c30f92c806cec059b051822a05f8a23,2026-09-22T11:44:49Z,2026-09-22-35723106503
2026-08-31,5c88e76207c64b4e853ae642b51e52856778702313d748aa3d915d4baf2ad90a,2026-09-22T11:44:49Z,2026-09-22-35723106503
2026-08-31,5cd752b53572086508191de5cfd24d92f4e4ebc49c2c939a3f9d0e1f56858f84,2026-09-22T11:44:49Z,2026-09-22-35723106503
2026-08-31,5cf00eccd0adfa6303a748191c6a7fff5ff087ffc8721c25b735bc28b890b2f2,2026-09-22T11:44:49Z,2026-09-22-35723106503
2026-08-31,5cf011ed20730dcb3c0f9f244aad6197447a6a62fc2eadc379514663bac3c22b,2026-09-22T11:44:49Z,2026-09-22-35723106503
2026-08-31,5d1371ea5842856412ab3c1469c022aa6e8139ac7a3e4680b9767e20de8deeb4,2026-09-22T11:44:49Z,2026-09-22-35723106503
2026-08-31,5d67a3c4910224d604f833ad7fd10c98a0cc2c5f4f6b4604d20db82e2cd30184,2026-09-22T11:44:49Z,2026-09-22-35723106503
2026-08-31,5d836d722260f5555a5ab5ad25ba531eb2ee5f35c6de1aa49b1db87a646217e6,2026-09-22T11:44:49Z,2026-09-22-35723106503
2026-08-31,5d863ad7bd72a9d4d7e60569638d006665d5591d9a254bfd14bd5258accd7d74,2026-09-22T11:44:49Z,2026-09-22-35723106503
2026-08-31,5db2baf436a2aecb72bb105b354e30060cc02a649ec0646b1770cb8926d027e6,2026-09-22T11:44:49Z,2026-09-22-35723106503
2026-08-31,5de7c0643d96ce52d93ab30576dbea655dc70ef49d2b898247961808077e9f30,2026-09-22T11:44:49Z,2026-09-22-35723106503
2026-08-31,5dfef62d33ec1986603b6038c05a879c169ceeae7fa934e3250e6652799cb19e,2026-09-22T11:44:49Z,2026-09-22-35723106503
2026-08-31,5e54b79c87fde79c917a0feedb39b36ca16bb4afc1e3770fe22a192c54b20af4,2026-09-22T11:44:49Z,2026-09-22-35723106503
2026-08-31,5e89a4df84f9e7092421ca7513673c3d01c97ddd4568444dc22fdee0583efbd1,2026-09-22T11:44:49Z,2026-09-22-35723106503
2026-08-31,5f049963294f0d9838a8f808fe813ae1269f9b6f43d3bcc41d8d6ae86d269346,2026-09-22T11:44:49Z,2026-09-22-35723106503
2026-08-31,5f04b0422b0b81b828a8fca2bbd6615cb30a924d35960b058274ca1f633e402c,2026-09-22T11:44:49Z,2026-09-22-35723106503
2026-08-31,5f2043ab332febaa9310d800a941a2e90ba7d3b426b86c4804c81422a018121d,2026-09-22T11:44:49Z,2026-09-22-35723106503
2026-08-31,5faed8bbe36e0db419f999c41e00f000120bfb8981157e1c30515f0d65e7bff4,2026-09-22T11:44:49Z,2026-09-22-35723106503
2026-08-31,5fff910c2f2148a4a11131085e702f4d89ed51a155968b97c374802533239f66,2026-09-22T11:44:49Z,2026-09-22-35723106503
2026-08-31,6030330cdc14f4e38b230370c627da3f567fd50d93725655f830c01af834eee4,2026-09-22T11:44:49Z,2026-09-22-35723106503
2026-08-31,60331343ddbf221c1902010f487707d61b4f41517c790c8e4858c6b0b134263a,2026-09-22T11:44:49Z,2026-09-22-35723106503
2026-08-31,60a8e62772471b1a1c2e1c608265e48caf82a3dce48556991aff4230d1489747,2026-09-22T11:44:49Z,2026-09-22-35723106503
2026-08-31,60f56fa4f845e09671448dff568679c7787bc2eafb1fb18476d6dd6ce1d4d523,2026-09-22T11:44:49Z,2026-09-22-35723106503
2026-08-31,60fe79d6159107e488caa50ab865703cd41712ef3eb3d52afed39c65912bb4c4,2026-09-22T11:44:49Z,2026-09-22-35723106503
2026-08-31,61affefe0367b8dcdf884d21a58664b1b7c5ee191b914dbc500363851ae66571,2026-09-22T11:44:49Z,2026-09-22-35723106503
2026-08-31,61e5829ea514823a7d8fb7d7af5fd6bd1e725347a4d99038b39c1560cad4f272,2026-09-22T11:44:49Z,2026-09-22-35723106503
2026-08-31,6235b7de423e9a21a7c64b45fcac876ea9dd44d16ef488932e0f5e5d017beffe,2026-09-22T11:44:49Z,2026-09-22-35723106503
2026-08-31,626650794b1dbda0da9aabcf41db2ac201f945c07ee57037c060d284cd7254a1,2026-09-22T11:44:49Z,2026-09-22-35723106503
2026-08-31,6280fb8da5b893db4d995d2ba7c65ab2c9f692390578964569ca0051ec9184f7,2026-09-22T11:44:49Z,2026-09-22-35723106503
2026-08-31,6298c9ef30d167562d14c730447856860ceb76217a1994267510e1796af21e47,2026-09-22T11:44:49Z,2026-09-22-35723106503
2026-08-31,62b13724dbd45566f6093992da1cffc430831ff4af55e865e734a9bf6c93e3e1,2026-09-22T11:44:49Z,2026-09-22-35723106503
2026-08-31,62f97add1c2bec36b331bc95081baa59956db2b8a31d51dbb796b1d27f1732ff,2026-09-22T11:44:49Z,2026-09-22-35723106503
2026-08-31,63313cf25fc063f0099c0536928c7af2a6ed82f621892d5184c415868b6cb736,2026-09-22T11:44:49Z,2026-09-22-35723106503
2026-08-31,635b66b2cf2b229c14601eb8576e6e365c2792f5309d766f796ac012cbec9308,2026-09-22T11:44:49Z,2026-09-22-35723106503
2026-08-31,63b608f79915c7d144a46768e115fd69b2902770c5104b247d29bf7543d91a40,2026-09-22T11:44:49Z,2026-09-22-35723106503
2026-08-31,641af103b7144aa31356ef14ed2a46dbd912f5e993815b0d2356c7007d950106,2026-09-22T11:44:49Z,2026-09-22-35723106503
2026-08-31,653816f2ab93ccdb6df173c55759ee86909d5dab2a08520afa5223259607f720,2026-09-22T11:44:49Z,2026-09-22-35723106503
2026-08-31,661c07e78aed02b517d46fa9ba7d18f80bcdd99640cfa278fdec9e13d84e2f8c,2026-09-22T11:44:49Z,2026-09-22-35723106503
2026-08-31,662f203888f344ba717cbf8386d56614336290ae016347ab7ad4500bfd2f48e2,2026-09-22T11:44:49Z,2026-09-22-35723106503
2026-08-31,66af25d57fc7db373b83e22314eccc7de027d07a9afccab57359642a9189bb3a,2026-09-22T11:44:49Z,2026-09-22-35723106503
2026-08-31,66fe7e1eb134022c2ffae19e87c593b67c0ca5a9fc8c1b77750dcff01513d7d0,2026-09-22T11:44:49Z,2026-09-22-35723106503
2026-08-31,67117535d871b51968c220a2cb0466405bc55879cbc509d0b0527ab9a6018890,2026-09-22T11:44:49Z,2026-09-22-35723106503
2026-08-31,6771a43d54383ae47c9249c1ae69bfc634aa7e0f500de25533233e673e5d3f39,2026-09-22T11:44:49Z,2026-09-22-35723106503
2026-08-31,68311c8c295dec7391bff238cde619ae00268b622843872a2fef8c81b6fc10f8,2026-09-22T11:44:49Z,2026-09-22-35723106503
2026-08-31,684d57a6f8a589c56c2403d23f79448b9dc3ea9894a4799c13fbb42909b8b831,2026-09-22T11:44:49Z,2026-09-22-35723106503
2026-08-31,686324b91a24fc6cadb790632d7ffddb4aea8b0004ec69823ad5630cf139ecad,2026-09-22T11:44:49Z,2026-09-22-35723106503
2026-08-31,689d78c6e007ab8e2c4f1996bb4d798c0801548871029acd469c087e5a6afc90,2026-09-22T11:44:49Z,2026-09-22-35723106503
2026-08-31,6919e9189756e69db60f7867bd34b5ba96c973f714d6f59769c99827682e0d22,2026-09-22T11:44:49Z,2026-09-22-35723106503
2026-08-31,692a61c6717301c64a2e4ab11cc86906c462869bb3814092101c5b3c175b22a3,2026-09-22T11:44:49Z,2026-09-22-35723106503
2026-08-31,69c81716593f31253fdb5af34ac0789c36d9fef7cfc697d8363e2dde3c0de91b,2026-09-22T11:44:49Z,2026-09-22-35723106503
2026-08-31,69f43843c4f83d2cb25400d839fbb6a07caafb27eb5cdc184682c0a29b401e2b,2026-09-22T11:44:49Z,2026-09-22-35723106503
2026-08-31,6af16b5f9a497c8e7f11cb44696819b0827fadd6cc013aa180369ed97afdca77,2026-09-22T11:44:49Z,2026-09-22-35723106503
2026-08-31,6b9dba8305771398808d55b80f9c2a8dfbb36e0d178c5bf98a813d632e480c74,2026-09-22T11:44:49Z,2026-09-22-35723106503
2026-08-31,6c80a914bd441c67d3edd56d60f4e6c88983b15fd50dab59329dd1ed21f700d5,2026-09-22T11:44:49Z,2026-09-22-35723106503
2026-08-31,6cd9a1ec098c8928df0bc21345d039b2fde6b21e9355878d6bf2f0db6f7a1b42,2026-09-22T11:44:49Z,2026-09-22-35723106503
2026-08-31,6cfa38ac4cf068f8ca5ae9ec5c9daa8c570de9194ae8adc0d22833f7d7f72424,2026-09-22T11:44:49Z,2026-09-22-35723106503
2026-08-31,6d1ce32d30c4fe229ae8aa69266af9abbb34da350ef756daa851a633dd3504db,2026-09-22T11:44:49Z,2026-09-22-35723106503
2026-08-31,6d2667befaf1023410fd21261d17dcff41d6d9da7be4ef8f6365e2755a09f6ee,2026-09-22T11:44:49Z,2026-09-22-35723106503
2026-08-31,6d2b0042f61f433eed39f3973788304699723e834d728d2ed3d5432276df6986,2026-09-22T11:44:49Z,2026-09-22-35723106503
2026-08-31,6d59c983997f075212373cf06e1fa08a6b4f8a81efb215f612320b71e3c85e52,2026-09-22T11:44:49Z,2026-09-22-35723106503
2026-08-31,6dc054c6bd50408d697eaea6e1cb5809b46e7b5e965d5ac7aba7be12ca29ef2c,2026-09-22T11:44:49Z,2026-09-22-35723106503
2026-08-31,6e5b97febe5c8e4e6a7df2182847cc3350bc7d2b248b5f7f52c9a2fb067166f2,2026-09-22T11:44:49Z,2026-09-22-35723106503
2026-08-31,6ead67ae80d05c52ad95765c7bbcb08ce303611d0e77f263ca692fb95d60d20c,2026-09-22T11:44:49Z,2026-09-22-35723106503
2026-08-31,6ecdac69307b6d0904f905c2f9b700438621ad2b65434a447e8a45134c550453,2026-09-22T11:44:49Z,2026-09-22-35723106503
2026-08-31,6ee2f84608e64c71d1b0c38c3252719c019f9997bf10e01c2bb724d4061f47b5,2026-09-22T11:44:49Z,2026-09-22-35723106503
2026-08-31,6f17a0fea8be2e74e8a5157214b983099b6b3295c718185ee1eb9112fc88b945,2026-09-22T11:44:49Z,2026-09-22-35723106503
2026-08-31,6f85ad52bda6ac3550e2c8ea37c033d128c72f7deea6499ffbb9592276d63e4f,2026-09-22T11:44:49Z,2026-09-22-35723106503
2026-08-31,6fd15f795b26921a220ae9b4f564e019082547ae03d38dabf060aa02ea339684,2026-09-22T11:44:49Z,2026-09-22-35723106503
2026-08-31,707e751c5880583480eb7a89c5919946adcc92d597e8135ded7acf2afef88fce,2026-09-22T11:44:49Z,2026-09-22-35723106503
2026-08-31,70ea6131ef0fbd84a8b2e4390a8b7bd355b6473c22b90f1df5b5d67009b11655,2026-09-22T11:44:49Z,2026-09-22-35723106503
2026-08-31,70fbf8b9b62cee44bdf5a7c93f5e8976bc972a412bcc3c154aaac8fd50586536,2026-09-22T11:44:49Z,2026-09-22-35723106503
2026-08-31,713d25aee55ce9357f3d57477dc8958a0d0efea7e27132f1500760473361b080,2026-09-22T11:44:49Z,2026-09-22-35723106503
2026-08-31,71b00bb9cc07c7dadbf0ee7d45fa0c069a5feb30be107a6c99d154fa7433d452,2026-09-22T11:44:49Z,2026-09-22-35723106503
2026-08-31,72073651436e341874b89b50a293d28a1c3dfd8b5918e2fb51b0195c67e3d7df,2026-09-22T11:44:49Z,2026-09-22-35723106503
2026-08-31,72c8bc91cc1b3c17aef383444b8a81cda6d551fc8b088411f673345a0e02fcda,2026-09-22T11:44:49Z,2026-09-22-35723106503
2026-08-31,72f33e3a72066d109469788059dfa487e1ec66a22b400e99b172edec90b28877,2026-09-22T11:44:49Z,2026-09-22-35723106503
2026-08-31,7313c0902271c924384af564c9dd7ad45e94676d8dca283282859cda9488d156,2026-09-22T11:44:49Z,2026-09-22-35723106503
2026-08-31,731a4d9dcbfb9ceae1eaa0e4e1c5d539ce11a9f2beacb16b73eeab81a4aa9f99,2026-09-22T11:44:49Z,2026-09-22-35723106503
2026-08-31,73a75f5ff0b7792620854842e154992629aeca4fc204595e4bcc40bc4316b329,2026-09-22T11:44:49Z,2026-09-22-35723106503
2026-08-31,7443eab786da6b024e0d358a41b15614a4fc1c19832ef8e050f21013d427133d,2026-09-22T11:44:49Z,2026-09-22-35723106503
2026-08-31,7451f7aca977a42e4d934031e6da3180cbb738c2a7c580b276ff76fe7e6a8227,2026-09-22T11:44:49Z,2026-09-22-35723106503
2026-08-31,74a5282a817a07a809fa196605ff2f0a5faa18e5fbd4943f1ca9573973e32892,2026-09-22T11:44:49Z,2026-09-22-35723106503
2026-08-31,74c718e0245c9ba5f5aff8673dbcc43f59618dd454c19bb340bcf48cbcae9d79,2026-09-22T11:44:49Z,2026-09-22-35723106503
2026-08-31,74cae930137c50890ee7da3e7eb4b4674dde7f92f1f44e144a815d437fe0634d,2026-09-22T11:44:49Z,2026-09-22-35723106503
2026-08-31,7503cebda42334b3ac39f59aa6ad23bac544280e2814a0e6ca24bdf5acb6366b,2026-09-22T11:44:49Z,2026-09-22-35723106503
2026-08-31,75244a1d7e7e0d702f294d0cfe265570ace8a9a9aa58f80dd471958e40241124,2026-09-22T11:44:49Z,2026-09-22-35723106503
2026-08-31,759a503d8bd68466062c70c4657a3650bcf7743b01797961f111b69600566576,2026-09-22T11:44:49Z,2026-09-22-35723106503
2026-08-31,75be69192326de3c3e43bf0da435caf06e7a8acc86b0c7099cae9d31d04dfbf9,2026-09-22T11:44:49Z,2026-09-22-35723106503
2026-08-31,767e46b3f77afe26bcbac4b62755f43e8821bc7e5885fc546c58f2c7c58b2679,2026-09-22T11:44:49Z,2026-09-22-35723106503
2026-08-31,76bb042bbd59c4caf7af3634b3393736635a33dabad6c6c9068b18a494c39ff0,2026-09-22T11:44:49Z,2026-09-22-35723106503
2026-08-31,772b3c9f24c9b6445097124a5bb6ee860fea06be0b02cfd0439fd83617999516,2026-09-22T11:44:49Z,2026-09-22-35723106503
2026-08-31,7761e6f88f9966819cd7d0677db21b0ed385cb5ce3f1730121bef42b8d538fd8,2026-09-22T11:44:49Z,2026-09-22-35723106503
2026-08-31,7785741c844830de87bb5bf41d13160d65febd0e9d47a73b92c83dc5603394ec,2026-09-22T11:44:49Z,2026-09-22-35723106503
2026-08-31,7857b8a3e06f2a85263235ed80fc30a4fd506be9271fdc95c059991dc6a2ee8d,2026-09-22T11:44:49Z,2026-09-22-35723106503
2026-08-31,79297a15074a5893969a6a0945accf904c4f09cb245df40a0df2456503c01320,2026-09-22T11:44:49Z,2026-09-22-35723106503
2026-08-31,799eace8c5cefb6ccd4a22a1f5c48e1e54c5bd075e1518a5c150ed1674e1d869,2026-09-22T11:44:49Z,2026-09-22-35723106503
2026-08-31,79fece1f1433da9bcee8e7a98bd58ab42d176e4c5f43edd0f402f32d4d54ffa5,2026-09-22T11:44:49Z,2026-09-22-35723106503
2026-08-31,7a603065161f88cf492f1688fe9f45de5bd2f14e05f5b0d661c8163cc836a9ef,2026-09-22T11:44:49Z,2026-09-22-35723106503
2026-08-31,7a945166a470e3756a508d984f1911b4d32ce58ca40ebaf0afe89f27f0881994,2026-09-22T11:44:49Z,2026-09-22-35723106503
2026-08-31,7abe211a306cb1c290872e4215af4bfd1981605117079bebe4965c25d35662b7,2026-09-22T11:44:49Z,2026-09-22-35723106503
2026-08-31,7b23d7f0e8d860c24ea7042bbf27901b91fa984e656fbf82c0c58fe2a3fe1ee1,2026-09-22T11:44:49Z,2026-09-22-35723106503
2026-08-31,7be3d8b7b59da0e71eb393d248a3b73fd1ed2808000e56791d4a467c80f229b2,2026-09-22T11:44:49Z,2026-09-22-35723106503
2026-08-31,7c003dab05e0ca953915401f6c16bd8a48e2d9f1f172175faf3c9cbc8c9590e2,2026-09-22T11:44:49Z,2026-09-22-35723106503
2026-08-31,7c0779529868fe502ff785246515163b158c6ce757e62c0b2316e1fc004a4292,2026-09-22T11:44:49Z,2026-09-22-35723106503
2026-08-31,7c30dfc9d3ee30aaa6a977e06245d9d9db17af7e92f17d0391622ffdcd329262,2026-09-22T11:44:49Z,2026-09-22-35723106503
2026-08-31,7c8cf52a3ecdb7fdbf5b61b4cff7ba8bf34ee030a90a7fb828f130c20318bc84,2026-09-22T11:44:49Z,2026-09-22-35723106503
2026-08-31,7cb43bfbd9395feb510d495d661181640bc0626188e81815e78ab15c8f1743a4,2026-09-22T11:44:49Z,2026-09-22-35723106503
2026-08-31,7cd0017b5d1b1dc2c43c0501b98d79093da1bd44af221d411dad2d8b8d03a945,2026-09-22T11:44:49Z,2026-09-22-35723106503
2026-08-31,7cff49c7603ef0b7e95df49e5bb4a1d62b00c60325680c5e5c8ca039bddb3b3e,2026-09-22T11:44:49Z,2026-09-22-35723106503
2026-08-31,7d156bfb1c9dd870ce6c0158d444e4ce43e9b38aabefed4fb2b2d57e5c8ab982,2026-09-22T11:44:49Z,2026-09-22-35723106503
2026-08-31,7dd437e2938b5442bb668e9526aec97599b197e91d6659fc5c303f4ba3ed2cfd,2026-09-22T11:44:49Z,2026-09-22-35723106503
2026-08-31,7e08856c391378adeb89201789e4011db96010674bd2ef70ea050a7163223289,2026-09-22T11:44:49Z,2026-09-22-35723106503
2026-08-31,7e80a4645a1efe759177e48a1877a36a024d9de8f1a676e2044567990fd13105,2026-09-22T11:44:49Z,2026-09-22-35723106503
2026-08-31,7f8eae3593d30b8451959124bd60c1a8a09e57095e5341b9ad517d592f3c3e92,2026-09-22T11:44:49Z,2026-09-22-35723106503
2026-08-31,7fca03113c9dc297b23eb5165d1a4f1551fd3eddae9a322562a1384f46353985,2026-09-22T11:44:49Z,2026-09-22-35723106503
2026-08-31,80556ab102420e7beda2474ccd5f96ffa457fca0ef93f3960e9cc91c05870e37,2026-09-22T11:44:49Z,2026-09-22-35723106503
2026-08-31,80e13c33fc4e9978e3b5f37eb9fe8b629e16c3a0b6cc39682b6d9d889bca0e2e,2026-09-22T11:44:49Z,2026-09-22-35723106503
2026-08-31,813fd0482d4618f1bb708c079c9322b4931fdd2d697813b14022c2023f2412c9,2026-09-22T11:44:49Z,2026-09-22-35723106503
2026-08-31,81606c869681413874bd95e247eb22240aee8c46be32632b69a7fb02721d456c,2026-09-22T11:44:49Z,2026-09-22-35723106503
2026-08-31,82187df067d06c2affc6af14e3bab93c269c06cc62b84c6ab77ac3633848a529,2026-09-22T11:44:49Z,2026-09-22-35723106503
2026-08-31,8298f18495f7f5aaaa250e77764aa9044062b5e9e70319e4a79ceee1a07606d1,2026-09-22T11:44:49Z,2026-09-22-35723106503
2026-08-31,82a832e594fb9172b4d66ab076f169128594f63980f7e5eb3257d400188f9f97,2026-09-22T11:44:49Z,2026-09-22-35723106503
2026-08-31,8314fc50a19e7877ce1f5c44b0e53af34b3566562b4002cc4709b923487c5ab0,2026-09-22T11:44:49Z,2026-09-22-35723106503
2026-08-31,8375519b588529a177210793b51a42da59a3343b43415f91d7acf8cc196af097,2026-09-22T11:44:49Z,2026-09-22-35723106503
2026-08-31,838ad984fb450dffc45c8003096cd0d80430ec34d2e70d1a801526a02d64bd79,2026-09-22T11:44:49Z,2026-09-22-35723106503
2026-08-31,838c77c6d5d0f2b355fb6300b6e8bc3aa0e17162884b7378dc3173ecd8693c53,2026-09-22T11:44:49Z,2026-09-22-35723106503
2026-08-31,839c083a44e7c94652fc76e0f583f4dc04dfa9f46943659362f30a7141fba3d8,2026-09-22T11:44:49Z,2026-09-22-35723106503
2026-08-31,83febdba4625fae9c6300bc65cb61a2b20373663c48e34013ab4cb39bb55d845,2026-09-22T11:44:49Z,2026-09-22-35723106503
2026-08-31,843bc0b36b97c09c8d2a962d6b85970cd47dc365558331b4049cdb865f2758ca,2026-09-22T11:44:49Z,2026-09-22-35723106503
2026-08-31,8502cedfa811e58a81e5c31a46965c0b369fbc819729b491c7df700a144630b0,2026-09-22T11:44:49Z,2026-09-22-35723106503
2026-08-31,850ccc069ae1268b404be1a6f67c42d02fd46824b685159a1963c87cd50ac796,2026-09-22T11:44:49Z,2026-09-22-35723106503
2026-08-31,8531c1ca03a3aeca9996fa3e331cbbc09489f0e621e1896c52952defe01d5eca,2026-09-22T11:44:49Z,2026-09-22-35723106503
2026-08-31,858819095e62c1e69a8deafc1a2c29dfe47085f45bb69964b951031b0f66fa02,2026-09-22T11:44:49Z,2026-09-22-35723106503
2026-08-31,86f3e228d785008ca9f79ef36a2f26d4a02e5b0e93af1cbb98b3b5795b417539,2026-09-22T11:44:49Z,2026-09-22-35723106503
2026-08-31,870b4565e351dfc571428bc039afc4dcbbffc10c95e8800f752d377bbb7f8104,2026-09-22T11:44:49Z,2026-09-22-35723106503
2026-08-31,870d11d79f8b3839a22ce06551c5f55c41ea8306a6e0647aa51b5f330898e312,2026-09-22T11:44:49Z,2026-09-22-35723106503
2026-08-31,8737826acde4a9e182ebb8267a18fbf3450e37c251b8a5177b9b6a5148f1a335,2026-09-22T11:44:49Z,2026-09-22-35723106503
2026-08-31,8737e2de875a172f199e1935d03326209f37c26350133440e7054e9d80e09971,2026-09-22T11:44:49Z,2026-09-22-35723106503
2026-08-31,875953bab0eb257b058f6ee6f83e63513403cdd3ea799a0d8d024915bf5d3083,2026-09-22T11:44:49Z,2026-09-22-35723106503
2026-08-31,87649cfeda67e70c407bf2babb10c55996a4887e68ef6e11c5fe18201f99a7ca,2026-09-22T11:44:49Z,2026-09-22-35723106503
2026-08-31,87ce2ac73c5379f3a7c04a561bd8c32c1501b30966211dc1e2e2df5ae3137705,2026-09-22T11:44:49Z,2026-09-22-35723106503
2026-08-31,886c66f5943f5bee54bf1b5ae9f78ab55523eab1dd0b1672fb0c702e4d087991,2026-09-22T11:44:49Z,2026-09-22-35723106503
2026-08-31,88fd706ea9f0e935d11c66fcf881c53f990705b2620d35ae6170f48f3b72b43b,2026-09-22T11:44:49Z,2026-09-22-35723106503
2026-08-31,894f73b775339bd32e134e0a66dc6bc5fb63bd6e0f0c775a0803871c5e55bdf5,2026-09-22T11:44:49Z,2026-09-22-35723106503
2026-08-31,8a0b20f90b40fb6f947169f92ed84a6a1899013d99b7960b17e888564e5210d7,2026-09-22T11:44:49Z,2026-09-22-35723106503
2026-08-31,8a2091184790c29a30297661e0f13c5d9c24d8b8fbc5bb7224d78551385966e6,2026-09-22T11:44:49Z,2026-09-22-35723106503
2026-08-31,8a3fb49b91029f2a57c4c56ce2fe12ed069b05866a058ab43e648d8ea994d3a7,2026-09-22T11:44:49Z,2026-09-22-35723106503
2026-08-31,8a9f54232a0577e03b077fef928e49fd85acad85e79553960191bacff99b76ae,2026-09-22T11:44:49Z,2026-09-22-35723106503
2026-08-31,8aa57e523f8479629ca435510f1516ecf6cc7f536a2a80413e1090a656670e14,2026-09-22T11:44:49Z,2026-09-22-35723106503
2026-08-31,8b2f306943918d45cd297a64a5c018d65df258be4284b753254437340c03f6c4,2026-09-22T11:44:49Z,2026-09-22-35723106503
2026-08-31,8b311eaab15d13b192212f042d5ea02bb8336a8da8f30efdf197b7592dcfed30,2026-09-22T11:44:49Z,2026-09-22-35723106503
2026-08-31,8b7df5318c31c52aa67af236579ea4ea9fae5fa6016592a60b6d4809e9940d8b,2026-09-22T11:44:49Z,2026-09-22-35723106503
2026-08-31,8bfc249bc51ef54d814ad664c3bc058a3b1ff3178792341e626beb3e18cfc2fa,2026-09-22T11:44:49Z,2026-09-22-35723106503
2026-08-31,8c10a81da2e5088124d18472d72ae1575c3d721b8a9b916d2c905baea8fb70e1,2026-09-22T11:44:49Z,2026-09-22-35723106503
2026-08-31,8c192d5bb51599ccef89da08aecdf8f3abf48c214cf6637eaf779214d3aaceae,2026-09-22T11:44:49Z,2026-09-22-35723106503
2026-08-31,8c740774ed06891f739ed76b57d8bb50e6c55925817cc96d0a9f1220231b8758,2026-09-22T11:44:49Z,2026-09-22-35723106503
2026-08-31,8ca46079d44e260320fe3fe2013e1ebc63505adf6d45b1923f2cbbd2dce9abcf,2026-09-22T11:44:49Z,2026-09-22-35723106503
2026-08-31,8cce0c73f689f3c734db0cf3fe0f63a16cc98b74baa9f938430ec1612514e803,2026-09-22T11:44:49Z,2026-09-22-35723106503
2026-08-31,8cdd9bd15c703c821d92f3ee4da26af0e51cf70ff8f2703de3963f97528c66ac,2026-09-22T11:44:49Z,2026-09-22-35723106503
2026-08-31,8d46a8498feeec580b46aae55cebee2aeb516d7703010d19e21ee0e4ab3ff5b8,2026-09-22T11:44:49Z,2026-09-22-35723106503
2026-08-31,8d5d97c9d566bc10d917c2012ba4eb46b78a38dfe0a079f57556d6c417eea0dc,2026-09-22T11:44:49Z,2026-09-22-35723106503
2026-08-31,8d94f1192fae7c5f0ce9cce13eb0a9652a7bb5404073b4194f5ef72e268d1e88,2026-09-22T11:44:49Z,2026-09-22-35723106503
2026-08-31,8db0c01d2e65d7b6fd822ac6cf25556c4cc3d6384134028c99e5072fba603f5c,2026-09-22T11:44:49Z,2026-09-22-35723106503
2026-08-31,8dd993fb7d73b50c8e8f98cfff619a0e6fa716df9c776cd625b2c4d4b8f72642,2026-09-22T11:44:49Z,2026-09-22-35723106503
2026-08-31,8e065d7dcf9ddd835cb2d9ca5ce239c164ca0fe06f565b6607622808d421569e,2026-09-22T11:44:49Z,2026-09-22-35723106503
2026-08-31,8e5df6608cc21fb146e8b4a07a911fed9fafc095060ba147f898c5c4f481660a,2026-09-22T11:44:49Z,2026-09-22-35723106503
2026-08-31,8f237dbca13ba5787178b33fa976c5cc3b10aa962c711b5eda31d65a6541073a,2026-09-22T11:44:49Z,2026-09-22-35723106503
2026-08-31,8f5266600c741596ff0f8d46f95b2d64df14d0abbc4db2ada3b7150b73d832c2,2026-09-22T11:44:49Z,2026-09-22-35723106503
2026-08-31,8f705e9ab652419ef061d076d12ca921fd3c10652030c604213818ee8df2a2f2,2026-09-22T11:44:49Z,2026-09-22-35723106503
2026-08-31,8ff8c63e66ede41368592f93b223564910d37091a162addf3e813dc63dcc0820,2026-09-22T11:44:49Z,2026-09-22-35723106503
2026-08-31,900f532e879364e0bdeebccecf4829e36ef278834af4e8fe5a3b15ce2895aecc,2026-09-22T11:44:49Z,2026-09-22-35723106503
2026-08-31,906e9f2fda12b238f3edf741e7ab51c2873cb0139aad60a7d0cc3328972ce339,2026-09-22T11:44:49Z,2026-09-22-35723106503
2026-08-31,90700ef193afc4e0a0b0ca847eba9058fb50dbaeec06739c41485edfa3c088fe,2026-09-22T11:44:49Z,2026-09-22-35723106503
2026-08-31,915aa81d89a3df7c5f5067d07981ab4c3cc725d06df3cc724b200c89250aad98,2026-09-22T11:44:49Z,2026-09-22-35723106503
2026-08-31,915b390d57c9c3739896abf711fb0974c47fcfce295fe38b1eb1ef9e2780ed6a,2026-09-22T11:44:49Z,2026-09-22-35723106503
2026-08-31,91c9868dac4fc76d9a879d91292a6c6d17beeda2b66aa4ade135ed8999f04411,2026-09-22T11:44:49Z,2026-09-22-35723106503
2026-08-31,9290854983d70cbdd5d4f63ee14d6029dffa349c4725f4f4615d6ee843ce2aa9,2026-09-22T11:44:49Z,2026-09-22-35723106503
2026-08-31,92d3bb14ace6b9f6c07d9f15676b74ae897291f9ae0daa51e5f68ce4d52b95ac,2026-09-22T11:44:49Z,2026-09-22-35723106503
2026-08-31,934db25eaf4538b381ca40ab51ea25af525afe7fe9ed035a35a81a05349c9874,2026-09-22T11:44:49Z,2026-09-22-35723106503
2026-08-31,93c17ee931545c974b5491c86b440ba24fc6c6a9cc26d7d9f835142786480cbd,2026-09-22T11:44:49Z,2026-09-22-35723106503
2026-08-31,94454569f747a347096ba9e68780520236526964fd88143a3fc2b40198bfa844,2026-09-22T11:44:49Z,2026-09-22-35723106503
2026-08-31,94a834e7cbadbfb8af6ca000e960db676ae845b85af625f0fadccc7f2f05f533,2026-09-22T11:44:49Z,2026-09-22-35723106503
2026-08-31,94e990dfba1d8518df1c0bdb74bf5011a719ea5340d5ef9d5ddf4cd1ce9ccc38,2026-09-22T11:44:49Z,2026-09-22-35723106503
2026-08-31,9575a4e3b7b3622de8f5055d8c11d09bf0d83d9f228d6cb1f5be08135008e9da,2026-09-22T11:44:49Z,2026-09-22-35723106503
2026-08-31,9601dc3eb08db63195444b9cf17acb17e9e3157a45ff0a84d801199da2aa7192,2026-09-22T11:44:49Z,2026-09-22-35723106503
2026-08-31,9627eed6a9a079329c5744f2e8c923b2dc7a255a5d6801b82e26c47636ce4a72,2026-09-22T11:44:49Z,2026-09-22-35723106503
2026-08-31,963be38ba358b94dfef1702e005037c305992271a2ec6019f380bb2401ae8875,2026-09-22T11:44:49Z,2026-09-22-35723106503
2026-08-31,9677b48b5b16c01e2780bf6178756a55d9f9ca0993ba415e5d2d46ed29b3369c,2026-09-22T11:44:49Z,2026-09-22-35723106503
2026-08-31,96f39e964ac07d7f5875539ad23f2842bab89e20fce05e32df6651f0d23a539f,2026-09-22T11:44:49Z,2026-09-22-35723106503
2026-08-31,97322c7849eef5c4888eaa7185c8b2801a869307730154e1398ffc3074a5c443,2026-09-22T11:44:49Z,2026-09-22-35723106503
2026-08-31,97fa7f168884363d3d0e285e2441af62b12ac814b4123a5529409671edc2d139,2026-09-22T11:44:49Z,2026-09-22-35723106503
2026-08-31,9835fa4fdeb4fa2b9e267be8fc5d701009a7540081c5be83f9dffd100da3971d,2026-09-22T11:44:49Z,2026-09-22-35723106503
2026-08-31,98b1a5cc4fc7aa4d80b3de4f0c3cec30e999a1333a7f3fc966ea081fc71ddd00,2026-09-22T11:44:49Z,2026-09-22-35723106503
2026-08-31,9976a1e6fee4fc0f696e9875b3fb4a93d89600ff8ce43658b38c1f5804fd95d6,2026-09-22T11:44:49Z,2026-09-22-35723106503
2026-08-31,99a14e533faf489f994e0ada8c1e8c071f5f28b05f916784fde5f356506f7dd7,2026-09-22T11:44:49Z,2026-09-22-35723106503
2026-08-31,99d594b05767974278cdb0a8bd503b8314152472d90f950267f36a0753b5c4e4,2026-09-22T11:44:49Z,2026-09-22-35723106503
2026-08-31,99e1d185c069c371d0d667773c3311ca2f5bf6605879a47ab2cf0da9da68fb56,2026-09-22T11:44:49Z,2026-09-22-35723106503
2026-08-31,9a85de0eb0dfdeda4b2b2d1372c9906dfeb7ce5f48324ab513cdd29b4534c635,2026-09-22T11:44:49Z,2026-09-22-35723106503
2026-08-31,9a8e02a41d2b319db8e65201e73c6c46f6514844542390a424c00d2cbcb57c5a,2026-09-22T11:44:49Z,2026-09-22-35723106503
2026-08-31,9a92293df046ece1623f3f5abcaf528e9bca67ee76bfab34daa4b75841c797b1,2026-09-22T11:44:49Z,2026-09-22-35723106503
2026-08-31,9ab4d9eb9ba8cd6aa2670b6b82560d0aed18b889bd4c2b58d90aab629e53e048,2026-09-22T11:44:49Z,2026-09-22-35723106503
2026-08-31,9ab8159003882ec75403067cf9ded9f2253ae2502420a8e6621901383cca72ae,2026-09-22T11:44:49Z,2026-09-22-35723106503
2026-08-31,9acf390ec0be39b77fadcb5ff67a16023fdd0eb0c391f631799d36e6a1c439ed,2026-09-22T11:44:49Z,2026-09-22-35723106503
2026-08-31,9b7affbfcb2ae28aae234b8678e819e0ee2e3a4bf14b04b5d3cbf6216647496f,2026-09-22T11:44:49Z,2026-09-22-35723106503
2026-08-31,9bb442e9fd6b98f3dc30a93740b0ee46c05793f32ce521213f92aeab1076c563,2026-09-22T11:44:49Z,2026-09-22-35723106503
2026-08-31,9bdf9fd44624829b5a1dd7046c0e78f3f0a2057b4fcb3e10ea9de2ac2fe5c935,2026-09-22T11:44:49Z,2026-09-22-35723106503
2026-08-31,9bf3c3f757bc92e3aadb3d67b7b1fb1940d5c2f8fdd949d59e2a59812ccd2947,2026-09-22T11:44:49Z,2026-09-22-35723106503
2026-08-31,9c4c272c778a1014e3f1603270d5e61ef930dc42cd74c59823ce2aeda9698c3c,2026-09-22T11:44:49Z,2026-09-22-35723106503
2026-08-31,9c62f268bf1372f17f262dbbf89697d7910e0eb26fd298223e1aa6de3a297179,2026-09-22T11:44:49Z,2026-09-22-35723106503
2026-08-31,9c6830b5e9cf70624d2cb29f42c66aef33770d5871731608cd3c86371ee34a26,2026-09-22T11:44:49Z,2026-09-22-35723106503
2026-08-31,9db4f773f1ed60dba61ed6274931cff28b8e26fe8e46227d96ceb2e653d541de,2026-09-22T11:44:49Z,2026-09-22-35723106503
2026-08-31,9de23caf160fe5d74d05459ec99ead66a6b6b2535dc6478b1d5cddf399381dc5,2026-09-22T11:44:49Z,2026-09-22-35723106503
2026-08-31,9e76216d12ded6e80db0da90db1324b9948aa96c8152d05706bdfd6a65ab5d19,2026-09-22T11:44:49Z,2026-09-22-35723106503
2026-08-31,9e7a0fcb0c714d814dad9e18dc33a8dd9eb7c437cc6f82d3026358c4a62a3ac1,2026-09-22T11:44:49Z,2026-09-22-35723106503
2026-08-31,9ee14d8ba1aca54185510619ee9554e2edfd2fc8c16da17d7a22c11db96d1393,2026-09-22T11:44:49Z,2026-09-22-35723106503
2026-08-31,9f086262e7f42bf5068aca152908fdde5769794d7a1d6bca32d018709f34846c,2026-09-22T11:44:49Z,2026-09-22-35723106503
2026-08-31,9f5315d985f5330fc87ead5bd44353c40188efd204c7082e6f40ad714924b516,2026-09-22T11:44:49Z,2026-09-22-35723106503
2026-08-31,a033f33f30b9dfb1190c371a62bb2f88ede4db64c9753c192cd7d75e324f496b,2026-09-22T11:44:49Z,2026-09-22-35723106503
2026-08-31,a0a354c5fd8cfe5e0c123477ad383748f84a766d1d485852082691e1925ef065,2026-09-22T11:44:49Z,2026-09-22-35723106503
2026-08-31,a1a666a908f912d8e74951d6f122788c17e8ef3b510fbb932216e89a4782135c,2026-09-22T11:44:49Z,2026-09-22-35723106503
2026-08-31,a1b38aa6aab99a203eebcd8427f5ba438a1a4c46672d7d4fc61be73840c8801f,2026-09-22T11:44:49Z,2026-09-22-35723106503
2026-08-31,a1bc1f365a685dae5472351ac6260e6127e435b4e28d0b9c039f62a7487e2aca,2026-09-22T11:44:49Z,2026-09-22-35723106503
2026-08-31,a2a91c303fcdde9cc7589dcf2f7475f0de0757d190fba1b5f9a1962f73d8b261,2026-09-22T11:44:49Z,2026-09-22-35723106503
2026-08-31,a2ff44a9d017327934f207ab47a07c23623fa296d01ec2ac01477dc26b5eda3e,2026-09-22T11:44:49Z,2026-09-22-35723106503
2026-08-31,a38849bab8f02ace567646d4b6013bae87777f907ba15990a88fe512190f237d,2026-09-22T11:44:49Z,2026-09-22-35723106503
2026-08-31,a3b7a8d532b96e1bb60eebd8ba0fa0b9fdd9410b487339e171ec8391a37b0a43,2026-09-22T11:44:49Z,2026-09-22-35723106503
2026-08-31,a3bbc688014c8d29bf827c4667267dbaf3030aa4e489362cee18f86cd83efce9,2026-09-22T11:44:49Z,2026-09-22-35723106503
2026-08-31,a3e80eb6bff1808d1796f2211f3865eee33ec5169447d2a7b0b37f7dd9b537eb,2026-09-22T11:44:49Z,2026-09-22-35723106503
2026-08-31,a46b55242e798a6366b37a3ee01e620a58d20ca41e821710fd42ff10413a3df7,2026-09-22T11:44:49Z,2026-09-22-35723106503
2026-08-31,a4e5513c012848ef87e3d8c5b5274dd61b03c52b790c2b2c5fbd7441ab9a3e6a,2026-09-22T11:44:49Z,2026-09-22-35723106503
2026-08-31,a54fb12cae8d9a049ce011754cfd9d18cd889001ac08e97d5d3eb3dc34ccdb9a,2026-09-22T11:44:49Z,2026-09-22-35723106503
2026-08-31,a59f391952b9c240dd624cf22386c7b2d1dc3c8b7cafe4478cb0aca3985c3d50,2026-09-22T11:44:49Z,2026-09-22-35723106503
2026-08-31,a5a2df7aa6ff04d68c5fc93d3dfd4708a00c7fda4cf2bccb271c4d45ecd242f0,2026-09-22T11:44:49Z,2026-09-22-35723106503
2026-08-31,a5e164f83fbbe3295bde7aad02e2596e781cea9fe1115e68f234006eb5e26b58,2026-09-22T11:44:49Z,2026-09-22-35723106503
2026-08-31,a5e87d2d67ae32239586201a89844a9c8a7169c22ec7ffa0b3ebe41348829633,2026-09-22T11:44:49Z,2026-09-22-35723106503
2026-08-31,a66b27b34fb82b0c9f945d34e98195085065858c5237947103b765f92739b1ce,2026-09-22T11:44:49Z,2026-09-22-35723106503
2026-08-31,a689561fd6f945e70c7894b8e437e23bb6015d5641acdd9b1346858aee69d71c,2026-09-22T11:44:49Z,2026-09-22-35723106503
2026-08-31,a70b1234a979e3095aa96e8ea8b6b0ce8086f65a11f6c8a1172e7d2b1855a345,2026-09-22T11:44:49Z,2026-09-22-35723106503
2026-08-31,a74cb8ea2f4dbb598fa070233b4679f66df7282808a5613603f6b7d8e4b6eb81,2026-09-22T11:44:49Z,2026-09-22-35723106503
2026-08-31,a8125de3b1e6b779b930d2e984d73f761d287f16f167636e3f3eafd030cccead,2026-09-22T11:44:49Z,2026-09-22-35723106503
2026-08-31,a8a38f691787b7a334988f0067e8e961a0274c2235ff9cdecb8c4c51b8a1687b,2026-09-22T11:44:49Z,2026-09-22-35723106503
2026-08-31,a8aa5b41eedd70b60b0d42168bdb608da57319fc7252cb810594aee0d3db479b,2026-09-22T11:44:49Z,2026-09-22-35723106503
2026-08-31,a8b7078d31699da50e1e9784c00ddf34bce4e6e76134bad93341305fdf1cc8c5,2026-09-22T11:44:49Z,2026-09-22-35723106503
2026-08-31,a8c429d2a3b64f1d067356a6dc5d10080fa8ac9378f69c50325317d7187a8bc4,2026-09-22T11:44:49Z,2026-09-22-35723106503
2026-08-31,a8f0533186e8c458027fe2faf3f5a575a10b654b3cfd46650b5a3d380f89b347,2026-09-22T11:44:49Z,2026-09-22-35723106503
2026-08-31,aa40a613c32dbe598488f29501773974bcd3912103e8671f879e1076b8c3759d,2026-09-22T11:44:49Z,2026-09-22-35723106503
2026-08-31,aa81580aa97672339e4d2dc93b43d2b70d1adc56320eebc19d6de43fd44fbbc7,2026-09-22T11:44:49Z,2026-09-22-35723106503
2026-08-31,ab52d2400c3fbe21fcbf98c711293c914f6b83e2fcda6706184a94494198ed61,2026-09-22T11:44:49Z,2026-09-22-35723106503
2026-08-31,ac351c0281eea49a144009d2ce6f9aa85c2e9c52a2beeb4c468309a92d93d274,2026-09-22T11:44:49Z,2026-09-22-35723106503
2026-08-31,ad1e1d607dbe6faafa6b3a6b54d7a04190d05aba31c7a6d959111884f825027e,2026-09-22T11:44:49Z,2026-09-22-35723106503
2026-08-31,ad7a2e2c3dad37814f7fcbcfae712c442602265326ee0ec136f6369e46b9ae89,2026-09-22T11:44:49Z,2026-09-22-35723106503
2026-08-31,ad83f33fdce422fc76ff335600305c2a6a957989cc54211fb321e8c7e3f48af7,2026-09-22T11:44:49Z,2026-09-22-35723106503
2026-08-31,ada18a21c09aab7ce644c54970fe34bb06ee881c66148e29a165c2162d3d9d37,2026-09-22T11:44:49Z,2026-09-22-35723106503
2026-08-31,ae282daaf1dafa6615dc4f9bcb646ba2a73108f9bcb8043d378c0739056f1348,2026-09-22T11:44:49Z,2026-09-22-35723106503
2026-08-31,ae4fa4c9c3348300e08368a699beda300782749f0630da3a5610407dc2535180,2026-09-22T11:44:49Z,2026-09-22-35723106503
2026-08-31,ae52cd115bbd4af484404038bd4eb8f76a397fd4998e5bd5cb91379589cf6967,2026-09-22T11:44:49Z,2026-09-22-35723106503
2026-08-31,ae57ded01f8feba98d035fb1185a289cdceeb3a62ab70cd828e4c66408c1aba9,2026-09-22T11:44:49Z,2026-09-22-35723106503
2026-08-31,ae6e0da000e490b0d8799dfb14387c3e39d084ef1e025f133b4ecff8a8ea06d3,2026-09-22T11:44:49Z,2026-09-22-35723106503
2026-08-31,aee2e1dc2b087db9edd711cb203c207178c036aa6c97c4e44147a6ba30d00817,2026-09-22T11:44:49Z,2026-09-22-35723106503
2026-08-31,af38a17368a91df325b3590d6748ae2f3ff9d97b9ec87c183cbbf31086725116,2026-09-22T11:44:49Z,2026-09-22-35723106503
2026-08-31,afaecaeb874a3f84943f22a3179a8e92b8b52bc19906e1616370703d34c316a9,2026-09-22T11:44:49Z,2026-09-22-35723106503
2026-08-31,b029aa4808be75f028b654963f087485b06cf2e66076e89b62855935ed5c4617,2026-09-22T11:44:49Z,2026-09-22-35723106503
2026-08-31,b0c71b1ea19a394ff253be006583ea59154a109b2bdf27481cb8d5ec159097f1,2026-09-22T11:44:49Z,2026-09-22-35723106503
2026-08-31,b16cde6dea25407a06c399d8bf0a1bb757fb5a1601ea2e449402bcdc33ca8346,2026-09-22T11:44:49Z,2026-09-22-35723106503
2026-08-31,b1c20e6c366d940410963f35d40af34d6b4565b4eb40fe8dda9f6888e69d2a4a,2026-09-22T11:44:49Z,2026-09-22-35723106503
2026-08-31,b1cc0e293a0d9ad7d7c0f156f21ef6247dfa1160ef6885c42d6d4dd213786fd1,2026-09-22T11:44:49Z,2026-09-22-35723106503
2026-08-31,b210865b17d9b41019a0d8e37eb79e55b9dfd62e093c027daccc63eaa4649ded,2026-09-22T11:44:49Z,2026-09-22-35723106503
2026-08-31,b36593ecda66a20907b26219f11f9116d23a0ce665b908f3e854b4480c261bef,2026-09-22T11:44:49Z,2026-09-22-35723106503
2026-08-31,b43e9dbe9fd293c9cfcff44facbdc1fbe84fa68ac0a62dc0b8ac5785f635c0c8,2026-09-22T11:44:49Z,2026-09-22-35723106503
2026-08-31,b47f4744c5ad1032bbda581b6b65d86de4a75ba36a2fcd1b55a46f9b3aa47f50,2026-09-22T11:44:49Z,2026-09-22-35723106503
2026-08-31,b5d6cb4815fbe853956d07cd51f653bc2c40a01e16e6831ff4cd5253ef8d16c6,2026-09-22T11:44:49Z,2026-09-22-35723106503
2026-08-31,b60b633c895a3c3ffbe4a4ce57b72d78b3a0839fead3dce67f98552e147e02f7,2026-09-22T11:44:49Z,2026-09-22-35723106503
2026-08-31,b6438fffee180a9b5563d74cc10441d31802370cd09c0ada79be8f770b2fd16c,2026-09-22T11:44:49Z,2026-09-22-35723106503
2026-08-31,b64d978da26327b27c2e32a2494dff60ad0d8e0f207582a4923c8e5e073b225c,2026-09-22T11:44:49Z,2026-09-22-35723106503
2026-08-31,b68e56888d73308e415b67b64c37c4266312496da638d46407c3a5b009cbd111,2026-09-22T11:44:49Z,2026-09-22-35723106503
2026-08-31,b68ee6e56a0eb71fd06c10fcade95644652a65cd8a617a6723eaa9b46a0e4047,2026-09-22T11:44:49Z,2026-09-22-35723106503
2026-08-31,b6aee61ab4306a232e6dafc08e3c06b48b6df1e435ccd7e97678eee6452b266b,2026-09-22T11:44:49Z,2026-09-22-35723106503
2026-08-31,b6c4cf3d0e9deb2e292e1719da5f6531106e187d743c08d0cfdec9ea9e43ee21,2026-09-22T11:44:49Z,2026-09-22-35723106503
2026-08-31,b6c89e59f1696c036f7de40db1aa529eb6fbf37ac28b85f6877e15b84d3bf2e7,2026-09-22T11:44:49Z,2026-09-22-35723106503
2026-08-31,b6ed8176364a849fc5a9d57041113eb3c428d3ba0d8d972c8352d72b2db4d400,2026-09-22T11:44:49Z,2026-09-22-35723106503
2026-08-31,b834bf3dcde332ccf7deba30cedbacd3fc73ff17ace1222eb9e03dcf7a73995d,2026-09-22T11:44:49Z,2026-09-22-35723106503
2026-08-31,b87c6b1d0dfd16c4d23d3fd560f62dd96044b5b22e90c22eaf1c3518b60a1723,2026-09-22T11:44:49Z,2026-09-22-35723106503
2026-08-31,b88bd1a26a13de964c99e73dd5f23d489e61ad7999aab7b589088fde7ab42bf8,2026-09-22T11:44:49Z,2026-09-22-35723106503
2026-08-31,b918d159d67af8d451848b98b7578108937d79c455d41464d5ffb64c8e763f3a,2026-09-22T11:44:49Z,2026-09-22-35723106503
2026-08-31,b984d413f1c66bac112fb13d407974d79a445cd2a775c1e4c9b4befb4c26ffe7,2026-09-22T11:44:49Z,2026-09-22-35723106503
2026-08-31,ba1fbdb4a6618c93922987a160c1c689e87ebfb90f845131fd41a4abf73ce709,2026-09-22T11:44:49Z,2026-09-22-35723106503
2026-08-31,ba9302a8ff260d15afa6857b0bfdae9ada3ba9d96208e557616601c0bfdf5d20,2026-09-22T11:44:49Z,2026-09-22-35723106503
2026-08-31,baa328fb08c823f22cbeee81e16f14acdf5ea36e360904b91adf43fa8ba2d81c,2026-09-22T11:44:49Z,2026-09-22-35723106503
2026-08-31,bad43c928d70477063d3b475337fa93a0fb6c208b1c31826801398109ff71080,2026-09-22T11:44:49Z,2026-09-22-35723106503
2026-08-31,bb5adcd00f35fae12ee14e7d33708f3cadd65580eb2f27f7bef500ce3a9e761b,2026-09-22T11:44:49Z,2026-09-22-35723106503
2026-08-31,bb642927be3178d1b66087ee4341fd82b5bebf45bcd935f8eef3627024ca8896,2026-09-22T11:44:49Z,2026-09-22-35723106503
2026-08-31,bbc0b02ed7f16c92e12ffa25ebb2b409b2663f4d3e6a47a9714c1bfce5088f11,2026-09-22T11:44:49Z,2026-09-22-35723106503
2026-08-31,bbce09b401064a0fd0e60de6a997eac6729aa5e592c3fe296004bdd126ae3b61,2026-09-22T11:44:49Z,2026-09-22-35723106503
2026-08-31,bbe13e2523dc34eb595507d78e47796f9ae42d0539ee0305d49d5ef49e1c8193,2026-09-22T11:44:49Z,2026-09-22-35723106503
2026-08-31,bbf2eaf54bbb417c36097d03c8c6c5a4b7d2cff50a200a08ed9e00dc18bbf483,2026-09-22T11:44:49Z,2026-09-22-35723106503
2026-08-31,bc33d726f659fe7d155424e1f08ff26f00369f513fe508ba03b17e7effaf18af,2026-09-22T11:44:49Z,2026-09-22-35723106503
2026-08-31,bc9b55252a318bbfd0935d6a27e297de39a304d6721a789bbf76e6479975bb15,2026-09-22T11:44:49Z,2026-09-22-35723106503
2026-08-31,bd304b60b74d194b901c3ee2b0dd96ce90e5c90f9bcb94a8ac70edfb56d017a2,2026-09-22T11:44:49Z,2026-09-22-35723106503
2026-08-31,bd63ee278bce11e6674c3062f9094dbddbe153defb98fad7ae5f063500c7216c,2026-09-22T11:44:49Z,2026-09-22-35723106503
2026-08-31,bde862eee9aebadb7ebf5c1d9ed4e86426a1091f39acad8d36ce6cfe01e3fd55,2026-09-22T11:44:49Z,2026-09-22-35723106503
2026-08-31,be36efd6c3ad6e622eb8ed703bb974fcb760a77b9e472de3561d73fc09cec017,2026-09-22T11:44:49Z,2026-09-22-35723106503
2026-08-31,be3ff0abb172de9c859bdc26ccf2677a8de84ed63a0a6423706908d71bd39aca,2026-09-22T11:44:49Z,2026-09-22-35723106503
2026-08-31,be5f930ea6c50401c7aec432ae2c1594b9a3f08541c733da34e3abf636773340,2026-09-22T11:44:49Z,2026-09-22-35723106503
2026-08-31,be86d9ec94244bc3d1bac15711a68bd98aeb894cad1efa42f147dd976d171296,2026-09-22T11:44:49Z,2026-09-22-35723106503
2026-08-31,bea7db95139c357b683a8e4e8b56b2eeaeeb50720b36472ea2cd7152ed834858,2026-09-22T11:44:49Z,2026-09-22-35723106503
2026-08-31,bf03452a21efe029b2fd6299644ceb100712574eaa3ce691574cb042f3c95968,2026-09-22T11:44:49Z,2026-09-22-35723106503
2026-08-31,bf0ffb0a03a79f2a3fa96f10558d9f7c7e016dc8e7dc24af942c66440102427b,2026-09-22T11:44:49Z,2026-09-22-35723106503
2026-08-31,bf2ff2bb53c8a71845878f2da9d228b00994c6c597c39269013e71761477ec2d,2026-09-22T11:44:49Z,2026-09-22-35723106503
2026-08-31,c09a12ede363bc143921db024388b8d4ff33f25c279a29a9ff19860e94b74360,2026-09-22T11:44:49Z,2026-09-22-35723106503
2026-08-31,c0c8bebdc093ea754122aeb61009cdcf5bc703ce1696c4fd20faf7c0c697763a,2026-09-22T11:44:49Z,2026-09-22-35723106503
2026-08-31,c243084c08d20ba71836667bad69f8a38b602694e75b88972d03d42d5005b288,2026-09-22T11:44:49Z,2026-09-22-35723106503
2026-08-31,c273013759183985efd8a783bd6d919271f6c07058eb5d941145b76d697ef5f5,2026-09-22T11:44:49Z,2026-09-22-35723106503
2026-08-31,c28c2537602cbbf9f721b1bbd696c54c5360d1aaec05919fbe9238567a4c5a42,2026-09-22T11:44:49Z,2026-09-22-35723106503
2026-08-31,c2d6ea037e45a439b405796cbca2fb3c467423fd4366bb6709ca2693cd737c16,2026-09-22T11:44:49Z,2026-09-22-35723106503
2026-08-31,c428a63c0c3a76c66a39f9294b702359c2928fb58c09412a93fef083ed36f287,2026-09-22T11:44:49Z,2026-09-22-35723106503
2026-08-31,c4f17c9580ac5beb14e9b03ce460c10a3b56fe159d7bd3f8ecb1df597d049c91,2026-09-22T11:44:49Z,2026-09-22-35723106503
2026-08-31,c5192679a4621e418ae7d3fe909557a14ebcce000d44ca3dbd24896228f742f6,2026-09-22T11:44:49Z,2026-09-22-35723106503
2026-08-31,c55b4970f820cb3af08594ae262660d792ed20c3383e27af5307bd9e5e341047,2026-09-22T11:44:49Z,2026-09-22-35723106503
2026-08-31,c58774a55e7d58eb9fae1829687f0a047f1a47b5dc03e28895e9f3b2a27f52be,2026-09-22T11:44:49Z,2026-09-22-35723106503
2026-08-31,c58d0e9fe8c6394c44f515bcaac9eec25184a3735df7b3c63594b63d4de33b3d,2026-09-22T11:44:49Z,2026-09-22-35723106503
2026-08-31,c59baa0e1bb319b48b64e17c9f438028d399766ba9d5cf29f0ec4e1a70862632,2026-09-22T11:44:49Z,2026-09-22-35723106503
2026-08-31,c5c217a89b00aa1d19cd379d8d8d8a02633008beb1b23b10ae3a02160d5f3a22,2026-09-22T11:44:49Z,2026-09-22-35723106503
2026-08-31,c622429e7842713da13803758e9347a50aa0c4226f54f022fbb7c8abbb5bd258,2026-09-22T11:44:49Z,2026-09-22-35723106503
2026-08-31,c6ce91141f4eb8cb0b1cf22101df4792c3b23231ea80aeea47c75a0fce37839f,2026-09-22T11:44:49Z,2026-09-22-35723106503
2026-08-31,c754b6c39669bcba9c4bdb7db748f1887c30f06b6f04fd251bf6bdd9a78b9de2,2026-09-22T11:44:49Z,2026-09-22-35723106503
2026-08-31,c7b299e6c8bd06cb7eda41855df87974398a3f049126a41e3a620232588ddcaa,2026-09-22T11:44:49Z,2026-09-22-35723106503
2026-08-31,c8c57407891fd69df087359a82194c7b6d32aa47240e531ebcb342b9085b41b6,2026-09-22T11:44:49Z,2026-09-22-35723106503
2026-08-31,c8d2997f00f5a4e03177f4437355bd9f4c16f6e31728327ec472af7739c862eb,2026-09-22T11:44:49Z,2026-09-22-35723106503
2026-08-31,c9ea6265c81766ed503277b8777d16c200489d187962318df60d564d2ef03bfc,2026-09-22T11:44:49Z,2026-09-22-35723106503
2026-08-31,caec6c783a907027e256baa6934a58ab2576ef919d5bb953f0937c7b1fa6382a,2026-09-22T11:44:49Z,2026-09-22-35723106503
2026-08-31,caef1eeaa21a77a182badfcb47166b0d046c0db7deaed04a87318268cb6b41ce,2026-09-22T11:44:49Z,2026-09-22-35723106503
2026-08-31,cbb2132f352e417f889bc1f3fe6a8894d05d2219ee055242d77aac34ea8854ab,2026-09-22T11:44:49Z,2026-09-22-35723106503
2026-08-31,cbf52cb7eabb572cd62aa3d93defdbf068009707ee2a20c2d1b8c7856baa63ec,2026-09-22T11:44:49Z,2026-09-22-35723106503
2026-08-31,cc395b2d951b954d5d8402958aab589edada3d2bbecbad97d629d56e4a12d2e1,2026-09-22T11:44:49Z,2026-09-22-35723106503
2026-08-31,cc501e596b16acb60f01e0b53c40898ba95bea439027e5110cb3a1000277de84,2026-09-22T11:44:49Z,2026-09-22-35723106503
2026-08-31,cc5ffdd9f466f8be24933a3f332acdf394c95bf86ffabb7ae1df304a10bc18ef,2026-09-22T11:44:49Z,2026-09-22-35723106503
2026-08-31,ccb8b44f75ec3a2a12b96b85c35c9c97e2e90394186b063cb0827462711f7c5b,2026-09-22T11:44:49Z,2026-09-22-35723106503
2026-08-31,ccc8fb5527ce6723ce30935fa28b9e6dec6298ca27eaba81583fe9e9fe934d0f,2026-09-22T11:44:49Z,2026-09-22-35723106503
2026-08-31,cd01b8fe6e7115d9ec934a19f0b96823709c2f8acd55b8a3fd8ff6e899eb1628,2026-09-22T11:44:49Z,2026-09-22-35723106503
2026-08-31,ceabc984e13bd7c480855c2141ed5f1fdd28ae74f0e068d6acc5abcb0d448b24,2026-09-22T11:44:49Z,2026-09-22-35723106503
2026-08-31,cee7033dbd7b9ecb874e0737163bb197603bcd76c5a131338f8bea59c3994c03,2026-09-22T11:44:49Z,2026-09-22-35723106503
2026-08-31,cfc5ba38fc99d4dc0af83cc13a69e39ed73c9c6601462b45417f910250ba8759,2026-09-22T11:44:49Z,2026-09-22-35723106503
2026-08-31,d0aa331a4bdca3a731a6f4a599d7fe59d2a246ec1f6226e85fbd23db76de0086,2026-09-22T11:44:49Z,2026-09-22-35723106503
2026-08-31,d0e2e059f44e624542cb5c8aab66946088d96910a746765d115b6dd47e98693e,2026-09-22T11:44:49Z,2026-09-22-35723106503
2026-08-31,d108a74b9f12134168fe06c0bcb17b02a74a0f83d86ec9a69dee40b5b884744a,2026-09-22T11:44:49Z,2026-09-22-35723106503
2026-08-31,d19becbf9daf79c5a630a1ca160684426bfc004d114be4cf9cc504e83a77391d,2026-09-22T11:44:49Z,2026-09-22-35723106503
2026-08-31,d1aad84b80fdebf66e14dc3bf60623bd71c79d1bc444f5f0550b3530e2eefad1,2026-09-22T11:44:49Z,2026-09-22-35723106503
2026-08-31,d2878ce642c3094275400e17c77550f0bfb39977beb99cad0414e5d9a44e2dd8,2026-09-22T11:44:49Z,2026-09-22-35723106503
2026-08-31,d2cbcacd9019dabf34081e2bc1c52aad6bae869e77a3c6488ed26230a997fe8a,2026-09-22T11:44:49Z,2026-09-22-35723106503
2026-08-31,d301d3509b68535c83a7546d6c041a6c4a0547cc6f88bd341832c6b10366ccf0,2026-09-22T11:44:49Z,2026-09-22-35723106503
2026-08-31,d337d50e64401effe6d78820c55d1192cfb8af85d05c9f96792dd43263abd681,2026-09-22T11:44:49Z,2026-09-22-35723106503
2026-08-31,d33da17908d4a3cf5bbbc4f5c26a2ee7889b1cb4efc2a3624cd770f1c588f995,2026-09-22T11:44:49Z,2026-09-22-35723106503
2026-08-31,d37ff4c52ba6dd555893d9b87257f16ad302aba52e4a4b645356179273b3a87f,2026-09-22T11:44:49Z,2026-09-22-35723106503
2026-08-31,d3bbc94139c5184225d4f9bb8c233c365a2aba562cdbf8baf224fd3bedd999f8,2026-09-22T11:44:49Z,2026-09-22-35723106503
2026-08-31,d417808cb6c065b2e94225861bd75dec9521da6e4e6c534d2986282087379664,2026-09-22T11:44:49Z,2026-09-22-35723106503
2026-08-31,d41bce0dc72ebd1d47489c6aa2c334c21e20994c83e108b428f4ce39f2274aca,2026-09-22T11:44:49Z,2026-09-22-35723106503
2026-08-31,d48ca25fe2bf618a630e2218b69eadce105a302603b1a145d79708f5d7d3401c,2026-09-22T11:44:49Z,2026-09-22-35723106503
2026-08-31,d55a14acd1a6d0954f114d66502b13efa1c2f6d9d3757231978598fd87c5ecbd,2026-09-22T11:44:49Z,2026-09-22-35723106503
2026-08-31,d5ee639cfd4efae532668174b2a4eee1158647a549719e7240a236fc17c468ef,2026-09-22T11:44:49Z,2026-09-22-35723106503
2026-08-31,d659fc013a280027fdccb7869499fab492d8b3d9219a791087d3fd59e6c314de,2026-09-22T11:44:49Z,2026-09-22-35723106503
2026-08-31,d6e7f1d874b8bc4cee28d99dcf4cca894a451026f17e3b47a0dd10f8f68084ac,2026-09-22T11:44:49Z,2026-09-22-35723106503
2026-08-31,d6f9a0f152d1ebe199ff99ae29afbbbc9a3f383e51f7d51264928716e4296b96,2026-09-22T11:44:49Z,2026-09-22-35723106503
2026-08-31,d72eca796b031d9c127299c225a812205adcbe7ba42433efadca04fc32e8744a,2026-09-22T11:44:49Z,2026-09-22-35723106503
2026-08-31,d778a84cd62b4a29eea3b551b334c12c87aadf1755b1584bec7713946d3ba714,2026-09-22T11:44:49Z,2026-09-22-35723106503
2026-08-31,d7cf4b21ee10f9a7ebb5b660c4821c994a5a5d6247587f04864e30e4e5734c6e,2026-09-22T11:44:49Z,2026-09-22-35723106503
2026-08-31,d80c26a2d7bade45d3e5ca0d0a1620f31ec083f8500449c8c4548a8fbb7015e7,2026-09-22T11:44:49Z,2026-09-22-35723106503
2026-08-31,d80c9fc2829085e0726ac4028f2f6b9fb2dec9e800ea5e9171d33ea93bdc3935,2026-09-22T11:44:49Z,2026-09-22-35723106503
2026-08-31,d837da1525c49e9c539c7e894b488c5424ff60ffbc9547d4c555c0d025ce36f1,2026-09-22T11:44:49Z,2026-09-22-35723106503
2026-08-31,d85d15c8a516debfa4fb31de3e080fcc90272bfb7c4c82b37d7d8e3cb80f6f0e,2026-09-22T11:44:49Z,2026-09-22-35723106503
2026-08-31,d87f580dad5b71e88741c198bd24e77e3894310458a7e76b366937d58a14e96f,2026-09-22T11:44:49Z,2026-09-22-35723106503
2026-08-31,d89cfdfac9e3f9590df724733ee0d2fc34dfcb44704db518bbc284d79217c9f8,2026-09-22T11:44:49Z,2026-09-22-35723106503
2026-08-31,d8ae1ff6cdf0f6917eb6e4907f3f19913446e334fc37ef1336668af6754880d3,2026-09-22T11:44:49Z,2026-09-22-35723106503
2026-08-31,d91a41e3411bece0873116f79ff66de62045b14b9a11ff2e5259bc319b10e0bd,2026-09-22T11:44:49Z,2026-09-22-35723106503
2026-08-31,d94055a3f761e382c2b776974ec16db472005923cef293a1ec9af5a9487f9ade,2026-09-22T11:44:49Z,2026-09-22-35723106503
2026-08-31,d9b44b32ebe06a54a185ca22a1b9ad764d074aad8bf0dc57b98bf4b304d02e8e,2026-09-22T11:44:49Z,2026-09-22-35723106503
2026-08-31,d9c21cb45fccafc8c64a93be2a2d6134d0f30da2fa116da130241520f0a6cb48,2026-09-22T11:44:49Z,2026-09-22-35723106503
2026-08-31,d9e575fe41367bf89ed085f8c871b317415c007101b48cc0334d7a1dd57a1261,2026-09-22T11:44:49Z,2026-09-22-35723106503
2026-08-31,da7b895cf9946b12814a90302d95ac3dab640818c5f71652f96a942d4ab88451,2026-09-22T11:44:49Z,2026-09-22-35723106503
2026-08-31,daa72bd25ad7d699edb6bff01889d5bab812c386bee7a73b97f45d84f4db1867,2026-09-22T11:44:49Z,2026-09-22-35723106503
2026-08-31,daabcf8c5793908380009202eb7feb3e148d5af1c957cd64736c1bd77b62354a,2026-09-22T11:44:49Z,2026-09-22-35723106503
2026-08-31,db81db0630b12fcc4dff101b5be8964dc0373e1ad4f34250c14b8d39926ce72e,2026-09-22T11:44:49Z,2026-09-22-35723106503
2026-08-31,dbf541691e9a6684c1c0b98c0dbc29eb8f77d47ccc2f073d0d1a09e1ee5773da,2026-09-22T11:44:49Z,2026-09-22-35723106503
2026-08-31,dc1f2879f2f44b119fd5ff9346c57da62fefc7d7b36282a8dc7610c8aeca232a,2026-09-22T11:44:49Z,2026-09-22-35723106503
2026-08-31,dc65229a83df1d6c639f7ef5cbbc9d7d36bf61bf1326b46c95bcc8799361785f,2026-09-22T11:44:49Z,2026-09-22-35723106503
2026-08-31,dc7f91613ec1809cc3f035154367b7222217f818d1fd55e4c1fc8a2e713e41f0,2026-09-22T11:44:49Z,2026-09-22-35723106503
2026-08-31,dcdab67857d8ea811bd5cc8a47d35532b594f1ff759df7f2a9623f43851d90f4,2026-09-22T11:44:49Z,2026-09-22-35723106503
2026-08-31,dce564a579275890b7f0433aee1c772297e927a4f6b40cfbf146589c8613d9ff,2026-09-22T11:44:49Z,2026-09-22-35723106503
2026-08-31,dd1ecf0e357a2a3c295b6dd8cdde51f3ebe4e1559c2aaa2ec95469fb6480bb34,2026-09-22T11:44:49Z,2026-09-22-35723106503
2026-08-31,dea7a3d6955bbf1d3f521d2a58f88724f23ed850f7e33d97f00e045a822e2da2,2026-09-22T11:44:49Z,2026-09-22-35723106503
2026-08-31,deb5b8df0f72f6f3bacb1b8cffc156d65d2723074a9204440da99338ffcfe286,2026-09-22T11:44:49Z,2026-09-22-35723106503
2026-08-31,dee05b119ac54572db5190fa39acdadb02c3443abe7f8d1f106a952420d1da55,2026-09-22T11:44:49Z,2026-09-22-35723106503
2026-08-31,dfe93cceddef04bf3f875c43072ec69875642b0d464f19a3ae81644df80a6ba9,2026-09-22T11:44:49Z,2026-09-22-35723106503
2026-08-31,e0840ca81399be99e40d7b0219cfc5413f65321b4887f37144581e16a714ccbc,2026-09-22T11:44:49Z,2026-09-22-35723106503
2026-08-31,e0a274c4c2cb4bc8e077edead138adbbf33c25b44d89c3cb41a0590c42142ec9,2026-09-22T11:44:49Z,2026-09-22-35723106503
2026-08-31,e1098474219e011b9be543223700072661216dbed12162ce435c750334a0adc1,2026-09-22T11:44:49Z,2026-09-22-35723106503
2026-08-31,e1218fa971b860be523ce1be156bef30de4fca951c7a95ed1b152e581ea441c9,2026-09-22T11:44:49Z,2026-09-22-35723106503
2026-08-31,e1601b0bd66959d8842cc19f36c01decb9e13a82ba84ce2dda01f4aa6311e9ac,2026-09-22T11:44:49Z,2026-09-22-35723106503
2026-08-31,e169f5ba48e67b22d14c7fb50f812919e0c24629fedd27817fbb9bba4d88b9a7,2026-09-22T11:44:49Z,2026-09-22-35723106503
2026-08-31,e17665800b03995e5a4a219976f16265e95ae5865f98002c9a76e4199a8f6e30,2026-09-22T11:44:49Z,2026-09-22-35723106503
2026-08-31,e1b3c08393d471a6b39f7d0dacff551d9e3b0ebfe01c7b9aa3e2638054273f52,2026-09-22T11:44:49Z,2026-09-22-35723106503
2026-08-31,e1c0faa5080108c94a604fda1b14a88917efe0c2b6a106ff7d09af31775b4f8a,2026-09-22T11:44:49Z,2026-09-22-35723106503
2026-08-31,e1c17b9e7c8e58cedf91902b22594b069f02b3eaad3dc869167df4e11684d9b5,2026-09-22T11:44:49Z,2026-09-22-35723106503
2026-08-31,e22c5d09d173f30e15bb6737cb9cc00d433f4f5a38469577114e12169087f6b3,2026-09-22T11:44:49Z,2026-09-22-35723106503
2026-08-31,e240756f4f70aed7bc367c2375d255ba6e70d8b3744424fc961f09d4467b18df,2026-09-22T11:44:49Z,2026-09-22-35723106503
2026-08-31,e2b6f2f80182b0ed21ae89a327fcdbc27014e1c1acddf40614b2b12cff99a280,2026-09-22T11:44:49Z,2026-09-22-35723106503
2026-08-31,e2b74034d6d7529a52aebc46a7c49ef3ea06a38e9659236e879be0c4a61ee9ba,2026-09-22T11:44:49Z,2026-09-22-35723106503
2026-08-31,e33c956bb8dd884a6f86de4cc89b9702d95e5a87c7239071c5413d13072aa73f,2026-09-22T11:44:49Z,2026-09-22-35723106503
2026-08-31,e3d6e2c8fdabc76d0e94f593f6aa30310ee36ed510290e8a9628f6bc68a4cba6,2026-09-22T11:44:49Z,2026-09-22-35723106503
2026-08-31,e4ed662f75f709b8d3b673fe645985af972d2a6d4ce6dd67e90df741520cb684,2026-09-22T11:44:49Z,2026-09-22-35723106503
2026-08-31,e510a2661395a67a06efc8dbe6c0e16fd389aa15be3475e9a87b3146cfacfe3e,2026-09-22T11:44:49Z,2026-09-22-35723106503
2026-08-31,e5652fb92f79b8d78818afe465039984eec7860f02b02a92db6138b09366eb3b,2026-09-22T11:44:49Z,2026-09-22-35723106503
2026-08-31,e56d4572d5a060580f2d72fbefefaed91fc061ea9ed8f9211609cad25c5fd0da,2026-09-22T11:44:49Z,2026-09-22-35723106503
2026-08-31,e59e47e6c7b3230084cd6cf61995d62f5ab31f9aa844406a0f9902a80e0b1ee7,2026-09-22T11:44:49Z,2026-09-22-35723106503
2026-08-31,e648c13897c0feca5291bfb16e429096379db23318c0bd91442f3099ad90b8bf,2026-09-22T11:44:49Z,2026-09-22-35723106503
2026-08-31,e675bbbf27f2af8c583ef299d2ac5fbc00818179d10782cdb587d3e5851ee8df,2026-09-22T11:44:49Z,2026-09-22-35723106503
2026-08-31,e6f469349661e98208ed775683bb5e14837f58ff968effcb7970cabe6e733312,2026-09-22T11:44:49Z,2026-09-22-35723106503
2026-08-31,e744be4133f8a4f454220e6b90d382a02d616dc27bf23aca5a53986fe115499e,2026-09-22T11:44:49Z,2026-09-22-35723106503
2026-08-31,e872670efc55c1a4fb4e33dcadd042347754e1a4d723f21c1dd422f1113ef997,2026-09-22T11:44:49Z,2026-09-22-35723106503
2026-08-31,e93387644b0062044b68014e78ce34573c5f6134c739db48d17a1f6ccc72cda5,2026-09-22T11:44:49Z,2026-09-22-35723106503
2026-08-31,e940ecce8c3852411852170f23dc03aef890c84415b16e27b9a99b674a211d3b,2026-09-22T11:44:49Z,2026-09-22-35723106503
2026-08-31,e96913b46ddc4479a3e5e8740f9ff1c25fb763c4b13e9fde08c089f3d1dddfae,2026-09-22T11:44:49Z,2026-09-22-35723106503
2026-08-31,e98a9089f9c62293366b22b70bd059c1feb9c8e79a5568f576859b0086218fea,2026-09-22T11:44:49Z,2026-09-22-35723106503
2026-08-31,e9d225f9157a0b7405737217498436bb2d96914b410365fbf24f62376c078255,2026-09-22T11:44:49Z,2026-09-22-35723106503
2026-08-31,e9e796ee2013ef23ba55b1154034f5e4ba7e11bf1a4cced44c454c71c646b047,2026-09-22T11:44:49Z,2026-09-22-35723106503
2026-08-31,ea0d8f2c3f7175add2dd62f381f380b02b18a06ba28b056e843c6b802e2eb287,2026-09-22T11:44:49Z,2026-09-22-35723106503
2026-08-31,ea15bc6b60a92a99b7b1d466660b61457f5834d9d5799566acf0242b1c557057,2026-09-22T11:44:49Z,2026-09-22-35723106503
2026-08-31,ea4c70471b8a29f230e9d49e6f1becddbe854c78ed4e247975d0cb9f50a0c5b6,2026-09-22T11:44:49Z,2026-09-22-35723106503
2026-08-31,ea5f7e268f722d34bb76fef3206ecfea1418b441798760950e8ca6340a522c5f,2026-09-22T11:44:49Z,2026-09-22-35723106503
2026-08-31,eba1033e8d5814d70c2c2f41e77edebbc8e6a3f685b4da51e7404c534e027098,2026-09-22T11:44:49Z,2026-09-22-35723106503
2026-08-31,ebb59d22e234fd1f8c64852523cacfdc2547f09f55ecff8c05551775c27b2938,2026-09-22T11:44:49Z,2026-09-22-35723106503
2026-08-31,ebf264bc4f084454a4713156cae26de4306977102304b35932ddebd6568a95df,2026-09-22T11:44:49Z,2026-09-22-35723106503
2026-08-31,ec14458deab298fdebbf8a301cfcfbff11cba65f8dfd68cb07759a98256d08c0,2026-09-22T11:44:49Z,2026-09-22-35723106503
2026-08-31,ecdafc4b85f9f12e9aafbaac61d0011ecba142a10efbf973bf3a19c6d218e5ed,2026-09-22T11:44:49Z,2026-09-22-35723106503
2026-08-31,ed92366588f32c3cc684e658aad91906d9e26afa28589a0b3d553211dc020a6b,2026-09-22T11:44:49Z,2026-09-22-35723106503
2026-08-31,edaf64ee6fc8f9c1a4848f83a5623d2fadd7645dbc5d46bbbb42bcddd8577d91,2026-09-22T11:44:49Z,2026-09-22-35723106503
2026-08-31,ef3ea94de828e8da4cc066d33fbe9e63d4610565b53143e1d9743fbeb204d5a0,2026-09-22T11:44:49Z,2026-09-22-35723106503
2026-08-31,f0194e74139e865139a7a352b1b4fa8a7ba06a5d9e16ec2044c015087972006c,2026-09-22T11:44:49Z,2026-09-22-35723106503
2026-08-31,f08e81c1918300e95498179f06052d1168ca40ee02f59e5c7745aefac94606e7,2026-09-22T11:44:49Z,2026-09-22-35723106503
2026-08-31,f100aa2910fa7b46e08c073ed8f0157a078a8ab033832906096a5d2de5836f19,2026-09-22T11:44:49Z,2026-09-22-35723106503
2026-08-31,f11961700e3465160fc6b3144c3ccf9b3d5f7ce5edc84f011e934a3301d8a1e8,2026-09-22T11:44:49Z,2026-09-22-35723106503
2026-08-31,f124e3d3222a5c0a3d6cfdb9bfab546f745518a33f19557cafef8dbaabf02d46,2026-09-22T11:44:49Z,2026-09-22-35723106503
2026-08-31,f228e0c6b16764e7ad10bcba35cffed7b728d277c0076222a4b8255062de79fc,2026-09-22T11:44:49Z,2026-09-22-35723106503
2026-08-31,f290d6e295eafbb8620e16f2e0c944130977dee857b0f4f3ea4c724d3ff0e8f3,2026-09-22T11:44:49Z,2026-09-22-35723106503
2026-08-31,f2d45df3916dc97d4156c33cc33d731dc4911766cc48892db4391b04a4c1aba6,2026-09-22T11:44:49Z,2026-09-22-35723106503
2026-08-31,f4abf92e7eb597a6ef6c635dc9fccc0e5b3f55521d24ffa83e9f9acbadd85ec8,2026-09-22T11:44:49Z,2026-09-22-35723106503
2026-08-31,f4b18339ce01388b45840de92427a9ca79bba2c41dbdb56ce338ca19fc43d63b,2026-09-22T11:44:49Z,2026-09-22-35723106503
2026-08-31,f56dfe7ad09d18d052bc16b197ac113355f9e30e1307440d0906a1cd7d9197f5,2026-09-22T11:44:49Z,2026-09-22-35723106503
2026-08-31,f5bc4b41beb6ecebfedc802e44656fc81d799c541bb323f24f67379ee68a6f52,2026-09-22T11:44:49Z,2026-09-22-35723106503
2026-08-31,f675533013607aa9398cfb8abc45c7b46b4a4488830600e3a65c1050d4c6f239,2026-09-22T11:44:49Z,2026-09-22-35723106503
2026-08-31,f8a3f462f479c4e5c2eec56c6fefc4de37b9d1ded4aed9cc2b45c8123eadece4,2026-09-22T11:44:49Z,2026-09-22-35723106503
2026-08-31,f923d701489c7506e26239e2f55ba9abac2a98d7ac6c39c4c4d606e153eb1a5d,2026-09-22T11:44:49Z,2026-09-22-35723106503
2026-08-31,fa81a110a92c23c461665f42ed288c01f69b04ef061835b256db846b6cf01fa3,2026-09-22T11:44:49Z,2026-09-22-35723106503
2026-08-31,fa8628774c19470856503b4fd1b4df1741afc2d6c2ea236fdbc97f86faf9f81b,2026-09-22T11:44:49Z,2026-09-22-35723106503
2026-08-31,facafafcbed1ba10a9be6ca560be0fa6cfe3114efa3a3b064a55b9fc01155e17,2026-09-22T11:44:49Z,2026-09-22-35723106503
2026-08-31,fb06b7db496730656ef927395b944d49214a4c410162396938b6b258d12366b3,2026-09-22T11:44:49Z,2026-09-22-35723106503
2026-08-31,fb117e93b03b9e275e52c7d1e3ce5cc19dd2845ac4eeeb08295802f72c5acfdf,2026-09-22T11:44:49Z,2026-09-22-35723106503
2026-08-31,fc7f211f9590af209fbbea3592d41e990f9c7966f3374e0b469ae86761b3f50f,2026-09-22T11:44:49Z,2026-09-22-35723106503
2026-08-31,fc97b9ec8e267dc8d092ef38c69523fc1a73550d4a818a6892ee26dbaeaeb0f5,2026-09-22T11:44:49Z,2026-09-22-35723106503
2026-08-31,fccde73cfa3a288eb75dc17d30fd033c1b64446ea7ac7e542c05af5ad5d2c6a6,2026-09-22T11:44:49Z,2026-09-22-35723106503
2026-08-31,fd179c64fdd6dcab6c6e9cccca4bfd7d3f717c7b710409e8dacfd43cb87c5fd4,2026-09-22T11:44:49Z,2026-09-22-35723106503
2026-08-31,fd331a37a0b41398662ebdc4dfd51c5952ba7ffe563b61ae3df679f21f5c9df4,2026-09-22T11:44:49Z,2026-09-22-35723106503
2026-08-31,fd3927178de1b5232a6e957866d70983c92bcac6700879e4978914ebfd380e2c,2026-09-22T11:44:49Z,2026-09-22-35723106503
2026-08-31,fd42c8458cc87e903c9f1205b6e40729d99079fc47e823ee9fd94a08db2ddaab,2026-09-22T11:44:49Z,2026-09-22-35723106503
2026-08-31,fde2df214ca749fc4fd9fe6a3bab86a50a87fb87a7c91e9839d1b6b9526bf4ef,2026-09-22T11:44:49Z,2026-09-22-35723106503
2026-08-31,fe1d2ad077b881d411f5306a889f1240f3f58970e004044a3e5bbc91654d48c9,2026-09-22T11:44:49Z,2026-09-22-35723106503
2026-08-31,fe449b0df41dd534625a388d399e77fa198ee4a6a0fa0b562b97e01aef9f2e77,2026-09-22T11:44:49Z,2026-09-22-35723106503
2026-08-31,fe7f35e56b6317a769c85d2ae5be8e504e52d29349280eba5c09d4bf50b2c229,2026-09-22T11:44:49Z,2026-09-22-35723106503
2026-08-31,fe95f6c6590d0426cac6f772a5f64eea07ddc2b95e4694088ffb62ded1700bfc,2026-09-22T11:44:49Z,2026-09-22-35723106503
