version,url_key,first_seen_at,first_seen_run
2026-08-31,00404fa456f5a973c1a84812fa4ac5fe7a6d52b9b631dccdd654a1a092736cb2,2026-09-25T07:55:14Z,2026-09-25-36110083579
2026-08-31,005bcb85246dbb67467a42684cdebb14fecc14f3e4ac879b51a2da31b99457bf,2026-09-25T07:55:14Z,2026-09-25-36110083579
2026-08-31,0083378f4f702a04022cf63f3be96faa6393c65a6e202edcab6f3952d682bffe,2026-09-25T07:55:14Z,2026-09-25-36110083579
2026-08-31,00ede114f28e0188a7c943948476b0c47094798a6b0619ca0810e287de0ccfc5,2026-09-25T07:55:14Z,2026-09-25-36110083579
2026-08-31,011b5c947b1c57ad4115f0ec02a1414f6524f5463b6e14f028c129195fe1fa1e,2026-09-25T07:55:14Z,2026-09-25-36110083579
2026-08-31,0175a34adc3aa703560189568c6e9c92845691a65d701e2c432eb6a9b438feb7,2026-09-25T07:55:14Z,2026-09-25-36110083579
2026-08-31,0233821d0737ed12de55f86701a055ef0cd038b43a34d3c16bb56084b9d9ffb7,2026-09-25T07:55:14Z,2026-09-25-36110083579
2026-08-31,02b8789d2d7e135b3767bd4e006d1123f11aece9bc7eae49ba8331810ff21fe1,2026-09-25T07:55:14Z,2026-09-25-36110083579
2026-08-31,02d0738bc6158726f4c7da135c1ced761ecff692dcb298f588b0ab753cb53e2a,2026-09-25T07:55:14Z,2026-09-25-36110083579
2026-08-31,02d3ad02634585cdc4b5ac55593580b703cf872a4d5788319494163004d8032f,2026-09-25T07:55:14Z,2026-09-25-36110083579
2026-08-31,02ed5f00f3484ce0ae2f87e49e064d2fb60b048ae7f822388f73f2a046427af2,2026-09-25T07:55:14Z,2026-09-25-36110083579
2026-08-31,03b0b46f5b95ceb51939b0485e1e67867f5b556d3447f33d97568e48747dafc0,2026-09-25T07:55:14Z,2026-09-25-36110083579
2026-08-31,03cd4d31daefc2764670566cd263d2792e5b68956ff41b638bb9ad564c3eea6a,2026-09-25T07:55:14Z,2026-09-25-36110083579
2026-08-31,03f869513800b750346bc81f994b44cc641ae17ce433ec9372982b0e66e65c1f,2026-09-25T07:55:14Z,2026-09-25-36110083579
2026-08-31,041e80eb6b4e0c3c2b1f40a558e7ac1c35cc65818b2337caa5a84fe60f82fa2b,2026-09-25T07:55:14Z,2026-09-25-36110083579
2026-08-31,0427581e4f1adebd0e90c518270c35379ee9c35d7f95e8687248ad74f628744c,2026-09-25T07:55:14Z,2026-09-25-36110083579
2026-08-31,0434cefa18a827dcdfd184702c72cf406c48c9fb439844bc3d6dd368d045d8ad,2026-09-25T07:55:14Z,2026-09-25-36110083579
2026-08-31,048fb16b701c22fa93a76565301db14c72021fc7870efd4f84693c17726b3e94,2026-09-25T07:55:14Z,2026-09-25-36110083579
2026-08-31,04bbb584d3252130c8214219176cbf0f9ffc2f49b6ad67ef20efcfb1698a2ba3,2026-09-25T07:55:14Z,2026-09-25-36110083579
2026-08-31,05129158c2fbf1626b9aff504d9956e399a9d1563c24cdd09efae1b59fa091e2,2026-09-25T07:55:14Z,2026-09-25-36110083579
2026-08-31,05b1a1e46f545e415ef22a117ac6e74a48b2ab40b076f4983d93beadf2c018b8,2026-09-25T07:55:14Z,2026-09-25-36110083579
2026-08-31,0665718f0942d7be30c47c296ec7693bef0151daf59d15a95247362dae2b9024,2026-09-25T07:55:14Z,2026-09-25-36110083579
2026-08-31,068c28bb5e38bd266be3f0b99aec4c789ca50a6900f80d19f5e65d64d6e722f0,2026-09-25T07:55:14Z,2026-09-25-36110083579
2026-08-31,06a67c9e8ffe2209fb346fd36110b0e22cb39e0a722e45a969a5a994ed78fc35,2026-09-25T07:55:14Z,2026-09-25-36110083579
2026-08-31,06a86dda0a9c7062605f6fd0b234c158bf44ecfbeb123e6417665eba6b873511,2026-09-25T07:55:14Z,2026-09-25-36110083579
2026-08-31,0756ba0b84233ec86f01435571fc5f7dcce48aa8aa61ab280bac18385c851876,2026-09-25T07:55:14Z,2026-09-25-36110083579
2026-08-31,08146cb20f25c8b5612735eabfc31f03023aa6d3b7e9a13f289ba66e3bef263b,2026-09-25T07:55:14Z,2026-09-25-36110083579
2026-08-31,09887a3bea24921d84ce959595f927e28a971b89296fedfcb05ca51c3c7bbea9,2026-09-25T07:55:14Z,2026-09-25-36110083579
2026-08-31,099ec5f10c552b402d4be91bd30557af33fcd90017583e647e2bbd95686af9cb,2026-09-25T07:55:14Z,2026-09-25-36110083579
2026-08-31,09b25982d8a2a997e9209b64e208ffbba081af098090303235b4976c276ca467,2026-09-25T07:55:14Z,2026-09-25-36110083579
2026-08-31,09b7d65f75d74ff912af8b021c7efc41920d748dc5f92d2f89c48006b55ca5d0,2026-09-25T07:55:14Z,2026-09-25-36110083579
2026-08-31,0a55c02dde7570f8e2979f598fcfbc627a9b07f8165ec7341ba56a0a85f334af,2026-09-25T07:55:14Z,2026-09-25-36110083579
2026-08-31,0a5a3b11e1e62a863c0d13e1ed8933d8e3f52a65b5158c2b0218df184f34f9f8,2026-09-25T07:55:14Z,2026-09-25-36110083579
2026-08-31,0a68c61c4590e9b16b96c49ac07c3f25901a83534356e6923839ea9d1ffdff2c,2026-09-25T07:55:14Z,2026-09-25-36110083579
2026-08-31,0aa7671790328727b469fefded8c67d8fe017af41c5e16b328ae8048a8618210,2026-09-25T07:55:14Z,2026-09-25-36110083579
2026-08-31,0b0643ad682542dcb6d58bb66cecf4891590d05986c538547e3d8f065170383a,2026-09-25T07:55:14Z,2026-09-25-36110083579
2026-08-31,0b20ed3d9847e432bf3ac2b19dbc127deaf6caa724471a8530d358f61c271d91,2026-09-25T07:55:14Z,2026-09-25-36110083579
2026-08-31,0b3c9ee167b0187df47d7a792d4a50546203134d1be0ead7fded0d5edbbf1111,2026-09-25T07:55:14Z,2026-09-25-36110083579
2026-08-31,0b7add233f845aa223180afd6b3fc2e3c1a093fce042f1e423cfc85b8a93136b,2026-09-25T07:55:14Z,2026-09-25-36110083579
2026-08-31,0baf4c33dac09ce8ad7abc1cec3a13c1ee67a89823d737a4f73890ef40b404c0,2026-09-25T07:55:14Z,2026-09-25-36110083579
2026-08-31,0bbc5350c2f25d67268d410529deb933b8022839fa7d21664123674c96446f6c,2026-09-25T07:55:14Z,2026-09-25-36110083579
2026-08-31,0c4e463358a81720a9e14747d96feab4e4ab9edd5adf4d4080cc73229711da30,2026-09-25T07:55:14Z,2026-09-25-36110083579
2026-08-31,0c53f182c4fbf20d22ab75b9d0c93f37e89fa959568953aca57e71a9b1bfc34c,2026-09-25T07:55:14Z,2026-09-25-36110083579
2026-08-31,0cbeb54338d49508d2af313c5fd068e408393401d2121302a47d20a5784a3f58,2026-09-25T07:55:14Z,2026-09-25-36110083579
2026-08-31,0cc346e21cf1cee2b9b7235563dcff6f9fe9b4d5b1a6b788d4120b1ab9a56eab,2026-09-25T07:55:14Z,2026-09-25-36110083579
2026-08-31,0cc6894e63955d1d8e134b026b46cdb9813c2b95dc9337cc0b1415c01c19e627,2026-09-25T07:55:14Z,2026-09-25-36110083579
2026-08-31,0cfb21813a76a09ca9b9aad0617c5824bfba3315fe080fd30dd74b6d6d21f956,2026-09-25T07:55:14Z,2026-09-25-36110083579
2026-08-31,0d16f1b39cadb09cdab11506e501958c37e0e12e8757342ea2a875c6bafcef9a,2026-09-25T07:55:14Z,2026-09-25-36110083579
2026-08-31,0d276e4cc78d2c98f8cad892be78dd48703984b381e921040a46d3104be5670a,2026-09-25T07:55:14Z,2026-09-25-36110083579
2026-08-31,0d3fc32a1c48d953704b2e0822b49aa2131afcf606f86a773ecedd6327306900,2026-09-25T07:55:14Z,2026-09-25-36110083579
2026-08-31,0d84b83f71fee8d735bdc72299bdef6a09a33138fc69faf05ac3f78b1864b883,2026-09-25T07:55:14Z,2026-09-25-36110083579
2026-08-31,0e59d36b4c766155bfa19c4fca0864725d3b93f24dc5e44f7602820955192e48,2026-09-25T07:55:14Z,2026-09-25-36110083579
2026-08-31,0ecbe2bdf9a0a6e11127c4f951ed6b1a0ecbdcf4241f4728fcebda919437087b,2026-09-25T07:55:14Z,2026-09-25-36110083579
2026-08-31,0f17415310a44390e9452c4422c28f16b2c82beab5aa08f6c50d6097efea2f6d,2026-09-25T07:55:14Z,2026-09-25-36110083579
2026-08-31,0f59d5a65b2da1e3a3cd099703ff85647ad724ba002f4508167e01158b0cb965,2026-09-25T07:55:14Z,2026-09-25-36110083579
2026-08-31,0f79746cb7863a398569611fea91a3402a78ef8205b77a3c913f4fa8d84293ac,2026-09-25T07:55:14Z,2026-09-25-36110083579
2026-08-31,0fc07eebbaa982e95f89d8b76a5d2a6ec0e501b1ad5a7b9b2ddb686507cdf73a,2026-09-25T07:55:14Z,2026-09-25-36110083579
2026-08-31,0fcc3b0d7b1bf7aaa3b4eea3e0ebc4c90cc226a637197d6bd47d75e4b088c7b2,2026-09-25T07:55:14Z,2026-09-25-36110083579
2026-08-31,0fd4af5412874840ccf5eb37203be15718cefb288be1c04bcd56e1aae85f63a8,2026-09-25T07:55:14Z,2026-09-25-36110083579
2026-08-31,0fd918eea9f1f351aff23bca1817b41cbcd8ae570b6f63a896971c9899cc5236,2026-09-25T07:55:14Z,2026-09-25-36110083579
2026-08-31,0ff38086708472bb0da14d2ac1705b44da955180a067f81e6152b42c59ab6b35,2026-09-25T07:55:14Z,2026-09-25-36110083579
2026-08-31,1059d79715b5b54291ca4552b48e8b4ba81613af693f6cb239009a646f648d65,2026-09-25T07:55:14Z,2026-09-25-36110083579
2026-08-31,10622525f8c1ff470b1906478cdfbffc7287ae16382a8ab95ef76ae48718cf98,2026-09-25T07:55:14Z,2026-09-25-36110083579
2026-08-31,1068349fa03697b09212f0efbb1e4b9833a4740c9e43a7c6e8673de632b926f6,2026-09-25T07:55:14Z,2026-09-25-36110083579
2026-08-31,10b64167dffef5effe5debaa02f6366b7dd3fd45a754253f2bd679507f189371,2026-09-25T07:55:14Z,2026-09-25-36110083579
2026-08-31,10b886bf0c686086d1694a014f56a4c1e43fbba9132b8d978be12ddcf463a654,2026-09-25T07:55:14Z,2026-09-25-36110083579
2026-08-31,1131851cb388494bbe89a70d52cb8ce9f72197c7a6e6e11cc241ef84abdc807e,2026-09-25T07:55:14Z,2026-09-25-36110083579
2026-08-31,11a704d6efd50ad7be791ef036363e51926e414550f00a9fbef8780943fad163,2026-09-25T07:55:14Z,2026-09-25-36110083579
2026-08-31,11e09ec0ef640b1fd3ccbd76c06662687df4cafd19405a6e1da5f9a62fba382d,2026-09-25T07:55:14Z,2026-09-25-36110083579
2026-08-31,123150b1579f15c00f30683c53c7340c21125f1cf47eeb5c8c2c1ce6dedc8949,2026-09-25T07:55:14Z,2026-09-25-36110083579
2026-08-31,130b23aa0bd4a4bca8325a2562d1aa182a1eac216d877a5d4206798f4a89940d,2026-09-25T07:55:14Z,2026-09-25-36110083579
2026-08-31,131dfdb308275b0fcaa438ac127191ff4454a18db68deba9eefb7a75a0e783fe,2026-09-25T07:55:14Z,2026-09-25-36110083579
2026-08-31,13216fbc729c0b0b1b89540800e06a61cef854a286e514c83b621c9ebc2a9ffc,2026-09-25T07:55:14Z,2026-09-25-36110083579
2026-08-31,13f440b25bd82ba0969a5a6039cac394463e0f49dd7aecc37027dbf2e0b8774e,2026-09-25T07:55:14Z,2026-09-25-36110083579
2026-08-31,149275c88d9b3922c25be0de079e0e8e67851ed27df7d394312db00cda9c4a55,2026-09-25T07:55:14Z,2026-09-25-36110083579
2026-08-31,14de977e809a2e86dede5830170c9fc88a417dbe2948dbf4c587284359b232f2,2026-09-25T07:55:14Z,2026-09-25-36110083579
2026-08-31,15153d2c2d85b8c90f7390b899bff56019e1dd842ea3f61d93abb64fe3da2c91,2026-09-25T07:55:14Z,2026-09-25-36110083579
2026-08-31,154c341c1e1e909aa0eafeb17315c783084c6b6eed3b25550f1b0d1cc545470c,2026-09-25T07:55:14Z,2026-09-25-36110083579
2026-08-31,15a4b85566a5fefbf01e5c49f53b09f57910fa953ea116bc52ea4f4a7dbe01ab,2026-09-25T07:55:14Z,2026-09-25-36110083579
2026-08-31,1600008390a3e2f1b9638c641e4e839fccaba40ac60c029dbb46ba1ebb212e9b,2026-09-25T07:55:14Z,2026-09-25-36110083579
2026-08-31,17c72f500f6c98b8e9e447104a7f6cb9a96ca00fea0faaf40f249c453895807d,2026-09-25T07:55:14Z,2026-09-25-36110083579
2026-08-31,1827b6acbaed8e8c128a76fc30a4b29e8d2ac47fec80ae3ff4c8fe92e127301c,2026-09-25T07:55:14Z,2026-09-25-36110083579
2026-08-31,18c0a1222523404d463376a6c02f174f1d289decf94bc726a807f77a28be2d2d,2026-09-25T07:55:14Z,2026-09-25-36110083579
2026-08-31,18db7c54dcb3dd684d20ddf3a4111b95046fa5c2ba71cdd8cf6009a39ae1df8b,2026-09-25T07:55:14Z,2026-09-25-36110083579
2026-08-31,18f224bb0297c589cb91002cd98947e397f5f6cd071dd7d960196ff59d682831,2026-09-25T07:55:14Z,2026-09-25-36110083579
2026-08-31,18ff5d8535e80dc6ea6eff20de5b2572ae568c8c5b1f0cad7f265d2bb22c1fd9,2026-09-25T07:55:14Z,2026-09-25-36110083579
2026-08-31,192f386371cba8bba275cb1d8704920561a350daaf90c16b277f3ba62d64be49,2026-09-25T07:55:14Z,2026-09-25-36110083579
2026-08-31,193ee5b0cb7c20c6c8ee9b4fee9407ca2407ee4d13d0494df7cd0dbcb51737ef,2026-09-25T07:55:14Z,2026-09-25-36110083579
2026-08-31,19c8a82e1e921037c505253ffe7099e9ceacee117641ddc8e5629593ce2bdb70,2026-09-25T07:55:14Z,2026-09-25-36110083579
2026-08-31,1a330d57529fdbed393ad6d42cdb1d3f76c9bc4abb466c2822deb742f0e02d06,2026-09-25T07:55:14Z,2026-09-25-36110083579
2026-08-31,1a93755d94ea268229b820831ecd5d234c144d70c3df4ed30810943bfb6ac011,2026-09-25T07:55:14Z,2026-09-25-36110083579
2026-08-31,1b7fa56f17046fc1ffdcedbdd997a98a766c52d976292f0c219434b486b7ff96,2026-09-25T07:55:14Z,2026-09-25-36110083579
2026-08-31,1bf5314b978f847e2ef14d3a14fd2a50202a0268155dddb5faf7ee9d7d3337e5,2026-09-25T07:55:14Z,2026-09-25-36110083579
2026-08-31,1c16459078581b4af3032b0b6327bfd4007b744a669577afc0d1bce537301a35,2026-09-25T07:55:14Z,2026-09-25-36110083579
2026-08-31,1c35345ddd33464de027e1b3b9558fc033326b2e1ee24035c8b0c306b7d05b00,2026-09-25T07:55:14Z,2026-09-25-36110083579
2026-08-31,1cb7ce3bfced3452c5b037242c06024dcb2534b96e704531bdc19608bbbd959d,2026-09-25T07:55:14Z,2026-09-25-36110083579
2026-08-31,1cdeb02c677bf10d0ef99342c44a644a63986994e7fb86a1b63afc08f4eb2110,2026-09-25T07:55:14Z,2026-09-25-36110083579
2026-08-31,1cf00c96245f57aba63b4e88c7a3002cbc67fec749b7edcb6891a8fb196cbb64,2026-09-25T07:55:14Z,2026-09-25-36110083579
2026-08-31,1d6591c352d7e416b8fbb85d41536bca96990f8cecdcb5826b34bb08b35e0599,2026-09-25T07:55:14Z,2026-09-25-36110083579
2026-08-31,1dbca10493809f6b4febc10e7b1ccae5f55182ee4b69e897a850b8871a9d5541,2026-09-25T07:55:14Z,2026-09-25-36110083579
2026-08-31,1dca74c0f7619cefada66dba1fe99625bbba8479c74175a7fe3d36b2747646eb,2026-09-25T07:55:14Z,2026-09-25-36110083579
2026-08-31,1df876bcfedff39ad6ba45a452c419bd815ee7d17f1408efb6998bba12afe625,2026-09-25T07:55:14Z,2026-09-25-36110083579
2026-08-31,1e76127be1b46f583f8754e9321c3564ce0b501813931f3d92f989a062b30591,2026-09-25T07:55:14Z,2026-09-25-36110083579
2026-08-31,1e8221477223342343702a4dc408d744c3c96c85cb05dc4190e3523c575e9fdc,2026-09-25T07:55:14Z,2026-09-25-36110083579
2026-08-31,1e9bc934ee994e558058dbff3cc917e20dc8613e9ecc7dc22ce6501993635198,2026-09-25T07:55:14Z,2026-09-25-36110083579
2026-08-31,1f286327ed392f5ba8d272fb416b3bb9854fe59014291cb5f7bf350286ae2fcc,2026-09-25T07:55:14Z,2026-09-25-36110083579
2026-08-31,1f96d878f693f6083eb0b8bf20e2f360b1b8675d8dd6463a06cd986e608de61e,2026-09-25T07:55:14Z,2026-09-25-36110083579
2026-08-31,1fe2772a0f8b16185680069b6f043d01b7eaabf62c2181368fcd94e79a277f54,2026-09-25T07:55:14Z,2026-09-25-36110083579
2026-08-31,20a0790a1dbfcb5bcc867687db6b9f3678d344d3ea00969091cc9de41411f93c,2026-09-25T07:55:14Z,2026-09-25-36110083579
2026-08-31,20a7b14fd220b03dcc018a0bb302186fac9466dc1d0d8bb7e0e6049c7c9e0da0,2026-09-25T07:55:14Z,2026-09-25-36110083579
2026-08-31,20febdb5f26892a914e222451773644d793378e1e3ff8e33f25699484584e517,2026-09-25T07:55:14Z,2026-09-25-36110083579
2026-08-31,21128a7bb3e9d1bdb51550fb284772f6bcac32e5dfe7175bbac1ced298afed9f,2026-09-25T07:55:14Z,2026-09-25-36110083579
2026-08-31,2142568c5d6df8e03265fc23913815246347cf05e1566da74bff05fca41c914d,2026-09-25T07:55:14Z,2026-09-25-36110083579
2026-08-31,2165c66af4863f773f523e0a3abfffdf0f3fdda52894db9d4706ff673dbb2953,2026-09-25T07:55:14Z,2026-09-25-36110083579
2026-08-31,21b6e37ca1bcc07bc90c0bac8a8d7053ad7ba0ac54ce0b6d9b01cb5ae7c4bf3b,2026-09-25T07:55:14Z,2026-09-25-36110083579
2026-08-31,21d7f874c33c83fa36ea0ff3c746f18c11fc4db09fe54bf907e5a8895e42328e,2026-09-25T07:55:14Z,2026-09-25-36110083579
2026-08-31,21ec00b4a681e0c1aee8a37a2075524b05a2c26d0f137fb3eb809ab503c6f5bd,2026-09-25T07:55:14Z,2026-09-25-36110083579
2026-08-31,22794c39cae835a998e3701b1bf47b9b54fb716fbb083b05f6939e7294fc0d15,2026-09-25T07:55:14Z,2026-09-25-36110083579
2026-08-31,22b52144102e52f1daac360923268b74017ce0be3a265a6cc052eb9921419748,2026-09-25T07:55:14Z,2026-09-25-36110083579
2026-08-31,22ca6aedf23f452064602aea4175440611f4de718542b1e834fd4a263b6ecc2d,2026-09-25T07:55:14Z,2026-09-25-36110083579
2026-08-31,22de5e3e6d141740ab1ad7cc3e1f936dd41a4bbf891f83e4f5b0842e6854a729,2026-09-25T07:55:14Z,2026-09-25-36110083579
2026-08-31,2361203b1d7aa5615c5039b058b7c3eca35ae29f2d5d5e8444642503a20ad94a,2026-09-25T07:55:14Z,2026-09-25-36110083579
2026-08-31,245474cf7afc31b8ca3bbcfed261f77282bf1632990937112c0a96446afc8b7d,2026-09-25T07:55:14Z,2026-09-25-36110083579
2026-08-31,245cfa0411edd384f2785dae877321fd35a0b2d00f6b4220a3cf25cc424b2021,2026-09-25T07:55:14Z,2026-09-25-36110083579
2026-08-31,248d0a832b2bf3c9e7f67a8ed477fb2ffe31f764675dcee49b4fae1bf9f1de31,2026-09-25T07:55:14Z,2026-09-25-36110083579
2026-08-31,25f6935cb8ff4db2018984aea8db30c2c1ea0eb83f26eeb35b0d603e0391742d,2026-09-25T07:55:14Z,2026-09-25-36110083579
2026-08-31,26094d3d1a0b2fb2bef6f235e54d57487bb52c806464357d8cbb300f348faa25,2026-09-25T07:55:14Z,2026-09-25-36110083579
2026-08-31,268e6bb5a1decc42a083d7c4d0302078168e277b2b671832dbfb339598dec48f,2026-09-25T07:55:14Z,2026-09-25-36110083579
2026-08-31,26e19885f1c5aacb8e8c70a3fed2aca6cb404fe6864995a6520204c19047b026,2026-09-25T07:55:14Z,2026-09-25-36110083579
2026-08-31,2738703ec3a0745b5a7110efea2727df83ff0c06824d80aec5920dae1731d52e,2026-09-25T07:55:14Z,2026-09-25-36110083579
2026-08-31,27d3f2aaee92939f08588eb06cec58cade4809cc3302882ae386b45b113725fe,2026-09-25T07:55:14Z,2026-09-25-36110083579
2026-08-31,2802fed6992cc08ce8a45d6a3cf3b9a28f7718e4cad4599f9b7cb839cdff042b,2026-09-25T07:55:14Z,2026-09-25-36110083579
2026-08-31,2803ee5deb838460f90889127d0c2e0d2bf51818aa0dd070e2d93e52f22df040,2026-09-25T07:55:14Z,2026-09-25-36110083579
2026-08-31,285e1a493e241d804ec223e4d3623164dfa3b7db14de95763abb7e1ae507cb5e,2026-09-25T07:55:14Z,2026-09-25-36110083579
2026-08-31,28aecced2235e30c3a84c1d4b6be901e4f3a1323e0cc668efe720d4a17092b9e,2026-09-25T07:55:14Z,2026-09-25-36110083579
2026-08-31,2968e3a86de81d2ea3600064f3f3c9462003030d5125d5c2babc16745609966a,2026-09-25T07:55:14Z,2026-09-25-36110083579
2026-08-31,29c45e5b3f762f254217728ebdc2d30f80991b707c5e8148a5bb0ade254d057a,2026-09-25T07:55:14Z,2026-09-25-36110083579
2026-08-31,2a1e63b0b2ced9d7bf472ec0d11b61b55aee848113a8347a2eebc6d49d645284,2026-09-25T07:55:14Z,2026-09-25-36110083579
2026-08-31,2a22ae7bacd6d9633b3f5112566b43d5f2747c126b89e03f8b1143a9c1eacb01,2026-09-25T07:55:14Z,2026-09-25-36110083579
2026-08-31,2a22dd5af2d8f677d1add091e15e7b86193c9795120296d338f5dde80afd8cc6,2026-09-25T07:55:14Z,2026-09-25-36110083579
2026-08-31,2a7a41ad666159d2a5b52c0302ff63db454efbc770e2875069459a3421953099,2026-09-25T07:55:14Z,2026-09-25-36110083579
2026-08-31,2ab63c309ac58003b3dc124d6966585c5c4301940df26402440b6e394713ded0,2026-09-25T07:55:14Z,2026-09-25-36110083579
2026-08-31,2acf01712078bbd842ff93215d86c988c8fcb2fa92dd04a455469939ee20013b,2026-09-25T07:55:14Z,2026-09-25-36110083579
2026-08-31,2adfb4212842eb0f00ee7e523bc19f64491b3ae3efd855c007f126a6c0b4189a,2026-09-25T07:55:14Z,2026-09-25-36110083579
2026-08-31,2afbebff012e35d67dd27ac6de899716ab00e07e973001bcff1111c79afd8a7a,2026-09-25T07:55:14Z,2026-09-25-36110083579
2026-08-31,2bb111bf50198c7eb2d0864a15d0848bcf95c162c64e143c7c45cf911dafc699,2026-09-25T07:55:14Z,2026-09-25-36110083579
2026-08-31,2c198336062c238e6233e127ddeb5e37726ee2ed96f918b5a2b7150f88177aed,2026-09-25T07:55:14Z,2026-09-25-36110083579
2026-08-31,2cf8d8afcb39ace53073f2f2189c749ca5868129bf1f7363e8dc9c1abedb291e,2026-09-25T07:55:14Z,2026-09-25-36110083579
2026-08-31,2d117b0986f4666231ddf3c13bf5aa10441e31a945beefb1eaafdb86b3ccfbd3,2026-09-25T07:55:14Z,2026-09-25-36110083579
2026-08-31,2d69b4b0413bc45be96af24dd61f1a4e1ce4324c59b1033e89259041847b9a78,2026-09-25T07:55:14Z,2026-09-25-36110083579
2026-08-31,2d7671bb338d2dc90f86d42f3af7500efe4f5d325eef5b882efb7c327901dccc,2026-09-25T07:55:14Z,2026-09-25-36110083579
2026-08-31,2dbf1ced57c7544c6b9b9a0f60c173d530ea05285aa0ce3e53b5672998201586,2026-09-25T07:55:14Z,2026-09-25-36110083579
2026-08-31,2e0f0af75c267d7b1903e39a6d28ee573fd0e31b2b337326b6737e6b50201c24,2026-09-25T07:55:14Z,2026-09-25-36110083579
2026-08-31,2e507bbf6a2fa34ccbee8eeb8b68de281260959d4c771d55fd8dbdea3e9edd65,2026-09-25T07:55:14Z,2026-09-25-36110083579
2026-08-31,2e5786a80bbdbc7da7f10d75979a1b4c3be77d05dcc3c8fba84be1c16a7680a8,2026-09-25T07:55:14Z,2026-09-25-36110083579
2026-08-31,2f5790ae9c4d21baf0c4e47c5360b98dd919b734023ee819c55dc034825d64e9,2026-09-25T07:55:14Z,2026-09-25-36110083579
2026-08-31,2f6279b55726eac4c52a2e1bf9262952c720ec6c54ab10b7dc41b5f308c6681b,2026-09-25T07:55:14Z,2026-09-25-36110083579
2026-08-31,303d66a646e3f273186646453a38f7445fdc0fc893536f84493d3fb04020dc23,2026-09-25T07:55:14Z,2026-09-25-36110083579
2026-08-31,30932eb0a7a645f14d82eb86e3d469c7b55e5ac6f3e783ee786469dfe7b564cb,2026-09-25T07:55:14Z,2026-09-25-36110083579
2026-08-31,30d404a94d7a009ea48075e8f3467739ab7ce62165428e1aa2f06a7bc7cfe05b,2026-09-25T07:55:14Z,2026-09-25-36110083579
2026-08-31,30e257a8e9cac203f51bc497157c409ddaff814eac9327baa17b5158a4b7851d,2026-09-25T07:55:14Z,2026-09-25-36110083579
2026-08-31,3139865f8dfaac0ca077cd3be8b64838456b63be02bd941c3456ed783e8dfb98,2026-09-25T07:55:14Z,2026-09-25-36110083579
2026-08-31,318484fae854efae351451c382a09c26dd799de01c019cc31566c9cc0e1b23e0,2026-09-25T07:55:14Z,2026-09-25-36110083579
2026-08-31,3254767d2c6cbac29a4b039290c0d8e02c11d3264e2c8e9815a00f9543c6b253,2026-09-25T07:55:14Z,2026-09-25-36110083579
2026-08-31,32caa39a89e79d9d4bcbad3de028eae5b95a75f9192e0e3d414160b9bd30f746,2026-09-25T07:55:14Z,2026-09-25-36110083579
2026-08-31,32d5605edeb18cf5c8bd34fcc5329f6b642721665a27fa7c20328a15240da530,2026-09-25T07:55:14Z,2026-09-25-36110083579
2026-08-31,3300d18e391c7a139f53ebda87c654394632a531f49a470b49167eff71c7effc,2026-09-25T07:55:14Z,2026-09-25-36110083579
2026-08-31,330ec9fe5a47203b0718bed5cf0c6623b34c7797e91c98655c66374ed0c112d7,2026-09-25T07:55:14Z,2026-09-25-36110083579
2026-08-31,3399e74a5ec6c7f95b075351f3fe005d1eada3f81ebad68fe4baa8279179540a,2026-09-25T07:55:14Z,2026-09-25-36110083579
2026-08-31,33b744a41cefe348709ec656dedb555245d4f15b43370cb221daa27a8334bc2f,2026-09-25T07:55:14Z,2026-09-25-36110083579
2026-08-31,33d7e0e32bdf9c251df9a4c14fda56fe52c21b2ed709519f73ef0b2432d56baf,2026-09-25T07:55:14Z,2026-09-25-36110083579
2026-08-31,341b29a6376f8f3babdbd3b2e41a944210a271b4754b7e6c65dc0317b5160fdf,2026-09-25T07:55:14Z,2026-09-25-36110083579
2026-08-31,343e8a3aa66e6b6af0aeb9af492f3d509b0427919e32e9aa6ab131731418833b,2026-09-25T07:55:14Z,2026-09-25-36110083579
2026-08-31,3446f02d8c4f645e90ffe24a3422a68cfeb3f24059e0e90ec3ace31b640c848b,2026-09-25T07:55:14Z,2026-09-25-36110083579
2026-08-31,34dd91db215f92bc04c4931883861ddaa9acb2af9f8005d885e7c2508359fc9c,2026-09-25T07:55:14Z,2026-09-25-36110083579
2026-08-31,34f39c9805c41a1b53e2e36dc64be4c6706f204f90a5f5f9052d3a83c24fd965,2026-09-25T07:55:14Z,2026-09-25-36110083579
2026-08-31,34f4160bf1ebf644cb57477f589d48b46c6a5bed24f0f62851502e77a32b2d0f,2026-09-25T07:55:14Z,2026-09-25-36110083579
2026-08-31,351f22ce6cebce93310e64b0fc97da221f9a87ef932b0fb20e75ba74b53f66ea,2026-09-25T07:55:14Z,2026-09-25-36110083579
2026-08-31,35572edb1f70e382c89b75446b3c804bf7dd79aa0edb527385296562e9bc17cc,2026-09-25T07:55:14Z,2026-09-25-36110083579
2026-08-31,359cafecb6f73b3c234906344639586ea99e6340ad0a8e5ad7b95cb80944324c,2026-09-25T07:55:14Z,2026-09-25-36110083579
2026-08-31,3615318bc77e992acbcf8adcb54ec3cc9fc793744118c67c61fb97048d0876ea,2026-09-25T07:55:14Z,2026-09-25-36110083579
2026-08-31,363a371f08f722d0302c14a572c513b564ed0dc700aae1a403c2009b12f9fcf6,2026-09-25T07:55:14Z,2026-09-25-36110083579
2026-08-31,367e5eebb90a2b211571c5de2e1b56eb19aca3f807f823db5d714d4ab4b3144b,2026-09-25T07:55:14Z,2026-09-25-36110083579
2026-08-31,36cc20b112e7e845411dff816999c32ddcd3cafdf9bdf911e0354d5031a114f1,2026-09-25T07:55:14Z,2026-09-25-36110083579
2026-08-31,36fa8b8f4d531ff89c7e344a93a8511b5a7fb7913cdd701e79ea0c417a3e2e5b,2026-09-25T07:55:14Z,2026-09-25-36110083579
2026-08-31,3858d224a464c004beb02007a1d490d09416b433b7ccc55ccfea7610a17e55e8,2026-09-25T07:55:14Z,2026-09-25-36110083579
2026-08-31,38c051a9f23a8f36073a5b34799eda924060c8cc906a3025cfa287bda8a2b332,2026-09-25T07:55:14Z,2026-09-25-36110083579
2026-08-31,38f86f2c01f95987fb1ed20683ed509fba68c255665c36d37e924b9f55788c46,2026-09-25T07:55:14Z,2026-09-25-36110083579
2026-08-31,390fde8c025fa7544baf2c6f72405e81b22f5eb1a3e989b45b53faebcdf931e9,2026-09-25T07:55:14Z,2026-09-25-36110083579
2026-08-31,3917e3dada6e617fb9c369445ed629ac31ee9c5e3b237e1dd2a0591281cc05dd,2026-09-25T07:55:14Z,2026-09-25-36110083579
2026-08-31,396f8a305c383c0840407c8e0ad7c58baf3b29842db3d02ac650962e19a7a64d,2026-09-25T07:55:14Z,2026-09-25-36110083579
2026-08-31,3a83c1b48f366f2d3686ea7579a6462f068d8c1c49b46b3e5155624211da5528,2026-09-25T07:55:14Z,2026-09-25-36110083579
2026-08-31,3aa06754bf79ad18c60c88cebf92858035b187f8d1771b41cd0de4190e78e527,2026-09-25T07:55:14Z,2026-09-25-36110083579
2026-08-31,3ac0d369ea4395ec0eb7bc208ad4574e3d21d3869baa93f84d16f145144a5aeb,2026-09-25T07:55:14Z,2026-09-25-36110083579
2026-08-31,3acf3bf0a6ef9d4dcffa2eef0f84fad8933f7290a3e6901e78d1e51d5a6a483d,2026-09-25T07:55:14Z,2026-09-25-36110083579
2026-08-31,3db3fb1c2b6f35e6eab354fda0c696e6cf4d3bf10a3f7c58e6fc328a32fba5c1,2026-09-25T07:55:14Z,2026-09-25-36110083579
2026-08-31,3e611838c66479656e08175868f638f94c63d0914212891ca9c0dcf15237c758,2026-09-25T07:55:14Z,2026-09-25-36110083579
2026-08-31,3ebad00b7bb8e50fb3776cda6f2882c60c63db328f72ccdd3afd4c3ad727ea5a,2026-09-25T07:55:14Z,2026-09-25-36110083579
2026-08-31,3ed36cc159bf66efb7ba5e699ba1a67217979358fc1cee91cc256040f1096484,2026-09-25T07:55:14Z,2026-09-25-36110083579
2026-08-31,3ef7b2407dd160d922111b832185cf4d2931c5dbd3d1f8e4c852e5541c4061dc,2026-09-25T07:55:14Z,2026-09-25-36110083579
2026-08-31,3f5184276492e69245b31b3d70d5eced97685f63ac6a13e67c1d54360e36af56,2026-09-25T07:55:14Z,2026-09-25-36110083579
2026-08-31,3fc044603ecc4ea93318535485b4e4b0973a9c2ff969ac448e247332a865899a,2026-09-25T07:55:14Z,2026-09-25-36110083579
2026-08-31,401515697ab5159215f62dea311c8bce2d9675ad15e0f1942dade8c80272bf2b,2026-09-25T07:55:14Z,2026-09-25-36110083579
2026-08-31,4016aea85546b8dbbfd4f820d236f6470cc67f6f6ddcc900ae54c43a0774006c,2026-09-25T07:55:14Z,2026-09-25-36110083579
2026-08-31,407b9e5cf6226d1acdd10f05648898c1f33cc414fdcffa9f103e6cbc0c918888,2026-09-25T07:55:14Z,2026-09-25-36110083579
2026-08-31,40a68a84e1e8f3743738addb64dbe4d6f64108bad83dbda5a71353d910861cb2,2026-09-25T07:55:14Z,2026-09-25-36110083579
2026-08-31,40cfb3aa596b4633cd3e8b61bc1c49ef8e3571a21abd6a60ad9ee349cbedccd6,2026-09-25T07:55:14Z,2026-09-25-36110083579
2026-08-31,40dbbb11ac9271d371f471e43f502266bbd39d1bb67b8903f0018803d17b08c5,2026-09-25T07:55:14Z,2026-09-25-36110083579
2026-08-31,41b768f15ff1b5853a806c25c66146c3d2e6e702a0b0d58bd26d4031d7aa183f,2026-09-25T07:55:14Z,2026-09-25-36110083579
2026-08-31,41c62420c5180e1021b355a3d801d491ccdba7ef71c52e1822fb829a69d0f566,2026-09-25T07:55:14Z,2026-09-25-36110083579
2026-08-31,42066a12cd5a08424c745e164b6e6815f0e51d43c86d2e89d288abebf864923e,2026-09-25T07:55:14Z,2026-09-25-36110083579
2026-08-31,426954011b4a52c38155b3f6289633beadf4ebb6269711842a14f83e4886e9bd,2026-09-25T07:55:14Z,2026-09-25-36110083579
2026-08-31,433dc639052a435c72394b05368cac139e5ffb2f3dc3a665e846a3e7af9d0eb7,2026-09-25T07:55:14Z,2026-09-25-36110083579
2026-08-31,438063e2ac934c5f05c8413d10e93e214bafe3fab9bc17a83b36004b5872292d,2026-09-25T07:55:14Z,2026-09-25-36110083579
2026-08-31,438528ed5c967b165ba83033974a738aa033189ca03195ac5c038826d53b0fd2,2026-09-25T07:55:14Z,2026-09-25-36110083579
2026-08-31,43fe5f18398a406ac092321935943b2cb10fd0cac78aadb12a23b8f2ec6b2aa9,2026-09-25T07:55:14Z,2026-09-25-36110083579
2026-08-31,44926fa1f1bb5694072c6f9ba1b908d7dc4c6d530dc80dc6da1b9625bf69f740,2026-09-25T07:55:14Z,2026-09-25-36110083579
2026-08-31,449eedea690aeb8521314ddacf13d46fef57ec870b42a6bf86cbf00dd39f7e7e,2026-09-25T07:55:14Z,2026-09-25-36110083579
2026-08-31,44aa8130376d180612a66f6161cb6c6e4c3d4722e928a9b7fb780e8d2247b7f5,2026-09-25T07:55:14Z,2026-09-25-36110083579
2026-08-31,44c379867b43fde32f761ae0043af8589aa11d5692a9bc7130a66f6e4cd31d66,2026-09-25T07:55:14Z,2026-09-25-36110083579
2026-08-31,454b99850f5337a06aa416907f67a8e0f637c3cb40bb2bb56b2a0a812a8daece,2026-09-25T07:55:14Z,2026-09-25-36110083579
2026-08-31,458a345bce58d214be6ca49968daa6181bd7adb111c5ac5f066c361c012a2213,2026-09-25T07:55:14Z,2026-09-25-36110083579
2026-08-31,4667793c27bfe501364bfc66b0dd803b3ce62fe9b0e3742fbf08eb4967e22f46,2026-09-25T07:55:14Z,2026-09-25-36110083579
2026-08-31,468b8d8d7c7207e97718861fc019b2c0c0b9f17315c16601c5a1b2fd1c72271b,2026-09-25T07:55:14Z,2026-09-25-36110083579
2026-08-31,46d5b760db1882a435d67440462cbb23472d2996638533dc7ffcd144ab9c850a,2026-09-25T07:55:14Z,2026-09-25-36110083579
2026-08-31,46f8272e57f28e4ff0c918e320b9d903ab3a276a92d1227972c1c35d83607550,2026-09-25T07:55:14Z,2026-09-25-36110083579
2026-08-31,4705c54a645ec6060efb3835483fb8635e5029dcf84831bfd1519061137e0060,2026-09-25T07:55:14Z,2026-09-25-36110083579
2026-08-31,470b0885837a10dab3e6f46a16455483c93c250324dff0b8f5cefd3ca1adb6b4,2026-09-25T07:55:14Z,2026-09-25-36110083579
2026-08-31,47310ffee7b1062cc511bd82c01d36d0f5fbb4ecbdb8c9bc493f3772e9eee536,2026-09-25T07:55:14Z,2026-09-25-36110083579
2026-08-31,4770ec49a1a94591fc915572140c9aa67f3ddba7b5351917f5503414a4901200,2026-09-25T07:55:14Z,2026-09-25-36110083579
2026-08-31,48111d324f668db4fc4be2d8eda8c263a15cac00b746882058e73d1a36c7c76f,2026-09-25T07:55:14Z,2026-09-25-36110083579
2026-08-31,481d66d7ccec48a91f2c7d4723365bd54f1bca8eca0cd31e6e9e8f7aa7448e22,2026-09-25T07:55:14Z,2026-09-25-36110083579
2026-08-31,482b68d4ec8999938025ee28a365f9a16b7c8c851c21b89b99f76118a62cbc7d,2026-09-25T07:55:14Z,2026-09-25-36110083579
2026-08-31,48657f2ff7470d431ac30276387145d01c86fdc14683a62372270ac061d98344,2026-09-25T07:55:14Z,2026-09-25-36110083579
2026-08-31,490ce1a7ac75fc50ab7324cd93bca30fb4d431d92666ffbf70f570377c66ab35,2026-09-25T07:55:14Z,2026-09-25-36110083579
2026-08-31,4928df2ad444c3eb2a7d8ce5385b0e2c5cc4b6d8d6469b6ba9e3c97a89b59043,2026-09-25T07:55:14Z,2026-09-25-36110083579
2026-08-31,4954430cb7fb95facf6820936c543d67432e84a46e80e6eed5409f90286b038a,2026-09-25T07:55:14Z,2026-09-25-36110083579
2026-08-31,49afdca120c97fb7ee13088148f0bea3875ad5ac3166e10a20c0c219bb29814a,2026-09-25T07:55:14Z,2026-09-25-36110083579
2026-08-31,49b4e63b7bd373657693ad5064638e1bdd9f0d1cf331892c0b4fdec6c013ce99,2026-09-25T07:55:14Z,2026-09-25-36110083579
2026-08-31,4a43fc346c2276ffacd4c7a6190d7cff5be935bf76cf385ce2fe18243e4e9a12,2026-09-25T07:55:14Z,2026-09-25-36110083579
2026-08-31,4a4c511448a08e4a47adeb99202f3af4fe1cf0f77f1ca425fa01ddf9f7c8bd78,2026-09-25T07:55:14Z,2026-09-25-36110083579
2026-08-31,4ab44b2297fe66c85f78dab4e2a2662531028d7305aa98f21aef00e1d2cbc45d,2026-09-25T07:55:14Z,2026-09-25-36110083579
2026-08-31,4b7e5661988b1d6a791a44f1855464ef6e38e91e347a434088cddacfdbbb308c,2026-09-25T07:55:14Z,2026-09-25-36110083579
2026-08-31,4b9c0011866ccc07ffcedb4f40174255c7ba64b6db467ae63d1ed3eb95f0970e,2026-09-25T07:55:14Z,2026-09-25-36110083579
2026-08-31,4bc4c95e49145b8976b6929faeb86d6caea737891d2fb86f7581a6a0afe252d5,2026-09-25T07:55:14Z,2026-09-25-36110083579
2026-08-31,4c92d70f47401492a38bbb22d566076e7560ff94da004a4bb12d75607c15a4b3,2026-09-25T07:55:14Z,2026-09-25-36110083579
2026-08-31,4cb1dc5e4eb3977f127f05ea3408372fbf87c37398e5a3eb956772f894bbb644,2026-09-25T07:55:14Z,2026-09-25-36110083579
2026-08-31,4ccba26fd1811b51ca47e15afbdfa5313dbd7a75b5f632bb5bab794efddd79bd,2026-09-25T07:55:14Z,2026-09-25-36110083579
2026-08-31,4cccbb49273f5bc6e5a3c55adf5a3736deaea3f84cf82364af0e9223f5606d56,2026-09-25T07:55:14Z,2026-09-25-36110083579
2026-08-31,4d121ef44a9461df1d0298e338509fc211f142a77351e8a5ac0f7f06f6e8daf3,2026-09-25T07:55:14Z,2026-09-25-36110083579
2026-08-31,4d289b6428bac94e63514185c2583e14e3af7f8f576d9e7fb910771fca06a757,2026-09-25T07:55:14Z,2026-09-25-36110083579
2026-08-31,4e26d68dc49eaccd0772c19baad56829638a676461907ff5929f83daf0b83438,2026-09-25T07:55:14Z,2026-09-25-36110083579
2026-08-31,4e8d7ed229403854738bdf1b26cf61b00b0958f3b84dbe21eae92abcf9f4aeca,2026-09-25T07:55:14Z,2026-09-25-36110083579
2026-08-31,4e95980ae3ee0c43bcc594e5aac53b35a299bb9c88b3064802fc59418da0d6e3,2026-09-25T07:55:14Z,2026-09-25-36110083579
2026-08-31,4edff87685edb6083b4aad74e4b93478401e844ae56b4c5c02d0048165b34669,2026-09-25T07:55:14Z,2026-09-25-36110083579
2026-08-31,50374eed5105c224858674910f99413a5faa732090161420fd956805d52f32cd,2026-09-25T07:55:14Z,2026-09-25-36110083579
2026-08-31,504b6002b9798a1d1352835733e0f3685ad8e4e4f379242d760bab7e4867cceb,2026-09-25T07:55:14Z,2026-09-25-36110083579
2026-08-31,50fe05ac1229131048c71d88be64ca832eb6da2c18f4cbe787436fa30cf6c029,2026-09-25T07:55:14Z,2026-09-25-36110083579
2026-08-31,51a2ea34518cbc0aa81c897a0726cd174090278c0b2b4429c1a05921c6ca6e9e,2026-09-25T07:55:14Z,2026-09-25-36110083579
2026-08-31,526bb20b57320cdbf018c4486f89ff91a307fe493f90a9e7e09c966ff2e068ef,2026-09-25T07:55:14Z,2026-09-25-36110083579
2026-08-31,52f9f2c42c96aae8ec1ed7ec405e9c620bdc48c3d3dbce3976a010a56002c33e,2026-09-25T07:55:14Z,2026-09-25-36110083579
2026-08-31,5350bd5fc4d9e28f59ff034d38c4c431e5bb1a95d48a414cfba7a45965c28663,2026-09-25T07:55:14Z,2026-09-25-36110083579
2026-08-31,535ff281dbe34432f12b56408f85855d057683b9917f231ba57e7e3f76ec5ff2,2026-09-25T07:55:14Z,2026-09-25-36110083579
2026-08-31,53d25b1921c558e91b0b8f1b5044e7174dd308b78ba923245ec691c6faebc053,2026-09-25T07:55:14Z,2026-09-25-36110083579
2026-08-31,53f8b542db825e29358e869c36b5c5cda4e5de88dce5cf188b8fb81b34bc689c,2026-09-25T07:55:14Z,2026-09-25-36110083579
2026-08-31,540aad33770212381e3d6dd1a7a7864b808c897839d82adfc458c72fa339be4a,2026-09-25T07:55:14Z,2026-09-25-36110083579
2026-08-31,540c69452ecf4d2023d56217477cfd31c7200513355f4dad48ca6967045139ff,2026-09-25T07:55:14Z,2026-09-25-36110083579
2026-08-31,546dfd27cedd393e378671237f64c7bdea8a98a7a9af42a16a39e76308224fc1,2026-09-25T07:55:14Z,2026-09-25-36110083579
2026-08-31,54785378efce966e20c4c41096e575060293d89b7b8ff7d6e4e23381eea4229c,2026-09-25T07:55:14Z,2026-09-25-36110083579
2026-08-31,55d5b75afccebfb6a8dcf3ce60fab522afa957763fec30bb8df0008ba84beef3,2026-09-25T07:55:14Z,2026-09-25-36110083579
2026-08-31,55e8812933059618dbf68b8268cc6a19d7540980aaf4fdea977a97708e68e4b7,2026-09-25T07:55:14Z,2026-09-25-36110083579
2026-08-31,5647314a2497fc522ae4665e2393f1c07905ec512c5d802db289a18a897af135,2026-09-25T07:55:14Z,2026-09-25-36110083579
2026-08-31,56f0a6c51dedc7c22511785ec48359cf61187f362b1c574798cf846aef0b90cf,2026-09-25T07:55:14Z,2026-09-25-36110083579
2026-08-31,57ef4ffeb3722b60724bfb4c4dbe1483604226c7dfb8f672e7494d66b32963fa,2026-09-25T07:55:14Z,2026-09-25-36110083579
2026-08-31,587630c5fea4c97087a2457ebd16e11da1b7f6e0e8040cc303256d82d7e3c6c5,2026-09-25T07:55:14Z,2026-09-25-36110083579
2026-08-31,58ba7809289b2682c657be3e8262796e7daf7c2d84f6dcc0468eb69776bab3f4,2026-09-25T07:55:14Z,2026-09-25-36110083579
2026-08-31,58cf54ff25eb878795141202235ad60b490b748f38e787e721739b2d71676f61,2026-09-25T07:55:14Z,2026-09-25-36110083579
2026-08-31,58f1c498c402a69c1f1c68a961ab93e8d1be1c065ee8237a68a8b706d59b052c,2026-09-25T07:55:14Z,2026-09-25-36110083579
2026-08-31,591f332ef5d1ac0e3769fc734286a31b821e5c903a59dc061e50648c0c0711be,2026-09-25T07:55:14Z,2026-09-25-36110083579
2026-08-31,5966d3dd3dcd9e132479853e3263b5b6dbae349e56414f1c47fcfa74e006d884,2026-09-25T07:55:14Z,2026-09-25-36110083579
2026-08-31,5969c911489ea5397f6785cfcafcbccac0cfabc1e2f176e3e33ec6d4f94f52cc,2026-09-25T07:55:14Z,2026-09-25-36110083579
2026-08-31,59d636c52e971a110edf9b01443f87e6143962946ef806e3e8c1c8373f3eb80a,2026-09-25T07:55:14Z,2026-09-25-36110083579
2026-08-31,5a696a34b2e6628fb2b888e3e5a0c796e3bc09f9dcce5a5e4d0d5be80736b175,2026-09-25T07:55:14Z,2026-09-25-36110083579
2026-08-31,5a6a9732e769041e5003d86c7ce3989270f7043638f43c1441513f5cbb6ce3c4,2026-09-25T07:55:14Z,2026-09-25-36110083579
2026-08-31,5a8cc71ee9fd90a8ba7244a0116fe3c68d46c2ab35b084db469dbab123b2db83,2026-09-25T07:55:14Z,2026-09-25-36110083579
2026-08-31,5b6a9d44069a1139c14e9c0b0f582bf383c06ab1ea4a7f1db726344e7c8bd91e,2026-09-25T07:55:14Z,2026-09-25-36110083579
2026-08-31,5b91528b3d5bcd053ac6646cfdafaf2e65f80d10e20b8a55abaf013114f85c4e,2026-09-25T07:55:14Z,2026-09-25-36110083579
2026-08-31,5b9fcc425500d6f3b8fb2cc85641d71a1e0e215e3105e89a1d6d34f015ff4184,2026-09-25T07:55:14Z,2026-09-25-36110083579
2026-08-31,5c329806a260b07b4c021178bd5b46e6aa85f40e8c6ddbd0eabe0d1a1bad5cf9,2026-09-25T07:55:14Z,2026-09-25-36110083579
2026-08-31,5c421689f24ed368844f354446ffbd402efe0b6a9cb1bd2b28da7fd1998b27dd,2026-09-25T07:55:14Z,2026-09-25-36110083579
2026-08-31,5cc62816192bcb21ba644e9929b4585a3dcc6f2ad260dd2e86caeeb62ff8f021,2026-09-25T07:55:14Z,2026-09-25-36110083579
2026-08-31,5d419ebe674aa7a4328afb26d9a8ad0c09863308f78108a8cde00dfedaea79c2,2026-09-25T07:55:14Z,2026-09-25-36110083579
2026-08-31,5d786d04bd3ea2a63cd0627e4ac9e17c891c4ab5bfb5e04c6d65416b19875db9,2026-09-25T07:55:14Z,2026-09-25-36110083579
2026-08-31,5e179fd9ddfeea439684a303628dae4bcb5e7b6bb413c405f9336592dfd7106b,2026-09-25T07:55:14Z,2026-09-25-36110083579
2026-08-31,5e19a4c98606fdd9f4fd9adb6d0dc433c044cfd0b6ebfdc9f9b88b4882057fc0,2026-09-25T07:55:14Z,2026-09-25-36110083579
2026-08-31,5e1c8222b6f5eebb715f960924d4c2f8c9c9abbc860c38f784b725b7bed6c9f1,2026-09-25T07:55:14Z,2026-09-25-36110083579
2026-08-31,5e5690474526092bebdbdcd0c45ca8b2634e18d7ee1d48964aaf03c63040aa4b,2026-09-25T07:55:14Z,2026-09-25-36110083579
2026-08-31,5e6f48b449b5cba6b35ca57ebb560b08b4b7855414d8e5465b3f2518b37e4953,2026-09-25T07:55:14Z,2026-09-25-36110083579
2026-08-31,5ef2ed476b12aae2069310921f146dcbc2885675f4163290d4b2345166e82fe8,2026-09-25T07:55:14Z,2026-09-25-36110083579
2026-08-31,5ef7d4005c722e4a233830a1596bcbd870e3091c700db4e336be18432db16f42,2026-09-25T07:55:14Z,2026-09-25-36110083579
2026-08-31,5f0648945ca91334d12b3a5b1e2310518d2f9eb43f99322da5713ba87d459c56,2026-09-25T07:55:14Z,2026-09-25-36110083579
2026-08-31,5f648fc187ebedf850dffbaf2dfdca4f5516caf7f7ee653f0810515a2bb0bb46,2026-09-25T07:55:14Z,2026-09-25-36110083579
2026-08-31,5f69d9740ff6468db03676bbb3322b280493ca2d6a922aeae61991cbe24a3d1f,2026-09-25T07:55:14Z,2026-09-25-36110083579
2026-08-31,604d11f9e713ba88b9af5b1b65b3adbded243646209e7f64231382ad354fefa4,2026-09-25T07:55:14Z,2026-09-25-36110083579
2026-08-31,60bcc2b78d48447efb1e3f338686b65485f567270a38e057774509a8b2f31e56,2026-09-25T07:55:14Z,2026-09-25-36110083579
2026-08-31,614f1ab3be0018d9e2e0b7d5aa060e30876113b30ce8fe02233e96f6cbcbb820,2026-09-25T07:55:14Z,2026-09-25-36110083579
2026-08-31,6155a2a654a32ba2d9e3f02497409a2ab59dca82d925018c33706e6eee1d3195,2026-09-25T07:55:14Z,2026-09-25-36110083579
2026-08-31,616a2ea647641c51a607852ab903b78524fd40f043cbe0ef549b6e4311760002,2026-09-25T07:55:14Z,2026-09-25-36110083579
2026-08-31,61cb73daaa979fa04984132cc82f74c11ce5eeabc2c402e95890fc5d583944fc,2026-09-25T07:55:14Z,2026-09-25-36110083579
2026-08-31,61eebddfdd738283143263d5c473f6f3eb7131351e0d0cd6442243eac96de368,2026-09-25T07:55:14Z,2026-09-25-36110083579
2026-08-31,620c6f3249d8cfc8efecb5b20d53a038602dd459cd51f03410aba4bdd6e9ddc6,2026-09-25T07:55:14Z,2026-09-25-36110083579
2026-08-31,62bab052ba985c001a904c455032e6a698d2416f3fedce0067ecb5046ef07180,2026-09-25T07:55:14Z,2026-09-25-36110083579
2026-08-31,63d7fdc8f3724a481585f5ba34ae3f751344579ed3ca5fcab2385fda126ffc91,2026-09-25T07:55:14Z,2026-09-25-36110083579
2026-08-31,63fa607cb93ed98460ce29818b4d6bca0589ac276b3955efce6a037ac269aa93,2026-09-25T07:55:14Z,2026-09-25-36110083579
2026-08-31,645ef83413bd1521dee538ab38fbe66d183980f5d19114f416305586152a2785,2026-09-25T07:55:14Z,2026-09-25-36110083579
2026-08-31,646623dd7fa50d5dfe3a027868098d698c361973a6b09c8ad30f3a146c24969d,2026-09-25T07:55:14Z,2026-09-25-36110083579
2026-08-31,646b54f7a967ffe0f251ead48c7707928404fd6578d82810346817d8b1f1e0df,2026-09-25T07:55:14Z,2026-09-25-36110083579
2026-08-31,64fc777bbb48af465449828d4867c05ce84240cb1291890e57a2fcffe3057a9c,2026-09-25T07:55:14Z,2026-09-25-36110083579
2026-08-31,6552019b2a0be395c2575a67047d54258e8c5f7f8e9b79d48ff001b985a1c257,2026-09-25T07:55:14Z,2026-09-25-36110083579
2026-08-31,655f2f1bd9bb7c9703d1af96700efa73d9f4b394629de4a1037d496d9de8b153,2026-09-25T07:55:14Z,2026-09-25-36110083579
2026-08-31,658f97cd9c41be6c86ca23d1f0e475fb58932aac2001d2ea7a5b25a55c3f41d0,2026-09-25T07:55:14Z,2026-09-25-36110083579
2026-08-31,65b9860ed59f3830e55ea5c994154c9a54a6269e2976d5dda7fac58cb43e9957,2026-09-25T07:55:14Z,2026-09-25-36110083579
2026-08-31,65dfc0f882c06c7a0783f4ed861125e83b9ff26868012f80d830f2a10482d055,2026-09-25T07:55:14Z,2026-09-25-36110083579
2026-08-31,6605d2262367a0d1ce9994267d4ee03aba82cd4c6d1affd22cb4d6493a4c87a2,2026-09-25T07:55:14Z,2026-09-25-36110083579
2026-08-31,6671ceacf6148a25fc8381ab0eb392595f53abeed6adb1a14091b15ba5b77811,2026-09-25T07:55:14Z,2026-09-25-36110083579
2026-08-31,66f7db4bdeebcb572e7cf43fcd97624b7089ac4de27c0fcd1496ca3ddb0e29c6,2026-09-25T07:55:14Z,2026-09-25-36110083579
2026-08-31,673892b9c557e59ddcefe8aac91ffda88b9e99b087722a77b7c0e9c93e268b06,2026-09-25T07:55:14Z,2026-09-25-36110083579
2026-08-31,67465cd07de686bf7b186ce1b1cb4e1f0ccdc0f0a220926786acb1e03dcea0ea,2026-09-25T07:55:14Z,2026-09-25-36110083579
2026-08-31,677b9d6297cef5b094bf674da31bca12f5d55fe7a1caf59068ec43076cd09a1f,2026-09-25T07:55:14Z,2026-09-25-36110083579
2026-08-31,685a0692c527aa473a6ec03da2537eb713c68fc4d6826d9020cd7e0ac0d6c803,2026-09-25T07:55:14Z,2026-09-25-36110083579
2026-08-31,687ede06ec426f73781f1e2677ff5f528cd687b0e9ae6c589aca244535e30431,2026-09-25T07:55:14Z,2026-09-25-36110083579
2026-08-31,687feb4bc7e8e0f4358c0284fd4ed392f356966632637922c11ce92e382df90c,2026-09-25T07:55:14Z,2026-09-25-36110083579
2026-08-31,68d2be261fed7aafa472775e09956136b56fe6c9e8887932a3fa34639e36f5a1,2026-09-25T07:55:14Z,2026-09-25-36110083579
2026-08-31,68ee788ec2e0705938194bd2a2af5843b6d448aee90418a3a0c3e7061c306f4e,2026-09-25T07:55:14Z,2026-09-25-36110083579
2026-08-31,69f28dff0186cb755c2647c3211ca3aaceaf4f1955fd2879e709a37995c3290c,2026-09-25T07:55:14Z,2026-09-25-36110083579
2026-08-31,6a2567f856e49cc9d671dd536529f85e7d47f92869211eaccd71b59d83746eb3,2026-09-25T07:55:14Z,2026-09-25-36110083579
2026-08-31,6a2a68d18f3df6ca98b5eedcbf5b4faa39ff4cd98733d7d676345959828bc804,2026-09-25T07:55:14Z,2026-09-25-36110083579
2026-08-31,6a2abcbe6f66ef83bd1222905d8b952404e6c8d8792be9946e8743dfbb8e34a4,2026-09-25T07:55:14Z,2026-09-25-36110083579
2026-08-31,6ab05a5f54d2caae8d104332ba5f4623beb7847369fca2ad68b4fac425862b8f,2026-09-25T07:55:14Z,2026-09-25-36110083579
2026-08-31,6ad9bc2be140de618410470967e884dc71b20bcc8276f8446dae3e58e21226ed,2026-09-25T07:55:14Z,2026-09-25-36110083579
2026-08-31,6af8671b105a447b6bae1ba5d94751484bc10ee4632212e3fbdb3a7b6bdd586a,2026-09-25T07:55:14Z,2026-09-25-36110083579
2026-08-31,6b08fdbf1669c7f244a56728c3c46786f5a6a3a51d417000282ca0bfd2e4c9a8,2026-09-25T07:55:14Z,2026-09-25-36110083579
2026-08-31,6b39f7f06c3bffa4d596dba934bf5076ba27e0f03786f082be622e4823aa3a00,2026-09-25T07:55:14Z,2026-09-25-36110083579
2026-08-31,6bbc4ef3d03d3b8155e3b0517b2c7c89099e05ec097ef1a9c243e7057411ddf9,2026-09-25T07:55:14Z,2026-09-25-36110083579
2026-08-31,6bfdea455a13f39faa472d91c6a5bd145aa2d693b8449162381b8782e26dcb17,2026-09-25T07:55:14Z,2026-09-25-36110083579
2026-08-31,6c05e9f37bce462ac594fa48b4ab354e8d2733ceb4c0821182ba763d05fc1053,2026-09-25T07:55:14Z,2026-09-25-36110083579
2026-08-31,6c10d547bd0a704eaec424e346b51b38acf145d344a4814f0bab66c4c6d16e09,2026-09-25T07:55:14Z,2026-09-25-36110083579
2026-08-31,6c6bc1ee360b025c2b957966482d6cc162b8df395d482a0193720dccf2b58492,2026-09-25T07:55:14Z,2026-09-25-36110083579
2026-08-31,6c73313975ba3e1409ebb64af9e1ee99f30bd5907148378cabbf7c907f1e875c,2026-09-25T07:55:14Z,2026-09-25-36110083579
2026-08-31,6c77c08078b9b12b921885b7fa23549773bc79af49cb79f1e3ee6cb5de9e7182,2026-09-25T07:55:14Z,2026-09-25-36110083579
2026-08-31,6c9c0d35ee9f97d661745fd875e2c38802ebc184134b4a57cb3138b8df612634,2026-09-25T07:55:14Z,2026-09-25-36110083579
2026-08-31,6cbddaa7b1f16a871eb3cf98b1fa27016ed4c222eb241e2df5def8ba2c19b3a8,2026-09-25T07:55:14Z,2026-09-25-36110083579
2026-08-31,6cecabbb199dff5ef51024d8d3b70b4108502c829a6c969a925b84f3705fca40,2026-09-25T07:55:14Z,2026-09-25-36110083579
2026-08-31,6d14345ecf5eb239e166733448660b400d52a4e41088c3fb4a2ad99684ca276d,2026-09-25T07:55:14Z,2026-09-25-36110083579
2026-08-31,6d4d44e88149a2bfdc2bc170df8b30750a87d3c803033590122b54b86519fae5,2026-09-25T07:55:14Z,2026-09-25-36110083579
2026-08-31,6d51a48602a8909a8a74778a8e139f34dd139371de0b102d6a882ce67755809f,2026-09-25T07:55:14Z,2026-09-25-36110083579
2026-08-31,6d63b5a39fdd6508e733da6a83a366a36eb9453879d0b60e961ef1cad2c3dfbe,2026-09-25T07:55:14Z,2026-09-25-36110083579
2026-08-31,6d982308bed8adad17936e6e29b8030ff803204b2923e7a3e47242f162275a83,2026-09-25T07:55:14Z,2026-09-25-36110083579
2026-08-31,6db7a31a31985b49a7ea17aa63da105610b953bd39045e6dd08945e56f0cf4ab,2026-09-25T07:55:14Z,2026-09-25-36110083579
2026-08-31,6e0cb2dfdaf76c2ae67f9016b7ca21e1c45973ebd4759092dbcd9f59af2fcbca,2026-09-25T07:55:14Z,2026-09-25-36110083579
2026-08-31,6ea73b9abb7f52a57e63476efc2f364bc4a90bbc65ed5f84490a1fe902d72434,2026-09-25T07:55:14Z,2026-09-25-36110083579
2026-08-31,6ef0dac0ac6014a8e046131ff58ced07fff6f6043905a244c6b4434ae7f48b42,2026-09-25T07:55:14Z,2026-09-25-36110083579
2026-08-31,6f3bed2752b49d7e4c534df494a1e35a32ae544f5443f9e2a6ebfd7884c17070,2026-09-25T07:55:14Z,2026-09-25-36110083579
2026-08-31,703ff28f2655aa05334e818336417449d465a4dd6e6406f32dd208aaa1465a1e,2026-09-25T07:55:14Z,2026-09-25-36110083579
2026-08-31,704088ce722b61bc42e3f9d1f8887245a79270a754f4664a02d9941b4519e75b,2026-09-25T07:55:14Z,2026-09-25-36110083579
2026-08-31,707253772dcdfe3a6ba3211c595bf6d08ca8ebaa433a5c79aa4c48ed61300f40,2026-09-25T07:55:14Z,2026-09-25-36110083579
2026-08-31,7091420591e332af37a1fe836560e4dc94120508e996d3693385a1b1d5d77d2f,2026-09-25T07:55:14Z,2026-09-25-36110083579
2026-08-31,712e367ccb971660c4f933c5ec23a5c5ba1a201092fee74070444dc400b4f74e,2026-09-25T07:55:14Z,2026-09-25-36110083579
2026-08-31,71778ff19ef607e08d6023b5ce4bb04ba16cb46552888fd3c0ac2a0a861dd3cd,2026-09-25T07:55:14Z,2026-09-25-36110083579
2026-08-31,71915c618a0ceff152f0a8a622a898164a80692d63fc6ae2591ebf95474d0e74,2026-09-25T07:55:14Z,2026-09-25-36110083579
2026-08-31,71dc9105fb7b0e8adc371748f95e0835b55d33a956389a380000a3d66c5de322,2026-09-25T07:55:14Z,2026-09-25-36110083579
2026-08-31,723d02260e8812c70985a9dcd4a9b4b3489c8b9695836202b70ef588f98e2562,2026-09-25T07:55:14Z,2026-09-25-36110083579
2026-08-31,725e499c2a8feb61a2e424cd221c50fcff6e0bf7b9fbef56e61b98af7572fad7,2026-09-25T07:55:14Z,2026-09-25-36110083579
2026-08-31,728bf1ed916e9137ec2c4a603be382219668d624f8c451863641966f058eba82,2026-09-25T07:55:14Z,2026-09-25-36110083579
2026-08-31,7375c306f8e148594533062bb90d2fe7bb07702aa92179436e30c68f42dfc2fa,2026-09-25T07:55:14Z,2026-09-25-36110083579
2026-08-31,73929d65b3d3e9c49f447ea90a8fa3d199f49e6a7544a300e45cba561283d3d1,2026-09-25T07:55:14Z,2026-09-25-36110083579
2026-08-31,73f61cbe362934aad5992fd6468ce4fd9d2c7db8131484a7b96949bee74cd015,2026-09-25T07:55:14Z,2026-09-25-36110083579
2026-08-31,741f06ecc1c7edefaf7de77c4ac2a596e11c0633e780543e1ed9746809d4f0ee,2026-09-25T07:55:14Z,2026-09-25-36110083579
2026-08-31,755c63a552c06ca2753ae33339aa7672c56cbd80034a72e904fea178eb8cd1e3,2026-09-25T07:55:14Z,2026-09-25-36110083579
2026-08-31,75aee8e2e89732afbdfb3e0a5546880fd8c4ca2095d4caddc0cbdbbd3a908de7,2026-09-25T07:55:14Z,2026-09-25-36110083579
2026-08-31,75eeaaa9f8dfc9e127ba6705687c6d5cfb71fcb610d6b7cc539f1c0113fbdcb2,2026-09-25T07:55:14Z,2026-09-25-36110083579
2026-08-31,77ad1656a0c4f408c1e730c2cdc6cafb229e20b6ba685f947f4abb6cb9be2ee6,2026-09-25T07:55:14Z,2026-09-25-36110083579
2026-08-31,77b64c9e0b5ca1b5e75e11c764bb64717d35b538671156148da1d9a1813095aa,2026-09-25T07:55:14Z,2026-09-25-36110083579
2026-08-31,783dad88419dc57d0b4ba6e8a9306a23040a8ea2b3201d56833edbef7ab343db,2026-09-25T07:55:14Z,2026-09-25-36110083579
2026-08-31,784773df8b1ff095f686314939808cdfa193602971ce32bbb7ade8e94e324593,2026-09-25T07:55:14Z,2026-09-25-36110083579
2026-08-31,7891cd6381d93f050af83595478f0a7526356af0d6fa07645948c62d17be5c11,2026-09-25T07:55:14Z,2026-09-25-36110083579
2026-08-31,78d0ca73366f59db00b2edd52effcf2ccb6fd7d5e7d999967efd63ff53036349,2026-09-25T07:55:14Z,2026-09-25-36110083579
2026-08-31,7976a84f07ab9403182bca1b3eb80a95cea5676f081730070ca5aa44394fd5cc,2026-09-25T07:55:14Z,2026-09-25-36110083579
2026-08-31,79c25c3255b5f7a0ca3c45edfae77b68e5b0c46745debfa50ca44ef24bbc170b,2026-09-25T07:55:14Z,2026-09-25-36110083579
2026-08-31,7a6e8c9838e0615e4127d6fc9bec390d6613d8fa10d497aba2c99a249ea123df,2026-09-25T07:55:14Z,2026-09-25-36110083579
2026-08-31,7a9644520b9a0b3ca6aca7cd57028e009d211c01a103170418d8a456f80cc52b,2026-09-25T07:55:14Z,2026-09-25-36110083579
2026-08-31,7b1961d2721b3e1827bccd35b1d743848a0d4f25656d20dff3abb244ad3b5fff,2026-09-25T07:55:14Z,2026-09-25-36110083579
2026-08-31,7b87646779a9b110a331aeee68980cb62a4fce609f0d64e417f4f4cd5310297f,2026-09-25T07:55:14Z,2026-09-25-36110083579
2026-08-31,7b8dc03b47d56ff8618b17a97d5ce7525145d47b8ef92763eb4a2ceb0a5a06d7,2026-09-25T07:55:14Z,2026-09-25-36110083579
2026-08-31,7bb04f9773a9b5ba565371f9ae5a2519f0f5194701193c3593ba3d0fdf263b6d,2026-09-25T07:55:14Z,2026-09-25-36110083579
2026-08-31,7bb44f6670b06883a1e2deca2fd9a3eb15e2abfc2b4ea1f5e371f11cfeea999c,2026-09-25T07:55:14Z,2026-09-25-36110083579
2026-08-31,7d2be226311c4b558aab28f33f67e29080ad0d896e1155b3aecdae41097a291a,2026-09-25T07:55:14Z,2026-09-25-36110083579
2026-08-31,7da0575729b6c21d68503e06ee1003783e4762bba6258228ca14c86a872f8e7b,2026-09-25T07:55:14Z,2026-09-25-36110083579
2026-08-31,7dc070fc77138eb813ae0f5662f6600dd82920d1f4a0c4e34234c03ca1e2dd72,2026-09-25T07:55:14Z,2026-09-25-36110083579
2026-08-31,7de64cee5f733a0187a348168620292990993334d78a5b0b9956d3bca9a7351a,2026-09-25T07:55:14Z,2026-09-25-36110083579
2026-08-31,7ec69f9a90c9bdcfd310d91bd836cbd509f52998387eef8dc87b56aa48a36509,2026-09-25T07:55:14Z,2026-09-25-36110083579
2026-08-31,7f18b4b8304d0589f3212b6b62152974e7d8167e2bbb9f65c35b9c081bcaa7ad,2026-09-25T07:55:14Z,2026-09-25-36110083579
2026-08-31,80029fa42d66cd2b32a46064afe6c0819ab18a2826ce80efa16e6f6c4eac4037,2026-09-25T07:55:14Z,2026-09-25-36110083579
2026-08-31,8020db4d9057ff592295d1fbd5e46ac6fa47a58339ed3433ea0d62acf584fb8f,2026-09-25T07:55:14Z,2026-09-25-36110083579
2026-08-31,8024bd404b2fb9332f33b1f2705fd18ec1338827a2d96ef0ed8efeb7d7b7b2ba,2026-09-25T07:55:14Z,2026-09-25-36110083579
2026-08-31,813e15c1e65ed56c7030b5c2aec49c260da186c0a58f8bb09bb4ab0ff0fbd9ff,2026-09-25T07:55:14Z,2026-09-25-36110083579
2026-08-31,816abc82b228ce8b60a8a4ef6bc722c6cd1ba8d525fe907dcd5b4db2c6f09404,2026-09-25T07:55:14Z,2026-09-25-36110083579
2026-08-31,818c31396f6f56b07ae77dd36e9b6280ab2dc9181e3354a52d14c10465dc2a3a,2026-09-25T07:55:14Z,2026-09-25-36110083579
2026-08-31,81c13879b555fb217c2d92c7ee6c80c6ab60871e01f50fd2c021eca2e1a43d2b,2026-09-25T07:55:14Z,2026-09-25-36110083579
2026-08-31,81de8b6d6fb1735dce16572e169ea790ad0b3a96464121dd4f095301dc82a600,2026-09-25T07:55:14Z,2026-09-25-36110083579
2026-08-31,8272ddd4c7f932ea4bbd44d54fdab0728a4fe80f6f786f737c14f27f2621c0c2,2026-09-25T07:55:14Z,2026-09-25-36110083579
2026-08-31,82790a9ce41c9d144f9294811b76589c2c5e1d95c6b4ff492eeaaede00c9a59d,2026-09-25T07:55:14Z,2026-09-25-36110083579
2026-08-31,829a75d431789271344806b09bc9017bc5e63ad8b5cb0229fdc4ee783324e777,2026-09-25T07:55:14Z,2026-09-25-36110083579
2026-08-31,82f1a35d866cf1792c201f65ea53f3c69e96138d2c65ab1581490cd5136c48a9,2026-09-25T07:55:14Z,2026-09-25-36110083579
2026-08-31,83389b7e2c159cfcd623ef476dcc7b9a7a0dc098ed745deb14d09a19df3344ba,2026-09-25T07:55:14Z,2026-09-25-36110083579
2026-08-31,83390eedad54a1f0ae6f4b72dce8b8954efe6eeb8c8b36a4362e053f63f4e098,2026-09-25T07:55:14Z,2026-09-25-36110083579
2026-08-31,833b3d8f58ac6fa4c7872ac14b8bf8a6e5cd666e5672a940490f5473a37605dc,2026-09-25T07:55:14Z,2026-09-25-36110083579
2026-08-31,838fb16f39485b06288536b46b38128a0b77346b4b16ff2f89f7fa5bdf6bcfcb,2026-09-25T07:55:14Z,2026-09-25-36110083579
2026-08-31,8432a0f48dfaff028d031e77df53d5fda01316bd3edaf0abb4a6ee34955abb25,2026-09-25T07:55:14Z,2026-09-25-36110083579
2026-08-31,8461a863dc2c585c0ce23ef6aa3ed000f15ef5ee3080fba0d4f2b07fdedcae49,2026-09-25T07:55:14Z,2026-09-25-36110083579
2026-08-31,846835653a4edfa91487040bc257203f0bbd99c5a029538ffd0ab4aff2413d5d,2026-09-25T07:55:14Z,2026-09-25-36110083579
2026-08-31,84ff23b2c3022e2d8caa7aeb78128e89cbb49bd275e4458177e6efa365fe443e,2026-09-25T07:55:14Z,2026-09-25-36110083579
2026-08-31,8507f871f221e4440dac6ad0e091e71f45b88e0a2dc39727c624f004bce9b419,2026-09-25T07:55:14Z,2026-09-25-36110083579
2026-08-31,854c69f98c8d01ffd01874ca356da477094763c65337c4b2084361adc951eb81,2026-09-25T07:55:14Z,2026-09-25-36110083579
2026-08-31,85686d899d42bd1d3b8044e8fad8a1133f7a18aa5e712f1859da0e0e9f28a7a4,2026-09-25T07:55:14Z,2026-09-25-36110083579
2026-08-31,85cc716297a6250f34862a5a7988102722c1b5b90472fe3cbbe00da279b709a7,2026-09-25T07:55:14Z,2026-09-25-36110083579
2026-08-31,866b4724198f87d7296dbbaf1096df4f10fa526b12781d793fec091fd74e0876,2026-09-25T07:55:14Z,2026-09-25-36110083579
2026-08-31,86a2d8153a7d4c2d2f3f7bbbca4498d9c7eca43fc6802cd5d098f2b9d490c4a0,2026-09-25T07:55:14Z,2026-09-25-36110083579
2026-08-31,870d1935123c1b0bb67ad0d3a54e3904df52e39fec51e9991d1c292fa84a7870,2026-09-25T07:55:14Z,2026-09-25-36110083579
2026-08-31,874def663e6ffcab809da280436fa98f7cf73d62664acbd39f9442789d30ceac,2026-09-25T07:55:14Z,2026-09-25-36110083579
2026-08-31,87aba982035d03c2724363130de8953681f3140a3cdb6376fdd689b4eddfbe82,2026-09-25T07:55:14Z,2026-09-25-36110083579
2026-08-31,886ffc6766dbe8d608f0d4ac7cb654fe9e5d1175edc029a9a3d5ba36dc006711,2026-09-25T07:55:14Z,2026-09-25-36110083579
2026-08-31,88968ea233174e61c602360ea6aab67e0407e0d00f26f7c55688a82fd7984f87,2026-09-25T07:55:14Z,2026-09-25-36110083579
2026-08-31,89517fe6e9f112f78e6febcd010cd75967493f32ab16e283265195688a273ca0,2026-09-25T07:55:14Z,2026-09-25-36110083579
2026-08-31,897b68e9651234d22bd4482dadf8dc0d9675cbd2733da49c03fbddd1d9d3f432,2026-09-25T07:55:14Z,2026-09-25-36110083579
2026-08-31,898db2c1e66a37a1c5d33328c8c6b31210146467e82671540c335d82fa4e7cc7,2026-09-25T07:55:14Z,2026-09-25-36110083579
2026-08-31,89e48e20d3084d61c80032500f7dc8b4f940eff02db0fdd833c4b12265f3ff92,2026-09-25T07:55:14Z,2026-09-25-36110083579
2026-08-31,8a03231389819b7f8c10942c8725c53d6e9c7e44032af7ca968986370574fea5,2026-09-25T07:55:14Z,2026-09-25-36110083579
2026-08-31,8a8368e878d00d39e1e9847fee44f6f274602762d5e7500cd219484ba94a413a,2026-09-25T07:55:14Z,2026-09-25-36110083579
2026-08-31,8b0cfad445b061f1ce1b6a284e121c5625ce0bfa6127fa572fd0dfc6db6760dd,2026-09-25T07:55:14Z,2026-09-25-36110083579
2026-08-31,8b1800e4b74d4e7ab2d57cc5435a5316a297ed13cc01dd293f91b38826fe0674,2026-09-25T07:55:14Z,2026-09-25-36110083579
2026-08-31,8b1b3e66eb2fea0f8834ac6567f3e479a519052e1f86e34162fa55798279e286,2026-09-25T07:55:14Z,2026-09-25-36110083579
2026-08-31,8b841c40b1e4c3413512ca84271419a1fe4363b38bc192a9a663071222a8eaca,2026-09-25T07:55:14Z,2026-09-25-36110083579
2026-08-31,8c2630e68538efb5d9e0bb4b146508ace304b4e4fa86f4db67bcad25d55153aa,2026-09-25T07:55:14Z,2026-09-25-36110083579
2026-08-31,8c2c910794914b51807fa3a3d7a90a4b75224871c4728e11fcf7a44565a59fc4,2026-09-25T07:55:14Z,2026-09-25-36110083579
2026-08-31,8c3016cdb24059fc9f72db0ca82fc9a6bd07e5a6eb3875291dd6afb8c96d60c9,2026-09-25T07:55:14Z,2026-09-25-36110083579
2026-08-31,8c40d1f9efba9fb7a6ceb9104f330cbab0a35747584241dbebbf24383fd6199e,2026-09-25T07:55:14Z,2026-09-25-36110083579
2026-08-31,8cea0466e83b0f0d039b9be21331ba45edb49b2e96b897e6f1a9814d50cae0b2,2026-09-25T07:55:14Z,2026-09-25-36110083579
2026-08-31,8cf1b44d98a11b0b9daf6deca9dff9f84e6c6969c5334e04cd982857b830aa75,2026-09-25T07:55:14Z,2026-09-25-36110083579
2026-08-31,8d2cf3d9466af699d87eb7a7c3e024ef52c22a5cc222ece40ed01e11907f921c,2026-09-25T07:55:14Z,2026-09-25-36110083579
2026-08-31,8df6123ec528d48b045c7304afbf93ac88fc2b0e7f367a60427b1d427cdf562e,2026-09-25T07:55:14Z,2026-09-25-36110083579
2026-08-31,8dfc7c629987a8293ae1d3e07ca4e35042ff56035e2b9c4609720b222955b980,2026-09-25T07:55:14Z,2026-09-25-36110083579
2026-08-31,8e06fc87f95f3407960c6cf945c819c514ac8229409de149b3b2573826dfcec4,2026-09-25T07:55:14Z,2026-09-25-36110083579
2026-08-31,8ec9203337c464dd4c66283f62248a4e5e606011032102cf4963389bb48b5d44,2026-09-25T07:55:14Z,2026-09-25-36110083579
2026-08-31,8edfaec26ba377f3d445271e6dfa067af2482f23967e4937bcf9dedb842d6cef,2026-09-25T07:55:14Z,2026-09-25-36110083579
2026-08-31,8ee3b4e5ce05ef83a1fe6e1fbd2073e9aa0daf23e54f2ee4382d0f888b45555a,2026-09-25T07:55:14Z,2026-09-25-36110083579
2026-08-31,8ef9aae2dd246a439ce451f5003ce6d0a2d46f92e99566f962b4f9331c31906b,2026-09-25T07:55:14Z,2026-09-25-36110083579
2026-08-31,8f5e2fadf03215aabf3a8636dbd5ade70bb8c1f0019bb9c8bd441e3de628afdb,2026-09-25T07:55:14Z,2026-09-25-36110083579
2026-08-31,8fcde9d61c51265f7095bb42610e4facc84f6f46669c6f7fcb836b36accf7421,2026-09-25T07:55:14Z,2026-09-25-36110083579
2026-08-31,9011813e3b792e2ea27969971db93e2ee30e5f4505c907a3d2d50b5ebaa15471,2026-09-25T07:55:14Z,2026-09-25-36110083579
2026-08-31,9020b84cbc476eb7c3f23550705d63ec94648414d006c274d18fe54175f6066f,2026-09-25T07:55:14Z,2026-09-25-36110083579
2026-08-31,904819c0a1b2ff1ed0ad81dc32029dd28bdc2be628628429b12a01896f1411a1,2026-09-25T07:55:14Z,2026-09-25-36110083579
2026-08-31,909279d7c4068ecf4374aacf5445b74a553336d816635bd183f4b0190fb1afaf,2026-09-25T07:55:14Z,2026-09-25-36110083579
2026-08-31,90c1cf94d90e482baa9462d666a01b110753dd0cb8c3422e595e29775f4c685f,2026-09-25T07:55:14Z,2026-09-25-36110083579
2026-08-31,90f0413bb7713752f893cfeb6b8b6d92d92f608c1c350cd727b2cd44476dd598,2026-09-25T07:55:14Z,2026-09-25-36110083579
2026-08-31,9111a4a8d656636be5d7c8f45d1c5fa289cbb6e9e37587af75dbfc8d488eb6e5,2026-09-25T07:55:14Z,2026-09-25-36110083579
2026-08-31,913b7885a00dc9410d73012ced2e07125a5c5b81551b59f301e5260d9bc511ac,2026-09-25T07:55:14Z,2026-09-25-36110083579
2026-08-31,913ec91f1760898fd91268801d58a0688150ec767c6d4d65f98081d69d931812,2026-09-25T07:55:14Z,2026-09-25-36110083579
2026-08-31,914199349f98a6d76cd7b3a98c2bd56601ceb5056b10944d228af38613cbbff2,2026-09-25T07:55:14Z,2026-09-25-36110083579
2026-08-31,9197db4986faae2352f29c2a80cdcc3fa9ed39392d257828ea6ae7113e6adc25,2026-09-25T07:55:14Z,2026-09-25-36110083579
2026-08-31,92d2f6f2f6b69e490519f72fb063cfaf5d2fd69474f181063e4539cd779e7871,2026-09-25T07:55:14Z,2026-09-25-36110083579
2026-08-31,92e18116b980f6f6f144534a0ceb9509881e83cd104dc2ce861a0645df61c039,2026-09-25T07:55:14Z,2026-09-25-36110083579
2026-08-31,9301487fa50215e52fe8245b288be93b080a7d2f4176d2c1f0b3a146f53c58fd,2026-09-25T07:55:14Z,2026-09-25-36110083579
2026-08-31,934ec94e82f4971b482b600be877e9ba58fc917db0b8bdff7a47b18077f061a7,2026-09-25T07:55:14Z,2026-09-25-36110083579
2026-08-31,935b3d518e96c19c91bd456e14b37eee60f316db5cef2827523c2356ee8c64c2,2026-09-25T07:55:14Z,2026-09-25-36110083579
2026-08-31,937f99d33b0c90d88a2232ab545d369a6804b9561d435c1eae35630374a75dad,2026-09-25T07:55:14Z,2026-09-25-36110083579
2026-08-31,9457fecad92ab7b7c6522eae93d62a2c71e442ea0817a90b8dea8e5bab8630cb,2026-09-25T07:55:14Z,2026-09-25-36110083579
2026-08-31,948602d2656eb304b495fc8dcf129e1e76f1f1fb8d0250a3c1fb31ddcbcc3027,2026-09-25T07:55:14Z,2026-09-25-36110083579
2026-08-31,94984fe5e4e4e579388f0c3f585a116f960ec524c0e7cdd6b9dc6934a4472ae7,2026-09-25T07:55:14Z,2026-09-25-36110083579
2026-08-31,94a7807aa5ffcd11c3ffca0e13e166a19aa9789da8c8518331f749e99f75f167,2026-09-25T07:55:14Z,2026-09-25-36110083579
2026-08-31,952ffdb61843cecc50c8a513b2879fbd94a688ab5a7e3426ad258c0a1c8d5221,2026-09-25T07:55:14Z,2026-09-25-36110083579
2026-08-31,9581719216224c5fb9e520dee8f5690b1526743c2e3a2c9f8fdf64bdf510927a,2026-09-25T07:55:14Z,2026-09-25-36110083579
2026-08-31,962562b7a1a8345f7bd9a7253770a21cca74f79eebd5dd7708f3c88cc22cf560,2026-09-25T07:55:14Z,2026-09-25-36110083579
2026-08-31,965ddcc05a509c17cab3fa5f53eb89a77425063bf94badb48b2a6344cddf1787,2026-09-25T07:55:14Z,2026-09-25-36110083579
2026-08-31,9693240d1804f0a711207bada6fdfa0b6a1cd7b17cf14a45cd185ed758d4bdfe,2026-09-25T07:55:14Z,2026-09-25-36110083579
2026-08-31,96ba76b8ccebd00451bfc6f5b63782ac3a85c62a752cfff48c0993c07f3a2b1a,2026-09-25T07:55:14Z,2026-09-25-36110083579
2026-08-31,96c70c29c93937d3d69c7896f5a881f773cda91d42add3c82276406291a60d8e,2026-09-25T07:55:14Z,2026-09-25-36110083579
2026-08-31,970bc8f55cf07fdf201e52fc2eecffd34c3e728db6cd3f69e8a0fa9d1d816bd0,2026-09-25T07:55:14Z,2026-09-25-36110083579
2026-08-31,97798b6cd324371b22f6afdfc50e7c7ac3a50a8a7cb54ab1301f002ca9538ff4,2026-09-25T07:55:14Z,2026-09-25-36110083579
2026-08-31,979dd1c8d4bdb59076f31350f5ec2d34685d7d0ccb6792ef12f8bece701121b3,2026-09-25T07:55:14Z,2026-09-25-36110083579
2026-08-31,97c07ea0b0f8cb306d92f5c506ad7d97ee3eb9e3d427b3ef8c6804055ee7d994,2026-09-25T07:55:14Z,2026-09-25-36110083579
2026-08-31,980d68588396cae04026c839ffbd3bde95a7bd9f6b5623e2299e9ed2b7fdde1f,2026-09-25T07:55:14Z,2026-09-25-36110083579
2026-08-31,982ff4f170cc8a65859378d1d1c698d4d17bf550234592ec68d43ec6afd49d1a,2026-09-25T07:55:14Z,2026-09-25-36110083579
2026-08-31,98959938f693b59a4fb7df484455da2ce4b3aa6b073be386a5f110638ea6ad2e,2026-09-25T07:55:14Z,2026-09-25-36110083579
2026-08-31,98bf16a337965f1b05eab5095a433befe49a7840ce8c959925d9b4094f6de213,2026-09-25T07:55:14Z,2026-09-25-36110083579
2026-08-31,98c003944d19bbac7b13f9c2e4673f060f8fbe62f58b2c26900b3e08109f61ce,2026-09-25T07:55:14Z,2026-09-25-36110083579
2026-08-31,98d5b2203ce8abdb637f5272032ece8aef0fedb847b41ee04ba6b8b3ca0b513a,2026-09-25T07:55:14Z,2026-09-25-36110083579
2026-08-31,9916d785eb452f1f9a979474a7078e17189bada8ba6bc5191c59a4eb323a4315,2026-09-25T07:55:14Z,2026-09-25-36110083579
2026-08-31,9976cb122f77b62ee473522acf8e351a671229c0c8375284cacbc10722314be1,2026-09-25T07:55:14Z,2026-09-25-36110083579
2026-08-31,998442f44b2d92d7fc43ca8e65de61d62a9c45b647d57f3f83a8ea30c47957fc,2026-09-25T07:55:14Z,2026-09-25-36110083579
2026-08-31,9a165db6be8412ed6b0bf75464a89fd8f618e22f9c5d4a4362dfbc2e6c6be47b,2026-09-25T07:55:14Z,2026-09-25-36110083579
2026-08-31,9a6a125d71977617f911f279bd13872e3a3270672f6b6dad541492af895f88ec,2026-09-25T07:55:14Z,2026-09-25-36110083579
2026-08-31,9afbc597144aa35b31418d121f6204c1c287bebf3694f02f5212dc420715d3ce,2026-09-25T07:55:14Z,2026-09-25-36110083579
2026-08-31,9b061ed7ffa1f408cadbb6540a50f09ba0e6619e9291d9b38cdf7c0b747f8344,2026-09-25T07:55:14Z,2026-09-25-36110083579
2026-08-31,9b34d9148dc45e1e4e77ff75882da899dfe520e1f03683aed654f362007abdd5,2026-09-25T07:55:14Z,2026-09-25-36110083579
2026-08-31,9bb2b494cbc426f169465a37c6ce77f1961da954d8b7f611c1e9a39b96c4e766,2026-09-25T07:55:14Z,2026-09-25-36110083579
2026-08-31,9cb8d87c5c165061659042fc0753a29aea63b8fd58a56b1f6671448644f9979a,2026-09-25T07:55:14Z,2026-09-25-36110083579
2026-08-31,9cc0abf85ac6b9f3bfd6c60dc04e463c1a4363e687600948775afc09a677b223,2026-09-25T07:55:14Z,2026-09-25-36110083579
2026-08-31,9cdea79fed45833702a50312e3a10633f8fb7041d556a8e8a9b237f3673f20a7,2026-09-25T07:55:14Z,2026-09-25-36110083579
2026-08-31,9d60e39b81b417404a52e6aebfb5af8454a94676457fd1e4de8bcbfe9da84907,2026-09-25T07:55:14Z,2026-09-25-36110083579
2026-08-31,9d6349a934f30d8fffa26eb7d267fb4b4fa9d8245fc102374ad1257920571639,2026-09-25T07:55:14Z,2026-09-25-36110083579
2026-08-31,9d6a4c7bee87fa610a267b54d6c7542374c81fe648ee28a79ac6d17b34edcee3,2026-09-25T07:55:14Z,2026-09-25-36110083579
2026-08-31,9d932f64bdc00c2a58af25548230cb8cf6754525c673f074ec68255b97f0290c,2026-09-25T07:55:14Z,2026-09-25-36110083579
2026-08-31,9dbf6d1fd29bee289b07d7b82762db9e2fe4914aa00663d38870aa453da23570,2026-09-25T07:55:14Z,2026-09-25-36110083579
2026-08-31,9df8bfe6dac5586049fe27e78f8d609debe9d185f257e0590c33822068f31811,2026-09-25T07:55:14Z,2026-09-25-36110083579
2026-08-31,9e2ff94e0cb95cb2b115cb65596c73bba9f1940876761b54b98b8876abf78e6a,2026-09-25T07:55:14Z,2026-09-25-36110083579
2026-08-31,9e4daa96580316ce92534b50bac5f61724d14f6890ce7a8871b3874db9b5c1c1,2026-09-25T07:55:14Z,2026-09-25-36110083579
2026-08-31,9e6e8d3031afa66cff846d8ee2cce9fb05529b84ba7670212691f14d8940f7e0,2026-09-25T07:55:14Z,2026-09-25-36110083579
2026-08-31,9eb2cc520955c4f2e2761f1e2327d36f93f231cc566d6f5b6392fa81fc2bf691,2026-09-25T07:55:14Z,2026-09-25-36110083579
2026-08-31,9ed4fafa46c481a2a1cbcd58519b285cb5005c13ec9c2662e9d6ec0972b86335,2026-09-25T07:55:14Z,2026-09-25-36110083579
2026-08-31,9fcf8cd0bef4b2657b0d2af7e847ea3c281bede150cdd1d423eb9083c195fd42,2026-09-25T07:55:14Z,2026-09-25-36110083579
2026-08-31,a03f798ba0a694f96c22819ba7b35f22de21878a5936ab76b561a2440abed9e2,2026-09-25T07:55:14Z,2026-09-25-36110083579
2026-08-31,a04605f219154dafe00a46c7bce376808edf72c20ec2463b723aff1370ae1111,2026-09-25T07:55:14Z,2026-09-25-36110083579
2026-08-31,a05b05b1341e81d986806415f51eba1aa6e0f013aaf9e8e322f815f73bc51400,2026-09-25T07:55:14Z,2026-09-25-36110083579
2026-08-31,a097f8af1e10608429a68fa31f50a668aae1f652a2706e20489427cf8f9d977b,2026-09-25T07:55:14Z,2026-09-25-36110083579
2026-08-31,a0e511a24e4bd14e67f39285c85624228d174caa28bf876e7d038ddf56a8aaf9,2026-09-25T07:55:14Z,2026-09-25-36110083579
2026-08-31,a120d76c57c1886a4814e64d0196265cbe785df4979b5488d50a5f0b744f2556,2026-09-25T07:55:14Z,2026-09-25-36110083579
2026-08-31,a2232de51fe39a6c098c0e2e661d45363388761979b3c1af9059c66c1d66d298,2026-09-25T07:55:14Z,2026-09-25-36110083579
2026-08-31,a271b016161290d310c705167e022e6969c6512719322566524f74479cb44c6c,2026-09-25T07:55:14Z,2026-09-25-36110083579
2026-08-31,a2ea70c6e569bcc6e09a00c85a939670328d5f62a067458f54c827a6c55ccc83,2026-09-25T07:55:14Z,2026-09-25-36110083579
2026-08-31,a36761796524f27278e9e92d2d22bb9d3fb551af37fab8768b215bbd9b7f7de9,2026-09-25T07:55:14Z,2026-09-25-36110083579
2026-08-31,a387df0554194344f294a057b89c2c6e600d3f4126ba0906c506f24e27694c3b,2026-09-25T07:55:14Z,2026-09-25-36110083579
2026-08-31,a3a49c3f52f42cbd7e0c1a894cfc0e0139f8495c47716d532cb4169ef3054b50,2026-09-25T07:55:14Z,2026-09-25-36110083579
2026-08-31,a3d887892eaf98a3487ed6b04ddecaac5f721d5a20852e610a7611ccdc7b2b3e,2026-09-25T07:55:14Z,2026-09-25-36110083579
2026-08-31,a44a25c93b6d4c4b9d7afa3e2b5af87a4f2dc7675adf824881030bdab718b3e4,2026-09-25T07:55:14Z,2026-09-25-36110083579
2026-08-31,a4ee658407bcdb10ada02f321eb27dc325e60623bc64cbcab96dacb9a6374f13,2026-09-25T07:55:14Z,2026-09-25-36110083579
2026-08-31,a51229d21f0384371faac378afc8e7fe8ff0501afdbb42f47b63f57ddb863a7b,2026-09-25T07:55:14Z,2026-09-25-36110083579
2026-08-31,a5d8e820a7b737cbad5e91c269054124dd2aa5fe91dbaddca229956c2cdd1740,2026-09-25T07:55:14Z,2026-09-25-36110083579
2026-08-31,a62f8096bb76f9f1880f4f70b59ada1d5fe12fecd46205be1965ad2f61ef1d49,2026-09-25T07:55:14Z,2026-09-25-36110083579
2026-08-31,a6b07a260b0f228d0c5e6f3bd9dc4c6dcba306551a67d28eb86e8ea5e470e65f,2026-09-25T07:55:14Z,2026-09-25-36110083579
2026-08-31,a6c6463eea874f643f97857bcae6a53c20e5441fa4077422a3e32091adf6ce9a,2026-09-25T07:55:14Z,2026-09-25-36110083579
2026-08-31,a70a189d5a4be2a51d7d55ffa7b14fab9f0d6ae68b08af1fd50b8190556b01cf,2026-09-25T07:55:14Z,2026-09-25-36110083579
2026-08-31,a71d4312bfae1360cfb366c2427a3bb50d47601b1887d57a9d6415dc88c24f76,2026-09-25T07:55:14Z,2026-09-25-36110083579
2026-08-31,a770688f5306132f9ef017acdaf59f610b1137c78a5b52f1649a741334941c96,2026-09-25T07:55:14Z,2026-09-25-36110083579
2026-08-31,a7a19119798abe1afb051228a2f861bd49a6f390310bf775dc9078b3c162db03,2026-09-25T07:55:14Z,2026-09-25-36110083579
2026-08-31,a7c0e077c9c2cee7a12c977d91a07b383c856419022e938222f4d8caa0cdb12e,2026-09-25T07:55:14Z,2026-09-25-36110083579
2026-08-31,a7ff31d0c4e3328cf22a5ce48183e989cb167ea1ca16e1b654ccadd436235033,2026-09-25T07:55:14Z,2026-09-25-36110083579
2026-08-31,a8fadae5da809788ee965378d69712f689557ed7c5048a098e00591441110188,2026-09-25T07:55:14Z,2026-09-25-36110083579
2026-08-31,a91ffe9622c2488ba38cafa9a3a73264986bf6cef903ec1e8c24fcbee5ed148a,2026-09-25T07:55:14Z,2026-09-25-36110083579
2026-08-31,a9c34117e508523cb1e597717536b71ba19b3c8de0a857ca9f741b1c9d5a936a,2026-09-25T07:55:14Z,2026-09-25-36110083579
2026-08-31,aacf60464c6b372c0c25a94677180fb2ef9ab585ff2a3041b780680a0025c191,2026-09-25T07:55:14Z,2026-09-25-36110083579
2026-08-31,ab357ec600ca02b2de8ca1c2a867bc5523e5d08ad26250684d60637fac332304,2026-09-25T07:55:14Z,2026-09-25-36110083579
2026-08-31,ab73daf933e1aedfca2e235e41759c7706b1507cfd2492c36cd5ac42a3f3be81,2026-09-25T07:55:14Z,2026-09-25-36110083579
2026-08-31,ab7cf45cfd465ecd5951f4258d8dea70cbd2a6b29b9af2dd8844f43628a92a19,2026-09-25T07:55:14Z,2026-09-25-36110083579
2026-08-31,ababa43415c8df1055d0a690342dab73cc14682ff4710c58d36c3308082b8aed,2026-09-25T07:55:14Z,2026-09-25-36110083579
2026-08-31,ac5d74eb4957e2f24ab43a968e161b1ee8e80a98594ee165bfac67851cbd9ee6,2026-09-25T07:55:14Z,2026-09-25-36110083579
2026-08-31,ac74a1e4fe7771484c46957383ab7a7d5615d3b5cd795897501522b220963257,2026-09-25T07:55:14Z,2026-09-25-36110083579
2026-08-31,acd94407ed88853a9a8c8cf616e2800505d2dda9b729f387ef35a9491c33990f,2026-09-25T07:55:14Z,2026-09-25-36110083579
2026-08-31,ad57a56834bb776abddc079284e17db4f45501cd39d5e9137b6bdb9b79c90d87,2026-09-25T07:55:14Z,2026-09-25-36110083579
2026-08-31,ae348be49c3ca7baa213283a67402ad6203e0ca8239e87c8bb53f05931985fdb,2026-09-25T07:55:14Z,2026-09-25-36110083579
2026-08-31,ae7f4c506bf3f3e649367242d4eb30763c867a9af5f778cf46f666069adbef26,2026-09-25T07:55:14Z,2026-09-25-36110083579
2026-08-31,ae9ac70ac5c70697ff046bfe4777152ef98a1a59a45359fea48493a1ebc92b68,2026-09-25T07:55:14Z,2026-09-25-36110083579
2026-08-31,aec0d06dad3bde20f1c723d9f2397cbb95cd7227e3d5ca3eab7ebef98d3bdfb0,2026-09-25T07:55:14Z,2026-09-25-36110083579
2026-08-31,af1b0c272915f55dae130533e1d03dc22202ded72bcfcbd66112c6451407f824,2026-09-25T07:55:14Z,2026-09-25-36110083579
2026-08-31,af8e392ce83d1d8a5928b51657aca86abac624fe629188e25aac4c46c3684b5b,2026-09-25T07:55:14Z,2026-09-25-36110083579
2026-08-31,afa4bee139c91cfdf785049d7a7247a81c11052e6c73072b7ac85d54f4d13b9e,2026-09-25T07:55:14Z,2026-09-25-36110083579
2026-08-31,afc74a5bbd2de270df7e4ca93db81a16a1551f34a4176c21419fd98151f026fb,2026-09-25T07:55:14Z,2026-09-25-36110083579
2026-08-31,b033bca8b8696c65604e2bbd07b287c0ac868be867090b34ff95d888d02dcc0e,2026-09-25T07:55:14Z,2026-09-25-36110083579
2026-08-31,b06527fcc0278579bb193fb3050640ab88c37b1d5715bb0a497ca5e1d689e18d,2026-09-25T07:55:14Z,2026-09-25-36110083579
2026-08-31,b1717870eaf5e034a26040b8c5ae5357cb427995ba4f4198d48b979dfa74548f,2026-09-25T07:55:14Z,2026-09-25-36110083579
2026-08-31,b330ebfb98b780a577d58850c8171fb3f403eae091b8ed4636233a5edce25679,2026-09-25T07:55:14Z,2026-09-25-36110083579
2026-08-31,b3a60a1d333e82b604a7f219be8d634d6224d6d713c7f37a271cab7907e9cbf7,2026-09-25T07:55:14Z,2026-09-25-36110083579
2026-08-31,b444938407a1ad735d2b48823ff14a63bdb4c2d9ff7b0e0234c8b59e4f1729bb,2026-09-25T07:55:14Z,2026-09-25-36110083579
2026-08-31,b46d50771648065e505c76fddfdb5fec4fa3bdae226588beb02c351e2203c0a6,2026-09-25T07:55:14Z,2026-09-25-36110083579
2026-08-31,b47b529b182e9ec61eb23373f1e0cf8ed3ffc33176c83b358ba00e62c4834378,2026-09-25T07:55:14Z,2026-09-25-36110083579
2026-08-31,b481e5b8f1fce3c3bc8cfd85616b5db822f7742ac0622d22dd280df09a1ab024,2026-09-25T07:55:14Z,2026-09-25-36110083579
2026-08-31,b5d7aa6d4b39070eca2c05688b8a6500f83163887c0812b2013cd1cc1ed0036e,2026-09-25T07:55:14Z,2026-09-25-36110083579
2026-08-31,b5f2753070d980a5eef715be526a5535016441f939b6cf4b880d882845aac740,2026-09-25T07:55:14Z,2026-09-25-36110083579
2026-08-31,b62f9ae7cfeee821e13b94cb9e7a7a98d1f4cca213a3a0353534d1f6d86e8b1c,2026-09-25T07:55:14Z,2026-09-25-36110083579
2026-08-31,b650ea33b01b6d7020429206e5cffbbd8859f26386868dbb2fe993c8d4065a4c,2026-09-25T07:55:14Z,2026-09-25-36110083579
2026-08-31,b66222226769a65b638978045e4150d5cff9f15857ebc70fc7ee610306c393ed,2026-09-25T07:55:14Z,2026-09-25-36110083579
2026-08-31,b671324c2b4f8ebe320aa7a15e1c40eb4656d00ca7c3e52673c8ce251538b2d4,2026-09-25T07:55:14Z,2026-09-25-36110083579
2026-08-31,b6a58c6b70ba954220cf6a69ec5dd9f36f8e15efcaa422d1e41676f7352ad947,2026-09-25T07:55:14Z,2026-09-25-36110083579
2026-08-31,b6b69c2062b65822de1fd96f09496b3b0e07bc9e6bb9e889423bb879f6efc23a,2026-09-25T07:55:14Z,2026-09-25-36110083579
2026-08-31,b708e4fd7a01d8dcf2b826c0ec8f7cd3920906de4d381c2a8a2a9507cc1bd6e5,2026-09-25T07:55:14Z,2026-09-25-36110083579
2026-08-31,b785676a69417d6f2fefd35f8ce12aa4e67809a059821d4e3789ca0cb3e0b6a7,2026-09-25T07:55:14Z,2026-09-25-36110083579
2026-08-31,b7c9b281e9cb7c955573a53c5da6a3757153225c223f487e234dfbf03599645a,2026-09-25T07:55:14Z,2026-09-25-36110083579
2026-08-31,b7cf55348eed137e6cacaac1116185802916af74bfa51a6fa3cf6d484e8084e3,2026-09-25T07:55:14Z,2026-09-25-36110083579
2026-08-31,b80d4660f1a43cec3c7e8f3692622d318dabe32ca6c0952b6dd62953cd332b82,2026-09-25T07:55:14Z,2026-09-25-36110083579
2026-08-31,b88adc588e6f09f7e7b27fb9ce0490aaec2d417e887ba4edcc4deca941d53574,2026-09-25T07:55:14Z,2026-09-25-36110083579
2026-08-31,b8c342262d43950c24dd7ed6b4f72dfdb06680dd8dfd64879ae853c159ac1eda,2026-09-25T07:55:14Z,2026-09-25-36110083579
2026-08-31,b8f8e7198001e746767ff5ee4c21dd860163f3b3e4440f9ced5866334f287bf3,2026-09-25T07:55:14Z,2026-09-25-36110083579
2026-08-31,b9975c95eaaf80ad3a78bb6f6491b89528ead4afe8924c4aa64ef7bac63c1ebc,2026-09-25T07:55:14Z,2026-09-25-36110083579
2026-08-31,b9c508a118ba35a54ac70f80d89cdc992e4b3c53dc5adfa2521eb1e8c1659775,2026-09-25T07:55:14Z,2026-09-25-36110083579
2026-08-31,b9e853bc450d46c81d7a71fecfa39cb59892414b764c84e7de7b25ffb7a8d544,2026-09-25T07:55:14Z,2026-09-25-36110083579
2026-08-31,bab0c67a56e1abd56ef1f7070e5dd7b37fc11e7e2735aa405c4f9ba36338a307,2026-09-25T07:55:14Z,2026-09-25-36110083579
2026-08-31,bb377eeb03b0b3527810bb221a893fde46bf94d14ca06622ccc75574e469e2b9,2026-09-25T07:55:14Z,2026-09-25-36110083579
2026-08-31,bb5ada5a71b48e878b1d9c025b0a558220e0c7cafda6684b222e2b2450cf59ac,2026-09-25T07:55:14Z,2026-09-25-36110083579
2026-08-31,bbc20366cccb61307eb15c2e3ccc1fba958a96e3739d8196162c0a57a6bb246a,2026-09-25T07:55:14Z,2026-09-25-36110083579
2026-08-31,bbc976913ea68d82b394c40d309e2136284850abcc4d0eaddfc5985559bde0ca,2026-09-25T07:55:14Z,2026-09-25-36110083579
2026-08-31,bc2cd9a1ca299cf92ea45d1a71494c674686e5d9c212364136e512e0c95888d7,2026-09-25T07:55:14Z,2026-09-25-36110083579
2026-08-31,bc723c4a0f847cdba12feaf5ecb51496e6c22a2596af972d8c2af0583e743084,2026-09-25T07:55:14Z,2026-09-25-36110083579
2026-08-31,bd3397b5c288ddc91192fa0830d000f5907d11ffb78ff0f239258aae3982ab66,2026-09-25T07:55:14Z,2026-09-25-36110083579
2026-08-31,bd37c8f5d62e183579a543f3434624350ec6e1e3116b532924f75523426146a6,2026-09-25T07:55:14Z,2026-09-25-36110083579
2026-08-31,bd58b148629a41cbca90998e4a893ae99b692d8d8fd83655226d7aaa439a86fb,2026-09-25T07:55:14Z,2026-09-25-36110083579
2026-08-31,bd8976fd9c47108a52f04a782f1150da8573ce02cfa1bf77cfd47a085198ddcb,2026-09-25T07:55:14Z,2026-09-25-36110083579
2026-08-31,bd9f57606e04092c7613c8421b7ebe3f17ae28af881e7f2f850993505956bd3f,2026-09-25T07:55:14Z,2026-09-25-36110083579
2026-08-31,bdaf9f18761599ba04acd69583f8598c860de5e52939afe0ddff37d4a8514b78,2026-09-25T07:55:14Z,2026-09-25-36110083579
2026-08-31,bdf904eb5eeb90c3b74bb5c1fc7c481f78c1e9c7f3a1f6031365eb742e071136,2026-09-25T07:55:14Z,2026-09-25-36110083579
2026-08-31,be1ecdc2b256bae04535dd149f0effa7a7cd0236800b316d34ef6cbf45b4be5b,2026-09-25T07:55:14Z,2026-09-25-36110083579
2026-08-31,be7dec666ea50446b6571e00f15ce1100cb08986cb5f2c955c57fbb68c774b3d,2026-09-25T07:55:14Z,2026-09-25-36110083579
2026-08-31,bf0f16c60b23016d6d9f71f9e51196c779e4911b3e4855b5660c1e75e8b7089b,2026-09-25T07:55:14Z,2026-09-25-36110083579
2026-08-31,bf593e8ddfc1af427e2d7f01b997c719bcfe7c1dd3baa0552c8f3b16cb36053f,2026-09-25T07:55:14Z,2026-09-25-36110083579
2026-08-31,bf609cae91881c104c1ae368cbf8f533dc25d3b6202d0241f59078bc4883bd18,2026-09-25T07:55:14Z,2026-09-25-36110083579
2026-08-31,bf9025139ad5a102a14a827bc596e2652a4180ac438fc960e852b794f50213d7,2026-09-25T07:55:14Z,2026-09-25-36110083579
2026-08-31,bfb47497bc897d9345abc9ff32673c07e10ade27f94d93016cfdcd3a3876da2f,2026-09-25T07:55:14Z,2026-09-25-36110083579
2026-08-31,c0244cd4ba4a519c9ed54f00b18ce6bc76cf55d554b83c1db49e66a8b70d748b,2026-09-25T07:55:14Z,2026-09-25-36110083579
2026-08-31,c07cee08903775f018aa25ba8ee4e1a6a6c35d090d7ee78dc4a415331cb328af,2026-09-25T07:55:14Z,2026-09-25-36110083579
2026-08-31,c09014d17d9a635a53c0bf4def9c5c28947715707f2971e64943707ace770c69,2026-09-25T07:55:14Z,2026-09-25-36110083579
2026-08-31,c0d0bcb667f47001e9e91832d73ef1df7571640b6e4b9aa20fce06de0c1795b1,2026-09-25T07:55:14Z,2026-09-25-36110083579
2026-08-31,c0e8ce66e6c663e361164a6a91c068dbd670704ca6d266716db9ec4a0252bd1d,2026-09-25T07:55:14Z,2026-09-25-36110083579
2026-08-31,c1249eaf9e1af53527d52a4f20b75bfbe07512cacc1a4d1c64e975552a44fcfc,2026-09-25T07:55:14Z,2026-09-25-36110083579
2026-08-31,c13c9c8979038b33c0a399edebe7f80d3fa77ecfb40e0a2ed954e0a8fda540cb,2026-09-25T07:55:14Z,2026-09-25-36110083579
2026-08-31,c1975f193b9ed95b40056ae423ab3f726a4d37b5870e8eea81f5e30763bd99d1,2026-09-25T07:55:14Z,2026-09-25-36110083579
2026-08-31,c1af579a498056b64ea55376f2ad771b06e43b5aabcad5ebe490cb51da1b5405,2026-09-25T07:55:14Z,2026-09-25-36110083579
2026-08-31,c1c7655a5e131dc72baca8afdcf54028d5b6f7182dcb944aa20d26200a9ea25f,2026-09-25T07:55:14Z,2026-09-25-36110083579
2026-08-31,c236de9794cbf71847a44f89b6ea39b39d6889429c427f8cf82f4ddec684f4ab,2026-09-25T07:55:14Z,2026-09-25-36110083579
2026-08-31,c2386aa97bbe609f25a6f56e8beedd85ed360cad4d0c2d5770efde2fcee1b3ca,2026-09-25T07:55:14Z,2026-09-25-36110083579
2026-08-31,c2590a0e537263235746f14c66790fdfd24ba6f38d8fbdfc65cf0d21e16f6dc5,2026-09-25T07:55:14Z,2026-09-25-36110083579
2026-08-31,c2aa90d667dc729f3562e41e54b4c0bd1df8c1870e43fa59d4f862dd3ba027b4,2026-09-25T07:55:14Z,2026-09-25-36110083579
2026-08-31,c31df9c2adcebff1a723099ce5880648fb7cbae17b30f018dd8017433eb85e3c,2026-09-25T07:55:14Z,2026-09-25-36110083579
2026-08-31,c3c897c93cf7ae098f5d934f30e88b6e3ccf94154a8bf8326ff863b2c105b7c6,2026-09-25T07:55:14Z,2026-09-25-36110083579
2026-08-31,c407d49ab45e6fbff43a7321cdc6676d6b068b5c9386c7d3516edbb7fe958ddd,2026-09-25T07:55:14Z,2026-09-25-36110083579
2026-08-31,c427aaebd2ce4ec8bbad481fd9679c77f50dfe1bee05fd4ddfa70e81f6dd3945,2026-09-25T07:55:14Z,2026-09-25-36110083579
2026-08-31,c474abfe1e51275edcb439c6ee00ea6de23e75f67d53fd0d6453596cde1ee85e,2026-09-25T07:55:14Z,2026-09-25-36110083579
2026-08-31,c5a40806281cde37d8ea0d2eae17d4a69a22b80276a81ea90b059737844a60f3,2026-09-25T07:55:14Z,2026-09-25-36110083579
2026-08-31,c62a271f5577ceb299260efebf4e2a17e1038653926bb062c748cb570a7acb99,2026-09-25T07:55:14Z,2026-09-25-36110083579
2026-08-31,c647cc57837de9ef9edd95e86b5ca963108fa94611474fb416edc5f3204a7376,2026-09-25T07:55:14Z,2026-09-25-36110083579
2026-08-31,c69bd2303d54558e20feba4e3da775d7f45eb68b85e0ad1493821f830705794b,2026-09-25T07:55:14Z,2026-09-25-36110083579
2026-08-31,c6e66988baef4ada3ad9d2e240820be5e1f24f06d3ace0bf621d16b5629fcb26,2026-09-25T07:55:14Z,2026-09-25-36110083579
2026-08-31,c6ead29e99c8cb659900fc8fa36336e89d2c103bbf6b13d1a59507a5efa26aa0,2026-09-25T07:55:14Z,2026-09-25-36110083579
2026-08-31,c7a5341ae5fb15887e594829acf2a5645db8480eca2ef8ac44fe77f9f4f9c205,2026-09-25T07:55:14Z,2026-09-25-36110083579
2026-08-31,c7f58acc06ba11118734e2e79fa3e5243bac9feeb13c9e1dfbd0ce73a96b2450,2026-09-25T07:55:14Z,2026-09-25-36110083579
2026-08-31,c80c2b68d9cbc436b73e86bfbac261588cb0145a041b1ec0458c0df2321f0c6d,2026-09-25T07:55:14Z,2026-09-25-36110083579
2026-08-31,c815022fd753388d2bbdef93778457219b59fa0f72151ef9db829cffd7c926c3,2026-09-25T07:55:14Z,2026-09-25-36110083579
2026-08-31,c8a03477d871ad3da1ed1d1c7fdb4f82deb6f665cdc33a2058d9113fa3f2007d,2026-09-25T07:55:14Z,2026-09-25-36110083579
2026-08-31,c8a84cf7ea658218255fc906d966af88e94fb847b3f19b8377392694cd284f7c,2026-09-25T07:55:14Z,2026-09-25-36110083579
2026-08-31,c8e9bc90a55a0787c13d5763bdf2930deb93135cc6cb46ef0b934c0b417b7e11,2026-09-25T07:55:14Z,2026-09-25-36110083579
2026-08-31,c9c04035ae07faddc04223a9827d63ed2ba79886a4a3190fad0222d3fa6017f3,2026-09-25T07:55:14Z,2026-09-25-36110083579
2026-08-31,ca259ea00dfa792cc4d05b0b0343ec0e5545ec6bb36ae8b5a68d11d9a710514f,2026-09-25T07:55:14Z,2026-09-25-36110083579
2026-08-31,ca5a2167c045e8cb37899bd1845220cdbc655e523c3d04701948975c69e8e302,2026-09-25T07:55:14Z,2026-09-25-36110083579
2026-08-31,ca88c347fb1798374efc2a88f33067537201a7a4a99ed17626664f3e48f11fcb,2026-09-25T07:55:14Z,2026-09-25-36110083579
2026-08-31,cab9007ed4722d07769cf2085423f73f64d051c89c2c6bab103dc8bc92bf0b12,2026-09-25T07:55:14Z,2026-09-25-36110083579
2026-08-31,cad351a9cc17ef19d35fed0eb6d45eac9861df58359dfd97253a767e6d7c7202,2026-09-25T07:55:14Z,2026-09-25-36110083579
2026-08-31,caf00083e9258b2bcc70698479ad6c6c382159d5a7f92ac3a6d86c5324691b54,2026-09-25T07:55:14Z,2026-09-25-36110083579
2026-08-31,cb5d8c0e8273b309cc20131859f4d4502ccdc55a04aee497439fa1efd42b6000,2026-09-25T07:55:14Z,2026-09-25-36110083579
2026-08-31,cb7f2f20eab220d62eccc242a9a585c7cf3c0174b50e1f66ef74497a337bdb23,2026-09-25T07:55:14Z,2026-09-25-36110083579
2026-08-31,cbee66d88d21b849a8408f8389d512e8a8e7430ff770659d74edca8d4f64bcd4,2026-09-25T07:55:14Z,2026-09-25-36110083579
2026-08-31,cc39360cf0cca8e522002f565e6e2315a070508475d750e46ea5751eb2c04ae8,2026-09-25T07:55:14Z,2026-09-25-36110083579
2026-08-31,cc3cc8c4243eeca3d1f464ef5b6497685b8173fd1c8c10f3831e81fb3cc46f12,2026-09-25T07:55:14Z,2026-09-25-36110083579
2026-08-31,cc77512acf314df557122ff0a92cf3bbf2f39953593ed20fa267874aacfaac3e,2026-09-25T07:55:14Z,2026-09-25-36110083579
2026-08-31,ccab96c56cddc70e5b1fb4461fef9348bbf3a1fda5bde2294f0eaae93f5f30b0,2026-09-25T07:55:14Z,2026-09-25-36110083579
2026-08-31,ccdf021ac4573667cbae74fb9150fbac40028a5315b1525c27486249c02fdc45,2026-09-25T07:55:14Z,2026-09-25-36110083579
2026-08-31,cd2b6643e5548785929bf375209e503ddc34ee9d080f9ca82bdf29523308c286,2026-09-25T07:55:14Z,2026-09-25-36110083579
2026-08-31,cd6e62c61d28446f27c784a40249d85e328fb9ac7a9c4e23c2b5972c5f8079b2,2026-09-25T07:55:14Z,2026-09-25-36110083579
2026-08-31,cde9e82c645e8f86bc9c1fc170b31015a0b8d7ac2681c088a7c7cc0ff42d5cf1,2026-09-25T07:55:14Z,2026-09-25-36110083579
2026-08-31,cec43445430cc95be43c9f6fd31c66f651cc0a98d40378d4a7622edeeb55bffa,2026-09-25T07:55:14Z,2026-09-25-36110083579
2026-08-31,cec7bc9d35882580bea9ce3f1e0c12e4e5c2638a0d0e7b93d3596ae45fc88b14,2026-09-25T07:55:14Z,2026-09-25-36110083579
2026-08-31,cee23f14f8b7cb061acf970cbd0b72a5c4de899be1958be2e283fe103bef0017,2026-09-25T07:55:14Z,2026-09-25-36110083579
2026-08-31,ceea045196ed44e25b5b237fd61bbd7e38d8accb001974dcb3fdba6ed3629eac,2026-09-25T07:55:14Z,2026-09-25-36110083579
2026-08-31,cfc4cc3ad0c80a4a067f56e1e50a856361d3390c802eecf7bad5e2542804a424,2026-09-25T07:55:14Z,2026-09-25-36110083579
2026-08-31,d0bc091d8dab3c143f31e4b94712dd3b13c60038bdf49812635fcc09f4230d54,2026-09-25T07:55:14Z,2026-09-25-36110083579
2026-08-31,d1632e785c503c192462ae8ee7a0aa9cdf88a57004bea42ca69f0dea6ed5d33f,2026-09-25T07:55:14Z,2026-09-25-36110083579
2026-08-31,d16499ff6248263c2501e2f3df6914fd41eae5b21319196907fda45edd02255c,2026-09-25T07:55:14Z,2026-09-25-36110083579
2026-08-31,d164e3182ee77a99637ae98874cee7d2ade5d6557afc5c0573472bd4bdb1599d,2026-09-25T07:55:14Z,2026-09-25-36110083579
2026-08-31,d1b31dd6c2276a23e15bd47b546875471615fcff597c21d414f5cfd4de3260e1,2026-09-25T07:55:14Z,2026-09-25-36110083579
2026-08-31,d2132f372c9567bb7925766846dd1e6079416aa7ce54b69dc117bc34feef8c0b,2026-09-25T07:55:14Z,2026-09-25-36110083579
2026-08-31,d22c3860dea13d5da732bfc6b40b6e9058b367b9c0703935c16e9badda21e656,2026-09-25T07:55:14Z,2026-09-25-36110083579
2026-08-31,d2414f6416efd44e1ff5e4a27eb5606efc9f5cf29c4865a2b75c10d3b2509f73,2026-09-25T07:55:14Z,2026-09-25-36110083579
2026-08-31,d27ef28203ca7e6201b6b2e617d535c67b0e54404b6884bff5a90443e983f2bb,2026-09-25T07:55:14Z,2026-09-25-36110083579
2026-08-31,d2af59212f2d745f536671211a757efd70e2fc0ee05287c3ae9e03e9d4292a10,2026-09-25T07:55:14Z,2026-09-25-36110083579
2026-08-31,d32d6d807d55e98c6377bb5716db8dc017dbd3ef8c6cf9998641c720d165283a,2026-09-25T07:55:14Z,2026-09-25-36110083579
2026-08-31,d33cd92692bc5a2ad01da2578ed3479c136b9c36c0d080c6f6d3237a07e5c885,2026-09-25T07:55:14Z,2026-09-25-36110083579
2026-08-31,d3431cc97fa7bc7f4c31d86e5eaa42729927d7cb3068d2e036b9b644b6e2fa9e,2026-09-25T07:55:14Z,2026-09-25-36110083579
2026-08-31,d38cddfee15404292fb041ad45609c1946d639a4877089fa93819af011ae5bb0,2026-09-25T07:55:14Z,2026-09-25-36110083579
2026-08-31,d3d263485e16d252b85100808831108df5290eb0bdd8c2611ea7ea84bbe95f45,2026-09-25T07:55:14Z,2026-09-25-36110083579
2026-08-31,d3fe6c19f59f88bf28a9d14209d069010b0167ead1133249eebf10bba58daa04,2026-09-25T07:55:14Z,2026-09-25-36110083579
2026-08-31,d40c136f5ed34385f23f573116603cbb08748efb5a8b760837abb9be6c11a34d,2026-09-25T07:55:14Z,2026-09-25-36110083579
2026-08-31,d43b238756fda0e3f25efba4eda573395e4623d127a17518d75814b5067446a2,2026-09-25T07:55:14Z,2026-09-25-36110083579
2026-08-31,d47620a0d5310331737bd69ce24acb3ad88a1df3f6c8f39098d12a6d3b0c1e29,2026-09-25T07:55:14Z,2026-09-25-36110083579
2026-08-31,d49ef704207599f7173e4d23a50ed62bfd96da42bcd7e966fa788da3a9f62449,2026-09-25T07:55:14Z,2026-09-25-36110083579
2026-08-31,d57de452aeaad01528732c334fe0e0c4ab3c3bfd577508d442ac83db81b3bb17,2026-09-25T07:55:14Z,2026-09-25-36110083579
2026-08-31,d5a6b21611df7d49f0042cb2c3f73ef29e0a5c15adef937bc9768ae7951bf63d,2026-09-25T07:55:14Z,2026-09-25-36110083579
2026-08-31,d5e9ef5b0ab09902e052fd03ea438ee896377e7992cb11b3e81a99d646700c18,2026-09-25T07:55:14Z,2026-09-25-36110083579
2026-08-31,d5fc375c5e0d4d51394183e04c4588a55567aa4d3c8862082bde0a59d6a86642,2026-09-25T07:55:14Z,2026-09-25-36110083579
2026-08-31,d6a1b5bd957af53e0f8fedf7cb97e783187aeca301c9f3b02dded38caa79f338,2026-09-25T07:55:14Z,2026-09-25-36110083579
2026-08-31,d6e8aa845f39699584f28b2d915ec4a56ad68103cb075a074ed6863333a2bcf4,2026-09-25T07:55:14Z,2026-09-25-36110083579
2026-08-31,d730ebce2c98a206025b23681b3db5a2ac4cdd2895035d58ef0cb823051f1ddf,2026-09-25T07:55:14Z,2026-09-25-36110083579
2026-08-31,d7f9ab48b7ef745061cdfb0acc9a560a1598ec5041bfdfe1573853b95509d3cc,2026-09-25T07:55:14Z,2026-09-25-36110083579
2026-08-31,d805aded18be5fb877b207e90c547dd09f377aedee98b0778fbbbeb34192495d,2026-09-25T07:55:14Z,2026-09-25-36110083579
2026-08-31,d8a4389fe72f547be3c4d005471570815ddac818ad058db2a867cc330a3b4952,2026-09-25T07:55:14Z,2026-09-25-36110083579
2026-08-31,d8a89c9f70b2dacfb43da4efb4301fe0164fa45094e4de10a05cb22f10fbb08d,2026-09-25T07:55:14Z,2026-09-25-36110083579
2026-08-31,d8d37ada50c6454d3952ecc757971f4921337989550e1753c27c06da807775fe,2026-09-25T07:55:14Z,2026-09-25-36110083579
2026-08-31,d9499a5443293eafbab1741f7a357254088214a831908e3b96432174851f5617,2026-09-25T07:55:14Z,2026-09-25-36110083579
2026-08-31,d9808b8acef5c2c5deea1a99060249504fb64475c8f94fee64491687dadb4017,2026-09-25T07:55:14Z,2026-09-25-36110083579
2026-08-31,d9f695e98d3beef6d56981c6626c9a3e83b2cef1ac7e885294a3f364490bd2ce,2026-09-25T07:55:14Z,2026-09-25-36110083579
2026-08-31,da40041e6e6200eba4eea87c1cfbfdb66d765fd8a479e21a532a7d97951cbafc,2026-09-25T07:55:14Z,2026-09-25-36110083579
2026-08-31,da970943f2ffc393328782ee95cff7c454fa0d36fda62260e9cfc861b06aafad,2026-09-25T07:55:14Z,2026-09-25-36110083579
2026-08-31,da9e90d7ba52ae7bc6d3f94d40c26220a56981ffa87bdbb2fbfe97ac26962372,2026-09-25T07:55:14Z,2026-09-25-36110083579
2026-08-31,dae1e50ac41852f8c8582371d2acf5d3fb289183872eca63270cee58fc17e139,2026-09-25T07:55:14Z,2026-09-25-36110083579
2026-08-31,db1ffafde82d659c249043c03fff94431ea3fb7039a7ac14cb50e1f4a8fb5191,2026-09-25T07:55:14Z,2026-09-25-36110083579
2026-08-31,db4c226cecce5df971e398efd4b4dedf885863d56021108e07d3bb033f49ee83,2026-09-25T07:55:14Z,2026-09-25-36110083579
2026-08-31,db5d884a9902da90845c35cc15020743a38935079a6318c46beb999666c18b3e,2026-09-25T07:55:14Z,2026-09-25-36110083579
2026-08-31,db5fdb20420114730335b16bbe18f5b549c00dc66751dacb3ed19e31a1ef266b,2026-09-25T07:55:14Z,2026-09-25-36110083579
2026-08-31,dbd1e7a3f5c458e888051595d81859371ffa93c89e034baa211e93cf469ab0f9,2026-09-25T07:55:14Z,2026-09-25-36110083579
2026-08-31,dc3d1fc9b660e3fd1bda24d62a94dde45af462c036e536628392bbc23a6ae4d2,2026-09-25T07:55:14Z,2026-09-25-36110083579
2026-08-31,dc74535f7a99c09db5da1693208efa332c6189fd9a2c15ef764fe165ccde2236,2026-09-25T07:55:14Z,2026-09-25-36110083579
2026-08-31,dc92bda1c8414d4f026cad532da6a7c2d36908f32acb8cf158d7bc0fbc118c12,2026-09-25T07:55:14Z,2026-09-25-36110083579
2026-08-31,dca3199d58075ab4a88b9eb5f0ed0eec2f9d3f60400eaf3bd0c27b29f0cc0502,2026-09-25T07:55:14Z,2026-09-25-36110083579
2026-08-31,dcb7d534313fea23ed1791ff9a38bcd5493f3f6d08cacc48b2e3f8bc2497c33d,2026-09-25T07:55:14Z,2026-09-25-36110083579
2026-08-31,dcd7a2e23fe061c4fe129d260cacf7eeb6b98c3da2b7ea1140859c9e8828218b,2026-09-25T07:55:14Z,2026-09-25-36110083579
2026-08-31,dd5d4b27758d540bbca40a7516a5347882e2d716b2485a10c6eff579455a1ca1,2026-09-25T07:55:14Z,2026-09-25-36110083579
2026-08-31,dd8f1bc5983090925ff4524ef400d51460837fd2d447f0493ed36f053c9bafaf,2026-09-25T07:55:14Z,2026-09-25-36110083579
2026-08-31,dde96f309e4ec6d97213b1c32f721b3f66fe94da9f331cdac80b380e1d96f968,2026-09-25T07:55:14Z,2026-09-25-36110083579
2026-08-31,ddeb1d2b90d02170ad6b2c40d8d7ca6bdc18a3e9dff12d20cffbed62a42c9be8,2026-09-25T07:55:14Z,2026-09-25-36110083579
2026-08-31,de95c17a0f503b78b700006b10f5fce16a41b02ad3e4188ed85054eb139e1016,2026-09-25T07:55:14Z,2026-09-25-36110083579
2026-08-31,de9c5fd017cd5a295060fd40039efc6333905c27197f1cf1a2d6af0f567d8ac4,2026-09-25T07:55:14Z,2026-09-25-36110083579
2026-08-31,df256887496e0b455ffd662538782c08504a845ee825567c53dac19c1c6aeefc,2026-09-25T07:55:14Z,2026-09-25-36110083579
2026-08-31,df524b4ce1c9a54cbf836b067cb7b8b6075e6be0729917d7734addc72c46bfe6,2026-09-25T07:55:14Z,2026-09-25-36110083579
2026-08-31,df7508980f7b6035ae7b5505edca74562a36b17b448fc02c62f3f40adeac9d39,2026-09-25T07:55:14Z,2026-09-25-36110083579
2026-08-31,dfef333eddf69d3308ee24b574315472d1a6d6bc14d740b39c17d27ac38ecc9a,2026-09-25T07:55:14Z,2026-09-25-36110083579
2026-08-31,e017bf16d7a82eb75798cedb93f8dc5d0789fbb645eec9c31fecef33b82a624d,2026-09-25T07:55:14Z,2026-09-25-36110083579
2026-08-31,e04822e1a27511332b1648277fbd3c150b527ff26659104ab61a6688561b738d,2026-09-25T07:55:14Z,2026-09-25-36110083579
2026-08-31,e04eec46973d746fbd115b1ecb6d1c1829e667370cccdd76d1d3ff89ac5ac850,2026-09-25T07:55:14Z,2026-09-25-36110083579
2026-08-31,e0625ca06aaff7e570c68a4b25af168ee16361ec82528384f51de840e709bb6d,2026-09-25T07:55:14Z,2026-09-25-36110083579
2026-08-31,e0e02f2ff8034078a9d2139abb9d4416a8557dc7fe81e7655033738ea298db5f,2026-09-25T07:55:14Z,2026-09-25-36110083579
2026-08-31,e1107975a75e9407f95a33f9447406215dc7be21872125461715f94e4126d413,2026-09-25T07:55:14Z,2026-09-25-36110083579
2026-08-31,e1369e1af9979976b9b7da8c33b191c1e8d985e18df99bcbc32a1712f2806edb,2026-09-25T07:55:14Z,2026-09-25-36110083579
2026-08-31,e167f440b1fbc96be9e655a783bfe00a887e6c0b822efd4d12223e297f5b1435,2026-09-25T07:55:14Z,2026-09-25-36110083579
2026-08-31,e186b910a8fa7be55a052195a1210357adbf155018457d029188a09361bfd9d8,2026-09-25T07:55:14Z,2026-09-25-36110083579
2026-08-31,e1ffd1524f2d7e7ed5c100a746c4d962626afd886810b8eca140ca9450048bd9,2026-09-25T07:55:14Z,2026-09-25-36110083579
2026-08-31,e26fbecd62df4f72219678caaebb2f3ee3c14f77f3bd124e54077d73f38f5e22,2026-09-25T07:55:14Z,2026-09-25-36110083579
2026-08-31,e2795e3ad8bfd7adbbafde44c9a636e19222296a29617f757a80acdab451852d,2026-09-25T07:55:14Z,2026-09-25-36110083579
2026-08-31,e3158faeabb16c8ba3bb454fcf54763c5efea9d3e02d7dc5f8cedf6a600d67f3,2026-09-25T07:55:14Z,2026-09-25-36110083579
2026-08-31,e3d1a49853fd9acccdfd9377f640202d0826d79165fdccc9817bbc64d553f42e,2026-09-25T07:55:14Z,2026-09-25-36110083579
2026-08-31,e49bc72b7757c7f7d20d6fe6de1edd5b055579746d916e71477de024088321f6,2026-09-25T07:55:14Z,2026-09-25-36110083579
2026-08-31,e4a54c5c3a31be9d6a0f7c3a2af4cc376b3afde9d81795735fc5bc7a6e38fe0e,2026-09-25T07:55:14Z,2026-09-25-36110083579
2026-08-31,e50a654b6c9ff775b0244ecbd025f8bbf46943839855164acfc42856ed5c71dc,2026-09-25T07:55:14Z,2026-09-25-36110083579
2026-08-31,e5886046ab38c4580f2248bfa8018a2d4f915e887c3508c2ee4e9b752527e9aa,2026-09-25T07:55:14Z,2026-09-25-36110083579
2026-08-31,e59144ea42674f35eab285ea925581d9cf3eb51cd6849c39806e682ea44ec8f9,2026-09-25T07:55:14Z,2026-09-25-36110083579
2026-08-31,e5b06bd09a7748865c2f54c66a913d3e1a6bd4b9bff685c8a57bb22d233da05a,2026-09-25T07:55:14Z,2026-09-25-36110083579
2026-08-31,e6251ed728661c58f3d5e26f89694928dc9dab1c7217cf3b877d32cc086e5474,2026-09-25T07:55:14Z,2026-09-25-36110083579
2026-08-31,e635facdd35d6f92a4facbcf8b9fdc4fcdd997bf3936e901bebc9a0970753e10,2026-09-25T07:55:14Z,2026-09-25-36110083579
2026-08-31,e63e2920e489a4977667caef47f43c26e5243110a67aeec9a7002ab3726bcfbc,2026-09-25T07:55:14Z,2026-09-25-36110083579
2026-08-31,e6bbce1905082e025d4b29893d75bfd29e26e4091010ccf6a5026612c9d73a9b,2026-09-25T07:55:14Z,2026-09-25-36110083579
2026-08-31,e6d1a613123d2e7b3a68794f9d114af07c852e593d507e0edd56315da8507ff8,2026-09-25T07:55:14Z,2026-09-25-36110083579
2026-08-31,e6d5cbec820ce2f99bcbe8b8773b052516b027c0987e225d6c023486512a5a24,2026-09-25T07:55:14Z,2026-09-25-36110083579
2026-08-31,e6da0e0caed2ebe5f2de7bb4f012d4d8cb459f8f5bcef9c6985aa5488aaa248c,2026-09-25T07:55:14Z,2026-09-25-36110083579
2026-08-31,e6ee2cab321b0a6395b425a0cffb377a19c99fc9366172e05596675fb0ec4ffd,2026-09-25T07:55:14Z,2026-09-25-36110083579
2026-08-31,e79ba849022c75732afd516c356c88eca083070d5f8487f753a22f311fc8df11,2026-09-25T07:55:14Z,2026-09-25-36110083579
2026-08-31,e7bf1ed8e37764c4626baeae28ec224460a51a9860cd5e1394f03e524af1eea6,2026-09-25T07:55:14Z,2026-09-25-36110083579
2026-08-31,e7c5e18e40facd0e590c0ee204ea39edd864afd08794441a7beeec377f386816,2026-09-25T07:55:14Z,2026-09-25-36110083579
2026-08-31,e80da1a50aedb2f09fb8631814994f88a4107074ebec6f3e82a22f6b9654d6ef,2026-09-25T07:55:14Z,2026-09-25-36110083579
2026-08-31,e8e00634e148a0adbeaf0502f034e911a0b8d2d502c6d7a8ca2628cb74089022,2026-09-25T07:55:14Z,2026-09-25-36110083579
2026-08-31,e8e51ca5941ed11ff38c23e830f6707036f5663f45d7fec690c4fbaf7c011fd7,2026-09-25T07:55:14Z,2026-09-25-36110083579
2026-08-31,e8ebcf408c50053acd1741fd6395e0772f6bf8c43a53961d785aaebbf14f5376,2026-09-25T07:55:14Z,2026-09-25-36110083579
2026-08-31,e8fe281640a5c679395f22576dacb367c2b74ed982942a3960b0c641f3ced03e,2026-09-25T07:55:14Z,2026-09-25-36110083579
2026-08-31,e91d39b7e3f280a3a34aac8b0ea9bde8a7bef0a40fd430f446f6d332d8cb8c39,2026-09-25T07:55:14Z,2026-09-25-36110083579
2026-08-31,eab72154ca6d1b9d2818ca1121761ece3fad4f0d84d16953c2a4665b5ae965fb,2026-09-25T07:55:14Z,2026-09-25-36110083579
2026-08-31,eb0d54e008caaf67feec5a862de6bc882dfa0402bb6f8970b262d57d8ad394e3,2026-09-25T07:55:14Z,2026-09-25-36110083579
2026-08-31,eb380a6fa26ff2c38878f4f06131340335f91646b0b7b84775c81e5f03e9f074,2026-09-25T07:55:14Z,2026-09-25-36110083579
2026-08-31,eb47c21687c14e79251e467dcfda01de4cf688041aea1cffdecdecf47b44a0e9,2026-09-25T07:55:14Z,2026-09-25-36110083579
2026-08-31,eb49660dfcb3737cb0b23646f8d0db42706913b3eeef79ab4f2746f1c7eff009,2026-09-25T07:55:14Z,2026-09-25-36110083579
2026-08-31,eb609d5f63f91cd8c13e8de6493859578c0ebfbd1c71b4a501304c4cac0a1b2d,2026-09-25T07:55:14Z,2026-09-25-36110083579
2026-08-31,ebae1d3060db5a983bcf845492a7e9952ea349b83776432e507fbfc79273f2e8,2026-09-25T07:55:14Z,2026-09-25-36110083579
2026-08-31,ec4cbc449e7b45b5611822e7dc5fff307c3150031769185bc09c19df3c3bfb81,2026-09-25T07:55:14Z,2026-09-25-36110083579
2026-08-31,ec9e4a5b2efd6cac05e69ca9d92ebfc3a22faa3d8cdfdfb67235f482a1b9a5e1,2026-09-25T07:55:14Z,2026-09-25-36110083579
2026-08-31,ed439e3010dc6479665818c086b7c75ae93fbbb1f4ad2834a86f901a76e308e2,2026-09-25T07:55:14Z,2026-09-25-36110083579
2026-08-31,ed81beed1cf94ca07eca9e3577f1d5c06a4a257b95d113c1da13b8985384df30,2026-09-25T07:55:14Z,2026-09-25-36110083579
2026-08-31,eddc5976fefbac6f0d26f3877fe4aeaea9376da6cc7f8175f1072723882aa3ed,2026-09-25T07:55:14Z,2026-09-25-36110083579
2026-08-31,ee30e3b829da34cd9dbf8c3888fe5aafcd8870920d8eec5189d0ab753ad80e45,2026-09-25T07:55:14Z,2026-09-25-36110083579
2026-08-31,ee7663dc89954fbf52173aba4e1aaaada94792a961a52194f11a0613a1185937,2026-09-25T07:55:14Z,2026-09-25-36110083579
2026-08-31,ef09999f77facecc08193a875e611e738083c6dca23710cd7142af0594eae51d,2026-09-25T07:55:14Z,2026-09-25-36110083579
2026-08-31,ef3aed0a1c43a4f4c896845a6ec73b1d9363d28cc8ca86e9f619acad8862c1d7,2026-09-25T07:55:14Z,2026-09-25-36110083579
2026-08-31,ef5d079b25fa7773d53549880f1a1a010157df93e70feda4f4690266b163ed98,2026-09-25T07:55:14Z,2026-09-25-36110083579
2026-08-31,ef7ca56467d9cc5c22f7dcbfb9625a6b27f9b2c1d883448c7446c767394a69d9,2026-09-25T07:55:14Z,2026-09-25-36110083579
2026-08-31,ef9e66c82f41aa0fc1eee9466cbde5d0bdb6d91f8c083b336027bb414ac2e799,2026-09-25T07:55:14Z,2026-09-25-36110083579
2026-08-31,efb0beb1e6fc0f16909a44cefc28eddfd2a89f5cca697b6d52f41f1c1a345860,2026-09-25T07:55:14Z,2026-09-25-36110083579
2026-08-31,efc38431c8bdfe188613dd00ff1df29b42d80192d1aab70cf2855767c4952ad8,2026-09-25T07:55:14Z,2026-09-25-36110083579
2026-08-31,efc9898c965b3cb1d24fbf411348c7f6c355ef89d7b30d19aca43f11f3a6bce2,2026-09-25T07:55:14Z,2026-09-25-36110083579
2026-08-31,efd78004d70bd5179b9e5937ed1acb860608de07e8ee6978ce2cc8e80b2f3519,2026-09-25T07:55:14Z,2026-09-25-36110083579
2026-08-31,eff0b2994d25f557530245429829fb986fc2a158841fe2e1fdeadfcea889056d,2026-09-25T07:55:14Z,2026-09-25-36110083579
2026-08-31,f02d3ae043e79957b349e5a5d13dfeeb0d98fb93efd2bc2488324e76a079b204,2026-09-25T07:55:14Z,2026-09-25-36110083579
2026-08-31,f0c7832d6a1eba18f37458da342a5ecb951bf85cd09482960999e8e8d6289793,2026-09-25T07:55:14Z,2026-09-25-36110083579
2026-08-31,f0c9a070746c854b546752c24897e7e3d2a9e36828498e8ba5ad63b63835ec6a,2026-09-25T07:55:14Z,2026-09-25-36110083579
2026-08-31,f0e4b2b1c582ee1fd28c3a8404888281a4feb0328f47e1fc3adfb15070e82547,2026-09-25T07:55:14Z,2026-09-25-36110083579
2026-08-31,f10dc2df3ec746a63269f2d2ab58ca1a4965bdb83e639f08b253adedaf36bcb7,2026-09-25T07:55:14Z,2026-09-25-36110083579
2026-08-31,f11e01754f7b5151345326d12f8e5519e1535a270bccc8da61878b5fe9b4059a,2026-09-25T07:55:14Z,2026-09-25-36110083579
2026-08-31,f175354652010d0065fb747d4498bc5c88c57b78e5f58c197de235f8e068ef34,2026-09-25T07:55:14Z,2026-09-25-36110083579
2026-08-31,f1ec60a8f9b3b5d930b0720ab26e896f8e2172a873b466959ec0a15ddacf6e36,2026-09-25T07:55:14Z,2026-09-25-36110083579
2026-08-31,f21b00900526197b2533511986397699dfbc087483452110549f6da260804338,2026-09-25T07:55:14Z,2026-09-25-36110083579
2026-08-31,f24dff1a41f5825e99ac2fd26e3780e6bbfc8f0217039bafd8d6fbaf33a50bff,2026-09-25T07:55:14Z,2026-09-25-36110083579
2026-08-31,f25fc19ddd9996500a76d01ca3543473248f50077520fb955c9024be749bb0df,2026-09-25T07:55:14Z,2026-09-25-36110083579
2026-08-31,f26102e23cce0c4035de9587b05d871d85c13e61f18f300725fc2328adaae145,2026-09-25T07:55:14Z,2026-09-25-36110083579
2026-08-31,f29020a399cbf387a5410b9ff53ba801cb11097da9578125d5d5dbb413efaefd,2026-09-25T07:55:14Z,2026-09-25-36110083579
2026-08-31,f2a8669ec92df8846f1e5006d2ef39f55324ca5f56105c46b643eb7fab23bff5,2026-09-25T07:55:14Z,2026-09-25-36110083579
2026-08-31,f2b8552e89a28ba6ede2dac9ef6c9163da266150f16d2810b7fecad633a62437,2026-09-25T07:55:14Z,2026-09-25-36110083579
2026-08-31,f322b90207ae048e2b8c0fb9ecd3224fe545009e8ff5d300507300506a7b78c2,2026-09-25T07:55:14Z,2026-09-25-36110083579
2026-08-31,f336f0c277c6a672b9f34ef6579ed3d828580cab262331ca7009ad8c8bf3bd4b,2026-09-25T07:55:14Z,2026-09-25-36110083579
2026-08-31,f3d46b58d8c611584a533bbd525faf8004afc1a350923622d6a057a86ffb0552,2026-09-25T07:55:14Z,2026-09-25-36110083579
2026-08-31,f4218b523b8184c8c2dd1708a2e38fd3e61ce0c42e1db85540d9e6ec986d66a1,2026-09-25T07:55:14Z,2026-09-25-36110083579
2026-08-31,f44f7a219f441a4f5725fd6311d249f1a32cb9c3f95609fc6e87c155e15d8b59,2026-09-25T07:55:14Z,2026-09-25-36110083579
2026-08-31,f4a19ab18ef35e0bcc6062b777f763754e0b18fc7fc0ce83c29849a234db65eb,2026-09-25T07:55:14Z,2026-09-25-36110083579
2026-08-31,f5a3f56d5edc17acb1163dc767b8fe596402c936c3cbd0352d1338fea0648e36,2026-09-25T07:55:14Z,2026-09-25-36110083579
2026-08-31,f619a5ebe7fd34a7177ee51794c8a493e17ae6ccb5cd6bfd6fbf5cc77f2b4db4,2026-09-25T07:55:14Z,2026-09-25-36110083579
2026-08-31,f6293408f9b9f649fa75f45f6394c2c8decc946087ded82f98c15cafd86f84e8,2026-09-25T07:55:14Z,2026-09-25-36110083579
2026-08-31,f669e79c479ba561d2a6ff747b107a1b378f8589e81bfe43c8e1666112ccc4f1,2026-09-25T07:55:14Z,2026-09-25-36110083579
2026-08-31,f67945cad58ebe6b83c8a9a231e2c71b7e05fd03d3d0ff3bc501a5997ed157c5,2026-09-25T07:55:14Z,2026-09-25-36110083579
2026-08-31,f6a7cb325dc4e71de57f76a4cb19ce05ad288151da4a5f2d1ce1deca5b0c2a2b,2026-09-25T07:55:14Z,2026-09-25-36110083579
2026-08-31,f765fe8df4f70de2d2b53ce513e84b8883658e77ef1f636ca9de6a009eccebca,2026-09-25T07:55:14Z,2026-09-25-36110083579
2026-08-31,f784fc8c681f2998c4bcd2dfae033f4296f6454e536582bc861de1d627065cb6,2026-09-25T07:55:14Z,2026-09-25-36110083579
2026-08-31,f7d32b78e09a6e30336d7f49dc73eabcc060d541458aca2d92b727ad1d3b4178,2026-09-25T07:55:14Z,2026-09-25-36110083579
2026-08-31,f7f2ee9233def0b60e5dfe557f76f34cd24b5eeacdf0245e89574f97b783ca96,2026-09-25T07:55:14Z,2026-09-25-36110083579
2026-08-31,f84465f652ba3e935c91258bfe267d47d20232f49d8cce33d040e6b941acfaee,2026-09-25T07:55:14Z,2026-09-25-36110083579
2026-08-31,f8979c0b1677b99322ac3a23236911db247b095eb8ee32451342c191b79668de,2026-09-25T07:55:14Z,2026-09-25-36110083579
2026-08-31,f8cba3b6b2a98614bfcc9874eda45cc9d9ed4255b97bd5772e6befee7bf1ca98,2026-09-25T07:55:14Z,2026-09-25-36110083579
2026-08-31,f98f92b91df4d0d44066e376428903abf1f561e7cfa41cab1d5ed02918ee72d8,2026-09-25T07:55:14Z,2026-09-25-36110083579
2026-08-31,f999e82599087157ac9b7a6dc053940e433e5d6599d7399e081f58e9ff8494a2,2026-09-25T07:55:14Z,2026-09-25-36110083579
2026-08-31,f9d26036dd4c9b8ed10d4da32377a8832fbe6d3fafc9603e0dd30dff6350b33d,2026-09-25T07:55:14Z,2026-09-25-36110083579
2026-08-31,f9e9ddb35f7a6edb439bc9f29bf557e8e907bf2fec88b14aa2242eeb6f2297a8,2026-09-25T07:55:14Z,2026-09-25-36110083579
2026-08-31,fa144658211fe9c4fb348516843e82bbbd4c5ec96f201592b770d4977a41e662,2026-09-25T07:55:14Z,2026-09-25-36110083579
2026-08-31,fab06822fe032a508d464ff4b6a762066b463a28aeb5866d9d6ca37071699cc9,2026-09-25T07:55:14Z,2026-09-25-36110083579
2026-08-31,fad5da250f3e86c870f69062d3fe9d05e19072a7aa38a6bb5b67733707ec74d8,2026-09-25T07:55:14Z,2026-09-25-36110083579
2026-08-31,fc40d339d24b34bab6c8915367876b96311ea64f72d1659cc86163f6f093fe5b,2026-09-25T07:55:14Z,2026-09-25-36110083579
2026-08-31,fc82f6d7ce1a363b3541b6f2e0a37a1345486613962d1458e1f0c63c4d40a1ff,2026-09-25T07:55:14Z,2026-09-25-36110083579
2026-08-31,fc93ea88ba6aef856daf8fe3820db7a220bddcc04de46fef0c08959e26233ae3,2026-09-25T07:55:14Z,2026-09-25-36110083579
2026-08-31,fca4ea2fb17e6b7cc5adc2c529d57bf55a76f0e944aa0f624a6878720a58eb37,2026-09-25T07:55:14Z,2026-09-25-36110083579
2026-08-31,fcf47feaaa8062b14b298c1d71c07f9efbd9330b0ede7ace43c2308a61065054,2026-09-25T07:55:14Z,2026-09-25-36110083579
2026-08-31,fcf892aae8f9c9f3e39e97c9a7d6eb10717615498ad59962c77f1af6b12cc11c,2026-09-25T07:55:14Z,2026-09-25-36110083579
2026-08-31,fd1d3b7d13cfa1d7f7358a90ee70c77f6f72d5b3710455e11624fb5a394553d5,2026-09-25T07:55:14Z,2026-09-25-36110083579
2026-08-31,fdb572b9cd44c72a6a8ad5791c85521295c2ff84b0f70464d92f67ce64524f66,2026-09-25T07:55:14Z,2026-09-25-36110083579
2026-08-31,fdfa783e37728599e35befb912ca4f5dd3ca5073547cfde087584c0ca400fdf4,2026-09-25T07:55:14Z,2026-09-25-36110083579
2026-08-31,fe1f7fcd7f5dbd0f08f2efbb0a73d62b369ee95e7fe2009901674948f2212221,2026-09-25T07:55:14Z,2026-09-25-36110083579
2026-08-31,fe457a0da82d1a5bff542e89ff1e669146cb16514af1cb330edca0c8752ee376,2026-09-25T07:55:14Z,2026-09-25-36110083579
2026-08-31,fe80f2619bda5cf5eecf4753e2e96d8b0624ba4295dd5e593e25fc9224fdb8c4,2026-09-25T07:55:14Z,2026-09-25-36110083579
2026-08-31,fe94f5ae1a19503ad93d5e1b91e5b2148576d7bec3ecbc1ba47c1f924a9e06c2,2026-09-25T07:55:14Z,2026-09-25-36110083579
2026-08-31,ff17d9affed44e8d6270ad906eb0df72c7f76771e4c684caa26d15188f7008ab,2026-09-25T07:55:14Z,2026-09-25-36110083579
2026-08-31,ff462c91144c3a62c4a81e25cf1339d6d1dd9fcc51b036fb69873717d2223d9f,2026-09-25T07:55:14Z,2026-09-25-36110083579
2026-08-31,ff47b3bb7588cce917d31a1155e44cedcfbd74d42915e5c1770ace56af5d2035,2026-09-25T07:55:14Z,2026-09-25-36110083579
2026-08-31,ff578c880a0a376ab086954969bc4b3661557f97cc07d9e5d27324dc9a6b6d95,2026-09-25T07:55:14Z,2026-09-25-36110083579
2026-08-31,ff9458ffa74ae7d37afad9eba0c1bba9840e3dd187ae25ba5edc58b661b2554d,2026-09-25T07:55:14Z,2026-09-25-36110083579
2026-08-31,ff97cd144fc3537b7347f6b2678c707856ce8b8bdcaeaee9c7d88046ab633fa0,2026-09-25T07:55:14Z,2026-09-25-36110083579
2026-08-31,ff9a03f9b817abe0aa81b24f3a3f498c757ba53937759a4c68237a437f996a30,2026-09-25T07:55:14Z,2026-09-25-36110083579
2026-08-31,ffe2206a14bd055d3cb58e1d95be4ba94e4b81b88c223902e791f465455d1d51,2026-09-25T07:55:14Z,2026-09-25-36110083579
2026-08-31,fff5018ea85908dd59dc138d2e5caf667f41b523fe186215766a3bc5a05108d3,2026-09-25T07:55:14Z,2026-09-25-36110083579
2026-08-31,003a4614650c18949e830acee58ed1c05c4de890ba14f16ea6309a887451a3b8,2026-09-25T11:55:32Z,2026-09-25-36132006504
2026-08-31,007092f69931b02d1d9c9230e5900fe217fcfb52065108c892c80264b299138c,2026-09-25T11:55:32Z,2026-09-25-36132006504
2026-08-31,007c32033005c32b12772bb30f01b550d2aa1900903b29489d8b0f49c0fa40f0,2026-09-25T11:55:32Z,2026-09-25-36132006504
2026-08-31,009252e4b8fbef726a95e20befe42d951fada181eacff2b5c0c15462f4f305c4,2026-09-25T11:55:32Z,2026-09-25-36132006504
2026-08-31,009d16ed834384bb196036d1915fa0d4bc71995d2d3f3fb667550ef5071d1485,2026-09-25T11:55:32Z,2026-09-25-36132006504
2026-08-31,00ada2cc6cdacb01c68b85743c707df5faa4023d7cb6ff082a06d93a603f82a9,2026-09-25T11:55:32Z,2026-09-25-36132006504
2026-08-31,00d2ed9b494ed57fcbd9a3e8ad324036e46879bcb61c3548b3bf73e93a3434ca,2026-09-25T11:55:32Z,2026-09-25-36132006504
2026-08-31,00f453f4a9b3a658cdf4ce59935e23e6e80960a94f9c334348c5fce723ba0562,2026-09-25T11:55:32Z,2026-09-25-36132006504
2026-08-31,013bd7da34dc821dd996905ac393b8c8b3f43236a4a1a2242786468f57d42dda,2026-09-25T11:55:32Z,2026-09-25-36132006504
2026-08-31,017c40a2ff7150b93bd667de18cd5931e1f1159d0e1103f2a0aa7e7994d3bafd,2026-09-25T11:55:32Z,2026-09-25-36132006504
2026-08-31,02a5b0327a72ebc48d250941dcdccf709858a0a8f7a691b40cfbf4b3be4bec9f,2026-09-25T11:55:32Z,2026-09-25-36132006504
2026-08-31,02f4b01070dca6c70b3995b627cdf504920980fdfd2b50c2c2f788fe29b9c94d,2026-09-25T11:55:32Z,2026-09-25-36132006504
2026-08-31,036ac2c3e152ae901c69bd5d5e22a0c5818209ad7209da21711cc7987eae2870,2026-09-25T11:55:32Z,2026-09-25-36132006504
2026-08-31,037e20a8a2a321a86cd2c36c69f2c220e83782336b3d26ff24f8dc65b2558253,2026-09-25T11:55:32Z,2026-09-25-36132006504
2026-08-31,041918fd4f278a1a5c9a01c075b6d765fc4d4887bc21cd4aa64bde4c922441b5,2026-09-25T11:55:32Z,2026-09-25-36132006504
2026-08-31,0456a8ff2c78caf1ff7fea29ce5806940062fa9e8b7b037bb47b7ef2f84929ee,2026-09-25T11:55:32Z,2026-09-25-36132006504
2026-08-31,04b92294806d41138c658c851ac97c7084cf4c6618d63308aa6abff8161356c6,2026-09-25T11:55:32Z,2026-09-25-36132006504
2026-08-31,057c0a59720a270230101073e611a3006c51542b341cc7694733c1a5e1670b49,2026-09-25T11:55:32Z,2026-09-25-36132006504
2026-08-31,05db1195f27faf8a9a0037f68ec540ce14e4de48f327c13511144048ebf6244c,2026-09-25T11:55:32Z,2026-09-25-36132006504
2026-08-31,071da1bb2d8d99cf237fe6a3a9c70d7e881c2484ffa2ec0317462cf79b1251d9,2026-09-25T11:55:32Z,2026-09-25-36132006504
2026-08-31,084a139aff00ccf1091fe1d4d1bec27970060899ab6db89786c6340f5d357d67,2026-09-25T11:55:32Z,2026-09-25-36132006504
2026-08-31,0942b2f04f9babff51d55884691e17126ff05b9cdf6bf02d3bb384ff404c56e7,2026-09-25T11:55:32Z,2026-09-25-36132006504
2026-08-31,096a817c7250e3c1c2d57c5ab953a91147c047c9191039a7cb5fe23a709b2e58,2026-09-25T11:55:32Z,2026-09-25-36132006504
2026-08-31,098207403f141a5d8a6cc1a9641c55ac4d1c863227b20436ab080b3a38b9b80c,2026-09-25T11:55:32Z,2026-09-25-36132006504
2026-08-31,098a60917a568aa0523b1f7f5990cc02cba7785af8f85cd27f1eae9fbf9fbb09,2026-09-25T11:55:32Z,2026-09-25-36132006504
2026-08-31,09a7f98e0ee0620da921a506d03cbb7c551933bd418816b51efbe34b5dfdcfff,2026-09-25T11:55:32Z,2026-09-25-36132006504
2026-08-31,0a06925bb9de5c35fcbbfabf2b2dad10bf2a0d8b97be62b81ba108c40a540ccd,2026-09-25T11:55:32Z,2026-09-25-36132006504
2026-08-31,0a3b7d4d8d0c9d515a955de57e2174d061d98a625e1a0b8551e61aa5dccd13fe,2026-09-25T11:55:32Z,2026-09-25-36132006504
2026-08-31,0adc20a9c39b0d5253e40718e74be361127b00ef702f1129ac9b63ea89644fae,2026-09-25T11:55:32Z,2026-09-25-36132006504
2026-08-31,0b79724d9a35d4c6ceed744df6fa3f88c5330c3c512466dd9b2f356bdfc6208a,2026-09-25T11:55:32Z,2026-09-25-36132006504
2026-08-31,0b9b6be05ad09e33aa030f561387a1537c0f3d37aba956799d923fa4a3e154ba,2026-09-25T11:55:32Z,2026-09-25-36132006504
2026-08-31,0bcc5f0857cd740627814481611a8faa7271e89375308a442f6bc3aeeb3eff44,2026-09-25T11:55:32Z,2026-09-25-36132006504
2026-08-31,0bdeda644ad10011c5d4bac9603d1736adaa3cf92dc82be264bee312899b60f1,2026-09-25T11:55:32Z,2026-09-25-36132006504
2026-08-31,0bfec2e329aea74c1509c47c6537fe96ce833e972894636839eb84810570c5d8,2026-09-25T11:55:32Z,2026-09-25-36132006504
2026-08-31,0c8d14c311e58d4e4de97fe1c28cc8183494459efa22f1b200fa16105891b7a1,2026-09-25T11:55:32Z,2026-09-25-36132006504
2026-08-31,0ccf85e3de5154f6ea15208ceb1b67f0683ddc984ca3fca6f9025e85da51126b,2026-09-25T11:55:32Z,2026-09-25-36132006504
2026-08-31,0d21e552f3f83b0ba2ef575dedf43737554fd854f1ccc2f9c618aced9313a8a7,2026-09-25T11:55:32Z,2026-09-25-36132006504
2026-08-31,0d52285e2fbdccad6f5d3db27515200afdcaad1e5274a5a5d30fb969e30179c1,2026-09-25T11:55:32Z,2026-09-25-36132006504
2026-08-31,0e0d48914e408e6108f879f7a23c14fc47e402201227c82564bb84b48c8ad662,2026-09-25T11:55:32Z,2026-09-25-36132006504
2026-08-31,0e35adc8426103d688dd9152832ff2148e49fa1e024d41c29749a063630cf934,2026-09-25T11:55:32Z,2026-09-25-36132006504
2026-08-31,0e98214b3ad7d4c0e568e3193029043536abd299ff3c133ea343e482760f075d,2026-09-25T11:55:32Z,2026-09-25-36132006504
2026-08-31,0eabf8f8da3ace378a38f6670f25a8c9f2b58504a50b925ae6bcddfc2eaf26ea,2026-09-25T11:55:32Z,2026-09-25-36132006504
2026-08-31,0ee4afd778a7f97dc6162709215aeb3a4931629ee484ee10bce61f1917f1ae81,2026-09-25T11:55:32Z,2026-09-25-36132006504
2026-08-31,0ee6e48496949ab94f77c843683eb0039a6e522daca2213a0c3634aa2b35dc37,2026-09-25T11:55:32Z,2026-09-25-36132006504
2026-08-31,0efc25baee5fdd4d829f812ebf2fb838acf48b9a3300fd627754aef7705eb218,2026-09-25T11:55:32Z,2026-09-25-36132006504
2026-08-31,0f7aac20372e43f34f3e50e7872bc521d598b9b5d6062af613373e44b0d4a00a,2026-09-25T11:55:32Z,2026-09-25-36132006504
2026-08-31,0ff9d7ffbad36d381a102bf2d2d57b86d078ce18976a961f5b4ca1d7cc60fbc9,2026-09-25T11:55:32Z,2026-09-25-36132006504
2026-08-31,100316d4b0b7ed3b9e8a44c28ced006042669f282d77291ffc572d46d2bb447f,2026-09-25T11:55:32Z,2026-09-25-36132006504
2026-08-31,10e5b5d286dd3492be40a36462d580b23d325b32863b72a0326bf998ece26d5a,2026-09-25T11:55:32Z,2026-09-25-36132006504
2026-08-31,11296b4d2f9ec6a47cc91a474e7811b362603a194cf0bb893d10b0913c91f2c2,2026-09-25T11:55:32Z,2026-09-25-36132006504
2026-08-31,114b0d1bd24f3d63aeed5c2393f833cbd85f809be3cd0413274c2bddbf805702,2026-09-25T11:55:32Z,2026-09-25-36132006504
2026-08-31,1154be17cf3c7352de791d43da6bc24667734a3c69cbddf5f9b3aa706861f7bd,2026-09-25T11:55:32Z,2026-09-25-36132006504
2026-08-31,117114ae8dacff06afb7ae02db5ad49f7b903b48c7b91f564909db9f1df4b972,2026-09-25T11:55:32Z,2026-09-25-36132006504
2026-08-31,11c1a2a4f8f1b87d860e79b17495e85874045893ce19071095b941e3a667eed4,2026-09-25T11:55:32Z,2026-09-25-36132006504
2026-08-31,11d7531db24df49bd7bed3aff54f449fcf9f05473e8ff6af6e55074f0052b0ed,2026-09-25T11:55:32Z,2026-09-25-36132006504
2026-08-31,11f860f8a35a34161df1c7cfd80e77455233253ae85591888edf37c769d0e209,2026-09-25T11:55:32Z,2026-09-25-36132006504
2026-08-31,127db9902538e26f2060c7594e7526b6f1215a34f082e52253bdf39163800c6c,2026-09-25T11:55:32Z,2026-09-25-36132006504
2026-08-31,1282267811bd09213d62919f05a30eb80c9e91ac011b78aaa0e7d3ee287ac443,2026-09-25T11:55:32Z,2026-09-25-36132006504
2026-08-31,1348d4db9e01e63f25472e528bebabcc754ec8a564d8abda7b4121896d7cfd0d,2026-09-25T11:55:32Z,2026-09-25-36132006504
2026-08-31,1361d0bed533cc41297dfa510df8ee794266f0577ad911c29c9ebb2e4efdd177,2026-09-25T11:55:32Z,2026-09-25-36132006504
2026-08-31,13c4ad3f46d3800c91a806ca8acb4c6db5985291fedcb0ada69d7b2a097502b0,2026-09-25T11:55:32Z,2026-09-25-36132006504
2026-08-31,13cde6bede7ed4668bc72bf7469b4eeb11b56ef4024d49d5488f4d24dea96ac8,2026-09-25T11:55:32Z,2026-09-25-36132006504
2026-08-31,1429890fd30535a7477a103550d4c0df96ca782619709cff4f4e63072794b144,2026-09-25T11:55:32Z,2026-09-25-36132006504
2026-08-31,1582cb10c8f51c9b6daa8de321bcab8fd997ea8034c9b1c9cea978ddfdf99251,2026-09-25T11:55:32Z,2026-09-25-36132006504
2026-08-31,160036937461a97dac465dde16369c79b4b682f02c48f6c82fb5961dd92b91d1,2026-09-25T11:55:32Z,2026-09-25-36132006504
2026-08-31,1638eb824c04f9728cc1854e38f649920654593c52dcd503a86c1a503dd473a0,2026-09-25T11:55:32Z,2026-09-25-36132006504
2026-08-31,16539fcd33fa1240f38999e398b3139f7fb8de150ef3b3fe18c64778f4e6ec38,2026-09-25T11:55:32Z,2026-09-25-36132006504
2026-08-31,167c5b5fd858f1231e9841c7d316275f866830f5e9a6c6972625c3c832a7bb7e,2026-09-25T11:55:32Z,2026-09-25-36132006504
2026-08-31,170469e495a2a1a5e9da701033e7b37509c3b79f36f5dd7e01c7ec59c9179b05,2026-09-25T11:55:32Z,2026-09-25-36132006504
2026-08-31,1735b716a4ed55c15cb6c085d67b1a99a446356599ac8b78d68410fcf9601c2f,2026-09-25T11:55:32Z,2026-09-25-36132006504
2026-08-31,1784fe65c39efdab86ad8b38ee21e9ba50c23b87d0f1476a5508c7fdb26c5a84,2026-09-25T11:55:32Z,2026-09-25-36132006504
2026-08-31,17b0af5006534e933a150589ea3da24fa4640a357bf29f897a412830de75cb25,2026-09-25T11:55:32Z,2026-09-25-36132006504
2026-08-31,17ccb0b6d8e1055644f7df6ffbcd56599cfa3c87b6b1c25cc4dc5bad5c6728f1,2026-09-25T11:55:32Z,2026-09-25-36132006504
2026-08-31,182c873ff8f00e90c73810708f55899a1fe2981aada3f17916d10f2fb951d373,2026-09-25T11:55:32Z,2026-09-25-36132006504
2026-08-31,187c71c9244042dc212ee5f5c13aff69e56b1a48e0d06492cb4c76c9a4391608,2026-09-25T11:55:32Z,2026-09-25-36132006504
2026-08-31,1883f5c49887813bec9562f876972158d30d1bbbcc754db046a052041097b307,2026-09-25T11:55:32Z,2026-09-25-36132006504
2026-08-31,18a7a00bb01892ef634ad0d1d57e47b892eaa4b14613f81b320a10d7ff6f4ef1,2026-09-25T11:55:32Z,2026-09-25-36132006504
2026-08-31,18fca967e6d01f51da4f12af44c24a8a0f9f89e3c15d8c92d388d9a6b40c5128,2026-09-25T11:55:32Z,2026-09-25-36132006504
2026-08-31,19145181beaf0dc497a130e04d1c6d51213c408f9aff5c8added3351129175db,2026-09-25T11:55:32Z,2026-09-25-36132006504
2026-08-31,195d876b9c84138a6dc80657debdab9657922c052b5d1262aa5ee8c4bdcdbe9f,2026-09-25T11:55:32Z,2026-09-25-36132006504
2026-08-31,19864b6d95e066d2058b00d885210cbfcfdcedf218f727b21d7426e388c9f75e,2026-09-25T11:55:32Z,2026-09-25-36132006504
2026-08-31,19e5c6fee9da2a56522ae8049cb6581fd78bb40d1ce9f676b6182ece7a8a1d17,2026-09-25T11:55:32Z,2026-09-25-36132006504
2026-08-31,19eff5edd4da89e8249607562411931782c5cc724a0efd8e63085884a47a2f81,2026-09-25T11:55:32Z,2026-09-25-36132006504
2026-08-31,1a0fdfbb7fafd01b2678c6a88a5574a61b3e85ae9e243cd5dad35bb19654d5cf,2026-09-25T11:55:32Z,2026-09-25-36132006504
2026-08-31,1a5ff1cc4fb0e4c4217b892dd54af6e05587299e845e86e3020584d96dc7c1eb,2026-09-25T11:55:32Z,2026-09-25-36132006504
2026-08-31,1a872bcc8700434b0fb676aff22b0bc1cf33ffb105220cf8135bb997b0307482,2026-09-25T11:55:32Z,2026-09-25-36132006504
2026-08-31,1a8bbee1f1e52e4871bab784796d973a975b1d254f9d99b0b4e0a63ba988172a,2026-09-25T11:55:32Z,2026-09-25-36132006504
2026-08-31,1aaf2397d74f4ed80b0e6e0cc91af29258901c3d3ca0d11c5173fc166f7b174c,2026-09-25T11:55:32Z,2026-09-25-36132006504
2026-08-31,1af329888bb8db243f5cd5dbaafc7dce4d6e739999e189869e5aa0922781ad72,2026-09-25T11:55:32Z,2026-09-25-36132006504
2026-08-31,1b440f5f9414664071175acee050246b785a0d01e4600da55966d6b950cecfdf,2026-09-25T11:55:32Z,2026-09-25-36132006504
2026-08-31,1b77b2da6b2934852b159ad66d3cdcefd0793411a4321ec539a4cc2953356f24,2026-09-25T11:55:32Z,2026-09-25-36132006504
2026-08-31,1c09c4199d567583ff95a35139487fdcc5c798460cd6fdfd3938c0375cdfe933,2026-09-25T11:55:32Z,2026-09-25-36132006504
2026-08-31,1c5c2b711399dcd77e3ba5c3268ad9c7a08537ec648d7433ea1070fc79f5999b,2026-09-25T11:55:32Z,2026-09-25-36132006504
2026-08-31,1c8a52ca13ef70d2974fc68d31b7bbb62bb5540c1df7634d966db0d2faf58bdc,2026-09-25T11:55:32Z,2026-09-25-36132006504
2026-08-31,1cd3c0c67d3eecbcb70f30ed059602710e846f7469273245f02dda9718deeed4,2026-09-25T11:55:32Z,2026-09-25-36132006504
2026-08-31,1cede1842988194da58d3978a3386f6d914a8285bd154d64305feba57a0469c0,2026-09-25T11:55:32Z,2026-09-25-36132006504
2026-08-31,1cf23a2133af4d18920b2d4eb808900c7bd9eb558c5492a47fb7dc5f6a2e08d9,2026-09-25T11:55:32Z,2026-09-25-36132006504
2026-08-31,1d64525653ffff8dc714a5c91bc717358cd6f0fb5250356ee4cb6d500376f517,2026-09-25T11:55:32Z,2026-09-25-36132006504
2026-08-31,1dac7842324c3c0a22b1e6e77688fe279a9ad8049520e7978bc36e8c980056f6,2026-09-25T11:55:32Z,2026-09-25-36132006504
2026-08-31,1e1c7229a801f835af42f5f522eb2cd6a901a2e912f7adb4925f7c5f05760b7e,2026-09-25T11:55:32Z,2026-09-25-36132006504
2026-08-31,1e71acd7b42915af88a8e7ca2fdb404371e6665541720b2f2b3eb54dede542f1,2026-09-25T11:55:32Z,2026-09-25-36132006504
2026-08-31,1eb2e62347069df74c42e722f67877fb00431720f57221b1fa68178f2dcb3e47,2026-09-25T11:55:32Z,2026-09-25-36132006504
2026-08-31,1f44e36656423a6483db179178d7162ed7ab6d8c178fcce3f250b38b86afebce,2026-09-25T11:55:32Z,2026-09-25-36132006504
2026-08-31,1f48b9674ac0f68ca5016006f122349f742286893564ecfbb190b8cc6e7f6afa,2026-09-25T11:55:32Z,2026-09-25-36132006504
2026-08-31,1fc22b6930cc3fd659a5e98753e82bcb4972084d0129a52944472bddbb7a998a,2026-09-25T11:55:32Z,2026-09-25-36132006504
2026-08-31,20148e797cf9b4b0be9ffb0b90e86c007cea3b14360660fdbddf87b40319b0da,2026-09-25T11:55:32Z,2026-09-25-36132006504
2026-08-31,2046567c3a8a2aa3a892085dd90b676dafcf5139d7cf9277285bda9d4604fb71,2026-09-25T11:55:32Z,2026-09-25-36132006504
2026-08-31,21bcb4fbdbb5b06bcad2baf44fe2e834c08cbf455c752169e8b4023179ba4301,2026-09-25T11:55:32Z,2026-09-25-36132006504
2026-08-31,2264b7b014e1c3a33c61caca3e041c26191a19c97430a8dab8998dfa0cdb63c6,2026-09-25T11:55:32Z,2026-09-25-36132006504
2026-08-31,226fb93364eb2f5c13178503f8081d2410d7eb3b67550de6056ca1a416ce0a77,2026-09-25T11:55:32Z,2026-09-25-36132006504
2026-08-31,2275db8f74d627e76d85fddc1a0550790a7540ddb9170b0577053e11f9f1f4e6,2026-09-25T11:55:32Z,2026-09-25-36132006504
2026-08-31,22852c3453d8c13dc785cc5893a2406e595f35c06603c90a139a2000be9fa407,2026-09-25T11:55:32Z,2026-09-25-36132006504
2026-08-31,230693ead2d02991d79e3e7533bd6d6b7b03b5f6d8ec12f19f792bdd1b6564c9,2026-09-25T11:55:32Z,2026-09-25-36132006504
2026-08-31,23460d6a5ead1caaefd4f1db95518c2dbed930112021ea817766899aec18cb25,2026-09-25T11:55:32Z,2026-09-25-36132006504
2026-08-31,234862f92fa19cf83f77c991be4360ce9de795c9ea51308c8a6038e2e65de3b2,2026-09-25T11:55:32Z,2026-09-25-36132006504
2026-08-31,2350c84caef45fb03a85ca2563b5fc1f168e953e4ba637dbb0bf5cc9c9cf6b1a,2026-09-25T11:55:32Z,2026-09-25-36132006504
2026-08-31,23ff1f2d546e48aba0b15aac34412c6761591d74a688d206a786dc4ae533f78a,2026-09-25T11:55:32Z,2026-09-25-36132006504
2026-08-31,24047af516f3e63b4e385baa34446931fdf7096084979204436e43918be84728,2026-09-25T11:55:32Z,2026-09-25-36132006504
2026-08-31,2583d296f3f24b9b5261c9461b8542f31cbd969e4aabd0cbcaa6b62fb55cb2b4,2026-09-25T11:55:32Z,2026-09-25-36132006504
2026-08-31,25bfb8dfe59521816c849d2a543c7f864b55bc6744153cc1085db4eaa304dead,2026-09-25T11:55:32Z,2026-09-25-36132006504
2026-08-31,2612698621d9117ec03758d68e30bb594f6bac6794995e8b2f1d693bf324a4ce,2026-09-25T11:55:32Z,2026-09-25-36132006504
2026-08-31,262987c42809f78bbc0d576247b21cd1280572e8f8e7f0d5ed89a983d5c1bb7e,2026-09-25T11:55:32Z,2026-09-25-36132006504
2026-08-31,263e0bc9fbd1cc6fae821ef5e1f74bdf81246b85262843517681a9150cfd096b,2026-09-25T11:55:32Z,2026-09-25-36132006504
2026-08-31,2651e848655f5a8a01fbb728a0efb8b1142af842c1a6816dcf1fda5f1f779233,2026-09-25T11:55:32Z,2026-09-25-36132006504
2026-08-31,270d3afb770f70e67e47cd6795a676908bbcb3e978f426e42098a0cd0a120776,2026-09-25T11:55:32Z,2026-09-25-36132006504
2026-08-31,273a360408a583e70c6cb7febf5ff7181342ecd4f66cc4ea8aba26a9b5a1c744,2026-09-25T11:55:32Z,2026-09-25-36132006504
2026-08-31,27fd8b091eeb92f06359b07977dba5336fb785c5abd9c2f40d8598ed28b36ed6,2026-09-25T11:55:32Z,2026-09-25-36132006504
2026-08-31,2821b8f885dbd6422973b872906ae6fff09686e3af0d89059c9529ed60e60db2,2026-09-25T11:55:32Z,2026-09-25-36132006504
2026-08-31,289d62646b24bffff03faf02a10dd04cf24041fbd4f0a10b8ffc5ed85bd5bce4,2026-09-25T11:55:32Z,2026-09-25-36132006504
2026-08-31,291d822a727f404b3954849e40e651af605c0ea908ccb0a3134004769909c3f4,2026-09-25T11:55:32Z,2026-09-25-36132006504
2026-08-31,29285c68043f4bf13f96d42facd69af123b977152c0464032fcfe2e52dbcd8ca,2026-09-25T11:55:32Z,2026-09-25-36132006504
2026-08-31,29ef5f528380c8ac4356dee95c7c6699ba60cc53942f55f5b29bd3ec5da42217,2026-09-25T11:55:32Z,2026-09-25-36132006504
2026-08-31,2a0f5e509a71b0f952e4a8d491f59eb097d0cf007fac0f74b352aa1a35c2f041,2026-09-25T11:55:32Z,2026-09-25-36132006504
2026-08-31,2b9ad0b3fdba4d34b3df797f9d6fefa3a0ece8699fd541570ed2c47dd0eab4e7,2026-09-25T11:55:32Z,2026-09-25-36132006504
2026-08-31,2be2bfd2d6bd25979078bf386798700f1eded4dcef2ffafe2f2b5ade1ce022df,2026-09-25T11:55:32Z,2026-09-25-36132006504
2026-08-31,2c1290e04855265e1ba6495750912058c9fd95ed3661a380a083e0555abed20f,2026-09-25T11:55:32Z,2026-09-25-36132006504
2026-08-31,2c9cf69a9329fd4a4791b655f0b65b82a4f7c43a4c977c7b6bc4a8748f293ad8,2026-09-25T11:55:32Z,2026-09-25-36132006504
2026-08-31,2ce60cbd137b2afc76b991f0d96a7c0c360e779d4d127b57ab476631fc6c61fc,2026-09-25T11:55:32Z,2026-09-25-36132006504
2026-08-31,2cec623f158728a4a4a0b9ae2edff73050d49dd638c475e083fb174c03fee51e,2026-09-25T11:55:32Z,2026-09-25-36132006504
2026-08-31,2d0d02f023c6fad87deea12e4dc19b5d0df7a3435ee384ae004966f19df7bd21,2026-09-25T11:55:32Z,2026-09-25-36132006504
2026-08-31,2e09b8b4d1e2ee07b6616d267926a7112fcdd166100da8e3be12c7f88b912b2b,2026-09-25T11:55:32Z,2026-09-25-36132006504
2026-08-31,2e29f05c84e88cd6949ac130437542788ab5daea9610882d90178e11909b474f,2026-09-25T11:55:32Z,2026-09-25-36132006504
2026-08-31,2e55fbc0086f7e3fc76e139b1219f5cd0d629af73a197a67c33caeed17c04546,2026-09-25T11:55:32Z,2026-09-25-36132006504
2026-08-31,2eb043eb4ea40f4ea9849b7922d806a980751a2ec8927987088aafd9e212af0e,2026-09-25T11:55:32Z,2026-09-25-36132006504
2026-08-31,2eb7aa79fdf38ebb207c7260c1c7890d58595dc01d27774a19b5e64cce65dbbb,2026-09-25T11:55:32Z,2026-09-25-36132006504
2026-08-31,2ec473b9dc00843440e28b61158d92cd05066fe684a5cb5dd00df4d711d4c716,2026-09-25T11:55:32Z,2026-09-25-36132006504
2026-08-31,2ef53243b623e2d7d736e9954e7708f79c0d3ccfc963abbc25b3561c7c68a3b3,2026-09-25T11:55:32Z,2026-09-25-36132006504
2026-08-31,2f69debf6e69356938462a19c7f550514027def7864580ffeda251681144bf91,2026-09-25T11:55:32Z,2026-09-25-36132006504
2026-08-31,2f9f156bb734bbc2020a32a755f0c85f0af10a4cc55e1592217915ebed08dc34,2026-09-25T11:55:32Z,2026-09-25-36132006504
2026-08-31,2fb953f33ff0cde14274fd77a186600fb93e8aa7406fa0a45bb54dde39a52048,2026-09-25T11:55:32Z,2026-09-25-36132006504
2026-08-31,2fdb6c8e44aa54247f8414e11ea333fa7806fa86974441f74ffc62d05e2f1a5c,2026-09-25T11:55:32Z,2026-09-25-36132006504
2026-08-31,305b29da9cdd541784b2486430357968c0d573567b98671a858aee15ae0cef23,2026-09-25T11:55:32Z,2026-09-25-36132006504
2026-08-31,307798434485dbf2d35b853e08f447eeb0eec39538075d2a6e9a1dd60dcc9701,2026-09-25T11:55:32Z,2026-09-25-36132006504
2026-08-31,308031d0add2986acc7784a5d9ad3a89a677398e72a3d4a0458faf573c8f17b0,2026-09-25T11:55:32Z,2026-09-25-36132006504
2026-08-31,30a7c45064898f234fe839cf2a69f28818b6b6e4a35d60624bcb2927fb4be4dd,2026-09-25T11:55:32Z,2026-09-25-36132006504
2026-08-31,30e3e538e26c8ae2a093f39abfe516f01f6d44088a5202cb28ea0cc34bc9b789,2026-09-25T11:55:32Z,2026-09-25-36132006504
2026-08-31,30f07cb9a75f33e99ca02ef43efe3518273a9024c3f50ecbaa56fc5fcea6cdeb,2026-09-25T11:55:32Z,2026-09-25-36132006504
2026-08-31,310e61c28f74c9b0b44ef9cced4ba5f845bc749b48f1081d15f7b23ba6114316,2026-09-25T11:55:32Z,2026-09-25-36132006504
2026-08-31,31c8a72ec4ce8915b4bfa10088650e5f0e8627ecbd53aef6ea57ffa83c5363d6,2026-09-25T11:55:32Z,2026-09-25-36132006504
2026-08-31,320524d557a262fa41b8bf48cec314983dfef89882127de92cb957dbe9d9f46b,2026-09-25T11:55:32Z,2026-09-25-36132006504
2026-08-31,3277cbb7ca437e30323c00215e3853fcdce5811cbe3b84e3ab8ef45f6fef66ba,2026-09-25T11:55:32Z,2026-09-25-36132006504
2026-08-31,32a28df1c804eff1be65e3e2b9aae7ffc2b87f1522056f3a68daf362dd157bb0,2026-09-25T11:55:32Z,2026-09-25-36132006504
2026-08-31,33df2ff29353240a9a22abff0cba441c0d4cb42fc59ce507b32507250a988dec,2026-09-25T11:55:32Z,2026-09-25-36132006504
2026-08-31,348be13f2cdc6fcc684e8c45237af5d5cbd837b2433598fad396c5e6077ebbfe,2026-09-25T11:55:32Z,2026-09-25-36132006504
2026-08-31,34ac543603522ac6403a04fb9b0168f93d150d2294865a85f2e9d779932f20d0,2026-09-25T11:55:32Z,2026-09-25-36132006504
2026-08-31,35c7964b5c2cc4e69c1043880315349210837f8b7dc1423f9367b133e8ae8340,2026-09-25T11:55:32Z,2026-09-25-36132006504
2026-08-31,36033cf5903ddd3a47822fc1eed9f21cbd8bee7f306beef46ac3cd7246a2569f,2026-09-25T11:55:32Z,2026-09-25-36132006504
2026-08-31,3652097d0f87fdad3d3457857a8f269f183ecfbebe3256e840b4f839d5881108,2026-09-25T11:55:32Z,2026-09-25-36132006504
2026-08-31,369b74a3e41302c72ed891eacf3a4b0f3ed8489d9d8a46833c351e1091ae902f,2026-09-25T11:55:32Z,2026-09-25-36132006504
2026-08-31,369d690fd8247068fca7e1a46142ddf65e4f8ba485e9a170df44908f36abbfce,2026-09-25T11:55:32Z,2026-09-25-36132006504
2026-08-31,3959b329f340274fd5f5f370925cdc7b3148347ecb309de3ec95a4dd2d853994,2026-09-25T11:55:32Z,2026-09-25-36132006504
2026-08-31,3968a8fbbb46d49ffa44ff88b07a8a18917da9fc3a722a0f9b40d384c279db96,2026-09-25T11:55:32Z,2026-09-25-36132006504
2026-08-31,397b198a4f1b68e4d9bc0f170d99d4442a69a00ca511c407203781b3eef17616,2026-09-25T11:55:32Z,2026-09-25-36132006504
2026-08-31,3a509d7f6955a148a60cd7db3c2a485ec693bc7247ce3ea2c0d8b4fc15a9dbc3,2026-09-25T11:55:32Z,2026-09-25-36132006504
2026-08-31,3a7a826a9b9846c8f09a7c5ef1ccd7d6f0461a5ef8cc60fe1f98dfc053e7fbb0,2026-09-25T11:55:32Z,2026-09-25-36132006504
2026-08-31,3aa664258f6cdf1ebc3d4c23bd75475c84c04d8de602b9204fd4bed5101d159c,2026-09-25T11:55:32Z,2026-09-25-36132006504
2026-08-31,3aac56b6816e24e0dd3eb8d5996009b39009648e1c8791eb47a04de7a330a28b,2026-09-25T11:55:32Z,2026-09-25-36132006504
2026-08-31,3ad4dbc52807c89212f1baed3bf03c0051f6cd626f756e2244a627c80ba4a3d2,2026-09-25T11:55:32Z,2026-09-25-36132006504
2026-08-31,3ad7e83e2b48501bb0cc970be580894ebb1c62b86ddc676ee1290cbfc2137206,2026-09-25T11:55:32Z,2026-09-25-36132006504
2026-08-31,3b12defaba358624cc85eeccd94292d370256361fb6abff91870fc755bdae010,2026-09-25T11:55:32Z,2026-09-25-36132006504
2026-08-31,3b24197c863cf8ff4c685faad78cc02baff4a05d99dfb131df9d9164d4d41954,2026-09-25T11:55:32Z,2026-09-25-36132006504
2026-08-31,3b81ae722273f2995fd6adc58be967c84f7212675850b52d3d99690a97a2e558,2026-09-25T11:55:32Z,2026-09-25-36132006504
2026-08-31,3ba711559896e65b5f2b9d59bee0923012b224a799641f5a631e3c58fe2c278c,2026-09-25T11:55:32Z,2026-09-25-36132006504
2026-08-31,3c1b827682538ea0a134f25125e64746e8fa3f4cbffd0ce72352383260341390,2026-09-25T11:55:32Z,2026-09-25-36132006504
2026-08-31,3c596bed2d201ae9e915858d560d892f08f8bb76cd1e68322d22a2f4f944283e,2026-09-25T11:55:32Z,2026-09-25-36132006504
2026-08-31,3c76d004470f709db0cd7e9f6df1726b7e9b70cc18204584cfd22333a8a9b5a0,2026-09-25T11:55:32Z,2026-09-25-36132006504
2026-08-31,3c7e89d5393362528eb1f93a1c67a85fd895c04ab13fc3c6cc7095a7cf422d96,2026-09-25T11:55:32Z,2026-09-25-36132006504
2026-08-31,3cdbb0f9a9f341470538d9fe1334fb48482eeb966a49d002ff7069c4a9651d64,2026-09-25T11:55:32Z,2026-09-25-36132006504
2026-08-31,3d96424ee2fd75353307c464a7ca76d10a57b2ff4ed4096af25ce3bf06c9e960,2026-09-25T11:55:32Z,2026-09-25-36132006504
2026-08-31,3f0148845242ca1a7c1559246b27794aa630ba6f60d4bf815bc878769669b9ef,2026-09-25T11:55:32Z,2026-09-25-36132006504
2026-08-31,3f203ee880f0977d2b6d838add970394aee2504ce0bc0859698d8d8c98a0b597,2026-09-25T11:55:32Z,2026-09-25-36132006504
2026-08-31,3f6a413dcc76185e784fa529cf4cae8860f384780aea0989adaf71ce07e86b3d,2026-09-25T11:55:32Z,2026-09-25-36132006504
2026-08-31,3fb6820c03773447a2842bb0f64b24cc82f3957bce71c3e349406a644b468e00,2026-09-25T11:55:32Z,2026-09-25-36132006504
2026-08-31,4028d880dca02b595cd49a31d31472f9ea4d10f33cf7284858e9d7980d74e43b,2026-09-25T11:55:32Z,2026-09-25-36132006504
2026-08-31,406bbe55bde08d9061b2d64ece27e194c58422008b66a14b98ad5d5d02a0399d,2026-09-25T11:55:32Z,2026-09-25-36132006504
2026-08-31,40dc396d62a2b91c569201a9cab5843d27588e8a743e77c1d00abba0de3afa1b,2026-09-25T11:55:32Z,2026-09-25-36132006504
2026-08-31,411ff4c2d416b555ae59e8b1d974d64b91c919b33d3f6b3f4e85406633be2c74,2026-09-25T11:55:32Z,2026-09-25-36132006504
2026-08-31,412bb4ed15255cbf4bea3c614fc37681a6f46bdd246ad6c20499fa7286a0a215,2026-09-25T11:55:32Z,2026-09-25-36132006504
2026-08-31,415524927b8e3ee969e60693ff9bfaa1e50f63b27ac0d3faf67e119e8d7deab9,2026-09-25T11:55:32Z,2026-09-25-36132006504
2026-08-31,418bc5c26b492bbd5674b706710f2114473fd84091f2861fe2c8c1123d04dc1e,2026-09-25T11:55:32Z,2026-09-25-36132006504
2026-08-31,4252e59f4915ce30e7d915acf6cb813adacee00b208acc565b9c0b66d3b6aaa4,2026-09-25T11:55:32Z,2026-09-25-36132006504
2026-08-31,4262265ccac8ab4cc2e84b5f4f8d45c195a35c24f2848cd6e87acc02779a4e20,2026-09-25T11:55:32Z,2026-09-25-36132006504
2026-08-31,446c5bce8dc551e8b04c13d4b8b00c60faa9ebd328e052f34ac0c24469660a5b,2026-09-25T11:55:32Z,2026-09-25-36132006504
2026-08-31,44f21c5db63517fa55276f16705ba164cbe431dd63fa97603bf85f9ef305f022,2026-09-25T11:55:32Z,2026-09-25-36132006504
2026-08-31,455b929f6d425d0fb63821b18fce2d2d6a5030e1bba1343f004193b579501034,2026-09-25T11:55:32Z,2026-09-25-36132006504
2026-08-31,45b5b329b812533da96195169ebe0343d6e66edc113d45e6f6d0c1c138206932,2026-09-25T11:55:32Z,2026-09-25-36132006504
2026-08-31,45e4833f908e55c148e0ac76ec1dbb9b5753de73bdbb4306b5cfed6929caa9ce,2026-09-25T11:55:32Z,2026-09-25-36132006504
2026-08-31,462c02e6d7e0aa85556f28921adda182cb47f1d8cc8dc38bf173f179b2f98f05,2026-09-25T11:55:32Z,2026-09-25-36132006504
2026-08-31,46a2785a0d6f05b65264f80ee0179114dd322c72f7e1bde3ab993775b2c72b69,2026-09-25T11:55:32Z,2026-09-25-36132006504
2026-08-31,4780bbd53f57ef02dc0c0c5a4ae05c5b9989f67c1bbab64dab8f01976b6088da,2026-09-25T11:55:32Z,2026-09-25-36132006504
2026-08-31,4844f9139755bde614a60ef435d25d766a23e7c42bb4751f5fd610b4aa246abe,2026-09-25T11:55:32Z,2026-09-25-36132006504
2026-08-31,485ae202d81be904ffabfbbd70c46b43eb394be567596a57861c39c6a3ad02a1,2026-09-25T11:55:32Z,2026-09-25-36132006504
2026-08-31,48b25f794adb5c2ca2168e3e9db116ab24b5d2986e9033cab3ff9256863b3e00,2026-09-25T11:55:32Z,2026-09-25-36132006504
2026-08-31,4994bd374751c44c5560860363fcb830d0725069ad8765528456ce78ea87295f,2026-09-25T11:55:32Z,2026-09-25-36132006504
2026-08-31,49eeb8812b90a0abf28b5a18dd369d164d2b2cd8c0c904d4f6272d99e6c675df,2026-09-25T11:55:32Z,2026-09-25-36132006504
2026-08-31,49f3efc2f925904bf0f258802a016c49db51c64624c9c53fff0b3c20fc6802e6,2026-09-25T11:55:32Z,2026-09-25-36132006504
2026-08-31,4a280f586cf15cfa38e737717bcafa6bb276575f6946610ead40b020cda6b8bf,2026-09-25T11:55:32Z,2026-09-25-36132006504
2026-08-31,4a95b95f55d8ef4150920e8492c4b623e950397c65f73389cc212cb20a558e5a,2026-09-25T11:55:32Z,2026-09-25-36132006504
2026-08-31,4ad059ee470e9537d013eaaa6e71afb4471b6c79e24655d15eb5a1736944de94,2026-09-25T11:55:32Z,2026-09-25-36132006504
2026-08-31,4b3cfeac45292629d8711b0eb1eeea66292ebdb3ea5c07bf8ecef7cf3e75fd44,2026-09-25T11:55:32Z,2026-09-25-36132006504
2026-08-31,4b79c1c6cfb21a35cf2ce04bbf04445ae7155f3c8f6a877bd4e5a6e831e47286,2026-09-25T11:55:32Z,2026-09-25-36132006504
2026-08-31,4b8092a5bcbde9e47df604faa0280dc74ae54d3075828c75fd930fd27fed7917,2026-09-25T11:55:32Z,2026-09-25-36132006504
2026-08-31,4babaa0677d1478e5e6c199b3679137f3967dc99302b3c7d76f41c61cee76b87,2026-09-25T11:55:32Z,2026-09-25-36132006504
2026-08-31,4ce458fd880a7faf1767cd7bcdb5f0c833369cf51cb68733085805a2eee0f7b2,2026-09-25T11:55:32Z,2026-09-25-36132006504
2026-08-31,4d7ba07e4934a8c1ae54bd354c52fc63e60872f02c45befe0dcc7aa3e8618795,2026-09-25T11:55:32Z,2026-09-25-36132006504
2026-08-31,4d7c06748ab93dbe3f69f7db0be543792023fdf029194de6c2f5f3c88d6a8f1c,2026-09-25T11:55:32Z,2026-09-25-36132006504
2026-08-31,4d87d142fd94fffbcb219e91d4241ad388506cd6333d54a64ecc0f850ce66730,2026-09-25T11:55:32Z,2026-09-25-36132006504
2026-08-31,4dd7c84dbc788dbf04f760f7e8151976dd75a47637ef1592422d08ecc060a421,2026-09-25T11:55:32Z,2026-09-25-36132006504
2026-08-31,4e61f8baad197bc0141b2d87e5eeb7b052a51d80e2114ff368afc1a2f3260cb7,2026-09-25T11:55:32Z,2026-09-25-36132006504
2026-08-31,4e7fc3902c8e3158970d1ae5bc0187203daea855638d4904276bee5ad90f45ed,2026-09-25T11:55:32Z,2026-09-25-36132006504
2026-08-31,4f15d5ae344ac15a96a3fd59987be01d10bc8734b9e48f16ba98ff55ad5a2a77,2026-09-25T11:55:32Z,2026-09-25-36132006504
2026-08-31,4f276d910b16dea09796ad591ab9bcd9ccc006759f74300443ecfb8b0a89cb94,2026-09-25T11:55:32Z,2026-09-25-36132006504
2026-08-31,4f4ad3b7272cedae3f795641ed2359d3fcdec6b8ff4a4af83bcbbbaa8c7dab9e,2026-09-25T11:55:32Z,2026-09-25-36132006504
2026-08-31,4f51e737df14592b07d266682c3ade3a846c52fe1675c2a8ad5d737399007529,2026-09-25T11:55:32Z,2026-09-25-36132006504
2026-08-31,4ff7717aa24e6f093a7e8c988b2855521a837e2c332165468f9cdaaf995c5d1d,2026-09-25T11:55:32Z,2026-09-25-36132006504
2026-08-31,5011a7f28964013d857281004f51adab4b0f73109fe732408f0de2f52036b1ce,2026-09-25T11:55:32Z,2026-09-25-36132006504
2026-08-31,504b0f9c65582c48bdd5c8a8ee098ef3958204926cf0d61122697acfaffd552e,2026-09-25T11:55:32Z,2026-09-25-36132006504
2026-08-31,50ee161b8923859a6fe7054d8e074809027384de7a3a76d59d9e22db92f0a11d,2026-09-25T11:55:32Z,2026-09-25-36132006504
2026-08-31,51005b6ead15bec5c8a64a398a4d85ce6cc86c81a1bdb359e4f89708e0d25ef7,2026-09-25T11:55:32Z,2026-09-25-36132006504
2026-08-31,5102a66c46a1b994033514bc79f9121cec5cb121e267ebd800b9f89dd2cc3d21,2026-09-25T11:55:32Z,2026-09-25-36132006504
2026-08-31,518a22e7ed8ec8790ee82ec17f17562f3ff1cbe7a2c2595e75abca80e59bd088,2026-09-25T11:55:32Z,2026-09-25-36132006504
2026-08-31,51d56cd0663367e606aaba3c35b3b31c6b0243456625e4d83141024e239d3790,2026-09-25T11:55:32Z,2026-09-25-36132006504
2026-08-31,522eaa165aa020b63ff09c73379e660a3430eeb169ab87aa14258faccefaedb8,2026-09-25T11:55:32Z,2026-09-25-36132006504
2026-08-31,52dcc57430a894d8be3b62b2aabf546ddbb560d89a8aec28082cb60201d913ba,2026-09-25T11:55:32Z,2026-09-25-36132006504
2026-08-31,5338eb55ef92fd3d2ee250ae24678c06084fdc8756ee3b9158fde2144c33e884,2026-09-25T11:55:32Z,2026-09-25-36132006504
2026-08-31,5358677c3ca590eddf9d4599841be904f14a6e042537df0539f3c998033019fe,2026-09-25T11:55:32Z,2026-09-25-36132006504
2026-08-31,536c44c4e6891766de85472a807b40eecfe0718cffe9c728aa3a47bd8f55c401,2026-09-25T11:55:32Z,2026-09-25-36132006504
2026-08-31,5372fd81e44d0215ecab6e5fa9128179bb20a4c317448778a91d8500ba5d0f13,2026-09-25T11:55:32Z,2026-09-25-36132006504
2026-08-31,5375e714c80dabcf456ceb9d5e92e039ac19f9a39bfca6beea9b5fce4709b7be,2026-09-25T11:55:32Z,2026-09-25-36132006504
2026-08-31,53ad606bb7e7be32db990de3ec6624f69a81dd43ed7d3fe45138f0fe9d4b20b6,2026-09-25T11:55:32Z,2026-09-25-36132006504
2026-08-31,53d07d0d7a741262f8831d36e293c6d0fa8f881599459934b598271a3a45d50e,2026-09-25T11:55:32Z,2026-09-25-36132006504
2026-08-31,53e509775314ce80e493fe5783fa16cde1b51a2e28d9bff0531db547ead6da17,2026-09-25T11:55:32Z,2026-09-25-36132006504
2026-08-31,53f5c6e1bde01be070687933affb8aa33cf382f3bbbe2040ff57899ab7acb5af,2026-09-25T11:55:32Z,2026-09-25-36132006504
2026-08-31,5440678a4c0c947c40bdc6c70451cb846add526ef8d3dcdcc33c7e9c0d7805e8,2026-09-25T11:55:32Z,2026-09-25-36132006504
2026-08-31,544125cb09248b5f005fe178d5db88f86eb52306fcde836a0b3bb3fc5b12e94f,2026-09-25T11:55:32Z,2026-09-25-36132006504
2026-08-31,54bf232861f8663550f0408ce6a071bc567a1adbc86c80147f9b0c7e75f68c8c,2026-09-25T11:55:32Z,2026-09-25-36132006504
2026-08-31,54c6e56e9afeb37fd9f0020da128bd4c514b7d33e640ece23429aa7c770bcbe9,2026-09-25T11:55:32Z,2026-09-25-36132006504
2026-08-31,54d2212aa608ad031003702a5b0ea4a2016178ee6fcab4569e2e8830b186d8b1,2026-09-25T11:55:32Z,2026-09-25-36132006504
2026-08-31,552960cc8d7c6c4a0d7d35325f5afc352a073f3dea2da89b2c642fe595534e8c,2026-09-25T11:55:32Z,2026-09-25-36132006504
2026-08-31,55c2920b0dcc87ba6f2f5335e1041242e7fee540915efc561b321af85b3823d0,2026-09-25T11:55:32Z,2026-09-25-36132006504
2026-08-31,56e34551e337d6c3472fdaac315b811bf8b04cb8f0305c193a7af885b893df4f,2026-09-25T11:55:32Z,2026-09-25-36132006504
2026-08-31,582cc043268ddb965558d16d677dbb8fd33799d87c1b16d95e0746aaa3c45081,2026-09-25T11:55:32Z,2026-09-25-36132006504
2026-08-31,5847eb2103ac8d39a318fb53e8b7adf284d39aade9635e43d151934614ad0824,2026-09-25T11:55:32Z,2026-09-25-36132006504
2026-08-31,58ac075a414d7cf68c047649b86a967de047036b2c2040879a1d646e8b67dd8a,2026-09-25T11:55:32Z,2026-09-25-36132006504
2026-08-31,59420e4e412e8d8090c999c3ea98abde5ec366d5a74d2ef0dcd4c8ef014f6cc5,2026-09-25T11:55:32Z,2026-09-25-36132006504
2026-08-31,59e434688e5ee03ddd02161c901be4dc8558516be83a0f2f2c7a92a7b234bb1b,2026-09-25T11:55:32Z,2026-09-25-36132006504
2026-08-31,5aa185097da8e23d909e7c2a5761023bd8c6ded6484458bc9400135453c8adab,2026-09-25T11:55:32Z,2026-09-25-36132006504
2026-08-31,5b0d328c74407bc7c935907dc02de32052ee88d77630b07db9a1ae5e711193d3,2026-09-25T11:55:32Z,2026-09-25-36132006504
2026-08-31,5b4cee2848e406cf6df28d8322ed4d8e04ee7482d79e5cee4d480a77c897717b,2026-09-25T11:55:32Z,2026-09-25-36132006504
2026-08-31,5b70cc1600931fd411a6b29754d24f7746d0142e0a88cdf7480e8a9d63bda8de,2026-09-25T11:55:32Z,2026-09-25-36132006504
2026-08-31,5b759b27f9d210e128f9fa50011ea7a6265b83769620e4b78cc68d834ca0056d,2026-09-25T11:55:32Z,2026-09-25-36132006504
2026-08-31,5b8c8825ad7ec9acdd8675dd071b1229e606ac66f05e33b8243d85587b96fe5f,2026-09-25T11:55:32Z,2026-09-25-36132006504
2026-08-31,5c5a911cf1e569733736dc05de1844515a48ec019df5acb60e51cd5085b78185,2026-09-25T11:55:32Z,2026-09-25-36132006504
2026-08-31,5c663458fb6daedb5862848dffc37ce27377e23d77943af3dde0120985194d25,2026-09-25T11:55:32Z,2026-09-25-36132006504
2026-08-31,5cc6d668a7c5586a63f5b67869a11580eee285fb65f5f10b7c7fc39dce7dcfe1,2026-09-25T11:55:32Z,2026-09-25-36132006504
2026-08-31,5ddf7e56d1f198102b9e163726dd15cd6b93aeb88439e6e91041a692fe819ce5,2026-09-25T11:55:32Z,2026-09-25-36132006504
2026-08-31,5e5417dc0737f2a059c8b486a16b0064aedca2fc142da00e6ffff5f101859656,2026-09-25T11:55:32Z,2026-09-25-36132006504
2026-08-31,5f09171064fb2af35425026fb7f0c62081768ea2e3ed7051f5e7bba9003fe01b,2026-09-25T11:55:32Z,2026-09-25-36132006504
2026-08-31,5f91755b7f922868af1a290a7ca2d6078970782651e4876e456b29f9e0a695dc,2026-09-25T11:55:32Z,2026-09-25-36132006504
2026-08-31,5f944de981a02290e8064658035061cadb5f0a92b3f13217d3703a34bccb5897,2026-09-25T11:55:32Z,2026-09-25-36132006504
2026-08-31,6048babac8e93e77298543c4027355fa8556a9c621d88eb7bf9a9b5e7afeb022,2026-09-25T11:55:32Z,2026-09-25-36132006504
2026-08-31,60d792ee99ae0b186961934239e0e2b4c0b908eab9c65acb57fb241c5c8751db,2026-09-25T11:55:32Z,2026-09-25-36132006504
2026-08-31,616c3602f8003f1549b4e9fa3852cfa83cac0ce922b225b1a8279bfe3e44f5dd,2026-09-25T11:55:32Z,2026-09-25-36132006504
2026-08-31,616da8feab854aca8d95b09adb14fb656272ba990b7a3a34f75a73098f00a746,2026-09-25T11:55:32Z,2026-09-25-36132006504
2026-08-31,6196264979a5a6f90de87d631b9f227d1a2dc285b95bd74a8958b6fa4310bb8f,2026-09-25T11:55:32Z,2026-09-25-36132006504
2026-08-31,619c4f4608908ca7c5cc0663ed4e599d5fbb17452c930091d0aea81a006cec44,2026-09-25T11:55:32Z,2026-09-25-36132006504
2026-08-31,61bf5d4c65a32881e3c12785da75e71c7f97adf1e80aa57a954c9347e4ba1fec,2026-09-25T11:55:32Z,2026-09-25-36132006504
2026-08-31,62719b1737c2cfffc4d411e3ca08cd5e6028d9e7dfe4b9b1e07a18e5ca7e03af,2026-09-25T11:55:32Z,2026-09-25-36132006504
2026-08-31,627e17b37e23142dbd7a75b6dd91fc6b8f7df8a4c52aa61661b2ea044a749e94,2026-09-25T11:55:32Z,2026-09-25-36132006504
2026-08-31,6330a3e3f2357fedf2cce9945dd0f5cbce0b8329d4c2b9fb9e5d7d6b0705da0a,2026-09-25T11:55:32Z,2026-09-25-36132006504
2026-08-31,6334849ba76facffbb14b5cbf97b79dba494f7eba815efa55e0454dcbf1b5ec6,2026-09-25T11:55:32Z,2026-09-25-36132006504
2026-08-31,63ff9eb918241c48c3b94a319c7b457c5f7b241eb87cf688c1fe9d0408c335af,2026-09-25T11:55:32Z,2026-09-25-36132006504
2026-08-31,640fa30fef1173f8bdd24944682662a0a4452f3f50d001b3d46d731c2746e401,2026-09-25T11:55:32Z,2026-09-25-36132006504
2026-08-31,645687c6ca5aacadf36417a0f57ec64fa4530c4d76827e9b98d7de09f8d97687,2026-09-25T11:55:32Z,2026-09-25-36132006504
2026-08-31,646d678ab6dfabd453156d73a6e588e060b45461141de61b10ce0a62f6ec7251,2026-09-25T11:55:32Z,2026-09-25-36132006504
2026-08-31,64c2aa979d57e54e141bb95eab9603a3251d3fea791d5c16f3738b6265bc01d7,2026-09-25T11:55:32Z,2026-09-25-36132006504
2026-08-31,651d350ce01ce9940233a45f2303abb2e1e35c80686b96d99c1c932d795d92ae,2026-09-25T11:55:32Z,2026-09-25-36132006504
2026-08-31,65df933c467a1a01c7a2b38a58821832cd0fbf176736e5ae64efecbfb5484bb3,2026-09-25T11:55:32Z,2026-09-25-36132006504
2026-08-31,65f50881e7ca9df5f9b912a3f74988ff5f11a1dd838ade375ae068ee65fd41e7,2026-09-25T11:55:32Z,2026-09-25-36132006504
2026-08-31,66f826b9b5d1e0f67260cbd061167915ddfa72f1ac460f2ad7667e345df56f45,2026-09-25T11:55:32Z,2026-09-25-36132006504
2026-08-31,6701cbaf971faf40f6f504c246391aa8f94913ff9a18e842ebbcf8ca59d4a78a,2026-09-25T11:55:32Z,2026-09-25-36132006504
2026-08-31,6766243b5fb2111c0fb8f9cad4f235783fc020f9a8dbef4e228df8c7e461eab3,2026-09-25T11:55:32Z,2026-09-25-36132006504
2026-08-31,67c6f39b536e3acb1b76018fe559f7af33dd6c2cc02477f7458e3956239fe7b9,2026-09-25T11:55:32Z,2026-09-25-36132006504
2026-08-31,67e615d514b807953472d6c8a8cb038fca2e88dbcd52398ebbd67a21c94b5429,2026-09-25T11:55:32Z,2026-09-25-36132006504
2026-08-31,67e61621dd9f551dfe728b6a6f6adaea0b4f7de3108943593f33824c3f821b20,2026-09-25T11:55:32Z,2026-09-25-36132006504
2026-08-31,68069bf451956c3cea62d4e3529e11344b4b01fd7c24dc87bb7c08f8a88e16b4,2026-09-25T11:55:32Z,2026-09-25-36132006504
2026-08-31,684c0f39c8093c089f33d34399beed5ad3f714f73581a2a7e64583cd5b5c536e,2026-09-25T11:55:32Z,2026-09-25-36132006504
2026-08-31,6863a3ebe3c31ae20fb862f8d1add40e6aaeb0d6fad3cf7504b53d79112d5dba,2026-09-25T11:55:32Z,2026-09-25-36132006504
2026-08-31,68773828b90b017247d131334e7e6c126c0b7b8ff63918eda263b9baf8c3060e,2026-09-25T11:55:32Z,2026-09-25-36132006504
2026-08-31,691f5b2375509cb1942f150cc6af20f239297e65fb6924347e92744ad0b2f477,2026-09-25T11:55:32Z,2026-09-25-36132006504
2026-08-31,694c6b3906ae842ce193b24ffbc2555393f30d16c019d7cb9e6fbf1d9d5184d3,2026-09-25T11:55:32Z,2026-09-25-36132006504
2026-08-31,694cfb68bc39de7d1740992f0cf8950fe6e273e5a0a2b832441eaaeed44e27bf,2026-09-25T11:55:32Z,2026-09-25-36132006504
2026-08-31,6976502c6a8fa290704e28b48989eba02dcec9c1b2f83e60cdb5460271272402,2026-09-25T11:55:32Z,2026-09-25-36132006504
2026-08-31,6a479c4fa6aee5368f610c6f61424eeab96017970720216ae3230acfd4f2e670,2026-09-25T11:55:32Z,2026-09-25-36132006504
2026-08-31,6a9cafb846246e31c3d7deca7cb3e6957d88d7260ab6fff76e9a14802ae3764f,2026-09-25T11:55:32Z,2026-09-25-36132006504
2026-08-31,6aa1ec6fd3b9488ee1838e8763449ec98b40cc55e29ae0706f66a12b69438315,2026-09-25T11:55:32Z,2026-09-25-36132006504
2026-08-31,6b69d5894b2ae131edc228c742f67c13e4b8539281c5ba781dfebf39d4550bce,2026-09-25T11:55:32Z,2026-09-25-36132006504
2026-08-31,6b7ec691f02b00b91396d95a5c4b01e741e05685a98449fbc18f6aecaae31554,2026-09-25T11:55:32Z,2026-09-25-36132006504
2026-08-31,6c00c2f4b4a29c653719ce0ffa738eb76185451404ec5f587204df52f2d4a06e,2026-09-25T11:55:32Z,2026-09-25-36132006504
2026-08-31,6c1e037e7544f7b270b5afdd81639e1f13f9a6dc6b00554cf3e0069d7e19347b,2026-09-25T11:55:32Z,2026-09-25-36132006504
2026-08-31,6c621bfdf73975c9c6225094bb0fe9ea76a81a10f7f33c8faa3bf4ffb4cba64f,2026-09-25T11:55:32Z,2026-09-25-36132006504
2026-08-31,6ce77594a8b03c7a64516fed1ceb3350b7284d8a48c420b0dbd0911bef646e74,2026-09-25T11:55:32Z,2026-09-25-36132006504
2026-08-31,6d438bdfff63ade9f58671b670f97b509d9a1bb423d7c4169aaccb57cf12150a,2026-09-25T11:55:32Z,2026-09-25-36132006504
2026-08-31,6d45fd9ff28109a182dbb95fc2007fe12d49ef02bf3e08a9d5810669fbacdb91,2026-09-25T11:55:32Z,2026-09-25-36132006504
2026-08-31,6e1f533f98ccb6fd4a33299e8261424a67a443563b419393f5aed339fa0d49d4,2026-09-25T11:55:32Z,2026-09-25-36132006504
2026-08-31,6eacb2691d1068f283bab032563beb49a5059a160769e943b68ad3299b364139,2026-09-25T11:55:32Z,2026-09-25-36132006504
2026-08-31,6ed915bc184f41235bac9502500e478625f0fddd559f6283d99ebb20347fd9b1,2026-09-25T11:55:32Z,2026-09-25-36132006504
2026-08-31,70af0768711e1bd07de4e518c8f7a92dd99311a31211809f8a7090160c942f87,2026-09-25T11:55:32Z,2026-09-25-36132006504
2026-08-31,70b4a837dc0224a19125ffc407a81adffdcffd7611688be7e9f0456d645e31fd,2026-09-25T11:55:32Z,2026-09-25-36132006504
2026-08-31,70d0a8e32a3bda2655acc8ae1cacdcfbb06b4e40c334b8ec78f75b06e7c86e9a,2026-09-25T11:55:32Z,2026-09-25-36132006504
2026-08-31,70e6325512ce6e7f9e234f8d8c8be95da90a4b1f0bd43b89b603dad74220cc6c,2026-09-25T11:55:32Z,2026-09-25-36132006504
2026-08-31,7104ec4bfda5b9160cd617409a9406a94e3528c48e79247f872790048442b78e,2026-09-25T11:55:32Z,2026-09-25-36132006504
2026-08-31,711ea2bdffa7faba73ef31eea2a631a31411b761a6b0f6551ee990122e6dd33c,2026-09-25T11:55:32Z,2026-09-25-36132006504
2026-08-31,715b4a63be825628ff86ed14aa046dbedf440b7687a32bd0ab54da76caa81ae0,2026-09-25T11:55:32Z,2026-09-25-36132006504
2026-08-31,71cca0bb72c2f468f4dd44f5f377825f1dfaf4509ecab29d859c1f2c6b75d59b,2026-09-25T11:55:32Z,2026-09-25-36132006504
2026-08-31,71df736e2f659db630c9892de71e63511647504fe7f69aa4d5ba6eff8ab6b5e9,2026-09-25T11:55:32Z,2026-09-25-36132006504
2026-08-31,721e5f24468008f7361d8444df8ebb6447ba66e384dbb4150669f0d7b307636c,2026-09-25T11:55:32Z,2026-09-25-36132006504
2026-08-31,72261c28ebca480577194b065bebc583b977b73a5e7c1fa45a663a0038ed0de1,2026-09-25T11:55:32Z,2026-09-25-36132006504
2026-08-31,728d2bbb6756472f511109d4ed072ed65c0bf1575fa10652e83dd1f6628efd6d,2026-09-25T11:55:32Z,2026-09-25-36132006504
2026-08-31,72b78e3bb9210b7bbd731ccfccc5dfb4fb8deb2c792636b15ddee6fdbdc7545d,2026-09-25T11:55:32Z,2026-09-25-36132006504
2026-08-31,731040c016b60573cf56b9336f26789a1a882ded1f661d6a24a0b63aceb560ae,2026-09-25T11:55:32Z,2026-09-25-36132006504
2026-08-31,731a62fe32d4c1195bc6f8d67167fa47307954b570c8cf7b4a893f85b1de995c,2026-09-25T11:55:32Z,2026-09-25-36132006504
2026-08-31,7422c19cc32d89e5b351325dd797d787871a0f04a51daab22adb3e77747ba5c9,2026-09-25T11:55:32Z,2026-09-25-36132006504
2026-08-31,7425f78d3d9f7f9077e109f6a622b494b4763aedc15c7407e8d1f1c79eed9608,2026-09-25T11:55:32Z,2026-09-25-36132006504
2026-08-31,747906b23e616af394dd5156cf692bc55b85461f3821e67ee3e517ce78e0530d,2026-09-25T11:55:32Z,2026-09-25-36132006504
2026-08-31,74bc5d5e0bf6a7bd1c72a66f56cf24ddbed85953b9be92ec6eb95a685c9644a1,2026-09-25T11:55:32Z,2026-09-25-36132006504
2026-08-31,75139b9490e81ac061bc535876d9364da09c18c60593eeff41ea2df9209c8170,2026-09-25T11:55:32Z,2026-09-25-36132006504
2026-08-31,757d918a293cc4a94c543cc77f1695b3791baa79498dbb8bd3f285e59b192244,2026-09-25T11:55:32Z,2026-09-25-36132006504
2026-08-31,763ac9ab68fa1f9cfd16ad51021862e751da2b22e851d06967f3a0d8f6082198,2026-09-25T11:55:32Z,2026-09-25-36132006504
2026-08-31,76545b2c958453703dc22e429e29d635640173c5f0cd59efeff4aced8766cf8d,2026-09-25T11:55:32Z,2026-09-25-36132006504
2026-08-31,76acfcdb04c0280148666cfd3fd992526e8d24743d23094a9ebd032bcf459778,2026-09-25T11:55:32Z,2026-09-25-36132006504
2026-08-31,76dbfb1ea5f3a1ffce31c5b352b951f9d649c971650f86fb469092c60884b4d5,2026-09-25T11:55:32Z,2026-09-25-36132006504
2026-08-31,76f12d726816f5d28633ba81322252ceed4c0ae8ae5570a9c233a2e1b4477d42,2026-09-25T11:55:32Z,2026-09-25-36132006504
2026-08-31,774b2d6ad1118e3f70228c5e85705025872fac1236797805c0607b42ca2d5838,2026-09-25T11:55:32Z,2026-09-25-36132006504
2026-08-31,77e9183ae3b47e0f7513acc27ccf3b6969af7821eee566c500d1c50b2ac15876,2026-09-25T11:55:32Z,2026-09-25-36132006504
2026-08-31,77ec0cdd1ff6475c42b25a06083cd44548f2d78170fc8da4fa47db6f8465792c,2026-09-25T11:55:32Z,2026-09-25-36132006504
2026-08-31,780d8ca21d3d9b71ddb958f4c19f6fae503cfcb7cee253f0e03059972722398d,2026-09-25T11:55:32Z,2026-09-25-36132006504
2026-08-31,7835dc59f46b501c388ee15322504d48592c6959d1ec7eac00a30c8fc24f144a,2026-09-25T11:55:32Z,2026-09-25-36132006504
2026-08-31,78ba17589e2411e6e2e885fb0d174e5f6ff294396f7ca47284b727cf9dbb66d6,2026-09-25T11:55:32Z,2026-09-25-36132006504
2026-08-31,78c78b90ef2940a0227f52c28974bbc7878c7e67011e15ab05a573f0b7f31103,2026-09-25T11:55:32Z,2026-09-25-36132006504
2026-08-31,79d2298831955228b0ca8f2db28c99173ec17cc5a4b1e13c6646611a594f5689,2026-09-25T11:55:32Z,2026-09-25-36132006504
2026-08-31,79dc16298ac6bda054b9d2c4c4d7ff1d18b9baa49510e6bc0bdd38c342263fe1,2026-09-25T11:55:32Z,2026-09-25-36132006504
2026-08-31,7a7848707d5e96f895db272fed714b89555dc0b6d5e8596150830d7831285fa8,2026-09-25T11:55:32Z,2026-09-25-36132006504
2026-08-31,7a84f6a3cbd8f9b366655a85a0307cfafdd72f497e27e394835327e0274091d0,2026-09-25T11:55:32Z,2026-09-25-36132006504
2026-08-31,7ac1b89e1492a44568edc29fa7dddc3efcb837ec34c8416267c2c247eb7d937e,2026-09-25T11:55:32Z,2026-09-25-36132006504
2026-08-31,7b3678fd23c1550ed415d6e83f402c8d4288021c699eecc25af6171ca1116ff5,2026-09-25T11:55:32Z,2026-09-25-36132006504
2026-08-31,7b9cf67727f8ce619c69e8cddf1d64cc9cda412ea63a8fe43d75797474fc9408,2026-09-25T11:55:32Z,2026-09-25-36132006504
2026-08-31,7be57e9f9def074c21ca46d608459957a7942954c807a97436eb7e2ce869dd4e,2026-09-25T11:55:32Z,2026-09-25-36132006504
2026-08-31,7c35e8bfd9459317746f28556fade5ce4edb057bbc4661fa9e5cc311585add7b,2026-09-25T11:55:32Z,2026-09-25-36132006504
2026-08-31,7c60d42b5933c24794ed4be65f133d55a082675fe07b4ec0bfbf425d4f07dff2,2026-09-25T11:55:32Z,2026-09-25-36132006504
2026-08-31,7cb8bba589ce4860f8dabfe58561e2ce602c7636f37bf0a71c3925f63cfd222b,2026-09-25T11:55:32Z,2026-09-25-36132006504
2026-08-31,7cb9748620edf28ac4dba13b05a0c475049f903077bda57276c1d54896f823db,2026-09-25T11:55:32Z,2026-09-25-36132006504
2026-08-31,7d82a0fab08d5913f6eeb516667ef5db3bbf11ac8da1dce29e0335b5a04e3769,2026-09-25T11:55:32Z,2026-09-25-36132006504
2026-08-31,7df371b295360be468d82b4ea348d2ba00ffd1fa61d8dc78406a6b50199fd5fc,2026-09-25T11:55:32Z,2026-09-25-36132006504
2026-08-31,7e175eea769cfcf4a23a27c5f7a13c6f391eb9b953b908bde2ba7c2b990607e1,2026-09-25T11:55:32Z,2026-09-25-36132006504
2026-08-31,7e4b11a617633d129ab4245e2d89db92c9c7bf6ea8014e0e6ec326f4637fd3cd,2026-09-25T11:55:32Z,2026-09-25-36132006504
2026-08-31,7eccceb1805ba3c5f354f87b24661e9cca3df5f414d4e3074990296be041e1e6,2026-09-25T11:55:32Z,2026-09-25-36132006504
2026-08-31,7ed1e47dc066e67456fc1a8ccaf4a3094bce48287bbe202476a8b95ac430b2e1,2026-09-25T11:55:32Z,2026-09-25-36132006504
2026-08-31,7eec9893aaeb93b9d62c8eaf8f5dac3ab8e00600dada37e29521499cd10e9662,2026-09-25T11:55:32Z,2026-09-25-36132006504
2026-08-31,7f1f72271806a5f609c053da81930d71522eae153435bc8f548387252193c93c,2026-09-25T11:55:32Z,2026-09-25-36132006504
2026-08-31,7fa6734e067d40ab0a0a55bbd769c9c0b0f158a4162d1b11f09517c506ddd059,2026-09-25T11:55:32Z,2026-09-25-36132006504
2026-08-31,7feb3bb5e4bdeedb7a0887127aefdfa8b69cbdfb544db484d4326ebd3bbbc778,2026-09-25T11:55:32Z,2026-09-25-36132006504
2026-08-31,8042a3d60b09f4e3c3d1a832075202c664b2886a984d894d6bbd3d3dbe4c0f6d,2026-09-25T11:55:32Z,2026-09-25-36132006504
2026-08-31,806df635d830f926fee5e0ef69e6b4db47d7aec0283f62ae2e8ac476dd6e72e7,2026-09-25T11:55:32Z,2026-09-25-36132006504
2026-08-31,80a8802aaef62fa5bb0ae5f7ebb79402923f9d3014753809e7f5b7e36b0b79e2,2026-09-25T11:55:32Z,2026-09-25-36132006504
2026-08-31,81120aa241d5fdf770bf4d75be6e5312735a35d1b277fdd626a410fa3e84c994,2026-09-25T11:55:32Z,2026-09-25-36132006504
2026-08-31,818ec74fbab49318cc5eab2e947b533179199bece7fdae7c2a6e05a1fb5266ab,2026-09-25T11:55:32Z,2026-09-25-36132006504
2026-08-31,823652cfcf05838af98b9c508c677ad3a515b7ab5d948a0b04b9093bc090eda1,2026-09-25T11:55:32Z,2026-09-25-36132006504
2026-08-31,8276a22e865329ee36e2c1623e5dfc97bcb9769b83621d870e69aaaed2bf8fa9,2026-09-25T11:55:32Z,2026-09-25-36132006504
2026-08-31,82bfa6860c6597b1a89258e15d7f4d8c8a3a40bd10149bdf03ac4b75cc62768e,2026-09-25T11:55:32Z,2026-09-25-36132006504
2026-08-31,82cb5285f7f4af9a92878c43e0e726cc39fc88dd3392179fdbd7ac9eea4c8647,2026-09-25T11:55:32Z,2026-09-25-36132006504
2026-08-31,848a946ce21739b7791e8fd1d00c2a15761cf74ba63e6fa68aa89503774d1544,2026-09-25T11:55:32Z,2026-09-25-36132006504
2026-08-31,8515c7e0bdf0e9c99ae1fc277d8d435df86724a5b2a994cc2e31ab88dfab8ed5,2026-09-25T11:55:32Z,2026-09-25-36132006504
2026-08-31,853130bd3bed334c31f8fd961e563bb940a2af2e4f76cf1147bc10c020836517,2026-09-25T11:55:32Z,2026-09-25-36132006504
2026-08-31,854cb6a34a56e41be7f941c072090f95c3cdda138df3b880004a2a55b1257d1e,2026-09-25T11:55:32Z,2026-09-25-36132006504
2026-08-31,8566807986f68bbf4f7a0ab4a8f03b65b306a1aca55c687060cf9bdce07be7d6,2026-09-25T11:55:32Z,2026-09-25-36132006504
2026-08-31,860c9c94c5ff4249da6b8c17e16e2e49c2ca96ed09517dfc1212c4212fd6f860,2026-09-25T11:55:32Z,2026-09-25-36132006504
2026-08-31,8643617a0aa8cc4537cff24ecb84bdd42fc8f5f406b4f5e54363307f70a058ad,2026-09-25T11:55:32Z,2026-09-25-36132006504
2026-08-31,864c4db139cf5ca297437b3fea32bd66ef26eb34e4a9608306d7935cff8aab9f,2026-09-25T11:55:32Z,2026-09-25-36132006504
2026-08-31,865069be94c8e21c1a5eec285742dc61c5f885f15141b5a19da3b4f69b52d4c4,2026-09-25T11:55:32Z,2026-09-25-36132006504
2026-08-31,868e7e7ca352589ced115087efb3e36c34180b13d2a1de251d54aec837341ecc,2026-09-25T11:55:32Z,2026-09-25-36132006504
2026-08-31,871c3f059137175c5b3cdcc97776843d8e10622be8058375a36e49f0ff157199,2026-09-25T11:55:32Z,2026-09-25-36132006504
2026-08-31,872938739e5227e75028d4e797f38c554e6761253700161c248761d920a3920f,2026-09-25T11:55:32Z,2026-09-25-36132006504
2026-08-31,876c533efd90b607abb53543d08bb76ce811d08f72ca60035002cde042c59ac8,2026-09-25T11:55:32Z,2026-09-25-36132006504
2026-08-31,87ca9b50c1ef408e88c4d54d7dfb02221fcc37857febc64051991f354983f275,2026-09-25T11:55:32Z,2026-09-25-36132006504
2026-08-31,87eb8d5c609bc485f7d114fedcdfb1dd027e3b1e5e979d4e45466b1d0eb5d9ac,2026-09-25T11:55:32Z,2026-09-25-36132006504
2026-08-31,87eef63c54c3bc1f18f6d83589a24356d673232d6390cf48ff478472517cf08c,2026-09-25T11:55:32Z,2026-09-25-36132006504
2026-08-31,87fb28ecec24232e6bb31e8d88ff57b720ff064eed7fea4eb68e4b77771937e8,2026-09-25T11:55:32Z,2026-09-25-36132006504
2026-08-31,882a35240e572220c4726268b67c1babe886631e0783c69723e82edd1cf57c3f,2026-09-25T11:55:32Z,2026-09-25-36132006504
2026-08-31,885bef668071390f763632961d08c49ddbc02803d7470d89c56cbcb97e867b7c,2026-09-25T11:55:32Z,2026-09-25-36132006504
2026-08-31,886251577436ef259c0cec52eef624e10936d1634b34362969b051df15836e80,2026-09-25T11:55:32Z,2026-09-25-36132006504
2026-08-31,887a3a55f0a0c1e33d126d89c82c6ed3155be4e894c5e109005f0f296946b4fd,2026-09-25T11:55:32Z,2026-09-25-36132006504
2026-08-31,88ddb27b4398d1bcca4bc86d69e3c2741ee7568577ff51fb86de5d34f5a0e6c3,2026-09-25T11:55:32Z,2026-09-25-36132006504
2026-08-31,88ee36aa215700eb8949ee9be0f21412de83cacfcdf5516c4d1646ca29608ccf,2026-09-25T11:55:32Z,2026-09-25-36132006504
2026-08-31,88ef281a5fc5fcd12b97284771691c13d268af8da910c94a853f3d0f4d49a259,2026-09-25T11:55:32Z,2026-09-25-36132006504
2026-08-31,890c63cb4209a93aa8dabca871b904cbfc8d417afdc89dd3ef4d085b5782d177,2026-09-25T11:55:32Z,2026-09-25-36132006504
2026-08-31,8922361b70d4fae6547f4ea9b86a3bc4df487410f2f641f3e0d49c399a6a4286,2026-09-25T11:55:32Z,2026-09-25-36132006504
2026-08-31,899ebaea649559a473e22b5c8fd628f3f85a87b3b2a9ae0363b99e263af6718a,2026-09-25T11:55:32Z,2026-09-25-36132006504
2026-08-31,89b3ecdb138d832dbc579ed01f075d812b2d4ec5ae11a071846268c163cecb98,2026-09-25T11:55:32Z,2026-09-25-36132006504
2026-08-31,8a1f3b051792a03aec4d1adf19084e6a8373efe48060a1ba19fb0a75e4754405,2026-09-25T11:55:32Z,2026-09-25-36132006504
2026-08-31,8a778262aac7b4bfaf2bc79ea754d75d2035dab528aad49feabb8c90fba2aa27,2026-09-25T11:55:32Z,2026-09-25-36132006504
2026-08-31,8ac4ade0911d87e41c74d801a7457c1869b65c8ec76136d0b021b603d9dd3311,2026-09-25T11:55:32Z,2026-09-25-36132006504
2026-08-31,8ac58d0e437103d1e43c2b595578132eb971d2882b6e5c9e0186a3e333a53069,2026-09-25T11:55:32Z,2026-09-25-36132006504
2026-08-31,8b2c60f9db66f28746abe12315fa2a0621507995731a4800fbbc6b3663cf3a1a,2026-09-25T11:55:32Z,2026-09-25-36132006504
2026-08-31,8c23535d2999591b7730fb8789d7d53f8fafe1455ba3fffe544a811a0521225f,2026-09-25T11:55:32Z,2026-09-25-36132006504
2026-08-31,8c4a74b4b17b069f9a0b16274a8fbbb0f3e44223b62689b0828dcd92cf660c6c,2026-09-25T11:55:32Z,2026-09-25-36132006504
2026-08-31,8c5a115372b6065cc3ba400f0cb8bec1c6695e43df66f8a6d262ceddec10978d,2026-09-25T11:55:32Z,2026-09-25-36132006504
2026-08-31,8c9334b097462db83c1f2337a2be6ea932124723a289de17777046c0f4bf26a5,2026-09-25T11:55:32Z,2026-09-25-36132006504
2026-08-31,8ca761f69174b6030ad6ff614f35133e6211248e17fcaeacf132eb4aa4d41ca3,2026-09-25T11:55:32Z,2026-09-25-36132006504
2026-08-31,8ce1e994f8f92d9bfc0d3df00c452cef76e3ad8dd5cacc208068ad8f0c719810,2026-09-25T11:55:32Z,2026-09-25-36132006504
2026-08-31,8d057fd764f409c55dd5ad3bbbab6637d36f2c50cfdb0fd00e09ad43ce9af59d,2026-09-25T11:55:32Z,2026-09-25-36132006504
2026-08-31,8d455add2a69ceaf2e55d00a8bca9bdec488cfd99dc88a42ddd212156a98acff,2026-09-25T11:55:32Z,2026-09-25-36132006504
2026-08-31,8d8f56b04d75a5c2eac66ff38127b8a8a9ecd4bd342daef9bb9b98c0099cdb7d,2026-09-25T11:55:32Z,2026-09-25-36132006504
2026-08-31,8e4ab7f6c5c4f688d4c0df77bcee34f4d2f43fd7f274a7ad49bf31adc0f2618f,2026-09-25T11:55:32Z,2026-09-25-36132006504
2026-08-31,8ef003d8dc77c99a2c4064117799d512589909f0fb6c7d6acd90a22f26198cb7,2026-09-25T11:55:32Z,2026-09-25-36132006504
2026-08-31,8f3b43f60717832793f0c49b2be85246db8332bd76507ac0774d4418fc9bc3fe,2026-09-25T11:55:32Z,2026-09-25-36132006504
2026-08-31,8f43415a7498596e29daae0ffdcc2148285d8fbcc3471b483e13e851b3f6a44c,2026-09-25T11:55:32Z,2026-09-25-36132006504
2026-08-31,8fb3bb000dd0617647d829bfcee524bde6fcb4122fd9dac8eaece61f9aed6668,2026-09-25T11:55:32Z,2026-09-25-36132006504
2026-08-31,8fcd55f03edf6e151a5b5d6a08dab64726706150b6b7f8d89fe799e00555afe1,2026-09-25T11:55:32Z,2026-09-25-36132006504
2026-08-31,907a4e1ada47ab9ea8cddc63cbd7058bc88f69fdb620490560d002dc857c5cb5,2026-09-25T11:55:32Z,2026-09-25-36132006504
2026-08-31,91e8c56b91b7d33dfd479dfc758eb016ec7e38477c713bed9befb44972410498,2026-09-25T11:55:32Z,2026-09-25-36132006504
2026-08-31,9253aff831e1b7fc74bada5e8b1a9baae257846198ab5ec75161e402f132a22c,2026-09-25T11:55:32Z,2026-09-25-36132006504
2026-08-31,92e0de22ccb70002378324fa38763b2e82ad574476c0361c3b249e150e1ba69b,2026-09-25T11:55:32Z,2026-09-25-36132006504
2026-08-31,9413e8f23d54c04e93d1da8340a8b9a77229d61fd489298325315bd8ee7ee80c,2026-09-25T11:55:32Z,2026-09-25-36132006504
2026-08-31,941f9eb6492538f6f04e301fd33a2cf49852f07916fc9a6420bd38b909af6de8,2026-09-25T11:55:32Z,2026-09-25-36132006504
2026-08-31,941fbdcb2b71352428a622ead93de00caad90e550ba7a532d558a8c914c48a72,2026-09-25T11:55:32Z,2026-09-25-36132006504
2026-08-31,94a836ac00469ecb56eb438386e3a21f5b16dc5cb57929fa886a16a9c26502fd,2026-09-25T11:55:32Z,2026-09-25-36132006504
2026-08-31,950f4233c513bf5e74b3e168dce8b8b6d9c974a292f5869f76fe96ac7cb928b9,2026-09-25T11:55:32Z,2026-09-25-36132006504
2026-08-31,95278b6613d099942e1b741da57f1a7006189a75a2d1b2211089471a62d519a5,2026-09-25T11:55:32Z,2026-09-25-36132006504
2026-08-31,9561f50cc6f224ff79c906ae2468fa0f34a4052ed4b4d6ff241df840e7f4321d,2026-09-25T11:55:32Z,2026-09-25-36132006504
2026-08-31,959d459eec0ccc591fb971e3b8da9c3f38567a1940f8bf107aa5ac9d8ea20f38,2026-09-25T11:55:32Z,2026-09-25-36132006504
2026-08-31,95ebe3f17faa9467b8c42a695ed757fed3087be21a9b604b845591fc5eb51bd6,2026-09-25T11:55:32Z,2026-09-25-36132006504
2026-08-31,96b8a352de040f34a4eb97075a8f0536b954059bfb635840c95e7f782c6cd21c,2026-09-25T11:55:32Z,2026-09-25-36132006504
2026-08-31,971bdd43b025644565cd7f8232949af44c369a863298fa82a8e7468b4bf95ade,2026-09-25T11:55:32Z,2026-09-25-36132006504
2026-08-31,97b7848ed9d52b1fe0a3fc8400ea11f5a8f3105b9599673003d06b60061234bf,2026-09-25T11:55:32Z,2026-09-25-36132006504
2026-08-31,986e02b19362ac86567c19f72c30a528833d83f740c989de9d2b718c509eac91,2026-09-25T11:55:32Z,2026-09-25-36132006504
2026-08-31,98b2c4ce9c6f6a35eab5062a90fe5fe4fba72595a45d70b02de8285d783d790c,2026-09-25T11:55:32Z,2026-09-25-36132006504
2026-08-31,992ef2ee2d0478b4f76441d8d20c268da246ea31d6f46e65f091fe22045e1a60,2026-09-25T11:55:32Z,2026-09-25-36132006504
2026-08-31,995046198f9153331798e87a133b5d33e904a55e7c84ec8fbf098526ded6bcbb,2026-09-25T11:55:32Z,2026-09-25-36132006504
2026-08-31,997b027aefa00664886089d1dc2953d495b8157611d9a170b4debc544903f9ed,2026-09-25T11:55:32Z,2026-09-25-36132006504
2026-08-31,99c302ba2b471f9b43dc3b77dbe801ca3dabd2b2fbb122ee8dbfe00f4e2feeb6,2026-09-25T11:55:32Z,2026-09-25-36132006504
2026-08-31,99f0af7676213db00251b84bbb6d31b1dde04d455fadaaefb395d47c274a8592,2026-09-25T11:55:32Z,2026-09-25-36132006504
2026-08-31,9a92eddb6137af17611d478f7f1a31fe1f9ca6e981e4389f95de717534f42bf3,2026-09-25T11:55:32Z,2026-09-25-36132006504
2026-08-31,9aece04ab0fc7a3487bffaa1a3d4693e4f4286f269581a4ccce7edc6537c0db1,2026-09-25T11:55:32Z,2026-09-25-36132006504
2026-08-31,9c1819c20e1b6b51ad18463ea57940c44fe42123ad71de4d6e5b565fbd07a511,2026-09-25T11:55:32Z,2026-09-25-36132006504
2026-08-31,9d097fa665b577e3d844acde93e94c194f091a03e17838b0bb74bd986d2f8673,2026-09-25T11:55:32Z,2026-09-25-36132006504
2026-08-31,9e2c9df2463efd3b63872094732bd88f77a5b9ed24276b8327e9ddd8940f90fc,2026-09-25T11:55:32Z,2026-09-25-36132006504
2026-08-31,9f8a8db509facdbca557662b78fa9872978da1f22d4a1039f5c4b008f7f01702,2026-09-25T11:55:32Z,2026-09-25-36132006504
2026-08-31,9f93b86faa42035ce8a089c44b3962b9995bb49c23a28f9057dfb28c66758fa3,2026-09-25T11:55:32Z,2026-09-25-36132006504
2026-08-31,a0198b0f4e1afec624fdb501fcf321bdd4ab9b1375eeb0ff49bb9a8511099a9d,2026-09-25T11:55:32Z,2026-09-25-36132006504
2026-08-31,a03742575bbdb40c3e72883a263668fc963a9ef4e658d95e4d28a54cbadb7aa8,2026-09-25T11:55:32Z,2026-09-25-36132006504
2026-08-31,a0e3f90dd196ab08ca430294e3d126bff552071184bd4735c7980ffbfa45a34a,2026-09-25T11:55:32Z,2026-09-25-36132006504
2026-08-31,a1537898a1df4efd50e78cc8254b67411679467a41a88185e9734404b9a7fc53,2026-09-25T11:55:32Z,2026-09-25-36132006504
2026-08-31,a216a4b728df7a1e71cfba398d5c0f0c8f2a8b609bf76a994601323698f0e566,2026-09-25T11:55:32Z,2026-09-25-36132006504
2026-08-31,a267f503f23ff803a35d890956d41df04cac6a870fb53783a780d1b6f271c817,2026-09-25T11:55:32Z,2026-09-25-36132006504
2026-08-31,a2eaa91c6f4a5d196026a1467dffbb963847e771c3c2155cadfd8e26dd56df79,2026-09-25T11:55:32Z,2026-09-25-36132006504
2026-08-31,a2f24ee9d29e51f29a8b6ca0d84335bf33a181df88678a8b5ab833662ef604ed,2026-09-25T11:55:32Z,2026-09-25-36132006504
2026-08-31,a33987305f209c4ca3d03ac98fd0a194d8f3591fdee7f75baf8add06ef866dbf,2026-09-25T11:55:32Z,2026-09-25-36132006504
2026-08-31,a353b18a24ed10f12e4a5ed5fe7dece4689a185210a48c9c60866a8436d16873,2026-09-25T11:55:32Z,2026-09-25-36132006504
2026-08-31,a379765233d30eccdf49eb33f24235c7d9855740171f13391b6a141008a96f9c,2026-09-25T11:55:32Z,2026-09-25-36132006504
2026-08-31,a38d1a0160adbf488e0fbfa4c76c08841434dcead6e5c0f17d4a2ed3a40a7a7e,2026-09-25T11:55:32Z,2026-09-25-36132006504
2026-08-31,a3d948eadcc48338f323342fb056350a3aa3697e786234bce1ab4ed7042137ef,2026-09-25T11:55:32Z,2026-09-25-36132006504
2026-08-31,a428624ab1e8ec650e56efabd8e22237d1d5c9d775018d0c9d52756871f76e00,2026-09-25T11:55:32Z,2026-09-25-36132006504
2026-08-31,a44de22439b85b2187b2cd84cbd5bf289992d3f96436aa8005e6b73a8ec17bff,2026-09-25T11:55:32Z,2026-09-25-36132006504
2026-08-31,a4951fb6367560a42fc9c64fb73432f2ff95b7cc571f6b99511ab9c2295c4f39,2026-09-25T11:55:32Z,2026-09-25-36132006504
2026-08-31,a4d921d5c64753e9fe4fc55b07b8ad5fea440789b6a343d3af5b55b1801a5322,2026-09-25T11:55:32Z,2026-09-25-36132006504
2026-08-31,a55aa3753edefba2cfcc7f68d4da0144171d4bedd7c7a53a2cf068c959757ce3,2026-09-25T11:55:32Z,2026-09-25-36132006504
2026-08-31,a59c73c7147470531fcba7134c586b5404a03614cc68c26b046517e8f892cee2,2026-09-25T11:55:32Z,2026-09-25-36132006504
2026-08-31,a5cad728f28c7b8750877c799c764c06332be7541c1b110c31e30f97a1576759,2026-09-25T11:55:32Z,2026-09-25-36132006504
2026-08-31,a78783a996f09885e70d1c3d5feefe5b49cb7482e0b3036be013b1b350d0efab,2026-09-25T11:55:32Z,2026-09-25-36132006504
2026-08-31,a7f51d1d5c37a2b69ea7f6f052a314751212141362abb64cf9cc283106cbd6f7,2026-09-25T11:55:32Z,2026-09-25-36132006504
2026-08-31,a826b1d1d2a562624a14afe3e1a83a150dcd0e7019d0c641a0fc8ead4f360a5e,2026-09-25T11:55:32Z,2026-09-25-36132006504
2026-08-31,a8640613bec4b168da25ae179a82c729e25a39bac55afea176e0c204e0fd1564,2026-09-25T11:55:32Z,2026-09-25-36132006504
2026-08-31,a8775957dedf5ddc0962e04a45710ba333d5a913c0148ed3e24d4d42b1645ab0,2026-09-25T11:55:32Z,2026-09-25-36132006504
2026-08-31,a87f7f577655b75d464b9f0348b7a50a23b7d917157cb42b46212a77ff50f266,2026-09-25T11:55:32Z,2026-09-25-36132006504
2026-08-31,a8dd9fddd69b2a389c8cd0827868f40481b6679005eda21bf19a44384032bc4d,2026-09-25T11:55:32Z,2026-09-25-36132006504
2026-08-31,a94e903366b9acc2ee8b13ffbd6e8adbc7f8958dcf83adbb75bdc869e88b0efd,2026-09-25T11:55:32Z,2026-09-25-36132006504
2026-08-31,a9705be9e5d7f58ebbd9f566a4cda9735e4697368feba9332ceb563ddfe25cdb,2026-09-25T11:55:32Z,2026-09-25-36132006504
2026-08-31,a987760fff0c12e568ee31d1d71b4653cb8033f20ae8408b126cecd42ffca8d5,2026-09-25T11:55:32Z,2026-09-25-36132006504
2026-08-31,a98b9571dc516bc3e8947f268f43580833e739fb98cce94cd1209c8032c7df13,2026-09-25T11:55:32Z,2026-09-25-36132006504
2026-08-31,a9f854dd07259adbf1c42a0b139be4aa927c446dcaa4f175f65a25264ca21c6e,2026-09-25T11:55:32Z,2026-09-25-36132006504
2026-08-31,aa11bd9538450dc786475218cfe286b91ac735520b59a02c5c180aada1c30478,2026-09-25T11:55:32Z,2026-09-25-36132006504
2026-08-31,aa26e792534aa7020beb82d035a3c0e53135de22b4ebe811a160003539f5f172,2026-09-25T11:55:32Z,2026-09-25-36132006504
2026-08-31,aa7c5ac43e6778579dcdfe8aca5558469fda10b5bd5122fd5e0eb47b1aaf32f8,2026-09-25T11:55:32Z,2026-09-25-36132006504
2026-08-31,aaf334fc9e1d477421414c0625e253726f8e9d6aa5c32d9fac9033998afc9535,2026-09-25T11:55:32Z,2026-09-25-36132006504
2026-08-31,aaf768675bdf32f7c8726b9ef18dcb9ff4e62990426e2bb39648c590e80e62fc,2026-09-25T11:55:32Z,2026-09-25-36132006504
2026-08-31,ab246f89b8add157c58ae87fd09d616daf294bf85c11e54a782bd0ec1281cdc4,2026-09-25T11:55:32Z,2026-09-25-36132006504
2026-08-31,ab3e0da8c9a2ed4a273577ded3d01f96dd316d3d80c69790f0e7bb42458c73e6,2026-09-25T11:55:32Z,2026-09-25-36132006504
2026-08-31,abcd9fa508c9841e2aae132cce5312276a1ca4b3f6378dacc5c3f7a562fdf441,2026-09-25T11:55:32Z,2026-09-25-36132006504
2026-08-31,abee7acf23e35cf46e6602078a973d01f938f0f9779179f786fd9c710a09849d,2026-09-25T11:55:32Z,2026-09-25-36132006504
2026-08-31,ac89872d7dc91ea93d78cfe4ee3d3fb1e5fe33e8409031020fcd07145c0ca8de,2026-09-25T11:55:32Z,2026-09-25-36132006504
2026-08-31,ac89da09e3b40a64b64f71b025e55afddb3f8ab87a02ac551a40b05ef7af4a56,2026-09-25T11:55:32Z,2026-09-25-36132006504
2026-08-31,acf221f129117ed16923d31520cc30146e127375a0984f0e0a9774c8cae6e457,2026-09-25T11:55:32Z,2026-09-25-36132006504
2026-08-31,ade2a22c704dfdf40524cb4360c9fa7e1f1e1c1651097d8ba761d9d2592361b9,2026-09-25T11:55:32Z,2026-09-25-36132006504
2026-08-31,ae6c0d26ab4da78e53760e987c30c343b8b5988743c69f88ee7c7b0a496693a1,2026-09-25T11:55:32Z,2026-09-25-36132006504
2026-08-31,ae83da4a1b492e50ecd17d9e6a7e0da77cb8b72fc5cc603afa5f4dbf76bbc0a9,2026-09-25T11:55:32Z,2026-09-25-36132006504
2026-08-31,af6af60148a3271f00ddd3e1a65d326ea9e1f9ef44be951f9913fec62aa72266,2026-09-25T11:55:32Z,2026-09-25-36132006504
2026-08-31,afc384e05eecc2f85d9eec3dacf6f8c6ef00f5294f776c5120031158a5877ce7,2026-09-25T11:55:32Z,2026-09-25-36132006504
2026-08-31,b01a0c7458d902efb80cd7b2b0e6924c94e86d459cbf31360504973a44fae614,2026-09-25T11:55:32Z,2026-09-25-36132006504
2026-08-31,b0865242462e88bd7a9bd47798ce8d3588a24112e687d3f13f75b5f0066b4eab,2026-09-25T11:55:32Z,2026-09-25-36132006504
2026-08-31,b0e6bb1f3e5ae5560f63e7d722eeb9df7b5d5c274e1f9bc5a94237ad4e513be3,2026-09-25T11:55:32Z,2026-09-25-36132006504
2026-08-31,b164e0412cd2cc0255788fbdd322d2e95e7bb9892808d0ca11159571818db0d3,2026-09-25T11:55:32Z,2026-09-25-36132006504
2026-08-31,b1f6e3901a51fa1ef01c00047968f933405718747c48435e59c71fe7471d6d46,2026-09-25T11:55:32Z,2026-09-25-36132006504
2026-08-31,b23cd79ef78d5d699a164814bfcbf86de9dba8ac1d47aca93c067460bd559d05,2026-09-25T11:55:32Z,2026-09-25-36132006504
2026-08-31,b27a078f3c5f80bcc9b3f8dceac9d0137b45949b2a05b1a240aa456ef40580a0,2026-09-25T11:55:32Z,2026-09-25-36132006504
2026-08-31,b2f60675671e3c119460b31ca1b7dedc733675980c538bf65e248bc2977822aa,2026-09-25T11:55:32Z,2026-09-25-36132006504
2026-08-31,b3a10f927983e2ca2ab16fffc26299b3373f116f8be1f3614bfa6d0e070328c1,2026-09-25T11:55:32Z,2026-09-25-36132006504
2026-08-31,b3a5b5c614ff437182cce7b76fa2cd2e7d94cef86063c50db6bfd9590ba73b5f,2026-09-25T11:55:32Z,2026-09-25-36132006504
2026-08-31,b3c6f216d17ca3c377674f917078917bd7fa8a1a57e6a49c438bd312f0654f69,2026-09-25T11:55:32Z,2026-09-25-36132006504
2026-08-31,b41355962874f8b047d3e520be3a0dc2918cf952e29b872d39a0cbb85845cfba,2026-09-25T11:55:32Z,2026-09-25-36132006504
2026-08-31,b45e1ed6e77300bdb4d9ef7da67c3af5ef3f500e7bdc3ce97534db68e6acf9fd,2026-09-25T11:55:32Z,2026-09-25-36132006504
2026-08-31,b48a283a95f2cdfe8f2ae4cd0a791b9140e38c25c41c71fc3b1897e8d4046dfd,2026-09-25T11:55:32Z,2026-09-25-36132006504
2026-08-31,b492810f6022b4145256967740d2d63d70dc163a1a4642368f22a4c96b92e085,2026-09-25T11:55:32Z,2026-09-25-36132006504
2026-08-31,b4f6457761223948803c7b400b578dd110c7133d99e0e37f8e24acaa030b481f,2026-09-25T11:55:32Z,2026-09-25-36132006504
2026-08-31,b5e25c4244a3b6b38f98ab825b6e2fea5b10071a5fac6b61c37d391655f7be9f,2026-09-25T11:55:32Z,2026-09-25-36132006504
2026-08-31,b6228732ddfecbf9532162fa01abaa3036948df82c8d94926c51849894389bbe,2026-09-25T11:55:32Z,2026-09-25-36132006504
2026-08-31,b66246f075191743a260bd555f19bc191c81a751fd381f6e85246d6c5612240c,2026-09-25T11:55:32Z,2026-09-25-36132006504
2026-08-31,b66aeeb3e0807d4974959aea78ee156cbc95732457cc97561ff056664273354b,2026-09-25T11:55:32Z,2026-09-25-36132006504
2026-08-31,b69020580c33f8ff8a042709dce693612b59a23f93bb1d630706553e7d339d08,2026-09-25T11:55:32Z,2026-09-25-36132006504
2026-08-31,b774f30ed4637ce38f51a71e39603fc6fe6bd19a31bf9996b1cfd7cd785abada,2026-09-25T11:55:32Z,2026-09-25-36132006504
2026-08-31,b7b48c5d4d73b514ecd4be5efe94145295f0a1e8151d8edf4244d4ba54890c1e,2026-09-25T11:55:32Z,2026-09-25-36132006504
2026-08-31,b7ea3b2ac092c53afc03810c6af08ae402909c9baa83fd887a3e25fc37d1a609,2026-09-25T11:55:32Z,2026-09-25-36132006504
2026-08-31,b86ed34204f27a9f243886f49058b252ff67d353135fa190f3bdece6a97982c0,2026-09-25T11:55:32Z,2026-09-25-36132006504
2026-08-31,b93248d35b45c04fe31e055be710c60368a30d7ca7d18fa2ecad4dfa1cef80fb,2026-09-25T11:55:32Z,2026-09-25-36132006504
2026-08-31,b9b7ef51bef2507062fc2ce46e1702107772264d45ec82aa0fa46f6442780d33,2026-09-25T11:55:32Z,2026-09-25-36132006504
2026-08-31,b9f70eb8fa083eb713cadc62c987d15c2dec92d48e05a97427ce751a5c13a518,2026-09-25T11:55:32Z,2026-09-25-36132006504
2026-08-31,ba01ae0c9213ef63b2fd9e244598d2b9aebcaccddd059a3d35fe59d0587f82d5,2026-09-25T11:55:32Z,2026-09-25-36132006504
2026-08-31,ba4ab76c090418240a647243829e93c29b3fbac629ca375c2afa4e4e036fc7f5,2026-09-25T11:55:32Z,2026-09-25-36132006504
2026-08-31,bb03a1ce879239994e86cd883e9a0c93805357eafdf5ba4416ef7568a931d2d8,2026-09-25T11:55:32Z,2026-09-25-36132006504
2026-08-31,bbcaab9926291272bfdb6cc17ca199cff823644bc659d5df93362b0fde0e0086,2026-09-25T11:55:32Z,2026-09-25-36132006504
2026-08-31,bc060cef698a401254737cf9a3615a2ea4ced6600cab8c833a58a7c1a28e5825,2026-09-25T11:55:32Z,2026-09-25-36132006504
2026-08-31,bc4459e4ff2213eeef46e8dd7ad0ea710a5b86ef61253ccda072edbffe7dcddb,2026-09-25T11:55:32Z,2026-09-25-36132006504
2026-08-31,be6b4d3f18d0de0af6129e09f9aec65599e4cfffcf48c9dea98f71718648aa6a,2026-09-25T11:55:32Z,2026-09-25-36132006504
2026-08-31,be9b278eda64564c5626496edbf82d608932974c15d4ee4cd150b3b762574f67,2026-09-25T11:55:32Z,2026-09-25-36132006504
2026-08-31,bf4cc963aa454b6c3600b84aef431f6591239f26817bfa298108d3dce60497a9,2026-09-25T11:55:32Z,2026-09-25-36132006504
2026-08-31,bfb9914cd0cc8ea5e62400c0c37afaebc2c0060330e60ac0c41e5dc167e8ec72,2026-09-25T11:55:32Z,2026-09-25-36132006504
2026-08-31,bfe7d057ff1f7e7b4d9a94a9c5fa248cc76dc870f4234c0add42e4d507d6404f,2026-09-25T11:55:32Z,2026-09-25-36132006504
2026-08-31,c040f764415e742bd1e8cde8ac1d8552be4330427c57f21091d43f9ec9ffdb71,2026-09-25T11:55:32Z,2026-09-25-36132006504
2026-08-31,c0a95edb9f57a2388b6a77de63f67e3bc853c7a1c6b8f6636ec983e5b7946515,2026-09-25T11:55:32Z,2026-09-25-36132006504
2026-08-31,c0d760b55412ed0cd5b61f672367bcf085f4648062fff86551848fa4a109a9dc,2026-09-25T11:55:32Z,2026-09-25-36132006504
2026-08-31,c146b09d2da9552bc8b7462dbf0fc3ed835deb196e3a3547f9375c5fffd1fad6,2026-09-25T11:55:32Z,2026-09-25-36132006504
2026-08-31,c1b15ac165d01e24550b47d5ecd93e8d5ba9dff5a5d705caa835fa9714152fe2,2026-09-25T11:55:32Z,2026-09-25-36132006504
2026-08-31,c1ddfd580f70ea9c37902349d6cc08e0595e7f75165d67e257cd392e0828cf12,2026-09-25T11:55:32Z,2026-09-25-36132006504
2026-08-31,c244b560189aad56e65f78bd3c865e5a7cc8e1a9bf6d94a57faaa2c1cb935835,2026-09-25T11:55:32Z,2026-09-25-36132006504
2026-08-31,c2976ec9a85f8f818be8be7c342a2fee79bda4e503807f09c2570a54910bde52,2026-09-25T11:55:32Z,2026-09-25-36132006504
2026-08-31,c329a04f9d3b6c423a10c631c8d52b139f7ff1289de5cac78c57eaba358aa1d7,2026-09-25T11:55:32Z,2026-09-25-36132006504
2026-08-31,c3825c099bcf33e5b6696ac0e02e159553d428c23bdc7f16fa2eed3bf5530279,2026-09-25T11:55:32Z,2026-09-25-36132006504
2026-08-31,c4386db768b9d2aa923add4130dc191375be37bbdcdb0680ce18e7176040795f,2026-09-25T11:55:32Z,2026-09-25-36132006504
2026-08-31,c456c1f864f5477b14f176955a35c01f40213db015ece82792c0b2605cefa743,2026-09-25T11:55:32Z,2026-09-25-36132006504
2026-08-31,c52f0a000ba263845e78710335bd08a9c96a4aaf2f930d7a356c5e69d29a1842,2026-09-25T11:55:32Z,2026-09-25-36132006504
2026-08-31,c53391061cb61a463813f05969a09089dbbbf343c9cbb6b4b40e24c817f24466,2026-09-25T11:55:32Z,2026-09-25-36132006504
2026-08-31,c5c967fe97c701636b069068957bae0d7c022a853a012d3d346c2b4583bd8e5d,2026-09-25T11:55:32Z,2026-09-25-36132006504
2026-08-31,c5d786329ddf03e9a60cfc73659e03ce4c584d33e7e287d6165dbc3c347974a1,2026-09-25T11:55:32Z,2026-09-25-36132006504
2026-08-31,c61396a424deb471e466810257556747b090a45994b1a996f9a6dcb254ad2a27,2026-09-25T11:55:32Z,2026-09-25-36132006504
2026-08-31,c68efa87b1f49f668b098e4771ce51f6e0564976ec36b17f4787c781882fbfda,2026-09-25T11:55:32Z,2026-09-25-36132006504
2026-08-31,c7cf179c0ec0eb7d33dea0d9ebca1c2320cbb05a7eab5edb2fc54ed8c4d5fbd9,2026-09-25T11:55:32Z,2026-09-25-36132006504
2026-08-31,c81ebe690baf34f555b45b90b781ee4dea3554d88654b7b139953b3203e9f674,2026-09-25T11:55:32Z,2026-09-25-36132006504
2026-08-31,c846bee6ddd46a3f6f50cab9df9c9a3a7bc226d477cdd01ffadf97b4f6f0d8c5,2026-09-25T11:55:32Z,2026-09-25-36132006504
2026-08-31,c8e5d85dcb8ed0e6a82def92a48d01c6a9db5c9ac719841f333e8ab44b14a815,2026-09-25T11:55:32Z,2026-09-25-36132006504
2026-08-31,c94c0fce64b843bdb72431c2aa09b1616619b48670fd1bfaa8cc2521303d69ae,2026-09-25T11:55:32Z,2026-09-25-36132006504
2026-08-31,ca264a398da54d84d215fcf579eb8eaa1a909cd4ebc545ac9c58cf289f0b282d,2026-09-25T11:55:32Z,2026-09-25-36132006504
2026-08-31,ca85f04b856d7282b57d07ebf71c7aefff0bb9ceef46dd5afcfb2014821958ac,2026-09-25T11:55:32Z,2026-09-25-36132006504
2026-08-31,cb1289161204d94c357c69e3a6bdfa27c26a81640441b9b3ad4673461fe6ffe5,2026-09-25T11:55:32Z,2026-09-25-36132006504
2026-08-31,cc1a729cceeeff06054af5da8f9766c5320aa7641c7481b13c8fbaf4a9ec02f9,2026-09-25T11:55:32Z,2026-09-25-36132006504
2026-08-31,cc204fef82f7fce45fbcb50c35494f5bed510c99a08b7b344d5b2131a781f50d,2026-09-25T11:55:32Z,2026-09-25-36132006504
2026-08-31,cc2a1a34aec407696ffb4b7b7930894c9c7fdc09af50cdf5c194f7ec619abd8b,2026-09-25T11:55:32Z,2026-09-25-36132006504
2026-08-31,cc2fc1989c16f242bf1a81905d7169e6d72f724d31d7df468fa95d61d4d283c1,2026-09-25T11:55:32Z,2026-09-25-36132006504
2026-08-31,cc9fe079e1cd3501365f1980b199ffc1ea96bcb695ec80fbbaeebf32fd4ea3ae,2026-09-25T11:55:32Z,2026-09-25-36132006504
2026-08-31,ccd28e29fce5d1eb49a2097127a226e0cd01cc33a15f1a4f21b90b4a119302aa,2026-09-25T11:55:32Z,2026-09-25-36132006504
2026-08-31,cd11a0353e0559cc76038b47b2cb7ae8a3e0c9c31757d76b64b96d60585f5584,2026-09-25T11:55:32Z,2026-09-25-36132006504
2026-08-31,cd159192f21036dc76de6c4fd872acfa3ceeae5bff01d2be43d7c88130b194b9,2026-09-25T11:55:32Z,2026-09-25-36132006504
2026-08-31,cd2ce8c24846ba254809cb0ce1e35436cc77e0fed0efece88f2c016101f57ef4,2026-09-25T11:55:32Z,2026-09-25-36132006504
2026-08-31,cdbfc498b6e0abb481ff12a3d85d7a26642b83b4d11de5a2d4b199eb0e547cca,2026-09-25T11:55:32Z,2026-09-25-36132006504
2026-08-31,ce84c8adf7d84448d40e291667c06239dc27ec5234b332a522e7ef4b00e2c1ea,2026-09-25T11:55:32Z,2026-09-25-36132006504
2026-08-31,cec55331c6cde83496b6644622ca500e5ea03418e9491b1acc65f5269bdfdf7c,2026-09-25T11:55:32Z,2026-09-25-36132006504
2026-08-31,cecc13d804fb1b99567ca3c7d54e529aaedbe379a4f9b90044e1ba2a40c8ec11,2026-09-25T11:55:32Z,2026-09-25-36132006504
2026-08-31,cefe78c250d49356352b0eb557318dd1db29453fdde140da0a21427c4d80edc0,2026-09-25T11:55:32Z,2026-09-25-36132006504
2026-08-31,d05ae527c9ef279e749a277fdd7cb77a1d5f5f3c3eb82e774d16f2d0f7ebaab2,2026-09-25T11:55:32Z,2026-09-25-36132006504
2026-08-31,d0ae5db24c9965b8738a0babfae901951dc1b7f3774ffff05c5c6698c7b3dc07,2026-09-25T11:55:32Z,2026-09-25-36132006504
2026-08-31,d0fa13b54c97090438ecafc97ec6dec36eec64079de7b1246e603b40d3581c12,2026-09-25T11:55:32Z,2026-09-25-36132006504
2026-08-31,d146271204f8ad5bf3a33e602f1f78c9854139189dbcd5a28a9675e09a2110cb,2026-09-25T11:55:32Z,2026-09-25-36132006504
2026-08-31,d188129c683aac190d31fc45c890643420a92d08f9a4702588e10b815357ab0c,2026-09-25T11:55:32Z,2026-09-25-36132006504
2026-08-31,d18e298348af69027e9785a84374ce1f15231c7e2e7e835fc83429ac17b75ffe,2026-09-25T11:55:32Z,2026-09-25-36132006504
2026-08-31,d1b00da4b9e8389642e6abb502f23e0fdbc73499d259f59cfe7063e61123f880,2026-09-25T11:55:32Z,2026-09-25-36132006504
2026-08-31,d24280a263066edc0893ac2f7898aed07617daaef92a5e00653049b314002506,2026-09-25T11:55:32Z,2026-09-25-36132006504
2026-08-31,d2483bcc563d6faf14985c458efb993aadf07639da02266f353b85fed20050e3,2026-09-25T11:55:32Z,2026-09-25-36132006504
2026-08-31,d268f1f48622c974a60cc29966df0b8cd00b00d3473bb07ec054702f3c99130d,2026-09-25T11:55:32Z,2026-09-25-36132006504
2026-08-31,d2b0640eb84671aefa08928c492ba915076e57bc570c6db6f36415dabf2671da,2026-09-25T11:55:32Z,2026-09-25-36132006504
2026-08-31,d316b44200af6784d4fcef883eb67f46ebe20f0e81557a874ed636a48167ebb5,2026-09-25T11:55:32Z,2026-09-25-36132006504
2026-08-31,d3e7b6115239cf6c00f172e7d567b547deb7812b6e6ed253e627b8c89c1cab62,2026-09-25T11:55:32Z,2026-09-25-36132006504
2026-08-31,d432f335e1aef53499faa9756c667420b6d5f9d612af044e82a26a112e816fab,2026-09-25T11:55:32Z,2026-09-25-36132006504
2026-08-31,d45456de07b0e155dc9a7d6cdbe0994dcc71fc7ff9ed52dcf6b8e93639bfc59e,2026-09-25T11:55:32Z,2026-09-25-36132006504
2026-08-31,d5158f51ec38977091faf2e8ab5025529e2d3c55f36824110d23005953e9b9ab,2026-09-25T11:55:32Z,2026-09-25-36132006504
2026-08-31,d539afae088267bf09503f77d91d35efa36aa9e53416c060cb1cb1d06d78515a,2026-09-25T11:55:32Z,2026-09-25-36132006504
2026-08-31,d541b7658ff15a51ec818575804582c8c568b4badfa8a1dce27951a71ee6d0a4,2026-09-25T11:55:32Z,2026-09-25-36132006504
2026-08-31,d5676f4c926c20d94c3a7169212864dbefb9c62cdbb13c2ad6548eb4b0e018bd,2026-09-25T11:55:32Z,2026-09-25-36132006504
2026-08-31,d5f67ade51d63b0580ddcc193f5b1ea05ce242a0c8719e806c008a3e5e81322c,2026-09-25T11:55:32Z,2026-09-25-36132006504
2026-08-31,d704cc3fb7430917e1d67af0cc110476bf9e6dea41c8605a76c6c7d25d6c94d8,2026-09-25T11:55:32Z,2026-09-25-36132006504
2026-08-31,d794f3b944ab99d00a372b4ce9c10784dc44103aac55cffa9bcea4d8b735ae55,2026-09-25T11:55:32Z,2026-09-25-36132006504
2026-08-31,d7e23a07c977d41fd5ae5639e05053c55248a21d34c1580354536488f25a89df,2026-09-25T11:55:32Z,2026-09-25-36132006504
2026-08-31,d80f2ffc2c27cc7208ee447eac6fa53c5c8f0b1b8a6b15f08f6f6e9064fd403d,2026-09-25T11:55:32Z,2026-09-25-36132006504
2026-08-31,d836ba199ea8308b454ccb6fe36b3b7516a7f25abd90916a5c65bcd6cded40ec,2026-09-25T11:55:32Z,2026-09-25-36132006504
2026-08-31,d853cdba3563561df99a0cb9831d53e89b44cff6524c8240a68723f908efe1a1,2026-09-25T11:55:32Z,2026-09-25-36132006504
2026-08-31,d93ab6bd759bdd6b6a3dc8e4a1683369becee354fa22008d102df18b999abff5,2026-09-25T11:55:32Z,2026-09-25-36132006504
2026-08-31,d943831805fd19c80f6bb2a64cf91b5ffdabc5dee4f3d909421b4f249589a0a3,2026-09-25T11:55:32Z,2026-09-25-36132006504
2026-08-31,d9653235f5576ee9b027036b63e505ccb1ab408a529b361af52d6751cf57610e,2026-09-25T11:55:32Z,2026-09-25-36132006504
2026-08-31,da99197a53eb20d0eaf15d6db84a1e221e9c515167f461a63d1fddb1cc4a2e40,2026-09-25T11:55:32Z,2026-09-25-36132006504
2026-08-31,db2df5edd08b723e8a330cfdd42d0d6f01b9960c68506389b517f7018c4e6736,2026-09-25T11:55:32Z,2026-09-25-36132006504
2026-08-31,db6dfef99768e79c0279ccecd7a034f1dae597bed9ae2624a139aca1c9e1c8b8,2026-09-25T11:55:32Z,2026-09-25-36132006504
2026-08-31,dc09937d24e3effc76263ee3c7b8e92e489b076152b0f5c2cfd8af6d772d69bc,2026-09-25T11:55:32Z,2026-09-25-36132006504
2026-08-31,dca62b49439f4fe4c90223c8806167da7935338a2c974f7701a6bc861606a23f,2026-09-25T11:55:32Z,2026-09-25-36132006504
2026-08-31,dcb5987704ab3ab321af15c01bb3a0360ea76d30c7584a465a5228212b446048,2026-09-25T11:55:32Z,2026-09-25-36132006504
2026-08-31,dcea01ae10987d8a8d848f76260d5ca279fdb4e6419d499460df8b32ff6918e1,2026-09-25T11:55:32Z,2026-09-25-36132006504
2026-08-31,dd15bcde769603e810fe3b16043262ac4aa3d51cf985215b99044fa41d7ffb3a,2026-09-25T11:55:32Z,2026-09-25-36132006504
2026-08-31,dd6105f802db8724c5b3f45414deb70461f86ae8366a24bffd05fbbe61ef1901,2026-09-25T11:55:32Z,2026-09-25-36132006504
2026-08-31,dd97677e6ccb952177390cebf27993638ba90bc88a2f8024e25023f52355723c,2026-09-25T11:55:32Z,2026-09-25-36132006504
2026-08-31,dda32ddec17269a28ce076ace2b4d22e225be6180916ab2ac64bce2c27c590f4,2026-09-25T11:55:32Z,2026-09-25-36132006504
2026-08-31,dda440eec130537462c266f712d8dee81c6ec6a00f50c31517e7ee7973577fd3,2026-09-25T11:55:32Z,2026-09-25-36132006504
2026-08-31,ddc343d90d4076b32a7c866d1bb923ad6edd387d4f84c20fbb360268ea88fa85,2026-09-25T11:55:32Z,2026-09-25-36132006504
2026-08-31,de273c9b28b869df379ed0592ba15afd5bc1f1b45b3e36ec1509d80670d972cb,2026-09-25T11:55:32Z,2026-09-25-36132006504
2026-08-31,de32c9e78583164752c0e173eb100bd38241fd546c7083277c3aa383848efdde,2026-09-25T11:55:32Z,2026-09-25-36132006504
2026-08-31,de61aaa7c5aea8141bd29a84d8d869b318736f5044c78e5a8442f67b37871cd3,2026-09-25T11:55:32Z,2026-09-25-36132006504
2026-08-31,de67532df99c64a97d8d58a56526023ca34678ced19468780f69414ce45defe1,2026-09-25T11:55:32Z,2026-09-25-36132006504
2026-08-31,de6c4ae54dbd6036e3c440a82ef211cb225afb8cf3db622d6ad52aa1a3171366,2026-09-25T11:55:32Z,2026-09-25-36132006504
2026-08-31,deb0f4211abb993b24ae4c8a0ec3a7f495033f6d88076d2405fa35886cc670c0,2026-09-25T11:55:32Z,2026-09-25-36132006504
2026-08-31,deccd1049f411d938e87974fe9296422a255f1fc07f3c2966adfb18f9ecf0889,2026-09-25T11:55:32Z,2026-09-25-36132006504
2026-08-31,df829b2ace2774dce749da041e0baa27c08dcf616d7ba15dce85c926e6d80a61,2026-09-25T11:55:32Z,2026-09-25-36132006504
2026-08-31,e05b6eef470246930b80e5b647095e6e8040c9763c1fb4901981b3024811e67d,2026-09-25T11:55:32Z,2026-09-25-36132006504
2026-08-31,e0ae1f96858517734b75bf579c0667e43bfeec35f7d5251b11280b1241137f02,2026-09-25T11:55:32Z,2026-09-25-36132006504
2026-08-31,e0bd68ceb88f157ae0ec3ce1f516dbc7492ad6cec470027592bf73f0cec3acd6,2026-09-25T11:55:32Z,2026-09-25-36132006504
2026-08-31,e105cc43d2932d49ba98e194e9417b757cf8f76e7d1da1d5970b1ee7c6ea9cea,2026-09-25T11:55:32Z,2026-09-25-36132006504
2026-08-31,e1723bef72e4b27a1a18742ae1d761b3b64340ac1a5b4640c70d5b4b946f51d5,2026-09-25T11:55:32Z,2026-09-25-36132006504
2026-08-31,e1d53762b69b91b2c06948895c23f0b86bc9af7339014a24905534a7478c3bfd,2026-09-25T11:55:32Z,2026-09-25-36132006504
2026-08-31,e23b9970cea2132b11905dd5ff7820dd002b60d51280eb96f315c1658f6c6a8d,2026-09-25T11:55:32Z,2026-09-25-36132006504
2026-08-31,e2a1c8fe2b5ef20f8ef4d21721e101921173add34a167bf399d321e9707689bd,2026-09-25T11:55:32Z,2026-09-25-36132006504
2026-08-31,e40c6b7d8fa84574cc66a57cbd3daf7a474fbf21ef456b96b3401e46d53622ae,2026-09-25T11:55:32Z,2026-09-25-36132006504
2026-08-31,e45bd52de423c67e931a94a8458cb5b529b0ca7e2232a1f3657e9c3d4927e5bc,2026-09-25T11:55:32Z,2026-09-25-36132006504
2026-08-31,e4691a74cc03f9360a442153e361fb6cf423177aa8ef3cc497f308d3e384adcc,2026-09-25T11:55:32Z,2026-09-25-36132006504
2026-08-31,e519e3ef70a73df83a283c87d2c0f0d80ee0c0a3a99be9c8973a3278d970d5fe,2026-09-25T11:55:32Z,2026-09-25-36132006504
2026-08-31,e52a475285a5aae202b4b9895b17c9ac961def72ae37c5bd230bc59b8438ec50,2026-09-25T11:55:32Z,2026-09-25-36132006504
2026-08-31,e621772cc4d5b6872742dcca5af0c60c946647760dd3a8c8d3952fc1f50d6e3c,2026-09-25T11:55:32Z,2026-09-25-36132006504
2026-08-31,e64e48e945b2e565736f7ac59f204eb4895e5e69491d7f2ffb4e2d9c41a13c49,2026-09-25T11:55:32Z,2026-09-25-36132006504
2026-08-31,e688ab35a080bec1f9bd9a1bb8f02dd5a3dd1b67773a8005107351161716d8a1,2026-09-25T11:55:32Z,2026-09-25-36132006504
2026-08-31,e7d6e96dabba11e218e0cb2829cb5129dfd9c1236e9e3a3fe211a0b6cf3653b3,2026-09-25T11:55:32Z,2026-09-25-36132006504
2026-08-31,e7dbc445eb22bf952a969036d1c28eacd4a0e24ab150523d1d42d3240b52b653,2026-09-25T11:55:32Z,2026-09-25-36132006504
2026-08-31,e80a6a5cf757c797b1936bbf1c3f3bc728853d11e4bdf1e420bab55f6a9ce914,2026-09-25T11:55:32Z,2026-09-25-36132006504
2026-08-31,ea01ca9d21acb41dc570b5b8b80fa2facce1defeeb622df2bea93f142e8d18b1,2026-09-25T11:55:32Z,2026-09-25-36132006504
2026-08-31,ea1edb669d64791192787aafbb9b613d2bdbe4b99b104e29ada57c3b8753f547,2026-09-25T11:55:32Z,2026-09-25-36132006504
2026-08-31,ea4a75e48588c6ab8e3249ef6f24b8374530b87cb98bce067848a8517091f95d,2026-09-25T11:55:32Z,2026-09-25-36132006504
2026-08-31,ea6ae967002c45149edadf07fa2579aa26e1e38d551897ac4d6e004350f13cde,2026-09-25T11:55:32Z,2026-09-25-36132006504
2026-08-31,eb42b2efeb9653875498d5c41187939e682c9cf50cd638314875f2937dda53f3,2026-09-25T11:55:32Z,2026-09-25-36132006504
2026-08-31,eb4a3e230c2e227da2c74d838d8cdafe8981033bee4413608d507d97fd0fbfff,2026-09-25T11:55:32Z,2026-09-25-36132006504
2026-08-31,eb7abe779fb3de8f7b6783445e0f0e7800900d0f45cbf60eaf659aad32f8d2b3,2026-09-25T11:55:32Z,2026-09-25-36132006504
2026-08-31,ec4a6c1e7fc54bfb10de79297459cbf90bab3f3d746121c2e6d5994bbe15223c,2026-09-25T11:55:32Z,2026-09-25-36132006504
2026-08-31,eccf23fbc1f7ef5b5c553952f7bcf0b67f72f852841e5e01e446b6e9c3139ac8,2026-09-25T11:55:32Z,2026-09-25-36132006504
2026-08-31,ed2287b9afa48d279883e2eefb5e365dcac15ddf2e3d806e140a5fcf13057c81,2026-09-25T11:55:32Z,2026-09-25-36132006504
2026-08-31,ed7491502ad28a2b9413c2d261fd57e9d81f58af5e1593d3f9586a5ce5d3205c,2026-09-25T11:55:32Z,2026-09-25-36132006504
2026-08-31,ee37d594e6de2ace6a16611dd0d4d5bafc24ba6b201581e735cdd876ebe8ebb4,2026-09-25T11:55:32Z,2026-09-25-36132006504
2026-08-31,eed0221f4bce0372ea94915c84ffb66683c1147901034c6821c00f83fd822083,2026-09-25T11:55:32Z,2026-09-25-36132006504
2026-08-31,ef05fda4660d0c7a92842b7df8cc737645c08257a3434b9cf2744c3700d092a6,2026-09-25T11:55:32Z,2026-09-25-36132006504
2026-08-31,ef0fc91522d134fa7dd435c5e5e6eb0728196d2c7f49953949603c2e30fe42f9,2026-09-25T11:55:32Z,2026-09-25-36132006504
2026-08-31,ef13edb12a529c7868cfa2674701ad44c2e7edf04db304f4e8b46f51c5f83616,2026-09-25T11:55:32Z,2026-09-25-36132006504
2026-08-31,ef6b1c382d5e38e527d449d0296d461fb027e6e98a3b1c19401ac564fa34d74b,2026-09-25T11:55:32Z,2026-09-25-36132006504
2026-08-31,efacc90ffe562584386864cf87db663579dea2f4c3138187b86796077231690a,2026-09-25T11:55:32Z,2026-09-25-36132006504
2026-08-31,efffdd78893fde0f855538f026028f0d8ba310cd19a216f14144e966035dff24,2026-09-25T11:55:32Z,2026-09-25-36132006504
2026-08-31,f039057e9b2aef2caf14f225b0b9ca965748d06f9526357087272bf70282819e,2026-09-25T11:55:32Z,2026-09-25-36132006504
2026-08-31,f0605cd41732e1e2caca0422936f66d33a77ed34bcfbbf64d4ea83cdc64c90bc,2026-09-25T11:55:32Z,2026-09-25-36132006504
2026-08-31,f085216b802872cb844f017aa84ef4bf85d8c81ac0410cd4093be224ed59c200,2026-09-25T11:55:32Z,2026-09-25-36132006504
2026-08-31,f13cd8a7556e44bfbac129e934d6bb11d8dc0203ae5d51af8c2f9c524b48220e,2026-09-25T11:55:32Z,2026-09-25-36132006504
2026-08-31,f1adc4459fdecb33c26c58e4a7b84da0663e28fc9274b251b5fb5ed4d3c4f737,2026-09-25T11:55:32Z,2026-09-25-36132006504
2026-08-31,f1ba8576410444efa13be09eb6233317ee7a17407bbc860b7ca1a39c2083efb8,2026-09-25T11:55:32Z,2026-09-25-36132006504
2026-08-31,f20ce551a1093be5e16be99668908912a26116fd17c9019b7733ab9d4122fb46,2026-09-25T11:55:32Z,2026-09-25-36132006504
2026-08-31,f21b39152444984847e6b5f1b8a88d9ca7b74ec8d71af2a02b098df553394ae2,2026-09-25T11:55:32Z,2026-09-25-36132006504
2026-08-31,f2bf1144d9bbedeebc933394b7a372553bb5e868acf25a14ea1c692a3091320d,2026-09-25T11:55:32Z,2026-09-25-36132006504
2026-08-31,f350c11f711f32d91b29cad1bc8b6bcbddbb8196a54971eaae4f95e681df8eca,2026-09-25T11:55:32Z,2026-09-25-36132006504
2026-08-31,f3bb5f0edf7bc0df89f039eadf15effbf5022ed6b9df4a26fea0e6c911c07c16,2026-09-25T11:55:32Z,2026-09-25-36132006504
2026-08-31,f3d513972707494b33707a7806a455c6e5721b747883e4f2da05b54fe7a5a25a,2026-09-25T11:55:32Z,2026-09-25-36132006504
2026-08-31,f419404898bdd9f37018075a31030c6f437dfc8c89d7bbadcd0f92d4ea8f97d9,2026-09-25T11:55:32Z,2026-09-25-36132006504
2026-08-31,f457ae1d80adb03605828153b8c7139bb8b50e3fe7d9b6289cf799335e8ceaa5,2026-09-25T11:55:32Z,2026-09-25-36132006504
2026-08-31,f48ea5a71e3855b4d1d8fa32a56e73a52f66c03a4ebea6bd7619684b0cd7b309,2026-09-25T11:55:32Z,2026-09-25-36132006504
2026-08-31,f4ab4aa2faf01c8de937059c73a8b8edebec8308640693f39739ec269a9facab,2026-09-25T11:55:32Z,2026-09-25-36132006504
2026-08-31,f5421d76af4c69312ee8a35eb6e8c9af87c08247430a5547a475532b5e16bd0f,2026-09-25T11:55:32Z,2026-09-25-36132006504
2026-08-31,f5671e1b66758b2ca3221fc4f82ea3a58de1ca6b86ecfabd17416e60f88d8826,2026-09-25T11:55:32Z,2026-09-25-36132006504
2026-08-31,f66481d4adde9ecc55bb2a25558a159eec54c5823a76285e21b1c8077819c852,2026-09-25T11:55:32Z,2026-09-25-36132006504
2026-08-31,f6d38edb45e8135de3cb5d89afaca149eaaa0b0e4b025dd923c27a47e9848c99,2026-09-25T11:55:32Z,2026-09-25-36132006504
2026-08-31,f87099e3013f7648569698b1fbcd63db8b0a2637a87916abe8b64915a091c521,2026-09-25T11:55:32Z,2026-09-25-36132006504
2026-08-31,f87c1e47d7ed6211fa21ad461ebd5d5cffc82c43f9e956453dcc2147a589d2fe,2026-09-25T11:55:32Z,2026-09-25-36132006504
2026-08-31,f91d040a77254af081b01ba29c7e077e60e50bc955b02125106810ff7cb43c80,2026-09-25T11:55:32Z,2026-09-25-36132006504
2026-08-31,f920930a3b241372b0d825ec4e8aabcf09f31bb7598ebcefc99b7322bf46dba4,2026-09-25T11:55:32Z,2026-09-25-36132006504
2026-08-31,f9a917cf2414ca890fc6634f4fdcf7d5a5380d5a7533b3bdb69e6fb95c0137dd,2026-09-25T11:55:32Z,2026-09-25-36132006504
2026-08-31,fa724981885b6c577693c7becfc541f201418f04df571f2f0c0b2f1977c8db4c,2026-09-25T11:55:32Z,2026-09-25-36132006504
2026-08-31,fb78d36a27d837e10b1ec6ff487098adde7ec1ea8a17889e127847fb187344fc,2026-09-25T11:55:32Z,2026-09-25-36132006504
2026-08-31,fb8bea1c4ed98dae8ddde2041ede5031affe9904e7cf3a3d417c4350636aad77,2026-09-25T11:55:32Z,2026-09-25-36132006504
2026-08-31,fbd2df8688be2ac873347e4f91213e51d64efb4d320abd7bc3a59bd4439b3855,2026-09-25T11:55:32Z,2026-09-25-36132006504
2026-08-31,fc517501ee3ddf851c0d4146c0390adf033288703ae27ca47a40a7d369c5c2dd,2026-09-25T11:55:32Z,2026-09-25-36132006504
2026-08-31,fd44861c32421df65da57cfeee12da3960ed7cabf1cd3683d7aea4f0c40bac43,2026-09-25T11:55:32Z,2026-09-25-36132006504
2026-08-31,fdceea949962afd5ab2fdd34ac1664989bb5e5d23b6b0ddf049305310443923d,2026-09-25T11:55:32Z,2026-09-25-36132006504
2026-08-31,fe15edeb6e1d2aaa176fc4b60e189fecddad784b808c70fb16d91f359ad4cd4b,2026-09-25T11:55:32Z,2026-09-25-36132006504
2026-08-31,fe260032e4a09948da58ffac551eda6f65d56a326e10b1e118febff3d6b4c4b1,2026-09-25T11:55:32Z,2026-09-25-36132006504
2026-08-31,fe33e661102504a72ad65bb265f26f76b2384f720021f8c9747822102d4ebb00,2026-09-25T11:55:32Z,2026-09-25-36132006504
2026-08-31,fe8689a747a7e496a6604f7f9734e99b31ee1a3ecf202eed292eaea884978d10,2026-09-25T11:55:32Z,2026-09-25-36132006504
2026-08-31,002055ab84a611d89ab43aa1123e74ed33e84dc6c8f049188639ab1394ef49f6,2026-09-25T15:17:48Z,2026-09-25-36153136821
2026-08-31,0056fec84a659a81aa0e6dd072b66c490b2a0f20241fabecef44a413a3361e17,2026-09-25T15:17:48Z,2026-09-25-36153136821
2026-08-31,00f276963e9c59b4867a3513ad71c3b6ab2787522da80012d8f5760268c3e70f,2026-09-25T15:17:48Z,2026-09-25-36153136821
2026-08-31,01524d60e8a95e03c0498beaa4ff1aeabe6815c14aae6930efc23eda9fac2c18,2026-09-25T15:17:48Z,2026-09-25-36153136821
2026-08-31,015b7ab27f37450fb73f0def2d021c7f1fac11d5d891ec42d29b44e107d4f6bb,2026-09-25T15:17:48Z,2026-09-25-36153136821
2026-08-31,020159e332d160c5e60c2cff620b7e084985571ac8d587e7766de0770213d5ea,2026-09-25T15:17:48Z,2026-09-25-36153136821
2026-08-31,036b7a68222592a3b4248502b0a3b2c0be90806f9825c498ff0859584f0d028c,2026-09-25T15:17:48Z,2026-09-25-36153136821
2026-08-31,0396e588a56b8929bc265e5fd40862d04fff28c90fcc3bfac0ebd6ec8f15fd40,2026-09-25T15:17:48Z,2026-09-25-36153136821
2026-08-31,047f06fec9ec4891889fbe4cc4cdc25f4fa7a4bed2a5c0266ff595154666eaac,2026-09-25T15:17:48Z,2026-09-25-36153136821
2026-08-31,04b75c689b690d341787f0d04fa65ba8b42e910c2eaf788ddbb877c282dc0ae1,2026-09-25T15:17:48Z,2026-09-25-36153136821
2026-08-31,04c7857c458c7265a610b56657214c127abecad5d4f9ff0193ef06b1a0beb3c2,2026-09-25T15:17:48Z,2026-09-25-36153136821
2026-08-31,04e5cf5f8d79f5921af5531f4961bc6eaf70e16fc026466ff0a9aa0425ce41f6,2026-09-25T15:17:48Z,2026-09-25-36153136821
2026-08-31,0559238d5cb9ed2ecde2f1217f707010ba1137ded81564d0ede93e5e9fb30b64,2026-09-25T15:17:48Z,2026-09-25-36153136821
2026-08-31,057112e597b247aca52435857f6f86562e5af66e0192a5b2cc531a4ecae5f9f0,2026-09-25T15:17:48Z,2026-09-25-36153136821
2026-08-31,05ce30a911fafafdf7717dcd26324fd0c94651b301c0d23eb9442e9c6630228e,2026-09-25T15:17:48Z,2026-09-25-36153136821
2026-08-31,0627b81624fce1aff7c0ac88cce194e1f35e9e3051f241d6113bbc85720e92b2,2026-09-25T15:17:48Z,2026-09-25-36153136821
2026-08-31,065769ff5ab22a0fa5278e05ba47669d4e336bbf5ada27618b045a76d0e70f98,2026-09-25T15:17:48Z,2026-09-25-36153136821
2026-08-31,06d73e4aaccc670c8de8b13ffecec64c95729102adbbfb650ce86573db47aa59,2026-09-25T15:17:48Z,2026-09-25-36153136821
2026-08-31,06dba6de9c354d67ea2b6f48c46ce09268dd63134212b1caf97b7cab0e77e290,2026-09-25T15:17:48Z,2026-09-25-36153136821
2026-08-31,06fa14708e29f43bfe457d84bfdb2f0e7e5dee0e540dc47dc197fba4324af3bb,2026-09-25T15:17:48Z,2026-09-25-36153136821
2026-08-31,07068d41d462913d86a3cb5565b17e7515c275ca7c3d72176683f843044d0692,2026-09-25T15:17:48Z,2026-09-25-36153136821
2026-08-31,07e6d9a3a7e0980f02c72868506d3dc3267d927f1763f5574a6c3a5e1c968096,2026-09-25T15:17:48Z,2026-09-25-36153136821
2026-08-31,083e83d338a4afd2a639ddd571a111c5b8a3272830520585fc48087cfc631c36,2026-09-25T15:17:48Z,2026-09-25-36153136821
2026-08-31,0856aae877caafcb4d892b70ec7606fc1972100fa7e8f386b98d8eccab480880,2026-09-25T15:17:48Z,2026-09-25-36153136821
2026-08-31,08666cd605803b0714689e8ae056fa79789b4ec564a5d871f3b8286be7204e69,2026-09-25T15:17:48Z,2026-09-25-36153136821
2026-08-31,08b7b407c63aab365f9c412e1911ebd764db7dfa63906967774c8e51c6aa22d5,2026-09-25T15:17:48Z,2026-09-25-36153136821
2026-08-31,08e10b0a0c864c020d2ced2c33664a9d138ab5c753ee1a4404d150b0bb26e5d4,2026-09-25T15:17:48Z,2026-09-25-36153136821
2026-08-31,08f283707bab1e76e6f22f5074e997c2040324c41be6004e968d0f0b88260723,2026-09-25T15:17:48Z,2026-09-25-36153136821
2026-08-31,09b0f114d00d500aa9308f75eee1bdc5602211db18a355b15f81b69f99d9c42b,2026-09-25T15:17:48Z,2026-09-25-36153136821
2026-08-31,0a44f610959955ddbb7194c8423addc818b6c20dba42af81d379aa91b7d4fd7f,2026-09-25T15:17:48Z,2026-09-25-36153136821
2026-08-31,0aa20d1999aa98a8206cabfb51dd85e43aeeb238a8180a3cc4814e5864d46d7f,2026-09-25T15:17:48Z,2026-09-25-36153136821
2026-08-31,0ad2fb20617c70d5d922f1250997fc7f041f6292e4f95aa8b6b4cdbb0e86ab59,2026-09-25T15:17:48Z,2026-09-25-36153136821
2026-08-31,0af256f5373a5d7f25213de5af7e2c241513b0ce25c27c6433748ce1d0fb97af,2026-09-25T15:17:48Z,2026-09-25-36153136821
2026-08-31,0b11e3b2483392e6c261e5dc97431d602ff08f742920bd48095b91f481ff733f,2026-09-25T15:17:48Z,2026-09-25-36153136821
2026-08-31,0b5cb7dbbaca230c0105413ed188363f8c7a819e6431c4c9de799fd2287971a6,2026-09-25T15:17:48Z,2026-09-25-36153136821
2026-08-31,0b8b808336fa08d668268bf14e5b22342759caf602b77998ba64b7dbc4e7e5bf,2026-09-25T15:17:48Z,2026-09-25-36153136821
2026-08-31,0b92373f3c1b724dd5fd9b78f40f0a817720ca173ff4f14ac7f72e23630e0f49,2026-09-25T15:17:48Z,2026-09-25-36153136821
2026-08-31,0c492ef0eed97f068d79bca5867f0159cbcc5c18ea9d3e2086047d2d49441b16,2026-09-25T15:17:48Z,2026-09-25-36153136821
2026-08-31,0cf5f8394d82834c94bf23342d91dedfce69e10a93c1ce679046e0b20a2d2115,2026-09-25T15:17:48Z,2026-09-25-36153136821
2026-08-31,0d09a8e89a56c6963ea1e915a7904b695657619ad675f45264da05ef35e34546,2026-09-25T15:17:48Z,2026-09-25-36153136821
2026-08-31,0d39ede073cad49729ff348fddc80cd053e720680159266a336dcb8a82f1c54d,2026-09-25T15:17:48Z,2026-09-25-36153136821
2026-08-31,0d474e3f414aef6019f37c8ee20e1160f921fc160883d34b3c570046bfcaa6d7,2026-09-25T15:17:48Z,2026-09-25-36153136821
2026-08-31,0f72fde33e9c054b115760b0f90fd7f8eda49b742e2521453f337917226cf9b1,2026-09-25T15:17:48Z,2026-09-25-36153136821
2026-08-31,0fbe55c94c190bc703835adca54f8eaa8abbcb6ee16f8cdfb60f869840861ebd,2026-09-25T15:17:48Z,2026-09-25-36153136821
2026-08-31,0fd1502b93425e897054ac24bd530ce3262774f83c7dfc21947d54dd82337cf9,2026-09-25T15:17:48Z,2026-09-25-36153136821
2026-08-31,107c47947bddc77f078541f99a88fb6e5dda312873c335f8d0a4b4f466ecd7b0,2026-09-25T15:17:48Z,2026-09-25-36153136821
2026-08-31,126ad487591822e040a8fc13ce3528cf7413eaede7f2916fc74d6e5e5fe47fa6,2026-09-25T15:17:48Z,2026-09-25-36153136821
2026-08-31,12ab23ebdca312a9b42f45ee5a67c094295beef0a44fc5d79b2a60ba81704d56,2026-09-25T15:17:48Z,2026-09-25-36153136821
2026-08-31,12ced4c40f0346825450841c24a7a60fe09513930a5425bba18b38bb0a4d25f8,2026-09-25T15:17:48Z,2026-09-25-36153136821
2026-08-31,12edcb7b340d3fd2c05b4be1d64931658ca08f88bdd1939177c3e271668dcab6,2026-09-25T15:17:48Z,2026-09-25-36153136821
2026-08-31,133c8f58eef341d145183218967ae01901e66355b4b471be1435f15a1db4f8cf,2026-09-25T15:17:48Z,2026-09-25-36153136821
2026-08-31,134d4c20f39f5e42f6f71a9a5e7785c8f29713b2a746ad60da65cb29e2b14555,2026-09-25T15:17:48Z,2026-09-25-36153136821
2026-08-31,1373d95acc5b3421b17d7a6fd85cec25ad06683d0ebadfbc590ae093b165ad51,2026-09-25T15:17:48Z,2026-09-25-36153136821
2026-08-31,140e7df65989a74f375dc4792273f774656d4504ac1686138773801530cc9214,2026-09-25T15:17:48Z,2026-09-25-36153136821
2026-08-31,14126180a3438413e57ee0fea85b37ec4d113324e913dc41770a012e79738441,2026-09-25T15:17:48Z,2026-09-25-36153136821
2026-08-31,14162b238b52e6d2a8951ac4772fe0520d43af9ecb6245a60a8f50a88c592b34,2026-09-25T15:17:48Z,2026-09-25-36153136821
2026-08-31,153d2f5b8aa778ab2830f3ef3b36c577544d457cc8b92d1ac63fb144f7dd7064,2026-09-25T15:17:48Z,2026-09-25-36153136821
2026-08-31,16238957ab5d4f368fc236353d175f731a1802d984a91cdfe2457a94557ef9eb,2026-09-25T15:17:48Z,2026-09-25-36153136821
2026-08-31,162a8b39209ff01c8fe9d9ff86f53f860701794a7e2023025f53dc5af151fcfb,2026-09-25T15:17:48Z,2026-09-25-36153136821
2026-08-31,164f7e3cdb0d306680a521baafa659b525d3958f10e4e3d9e11c81297ca4793b,2026-09-25T15:17:48Z,2026-09-25-36153136821
2026-08-31,1726f5271adb0a19f0265d99ca44e87cb21e7de5e4469948c124e4defc711516,2026-09-25T15:17:48Z,2026-09-25-36153136821
2026-08-31,17660d560f4740df32b29d7d770c47222a4e00ab6ef759bcdae33c5ba73a209b,2026-09-25T15:17:48Z,2026-09-25-36153136821
2026-08-31,17ce225ab1c052b564082a7536e98bc4746578ebe3ce3d1c99ee22e496f1dc88,2026-09-25T15:17:48Z,2026-09-25-36153136821
2026-08-31,180a6e3d31b0043dd317d1b5ed069357e8937b320dbfb7cfc24f402621fe99f1,2026-09-25T15:17:48Z,2026-09-25-36153136821
2026-08-31,1851015f551a1053e83132dd967ac4bb77d0bb452e170fa27a6db444211009b0,2026-09-25T15:17:48Z,2026-09-25-36153136821
2026-08-31,188a7a31e66fc172b51d6b854ed60ffc547ec62a030969741dcef04e57dac8eb,2026-09-25T15:17:48Z,2026-09-25-36153136821
2026-08-31,18f0c0d22ecb4859e6610ef6b9f873ec6df3d19ede66dfb3496f4f253fcaba08,2026-09-25T15:17:48Z,2026-09-25-36153136821
2026-08-31,18fc512ab28d9f83336a2bc4e948bbc005850a32582e40a6af8d3b0a07185754,2026-09-25T15:17:48Z,2026-09-25-36153136821
2026-08-31,1908f47a72bb93dab8a13de1978752ac29d3d78b63fe2b9bf5965f974a7b47eb,2026-09-25T15:17:48Z,2026-09-25-36153136821
2026-08-31,1941018d4765cc05345d879aa45a87f555fa0fb660f27aa82c8104519a42e9d3,2026-09-25T15:17:48Z,2026-09-25-36153136821
2026-08-31,19f3928f5cfb07b0d30517a6a11c86782caf7438def44bd7fc82187fcafd9891,2026-09-25T15:17:48Z,2026-09-25-36153136821
2026-08-31,1ab858444c4d0808465732d7e48f5082f43d459f4304abaa0e9f1fd9a1caf70d,2026-09-25T15:17:48Z,2026-09-25-36153136821
2026-08-31,1b4128d4d4b75b871265b6455cf0781c0db807329d611f3bb27545c996d61874,2026-09-25T15:17:48Z,2026-09-25-36153136821
2026-08-31,1b6adaae17b54dbc7f5ddc671b1ca2fcd578c62e399c86c1420bc7f5a88762cc,2026-09-25T15:17:48Z,2026-09-25-36153136821
2026-08-31,1b7fc5b97ce27efa1c01180e256e8352027e7ba7eba5e43793e917f22e91ed4e,2026-09-25T15:17:48Z,2026-09-25-36153136821
2026-08-31,1b8508c64b7cc206777e1a685e782edf1551a69651de7cbebd83ef6889562da4,2026-09-25T15:17:48Z,2026-09-25-36153136821
2026-08-31,1c0a2440177f641ccfbffffb176a9ceb88c44f276f731a277754ebc0c25fe949,2026-09-25T15:17:48Z,2026-09-25-36153136821
2026-08-31,1c4939dccf0a6a2e27d34a697fdcb8a1f01eccd9e2ccda2d7ca7bbc94a34ce2e,2026-09-25T15:17:48Z,2026-09-25-36153136821
2026-08-31,1cfffe9f1ee1b53a2e089e0c967ee94fa9b58f930a369868e831f9d4814e1e60,2026-09-25T15:17:48Z,2026-09-25-36153136821
2026-08-31,1d30fa6f8f63875cd22a6f08c419ab293ef5c08f0961422423ae760e7141dabd,2026-09-25T15:17:48Z,2026-09-25-36153136821
2026-08-31,1d3bc94ed7e5e289d7ef785f8a0436c07b768542ac0b12a4672250b589fc3abd,2026-09-25T15:17:48Z,2026-09-25-36153136821
2026-08-31,1dcb78fdef7e523de1011384b2b5cf7db865846c18298519e6510d91159537f1,2026-09-25T15:17:48Z,2026-09-25-36153136821
2026-08-31,1deb8200d72dd511230dfac79f6b77e7c8342032ef220beb962ef62aad8fc4c1,2026-09-25T15:17:48Z,2026-09-25-36153136821
2026-08-31,1df9c309116cdf3339a8b1094cfb8e917cdc3428216103278ba213c34432ca2e,2026-09-25T15:17:48Z,2026-09-25-36153136821
2026-08-31,1e1e14da2c426832942f41e0ae814c737d9508697dfcb7e9638ab20611b45568,2026-09-25T15:17:48Z,2026-09-25-36153136821
2026-08-31,1e5a33977b5cf1502ee71985be88e2a75eef007370bf062ed00a92796d33443c,2026-09-25T15:17:48Z,2026-09-25-36153136821
2026-08-31,1e722cd85bf658dfffdc0013f474f029d01f80301609f7a6377dac838e06953e,2026-09-25T15:17:48Z,2026-09-25-36153136821
2026-08-31,1e7fbec5e4576b4df4b058bd30b9903d403ad2da8df59c9f4ed86f6bdd182497,2026-09-25T15:17:48Z,2026-09-25-36153136821
2026-08-31,1f44216b8fe02dd90307f71070da2c920d7603ba33ccaeacbf5d90b3881f860c,2026-09-25T15:17:48Z,2026-09-25-36153136821
2026-08-31,1f551c7eef9047179de96dfd759dc87b3f7ec7c78bc56c56ed9d3b159f8b6e55,2026-09-25T15:17:48Z,2026-09-25-36153136821
2026-08-31,1f8939d55143f403800225d29d9273a971eee7e88705d81eee3c3ea2682b1df8,2026-09-25T15:17:48Z,2026-09-25-36153136821
2026-08-31,1fe7eaf81c2e08642973706c1fc9151bf7a41062dd029f01b4ade17cd99f05bf,2026-09-25T15:17:48Z,2026-09-25-36153136821
2026-08-31,2012a72227fc288fc91731ee78ebf682fdc06d1d0baa6e9bb171203028f5daa8,2026-09-25T15:17:48Z,2026-09-25-36153136821
2026-08-31,201d07eb8afbd577be4cce52bab37c70a7ae73949647651fe91a3513180498a0,2026-09-25T15:17:48Z,2026-09-25-36153136821
2026-08-31,208674b8226f7d7bdda654032315a0a92c4df83747459dbe5cc60f9522b31aea,2026-09-25T15:17:48Z,2026-09-25-36153136821
2026-08-31,209be65ee93ce831f0d2d644b888f20d63e20746bbf5357db6000357ec876b54,2026-09-25T15:17:48Z,2026-09-25-36153136821
2026-08-31,212ba6194504650bf27a15da6920c8c408c426735c0f2d533ec62260fa23ba04,2026-09-25T15:17:48Z,2026-09-25-36153136821
2026-08-31,21491a2eb9902d79b3e4823bae7cff4a1f5b4c70e1a11b4421f0a73608adcadb,2026-09-25T15:17:48Z,2026-09-25-36153136821
2026-08-31,2174da57de9ecefdf77f3cb02c3177e26d5d218c4b9472c2f0098966b3fc4507,2026-09-25T15:17:48Z,2026-09-25-36153136821
2026-08-31,2192f6a165bc2067c9f63595d8e999532963772a8b0101b25b656030c4f08515,2026-09-25T15:17:48Z,2026-09-25-36153136821
2026-08-31,21cdcbe683355747328882c9b26b04ac257acf316511cb923608b41fe3667d76,2026-09-25T15:17:48Z,2026-09-25-36153136821
2026-08-31,228e1164d19d3bbae6dbccf22a7a98c4f80ea266d344b9d5806473d25008320e,2026-09-25T15:17:48Z,2026-09-25-36153136821
2026-08-31,22ba038953633feaa9a894cdb4e40c92a260fbcb2db4a9d23458a2bd110b63b9,2026-09-25T15:17:48Z,2026-09-25-36153136821
2026-08-31,22eac0f53d2b5ae63584706ffe10e555c9816d570a28773cb06d0db08f4a3305,2026-09-25T15:17:48Z,2026-09-25-36153136821
2026-08-31,23340355208534dc4cce8c331df49656ecf03280fb2c74a11c979d36360e1d2b,2026-09-25T15:17:48Z,2026-09-25-36153136821
2026-08-31,236d71a878e8471cb3a9abf978d7139d43eff19014e8f91a9199b94307aa5d1e,2026-09-25T15:17:48Z,2026-09-25-36153136821
2026-08-31,2441c28e9d71db51c28934949d8abef0e4fe5c02897cc08a38ec69fb9f47098a,2026-09-25T15:17:48Z,2026-09-25-36153136821
2026-08-31,2448ad6dfe450fb8c4b3309a846dce7f248cda94372393bcfd43034e558b9f03,2026-09-25T15:17:48Z,2026-09-25-36153136821
2026-08-31,245e4e224e86f91306352a184ef034e705374262da7482284b17d239c39ffe9b,2026-09-25T15:17:48Z,2026-09-25-36153136821
2026-08-31,2465d1de4bb32b8290bc9b5bfbe317c8b90572a861f84eadcdb6a555521fdd27,2026-09-25T15:17:48Z,2026-09-25-36153136821
2026-08-31,248c914148436d14cf2ddc8e9f5bc4cf85cc2cca75859d724dbe8a5dbd5e6634,2026-09-25T15:17:48Z,2026-09-25-36153136821
2026-08-31,24c3644328eb526d24a96b4f268d2a65ff7e1c8d1f4d209024fe9ef9be3bedad,2026-09-25T15:17:48Z,2026-09-25-36153136821
2026-08-31,25a894eca1081da4d5c67be341de43cfc947b7da7bd47f63eb406624479438d2,2026-09-25T15:17:48Z,2026-09-25-36153136821
2026-08-31,263a827ce77f5f809c45232ddc863c71f41fcf717aa7ffb91903ca841ad3d4b9,2026-09-25T15:17:48Z,2026-09-25-36153136821
2026-08-31,2734a70a71c9c397d0201c4d418fdf53b6596d97e262d78508c45c2ff422529b,2026-09-25T15:17:48Z,2026-09-25-36153136821
2026-08-31,2772760804ace8d0f6648f2ffbda23126ecf56f134c65973c2e7ce778e60e13b,2026-09-25T15:17:48Z,2026-09-25-36153136821
2026-08-31,28d17b76c4892936e91d6f72a7694d6f68ca32896bdf86516dedcce9aa4e8f9a,2026-09-25T15:17:48Z,2026-09-25-36153136821
2026-08-31,29ad6ff17b7a1176d7fd9581a9790507c57acdfc1c850524afb84b66c1edbe73,2026-09-25T15:17:48Z,2026-09-25-36153136821
2026-08-31,2a12ebc26ad049912264f8cad20d2eb22757d4d591049599ffc64316630d87c0,2026-09-25T15:17:48Z,2026-09-25-36153136821
2026-08-31,2a36033f0508b3658dc07e3afce77ee2bce5a7a4b202f0353e9cfdb3512475c4,2026-09-25T15:17:48Z,2026-09-25-36153136821
2026-08-31,2b5c157dcd50bc50e354ea71bb3177fe1dc1ef9ead376f5b8508ccb050f49ad1,2026-09-25T15:17:48Z,2026-09-25-36153136821
2026-08-31,2bcf5b8524d3906087edd7b5c91a4809f01dc1bf0836dc7fab992246a2b9f617,2026-09-25T15:17:48Z,2026-09-25-36153136821
2026-08-31,2c1ee3c7900ab338564c5aa4f2525c79e191ec63285d261f7242e91263518da3,2026-09-25T15:17:48Z,2026-09-25-36153136821
2026-08-31,2c25ea0587bed59761b51a77d553229360039a2ed00f6bc5019d838a2ff8daf0,2026-09-25T15:17:48Z,2026-09-25-36153136821
2026-08-31,2c70e29b902fd58b49f906815f4a141a9be5b640ac908ebb78e01917cd3c04cb,2026-09-25T15:17:48Z,2026-09-25-36153136821
2026-08-31,2e0e0d9ec22ef00215a2e2545ca9e359dad35efce2f0ab12ce8bfc2fb1b7cc19,2026-09-25T15:17:48Z,2026-09-25-36153136821
2026-08-31,2e4f80b94efbbdf70cabafc9f6fc782da83a72617f1053ba74eae901a2b61d9b,2026-09-25T15:17:48Z,2026-09-25-36153136821
2026-08-31,2ecd27b39b0a7c23a12525220b2d53a1ea9a1995e021e69c06a0cb0aba03b3e0,2026-09-25T15:17:48Z,2026-09-25-36153136821
2026-08-31,2ee82356fb7ceee9db535368cf065b78cbf484b8e605a4f9c9543f1bd09332be,2026-09-25T15:17:48Z,2026-09-25-36153136821
2026-08-31,2f4f5ec25586f91b6c58b68d5c15ec14d91276578a218cf95daae016ac7ba21e,2026-09-25T15:17:48Z,2026-09-25-36153136821
2026-08-31,309374e1b706b0f4a74d78320ff6e175644e4ea4d12872d02ccc68ea51829416,2026-09-25T15:17:48Z,2026-09-25-36153136821
2026-08-31,30acb894fad958f4c91582ec69c9fc849f53955045c61acbdbdea1bb75edf2a6,2026-09-25T15:17:48Z,2026-09-25-36153136821
2026-08-31,30b7716126265a7c56b6fe9b9c09cbe8bf30e019565bd505d91973b8f45697db,2026-09-25T15:17:48Z,2026-09-25-36153136821
2026-08-31,30f78199af1ed00c0dd99ad6d60f5583ce17cc1eb6d54b0da2f3213aa035e18d,2026-09-25T15:17:48Z,2026-09-25-36153136821
2026-08-31,30ff5205250bd81eea129991599e99ff8df036c209630ac958aea9267fc0adb6,2026-09-25T15:17:48Z,2026-09-25-36153136821
2026-08-31,3179ed44b00855b5fd750edd45363db491e48c24439da76abb80f6d00daac0ae,2026-09-25T15:17:48Z,2026-09-25-36153136821
2026-08-31,31c8b9afb22faa423e5ba168b6c84280b8bc12b0c34a17362cfd6ee831a0e96b,2026-09-25T15:17:48Z,2026-09-25-36153136821
2026-08-31,33297f080c0ca6e9ff5cf115b12f8b68813a1ed20c154ba5a791c5f229b6f20b,2026-09-25T15:17:48Z,2026-09-25-36153136821
2026-08-31,3339865afff4cca690e0811a193c0d2ea90c2ca0a6744aa6baa50b1d150bfde0,2026-09-25T15:17:48Z,2026-09-25-36153136821
2026-08-31,339adccb1da616a05e27bc7df3c211d4323d53ff43c62ad46894f612a2ff04ec,2026-09-25T15:17:48Z,2026-09-25-36153136821
2026-08-31,34064e03d15374ff050a720d7e96d4b15256e9d22150c21ee1f10ddae0483e96,2026-09-25T15:17:48Z,2026-09-25-36153136821
2026-08-31,34295f7584e798ae7472da9f0f7e8300a9665c19cd0a729e23a83df3e7c9cf31,2026-09-25T15:17:48Z,2026-09-25-36153136821
2026-08-31,343686fb0c312bb6e0e1b1181ab886ca1202dcc2acb8e9ad21ee8cc7852aa6db,2026-09-25T15:17:48Z,2026-09-25-36153136821
2026-08-31,34a61ae95383183c94497011507d840ed18e9ca3935ade85e0662c28b47a1f7b,2026-09-25T15:17:48Z,2026-09-25-36153136821
2026-08-31,3509f30e42a2c060ed82242d4765afa594b9dbe2427cb35ca137e5b1b03ada27,2026-09-25T15:17:48Z,2026-09-25-36153136821
2026-08-31,365fd946a02aaf0844fcf43e5232bb33624931cd7a830b6520ca6d47522c4a74,2026-09-25T15:17:48Z,2026-09-25-36153136821
2026-08-31,37756273d8f3c0b8b16e96f9e4ae71ed63bc7709636462fa3bdcb02c90e776a7,2026-09-25T15:17:48Z,2026-09-25-36153136821
2026-08-31,37a8422a077f31e8c6900f658ea9e47add561f582d6cb00601abe80d22a48bec,2026-09-25T15:17:48Z,2026-09-25-36153136821
2026-08-31,38dff4f88963ddab1cfd6c902897e08f4902ee130cb170692971eeeb304cd04d,2026-09-25T15:17:48Z,2026-09-25-36153136821
2026-08-31,390e7a155ce6e67cc4af87e4f3201b333327239e081e0937531cad30e1239cfb,2026-09-25T15:17:48Z,2026-09-25-36153136821
2026-08-31,395628f1b0ae5e69187e4e1c82cef2d14dde5a153c18961bd3f3e56c8d78584a,2026-09-25T15:17:48Z,2026-09-25-36153136821
2026-08-31,39587958bad6ab21be994b27ccbf7795f1eb98ec8b2f084ccef11bc0617a04fe,2026-09-25T15:17:48Z,2026-09-25-36153136821
2026-08-31,3a1e177a26cc2be255eae89cc5331e28aaa8754294c61afcae768376068a65fd,2026-09-25T15:17:48Z,2026-09-25-36153136821
2026-08-31,3a6fb934a2bcbc19f6d95ee2fa768800171692453dd22cdc231e9e9ebc47b3c8,2026-09-25T15:17:48Z,2026-09-25-36153136821
2026-08-31,3a794a6c3990b6e2eb68d407bd6caa86a9e48b7cd2137e13da98739e749de5b3,2026-09-25T15:17:48Z,2026-09-25-36153136821
2026-08-31,3ad1798ae1958f7aa1e63b4de3c84dfc52423f4b81449f7ded5eacf0826be4e1,2026-09-25T15:17:48Z,2026-09-25-36153136821
2026-08-31,3b1e24914a510b5d3bed835f51413d8cec424dd9e58a2ae3e9de33aefa654f4f,2026-09-25T15:17:48Z,2026-09-25-36153136821
2026-08-31,3ba49d3a1c3af050dce4046d8dfe03553702a8274aaf5bff24b488e648646bb8,2026-09-25T15:17:48Z,2026-09-25-36153136821
2026-08-31,3badae4888c0274ed13f1527c33235330d24f5918c9ec47323915fb5c18f08c1,2026-09-25T15:17:48Z,2026-09-25-36153136821
2026-08-31,3cf338798138c3630200e527cd200224c5486552ea9f594763b53bb1037ba2da,2026-09-25T15:17:48Z,2026-09-25-36153136821
2026-08-31,3e21e3c4e0bb628c5ea181861dffc03026a57c8d26ee11be87b4f18f99970b77,2026-09-25T15:17:48Z,2026-09-25-36153136821
2026-08-31,3e38aa284fc3dc77bd9c11757e6c229d89700d0bdb3cf2f9883fae195bfeaf66,2026-09-25T15:17:48Z,2026-09-25-36153136821
2026-08-31,3e9024804684a3ccd9a2e6b14b0e0c366ee8ec9c8f2e06ca290d97c894b82926,2026-09-25T15:17:48Z,2026-09-25-36153136821
2026-08-31,3f84a3e2885da66d0a3a0c0c84d6887f79dad1d8403746f55fe6f76e2a5b49dc,2026-09-25T15:17:48Z,2026-09-25-36153136821
2026-08-31,3ffc84bfc03145b50c1a61b2f8a5d16c2bee4603ac2f2ed83d2a217603fcc998,2026-09-25T15:17:48Z,2026-09-25-36153136821
2026-08-31,40783cb011c21f4ab11cef4ff2c73b1476e7032e7872b996535c4c0be8bbec58,2026-09-25T15:17:48Z,2026-09-25-36153136821
2026-08-31,408dc4d67ff77c61b70d8e65cb9b0069e5d288047e6c2f6006172fd04284ca7c,2026-09-25T15:17:48Z,2026-09-25-36153136821
2026-08-31,40d92392b91599218c1e73dbd7fbd93462f0866ed88e1929347cf348d361a267,2026-09-25T15:17:48Z,2026-09-25-36153136821
2026-08-31,41731005c693f4c58a8056e4e6651900c136e3c2150a20a5b32efd5eeec34860,2026-09-25T15:17:48Z,2026-09-25-36153136821
2026-08-31,423c4c87f91073f13a66d9bf320cf14c8455bfc975c45913dc1d6b3ecb77bad0,2026-09-25T15:17:48Z,2026-09-25-36153136821
2026-08-31,4301f2a763cffacd3f4fb9a6eb47571dd80eeb436636f8ca718b0ffe08f14326,2026-09-25T15:17:48Z,2026-09-25-36153136821
2026-08-31,4352c7adb4e826eaefad845392d872424b0a76bb4b205b7ce09f5d248bacdce9,2026-09-25T15:17:48Z,2026-09-25-36153136821
2026-08-31,43d52dd1bb709f104b45eadf3bb150d8de7e39b7bb97797fc0bc52b61df2dc6d,2026-09-25T15:17:48Z,2026-09-25-36153136821
2026-08-31,446848a0db2996dd8ab121b97c8ee609529260ed809c72a84de924c0cd7cd772,2026-09-25T15:17:48Z,2026-09-25-36153136821
2026-08-31,44f2e885735cf128d025906c129eeea77a3d8cf3e642bc8a57f8caa62275af85,2026-09-25T15:17:48Z,2026-09-25-36153136821
2026-08-31,4585a3c791c0d4a66f4560d8adb54948e8fc9df5e5ba6f6d409625827b1fea40,2026-09-25T15:17:48Z,2026-09-25-36153136821
2026-08-31,45ec768f4a59d51d7002be84ed3ee0aa1c15e4343ae242d1916706bc13249307,2026-09-25T15:17:48Z,2026-09-25-36153136821
2026-08-31,46230ac71a6716f0505240eb22ce83b3729e76b86d48078aab932c6054c6fb38,2026-09-25T15:17:48Z,2026-09-25-36153136821
2026-08-31,46c3950c49939add9b5e5917ad09ba5ad645f4f2aed003c6f949b2ffac685267,2026-09-25T15:17:48Z,2026-09-25-36153136821
2026-08-31,46fe2ef4fc3aaf3758f6c628580cfc92c0de7548094911eab5f9a93f3487697c,2026-09-25T15:17:48Z,2026-09-25-36153136821
2026-08-31,476ee7f516f93e96887f3a8ba586032efe08962808ac5026f24517f01ca829f7,2026-09-25T15:17:48Z,2026-09-25-36153136821
2026-08-31,479408ba94306cea2c27b6adeba0aa5897cb50ad5d65cce82be851092f5410ba,2026-09-25T15:17:48Z,2026-09-25-36153136821
2026-08-31,489340e4edcfc539225dd797d4d2409fd65d404a688de29225d12bd23438d508,2026-09-25T15:17:48Z,2026-09-25-36153136821
2026-08-31,48b92c1ffc1dffae1bc3f35ac5d188708a1ac53848b95169d91e1ed4c3d44be6,2026-09-25T15:17:48Z,2026-09-25-36153136821
2026-08-31,4ab0679f1b517d4bd6d827266665e97a05767d891c41a84f9cec8f3659433603,2026-09-25T15:17:48Z,2026-09-25-36153136821
2026-08-31,4ae5e1122565f74d079be7353a9438bc2f80d34a804466f1181407f4ae7764d7,2026-09-25T15:17:48Z,2026-09-25-36153136821
2026-08-31,4b2edcea35b215169002409aa414c57aac131b174c52502a822417dccfa19922,2026-09-25T15:17:48Z,2026-09-25-36153136821
2026-08-31,4bdf4bcb4ca3380e43e7b21f281286786d952069b10beb77cf8a44f71cd5444a,2026-09-25T15:17:48Z,2026-09-25-36153136821
2026-08-31,4bea5d6d58a9bf0c83cd81f7bd8088d726811d9a244a4fc68dbc652b9c8b9d0e,2026-09-25T15:17:48Z,2026-09-25-36153136821
2026-08-31,4c2fc03b55e66118ad890435a0ce9fbb8b1b154d799349962c39541ecbbc84f1,2026-09-25T15:17:48Z,2026-09-25-36153136821
2026-08-31,4c6c5626b5ec753fdc0c2292792b817b84aee7d7116db404e6aae68e3da247ec,2026-09-25T15:17:48Z,2026-09-25-36153136821
2026-08-31,4c6c814578831071e755dad5e412079f9baad345bc2bc6934487cc5529a97f92,2026-09-25T15:17:48Z,2026-09-25-36153136821
2026-08-31,4cebb058ad9bbe118e8cdbd320fb7f064cf258cdedafffa391bc753ffa6f6739,2026-09-25T15:17:48Z,2026-09-25-36153136821
2026-08-31,4d16634c6fb44253637691c2257b4a2e31ce4cd9bc349364b1bae570f78462f2,2026-09-25T15:17:48Z,2026-09-25-36153136821
2026-08-31,4da37bba97bf5fa2d015e6e9209a28b68785a82960c92c7bd67a6c38c68f4840,2026-09-25T15:17:48Z,2026-09-25-36153136821
2026-08-31,4ec2b03f58bc1a118bcb29b1b74c62d459a5045345a188fdf95134f501747775,2026-09-25T15:17:48Z,2026-09-25-36153136821
2026-08-31,4ed155ed3dd788443745253c78e51a41f736c5e16eb7ce810f1b64a629b682f2,2026-09-25T15:17:48Z,2026-09-25-36153136821
2026-08-31,4edd7d8de57812dce0b00f948027c1bbdf044023facd6b0c25c337133678f02c,2026-09-25T15:17:48Z,2026-09-25-36153136821
2026-08-31,4ef9fbc9cccdd19c7c4e611ef06e0db09284ee4303db199ea0d18b45cd8006b5,2026-09-25T15:17:48Z,2026-09-25-36153136821
2026-08-31,4f4cd74d16ed01dcb08c8bea9f3cf2f5dcdaca54838e33ea5000d17128a62926,2026-09-25T15:17:48Z,2026-09-25-36153136821
2026-08-31,4f6ab9db737b38a511fe4c28f5a2e2c04dd15992b51b73a5e29d2603d068c8e1,2026-09-25T15:17:48Z,2026-09-25-36153136821
2026-08-31,4ffced104d24f5eb4077c2f315e3f82e85819a21d8d6e7be38b0c1572be89a6c,2026-09-25T15:17:48Z,2026-09-25-36153136821
2026-08-31,5194c771ea3816e52f792e44aeafac26c870afcc40fa963838e9403fa564ed23,2026-09-25T15:17:48Z,2026-09-25-36153136821
2026-08-31,51a655fa6a37a594a0e18cd8633a354b8331d09691c7e676da28d35d23359863,2026-09-25T15:17:48Z,2026-09-25-36153136821
2026-08-31,51c113ea223d3c26ae9d4cb9ca6ff1119544b974afabe720e9b3c1ff46dcf4c7,2026-09-25T15:17:48Z,2026-09-25-36153136821
2026-08-31,52355133bf59905fae0f1701551be87cf8b622a43af60fba345374076ddf77f0,2026-09-25T15:17:48Z,2026-09-25-36153136821
2026-08-31,528d8e6d8dd76e43cb61113fb3a38f010ebee76eaf0c8ac7116da62e7643ef9d,2026-09-25T15:17:48Z,2026-09-25-36153136821
2026-08-31,52f24806af580e9257bea4043ab83d93eee97992b4f4469223c6d6c96f636cd0,2026-09-25T15:17:48Z,2026-09-25-36153136821
2026-08-31,530f9bf8897ee9d452d250c6b8397a3ff922f1f50fdaf4aae97c407f6c8b8768,2026-09-25T15:17:48Z,2026-09-25-36153136821
2026-08-31,534278c3d6d500f96edae37db3f25de77eb1d51a9a7a3c9ad14fd77d7b6ceb45,2026-09-25T15:17:48Z,2026-09-25-36153136821
2026-08-31,535cf5f05986cd6c6c4ccb3c187bf0bcc81733432fb49d85d7eda34074ef27e4,2026-09-25T15:17:48Z,2026-09-25-36153136821
2026-08-31,53de165d6e946cbf1e0081d7aa419b381f7bd35afc47a46e9ee701b40dc5622f,2026-09-25T15:17:48Z,2026-09-25-36153136821
2026-08-31,53fe8f1cb8a560c049064a329cd6d5ccf75d9b8ab1b2ae1838928111aee0c534,2026-09-25T15:17:48Z,2026-09-25-36153136821
2026-08-31,56b75b1e2dc94556e8f599252f31cdd3c83cd2e8ca33301b0e30b88c9729b9ad,2026-09-25T15:17:48Z,2026-09-25-36153136821
2026-08-31,57983870434f5ed4e536845d32adce43ce7ad7ae1bb74f07d15970716dd8d394,2026-09-25T15:17:48Z,2026-09-25-36153136821
2026-08-31,57ba367bd885a03ca405dd74f34b0f36b3d3d28ee9633c11a925943115d28865,2026-09-25T15:17:48Z,2026-09-25-36153136821
2026-08-31,5954a1d147ca4cb8b465633b7471a2a125a576b3087c9ffac5e21d5cbbd3f028,2026-09-25T15:17:48Z,2026-09-25-36153136821
2026-08-31,597ca86b45aa5cf182da52c2f72c805044e8c5e32ea4a5368731bca0dc217c62,2026-09-25T15:17:48Z,2026-09-25-36153136821
2026-08-31,5a18c62161116522e5887908c42da891a225a1659273d3eda6ca300c138ef92a,2026-09-25T15:17:48Z,2026-09-25-36153136821
2026-08-31,5a233df7eeeab530b4b489d01078542ea53a695bdddb462be805c2ca29e1330b,2026-09-25T15:17:48Z,2026-09-25-36153136821
2026-08-31,5a43cda82c3038eba0fa62f6058fb0c03be331c80bee1f2d218a53734bc61c69,2026-09-25T15:17:48Z,2026-09-25-36153136821
2026-08-31,5ac95215a70cbada3de97b4bb45b8cc26542dadac6d3bd2127f8b78eb6cefdff,2026-09-25T15:17:48Z,2026-09-25-36153136821
2026-08-31,5adc073189337cd4803662e3e20e6efd02fd314bd1b3d5747a04f630b430d6bc,2026-09-25T15:17:48Z,2026-09-25-36153136821
2026-08-31,5b3f5f73b35609ab73cc06c013f60efbebfcc0369467ccc33868c3ddb1d8e688,2026-09-25T15:17:48Z,2026-09-25-36153136821
2026-08-31,5b7cde57039e53089a020cd80f8e25d384238ac951cce98651e5e02f5b5ca3d3,2026-09-25T15:17:48Z,2026-09-25-36153136821
2026-08-31,5c044dc3eabf9c879ef1f400ca4d6269cdc105c804164984c3e578605d746d39,2026-09-25T15:17:48Z,2026-09-25-36153136821
2026-08-31,5c2600f09b0b4508db01dfdf53a4491e74fbf0aa7c5688444fd73561bbec3fbc,2026-09-25T15:17:48Z,2026-09-25-36153136821
2026-08-31,5d1114980a1e96cde822eaacf998c3757e5276ecf93490e53d46977e540067c5,2026-09-25T15:17:48Z,2026-09-25-36153136821
2026-08-31,5dbad5e343d57ec82c04d55405c7d38a5ed9f458d94a81cdba800a7cb0aac7d0,2026-09-25T15:17:48Z,2026-09-25-36153136821
2026-08-31,5e0c8a7861546f842551e15de74f1aeb77fdb1694ae4fb9ced656fe9d36d4dcb,2026-09-25T15:17:48Z,2026-09-25-36153136821
2026-08-31,5ecd99ddef2acdcbe30071d17c2e5193576112d93d927f2032b8b5b487992067,2026-09-25T15:17:48Z,2026-09-25-36153136821
2026-08-31,5f4bda7ae51b2bf841503b9ea403e937c1ddfbcdfffe1a02a5eb1abdd0ea152f,2026-09-25T15:17:48Z,2026-09-25-36153136821
2026-08-31,5f6fa201d856a067a877a5358451759b94d4f1038a84f27f5265f8bdbe1cae5c,2026-09-25T15:17:48Z,2026-09-25-36153136821
2026-08-31,5f718e25216edb2259b7b534a5fef6a2b9164c17cc5fb38184d9ce038f9da5e5,2026-09-25T15:17:48Z,2026-09-25-36153136821
2026-08-31,5f90e690ac9cf9b5844aa4400c3f30fa7b787bcbe8acb2762755e7fe0bac17a8,2026-09-25T15:17:48Z,2026-09-25-36153136821
2026-08-31,5fae78812426d9945a5d5793cc551214194f01556493a8e6263b46eb76aed622,2026-09-25T15:17:48Z,2026-09-25-36153136821
2026-08-31,60102bc7fb153fdd7e81bf6194aed818893d7dd37c662b9d1e45d6794a8d9b28,2026-09-25T15:17:48Z,2026-09-25-36153136821
2026-08-31,60f7aeede1bd5230475e9f55b32ea1adfd885da42c6a2097180e30167c2518f0,2026-09-25T15:17:48Z,2026-09-25-36153136821
2026-08-31,6192b3a822f8da305e9967da93a95fb3650ecc7db06593ed80821c6adff11a70,2026-09-25T15:17:48Z,2026-09-25-36153136821
2026-08-31,625eb30b8ac6dbd753c9fb02ab3dd287f4f79406c211d492b346d2620e061e30,2026-09-25T15:17:48Z,2026-09-25-36153136821
2026-08-31,628c6ce7b2bb5fd8194dd9bceb8d694b42fff8fdd903b10f1da779ce681f3487,2026-09-25T15:17:48Z,2026-09-25-36153136821
2026-08-31,633dca039e99e1b5def97361df631d48657077c686683438410db357d2bb0718,2026-09-25T15:17:48Z,2026-09-25-36153136821
2026-08-31,63997895d1c68dcdb2bb17507b5d59e7e77be423b01e43f88450313406ded870,2026-09-25T15:17:48Z,2026-09-25-36153136821
2026-08-31,63c7076a7e02dc4d97cf1e20d5de95bd04493f6038eacb3b46ab71a4253291fa,2026-09-25T15:17:48Z,2026-09-25-36153136821
2026-08-31,63f0c600b919a4bd74e2504de9077c06b4548e22078d0dac4bc0c7b81b2ea138,2026-09-25T15:17:48Z,2026-09-25-36153136821
2026-08-31,6493a33a2caa3593cf25c235f3b7c01a7779e0b0135ac7e8840190658073d293,2026-09-25T15:17:48Z,2026-09-25-36153136821
2026-08-31,65016bd795d90b18855d29fd171c6bbc7e0f09746e7e657cd69e31bab3d7e178,2026-09-25T15:17:48Z,2026-09-25-36153136821
2026-08-31,656294587decf7921d2e759f7c56663fa19e316c81b26c9ad8c0bcd164d100d4,2026-09-25T15:17:48Z,2026-09-25-36153136821
2026-08-31,65ef031047003eabfe6081b093bf8a29629fc66d51289bd0b3eefb257ce62c67,2026-09-25T15:17:48Z,2026-09-25-36153136821
2026-08-31,66c35201645972f74f06a0ad41b3d367dd80631fda70cbc179bcde3318e8cc01,2026-09-25T15:17:48Z,2026-09-25-36153136821
2026-08-31,66cb83dbbe3f07f7b9928ad1b4d9ec488291f4593cbd867d331517582fe76bbe,2026-09-25T15:17:48Z,2026-09-25-36153136821
2026-08-31,67700b7f07cf67c1f23d60ee3c0fcb2db282b5462af5e9eeeabb96d3ab8642bb,2026-09-25T15:17:48Z,2026-09-25-36153136821
2026-08-31,683d4e14e97f8918cd9a1b2781c6d7e8b89b7f6fbfd21f14c9e36b58f445943b,2026-09-25T15:17:48Z,2026-09-25-36153136821
2026-08-31,68686adf7e3e9d760fc3cdb202d4f73b6d891459b8b7704f697b720bd89f4fef,2026-09-25T15:17:48Z,2026-09-25-36153136821
2026-08-31,68a8057b646f1fac9a9eae08e2372def1b7b31589a8e0cc3029f102a892712b1,2026-09-25T15:17:48Z,2026-09-25-36153136821
2026-08-31,6a3e1a5c4cd0bf5d13a2c27329784a104bffdb976627cb2dec9c6e49ce9afdde,2026-09-25T15:17:48Z,2026-09-25-36153136821
2026-08-31,6b102c48c371c396151fe65de4c7df45fd3e933d49aa0433d904228e682b4e26,2026-09-25T15:17:48Z,2026-09-25-36153136821
2026-08-31,6be99208bd6298cfa47c3bbf8afad58311c7887cd69a66a6339b698da8fe2b4d,2026-09-25T15:17:48Z,2026-09-25-36153136821
2026-08-31,6ced23b415f18b8eae8fbf9c256812f00821dfb18dab92ee27b7e4f949994a72,2026-09-25T15:17:48Z,2026-09-25-36153136821
2026-08-31,6d34fe46118bdbcacd10094637eeef95e9ee50a26aaa672e96b88555004eb6b4,2026-09-25T15:17:48Z,2026-09-25-36153136821
2026-08-31,6e0f1e681627325eaebe51edb94e283c076a95fba20843eaf87e793164763a1d,2026-09-25T15:17:48Z,2026-09-25-36153136821
2026-08-31,6e2d317cf228bfc7ce73215111f7097542d4f6cf7cd450a764adec6d3be79fad,2026-09-25T15:17:48Z,2026-09-25-36153136821
2026-08-31,6ed565913095168964ce757f857ca34ede8eafe6d4b7dbf17adc903339dc5e20,2026-09-25T15:17:48Z,2026-09-25-36153136821
2026-08-31,700e7caa7d78029a8b84478731a0c0fd579aeeb0d88dc1760a23596aa57574b7,2026-09-25T15:17:48Z,2026-09-25-36153136821
2026-08-31,70adf5602ada7b089c2c8a1a904f9ad6e78de3d080f3ef24329f197a8c5da216,2026-09-25T15:17:48Z,2026-09-25-36153136821
2026-08-31,70e0b81b6d77a585aebf6afe05998198a9cba8714c6a0bf7321dd2acd4ae2562,2026-09-25T15:17:48Z,2026-09-25-36153136821
2026-08-31,71577f02edd4f61c14fa1065967ef10b6491ff343072fd461f84ef8284d0cab4,2026-09-25T15:17:48Z,2026-09-25-36153136821
2026-08-31,7198191df45a7f23c1c03cefab5b06c38435639586ee0e98814585707bc4610e,2026-09-25T15:17:48Z,2026-09-25-36153136821
2026-08-31,721ce4050147d1d59d9e39ee1ea6af9a07bdc013451bd16252e33501569fb5a6,2026-09-25T15:17:48Z,2026-09-25-36153136821
2026-08-31,722c7af26783e5e941f6d3906e14c5f29bf1e04a90c848acb18a3526bf575353,2026-09-25T15:17:48Z,2026-09-25-36153136821
2026-08-31,7317fcb6c209237f8333873fac278bb65372b8be9094455609933cc63a86b1a9,2026-09-25T15:17:48Z,2026-09-25-36153136821
2026-08-31,73226bf26f649853cb5d37c170905936620f302c03c09d9ede6a0ec47b660ea3,2026-09-25T15:17:48Z,2026-09-25-36153136821
2026-08-31,74a8838dcde1b7be40e29a6a58574264f5fbf539970c7f165a5b4f75213a0d76,2026-09-25T15:17:48Z,2026-09-25-36153136821
2026-08-31,74ac3ea567212dffcf71db0c441e9909f5f622941ade4fa064c86a64a8f46183,2026-09-25T15:17:48Z,2026-09-25-36153136821
2026-08-31,75ca838147b0ebd1c46a3aee0f4950ee4ac7b5112ee4b0d2d9d25af6cce377ac,2026-09-25T15:17:48Z,2026-09-25-36153136821
2026-08-31,7619b3bbf9443b639a72eee56665a969f759df61d3bb54ee89a37ebbdf56b63a,2026-09-25T15:17:48Z,2026-09-25-36153136821
2026-08-31,77015c2b0f276ca43aefe38b0aaf0ceb398b36e39d9c92eb4ad7c913bfcca5c8,2026-09-25T15:17:48Z,2026-09-25-36153136821
2026-08-31,773d3d3d4e8c8258ee09e61c9dfb712ca70c02f5de07d15de710c2ebeb80b58e,2026-09-25T15:17:48Z,2026-09-25-36153136821
2026-08-31,77fc0399fa954da1f5b4e5c15e3da33d203c02d928b15f4216d61b73726abe45,2026-09-25T15:17:48Z,2026-09-25-36153136821
2026-08-31,7876a1a8e5569a9058111e42602a461887ed88764d2e48058dca11b7b0c0d48f,2026-09-25T15:17:48Z,2026-09-25-36153136821
2026-08-31,7892a9a21a73679d9fbf5beab9b346ed78128009c5d05e2dd11c13e8cf7d14ea,2026-09-25T15:17:48Z,2026-09-25-36153136821
2026-08-31,78c64047427ab05b63031a832246e5bd9ff35d2a8057858c185c3d68342bd7ac,2026-09-25T15:17:48Z,2026-09-25-36153136821
2026-08-31,78f7810b8636d12cd8b556a462cd4eae3f2fb1ba630a64577f2c439435cc577d,2026-09-25T15:17:48Z,2026-09-25-36153136821
2026-08-31,796450117cdb30d92a40691ae1fc1527d081e92fb5c09944ae05a5b3fc62523d,2026-09-25T15:17:48Z,2026-09-25-36153136821
2026-08-31,7a60b6c5ffa5fe98ac84faa420ce32b0d367e00330131b662c6a6c9a21a89f5c,2026-09-25T15:17:48Z,2026-09-25-36153136821
2026-08-31,7aaed45852172f5bd2a6370990af1f37d1293a0489363306645bb3b7638ceea0,2026-09-25T15:17:48Z,2026-09-25-36153136821
2026-08-31,7b6cf5c2ebb5ee5576ea23b6aa7116499a1ce44027e5d3aafe9406c4abb12955,2026-09-25T15:17:48Z,2026-09-25-36153136821
2026-08-31,7c1f86f33bbadd186f9b4ff1647212ee7050345fe5cc3c4c3eb30161d405722f,2026-09-25T15:17:48Z,2026-09-25-36153136821
2026-08-31,7c489241527904438499fd66bef64455269bb5b4967f9edc3d5b1aa7ea86e747,2026-09-25T15:17:48Z,2026-09-25-36153136821
2026-08-31,7db2046e24e61794dfae630c020538a50b9b275fbec56ef3caade8fe0cde4468,2026-09-25T15:17:48Z,2026-09-25-36153136821
2026-08-31,7e1d6d06275c9574c9a43e046188ce05a0bc325ad32fe73ec0b1e135e373f11b,2026-09-25T15:17:48Z,2026-09-25-36153136821
2026-08-31,7e984c76dc5717c63f7fa1799d2ecefc3ae8f5590f680d01a5eab648bb253b73,2026-09-25T15:17:48Z,2026-09-25-36153136821
2026-08-31,7fa157ac4cc3676accdfa6cb06e97f708ad7dafcc0b1888a4b64578bee0f3ad8,2026-09-25T15:17:48Z,2026-09-25-36153136821
2026-08-31,7fadba944d0f0a3f1436e5f2e2036966290f62afb8eabe7b17b2b7cfec1d068f,2026-09-25T15:17:48Z,2026-09-25-36153136821
2026-08-31,8031985f95a098d8389e6bc5b5bbf93df6bd02ab9622401b57ac11606cc8ae4c,2026-09-25T15:17:48Z,2026-09-25-36153136821
2026-08-31,804a392d63ff28452dfb37026693bbfc2002955c73c71194e6955482388a5f61,2026-09-25T15:17:48Z,2026-09-25-36153136821
2026-08-31,805ccff25bd5bce64a6e8f3a4ab5b5a5c95f5f5f15f387b6c752ac8b2999249a,2026-09-25T15:17:48Z,2026-09-25-36153136821
2026-08-31,816be761b24ba218b85314717e7e2c644445450b9415c16a937b2da0d261d4c7,2026-09-25T15:17:48Z,2026-09-25-36153136821
2026-08-31,819aac9d88e4350589497fc19c940fc985034ae18b319958ac8bc8f8ee7f7be3,2026-09-25T15:17:48Z,2026-09-25-36153136821
2026-08-31,819e38e90b173d8db8cc9ae7001d51ddf820a19eb6c0aab51e759390ee4afc25,2026-09-25T15:17:48Z,2026-09-25-36153136821
2026-08-31,8253b7ce21067ab84058b177a6bd8a197d9a9f9fd4ab0cbf61d9c5f00e9d98b6,2026-09-25T15:17:48Z,2026-09-25-36153136821
2026-08-31,826eba58da3582ecad231e2b917eb0dbda61ac8c2fc94973938405b5c9e00b3e,2026-09-25T15:17:48Z,2026-09-25-36153136821
2026-08-31,8389e70040f5ac7983d8d2ac3402bda96271f2b590b333a7ba9399c58174b55f,2026-09-25T15:17:48Z,2026-09-25-36153136821
2026-08-31,839a93f74fce3addea752e646b8439f2f1dc394f1390a8b721561eb01f17c477,2026-09-25T15:17:48Z,2026-09-25-36153136821
2026-08-31,8463ad6bacbd283a64c218c88891e44ebab69612793b33a90f68b288cb5f053a,2026-09-25T15:17:48Z,2026-09-25-36153136821
2026-08-31,849cb39ac75301610b7587d0a0c7707a80101e2c054446e63dd7778c8f29c9f0,2026-09-25T15:17:48Z,2026-09-25-36153136821
2026-08-31,8510baa27f85441d94775b5b2607d68b742b9b61bbc50da8e6793f37ea42612f,2026-09-25T15:17:48Z,2026-09-25-36153136821
2026-08-31,8717ffd835468928704520335d9db8813b883b8c83befa167e4629fb00503907,2026-09-25T15:17:48Z,2026-09-25-36153136821
2026-08-31,874656f50e0b82cee7a10e44281615219eaac9434f4922ad01a914547b2cd243,2026-09-25T15:17:48Z,2026-09-25-36153136821
2026-08-31,8756f6d5c43743c06c55bc972e09723b9367733ff5208bc897ff80612d98cb55,2026-09-25T15:17:48Z,2026-09-25-36153136821
2026-08-31,87cfc6e72f17353aa1fc39f191440f4c246bca1a271bcb87e06dfb579f264026,2026-09-25T15:17:48Z,2026-09-25-36153136821
2026-08-31,88319bb617a66a92e2c17e89298e210663728f126e395b947cd377152ad6cb85,2026-09-25T15:17:48Z,2026-09-25-36153136821
2026-08-31,884eb5f258e6283b9edc85ba8c5c76eb15852f6bbc8df7960dc1fe484b1d2a10,2026-09-25T15:17:48Z,2026-09-25-36153136821
2026-08-31,88f8d71df8ffdf762e0cf6fd3df46e9177c93cf55cdb93855f399d8ef2abe5d7,2026-09-25T15:17:48Z,2026-09-25-36153136821
2026-08-31,8935f8444a91a64db1e07fb99d770b5d22fe6d7d0de45091bbcfce0f3f43bf38,2026-09-25T15:17:48Z,2026-09-25-36153136821
2026-08-31,8955e1730ed0c885d3d21b449f4a5453446739724e1009fc146ecfcf74d120e1,2026-09-25T15:17:48Z,2026-09-25-36153136821
2026-08-31,89645baf0fc3efd519db5e05153fda2ac9ced37ec63194cdf77e8798cb868f3c,2026-09-25T15:17:48Z,2026-09-25-36153136821
2026-08-31,89a4fa9e28dfe77189f2e558f41bda30d6d8dfc3c33e2a963cd596a1c28fa391,2026-09-25T15:17:48Z,2026-09-25-36153136821
2026-08-31,89ae99504f7d99365c5deb84bfa92c957d36b021524559769a2b10eb9b3e7eb7,2026-09-25T15:17:48Z,2026-09-25-36153136821
2026-08-31,89b02a8d35002853e6299171d30ceeee78a90974b33521ce8c16e37eedfe0953,2026-09-25T15:17:48Z,2026-09-25-36153136821
2026-08-31,89c70e54f6e29d8205bc02ad90169a6a3fb8a793be06249d6d4f84d297a44792,2026-09-25T15:17:48Z,2026-09-25-36153136821
2026-08-31,8a49bf08b44dc99e4bd5dc520a7aca73732ef3a4d1f63ab08ba9fad4ef55dca7,2026-09-25T15:17:48Z,2026-09-25-36153136821
2026-08-31,8a5e83f71d22b822f3f258011db7a8176544b89f3e152ab22d612f8d58a4fa91,2026-09-25T15:17:48Z,2026-09-25-36153136821
2026-08-31,8a80b159aaa7ff13479194c748d34de4db52f3d3e2d351609e27fcdc420751b2,2026-09-25T15:17:48Z,2026-09-25-36153136821
2026-08-31,8b0aaa5a2135dd09f5051b186d36a3ab0364d8047113755b4e267f4196e9099d,2026-09-25T15:17:48Z,2026-09-25-36153136821
2026-08-31,8b1a8e0b3fcd88aae6ee07a01794c36ddba8b50f373b14d526da0cc73ceba0d3,2026-09-25T15:17:48Z,2026-09-25-36153136821
2026-08-31,8b30c3dfaa36e60974dd86627f2995fd72610ea0a0ba0d21fde9dada79991da6,2026-09-25T15:17:48Z,2026-09-25-36153136821
2026-08-31,8b4b55858dfe6b28b5b335209b930d8bd6b17ee5cf2a9ccad8c65d35355d835c,2026-09-25T15:17:48Z,2026-09-25-36153136821
2026-08-31,8b77efa57ce0abde21028138964e51e2faeb63b92c09ddbaa739fb5973f70a8d,2026-09-25T15:17:48Z,2026-09-25-36153136821
2026-08-31,8be60aa608559da701d0cbc36410e12a823878073ace6ffdd21da18e0a2c9162,2026-09-25T15:17:48Z,2026-09-25-36153136821
2026-08-31,8f18223be0237c84f6185bceaff238efd71dfe090878986126769c9e74eee0ab,2026-09-25T15:17:48Z,2026-09-25-36153136821
2026-08-31,8f5ea76aa3103760cd3c376ab1a8a75ad7325cbb36b0dcd1409fcc734623da90,2026-09-25T15:17:48Z,2026-09-25-36153136821
2026-08-31,8f8094cf07843d2a106d1730cdad91106f46329e2bb65c74342f408eaf0b9173,2026-09-25T15:17:48Z,2026-09-25-36153136821
2026-08-31,8f8640ad31d3b71dce13deab70b7d957808ea96159ade1802a0609104f56a1c0,2026-09-25T15:17:48Z,2026-09-25-36153136821
2026-08-31,8f8c20d16ff104189139aaa9735ee0a4e2b6a0361eb8f781e012fa46cc162d10,2026-09-25T15:17:48Z,2026-09-25-36153136821
2026-08-31,90b113d9b18c0d9b9b899278c0e290e0988a576527a01fb950e7204ad92ee21f,2026-09-25T15:17:48Z,2026-09-25-36153136821
2026-08-31,91165195d0f76e1b88f6972065a391e82dd68da181eb5a0e60028eacd387eeff,2026-09-25T15:17:48Z,2026-09-25-36153136821
2026-08-31,92252eec4f6032a8bbe37606771baa07d33ad7857ea78c0ed79e2f45723b70fd,2026-09-25T15:17:48Z,2026-09-25-36153136821
2026-08-31,92747d58ba9c2d511ba214826b9a9b5dc68c9ceb5283b7eeba175051f08688bf,2026-09-25T15:17:48Z,2026-09-25-36153136821
2026-08-31,93095cec2d2e3ba986703e540222e24b205a06d30dfde6eae7ecb0c4d03440ab,2026-09-25T15:17:48Z,2026-09-25-36153136821
2026-08-31,939113101a61452ee2bc33a8fc0025d9a1587f0ba421773149e8f81b7d1d8ae4,2026-09-25T15:17:48Z,2026-09-25-36153136821
2026-08-31,942c58384f786356714f9d39b80b2d78c0466fd90b0ba0d4a8837d7e9e620c7b,2026-09-25T15:17:48Z,2026-09-25-36153136821
2026-08-31,94785fc1903d08944341ab44f145bc11714f76d2bc1027232389ca99fe8f39b8,2026-09-25T15:17:48Z,2026-09-25-36153136821
2026-08-31,94f0d616167117b38465890834b0c914806934593e8249282e0c481f29936582,2026-09-25T15:17:48Z,2026-09-25-36153136821
2026-08-31,95619b3464eebde74193cacf955f5ae05eb383a19eaaac092bc85421feff3f96,2026-09-25T15:17:48Z,2026-09-25-36153136821
2026-08-31,96126d5b5542339433cab48f99a67309272b8e7a9a6699f6ed7befe6bd567e89,2026-09-25T15:17:48Z,2026-09-25-36153136821
2026-08-31,965999c39e065714832a6197a2cb0068995abdc46ca57ab0d8f6d80b61a50375,2026-09-25T15:17:48Z,2026-09-25-36153136821
2026-08-31,96d894c9096f09208887577671c898bac266a887131ed746903a3450aa30ddf4,2026-09-25T15:17:48Z,2026-09-25-36153136821
2026-08-31,9747956460024bc5e60a1d1fa0043e8066ca3bed49267f3757f7b0fa0ca37bf8,2026-09-25T15:17:48Z,2026-09-25-36153136821
2026-08-31,974effd0357b104f979ccc44d0ac6e761b1a4d54bf64659fb67561708c0634ef,2026-09-25T15:17:48Z,2026-09-25-36153136821
2026-08-31,97a3b7c10046e72395bcbda5e2c9f7b98707303cb0915264d8023e0e7cc79634,2026-09-25T15:17:48Z,2026-09-25-36153136821
2026-08-31,97d31b6931479a6dcf7ae688325ba307af3802f643ee8e48d5674def8ad55808,2026-09-25T15:17:48Z,2026-09-25-36153136821
2026-08-31,98b6eb23770342a6a96fce76e45346624a6b33a680df44f311c11fa77ef9f14b,2026-09-25T15:17:48Z,2026-09-25-36153136821
2026-08-31,98ecb1d64671713b09e83a003e37b2c8ad6d04e12bd1741f4e522993f5780637,2026-09-25T15:17:48Z,2026-09-25-36153136821
2026-08-31,98f18e02aafd2b2f8ef802c1b317aeca5697297f65867cae6471e710a37199af,2026-09-25T15:17:48Z,2026-09-25-36153136821
2026-08-31,996abdb38f51cf87f6d884b59b34a37d0c28d07564bf4a085b5ce152687efb31,2026-09-25T15:17:48Z,2026-09-25-36153136821
2026-08-31,9a15931416f984376eb8edd6097934d86dae1096ad0f373b821830287648f229,2026-09-25T15:17:48Z,2026-09-25-36153136821
2026-08-31,9a4d654c66a78f34f2c580dd069499386626be1a3aa2bc0447da88b6c1cbb8a2,2026-09-25T15:17:48Z,2026-09-25-36153136821
2026-08-31,9a74317995e9160183c14de644f3cc9a696048949672a33f33687dd460b6398b,2026-09-25T15:17:48Z,2026-09-25-36153136821
2026-08-31,9a9c614067315ef306022fdba798390c0a95ebf94da2a5c687da7cfe1a7bc662,2026-09-25T15:17:48Z,2026-09-25-36153136821
2026-08-31,9b262094126a055ee74b1fa57f14696ce81de91fc6f6a000059c2c2aa7f5ef53,2026-09-25T15:17:48Z,2026-09-25-36153136821
2026-08-31,9b4bbf98a80e1ff496aacf9224834feb5a7590b49acf1a2281e0918fb383377c,2026-09-25T15:17:48Z,2026-09-25-36153136821
2026-08-31,9b80548cda6c11abc40935363b8265e61894b8bd3810d6293f8ab87c173d2947,2026-09-25T15:17:48Z,2026-09-25-36153136821
2026-08-31,9c02cd4c7bb65b626f8d631ae5f3d306283aae8a67ff35d53ced36b571234186,2026-09-25T15:17:48Z,2026-09-25-36153136821
2026-08-31,9c85d58698a0826b1ec5609c3bd5eaaa5616a8d303b46bff10329826cc61b2a5,2026-09-25T15:17:48Z,2026-09-25-36153136821
2026-08-31,9cf40300cae2a5b3d4adf7145a9c8412a61744a9bafe409bab7fb6171525074a,2026-09-25T15:17:48Z,2026-09-25-36153136821
2026-08-31,9e80162ee99e9542376e11700e2735ad716d00035c49dc8c9567eb93ec80278b,2026-09-25T15:17:48Z,2026-09-25-36153136821
2026-08-31,9ea81c2e510331a4c03f3ceeff4f0556c2a40d49b6b379f72e4a40f4ecf4382f,2026-09-25T15:17:48Z,2026-09-25-36153136821
2026-08-31,9f006144e082378c9a7bb420ef9380cfb2c3e2c014288af938e68c9140cc658d,2026-09-25T15:17:48Z,2026-09-25-36153136821
2026-08-31,9fc7e4503afeee1bebc2b5d8c1223f4d73698d9417542a4cf0232d722f29df69,2026-09-25T15:17:48Z,2026-09-25-36153136821
2026-08-31,a046bbbc97f3f9d5a2c1b4f4b29bc53d0be61b1d63a9831e859fee2c6da5c61a,2026-09-25T15:17:48Z,2026-09-25-36153136821
2026-08-31,a0fda8c6d902632b2c061201c29b7ef1043ca1348ae8b55e1d62726a490c4ea8,2026-09-25T15:17:48Z,2026-09-25-36153136821
2026-08-31,a1496f307d483a86e0a9733dcdc8955b665a0ee814a707b95e9015426fcc8b40,2026-09-25T15:17:48Z,2026-09-25-36153136821
2026-08-31,a163682042dae70645c23c06dad947ca739e29bbf352c4ed98583ccae7926ece,2026-09-25T15:17:48Z,2026-09-25-36153136821
2026-08-31,a1f9a76b73f5301c0ccd7771c96708edefd4c3481d1b3025095d3f4db596372c,2026-09-25T15:17:48Z,2026-09-25-36153136821
2026-08-31,a1fc5de6d47750264e6dbd878e328f27fd80fad96e1c09f81ee49aa1543ba82b,2026-09-25T15:17:48Z,2026-09-25-36153136821
2026-08-31,a20d2a93192df66b7c33b67269aadbdfa0d1618efb627223fbb2c4fb238c9f4d,2026-09-25T15:17:48Z,2026-09-25-36153136821
2026-08-31,a2a2dd234e02517d2eaa641fccc6582b687ab67b75902b919860ef00f4e7d66b,2026-09-25T15:17:48Z,2026-09-25-36153136821
2026-08-31,a2af3e4b2dac9fe625928fd5da9bf1ec0a99a4eee972889f1f4c4ff79ace0cc9,2026-09-25T15:17:48Z,2026-09-25-36153136821
2026-08-31,a2d0fddfd0785a5514ce0734bb19997b0775634d40ced9361d8236ebd22e6ecc,2026-09-25T15:17:48Z,2026-09-25-36153136821
2026-08-31,a361dc3baf616eba644214e8a4639de3c9a0a93520d147ebb9f95df90390a7f5,2026-09-25T15:17:48Z,2026-09-25-36153136821
2026-08-31,a38210d30005d848e66bf9072705a4bb16710cb60d37f4f714ff9a18111f9598,2026-09-25T15:17:48Z,2026-09-25-36153136821
2026-08-31,a3c43759cd91134f2d47541ce59a5a8376ec0c1c6d1d859281832bad41e258d3,2026-09-25T15:17:48Z,2026-09-25-36153136821
2026-08-31,a3e59b86a625847f0b0700dd66bd656723a181a16c799c2680facfe854b035bf,2026-09-25T15:17:48Z,2026-09-25-36153136821
2026-08-31,a45565dfc20b73a88fd91aa72b6ad7ce3f45e5f3ab93c172301daadb4a0f41cc,2026-09-25T15:17:48Z,2026-09-25-36153136821
2026-08-31,a485466785b80accd207c9aabd707ee6418a2224115fbc5d5234a36d15d122e5,2026-09-25T15:17:48Z,2026-09-25-36153136821
2026-08-31,a5c8f3ca5d284ddb21e6cf921a77820b0400ea79ebe11ed4d33592d18a9a7200,2026-09-25T15:17:48Z,2026-09-25-36153136821
2026-08-31,a723e6ac1b235fa20c24d9b02ce4f6ee4103b83d0530383df6ea1b8888a6b48c,2026-09-25T15:17:48Z,2026-09-25-36153136821
2026-08-31,a763a42d23ef6ca4f3634fdac686dfa19b5056cd192131a923a55cfa372bb182,2026-09-25T15:17:48Z,2026-09-25-36153136821
2026-08-31,a788f700355d943c6064a149dbc0cd7e79195b62d19f6fc728d88d3a4e659a4d,2026-09-25T15:17:48Z,2026-09-25-36153136821
2026-08-31,a865999b0c8916ed334d86a81f1dc96529b13e2d91040b99a76740e3ab114567,2026-09-25T15:17:48Z,2026-09-25-36153136821
2026-08-31,a8d5511a7465c09ac4f6e80de18d13771708009ce04d611474017c35f7e4831d,2026-09-25T15:17:48Z,2026-09-25-36153136821
2026-08-31,a924f742932648a7e6dc58e6685cbcc8c1d1b9d5fe4cd584ea20177099023388,2026-09-25T15:17:48Z,2026-09-25-36153136821
2026-08-31,a9635e8d3ce582408ffd2524544fd922057e3d928875f78796d9ab0b0537bf94,2026-09-25T15:17:48Z,2026-09-25-36153136821
2026-08-31,a98dc49fdf8d1d0fcd6a0a9ef4d5e1217e64a5383042c918cfe80bb019aba250,2026-09-25T15:17:48Z,2026-09-25-36153136821
2026-08-31,a9a902181201a4878ebe19d821e6bcfb18a2dcebc494ac4178d9029745a1a6b4,2026-09-25T15:17:48Z,2026-09-25-36153136821
2026-08-31,a9bf127d160ec7db1b313928d6c5ef8f62ba016cf379ad0131954068f04a953f,2026-09-25T15:17:48Z,2026-09-25-36153136821
2026-08-31,aa18efafa1143204efe6b3072b3d99c27bc4aa513bdecf2b35cffe36c02fe6a1,2026-09-25T15:17:48Z,2026-09-25-36153136821
2026-08-31,aae3d17ae386294687ee22dd5c88097bdea27364cda46869d7a3b0ac539601fc,2026-09-25T15:17:48Z,2026-09-25-36153136821
2026-08-31,ab703cc2d6cb47d07fa967d685384bf1969e542a1f946a98f1a7a54015b4b2bf,2026-09-25T15:17:48Z,2026-09-25-36153136821
2026-08-31,adcfd7520006bfa4ac99f22651b58c230b7729274649154ffea96370ef5b4fff,2026-09-25T15:17:48Z,2026-09-25-36153136821
2026-08-31,ae7e0e84e4fedb0b993907671aa6be9eaaeb16a1c854a24feae8ecc7c2a39573,2026-09-25T15:17:48Z,2026-09-25-36153136821
2026-08-31,aee5886616f6a68191414aeea3e6b11f640559e30c7c195321de1afa73204765,2026-09-25T15:17:48Z,2026-09-25-36153136821
2026-08-31,af541a9989b1f78b900e30c3c9198fcc586e5e6b001eb18a78d4c461d59c0587,2026-09-25T15:17:48Z,2026-09-25-36153136821
2026-08-31,afb3b22bd028aff1b6e50b0a52d9e4fac5bb8fe0c12626b615551fa9bc07bd85,2026-09-25T15:17:48Z,2026-09-25-36153136821
2026-08-31,b017c87ab2669544909d5b0cfe88264171591e135c9a192398009d67b59409d9,2026-09-25T15:17:48Z,2026-09-25-36153136821
2026-08-31,b02f615e8dd0db86c2c52cc4c9aef1d3ac0d7b41ce321a24743f740322a2161a,2026-09-25T15:17:48Z,2026-09-25-36153136821
2026-08-31,b08912e443363147dc886182122030d5d5ef9042512be9fde6d8dd12d1245f79,2026-09-25T15:17:48Z,2026-09-25-36153136821
2026-08-31,b188b269d9269b03a18538c205e0d43b75b9f4b52a16f83949f29e7d29416cc2,2026-09-25T15:17:48Z,2026-09-25-36153136821
2026-08-31,b18e79f3152c101b10a4aa976df583157a26150b8e19de8ab4d8e93431c8c837,2026-09-25T15:17:48Z,2026-09-25-36153136821
2026-08-31,b196d8132327d9dfe0e55b23c6929b00e07eb7cca48524284081427b123116d0,2026-09-25T15:17:48Z,2026-09-25-36153136821
2026-08-31,b1ffd69281f51b1b39234a858b5b9cd34348323528601c5a0f5130679b0ed587,2026-09-25T15:17:48Z,2026-09-25-36153136821
2026-08-31,b2516f03326c7a2fdd36fd7570c20e33a846283085a4dc4725bf727ed3e2af77,2026-09-25T15:17:48Z,2026-09-25-36153136821
2026-08-31,b267b787dabab0425dc014288e39a0f0ef8a55910da677a164cd12b2faca5fe9,2026-09-25T15:17:48Z,2026-09-25-36153136821
2026-08-31,b28725a3f5dbebc04e118c4bbc3c1420d8435fa6a5896a733b5295a0a4013c08,2026-09-25T15:17:48Z,2026-09-25-36153136821
2026-08-31,b31d87216185b572d616ddccb8fe419be4029796591d5d7253f74b1434483e6e,2026-09-25T15:17:48Z,2026-09-25-36153136821
2026-08-31,b3224a1bb279ad753e358a05a0b595d51fc592d909dfb5e254d7d2a531e6cea5,2026-09-25T15:17:48Z,2026-09-25-36153136821
2026-08-31,b473477357844d456474ade635e9d9452c28e4a62fbab2bc342c0ad5e58683d6,2026-09-25T15:17:48Z,2026-09-25-36153136821
2026-08-31,b572b3a775e1dfb93228cb278e676a885f85d5ff744c68345e02309af0d09494,2026-09-25T15:17:48Z,2026-09-25-36153136821
2026-08-31,b58c8a1d269f79f074a059667a5c8e0913e61b81a90673bbc7e628766964a9a4,2026-09-25T15:17:48Z,2026-09-25-36153136821
2026-08-31,b5a24d4c39b4220b900157368c24a2288cdb4d12d0707f4cab5f24e7b15c7618,2026-09-25T15:17:48Z,2026-09-25-36153136821
2026-08-31,b6196c8ebb6a7cf113f5c61e3d1bd1d06fe451c7deeef78a37b4492d4b472727,2026-09-25T15:17:48Z,2026-09-25-36153136821
2026-08-31,b61e0a1d990386af394d5627b663b6cfa847c667a8e04ee9058354f8a1edf38c,2026-09-25T15:17:48Z,2026-09-25-36153136821
2026-08-31,b67d95b9e4447087760b1f53231a07dd025bbaf1dd5df68d4a53abc423a7d18d,2026-09-25T15:17:48Z,2026-09-25-36153136821
2026-08-31,b710eadfb81a738e94895ef21b9edf0cb025e5cc6d39a57c11a8e1f6a27bcbcd,2026-09-25T15:17:48Z,2026-09-25-36153136821
2026-08-31,b8d458ef8adc717704e50b7929f11f6c0ec6129eda4567d4c73b8f691a8519de,2026-09-25T15:17:48Z,2026-09-25-36153136821
2026-08-31,b92a88a39001a941af97df5f5b71976f0a14f2b8ea8d6d1ccbe5b2bec7ed01c7,2026-09-25T15:17:48Z,2026-09-25-36153136821
2026-08-31,b9b064741df07074085a726ac6bec25792ff28c2411d9583b49db4270956cb04,2026-09-25T15:17:48Z,2026-09-25-36153136821
2026-08-31,ba3126570ea76d6f99230b8fade4768ed608683d62e3562e4b50e1821d22ff12,2026-09-25T15:17:48Z,2026-09-25-36153136821
2026-08-31,ba4d8051dc5eef70698d0c8d30abf2d9ef115c1c5a37ea0b30e49fc991f3cdd1,2026-09-25T15:17:48Z,2026-09-25-36153136821
2026-08-31,ba6c9550dd995ca3f6fee24a65f0e6c786e635eab647d7fac0c6315cee3cccce,2026-09-25T15:17:48Z,2026-09-25-36153136821
2026-08-31,baa0726af4f89a23178fc7e871b84fce0ecff6ff1e5b9c05b20f0857d20f76a8,2026-09-25T15:17:48Z,2026-09-25-36153136821
2026-08-31,bb8cb954e062896c53599d8d3ff9470a900c647f475f31377c7c982b30a8ef3b,2026-09-25T15:17:48Z,2026-09-25-36153136821
2026-08-31,bc17d3299432aee07b37ef53d162a1dcf44224ae7d7015ab167e9c0215d63462,2026-09-25T15:17:48Z,2026-09-25-36153136821
2026-08-31,bc5c2d0345c3a3afadb2635dd99704a92d650ad54a40a8c2d43a7d21bec5c8f5,2026-09-25T15:17:48Z,2026-09-25-36153136821
2026-08-31,bccd2792788830701e994d10a01015ed65b045f904c0c775d30575f9b8260000,2026-09-25T15:17:48Z,2026-09-25-36153136821
2026-08-31,bdceb722ac40ba46bff4226ae90a37afaca70284cad2702887a7a5305808ba3e,2026-09-25T15:17:48Z,2026-09-25-36153136821
2026-08-31,bee67f440e411f133bd9dd448b4795c7bfdb94374343afbb8272b822a4a8552b,2026-09-25T15:17:48Z,2026-09-25-36153136821
2026-08-31,bf7071f0a9193e8f58be0bd3882a0b344575d8b60ec16bb7b73441effda03609,2026-09-25T15:17:48Z,2026-09-25-36153136821
2026-08-31,bf89ed18c210eb3c5de7866aab190debe0f9abc4745297971f0004e9d23577b0,2026-09-25T15:17:48Z,2026-09-25-36153136821
2026-08-31,bf97c029e29149d2ef30cb1c5d49a001a81be51cd2a8b87728f104e5e85db5e6,2026-09-25T15:17:48Z,2026-09-25-36153136821
2026-08-31,bf9832c3728a336e1c61a2f468924a654410052922d67ef77c3ca085b3235c66,2026-09-25T15:17:48Z,2026-09-25-36153136821
2026-08-31,c05fb2e1704a830137b932e1268f00b44357cb17d8db418b00952ddfe599d37c,2026-09-25T15:17:48Z,2026-09-25-36153136821
2026-08-31,c0749f90854ed5d6616739d5f6b77e4010b7e1ce119b077cc671ced054b6f51f,2026-09-25T15:17:48Z,2026-09-25-36153136821
2026-08-31,c0ac5af11c79de25d7e3b14dcee8655c777d3dcc19b0a716f1490a26a466e335,2026-09-25T15:17:48Z,2026-09-25-36153136821
2026-08-31,c159127aedcebe307c1f4edb00d992b01badd877150e2e854e0df2da88dd6758,2026-09-25T15:17:48Z,2026-09-25-36153136821
2026-08-31,c17762d8992cf713a3a2fca08f8a65b49cd5c824804490630829ee40b4e6d870,2026-09-25T15:17:48Z,2026-09-25-36153136821
2026-08-31,c29cde4561122143e8715b7e1f0e972c92f0674fbadc0511a7a6121da0819c81,2026-09-25T15:17:48Z,2026-09-25-36153136821
2026-08-31,c2d504ad409c34224f20ea4f7091fa480e143491fc31e1921158163ab90225ae,2026-09-25T15:17:48Z,2026-09-25-36153136821
2026-08-31,c3745df1a4b49ca68c1076b20deead20998fc0afa2c548e7a438dc8cf4b1bad0,2026-09-25T15:17:48Z,2026-09-25-36153136821
2026-08-31,c3cb4608ad07689bce99bd75d0b0949b5ba21cda8469ef27a7e7fda6bdd37586,2026-09-25T15:17:48Z,2026-09-25-36153136821
2026-08-31,c4332f5ed4db4afccb9d225d79c839bd60787cc635120ba4000121423873b65c,2026-09-25T15:17:48Z,2026-09-25-36153136821
2026-08-31,c46a77bd0728d52e86177afc0b1a07d912dd95ecba0839f7df3fd716e18ac5c4,2026-09-25T15:17:48Z,2026-09-25-36153136821
2026-08-31,c4865159702e1609e9a5de5fe6433477537747bb557d8fec98c27bfdad0d8e19,2026-09-25T15:17:48Z,2026-09-25-36153136821
2026-08-31,c4bdbbebaca126bcc857b47ff1230bfc3b41f4220d8e6f7dbac69439dabe05ae,2026-09-25T15:17:48Z,2026-09-25-36153136821
2026-08-31,c55afa2c597101171f031890632433891ba4cbeb3e607a56d52ef8c619b07dd4,2026-09-25T15:17:48Z,2026-09-25-36153136821
2026-08-31,c5f83a0e1b487abfadd52a65dd7aa24ae56dca30baa57dde37445f7ad876062c,2026-09-25T15:17:48Z,2026-09-25-36153136821
2026-08-31,c692be566e99182774a61977b662a5650aca5861235a1f6ce5e658d23330c87f,2026-09-25T15:17:48Z,2026-09-25-36153136821
2026-08-31,c730f5f1ab754b59ddeeb9f66188cba3e7e7383f6a52bce984b7e08ded55c5f7,2026-09-25T15:17:48Z,2026-09-25-36153136821
2026-08-31,c7b8db62bd24b66fe990eaa024ca7c2fb3fae941c8e451ede3b5df38b559c0c3,2026-09-25T15:17:48Z,2026-09-25-36153136821
2026-08-31,c7e180a5ed5a0752a8eed679e8e9178bd644ff982bad393d5a8f81895aed1e6f,2026-09-25T15:17:48Z,2026-09-25-36153136821
2026-08-31,c8aa36511d231856c06523455728959209a62bceba5ba0a0299bb302ab20e01e,2026-09-25T15:17:48Z,2026-09-25-36153136821
2026-08-31,c952bcac4103724054a4359a343d385b622960926da3de3c4509f48242f90e27,2026-09-25T15:17:48Z,2026-09-25-36153136821
2026-08-31,c9c636edb27801ca974a9574e762da0b0ca52e55e44df8695bf352218854ad38,2026-09-25T15:17:48Z,2026-09-25-36153136821
2026-08-31,c9c815785ca4504168514584b742b757a9082f0f84eeb0f284c647c527f72be8,2026-09-25T15:17:48Z,2026-09-25-36153136821
2026-08-31,cab588c697a11d9c491b9eeddb7f09ba47985f03fbe977eb19ca4d3111ecddc6,2026-09-25T15:17:48Z,2026-09-25-36153136821
2026-08-31,cc753a8e819988b8b396407f533ffa1141ff2a1e4334f7aef3e1f4e744e7a2f5,2026-09-25T15:17:48Z,2026-09-25-36153136821
2026-08-31,cc84d1110eae60e09d6ce03141783f2821e826f47ee34948e5a18e59ad92fc41,2026-09-25T15:17:48Z,2026-09-25-36153136821
2026-08-31,ccb1426f8d196910f4de68a34bb77cc1b3c77ce7d2b6c0dba8ef7fbd859a5a94,2026-09-25T15:17:48Z,2026-09-25-36153136821
2026-08-31,cd85e923a7474d9457109e9cf6b1b661487999fd567ab1bc7430e511f70b0f8d,2026-09-25T15:17:48Z,2026-09-25-36153136821
2026-08-31,ce053c21b1adaa77957d98f1c51c466baf9f644ae1d1dc9709eb4c03aed49fc7,2026-09-25T15:17:48Z,2026-09-25-36153136821
2026-08-31,ce918505567548daf44faced6c074445d24d7eb07ca38ec506e54245d5d81118,2026-09-25T15:17:48Z,2026-09-25-36153136821
2026-08-31,ce996c70666dcaabc450fe8d8f1db46daafdf2e8c7d3afea1662c15f7995ba55,2026-09-25T15:17:48Z,2026-09-25-36153136821
2026-08-31,ceb3eac002c80e1d94fe266ea21aa902e4012992c904482a0cb0056ac2323af7,2026-09-25T15:17:48Z,2026-09-25-36153136821
2026-08-31,cec8e2f91ba31134f0936a47e170a05f3f61acca7f12b86c20307ff3a832c864,2026-09-25T15:17:48Z,2026-09-25-36153136821
2026-08-31,cede6a41780b4bef4c0165eae8c4cebbf080904fb6074eb069f8de55767df3c0,2026-09-25T15:17:48Z,2026-09-25-36153136821
2026-08-31,cf0aa55ad1ded334c44c8550bcdc6fd2ae3bb4528f515b179d55b4f1c475ac00,2026-09-25T15:17:48Z,2026-09-25-36153136821
2026-08-31,cf7f54f4edefb479f456220152ebc95c243a5e34ec355e62659f6d44e647e494,2026-09-25T15:17:48Z,2026-09-25-36153136821
2026-08-31,cfaeb72b5a158175d9e833a33006701433b3857775401ca34566c94392b64f0e,2026-09-25T15:17:48Z,2026-09-25-36153136821
2026-08-31,d017b1853cca9d0c02947598584b891cb234ef51020fe9ebf1c0c66b57608081,2026-09-25T15:17:48Z,2026-09-25-36153136821
2026-08-31,d02ce7d4a62ec82c162a09c6f3d48ceff1a66422bf20ac794278108848968652,2026-09-25T15:17:48Z,2026-09-25-36153136821
2026-08-31,d0c2e54b7e2b5c23eab5264e661af5aab3aa52e224a59610b68c153bee95b49d,2026-09-25T15:17:48Z,2026-09-25-36153136821
2026-08-31,d11c500113cb4e72c08670a152cdf33239e57965de04b66f75b8dd9f5e70caf2,2026-09-25T15:17:48Z,2026-09-25-36153136821
2026-08-31,d1f26b4078cbe411aa6f61ca441af758de8f822188c05aee6e66c33af9c49db7,2026-09-25T15:17:48Z,2026-09-25-36153136821
2026-08-31,d2dbd4ccbf26beb7644e3d27fbcf35c99652491c19f9ecdf13b2c82420d1ed7f,2026-09-25T15:17:48Z,2026-09-25-36153136821
2026-08-31,d2fef7749322e4b2171545c879d9317b5e58733d6ed7e49771ba03a077b42805,2026-09-25T15:17:48Z,2026-09-25-36153136821
2026-08-31,d3d497f590c2e1fb7dc92b5700449561242b1b3f1aecaf2377fc4af54a1d54bb,2026-09-25T15:17:48Z,2026-09-25-36153136821
2026-08-31,d3f6b9e3ba884b122b4a500cc2f660bf59e7977349f10e34da9c615058e8e9a5,2026-09-25T15:17:48Z,2026-09-25-36153136821
2026-08-31,d44cd987d48cf8b3c6a2711ead52967028ee752b469d8d9335c5cb93df18790d,2026-09-25T15:17:48Z,2026-09-25-36153136821
2026-08-31,d56c09391a7fa2a862dcc79db3542ee5a27e47440e5444885c84aed73cf726a4,2026-09-25T15:17:48Z,2026-09-25-36153136821
2026-08-31,d5996a817030bb00abcae8085c4a4de59d9787e955e7a7cd94ba1808dc9a769e,2026-09-25T15:17:48Z,2026-09-25-36153136821
2026-08-31,d660c95f56a5ba436971ac9abea4593f3dc33ec2a37f5d316c7c3585e6b53eca,2026-09-25T15:17:48Z,2026-09-25-36153136821
2026-08-31,d6c4a818001414c31601153b62803373d9c0c2aa1eae2d53b7b5e997b60e2003,2026-09-25T15:17:48Z,2026-09-25-36153136821
2026-08-31,d6e158f2459ff3e3c6309522d58b09bcba73d1ed6259b1e4ba75e15386ed2570,2026-09-25T15:17:48Z,2026-09-25-36153136821
2026-08-31,d7124a5e8144c6e19b8583fb1f3de6f9dbe2a780776e323fb3f09ab33915b8f7,2026-09-25T15:17:48Z,2026-09-25-36153136821
2026-08-31,d75cc08bda0fbf0455299c922cb1d90b936f27c074f7d27c17da4af3089cf3a2,2026-09-25T15:17:48Z,2026-09-25-36153136821
2026-08-31,d90b2ec8320550d625374605bf494e984db8b811e1fdda3a9ed34b4b277da151,2026-09-25T15:17:48Z,2026-09-25-36153136821
2026-08-31,d965f5f293433f58ca1e9274cde43fb2cc16aacd74935ac4563347736e4627d8,2026-09-25T15:17:48Z,2026-09-25-36153136821
2026-08-31,d994593e526887d5ff1ac2e1177f9dd34456fe5cd6c99f04169bf5f0a578320c,2026-09-25T15:17:48Z,2026-09-25-36153136821
2026-08-31,d9d76e1194a9790c0f32098ccdf39bcaf36f1a6aac2769957510a60da7f7ad0f,2026-09-25T15:17:48Z,2026-09-25-36153136821
2026-08-31,da088ebc8242fdd9add38c9d7f96c098875bdd547d5c712a4f5d1ab7c12cb41a,2026-09-25T15:17:48Z,2026-09-25-36153136821
2026-08-31,da317dfd36efb467242207a5d522900b2436b4c26d391fd6eae5d82b1d7c818f,2026-09-25T15:17:48Z,2026-09-25-36153136821
2026-08-31,dc007b24b821090605aea14aed7acfe38c8e22023c7e25b1abcdf02bd29c4cc7,2026-09-25T15:17:48Z,2026-09-25-36153136821
2026-08-31,dc635ecf16f238aaffdb53960de304e92767416f7d02e5fb014015b5556488b6,2026-09-25T15:17:48Z,2026-09-25-36153136821
2026-08-31,dc9a8c1d4c61532f4d3eb2fd5631e4f799161210570c5606ee8e84c50925af7d,2026-09-25T15:17:48Z,2026-09-25-36153136821
2026-08-31,dcc21513f566eb4c1d2af7122a63fe33a8461f39312e6af449e7f5b973a5d0f3,2026-09-25T15:17:48Z,2026-09-25-36153136821
2026-08-31,ddd10fa5fd4c6b31c2472e5bc0cc34df4409f1d92ebc79385371056e96c6d7b2,2026-09-25T15:17:48Z,2026-09-25-36153136821
2026-08-31,de58dcf4b7c2a5df80aec3f45786e89fc466fca541b3e89d763c6a5d8924c597,2026-09-25T15:17:48Z,2026-09-25-36153136821
2026-08-31,de60b02b162507acb6618d55557cbd523a3dec56e8451f14d705c9638e53ccfc,2026-09-25T15:17:48Z,2026-09-25-36153136821
2026-08-31,ded35d13e6b0e4429bbda437521d3750514077a64354ab5f9cbf9dd9d72b6de4,2026-09-25T15:17:48Z,2026-09-25-36153136821
2026-08-31,dee92b28a3bf40a1ab04f24792dc6629011a1d487ba4585b5685e7d079fd2744,2026-09-25T15:17:48Z,2026-09-25-36153136821
2026-08-31,df2179dbe793cc77e14785acb977b80f6d9ac92cc9a5ff72f8bdba737f7c1ca5,2026-09-25T15:17:48Z,2026-09-25-36153136821
2026-08-31,dffa36548f6f26a88de844038920662dcc11f78c93f0ebced47084cc2eed121e,2026-09-25T15:17:48Z,2026-09-25-36153136821
2026-08-31,e09781753a31479551244db8b011de54fcaa299e686322e7e93e695db4db5b8a,2026-09-25T15:17:48Z,2026-09-25-36153136821
2026-08-31,e0d3b2125c54b1a51f2496c8fd9455a7f3d8f55baa9284e6872dfac23affea14,2026-09-25T15:17:48Z,2026-09-25-36153136821
2026-08-31,e10baecc3acfeadef0e7fa9bc4ea3e9118f108c88f42fe309771a568d9ce155b,2026-09-25T15:17:48Z,2026-09-25-36153136821
2026-08-31,e19e83cdc1ce5e4e6eef86cad41e327960f7c68aeb138db7ceaa558c02580ff5,2026-09-25T15:17:48Z,2026-09-25-36153136821
2026-08-31,e1c990fb9cfa6440d547e7445b4b59db75394b69053296f33734e052b8e10e94,2026-09-25T15:17:48Z,2026-09-25-36153136821
2026-08-31,e2d3df0dcaa8245e65a8d6b27a6ec40e1e32f140dc3d54793fdc638f0a5b7d73,2026-09-25T15:17:48Z,2026-09-25-36153136821
2026-08-31,e383f8a28170c2f0cfee94c4fa971fa02471cf78e3be5000e133280bc8ea0aec,2026-09-25T15:17:48Z,2026-09-25-36153136821
2026-08-31,e45d0b4a0dd2e77d0b94d28caed6d1ac07339a7d432a3391b5f34e657481726b,2026-09-25T15:17:48Z,2026-09-25-36153136821
2026-08-31,e4818377130524fbd198f6088d9eb1c1ebaadd4dcfb92ea03d4c072cc404d958,2026-09-25T15:17:48Z,2026-09-25-36153136821
2026-08-31,e4972041d9982550d05247b78e241fd539d8e8dcc881b4f77595e208327fb0f3,2026-09-25T15:17:48Z,2026-09-25-36153136821
2026-08-31,e4a80a8823d7bc6be4010280192248b37bd987b51bf8622d61525b38ca51de5e,2026-09-25T15:17:48Z,2026-09-25-36153136821
2026-08-31,e59321c568b497e2a3260e1893454af21e832bd7505efa708245a4acdb49dc5f,2026-09-25T15:17:48Z,2026-09-25-36153136821
2026-08-31,e654fffcd6b4da71bd3804bb63c0353f459766151c144c09eeae5e3c29daac00,2026-09-25T15:17:48Z,2026-09-25-36153136821
2026-08-31,e6cbbc5dc801a092f949f60bc2765f1057443d901feec56636cd819a2312884b,2026-09-25T15:17:48Z,2026-09-25-36153136821
2026-08-31,e7214b22b03b07ba432003b6354a6a637a849f64d2cda20b8fcd46033c6ec0d5,2026-09-25T15:17:48Z,2026-09-25-36153136821
2026-08-31,e7bcb44e13238b15d202e6ced233ddefe513f2ad7c18f1edbb0217b035a8c478,2026-09-25T15:17:48Z,2026-09-25-36153136821
2026-08-31,e8152c13059676970d4447774e021ffa072e3630a6fd086cfa8c0a453f7b060f,2026-09-25T15:17:48Z,2026-09-25-36153136821
2026-08-31,e87fbbe3b03fe11fae29878e62ee3fde4def9033931a4cb51d13ba7fd6505fa8,2026-09-25T15:17:48Z,2026-09-25-36153136821
2026-08-31,e8d29d9c45f35615beac369ceb1d39b28d0e1ff74f205ae82159588212451f6e,2026-09-25T15:17:48Z,2026-09-25-36153136821
2026-08-31,e8d325fdab0c424868e060658e119bf1fa578dc5d27a792c7fcc49593ec94f13,2026-09-25T15:17:48Z,2026-09-25-36153136821
2026-08-31,e8e73f8dd5ccc5ff5e12e1926bcb345bc51d02093aab7a12dd998a1ff9b8b0a0,2026-09-25T15:17:48Z,2026-09-25-36153136821
2026-08-31,e93656ec1e9895ac5618f96770eb48f5db35cb7452d2bc5d75a90a33c672ed7b,2026-09-25T15:17:48Z,2026-09-25-36153136821
2026-08-31,e939246ca75fe94c711f0535c2ffb6c146cda3688526703ddd9b7f9a04321f15,2026-09-25T15:17:48Z,2026-09-25-36153136821
2026-08-31,e9629499e7b90d05b8bd423b76ffc05e9b280a6882a72c504a40a79c444d0da3,2026-09-25T15:17:48Z,2026-09-25-36153136821
2026-08-31,e99b4a31840f77900be706e1245aff8c1e2961c1e4987cbb74387a7a26a0badf,2026-09-25T15:17:48Z,2026-09-25-36153136821
2026-08-31,ea452cad16183bede4e044f2554457a2cef5085eab13efaaca979e772f5a9ca2,2026-09-25T15:17:48Z,2026-09-25-36153136821
2026-08-31,eb09c9802fb99f3520162e74df5d8ee90e9741b29dcb3105244d1ab6c62c69f1,2026-09-25T15:17:48Z,2026-09-25-36153136821
2026-08-31,eb3e1562d36f032149d35f748ae9aaece06f73cd72452e13981455bdfb33eee3,2026-09-25T15:17:48Z,2026-09-25-36153136821
2026-08-31,eb63e5619538bc660319617297860aadef54df0ae730d9ba018c1e3745c03e7c,2026-09-25T15:17:48Z,2026-09-25-36153136821
2026-08-31,eb808b6aefd89016a2fc40592b35a6b228b8217355b2b6ad4f509e4a7102b33d,2026-09-25T15:17:48Z,2026-09-25-36153136821
2026-08-31,eb8a3980afc7bfbde6e5e0214e57ff09bb17346d6f73b72b428adff97b4b07bc,2026-09-25T15:17:48Z,2026-09-25-36153136821
2026-08-31,ebb25e8a44cd876539eff2a9e89870a22b057bd6f5894043354075a729af62a3,2026-09-25T15:17:48Z,2026-09-25-36153136821
2026-08-31,ecb224ffdfc55dee101f00563cab3c957dff99bec602d21589f8d949173af76c,2026-09-25T15:17:48Z,2026-09-25-36153136821
2026-08-31,edc0ae1f52a9c26ecf38a79936b6aaf566d056eeb089ed80ef121b7beab4be53,2026-09-25T15:17:48Z,2026-09-25-36153136821
2026-08-31,ee0f37ddc7e073dd517e6cb307aae258b5efc94b0609e9d8233da318a9fa16f7,2026-09-25T15:17:48Z,2026-09-25-36153136821
2026-08-31,eec0773e31a572460e189487fed1e5a6d714cc0530301da05d16c1a7091bf038,2026-09-25T15:17:48Z,2026-09-25-36153136821
2026-08-31,eeed707a0e12211f9d165c7133edbb1a74f327dfdbf76559777dce089ef8573b,2026-09-25T15:17:48Z,2026-09-25-36153136821
2026-08-31,ef1d10ae2020fc21cfe355466a2605e79e1298f18bd998abf9458d02ff9ac13d,2026-09-25T15:17:48Z,2026-09-25-36153136821
2026-08-31,ef255ad301ceb7bf6a0986f7bc1b1eb239020fd4c02275c784741c02d45bbd37,2026-09-25T15:17:48Z,2026-09-25-36153136821
2026-08-31,ef2bdcf0d8d0bd68596d8d0d3f3dfa3e9430067b530fd4e76a2acc02582d50c3,2026-09-25T15:17:48Z,2026-09-25-36153136821
2026-08-31,ef54f16c12344f0695ae90c8a835219810c3082c5ae376c636c766cd3b981d1e,2026-09-25T15:17:48Z,2026-09-25-36153136821
2026-08-31,ef85df49a27f370f1f234de32ce79ac8b4d3045d789a25a4637ecdcd2f2ddccb,2026-09-25T15:17:48Z,2026-09-25-36153136821
2026-08-31,f015a86015e11ba0d77e63f293c7821d3b6965a74cd3323c7208228d76e8fb2f,2026-09-25T15:17:48Z,2026-09-25-36153136821
2026-08-31,f059b9659bf57d70c58b9672935811259be44a585bdb7ad6c27946b6bae3d31f,2026-09-25T15:17:48Z,2026-09-25-36153136821
2026-08-31,f06e5cccbdcdd530702097199e578305063d956099495fda8c24b3e9b5f6089b,2026-09-25T15:17:48Z,2026-09-25-36153136821
2026-08-31,f0c8e190620c51b1f0b04de6ff334f8da343003f97945ec770d363a315b1bd2c,2026-09-25T15:17:48Z,2026-09-25-36153136821
2026-08-31,f228540b74e9eec80f61c770be29cfad7d104cafa8306a9907365874d5cd492c,2026-09-25T15:17:48Z,2026-09-25-36153136821
2026-08-31,f2831187ac486bfbc0cca16be38d217b5557f29bb9440daae18ce6be51ce8458,2026-09-25T15:17:48Z,2026-09-25-36153136821
2026-08-31,f325e2d2e30ba2b3c1296e1fc760f7dbbf8ed680dcc20322daf4f5f42e474379,2026-09-25T15:17:48Z,2026-09-25-36153136821
2026-08-31,f3b8c1c26bf46991a9bc38decd8ea0eccae77b1d1b96b657f6c9f7b257b75daa,2026-09-25T15:17:48Z,2026-09-25-36153136821
2026-08-31,f4cf81815c52962c0ffa90aa49b36d4be852aa6bfa371c051f038fe4a219a08d,2026-09-25T15:17:48Z,2026-09-25-36153136821
2026-08-31,f569c12f1711531462c923b5eb4fe531d4a404c275980c7dc1780197e13dbdbd,2026-09-25T15:17:48Z,2026-09-25-36153136821
2026-08-31,f58b0ce13c4b2b864b838ac903035d060696e07dd7569ef0d2c99f25316df83e,2026-09-25T15:17:48Z,2026-09-25-36153136821
2026-08-31,f6ceb47d225b61ee914140574fff4c9177cfb00b51ee2bcd6947b5de63034fdb,2026-09-25T15:17:48Z,2026-09-25-36153136821
2026-08-31,f6e2f54d1f3d1d2ad5e5d083ae3606e3e5c946e4febd1eea5cfa0d449e831838,2026-09-25T15:17:48Z,2026-09-25-36153136821
2026-08-31,f71819747f4e6e9bbe1c67864babd9de77f953407e4b47bfc8772c65d83a85f9,2026-09-25T15:17:48Z,2026-09-25-36153136821
2026-08-31,f7bc59e402af8c32bd49a7230e78e12c8ebefcc9026a1de5b1256b8a9f993354,2026-09-25T15:17:48Z,2026-09-25-36153136821
2026-08-31,f7dcc9ef211fed1f75f28e0525c6179057529b590095987a5f6ea37295e64b5a,2026-09-25T15:17:48Z,2026-09-25-36153136821
2026-08-31,f7e30ce0f3c4b5301fe211e83b7b85282ad1030fee5feb8d254a2b664be0f4aa,2026-09-25T15:17:48Z,2026-09-25-36153136821
2026-08-31,f816273d4ed85ce8ec002578fc85f7a326c39b19f8cfc3ee2dbe701d2e220122,2026-09-25T15:17:48Z,2026-09-25-36153136821
2026-08-31,f85b504b6f80a3c835c90d3c16a8dbb27de541d16b7b13d5c4381942d8cbb3b6,2026-09-25T15:17:48Z,2026-09-25-36153136821
2026-08-31,f85cc72be92a4fffc243d1d531f95f5be66eeeb9578ddf9144aa8a524dc5d999,2026-09-25T15:17:48Z,2026-09-25-36153136821
2026-08-31,f89eb1b7d467f80ec578c153634b40e422fc01a7f8cae64f98342a4acc1f9d0d,2026-09-25T15:17:48Z,2026-09-25-36153136821
2026-08-31,f920012980a0bd091f3bd867b274cf555101f0a4fe44b55a04d1eb819b2544d9,2026-09-25T15:17:48Z,2026-09-25-36153136821
2026-08-31,f933c523e4a00afd5de987f9b78ceb83716e9eacbffac5135b37607fa22f2cc8,2026-09-25T15:17:48Z,2026-09-25-36153136821
2026-08-31,f9776f98af30cb3568bd514e0a9a471fcfac4faefee778ce17829fa8ced66f5c,2026-09-25T15:17:48Z,2026-09-25-36153136821
2026-08-31,f991ec95e786ac29103ab414c141a2b90bea505b9eb6ce101ca4df58da2b213b,2026-09-25T15:17:48Z,2026-09-25-36153136821
2026-08-31,f9a1dd02bcfe8dff6f942c2a19b7e99b856f76c66fb4b9d5d663f89fe2ddcf5c,2026-09-25T15:17:48Z,2026-09-25-36153136821
2026-08-31,f9ac97ed9ed88d97042761e3030eee73306afa12c9534604eae1a9830174491e,2026-09-25T15:17:48Z,2026-09-25-36153136821
2026-08-31,f9d77959d2e48390dca981cfdf4c4f66ed5c36e4c5e013653a2780f8ade36697,2026-09-25T15:17:48Z,2026-09-25-36153136821
2026-08-31,fa4bf0d437a0fd1994292cfd77eaeb7759782842793922cf2377e7a67d33f2f1,2026-09-25T15:17:48Z,2026-09-25-36153136821
2026-08-31,fad4f1c7f240ef6d89beda6ad7588e99ca1991ef29f5f9c9c4863d95d2034489,2026-09-25T15:17:48Z,2026-09-25-36153136821
2026-08-31,fb5c8d6b5832ab46ebb1b9ffcf7f2a3ce7118dc5545663ced8f7cb41cd925f1b,2026-09-25T15:17:48Z,2026-09-25-36153136821
2026-08-31,fba78c718e89c388448ae40f3038bc5a7c2d4dbdf46749a4439b504aee5b8f78,2026-09-25T15:17:48Z,2026-09-25-36153136821
2026-08-31,fc26f1e068f26811485e1c8fd3711549e0e9f2702cbbd60145026de99673d76f,2026-09-25T15:17:48Z,2026-09-25-36153136821
2026-08-31,fc9407696b92c4c41cf87fc8459ea47c318d5bb61b41153b47f21a7e82edc197,2026-09-25T15:17:48Z,2026-09-25-36153136821
2026-08-31,fc95b1fa6969a30d055f1643ec5d71c7d2ae348f2d8ce40ab11a85728ce1ba75,2026-09-25T15:17:48Z,2026-09-25-36153136821
2026-08-31,fd49786e86c1d7167ae012b363f4f480d2eec5c423d31ee8ec4d08366630e478,2026-09-25T15:17:48Z,2026-09-25-36153136821
2026-08-31,fe25a95d6f71203c45556c1f96c3ef858367e648e82a12247756c3931b9956cc,2026-09-25T15:17:48Z,2026-09-25-36153136821
2026-08-31,fe2f9e87cde6a8106c19302d13964d43dd2686d007eb74012beaedd7db0563b9,2026-09-25T15:17:48Z,2026-09-25-36153136821
2026-08-31,fe30ebb9835efe215f97ebfa0bae6bc87f792da974633afef4dff89b0c8c30db,2026-09-25T15:17:48Z,2026-09-25-36153136821
2026-08-31,fe466335710b560cc7fd98e636d965aa0c10fbabbe78ad279cff6ce40d1f624b,2026-09-25T15:17:48Z,2026-09-25-36153136821
2026-08-31,fee758916722469526aa1f1f85f68b085e22a0c4624d50a7e497c9979c25c9c2,2026-09-25T15:17:48Z,2026-09-25-36153136821
2026-08-31,ff8ca351bbda57e0a535367cd0a00ed22980c43f9efb1ebb2eca315cd21a1c35,2026-09-25T15:17:48Z,2026-09-25-36153136821
2026-08-31,01673c9621decc78bdce2ef26aa658d87edeb3b253304ccea1f72742aeef5d2c,2026-09-25T18:42:53Z,2026-09-25-36175113560
2026-08-31,01775f2b927af88edb9a39fcb3fc332ebd7030e536f31c30262b3c0288a4fbe4,2026-09-25T18:42:53Z,2026-09-25-36175113560
2026-08-31,017d96c914f4d9146863e8f49336845c3b63e4f830b635f2f26cb812a97fc036,2026-09-25T18:42:53Z,2026-09-25-36175113560
2026-08-31,019d0fc0cd7ba896789c82b4bfb73a960feada0bb20b34a3ca5c07da083b16cf,2026-09-25T18:42:53Z,2026-09-25-36175113560
2026-08-31,01a45fa41a04f50e617ab2edbbcc2fe2c8251eb99fbeaaaaa7839c26375b55a2,2026-09-25T18:42:53Z,2026-09-25-36175113560
2026-08-31,01b28943435b904183c01c6eda655eccd53bba8b83a0d67105677abfe8399183,2026-09-25T18:42:53Z,2026-09-25-36175113560
2026-08-31,01e4759b4a7559bde7a07f84fa7cda7e75415bfd97ffbdaf05314e3217902d66,2026-09-25T18:42:53Z,2026-09-25-36175113560
2026-08-31,036bb41e84a0fbf03c6a8e2106d2ded29e39716ebb934acda26c69915502783f,2026-09-25T18:42:53Z,2026-09-25-36175113560
2026-08-31,04aa3878fc220c67cc5891b0945ca53edfe60b92b0b802d1f16fc58acfa112c4,2026-09-25T18:42:53Z,2026-09-25-36175113560
2026-08-31,0667fe34181e7f96ff4810deffdf4e593ed513436612bbfbf3db75ecbd60315f,2026-09-25T18:42:53Z,2026-09-25-36175113560
2026-08-31,068a8a0ba72321ff777a5ab7485ac1c07524438a2c28fe1e3f1466a7ee7bc979,2026-09-25T18:42:53Z,2026-09-25-36175113560
2026-08-31,073a8191c07f0825ae527ee912fcfb791529f5e267b09035f4a097c494cacd25,2026-09-25T18:42:53Z,2026-09-25-36175113560
2026-08-31,07ee6b7b95e1b46ca562b0c250f09f96a66fa7e7d79874ffd20a5f65aeb2e568,2026-09-25T18:42:53Z,2026-09-25-36175113560
2026-08-31,08225b86c53379ed08d9b0586d1c5371965b9d8e96c314f197db155ad7b9a407,2026-09-25T18:42:53Z,2026-09-25-36175113560
2026-08-31,08574f162b14f29c8511a91aba7de86cb8ac41b202b4238412b66b835b9f6a0a,2026-09-25T18:42:53Z,2026-09-25-36175113560
2026-08-31,08c83f12c3f3b674f3d635cd615570a396186bb017d2f2e3df149409b8b6a0e7,2026-09-25T18:42:53Z,2026-09-25-36175113560
2026-08-31,09743aed59162906787651d88dc79965bbc5a445393d6268942cbe636eaec945,2026-09-25T18:42:53Z,2026-09-25-36175113560
2026-08-31,09d153defd99eedd7d5093d97b8c2c5b45c7fb368474bf892a8f1dcdd0840eb8,2026-09-25T18:42:53Z,2026-09-25-36175113560
2026-08-31,0ad51140318e1fc2b26feae2ae3810148f8976d6ce42afc8f4fcfce33cea09f2,2026-09-25T18:42:53Z,2026-09-25-36175113560
2026-08-31,0b049e675ac604cc0ed92c625309a2aa2d82bfdd07f4653f197ca1158b70af8b,2026-09-25T18:42:53Z,2026-09-25-36175113560
2026-08-31,0b4c240040c023413dbca95cf49b98bec474959abb635b3ed46bd377d91c92b5,2026-09-25T18:42:53Z,2026-09-25-36175113560
2026-08-31,0bc4de7917e7ca41bb07e0d971b68fb1d69fa5b17d80b6a8b094839d0089be5b,2026-09-25T18:42:53Z,2026-09-25-36175113560
2026-08-31,0bd7f6e6e8647d8adb01ed79f9a83385a801c3d2190adc57620228d426ae0c26,2026-09-25T18:42:53Z,2026-09-25-36175113560
2026-08-31,0bf9ac4a8fba83f8a5244db65c27f2c92f67dfc65b32ca8db1ff1375dcd02528,2026-09-25T18:42:53Z,2026-09-25-36175113560
2026-08-31,0bfb3b743488ee623ed607f9804d9cedc96ded02e94887669eaaa108d15edec4,2026-09-25T18:42:53Z,2026-09-25-36175113560
2026-08-31,0d21ee413cc6efb115f30c3c4efe64e163dd760a5700e660059fdfac1409e52a,2026-09-25T18:42:53Z,2026-09-25-36175113560
2026-08-31,0e55a46b8b9f5be291a91559b11891c718f69289b5ab0eb1b1501a7308550990,2026-09-25T18:42:53Z,2026-09-25-36175113560
2026-08-31,0ea2d5621b68f23b5535a5ef9fcb6eac2d301555bd86a6e9244315b5f5396d30,2026-09-25T18:42:53Z,2026-09-25-36175113560
2026-08-31,0ee17be4eec049c0080347dd80775ea2c5b0b8231ae039262a609f60d39136ce,2026-09-25T18:42:53Z,2026-09-25-36175113560
2026-08-31,0f39ed133963e50c7f16b1c2cb115684427acd9963713033bd107c64e4b8d69c,2026-09-25T18:42:53Z,2026-09-25-36175113560
2026-08-31,0f4a23f8035024c41fd2dd622989c70b3ec2da99e138f75a0f2925190520cb6b,2026-09-25T18:42:53Z,2026-09-25-36175113560
2026-08-31,10e57c324e9d52d9763affd7e70436b99d20cf093a8b10dc72d91bbcb05cbeab,2026-09-25T18:42:53Z,2026-09-25-36175113560
2026-08-31,113c03d77706f000fb74fd3c535091942019afd512b84bef1edb8cec9e1b4500,2026-09-25T18:42:53Z,2026-09-25-36175113560
2026-08-31,1172f5acf3f26fafab60652a93e753000f3ed310b2c805b263fb55b9ac7f0b6c,2026-09-25T18:42:53Z,2026-09-25-36175113560
2026-08-31,121671fda8358e5d501d8a5060dfc76ff738cd14ab934934d6eb49b2650e2702,2026-09-25T18:42:53Z,2026-09-25-36175113560
2026-08-31,1279f8622ba3214b43b4191d8fc020d11341914c77c1b81fd92dd51e67c7a392,2026-09-25T18:42:53Z,2026-09-25-36175113560
2026-08-31,1298c50686e1a2710f2f4a297dae010b6b7a4dfe9526b593ec7316ac7f9d7edf,2026-09-25T18:42:53Z,2026-09-25-36175113560
2026-08-31,1350e62afcb3a0d4191684e3508f4abed1a709e5f0991cdd2d30d06402c00ee3,2026-09-25T18:42:53Z,2026-09-25-36175113560
2026-08-31,136f7e3f7babd30fd6ed3b22e3666910f81cfe491c2e66fb67735813985889b2,2026-09-25T18:42:53Z,2026-09-25-36175113560
2026-08-31,13c03d2da9d879654f26567cffbdcf98aa2c6d78beeeac87fce46274f12e0b0f,2026-09-25T18:42:53Z,2026-09-25-36175113560
2026-08-31,144d025f37bb269485ab33d39c8b6065485b5831ad2a3c132840b33ae3145116,2026-09-25T18:42:53Z,2026-09-25-36175113560
2026-08-31,14c5f48b4a3c6683390253c91ebe360330f8909ab29d02c672624d9551003276,2026-09-25T18:42:53Z,2026-09-25-36175113560
2026-08-31,15859e3ee150646b10428719c74c4fb8da3469f0cb6426c5d81d80d90b117829,2026-09-25T18:42:53Z,2026-09-25-36175113560
2026-08-31,1610e5803c572e1f6fa6cc10fdd72ced0a2c1ac9d09fb234607600d8f232c909,2026-09-25T18:42:53Z,2026-09-25-36175113560
2026-08-31,16461fd8208a858489faa09967991ebe92cf8711b128ac1ef94d4090a9e63717,2026-09-25T18:42:53Z,2026-09-25-36175113560
2026-08-31,168ad9936dd8fdf158f9ab786bedc2789aa67ece16d13df7ec4f91fc4d136ee5,2026-09-25T18:42:53Z,2026-09-25-36175113560
2026-08-31,17143e9c9cddda9984d3857771e82f37e27a640131b17083b624642f3e7ad06b,2026-09-25T18:42:53Z,2026-09-25-36175113560
2026-08-31,173e601a9efca80195d3a91ca88620ef99d9a481465156ba5a4ced7dc89b188e,2026-09-25T18:42:53Z,2026-09-25-36175113560
2026-08-31,17aec53a8c540c120159ca2306eb5c85b7b456af3b347e14b5e9027a222cf743,2026-09-25T18:42:53Z,2026-09-25-36175113560
2026-08-31,1856710d5d51fbb365068d665bd5e926ddea771c683ee509dc8ee7a2636b5a94,2026-09-25T18:42:53Z,2026-09-25-36175113560
2026-08-31,1916c8beec5717f4da1881a77a3b2eaf59773da28ef4bfeb9f77c1d20a9e673f,2026-09-25T18:42:53Z,2026-09-25-36175113560
2026-08-31,191753ca1cc933a2329a690a6458bfd1a895ee68d3894f6c7caed5b439a001d0,2026-09-25T18:42:53Z,2026-09-25-36175113560
2026-08-31,19b2ace614bb718e556fed038182973bfde7c67fe93d9888eb26d10bff6fb376,2026-09-25T18:42:53Z,2026-09-25-36175113560
2026-08-31,1c0b5b99105252ab30b7e500399804f03b5db5286a3d163a8b79182d323a75fc,2026-09-25T18:42:53Z,2026-09-25-36175113560
2026-08-31,1c199cc857449b403c4e786aeb2d0b33129c3b04fc36910b3fcd807c6342c5bf,2026-09-25T18:42:53Z,2026-09-25-36175113560
2026-08-31,1c1a4f942fe7c2e4540d5cd8523aea5a2f033b88ca21572f31c139e21ea2d867,2026-09-25T18:42:53Z,2026-09-25-36175113560
2026-08-31,1cfb5b306e5453b0ee85a79e6189a6cf7f0a0b5ef1bc3de1126b3b199e44ff2e,2026-09-25T18:42:53Z,2026-09-25-36175113560
2026-08-31,1d31c7d3a5c091507929c331143507d7d2afdd406bd2e61ce1d09d132d8df436,2026-09-25T18:42:53Z,2026-09-25-36175113560
2026-08-31,1d322838447005c90c9c4646959031503b555894d668d604f852b3649cfe236c,2026-09-25T18:42:53Z,2026-09-25-36175113560
2026-08-31,1e269f6b8da96ac4b96cd3e41c2d9017c60bf6bb931353da9a4fcb3a2e3f1568,2026-09-25T18:42:53Z,2026-09-25-36175113560
2026-08-31,1fdea208aa6ebfbd965ed3e213d0fd23d09a1a24339deeeb5ca0a5d8892a953e,2026-09-25T18:42:53Z,2026-09-25-36175113560
2026-08-31,20016f9bde6a31fa5c932b34a9719c3ac1d7df26accbeb6514b2c8c69f59963b,2026-09-25T18:42:53Z,2026-09-25-36175113560
2026-08-31,205fc3b6f6c9b3be5c7c17ca95f62353fab8cb45633c3b44dd7860cb6d3354f4,2026-09-25T18:42:53Z,2026-09-25-36175113560
2026-08-31,20d6cd07a30865a4726adbc721b86f31b3c84a4c8328782842c4d7ebabff21f5,2026-09-25T18:42:53Z,2026-09-25-36175113560
2026-08-31,20dbd56c752856786376e9803b552d4416c8ce667d8fce3ac49150b1b3f01ba6,2026-09-25T18:42:53Z,2026-09-25-36175113560
2026-08-31,20e34df818606b94e8839f6b9fd0c87ee2797f7fd753c303805938155012bb07,2026-09-25T18:42:53Z,2026-09-25-36175113560
2026-08-31,231a1332b36735fa3a83ade44b8625e4d62a1d0049f56bcb24fde20d4b3ed32a,2026-09-25T18:42:53Z,2026-09-25-36175113560
2026-08-31,23387f9281e0aeecfd9015108d9fad30193b7de0fa1b5da63103279cf1ce4851,2026-09-25T18:42:53Z,2026-09-25-36175113560
2026-08-31,241aa5d023f1cffdf0f11301d60167678e62b15c278f84b26bd9ab23a183a45f,2026-09-25T18:42:53Z,2026-09-25-36175113560
2026-08-31,247b9793333403991a4e06f65f5fb145f30b664d07b7dcb26ce7a9350384908d,2026-09-25T18:42:53Z,2026-09-25-36175113560
2026-08-31,249da2162dee441b182bab28048b8fa8b84f08f61a94971c232d04c63da45ba4,2026-09-25T18:42:53Z,2026-09-25-36175113560
2026-08-31,24b7840a13d8b12deb77ade2307218848b13d5ec3e32c9d664bc5f22e4920586,2026-09-25T18:42:53Z,2026-09-25-36175113560
2026-08-31,24e1d208b3a4b3085cad0a5e3bef2e5d88e8cc4800c80729907e8a54bba58dae,2026-09-25T18:42:53Z,2026-09-25-36175113560
2026-08-31,24f81bf164400f8ae1f6c566ba6587b4dfafb1fffaa0f50aa7f5f568497fb78e,2026-09-25T18:42:53Z,2026-09-25-36175113560
2026-08-31,259bb5f04c71047ecefc58b94ca89f426efe9e5fd18d8d6bd8e3946bd74d271e,2026-09-25T18:42:53Z,2026-09-25-36175113560
2026-08-31,25f59a95d25ff03cc27a1401a1095d813af6571cd120400e9ddfeeb0f7f6f5c9,2026-09-25T18:42:53Z,2026-09-25-36175113560
2026-08-31,266b85301e7b31831eb9a81d16006ee135278edd89e1bcc0c1342c9b92b9d2b5,2026-09-25T18:42:53Z,2026-09-25-36175113560
2026-08-31,26c7e6271472c7273c18922978c5640cd11b14d9655c7405a109c1e4d4b8337c,2026-09-25T18:42:53Z,2026-09-25-36175113560
2026-08-31,274905d302e6b088cdf33707b194addb05b885812256abb84b432f636de5a04a,2026-09-25T18:42:53Z,2026-09-25-36175113560
2026-08-31,277bbf0e33bad9aaf4ef41987628c1e40ce8b3a23242d10471ab23fe53c6b9b4,2026-09-25T18:42:53Z,2026-09-25-36175113560
2026-08-31,27f79983d24c76511bed734a96d061795e369b907b6acd6c68c868f932e450a0,2026-09-25T18:42:53Z,2026-09-25-36175113560
2026-08-31,28450d91a540c7664d032b110dcd46cfe56214a05300f7e2d5b0f728685b8986,2026-09-25T18:42:53Z,2026-09-25-36175113560
2026-08-31,28be881384a00feeea403ccd990e75356da1a5e9ad25d7b2c2826febbe7b2ae0,2026-09-25T18:42:53Z,2026-09-25-36175113560
2026-08-31,298dd720c4b77828e0e574024da9449eb71f228cf8df06849cb5c7b84f4d0b46,2026-09-25T18:42:53Z,2026-09-25-36175113560
2026-08-31,29b44c4f299e260bde066cd420d83291eac99368588ad2c4da95fd2c7d8a8f47,2026-09-25T18:42:53Z,2026-09-25-36175113560
2026-08-31,2a02b786b9b5703afc320c0c25cc8fa9a4275f01ab9f8127d1bf79d4f77560e0,2026-09-25T18:42:53Z,2026-09-25-36175113560
2026-08-31,2af233fabd41f6bc45773c12e317a1bd9710fa1e3553bbd77d90a9d40b87afe9,2026-09-25T18:42:53Z,2026-09-25-36175113560
2026-08-31,2be89786be6ed348f1ebcf5d995ca8c14adaef95cf25ab60564afa1fb44da3d5,2026-09-25T18:42:53Z,2026-09-25-36175113560
2026-08-31,2c0ffc1bcb513c7e95f36e826f0e9f5caaf33c790afcffc6811086c309968ad1,2026-09-25T18:42:53Z,2026-09-25-36175113560
2026-08-31,2c80602bafa157c6a2749ae3bfa3a65086e983339f12e3fc6b2b1b96c96e8d7a,2026-09-25T18:42:53Z,2026-09-25-36175113560
2026-08-31,2c9863ca118385411cc9ce11a5b8bdb130b54aaaf9d4bb74428aa2eb94b9903c,2026-09-25T18:42:53Z,2026-09-25-36175113560
2026-08-31,2cea46c3fe35e26f8488c60c744f938fc1b3d441ea85a92c8c0a3da30ef9ef90,2026-09-25T18:42:53Z,2026-09-25-36175113560
2026-08-31,2e0bc6b21a389610c907c4829ad779e360ea3c4035b4e62fa5fa1619aefc7927,2026-09-25T18:42:53Z,2026-09-25-36175113560
2026-08-31,2e776eb6c1db520858d1acc70be8f387b9714cdb894072049f659e8b714b2152,2026-09-25T18:42:53Z,2026-09-25-36175113560
2026-08-31,2eac2f8f4451c5312f67419a03e028ef9a22d076f1b4a1102638edef3887944c,2026-09-25T18:42:53Z,2026-09-25-36175113560
2026-08-31,2ed99983c707df7bd8473a4b2f3def78a2f32ae1b78eb98d7dda693ef6b70334,2026-09-25T18:42:53Z,2026-09-25-36175113560
2026-08-31,2ef26782422d387ac3250420403c7d3e7278c113645584ac610b06bb57e4cdf1,2026-09-25T18:42:53Z,2026-09-25-36175113560
2026-08-31,30968cb96fb8cf1b44e753010b6f1a9490b738f71919513e1b592ca55e026af8,2026-09-25T18:42:53Z,2026-09-25-36175113560
2026-08-31,31107b4df44706d67b19b79c25313354a56641c2b82342306c9dcac4bbfd02d6,2026-09-25T18:42:53Z,2026-09-25-36175113560
2026-08-31,3150a286603d1c755e2b5f59e8fd5fc782466b6696b3900c2182cba345b58ff0,2026-09-25T18:42:53Z,2026-09-25-36175113560
2026-08-31,31ac800ae2f70bdccc13bd776515752d021e7e326130d3ab1dca6b58db35089c,2026-09-25T18:42:53Z,2026-09-25-36175113560
2026-08-31,31bc3ac8d41150305f4f10c602dab8e36f670980c957d8b6a4c17664ca98c2ef,2026-09-25T18:42:53Z,2026-09-25-36175113560
2026-08-31,31d052e93086662fbf17ee9b120d7c6a6dd96d090fb9c2980db14f6d7d638adc,2026-09-25T18:42:53Z,2026-09-25-36175113560
2026-08-31,3364d8dd46085e46e838ec3f2724b8f186e85d721c7fc10b1ab1b44706f3e98d,2026-09-25T18:42:53Z,2026-09-25-36175113560
2026-08-31,34e7e95d4be6616dce04f58eb82989917739102b501d85b6338815fa7a9365dd,2026-09-25T18:42:53Z,2026-09-25-36175113560
2026-08-31,3598fef341a9eade6675e9580f7837c45eafc5cdaf956741810f5b2630faf021,2026-09-25T18:42:53Z,2026-09-25-36175113560
2026-08-31,35a17f769d590678834c790cfce772702946d9ffdef5e754a8468f21fbaf1867,2026-09-25T18:42:53Z,2026-09-25-36175113560
2026-08-31,35fa82d54f8d2835f1e07d5ee6893c49e2cd6275f8635f33a03c318a17e69aab,2026-09-25T18:42:53Z,2026-09-25-36175113560
2026-08-31,372a74483f425f14e773c896af3c678dc28358121b1989f9052112ff279f7235,2026-09-25T18:42:53Z,2026-09-25-36175113560
2026-08-31,3798b4474a8e53a5c32ae66fe9ffbc2d11c98813944be8914d432c54bea44269,2026-09-25T18:42:53Z,2026-09-25-36175113560
2026-08-31,37ea5240441f84df6de1c8cd352e65353664cfc903f546db66f9f6b9c9011a29,2026-09-25T18:42:53Z,2026-09-25-36175113560
2026-08-31,392e78bee81d457a3df02b82b93de5aed99c60d36f1f151f4e17bc0f16089746,2026-09-25T18:42:53Z,2026-09-25-36175113560
2026-08-31,396183d890affb1752a8cd6bd9eb2e329726839c26fd90b2ae85651acfe9c9ac,2026-09-25T18:42:53Z,2026-09-25-36175113560
2026-08-31,3982143062689ba353c13b40cf23ad1d0d960047919708c98abdaadabe887818,2026-09-25T18:42:53Z,2026-09-25-36175113560
2026-08-31,399295575f44fb3079f3f5ec94ebf08dde22fd0da38fe5fef54877b90c83b46a,2026-09-25T18:42:53Z,2026-09-25-36175113560
2026-08-31,3aed55c666f7a9b842204313dbb52726427c1824a5bee06986067c64929e9206,2026-09-25T18:42:53Z,2026-09-25-36175113560
2026-08-31,3c5fed3763e6ac519b7f7ca41edc8513293f302f30e5f101670f1bfc01d9da68,2026-09-25T18:42:53Z,2026-09-25-36175113560
2026-08-31,3d0a3d178077a2722a0a2bee010d5c3773b12d6534b873fb2ce9f229e8de31c0,2026-09-25T18:42:53Z,2026-09-25-36175113560
2026-08-31,3d98b31a864ee2128fdfe364f49e00b5d93a0b4fc30a6c2ea3fba4b4ec0fa538,2026-09-25T18:42:53Z,2026-09-25-36175113560
2026-08-31,3def6742c39915aa090a75e262e925e03fb9aed177d58e00f83470d76874e193,2026-09-25T18:42:53Z,2026-09-25-36175113560
2026-08-31,3dfedc1ca65e0afa0c2eeebb69aa271f5c96b4b0c0fd69cdd5e1011013abc1b9,2026-09-25T18:42:53Z,2026-09-25-36175113560
2026-08-31,3e482a251912d4a879fda2953b6bf9c077b43a52c29ce629e031e42649ab0ff8,2026-09-25T18:42:53Z,2026-09-25-36175113560
2026-08-31,3e73176582fa6f140b608e97d1bd1bf209e1c387527b5806f546f884b5a59531,2026-09-25T18:42:53Z,2026-09-25-36175113560
2026-08-31,3ea782d6b675557fcf062cd0b89ce8c3e17a919ee0cbd6c0ef0dcb3c4e10c8d2,2026-09-25T18:42:53Z,2026-09-25-36175113560
2026-08-31,3f5673537635d197a407bb714318d76f37a57ac4afe1a3e2101345edcb26b5ea,2026-09-25T18:42:53Z,2026-09-25-36175113560
2026-08-31,3fd901d9bf6ab71a0eb15b6d42ba4593ee189a5edf815b5e7a198f9be182c5de,2026-09-25T18:42:53Z,2026-09-25-36175113560
2026-08-31,40c9c98802499cfffb7302768d0496371a9e9a43efa3b3fbff057c55c9dcad94,2026-09-25T18:42:53Z,2026-09-25-36175113560
2026-08-31,40fbfda6f2a464f91a41777bcfe2a603aa26523e4410855a2a761ba8a54d1666,2026-09-25T18:42:53Z,2026-09-25-36175113560
2026-08-31,41351d5057bf2bea4d8ec22a90d6770e6edecb5372f4ab7991316800bfd7e805,2026-09-25T18:42:53Z,2026-09-25-36175113560
2026-08-31,414aa6e54d0dfddfb49789a6d186ca9de8d4889fc711394d84d68139683e2d3c,2026-09-25T18:42:53Z,2026-09-25-36175113560
2026-08-31,41fb65499cedbdbb2f351c193dcc7cc8f50f4d378e1e60a0e19e5932b6616f1d,2026-09-25T18:42:53Z,2026-09-25-36175113560
2026-08-31,420a373b54a866a0e5abac9b044fba2dbcb4e64675f801eb1700669a77b05a21,2026-09-25T18:42:53Z,2026-09-25-36175113560
2026-08-31,43145d91f21e2fcdfadb421eaf6ea86facd107246d7d9f497cc4daa4f1c80de7,2026-09-25T18:42:53Z,2026-09-25-36175113560
2026-08-31,43373107829494c40edb0e9da64dd54ca7984bac89e4bd0d2c298ca84d9d5566,2026-09-25T18:42:53Z,2026-09-25-36175113560
2026-08-31,4356f9d563bf2554504c7817fc54d31d47c443d3f092b141cbe54b3512ad655c,2026-09-25T18:42:53Z,2026-09-25-36175113560
2026-08-31,439b9a796e2a2904e78d78d5cc705b1f6f057bc81142f0eb2368616c65485273,2026-09-25T18:42:53Z,2026-09-25-36175113560
2026-08-31,441660b9922cc5d3984e5b5585edbc8acf77b415e80c23425365d76697b7e41f,2026-09-25T18:42:53Z,2026-09-25-36175113560
2026-08-31,443b5e14f7c69b51fa678dba176df04a8264802b26f0156282797750271c32ed,2026-09-25T18:42:53Z,2026-09-25-36175113560
2026-08-31,447a4a7ffe8307c1aea433880452e5465621b4da4a2cff3198b66fe108cce9f0,2026-09-25T18:42:53Z,2026-09-25-36175113560
2026-08-31,44dfe94c51776d2f07a7d96040fbb5332ef26275dff96891b5582d504066307e,2026-09-25T18:42:53Z,2026-09-25-36175113560
2026-08-31,45b4e7b81af1b094f8fd6c36ffab9e1f9ce4ba1870057d9a9d9fa7949bfeaec6,2026-09-25T18:42:53Z,2026-09-25-36175113560
2026-08-31,460160402f7a10882d1e925f4b0f4e761d763dcc615c39b170ba6ec1254c6c33,2026-09-25T18:42:53Z,2026-09-25-36175113560
2026-08-31,4638b131764be6c38cccec19a515afd1683b27d5864e1a6b6aa367917b2b3c0f,2026-09-25T18:42:53Z,2026-09-25-36175113560
2026-08-31,4673d61e13944a2fdcbf449d985d4db34d44c0d4d00fce7c85720b6cb8e41311,2026-09-25T18:42:53Z,2026-09-25-36175113560
2026-08-31,47c351bcd32e7fa99c426faac4096990a9c1416b7ca46022e0a5e639ff32c95a,2026-09-25T18:42:53Z,2026-09-25-36175113560
2026-08-31,482b721ea9c8d4c2201c7a4d1d146a738bc1cbd5712f3dcf4539f6261f1d6ce2,2026-09-25T18:42:53Z,2026-09-25-36175113560
2026-08-31,482d27010b8d5a7086866cad45bd91ff50c419af74824fe04237cdb4607d6656,2026-09-25T18:42:53Z,2026-09-25-36175113560
2026-08-31,49064d17567295f5ba48537bf185c7d2a1693d192eef05308f8e12b38c5cf5fa,2026-09-25T18:42:53Z,2026-09-25-36175113560
2026-08-31,4964d0de6fb5c0d72f677a1f8535908e10da20a69d18a416ab6dd8f9e76bab6f,2026-09-25T18:42:53Z,2026-09-25-36175113560
2026-08-31,4abb0395893a90660b27dc117a937d04e957bc5d3e8fc26be558be711b1aa4b0,2026-09-25T18:42:53Z,2026-09-25-36175113560
2026-08-31,4adef9ff60b661b1c3ec0ae7c86bbf2296d1893ee52b12ce9b507493e5d9b6cf,2026-09-25T18:42:53Z,2026-09-25-36175113560
2026-08-31,4ccf30bceb3c7d12098b91af854c82c72fbc24f05b866f013ef0d0806d264205,2026-09-25T18:42:53Z,2026-09-25-36175113560
2026-08-31,4d87368e0eb8a85f68521f2a0b40b5e61452d91a78141c8c35a60a110dd636b6,2026-09-25T18:42:53Z,2026-09-25-36175113560
2026-08-31,4d8d3169beba71ac00124b822a58d7338ba8cc0b5964a04ff963f81a94bb635f,2026-09-25T18:42:53Z,2026-09-25-36175113560
2026-08-31,4e800a5a9060cd08f7e8831ce7a27261a09e6a3001a71bf2c0ba2c274c4c41a0,2026-09-25T18:42:53Z,2026-09-25-36175113560
2026-08-31,4fcbc6d5f25a4c33a59eecb75d12188b1f95fa7858f796cd0af9e3fe6b02d529,2026-09-25T18:42:53Z,2026-09-25-36175113560
2026-08-31,503bf55b050e1ee30254be6619acbcb4da5c8e2b4f13706f5e283ec9a97890b5,2026-09-25T18:42:53Z,2026-09-25-36175113560
2026-08-31,50fbde8d9b9a200816e9098a957fbf291f7dcc8c88b50b88fbe3d183a87dded2,2026-09-25T18:42:53Z,2026-09-25-36175113560
2026-08-31,5168cbf7809f1d6f507ee26f99b024ce63e8fdd7ac5ed81974629087aac71ae0,2026-09-25T18:42:53Z,2026-09-25-36175113560
2026-08-31,51924c89f2e042ce0fb8f925d999db16cf3fcff19da9b2a85001ebed345aed60,2026-09-25T18:42:53Z,2026-09-25-36175113560
2026-08-31,51a4284fe8b085a2c89c2d6f1814d52cb2744b7fdcfcf288b2d60b7d9f353a60,2026-09-25T18:42:53Z,2026-09-25-36175113560
2026-08-31,51b25315a73899e423a3f4fa292a1fbae7fb028e82798520b0909ed58c9a287f,2026-09-25T18:42:53Z,2026-09-25-36175113560
2026-08-31,51f1aa0a3024636a2583c5641aff89fbd7911d77f8ad8b7b07cccfc5dcde72de,2026-09-25T18:42:53Z,2026-09-25-36175113560
2026-08-31,5255ac1f06471093db595287d82bfbd789030792bad70ef4b2395b1bc1d01b9c,2026-09-25T18:42:53Z,2026-09-25-36175113560
2026-08-31,530b416756709b59e11aff1886fda21f5c580aabef2ffe77fcda660bde7d5004,2026-09-25T18:42:53Z,2026-09-25-36175113560
2026-08-31,53456f01d84ce9a5a26565f470eb212f2972a167cdc5fb606def318669e7feff,2026-09-25T18:42:53Z,2026-09-25-36175113560
2026-08-31,53ba90ab899c851642fd0f8f7268000f972254ba40451c1b4d3765e6fc2db9bb,2026-09-25T18:42:53Z,2026-09-25-36175113560
2026-08-31,53eb8f0c284748960f8930d7b204790f45767fc4cd9830a0d1524705cbf9cfce,2026-09-25T18:42:53Z,2026-09-25-36175113560
2026-08-31,54fe10054192b4b644488b8ec56ab5a036dcd5724cb6cebef0d793f8e4d08b7a,2026-09-25T18:42:53Z,2026-09-25-36175113560
2026-08-31,5624eb18622791df95b09cb15305216b93a6153c158ece738277e9ed1d1eacc5,2026-09-25T18:42:53Z,2026-09-25-36175113560
2026-08-31,56524b09e583522e8cd44ecfe02a346c708d7ee4118098e60dc571fa457a0f38,2026-09-25T18:42:53Z,2026-09-25-36175113560
2026-08-31,56ac7bd6278121ecf4c8daea4140d8a71116818632a1c3fafd31d3e91c6eec3c,2026-09-25T18:42:53Z,2026-09-25-36175113560
2026-08-31,573a7783bd7773f78769b4db25701fac73fbac79391b16149bfb33f2f641bed2,2026-09-25T18:42:53Z,2026-09-25-36175113560
2026-08-31,575784eeb23fccf1b3def4d53099e5420c2aeb63094076b923c82e8af529b7b9,2026-09-25T18:42:53Z,2026-09-25-36175113560
2026-08-31,578fd0ae6621e43b9478aab38ffef0142abcbfba24593eef2f89effc14dcd203,2026-09-25T18:42:53Z,2026-09-25-36175113560
2026-08-31,58b7a7f72522dd564913ae8fb48ae392c117689fa18e5178df8e8c996587d4d8,2026-09-25T18:42:53Z,2026-09-25-36175113560
2026-08-31,59485be3be1909723128d04185407dded0f8e075196fa29a3400858ff7acfba6,2026-09-25T18:42:53Z,2026-09-25-36175113560
2026-08-31,5a3a1db197efe8eafa30fa4d23d7c47fe10b067bcb71be7750f07d209a10c725,2026-09-25T18:42:53Z,2026-09-25-36175113560
2026-08-31,5a502a8344d5fdb2a700cd6b4980fd25aef9b953fae944b15c177c902a7a6c44,2026-09-25T18:42:53Z,2026-09-25-36175113560
2026-08-31,5a8d70f77b0d8645ad82f550cdc57b5b50fb426c84462b69acf373421391fcda,2026-09-25T18:42:53Z,2026-09-25-36175113560
2026-08-31,5aa56d0410029b87e6acfc98b77909fb8ef26254d67a8631c1574e8cbb4a6876,2026-09-25T18:42:53Z,2026-09-25-36175113560
2026-08-31,5af60ef04cb65948355e23ccb08ab2457e91e603896023ea0b40419928044520,2026-09-25T18:42:53Z,2026-09-25-36175113560
2026-08-31,5b2c1c6096971774b3e075b8f47c052a4063da7d7281a391293f490b8aab6cb2,2026-09-25T18:42:53Z,2026-09-25-36175113560
2026-08-31,5b5efd8fbd241f9ce570e896d29981764dc72fd224d79e5d0bd187d75de37f80,2026-09-25T18:42:53Z,2026-09-25-36175113560
2026-08-31,5c1b8d34cc34e76c118b64f6e250422009b5ee5d791f1e2a7d2d49bea42e24dc,2026-09-25T18:42:53Z,2026-09-25-36175113560
2026-08-31,5e0f62d933ab72102175a3008e9f4ee8ea783dcfe03c766e4933c912e849a444,2026-09-25T18:42:53Z,2026-09-25-36175113560
2026-08-31,5e17162cd30fea50c9cbe3e9666d79fdec18a41d5cdadbcde4d2e74e131bff55,2026-09-25T18:42:53Z,2026-09-25-36175113560
2026-08-31,5e95f1020195155b728236552933150fe713e2186c1cb729691439c7fdb1055b,2026-09-25T18:42:53Z,2026-09-25-36175113560
2026-08-31,5ece6134b39f2ee9e07768d14a9a52ea4f2bf7bbe45db7b4ca406e3df3734fa1,2026-09-25T18:42:53Z,2026-09-25-36175113560
2026-08-31,5ef48491372d1afb694949ba68e6032042cf8bb647707dc783286a19f21283e2,2026-09-25T18:42:53Z,2026-09-25-36175113560
2026-08-31,5f203e2b2402ebaaf25c95e7e646cfc4cbc157baa126bba33ddbe01b42b31354,2026-09-25T18:42:53Z,2026-09-25-36175113560
2026-08-31,5f39365c96bc8527148c062b9c41e89824969329ed332ba65090945866a5a12a,2026-09-25T18:42:53Z,2026-09-25-36175113560
2026-08-31,5fa2e5e55304af0a912b73ebac22894627bf0e47968391899b13ba14aae69f55,2026-09-25T18:42:53Z,2026-09-25-36175113560
2026-08-31,60d59cabfd556395f0d6ab9b0671b5a5e618b0d7b4108d57ea785f9da04a84df,2026-09-25T18:42:53Z,2026-09-25-36175113560
2026-08-31,6224ec5b13cc8c94ce185d59639287afa0c9a4023e264e315c05fd1917f1c474,2026-09-25T18:42:53Z,2026-09-25-36175113560
2026-08-31,623e73f0c7bb9428feb7660fbed1005054dd1cddc553bb7a37dc0b233e0dab2a,2026-09-25T18:42:53Z,2026-09-25-36175113560
2026-08-31,628511443c8d91573b3220913ce30a6d278afb4bcff9c839e3ac0d531ed6cd13,2026-09-25T18:42:53Z,2026-09-25-36175113560
2026-08-31,62a92d4d4a3366e1b061f9164c55260fb9fcea156de912040f8ad90ad526e219,2026-09-25T18:42:53Z,2026-09-25-36175113560
2026-08-31,62ab303097c46fa52f31fb8255eee0227195e449bec4f7e4ba1487e7b78b1c4b,2026-09-25T18:42:53Z,2026-09-25-36175113560
2026-08-31,634b5a8090c2a6308588060e6fa07f9e9a6d37af24dac55e5e6b972e0c412ce1,2026-09-25T18:42:53Z,2026-09-25-36175113560
2026-08-31,650b74d8eb949cea8335454c2c0ff805290d21d0460dc4e5868eb11c09bfbddd,2026-09-25T18:42:53Z,2026-09-25-36175113560
2026-08-31,652316bc74b1c523f0f3f714f6085285fd559cfa800039f01baf3c94d005741e,2026-09-25T18:42:53Z,2026-09-25-36175113560
2026-08-31,65b66f2fa3158ed0104299442b442a1d92065c42b7bc7f398a9918477b3d3385,2026-09-25T18:42:53Z,2026-09-25-36175113560
2026-08-31,6624902a5035e238de020d75ffc506034e0905a5767a40834320d8c946ebcca3,2026-09-25T18:42:53Z,2026-09-25-36175113560
2026-08-31,667ce6e9024478007a37ad9ddc0f3f13684fd5b5b405e042d315e98e32d4c8f5,2026-09-25T18:42:53Z,2026-09-25-36175113560
2026-08-31,67589e08baa616ead0b13a1d13d32f57cddf0e6e9a0d13b40bac18c530f3ff66,2026-09-25T18:42:53Z,2026-09-25-36175113560
2026-08-31,67a047a0b1a25b67321605efac6fc0de47b97222da63b2fabd5ec5318f94a928,2026-09-25T18:42:53Z,2026-09-25-36175113560
2026-08-31,68b97ed98a477b434f8250077a1e64ecc8118a5a4403ffef0d273072463c0e28,2026-09-25T18:42:53Z,2026-09-25-36175113560
2026-08-31,68e39dd666bafb156394751095bd06ee517e8a3d82f2b6e370d77bc1f62a39d2,2026-09-25T18:42:53Z,2026-09-25-36175113560
2026-08-31,6b23f8ba26e60ff8d784ec644fc4a9871351085b137dc2a1b131ae851d2b69c7,2026-09-25T18:42:53Z,2026-09-25-36175113560
2026-08-31,6b5a83012cc65dbffd870c2df0df2cb0bd4992cea61aca04100a357a0640ef3b,2026-09-25T18:42:53Z,2026-09-25-36175113560
2026-08-31,6b86f97959079f44de9d8a89219f827b1199a831abdbe5c56c7f4e8dddc3d2fb,2026-09-25T18:42:53Z,2026-09-25-36175113560
2026-08-31,6ccfe703221b348ec146bdc03fa4048b8942fc38da915cfdec366e4111937648,2026-09-25T18:42:53Z,2026-09-25-36175113560
2026-08-31,6cd4402f5f606fb7574bd63e7c8a1cdf5b7e11b095e98cbad987c3be1080eb3f,2026-09-25T18:42:53Z,2026-09-25-36175113560
2026-08-31,6cee0b287207eb1d20b83166794f3099ea1a02f5c57c7a07bb8caa50c94e396d,2026-09-25T18:42:53Z,2026-09-25-36175113560
2026-08-31,6d3b4d5fa732425f1d344abbc0ac2bf275b64e863cedb37b1b232bcad38e377e,2026-09-25T18:42:53Z,2026-09-25-36175113560
2026-08-31,6e0602504c097f7b61ccbf87c0c5e55b4df7d3068e56d91e5aaa4ed4729e50a1,2026-09-25T18:42:53Z,2026-09-25-36175113560
2026-08-31,6f32c30682beac87bc18959d0b81c2971ca00239fc6a3346cbc61c844a75bb07,2026-09-25T18:42:53Z,2026-09-25-36175113560
2026-08-31,6fd142f0b3a8de7d73cfa314fa1f42ee3ee35824e59f7069369085bdb9dec591,2026-09-25T18:42:53Z,2026-09-25-36175113560
2026-08-31,6fe26cca313f6b94288da156ab5ad63169b532cde62aca42b95d7b372a618116,2026-09-25T18:42:53Z,2026-09-25-36175113560
2026-08-31,701e9e98b4ebb252b0a0c2f6f7d294ef076ae4060547d8a4cdf2d849409db41b,2026-09-25T18:42:53Z,2026-09-25-36175113560
2026-08-31,7181b0744182deb791f9b24cd157f1405f47d5033ccfb6f5b122a6dad7e26bf7,2026-09-25T18:42:53Z,2026-09-25-36175113560
2026-08-31,7259f49cfd75ec858af98ab1ddafc579170584867f1b73f551696c4cb29ba8fd,2026-09-25T18:42:53Z,2026-09-25-36175113560
2026-08-31,72aa5ab7446e6b7918bb31385de448ef936b79674c85ad85e1a22b41b50fac73,2026-09-25T18:42:53Z,2026-09-25-36175113560
2026-08-31,73769445c223124fe2b30b6d694c2260630d5f1edf198f75588dd31ed6299d07,2026-09-25T18:42:53Z,2026-09-25-36175113560
2026-08-31,73d33ca6f58414c7ffddd57d7497ddc5e471f8a55886079ec8d6b2017c97b0cc,2026-09-25T18:42:53Z,2026-09-25-36175113560
2026-08-31,74360b4d24bf62202211676ae1397fed1740e21dedddce9b734a5255a7160904,2026-09-25T18:42:53Z,2026-09-25-36175113560
2026-08-31,743796d0cc66fbfa6801088995aa7052838eae5ff1f569c9d1df28e39bdf3c5f,2026-09-25T18:42:53Z,2026-09-25-36175113560
2026-08-31,74dc8eaa946ba0f036cf5da75dc429d3182757b7eeeb391655bae845ceb355bb,2026-09-25T18:42:53Z,2026-09-25-36175113560
2026-08-31,75370b42524c3b62f0ad7b668e0fcbbee5f3a5225248d5c2ccb7202b1efcabb8,2026-09-25T18:42:53Z,2026-09-25-36175113560
2026-08-31,7610b3ab6c04c467d1093652b9e2fe1bccdad7260619c3734aa398f85af234cf,2026-09-25T18:42:53Z,2026-09-25-36175113560
2026-08-31,7987845e1d4db7cc3b4141df3ca8994070069179633f5590653cc9bca8849987,2026-09-25T18:42:53Z,2026-09-25-36175113560
2026-08-31,7a4b8b825e4cf90e0872b980727b37165b3786346100536173ea4932b47b64e2,2026-09-25T18:42:53Z,2026-09-25-36175113560
2026-08-31,7a77c60adcc77ff2dfe4139a6a71a2fe889b54dbda0a1076b180c5f0dee4dacc,2026-09-25T18:42:53Z,2026-09-25-36175113560
2026-08-31,7b0f37e77a6a3a640c354d096c5b1d14058c4ef94605598d5eb89cbe8002c075,2026-09-25T18:42:53Z,2026-09-25-36175113560
2026-08-31,7b1152af0265815a890adecff5bd3daa71dc0956e5d5df3b00222e1fc96b84b1,2026-09-25T18:42:53Z,2026-09-25-36175113560
2026-08-31,7ba740ccaea1999b6c1f25ea3f5020741255165a5a581dfde1b3af0f7d6af0a6,2026-09-25T18:42:53Z,2026-09-25-36175113560
2026-08-31,7bbabb9ad16facf8df6207c488c86014040c5c62bd259d6f435d6f54fd679983,2026-09-25T18:42:53Z,2026-09-25-36175113560
2026-08-31,7bbdbb34e5ebcdd8629ec76792cb9f61394f8b30171eab06389d94b0932e54a8,2026-09-25T18:42:53Z,2026-09-25-36175113560
2026-08-31,7c3de32cc1d94da4fc9054c19c93835726fafb238c3233d30a888a5c52d084b4,2026-09-25T18:42:53Z,2026-09-25-36175113560
2026-08-31,7c741152e099060ff65ff06de7c35ac87c979b478952a72f673f3474cb210e69,2026-09-25T18:42:53Z,2026-09-25-36175113560
2026-08-31,7ca32df82d6dcfdf307335708f5687e996bf337c6e2b2b702214dd4a622e8304,2026-09-25T18:42:53Z,2026-09-25-36175113560
2026-08-31,7ccfab0e92503bc19a9e67de640609f2756189bd7938f624b047e6246672f61f,2026-09-25T18:42:53Z,2026-09-25-36175113560
2026-08-31,7df8ce0dafe32de5ec24a81a9202afe00e19f26046aad797668ef5928c137f68,2026-09-25T18:42:53Z,2026-09-25-36175113560
2026-08-31,7e5c72916c51f2d4abbc150913218084ea2556464297204b8f44d97e1a50a4a1,2026-09-25T18:42:53Z,2026-09-25-36175113560
2026-08-31,7fbf2d1f4cee07139df9e2d544f525e2b1d893b8695b9255125ad8a404fc86db,2026-09-25T18:42:53Z,2026-09-25-36175113560
2026-08-31,7feafda1513fe1c1471582b402802ef044afb85534b3c3b20619e41483e5cde1,2026-09-25T18:42:53Z,2026-09-25-36175113560
2026-08-31,800cfe784cef80205f87fea9fbe6bfb9b597de26b5a16fd1f081f4a18e7cadd2,2026-09-25T18:42:53Z,2026-09-25-36175113560
2026-08-31,80a5faaf908fc607da71006fe552ff406167340e44b4a4bb0ecd61c6d74e6a20,2026-09-25T18:42:53Z,2026-09-25-36175113560
2026-08-31,81948ffc21f81e560dedd097a4e62a0fb5e868e07ca9a16297fa65522cd7ecc9,2026-09-25T18:42:53Z,2026-09-25-36175113560
2026-08-31,81a259daf04f64fc0062f6b84bdf5cbb491254b28a4de6646482528196e70527,2026-09-25T18:42:53Z,2026-09-25-36175113560
2026-08-31,81bc4a3546b40a0d9344528e0ec1e98763af1bcd6a13fa7a765ef063e5eeafeb,2026-09-25T18:42:53Z,2026-09-25-36175113560
2026-08-31,8200cbb1df5c9df2ddb7974b152a3475445312b7f3076c57a3b3cee42016a7ca,2026-09-25T18:42:53Z,2026-09-25-36175113560
2026-08-31,82a83542f06153a9cc7ab245abf7203e97ae65368ab0248b3037ebff76819c89,2026-09-25T18:42:53Z,2026-09-25-36175113560
2026-08-31,82f3bdeea68d2e900af45fc123327c4e792e55728ea5bd6251572fc29f1d458b,2026-09-25T18:42:53Z,2026-09-25-36175113560
2026-08-31,8308fa70e5860ff2a7ef16c80898c793a71e073f7cfacec2591d4e6f86ab8c71,2026-09-25T18:42:53Z,2026-09-25-36175113560
2026-08-31,830a9aa2b6c9fc19e423aac7f7f71b605f00d372350dc93f61a712a20bb60de6,2026-09-25T18:42:53Z,2026-09-25-36175113560
2026-08-31,838c5022c70d37d20b2519caa6c881a26c0618d88bbbe2979398ae8c2c30eac5,2026-09-25T18:42:53Z,2026-09-25-36175113560
2026-08-31,8433e4d5784c72bc2723709787722ab1527d22de306e2cafa458d743359dd88d,2026-09-25T18:42:53Z,2026-09-25-36175113560
2026-08-31,849a989ebfcf2dbe06dc59f9f52cbd48539ee8a2741fd952a469bd449f492210,2026-09-25T18:42:53Z,2026-09-25-36175113560
2026-08-31,8593cce65416f439fc78878778bd06fa909249de1fe2c4ad7b163d36c5c4a0d9,2026-09-25T18:42:53Z,2026-09-25-36175113560
2026-08-31,85a9237e1474d6c407e7350e1cf8e6cfa27d316f2cc5daaa8ae555b8033d4cbb,2026-09-25T18:42:53Z,2026-09-25-36175113560
2026-08-31,8625b0e86d9b51fd5d805691d7a82826288c98e6e931d8a30b9f3d41dba4aca2,2026-09-25T18:42:53Z,2026-09-25-36175113560
2026-08-31,8672a2af1e622b7ba9ec947a64df271c6513a2fb291cd5ea2aa59738b33b57d9,2026-09-25T18:42:53Z,2026-09-25-36175113560
2026-08-31,86e11989998d817be03b806376db3cb53783803cd853c523032679e8af1d9c8f,2026-09-25T18:42:53Z,2026-09-25-36175113560
2026-08-31,87c1bc8cee9befb8a1a6ef6c260841566d3e2d14ef127cdc590efb51ba5bcf08,2026-09-25T18:42:53Z,2026-09-25-36175113560
2026-08-31,881aeb397909b1ab449ab62b69d5ab455727e4bdb7212120af311d29d80f2463,2026-09-25T18:42:53Z,2026-09-25-36175113560
2026-08-31,8854aef77457c5971f2277b8a1df3d57778492d96911442d11a08957d22f32f6,2026-09-25T18:42:53Z,2026-09-25-36175113560
2026-08-31,892d0ffdcfe237c006bb13605e7e5aff6ed3e8119d0201c25f17036f69986081,2026-09-25T18:42:53Z,2026-09-25-36175113560
2026-08-31,894ccb3b28d47a63c6ab08ba7fd07838da632e00df64fc88a8f45696c4dc154d,2026-09-25T18:42:53Z,2026-09-25-36175113560
2026-08-31,8a4941d701b255f5f793a2ab9dc31ef2da862973b29a35a8ad9327b9acf3fd21,2026-09-25T18:42:53Z,2026-09-25-36175113560
2026-08-31,8b2087e867c2a39f6942effcb8724e7e4c61a259cd5df66257c09899dcc5d0b3,2026-09-25T18:42:53Z,2026-09-25-36175113560
2026-08-31,8bff4d0bfc93c55c0114089a4087ad6c5ee9db43a1119e5fbe936d2a859de975,2026-09-25T18:42:53Z,2026-09-25-36175113560
2026-08-31,8c09c3a2477816c8c842c5950d0d406958c6942f03bbfbce7ff6fe5e447dcb86,2026-09-25T18:42:53Z,2026-09-25-36175113560
2026-08-31,8cc07e0d7b46ce33dca5237e3896ea970e2b43e525168bdd75086bef509eb669,2026-09-25T18:42:53Z,2026-09-25-36175113560
2026-08-31,8d1b853a470bb302cf777a31561e07fed75e80042837d72e81f2c8bb0035836e,2026-09-25T18:42:53Z,2026-09-25-36175113560
2026-08-31,8eb5387ab50d3386f71b8ec89ee51caaa9b496995300b9bc964388527f1a0487,2026-09-25T18:42:53Z,2026-09-25-36175113560
2026-08-31,8ec9e02aaceca11d6860ca6187a2421371feac4d5b75ac4a86bb72f2285071f2,2026-09-25T18:42:53Z,2026-09-25-36175113560
2026-08-31,8fa39dfe5b7f5fde0fccc2292c396d89f618f151e0c71f846b6ffbbe7345b660,2026-09-25T18:42:53Z,2026-09-25-36175113560
2026-08-31,921f3734907f9fc0c33b280661e5346811cab032151b61af6ba881477d47937a,2026-09-25T18:42:53Z,2026-09-25-36175113560
2026-08-31,924f1fae17feb3ed50f4413d45035b7236ffcf2719c8d0b9fa442d91962109cf,2026-09-25T18:42:53Z,2026-09-25-36175113560
2026-08-31,927915c12edbb1fdae8848ad39e3050af213c22dcec94fd57190c2f078a6e3d4,2026-09-25T18:42:53Z,2026-09-25-36175113560
2026-08-31,92a18bba80eea99e8a652015456fbbbf01dec593b3c1312f56752c21b2d47b0a,2026-09-25T18:42:53Z,2026-09-25-36175113560
2026-08-31,934c98c694f8b27876524e7d0b838083a8e833668c96b104898a099ee763abf3,2026-09-25T18:42:53Z,2026-09-25-36175113560
2026-08-31,9391c2f4fe4199e627fcacbdbff9179ee3dc4b7dad7c13abf82aa14db524a55e,2026-09-25T18:42:53Z,2026-09-25-36175113560
2026-08-31,941d473b050a38a2be26c4e7f692722497921ac53c5aecdd825b9297d65a69e4,2026-09-25T18:42:53Z,2026-09-25-36175113560
2026-08-31,94b41138fb7a45b9f34455ac657dc749646f823af1aab3c2afd2dd149a6b1017,2026-09-25T18:42:53Z,2026-09-25-36175113560
2026-08-31,95163810b2d95d242db89b0016175ecdc009b2eac0ea0173f448db76c17ef7bb,2026-09-25T18:42:53Z,2026-09-25-36175113560
2026-08-31,95e3986db8583ac2c3253af081d787bb97d81e127539f60ebd2d14c31f5c5b84,2026-09-25T18:42:53Z,2026-09-25-36175113560
2026-08-31,96925d580fde0dc473a185253bc62b6b0d3fc506cb81676ec5651b2a2dd6e724,2026-09-25T18:42:53Z,2026-09-25-36175113560
2026-08-31,970fb174125a46815215b55aa009d1f6626e8bd248592d6e52dc783061beebb0,2026-09-25T18:42:53Z,2026-09-25-36175113560
2026-08-31,98408b093d1408db238b29439733ed2e04b31574fb01da166318eefb27f8a4e1,2026-09-25T18:42:53Z,2026-09-25-36175113560
2026-08-31,98802313cc96b97a792b93fe622ca96f58c8df94ee879db243b4f15f452ae156,2026-09-25T18:42:53Z,2026-09-25-36175113560
2026-08-31,98aa5f7b7e9726b181d720ad2ce8df94665c98000b5a25d2b1f56b0c2c92c271,2026-09-25T18:42:53Z,2026-09-25-36175113560
2026-08-31,98ac12338614016622a2126d04c5ed24492136c6d3953fc159b0b17f82c43b43,2026-09-25T18:42:53Z,2026-09-25-36175113560
2026-08-31,98fe74851dc2d266ca8f23c5d45927b17f59be250cf75e1ef540cedf11cd422c,2026-09-25T18:42:53Z,2026-09-25-36175113560
2026-08-31,9956a3e22fb36150898dd1728d4f1c0fd74c84d7a4421c8f2fb5f3c7220222be,2026-09-25T18:42:53Z,2026-09-25-36175113560
2026-08-31,9b6814011433f5d53067863124e2bc73b4d557a203e50d6df5244a43a63fea5d,2026-09-25T18:42:53Z,2026-09-25-36175113560
2026-08-31,9b7dbca7c9bd6423ce820fca533ed55d4218d8de6a5afa3d7e3303dcd6cb55ed,2026-09-25T18:42:53Z,2026-09-25-36175113560
2026-08-31,9bb0f6ed5dd30e1bbe247c4abf3135ea0f229849fef51caaafdbc13f842fc341,2026-09-25T18:42:53Z,2026-09-25-36175113560
2026-08-31,9c148e187fa8e8b8f8129a1c514e12359f0f5396facb97ff46e4bd3b0b89d1d8,2026-09-25T18:42:53Z,2026-09-25-36175113560
2026-08-31,9c3bd68dee6a88d9af56a144b7ee3a526cd581e58e354a803e670f4c336a0f81,2026-09-25T18:42:53Z,2026-09-25-36175113560
2026-08-31,9d0f90f11eee195e8bc3c326a306649997502d195cb38901594ecf077229b269,2026-09-25T18:42:53Z,2026-09-25-36175113560
2026-08-31,9da84ddc8c792fd2e86c6d63761fc043f707776b5e85310575222ac8e7450237,2026-09-25T18:42:53Z,2026-09-25-36175113560
2026-08-31,9dac47f8e0c1f0f573af62b93ac01e86fb93edab2e700541331ab7c9c454344e,2026-09-25T18:42:53Z,2026-09-25-36175113560
2026-08-31,9de028fbe46cac8b155a7c08a35dfcf47f00596edbfe763bda6c0737c9cb02fb,2026-09-25T18:42:53Z,2026-09-25-36175113560
2026-08-31,9e7b35bd1d21b0bf9d728830bac78c327c06b9dc2bcefc309c751ca5cc850b40,2026-09-25T18:42:53Z,2026-09-25-36175113560
2026-08-31,a09e7d816e23d70fb2e6f2de9c6358ec2e9829f48f6f0d3e0366477d07f78152,2026-09-25T18:42:53Z,2026-09-25-36175113560
2026-08-31,a18dfcdaa90181fc7bb70d9de64ddae238e62a473e9a71d8749e9773b9050bb1,2026-09-25T18:42:53Z,2026-09-25-36175113560
2026-08-31,a1b3c204c83057c5b70b69e70bf7022720aa26ef2374a491b7a144942c206421,2026-09-25T18:42:53Z,2026-09-25-36175113560
2026-08-31,a1c05a464b2a0c621128fec25a6a1e7487616228b78b088477fe00f38e469a99,2026-09-25T18:42:53Z,2026-09-25-36175113560
2026-08-31,a1eaf9e326ea5cc92f1a7e255d917e9e9354e70229bba795edb6394eddab7576,2026-09-25T18:42:53Z,2026-09-25-36175113560
2026-08-31,a2d9743d2fdad9284b8dffa14ea2d133cc13236af0171172bb8c5e6f9d98651d,2026-09-25T18:42:53Z,2026-09-25-36175113560
2026-08-31,a2ef7046d95b334cbd63181eaab4e7cfb0b960de219f5a079cf56eb462779f90,2026-09-25T18:42:53Z,2026-09-25-36175113560
2026-08-31,a37051aeb193732a8eea7a2c688eca5773b0e9576c88db7d684377895f9975c4,2026-09-25T18:42:53Z,2026-09-25-36175113560
2026-08-31,a49feab295a16816728c5c41ecae1ddb863f54993d2df9bc4265926d2bb4ade8,2026-09-25T18:42:53Z,2026-09-25-36175113560
2026-08-31,a4b42468cbb0979db380eca7469f29f445f4fb065ccfc5d16e1874afc0651f9e,2026-09-25T18:42:53Z,2026-09-25-36175113560
2026-08-31,a55614b67b8b2e71c0ff837ed99beb6c54f04d5d737bdae1a942a837df961582,2026-09-25T18:42:53Z,2026-09-25-36175113560
2026-08-31,a5cfd2a31d5917084f6b1577a54f4e6dcf839b87ec83031491a77bdfc98ea645,2026-09-25T18:42:53Z,2026-09-25-36175113560
2026-08-31,a5d551c0048f050ce94a3cb6903d63b116303e5c726f8613470e27235611bd12,2026-09-25T18:42:53Z,2026-09-25-36175113560
2026-08-31,a5ec740b298753099ad55a69542dc0c320a16c5677a01488754e66677514f2d4,2026-09-25T18:42:53Z,2026-09-25-36175113560
2026-08-31,a629640687a9760f763edb3f30440bdae48a083171cc3ed46b16b5986f7e4cf7,2026-09-25T18:42:53Z,2026-09-25-36175113560
2026-08-31,a63aa1966d3b3c131184434144f6e8a98b15de10fada17f1c4be01acbc85057b,2026-09-25T18:42:53Z,2026-09-25-36175113560
2026-08-31,a6892f12278e608c8be33cd13a9cdb6cae038c76a69e9840c83d7594bb1dad72,2026-09-25T18:42:53Z,2026-09-25-36175113560
2026-08-31,a6f186d26d8e26e7cbc97d310984b245487b72855edd066b9fb5985bc7cc40f8,2026-09-25T18:42:53Z,2026-09-25-36175113560
2026-08-31,a7a1fe8cc6d83102b0d01c4daa6c33a6bc27f7f80a74bc930153fa7d80a13259,2026-09-25T18:42:53Z,2026-09-25-36175113560
2026-08-31,a7bc241f1e8d72d52ec81fb5214d5d38524e1ef1926137986f65754a46ba4e7f,2026-09-25T18:42:53Z,2026-09-25-36175113560
2026-08-31,a933a282e79e77d7105ffac79bbb43fd4c257ea12af61fdeb9a37f9b8b9bf86f,2026-09-25T18:42:53Z,2026-09-25-36175113560
2026-08-31,a9a1888077314388c832552380d24f69e1a6df8171c230a275daecb4a3b0fc66,2026-09-25T18:42:53Z,2026-09-25-36175113560
2026-08-31,aad6aeeea4dc944ff72731cd029fa88f4e39e7c9c206d834a1498b7afbd0f6c8,2026-09-25T18:42:53Z,2026-09-25-36175113560
2026-08-31,ab068553b70496f9d735920f5116f88c274f7002fc637fbd0992d488f7bbfe66,2026-09-25T18:42:53Z,2026-09-25-36175113560
2026-08-31,ab5c613045cdaf0e148f12bc3257b8984b7ad9500e7f7ec86275316cc74e9988,2026-09-25T18:42:53Z,2026-09-25-36175113560
2026-08-31,abaef62266bce1d52da85d93e5ef48881b0f7d64d52f81ff3ea189a9451b93ae,2026-09-25T18:42:53Z,2026-09-25-36175113560
2026-08-31,abfd4c617ba5e43a61d19dc23a0d8473904214810b2ad7d7c346f461ff148843,2026-09-25T18:42:53Z,2026-09-25-36175113560
2026-08-31,acc84fd7418c6095e594111758a6b559be6fc8507c96fbba32cbf0e47b5e8a18,2026-09-25T18:42:53Z,2026-09-25-36175113560
2026-08-31,adade321ea3d186ac0e1ae8fcb7741e4a908acabe3642944ae8b431904d166f0,2026-09-25T18:42:53Z,2026-09-25-36175113560
2026-08-31,adca263a9f3b9b12be80ea7523eb79641235e2f020ff5ca0746b60afe33694c8,2026-09-25T18:42:53Z,2026-09-25-36175113560
2026-08-31,ae9694e1f65f7a1e952338330f546704430c261687594cc0fbdcf339c13dc930,2026-09-25T18:42:53Z,2026-09-25-36175113560
2026-08-31,ae99b01c261de2dfb6e12108ba1b7251017a93c7d3ce9f2fb79fdab8c1970995,2026-09-25T18:42:53Z,2026-09-25-36175113560
2026-08-31,aeb61be96822c1a7b66ba59371ff286c8b6cec0e75f9e684ab39399a67aa0ee8,2026-09-25T18:42:53Z,2026-09-25-36175113560
2026-08-31,aef9985320b4e3a538441a360990912a42ebcec7eacae02cf590d092ca6fd207,2026-09-25T18:42:53Z,2026-09-25-36175113560
2026-08-31,b09d37579b1ff6a5e13d9d071ddecc9f461e0f6930db3c445c94da91a8e4a9dd,2026-09-25T18:42:53Z,2026-09-25-36175113560
2026-08-31,b0a64bef88d47fda12a2fd8e3dcf34226a178c782b827be7c6c55af7e7ba4bec,2026-09-25T18:42:53Z,2026-09-25-36175113560
2026-08-31,b0d645d3ce0b34924240ed4a23cac8f2327aee1e16fca0ea66dc78d8ff5e8857,2026-09-25T18:42:53Z,2026-09-25-36175113560
2026-08-31,b0e7f708be175cfc53825664c0f01d0188051ada58192ec6d3dbff15595114c3,2026-09-25T18:42:53Z,2026-09-25-36175113560
2026-08-31,b2436d13b69863e439219c540c434b334f76b27bc0c30a94f3074652cbe47b93,2026-09-25T18:42:53Z,2026-09-25-36175113560
2026-08-31,b2585dd1955f896af46a121cb59266607a202aeef123d344747764d7181da969,2026-09-25T18:42:53Z,2026-09-25-36175113560
2026-08-31,b2b02b9ec680ac2017c67214d6284706ec14a51aec29f258bf20854b31995deb,2026-09-25T18:42:53Z,2026-09-25-36175113560
2026-08-31,b4ab0c253c7a35644900b35cda6cea277259c4de15d43aefc3979a7840b77565,2026-09-25T18:42:53Z,2026-09-25-36175113560
2026-08-31,b5fb2d368fcb4a793131dc67c0c3901b9b6ed968b382c1e9e85d7932e8e81023,2026-09-25T18:42:53Z,2026-09-25-36175113560
2026-08-31,b60d016b4635ee654159fc8ab1dfb007aaf5f38b3dfce214027174d42b949b0c,2026-09-25T18:42:53Z,2026-09-25-36175113560
2026-08-31,b6f0eb54368eae3e717a65b5144fce73583b32a87952c23dd4b7bd452e45be5a,2026-09-25T18:42:53Z,2026-09-25-36175113560
2026-08-31,b6f530606ff3afde7b96f1bbf05550d00b1e55fcfed494cf55fd7c9889af0f20,2026-09-25T18:42:53Z,2026-09-25-36175113560
2026-08-31,b7225a544628e5abf84951a63116534aaf6aee6abe212685815fe24a925f1de6,2026-09-25T18:42:53Z,2026-09-25-36175113560
2026-08-31,b73145b22355045f96040c711c2957b656cb5c2d746c579ce75fb7ea91d7c8f4,2026-09-25T18:42:53Z,2026-09-25-36175113560
2026-08-31,b750236adcac769565044798c1573b208699684fb6959b9a1ae3b372af3deedd,2026-09-25T18:42:53Z,2026-09-25-36175113560
2026-08-31,b7c28cbd0caf54f53479cdbec24baa96d5bc977c4629d8cb341bcc1ab0080f45,2026-09-25T18:42:53Z,2026-09-25-36175113560
2026-08-31,b7fd9668af863a5ffde8b279d529d49d81f242afa27f493da457ce2064c814ab,2026-09-25T18:42:53Z,2026-09-25-36175113560
2026-08-31,b9bb75b4abc88a13a890539afb78d64f84487eed065ece747984842683ad7846,2026-09-25T18:42:53Z,2026-09-25-36175113560
2026-08-31,bb12ffbf8281bab6828eb4c21465af12ed092de4b73556e15484f9f81ec4d215,2026-09-25T18:42:53Z,2026-09-25-36175113560
2026-08-31,bb14c3f735b07ff8bd7b7c02cf7adaee2664a371e37cc270ce3f432ec5e0cedb,2026-09-25T18:42:53Z,2026-09-25-36175113560
2026-08-31,bbb4604d6be0c6053b78fc3d8c76d7c40cf06a168f9df25fe31cd204648d9a93,2026-09-25T18:42:53Z,2026-09-25-36175113560
2026-08-31,bbc50d88b606ccd5fa1c640a8afb1a9dbeaf00f4079a9958edfdc1f9953df9c9,2026-09-25T18:42:53Z,2026-09-25-36175113560
2026-08-31,bc208c52c60726a237ff0e2e6b6e366be51113602cbe77f5254a829d77304751,2026-09-25T18:42:53Z,2026-09-25-36175113560
2026-08-31,bd3849cef2e86c23ac332853f3398b39fbe15a35bf941394d135479055f6864e,2026-09-25T18:42:53Z,2026-09-25-36175113560
2026-08-31,bd6c71b632337f65db50210351c857dc9e54f066e02399c5f600c558b883baf6,2026-09-25T18:42:53Z,2026-09-25-36175113560
2026-08-31,bde531ec92b19f44f3438789d266a2d37ec8dd12e6e9bf5cc9c02b1b2a55b3e5,2026-09-25T18:42:53Z,2026-09-25-36175113560
2026-08-31,be4ab9ecc39b89eba772ca76f9499bfa6fc876691a776089be1c7d8f6c900d73,2026-09-25T18:42:53Z,2026-09-25-36175113560
2026-08-31,bec6b3024eeaface579b6f53fec1043eed41114b3823ae6d2c23185aa5e8e16a,2026-09-25T18:42:53Z,2026-09-25-36175113560
2026-08-31,bf8c919881371953754e460a5792b900122d0c71ea4977c9f2c17386d84e5489,2026-09-25T18:42:53Z,2026-09-25-36175113560
2026-08-31,bfac1ab2eb5d7081d5e4324558a50c0d25fc5ffc287b440d10cd9bd965295414,2026-09-25T18:42:53Z,2026-09-25-36175113560
2026-08-31,c04d25df158303d8cda5199ff3dfd1a3c8a070b5998998ca6b99f6a3d0bf0aaf,2026-09-25T18:42:53Z,2026-09-25-36175113560
2026-08-31,c063a40a0830741671ecf1563aef9be619b4ac8954b78ee160811c389baf48e3,2026-09-25T18:42:53Z,2026-09-25-36175113560
2026-08-31,c0a200a9698e365663c04ae62f9b35d8901cee7c8f442c34036eed49e3310db8,2026-09-25T18:42:53Z,2026-09-25-36175113560
2026-08-31,c132c7566e21ccc21df74a0409f76c0f329c29411703662186bfd9dca62c03a7,2026-09-25T18:42:53Z,2026-09-25-36175113560
2026-08-31,c2ac324f1a884b520f6fa953bd0244ed73175110cc63e5c28abf089f51cedb87,2026-09-25T18:42:53Z,2026-09-25-36175113560
2026-08-31,c2ea6858836bc99dea5b9c9445bd436ade59d038053e3d56965b3c95205b9f77,2026-09-25T18:42:53Z,2026-09-25-36175113560
2026-08-31,c3375b36b42c960accb47cbf471e1a07f511530ac028c32863a69963c106acdc,2026-09-25T18:42:53Z,2026-09-25-36175113560
2026-08-31,c372231714c4b8e5c39ea5c892e2e4e7e95c3b8bbdc7868f1ff9a58c7f6ba616,2026-09-25T18:42:53Z,2026-09-25-36175113560
2026-08-31,c3bb1f6002251ca2cc5f5972f280bda6c99e65a63b2cdf510e1a8d84ce6b3452,2026-09-25T18:42:53Z,2026-09-25-36175113560
2026-08-31,c3cc2413c178fa8a7bff86e6aa548a1fd67a81b992b3095199f012d96ad5abe6,2026-09-25T18:42:53Z,2026-09-25-36175113560
2026-08-31,c3d03c9909f93d25d0ca0e7eac57ebfef3811445528fcb0872b7fa294ee69094,2026-09-25T18:42:53Z,2026-09-25-36175113560
2026-08-31,c41df5479482dbc6253d62c669bdc4be77e1c95d0dd0838ff96f4931b4d0995a,2026-09-25T18:42:53Z,2026-09-25-36175113560
2026-08-31,c4695d35257ee5df990032f72b679ce9c0d8e1f896bcda272ddd03a9766ae574,2026-09-25T18:42:53Z,2026-09-25-36175113560
2026-08-31,c57db2653ddbcb8bc529174098a432a807838c3d7fc9ff180db277969afa61dc,2026-09-25T18:42:53Z,2026-09-25-36175113560
2026-08-31,c58f82e337b66d9883b066af4f107cdc7491ec267dc17c910951e85fc2ab7e7c,2026-09-25T18:42:53Z,2026-09-25-36175113560
2026-08-31,c5b3aa7389c37e55ff9400409b74ee037192623706a7263c6987b647d3b812e8,2026-09-25T18:42:53Z,2026-09-25-36175113560
2026-08-31,c5f543448bd36ef1dd9d1d845a9027086ccb21ba98f1e577476ead91d422b0c4,2026-09-25T18:42:53Z,2026-09-25-36175113560
2026-08-31,c6cbb8869087d6e2182f8a645e50e50a242e8da985aa021ac09e9cb7edbe0f90,2026-09-25T18:42:53Z,2026-09-25-36175113560
2026-08-31,c776e51745e0426619f61f049e4fb08d59ad439ad26f4c3e95480b4b9d113745,2026-09-25T18:42:53Z,2026-09-25-36175113560
2026-08-31,c7a98a153f235ab24b305f93534e2ae1b0e66f5eda509c5fecb675d6c0f93468,2026-09-25T18:42:53Z,2026-09-25-36175113560
2026-08-31,c7f4e230c0022c0e3fe4b69c640c856cc2bf24520013357dc4ab63a7322eb016,2026-09-25T18:42:53Z,2026-09-25-36175113560
2026-08-31,c875c9fe7e79ac0b977f64c5175513cb164f84140d510c97df07374db72f6e84,2026-09-25T18:42:53Z,2026-09-25-36175113560
2026-08-31,c891b9469c2e5ff2f1024416b6a28b80d3ddb908796106c090f7f7a554991299,2026-09-25T18:42:53Z,2026-09-25-36175113560
2026-08-31,c8f64c53eba04993ffd03dd7264ce9533ecbb5cc814ae4029484a6dd9a0b605a,2026-09-25T18:42:53Z,2026-09-25-36175113560
2026-08-31,c93620756480b99ab8af536cfa6e547b10bc67e9131dee0ba3b893154409962e,2026-09-25T18:42:53Z,2026-09-25-36175113560
2026-08-31,ca1801c36c8394e274fb83f006d4997f2a1e318580cd3983dd5a80c6f40bdd66,2026-09-25T18:42:53Z,2026-09-25-36175113560
2026-08-31,cad477cc6e2894f797f683c54013d5827837cb629db560d444d0d389e6db39b9,2026-09-25T18:42:53Z,2026-09-25-36175113560
2026-08-31,cbe6c60039f6b4c9fdbaf622a4cbe57557416bb3a9d3b6dc7775a2e28fd613af,2026-09-25T18:42:53Z,2026-09-25-36175113560
2026-08-31,cca6a6f6ad9583be1f930ec25cb48eab34dcce5a84a56fc1826b9e64096a5961,2026-09-25T18:42:53Z,2026-09-25-36175113560
2026-08-31,ccfcada3553f77db7e13070620f5808661be1d450e65d2eb9f0c81bd37804140,2026-09-25T18:42:53Z,2026-09-25-36175113560
2026-08-31,cd4a7d361f7672bcbc4b6007e78ecf6bd11c7b765db68c3709d63ca9db32f4ea,2026-09-25T18:42:53Z,2026-09-25-36175113560
2026-08-31,cd89e998763a42e0d72b6bc7d1f87c88c2144595b26870699d019ce66a088aa5,2026-09-25T18:42:53Z,2026-09-25-36175113560
2026-08-31,cd9554c207fa0b8652d2964346c052cd2a2dc2ada248ec101680e19227c6d6c9,2026-09-25T18:42:53Z,2026-09-25-36175113560
2026-08-31,cf146bb51be19a6848437f420b20492a0d7ae23973019439d9bf21552cd6b633,2026-09-25T18:42:53Z,2026-09-25-36175113560
2026-08-31,cf274d0d5025cd3f8f4999457eaf8b8b945699a18cc87f3c88c53623d2936120,2026-09-25T18:42:53Z,2026-09-25-36175113560
2026-08-31,d039ae3448cbf1cef29d996d13c7fd1e485f1588cd5ca0d7a941062907217308,2026-09-25T18:42:53Z,2026-09-25-36175113560
2026-08-31,d06375fca9f190a5974d6f4382852769e6449d2d6e9a2a3e4325305485c73ea3,2026-09-25T18:42:53Z,2026-09-25-36175113560
2026-08-31,d0d9f6ed3625409a844003d258bbe335ea06e3ab4b41a811c08f181c91331f50,2026-09-25T18:42:53Z,2026-09-25-36175113560
2026-08-31,d0e05b74611edcf0372f73385471625a13dfda8a40d526d0498f8f7b8e5fefe8,2026-09-25T18:42:53Z,2026-09-25-36175113560
2026-08-31,d0f2881b4f7461d75becfae6dbca19376b550dc4eab705a4cab7565231ed74fc,2026-09-25T18:42:53Z,2026-09-25-36175113560
2026-08-31,d1193e28002463b80c437d8a3feb4dbaa2569ce500949755625b3c0d05dfcc01,2026-09-25T18:42:53Z,2026-09-25-36175113560
2026-08-31,d1c6fa72efa3e048998fd6d1ecb452fe6aea1e72b8e1617407cbca7d65cc9ac7,2026-09-25T18:42:53Z,2026-09-25-36175113560
2026-08-31,d2009ef00f3719565de8dd48d487ea024749cb8b31dc83e65b20e2f45cfef194,2026-09-25T18:42:53Z,2026-09-25-36175113560
2026-08-31,d2610f6381a487d65b6013ebffd1a204f11fffc0a15957b52de56fb7847f0212,2026-09-25T18:42:53Z,2026-09-25-36175113560
2026-08-31,d2c31b480caff37d3078661aa3493650d8bd786463230c8ceee8c798ffd967a5,2026-09-25T18:42:53Z,2026-09-25-36175113560
2026-08-31,d2e400a4120ace914f33a8956adee10fc38fc6dec3d65b26ea6fe86dfd2a9ca9,2026-09-25T18:42:53Z,2026-09-25-36175113560
2026-08-31,d306cc62935baaa27942719d48f70e7473d7c1312dc1ac977bb43c0171e95d1e,2026-09-25T18:42:53Z,2026-09-25-36175113560
2026-08-31,d32d36c18b2a80bc008fbb4b06a755814883cd702ba01be2ce5ceee94e2e3f6b,2026-09-25T18:42:53Z,2026-09-25-36175113560
2026-08-31,d3316f254027159f14bd83627abf0e95b1960b65418cbe1e9d05ae9afb07270a,2026-09-25T18:42:53Z,2026-09-25-36175113560
2026-08-31,d3a77dc2e05862dfaee4de143c517cc657bd622cd3a5462d0c75ef53ac791a1b,2026-09-25T18:42:53Z,2026-09-25-36175113560
2026-08-31,d4b5ced072e61dab3cc2bd64b0252ae7f1aaca7c9c8c6cc07721300df2a4be9e,2026-09-25T18:42:53Z,2026-09-25-36175113560
2026-08-31,d4f8361b1dc5d8dd342435c416574df3cff92840f1071d68c8bf55773f59c480,2026-09-25T18:42:53Z,2026-09-25-36175113560
2026-08-31,d6b475ba08fbbad6e493be1526cf379f1de2ca1ff98cb18dd0fb9fba4002425f,2026-09-25T18:42:53Z,2026-09-25-36175113560
2026-08-31,d77719f454c806629e9d69122c45671ea70ba7ccee6b0cd0269dcc88db5973cc,2026-09-25T18:42:53Z,2026-09-25-36175113560
2026-08-31,d78f213fdb7f03289bd7c12a45c595fe087aac71c7aec049226d8bc00daac34e,2026-09-25T18:42:53Z,2026-09-25-36175113560
2026-08-31,d7d1967b75b9d4e89498e86b560be07b42938327e8619b641e98264b1b56e411,2026-09-25T18:42:53Z,2026-09-25-36175113560
2026-08-31,d87a1418a5b7d5033c9df276a5810c2aefe2365f7ccfe06573adc068c557ee3e,2026-09-25T18:42:53Z,2026-09-25-36175113560
2026-08-31,d93825d51c9bcc091922674a17aeb408a0f3c1ae2c93d7da692cd92c8d1f4323,2026-09-25T18:42:53Z,2026-09-25-36175113560
2026-08-31,d9b7bc3f2a387ac10bdefa263ba68682897a48dc6c9e19a45aaa1844d875998f,2026-09-25T18:42:53Z,2026-09-25-36175113560
2026-08-31,da0259ec922f1486ffe14d5cf5403265a04f8e03296fa850a25ad06f7a8d4902,2026-09-25T18:42:53Z,2026-09-25-36175113560
2026-08-31,dadfca170e6016d034199528e5c25c21df819305a6931881b47b91249d16c456,2026-09-25T18:42:53Z,2026-09-25-36175113560
2026-08-31,daf4dd44593b6c4d6aac64e07bbd43ef4e1c2d522c679867099d8c8549ca97a9,2026-09-25T18:42:53Z,2026-09-25-36175113560
2026-08-31,db343d24817e265b08011400e8ed862b3c7a65dfa3a6eb40b7dbea87f602a12c,2026-09-25T18:42:53Z,2026-09-25-36175113560
2026-08-31,dd05a58b67b4916953ff4e73386135e1af8d334178a5823d10323830c99646af,2026-09-25T18:42:53Z,2026-09-25-36175113560
2026-08-31,de43921d866518053bd1aa6e4851b4ee796810bb6a18dfc94d0ccf19fe28be7c,2026-09-25T18:42:53Z,2026-09-25-36175113560
2026-08-31,de4f3e60821769a8d857e1c8f04b7450b9b5d9b02545b2d0484b525ad61e2d63,2026-09-25T18:42:53Z,2026-09-25-36175113560
2026-08-31,e0086e9d36b19725285b40385d04ef601b43ee8e2b9175232298950892797875,2026-09-25T18:42:53Z,2026-09-25-36175113560
2026-08-31,e038e8da6336d356d3c8b32c1edbd5e7e3ebc5685971fec95faecf7d6736bad4,2026-09-25T18:42:53Z,2026-09-25-36175113560
2026-08-31,e1628d8da466485d1038da49e2e3832e61c28f36905439881495f309487f208b,2026-09-25T18:42:53Z,2026-09-25-36175113560
2026-08-31,e17a9718173c69ab4985282a49b2ecdb7a7ab1da64ee66ca661689e378ae08b0,2026-09-25T18:42:53Z,2026-09-25-36175113560
2026-08-31,e38f70521e61ff17e01dfcd3b30c0233c0c03e1107433eae5cdddf85af5f0ba1,2026-09-25T18:42:53Z,2026-09-25-36175113560
2026-08-31,e42e31f29206aa11a5bf0869d839ec08ce8e3f89728d1d1bf165c06a952a1888,2026-09-25T18:42:53Z,2026-09-25-36175113560
2026-08-31,e46c0982746b7e05226d6067161edab93eb0596e3cd5214f9833a85643150132,2026-09-25T18:42:53Z,2026-09-25-36175113560
2026-08-31,e47e831e36f052a7370113423a21ecb3b121149f349d183bbfa78fd6da8d2dba,2026-09-25T18:42:53Z,2026-09-25-36175113560
2026-08-31,e5dacf98b6ac94f9d3aa9c4c8ec3f00de5d586a2efa86f744550fc24f5da8ed6,2026-09-25T18:42:53Z,2026-09-25-36175113560
2026-08-31,e676fb1cf38a23083d1e1ee8a614235d234178aab47628b987a7a60dbda5f3a4,2026-09-25T18:42:53Z,2026-09-25-36175113560
2026-08-31,e687aa17b4d054d179eab8918ba8c99c0480527656b0fe3f7d801d6df343c8ed,2026-09-25T18:42:53Z,2026-09-25-36175113560
2026-08-31,e7ba7e9467d94f32374febebcf405e8aae2dabe552c030f83af1b258bb801b50,2026-09-25T18:42:53Z,2026-09-25-36175113560
2026-08-31,e7f569bd349e12bfc8d0b28e1b50577cf88570f7f99a1b01453d9db8d151d3aa,2026-09-25T18:42:53Z,2026-09-25-36175113560
2026-08-31,e7f6673acf6ecce63d3f516cc32fc0accf62e3ab8b5138776bab992832523ae2,2026-09-25T18:42:53Z,2026-09-25-36175113560
2026-08-31,e882a619745accecdb0d4da43b76947c56d1aa9d5b43016e58d9c6e742fe7bbc,2026-09-25T18:42:53Z,2026-09-25-36175113560
2026-08-31,e8b5b48b40418ad832c3ce4a2c5abdabf46963a0f2229ff3ca00c9ad7f1cb6c0,2026-09-25T18:42:53Z,2026-09-25-36175113560
2026-08-31,e8f2cc6950865029ef3b912ccffa588e1b1dfd867c2c5c4f7eb5b0a943eaadc5,2026-09-25T18:42:53Z,2026-09-25-36175113560
2026-08-31,e90680ea9c3d3199eb70bdcfa3a8f9eb5fc7fc4c42fdb521b89161f3f6f368a5,2026-09-25T18:42:53Z,2026-09-25-36175113560
2026-08-31,e9e39563a47d1a47e4dfbf4d393ea16682ccda6b25b0d7037e0782107316feac,2026-09-25T18:42:53Z,2026-09-25-36175113560
2026-08-31,ea064b0fe9c5d1d27bf1f74c2765d7c1413918ce08898308279773ff1d33a997,2026-09-25T18:42:53Z,2026-09-25-36175113560
2026-08-31,eacd17d59a3502504692dc93325dfeeb8319797995addbf0b252ee539329d50e,2026-09-25T18:42:53Z,2026-09-25-36175113560
2026-08-31,eb48e1b75759c480844c0a41ccba131f6e87cdd57e642c4c22df447079c5b4f2,2026-09-25T18:42:53Z,2026-09-25-36175113560
2026-08-31,ec2132702f9ee52c299283cd4f078e2e09c12ae708ff93590fa99da849596ee2,2026-09-25T18:42:53Z,2026-09-25-36175113560
2026-08-31,ec3b8d24ec0e54e830b20b88c505053d540cba7e46eace70a1142c7054dbb5dd,2026-09-25T18:42:53Z,2026-09-25-36175113560
2026-08-31,eca7ef0557c19351364021648045a9d97f8cca617bd5da1b241d8226b0c4845f,2026-09-25T18:42:53Z,2026-09-25-36175113560
2026-08-31,ecdf7f047099b9ea0f86fcfb3b66550b006d1acbb8ab519c34df98f142ebf972,2026-09-25T18:42:53Z,2026-09-25-36175113560
2026-08-31,ed8c990c6d3ad7331ece04586bf527730c4b97d8249ec9588ec6f8d8836da5c7,2026-09-25T18:42:53Z,2026-09-25-36175113560
2026-08-31,eda0228e54b688cdfbcbc91cdeeec405f7d21bd3942b1a00970a7b5bdfdd7c12,2026-09-25T18:42:53Z,2026-09-25-36175113560
2026-08-31,ee1ba59ef8d3c476a4b18c198bc1271da6b0a70fc993dd5f778107e64fcf26b0,2026-09-25T18:42:53Z,2026-09-25-36175113560
2026-08-31,ee8368020631494654d9971344ec0055f7a6a601be2359733bb26a9d2d7cb41f,2026-09-25T18:42:53Z,2026-09-25-36175113560
2026-08-31,eeb98be791f907b0717152668963606dcc1265ce8f1b8607b5eea34e97f4eead,2026-09-25T18:42:53Z,2026-09-25-36175113560
2026-08-31,ef2008694e113453c38973343bfeb57be6cdcb4489be40ddd591be80916c643b,2026-09-25T18:42:53Z,2026-09-25-36175113560
2026-08-31,ef3062a7d34f5825259155faf9f5b5c5d4123f43f122a7c5c67eaad2393abc79,2026-09-25T18:42:53Z,2026-09-25-36175113560
2026-08-31,ef463c07330eca4f9a1095e595eaf89cde6125e570a5d02f86f46eed502da664,2026-09-25T18:42:53Z,2026-09-25-36175113560
2026-08-31,ef5d9b10d07ae1a0e80dad24ba65b8bd3eab41d9fe8e8c18ea27359f9b1c1de9,2026-09-25T18:42:53Z,2026-09-25-36175113560
2026-08-31,effa0a5d05b023aa59a505f2989159dfc50847084f9994d3f83d5d040fada363,2026-09-25T18:42:53Z,2026-09-25-36175113560
2026-08-31,f02bbe761090eeccdef22ffe960fc5c78959cf05be77211d563efa1ff1976a42,2026-09-25T18:42:53Z,2026-09-25-36175113560
2026-08-31,f06cc4b93269f3b77df2d0289520d2c701fe221d53bd8c0906a428689b106501,2026-09-25T18:42:53Z,2026-09-25-36175113560
2026-08-31,f06dcce24a5ef83e6d544c628c1fb6a7270f20d608d8848f899d53bfdfb8fb8c,2026-09-25T18:42:53Z,2026-09-25-36175113560
2026-08-31,f0e9653634d40df30f237589d7c5086bcc4e5c046e2ae317087d415109c6bc7f,2026-09-25T18:42:53Z,2026-09-25-36175113560
2026-08-31,f1390a3f24e1831e551fa300eb4e1da60000f4e9634e1eba59cf54d306061935,2026-09-25T18:42:53Z,2026-09-25-36175113560
2026-08-31,f2a211ba15486d3635c5e07cf1a11774e61dee1e70ef7e567da2943c5dbd4388,2026-09-25T18:42:53Z,2026-09-25-36175113560
2026-08-31,f33b07a099c23d0c255c177b9d634a5609413f013438dc10bfb3f9598bc11d2b,2026-09-25T18:42:53Z,2026-09-25-36175113560
2026-08-31,f4babb7f60d799000e6e01c32cac4db615a3d610f386e838977035bd4863e128,2026-09-25T18:42:53Z,2026-09-25-36175113560
2026-08-31,f594fdd3dd608e4b645b2e29884203deff708a9d0b3110834038a28e2749e6ed,2026-09-25T18:42:53Z,2026-09-25-36175113560
2026-08-31,f5cefb8358709909553ffca49797218a174d2dea52750e028f2861bc8e778a7d,2026-09-25T18:42:53Z,2026-09-25-36175113560
2026-08-31,f6a9ed4ec031b7505c6d4348b025ee400179a4fb2b8db69b5eb2291775dd280f,2026-09-25T18:42:53Z,2026-09-25-36175113560
2026-08-31,f7064f188eeb9b7519f5a010e20b9c2c774da68d77a4188ca9692e6fab38b29b,2026-09-25T18:42:53Z,2026-09-25-36175113560
2026-08-31,f79c1ff5b984df93cb4451b5982d085bc8efb3b1fdb23dc58130dd22af92133c,2026-09-25T18:42:53Z,2026-09-25-36175113560
2026-08-31,f8359f8676431f3916dce548998287cd71195a418f8b6e0e4ba852870f3e2639,2026-09-25T18:42:53Z,2026-09-25-36175113560
2026-08-31,fa25c311f5d3b0e1251b1a629a07f1d54a972db0663c4456908f03fc62fe6c3d,2026-09-25T18:42:53Z,2026-09-25-36175113560
2026-08-31,fad47e1faaabeec5896fdf6dda87cd4d469bc2025e6685701d9f2cb1e6810065,2026-09-25T18:42:53Z,2026-09-25-36175113560
2026-08-31,fb2f4e3c381294e90d7ab594b5f17299b5ffadc36b7097aa2c106393235243ca,2026-09-25T18:42:53Z,2026-09-25-36175113560
2026-08-31,fb7ed75eea1a4b84216fa42fdfa49fbe910dd2d6fb73087b08c9bf34a2b06783,2026-09-25T18:42:53Z,2026-09-25-36175113560
2026-08-31,fb99255852cad77cee609a013495ead267a8f0f15f1b28eb322edd1a63e302d6,2026-09-25T18:42:53Z,2026-09-25-36175113560
2026-08-31,fcfde76c341233270ba136164631c5cb1e258063939b032efe3a26cb39a1d668,2026-09-25T18:42:53Z,2026-09-25-36175113560
2026-08-31,fe15b50afbf6bed428c4bd3b9c9aeffbf36b81841103df768e531735edcf1bb0,2026-09-25T18:42:53Z,2026-09-25-36175113560
2026-08-31,ff069d4f4393efb29549ca9cef8f8a730f7cc1ccfa29c61c4df1db77c054e0d2,2026-09-25T18:42:53Z,2026-09-25-36175113560
2026-08-31,ff0d4a7bd424f18b5d145ff2b5106f07c90e2b299fc64a501aa3daddfbcf9bef,2026-09-25T18:42:53Z,2026-09-25-36175113560
