version,url_key,first_seen_at,first_seen_run
2026-08-31,0042bfb13d7a359b338c386c06663610dde8b832e607f0fb1664de832b08fbd5,2026-09-28T08:45:35Z,2026-09-28-36399217978
2026-08-31,00740b0eabaf8f1b1ae776c70d3204c6452d5272e65237f827cfeb8c27e28e34,2026-09-28T08:45:35Z,2026-09-28-36399217978
2026-08-31,01110eb885de60427b1d94cf2e3caa5e1844e99517ffa36af65f3eaf280a4b17,2026-09-28T08:45:35Z,2026-09-28-36399217978
2026-08-31,0145de5f106d629c42aef3945cedf208cc461d3eee0ff7d3fecaac820abf1e87,2026-09-28T08:45:35Z,2026-09-28-36399217978
2026-08-31,01792e7a792d5aa6884d06933e97dbbf0bc713a3cd4fc3f08f8af65646856f1b,2026-09-28T08:45:35Z,2026-09-28-36399217978
2026-08-31,01840fe1171974eee6e849d9b19cd5dadcb44b9b107533763c83a99254fc230f,2026-09-28T08:45:35Z,2026-09-28-36399217978
2026-08-31,01aa53b8214d9222591fa7fdc04d8b06a0f14405f1a4b473a3ab55f712f5bac0,2026-09-28T08:45:35Z,2026-09-28-36399217978
2026-08-31,01b8582df42ccd93f3011f862a7b3e07a35f7c1aca9c6869917f5e89970bf4ca,2026-09-28T08:45:35Z,2026-09-28-36399217978
2026-08-31,01bd4760dfe982c6fae9651fc9340b639fda0301098a9fa7341038e1c698c3b1,2026-09-28T08:45:35Z,2026-09-28-36399217978
2026-08-31,01bdee83f322ce7f1bff5908d767c37864f1396fa31ac8a8b86b43117df9f241,2026-09-28T08:45:35Z,2026-09-28-36399217978
2026-08-31,01d2a30d3564d83e87dbb4b3524453e29d8a44549f04cb19b2e68270a2e18e86,2026-09-28T08:45:35Z,2026-09-28-36399217978
2026-08-31,026b09b9210e1096c4901c1bfc7a6ae9131f1413aa04561afbc33cd6f45b1cd9,2026-09-28T08:45:35Z,2026-09-28-36399217978
2026-08-31,027b9ce3b13e03d04d3b388eac5244232d92e4c359b4988abb9654f800a18b60,2026-09-28T08:45:35Z,2026-09-28-36399217978
2026-08-31,0284a86705a1292d2df2351a5e9132d950145388553844ac6def4b22e19ba58e,2026-09-28T08:45:35Z,2026-09-28-36399217978
2026-08-31,02c102945b80d6522ac8d34e5ec5b7ac5842adb1b664df6bec2f2e75e481ee35,2026-09-28T08:45:35Z,2026-09-28-36399217978
2026-08-31,0365513cafec372cd36ab52fc3f6fac5028044f5bbb63b7d1bc7e3671da04099,2026-09-28T08:45:35Z,2026-09-28-36399217978
2026-08-31,0383e8dd0948765a7f8d9a123fdb4c7dcb5f8e428aa48e0a58d3381b3771f305,2026-09-28T08:45:35Z,2026-09-28-36399217978
2026-08-31,03d4fdea9b4b82d076a7e687552b43bad79dfbeb5ab9706c3bbcc841d89520e5,2026-09-28T08:45:35Z,2026-09-28-36399217978
2026-08-31,03e3b137a1197435d6bf13e852fb177425e79140db88eab05f1a947c6a3034de,2026-09-28T08:45:35Z,2026-09-28-36399217978
2026-08-31,040a82500986afaf26ec4169f7ebae797f09311969d5df86f18472a400c0a9e4,2026-09-28T08:45:35Z,2026-09-28-36399217978
2026-08-31,041e0439d823024d969e599ecfd35a6e2e8d209d431c4c68aabaa82bb4974ca7,2026-09-28T08:45:35Z,2026-09-28-36399217978
2026-08-31,0429a01b33d43b13d7454256f4eeae4d245764c7db3174d5c56f6b402fbffdc6,2026-09-28T08:45:35Z,2026-09-28-36399217978
2026-08-31,042d15c4ab2a304d7d35ad20af3dcbeee8019b6af666d6bf21d7c9d376e6a06f,2026-09-28T08:45:35Z,2026-09-28-36399217978
2026-08-31,047d61ee1ece1d9530bce4d2f21d42867af5630ee9caef787f6598023929cb17,2026-09-28T08:45:35Z,2026-09-28-36399217978
2026-08-31,04c1073d5e5dff9f481f1b7c121e1640f9e0996478682a941149e2e40274e354,2026-09-28T08:45:35Z,2026-09-28-36399217978
2026-08-31,04f6a363eea6c6427a2cf34262e27947832fdc1e190938bdd5e6d2355fba28fc,2026-09-28T08:45:35Z,2026-09-28-36399217978
2026-08-31,04fdb4848a1e000acbc00432ef3754468642c09befe522268968dbee8edbc760,2026-09-28T08:45:35Z,2026-09-28-36399217978
2026-08-31,051b54e28215edf0299e44a6a013f55df7612ed0b6cc921b2223475dd9b24087,2026-09-28T08:45:35Z,2026-09-28-36399217978
2026-08-31,05551109b515d5e8dd2b36fdb8e02503ccc1949e5f3921ad7bd8aeacf49f0a02,2026-09-28T08:45:35Z,2026-09-28-36399217978
2026-08-31,056d09d1f0338ab3565833f96651ddb7ff66b40ba52738577fb6f08a9760a8e3,2026-09-28T08:45:35Z,2026-09-28-36399217978
2026-08-31,05ccdc5ebd3bf6a6b6cdfb14ae4d57b9974b667837ba709bbbd0615c588ed457,2026-09-28T08:45:35Z,2026-09-28-36399217978
2026-08-31,05e17452eddd29f9d7d030ab21a479a42c325e5dfcb105fc72f6128d624475cc,2026-09-28T08:45:35Z,2026-09-28-36399217978
2026-08-31,060f811ceaf7a8b227c241bba02130a00f5dd16cca60c98b41dde581d1e6e83e,2026-09-28T08:45:35Z,2026-09-28-36399217978
2026-08-31,06105ae4760eee71770b5878c0873828c99a337e6d3f0967ed883b780e8a1f6f,2026-09-28T08:45:35Z,2026-09-28-36399217978
2026-08-31,06520369e8c367301da7d4f3b637d8963d75f47456350b23c14bf9cc413cf6be,2026-09-28T08:45:35Z,2026-09-28-36399217978
2026-08-31,06a1d3091c22aa23851842592b9ee5839487554c3acec0552042c9073017d6d7,2026-09-28T08:45:35Z,2026-09-28-36399217978
2026-08-31,06fff9e4440f02a44ed6f08b00d7b68f8e957b25ea3b60302ea8f594b5a168e2,2026-09-28T08:45:35Z,2026-09-28-36399217978
2026-08-31,07ae7fc13c601d6a4829d5271db8b8c488c9a0334a10ddd324d23f63886b1e53,2026-09-28T08:45:35Z,2026-09-28-36399217978
2026-08-31,080c435d2937c497499a2f03079673b91274d2574224eea9dc3123e2af12071c,2026-09-28T08:45:35Z,2026-09-28-36399217978
2026-08-31,081eb65882f85a7a0ce4f51c42c4273953b0ac01826b05f2d3ac11d3f8f2f660,2026-09-28T08:45:35Z,2026-09-28-36399217978
2026-08-31,084b18e5c9ddccd3ac25044f9c5170a0328182190692402f0de69196c344eae1,2026-09-28T08:45:35Z,2026-09-28-36399217978
2026-08-31,0852dc95577a66cf0694bada9cbc7b6fa1ba1bbb36ec2fdcb2a66efe03b5c01b,2026-09-28T08:45:35Z,2026-09-28-36399217978
2026-08-31,08536f5e8d00229f7359810b1395e961829d593d99cea4c774f615f2ce3ae8b6,2026-09-28T08:45:35Z,2026-09-28-36399217978
2026-08-31,0912e2997e96d193117ea5947e3183a1c75717cc07bfe8d9667e3cb8430fb997,2026-09-28T08:45:35Z,2026-09-28-36399217978
2026-08-31,093abb910919462e95904cc05a551960ef420202ebe339d8a1d9fb66eceac389,2026-09-28T08:45:35Z,2026-09-28-36399217978
2026-08-31,09755e3d3bac5dd8a886366754d6167134b483a630c86e6ddeed744e8518a8c9,2026-09-28T08:45:35Z,2026-09-28-36399217978
2026-08-31,097b76c718ec7f00bd0d396127520e7635355d3cd74576768d1fa9a9dfe06c5f,2026-09-28T08:45:35Z,2026-09-28-36399217978
2026-08-31,0986d3a56ba1269e1d43648ad12190d01f1c8f502d6f4220c23cdcd555873ae4,2026-09-28T08:45:35Z,2026-09-28-36399217978
2026-08-31,0a100b36ad8a3ed0d98a458562aff007276f5536a36a317b054460046e3321d7,2026-09-28T08:45:35Z,2026-09-28-36399217978
2026-08-31,0a36957f8cab8577a391e3f594b1068f927b94e850b04b66cc197111a880fe1b,2026-09-28T08:45:35Z,2026-09-28-36399217978
2026-08-31,0a5abbb03a2097246794f2b573ef2ad98cb7a83cda6054e806f6c744b8b00fd9,2026-09-28T08:45:35Z,2026-09-28-36399217978
2026-08-31,0aae8ebeae4b736055fc022f2d032508bc580ece624a779e402ce16a75948e50,2026-09-28T08:45:35Z,2026-09-28-36399217978
2026-08-31,0b1cd8345e8fa644e7ac6f042d7b325924f13a433bd285bd7f05bbf34b611e57,2026-09-28T08:45:35Z,2026-09-28-36399217978
2026-08-31,0b7438d9156286557d04409527712deba39af514032680c28043a09d947c90cf,2026-09-28T08:45:35Z,2026-09-28-36399217978
2026-08-31,0bd620c697c351fbd66590c243acbbfbea3b06ee0f5c970f632748a92f46f960,2026-09-28T08:45:35Z,2026-09-28-36399217978
2026-08-31,0c176a5ef7ee1da7dd09b4696bb00cce7403901b585bc42a8029d982f35292a0,2026-09-28T08:45:35Z,2026-09-28-36399217978
2026-08-31,0c73990815e0593b9b091a38ca7ed8a966bc0f6fca4b4367508245fdbef29036,2026-09-28T08:45:35Z,2026-09-28-36399217978
2026-08-31,0c78f5b965879cec35e6398bff537205060d893f3dc23977151b2ddbd6fd9052,2026-09-28T08:45:35Z,2026-09-28-36399217978
2026-08-31,0ce0d81f592b3e543cc86c98f913b0855d821e03bfb1a16fc704cc4b6b4879a1,2026-09-28T08:45:35Z,2026-09-28-36399217978
2026-08-31,0cf786bcd5cab57d2ff6856ad400899f65a4cb3b81f46f436639657f16ae517d,2026-09-28T08:45:35Z,2026-09-28-36399217978
2026-08-31,0d59cdc3ae7c0145e20f4bd8083dea28ab855ca8487f3b9234a8a401a694aa0b,2026-09-28T08:45:35Z,2026-09-28-36399217978
2026-08-31,0daf6d181706d70aec0421c8601553659730f4249a6bd56fabc082d3fe426ad6,2026-09-28T08:45:35Z,2026-09-28-36399217978
2026-08-31,0e0060e1765940f52a4b87bc4f19005193a2d9fbf71cf125abbed12a4d26222e,2026-09-28T08:45:35Z,2026-09-28-36399217978
2026-08-31,0e4b1a1522acf62c78ace9db34881cc0d844ded4d3afc11597e2383a6986ae93,2026-09-28T08:45:35Z,2026-09-28-36399217978
2026-08-31,0e570b85cb808436043c9c27ed56b8801f9d23457e6ced2355644f3b20763849,2026-09-28T08:45:35Z,2026-09-28-36399217978
2026-08-31,0e87200a55a0a606c06e8ef94debd79f1fb411f7b31b2a18f2948386c1f96867,2026-09-28T08:45:35Z,2026-09-28-36399217978
2026-08-31,0ee62ce02add62f16f64558de2124f747f43ca209fa631187eb296d67f8a6e42,2026-09-28T08:45:35Z,2026-09-28-36399217978
2026-08-31,0f2c1758a9411d4ad787db07a8d391dc53a7938e730f01a2676e8755cc4988fd,2026-09-28T08:45:35Z,2026-09-28-36399217978
2026-08-31,0f7c04d40384cd30e9a1eb6841eecf98c060e976bc0dfc57f7e5cdfc0947eb83,2026-09-28T08:45:35Z,2026-09-28-36399217978
2026-08-31,0f874948dcbbd11722bfb64bfff0937189bd644278708ffccb50057e08676fda,2026-09-28T08:45:35Z,2026-09-28-36399217978
2026-08-31,0f8f89062b924d44636c76e4f5a9dc9f4f169df2953ee01df4b32f11b814a6c4,2026-09-28T08:45:35Z,2026-09-28-36399217978
2026-08-31,0fa476a9834a8325a3e4f9ede25308be404cb28f77ca407cd9f626ec878a64f9,2026-09-28T08:45:35Z,2026-09-28-36399217978
2026-08-31,107e5566ee8dc0277c97d935d6e79a4a1130013300685bb6279244a6778f1203,2026-09-28T08:45:35Z,2026-09-28-36399217978
2026-08-31,11adc2c908e74e856a617e613c09460c3fd9e4e7e9c17b17e3e862d30e15375e,2026-09-28T08:45:35Z,2026-09-28-36399217978
2026-08-31,11fcca39ea54b90552c3a88022800fa2ea44f1be2daefb14c81fc59884a36fe1,2026-09-28T08:45:35Z,2026-09-28-36399217978
2026-08-31,125d35f61b000e683f3b4bd6f6bc401cfa357df7965dbe915bfb4fb386499c09,2026-09-28T08:45:35Z,2026-09-28-36399217978
2026-08-31,126921afdb5e04dc1923232501ebc94ea08b764a10dfc2fc69af56beac761120,2026-09-28T08:45:35Z,2026-09-28-36399217978
2026-08-31,13527f6ae4ba07e8aed57ead05f0a4ec992679e1ba9883de6277927c5c32c2f9,2026-09-28T08:45:35Z,2026-09-28-36399217978
2026-08-31,1388b54148d32d5e5d7412aacf67b98342c662b0cb6a4c9bf700a50802901ef9,2026-09-28T08:45:35Z,2026-09-28-36399217978
2026-08-31,13a6f1e164dbe2257e6bd2de7405c757c25b463785d456877337c06371f04165,2026-09-28T08:45:35Z,2026-09-28-36399217978
2026-08-31,13dacdb67de57a21a06a5e0a1224361dc1eb68f8342010b038a3e44e20d12cc5,2026-09-28T08:45:35Z,2026-09-28-36399217978
2026-08-31,141995caf40176b9142b5cfaeb87ebe1caccb511bd61b3e78aaa8539c17996c3,2026-09-28T08:45:35Z,2026-09-28-36399217978
2026-08-31,143ceac82c4d5b2a1c6778bd889fe05ad0a6cde5cfbe0ec8f0dcbd8c72b18395,2026-09-28T08:45:35Z,2026-09-28-36399217978
2026-08-31,147d01c077d2487d265a135e51d0f6bf1bd77326e8849cdd042d6951f3c15619,2026-09-28T08:45:35Z,2026-09-28-36399217978
2026-08-31,1505df7bef7282d7b193cf7820798fd5c8d1a2bf54bcf493d0bdbbb274dd4480,2026-09-28T08:45:35Z,2026-09-28-36399217978
2026-08-31,157b27014419a0318b4ceed61035081ed2a61e7bd2e293bed77cce9518eaab31,2026-09-28T08:45:35Z,2026-09-28-36399217978
2026-08-31,15915ac5f148749b481e133874ebb1904627130b2a657ea3db883e872b6eb6ea,2026-09-28T08:45:35Z,2026-09-28-36399217978
2026-08-31,15c249e3460c2aa46a32876d4c21fe930a0580b8176976064dd1a9c84e410de9,2026-09-28T08:45:35Z,2026-09-28-36399217978
2026-08-31,15dd4d3b551b3950dda74893c95337795a4764748b342f966bd0f1a6cb5fcabe,2026-09-28T08:45:35Z,2026-09-28-36399217978
2026-08-31,15fbe7ec727af6868519b455305d46369dd76ea0aa6c582d3121ff7093c1261d,2026-09-28T08:45:35Z,2026-09-28-36399217978
2026-08-31,16457825fa5589992c65080f43c2b71c817d3d59291aacf773c54c32d82dce61,2026-09-28T08:45:35Z,2026-09-28-36399217978
2026-08-31,1665968c8f575bfed653ac44abe1cb774c90e0bdaf8a00c10d1d36077220cd13,2026-09-28T08:45:35Z,2026-09-28-36399217978
2026-08-31,167d350355e65683dc07d2869eece3dc15d66a52301f51e7d319ff94bf0e0fc6,2026-09-28T08:45:35Z,2026-09-28-36399217978
2026-08-31,1702609a0f37d61059f3a99bd7f4a8710a3da9c01d1abb75793d417426789458,2026-09-28T08:45:35Z,2026-09-28-36399217978
2026-08-31,170747cc7e26cd5a138cc6fe7303d6afd92ab52ebb7ecc1af1d3ea29db284979,2026-09-28T08:45:35Z,2026-09-28-36399217978
2026-08-31,174e7fa58e1309f65b8a55b5540556846246c81df69691029889c1568ccbfdb9,2026-09-28T08:45:35Z,2026-09-28-36399217978
2026-08-31,178ab334ac658cc61d0621b4361acc4d59aa67c1ed8425a06edd81994475630d,2026-09-28T08:45:35Z,2026-09-28-36399217978
2026-08-31,189556fe298bd13bda360aebe7cbd4d4ebe5b0349013875d04fe2f88a889edbd,2026-09-28T08:45:35Z,2026-09-28-36399217978
2026-08-31,1897fa88e82bb3996bc0cb98eb44d8d89ff7e00986341953eb6ba98d4c964001,2026-09-28T08:45:35Z,2026-09-28-36399217978
2026-08-31,190ba40b249b53e6384bb5fd0ac0b1c8b1342ac1ddfa422049e52c73da042575,2026-09-28T08:45:35Z,2026-09-28-36399217978
2026-08-31,193a46003c64962405fdcefab0d3d7a7246f99d69a3ba8f15bd6a7333883c05c,2026-09-28T08:45:35Z,2026-09-28-36399217978
2026-08-31,195705553c8824f9920899e98b7ec0973f7da38d5fe48729b5480dd646fac142,2026-09-28T08:45:35Z,2026-09-28-36399217978
2026-08-31,19919b38bd148ad7209a3aa26381928312ce7f7c313b7527fe8eaf0f7e88f8b5,2026-09-28T08:45:35Z,2026-09-28-36399217978
2026-08-31,19ab0544cbec3e1915db20f0b9b171b32b169f6c267712c8ed225b129bad740c,2026-09-28T08:45:35Z,2026-09-28-36399217978
2026-08-31,1a32964f3065e0fdbe3fc60ce14709bb0860b729388555f2f7def3073b261dd1,2026-09-28T08:45:35Z,2026-09-28-36399217978
2026-08-31,1a4ecdd0ae5d33671f17f6ad42a26a9d789efb0a1c4ea1804f13d1fd50cc7b66,2026-09-28T08:45:35Z,2026-09-28-36399217978
2026-08-31,1a8d57b78fa2e707cfef37c5d4b3a722157a48aba92186f70f51c082f78ab75e,2026-09-28T08:45:35Z,2026-09-28-36399217978
2026-08-31,1a978e8f4502a2d15c0ce98c94fcfa8cd43d65c94f200a6fc0ef42321bbf0c99,2026-09-28T08:45:35Z,2026-09-28-36399217978
2026-08-31,1ab42b8fb2ff9b531c9bdc4a84416d66d046d756d8339cfea1fbfa61fdd9a6a1,2026-09-28T08:45:35Z,2026-09-28-36399217978
2026-08-31,1ae8e85b783343c8e28b30b73dadc159812df7486db9441a368e617937b30325,2026-09-28T08:45:35Z,2026-09-28-36399217978
2026-08-31,1aedb3d87b64f964f23580e0ac7df65364b5942c17d8f84ca726a411bce66d6a,2026-09-28T08:45:35Z,2026-09-28-36399217978
2026-08-31,1badf25310e7792f3bb2a7eed2cb8efa45e2f45f071af369a8aa02bb75424068,2026-09-28T08:45:35Z,2026-09-28-36399217978
2026-08-31,1c22c1798a70e35c31596ace7a60dd2d626e4a92218910d30a76ec6f3e863881,2026-09-28T08:45:35Z,2026-09-28-36399217978
2026-08-31,1c2d98f7746780928244fcfd31c7345186552a5ddab188ca1c83f842dca3e4e8,2026-09-28T08:45:35Z,2026-09-28-36399217978
2026-08-31,1c3233d25a13ad1bd30f0cd70ddc9c7a077c4fbb70e1ccc805bcd453376d3c41,2026-09-28T08:45:35Z,2026-09-28-36399217978
2026-08-31,1c5c0bbe2508c554c0ce12d05192bd4cd435b30110b2e299bd1137f8f226b3ed,2026-09-28T08:45:35Z,2026-09-28-36399217978
2026-08-31,1ca9a4abedf7b3c92e3500701273c8c02d39b860ab5be043e7e80c6546b883e2,2026-09-28T08:45:35Z,2026-09-28-36399217978
2026-08-31,1cd98f24190c48b2ce9fb062c59f3f8bbf7896d0c61780fd63965d12a385d87a,2026-09-28T08:45:35Z,2026-09-28-36399217978
2026-08-31,1d048a4274fdfeff0d3c9c5d6b208e58f5075613cc03962c43d4cce153c88926,2026-09-28T08:45:35Z,2026-09-28-36399217978
2026-08-31,1d082729fe46d45352f5430092f6a13c26534c3307b396eebf64da0a64e81ac1,2026-09-28T08:45:35Z,2026-09-28-36399217978
2026-08-31,1ddaf7800e71db80c32dbb83ba358a5cb7da1fe7a53b7fe24071212e646b367a,2026-09-28T08:45:35Z,2026-09-28-36399217978
2026-08-31,1e4127299046bc6b1b00bd9d195ca7a7ccedc073d26685aa0a673c18208f8d73,2026-09-28T08:45:35Z,2026-09-28-36399217978
2026-08-31,1e620bb3e9d31dff894d61835b3ad45306b1d03b0749f4007d1edbf7d3245cd2,2026-09-28T08:45:35Z,2026-09-28-36399217978
2026-08-31,1e91924ac4fb3916bc211bfe7dadc8ca3949a627e02c0daf0568495d087d587a,2026-09-28T08:45:35Z,2026-09-28-36399217978
2026-08-31,1ecdddd262cc0d19042ae1d4cdf837c225d569a7d680f0211751478f5c963fbe,2026-09-28T08:45:35Z,2026-09-28-36399217978
2026-08-31,1ed58cb03eaf12a7aab424d0ec48629dc851a61c33e6aaf2ddcb0ea6df11eabf,2026-09-28T08:45:35Z,2026-09-28-36399217978
2026-08-31,1eeb24eb38e058172120841a681208243f2c419fc196c37efd00d52bb09038cf,2026-09-28T08:45:35Z,2026-09-28-36399217978
2026-08-31,1f072d22c9fc9b551c789ae870626b699f7942a3aeba26f0a778fa21cddb525f,2026-09-28T08:45:35Z,2026-09-28-36399217978
2026-08-31,1f10b8c07464603f6a168eca5da14819c54272df1309ac40516c6874e46ed654,2026-09-28T08:45:35Z,2026-09-28-36399217978
2026-08-31,1f45d5e4c10e4c838c27020e95345da223eca98b5a57bde2085e3f3df9162b8e,2026-09-28T08:45:35Z,2026-09-28-36399217978
2026-08-31,1f715ce2f6024014d7aa76261ab1f109f443b36fa50cd0a531b9574e90b5c5c2,2026-09-28T08:45:35Z,2026-09-28-36399217978
2026-08-31,1fa0ce7b915def0462b085aaea6676498726991495828a838e985dde55693182,2026-09-28T08:45:35Z,2026-09-28-36399217978
2026-08-31,1fa67666fe06abc6f9e4a2b1aed29baf64ab3cb4ca7fc373b09630b4929ff630,2026-09-28T08:45:35Z,2026-09-28-36399217978
2026-08-31,1fcc0e0dd1fce51f312fdd9e43304cd26126deb831799c90e26c4f46b6865a15,2026-09-28T08:45:35Z,2026-09-28-36399217978
2026-08-31,2022cc9c46b5dc7c02e2bded8d7cbe95e9af3816e44cc4b9a9d9eab5231859ad,2026-09-28T08:45:35Z,2026-09-28-36399217978
2026-08-31,20bbe110be2b56295ab8962f0e1c0cfc03aa500e6a01aa29dea1ebfdd77b3d6d,2026-09-28T08:45:35Z,2026-09-28-36399217978
2026-08-31,210d30b603185dcd68a6f2a8e27a227b69214bbe945ed5df69e8aab7b7a8ec34,2026-09-28T08:45:35Z,2026-09-28-36399217978
2026-08-31,214cc3ffa9ef5f65bcbf0cb36d594ff65c939c3695387a3ea327ed001c90aeaf,2026-09-28T08:45:35Z,2026-09-28-36399217978
2026-08-31,214f339bd42b0a6241bc65b8e895bf2d6cd23d208839bbf96293c60377b4633f,2026-09-28T08:45:35Z,2026-09-28-36399217978
2026-08-31,21821480f7de7af9a24274cd96aa8ba3348410863669dba6894b8b767d3ff019,2026-09-28T08:45:35Z,2026-09-28-36399217978
2026-08-31,21d9b4d84ac779467ca68f9c36d1b170283f858acbe8a460f051ae2d25781e2a,2026-09-28T08:45:35Z,2026-09-28-36399217978
2026-08-31,22a293ade8bc8f1e029f4e2aa46de5d5aa13a048748f89288f10e45289b3b41d,2026-09-28T08:45:35Z,2026-09-28-36399217978
2026-08-31,22c28b0995b93693590b5a4a5404cc65aa12dcbdbee73abf9df173977713ebf3,2026-09-28T08:45:35Z,2026-09-28-36399217978
2026-08-31,22e442cf690071b3195381a036adc57829d04307bd470a06841b2f81c3fac199,2026-09-28T08:45:35Z,2026-09-28-36399217978
2026-08-31,22f0c1db43383d05fb1a457939413f42c43958f882a2e81a8c0f5aa41405651e,2026-09-28T08:45:35Z,2026-09-28-36399217978
2026-08-31,230496b34f6dfd7e412f5e374b1a2e77063e56e78783f0b4a47c0fbd9a584820,2026-09-28T08:45:35Z,2026-09-28-36399217978
2026-08-31,23197c0017ec65ca3141c0d722f5cdc3c1cefe5034b80898561534711cae7574,2026-09-28T08:45:35Z,2026-09-28-36399217978
2026-08-31,234a0f8c412696ea1b5e188368a86c5587e7f49b4fd127c17c35d50045be485b,2026-09-28T08:45:35Z,2026-09-28-36399217978
2026-08-31,2361ee073fe42edaef67f51c3f930f79bd2382636f9a93cd0a2d85e8632ea50c,2026-09-28T08:45:35Z,2026-09-28-36399217978
2026-08-31,23d5af4ea81220581d124d0564f34ec8019da43bcdee9533c80f87d9014dbd48,2026-09-28T08:45:35Z,2026-09-28-36399217978
2026-08-31,242aff45b3f1d8b03827f8f0f139df1e43e5ec32cf8ead303752267509e729d5,2026-09-28T08:45:35Z,2026-09-28-36399217978
2026-08-31,2430c498bd0e6d801ef797db82d8131f94b7ec12a11b2dd8350fc083a80416e8,2026-09-28T08:45:35Z,2026-09-28-36399217978
2026-08-31,2434edf523cdbffe2585b0702dc8f15e6e7d4de145a5d365f97a7112a10cf71d,2026-09-28T08:45:35Z,2026-09-28-36399217978
2026-08-31,246c88ee156349be0a38cd28244bb916cd34ebf912ef546100e39f606de44d2a,2026-09-28T08:45:35Z,2026-09-28-36399217978
2026-08-31,24c032c85269b17a00c9c3f29ec9609f3b6180ab5db61093c0867dff15fb1c51,2026-09-28T08:45:35Z,2026-09-28-36399217978
2026-08-31,2544224135ceed89593782b7e4838c6c71cb8af681df7c216463866a7a606faf,2026-09-28T08:45:35Z,2026-09-28-36399217978
2026-08-31,25a770aa63fa07f313b5dcf7253c3267502a3bcb80ca68136ca3792668bf2417,2026-09-28T08:45:35Z,2026-09-28-36399217978
2026-08-31,26005931d366829c53ba31fe2f7642ebb6bffacb4e7ae8c5dbc556aaf516a25c,2026-09-28T08:45:35Z,2026-09-28-36399217978
2026-08-31,26a8c97ef4dc669c8e9b26158f6150fee5bcbf2a17a32e22e664b4fca4f9ad20,2026-09-28T08:45:35Z,2026-09-28-36399217978
2026-08-31,2700a1991dd35e4f573741f17d12126f879d9f1230a9031f7c78235872e0870a,2026-09-28T08:45:35Z,2026-09-28-36399217978
2026-08-31,271463e1db795e2e7ae02aa69dec6660bd19fa21e2f70a127b60aa866f210944,2026-09-28T08:45:35Z,2026-09-28-36399217978
2026-08-31,272a20f045bc472ca7b5ebddf1c66d179f690ebdbe8b74134e894211b857cb9a,2026-09-28T08:45:35Z,2026-09-28-36399217978
2026-08-31,2744e63dd1986a42a612db1be0d7f5a0e8c557273876d4b1c75f87c0f6d69743,2026-09-28T08:45:35Z,2026-09-28-36399217978
2026-08-31,2809b172756fcf253566e5a3fa7072eb33eab4810d01a3490e7835e2f5a29353,2026-09-28T08:45:35Z,2026-09-28-36399217978
2026-08-31,28122eda34b17c18b073e169160e33e254444e29a15f521f2449c4328227a1de,2026-09-28T08:45:35Z,2026-09-28-36399217978
2026-08-31,2828f5f66bb1814643c51d5fd2960721b8633474517dc7fd035d7828a4d3b2c7,2026-09-28T08:45:35Z,2026-09-28-36399217978
2026-08-31,2857fc40c64207c2b3b7a131d0d5f052e3815ec617673b1c5d56c752bf3756ea,2026-09-28T08:45:35Z,2026-09-28-36399217978
2026-08-31,28ca78cbd9a2f40786625ac624eceb0a2043687709ecdfd8d2f0cb358e0eb0cf,2026-09-28T08:45:35Z,2026-09-28-36399217978
2026-08-31,29bd7fe511b3deecea58f8b937c98c456108bd89f690221c60d03e24be143cfa,2026-09-28T08:45:35Z,2026-09-28-36399217978
2026-08-31,29f597307cafcfc6b78a6f3edb607f95e9d4391ec1d5d3a08ef5a81ec41ee013,2026-09-28T08:45:35Z,2026-09-28-36399217978
2026-08-31,2a3946d4dc8ab50061ed81d271dfbb0c7647afc7267ceb293772370b2e695c48,2026-09-28T08:45:35Z,2026-09-28-36399217978
2026-08-31,2a439610de7e5db588aee4f27dd428389aa01add862d2d82ec54e64d26e5d5d4,2026-09-28T08:45:35Z,2026-09-28-36399217978
2026-08-31,2a4974b21446ae8e9a043d3ab9f47f62238a7d255e856818a94e75f06939bd9c,2026-09-28T08:45:35Z,2026-09-28-36399217978
2026-08-31,2a5907d575107c1f2009d092ab9bdb2c1a531908f62f11a20a66bdf0a039d21d,2026-09-28T08:45:35Z,2026-09-28-36399217978
2026-08-31,2accdd3e6b17bdca90ab56b38e3fba0c1cd3fc289a41fb0508e5295a5ad6d99e,2026-09-28T08:45:35Z,2026-09-28-36399217978
2026-08-31,2ae45e603bc3ba41d80204f96c16a89a371b57a17da447c286f89f5fb48675c9,2026-09-28T08:45:35Z,2026-09-28-36399217978
2026-08-31,2ae71f0f005e3fb89e02078fd1433d3443a73e1f08faee5d220401bb3fb46b3b,2026-09-28T08:45:35Z,2026-09-28-36399217978
2026-08-31,2aec14d0d0693586d0a397caf7dd4ce9be71026f9fedc54f3fa64db3d6b692a1,2026-09-28T08:45:35Z,2026-09-28-36399217978
2026-08-31,2b196b9bc390ef9361f2ba72de9df6ae4e2c299616a204ea0204a6693c858781,2026-09-28T08:45:35Z,2026-09-28-36399217978
2026-08-31,2b297323343a11beb645993af889ab90e0a2cfb19265e27ac645e784253f4b26,2026-09-28T08:45:35Z,2026-09-28-36399217978
2026-08-31,2bab1c94c066208bd529c791b0f3bd565bd55a9bde061531df24efe065adc2fa,2026-09-28T08:45:35Z,2026-09-28-36399217978
2026-08-31,2bd79f2c6b905e483f7cf91904134645f4f4d0dea5245880b18d49c34920b390,2026-09-28T08:45:35Z,2026-09-28-36399217978
2026-08-31,2c21992a76a1614fe03611e153270c4ff48d032466a5231631cbb98428d92f1a,2026-09-28T08:45:35Z,2026-09-28-36399217978
2026-08-31,2c75f03d0844e1da4a57ad6a9c3667000d53dc0a69bc32d6128d43cbfc9e8b09,2026-09-28T08:45:35Z,2026-09-28-36399217978
2026-08-31,2c855e9a801107151b5667d3ebdf4a15d0a961f66b74652159abb3e2ff338a57,2026-09-28T08:45:35Z,2026-09-28-36399217978
2026-08-31,2cc100067eb8fa9dc4423ef226ee26c386d6a165bb626d8913d9c80ebc41ce36,2026-09-28T08:45:35Z,2026-09-28-36399217978
2026-08-31,2ce54fc57c7768af1f874b3be08a1eb3d5edcb52bdb22683f8975312eef97501,2026-09-28T08:45:35Z,2026-09-28-36399217978
2026-08-31,2cf5538f3cfa75ef1b4f367acd68e30747a87d23088a2835a0576ee34539802e,2026-09-28T08:45:35Z,2026-09-28-36399217978
2026-08-31,2cfb68185f45395d2beb9c09dd0e4d593327377cf3766a2154fcb9b19525fc36,2026-09-28T08:45:35Z,2026-09-28-36399217978
2026-08-31,2d5f0d031b7f6b097a07bc21422e037b10d68bc062b16f20c2345ea89f7061aa,2026-09-28T08:45:35Z,2026-09-28-36399217978
2026-08-31,2d8abd8370f2e7987f5037384a0c9c5f2e91373d271e8598b8e828a9144e6dbb,2026-09-28T08:45:35Z,2026-09-28-36399217978
2026-08-31,2de37de43c2c2f906709e60fb445f03767a896b2d949ce7e08bd7c219e52a63c,2026-09-28T08:45:35Z,2026-09-28-36399217978
2026-08-31,2de7f248323d525e0541f1c1951592e9195fc3ffec52f754596b1b8216b81919,2026-09-28T08:45:35Z,2026-09-28-36399217978
2026-08-31,2e08b353d32a6a59c22bac2919750be6aa0aebbbe989c588eff59f69db451b20,2026-09-28T08:45:35Z,2026-09-28-36399217978
2026-08-31,2e53e5e3836ad0da7835ae2853a814e0a12a33a51817f12710e29ab00a5760cf,2026-09-28T08:45:35Z,2026-09-28-36399217978
2026-08-31,2e68f335f1c1b2406963287064700c2cbd92884164a3bd50c3ee4ca61e419e2f,2026-09-28T08:45:35Z,2026-09-28-36399217978
2026-08-31,2e7244cf3129aee238264099b477e3adacccdf43d0612207320f31344b5e842e,2026-09-28T08:45:35Z,2026-09-28-36399217978
2026-08-31,2ec31d6d2552f0cb3fa92bc07c12eeb2b6723ee2346cc695de64be808213a107,2026-09-28T08:45:35Z,2026-09-28-36399217978
2026-08-31,2ef53e314c88ed41729fa74ff8844884bf5847ada0a8b0e1a65318b1f89f0591,2026-09-28T08:45:35Z,2026-09-28-36399217978
2026-08-31,2f2f30dffd55d80cabc1a35ef887e536d9df0f9b5b05a8538e583be76af869ad,2026-09-28T08:45:35Z,2026-09-28-36399217978
2026-08-31,2f6ad7908038584c2267951b8084f6072def634dba77911e85d5ecb7ef273de5,2026-09-28T08:45:35Z,2026-09-28-36399217978
2026-08-31,2fe19bd03393d1b736c1d2981e5db93e59ec70af9f688c8825ba30a0232a5038,2026-09-28T08:45:35Z,2026-09-28-36399217978
2026-08-31,2ffc72e15fd44a2a95d7a8a7b75fdb299d33b2810231d8e9e4a2f2b6058e0251,2026-09-28T08:45:35Z,2026-09-28-36399217978
2026-08-31,30c9dabb0e28426828fb34211b7a46b838cb859dc67ed7491f592b2378c5e0ba,2026-09-28T08:45:35Z,2026-09-28-36399217978
2026-08-31,312dab7a94105f0ca50f3da9e90b3866089679ea76ac48243ab674af7627f298,2026-09-28T08:45:35Z,2026-09-28-36399217978
2026-08-31,31b8e86368e039c1d986afcbb3c9388f4f5ebbb9e26e29f63b54579438885214,2026-09-28T08:45:35Z,2026-09-28-36399217978
2026-08-31,31d16325b3aa8ec6c78b42fff70832d7ed006ece880a68b1f60f0b3bb9a94287,2026-09-28T08:45:35Z,2026-09-28-36399217978
2026-08-31,31f4c6e5ad1c307bf268e4dc9e9d3a743596a1be99edcdd1ee0f3c5ff8c5cb5b,2026-09-28T08:45:35Z,2026-09-28-36399217978
2026-08-31,32026490e78e9b4555c873b7a30fda3ac0d5df2a71bfa7335fd553146dee791a,2026-09-28T08:45:35Z,2026-09-28-36399217978
2026-08-31,323457b863edde787598eecfea64d4c80cb5fedd532647074f0676b162d357a9,2026-09-28T08:45:35Z,2026-09-28-36399217978
2026-08-31,325143afd3be31556ceb556a7bdde403ef3bde1d299319bc97ceede7d84f1a98,2026-09-28T08:45:35Z,2026-09-28-36399217978
2026-08-31,33320b97d6eba48010b7926bbc9eba633124dd4aef5fe96f6436e7b161b61f8c,2026-09-28T08:45:35Z,2026-09-28-36399217978
2026-08-31,336c0e0c9d773cc6e7007e2eeccfb0fe245420384e486260db3f1c9ed583dc52,2026-09-28T08:45:35Z,2026-09-28-36399217978
2026-08-31,33816a07b6cce5add56b733ecc63fa9d32015364b99310a210b7d60d18c08df1,2026-09-28T08:45:35Z,2026-09-28-36399217978
2026-08-31,33cdb9e592bb54e7608e211b7edc99aa6f88fa694ef2da7b9a9d3f88e5194a4e,2026-09-28T08:45:35Z,2026-09-28-36399217978
2026-08-31,341fc92dccc038d3c42cfc80c7f05f574c3c920e3b0288232ce0489aee9ea7be,2026-09-28T08:45:35Z,2026-09-28-36399217978
2026-08-31,343b7598a2bcc1757e4e0d4a59356508a11ad258f7bc0382d0fa3f9ebd7ef510,2026-09-28T08:45:35Z,2026-09-28-36399217978
2026-08-31,347b8564685a761b352786163a602115349c5c8b147eb807641cebaa4773678a,2026-09-28T08:45:35Z,2026-09-28-36399217978
2026-08-31,347bd58fad496aa837c3bf2bd423f5ccbb214353acaba8d8ba96c32286630b72,2026-09-28T08:45:35Z,2026-09-28-36399217978
2026-08-31,35048dd83bc559fdeac9857337cb8770e272929120314574c55f01d3b2526319,2026-09-28T08:45:35Z,2026-09-28-36399217978
2026-08-31,352657664323a1de6f071b0bc22239c5d56859c1367f40cccd089b48be252dee,2026-09-28T08:45:35Z,2026-09-28-36399217978
2026-08-31,354a5fd2dc8c4e93788cbeab916278e3e1911b1b42799dea6bd3757aa71a0d05,2026-09-28T08:45:35Z,2026-09-28-36399217978
2026-08-31,354c6f284dc40ef87e87658bb1cc1814aae7b9df993461ace4380deec6c854d5,2026-09-28T08:45:35Z,2026-09-28-36399217978
2026-08-31,358d77154f95af582a26c9d76564919a09f91f161f8a9262ef134e5f730d7775,2026-09-28T08:45:35Z,2026-09-28-36399217978
2026-08-31,35971d6ddbcbd0c70164fcf6c7233d51b7a0a0e50574853ef388b16417bef9dc,2026-09-28T08:45:35Z,2026-09-28-36399217978
2026-08-31,36066081b263d19d55e49d02f2945cbba65ca2097c4c4dac651558c9586504dd,2026-09-28T08:45:35Z,2026-09-28-36399217978
2026-08-31,36185b4796483a4b80370b785bdad6f77161f2b2992a26d45dc4632553daa893,2026-09-28T08:45:35Z,2026-09-28-36399217978
2026-08-31,3645f6af0536190a474d3343786cd9d757503f7025c759efbaf752145f83bf78,2026-09-28T08:45:35Z,2026-09-28-36399217978
2026-08-31,3675e835138fe515cca7b373877641e7c5dd95fa9c3b1741f021de1910da97ee,2026-09-28T08:45:35Z,2026-09-28-36399217978
2026-08-31,3689fa83d987b9eb0ca303437f6e8e2bd820c231f74d17bf9b76fc12ab663656,2026-09-28T08:45:35Z,2026-09-28-36399217978
2026-08-31,36ba66edc228fdbb0da4806f5867848a02db2fbd9088628c6346490b3444f5ae,2026-09-28T08:45:35Z,2026-09-28-36399217978
2026-08-31,36bf92292cc54b7278392bd9e07ff7abc98b18ac97df4a607bedbfd695dc62db,2026-09-28T08:45:35Z,2026-09-28-36399217978
2026-08-31,36e665361dff8fd783f246ffe4c0fa97b59ba4dfbeb5e8850414ee36e0629e0b,2026-09-28T08:45:35Z,2026-09-28-36399217978
2026-08-31,371be839c0b7355ee327e74943d048ce64b965e7fdfd8388d90e48fd2398972c,2026-09-28T08:45:35Z,2026-09-28-36399217978
2026-08-31,37356340d2d1c1f1cdeacb01a77fd1e99b31068d5f5edf60676e126dd40f4258,2026-09-28T08:45:35Z,2026-09-28-36399217978
2026-08-31,374253ce06a4c422164a6069e1e059525ab4add1254a72932d0c6bd1e2b0a31d,2026-09-28T08:45:35Z,2026-09-28-36399217978
2026-08-31,377d410265e46dc8df4d1096f526710ede72a97565a7967555c06f0bba0f4fa8,2026-09-28T08:45:35Z,2026-09-28-36399217978
2026-08-31,37cd910b2a6069619ec55a7d76da56c006b34f9a84c04e8d84ef577cfcb372d8,2026-09-28T08:45:35Z,2026-09-28-36399217978
2026-08-31,37e3fc8b5dd4ec8ed40c30abc8aa3f8fb8ffbb9a7bd0e96e12458a5e67025f6f,2026-09-28T08:45:35Z,2026-09-28-36399217978
2026-08-31,3805e11a84a2559706b5e6b13e8418a7639a872c596663a11588eb7eb0663784,2026-09-28T08:45:35Z,2026-09-28-36399217978
2026-08-31,394f0fcba7f80944250846911881567928282b802d816eceade7c5c5a2685475,2026-09-28T08:45:35Z,2026-09-28-36399217978
2026-08-31,39dc7f9d0223eaf64788a734f28c43c68311ed3d177469f90f29e58d4b4d6648,2026-09-28T08:45:35Z,2026-09-28-36399217978
2026-08-31,39f53b0a62dbcc5a947044b0abba87bdcdb3415a70fc9b1692ca46a2ea93e00f,2026-09-28T08:45:35Z,2026-09-28-36399217978
2026-08-31,39fe0bd86081038145b99abe18177a86c37781610ddeef7a988f51081523e798,2026-09-28T08:45:35Z,2026-09-28-36399217978
2026-08-31,3a1a489dc30a7b6a0d3af07642698bc52d3676e72e43ec0b8447fe458b36a746,2026-09-28T08:45:35Z,2026-09-28-36399217978
2026-08-31,3a6faabd13a4ac21ac9c9449f97f36d75ec793d61fbc5bb24d82e960c1d50d73,2026-09-28T08:45:35Z,2026-09-28-36399217978
2026-08-31,3b1c3f174bef89422cd8069028ab0ca32b339251f58ba3331ecae47c7aaddf97,2026-09-28T08:45:35Z,2026-09-28-36399217978
2026-08-31,3bc7bdef39ba3be8a9b87464b124acf220541f36ae6c3ef74180c949924afaaa,2026-09-28T08:45:35Z,2026-09-28-36399217978
2026-08-31,3bfeab32274b974e21f59dca6287adc0e1660e03f477956f659943564993d9ae,2026-09-28T08:45:35Z,2026-09-28-36399217978
2026-08-31,3c123604a13886cfd9c414d762f3ac1937620b7d39e0b70500b447f8d3e87880,2026-09-28T08:45:35Z,2026-09-28-36399217978
2026-08-31,3c771af178714c112612939bb1c2da7221bd45e806d256d88710ea466d7a6986,2026-09-28T08:45:35Z,2026-09-28-36399217978
2026-08-31,3c7f102931d1506315c844eb7013a34bec89de2bd3d1fe51a54a298d18403567,2026-09-28T08:45:35Z,2026-09-28-36399217978
2026-08-31,3d096d4cfda50881243c427e489af6674e50302ecb6593665679eacf9468e363,2026-09-28T08:45:35Z,2026-09-28-36399217978
2026-08-31,3d109b51b6693421168ed7ef4a5cbe211fd6ab067495e022faaf467a84b04ac9,2026-09-28T08:45:35Z,2026-09-28-36399217978
2026-08-31,3d5ce421a0a6c873a50f43c121d9178522bac1354a4a4d91e225c0456ff753f6,2026-09-28T08:45:35Z,2026-09-28-36399217978
2026-08-31,3d86b0c19316ab8a92709571b668c680c4264c9ad3a1d1091583d25a4f31c7d1,2026-09-28T08:45:35Z,2026-09-28-36399217978
2026-08-31,3d89ac70e4e5768e3c170d9a704cb1d4bd2491048e59518ce865c0fa45688fe3,2026-09-28T08:45:35Z,2026-09-28-36399217978
2026-08-31,3dbf7e8486e4294177d98b6740dc3437c72cff992ab2ab711c56a394a6e88231,2026-09-28T08:45:35Z,2026-09-28-36399217978
2026-08-31,3dfac76ebea8bcbc3e70b872ffb07387f9d1c06f1e9c04c6ab25111b4829da57,2026-09-28T08:45:35Z,2026-09-28-36399217978
2026-08-31,3e34987960e9c82c4aa7d522cdbca232440e56749896fd6ee5f5daed3c5e3fba,2026-09-28T08:45:35Z,2026-09-28-36399217978
2026-08-31,3ec891abee5f69a60fb75f37327d3eef62a44246cf00577a43a0fc15f852fde8,2026-09-28T08:45:35Z,2026-09-28-36399217978
2026-08-31,3ed941797ba1d9bc26cfabee7df3922d8bc1733afbee77667d25057158cccd9d,2026-09-28T08:45:35Z,2026-09-28-36399217978
2026-08-31,3f15ee2f26da76e14beb12aac17721bd2798a70213ebce9ab72dd6ecf106f148,2026-09-28T08:45:35Z,2026-09-28-36399217978
2026-08-31,3f215f7fdb19a5b4f22fe12b6d4ea16a700457ace1999ddd1588792f5fc6694f,2026-09-28T08:45:35Z,2026-09-28-36399217978
2026-08-31,3f55694a5ed20921ba7c02bee2d9d75eaff61e6171efd89785a1fe11480d6a02,2026-09-28T08:45:35Z,2026-09-28-36399217978
2026-08-31,3f66e8e87f5a6305638c51abb4528249a5bb1fe83687e294e0a45aa18a5c7e88,2026-09-28T08:45:35Z,2026-09-28-36399217978
2026-08-31,3fbd622d58635f8e4e3089c398d8106c9f286e35a14ae189e6a623a2314e0fb7,2026-09-28T08:45:35Z,2026-09-28-36399217978
2026-08-31,3ff6ab00f90c2e89193851ff15d3aaa1680953973ac1e15abbdecc474e3470f9,2026-09-28T08:45:35Z,2026-09-28-36399217978
2026-08-31,4006e4ffad2719e7950066246c887e2abf1eda0757746c8401c9c2b1a50b0206,2026-09-28T08:45:35Z,2026-09-28-36399217978
2026-08-31,4083f1fee3e276b35b3e2479f3f1fc9ff3671cba29080e54298d7ae38a0c6a27,2026-09-28T08:45:35Z,2026-09-28-36399217978
2026-08-31,40a189ed3393c1084cadd2751899372c4b1c46ba7554634adf6976e6d5683d5b,2026-09-28T08:45:35Z,2026-09-28-36399217978
2026-08-31,413dd0dc081c1352661429e1b9b3609a706cb4b7686d686223f9ac37ca421465,2026-09-28T08:45:35Z,2026-09-28-36399217978
2026-08-31,4175427c1373c7173033c37f1fe569c7e567419a89798a3cddf07ecea3e72ff2,2026-09-28T08:45:35Z,2026-09-28-36399217978
2026-08-31,4189c183588ea4a77969d7c8abe02e8cb9e3b03464c68e7c1bac1971efa23110,2026-09-28T08:45:35Z,2026-09-28-36399217978
2026-08-31,41fa8c9af66c937aac56bd86ae10689a3896304367999fed67dce52cfaa37cef,2026-09-28T08:45:35Z,2026-09-28-36399217978
2026-08-31,41fdacf534608ca784710ef87fb91b3dde7218f7a9a6efbcb7a548150f24ba75,2026-09-28T08:45:35Z,2026-09-28-36399217978
2026-08-31,4225a1bd622a6f55f5454fb683c714842b59e9f26eee84c96228d7649d28966c,2026-09-28T08:45:35Z,2026-09-28-36399217978
2026-08-31,4267eeaa71d8c763a23837318cf0cbe61479a5f2254967e5478c35c42a00d55d,2026-09-28T08:45:35Z,2026-09-28-36399217978
2026-08-31,42d61c89c94c30f7122f36620262008ce268499960d34983419cc20c6482c613,2026-09-28T08:45:35Z,2026-09-28-36399217978
2026-08-31,42e5f917352fc8241414c4dccf897f1b7ebad2075ee70a86f44f0f6758e2aadd,2026-09-28T08:45:35Z,2026-09-28-36399217978
2026-08-31,43268b2c1b3ef33c137d64a46d3f4f10f9304332b9bb6f8e112262b0804771a5,2026-09-28T08:45:35Z,2026-09-28-36399217978
2026-08-31,43dda0399cc9c35b4349764ee91907a6e9d32fed82311a2ffebadc503f567463,2026-09-28T08:45:35Z,2026-09-28-36399217978
2026-08-31,43f34a8bc1a96c42b7cacf096510cb7444a84e6d2505254b91cf7aad0e2de947,2026-09-28T08:45:35Z,2026-09-28-36399217978
2026-08-31,442757e1ef295fd6b996ae6a72716b11f9e5fe935d5e06e25c4408390c8189f7,2026-09-28T08:45:35Z,2026-09-28-36399217978
2026-08-31,447991f8cd264c2e5d9dd00ee3b5b1e5f95385ee2aa9f3101613fc68eeb158d5,2026-09-28T08:45:35Z,2026-09-28-36399217978
2026-08-31,449fde54616b35c01cc6462cf69c94a21efda20c7260b74b51370dfea687179e,2026-09-28T08:45:35Z,2026-09-28-36399217978
2026-08-31,44d385a0d8aef4c123b3a50acb29844e8dbcf0c183b3513ef018f63b26859b6c,2026-09-28T08:45:35Z,2026-09-28-36399217978
2026-08-31,4508275df16ca1a603574f4b989e7df8525a42268709eb59bb84bd1f4ed6d7fd,2026-09-28T08:45:35Z,2026-09-28-36399217978
2026-08-31,45244823aa8ade130e568109bceff1b1dbf997a3c53466de7fe63dcfd5de1dd1,2026-09-28T08:45:35Z,2026-09-28-36399217978
2026-08-31,45e921fdec90e803258e11ca6caea4cfa04f8851660f0d644fa996b474358cd0,2026-09-28T08:45:35Z,2026-09-28-36399217978
2026-08-31,463b2ef019a8fd0c9cd898b4b0fd8e13115bafede88303831de2df5ded8b48f6,2026-09-28T08:45:35Z,2026-09-28-36399217978
2026-08-31,46812d5e0d260859f25c9548f5cb84ecad8955053f14657c7f1ca9f9b696cd56,2026-09-28T08:45:35Z,2026-09-28-36399217978
2026-08-31,46dbffadcc2fc6c7db480906359ba8aaedd72df6e87679050df4662fe7d57de7,2026-09-28T08:45:35Z,2026-09-28-36399217978
2026-08-31,46fd6f5c17120ee9bd667d7dbf45fac2d4b6b2b1549de7fb978178fe25b8db8d,2026-09-28T08:45:35Z,2026-09-28-36399217978
2026-08-31,4772ab645087c48fac38407602fc1aef6b682f7b52dd363597f424daf9a1235f,2026-09-28T08:45:35Z,2026-09-28-36399217978
2026-08-31,4773d84475b28cd812b1e59fcaf210cf45af90c281aae716da38d1efddf3e1bd,2026-09-28T08:45:35Z,2026-09-28-36399217978
2026-08-31,4788d186273cc8d3010fbb7d030e47b12d2c20c7bb3b9621d5088fa2d3a0858d,2026-09-28T08:45:35Z,2026-09-28-36399217978
2026-08-31,47924079ac7e2ac80f62b8c0a7913c38f0318df19fb952ebfc0f010d7d88699b,2026-09-28T08:45:35Z,2026-09-28-36399217978
2026-08-31,47cd85b4c9678ea877aa943d1212ce16d1e5aef54d7610e99531fb29847b045c,2026-09-28T08:45:35Z,2026-09-28-36399217978
2026-08-31,47ce076bd2ebb79f273caee967548c6ea94b456302bccb33d62944f0737c0a19,2026-09-28T08:45:35Z,2026-09-28-36399217978
2026-08-31,47d03bcabf4ac5f77d3c4445537c5d93c4f86a13537f07d9086b5158b29a537b,2026-09-28T08:45:35Z,2026-09-28-36399217978
2026-08-31,48b3363cf42de80650ee4b1b41a8e4b79af1bd9c6b434ab428443412710814c7,2026-09-28T08:45:35Z,2026-09-28-36399217978
2026-08-31,48b4506282806fe1ac3547b9235581d6858efd077ba12fbe605da7b98a021ce3,2026-09-28T08:45:35Z,2026-09-28-36399217978
2026-08-31,48f5baf3e5c8c515dea69a7d0776ad03ccfaac36f17d3a963be212c351e0ea2a,2026-09-28T08:45:35Z,2026-09-28-36399217978
2026-08-31,48fd722a73836c0a95ef6b7ec7f339b2dffb64e98a52fe5a9e4a5270b1d1c645,2026-09-28T08:45:35Z,2026-09-28-36399217978
2026-08-31,491bcf3271df188fe4cd430d27d5b62c8ebf10e54171e996c53bf08cb167d489,2026-09-28T08:45:35Z,2026-09-28-36399217978
2026-08-31,497766071b5044ab9f1aafb424d51cd2aa82ce1d31bf8a08a763526f01cff685,2026-09-28T08:45:35Z,2026-09-28-36399217978
2026-08-31,49eaeca4bab7f98ffd939236e13c09db955155696744f6c3e1a1f5731a616ac6,2026-09-28T08:45:35Z,2026-09-28-36399217978
2026-08-31,49fbf081c9ca804f2b05b115ad500d4fab45dfe4bb679133b51bafe033e4d3bd,2026-09-28T08:45:35Z,2026-09-28-36399217978
2026-08-31,4b14ea583d7754f777b05a604d38100f7907b59d2ee2b86ef0f51895a5e0e889,2026-09-28T08:45:35Z,2026-09-28-36399217978
2026-08-31,4b3ffd5555b631c71facafb3c2cbf7ee741a42073df035d37bf35912540b76cc,2026-09-28T08:45:35Z,2026-09-28-36399217978
2026-08-31,4b6f87c25898eb249d9bec1bfaf23fa460b0caa68406b21d4534fb6be2b85e47,2026-09-28T08:45:35Z,2026-09-28-36399217978
2026-08-31,4bfcf1e106fe0358f3d11ebccb8c194ac224cf382ca5dcbf54aa3e26eaeed373,2026-09-28T08:45:35Z,2026-09-28-36399217978
2026-08-31,4c982c3cedf0c23a14a4f22e03eea76f9b2894ba68a8a5d960bd5d8360bc3dce,2026-09-28T08:45:35Z,2026-09-28-36399217978
2026-08-31,4cf27caf2f40051c5255f6194f05c6907614ae84557e95e14699f41541ad1b46,2026-09-28T08:45:35Z,2026-09-28-36399217978
2026-08-31,4d18fcf42c2ba26eed53655ade4eba6687411a72f9b0eea120a1524ff28a2187,2026-09-28T08:45:35Z,2026-09-28-36399217978
2026-08-31,4d39e876c09d31fc002d2a428fc37257577ff896f68a4921791b58e2656edf34,2026-09-28T08:45:35Z,2026-09-28-36399217978
2026-08-31,4d75964a87f252077531c3478ea0747f63445f0f2200515f9aa09e18589df7e2,2026-09-28T08:45:35Z,2026-09-28-36399217978
2026-08-31,4da4b8ca746e804a9c94a2a85251c736aae270f307e215d8a3ad6f9e03d7eac9,2026-09-28T08:45:35Z,2026-09-28-36399217978
2026-08-31,4dd0fd09a6b850ac91009f60e64b6078f6ff3b1426738033d8d158300b3bc5b8,2026-09-28T08:45:35Z,2026-09-28-36399217978
2026-08-31,4e30fe726dd7bdac213d33b56c9f082781f2c193fba56a38dea7feb0a41d2a5a,2026-09-28T08:45:35Z,2026-09-28-36399217978
2026-08-31,4e5b67e93335d8a1596fccdd0b3d726ee09f2ddc805736e36d4f8d7cf95c723d,2026-09-28T08:45:35Z,2026-09-28-36399217978
2026-08-31,4ed89eacd0553c0e118046c5d63f2a51781e35801b2ac6a27d07111bf82428b6,2026-09-28T08:45:35Z,2026-09-28-36399217978
2026-08-31,4eff3df90e941c71e5e711c5b3843a3dfde13cefbb49bb519e170f6f55f094b6,2026-09-28T08:45:35Z,2026-09-28-36399217978
2026-08-31,4f43043995db2b3f62c0ccb7f9beaf7e94671b00712a64b648086938c73dd36f,2026-09-28T08:45:35Z,2026-09-28-36399217978
2026-08-31,4f75d8cf3d6e78fe3105f20af10c94f93e43bc4fc50f522cc8b1ffecff4c844a,2026-09-28T08:45:35Z,2026-09-28-36399217978
2026-08-31,4f7f22e663d45b663bfa2108413dd6a726605d6339ff41ac1467b22d96347d2f,2026-09-28T08:45:35Z,2026-09-28-36399217978
2026-08-31,4fb37e1152f04f5f425414452c3acc186382e0722fc9c7fd49a28d7ea8c4cf65,2026-09-28T08:45:35Z,2026-09-28-36399217978
2026-08-31,4fbd7dc9560f0f2d20e013280accd4ec2b6f380a9c0eee70629c7cf1d4efd6fd,2026-09-28T08:45:35Z,2026-09-28-36399217978
2026-08-31,506c9ef7c86b66dafc71b6261105a8e28b58d3275ba6c13acee3e02bf7d7156c,2026-09-28T08:45:35Z,2026-09-28-36399217978
2026-08-31,50a8a57b45ef5babe87207d8448f111d76a66d881ceb04688ea3ce3cc67871dd,2026-09-28T08:45:35Z,2026-09-28-36399217978
2026-08-31,50ad64c5bd9d67cb242c610133cdcc3b7878b269f7f3befcc8c7ff49793e57e1,2026-09-28T08:45:35Z,2026-09-28-36399217978
2026-08-31,50c44a188a5a48508dfe84ac579dc4bd7a4faa03bf4578468e2548f02c57033c,2026-09-28T08:45:35Z,2026-09-28-36399217978
2026-08-31,519c819368bb469eeb6c1f88716a96190387ed0bd12132cd2169e581127630bf,2026-09-28T08:45:35Z,2026-09-28-36399217978
2026-08-31,519dfaac3aaf67f5017a51ef13b90426f8afc8ec3cab17e85954fb5a1db60765,2026-09-28T08:45:35Z,2026-09-28-36399217978
2026-08-31,51e8414508bfe14886e64b4ce79970e6a2c2c7647bd48dcfd340eba48433b46f,2026-09-28T08:45:35Z,2026-09-28-36399217978
2026-08-31,5309e65dd57ff648a9762a4d50569dcee84089d89be7acf27d6e55970a784253,2026-09-28T08:45:35Z,2026-09-28-36399217978
2026-08-31,532beea785f6a37b5a0a2ff6f80f4aa7986229d41071c62939ea4d72e026eb29,2026-09-28T08:45:35Z,2026-09-28-36399217978
2026-08-31,5377d12b41427a5aa0c9f29aac873f03c90afeab8581ce997e55fa4a01b3a25f,2026-09-28T08:45:35Z,2026-09-28-36399217978
2026-08-31,5393e8b94f3c97ab33e5db12d91e8a87a0b984aca52c4a92009a81e06695b4c2,2026-09-28T08:45:35Z,2026-09-28-36399217978
2026-08-31,53de114d0af12383bb40f3a7ca843dbaa9b9bb14d6d39981a4bdf3d4a3eb4589,2026-09-28T08:45:35Z,2026-09-28-36399217978
2026-08-31,53dfe3e49b676fe6de141daae0cd3f92ba6f5e5f2f7ef6364cb7aba22667808b,2026-09-28T08:45:35Z,2026-09-28-36399217978
2026-08-31,54429689d4127842951ef6acc79ef17f84b3f5458278b76f6013fbafe4d54a06,2026-09-28T08:45:35Z,2026-09-28-36399217978
2026-08-31,5487a5a08ee177f3040b253607c995396f85f5d1218041c2fdcc8ed3b852d144,2026-09-28T08:45:35Z,2026-09-28-36399217978
2026-08-31,54b945856cec3e544a6e30bd9b72796a36902addb43fdac261cc4c4997e82a5d,2026-09-28T08:45:35Z,2026-09-28-36399217978
2026-08-31,54f12192fe1613a71eddd0f0153a62d5b07fd54d94ebde89bb6ddadec992b757,2026-09-28T08:45:35Z,2026-09-28-36399217978
2026-08-31,557b4009ecf4b68644eb43f6bf9a9870b2c7716be747753f049cfcafcdbbc86b,2026-09-28T08:45:35Z,2026-09-28-36399217978
2026-08-31,5624fbf4b2d745845c224e708eec6b8479d0eba9886aa57fa179c62ab30050c7,2026-09-28T08:45:35Z,2026-09-28-36399217978
2026-08-31,566559a3c50d0b31bcbe29fc83bcca847840ab2ab15a39961ea867db895f768e,2026-09-28T08:45:35Z,2026-09-28-36399217978
2026-08-31,57117fa9ba9212ef73645860b5f5bcbb777b2f50300978dfec01eda63856f5ca,2026-09-28T08:45:35Z,2026-09-28-36399217978
2026-08-31,571516ee2868353e63c34194ba18cbaa6f3540875d4a4053745816d3304aa21a,2026-09-28T08:45:35Z,2026-09-28-36399217978
2026-08-31,5745e92a620c447ea5ee6589cf7a4a3f2c5b905545caa5f92cad15b86845d44d,2026-09-28T08:45:35Z,2026-09-28-36399217978
2026-08-31,57814728eb397b07c4968b81e9575c99db11732383586e608ecc50b73e4c2cba,2026-09-28T08:45:35Z,2026-09-28-36399217978
2026-08-31,57b3b341614c9e5a720035acee261647531fde0440e1d5a6db028e91d0889f1e,2026-09-28T08:45:35Z,2026-09-28-36399217978
2026-08-31,5845d340410ffbc73bf2dc9dd77ff6956ca4e261121f92f16b410abd2706f85f,2026-09-28T08:45:35Z,2026-09-28-36399217978
2026-08-31,586c3e73e7384939d5686506a3c94cbb26f99526a1f5101bff17e9dc02b149bf,2026-09-28T08:45:35Z,2026-09-28-36399217978
2026-08-31,58c69f6386dc343dca8ac69feedc4f2bda36bd55d50f8bcf9d3b804afaa6db42,2026-09-28T08:45:35Z,2026-09-28-36399217978
2026-08-31,59644523f03394f5bc39a249721089d2e48334582dd38329dc45aa9487c4d3b4,2026-09-28T08:45:35Z,2026-09-28-36399217978
2026-08-31,59b82a27de7f14e2d4eb310e2366979ebe909ef4cc8a959c365382dfca82cab9,2026-09-28T08:45:35Z,2026-09-28-36399217978
2026-08-31,59ce13bf41ff85942fcd411eb75235078883db46684616c7b8d5fc12259d371f,2026-09-28T08:45:35Z,2026-09-28-36399217978
2026-08-31,5a29f83039ba09a9713255ad98090d777d9f15482d6c5b572277cb43a228ea8c,2026-09-28T08:45:35Z,2026-09-28-36399217978
2026-08-31,5a4b001f2bfdc4e0e3297e06959376e466a1139989995303cc013f39bbde42ba,2026-09-28T08:45:35Z,2026-09-28-36399217978
2026-08-31,5a7a38fbdfc64820d79a7b5c4178f607bde0c3ddb479e4a7f4ebf3832bcd255c,2026-09-28T08:45:35Z,2026-09-28-36399217978
2026-08-31,5b373b99d2686b4652ae8924ad21f1c29eb7b61b67ca9603ac3bd074e1f73d4e,2026-09-28T08:45:35Z,2026-09-28-36399217978
2026-08-31,5ba3c28f7b34cda1018e79e7c033e6e2f890b0c2f31ca402f1d06dccaf15269e,2026-09-28T08:45:35Z,2026-09-28-36399217978
2026-08-31,5c1267b5dc3f321b8dabfb071f59e13c1a714ed950203fb48ed6dd0483a25a1f,2026-09-28T08:45:35Z,2026-09-28-36399217978
2026-08-31,5c7e2857c7e8c6f1b6c0e1331fc82a6f153f1a38bab15f9033b23c5ea3222365,2026-09-28T08:45:35Z,2026-09-28-36399217978
2026-08-31,5cea554f1c7ac86d48a054c9b42e72d241c79c62ab16a9ffab1ee8288e7cd66a,2026-09-28T08:45:35Z,2026-09-28-36399217978
2026-08-31,5d1f39fa34c901c06838b0fa84de40d0479b1cbb8b4d1b78c478c015b9040aa2,2026-09-28T08:45:35Z,2026-09-28-36399217978
2026-08-31,5d757d05c9f6c5434ea0926fc1309f7227014a439d8d52fb9bbb80999700bb70,2026-09-28T08:45:35Z,2026-09-28-36399217978
2026-08-31,5dd1a1b9bd079b1c2390d286fef8c9afefb197a2bf9be30f881f25b8ed0ec224,2026-09-28T08:45:35Z,2026-09-28-36399217978
2026-08-31,5f5f4c93139fbe939221c8895fbb68aeed5ca3b8731e02bddec591c367968a7b,2026-09-28T08:45:35Z,2026-09-28-36399217978
2026-08-31,5fb02ae34a60c701e6fa38d92e904c87e6a5386e04c0ced3e46f424379aca1d6,2026-09-28T08:45:35Z,2026-09-28-36399217978
2026-08-31,6007d3ed4435bf83879ac710fa874adf50e03cbcac31f6e1d235d597250639c1,2026-09-28T08:45:35Z,2026-09-28-36399217978
2026-08-31,602ed4eff067bf471f9730afe69be650cafbea316f900d361084e0b35d6754e1,2026-09-28T08:45:35Z,2026-09-28-36399217978
2026-08-31,60dec2bc52a3ff3e413dc0f7398f29dd4453d1c653a52a1e2c14d1bb54e5ce22,2026-09-28T08:45:35Z,2026-09-28-36399217978
2026-08-31,61129185d2243e10422e86fef4ac0e42fc3bb3226708f64a9e05b59da687fa88,2026-09-28T08:45:35Z,2026-09-28-36399217978
2026-08-31,6123a56ca4193a7cb17f790f72d59467d3e88731e5bbe943f6aec492ea93fb01,2026-09-28T08:45:35Z,2026-09-28-36399217978
2026-08-31,618ab0fd148f1e656c86350dd68f289581c85dfb7d46b26a486c05bd00082b3f,2026-09-28T08:45:35Z,2026-09-28-36399217978
2026-08-31,6227fa3d9ac66b9607bd2653af4a43778bf7cbf03c3d5dfe979032a06e8bbba9,2026-09-28T08:45:35Z,2026-09-28-36399217978
2026-08-31,624df24e1b20f1d95770c1d10f47f5c60547ca2ea51c116aa997e3d5caf034bf,2026-09-28T08:45:35Z,2026-09-28-36399217978
2026-08-31,629e2513dd9dbd327455c13e32b28fc33c45b709594819a130bf5301f3abb8e1,2026-09-28T08:45:35Z,2026-09-28-36399217978
2026-08-31,62baa01360dac28493fbb458f93bf74833c37b11b0a27647b6e9dc1f29d9f446,2026-09-28T08:45:35Z,2026-09-28-36399217978
2026-08-31,63040d213cb511ffde7b132a402ceb3fccb272c52a516900caf1924c72130235,2026-09-28T08:45:35Z,2026-09-28-36399217978
2026-08-31,6341b5b59d3eb199b60262efb3130be0e2532efee68526b43225b26efb251149,2026-09-28T08:45:35Z,2026-09-28-36399217978
2026-08-31,63a252e313ad8cc09fc7ff2b5fdea917ffeea5dffc738e04c119de5957d6a07b,2026-09-28T08:45:35Z,2026-09-28-36399217978
2026-08-31,63b224cd345ffc6404230b25c2d9174c8a5e7bdbdf2407d79b3706abe6b151dd,2026-09-28T08:45:35Z,2026-09-28-36399217978
2026-08-31,63bb814d57da73fd2c38a82bb085c6cb236769eeb19314de18f63b2ca418e175,2026-09-28T08:45:35Z,2026-09-28-36399217978
2026-08-31,641b1f72e7cc0f576cf79fe2235a07441a4e9313786f6848e52e1e5268365788,2026-09-28T08:45:35Z,2026-09-28-36399217978
2026-08-31,642c771fc1a5670c214d3c89124a5fc80e0a744c59414b0da66cd8133907b3c3,2026-09-28T08:45:35Z,2026-09-28-36399217978
2026-08-31,643c2d0f48eb1b8e45a78992602de82002a1d33bfe73ada35d1fb31dfe290f62,2026-09-28T08:45:35Z,2026-09-28-36399217978
2026-08-31,646acceebd8822c5620a945c9eefeaecf900a43c5d423e93ee53a7b8aa1dd26a,2026-09-28T08:45:35Z,2026-09-28-36399217978
2026-08-31,646eb8d330d9eaae986034db2e3b58859d67436e4d5f984b9edd2bfbf90c0cdf,2026-09-28T08:45:35Z,2026-09-28-36399217978
2026-08-31,64debaf27c0110dfcaf5caa183f3b0be0c4d866c79924b26751bb1f950344958,2026-09-28T08:45:35Z,2026-09-28-36399217978
2026-08-31,64fb0f50669dc9651f9d23b637c1c2b3b830b1397cb6c33b958974a2c16f8d5a,2026-09-28T08:45:35Z,2026-09-28-36399217978
2026-08-31,6526534cd4f58071815ebdd6b14fcc01b72872c28f7778c5ef2627234db9f9c1,2026-09-28T08:45:35Z,2026-09-28-36399217978
2026-08-31,6576435aaff95df86a7a3c59aba169c466d157f70fb64fe0d48b4ec9fc9b5618,2026-09-28T08:45:35Z,2026-09-28-36399217978
2026-08-31,65a5cf488f0f1550f5de985cdd97b20f9cea4638cc92a9b4def0ed69f9ed3be6,2026-09-28T08:45:35Z,2026-09-28-36399217978
2026-08-31,65bb485137fdf11a34462eae1299f34eb339851039327b6611fb93db0b97bc1a,2026-09-28T08:45:35Z,2026-09-28-36399217978
2026-08-31,65daa4c0b4d97725690dcdb23c2f8ab7376541977952123e335cb7cfc9db8f1e,2026-09-28T08:45:35Z,2026-09-28-36399217978
2026-08-31,6665a8ddbe4637df625828284e7585294e909aa73fc1a4d1e5c8c3df923fd403,2026-09-28T08:45:35Z,2026-09-28-36399217978
2026-08-31,669364393e5f43611517435f91d8770727f5c8c9c2dc5a2e84ddbe16a7834139,2026-09-28T08:45:35Z,2026-09-28-36399217978
2026-08-31,6696a7d92e7bbda46b1415e6926785fab1986c9f8d0c0a1601025a0bbf568105,2026-09-28T08:45:35Z,2026-09-28-36399217978
2026-08-31,671b2864390a0b25e41acb888150b77bf32abd7596c75ecd82a944719aa1a231,2026-09-28T08:45:35Z,2026-09-28-36399217978
2026-08-31,6814a73a8443b375ea26d68f1fa27beefb6fa29803a8835323e241bca31643e1,2026-09-28T08:45:35Z,2026-09-28-36399217978
2026-08-31,681a9985054aaea852f62513111d7907ef825f559f779e61726ea446832cb3d8,2026-09-28T08:45:35Z,2026-09-28-36399217978
2026-08-31,6871ef771934b6b7efa0a171ad4a9d19ee110257f245f242311563e9338f7c9f,2026-09-28T08:45:35Z,2026-09-28-36399217978
2026-08-31,691989e7f93e62a5c6bac4a0a46ccb4cfcee85b3d373d0076f6f15fe8563c893,2026-09-28T08:45:35Z,2026-09-28-36399217978
2026-08-31,6975cde8b9b3786beedb4ee98df2483a2ed04e63a6b159f9a0597e250daa4d9d,2026-09-28T08:45:35Z,2026-09-28-36399217978
2026-08-31,69900d60b0bf6ee65a7bd767a6b617df8ee64e0962f2e62c7eea857e8d39d546,2026-09-28T08:45:35Z,2026-09-28-36399217978
2026-08-31,69b497c1d8271693558bc01e3a95d1984b38124eeb4d5002b50d64995d980c5c,2026-09-28T08:45:35Z,2026-09-28-36399217978
2026-08-31,69c4104c9a8905b241a53c81cc36dceace7abc95066bfe15bee995b862e7d040,2026-09-28T08:45:35Z,2026-09-28-36399217978
2026-08-31,69d640e94a65b42e8b47b7ca23fdd77e2ecd684820164271290a857fc3bebba9,2026-09-28T08:45:35Z,2026-09-28-36399217978
2026-08-31,6a761edc001d94b433e3502ab83cb2befc4f74e1681d3f80a078320112101181,2026-09-28T08:45:35Z,2026-09-28-36399217978
2026-08-31,6a8b9a13ed1a8e98ec07b55e9168fff1d7f1015d7bc855b8dbb064f7c59f376f,2026-09-28T08:45:35Z,2026-09-28-36399217978
2026-08-31,6ab0a99cba33a20475dbf3c638463e6911a77c6f8b626d4fd898aebeac96487f,2026-09-28T08:45:35Z,2026-09-28-36399217978
2026-08-31,6ab56df0dc33b371854b6f773834d96244405433bf56fdb1718c007c3d5a2d4c,2026-09-28T08:45:35Z,2026-09-28-36399217978
2026-08-31,6afaf1bc5de1270984407874ed61691530af6c00dd25dfbaa060745557850a6b,2026-09-28T08:45:35Z,2026-09-28-36399217978
2026-08-31,6b057cbc2505d583f44be5a6c67a330b5ae66ae609adbd8003e98fcafdf5eb9f,2026-09-28T08:45:35Z,2026-09-28-36399217978
2026-08-31,6b0d74e54b9dc5661fc378922c08282ef842a6370366b64faaa3bd7296cd46f6,2026-09-28T08:45:35Z,2026-09-28-36399217978
2026-08-31,6b211bf29bae118cdb5a6a356f0a5cfa1ad1a612c1c50a063b2c15e0456860e8,2026-09-28T08:45:35Z,2026-09-28-36399217978
2026-08-31,6b2509a51872af120d9be8860cfe08f97ae4a6f168db339443d241f9463c8b27,2026-09-28T08:45:35Z,2026-09-28-36399217978
2026-08-31,6b5d57dec3f6e6378117751838d87eae5c2c4434b8bc255477a54c708994a9e4,2026-09-28T08:45:35Z,2026-09-28-36399217978
2026-08-31,6bb672257a64f124c279a8a1b197e5c9eb459fcb762e386ed0dc75e4e1f85204,2026-09-28T08:45:35Z,2026-09-28-36399217978
2026-08-31,6c666672b003a9644320aa209e49937f6f7e0f4970dce7e0e93c1a6202b5c9d0,2026-09-28T08:45:35Z,2026-09-28-36399217978
2026-08-31,6c7c7565e1bf61061c8fd2f6c4d4dfeba85eb4d08a37334c9b731705d8f9cc83,2026-09-28T08:45:35Z,2026-09-28-36399217978
2026-08-31,6c91ed583f1c75a420089707ee86c7749ab2cb7a9216406ebd2e04ce33ed5f0a,2026-09-28T08:45:35Z,2026-09-28-36399217978
2026-08-31,6ca67f779393fc7145d991c70fbc02b7489a3d947c6e55234ec004c756dd9adc,2026-09-28T08:45:35Z,2026-09-28-36399217978
2026-08-31,6cb7bc08b7b4570ea011f219597f3b2c499be25eb971bbd905e7bb94176864a3,2026-09-28T08:45:35Z,2026-09-28-36399217978
2026-08-31,6d26584d19b3cdf113da9bb7f7345b152e6bfe53c2ac70e809ce5b3019317b43,2026-09-28T08:45:35Z,2026-09-28-36399217978
2026-08-31,6d6fdf3ada4deb1a7e1343135e82acf1701f6ba55ab9e39aadf30090a204cd1c,2026-09-28T08:45:35Z,2026-09-28-36399217978
2026-08-31,6d73578a367ac7f4028e7600f46f8968d2821ca01609c63d7ca6cab997e8be2c,2026-09-28T08:45:35Z,2026-09-28-36399217978
2026-08-31,6df3313e520463c65f26ddd2ea1f6c5910b706294faa402b5329ab5e3624db99,2026-09-28T08:45:35Z,2026-09-28-36399217978
2026-08-31,6e11a6656854034ae0d5f7955b1279fddda9d45bea8197f02b4bacc45abafd94,2026-09-28T08:45:35Z,2026-09-28-36399217978
2026-08-31,6e7b7e57d095ec61fc166bf3f65a0344147b4cd6d8013efa14471fe4ec5c17fb,2026-09-28T08:45:35Z,2026-09-28-36399217978
2026-08-31,6e99886c82bcd75ee06e7532c97503038328ca4c5b1b759fd0c4c4dd7019cfbd,2026-09-28T08:45:35Z,2026-09-28-36399217978
2026-08-31,6e9a2f40583a695f4e313375406d3bf0a7c00004976d1573f34e2fd429265859,2026-09-28T08:45:35Z,2026-09-28-36399217978
2026-08-31,6f2c8610a31aa5510d2e041044ca3c1128fd7deec1c48afb57069f93b5f2c7a3,2026-09-28T08:45:35Z,2026-09-28-36399217978
2026-08-31,6f788e85a411a4f8186ea7e797b039fda4c73d081617c309058e3b8a33bb7020,2026-09-28T08:45:35Z,2026-09-28-36399217978
2026-08-31,6fb70e9f03ce958407caa8595da7c64cbfde1bb90fddb640ed323255d022cb77,2026-09-28T08:45:35Z,2026-09-28-36399217978
2026-08-31,702f2b69bf969a5a8ec97621a00a33e67d91c2a0e65909e52aff0fa6b393df35,2026-09-28T08:45:35Z,2026-09-28-36399217978
2026-08-31,703c1a918e1b9da5ee30f93aafe68b01b2eac14a19874d1350317304386d8e7f,2026-09-28T08:45:35Z,2026-09-28-36399217978
2026-08-31,705d89c5adcd725031bb54e5046aefe4d06c573e75803cd0f753786b8ae52323,2026-09-28T08:45:35Z,2026-09-28-36399217978
2026-08-31,706ecd16328c660f461e6d81f0a23ad7a36251d790c3042eb994705f551323de,2026-09-28T08:45:35Z,2026-09-28-36399217978
2026-08-31,70b2a1057c120d96e7bb2a800c5be57ca50ba5a5bcb97b62ab2beb0daf30b544,2026-09-28T08:45:35Z,2026-09-28-36399217978
2026-08-31,70f16f6e29cbebcfc995e8d432267bdf251ab7b2263596e005f9c94759141f8b,2026-09-28T08:45:35Z,2026-09-28-36399217978
2026-08-31,715941637ba9444eb2d4ef92596eb8713919b5dd634d52dd7b3059815de74a8b,2026-09-28T08:45:35Z,2026-09-28-36399217978
2026-08-31,717f20c8f1e946011b4fca885f2460b1e3637c294029a6c342556277be0ae7bb,2026-09-28T08:45:35Z,2026-09-28-36399217978
2026-08-31,720407f01581e909d37956b4d4070313a1006c05963aa8aebe49bd28fa35df2c,2026-09-28T08:45:35Z,2026-09-28-36399217978
2026-08-31,723a867431b7fe409c4b165b6e864e9465acaf8e32eca4bd1df79f0a1c232a5b,2026-09-28T08:45:35Z,2026-09-28-36399217978
2026-08-31,72d487c9faef4ef39f6121beb0020610b8dcdc2d60fc10288a9e8cde80e949a2,2026-09-28T08:45:35Z,2026-09-28-36399217978
2026-08-31,7316c1f0bbbab9410f88c13f1ad96f06bd1e6490c76db02829492dd226f0af9e,2026-09-28T08:45:35Z,2026-09-28-36399217978
2026-08-31,7358095f0ae8627388e98e7c825c2268a341e0e3e3c8a50af58742b27e2b0db2,2026-09-28T08:45:35Z,2026-09-28-36399217978
2026-08-31,7372696105a092991a17c7287c50303e73fe2669e646b6c119267db0b45eddd0,2026-09-28T08:45:35Z,2026-09-28-36399217978
2026-08-31,74989efd0e4db40226e9d8988b46241c53f9f1ea551114076bb4175d7f374706,2026-09-28T08:45:35Z,2026-09-28-36399217978
2026-08-31,75aec5206b7f9aa738f4ffced37765f31ec9edc089178660d9d2c21a04183cdd,2026-09-28T08:45:35Z,2026-09-28-36399217978
2026-08-31,75f1144a474bf42b91da8205e8a738f3ce66703fe0dbc4eb33d7d3e6fa91d731,2026-09-28T08:45:35Z,2026-09-28-36399217978
2026-08-31,75f637059715d58961a4b560cedb89b988f77a1dc5bf76777f8d85b7d1664799,2026-09-28T08:45:35Z,2026-09-28-36399217978
2026-08-31,75ff5fa698154678377c12d2af3389be185dacca55fe5f05dc989b2abf6b0566,2026-09-28T08:45:35Z,2026-09-28-36399217978
2026-08-31,760b7c5706bea95773e338575f1f545ae3f037265e48e218ea66f1c75e41ec75,2026-09-28T08:45:35Z,2026-09-28-36399217978
2026-08-31,766259bf6dee8acf0c597fda5140712957ebfba54c1aff869c2cd76e1b00c2d1,2026-09-28T08:45:35Z,2026-09-28-36399217978
2026-08-31,766902a68294156c75169a1ffbc4953c7ec067f96a5ae530b13b70841343d54e,2026-09-28T08:45:35Z,2026-09-28-36399217978
2026-08-31,771ce6a126bd1a0e854450a76bd99711c63fdcfe64033cecbd9fb79d5c484557,2026-09-28T08:45:35Z,2026-09-28-36399217978
2026-08-31,77469147b615f35190e96a57c1767dfeb2b608025b17f5b7ae2900b70d76a9e9,2026-09-28T08:45:35Z,2026-09-28-36399217978
2026-08-31,7750d1964307c453add15a5f91284cd034093a6fec9a598a4de10d57e90a4a2c,2026-09-28T08:45:35Z,2026-09-28-36399217978
2026-08-31,7768240d44d451791a411dffd389615df87cc4087ecef78ad3944dfbeddf6f4c,2026-09-28T08:45:35Z,2026-09-28-36399217978
2026-08-31,7786388451652308a6c0a6f57158f7451445bea5e4917446637eb3b20b82684c,2026-09-28T08:45:35Z,2026-09-28-36399217978
2026-08-31,78226518e5ff5b24cb2348b29bba1a9f4c9ca3830d28778832ae493bb00b7ea1,2026-09-28T08:45:35Z,2026-09-28-36399217978
2026-08-31,787ebc2d09b978c67e1384ed7950f91e13bd114c8ca666b23e91f159f5214f20,2026-09-28T08:45:35Z,2026-09-28-36399217978
2026-08-31,7883c7563718d5984cede1a307b2e646a23bda096a77246d8cfb99b9846b19f8,2026-09-28T08:45:35Z,2026-09-28-36399217978
2026-08-31,78d64322ce2b0e92afd526ad9713134f537677435ef66566c6f35676df02f7a4,2026-09-28T08:45:35Z,2026-09-28-36399217978
2026-08-31,7920ae34e659a3b4a6d468d4586c8b05825a85c834f54f453281653ee9caca0f,2026-09-28T08:45:35Z,2026-09-28-36399217978
2026-08-31,7957993232acf5351ad0ab720d97bdf316ab88e3515261842291d4e41d0bea03,2026-09-28T08:45:35Z,2026-09-28-36399217978
2026-08-31,7968b28c9e8ce7265a417d4941d34fef53ab69d66da2e86531e3f5fcf4924bd3,2026-09-28T08:45:35Z,2026-09-28-36399217978
2026-08-31,796fa1eaa027e7779e23975d6bbecd95f9406fbec714e260088589eae88e789a,2026-09-28T08:45:35Z,2026-09-28-36399217978
2026-08-31,799876c133dca8d9309c0a34f9fa291a544431988f7a8052d64183637edbb35d,2026-09-28T08:45:35Z,2026-09-28-36399217978
2026-08-31,79d0e77db2d4ed203ba960cbcf1a55d6281d8d94ed6da44a90b4113537eb89d1,2026-09-28T08:45:35Z,2026-09-28-36399217978
2026-08-31,79e11f92112542b6ddee145d97ce4ce5d20ce797e86adb298559b29dd8c14129,2026-09-28T08:45:35Z,2026-09-28-36399217978
2026-08-31,79e30cff559bab7dc4f29360affb3558623988423a3fdf464b19ba70c0c91143,2026-09-28T08:45:35Z,2026-09-28-36399217978
2026-08-31,7a6ed79a8a88f9adc8ced84e18e46c442c108ee9a5c435a95cd6d14813944ac4,2026-09-28T08:45:35Z,2026-09-28-36399217978
2026-08-31,7a77d42f7aea6d09a105297eee22359daa2afcaacde84cfec22c98fd042cb2eb,2026-09-28T08:45:35Z,2026-09-28-36399217978
2026-08-31,7aa82219dbb366229e03aa19109d39479cb141f546fce5ff87bbdb5789ac0219,2026-09-28T08:45:35Z,2026-09-28-36399217978
2026-08-31,7b28d2a81673e8cb18cbfb028169f8194a6b6ce2c4ec9388ef03ef35bd1356bd,2026-09-28T08:45:35Z,2026-09-28-36399217978
2026-08-31,7b4a5d464de014d2fbbc894d1fa3d49d80c96d3c526d359c7091eb7f49c9977b,2026-09-28T08:45:35Z,2026-09-28-36399217978
2026-08-31,7b5378000f2d9267aeb090fd5a4dfc6ad9b1d9679b12d89bcde4cf51df3bb3c3,2026-09-28T08:45:35Z,2026-09-28-36399217978
2026-08-31,7b64cba90976a2be7d7768c8cddba7620dde0fe845bd29a7edad48543f6067b9,2026-09-28T08:45:35Z,2026-09-28-36399217978
2026-08-31,7bb4a2b56c535f59ad6a4400842ace72603166bbfc23bcdc769d181937527fca,2026-09-28T08:45:35Z,2026-09-28-36399217978
2026-08-31,7c0387f5a508d3037222f4d5b7aa443c597cc28ec0cf561fb83e33d26006389d,2026-09-28T08:45:35Z,2026-09-28-36399217978
2026-08-31,7c41201273fd9e92178e00f97bde2a0ce005f811e460ea91d91e58ea4588fd57,2026-09-28T08:45:35Z,2026-09-28-36399217978
2026-08-31,7cdca25aca84fdbccfb96aafceecc399d774d0c91e356d6553dc378a4c7b537e,2026-09-28T08:45:35Z,2026-09-28-36399217978
2026-08-31,7d2f53babe62ad94e890622a8a5f123a8b1a9f2352170ac335e54fc08c69f282,2026-09-28T08:45:35Z,2026-09-28-36399217978
2026-08-31,7d8614e8a4e92982d443db07f057750c5256c1a74b505c9b6c3b079769f40d16,2026-09-28T08:45:35Z,2026-09-28-36399217978
2026-08-31,7d93c51a68184ac806bcafdc7a51a7a0f27f7dd31819e8ccc89e0b14b7198093,2026-09-28T08:45:35Z,2026-09-28-36399217978
2026-08-31,7dc8869ec86dbecc752c562bdf6e475327a3f4a68bc35b9bd1611e39b4b79c84,2026-09-28T08:45:35Z,2026-09-28-36399217978
2026-08-31,7dc9a0e5ee97f3d8443f26ab55df436003ab62f7105b2b9abe7ed605b0e5068c,2026-09-28T08:45:35Z,2026-09-28-36399217978
2026-08-31,7e091b6de8f19d520f3795194f637679eaacfc50c6b08c5f8bda2f5ab394916d,2026-09-28T08:45:35Z,2026-09-28-36399217978
2026-08-31,7e3278a89315fd8464b41d7261174451367d5f8367241c8a74eac8f6b6b35dc1,2026-09-28T08:45:35Z,2026-09-28-36399217978
2026-08-31,7e5596b57c6f5ee17fc8978e184abb211768606489c0689291f448804d9fc236,2026-09-28T08:45:35Z,2026-09-28-36399217978
2026-08-31,7ea6f5bb6000cf92cce7bca946aacf4ca2e87ae63984ee4ecf1443667abea53d,2026-09-28T08:45:35Z,2026-09-28-36399217978
2026-08-31,7eae856227aa0b983db6b2262e421d865765e173ef1c503fa2890081f7a1555e,2026-09-28T08:45:35Z,2026-09-28-36399217978
2026-08-31,7f3e510cd50eda658743547a9d5cdfc29b1be7ef567e828692e290faaa8b7bf5,2026-09-28T08:45:35Z,2026-09-28-36399217978
2026-08-31,7f736485e7f100eb5a2305c7dbebba5131bb8f215a6a4f5d0bbf3fc9761ac967,2026-09-28T08:45:35Z,2026-09-28-36399217978
2026-08-31,7fb1450124a5f25bfff0ffd17a13aafd970d6769cac01190ac6c423ea780d45c,2026-09-28T08:45:35Z,2026-09-28-36399217978
2026-08-31,7fd28db5961092efd901ef88254886056e8636065441e610e74b9fbc09a2b08e,2026-09-28T08:45:35Z,2026-09-28-36399217978
2026-08-31,7ff095606a66d0947e1ecc9a2044f7ddb6f964b888de0d198b9f2ec092a5cba2,2026-09-28T08:45:35Z,2026-09-28-36399217978
2026-08-31,7ff8c88dd52cd3af240cf87e61941ae6172dc5e8df98d24d430a3071388a2d66,2026-09-28T08:45:35Z,2026-09-28-36399217978
2026-08-31,805ec443fde9ed207527eacc81a5b95b854cc03bb32c33f8cda1b8d80331f964,2026-09-28T08:45:35Z,2026-09-28-36399217978
2026-08-31,808ff15093e9b9f6c7be8dc3ab06c3c690d6a6589944895be02b69bbfab1db87,2026-09-28T08:45:35Z,2026-09-28-36399217978
2026-08-31,80cbc717c5efdec6ce2c78ef408cd36a3a7850c99edf44e047a04d0680d45b2b,2026-09-28T08:45:35Z,2026-09-28-36399217978
2026-08-31,811ca6ff4ed326fbca8b37d05e0dbbc073611bd940aad43f98f2df0c43ff9cdc,2026-09-28T08:45:35Z,2026-09-28-36399217978
2026-08-31,817700dfe0f51452cf078b49694f21b0e984a6aa9786d7f8b920a48ff413be93,2026-09-28T08:45:35Z,2026-09-28-36399217978
2026-08-31,81a76a98a78978d332a579ab4e08e760944af7da15283260df864bdb48249882,2026-09-28T08:45:35Z,2026-09-28-36399217978
2026-08-31,81aa343b40ce4659fc5b0fc49bfd0fc33202455ea175ea64eeca536de8179431,2026-09-28T08:45:35Z,2026-09-28-36399217978
2026-08-31,81fa1fcd263f2705b3f1f7fd480d06145a13b78ceb73691c49c997554bc6cdc0,2026-09-28T08:45:35Z,2026-09-28-36399217978
2026-08-31,823a77b72397cc18d93a378ff504c34311825433919e5260502c443f1383db36,2026-09-28T08:45:35Z,2026-09-28-36399217978
2026-08-31,823bb609381ea0ae9f3aba10e74032b61b81e8f59781492c7cee76ed07cabde2,2026-09-28T08:45:35Z,2026-09-28-36399217978
2026-08-31,8245897c0215cde264177fc537dc48717eea1bfff8da0e58752a902979738660,2026-09-28T08:45:35Z,2026-09-28-36399217978
2026-08-31,829ef3c957c1a9370bb1be7b194b476e6b1b2db699834caf3afef3d1e7b6dd39,2026-09-28T08:45:35Z,2026-09-28-36399217978
2026-08-31,8300017e26d04a7dcc85dd3cce1908f878188de6beaeaccb76b9c3e1fdbc7a27,2026-09-28T08:45:35Z,2026-09-28-36399217978
2026-08-31,831000aa2d2fcafce6a8c9e01176773e78eea13a6fd0426082b850d4d1679f51,2026-09-28T08:45:35Z,2026-09-28-36399217978
2026-08-31,83a7a12b5bae70f59f8a5f6b0e5bac5209c9076f9ab4752055e626a38f828ecb,2026-09-28T08:45:35Z,2026-09-28-36399217978
2026-08-31,83d6218c610794aff1285c5b8943e69025af2412e6e9a4645ff4cd809313c336,2026-09-28T08:45:35Z,2026-09-28-36399217978
2026-08-31,83e80bf04cecfb2b64f3630419bfdd7375b0e51397dfd1faf4de89da64f13b73,2026-09-28T08:45:35Z,2026-09-28-36399217978
2026-08-31,841bb8f11c4b217284cecdfbc902ca99fa5ba91b457f41a4f3a7f22863f0f749,2026-09-28T08:45:35Z,2026-09-28-36399217978
2026-08-31,84ae8fc3a760fa25b06c4ec4af4824175b01342877d6f62da4414c5a04713916,2026-09-28T08:45:35Z,2026-09-28-36399217978
2026-08-31,84ca82feaa9322a28a53509e9abbde54666ab23d9d29f90c09fd7a1c619cb7b5,2026-09-28T08:45:35Z,2026-09-28-36399217978
2026-08-31,84db7f2f9e9838d16c88da688c4b4010e26af844c04e8febe0ee416fc167bf90,2026-09-28T08:45:35Z,2026-09-28-36399217978
2026-08-31,85251a7856cd68d0600aa57f95c48bd1b317932051b24c8a8151ecd02c612364,2026-09-28T08:45:35Z,2026-09-28-36399217978
2026-08-31,85a5a27630fc31f0c7ea4952f71d9c72aacfd0df358295dc85c3762d712673df,2026-09-28T08:45:35Z,2026-09-28-36399217978
2026-08-31,85bfd0d8afde74758d0244f1c7b95fcc4b2ddd7656cf2a470bc42aa7d6623eca,2026-09-28T08:45:35Z,2026-09-28-36399217978
2026-08-31,85c83843842611c8885f732033d9991edf9683f266aadc1fafe60670aea9e1f6,2026-09-28T08:45:35Z,2026-09-28-36399217978
2026-08-31,869d6203969dcfe57e29737ef7795f06d24260d187f6c553a3136cb17cf68016,2026-09-28T08:45:35Z,2026-09-28-36399217978
2026-08-31,86ca983bced818020566ddb7ab11e1ad9c7e9de0c542979a2df3d0b78584c671,2026-09-28T08:45:35Z,2026-09-28-36399217978
2026-08-31,86da4b145f37b7ba01a75c37bdcae578e6ce33e470c31e3a2d4017bf7e6dba7b,2026-09-28T08:45:35Z,2026-09-28-36399217978
2026-08-31,8743e9386b39cf8d33db3c4c76d378bfbb04bc4c4d5b1d35963ab2bc382ac0ef,2026-09-28T08:45:35Z,2026-09-28-36399217978
2026-08-31,87a401713a131a4b8f7b75154b3090f12d155b213adf8132439be1bd785d4ee6,2026-09-28T08:45:35Z,2026-09-28-36399217978
2026-08-31,87c539fc5c3253830cba78e28cf6476cbd5a32579c10e8601c9c173addaa8a6b,2026-09-28T08:45:35Z,2026-09-28-36399217978
2026-08-31,881e426acacbdb2e79c338e37bef400e4c88919679fd966e78499ee639b06623,2026-09-28T08:45:35Z,2026-09-28-36399217978
2026-08-31,8845d341e1c280258406cd3057f50ab38cf29e183db1c4adcbe974e0b04a8d32,2026-09-28T08:45:35Z,2026-09-28-36399217978
2026-08-31,885e3dfe18a8b01b76e3655ef020d8f654207f9c2f2708bfcb6ac40efb1b50f5,2026-09-28T08:45:35Z,2026-09-28-36399217978
2026-08-31,8878424fdd1c65f60e48517de5b33243ecfcaa4cb95d4a86f35fd74d863c3a07,2026-09-28T08:45:35Z,2026-09-28-36399217978
2026-08-31,889763368b990856f7961da3db19e5729eb6af6bb6bde44389f8fbb2fdc314c8,2026-09-28T08:45:35Z,2026-09-28-36399217978
2026-08-31,89204ab8986ddafbbe4239103e56015be718bad72675240c33d9ef142eee3eb1,2026-09-28T08:45:35Z,2026-09-28-36399217978
2026-08-31,89bb3b44b5a6fc9e5a29176fcb77fc1052acfbc0089e701a7b95d82c7b8a3b6e,2026-09-28T08:45:35Z,2026-09-28-36399217978
2026-08-31,8b00fc2c9006663057afa431a99fa758e61c5a5c00b69d59482b06aee3c6d90f,2026-09-28T08:45:35Z,2026-09-28-36399217978
2026-08-31,8b0429b25cf4f75094b45f3f140d7bb03496cc3cb784082b60142ae3e9871729,2026-09-28T08:45:35Z,2026-09-28-36399217978
2026-08-31,8b1bf3d0a958b376c91089579e1a09b64ccc3c6cd631d91aac68ef71536b0fdb,2026-09-28T08:45:35Z,2026-09-28-36399217978
2026-08-31,8ba0b05da1b14d9b688122f661ed2ed3ab61ea0c6e2b9148b609ea7027bc03a3,2026-09-28T08:45:35Z,2026-09-28-36399217978
2026-08-31,8c4d2753c28e503e80de41c84a57d9edcf414a6f21b9198e57bb206c6c21891f,2026-09-28T08:45:35Z,2026-09-28-36399217978
2026-08-31,8ccd162a55993626625d28a584f35240073d9f87849167adb4ad8f9ea630364a,2026-09-28T08:45:35Z,2026-09-28-36399217978
2026-08-31,8d105f127639f0da3ca8ea9a7ae05d721a39bd0e59ef2a27200b7ded0a0d3062,2026-09-28T08:45:35Z,2026-09-28-36399217978
2026-08-31,8d1265cb3775d192e3840aa9a1a57a8b70ea22db5b1395699ecea3b329829fdb,2026-09-28T08:45:35Z,2026-09-28-36399217978
2026-08-31,8d8c8d5845ef30d49803a55ad9084d722ec73fa3f33127314e7a1c34cc5ac8cb,2026-09-28T08:45:35Z,2026-09-28-36399217978
2026-08-31,8de56ebea18c2b783119a73f864097a174e55574e1cf06e31bfea7aa018d42d2,2026-09-28T08:45:35Z,2026-09-28-36399217978
2026-08-31,8e660f38fb0eaa757cd13cb6c57208f27304f185608f21aaebae7221dea635b1,2026-09-28T08:45:35Z,2026-09-28-36399217978
2026-08-31,8e797d27e0e114f4a6767748e0aa27bd3cd767a218df5195053ba86334452f53,2026-09-28T08:45:35Z,2026-09-28-36399217978
2026-08-31,8ea7df5a53c822e77c90c08f9f9f9fae62b2f3e37ac7f95fd1e936bfd459b495,2026-09-28T08:45:35Z,2026-09-28-36399217978
2026-08-31,8f032a9e66253fbfead2e0d05c92a7865ddf463319358605673aaae2b9028b90,2026-09-28T08:45:35Z,2026-09-28-36399217978
2026-08-31,8f1073ca100178dfcb1ee70282300ca731ef0ddde0ec895b5477859d1b226805,2026-09-28T08:45:35Z,2026-09-28-36399217978
2026-08-31,8f33de4e3a7f605abcd5f3d00aa947223ab47d191e53c0858bdb46cdf2342f4c,2026-09-28T08:45:35Z,2026-09-28-36399217978
2026-08-31,8f77f9fe602e9cfb8c8ad54432fdea9a041fedb6385933d5ce76f35744746b4e,2026-09-28T08:45:35Z,2026-09-28-36399217978
2026-08-31,907b1b38d907da4119372bc037bc8e3bb048a438911834ca5078a11ba52fb46c,2026-09-28T08:45:35Z,2026-09-28-36399217978
2026-08-31,9096de0a4d6476d24c21c85aa0f9bf39e5a10ee2e5ffcd3803106102aba46bb1,2026-09-28T08:45:35Z,2026-09-28-36399217978
2026-08-31,90e9d8d8895ea49e77653e7f718ddad658d3a222c3785f340c7f5df30d4ea97a,2026-09-28T08:45:35Z,2026-09-28-36399217978
2026-08-31,912399a56cc84153ed807a542bb04cd3cec65359648abc524103a4a03f665aea,2026-09-28T08:45:35Z,2026-09-28-36399217978
2026-08-31,9152287f52651bb21ca5765b998657b9124a1611dbbd747d4e94ebbb9bae1193,2026-09-28T08:45:35Z,2026-09-28-36399217978
2026-08-31,9171ba5c0c1f00dbde9ac42a1961aa6f5fbf1ef297d563fc5048a30844e38e1f,2026-09-28T08:45:35Z,2026-09-28-36399217978
2026-08-31,926a5fb7f1ac21618fe2bdbd37ee395390a3ad0080521ed3a154a0c1554ef43d,2026-09-28T08:45:35Z,2026-09-28-36399217978
2026-08-31,9295f378e727142fc5cbf602d4b93c40e4d296c4f03f46270d23c81bcdf1324a,2026-09-28T08:45:35Z,2026-09-28-36399217978
2026-08-31,92caa904bf9cc8d088c6c916f71313a27e16c95cd978aaab5d9ddbdbb115e9fd,2026-09-28T08:45:35Z,2026-09-28-36399217978
2026-08-31,92d5de577b5f1ad38da2b7266d952f727292aed481692dc81af3f76420b8a345,2026-09-28T08:45:35Z,2026-09-28-36399217978
2026-08-31,92df0b186be0d7e694b5d6e2a5cd26ebb67611e802ad78982756c166f6834396,2026-09-28T08:45:35Z,2026-09-28-36399217978
2026-08-31,92e8d7ad6060624f4d0965fb7b16701f29d38337a4529625e92498658ade069f,2026-09-28T08:45:35Z,2026-09-28-36399217978
2026-08-31,92fd2b5a3c5c05b878570bbd2019efdd56b301f2eb313ef635d208a404e4cc0e,2026-09-28T08:45:35Z,2026-09-28-36399217978
2026-08-31,93329286f12e286eaf591052deba79463918eb126a0bdfebe3ed00df5f275d44,2026-09-28T08:45:35Z,2026-09-28-36399217978
2026-08-31,93659f19c89dc27c1c1ea359b7b61ec69dcba5b4203e96cf5becb1dbe4ec46ed,2026-09-28T08:45:35Z,2026-09-28-36399217978
2026-08-31,93c6a92dbcfa920545aacbea117019832d5c9d4f3078ab3da08d3d632ba232b9,2026-09-28T08:45:35Z,2026-09-28-36399217978
2026-08-31,93fd0eea3fc2af4775192e2880e6dc236da0bf3b72cdee5a04eb96ff84eda4a1,2026-09-28T08:45:35Z,2026-09-28-36399217978
2026-08-31,94125d76137d69251bbe6b154032005d7c623a71a277c45bc42967b3228076e1,2026-09-28T08:45:35Z,2026-09-28-36399217978
2026-08-31,94c7ac83da21482d949ac193b3675258c35d5e332c387ba28f9fc45b5befbcde,2026-09-28T08:45:35Z,2026-09-28-36399217978
2026-08-31,94d5bb55f314e10898de8a6a1b3b579406c656855ee1fedfcab45a6c8b1d164e,2026-09-28T08:45:35Z,2026-09-28-36399217978
2026-08-31,9533cc3995012b05550361e34e7491102ed93a597e5bc4d0e1ab24b44246f2af,2026-09-28T08:45:35Z,2026-09-28-36399217978
2026-08-31,9542fe564434e201fac00bbddebd2965489226e004e4f2c0763ff5b9b4eaa900,2026-09-28T08:45:35Z,2026-09-28-36399217978
2026-08-31,95a779e3844bb6d9867eb3689aedfc3697796c727fecc373a394f8aff3cd29ed,2026-09-28T08:45:35Z,2026-09-28-36399217978
2026-08-31,95b2891fa9ed3d7749f6287ee630e395fd0f6d233ff520dfe58f2c10fd900ff9,2026-09-28T08:45:35Z,2026-09-28-36399217978
2026-08-31,95dfcc673c29c3a9a21d4ac7de4f8ba6cd9c79636968043a39ebdfc0e78deba4,2026-09-28T08:45:35Z,2026-09-28-36399217978
2026-08-31,95f941291e6c2445eae21090bcfbf8d7322a613b02ec96702ed00e6950b3eb17,2026-09-28T08:45:35Z,2026-09-28-36399217978
2026-08-31,9613d665b2c64584d17bf71aa5b14670a0502630ba0a3bab82bcbd08c97ffec8,2026-09-28T08:45:35Z,2026-09-28-36399217978
2026-08-31,9686e583e37287e23852e4e17e02fc86cd74a81a0c1240a0755063f836c1cbc3,2026-09-28T08:45:35Z,2026-09-28-36399217978
2026-08-31,969ccbe1c7042c92dee6eef2f3649a8d03be87c3370a2c9caf97c2bbdfea8f45,2026-09-28T08:45:35Z,2026-09-28-36399217978
2026-08-31,96a2e53dbf33231c5bfa41cda9a486210cd2f5d18093841dd8946e10f5df4d14,2026-09-28T08:45:35Z,2026-09-28-36399217978
2026-08-31,96e88ecc16911c06318193d056645066b6c48b87bb5a01e11213ba71d5281aae,2026-09-28T08:45:35Z,2026-09-28-36399217978
2026-08-31,97098014be2cc6dc2d84ead2cce45c58969e7e390172041fa72322478a145122,2026-09-28T08:45:35Z,2026-09-28-36399217978
2026-08-31,97400247239ee61f49253001cc73de0fb37cbc3c732ea0e4ecc5fcf3be714007,2026-09-28T08:45:35Z,2026-09-28-36399217978
2026-08-31,97629f3827e00fc0dd9f78b0951e1e07e1cd29bc17b2564004077cfc8dfae250,2026-09-28T08:45:35Z,2026-09-28-36399217978
2026-08-31,9785f1d16cdfcc1fcd518d23ef46061c6f38b638a0fd1e0afe6631ff25c9a626,2026-09-28T08:45:35Z,2026-09-28-36399217978
2026-08-31,97b27a9dcbc6df68bd6019d2482f28ec4ef93266b0f586be19a238ebd4e2c20c,2026-09-28T08:45:35Z,2026-09-28-36399217978
2026-08-31,98685c051f91f18845371200c432b3c594cac208a3596dd49679a6f6057ea38e,2026-09-28T08:45:35Z,2026-09-28-36399217978
2026-08-31,98e5377bad812f86dd3e292b21e103952cf9c8261faa0a1f385290fd2ba0a90b,2026-09-28T08:45:35Z,2026-09-28-36399217978
2026-08-31,997eeaa819c20d5fca22486fbe59273d425322026dbf2930ddf3c8ae94ba6749,2026-09-28T08:45:35Z,2026-09-28-36399217978
2026-08-31,9a273b4f266e4996fd1866206e4c4005eeb9d636c706a1641e51b46f9bb51a43,2026-09-28T08:45:35Z,2026-09-28-36399217978
2026-08-31,9ac0a0b4ffaa53c6b70ac3c09a3a346dccc8fe7a098b56c9f99f5380f278ad73,2026-09-28T08:45:35Z,2026-09-28-36399217978
2026-08-31,9b495cf14e9f95af1df4fff4789515c9f48553cbe4d3137b34bd6c81e5ddace8,2026-09-28T08:45:35Z,2026-09-28-36399217978
2026-08-31,9b95cd99f3dd70a9e21c7c4558fc2a2b70be838696705290029658b58ccdedcb,2026-09-28T08:45:35Z,2026-09-28-36399217978
2026-08-31,9c6e77200ccfdfaecb95fd19d71ffcf7ecfe0ac79609100da067f2e63fc1f687,2026-09-28T08:45:35Z,2026-09-28-36399217978
2026-08-31,9c8db721d5f0158e90f355bcceb6b740203b2afc91f42b0011f0955e6a59d8b3,2026-09-28T08:45:35Z,2026-09-28-36399217978
2026-08-31,9ccf9fb62ab7e673963995f9f371682395697fcf1128313d65ec2926114a68fd,2026-09-28T08:45:35Z,2026-09-28-36399217978
2026-08-31,9ce3c0cff1f13358a2852110bea9668482f7d5c1a250fb98aefcbaff97135cdf,2026-09-28T08:45:35Z,2026-09-28-36399217978
2026-08-31,9d2ca7c75513af7496b1401c9b773bcd78ae99259b2661247abc693501e0d9db,2026-09-28T08:45:35Z,2026-09-28-36399217978
2026-08-31,9d4f3b5c5d4d78e6b4346ed427a13cbf7d7a7f2a80a0af48d383ac33da81fb69,2026-09-28T08:45:35Z,2026-09-28-36399217978
2026-08-31,9d6d1f1fb98c3e38512cbe60e39ca7e179a07553adf719213c33f3a24c85321a,2026-09-28T08:45:35Z,2026-09-28-36399217978
2026-08-31,9d870b6b7724943617da1c92364f3b1e28c5d564fc4d3d7d3b25a4bc5bda8ba4,2026-09-28T08:45:35Z,2026-09-28-36399217978
2026-08-31,9dcb95334411cae966578c704fb83956511fb5b282b848e7111f37825fa79527,2026-09-28T08:45:35Z,2026-09-28-36399217978
2026-08-31,9e08ac54c00205b6be39fc5de887d32913792891549751a8418341268e7afec1,2026-09-28T08:45:35Z,2026-09-28-36399217978
2026-08-31,9e2c77599cb208732d239652359abfb44c4b0e62e7cc64d7228174a5288f261f,2026-09-28T08:45:35Z,2026-09-28-36399217978
2026-08-31,9f30f5bed373d364ba16d866f36c02d688721888a6220ef508df57eb03d9f992,2026-09-28T08:45:35Z,2026-09-28-36399217978
2026-08-31,9f7ca198ef9966c15d5b3b9d753516f6a419a3ee5567c7223e2417323075ceb2,2026-09-28T08:45:35Z,2026-09-28-36399217978
2026-08-31,9f814c9630dfbb0e83dbfa073924b41c3d3178f7cd75c313cd7cc6d5d70c81c0,2026-09-28T08:45:35Z,2026-09-28-36399217978
2026-08-31,9fc7243be960100d2117b0d60426716b2cf6c14b3f1c835cad39434b718c3d64,2026-09-28T08:45:35Z,2026-09-28-36399217978
2026-08-31,9fdcad3c1e4c1d6e49b7db77eecc123a06c27e184305100406ca7ea5f8eca866,2026-09-28T08:45:35Z,2026-09-28-36399217978
2026-08-31,9ff80e37bc72c624c02a78f6bce26b2eb25bb97926b25d8e8279a342fe6a549b,2026-09-28T08:45:35Z,2026-09-28-36399217978
2026-08-31,a068c50324a9ff73a93953fc790075e003ed5bc8ad299ec78b5bf7b03e7a8915,2026-09-28T08:45:35Z,2026-09-28-36399217978
2026-08-31,a08df1555bdc3b1b280ab90b9bfacf02639fe43e0dc1ea4d511e609363e6f4dd,2026-09-28T08:45:35Z,2026-09-28-36399217978
2026-08-31,a0a8c46430c7d771ae7cf84006694855d285504e6c8419d57ac31f00a0fe2773,2026-09-28T08:45:35Z,2026-09-28-36399217978
2026-08-31,a0d4e1a20f4bb63a5a7b156d056dc421473116dc4603fc101bc7597e78df2b94,2026-09-28T08:45:35Z,2026-09-28-36399217978
2026-08-31,a1051ca929c458b47c509dd4a7ba65910e73532a0ab8647d429dccfcd2d9db51,2026-09-28T08:45:35Z,2026-09-28-36399217978
2026-08-31,a1914b3302e589ba5aa7e18e2d604c59cfc1f6a8d8c910dba92522810c2136d4,2026-09-28T08:45:35Z,2026-09-28-36399217978
2026-08-31,a1fd915415c0bf66679848358db1f57c1cd0ecdaf8cc7bfe79914b0588616c41,2026-09-28T08:45:35Z,2026-09-28-36399217978
2026-08-31,a263611ab87ca2f3029566f45a29a51f63f28c5578404b68cd36ff45f2cf30a3,2026-09-28T08:45:35Z,2026-09-28-36399217978
2026-08-31,a2de3aa374cedb130f99b544b9a1c4c7785a50c0698cc75925d4a3386c583603,2026-09-28T08:45:35Z,2026-09-28-36399217978
2026-08-31,a307cf210ff3e5a962b30834810244fa762eecdb55854e1b055279c1c14ddba2,2026-09-28T08:45:35Z,2026-09-28-36399217978
2026-08-31,a32fd83a4a8969a499063cc377a037b09e13a05875064702bc0f87af54a53c0a,2026-09-28T08:45:35Z,2026-09-28-36399217978
2026-08-31,a347b2637a228a7f4ed8f85b793620bcccf509140fc171747b7505d21bf0f788,2026-09-28T08:45:35Z,2026-09-28-36399217978
2026-08-31,a382da8caccfe01ac90ae9a04be4a705efbcd5780e996e61d0495004c5937515,2026-09-28T08:45:35Z,2026-09-28-36399217978
2026-08-31,a390bc178e74afaea667fa9163fa963b95d41076e1ddfae95e3da8d459f8a5eb,2026-09-28T08:45:35Z,2026-09-28-36399217978
2026-08-31,a3c36da1d36558f49b216fbc7abda4ee542bab2d5835d7a34be863efaa8d12cd,2026-09-28T08:45:35Z,2026-09-28-36399217978
2026-08-31,a3d3a941b8ad499bdb9b826ef1b854190467c890c0c4caa6ce947a9c967910ae,2026-09-28T08:45:35Z,2026-09-28-36399217978
2026-08-31,a3f9a58e68bc3a8e97167289321e425c4c86a28bb263698cf7961cfd7ef008b9,2026-09-28T08:45:35Z,2026-09-28-36399217978
2026-08-31,a4219173c184f6151f21b2bb7bea2a176640db10a443773748733a3d19bb9000,2026-09-28T08:45:35Z,2026-09-28-36399217978
2026-08-31,a435e0b72a2740c3e4fef3c2aef1e28f20bb3e9229f3f77015b180c40bf361e7,2026-09-28T08:45:35Z,2026-09-28-36399217978
2026-08-31,a4644e5b4940d6f628e4eda17da13247a26b3e76733100bba190d1a3e80db4a6,2026-09-28T08:45:35Z,2026-09-28-36399217978
2026-08-31,a47424e6c69ec6b460472c6cd3cc6999d89902f34b9f57dbd7e5ea0fa1ec3cde,2026-09-28T08:45:35Z,2026-09-28-36399217978
2026-08-31,a49e5a0c3756e2e3a789df15fbc84e8f6e6d52a1ff6c8a536ded60ff60bd246d,2026-09-28T08:45:35Z,2026-09-28-36399217978
2026-08-31,a4c07b1656bc2bef30b2202903028b271038540ac6edfb7d3c7b12d021ba3f2e,2026-09-28T08:45:35Z,2026-09-28-36399217978
2026-08-31,a4f0bf5996b356e1101001ad33ba42fd147e8732f152b81ca39645839d2f51d4,2026-09-28T08:45:35Z,2026-09-28-36399217978
2026-08-31,a519d76c389eec24c285bcfa77a85f2f8777bf5bec597ee7b674501cc00bf3a7,2026-09-28T08:45:35Z,2026-09-28-36399217978
2026-08-31,a53dae7c6ae7280c3c5577e2f6236360a3d4899175b5e78912020116398c7c3a,2026-09-28T08:45:35Z,2026-09-28-36399217978
2026-08-31,a55edc51f7c49af512cb301cda7ca9a941a3e293b0e7135141a697a302ac16ce,2026-09-28T08:45:35Z,2026-09-28-36399217978
2026-08-31,a59835cba2ae2615c94206ec5511f2b56e589766c43148a4ddf98f1e6eba28d2,2026-09-28T08:45:35Z,2026-09-28-36399217978
2026-08-31,a5a5a898ffc5d3ac50328a5adc5f4b5c49bbe8f3f3eccfde2b8892445741239c,2026-09-28T08:45:35Z,2026-09-28-36399217978
2026-08-31,a5fd48e50d0cfc5127c4b9586a9b5a553c96847faf6b3853d69e28c5a41030a8,2026-09-28T08:45:35Z,2026-09-28-36399217978
2026-08-31,a677557f9c8b2f3af8883689f99aba5eecb86963d81e4adac33172a50b837f04,2026-09-28T08:45:35Z,2026-09-28-36399217978
2026-08-31,a67df7b4a272e80feb5ea8741bf51c08500eb6cf254801d2534db9fb38ffedf0,2026-09-28T08:45:35Z,2026-09-28-36399217978
2026-08-31,a69ce1612777802f8e1033ad4b6e097fd27afc6890f7dbc13713a392edf696f3,2026-09-28T08:45:35Z,2026-09-28-36399217978
2026-08-31,a6cb5b36b4bb954d4ac2fe95c8150c01fbb199bf265f2e78568ad56baa3d7905,2026-09-28T08:45:35Z,2026-09-28-36399217978
2026-08-31,a6d2e23adf40ee241cf2c1d2ddf4e2d2e9a8cdb7f2c44085c6483a99e389019c,2026-09-28T08:45:35Z,2026-09-28-36399217978
2026-08-31,a77fb24e8acd105edd3a33fe91945d97e9dae2cb4d8f06cd76c9121c8e39ed90,2026-09-28T08:45:35Z,2026-09-28-36399217978
2026-08-31,a78632e2c75e05f56a235cab05f42fffea602671a54f367c93b950802752e8e7,2026-09-28T08:45:35Z,2026-09-28-36399217978
2026-08-31,a7d2b82e3ee31212f7f5eca4881104722369b76adc78e591e70ac3a344a876c4,2026-09-28T08:45:35Z,2026-09-28-36399217978
2026-08-31,a7e4d31bd25e5c26224495a9713599e3a1906c39d9bf1f123a81c86840ed21a1,2026-09-28T08:45:35Z,2026-09-28-36399217978
2026-08-31,a7f61a3fbd796d15de703301e18b4fa34bbc44833819dbdce44d2ff167cf28fa,2026-09-28T08:45:35Z,2026-09-28-36399217978
2026-08-31,a8094e7ceea9343f990c4944deb8a9ec9d7ad00aa9cd0855e3c57e3d22011edf,2026-09-28T08:45:35Z,2026-09-28-36399217978
2026-08-31,a865140fd435c4aac59dfccb8f57af77d5be93a16dc4409ef29ab4e975a7ee12,2026-09-28T08:45:35Z,2026-09-28-36399217978
2026-08-31,a8f56ea60796848239d2463e73420aa49d39454543dcb2c756f160848471a250,2026-09-28T08:45:35Z,2026-09-28-36399217978
2026-08-31,a9353166b48d3d78c0d4bd54783f78952be196bcf15c9918e00031b7a31a525d,2026-09-28T08:45:35Z,2026-09-28-36399217978
2026-08-31,a9788e12838af56e6bb89efb135edf34b56e1a063f04e3f28546d53bc8129607,2026-09-28T08:45:35Z,2026-09-28-36399217978
2026-08-31,a97f67c4ed78fbc906dd5d9f114e8320eb83af0556528f1e9ad68bf5edda4ea1,2026-09-28T08:45:35Z,2026-09-28-36399217978
2026-08-31,a9c24eadc05dbae2a3b33e82d9a292d4f8ccce917648db083f256e0435f20988,2026-09-28T08:45:35Z,2026-09-28-36399217978
2026-08-31,a9cc5f1863a52212defea66fe31462e28cd3baf54863e85e9639198a7f4d2032,2026-09-28T08:45:35Z,2026-09-28-36399217978
2026-08-31,aa18a87fd428f3350f6d5bade004b52dd7d81b1e0194f8316436ac9181360836,2026-09-28T08:45:35Z,2026-09-28-36399217978
2026-08-31,aa2570dde2dbe1279f2693801ebee368b1cac2d00f681f79c0dc6fb0c1a42470,2026-09-28T08:45:35Z,2026-09-28-36399217978
2026-08-31,aa3d274dfd4896b3da6376f0dfc16e1c8ae35810270a9241557dfd46515827e2,2026-09-28T08:45:35Z,2026-09-28-36399217978
2026-08-31,aad0b48dfb72cfb1a743ee36b914062de86e92c918205e243bbfcee5a273318d,2026-09-28T08:45:35Z,2026-09-28-36399217978
2026-08-31,aae95ee708e74ff24a7e06f3ba29b7e025d66ffff8638fbfaac2c63b0a2cecd1,2026-09-28T08:45:35Z,2026-09-28-36399217978
2026-08-31,ab4c4ef214ec46ded09dc7811fc35ac133c035b999d1f5a7952295a66b5e19cf,2026-09-28T08:45:35Z,2026-09-28-36399217978
2026-08-31,ab4eb3b321387018f1f49c69641c6fb1c31a1b27e85538d04d95f6aeb66ffe49,2026-09-28T08:45:35Z,2026-09-28-36399217978
2026-08-31,ab730c3de17aac1b885c07d2c75df08fb72d042e8738273d35ebe59772233c80,2026-09-28T08:45:35Z,2026-09-28-36399217978
2026-08-31,aba7309e39b4fc71f29156e399ccfda981298f1df048d0127948ba1b186ae970,2026-09-28T08:45:35Z,2026-09-28-36399217978
2026-08-31,aba9a9285d2eaebf51487c0ba57bff1686db7e3711fb5f0dc139abb204f49237,2026-09-28T08:45:35Z,2026-09-28-36399217978
2026-08-31,ac6553b2e5955a26e69c1d74f85bcdc6714b501dda75f4e63a952bb0d09acdc8,2026-09-28T08:45:35Z,2026-09-28-36399217978
2026-08-31,acbdff13e35fd1ee4b5535e4d4288788556e4359110efe86322562ee5d92a099,2026-09-28T08:45:35Z,2026-09-28-36399217978
2026-08-31,ad40be2560d0252ef51ac9f01216fe58ac6651e28982877f88ac589f486f0341,2026-09-28T08:45:35Z,2026-09-28-36399217978
2026-08-31,ad7fce6d43701c215bba64a5febf65eaa12875040495dabf8e0d370754b5258d,2026-09-28T08:45:35Z,2026-09-28-36399217978
2026-08-31,af021781e2846d6ac353cca0e3813a210eb48e7691166ba64d8020b8879f03f3,2026-09-28T08:45:35Z,2026-09-28-36399217978
2026-08-31,af23d92a345572c250b973af854d2fde49f1a2aba7f1ccdb33a5cda9bce96fbf,2026-09-28T08:45:35Z,2026-09-28-36399217978
2026-08-31,af667ea9a5debbc3d6f0cc2d3e5a26292e1a709cbce9ea2b489c21b994f282a0,2026-09-28T08:45:35Z,2026-09-28-36399217978
2026-08-31,af7f1e84cd8560a6c92d4fec3e94fd4ca688d91f91a4870a43a5aea75d990b51,2026-09-28T08:45:35Z,2026-09-28-36399217978
2026-08-31,afe6a7a1bf68b935245dfaa3b8fefafded381eabf202aa6ac57c0427329022fc,2026-09-28T08:45:35Z,2026-09-28-36399217978
2026-08-31,afea8d89a035d2bc90af9ea32a900a0916140a5829f2ea1d5c269765265c2857,2026-09-28T08:45:35Z,2026-09-28-36399217978
2026-08-31,b06d52efcd37dfb72460552e937264e9fb3e51300af72dbac55669062f661102,2026-09-28T08:45:35Z,2026-09-28-36399217978
2026-08-31,b0a0e07860500afa7f02efd964ba88b44018f012246ae4d04268d6aa63b97af3,2026-09-28T08:45:35Z,2026-09-28-36399217978
2026-08-31,b1028c88ebc5cc1a0b97b3cffba203a53d5c9ae6963e2d14b55a4e35f2d3673b,2026-09-28T08:45:35Z,2026-09-28-36399217978
2026-08-31,b109ba7318575408b5eb4269b7e7357e274f7b4574a1b2b610ce91a428ccdb53,2026-09-28T08:45:35Z,2026-09-28-36399217978
2026-08-31,b167a10ed1671e3d987c04492f7e056df49a4b541d5bfb14e4c0a04eafaa3e6f,2026-09-28T08:45:35Z,2026-09-28-36399217978
2026-08-31,b17d07e4e755a2546940b8dd7407f0bb8441c7a195d915e993cdd6be549c461c,2026-09-28T08:45:35Z,2026-09-28-36399217978
2026-08-31,b19992c037e2c029838cee6d21d481ef675e2cf9f9e2835628a52920cec0696b,2026-09-28T08:45:35Z,2026-09-28-36399217978
2026-08-31,b1cadc2d9357cc7b968493a139ee63489767a07e492ddccc093ad3f3df807a95,2026-09-28T08:45:35Z,2026-09-28-36399217978
2026-08-31,b221e15ffa4920dc966771542a018b043d567edcce145b59c934a178fd08b7f6,2026-09-28T08:45:35Z,2026-09-28-36399217978
2026-08-31,b223f0e22584aeff8b63301dff6557dfa4adf7c654736c669666bfcba56eae1f,2026-09-28T08:45:35Z,2026-09-28-36399217978
2026-08-31,b22882eb0ae312c322717a4fa1cb9030707aa393888280ca4a1727cd1b3d8b3d,2026-09-28T08:45:35Z,2026-09-28-36399217978
2026-08-31,b237ca26aaff49422b909dacd4b1ded0edb807ee20bfb42ef2836a11d48f6b8b,2026-09-28T08:45:35Z,2026-09-28-36399217978
2026-08-31,b31e1b660246fd001adc5d1cbf61ec9eedadf2bfaa3d3719fce0e98821643ac7,2026-09-28T08:45:35Z,2026-09-28-36399217978
2026-08-31,b3806e17e1ee8db4c8f679db3a2e607e92d23c21fc2699185628f553cf90cfc5,2026-09-28T08:45:35Z,2026-09-28-36399217978
2026-08-31,b3b0ed5b92e09327eec5dcbb749ba253d8718066d0faf7d1ec3add89be2c715d,2026-09-28T08:45:35Z,2026-09-28-36399217978
2026-08-31,b434160143868cd6468f429d6b7296e603a7bea07cdd3b0b40484e9de1de222a,2026-09-28T08:45:35Z,2026-09-28-36399217978
2026-08-31,b48293715247391aa99f518a443975c15b437856ac6d88a809d905cea56f1f9c,2026-09-28T08:45:35Z,2026-09-28-36399217978
2026-08-31,b49201d6cac568881de10c0bf89f278aa27f41bcddaf9d600c532f01cc15ade1,2026-09-28T08:45:35Z,2026-09-28-36399217978
2026-08-31,b4fd694e7985ba0347257383e74ff110a86512c9d0c7f85137d0883d757ffe60,2026-09-28T08:45:35Z,2026-09-28-36399217978
2026-08-31,b5106d110d2d1b922b3595e9b73a2a7aa68fa923ca77ca996e57eb214e2f7b50,2026-09-28T08:45:35Z,2026-09-28-36399217978
2026-08-31,b51434d50d4e6598d5102c45d2b69232bb18bb3b7b79e1e479247449336f2ec5,2026-09-28T08:45:35Z,2026-09-28-36399217978
2026-08-31,b51dabd6a3c6bf7a5016c0e4d2147e82e70fbeec6a49d5bba2e8405afbbba4ee,2026-09-28T08:45:35Z,2026-09-28-36399217978
2026-08-31,b5754d4f11858b62ba08abf74e5114fc58f05307232025462b77375d62c52b0f,2026-09-28T08:45:35Z,2026-09-28-36399217978
2026-08-31,b593d19ac741c2973e7b201830270870e3bbb2d4f28e9d7ef1efa705dfeded21,2026-09-28T08:45:35Z,2026-09-28-36399217978
2026-08-31,b5f9484c0b5ac615196c0d4068a3e6515e44a017e6fc6fdd6f666893aab233b3,2026-09-28T08:45:35Z,2026-09-28-36399217978
2026-08-31,b65e2300c7baf6e6fc547a6f98879e536f1da0cf54323188244712366ed7041a,2026-09-28T08:45:35Z,2026-09-28-36399217978
2026-08-31,b70973753127e742095e6136a3b935d0057aaa7dc93dd9ae6097e11fd3af6f0b,2026-09-28T08:45:35Z,2026-09-28-36399217978
2026-08-31,b80d6788a8b4fe660ab01e6785fb262fdf1463bd604d04663e96d387302028b3,2026-09-28T08:45:35Z,2026-09-28-36399217978
2026-08-31,b8713a92f884f8f1336989c45a8df1dd6711f0abe44bbb704691f1a2e5a94fe5,2026-09-28T08:45:35Z,2026-09-28-36399217978
2026-08-31,b8a3683bcf4b167793381e09aefb739221fe2fe4c4dedf71e0371cc7bf010d20,2026-09-28T08:45:35Z,2026-09-28-36399217978
2026-08-31,b8edff5729fe47ac875792acc9e83c996f80b8a007bf107e527d817f17a32c4b,2026-09-28T08:45:35Z,2026-09-28-36399217978
2026-08-31,b9651e4bab798fa142db12feceb927c7ddde3e69d8605f25d2a547ebf2aab4d4,2026-09-28T08:45:35Z,2026-09-28-36399217978
2026-08-31,b97a41beb3430e6868124b083934ef8062d2ab919c9ecea2224e23e79a482964,2026-09-28T08:45:35Z,2026-09-28-36399217978
2026-08-31,b9a5baff647190c3a7faad6f5f0f28dfc4e1ad8d2e45eb5c0d681ae287d0b398,2026-09-28T08:45:35Z,2026-09-28-36399217978
2026-08-31,ba3799b5b0949ae1c0a0feb8e87815733747c35985d778df6568b3253172f0cd,2026-09-28T08:45:35Z,2026-09-28-36399217978
2026-08-31,ba47ec2f66db0d5e78180683cba3c85c20fe91e08d610a4d984023eda49bd9ce,2026-09-28T08:45:35Z,2026-09-28-36399217978
2026-08-31,bab7289025468af1f2dae342423ab621f86024162d6ddb62363070fac3aeaef9,2026-09-28T08:45:35Z,2026-09-28-36399217978
2026-08-31,bacee3d92946cab790cabf499c113df886bb6beb107c3d5d745ecd08d45f756a,2026-09-28T08:45:35Z,2026-09-28-36399217978
2026-08-31,badedecaf6077a505b45760af35fcc0c92d7b9f8932240d284937f3e72afd76b,2026-09-28T08:45:35Z,2026-09-28-36399217978
2026-08-31,bb331aa48b79099372ba3405ef99d64dd67d94ad0c0825fbfcade18a51e0b1aa,2026-09-28T08:45:35Z,2026-09-28-36399217978
2026-08-31,bb331b54f566e32ba209330707285601a1b4ff5eecaa1ca75613c9b92a49d0ef,2026-09-28T08:45:35Z,2026-09-28-36399217978
2026-08-31,bd6886b81c3516132867a3b522a1b1c309fe578892843f28c3f0756e750f57c4,2026-09-28T08:45:35Z,2026-09-28-36399217978
2026-08-31,be54db41ef28a66627a38004677adc0ff2cf2d780cc7dd276343b951ab430636,2026-09-28T08:45:35Z,2026-09-28-36399217978
2026-08-31,be988d2fd9112dbd06107ff5cf5354a14e6ae75e50c5760694e5eb6808458f09,2026-09-28T08:45:35Z,2026-09-28-36399217978
2026-08-31,bea2e46874b8f41aab18a3ac3925a3bf7dfd5b52d4cef6473453f782b7fb9449,2026-09-28T08:45:35Z,2026-09-28-36399217978
2026-08-31,bea2e6696018085ae1afd333e6f82e496767e7b28aebb8d15c3bf54cd2a488dd,2026-09-28T08:45:35Z,2026-09-28-36399217978
2026-08-31,beccefb8c776c208603e2cf12994d17cac37f2b8cc416a9df0250e3ef6d8321a,2026-09-28T08:45:35Z,2026-09-28-36399217978
2026-08-31,bee62a241f5c09de17e44cced5f411099290882cfa58a6805ea606bd228ab694,2026-09-28T08:45:35Z,2026-09-28-36399217978
2026-08-31,bf25304f8f063c7a8ec86b85555112f8d695bddab6eae7d618a72f19a96094c0,2026-09-28T08:45:35Z,2026-09-28-36399217978
2026-08-31,bfa44444e05e927122a214334f92df76b51c955abc5a1522f61ed030744efdbf,2026-09-28T08:45:35Z,2026-09-28-36399217978
2026-08-31,bfd7aaae46ec8bca62151d27413a7e7519736e4dbcadd16ef39add710acc4e52,2026-09-28T08:45:35Z,2026-09-28-36399217978
2026-08-31,c023b54660b4cc021a93dd24c8822d96a236e906090c507da7ab7eeb0f6f975c,2026-09-28T08:45:35Z,2026-09-28-36399217978
2026-08-31,c0a14ad1f5ac621cd89bd399506c97a48ec2f5a02ad04c9add5cbda5d784044c,2026-09-28T08:45:35Z,2026-09-28-36399217978
2026-08-31,c0b3c5dc88fc639da91fc1532036762e5747f152e609188132362d88369e44cb,2026-09-28T08:45:35Z,2026-09-28-36399217978
2026-08-31,c0bbc8ebb05adb7dd09a825a314fc422e1d4984884737cda1acca486b7e32808,2026-09-28T08:45:35Z,2026-09-28-36399217978
2026-08-31,c0c605ecfb5048c6d59e1318453da74586ed0db20ff6db27dccc5fba347487f0,2026-09-28T08:45:35Z,2026-09-28-36399217978
2026-08-31,c0ece55cc75fa6adcd5d75a2b93aad236e4ce9bfcf7c7de6bfcbcf8d854bd2a1,2026-09-28T08:45:35Z,2026-09-28-36399217978
2026-08-31,c1200d55c4d115c86d3a8ff31e42fa6cea12a6291b515fc578886a88420a9c4d,2026-09-28T08:45:35Z,2026-09-28-36399217978
2026-08-31,c14728726d51e3f8d15eedfb2ed86662f9a3d4ba7813d1212542b5ad7b7594bd,2026-09-28T08:45:35Z,2026-09-28-36399217978
2026-08-31,c22628e02ed9c965bae2ffec5e15039e7492b856db5a149f64b047c0039c5e7e,2026-09-28T08:45:35Z,2026-09-28-36399217978
2026-08-31,c26ace611d7e8051716e8d8199364a22048369205e80fca7f2c109d91229878e,2026-09-28T08:45:35Z,2026-09-28-36399217978
2026-08-31,c29097e5ec65b5c7f2a6173f8ad898eae43d7aec279101090a9e171ad1c59381,2026-09-28T08:45:35Z,2026-09-28-36399217978
2026-08-31,c2e37f66a8df6448a30b6c2bbfd66b065bccf14c723148cd574d577c84105308,2026-09-28T08:45:35Z,2026-09-28-36399217978
2026-08-31,c361ea8b9cae5fe1b1ce7b91e9d464e61ae26ff449abc1b14e500a107d40f0e5,2026-09-28T08:45:35Z,2026-09-28-36399217978
2026-08-31,c36c6d1906b8a145804a9de6553e6a12321b6d4375ccb5d2cf12adbbde567b2c,2026-09-28T08:45:35Z,2026-09-28-36399217978
2026-08-31,c3a87683dce703ef34e77f620606dfeb281d3a36469a7bd306d72fb6450ab055,2026-09-28T08:45:35Z,2026-09-28-36399217978
2026-08-31,c43b2ff61c1af099cf3bcbdac15f906a49a833796288042f9982971ff95c4079,2026-09-28T08:45:35Z,2026-09-28-36399217978
2026-08-31,c487204186098e70383171c420d7773a9fd0d5b8018bbb309a8e5c2f33f44658,2026-09-28T08:45:35Z,2026-09-28-36399217978
2026-08-31,c4ca171c5224afc308b1ca91226b8eb378e936c376f4c5e3566c042dace2f9b5,2026-09-28T08:45:35Z,2026-09-28-36399217978
2026-08-31,c4dc2a0007b1c60068cfe761ff6d358995a492bed60b7707376262f8ac5f2302,2026-09-28T08:45:35Z,2026-09-28-36399217978
2026-08-31,c58b52c2fb40a2d623bf4146a8715c9e97efd9d7219161f60ef05fc0466a915b,2026-09-28T08:45:35Z,2026-09-28-36399217978
2026-08-31,c59a2f3449854cda41c64edcf3b44d96998be0748c8164cb30f27f0cbbafec16,2026-09-28T08:45:35Z,2026-09-28-36399217978
2026-08-31,c5aa6da70ee0677b2a006e9fdc53d396b1107f019b9c8a80721ab0cde124a02f,2026-09-28T08:45:35Z,2026-09-28-36399217978
2026-08-31,c5b9182425c850a36f65c9c966a47aabd0013ff5cb11b1f21008be7a8408abd0,2026-09-28T08:45:35Z,2026-09-28-36399217978
2026-08-31,c60a4f23338daa12065057d4fc9fe2fb21848628716f3283c6ae01ddecd1ddd8,2026-09-28T08:45:35Z,2026-09-28-36399217978
2026-08-31,c74b02d5f7448278dfc53216ef11a2fa1c5b28111ed467ca8f8dee5831549e59,2026-09-28T08:45:35Z,2026-09-28-36399217978
2026-08-31,c74d3662ca608000d8ba60abd2943aeec1c8230196466b9a425d4f9e99d1ea60,2026-09-28T08:45:35Z,2026-09-28-36399217978
2026-08-31,c7614b9e4d44c9aa2f6a5e67e9a31a65b00df96fe1cb558fb3c9221213b17d75,2026-09-28T08:45:35Z,2026-09-28-36399217978
2026-08-31,c792f7b37c9eead72800ac869397b04c2c23cc939b19c3c507320cf58efb20e0,2026-09-28T08:45:35Z,2026-09-28-36399217978
2026-08-31,c7ae8bfdf1b9064c059efb0fb6ded6fb573a1d89bb1d7aa5f5583aab954e7ce8,2026-09-28T08:45:35Z,2026-09-28-36399217978
2026-08-31,c7c9457241499d381590658bd4a81ffe853e9f2843e187b9657ed0b81ee7fd4f,2026-09-28T08:45:35Z,2026-09-28-36399217978
2026-08-31,c873c41a0de59a5c47ebee18a3d3d68ed1113654d9af2bb76fec5a89d3749e04,2026-09-28T08:45:35Z,2026-09-28-36399217978
2026-08-31,c955d5b3d42d648a8bc1354cd2247b8607d39f0e6e84daf224d690a4676b8e86,2026-09-28T08:45:35Z,2026-09-28-36399217978
2026-08-31,c9c926397dbc529c8c14e5fdf017942e76a1cbf5e41dc92a93d09bbde692dc5f,2026-09-28T08:45:35Z,2026-09-28-36399217978
2026-08-31,c9f6db2144c8329f0ceabbecce5733eaf58af3fad698a32571248edab9783853,2026-09-28T08:45:35Z,2026-09-28-36399217978
2026-08-31,c9ff00666775976582c8cd9cb88ab67a07e4559defde51986da5438128ebf5fb,2026-09-28T08:45:35Z,2026-09-28-36399217978
2026-08-31,cad9303d5d600d4525fa3f32509d00b170792c550cf2d775cace1ca999f390e9,2026-09-28T08:45:35Z,2026-09-28-36399217978
2026-08-31,cba5e7a907b711afdbb6b194201cc6928414d3d707128a229e854be4f9b2ed25,2026-09-28T08:45:35Z,2026-09-28-36399217978
2026-08-31,cbb6ae9eac1232991a097734b530d4352154b9790ab50c84cdd028dbc1947270,2026-09-28T08:45:35Z,2026-09-28-36399217978
2026-08-31,cc0ed7834c5e74d740620767b8ae5194261f87c0fd59268ea70ad36f605f7c99,2026-09-28T08:45:35Z,2026-09-28-36399217978
2026-08-31,cc507a0184bb1c9fc3f457731c17d3b16e4e521021e254a1d4ad24526ffa9331,2026-09-28T08:45:35Z,2026-09-28-36399217978
2026-08-31,cc660dd7485fa1adb0c3471963edbf613aee6a87baeac01e6d07d84edf589f5a,2026-09-28T08:45:35Z,2026-09-28-36399217978
2026-08-31,ccfe44fff9acf976ede03f5ff3fc50590850a8e9035367be05f66113c50f03f4,2026-09-28T08:45:35Z,2026-09-28-36399217978
2026-08-31,cd2793bdf3ef4a897419acba3e42801abacc5fa536e8575d7b5aa9381283ae3c,2026-09-28T08:45:35Z,2026-09-28-36399217978
2026-08-31,cd518282b5565b7acb5363da7bd2aa0a32b200c6e4c1f24359dbe7b0faff7813,2026-09-28T08:45:35Z,2026-09-28-36399217978
2026-08-31,cd65f6d55cb90825df82472f3cde9c2b239184171663f05417d728b617d50174,2026-09-28T08:45:35Z,2026-09-28-36399217978
2026-08-31,cd8851386e867b43082cd560d957e711844d26865f3c808b6f0317cd33b2e91a,2026-09-28T08:45:35Z,2026-09-28-36399217978
2026-08-31,cdb8eee2df3a0cc5b5eb8edf435d4b7291b61eb7d14b447513fcf714ea21e5f7,2026-09-28T08:45:35Z,2026-09-28-36399217978
2026-08-31,cdd2fd5dddff23e1dec0dee6c7c34174ec49aceacc9d0d19fdb419d496cbf968,2026-09-28T08:45:35Z,2026-09-28-36399217978
2026-08-31,ce01ec6ea308ea45c2bc2b8414e095bba93d544ffa22a98c7920ce6921cf9d7a,2026-09-28T08:45:35Z,2026-09-28-36399217978
2026-08-31,ce0b99e952b6b43ead21253613268d6278fee0b890adb0999f74ea0385cad91e,2026-09-28T08:45:35Z,2026-09-28-36399217978
2026-08-31,ce46cdf57a401ce5aa1d85714e64a9f22a9f4db1e240450e308f48e58c688d2f,2026-09-28T08:45:35Z,2026-09-28-36399217978
2026-08-31,ce5ae399572ba49844f5d1d7161f7dd922a904c5edbd003a81a225148ddc956b,2026-09-28T08:45:35Z,2026-09-28-36399217978
2026-08-31,cf43f14fc689f5c00592bc6b1fd59caf39107de315d2b8abd04e43d8f75a399b,2026-09-28T08:45:35Z,2026-09-28-36399217978
2026-08-31,cf56003f6461426b7b9e86df87a89343ce8da78791232da79279e3e7e00304a1,2026-09-28T08:45:35Z,2026-09-28-36399217978
2026-08-31,cf7cc070a8f3299c62597616c82ea1110189fd99d0b77bf66912bcb06f7cd8e2,2026-09-28T08:45:35Z,2026-09-28-36399217978
2026-08-31,cf8d9ab7904b9c09f7ed3c9f8e6acfa832bb5a968cdfebd7777f6cb451b37c60,2026-09-28T08:45:35Z,2026-09-28-36399217978
2026-08-31,cf94ec67875f409f178ba14c4d18d4ba8de64d27f03c9b3e8064c4a0b7ed88fa,2026-09-28T08:45:35Z,2026-09-28-36399217978
2026-08-31,cfb6d4a5df1456f70e3982bbd89c73607b2f8ba674991399821a7bbca24ce63a,2026-09-28T08:45:35Z,2026-09-28-36399217978
2026-08-31,d00ac94833a3f867993f85f44d4da2aa178a144091ba3d8a0f36f085edee121f,2026-09-28T08:45:35Z,2026-09-28-36399217978
2026-08-31,d025cf4de422e1723fa7a6840d8deb6c6a3acb81a59a585c2356f7a0d4462d9c,2026-09-28T08:45:35Z,2026-09-28-36399217978
2026-08-31,d02c73682780739c9fb54cc6134a246fe8c761deb3058f6849d39449a7cbc101,2026-09-28T08:45:35Z,2026-09-28-36399217978
2026-08-31,d0370e19369f9cf3f5247c19c65692a0a36e355aff7e91378db835e8fa240724,2026-09-28T08:45:35Z,2026-09-28-36399217978
2026-08-31,d15da2bbc0c2900d4f7a21bedb54e035e44038e8ba888fa3f800cfd6943e12d4,2026-09-28T08:45:35Z,2026-09-28-36399217978
2026-08-31,d184d4ca24895b992b86e915d59aab8fa32e0f43013585e7b542aba957570d22,2026-09-28T08:45:35Z,2026-09-28-36399217978
2026-08-31,d20bed118d996143e434e099658ad5071b37bf6fb9adcb67fae3390ac7c6fce5,2026-09-28T08:45:35Z,2026-09-28-36399217978
2026-08-31,d24f1d1f75347dbe012c3c869b0100b88744e6d9a0966550496205dd5c56d8ba,2026-09-28T08:45:35Z,2026-09-28-36399217978
2026-08-31,d25610ce09e0b99dafd608ae00dec6d6ccb378f8534bcf8ceac6be6f3f641381,2026-09-28T08:45:35Z,2026-09-28-36399217978
2026-08-31,d2f5c0e653161de2dec38465f4e7bc35ad810f1d9aae29e7a692c0e9c44f6b57,2026-09-28T08:45:35Z,2026-09-28-36399217978
2026-08-31,d3262727696ad23d9589eaba7bdf9bcd5b4bd304c743340bcdb6a5e8a562b33e,2026-09-28T08:45:35Z,2026-09-28-36399217978
2026-08-31,d35fd4663b1a0690ce199f485a6beb1bc014f1583824d8f0a08c12c11541733f,2026-09-28T08:45:35Z,2026-09-28-36399217978
2026-08-31,d3bf7375913e38fe527de38cdd557561419f658aee0a60a2d8028e057908ffc8,2026-09-28T08:45:35Z,2026-09-28-36399217978
2026-08-31,d3d139bf28356aca8392d6a4eb03c93d20fdd4b49fd545efa785fc483a1fff27,2026-09-28T08:45:35Z,2026-09-28-36399217978
2026-08-31,d3ea5e0f1773c457b0590c5f69cf7e55228e410af148e5e8a44bf1e3c654cc54,2026-09-28T08:45:35Z,2026-09-28-36399217978
2026-08-31,d42c8451a555bc8d34a0b2e92d7ade8c985237908434ac461c70a1f59e48a1ea,2026-09-28T08:45:35Z,2026-09-28-36399217978
2026-08-31,d4639379dffa016289fb003f71a27e075e65c491f853cca7d065f8300c8d70cd,2026-09-28T08:45:35Z,2026-09-28-36399217978
2026-08-31,d470ac031207b5cafef9a4067aea46da01b0aa6b0f3f137d670ec5a9983935ed,2026-09-28T08:45:35Z,2026-09-28-36399217978
2026-08-31,d4ac7218a3525876bdc8572ac357a262f891e54184ff4502ddba2e5377cb86f8,2026-09-28T08:45:35Z,2026-09-28-36399217978
2026-08-31,d505f1884e7ced5eeda900c91f2cffef57743d41b01a30f0934ec1ec3e0519ea,2026-09-28T08:45:35Z,2026-09-28-36399217978
2026-08-31,d5682545285aa56b891136c31fd93a1d65d441c2b6f81eec4994107bff715b5f,2026-09-28T08:45:35Z,2026-09-28-36399217978
2026-08-31,d61d9ec5bf6367cf733bf08a5060428a5ede43a1c3ca6ffa3ad876f65e50194d,2026-09-28T08:45:35Z,2026-09-28-36399217978
2026-08-31,d63f94b6fc74d254a0c191bce02377a6f7f6e13496a2500f86a4eb8a19da5793,2026-09-28T08:45:35Z,2026-09-28-36399217978
2026-08-31,d65bba6776a6aad18d4bee15e345c97956de0fdf4933e281e482b0ee20d59afc,2026-09-28T08:45:35Z,2026-09-28-36399217978
2026-08-31,d6b86385700693f49ad545309f789336911637b62938fb78b703e6e502e3275d,2026-09-28T08:45:35Z,2026-09-28-36399217978
2026-08-31,d6c01d11127c034960fad07beeb8f0d9fde3ba1580940d4ece7c91826dd36950,2026-09-28T08:45:35Z,2026-09-28-36399217978
2026-08-31,d730681797083d524dc37512dece0a70876e76801ca439de46a5079c5c2094a3,2026-09-28T08:45:35Z,2026-09-28-36399217978
2026-08-31,d7a13320200658031acbb1174902264a285e9fcf8d0dccecc772d1c57f6fd2f0,2026-09-28T08:45:35Z,2026-09-28-36399217978
2026-08-31,d7e451f2974c05916c0656b2ec6f2beef93b1b6cff55115e968ac000fd7f4849,2026-09-28T08:45:35Z,2026-09-28-36399217978
2026-08-31,d87fca1bded18b6ab14cbceb0bf90a2bc187bc8d00a16c46faf706aba4b79d81,2026-09-28T08:45:35Z,2026-09-28-36399217978
2026-08-31,d927ae47f5a18d37703aea9e27a9bc38f52b4ee20417670a3569a6f6c7946dcd,2026-09-28T08:45:35Z,2026-09-28-36399217978
2026-08-31,d93acdad5ee10d5b864ac56f441ad88c8275f8754b28cee31a1ca426c31f0223,2026-09-28T08:45:35Z,2026-09-28-36399217978
2026-08-31,d9f6557a8a68fca6a5018083c5a41471d226be228e4fa63100f106b9c1876814,2026-09-28T08:45:35Z,2026-09-28-36399217978
2026-08-31,d9f759ff4cb6eacf282451fc30a985a22ccdf5922777a13646ebe11a9ec2c628,2026-09-28T08:45:35Z,2026-09-28-36399217978
2026-08-31,da20a972ec93d55a655d4f751ef1e29c2dec6b950a39ba859e4cfeb506ebb4fa,2026-09-28T08:45:35Z,2026-09-28-36399217978
2026-08-31,da62fd68717dd83fbb6c5476da1794655b83d379da52f9944983d6b8b87a88fd,2026-09-28T08:45:35Z,2026-09-28-36399217978
2026-08-31,dafdb2fa41e0d8dcb53ee82e046e4fe02698522753af233a7dbce6cd699a9df4,2026-09-28T08:45:35Z,2026-09-28-36399217978
2026-08-31,db02e336d658f9373f596780127df2ef30fa90aa792c92a4baf2537695993829,2026-09-28T08:45:35Z,2026-09-28-36399217978
2026-08-31,dbbae8b5d811b144061b6171e3ad8b6b707137a76919ea78df79f76d3e2d8393,2026-09-28T08:45:35Z,2026-09-28-36399217978
2026-08-31,dcbd7d9810524640117fcad0520b0ad23ca20e67205f11cec39fe60ebc6ae59e,2026-09-28T08:45:35Z,2026-09-28-36399217978
2026-08-31,dd6219e197cb19952d6d513de09a204b620eff4efec66ba552731672821d93c9,2026-09-28T08:45:35Z,2026-09-28-36399217978
2026-08-31,dd88812d4e7aa8026448034ef1ea24810888832574fd170a6e93eb07883e6979,2026-09-28T08:45:35Z,2026-09-28-36399217978
2026-08-31,ddc3a02fec9acb8d7b38e43edff3eaf8d441f5102a54d65394e859e12fae84a2,2026-09-28T08:45:35Z,2026-09-28-36399217978
2026-08-31,de1312e5444e6eba1efdcc32bc9bcdf1a85ef77ff700a4913e37e121fda5acb4,2026-09-28T08:45:35Z,2026-09-28-36399217978
2026-08-31,df9ba50a49ab3587ae6386273f073d791f3e59ab3870d722e69f1f3f5679d0a9,2026-09-28T08:45:35Z,2026-09-28-36399217978
2026-08-31,dfc2ec2e8cfbff1f58d503e606d4a0d9fe86d3e5a240b450492ccb0b21a98e8a,2026-09-28T08:45:35Z,2026-09-28-36399217978
2026-08-31,dfdef68fc66116e7ebd2d4fc6326960fd07279b552cb61aca7e66a3258b1dbcd,2026-09-28T08:45:35Z,2026-09-28-36399217978
2026-08-31,e0098d7eb008e3f86386b6b7954a930a4c4021ddae77234e22b98e5ff8c975cf,2026-09-28T08:45:35Z,2026-09-28-36399217978
2026-08-31,e02dfd6d930e4a75988b213a0c1106a6bc4f2b71d8e42618fc0dcf190145bbda,2026-09-28T08:45:35Z,2026-09-28-36399217978
2026-08-31,e0802a4dad6bb5899d01b6bdc9cebd5fb2866a46b630399e894ce61827d90ffa,2026-09-28T08:45:35Z,2026-09-28-36399217978
2026-08-31,e0a0edae8d302b8baf0dec5e67bf1d33cfad09702b22fb7605314e2e7815baf1,2026-09-28T08:45:35Z,2026-09-28-36399217978
2026-08-31,e1555ac68ce96d9d12e42f3eeedd63e726d976e466149d1b5b7a0e27fdfe72bf,2026-09-28T08:45:35Z,2026-09-28-36399217978
2026-08-31,e191c970a685540648f093410e56de479cb74d9f2380fbdd26f1ac8435d96683,2026-09-28T08:45:35Z,2026-09-28-36399217978
2026-08-31,e1b49d7a455cbd420da9cfae447d9e163e945a01c10b9ab64786b2007c762dbc,2026-09-28T08:45:35Z,2026-09-28-36399217978
2026-08-31,e1d30dcc9f45f004dfddd5e7f8e632e2624356a38d25ef20d5b9d7d30f4f6a59,2026-09-28T08:45:35Z,2026-09-28-36399217978
2026-08-31,e1ff26a6149ec36954f006edca2fbe705f69df05511993c1eaf09fff5954e7f3,2026-09-28T08:45:35Z,2026-09-28-36399217978
2026-08-31,e26f37e329a645621eb8e38213e40c7cb5c97dcbd1470acc09a94e9393c54e11,2026-09-28T08:45:35Z,2026-09-28-36399217978
2026-08-31,e295fdc0882910747f1bee0d697d551d72fe7bab811b9fb055f92449ecabc985,2026-09-28T08:45:35Z,2026-09-28-36399217978
2026-08-31,e2ab777155a03feacc2e9bfed2484be18aa771025024463909f714cda98ee1ef,2026-09-28T08:45:35Z,2026-09-28-36399217978
2026-08-31,e2c8ce85f5d1e88d77560cb54b62075af0adda59c48bd538ae246e13d22dbca7,2026-09-28T08:45:35Z,2026-09-28-36399217978
2026-08-31,e30304a3ebd2e9aedf5ed601461b2e0a8fb0411b818d688146f974c04a88903a,2026-09-28T08:45:35Z,2026-09-28-36399217978
2026-08-31,e30569d15dca9b567449e11c2e99491cbc1e08a2944d7a772d41b1f5d5e95c92,2026-09-28T08:45:35Z,2026-09-28-36399217978
2026-08-31,e4039193051da99b539812dae0bcda536e011eb5286f5a948a41ff346744d5ba,2026-09-28T08:45:35Z,2026-09-28-36399217978
2026-08-31,e418da2d2cddbc5eee335ccde36f996a4501398acb04ea411454ac667ec1bc4a,2026-09-28T08:45:35Z,2026-09-28-36399217978
2026-08-31,e435fe08545519456b19f433392b0e2926389a3dc035d812968e9d718026c16f,2026-09-28T08:45:35Z,2026-09-28-36399217978
2026-08-31,e47c1e789b91b5e3ebf466aadfe6c20c9d153b87bd2438e6799b2a8156436abe,2026-09-28T08:45:35Z,2026-09-28-36399217978
2026-08-31,e4886c657fa46b44963aa7d6efd14897bc05169214fcb7cb010b4118e0875ba5,2026-09-28T08:45:35Z,2026-09-28-36399217978
2026-08-31,e48dab597ed5ca396446bf0a19fac7ddf8f46685b0ef75b0be7bc526732eb632,2026-09-28T08:45:35Z,2026-09-28-36399217978
2026-08-31,e4b1f2e61cd50eece2c1573a83c78661c41b4be8cc0f92ac809aa2363ff9b271,2026-09-28T08:45:35Z,2026-09-28-36399217978
2026-08-31,e4cf69c96352155aee85615d27cba12927d876110bdceee35b9b276e2ea9c615,2026-09-28T08:45:35Z,2026-09-28-36399217978
2026-08-31,e4e847da9c9ca026c5a5b2a13e722be79fc98229a1559c8e08a0b3541b15995a,2026-09-28T08:45:35Z,2026-09-28-36399217978
2026-08-31,e4f279ff1adfb482c1f67472d9ab3dd23be22431a99616c4ae0a6704c4468ae4,2026-09-28T08:45:35Z,2026-09-28-36399217978
2026-08-31,e4faa898ac94a3c4cfc2b2e546a5e9f7a444e9685678699a8a37d6ba8e6a1296,2026-09-28T08:45:35Z,2026-09-28-36399217978
2026-08-31,e5482a5e388330498675dce36ea7208ad41d96d1c67263275528427b8fabb4de,2026-09-28T08:45:35Z,2026-09-28-36399217978
2026-08-31,e5a95ebeb972893914fa78e445f28bbf03a8fcdb52612b347a46cac105e60be0,2026-09-28T08:45:35Z,2026-09-28-36399217978
2026-08-31,e5b482509c3081e78a0d09879eeaeff695a70a519a2d2e399c33d14eeed35235,2026-09-28T08:45:35Z,2026-09-28-36399217978
2026-08-31,e5dc4d9d3a3d8646b1c9f3459fa30621ba2291a80e472d5a3577958a85639a2d,2026-09-28T08:45:35Z,2026-09-28-36399217978
2026-08-31,e5f390b8b1ecc1860f1995a3dac8302c88c3d0066b8c970d94f56c844a70c463,2026-09-28T08:45:35Z,2026-09-28-36399217978
2026-08-31,e64e6fb0475cb012c03899a69cf718197d2fabf1d3dc5ab54c0abbf815a51e53,2026-09-28T08:45:35Z,2026-09-28-36399217978
2026-08-31,e655015be0680c24b2eb82cb786d2de4d4f16d3aba0a20cd8e1740cbbcb6d24d,2026-09-28T08:45:35Z,2026-09-28-36399217978
2026-08-31,e65a328e2f4b4e194062c8ba45a08b22891dec6953734aaa6c3bf53586746946,2026-09-28T08:45:35Z,2026-09-28-36399217978
2026-08-31,e690f42c951ca92e0c83db1f6f5003866037985d6b0aee09599b56d02ff49163,2026-09-28T08:45:35Z,2026-09-28-36399217978
2026-08-31,e6d35b6c05cb61670da64a976ce5af5d26f06e7afa85a92477bcae69c7c54684,2026-09-28T08:45:35Z,2026-09-28-36399217978
2026-08-31,e70bc44ddd933a49e5cf0e454825507a9f7dc193dd421d752dabd2400cba3a3c,2026-09-28T08:45:35Z,2026-09-28-36399217978
2026-08-31,e715fd4ccbc5b612814ab4d2e1c0ddc181c12ae08f7fb4d08d0f185d178d4876,2026-09-28T08:45:35Z,2026-09-28-36399217978
2026-08-31,e796d506660005f3c0fa2a8fc161047a64bead252f75043fccecb8e66b7bfb6b,2026-09-28T08:45:35Z,2026-09-28-36399217978
2026-08-31,e796fa3c26c01f84e60f29b1cdcd1d6b490a6f8d811fa85859b65b50a17ed105,2026-09-28T08:45:35Z,2026-09-28-36399217978
2026-08-31,e7af0a17abe1f75f4e893793a983c8968de1ddb210b030b84b91115c9a46724a,2026-09-28T08:45:35Z,2026-09-28-36399217978
2026-08-31,e851afb3fa0a0260755589a27a3153c45716191c0ca811f012e9b882c25a2e1d,2026-09-28T08:45:35Z,2026-09-28-36399217978
2026-08-31,e861deb05605232b2d13686ef9b820224b852943fe1a7d690248e3d833852c1f,2026-09-28T08:45:35Z,2026-09-28-36399217978
2026-08-31,e87ed5fdcfd951630aaa44df8faa31d6d765a755bce056a752ed3a0eb07841ae,2026-09-28T08:45:35Z,2026-09-28-36399217978
2026-08-31,e93ed4e251174ed1c805419d5c27a0870d76330e381433881a8ab7e7bb97edf2,2026-09-28T08:45:35Z,2026-09-28-36399217978
2026-08-31,e93fbcb9e4c1a88042a97e539e162b864a0b44db78f9d4b83415e08e6963d289,2026-09-28T08:45:35Z,2026-09-28-36399217978
2026-08-31,e94dbd9b43f70e8ec51c4a7346f802a76ab077d44d86c67d81872646990c8431,2026-09-28T08:45:35Z,2026-09-28-36399217978
2026-08-31,e9594ba50e40851866c32b8ac4f01b3f53fd48d7f46ccb68fd0eca7ec506e58a,2026-09-28T08:45:35Z,2026-09-28-36399217978
2026-08-31,e982621f3808e589e6ed751b9f4aa42448a9dda03ed5ffa3bb95c7b13b26d41b,2026-09-28T08:45:35Z,2026-09-28-36399217978
2026-08-31,e9a79e4d854cec4fe63f1f926b0dde3d1788e2cf9bc764b24b21e10ff331aabc,2026-09-28T08:45:35Z,2026-09-28-36399217978
2026-08-31,e9cf122299f88652be4d112dcb0f6e52dacd25959726849cedd5b61634e2e58b,2026-09-28T08:45:35Z,2026-09-28-36399217978
2026-08-31,e9f76a97a875b1e2f7633300ab623a2a4d02937093353f7fb13b3ea1dda90846,2026-09-28T08:45:35Z,2026-09-28-36399217978
2026-08-31,eac6ea395d18d8ff4ef2451cf38a30a8ca6bc00fea53edc14f3a4626fdf7a7ae,2026-09-28T08:45:35Z,2026-09-28-36399217978
2026-08-31,ead8ffa76087bcdbcb3ef7f4ed378d5f2f6901efb08b23ef2ae1c61ecf0d9e73,2026-09-28T08:45:35Z,2026-09-28-36399217978
2026-08-31,eaeed4ab5b2c54ca05d9342c5094123645aa2031286a261466ad6ebc3bf99e62,2026-09-28T08:45:35Z,2026-09-28-36399217978
2026-08-31,eb0a41c8861242ed5863746631d455016ad34cd02bd0164b3fea9aacf983034c,2026-09-28T08:45:35Z,2026-09-28-36399217978
2026-08-31,ebd665302d13bf5c589f373e1bdc7324b949abacd61dc8d69c210a13d4c15c14,2026-09-28T08:45:35Z,2026-09-28-36399217978
2026-08-31,ec02b8aec396e8bd9c5bec3755a6dde00a3ed04242dfa8081c43fe138e9188dc,2026-09-28T08:45:35Z,2026-09-28-36399217978
2026-08-31,ec8bfd65e291ca99c5d672acdc16062ac1069c6711a36fd9db1ba2a8ad186d22,2026-09-28T08:45:35Z,2026-09-28-36399217978
2026-08-31,ec9166b3662ea99b48c9e01dd4048eaa9893f76e222e4fc08e824c140d1ff21d,2026-09-28T08:45:35Z,2026-09-28-36399217978
2026-08-31,ecb778278a781932df374ed358ad2d5c28d08f7e783875803975be6c57701606,2026-09-28T08:45:35Z,2026-09-28-36399217978
2026-08-31,ecbe218b01f6c3e2fb012757bc4b43aac16124b06d33f885ca5f7747316b95ec,2026-09-28T08:45:35Z,2026-09-28-36399217978
2026-08-31,eccc0953f7d1dc74c82950415062c902395a3d3cc1b594c3774a0f699f2bfadb,2026-09-28T08:45:35Z,2026-09-28-36399217978
2026-08-31,ecd7773e559d4ad41a8aa71c491f39c487f8a8c334941283d60fa9f0fa1a7b47,2026-09-28T08:45:35Z,2026-09-28-36399217978
2026-08-31,ecedc7fab76d34a8c1050399d1017acb4b889fa0ade74f400ab94bfd50ce0bf1,2026-09-28T08:45:35Z,2026-09-28-36399217978
2026-08-31,ed724713f029b031be5ca9468cc635c6040b94ea1a8a57f2a58c61a34f051257,2026-09-28T08:45:35Z,2026-09-28-36399217978
2026-08-31,edb19717b820fa82bcd2a61902ef9d5609749cf888da72b8706f9c8d41b3ddeb,2026-09-28T08:45:35Z,2026-09-28-36399217978
2026-08-31,ee16d1b82be54ba1acb23ae3279af8a75f7776abee2de5014bd66db951166450,2026-09-28T08:45:35Z,2026-09-28-36399217978
2026-08-31,eeb0e8c7bed28d22291de8d56a13204544b9936bfb99d55670c192d56cd02682,2026-09-28T08:45:35Z,2026-09-28-36399217978
2026-08-31,eed9db705705756d1fcd386a3cfc378b19bc0553f8d6f1b1a3847fa8b70bf862,2026-09-28T08:45:35Z,2026-09-28-36399217978
2026-08-31,eefe6efed39fc29afe178d4c06b9a3b7456a146eb732ac699f5add10a0a4a319,2026-09-28T08:45:35Z,2026-09-28-36399217978
2026-08-31,ef439854daa7db356590f2a78d60fd86f734c272d32e874aebd701025a59c0d3,2026-09-28T08:45:35Z,2026-09-28-36399217978
2026-08-31,ef5dba39404d1789563dbddde9f1ffa9f26bd39a6776823656fde5925094c5fb,2026-09-28T08:45:35Z,2026-09-28-36399217978
2026-08-31,ef84f9d898e695e8c7b3a7a9619fb608944a7e0addeabaa48dfaa1be59135485,2026-09-28T08:45:35Z,2026-09-28-36399217978
2026-08-31,ef9e5ccbb6a3be3980d2f71dd0da178fb2aaf4bbc15d266451d685a3e728de89,2026-09-28T08:45:35Z,2026-09-28-36399217978
2026-08-31,effc7c6ada4b321b7e1ab9fc50dd8ee5486efa9ff7cedd4076a9ffcaf3d72ab1,2026-09-28T08:45:35Z,2026-09-28-36399217978
2026-08-31,f052700116e1412a088d13f506389dc4dab93759b1a9e954078506c7ebe80e1e,2026-09-28T08:45:35Z,2026-09-28-36399217978
2026-08-31,f06e98366828200a8421202e609360030121d901690c57e0599b35eb52ceb8eb,2026-09-28T08:45:35Z,2026-09-28-36399217978
2026-08-31,f2393e6b83ec74261b057689adbb8b66da67080ad8ed1bc87f0e3a7fb865d868,2026-09-28T08:45:35Z,2026-09-28-36399217978
2026-08-31,f2ddc27d7218d7124d62e2e9800a95c6ee53ccd4803663421694ee90b664cc39,2026-09-28T08:45:35Z,2026-09-28-36399217978
2026-08-31,f2f8ec5f285680b0313ca597c7e2852522dfc0a6f06cc55f1eb7427ef482683d,2026-09-28T08:45:35Z,2026-09-28-36399217978
2026-08-31,f33283f1c0a5dcd46acbbb4aa4bc00b3f7b82f9a152631e5b2689fd86a2048f0,2026-09-28T08:45:35Z,2026-09-28-36399217978
2026-08-31,f3623ddbbab104f5e75ea56b09dc29af238f0130f8aa90129eb550ff6533e4bf,2026-09-28T08:45:35Z,2026-09-28-36399217978
2026-08-31,f38aa66317005d417f0bd10eaa4d53cc2324e90ad09f60f85a2a2b71fa173ae4,2026-09-28T08:45:35Z,2026-09-28-36399217978
2026-08-31,f40f9c9c279ea531fcffc7fd93d8bab8c6e6f861242d4f69bba14657cc70d691,2026-09-28T08:45:35Z,2026-09-28-36399217978
2026-08-31,f477e94363b9dbd247e18a1f50e302199c264744eaea5598c504db74d71923e0,2026-09-28T08:45:35Z,2026-09-28-36399217978
2026-08-31,f49d5cf9d5f0360ba732ad4d59572b2bea36843fb84def9c7df90614d9b0d37b,2026-09-28T08:45:35Z,2026-09-28-36399217978
2026-08-31,f4eba28c4277f53ddb31b326aae285bda0af7227ec53b5e94787677f1d109a8c,2026-09-28T08:45:35Z,2026-09-28-36399217978
2026-08-31,f51f35315daa307712e663a6af93c4db57f1105ecfda05a7f35269987ddcd37b,2026-09-28T08:45:35Z,2026-09-28-36399217978
2026-08-31,f5289cbeb207a36f135c22ba6c9bc53016adcce89ee9fee9d5411ec97098516f,2026-09-28T08:45:35Z,2026-09-28-36399217978
2026-08-31,f54261904d1f2a1b4dd20347d611420ce4b95c1e2d104249b2cbfa83449a5b41,2026-09-28T08:45:35Z,2026-09-28-36399217978
2026-08-31,f54e0b65e7bdefe5ebe4a0cc2e42413b674e1bb655384fe120d2469620172fb3,2026-09-28T08:45:35Z,2026-09-28-36399217978
2026-08-31,f5fc167d44380dbc4a19dd00f9c4f288c85f94bf7ad795ff1a4755c1aac444a4,2026-09-28T08:45:35Z,2026-09-28-36399217978
2026-08-31,f60e0a4876d6798770617d81dc257d8d30b263cf914770eeed7366b00a6cc167,2026-09-28T08:45:35Z,2026-09-28-36399217978
2026-08-31,f6375cd8dcac1bbc43a8c83a1f7f7898572a70753d46bf808f5b4e103ab395e9,2026-09-28T08:45:35Z,2026-09-28-36399217978
2026-08-31,f6527f7b742940e69ba74dee1b5becfed615553e24a3015bcfa33352fa0db33d,2026-09-28T08:45:35Z,2026-09-28-36399217978
2026-08-31,f654d7c9a869408f7ee054ada1baf71dd4267aa2932ff9be9ee224dd056cb3ed,2026-09-28T08:45:35Z,2026-09-28-36399217978
2026-08-31,f67f032dc931987d150879fd530430b1990067930d13a2298f11b80fafb4755b,2026-09-28T08:45:35Z,2026-09-28-36399217978
2026-08-31,f6b5845177d497c0cb4cdbcf53d24478f1a5c5b124e291f04921d956de8c3b71,2026-09-28T08:45:35Z,2026-09-28-36399217978
2026-08-31,f83c0f079473cdee25600c13368dcaf752aa6e0562ec2750e1fed3d2bf3795ae,2026-09-28T08:45:35Z,2026-09-28-36399217978
2026-08-31,f8a3a619ceee1a91cd86c5e0f9b20fe3daa5fcd8d65a9e98ec8a0f00348d39ac,2026-09-28T08:45:35Z,2026-09-28-36399217978
2026-08-31,f8d1dbd8ae8073694c7c2a96f75580bbaa037a9e78ccf8fb7dfde71ae15ee892,2026-09-28T08:45:35Z,2026-09-28-36399217978
2026-08-31,f92e9f02a0f7017edcea67645d7fc7470e6ddb83d994817d93ae9f80d0988320,2026-09-28T08:45:35Z,2026-09-28-36399217978
2026-08-31,f96105a86a8be6835a79535a290052cb41ec8b4f89160898809b35433cd7ea8c,2026-09-28T08:45:35Z,2026-09-28-36399217978
2026-08-31,f96e2f0a6d30dbb55ca6289d0186e3ee9023a8a7f0d6d1b967b88d8a06799a4b,2026-09-28T08:45:35Z,2026-09-28-36399217978
2026-08-31,f99376ee854548ce9c3fa1ddc1866e846a88f375bf8da74542e891eeacb88f9f,2026-09-28T08:45:35Z,2026-09-28-36399217978
2026-08-31,f9ae9d7cdbe1bcd37b7b065d9efcd9f7ebb724ef87de339ababe934a03ff572a,2026-09-28T08:45:35Z,2026-09-28-36399217978
2026-08-31,f9b6dc184b462425d816920e394e694ccfc2a4815048da3e3d5b157b093f784f,2026-09-28T08:45:35Z,2026-09-28-36399217978
2026-08-31,f9daa262cdb3cfbe9323b877a5762900e8b5e56d42e442f9dc64f64348fec28e,2026-09-28T08:45:35Z,2026-09-28-36399217978
2026-08-31,fa16430e9627b4565e9e9fad64beebfe6548e089a2c16206cbc20f525db63ad4,2026-09-28T08:45:35Z,2026-09-28-36399217978
2026-08-31,fa220aa61a3ea9b995fb83a32b15875ef2fbf4da81da823bac7828801bde3ccd,2026-09-28T08:45:35Z,2026-09-28-36399217978
2026-08-31,fa6753f59d2d82a9cfaa6849e92b0e93f1a1261da05d2bc3f1ad271c4f84b652,2026-09-28T08:45:35Z,2026-09-28-36399217978
2026-08-31,fb30f9ae07fd18b4f9a2604fec3735cbf8afae17e03cbab394d2e86ad8d4f176,2026-09-28T08:45:35Z,2026-09-28-36399217978
2026-08-31,fc4d224bcee195c701008f8cda189852a4ed5b3b053c8c551d6088268f673f65,2026-09-28T08:45:35Z,2026-09-28-36399217978
2026-08-31,fc5a7d176312ca08c512326bf74cc12d0f5f67816db86f2a613fe6a72cabd1c3,2026-09-28T08:45:35Z,2026-09-28-36399217978
2026-08-31,fc75fa772af93f8887fbc8e292856e1c01c55c68fcdf83a2e0e077f190163171,2026-09-28T08:45:35Z,2026-09-28-36399217978
2026-08-31,fc77a8ccdb2841f237108bcee89f9a896ecf5fc2c6a6fbd2b4c1f745d9b01997,2026-09-28T08:45:35Z,2026-09-28-36399217978
2026-08-31,fcd7f21c84a26f01cfee4928d0e7a4ab5898860877523e0a6f5bf657f4806c57,2026-09-28T08:45:35Z,2026-09-28-36399217978
2026-08-31,fcdaec30ea2a14d81241c59f0badf0434998a154e1d91613f8474384de4f7d40,2026-09-28T08:45:35Z,2026-09-28-36399217978
2026-08-31,fd5810732cc00e13b751146656487fb816ae0beda968152078ecfc672d626188,2026-09-28T08:45:35Z,2026-09-28-36399217978
2026-08-31,fd776f4caf1e5963ca4f385d0638dd4dc906a4a77345e26999476d60ba9892eb,2026-09-28T08:45:35Z,2026-09-28-36399217978
2026-08-31,fd961bd1432bf20b125dbdb4f457d0ec7debfc1f3d5f1550017678ebdd7fda7d,2026-09-28T08:45:35Z,2026-09-28-36399217978
2026-08-31,fdb012f35a3cc3d62988a4865e743e9d9715845d219786e8eb12a7796f4337a9,2026-09-28T08:45:35Z,2026-09-28-36399217978
2026-08-31,fdbc5b31fc5dbf8fa70cea1985278c5fea2f76a10fe3ae13bf1c4a4edb754ead,2026-09-28T08:45:35Z,2026-09-28-36399217978
2026-08-31,fdbd314cd458b0c4ab4cacb84cfe065542971315d12ffa141b21d7918960323c,2026-09-28T08:45:35Z,2026-09-28-36399217978
2026-08-31,fdc20a831cdb8e10e16ae0e0076c9ff0d9ad976927572290b5edfdff952f9877,2026-09-28T08:45:35Z,2026-09-28-36399217978
2026-08-31,fe1dad5a8764ad7d62ad45cc3d99c484982092e865df6114564aebef2ed24074,2026-09-28T08:45:35Z,2026-09-28-36399217978
2026-08-31,febd9652bca9f500285b6fe7dfb0ce8305b87b59d7bbc3d91463ec6a61f18e67,2026-09-28T08:45:35Z,2026-09-28-36399217978
2026-08-31,fec4a89d74172371f2f65e4c856a5a05e9e1c64840486fa41080f8ba8ba6c8b4,2026-09-28T08:45:35Z,2026-09-28-36399217978
2026-08-31,ff7abde4f56d0888a62ad6c6b43716ce218a71232816a551fd91964306c77141,2026-09-28T08:45:35Z,2026-09-28-36399217978
