date,run_id,item_id,vertical,source_id,stage,outcome,code,source_words,summary_words,source_words_before_cap,fetch_ms,extract_ms,summarize_ms,prefill_ms,decode_ms,input_tokens,output_tokens,cached_tokens,model_calls,call_1_kind,call_1_prefill_ms,call_1_decode_ms,call_1_input_tokens,call_1_output_tokens,call_1_cached_tokens
2026-09-01,2026-09-01-33484160918,ai-1721593902,ai,techcrunch-ai,publish,ok,,373,61,373,167,41,89041,36653,52296,1433,192,0,,,,,,,
2026-09-01,2026-09-01-33484160918,ai-8629308223,ai,guardian-ai,publish,ok,,3545,135,3545,1117,55,236511,151773,84632,5512,282,0,,,,,,,
2026-09-01,2026-09-01-33484160918,ai-8407562822,ai,zdnet-ai,publish,ok,,611,58,611,1062,117,91482,25007,66465,1856,240,922,,,,,,,
2026-09-01,2026-09-01-33484160918,energy-5026017112,energy,solar-quarter,publish,ok,,223,67,223,366,79,80597,10511,69937,1306,251,922,,,,,,,
2026-09-01,2026-09-01-33484160918,energy-1260577985,energy,oilprice,publish,ok,,359,77,359,986,44,81210,14401,66801,1452,246,922,,,,,,,
2026-09-01,2026-09-01-33484160918,energy-8402504052,energy,balkangreen,publish,ok,,626,62,626,3286,37,86737,25548,61176,1873,220,940,,,,,,,
2026-09-01,2026-09-01-33484160918,energy-7832773781,energy,cleantechnica,publish,ok,,1033,109,1033,655,25,141494,56948,84451,2272,308,0,,,,,,,
2026-09-01,2026-09-01-33484160918,business-economy-0091278337,business-economy,cna-business,publish,ok,,429,54,429,597,86,67236,16556,50523,1495,181,921,,,,,,,
2026-09-01,2026-09-01-33484160918,business-economy-4364114718,business-economy,nber-new,publish,ok,,178,56,178,880,25,53822,8581,45044,1222,164,922,,,,,,,
2026-09-01,2026-09-01-33484160918,business-economy-7527327438,business-economy,aljazeera-economy,publish,ok,,1288,116,1288,1640,33,116010,41780,74123,2533,270,923,,,,,,,
2026-09-01,2026-09-01-33484160918,business-economy-5516495515,business-economy,bbc-business,extract,failed,no_text,,,,,,,,,,,,,,,,,,
2026-09-01,2026-09-01-33484160918,business-economy-1209396531,business-economy,yahoo-finance,publish,ok,,392,71,392,797,116,87369,16917,70329,1528,252,922,,,,,,,
2026-09-01,2026-09-01-33484160918,world-2602070085,world,independent-world,publish,ok,,463,74,463,456,40,78342,17839,60493,1562,216,922,,,,,,,
2026-09-01,2026-09-01-33484160918,world-6986245711,world,scmp-news,extract,failed,paywalled,,,,,,,,,,,,,,,,,,
2026-09-01,2026-09-01-33484160918,world-4016193351,world,news18-world,fetch,failed,http_client_error,,,,,,,,,,,,,,,,,,
2026-09-01,2026-09-01-33484160918,world-2640766787,world,apnews-world,publish,ok,,994,120,994,192,222,116082,35440,80480,2288,292,923,,,,,,,
2026-09-01,2026-09-01-33484160918,world-1411518999,world,africanews,publish,ok,,297,61,297,1342,31,80362,11984,68369,1370,245,922,,,,,,,
2026-09-01,2026-09-01-33484160918,world-4035710126,world,euronews,publish,ok,,521,70,521,984,60,80166,21458,58697,1684,211,922,,,,,,,
2026-09-01,2026-09-01-33484160918,world-5659090547,world,mongabay,publish,ok,,496,79,496,385,26,78393,21125,57116,1664,207,922,,,,,,,
2026-09-01,2026-09-01-33484160918,world-2713762019,world,lemonde-en,publish,ok,too_short,35,43,35,1459,5,58739,26545,32185,1025,120,0,,,,,,,
2026-09-01,2026-09-01-33484160918,world-8229979727,world,elpais-en,publish,ok,,2173,174,2173,1479,69,212925,99719,113072,3651,391,0,,,,,,,
2026-09-01,2026-09-01-33484160918,india-6584827082,india,the-hindu-national,publish,ok,,354,63,354,1131,37,78403,15488,62908,1467,231,922,,,,,,,
2026-09-01,2026-09-01-33484160918,india-1758264483,india,economic-times,publish,ok,,545,72,545,371,69,87699,22982,64706,1758,235,922,,,,,,,
2026-09-01,2026-09-01-33484160918,india-9832852653,india,free-press-journal,publish,ok,,327,67,327,596,17,67470,11819,55498,1351,204,922,,,,,,,
2026-09-01,2026-09-01-33484160918,india-0822023496,india,livemint-markets,publish,ok,,1068,115,1068,292,34,140052,42680,97212,2549,349,923,,,,,,,
2026-09-01,2026-09-01-33484160918,india-1667384425,india,hindustan-times,publish,ok,,736,123,736,350,55,123877,26790,96983,1935,351,923,,,,,,,
2026-09-01,2026-09-01-33484160918,india-5926074742,india,livemint-companies,extract,failed,paywalled,,,,,,,,,,,,,,,,,,
2026-09-01,2026-09-01-33484160918,india-4122417498,india,livemint,publish,ok,,341,64,341,113,27,80121,14823,65290,1496,243,922,,,,,,,
2026-09-01,2026-09-01-33484160918,india-4740045360,india,dna-india,publish,ok,,414,72,414,2187,71,79958,16954,62995,1558,234,922,,,,,,,
2026-09-01,2026-09-01-33484160918,india-5833008734,india,scroll-in,publish,ok,,420,82,420,491,33,78659,15546,63104,1517,236,922,,,,,,,
2026-09-01,2026-09-01-33484160918,india-9021423507,india,newslaundry,publish,ok,,145,56,145,591,45,52176,6729,45440,1175,170,922,,,,,,,
2026-09-01,2026-09-01-33484160918,india-6794550571,india,et-default,publish,ok,,429,60,429,305,66,94570,18985,75577,1634,278,922,,,,,,,
2026-09-01,2026-09-01-33484160918,ai-6967354511,ai,mit-news-ai,publish,ok,,1028,118,1028,57,54,274194,224137,49974,2197,253,0,,,,,,,
2026-09-01,2026-09-01-33484160918,ai-9406569549,ai,simon-willison,publish,ok,not_prose,447,39,447,199,15,104863,75986,28866,1663,159,922,,,,,,,
2026-09-01,2026-09-01-33484160918,energy-6939409345,energy,electrek,publish,ok,,380,59,380,362,32,187948,150141,37755,1478,207,0,,,,,,,
2026-09-01,2026-09-01-33484160918,energy-7560516621,energy,solar-quarter,publish,ok,,443,53,443,613,97,123867,75286,48569,1658,263,922,,,,,,,
2026-09-01,2026-09-01-33484160918,energy-0668966058,energy,oilprice,publish,ok,,368,69,368,546,54,97331,53608,43670,1443,234,922,,,,,,,
2026-09-01,2026-09-01-33484160918,energy-2147215434,energy,energy-mix,extract,failed,no_text,,,,,,,,,,,,,,,,,,
2026-09-01,2026-09-01-33484160918,energy-4991924341,energy,cleantechnica,publish,ok,,1448,124,1448,500,34,255172,197946,57146,2844,297,923,,,,,,,
2026-09-01,2026-09-01-33484160918,business-economy-8112842401,business-economy,aljazeera-economy,publish,ok,,772,77,772,497,35,148820,107763,40986,1974,223,923,,,,,,,
2026-09-01,2026-09-01-33484160918,business-economy-5442572702,business-economy,nber-new,publish,ok,,180,57,180,589,26,66221,31583,34574,1229,193,922,,,,,,,
2026-09-01,2026-09-01-33484160918,business-economy-4973207051,business-economy,marginal-revolution,publish,ok,,61,44,61,480,13,37039,13366,23623,1051,133,922,,,,,,,
2026-09-01,2026-09-01-33484160918,business-economy-5781151383,business-economy,marginal-revolution,publish,ok,,456,56,456,393,25,95634,64471,31152,1552,171,922,,,,,,,
2026-09-01,2026-09-01-33484160918,business-economy-0313664687,business-economy,yahoo-finance,publish,ok,,411,62,411,421,117,109166,66964,42190,1578,231,922,,,,,,,
2026-09-01,2026-09-01-33484160918,world-2260259753,world,japan-times,publish,ok,,124,62,124,1303,49,57855,21240,36605,1128,207,922,,,,,,,
2026-09-01,2026-09-01-33484160918,world-5470957018,world,guardian-world,publish,ok,,900,128,900,203,42,195052,134403,60548,2234,322,923,,,,,,,
2026-09-01,2026-09-01-33484160918,world-4558283948,world,abc-au-world,publish,ok,,782,132,782,605,75,165600,108064,57466,1979,302,923,,,,,,,
2026-09-01,2026-09-01-33484160918,world-7445935297,world,bbc-world,publish,ok,,364,132,364,765,57,116348,54458,61878,1454,349,922,,,,,,,
2026-09-01,2026-09-01-33484160918,world-4314344915,world,africanews,publish,ok,,150,46,150,716,31,53945,25597,28337,1174,160,922,,,,,,,
2026-09-01,2026-09-01-33484160918,world-5108368128,world,euronews,publish,ok,,1059,130,1059,537,71,213993,151068,62822,2394,314,923,,,,,,,
2026-09-01,2026-09-01-33484160918,world-2089465139,world,thehindu-intl,publish,ok,,114,77,114,238,59,70026,22437,47580,1140,261,922,,,,,,,
2026-09-01,2026-09-01-33484160918,world-2195619828,world,lemonde-en,publish,ok,too_short,35,36,35,895,6,127631,103966,23657,1019,133,0,,,,,,,
2026-09-01,2026-09-01-33484160918,world-2144355515,world,global-voices,publish,ok,,783,127,783,1842,45,177483,120696,56697,2099,305,923,,,,,,,
2026-09-01,2026-09-01-33484160918,india-2307758506,india,thehindu-all,publish,ok,,300,63,300,110,40,94577,51240,43327,1421,227,922,,,,,,,
2026-09-01,2026-09-01-33484160918,india-9096463370,india,toi-india,publish,ok,,173,59,173,442,111,63665,29552,34105,1210,190,922,,,,,,,
2026-09-01,2026-09-01-33484160918,india-9153364187,india,thehindu-business,publish,ok,,91,53,91,231,34,58249,21885,36356,1136,199,922,,,,,,,
2026-09-01,2026-09-01-33484160918,india-2809588450,india,toi-top,publish,ok,,566,61,566,48,70,123984,83738,40234,1737,213,922,,,,,,,
2026-09-01,2026-09-01-33484160918,india-5430855842,india,toi-top,publish,ok,,416,84,416,75,68,108189,60970,47166,1516,249,922,,,,,,,
2026-09-01,2026-09-01-33484160918,india-8897508343,india,deccan-chronicle,publish,ok,,280,71,280,2339,43,117806,68053,49743,1585,264,922,,,,,,,
2026-09-01,2026-09-01-33484160918,india-6563528201,india,livemint-markets,extract,failed,paywalled,,,,,,,,,,,,,,,,,,
2026-09-01,2026-09-01-33484160918,india-6861167316,india,the-federal,publish,ok,,445,65,445,551,82,102248,63909,38327,1547,208,922,,,,,,,
2026-09-01,2026-09-01-33484160918,india-7321978740,india,thehindu-biz,publish,ok,,420,74,420,93,43,134339,78787,55541,1692,295,922,,,,,,,
2026-09-01,2026-09-01-33484160918,india-2311795643,india,the-federal,publish,ok,,1527,140,1527,45,89,308072,234523,73440,3187,375,923,,,,,,,
2026-09-01,2026-09-01-33484160918,ai-8527189458,ai,aws-ml-blog,publish,ok,,2792,154,2792,273,138,522945,461562,61193,4481,324,0,,,,,,,
2026-09-01,2026-09-01-33484160918,ai-9315943568,ai,ars-technica-ai,fetch,failed,http_client_error,,,,,,,,,,,,,,,,,,
2026-09-01,2026-09-01-33484160918,ai-0529193247,ai,simon-willison,publish,ok,,91,53,91,592,7,146668,113425,33202,1124,192,0,,,,,,,
2026-09-01,2026-09-01-33484160918,energy-8887324117,energy,pv-magazine,publish,ok,,1063,114,1063,2018,55,299463,240524,58855,2365,321,0,,,,,,,
2026-09-01,2026-09-01-33484160918,energy-0034996756,energy,pv-magazine,publish,ok,,791,120,791,617,52,195105,125558,69493,2151,386,923,,,,,,,
2026-09-01,2026-09-01-33484160918,energy-6454971692,energy,electrek,publish,ok,,760,115,760,605,35,176553,114953,61533,2049,341,923,,,,,,,
2026-09-01,2026-09-01-33484160918,energy-2046153715,energy,latitude-media,publish,ok,,964,119,964,1785,30,185976,130373,55516,2199,305,923,,,,,,,
2026-09-01,2026-09-01-33484160918,business-economy-7137982303,business-economy,business-today-in,publish,ok,not_prose,57,31,57,268,94,127578,106010,21558,1045,125,0,,,,,,,
2026-09-01,2026-09-01-33484160918,business-economy-7445367714,business-economy,cna-business,publish,ok,,254,70,254,909,97,82737,40370,42358,1317,243,922,,,,,,,
2026-09-01,2026-09-01-33484160918,business-economy-8291357315,business-economy,seekingalpha,fetch,failed,http_client_error,,,,,,,,,,,,,,,,,,
2026-09-01,2026-09-01-33484160918,business-economy-4612831324,business-economy,seekingalpha,fetch,failed,http_client_error,,,,,,,,,,,,,,,,,,
2026-09-01,2026-09-01-33484160918,business-economy-0736842317,business-economy,semafor,publish,ok,,117,53,117,533,24,46664,19996,26659,1116,154,922,,,,,,,
2026-09-01,2026-09-01-33484160918,world-9422277661,world,anadolu-world,publish,ok,,270,94,270,5800,214,83660,40474,43177,1318,243,922,,,,,,,
2026-09-01,2026-09-01-33484160918,world-7925510374,world,news18-world,fetch,failed,http_client_error,,,,,,,,,,,,,,,,,,
2026-09-01,2026-09-01-33484160918,world-1916260061,world,guardian-world,publish,ok,,582,72,582,890,67,125197,82767,42419,1731,236,922,,,,,,,
2026-09-01,2026-09-01-33484160918,world-0001558743,world,anadolu-world,publish,ok,,274,69,274,3665,93,95788,48117,47622,1392,266,922,,,,,,,
2026-09-01,2026-09-01-33484160918,world-3860039566,world,mongabay,publish,ok,,1993,120,1993,382,39,329742,273963,55655,3586,300,923,,,,,,,
2026-09-01,2026-09-01-33484160918,world-3517975664,world,bbc-world,publish,ok,,687,73,687,255,59,138475,96905,41560,1869,233,922,,,,,,,
2026-09-01,2026-09-01-33484160918,world-1397912574,world,apnews-world,publish,ok,,575,62,575,183,225,130322,95566,34702,1854,193,922,,,,,,,
2026-09-01,2026-09-01-33484160918,world-4459524738,world,france24,publish,ok,,71,40,71,1091,53,40158,14700,25394,1064,147,922,,,,,,,
2026-09-01,2026-09-01-33484160918,world-1417479652,world,conversation-world,publish,ok,,334,55,334,413,26,85763,50654,35099,1417,201,922,,,,,,,
2026-09-01,2026-09-01-33484160918,world-1494065737,world,npr-world,publish,ok,,722,107,722,1147,32,160072,108131,51834,1982,287,923,,,,,,,
2026-09-01,2026-09-01-33484160918,india-5191425089,india,thehindu-all,publish,ok,,270,79,270,585,43,94472,48778,45684,1400,257,922,,,,,,,
2026-09-01,2026-09-01-33484160918,india-5986991765,india,economic-times,publish,ok,,489,67,489,412,79,150062,89906,60145,1803,334,922,,,,,,,
2026-09-01,2026-09-01-33484160918,india-3185470989,india,free-press-journal,publish,ok,,355,75,355,514,19,95967,51630,44249,1428,252,922,,,,,,,
2026-09-01,2026-09-01-33484160918,india-9539470926,india,thehindu-business,publish,ok,,758,100,758,1344,37,203636,142641,60888,2318,332,923,,,,,,,
2026-09-01,2026-09-01-33484160918,india-2352208253,india,deccan-chronicle,publish,ok,,308,73,308,2776,44,90523,47080,43433,1382,246,922,,,,,,,
2026-09-01,2026-09-01-33484160918,india-4536791391,india,livemint,publish,ok,,887,124,887,209,41,174110,124728,49190,2138,271,923,,,,,,,
2026-09-01,2026-09-01-33484160918,india-3358794974,india,frontline,publish,ok,,3846,177,4435,663,61,664386,583250,80925,5628,395,0,,,,,,,
2026-09-01,2026-09-01-33484160918,india-7922499020,india,newslaundry,publish,ok,,375,96,375,662,58,108337,60625,47702,1513,269,922,,,,,,,
2026-09-01,2026-09-01-33484160918,india-2433826819,india,india-today,publish,ok,,1110,109,1110,504,74,222269,163583,58499,2516,318,923,,,,,,,
2026-09-01,2026-09-01-33484160918,india-3029329653,india,ht-business,publish,ok,,1071,123,1071,459,62,210327,152317,57823,2405,319,923,,,,,,,
2026-09-01,2026-09-01-33484160918,ai-3050489516,ai,ibm-research-blog,publish,ok,not_prose,267,47,267,163,25,170195,140296,29888,1377,164,0,,,,,,,
2026-09-01,2026-09-01-33484160918,ai-6099488250,ai,guardian-ai,publish,ok,,1140,111,1140,470,46,293762,247196,46512,2439,259,0,,,,,,,
2026-09-01,2026-09-01-33484160918,ai-6891929424,ai,zdnet-ai,publish,ok,,1153,107,1153,284,264,207047,152594,54400,2419,302,923,,,,,,,
2026-09-01,2026-09-01-33484160918,energy-0175491339,energy,energy-mix,publish,ok,,419,67,419,2839,82,195833,152561,43224,1496,238,0,,,,,,,
2026-09-01,2026-09-01-33484160918,energy-6376342726,energy,balkangreen,publish,ok,,514,78,514,2787,42,124606,81005,43589,1712,243,922,,,,,,,
2026-09-01,2026-09-01-33484160918,energy-8269826722,energy,inside-climate-news,publish,ok,,1665,117,1665,443,44,278598,223494,55001,3106,303,923,,,,,,,
2026-09-01,2026-09-01-33484160918,energy-1156799945,energy,carbon-brief,publish,ok,,3846,210,4362,736,76,800875,692620,108155,6663,524,0,,,,,,,
2026-09-01,2026-09-01-33484160918,business-economy-0133764741,business-economy,business-today-in,publish,ok,not_prose,681,46,681,165,54,174855,143505,31288,2323,172,922,,,,,,,
2026-09-01,2026-09-01-33484160918,business-economy-6547231219,business-economy,guardian-business,publish,ok,,473,58,473,48,43,108930,68884,39981,1596,229,922,,,,,,,
2026-09-01,2026-09-01-33484160918,business-economy-7268287810,business-economy,guardian-business,publish,ok,,1089,121,1089,145,81,214938,164187,50664,2530,282,923,,,,,,,
2026-09-01,2026-09-01-33484160918,business-economy-6776821093,business-economy,bbc-business,publish,ok,,553,63,553,362,70,117169,79799,37360,1703,214,922,,,,,,,
2026-09-01,2026-09-01-33484160918,business-economy-4056468361,business-economy,semafor,publish,ok,,125,65,125,355,24,50986,19825,31114,1116,184,922,,,,,,,
2026-09-01,2026-09-01-33484160918,world-9145296119,world,independent-world,publish,ok,,463,74,463,926,47,102612,64914,37687,1562,216,922,,,,,,,
2026-09-01,2026-09-01-33484160918,world-3474895258,world,cna-world,publish,ok,,382,93,382,828,99,100488,55346,45131,1466,262,922,,,,,,,
2026-09-01,2026-09-01-33484160918,world-6785326530,world,scmp-news,publish,ok,not_prose,76,33,76,442,91,36128,16886,19183,1085,114,922,,,,,,,
2026-09-01,2026-09-01-33484160918,world-8020032958,world,abc-au-world,publish,ok,,975,112,975,328,81,184136,133711,50340,2232,278,923,,,,,,,
2026-09-01,2026-09-01-33484160918,world-4581871143,world,npr-world,publish,ok,,1213,116,1213,697,40,239063,180256,58722,2687,325,923,,,,,,,
2026-09-01,2026-09-01-33484160918,world-6185455728,world,japan-times,publish,ok,,120,52,120,951,50,49279,20656,28574,1125,168,922,,,,,,,
2026-09-01,2026-09-01-33484160918,world-5209871423,world,france24,publish,ok,,135,61,135,263,72,57901,23747,34145,1156,199,922,,,,,,,
2026-09-01,2026-09-01-33484160918,world-1613654049,world,thehindu-intl,publish,ok,,877,129,877,467,47,179020,126718,52183,2163,293,923,,,,,,,
2026-09-01,2026-09-01-33484160918,world-0989273324,world,elpais-en,publish,ok,,1280,116,1280,315,73,240031,176671,63223,2647,345,923,,,,,,,
2026-09-01,2026-09-01-33484160918,india-3357667739,india,the-hindu-national,publish,ok,,712,144,712,128,45,174826,107170,67532,1971,378,923,,,,,,,
2026-09-01,2026-09-01-33484160918,india-7190512107,india,toi-india,publish,ok,,450,60,450,699,112,99044,64656,34377,1558,198,922,,,,,,,
2026-09-01,2026-09-01-33484160918,india-0501139167,india,livemint-companies,publish,ok,,529,54,529,334,36,108754,76286,32457,1672,187,922,,,,,,,
2026-09-01,2026-09-01-33484160918,india-0986476510,india,ht-business,publish,ok,,1149,112,1149,315,62,203907,156906,46908,2457,261,923,,,,,,,
2026-09-01,2026-09-01-33484160918,india-8180279463,india,dna-india,publish,ok,,768,98,768,2096,105,173838,119477,54223,2086,306,923,,,,,,,
2026-09-01,2026-09-01-33484160918,india-8615138985,india,mongabay-india,publish,ok,,1029,113,1029,368,33,199371,146201,53008,2352,295,923,,,,,,,
2026-09-01,2026-09-01-33484160918,india-9725847242,india,thehindu-biz,publish,ok,,103,53,103,94,40,66528,25602,40918,1173,240,922,,,,,,,
2026-09-01,2026-09-01-33484160918,india-2410409010,india,hindustan-times,publish,ok,,296,76,296,144,58,86379,45800,40569,1372,234,922,,,,,,,
2026-09-01,2026-09-01-33484160918,india-7850035734,india,scroll-in,publish,ok,,318,59,318,539,34,89518,49275,40233,1408,233,922,,,,,,,
2026-09-01,2026-09-01-33484160918,india-8023951223,india,india-today,publish,ok,,415,63,415,287,72,112311,65121,47181,1563,274,922,,,,,,,
2026-09-01,2026-09-01-33484160918,india-9323749778,india,et-default,publish,ok,,526,78,526,304,81,135759,90358,45390,1811,260,922,,,,,,,
2026-09-01,2026-09-01-33503888091,ai-6706320267,ai,fastcompany-tech,extract,failed,paywalled,,,,,,,,,,,,,,,,,,
2026-09-01,2026-09-01-33503888091,energy-3537819500,energy,solar-quarter,publish,ok,,331,49,331,497,97,171880,137963,33875,1367,183,0,,,,,,,
2026-09-01,2026-09-01-33503888091,energy-2484149389,energy,balkangreen,publish,ok,,465,76,465,3786,56,115827,68869,46946,1597,256,922,,,,,,,
2026-09-01,2026-09-01-33503888091,energy-8421605692,energy,power-magazine,publish,ok,,1369,98,1369,278,57,379308,319800,59400,3128,296,0,,,,,,,
2026-09-01,2026-09-01-33503888091,energy-0758559280,energy,energymonitor,publish,ok,,365,58,365,688,35,94738,55743,38985,1469,218,922,,,,,,,
2026-09-01,2026-09-01-33503888091,energy-1698906913,energy,modern-power,publish,ok,,391,141,391,781,31,125499,60565,64922,1513,348,922,,,,,,,
2026-09-01,2026-09-01-33503888091,energy-4554604567,energy,canary-media,publish,ok,,1259,130,1259,413,109,222328,167534,54734,2560,288,923,,,,,,,
2026-09-01,2026-09-01-33503888091,energy-1072236602,energy,energy-mix,publish,ok,,567,38,567,3359,64,112916,81408,31497,1717,166,922,,,,,,,
2026-09-01,2026-09-01-33503888091,energy-8544795936,energy,electrek,publish,ok,,1331,91,1331,540,44,342305,283300,58925,3671,307,923,,,,,,,
2026-09-01,2026-09-01-33503888091,business-economy-5384412957,business-economy,quartz,publish,ok,,386,68,386,311,53,101489,55758,45673,1467,249,922,,,,,,,
2026-09-01,2026-09-01-33503888091,business-economy-5184032630,business-economy,business-today-in,publish,ok,,99,56,99,278,90,50092,17712,32369,1095,182,922,,,,,,,
2026-09-01,2026-09-01-33503888091,business-economy-3482415452,business-economy,cna-business,publish,ok,,469,73,469,1692,101,100377,63382,36981,1543,211,922,,,,,,,
2026-09-01,2026-09-01-33503888091,business-economy-9858617334,business-economy,aljazeera-economy,publish,ok,,1195,133,1195,1609,39,228181,164663,63410,2532,338,923,,,,,,,
2026-09-01,2026-09-01-33503888091,business-economy-3762423209,business-economy,bbc-business,publish,ok,,911,127,911,541,67,191309,132212,59006,2211,308,923,,,,,,,
2026-09-01,2026-09-01-33503888091,business-economy-8468231114,business-economy,seekingalpha,fetch,failed,http_client_error,,,,,,,,,,,,,,,,,,
2026-09-01,2026-09-01-33503888091,world-7800549620,world,apnews-world,publish,ok,,309,63,309,247,176,77620,44106,33504,1356,193,922,,,,,,,
2026-09-01,2026-09-01-33503888091,world-3654116648,world,scmp-news,extract,failed,paywalled,,,,,,,,,,,,,,,,,,
2026-09-01,2026-09-01-33503888091,world-4179566362,world,euronews,publish,ok,,414,66,414,1546,62,97485,61855,35622,1531,203,922,,,,,,,
2026-09-01,2026-09-01-33503888091,world-2318926176,world,mongabay,publish,ok,,1394,128,1394,522,36,257476,203450,53917,2908,288,923,,,,,,,
2026-09-01,2026-09-01-33503888091,world-1212406698,world,euronews,publish,ok,,489,101,489,309,63,118351,71185,47155,1626,266,922,,,,,,,
2026-09-01,2026-09-01-33503888091,world-1321624099,world,lemonde-en,publish,ok,too_short,35,29,35,1583,116,119383,102861,16514,1015,94,0,,,,,,,
2026-09-01,2026-09-01-33503888091,world-5688968330,world,lemonde-en,publish,ok,too_short,35,29,35,660,5,26812,10049,16754,1019,96,922,,,,,,,
2026-09-01,2026-09-01-33503888091,world-3015489241,world,elpais-en,publish,ok,,814,133,814,1320,65,160107,107565,52380,1976,286,923,,,,,,,
2026-09-01,2026-09-01-33503888091,world-5351013464,world,africanews,publish,ok,,653,83,653,1494,36,137846,92332,45462,1834,257,922,,,,,,,
2026-09-01,2026-09-01-33503888091,world-1919313849,world,africanews,publish,ok,,149,71,149,1463,30,71005,27700,43220,1194,248,922,,,,,,,
2026-09-01,2026-09-01-33503888091,india-4581194852,india,toi-india,publish,ok,,647,81,647,729,111,138664,89074,49579,1797,280,922,,,,,,,
2026-09-01,2026-09-01-33503888091,india-0324630079,india,free-press-journal,publish,ok,,375,72,375,703,18,89447,50611,38771,1423,215,922,,,,,,,
2026-09-01,2026-09-01-33503888091,india-0228382093,india,ht-business,publish,ok,,1191,114,1191,1626,66,232190,161855,70246,2505,370,923,,,,,,,
2026-09-01,2026-09-01-33503888091,india-6137975971,india,deccan-chronicle,publish,ok,,361,61,361,2474,41,92917,52386,40522,1436,225,922,,,,,,,
2026-09-01,2026-09-01-33503888091,india-9718030305,india,mongabay-india,publish,ok,,1452,81,1452,977,41,271984,224626,47191,3117,248,923,,,,,,,
2026-09-01,2026-09-01-33503888091,india-6626646342,india,thehindu-all,publish,ok,,353,68,353,658,42,95689,55907,39772,1473,217,924,,,,,,,
2026-09-01,2026-09-01-33503888091,india-1864188189,india,livemint,publish,ok,,699,77,699,779,34,154509,111232,43264,1946,232,855,,,,,,,
2026-09-01,2026-09-01-33503888091,india-8983062398,india,dna-india,publish,ok,,409,88,409,4147,84,100069,57356,42657,1485,239,922,,,,,,,
2026-09-01,2026-09-01-33503888091,india-3892991853,india,dna-india,publish,ok,,266,61,266,2122,84,86618,45008,41600,1364,231,922,,,,,,,
2026-09-01,2026-09-01-33503888091,india-0351537679,india,livemint-markets,publish,ok,,1030,121,1030,1861,39,195174,140812,54223,2300,287,923,,,,,,,
2026-09-01,2026-09-01-33503888091,india-1849073759,india,et-default,publish,ok,,281,70,281,359,80,104080,54063,50007,1449,271,922,,,,,,,
2026-09-01,2026-09-01-33503888091,energy-5084907880,energy,inside-climate-news,publish,ok,,1538,129,1538,608,50,375084,306343,68682,3018,358,0,,,,,,,
2026-09-01,2026-09-01-33503888091,energy-3481938133,energy,oilprice,publish,ok,,353,65,353,907,51,202566,145683,56838,1437,248,0,,,,,,,
2026-09-01,2026-09-01-33503888091,energy-0764893119,energy,power-magazine,publish,ok,,1588,112,1588,556,55,278377,218882,59425,3076,316,923,,,,,,,
2026-09-01,2026-09-01-33503888091,energy-8693394013,energy,oilprice,publish,ok,,351,72,351,430,50,102340,52461,49869,1437,231,925,,,,,,,
2026-09-01,2026-09-01-33503888091,energy-1361625008,energy,energymonitor,publish,ok,,342,72,342,522,36,112286,57461,54812,1486,261,925,,,,,,,
2026-09-01,2026-09-01-33503888091,energy-0617648097,energy,grist,publish,ok,,1280,122,1280,627,48,223940,170187,53654,2596,289,923,,,,,,,
2026-09-01,2026-09-01-33503888091,energy-3203877565,energy,tdworld,publish,ok,,596,56,596,1005,58,127369,87598,39759,1779,194,922,,,,,,,
2026-09-01,2026-09-01-33503888091,energy-9777548607,energy,electrek,publish,ok,,669,77,669,915,34,179690,120955,58674,2108,283,922,,,,,,,
2026-09-01,2026-09-01-33503888091,business-economy-0341860862,business-economy,yahoo-finance,publish,ok,,427,49,427,766,128,124657,77966,46630,1685,234,922,,,,,,,
2026-09-01,2026-09-01-33503888091,business-economy-8594857578,business-economy,business-today-in,publish,ok,not_prose,658,42,658,351,53,175563,139950,35502,2291,170,922,,,,,,,
2026-09-01,2026-09-01-33503888091,business-economy-4705674085,business-economy,liberty-street,publish,ok,,1265,136,1265,656,44,218765,164338,54328,2542,296,923,,,,,,,
2026-09-01,2026-09-01-33503888091,business-economy-3123232000,business-economy,semafor,publish,ok,,370,97,370,752,25,103802,52223,51494,1435,284,922,,,,,,,
2026-09-01,2026-09-01-33503888091,business-economy-1235640586,business-economy,cna-business,publish,ok,,1039,112,1039,1713,104,184120,137504,46517,2277,251,923,,,,,,,
2026-09-01,2026-09-01-33503888091,business-economy-5509659706,business-economy,npr-business,publish,ok,,761,106,761,1203,39,151438,103804,47455,1947,261,923,,,,,,,
2026-09-01,2026-09-01-33503888091,business-economy-2245666038,business-economy,naked-capitalism,publish,ok,,2727,184,2727,1329,29,540142,456810,83255,4474,399,0,,,,,,,
2026-09-01,2026-09-01-33503888091,world-6809052148,world,dw-world,publish,ok,,926,142,926,23828,36,179334,121600,57641,2122,314,923,,,,,,,
2026-09-01,2026-09-01-33503888091,world-0724395226,world,guardian-world,publish,ok,,542,61,542,465,240,117921,78774,39137,1698,216,923,,,,,,,
2026-09-01,2026-09-01-33503888091,world-5057324712,world,news18-world,fetch,failed,http_client_error,,,,,,,,,,,,,,,,,,
2026-09-01,2026-09-01-33503888091,world-6951059095,world,npr-world,publish,ok,,1171,129,1171,710,58,217514,156556,60870,2464,323,923,,,,,,,
2026-09-01,2026-09-01-33503888091,world-7111343459,world,cna-world,publish,ok,,384,74,384,1317,100,96466,56699,39720,1479,224,922,,,,,,,
2026-09-01,2026-09-01-33503888091,world-4387082131,world,france24,publish,ok,,137,68,137,1108,67,60144,23246,36890,1152,213,922,,,,,,,
2026-09-01,2026-09-01-33503888091,world-7510343143,world,anadolu-world,publish,ok,,445,72,445,7513,95,108471,66879,41582,1583,232,922,,,,,,,
2026-09-01,2026-09-01-33503888091,world-6522912252,world,abc-au-world,publish,ok,,1101,97,1101,890,77,203260,154356,48760,2441,261,923,,,,,,,
2026-09-01,2026-09-01-33503888091,world-3043143204,world,npr-world,summarize,failed,length_out_of_range,45,,45,373,24,126287,,,,,,,,,,,,
2026-09-01,2026-09-01-33503888091,india-3402079223,india,the-hindu-national,publish,ok,,253,93,253,781,39,95978,45798,50171,1375,284,922,,,,,,,
2026-09-01,2026-09-01-33503888091,india-2092483357,india,livemint-companies,publish,ok,,1146,129,1146,564,39,224475,164313,59992,2537,320,923,,,,,,,
2026-09-01,2026-09-01-33503888091,india-6294714247,india,ht-business,publish,ok,,1263,126,1263,737,67,243238,184703,58377,2737,313,923,,,,,,,
2026-09-01,2026-09-01-33503888091,india-7967311213,india,toi-top,publish,ok,,554,82,554,658,65,115272,73054,42207,1643,235,922,,,,,,,
2026-09-01,2026-09-01-33503888091,india-6619560015,india,economic-times,publish,ok,,139,45,139,808,54,62771,26642,36119,1185,205,922,,,,,,,
2026-09-01,2026-09-01-33503888091,india-0215981903,india,livemint-companies,publish,ok,,641,68,641,221,34,132474,95297,37165,1860,206,922,,,,,,,
2026-09-01,2026-09-01-33503888091,india-0095985758,india,hindustan-times,publish,ok,,774,87,774,335,59,153398,109078,44145,1999,245,923,,,,,,,
2026-09-01,2026-09-01-33503888091,india-6519337870,india,scroll-in,publish,ok,,356,78,356,513,33,100733,56747,43882,1478,245,922,,,,,,,
2026-09-01,2026-09-01-33503888091,india-3101477948,india,scroll-in,publish,ok,not_prose,17,36,17,388,44,41118,9031,32077,1008,154,922,,,,,,,
2026-09-01,2026-09-01-33503888091,india-1902112123,india,the-federal,publish,ok,,1805,120,1805,975,80,284849,229971,54726,3181,278,923,,,,,,,
2026-09-01,2026-09-01-33503888091,india-6208939157,india,newslaundry,publish,ok,not_prose,1357,52,1357,720,70,363180,323466,39519,4079,204,922,,,,,,,
2026-09-01,2026-09-01-33503888091,ai-1467616937,ai,rest-of-world,publish,ok,,1144,120,1144,810,27,300364,247208,53101,2449,274,0,,,,,,,
2026-09-01,2026-09-01-33503888091,energy-3196777165,energy,solar-quarter,publish,ok,,1139,115,1139,934,100,241841,174046,67744,2640,364,923,,,,,,,
2026-09-01,2026-09-01-33503888091,energy-6756083683,energy,energy-storage,publish,ok,,1442,145,1442,828,57,266119,195240,70821,2846,378,923,,,,,,,
2026-09-01,2026-09-01-33503888091,energy-7056806764,energy,offshore-wind,publish,ok,not_prose,3,30,3,2577,144,122493,98772,23710,981,139,0,,,,,,,
2026-09-01,2026-09-01-33503888091,energy-3502324279,energy,offshore-wind,publish,ok,not_prose,3,40,3,1457,23,31819,6712,25098,985,146,922,,,,,,,
2026-09-01,2026-09-01-33503888091,energy-0219131797,energy,inside-climate-news,publish,ok,,2075,157,2075,427,49,420201,359888,60140,3536,305,0,,,,,,,
2026-09-01,2026-09-01-33503888091,energy-4682086160,energy,tdworld,publish,ok,,583,72,583,1212,62,203501,167965,35496,1677,198,0,,,,,,,
2026-09-01,2026-09-01-33503888091,energy-3315660975,energy,heatmap,publish,ok,,3846,188,5559,642,93,703241,619031,83959,5986,399,0,,,,,,,
2026-09-01,2026-09-01-33503888091,energy-2630304578,energy,cleantechnica,publish,ok,,1421,106,1421,886,31,239259,190195,48995,2794,265,923,,,,,,,
2026-09-01,2026-09-01-33503888091,business-economy-2455593848,business-economy,quartz,publish,ok,,91,66,91,288,48,50002,16364,33629,1082,194,922,,,,,,,
2026-09-01,2026-09-01-33503888091,business-economy-6289706375,business-economy,voxdev,publish,ok,,1615,100,1615,1213,31,275641,231304,44192,3202,235,923,,,,,,,
2026-09-01,2026-09-01-33503888091,business-economy-6764278117,business-economy,semafor,publish,ok,,713,155,713,738,27,160609,95120,65434,1865,366,923,,,,,,,
2026-09-01,2026-09-01-33503888091,business-economy-6182859980,business-economy,guardian-business,publish,ok,,407,64,407,1021,59,106895,62919,43964,1543,246,922,,,,,,,
2026-09-01,2026-09-01-33503888091,business-economy-3436472677,business-economy,guardian-business,publish,ok,,68,54,68,195,35,43154,14125,29020,1060,168,922,,,,,,,
2026-09-01,2026-09-01-33503888091,business-economy-3204068836,business-economy,naked-capitalism,publish,ok,,2064,148,2064,1460,47,426291,354889,71230,4380,352,924,,,,,,,
2026-09-01,2026-09-01-33503888091,world-9155027947,world,independent-world,publish,ok,,1213,128,1213,856,47,233122,172392,60627,2623,308,923,,,,,,,
2026-09-01,2026-09-01-33503888091,world-5555059949,world,scmp-news,extract,failed,paywalled,,,,,,,,,,,,,,,,,,
2026-09-01,2026-09-01-33503888091,world-5601171538,world,cna-world,publish,ok,,326,79,326,843,94,94474,50292,44172,1423,251,922,,,,,,,
2026-09-01,2026-09-01-33503888091,world-9953018858,world,abc-au-world,publish,ok,,425,86,425,1136,137,108107,64500,43597,1562,246,922,,,,,,,
2026-09-01,2026-09-01-33503888091,world-5530206510,world,thehindu-intl,publish,ok,,341,101,341,757,41,103614,53212,50389,1448,283,922,,,,,,,
2026-09-01,2026-09-01-33503888091,world-6234618423,world,dw-world,publish,ok,,306,79,306,22821,31,94632,44771,49851,1382,281,936,,,,,,,
2026-09-01,2026-09-01-33503888091,world-5223462653,world,elpais-en,publish,ok,,925,103,925,889,72,170918,121212,49589,2124,275,923,,,,,,,
2026-09-01,2026-09-01-33503888091,world-5217424198,world,anadolu-world,publish,ok,,203,74,203,5079,104,74120,34440,39671,1278,226,936,,,,,,,
2026-09-01,2026-09-01-33503888091,world-4227729932,world,japan-times,publish,ok,,341,62,341,1750,50,95660,53540,42111,1465,233,936,,,,,,,
2026-09-01,2026-09-01-33503888091,india-9108008211,india,the-hindu-national,publish,ok,,206,70,206,274,42,77504,37118,40375,1289,227,922,,,,,,,
2026-09-01,2026-09-01-33503888091,india-8136310493,india,thehindu-business,publish,ok,,108,74,108,775,34,58984,19593,39381,1114,220,922,,,,,,,
2026-09-01,2026-09-01-33503888091,india-5516418379,india,livemint,publish,ok,,753,129,753,647,36,165797,106699,59009,1974,322,923,,,,,,,
2026-09-01,2026-09-01-33503888091,india-9770498437,india,economic-times,publish,ok,,220,63,220,635,71,66117,33536,32569,1252,176,922,,,,,,,
2026-09-01,2026-09-01-33503888091,india-8677062812,india,deccan-chronicle,publish,ok,,164,58,164,3406,44,63633,26779,36845,1186,195,922,,,,,,,
2026-09-01,2026-09-01-33503888091,india-6233126694,india,thehindu-biz,publish,ok,,480,68,480,281,45,140150,86499,53639,1774,278,922,,,,,,,
2026-09-01,2026-09-01-33503888091,india-1498555833,india,hindustan-times,publish,ok,,670,55,670,728,64,136519,97343,39124,1881,207,922,,,,,,,
2026-09-01,2026-09-01-33503888091,india-4360397689,india,livemint-markets,publish,ok,,1006,149,1006,252,39,253992,172788,81120,2625,418,923,,,,,,,
2026-09-01,2026-09-01-33503888091,india-9969353625,india,frontline,publish,ok,,1482,133,1482,566,40,276105,211569,64366,2993,336,923,,,,,,,
2026-09-01,2026-09-01-33503888091,india-4619310610,india,the-federal,publish,ok,,1216,113,1216,891,101,226371,171664,54515,2609,291,923,,,,,,,
2026-09-01,2026-09-01-33503888091,india-9819050360,india,the-quint,publish,ok,,855,106,855,896,70,169777,117421,52156,2072,270,923,,,,,,,
2026-09-01,2026-09-01-33503888091,ai-6013284548,ai,fastcompany-tech,publish,ok,,443,72,443,800,83,201912,143337,58497,1516,221,0,,,,,,,
2026-09-01,2026-09-01-33503888091,energy-8063886751,energy,pv-magazine,publish,ok,,651,89,651,2268,53,166614,85756,80847,1817,303,922,,,,,,,
2026-09-01,2026-09-01-33503888091,energy-3585570386,energy,energy-storage,publish,ok,,1856,132,1856,1333,54,410438,316991,93325,3311,331,0,,,,,,,
2026-09-01,2026-09-01-33503888091,energy-1201881940,energy,pv-magazine,publish,ok,,574,66,574,704,57,134053,79452,54497,1755,204,922,,,,,,,
2026-09-01,2026-09-01-33503888091,energy-8343398578,energy,heatmap,publish,ok,,3846,216,6595,371,93,703272,574083,128979,5881,424,0,,,,,,,
2026-09-01,2026-09-01-33503888091,energy-5353079132,energy,carbon-brief,publish,ok,,1211,127,1211,707,40,269601,166109,103347,2648,380,923,,,,,,,
2026-09-01,2026-09-01-33503888091,energy-2453600608,energy,canary-media,publish,ok,,1775,106,1775,511,130,297324,223004,74197,3238,271,923,,,,,,,
2026-09-01,2026-09-01-33503888091,energy-0738267419,energy,energy-mix,publish,ok,,1952,100,1952,2712,91,322527,246358,76006,3477,274,923,,,,,,,
2026-09-01,2026-09-01-33503888091,energy-0127514430,energy,cleantechnica,publish,ok,,3254,223,3254,707,42,517756,398298,119257,5010,409,924,,,,,,,
2026-09-01,2026-09-01-33503888091,business-economy-5668093236,business-economy,yahoo-finance,publish,ok,,455,49,455,613,144,118421,65951,52367,1614,200,922,,,,,,,
2026-09-01,2026-09-01-33503888091,business-economy-1212338099,business-economy,voxdev,publish,ok,,2236,172,2236,652,37,460141,356981,102989,3714,363,0,,,,,,,
2026-09-01,2026-09-01-33503888091,business-economy-4699621888,business-economy,wto-news,publish,ok,,332,59,332,1186,12,98771,44476,54283,1386,205,922,,,,,,,
2026-09-01,2026-09-01-33503888091,business-economy-4965940947,business-economy,bbc-business,publish,ok,,837,106,837,678,66,171356,101318,69826,1981,261,923,,,,,,,
2026-09-01,2026-09-01-33503888091,business-economy-5195162972,business-economy,aljazeera-economy,publish,ok,not_prose,33,35,33,830,169,132846,96872,35963,1019,138,0,,,,,,,
2026-09-01,2026-09-01-33503888091,business-economy-3639088566,business-economy,seekingalpha,fetch,failed,http_client_error,,,,,,,,,,,,,,,,,,
2026-09-01,2026-09-01-33503888091,world-0346407657,world,apnews-world,publish,ok,,1231,111,1231,192,269,238902,165850,72917,2650,273,923,,,,,,,
2026-09-01,2026-09-01-33503888091,world-5851574895,world,news18-world,fetch,failed,http_client_error,,,,,,,,,,,,,,,,,,
2026-09-01,2026-09-01-33503888091,world-4124232871,world,france24,publish,ok,,111,50,111,923,73,66301,19204,47087,1117,181,922,,,,,,,
2026-09-01,2026-09-01-33503888091,world-7342241153,world,guardian-world,publish,ok,,3145,217,3145,810,159,520251,398816,121199,5021,414,924,,,,,,,
2026-09-01,2026-09-01-33503888091,world-7313270188,world,independent-world,publish,ok,,448,69,448,609,45,119935,59611,60314,1543,226,922,,,,,,,
2026-09-01,2026-09-01-33503888091,world-6424678324,world,thehindu-intl,publish,ok,,349,56,349,1419,48,112253,52885,59359,1474,223,922,,,,,,,
2026-09-01,2026-09-01-33503888091,world-4211334606,world,bbc-world,publish,ok,,212,97,212,170,60,98633,28499,70127,1218,263,922,,,,,,,
2026-09-01,2026-09-01-33503888091,world-8842276235,world,bbc-world,publish,ok,,411,62,411,138,61,113300,57917,55373,1524,213,922,,,,,,,
2026-09-01,2026-09-01-33503888091,world-2360195851,world,japan-times,publish,ok,,193,65,193,2598,54,84413,30121,54283,1238,211,922,,,,,,,
2026-09-01,2026-09-01-33503888091,world-4339247800,world,mongabay,publish,ok,,3846,170,4860,466,70,640897,525065,115626,6267,381,924,,,,,,,
2026-09-01,2026-09-01-33503888091,india-6272151935,india,toi-india,publish,ok,,287,61,287,838,109,93837,40824,53004,1349,205,922,,,,,,,
2026-09-01,2026-09-01-33503888091,india-1667800277,india,free-press-journal,publish,ok,,308,74,308,755,21,127289,51844,75436,1464,288,922,,,,,,,
2026-09-01,2026-09-01-33503888091,india-4847662067,india,thehindu-business,publish,ok,,317,64,317,747,45,110745,48161,62575,1428,238,922,,,,,,,
2026-09-01,2026-09-01-33503888091,india-6309855912,india,toi-top,publish,ok,,710,101,710,174,74,160968,92407,68435,1887,250,923,,,,,,,
2026-09-01,2026-09-01-33503888091,india-3080125721,india,thehindu-all,publish,ok,,270,67,270,804,45,105724,39580,66136,1335,251,922,,,,,,,
2026-09-01,2026-09-01-33503888091,india-4394656991,india,india-today,publish,ok,,548,81,548,647,68,142389,74990,67389,1707,258,922,,,,,,,
2026-09-01,2026-09-01-33503888091,india-7563816249,india,india-today,publish,ok,,561,68,561,234,68,133141,77721,55295,1735,213,922,,,,,,,
2026-09-01,2026-09-01-33503888091,india-9206303316,india,frontline,publish,ok,,2437,149,2437,10597,49,460815,346592,114042,4489,404,924,,,,,,,
2026-09-01,2026-09-01-33503888091,india-7271472756,india,thehindu-biz,publish,ok,,420,91,420,856,47,134330,62530,71703,1573,275,922,,,,,,,
2026-09-01,2026-09-01-33503888091,india-7568745444,india,the-quint,publish,ok,,359,77,359,951,67,110266,52193,58065,1467,221,922,,,,,,,
2026-09-01,2026-09-01-33503888091,india-6396871740,india,et-default,publish,ok,,385,56,385,595,89,129962,67007,62946,1620,236,922,,,,,,,
2026-09-01,2026-09-01-33522462338,ai-5047050305,ai,databricks-blog,publish,ok,,1309,104,1309,205,104,335012,281515,53428,2765,277,0,,,,,,,
2026-09-01,2026-09-01-33522462338,ai-1669952949,ai,ieee-spectrum-ai,publish,ok,,1409,107,1409,192,63,236928,190743,46127,2784,248,923,,,,,,,
2026-09-01,2026-09-01-33522462338,energy-2885580106,energy,electrek,publish,ok,,856,117,856,456,36,178711,123953,54641,2139,299,923,,,,,,,
2026-09-01,2026-09-01-33522462338,energy-7856623721,energy,balkangreen,publish,ok,,304,64,304,3790,40,185792,144902,40847,1431,226,0,,,,,,,
2026-09-01,2026-09-01-33522462338,energy-7130565448,energy,oilprice,publish,ok,,393,65,393,941,44,101599,58954,42635,1501,240,922,,,,,,,
2026-09-01,2026-09-01-33522462338,energy-4035535479,energy,pv-magazine,publish,ok,,581,65,581,1304,52,130829,89061,41757,1795,236,922,,,,,,,
2026-09-01,2026-09-01-33522462338,energy-0696886127,energy,latitude-media,publish,ok,,580,82,580,1467,29,126593,81942,44600,1727,251,922,,,,,,,
2026-09-01,2026-09-01-33522462338,energy-2439795421,energy,greentech,publish,ok,,464,91,464,1218,32,118994,71217,47723,1621,271,922,,,,,,,
2026-09-01,2026-09-01-33522462338,energy-0387001618,energy,energy-storage,publish,ok,,913,117,913,1303,53,212690,147924,64694,2371,351,923,,,,,,,
2026-09-01,2026-09-01-33522462338,energy-0295616734,energy,tdworld,publish,ok,too_short,50,45,50,1280,43,135251,105379,29862,1041,170,0,,,,,,,
2026-09-01,2026-09-01-33522462338,business-economy-3213317282,business-economy,business-today-in,publish,ok,not_prose,532,55,532,197,53,146184,108777,37293,1988,207,922,,,,,,,
2026-09-01,2026-09-01-33522462338,business-economy-0542093932,business-economy,business-today-in,publish,ok,not_prose,57,41,57,364,92,47162,15872,31281,1076,179,922,,,,,,,
2026-09-01,2026-09-01-33522462338,business-economy-4492449643,business-economy,yahoo-finance,publish,ok,,215,65,215,552,124,71362,32798,38498,1246,223,922,,,,,,,
2026-09-01,2026-09-01-33522462338,business-economy-5467384830,business-economy,aljazeera-economy,publish,ok,,970,103,970,1488,38,181192,134232,46846,2238,256,923,,,,,,,
2026-09-01,2026-09-01-33522462338,business-economy-8383810529,business-economy,cna-business,publish,ok,,710,106,710,381,109,163893,104533,59256,1948,327,923,,,,,,,
2026-09-01,2026-09-01-33522462338,business-economy-6058249743,business-economy,naked-capitalism,publish,ok,,2115,139,2115,1785,30,429669,374019,55457,3651,289,0,,,,,,,
2026-09-01,2026-09-01-33522462338,world-9512413010,world,dw-world,publish,ok,,926,113,926,4646,35,174393,122664,51638,2126,273,923,,,,,,,
2026-09-01,2026-09-01-33522462338,world-6236057282,world,apnews-world,publish,ok,,1021,147,1021,112,230,201250,141319,59820,2301,326,923,,,,,,,
2026-09-01,2026-09-01-33522462338,world-3672724431,world,anadolu-world,publish,ok,,265,70,265,5527,212,88873,43330,45532,1348,259,922,,,,,,,
2026-09-01,2026-09-01-33522462338,world-5489353976,world,france24,summarize,failed,copied_source,122,,122,287,69,58876,,,,,,,,,,,,
2026-09-01,2026-09-01-33522462338,world-3440843938,world,thehindu-intl,publish,ok,,139,63,139,566,39,57463,24228,33225,1158,192,922,,,,,,,
2026-09-01,2026-09-01-33522462338,world-9266509404,world,lemonde-en,publish,ok,too_short,35,31,35,1411,5,33843,10848,22984,1027,131,922,,,,,,,
2026-09-01,2026-09-01-33522462338,world-0641643582,world,dw-world,publish,ok,,1165,128,1165,8048,42,232106,166254,65638,2535,353,923,,,,,,,
2026-09-01,2026-09-01-33522462338,world-7794786391,world,japan-times,publish,ok,,222,62,222,1433,49,74336,34621,39706,1260,229,922,,,,,,,
2026-09-01,2026-09-01-33522462338,world-2454539073,world,npr-world,publish,ok,,90,54,90,625,30,49326,18053,31264,1098,182,922,,,,,,,
2026-09-01,2026-09-01-33522462338,india-0006650477,india,toi-india,publish,ok,,770,136,770,443,108,166739,105433,61113,1954,339,923,,,,,,,
2026-09-01,2026-09-01-33522462338,india-9666580500,india,deccan-chronicle,publish,ok,,424,77,424,2261,45,99681,58694,40976,1496,233,922,,,,,,,
2026-09-01,2026-09-01-33522462338,india-3101695698,india,thehindu-business,publish,ok,,540,75,540,502,36,114602,74519,40073,1654,228,922,,,,,,,
2026-09-01,2026-09-01-33522462338,india-3618503441,india,economic-times,publish,ok,,360,79,360,976,58,99106,54636,44460,1457,253,922,,,,,,,
2026-09-01,2026-09-01-33522462338,india-2331390167,india,thehindu-all,publish,ok,,216,122,216,186,38,102518,38447,64060,1301,367,922,,,,,,,
2026-09-01,2026-09-01-33522462338,india-6220065185,india,india-today,publish,ok,,644,58,644,328,66,145475,95206,50257,1856,282,922,,,,,,,
2026-09-01,2026-09-01-33522462338,india-4118573578,india,dna-india,publish,ok,,228,58,228,2314,79,71627,37792,33786,1295,195,922,,,,,,,
2026-09-01,2026-09-01-33522462338,india-4618966515,india,livemint-companies,extract,failed,paywalled,,,,,,,,,,,,,,,,,,
2026-09-01,2026-09-01-33522462338,india-3608231128,india,thehindu-biz,publish,ok,,600,64,600,157,42,138138,99864,38262,1900,210,922,,,,,,,
2026-09-01,2026-09-01-33522462338,india-4857562119,india,frontline,publish,ok,,2101,155,2101,320,40,322550,263239,59128,3488,315,924,,,,,,,
2026-09-01,2026-09-01-33522462338,ai-6280825020,ai,the-decoder,publish,ok,,728,134,728,4406,35,259801,198275,61436,1976,339,0,,,,,,,
2026-09-01,2026-09-01-33522462338,ai-5840137148,ai,ai2-blog,publish,ok,,1054,103,1054,1092,267,186595,141000,45538,2318,248,923,,,,,,,
2026-09-01,2026-09-01-33522462338,ai-8715314971,ai,fastcompany-tech,publish,ok,,451,52,451,447,70,191142,156447,34654,1555,185,0,,,,,,,
2026-09-01,2026-09-01-33522462338,energy-1415040304,energy,oilprice,publish,ok,,353,60,353,514,56,106042,56878,49153,1481,272,922,,,,,,,
2026-09-01,2026-09-01-33522462338,energy-4160681667,energy,balkangreen,publish,ok,,527,77,527,3423,44,141155,86450,54693,1774,300,922,,,,,,,
2026-09-01,2026-09-01-33522462338,energy-1187222359,energy,climate-home,publish,ok,not_prose,51,40,51,2669,39,129584,104856,24719,1037,129,0,,,,,,,
2026-09-01,2026-09-01-33522462338,energy-4791227329,energy,greentech,publish,ok,,184,61,184,1319,40,74740,32509,42183,1243,230,922,,,,,,,
2026-09-01,2026-09-01-33522462338,energy-4051969137,energy,offshore-wind,publish,ok,not_prose,3,34,3,1763,23,31070,6326,24734,980,130,922,,,,,,,
2026-09-01,2026-09-01-33522462338,energy-2169238541,energy,power-magazine,publish,ok,,3152,206,3152,305,73,659277,554976,104187,5407,494,0,,,,,,,
2026-09-01,2026-09-01-33522462338,energy-1870298424,energy,energymonitor,publish,ok,,356,66,356,579,39,106670,56789,49870,1480,275,922,,,,,,,
2026-09-01,2026-09-01-33522462338,energy-1465360517,energy,cleantechnica,publish,ok,,1247,119,1247,366,32,224730,172701,51969,2625,270,923,,,,,,,
2026-09-01,2026-09-01-33522462338,business-economy-4571013799,business-economy,quartz,publish,ok,,195,62,195,222,62,78261,34595,43657,1261,239,922,,,,,,,
2026-09-01,2026-09-01-33522462338,business-economy-7671862631,business-economy,cna-business,publish,ok,,180,76,180,1318,104,82036,31542,50483,1234,275,922,,,,,,,
2026-09-01,2026-09-01-33522462338,business-economy-3671807571,business-economy,yahoo-finance,publish,ok,,370,71,370,344,119,96095,53796,42287,1452,230,922,,,,,,,
2026-09-01,2026-09-01-33522462338,business-economy-2174965727,business-economy,guardian-business,publish,ok,,719,116,719,409,62,155383,100330,54973,1916,296,923,,,,,,,
2026-09-01,2026-09-01-33522462338,business-economy-5120435466,business-economy,seekingalpha,fetch,failed,http_client_error,,,,,,,,,,,,,,,,,,
2026-09-01,2026-09-01-33522462338,world-0336852951,world,mongabay,publish,ok,,1233,137,1233,596,36,247738,186297,61331,2757,325,923,,,,,,,
2026-09-01,2026-09-01-33522462338,world-3685168132,world,euronews,publish,ok,,385,82,385,619,67,91976,48804,43160,1424,240,940,,,,,,,
2026-09-01,2026-09-01-33522462338,world-7062271306,world,euronews,publish,ok,,1279,134,1279,275,77,226398,171205,55133,2612,292,923,,,,,,,
2026-09-01,2026-09-01-33522462338,world-7254837621,world,anadolu-world,publish,ok,,215,62,215,5917,96,82632,36425,46197,1300,260,940,,,,,,,
2026-09-01,2026-09-01-33522462338,world-4038969440,world,france24,publish,ok,,124,64,124,769,75,54607,19079,35519,1128,203,940,,,,,,,
2026-09-01,2026-09-01-33522462338,world-1421397705,world,abc-au-world,publish,ok,,880,150,880,1263,81,188186,125245,62837,2154,342,923,,,,,,,
2026-09-01,2026-09-01-33522462338,world-2018482942,world,abc-au-world,publish,ok,,462,129,462,406,71,122865,60556,62299,1538,345,940,,,,,,,
2026-09-01,2026-09-01-33522462338,world-9302484121,world,africanews,publish,ok,,694,67,694,1278,38,131498,94524,36960,1858,205,922,,,,,,,
2026-09-01,2026-09-01-33522462338,world-3799783821,world,elpais-en,publish,ok,,996,112,996,879,71,205145,141045,63905,2315,346,923,,,,,,,
2026-09-01,2026-09-01-33522462338,india-7472426376,india,the-hindu-national,publish,ok,,464,81,464,663,47,119929,65105,54776,1566,305,922,,,,,,,
2026-09-01,2026-09-01-33522462338,india-9231947428,india,free-press-journal,publish,ok,,211,54,211,543,20,78949,42437,36504,1341,203,922,,,,,,,
2026-09-01,2026-09-01-33522462338,india-3665750309,india,ht-business,publish,ok,,1311,145,1311,633,69,235679,166994,68508,2568,365,923,,,,,,,
2026-09-01,2026-09-01-33522462338,india-2324937455,india,livemint-markets,publish,ok,,797,88,797,373,36,165285,116765,48326,2074,254,923,,,,,,,
2026-09-01,2026-09-01-33522462338,india-6740553031,india,toi-top,publish,ok,,887,126,887,697,89,156743,109930,46663,2008,256,923,,,,,,,
2026-09-01,2026-09-01-33522462338,india-9268301998,india,india-today,publish,ok,,666,63,666,226,77,133108,93428,39666,1844,214,922,,,,,,,
2026-09-01,2026-09-01-33522462338,india-4847714120,india,economic-times,publish,ok,,469,76,469,552,69,108768,68764,39910,1601,219,922,,,,,,,
2026-09-01,2026-09-01-33522462338,india-5125363799,india,the-quint,publish,ok,,2021,138,2021,694,89,438354,378784,59440,3730,302,0,,,,,,,
2026-09-01,2026-09-01-33522462338,india-4152679860,india,newslaundry,publish,ok,not_prose,245,55,245,377,61,91031,55308,35653,1469,201,922,,,,,,,
2026-09-01,2026-09-01-33522462338,india-7577201226,india,dna-india,publish,ok,,582,78,582,2142,88,121404,79287,42058,1708,235,922,,,,,,,
2026-09-01,2026-09-01-33522462338,india-3053142560,india,scroll-in,publish,ok,,363,78,363,882,37,104585,57983,46542,1493,260,922,,,,,,,
2026-09-01,2026-09-01-33522462338,ai-1598656166,ai,the-decoder,publish,ok,,223,60,223,13932,29,159113,125966,33106,1261,187,0,,,,,,,
2026-09-01,2026-09-01-33522462338,ai-5666978300,ai,wired-ai,publish,ok,,1113,132,1113,568,139,297299,240699,56541,2402,302,0,,,,,,,
2026-09-01,2026-09-01-33522462338,ai-8993403731,ai,oreilly-radar,publish,ok,,2264,146,2264,731,53,478022,403980,73803,3972,371,0,,,,,,,
2026-09-01,2026-09-01-33522462338,energy-0699156731,energy,world-nuclear-news,publish,ok,,407,67,407,1305,19,101521,59213,42297,1507,234,922,,,,,,,
2026-09-01,2026-09-01-33522462338,energy-5333433463,energy,canary-media,publish,ok,,908,124,908,419,103,181735,124339,57349,2157,309,923,,,,,,,
2026-09-01,2026-09-01-33522462338,energy-5666190701,energy,pv-magazine,publish,ok,,711,109,711,1094,53,157675,105989,51575,1972,285,923,,,,,,,
2026-09-01,2026-09-01-33522462338,energy-8039361972,energy,solar-quarter,publish,ok,,479,86,479,2311,98,137019,78303,58705,1696,318,922,,,,,,,
2026-09-01,2026-09-01-33522462338,energy-6854315267,energy,solar-quarter,summarize,failed,length_out_of_range,322,,322,1800,95,193143,,,,,,,,,,,,
2026-09-01,2026-09-01-33522462338,energy-6986555567,energy,power-magazine,publish,ok,,1784,107,1784,246,62,307360,250901,56335,3395,289,923,,,,,,,
2026-09-01,2026-09-01-33522462338,energy-7244827257,energy,canary-media,publish,ok,,819,120,819,160,101,163082,108894,54066,2000,294,923,,,,,,,
2026-09-01,2026-09-01-33522462338,energy-0689379779,energy,cleantechnica,publish,ok,,2470,149,2470,640,42,410443,341984,68312,4265,344,924,,,,,,,
2026-09-01,2026-09-01-33522462338,business-economy-1323039821,business-economy,guardian-business,publish,ok,,700,120,700,303,46,149929,98562,51209,1899,277,923,,,,,,,
2026-09-01,2026-09-01-33522462338,business-economy-7456600394,business-economy,fed-speeches,publish,ok,,3525,131,3525,257,50,664913,600539,64126,5830,292,0,,,,,,,
2026-09-01,2026-09-01-33522462338,business-economy-3699067300,business-economy,bbc-business,publish,ok,,607,60,607,124,56,119028,81100,37876,1728,211,922,,,,,,,
2026-09-01,2026-09-01-33522462338,business-economy-5589749133,business-economy,bbc-business,publish,ok,,1090,117,1090,36,64,193065,146580,46383,2370,248,923,,,,,,,
2026-09-01,2026-09-01-33522462338,business-economy-8388195666,business-economy,naked-capitalism,publish,ok,,1053,118,1053,1332,21,201845,145073,56669,2356,301,923,,,,,,,
2026-09-01,2026-09-01-33522462338,world-0481826364,world,scmp-news,extract,failed,paywalled,,,,,,,,,,,,,,,,,,
2026-09-01,2026-09-01-33522462338,world-5091710052,world,independent-world,publish,ok,,353,92,353,486,34,97325,48861,48418,1409,273,922,,,,,,,
2026-09-01,2026-09-01-33522462338,world-0370392712,world,news18-world,fetch,failed,http_client_error,,,,,,,,,,,,,,,,,,
2026-09-01,2026-09-01-33522462338,world-2237662236,world,thehindu-intl,publish,ok,,496,76,496,346,44,111914,69241,42662,1607,233,922,,,,,,,
2026-09-01,2026-09-01-33522462338,world-2172422457,world,bbc-world,publish,ok,,98,70,98,31,53,55803,18803,36992,1108,209,922,,,,,,,
2026-09-01,2026-09-01-33522462338,world-0275648762,world,bbc-world,publish,ok,,825,129,825,38,58,173231,113229,59805,2042,325,923,,,,,,,
2026-09-01,2026-09-01-33522462338,world-4965459517,world,africanews,publish,ok,,428,80,428,893,32,106049,64687,41350,1564,232,922,,,,,,,
2026-09-01,2026-09-01-33522462338,world-3596902694,world,japan-times,publish,ok,,143,58,143,2012,48,57362,24332,33018,1163,189,922,,,,,,,
2026-09-01,2026-09-01-33522462338,world-3043143204,world,npr-world,summarize,failed,length_out_of_range,45,,45,859,24,121135,,,,,,,,,,,,
2026-09-01,2026-09-01-33522462338,india-9382938697,india,the-hindu-national,publish,ok,,421,65,421,181,41,110120,65605,44504,1572,250,922,,,,,,,
2026-09-01,2026-09-01-33522462338,india-1616658099,india,ht-business,publish,ok,,306,61,306,431,56,82335,46225,36100,1381,203,922,,,,,,,
2026-09-01,2026-09-01-33522462338,india-7844711776,india,thehindu-business,publish,ok,,439,66,439,253,36,103433,64025,39396,1557,222,922,,,,,,,
2026-09-01,2026-09-01-33522462338,india-6884121659,india,toi-top,publish,ok,,838,107,838,571,74,176341,121251,54928,2121,298,923,,,,,,,
2026-09-01,2026-09-01-33522462338,india-4751102485,india,livemint,publish,ok,,995,108,995,232,37,199556,143415,55981,2341,303,923,,,,,,,
2026-09-01,2026-09-01-33522462338,india-8143458963,india,livemint-markets,publish,ok,,843,107,843,79,48,188624,136906,51591,2277,281,923,,,,,,,
2026-09-01,2026-09-01-33522462338,india-8324331556,india,hindustan-times,publish,ok,,331,71,331,67,58,85385,46730,38644,1386,217,922,,,,,,,
2026-09-01,2026-09-01-33522462338,india-6464329993,india,the-federal,publish,ok,,511,67,511,613,82,120101,80375,39715,1722,221,922,,,,,,,
2026-09-01,2026-09-01-33522462338,india-9250794936,india,newslaundry,publish,ok,,192,69,192,729,60,70911,31978,38839,1239,222,922,,,,,,,
2026-09-01,2026-09-01-33522462338,india-2928341374,india,livemint-companies,publish,ok,,1406,128,1406,105,45,255009,189727,65167,2787,324,923,,,,,,,
2026-09-01,2026-09-01-33522462338,ai-7968991145,ai,databricks-blog,publish,ok,,1728,131,1728,341,108,386570,326334,60146,3177,318,0,,,,,,,
2026-09-01,2026-09-01-33522462338,ai-6923545788,ai,fastcompany-tech,summarize,failed,output_truncated,262,,262,668,61,290708,,,,,,,,,,,,
2026-09-01,2026-09-01-33522462338,energy-2018071614,energy,electrek,publish,ok,,1842,126,1842,259,44,310409,247308,63036,3302,335,923,,,,,,,
2026-09-01,2026-09-01-33522462338,energy-7059756590,energy,world-nuclear-news,publish,ok,,853,120,853,1140,22,178050,120615,57345,2096,315,923,,,,,,,
2026-09-01,2026-09-01-33522462338,energy-5550995753,energy,offshore-wind,publish,ok,not_prose,3,29,3,1431,146,120618,99478,21130,980,122,0,,,,,,,
2026-09-01,2026-09-01-33522462338,energy-5457843568,energy,yale-e360,publish,ok,,1110,133,1110,338,17,218879,155766,63003,2435,343,923,,,,,,,
2026-09-01,2026-09-01-33522462338,energy-0771729425,energy,heatmap,publish,ok,,3846,165,6276,190,102,679784,605011,74626,5806,364,0,,,,,,,
2026-09-01,2026-09-01-33522462338,energy-0740786286,energy,energy-storage,publish,ok,,1722,134,1722,763,51,290765,231366,59289,3165,315,923,,,,,,,
2026-09-01,2026-09-01-33522462338,energy-5510842891,energy,inside-climate-news,publish,ok,,1749,142,1749,733,43,308418,235530,72745,3216,383,923,,,,,,,
2026-09-01,2026-09-01-33522462338,energy-1010414917,energy,tdworld,publish,ok,,283,73,283,728,48,80833,43350,37439,1344,214,922,,,,,,,
2026-09-01,2026-09-01-33522462338,business-economy-2923542441,business-economy,quartz,publish,ok,,287,61,287,332,59,86911,47976,38923,1389,223,922,,,,,,,
2026-09-01,2026-09-01-33522462338,business-economy-4903412308,business-economy,semafor,publish,ok,,120,62,120,521,69,55124,20758,34356,1123,198,922,,,,,,,
2026-09-01,2026-09-01-33522462338,business-economy-2165415247,business-economy,semafor,publish,ok,,169,54,169,102,25,60242,28204,32029,1196,183,922,,,,,,,
2026-09-01,2026-09-01-33522462338,business-economy-6946089388,business-economy,aljazeera-economy,publish,ok,not_prose,5,25,5,1434,34,23937,6114,17815,980,105,922,,,,,,,
2026-09-01,2026-09-01-33522462338,business-economy-2493945037,business-economy,seekingalpha,publish,ok,too_short,40,37,40,374,55,39117,13187,25921,1050,152,922,,,,,,,
2026-09-01,2026-09-01-33522462338,world-9297899614,world,independent-world,publish,ok,,270,72,270,487,39,79245,40681,38555,1317,220,922,,,,,,,
2026-09-01,2026-09-01-33522462338,world-3624247373,world,guardian-world,publish,ok,,3218,130,3218,311,119,495015,438080,56817,5128,286,924,,,,,,,
2026-09-01,2026-09-01-33522462338,world-2343408169,world,apnews-world,publish,ok,,928,127,928,926,236,196154,138582,57454,2277,316,923,,,,,,,
2026-09-01,2026-09-01-33522462338,world-2662041997,world,cna-world,publish,ok,,143,62,143,1051,96,67982,26622,41351,1182,234,922,,,,,,,
2026-09-01,2026-09-01-33522462338,world-0220181934,world,news18-world,fetch,failed,http_client_error,,,,,,,,,,,,,,,,,,
2026-09-01,2026-09-01-33522462338,world-5443119814,world,scmp-news,extract,failed,paywalled,,,,,,,,,,,,,,,,,,
2026-09-01,2026-09-01-33522462338,world-4890297300,world,mongabay,publish,ok,,3846,104,3864,238,59,680313,622016,58142,6826,271,924,,,,,,,
2026-09-01,2026-09-01-33522462338,world-9033074388,world,lemonde-en,publish,ok,too_short,35,31,35,1380,5,31016,10084,20920,1022,123,922,,,,,,,
2026-09-01,2026-09-01-33522462338,world-7500419935,world,elpais-en,publish,ok,,1358,125,1358,563,69,241415,185585,55677,2728,298,923,,,,,,,
2026-09-01,2026-09-01-33522462338,world-6048255079,world,global-voices,publish,ok,,1909,116,1909,2077,61,321333,269832,51336,3535,272,923,,,,,,,
2026-09-01,2026-09-01-33522462338,india-3131581865,india,toi-india,publish,ok,,493,62,493,561,101,120671,76071,44589,1662,252,922,,,,,,,
2026-09-01,2026-09-01-33522462338,india-3341016147,india,livemint,publish,ok,,1001,114,1001,362,40,189990,138705,51147,2274,280,923,,,,,,,
2026-09-01,2026-09-01-33522462338,india-9042036616,india,deccan-chronicle,publish,ok,,592,76,592,2137,45,135516,87317,48141,1773,267,922,,,,,,,
2026-09-01,2026-09-01-33522462338,india-7099377520,india,free-press-journal,publish,ok,,330,63,330,1268,19,85835,50450,35303,1414,202,922,,,,,,,
2026-09-01,2026-09-01-33522462338,india-9512247610,india,thehindu-all,publish,ok,,233,70,233,327,40,83098,39730,43359,1309,251,922,,,,,,,
2026-09-01,2026-09-01-33522462338,india-2171656491,india,hindustan-times,publish,ok,,547,71,547,390,60,130150,84519,45620,1745,257,922,,,,,,,
2026-09-01,2026-09-01-33522462338,india-8488947214,india,the-federal,publish,ok,,752,103,752,456,83,161442,108492,52820,1982,292,923,,,,,,,
2026-09-01,2026-09-01-33522462338,india-1992427682,india,thehindu-biz,publish,ok,,306,63,306,127,39,96774,57819,38869,1485,224,922,,,,,,,
2026-09-01,2026-09-01-33522462338,india-2551549996,india,scroll-in,publish,ok,,497,75,497,894,34,115985,73159,42814,1633,244,922,,,,,,,
2026-09-01,2026-09-01-33522462338,india-2838125738,india,the-quint,publish,ok,,1290,98,1290,512,78,227357,178781,48392,2658,256,923,,,,,,,
2026-09-01,2026-09-01-33540190186,ai-5426673162,ai,nvidia-technical-blog,publish,ok,,1704,119,1704,280,51,379527,321251,58188,3163,317,0,,,,,,,
2026-09-01,2026-09-01-33540190186,ai-8772505712,ai,techcrunch-ai,publish,ok,,276,69,276,82,35,166779,131260,35477,1303,205,0,,,,,,,
2026-09-01,2026-09-01-33540190186,ai-6021942876,ai,databricks-blog,publish,ok,,3162,172,3162,233,109,569835,506441,63219,4909,330,0,,,,,,,
2026-09-01,2026-09-01-33540190186,ai-9763481968,ai,fastcompany-tech,publish,ok,,340,69,340,394,63,82489,48403,34075,1397,192,922,,,,,,,
2026-09-01,2026-09-01-33540190186,energy-4840281645,energy,modern-power,publish,ok,,311,79,311,596,31,97984,51174,46799,1425,259,922,,,,,,,
2026-09-01,2026-09-01-33540190186,energy-8005302537,energy,oilprice,publish,ok,,856,108,856,564,43,174286,123406,50790,2132,281,923,,,,,,,
2026-09-01,2026-09-01-33540190186,energy-7467223312,energy,balkangreen,publish,ok,,370,75,370,2924,41,104142,60123,44009,1510,247,922,,,,,,,
2026-09-01,2026-09-01-33540190186,energy-9513738608,energy,world-nuclear-news,publish,ok,,646,76,646,1353,22,127717,86815,40889,1769,224,922,,,,,,,
2026-09-01,2026-09-01-33540190186,energy-3139986691,energy,offshore-wind,publish,ok,not_prose,3,40,3,1887,146,123715,99212,24495,983,142,0,,,,,,,
2026-09-01,2026-09-01-33540190186,energy-8716274195,energy,energy-storage,publish,ok,,1020,107,1020,1027,61,203418,151308,51946,2401,286,923,,,,,,,
2026-09-01,2026-09-01-33540190186,energy-5782779999,energy,cleantechnica,publish,ok,,1022,121,1022,581,29,198746,142062,56534,2314,313,923,,,,,,,
2026-09-01,2026-09-01-33540190186,business-economy-7225450509,business-economy,semafor,publish,ok,,179,51,179,633,23,58007,27716,30236,1192,171,922,,,,,,,
2026-09-01,2026-09-01-33540190186,business-economy-8256851190,business-economy,cna-business,publish,ok,,298,71,298,963,97,80838,44882,35946,1363,205,922,,,,,,,
2026-09-01,2026-09-01-33540190186,business-economy-9776095594,business-economy,business-today-in,publish,ok,,684,78,684,248,110,137453,94242,43200,1846,241,922,,,,,,,
2026-09-01,2026-09-01-33540190186,business-economy-7389082406,business-economy,marginal-revolution,extract,failed,no_text,,,,,,,,,,,,,,,,,,
2026-09-01,2026-09-01-33540190186,business-economy-5531088937,business-economy,seekingalpha,fetch,failed,http_client_error,,,,,,,,,,,,,,,,,,
2026-09-01,2026-09-01-33540190186,world-6877820589,world,guardian-world,publish,ok,,526,61,526,457,42,110212,73325,36835,1640,206,922,,,,,,,
2026-09-01,2026-09-01-33540190186,world-6738499825,world,guardian-world,publish,ok,,661,81,661,151,40,126522,86461,40049,1768,220,922,,,,,,,
2026-09-01,2026-09-01-33540190186,world-5000172285,world,thehindu-intl,publish,ok,,284,74,284,492,42,90095,44615,45410,1357,252,922,,,,,,,
2026-09-01,2026-09-01-33540190186,world-2921995207,world,euronews,publish,ok,,338,62,338,738,62,83143,48985,34149,1401,189,922,,,,,,,
2026-09-01,2026-09-01-33540190186,world-9459045089,world,apnews-world,publish,ok,,682,78,682,239,214,140298,95118,45168,1852,247,922,,,,,,,
2026-09-01,2026-09-01-33540190186,world-6736130898,world,japan-times,publish,ok,,143,54,143,1338,47,58763,24939,33750,1166,187,922,,,,,,,
2026-09-01,2026-09-01-33540190186,world-7496228697,world,scmp-news,extract,failed,paywalled,,,,,,,,,,,,,,,,,,
2026-09-01,2026-09-01-33540190186,world-2435031791,world,dw-world,publish,ok,,669,83,669,22144,35,132805,90209,42584,1801,230,922,,,,,,,
2026-09-01,2026-09-01-33540190186,world-4302326829,world,lemonde-en,publish,ok,too_short,35,33,35,1080,5,32867,10470,22387,1024,130,922,,,,,,,
2026-09-01,2026-09-01-33540190186,world-7526416253,world,npr-world,publish,ok,,925,130,925,1119,35,183928,124112,59734,2142,328,923,,,,,,,
2026-09-01,2026-09-01-33540190186,india-4232377147,india,thehindu-all,publish,ok,,214,54,214,212,38,72580,37072,35428,1284,195,922,,,,,,,
2026-09-01,2026-09-01-33540190186,india-2421681810,india,free-press-journal,publish,ok,,380,66,380,462,20,94283,56788,37486,1475,200,922,,,,,,,
2026-09-01,2026-09-01-33540190186,india-0319360960,india,ht-business,publish,ok,,233,50,233,434,56,70520,38687,31824,1299,170,922,,,,,,,
2026-09-01,2026-09-01-33540190186,india-5127336939,india,ht-business,publish,ok,,1566,106,1566,306,70,276474,220015,56286,3065,311,923,,,,,,,
2026-09-01,2026-09-01-33540190186,india-7198543441,india,livemint,publish,ok,,512,65,512,2040,30,114580,72910,41658,1636,226,922,,,,,,,
2026-09-01,2026-09-01-33540190186,india-7714729332,india,india-today,publish,ok,,666,71,666,199,69,149831,106142,43676,1963,243,922,,,,,,,
2026-09-01,2026-09-01-33540190186,india-3193431513,india,the-federal,publish,ok,,857,111,857,1484,80,183516,127941,55391,2178,313,923,,,,,,,
2026-09-01,2026-09-01-33540190186,india-3361608887,india,thehindu-biz,publish,ok,,140,70,140,224,38,67816,25774,41950,1176,241,922,,,,,,,
2026-09-01,2026-09-01-33540190186,india-4008475750,india,scroll-in,publish,ok,,370,72,370,407,34,100392,58360,42022,1494,240,922,,,,,,,
2026-09-01,2026-09-01-33540190186,ai-5044077992,ai,aws-ml-blog,publish,ok,,1647,115,1647,240,132,366191,317715,48374,3108,264,0,,,,,,,
2026-09-01,2026-09-01-33540190186,ai-6387159072,ai,techcrunch-ai,publish,ok,,350,98,350,392,37,192737,146730,45965,1446,265,0,,,,,,,
2026-09-01,2026-09-01-33540190186,ai-7005953627,ai,huggingface-blog,publish,ok,,1517,103,1517,133,54,277395,225377,51961,3119,283,923,,,,,,,
2026-09-01,2026-09-01-33540190186,ai-4351626269,ai,fastcompany-tech,publish,ok,,355,64,355,550,61,93738,54150,39577,1461,229,934,,,,,,,
2026-09-01,2026-09-01-33540190186,energy-1511519275,energy,electrek,publish,ok,,1261,111,1261,91,38,224224,173494,50656,2617,281,923,,,,,,,
2026-09-01,2026-09-01-33540190186,energy-0097419909,energy,power-magazine,publish,ok,,1579,121,1579,293,61,270092,214518,55440,3011,303,923,,,,,,,
2026-09-01,2026-09-01-33540190186,energy-0115726622,energy,greentech,publish,ok,,243,73,243,937,30,69129,36125,32994,1274,193,922,,,,,,,
2026-09-01,2026-09-01-33540190186,energy-6071308960,energy,pv-magazine,publish,ok,,604,94,604,2188,52,147737,97579,50146,1875,285,922,,,,,,,
2026-09-01,2026-09-01-33540190186,energy-3116986310,energy,pv-magazine,publish,ok,,357,60,357,1646,54,86391,51176,35162,1421,204,922,,,,,,,
2026-09-01,2026-09-01-33540190186,energy-7856072606,energy,energy-storage,publish,ok,,398,71,398,642,48,108442,65757,42675,1566,244,922,,,,,,,
2026-09-01,2026-09-01-33540190186,energy-4792820452,energy,tdworld,publish,ok,,693,70,693,570,193,138117,94554,43550,1845,248,922,,,,,,,
2026-09-01,2026-09-01-33540190186,business-economy-2314635043,business-economy,semafor,publish,ok,,481,74,481,572,29,103028,68412,34565,1591,200,922,,,,,,,
2026-09-01,2026-09-01-33540190186,business-economy-1905165583,business-economy,cna-business,publish,ok,,343,72,343,1773,97,85974,49312,36652,1406,213,922,,,,,,,
2026-09-01,2026-09-01-33540190186,business-economy-5660787259,business-economy,quartz,extract,failed,no_text,,,,,,,,,,,,,,,,,,
2026-09-01,2026-09-01-33540190186,business-economy-9548635007,business-economy,bbc-business,publish,ok,,477,84,477,642,45,109567,65522,44034,1564,254,922,,,,,,,
2026-09-01,2026-09-01-33540190186,business-economy-5100655540,business-economy,econbrowser,publish,ok,not_prose,25,27,25,665,10,123173,102086,21079,1004,124,0,,,,,,,
2026-09-01,2026-09-01-33540190186,world-3103726815,world,elpais-en,publish,ok,,1096,101,1096,783,67,217646,164158,53427,2524,297,923,,,,,,,
2026-09-01,2026-09-01-33540190186,world-9559935539,world,news18-world,fetch,failed,http_client_error,,,,,,,,,,,,,,,,,,
2026-09-01,2026-09-01-33540190186,world-6501866683,world,independent-world,publish,ok,,1302,106,1302,233,78,240227,182443,57645,2697,318,923,,,,,,,
2026-09-01,2026-09-01-33540190186,world-3885180616,world,thehindu-intl,publish,ok,,548,65,548,299,43,120128,83489,36627,1737,210,922,,,,,,,
2026-09-01,2026-09-01-33540190186,world-4314437528,world,mongabay,publish,ok,,478,86,478,311,27,114910,68222,46621,1588,267,922,,,,,,,
2026-09-01,2026-09-01-33540190186,world-3034533220,world,anadolu-world,publish,ok,,322,68,322,4035,95,86163,49131,37022,1402,213,922,,,,,,,
2026-09-01,2026-09-01-33540190186,world-7408962308,world,japan-times,publish,ok,,146,68,146,1436,48,57873,25702,32162,1174,188,922,,,,,,,
2026-09-01,2026-09-01-33540190186,world-3081798445,world,france24,publish,ok,,129,47,129,146,68,51647,21957,29682,1137,174,922,,,,,,,
2026-09-01,2026-09-01-33540190186,world-8835848622,world,conversation-africa,publish,ok,,1025,97,1025,384,36,186728,139349,47193,2281,263,923,,,,,,,
2026-09-01,2026-09-01-33540190186,india-4334601636,india,the-hindu-national,publish,ok,,327,66,327,154,42,91341,51051,40280,1421,232,922,,,,,,,
2026-09-01,2026-09-01-33540190186,india-0349607748,india,toi-india,publish,ok,,155,76,155,548,106,68058,28488,39562,1201,232,922,,,,,,,
2026-09-01,2026-09-01-33540190186,india-1296533986,india,economic-times,publish,ok,,446,90,446,725,63,127456,70728,56717,1615,326,922,,,,,,,
2026-09-01,2026-09-01-33540190186,india-8246473624,india,thehindu-business,publish,ok,,514,79,514,539,35,139013,86187,52736,1764,301,922,,,,,,,
2026-09-01,2026-09-01-33540190186,india-4297927023,india,deccan-chronicle,publish,ok,,454,57,454,3185,45,93132,61908,31153,1528,181,922,,,,,,,
2026-09-01,2026-09-01-33540190186,india-4470842350,india,india-today,publish,ok,,926,130,926,335,73,191284,130080,61053,2189,342,923,,,,,,,
2026-09-01,2026-09-01-33540190186,india-0049685287,india,dna-india,publish,ok,,809,110,809,2264,84,159623,109801,49654,1996,281,923,,,,,,,
2026-09-01,2026-09-01-33540190186,india-3285462101,india,thehindu-biz,publish,ok,,508,69,508,184,42,115442,75694,39737,1663,228,922,,,,,,,
2026-09-01,2026-09-01-33540190186,india-1204090902,india,newslaundry,publish,ok,,803,110,803,708,62,174152,122944,51040,2127,287,923,,,,,,,
2026-09-01,2026-09-01-33540190186,india-8273397482,india,livemint-markets,publish,ok,,372,63,372,353,34,96516,58218,38213,1490,221,922,,,,,,,
2026-09-01,2026-09-01-33540190186,ai-4178147238,ai,deepmind-blog,publish,ok,not_prose,706,46,706,759,70,140969,105495,35398,1964,196,922,,,,,,,
2026-09-01,2026-09-01-33540190186,ai-3198370512,ai,nvidia-technical-blog,publish,ok,,2272,136,2272,1735,55,545170,489165,55849,4783,285,0,,,,,,,
2026-09-01,2026-09-01-33540190186,ai-6124853236,ai,guardian-ai,publish,ok,,711,129,711,475,45,235189,186603,48521,1857,265,0,,,,,,,
2026-09-01,2026-09-01-33540190186,ai-0523144116,ai,simon-willison,publish,ok,,80,52,80,225,7,139926,110550,29336,1104,167,0,,,,,,,
2026-09-01,2026-09-01-33540190186,ai-8356812113,ai,the-decoder,publish,ok,,591,68,591,3431,30,118426,80349,38062,1714,207,922,,,,,,,
2026-09-01,2026-09-01-33540190186,energy-1297440020,energy,electrek,publish,ok,,456,55,456,165,41,111250,70381,40813,1617,226,922,,,,,,,
2026-09-01,2026-09-01-33540190186,energy-1204606006,energy,oilprice,publish,ok,,370,93,370,465,44,97323,51409,45903,1431,260,922,,,,,,,
2026-09-01,2026-09-01-33540190186,energy-0972465606,energy,energy-mix,publish,ok,,846,138,846,2235,72,172554,114756,57721,2054,319,923,,,,,,,
2026-09-01,2026-09-01-33540190186,energy-0654372145,energy,solar-quarter,publish,ok,,393,75,393,6695,100,97309,54724,42574,1461,238,922,,,,,,,
2026-09-01,2026-09-01-33540190186,energy-3359332664,energy,power-magazine,publish,ok,,928,128,928,245,51,183707,125138,58468,2159,318,923,,,,,,,
2026-09-01,2026-09-01-33540190186,energy-4936416723,energy,energy-mix,publish,ok,,437,63,437,2203,68,111567,68177,43379,1597,239,922,,,,,,,
2026-09-01,2026-09-01-33540190186,business-economy-1569375095,business-economy,aljazeera-economy,publish,ok,,865,104,865,1156,35,165020,118557,46331,2093,253,923,,,,,,,
2026-09-01,2026-09-01-33540190186,business-economy-2103618804,business-economy,yahoo-finance,fetch,failed,robots_denied,,,,,,,,,,,,,,,,,,
2026-09-01,2026-09-01-33540190186,business-economy-9831874582,business-economy,guardian-business,publish,ok,,485,73,485,161,45,111894,69611,42272,1611,231,922,,,,,,,
2026-09-01,2026-09-01-33540190186,business-economy-0726309018,business-economy,aljazeera-economy,publish,ok,not_prose,38,25,38,596,161,122904,102988,19905,1026,113,0,,,,,,,
2026-09-01,2026-09-01-33540190186,business-economy-6787800793,business-economy,seekingalpha,fetch,failed,http_client_error,,,,,,,,,,,,,,,,,,
2026-09-01,2026-09-01-33540190186,business-economy-9710301309,business-economy,naked-capitalism,publish,ok,,2276,145,2276,906,30,364307,299558,64674,3855,339,924,,,,,,,
2026-09-01,2026-09-01-33540190186,world-0051798164,world,elpais-en,publish,ok,,729,119,729,945,66,167153,107582,59437,1983,323,923,,,,,,,
2026-09-01,2026-09-01-33540190186,world-2064241338,world,news18-world,fetch,failed,http_client_error,,,,,,,,,,,,,,,,,,
2026-09-01,2026-09-01-33540190186,world-7890187211,world,abc-au-world,publish,ok,,681,86,681,755,70,135561,90562,44986,1815,251,922,,,,,,,
2026-09-01,2026-09-01-33540190186,world-3424473741,world,apnews-world,publish,ok,,192,77,192,207,191,81443,34369,47025,1260,266,922,,,,,,,
2026-09-01,2026-09-01-33540190186,world-3144055492,world,france24,publish,ok,,794,94,794,538,56,145870,103879,41904,1948,232,923,,,,,,,
2026-09-01,2026-09-01-33540190186,world-5795973744,world,abc-au-world,publish,ok,,533,76,533,322,65,127598,79483,48102,1707,261,922,,,,,,,
2026-09-01,2026-09-01-33540190186,world-8486257543,world,bbc-world,publish,ok,,827,104,827,279,60,163695,112499,51094,2030,278,923,,,,,,,
2026-09-01,2026-09-01-33540190186,world-8772487971,world,scmp-news,extract,failed,paywalled,,,,,,,,,,,,,,,,,,
2026-09-01,2026-09-01-33540190186,world-3043143204,world,npr-world,publish,ok,,818,99,818,771,35,168774,118574,50043,2092,273,923,,,,,,,
2026-09-01,2026-09-01-33540190186,india-7150191311,india,the-hindu-national,publish,ok,,169,92,169,258,41,87882,31153,56669,1228,318,922,,,,,,,
2026-09-01,2026-09-01-33540190186,india-9311322543,india,toi-top,publish,ok,,349,74,349,561,84,97028,52683,44334,1441,242,922,,,,,,,
2026-09-01,2026-09-01-33540190186,india-2895113642,india,economic-times,publish,ok,,344,76,344,188,74,94134,49827,44295,1421,243,929,,,,,,,
2026-09-01,2026-09-01-33540190186,india-8877968662,india,deccan-chronicle,publish,ok,,697,59,697,1911,49,137036,97853,39168,1894,214,929,,,,,,,
2026-09-01,2026-09-01-33540190186,india-2471216840,india,free-press-journal,publish,ok,,648,78,648,774,22,174874,132959,41832,1908,226,592,,,,,,,
2026-09-01,2026-09-01-33540190186,india-8897510894,india,livemint,publish,ok,,425,66,425,445,35,97810,60899,36849,1522,205,922,,,,,,,
2026-09-01,2026-09-01-33540190186,india-9641583854,india,hindustan-times,publish,ok,,1003,117,1003,492,65,189584,139739,49740,2295,274,923,,,,,,,
2026-09-01,2026-09-01-33540190186,india-6485339525,india,scroll-in,publish,ok,,807,96,807,488,37,160462,112196,48154,2030,261,923,,,,,,,
2026-09-01,2026-09-01-33540190186,india-3803785131,india,dna-india,publish,ok,,382,52,382,2243,62,108355,63657,44686,1551,249,922,,,,,,,
2026-09-01,2026-09-01-33540190186,india-6403069082,india,livemint-markets,publish,ok,,768,138,768,105,38,182383,114535,67746,2053,363,923,,,,,,,
2026-09-01,2026-09-01-33540190186,ai-2515174690,ai,aws-ml-blog,publish,ok,,2619,140,2619,585,162,516240,456627,59445,4444,309,0,,,,,,,
2026-09-01,2026-09-01-33540190186,ai-7462021182,ai,the-decoder,publish,ok,,247,71,247,4460,25,174203,133673,40488,1316,219,0,,,,,,,
2026-09-01,2026-09-01-33540190186,ai-3440126809,ai,guardian-ai,publish,ok,not_prose,80,32,80,812,33,48130,15908,32168,1076,176,922,,,,,,,
2026-09-01,2026-09-01-33540190186,ai-5105737171,ai,simon-willison,publish,ok,not_prose,283,33,283,592,10,83548,53196,30342,1440,160,922,,,,,,,
2026-09-01,2026-09-01-33540190186,energy-6597436358,energy,greentech,publish,ok,,490,75,490,1210,31,115134,71382,43690,1617,235,922,,,,,,,
2026-09-01,2026-09-01-33540190186,energy-4490772434,energy,modern-power,publish,ok,,379,77,379,851,32,121173,63420,57742,1539,296,922,,,,,,,
2026-09-01,2026-09-01-33540190186,energy-2495072060,energy,balkangreen,publish,ok,,375,111,375,3962,42,107254,53418,53825,1442,285,922,,,,,,,
2026-09-01,2026-09-01-33540190186,energy-6854315267,energy,solar-quarter,summarize,failed,length_out_of_range,322,,322,5583,95,191906,,,,,,,,,,,,
2026-09-01,2026-09-01-33540190186,energy-0635800148,energy,world-nuclear-news,publish,ok,,472,76,472,1717,20,115249,75514,39686,1544,223,804,,,,,,,
2026-09-01,2026-09-01-33540190186,energy-2024593629,energy,offshore-wind,publish,ok,not_prose,3,39,3,2441,141,124297,99964,24324,982,135,0,,,,,,,
2026-09-01,2026-09-01-33540190186,energy-6563066587,energy,cleantechnica,publish,ok,,371,64,371,1056,25,92671,53371,39290,1445,218,922,,,,,,,
2026-09-01,2026-09-01-33540190186,business-economy-5754381343,business-economy,business-today-in,publish,ok,,326,55,326,850,116,91154,50685,40459,1428,221,933,,,,,,,
2026-09-01,2026-09-01-33540190186,business-economy-4200990416,business-economy,yahoo-finance,publish,ok,,427,54,427,849,107,118103,77982,40111,1693,220,933,,,,,,,
2026-09-01,2026-09-01-33540190186,business-economy-2933387412,business-economy,quartz,publish,ok,,421,66,421,291,52,120404,75715,44641,1543,248,804,,,,,,,
2026-09-01,2026-09-01-33540190186,business-economy-9567271159,business-economy,bbc-business,extract,failed,no_text,,,,,,,,,,,,,,,,,,
2026-09-01,2026-09-01-33540190186,business-economy-1598343636,business-economy,conversable-economist,publish,ok,,861,134,861,1144,22,272146,209724,62328,2068,346,0,,,,,,,
2026-09-01,2026-09-01-33540190186,world-0758793761,world,anadolu-world,publish,ok,,359,51,359,5054,95,92512,56167,36333,1472,205,922,,,,,,,
2026-09-01,2026-09-01-33540190186,world-4630718444,world,independent-world,publish,ok,,359,73,359,939,41,91220,51094,40116,1425,227,922,,,,,,,
2026-09-01,2026-09-01-33540190186,world-9272846397,world,mongabay,publish,ok,,1070,121,1070,694,33,219083,160165,58867,2492,324,923,,,,,,,
2026-09-01,2026-09-01-33540190186,world-6070432082,world,euronews,publish,ok,,676,63,676,932,69,146457,102858,43589,1930,232,922,,,,,,,
2026-09-01,2026-09-01-33540190186,world-5813931418,world,africanews,publish,ok,,193,54,193,1290,32,61198,29307,31806,1207,175,922,,,,,,,
2026-09-01,2026-09-01-33540190186,world-0031648113,world,bbc-world,publish,ok,,740,101,740,209,58,145422,98747,46616,1889,258,923,,,,,,,
2026-09-01,2026-09-01-33540190186,world-8431378550,world,africanews,publish,ok,,263,63,263,1130,36,74565,39267,35287,1305,198,922,,,,,,,
2026-09-01,2026-09-01-33540190186,world-2683167401,world,lemonde-en,publish,ok,too_short,35,36,35,1573,5,32378,10332,22037,1020,124,922,,,,,,,
2026-09-01,2026-09-01-33540190186,world-6873548174,world,dw-world,publish,ok,,1015,114,1015,43420,38,182827,132191,50501,2216,270,923,,,,,,,
2026-09-01,2026-09-01-33540190186,india-7334192105,india,thehindu-all,publish,ok,,110,65,110,930,44,61466,21223,40235,1128,223,922,,,,,,,
2026-09-01,2026-09-01-33540190186,india-0463979801,india,toi-india,publish,ok,,456,94,456,808,93,135270,75513,59745,1656,322,922,,,,,,,
2026-09-01,2026-09-01-33540190186,india-3972669481,india,livemint-companies,publish,ok,,1093,107,1093,467,39,216490,162414,53974,2505,287,923,,,,,,,
2026-09-01,2026-09-01-33540190186,india-2886679405,india,toi-top,publish,ok,,1041,135,1041,205,67,210669,149302,61307,2381,334,923,,,,,,,
2026-09-01,2026-09-01-33540190186,india-6642483207,india,thehindu-business,publish,ok,,561,67,561,813,36,127106,91279,35714,1812,196,922,,,,,,,
2026-09-01,2026-09-01-33540190186,india-3285576127,india,livemint-companies,publish,ok,,638,68,638,304,33,133705,95154,38468,1854,219,922,,,,,,,
2026-09-01,2026-09-01-33540190186,india-9319048390,india,hindustan-times,publish,ok,,742,108,742,617,65,158781,106852,51746,1962,285,923,,,,,,,
2026-09-01,2026-09-01-33540190186,india-9676534272,india,the-federal,publish,ok,,752,114,752,861,78,164674,112853,51673,2027,278,923,,,,,,,
2026-09-01,2026-09-01-33540190186,india-8413213796,india,newslaundry,publish,ok,not_prose,1196,44,1196,521,67,272679,241076,31176,3276,167,928,,,,,,,
2026-09-01,2026-09-01-33540190186,india-7359347631,india,frontline,publish,ok,,1305,102,1305,575,36,227677,181268,46191,2691,250,923,,,,,,,
2026-09-01,2026-09-01-33559274117,ai-1891426446,ai,aws-ml-blog,publish,ok,,820,116,820,211,127,285202,216546,68553,2122,328,0,,,,,,,
2026-09-01,2026-09-01-33559274117,ai-4600177379,ai,the-decoder,publish,ok,,230,65,230,5029,26,164976,130016,34949,1286,195,0,,,,,,,
2026-09-01,2026-09-01-33559274117,ai-6369139678,ai,databricks-blog,publish,ok,,1302,115,1302,229,100,229590,174960,54521,2627,278,923,,,,,,,
2026-09-01,2026-09-01-33559274117,ai-4099430878,ai,bbc-tech,publish,ok,,161,46,161,458,35,50070,24185,25876,1160,146,922,,,,,,,
2026-09-01,2026-09-01-33559274117,ai-6923545788,ai,fastcompany-tech,publish,ok,,262,66,262,718,65,71310,37640,33659,1291,186,922,,,,,,,
2026-09-01,2026-09-01-33559274117,energy-8725935201,energy,oilprice,publish,ok,,710,101,710,917,45,152371,96900,55351,1867,254,923,,,,,,,
2026-09-01,2026-09-01-33559274117,energy-3565945597,energy,modern-power,publish,ok,,420,72,420,802,32,105670,58927,46732,1502,251,922,,,,,,,
2026-09-01,2026-09-01-33559274117,energy-8403868700,energy,world-nuclear-news,publish,ok,,377,79,377,2137,20,106961,60062,46886,1515,258,922,,,,,,,
2026-09-01,2026-09-01-33559274117,energy-8727479553,energy,offshore-wind,fetch,failed,http_client_error,,,,,,,,,,,,,,,,,,
2026-09-01,2026-09-01-33559274117,business-economy-9117772178,business-economy,cna-business,publish,ok,,123,60,123,382,91,57261,21625,35628,1134,202,922,,,,,,,
2026-09-01,2026-09-01-33559274117,business-economy-2272444203,business-economy,quartz,publish,ok,,377,65,377,144,51,105075,64012,41050,1552,228,922,,,,,,,
2026-09-01,2026-09-01-33559274117,business-economy-5800435640,business-economy,semafor,publish,ok,,610,89,610,552,33,128265,82437,45817,1733,250,922,,,,,,,
2026-09-01,2026-09-01-33559274117,business-economy-0807226321,business-economy,business-today-in,publish,ok,,494,67,494,277,224,121305,80217,41029,1710,220,922,,,,,,,
2026-09-01,2026-09-01-33559274117,business-economy-2285520309,business-economy,bbc-business,extract,failed,no_text,,,,,,,,,,,,,,,,,,
2026-09-01,2026-09-01-33559274117,world-3072862921,world,abc-au-world,publish,ok,,906,138,906,392,73,192070,125006,66928,2142,316,923,,,,,,,
2026-09-01,2026-09-01-33559274117,world-7063509814,world,bbc-world,publish,ok,,504,64,504,33,50,104661,71103,33498,1622,187,922,,,,,,,
2026-09-01,2026-09-01-33559274117,world-9979486606,world,independent-world,publish,ok,,341,81,341,236,49,98875,49438,49427,1409,266,922,,,,,,,
2026-09-01,2026-09-01-33559274117,world-0845193056,world,mongabay,publish,ok,,1650,114,1650,673,40,293519,241642,51708,3260,244,923,,,,,,,
2026-09-01,2026-09-01-33559274117,world-0156047450,world,bbc-world,publish,ok,,578,98,578,182,60,136701,80017,56671,1707,293,922,,,,,,,
2026-09-01,2026-09-01-33559274117,world-9622701693,world,africanews,publish,ok,,396,58,396,1025,35,107318,64901,42360,1559,221,922,,,,,,,
2026-09-01,2026-09-01-33559274117,world-5560396756,world,dw-world,publish,ok,,1014,118,1014,2493,38,207112,142008,64972,2309,328,923,,,,,,,
2026-09-01,2026-09-01-33559274117,world-8579262895,world,africanews,publish,ok,,199,80,199,612,31,75987,30594,45383,1222,249,922,,,,,,,
2026-09-01,2026-09-01-33559274117,india-5269953935,india,the-hindu-national,publish,ok,,139,52,139,569,39,69458,29554,39892,1214,220,922,,,,,,,
2026-09-01,2026-09-01-33559274117,india-3514903870,india,economic-times,publish,ok,,474,80,474,325,79,115356,70106,45239,1611,239,922,,,,,,,
2026-09-01,2026-09-01-33559274117,india-9178657161,india,deccan-chronicle,publish,ok,,1342,93,1342,4862,59,437982,372143,65776,4530,322,923,,,,,,,
2026-09-01,2026-09-01-33559274117,india-4318702940,india,livemint,publish,ok,,468,77,468,349,32,110280,64654,45615,1558,252,922,,,,,,,
2026-09-01,2026-09-01-33559274117,india-3590183797,india,economic-times,publish,ok,,416,58,416,90,71,104726,65741,38974,1570,220,922,,,,,,,
2026-09-01,2026-09-01-33559274117,india-0453288154,india,deccan-chronicle,publish,ok,,1405,96,1405,1039,53,237372,186866,50344,2749,270,923,,,,,,,
2026-09-01,2026-09-01-33559274117,india-8037124325,india,livemint-companies,publish,ok,,472,66,472,66,31,121603,71583,50009,1625,221,922,,,,,,,
2026-09-01,2026-09-01-33559274117,india-0132649547,india,thehindu-biz,publish,ok,,163,66,163,213,37,74250,28806,45434,1202,209,922,,,,,,,
2026-09-01,2026-09-01-33559274117,india-5776737746,india,scroll-in,publish,ok,,435,87,435,359,35,135599,74835,60754,1651,284,922,,,,,,,
2026-09-01,2026-09-01-33559274117,india-7396373503,india,dna-india,publish,ok,,522,76,522,2294,80,113307,70043,43155,1605,215,922,,,,,,,
2026-09-01,2026-09-01-33559274117,ai-0880482431,ai,techcrunch-ai,publish,ok,,436,59,436,204,43,183800,152850,30906,1508,176,0,,,,,,,
2026-09-01,2026-09-01-33559274117,ai-4452737681,ai,techcrunch-ai,publish,ok,,403,82,403,98,36,110354,59291,51052,1504,291,922,,,,,,,
2026-09-01,2026-09-01-33559274117,ai-2409367599,ai,google-research-blog,publish,ok,,1347,104,1347,889,69,340918,286966,53829,2823,294,0,,,,,,,
2026-09-01,2026-09-01-33559274117,ai-8827797233,ai,guardian-ai,publish,ok,,941,77,941,664,74,168593,130707,37832,2205,212,923,,,,,,,
2026-09-01,2026-09-01-33559274117,energy-9722406536,energy,oilprice,publish,ok,,877,125,877,970,45,176936,121857,55021,2114,301,923,,,,,,,
2026-09-01,2026-09-01-33559274117,energy-1776562520,energy,greentech,publish,ok,,318,90,318,1248,30,102427,47656,54760,1391,313,922,,,,,,,
2026-09-01,2026-09-01-33559274117,energy-4590515953,energy,power-magazine,publish,ok,,1163,114,1163,177,55,243147,180200,62882,2682,348,923,,,,,,,
2026-09-01,2026-09-01-33559274117,energy-4416158470,energy,pv-magazine,publish,ok,,264,87,264,3330,48,100922,47282,53629,1385,303,922,,,,,,,
2026-09-01,2026-09-01-33559274117,business-economy-0704728575,business-economy,cna-business,publish,ok,,183,61,183,577,97,59594,28080,31505,1198,178,922,,,,,,,
2026-09-01,2026-09-01-33559274117,business-economy-0412702875,business-economy,quartz,publish,ok,,1627,103,1627,159,71,254919,212085,42764,2990,237,923,,,,,,,
2026-09-01,2026-09-01-33559274117,business-economy-5214306476,business-economy,business-today-in,publish,ok,,929,126,929,227,225,175618,119640,55859,2095,315,923,,,,,,,
2026-09-01,2026-09-01-33559274117,business-economy-1926794715,business-economy,guardian-business,publish,ok,,567,73,567,55,41,111684,76200,35472,1669,199,922,,,,,,,
2026-09-01,2026-09-01-33559274117,business-economy-7608306871,business-economy,yahoo-finance,publish,ok,,451,85,451,455,118,126239,74672,51554,1654,292,922,,,,,,,
2026-09-01,2026-09-01-33559274117,world-4282166629,world,france24,publish,ok,,444,87,444,263,57,106027,61934,44042,1530,250,922,,,,,,,
2026-09-01,2026-09-01-33559274117,world-9395399080,world,abc-au-world,publish,ok,,849,116,849,353,74,182473,122313,60041,2123,340,923,,,,,,,
2026-09-01,2026-09-01-33559274117,world-9733924430,world,independent-world,publish,ok,,472,78,472,372,37,112631,71294,41326,1620,236,922,,,,,,,
2026-09-01,2026-09-01-33559274117,world-4232175450,world,scmp-news,extract,failed,paywalled,,,,,,,,,,,,,,,,,,
2026-09-01,2026-09-01-33559274117,world-8552572214,world,euronews,publish,ok,,571,68,571,657,63,119330,79491,39829,1701,225,922,,,,,,,
2026-09-01,2026-09-01-33559274117,world-0485243174,world,elpais-en,publish,ok,,456,59,456,1523,63,101559,64807,36692,1556,207,922,,,,,,,
2026-09-01,2026-09-01-33559274117,world-3809771504,world,scmp-news,extract,failed,paywalled,,,,,,,,,,,,,,,,,,
2026-09-01,2026-09-01-33559274117,world-4359728468,world,lemonde-en,publish,ok,too_short,35,44,35,1456,5,125374,103359,22007,1018,126,0,,,,,,,
2026-09-01,2026-09-01-33559274117,world-3984430175,world,japan-times,publish,ok,,107,60,107,1289,48,56151,21068,35074,1126,197,922,,,,,,,
2026-09-01,2026-09-01-33559274117,india-3751873158,india,toi-india,publish,ok,,247,80,247,392,113,81435,38445,42980,1300,244,922,,,,,,,
2026-09-01,2026-09-01-33559274117,india-5614952557,india,india-today,publish,ok,,342,77,342,650,67,95989,54244,41735,1452,236,922,,,,,,,
2026-09-01,2026-09-01-33559274117,india-2612981836,india,free-press-journal,publish,ok,,393,73,393,272,19,99965,57069,42886,1497,243,940,,,,,,,
2026-09-01,2026-09-01-33559274117,india-4865506311,india,thehindu-all,publish,ok,,93,60,93,376,37,57308,20204,37097,1120,211,922,,,,,,,
2026-09-01,2026-09-01-33559274117,india-2972182792,india,thehindu-biz,publish,ok,,448,61,448,465,39,106006,64188,41806,1553,243,922,,,,,,,
2026-09-01,2026-09-01-33559274117,india-6582427689,india,frontline,publish,ok,,2088,185,2088,395,41,456562,379872,76506,3712,404,0,,,,,,,
2026-09-01,2026-09-01-33559274117,india-7646660618,india,ht-business,publish,ok,,1029,116,1029,300,61,206669,144454,62116,2333,344,923,,,,,,,
2026-09-01,2026-09-01-33559274117,india-1214195706,india,the-federal,publish,ok,,849,102,849,1631,83,176457,121250,55077,2105,310,923,,,,,,,
2026-09-01,2026-09-01-33559274117,india-8899960976,india,scroll-in,publish,ok,,968,103,968,337,39,202980,149902,52883,2387,294,923,,,,,,,
2026-09-01,2026-09-01-33559274117,ai-7911370512,ai,google-cloud-ai,publish,ok,,3846,116,5508,651,112,657516,597232,60166,5808,298,0,,,,,,,
2026-09-01,2026-09-01-33559274117,ai-7995561739,ai,the-decoder,publish,ok,,883,105,883,3310,33,287158,230177,56911,2293,315,0,,,,,,,
2026-09-01,2026-09-01-33559274117,ai-7971783234,ai,simon-willison,publish,ok,,121,58,121,469,8,153710,119523,34178,1191,193,0,,,,,,,
2026-09-01,2026-09-01-33559274117,ai-2409732133,ai,guardian-ai,publish,ok,,639,72,639,150,43,138025,92256,45756,1836,255,922,,,,,,,
2026-09-01,2026-09-01-33559274117,energy-5368067488,energy,canary-media,publish,ok,,610,63,610,396,108,126330,87639,38642,1791,213,922,,,,,,,
2026-09-01,2026-09-01-33559274117,energy-4000194647,energy,inside-climate-news,publish,ok,,1195,118,1195,456,40,207656,157063,50510,2476,275,923,,,,,,,
2026-09-01,2026-09-01-33559274117,energy-6854315267,energy,solar-quarter,summarize,failed,length_out_of_range,322,,322,389,97,192685,,,,,,,,,,,,
2026-09-01,2026-09-01-33559274117,energy-5157847734,energy,power-magazine,publish,ok,,1000,116,1000,173,52,183848,139079,44587,2297,246,923,,,,,,,
2026-09-01,2026-09-01-33559274117,energy-3915238369,energy,cleantechnica,publish,ok,,868,144,868,506,27,191589,123167,68229,2140,379,923,,,,,,,
2026-09-01,2026-09-01-33559274117,business-economy-4491856688,business-economy,seekingalpha,fetch,failed,http_client_error,,,,,,,,,,,,,,,,,,
2026-09-01,2026-09-01-33559274117,business-economy-8251361701,business-economy,aljazeera-economy,publish,ok,,134,45,134,1562,30,49779,23498,26233,1154,151,922,,,,,,,
2026-09-01,2026-09-01-33559274117,business-economy-4878355818,business-economy,marginal-revolution,publish,ok,,182,66,182,506,14,61807,27333,34465,1191,196,922,,,,,,,
2026-09-01,2026-09-01-33559274117,business-economy-2831077958,business-economy,semafor,publish,ok,,553,73,553,520,30,119404,76961,42432,1684,233,922,,,,,,,
2026-09-01,2026-09-01-33559274117,business-economy-8525158541,business-economy,yahoo-finance,publish,ok,,615,60,615,308,67,141301,105141,36068,1962,197,922,,,,,,,
2026-09-01,2026-09-01-33559274117,world-7638996247,world,apnews-world,publish,ok,,578,58,578,152,215,123544,83154,40321,1743,221,922,,,,,,,
2026-09-01,2026-09-01-33559274117,world-8880809734,world,france24,publish,ok,,136,54,136,330,202,54098,22366,31672,1142,181,922,,,,,,,
2026-09-01,2026-09-01-33559274117,world-9700256487,world,guardian-world,publish,ok,,564,57,564,168,41,116398,81304,35082,1728,197,922,,,,,,,
2026-09-01,2026-09-01-33559274117,world-8690440477,world,guardian-world,publish,ok,,892,87,892,165,44,164968,121110,43738,2123,237,923,,,,,,,
2026-09-01,2026-09-01-33559274117,world-6628178001,world,thehindu-intl,publish,ok,,573,76,573,426,42,119296,80660,38540,1722,215,922,,,,,,,
2026-09-01,2026-09-01-33559274117,world-7243370034,world,anadolu-world,publish,ok,,227,62,227,4428,100,77356,40332,36904,1320,208,922,,,,,,,
2026-09-01,2026-09-01-33559274117,world-7098464393,world,elpais-en,publish,ok,,822,115,822,911,67,163560,114648,48728,2053,264,923,,,,,,,
2026-09-01,2026-09-01-33559274117,world-0799713169,world,dw-world,publish,ok,,926,109,926,22523,37,172577,124532,47948,2151,261,923,,,,,,,
2026-09-01,2026-09-01-33559274117,india-2322907884,india,toi-india,publish,ok,,507,75,507,436,104,107284,67892,39380,1595,219,922,,,,,,,
2026-09-01,2026-09-01-33559274117,india-9774640723,india,thehindu-business,publish,ok,,403,81,403,560,36,103111,60443,42657,1520,240,922,,,,,,,
2026-09-01,2026-09-01-33559274117,india-5032305331,india,free-press-journal,publish,ok,,271,64,271,473,19,97886,53060,44815,1445,253,922,,,,,,,
2026-09-01,2026-09-01-33559274117,india-5800150578,india,toi-top,publish,ok,,1081,115,1081,211,87,200187,146635,53454,2369,286,923,,,,,,,
2026-09-01,2026-09-01-33559274117,india-0538186007,india,livemint-markets,publish,ok,,548,87,548,266,32,125726,74844,50869,1675,279,933,,,,,,,
2026-09-01,2026-09-01-33559274117,india-5765001257,india,livemint-companies,publish,ok,,364,84,364,120,29,112698,75847,36768,1434,207,679,,,,,,,
2026-09-01,2026-09-01-33559274117,india-8965562902,india,toi-top,publish,ok,,388,68,388,261,83,91778,53611,38154,1453,215,922,,,,,,,
2026-09-01,2026-09-01-33559274117,india-0999767594,india,hindustan-times,publish,ok,,1044,99,1044,468,66,185723,138429,47160,2290,254,923,,,,,,,
2026-09-01,2026-09-01-33559274117,india-2493624898,india,ht-business,publish,ok,,1383,157,1383,88,69,261222,192850,68270,2823,366,923,,,,,,,
2026-09-01,2026-09-01-33559274117,ai-3354069837,ai,aws-ml-blog,publish,ok,,1808,103,1808,298,135,398351,350879,47400,3439,247,0,,,,,,,
2026-09-01,2026-09-01-33559274117,ai-5822176482,ai,wired-ai,publish,ok,,744,126,744,418,127,151927,99060,52791,1892,288,923,,,,,,,
2026-09-01,2026-09-01-33559274117,ai-6384223063,ai,databricks-blog,publish,ok,,1523,117,1523,240,98,251342,199294,51849,2870,272,923,,,,,,,
2026-09-01,2026-09-01-33559274117,ai-2820091014,ai,fastcompany-tech,publish,ok,,1218,109,1218,868,73,236588,175113,61394,2633,322,923,,,,,,,
2026-09-01,2026-09-01-33559274117,energy-4217002509,energy,electrek,publish,ok,,868,106,868,405,37,166333,116890,49353,2067,269,923,,,,,,,
2026-09-01,2026-09-01-33559274117,energy-2934853455,energy,electrek,publish,ok,,705,81,705,403,38,143267,98223,44895,1886,246,923,,,,,,,
2026-09-01,2026-09-01-33559274117,energy-5434538476,energy,solar-quarter,publish,ok,,546,76,546,2147,98,213696,167491,46162,1654,253,0,,,,,,,
2026-09-01,2026-09-01-33559274117,energy-1066984391,energy,pv-magazine,publish,ok,,575,75,575,1130,52,134412,84186,50180,1747,275,922,,,,,,,
2026-09-01,2026-09-01-33559274117,energy-3321105166,energy,cleantechnica,publish,ok,,793,113,793,622,28,164931,108798,55948,1987,304,923,,,,,,,
2026-09-01,2026-09-01-33559274117,business-economy-7985979562,business-economy,seekingalpha,fetch,failed,http_client_error,,,,,,,,,,,,,,,,,,
2026-09-01,2026-09-01-33559274117,business-economy-7541296509,business-economy,aljazeera-economy,publish,ok,,714,122,714,704,34,153133,101287,51696,1915,282,923,,,,,,,
2026-09-01,2026-09-01-33559274117,business-economy-7893383687,business-economy,guardian-business,publish,ok,not_prose,38,47,38,799,159,130805,103904,26892,1019,153,0,,,,,,,
2026-09-01,2026-09-01-33559274117,business-economy-2303536269,business-economy,bbc-business,extract,failed,no_text,,,,,,,,,,,,,,,,,,
2026-09-01,2026-09-01-33559274117,business-economy-6296811422,business-economy,naked-capitalism,publish,ok,,3846,155,5521,1687,41,654123,590617,63371,5710,306,0,,,,,,,
2026-09-01,2026-09-01-33559274117,world-0972975009,world,news18-world,fetch,failed,http_client_error,,,,,,,,,,,,,,,,,,
2026-09-01,2026-09-01-33559274117,world-6616586020,world,apnews-world,publish,ok,,638,86,638,104,221,133404,86399,46951,1768,257,922,,,,,,,
2026-09-01,2026-09-01-33559274117,world-5921556303,world,news18-world,fetch,failed,http_client_error,,,,,,,,,,,,,,,,,,
2026-09-01,2026-09-01-33559274117,world-6136535043,world,mongabay,publish,ok,,3846,151,7741,489,76,586062,513387,72491,5857,348,924,,,,,,,
2026-09-01,2026-09-01-33559274117,world-3410099774,world,euronews,publish,ok,,848,83,848,675,72,162619,122755,39690,2126,215,923,,,,,,,
2026-09-01,2026-09-01-33559274117,world-8464126787,world,anadolu-world,publish,ok,,235,60,235,4358,94,77880,40409,37405,1318,209,922,,,,,,,
2026-09-01,2026-09-01-33559274117,world-6848189480,world,lemonde-en,publish,ok,too_short,35,40,35,1509,5,32032,9958,22064,1018,127,922,,,,,,,
2026-09-01,2026-09-01-33559274117,world-4452467406,world,japan-times,publish,ok,,87,59,87,786,49,52996,16833,36154,1088,205,922,,,,,,,
2026-09-01,2026-09-01-33559274117,india-1877007577,india,the-hindu-national,publish,ok,,179,69,179,360,41,66675,32712,33955,1243,191,922,,,,,,,
2026-09-01,2026-09-01-33559274117,india-4475319784,india,livemint-markets,publish,ok,,577,124,577,247,36,137571,78340,59221,1691,326,922,,,,,,,
2026-09-01,2026-09-01-33559274117,india-1385313960,india,india-today,publish,ok,,519,67,519,409,66,118766,75491,43201,1664,240,922,,,,,,,
2026-09-01,2026-09-01-33559274117,india-9043851863,india,thehindu-all,publish,ok,,287,71,287,204,43,86009,44980,40941,1365,228,922,,,,,,,
2026-09-01,2026-09-01-33559274117,india-8267320371,india,livemint,publish,ok,,496,74,496,61,37,108813,70303,38500,1609,213,922,,,,,,,
2026-09-01,2026-09-01-33559274117,india-4635607248,india,thehindu-business,publish,ok,,431,64,431,640,40,123190,78815,44367,1695,243,922,,,,,,,
2026-09-01,2026-09-01-33559274117,india-9671035173,india,dna-india,publish,ok,,287,56,287,2098,79,87773,47801,39901,1389,221,922,,,,,,,
2026-09-01,2026-09-01-33559274117,india-2471081201,india,hindustan-times,publish,ok,,603,64,603,420,61,129112,85054,44047,1755,242,922,,,,,,,
2026-09-01,2026-09-01-33559274117,india-0551959349,india,the-federal,publish,ok,,414,50,414,701,76,99995,66694,33230,1575,185,922,,,,,,,
2026-09-02,2026-09-02-33602115674,ai-3645842015,ai,aws-ml-blog,publish,ok,,1865,135,1865,603,220,304757,236957,67727,3411,367,0,,,,,,,
2026-09-02,2026-09-02-33602115674,ai-6284273305,ai,techcrunch-ai,publish,ok,,504,87,504,144,30,150241,108826,41380,1592,255,0,,,,,,,
2026-09-02,2026-09-02-33602115674,ai-6644847707,ai,huggingface-blog,publish,ok,,1381,115,1381,298,35,177312,126226,51029,2736,290,923,,,,,,,
2026-09-02,2026-09-02-33602115674,ai-5246299419,ai,simon-willison,publish,ok,,295,53,295,446,7,69960,33722,36231,1412,225,922,,,,,,,
2026-09-02,2026-09-02-33602115674,ai-8907833632,ai,bbc-tech,publish,ok,,1407,103,1407,270,49,181392,134155,47155,2849,276,923,,,,,,,
2026-09-02,2026-09-02-33602115674,energy-1036653787,energy,solar-quarter,publish,ok,,411,87,411,1991,75,94476,44801,49665,1571,303,922,,,,,,,
2026-09-02,2026-09-02-33602115674,energy-5355204080,energy,climate-home,publish,ok,not_prose,51,35,51,3872,28,93262,70906,22348,1039,141,0,,,,,,,
2026-09-02,2026-09-02-33602115674,energy-4441945636,energy,energy-storage,publish,ok,,1097,87,1097,1397,47,148272,104343,43825,2433,258,923,,,,,,,
2026-09-02,2026-09-02-33602115674,energy-1294131867,energy,latitude-media,publish,ok,,799,103,799,787,24,133983,80927,52981,2096,316,923,,,,,,,
2026-09-02,2026-09-02-33602115674,energy-2179142604,energy,power-magazine,publish,ok,,859,117,859,155,41,142447,87898,54443,2194,314,923,,,,,,,
2026-09-02,2026-09-02-33602115674,energy-5241244983,energy,canary-media,publish,ok,,1102,111,1102,411,84,152763,103471,49131,2417,290,923,,,,,,,
2026-09-02,2026-09-02-33602115674,business-economy-5085408798,business-economy,aljazeera-economy,publish,ok,,511,68,511,835,25,80492,48785,31698,1630,194,922,,,,,,,
2026-09-02,2026-09-02-33602115674,business-economy-0999056336,business-economy,aljazeera-economy,publish,ok,,932,98,932,337,27,128010,86208,41653,2174,248,923,,,,,,,
2026-09-02,2026-09-02-33602115674,business-economy-7266391428,business-economy,marginal-revolution,publish,ok,,189,69,189,372,11,68165,23353,44803,1262,277,922,,,,,,,
2026-09-02,2026-09-02-33602115674,business-economy-3274712356,business-economy,seekingalpha,fetch,failed,http_client_error,,,,,,,,,,,,,,,,,,
2026-09-02,2026-09-02-33602115674,business-economy-4471075628,business-economy,econbrowser,publish,ok,not_prose,23,29,23,550,112,26902,6069,20826,1005,133,922,,,,,,,
2026-09-02,2026-09-02-33602115674,world-7579187697,world,thehindu-intl,publish,ok,,355,67,355,742,34,70838,36397,34434,1443,213,922,,,,,,,
2026-09-02,2026-09-02-33602115674,world-9559935539,world,news18-world,fetch,failed,http_client_error,,,,,,,,,,,,,,,,,,
2026-09-02,2026-09-02-33602115674,world-2188562448,world,abc-au-world,publish,ok,,1047,125,1047,1048,72,146193,97410,48699,2332,289,923,,,,,,,
2026-09-02,2026-09-02-33602115674,world-9407082248,world,apnews-world,publish,ok,,560,58,560,211,179,80380,50563,29809,1664,180,931,,,,,,,
2026-09-02,2026-09-02-33602115674,world-8505679806,world,cna-world,publish,ok,,435,69,435,1007,49,73998,42799,31190,1540,193,922,,,,,,,
2026-09-02,2026-09-02-33602115674,world-8798195263,world,mongabay,publish,ok,,460,61,460,301,22,76802,46217,30576,1594,189,922,,,,,,,
2026-09-02,2026-09-02-33602115674,world-6933142441,world,lemonde-en,publish,ok,too_short,35,28,35,1723,5,29700,8198,21495,1036,137,922,,,,,,,
2026-09-02,2026-09-02-33602115674,world-1713394402,world,mongabay,publish,ok,,1558,114,1558,409,30,206615,153235,53150,3114,303,923,,,,,,,
2026-09-02,2026-09-02-33602115674,world-9382935096,world,dw-world,publish,ok,,363,80,363,23441,24,71693,36151,35534,1444,221,922,,,,,,,
2026-09-02,2026-09-02-33602115674,india-0587126585,india,toi-india,publish,ok,,309,96,309,469,81,78537,33395,45134,1414,281,932,,,,,,,
2026-09-02,2026-09-02-33602115674,india-6853775621,india,free-press-journal,publish,ok,,255,84,255,447,15,76815,31013,45793,1384,283,932,,,,,,,
2026-09-02,2026-09-02-33602115674,india-2552610221,india,free-press-journal,publish,ok,,305,74,305,177,16,72663,33375,39281,1417,244,932,,,,,,,
2026-09-02,2026-09-02-33602115674,india-9343605650,india,ht-business,publish,ok,,1294,77,1294,305,51,185155,131517,53449,2805,302,923,,,,,,,
2026-09-02,2026-09-02-33602115674,india-4304315638,india,toi-top,publish,ok,,445,71,445,29,64,80713,43246,37458,1557,227,932,,,,,,,
2026-09-02,2026-09-02-33602115674,india-6856740943,india,toi-top,publish,ok,,451,70,451,84,54,84220,46314,37897,1589,224,922,,,,,,,
2026-09-02,2026-09-02-33602115674,india-8558456996,india,thehindu-biz,publish,ok,,502,125,502,234,32,123607,59875,63721,1783,370,922,,,,,,,
2026-09-02,2026-09-02-33602115674,india-9309267022,india,scroll-in,publish,ok,,254,61,254,458,25,56743,25886,30808,1295,187,922,,,,,,,
2026-09-02,2026-09-02-33602115674,india-1012178510,india,et-default,publish,ok,,460,57,460,372,59,100482,63048,37424,1828,218,922,,,,,,,
2026-09-02,2026-09-02-33602115674,india-4697057719,india,livemint,publish,ok,,430,63,430,223,29,78356,42315,35958,1526,211,922,,,,,,,
2026-09-02,2026-09-02-33602115674,ai-4174361048,ai,guardian-ai,publish,ok,,637,84,637,257,64,225183,180518,44653,1796,238,0,,,,,,,
2026-09-02,2026-09-02-33602115674,ai-8654592473,ai,techcrunch-ai,publish,ok,,318,53,318,341,37,70708,42061,28604,1337,158,922,,,,,,,
2026-09-02,2026-09-02-33602115674,ai-6706320267,ai,fastcompany-tech,extract,failed,paywalled,,,,,,,,,,,,,,,,,,
2026-09-02,2026-09-02-33602115674,ai-1137330662,ai,fastcompany-tech,publish,ok,,491,73,491,221,69,107917,66950,40955,1584,224,922,,,,,,,
2026-09-02,2026-09-02-33602115674,energy-1481717420,energy,solar-quarter,publish,ok,,353,59,353,1898,96,94931,55606,39314,1472,217,922,,,,,,,
2026-09-02,2026-09-02-33602115674,energy-8325675340,energy,pv-magazine,publish,ok,,430,82,430,1303,53,119915,69501,50403,1612,279,922,,,,,,,
2026-09-02,2026-09-02-33602115674,energy-0333651487,energy,oilprice,publish,ok,,530,80,530,456,44,125885,75413,50425,1669,276,922,,,,,,,
2026-09-02,2026-09-02-33602115674,energy-3690494753,energy,electrek,publish,ok,,508,72,508,158,33,120955,77296,43591,1687,241,922,,,,,,,
2026-09-02,2026-09-02-33602115674,energy-6502398667,energy,balkangreen,publish,ok,,364,71,364,2376,42,104521,58706,45686,1503,250,922,,,,,,,
2026-09-02,2026-09-02-33602115674,energy-3757673874,energy,grist,publish,ok,,1282,134,1282,308,49,319362,261306,57958,2597,303,0,,,,,,,
2026-09-02,2026-09-02-33602115674,business-economy-5924298728,business-economy,business-today-in,publish,ok,not_prose,64,39,64,294,103,142510,108477,33980,1084,190,0,,,,,,,
2026-09-02,2026-09-02-33602115674,business-economy-2920570086,business-economy,cna-business,publish,ok,,195,92,195,1026,100,84795,31712,53023,1236,288,922,,,,,,,
2026-09-02,2026-09-02-33602115674,business-economy-5753961633,business-economy,bbc-business,publish,ok,,315,73,315,717,66,87491,46012,41470,1377,227,922,,,,,,,
2026-09-02,2026-09-02-33602115674,business-economy-1972680143,business-economy,semafor,publish,ok,,115,71,115,397,25,58123,19496,38617,1113,216,922,,,,,,,
2026-09-02,2026-09-02-33602115674,business-economy-3001746434,business-economy,yahoo-finance,publish,ok,,667,66,667,318,64,150925,102592,48321,1937,259,922,,,,,,,
2026-09-02,2026-09-02-33602115674,world-9944172401,world,euronews,publish,ok,,379,68,379,577,66,106763,60884,45828,1522,249,922,,,,,,,
2026-09-02,2026-09-02-33602115674,world-2265327800,world,independent-world,publish,ok,,360,66,360,544,42,84090,50153,33925,1417,185,922,,,,,,,
2026-09-02,2026-09-02-33602115674,world-4524567070,world,guardian-world,publish,ok,,2161,134,2161,184,319,437631,382025,55503,3771,274,0,,,,,,,
2026-09-02,2026-09-02-33602115674,world-2191196167,world,japan-times,publish,ok,,107,62,107,1578,51,52633,18304,34321,1101,193,922,,,,,,,
2026-09-02,2026-09-02-33602115674,world-6135248331,world,independent-world,publish,ok,,763,117,763,450,62,151727,99949,51702,1912,278,923,,,,,,,
2026-09-02,2026-09-02-33602115674,world-4781791974,world,npr-world,publish,ok,,1214,122,1214,836,38,217992,161765,56012,2518,289,923,,,,,,,
2026-09-02,2026-09-02-33602115674,world-6954478578,world,conversation-world,publish,ok,,1003,140,1003,295,34,207708,139582,68069,2298,357,923,,,,,,,
2026-09-02,2026-09-02-33602115674,world-5346790377,world,france24,publish,ok,,372,61,372,215,49,91025,52772,38242,1443,213,922,,,,,,,
2026-09-02,2026-09-02-33602115674,world-0164669742,world,elpais-en,publish,ok,,637,77,637,353,69,132662,89362,43289,1815,232,931,,,,,,,
2026-09-02,2026-09-02-33602115674,india-9258306518,india,the-hindu-national,publish,ok,,446,70,446,296,43,117591,70371,47162,1619,259,922,,,,,,,
2026-09-02,2026-09-02-33602115674,india-1335221521,india,deccan-chronicle,publish,ok,,458,75,458,3595,46,97737,62468,35259,1539,191,922,,,,,,,
2026-09-02,2026-09-02-33602115674,india-3071065845,india,thehindu-biz,publish,ok,,720,148,720,150,47,168127,102402,65621,1935,347,923,,,,,,,
2026-09-02,2026-09-02-33602115674,india-0873931330,india,livemint-companies,publish,ok,,876,134,876,433,42,183468,122288,61023,2131,329,923,,,,,,,
2026-09-02,2026-09-02-33602115674,india-4721182305,india,india-today,publish,ok,,646,75,646,534,71,147805,93106,54687,1842,289,922,,,,,,,
2026-09-02,2026-09-02-33602115674,india-4595979531,india,deccan-chronicle,publish,ok,,358,62,358,1142,41,110511,59965,50439,1512,269,922,,,,,,,
2026-09-02,2026-09-02-33602115674,india-4586450560,india,dna-india,publish,ok,,263,74,263,2116,82,84267,39619,44638,1314,246,922,,,,,,,
2026-09-02,2026-09-02-33602115674,india-1026345528,india,hindustan-times,publish,ok,,538,75,538,391,61,123139,76957,46169,1684,253,922,,,,,,,
2026-09-02,2026-09-02-33602115674,india-1799903647,india,the-federal,publish,ok,,1606,105,1606,388,90,273104,218390,54578,3072,286,923,,,,,,,
2026-09-02,2026-09-02-33602115674,india-7279838862,india,scroll-in,publish,ok,,1191,110,1191,457,35,208417,156443,51776,2471,276,923,,,,,,,
2026-09-02,2026-09-02-33602115674,ai-8204723318,ai,aws-ml-blog,publish,ok,,1152,127,1152,226,130,302816,247804,54943,2439,303,0,,,,,,,
2026-09-02,2026-09-02-33602115674,ai-7386693936,ai,databricks-blog,publish,ok,,1407,124,1407,192,97,238114,186940,51099,2751,279,923,,,,,,,
2026-09-02,2026-09-02-33602115674,ai-3248165393,ai,mit-news-ai,publish,ok,,733,115,733,138,37,151978,99709,52144,1897,287,923,,,,,,,
2026-09-02,2026-09-02-33602115674,ai-1238243672,ai,guardian-ai,publish,ok,,756,109,756,396,66,160304,106915,53265,1969,297,923,,,,,,,
2026-09-02,2026-09-02-33602115674,energy-9509556684,energy,pv-magazine,publish,ok,,401,85,401,1875,52,198566,153577,44945,1511,251,0,,,,,,,
2026-09-02,2026-09-02-33602115674,energy-9562943649,energy,oilprice,publish,ok,,312,100,312,1025,55,97336,48482,48842,1396,275,922,,,,,,,
2026-09-02,2026-09-02-33602115674,energy-0861845588,energy,inside-climate-news,publish,ok,,1011,122,1011,546,38,199391,137911,61389,2273,334,923,,,,,,,
2026-09-02,2026-09-02-33602115674,energy-5064429906,energy,inside-climate-news,publish,ok,,1034,108,1034,366,35,184179,137881,46197,2272,257,923,,,,,,,
2026-09-02,2026-09-02-33602115674,energy-9871010380,energy,canary-media,publish,ok,,667,93,667,216,108,142879,90305,52561,1805,291,922,,,,,,,
2026-09-02,2026-09-02-33602115674,energy-0557032326,energy,power-magazine,publish,ok,,3121,190,3121,381,71,588284,520304,67841,5049,355,0,,,,,,,
2026-09-02,2026-09-02-33602115674,energy-3371213154,energy,cleantechnica,publish,ok,,702,100,702,624,28,167159,106978,59987,1971,332,923,,,,,,,
2026-09-02,2026-09-02-33602115674,business-economy-7720649451,business-economy,bbc-business,publish,ok,,530,70,530,266,61,109966,73085,36826,1636,203,922,,,,,,,
2026-09-02,2026-09-02-33602115674,business-economy-3766788340,business-economy,cna-business,publish,ok,,333,87,333,479,105,99468,50820,48639,1419,272,922,,,,,,,
2026-09-02,2026-09-02-33602115674,business-economy-8686769907,business-economy,semafor,publish,ok,,1077,135,1077,435,40,206787,150328,56288,2393,306,923,,,,,,,
2026-09-02,2026-09-02-33602115674,business-economy-0672575421,business-economy,yahoo-finance,publish,ok,,590,61,590,433,69,128050,92045,35995,1824,204,922,,,,,,,
2026-09-02,2026-09-02-33602115674,business-economy-1283462912,business-economy,econbrowser,publish,ok,,166,62,166,388,9,64001,29511,34420,1211,195,922,,,,,,,
2026-09-02,2026-09-02-33602115674,world-5026830415,world,scmp-news,extract,failed,paywalled,,,,,,,,,,,,,,,,,,
2026-09-02,2026-09-02-33602115674,world-2064241338,world,news18-world,fetch,failed,http_client_error,,,,,,,,,,,,,,,,,,
2026-09-02,2026-09-02-33602115674,world-1093606445,world,japan-times,publish,ok,,393,68,393,1284,53,94763,57499,37255,1486,211,922,,,,,,,
2026-09-02,2026-09-02-33602115674,world-0409245150,world,abc-au-world,publish,ok,,543,65,543,330,74,114165,75995,38160,1665,217,922,,,,,,,
2026-09-02,2026-09-02-33602115674,world-7812292041,world,africanews,publish,ok,,444,49,444,1243,35,97975,64418,33546,1554,188,922,,,,,,,
2026-09-02,2026-09-02-33602115674,world-1993779549,world,conversation-world,publish,ok,,828,100,828,630,34,157896,110175,47528,1998,262,923,,,,,,,
2026-09-02,2026-09-02-33602115674,world-8517395954,world,france24,publish,ok,,711,126,711,709,56,144573,93640,50773,1837,282,923,,,,,,,
2026-09-02,2026-09-02-33602115674,world-2724415535,world,anadolu-world,publish,ok,,189,61,189,5232,253,61981,30669,31303,1222,180,922,,,,,,,
2026-09-02,2026-09-02-33602115674,world-8549810449,world,dw-world,publish,ok,,708,101,708,2691,35,142055,95240,46701,1854,261,923,,,,,,,
2026-09-02,2026-09-02-33602115674,india-1482497548,india,hindustan-times,publish,ok,,624,68,624,198,71,135894,87379,48502,1774,267,922,,,,,,,
2026-09-02,2026-09-02-33602115674,india-9909373257,india,livemint-companies,extract,failed,paywalled,,,,,,,,,,,,,,,,,,
2026-09-02,2026-09-02-33602115674,india-4609466333,india,thehindu-business,publish,ok,not_prose,144,35,144,556,37,56742,25781,30876,1173,175,922,,,,,,,
2026-09-02,2026-09-02-33602115674,india-1463963577,india,thehindu-all,publish,ok,,630,66,630,647,46,128762,90324,38381,1805,208,922,,,,,,,
2026-09-02,2026-09-02-33602115674,india-2836718811,india,thehindu-all,publish,ok,,497,88,497,683,43,113630,68751,44814,1592,248,922,,,,,,,
2026-09-02,2026-09-02-33602115674,india-7463334044,india,economic-times,publish,ok,too_short,52,48,52,329,47,130163,105499,24653,1032,141,0,,,,,,,
2026-09-02,2026-09-02-33602115674,india-3791114751,india,livemint,publish,ok,,696,73,696,87,34,146746,100484,46251,1905,259,922,,,,,,,
2026-09-02,2026-09-02-33602115674,india-4872691077,india,the-federal,publish,ok,,518,103,518,3087,81,129085,75139,53891,1657,302,922,,,,,,,
2026-09-02,2026-09-02-33602115674,india-4221430627,india,the-quint,publish,ok,,573,61,573,667,65,128262,87372,40814,1778,228,922,,,,,,,
2026-09-02,2026-09-02-33602115674,ai-9186825267,ai,nvidia-newsroom,publish,ok,,999,90,999,221,32,283099,233003,50029,2321,269,0,,,,,,,
2026-09-02,2026-09-02-33602115674,ai-0731689337,ai,simon-willison,publish,ok,,956,106,956,281,18,196043,144600,51382,2352,277,923,,,,,,,
2026-09-02,2026-09-02-33602115674,ai-1629510026,ai,databricks-blog,publish,ok,,1244,141,1244,197,96,243987,171464,72358,2615,384,923,,,,,,,
2026-09-02,2026-09-02-33602115674,ai-4587299314,ai,ai2-blog,publish,ok,,1384,132,1384,1149,278,245344,182822,62339,2726,330,923,,,,,,,
2026-09-02,2026-09-02-33602115674,ai-2924708366,ai,bbc-tech,publish,ok,,683,72,683,212,60,218440,185056,33342,1842,178,0,,,,,,,
2026-09-02,2026-09-02-33602115674,energy-0398329121,energy,modern-power,publish,ok,,279,64,279,2147,34,82007,43493,38472,1352,210,922,,,,,,,
2026-09-02,2026-09-02-33602115674,energy-2818667834,energy,energy-storage,publish,ok,,673,76,673,942,58,145305,99708,45582,1907,242,922,,,,,,,
2026-09-02,2026-09-02-33602115674,energy-6616545908,energy,electrek,publish,ok,,616,63,616,319,42,131076,89038,41987,1800,217,922,,,,,,,
2026-09-02,2026-09-02-33602115674,energy-4273426010,energy,heatmap,publish,ok,,3846,157,4226,839,79,653865,588214,65444,5725,317,0,,,,,,,
2026-09-02,2026-09-02-33602115674,energy-6426506271,energy,cleantechnica,publish,ok,,781,114,781,581,27,162098,106628,55360,1974,292,923,,,,,,,
2026-09-02,2026-09-02-33602115674,energy-8727479553,energy,offshore-wind,publish,ok,not_prose,3,41,3,1946,23,123669,98085,25575,980,143,0,,,,,,,
2026-09-02,2026-09-02-33602115674,business-economy-0608294429,business-economy,business-today-in,publish,ok,not_prose,774,37,774,251,55,186650,159668,26878,2493,139,922,,,,,,,
2026-09-02,2026-09-02-33602115674,business-economy-0119444489,business-economy,guardian-business,publish,ok,,1093,125,1093,411,92,221006,155728,65098,2455,332,923,,,,,,,
2026-09-02,2026-09-02-33602115674,business-economy-1039518592,business-economy,marginal-revolution,extract,failed,no_text,,,,,,,,,,,,,,,,,,
2026-09-02,2026-09-02-33602115674,business-economy-7539889290,business-economy,seekingalpha,fetch,failed,http_client_error,,,,,,,,,,,,,,,,,,
2026-09-02,2026-09-02-33602115674,business-economy-5134590663,business-economy,naked-capitalism,publish,ok,,1535,111,1535,961,23,281727,224453,57162,3124,283,923,,,,,,,
2026-09-02,2026-09-02-33602115674,world-4448613410,world,euronews,publish,ok,,319,66,319,765,64,81249,45471,35702,1371,194,922,,,,,,,
2026-09-02,2026-09-02-33602115674,world-0481826364,world,scmp-news,extract,failed,paywalled,,,,,,,,,,,,,,,,,,
2026-09-02,2026-09-02-33602115674,world-2419640405,world,bbc-world,publish,ok,,136,70,136,29,47,63376,24251,39116,1161,214,922,,,,,,,
2026-09-02,2026-09-02-33602115674,world-1255593646,world,apnews-world,publish,ok,,87,67,87,189,177,48034,16645,31380,1084,175,922,,,,,,,
2026-09-02,2026-09-02-33602115674,world-0815282034,world,cna-world,publish,ok,,886,120,886,790,115,170891,117634,53058,2079,279,923,,,,,,,
2026-09-02,2026-09-02-33602115674,world-4151192678,world,africanews,publish,ok,,454,66,454,795,34,102878,63140,39727,1545,219,922,,,,,,,
2026-09-02,2026-09-02-33602115674,world-5544019962,world,lemonde-en,publish,ok,too_short,35,36,35,1099,6,35252,10265,24975,1019,140,922,,,,,,,
2026-09-02,2026-09-02-33602115674,world-8805936718,world,anadolu-world,publish,ok,,700,96,700,4087,98,145782,101860,43732,1925,236,923,,,,,,,
2026-09-02,2026-09-02-33602115674,world-9065579764,world,elpais-en,publish,ok,,1299,116,1299,846,69,220475,172254,48014,2620,255,923,,,,,,,
2026-09-02,2026-09-02-33602115674,india-9867413883,india,the-hindu-national,publish,ok,,375,94,375,273,40,109851,58307,51534,1499,286,922,,,,,,,
2026-09-02,2026-09-02-33602115674,india-0401167131,india,thehindu-business,publish,ok,,905,121,905,566,39,194590,128295,66116,2191,353,923,,,,,,,
2026-09-02,2026-09-02-33602115674,india-4827109993,india,economic-times,publish,ok,,127,74,127,359,66,62236,21673,40552,1136,227,922,,,,,,,
2026-09-02,2026-09-02-33602115674,india-6752427642,india,toi-india,publish,ok,,481,99,481,415,102,124294,73423,50859,1649,278,922,,,,,,,
2026-09-02,2026-09-02-33602115674,india-1221567690,india,dna-india,publish,ok,,290,67,290,2305,61,82254,41882,40270,1336,225,922,,,,,,,
2026-09-02,2026-09-02-33602115674,india-4050986564,india,livemint-markets,extract,failed,paywalled,,,,,,,,,,,,,,,,,,
2026-09-02,2026-09-02-33602115674,india-0216478478,india,india-today,publish,ok,,545,58,545,178,75,126445,83950,42484,1752,230,922,,,,,,,
2026-09-02,2026-09-02-33602115674,india-2438644555,india,livemint-markets,publish,ok,,529,67,529,87,35,130614,86811,43716,1781,238,922,,,,,,,
2026-09-02,2026-09-02-33602115674,india-4175806639,india,et-default,publish,ok,,541,66,541,302,80,137003,88791,48107,1799,262,922,,,,,,,
2026-09-02,2026-09-02-33602115674,india-9723364738,india,ht-business,publish,ok,,1081,101,1081,298,70,220535,165808,54548,2559,292,923,,,,,,,
2026-09-02,2026-09-02-33624361367,ai-6376369231,ai,bbc-tech,publish,ok,,477,62,477,373,49,86387,34978,51331,1556,204,0,,,,,,,
2026-09-02,2026-09-02-33624361367,ai-8398066773,ai,guardian-ai,publish,ok,,1966,100,1966,1030,49,143654,83823,59705,3590,228,0,,,,,,,
2026-09-02,2026-09-02-33624361367,ai-1307219123,ai,techcrunch-ai,publish,ok,,405,73,405,586,30,75968,14268,61690,1530,243,922,,,,,,,
2026-09-02,2026-09-02-33624361367,energy-0949841071,energy,oilprice,publish,ok,,342,76,342,717,41,81155,12365,68780,1435,269,922,,,,,,,
2026-09-02,2026-09-02-33624361367,energy-3081621972,energy,inside-climate-news,publish,ok,,3846,192,4422,440,55,249471,141384,107987,5869,386,0,,,,,,,
2026-09-02,2026-09-02-33624361367,energy-9779979858,energy,climate-home,publish,ok,not_prose,51,37,51,2989,30,59989,24294,35684,1044,140,0,,,,,,,
2026-09-02,2026-09-02-33624361367,energy-0451281439,energy,inside-climate-news,publish,ok,,968,112,968,288,28,95499,30168,65203,2216,255,923,,,,,,,
2026-09-02,2026-09-02-33624361367,energy-6151280345,energy,offshore-wind,publish,ok,not_prose,3,40,3,1875,112,33622,1814,31802,980,127,922,,,,,,,
2026-09-02,2026-09-02-33624361367,energy-7778454200,energy,electrek,publish,ok,,461,56,461,987,34,83116,18386,64721,1716,249,923,,,,,,,
2026-09-02,2026-09-02-33624361367,business-economy-7643377373,business-economy,yahoo-finance,publish,ok,,415,83,415,1450,103,82832,15055,67698,1547,266,922,,,,,,,
2026-09-02,2026-09-02-33624361367,business-economy-3599398588,business-economy,voxdev,publish,ok,,1061,116,1061,611,21,116325,34697,81488,2418,317,923,,,,,,,
2026-09-02,2026-09-02-33624361367,business-economy-5487095667,business-economy,bbc-business,publish,ok,,501,107,501,163,45,97130,16202,80920,1595,316,922,,,,,,,
2026-09-02,2026-09-02-33624361367,business-economy-4662353663,business-economy,guardian-business,publish,ok,,779,147,779,359,34,106596,23639,82807,1923,325,923,,,,,,,
2026-09-02,2026-09-02-33624361367,business-economy-1519812273,business-economy,bbc-business,publish,ok,,525,61,525,157,47,71716,17959,53619,1664,212,922,,,,,,,
2026-09-02,2026-09-02-33624361367,business-economy-7389082406,business-economy,marginal-revolution,extract,failed,no_text,,,,,,,,,,,,,,,,,,
2026-09-02,2026-09-02-33624361367,world-3305941479,world,scmp-news,extract,failed,paywalled,,,,,,,,,,,,,,,,,,
2026-09-02,2026-09-02-33624361367,world-0947436071,world,japan-times,publish,ok,,116,68,116,1819,43,70424,5471,64940,1148,259,922,,,,,,,
2026-09-02,2026-09-02-33624361367,world-6587720534,world,npr-world,publish,ok,,1324,107,1324,586,33,111478,41018,70344,2674,273,923,,,,,,,
2026-09-02,2026-09-02-33624361367,world-6254418979,world,guardian-world,publish,ok,,1150,101,1150,319,92,104187,34426,69628,2414,271,923,,,,,,,
2026-09-02,2026-09-02-33624361367,world-8772632470,world,thehindu-intl,publish,ok,not_prose,38,40,38,774,37,42032,3420,38606,1046,153,922,,,,,,,
2026-09-02,2026-09-02-33624361367,world-2178476592,world,bbc-world,publish,ok,,652,61,652,167,47,68071,20789,47272,1808,186,922,,,,,,,
2026-09-02,2026-09-02-33624361367,world-8143561650,world,bbc-world,publish,ok,,511,66,511,155,44,81920,16986,64838,1649,253,922,,,,,,,
2026-09-02,2026-09-02-33624361367,world-1867095381,world,abc-au-world,publish,ok,,544,56,544,1353,58,62628,17724,44827,1663,176,922,,,,,,,
2026-09-02,2026-09-02-33624361367,world-1739077907,world,conversation-africa,publish,ok,,1169,100,1169,428,29,97075,34408,62557,2406,244,923,,,,,,,
2026-09-02,2026-09-02-33624361367,world-2145651774,world,dw-world,publish,ok,,1032,111,1032,29008,34,104159,30663,73391,2247,286,923,,,,,,,
2026-09-02,2026-09-02-33624361367,india-9541707856,india,toi-india,publish,ok,,1209,123,1209,733,97,117044,37855,79095,2527,307,923,,,,,,,
2026-09-02,2026-09-02-33624361367,india-8439280544,india,thehindu-business,publish,ok,,1188,113,1188,1170,35,118702,38704,79879,2557,310,923,,,,,,,
2026-09-02,2026-09-02-33624361367,india-8472421097,india,free-press-journal,publish,ok,,389,85,389,1000,15,90113,15054,75048,1542,295,922,,,,,,,
2026-09-02,2026-09-02-33624361367,india-7455338162,india,free-press-journal,publish,ok,,319,81,319,256,16,80714,11727,68978,1409,273,922,,,,,,,
2026-09-02,2026-09-02-33624361367,india-7272704722,india,mongabay-india,publish,ok,,422,82,422,434,22,86438,15508,70922,1576,279,922,,,,,,,
2026-09-02,2026-09-02-33624361367,india-7313521281,india,thehindu-all,publish,ok,,318,59,318,226,35,72561,11716,60837,1414,241,922,,,,,,,
2026-09-02,2026-09-02-33624361367,india-9338176468,india,livemint-markets,publish,ok,,920,92,920,751,31,109306,34411,74798,2407,291,923,,,,,,,
2026-09-02,2026-09-02-33624361367,india-1274874362,india,hindustan-times,publish,ok,,788,126,788,723,51,106422,26033,80304,2040,314,923,,,,,,,
2026-09-02,2026-09-02-33624361367,india-6996621757,india,dna-india,publish,ok,,458,66,458,2550,67,77169,16464,60696,1625,240,922,,,,,,,
2026-09-02,2026-09-02-33624361367,india-3300417692,india,livemint-companies,extract,failed,paywalled,,,,,,,,,,,,,,,,,,
2026-09-02,2026-09-02-33624361367,india-8977359075,india,et-default,publish,ok,,406,59,406,502,62,71857,15575,56274,1575,222,922,,,,,,,
2026-09-02,2026-09-02-33624361367,ai-2727716298,ai,the-decoder,publish,ok,,681,65,681,3801,30,101501,41907,59518,1820,228,0,,,,,,,
2026-09-02,2026-09-02-33624361367,ai-9630637882,ai,rest-of-world,publish,ok,,2893,147,2893,1163,29,214808,115937,98748,4674,344,0,,,,,,,
2026-09-02,2026-09-02-33624361367,ai-5419446517,ai,techcrunch-ai,publish,ok,,218,65,218,561,24,64641,8846,55705,1274,221,922,,,,,,,
2026-09-02,2026-09-02-33624361367,energy-5531828363,energy,modern-power,publish,ok,,370,79,370,624,23,79505,12337,67159,1462,265,922,,,,,,,
2026-09-02,2026-09-02-33624361367,energy-7730401123,energy,pv-magazine,publish,ok,,728,118,728,1654,38,128030,47614,80301,2017,311,0,,,,,,,
2026-09-02,2026-09-02-33624361367,energy-3464575882,energy,oilprice,publish,ok,,385,62,385,874,38,65374,13553,51813,1467,204,922,,,,,,,
2026-09-02,2026-09-02-33624361367,energy-2234402650,energy,heatmap,publish,ok,,3846,178,10615,448,75,267820,157269,110420,5664,378,0,,,,,,,
2026-09-02,2026-09-02-33624361367,energy-6134642766,energy,grist,publish,ok,,949,120,949,513,35,113082,32218,80728,2258,313,923,,,,,,,
2026-09-02,2026-09-02-33624361367,energy-3515632456,energy,canary-media,publish,ok,,2225,140,2225,549,94,160147,75193,84834,3964,304,924,,,,,,,
2026-09-02,2026-09-02-33624361367,energy-7259493835,energy,cleantechnica,publish,ok,,762,126,762,797,22,110170,25066,84960,2007,331,923,,,,,,,
2026-09-02,2026-09-02-33624361367,business-economy-6283351533,business-economy,business-today-in,publish,ok,not_prose,604,51,604,312,37,96423,32638,63644,2296,244,922,,,,,,,
2026-09-02,2026-09-02-33624361367,business-economy-0369013115,business-economy,quartz,publish,ok,,407,77,407,274,38,73091,14477,58497,1533,232,922,,,,,,,
2026-09-02,2026-09-02-33624361367,business-economy-7272743992,business-economy,aljazeera-economy,publish,ok,not_prose,53,37,53,1533,20,59712,24262,35441,1047,138,0,,,,,,,
2026-09-02,2026-09-02-33624361367,business-economy-5718217411,business-economy,semafor,publish,ok,,168,60,168,593,18,54244,6183,48054,1173,193,922,,,,,,,
2026-09-02,2026-09-02-33624361367,business-economy-5844053466,business-economy,seekingalpha,fetch,failed,http_client_error,,,,,,,,,,,,,,,,,,
2026-09-02,2026-09-02-33624361367,world-5887857627,world,euronews,publish,ok,,471,68,471,951,50,70808,14996,55802,1558,220,922,,,,,,,
2026-09-02,2026-09-02-33624361367,world-7297444926,world,apnews-world,publish,ok,,230,62,230,367,135,64027,9691,54329,1282,212,922,,,,,,,
2026-09-02,2026-09-02-33624361367,world-2803751430,world,guardian-world,publish,ok,,903,134,903,523,161,105890,27589,78178,2115,298,923,,,,,,,
2026-09-02,2026-09-02-33624361367,world-4424881416,world,independent-world,publish,ok,,592,62,592,490,41,77662,18394,59258,1717,231,922,,,,,,,
2026-09-02,2026-09-02-33624361367,world-4360019003,world,france24,publish,ok,,97,47,97,1010,49,41917,4362,37464,1087,150,922,,,,,,,
2026-09-02,2026-09-02-33624361367,world-5607697533,world,thehindu-intl,publish,ok,,319,74,319,641,33,81412,13368,68037,1481,263,922,,,,,,,
2026-09-02,2026-09-02-33624361367,world-1912884914,world,elpais-en,publish,ok,,952,117,952,1991,49,103479,29761,73613,2154,278,923,,,,,,,
2026-09-02,2026-09-02-33624361367,world-4414036905,world,africanews,publish,ok,,766,95,766,1230,29,93543,23925,69501,1909,267,923,,,,,,,
2026-09-02,2026-09-02-33624361367,world-0354131468,world,abc-au-world,publish,ok,,1048,117,1048,1923,57,130052,33766,96162,2323,361,923,,,,,,,
2026-09-02,2026-09-02-33624361367,world-7370594571,world,mongabay,publish,ok,,491,85,491,296,21,84021,18569,65442,1635,251,922,,,,,,,
2026-09-02,2026-09-02-33624361367,india-8867253050,india,the-hindu-national,publish,ok,,795,117,795,195,33,112204,30400,81683,2132,307,923,,,,,,,
2026-09-02,2026-09-02-33624361367,india-5606903558,india,economic-times,publish,ok,,457,72,457,512,54,82898,18927,63869,1660,242,922,,,,,,,
2026-09-02,2026-09-02-33624361367,india-8098606581,india,the-federal,publish,ok,,890,116,890,909,59,102279,29657,72508,2057,278,923,,,,,,,
2026-09-02,2026-09-02-33624361367,india-4954858635,india,livemint,publish,ok,,563,56,563,883,28,68785,20307,48301,1716,183,922,,,,,,,
2026-09-02,2026-09-02-33624361367,india-1851787786,india,toi-top,publish,ok,,351,68,351,575,49,76996,12724,63904,1447,247,922,,,,,,,
2026-09-02,2026-09-02-33624361367,india-7961244344,india,the-federal,publish,ok,,430,58,430,255,55,69717,15919,53790,1558,208,935,,,,,,,
2026-09-02,2026-09-02-33624361367,india-5988492279,india,the-quint,publish,ok,,493,76,493,905,44,76696,18693,57993,1598,220,922,,,,,,,
2026-09-02,2026-09-02-33624361367,india-1625059181,india,ht-business,publish,ok,,1033,131,1033,581,45,123498,35486,87900,2349,334,923,,,,,,,
2026-09-02,2026-09-02-33624361367,india-4107928539,india,scroll-in,publish,ok,,344,75,344,498,26,80940,14799,66134,1473,249,922,,,,,,,
2026-09-02,2026-09-02-33624361367,india-8799995104,india,livemint-companies,publish,ok,,788,107,788,340,25,100755,27186,73460,2085,282,923,,,,,,,
2026-09-02,2026-09-02-33624361367,india-4107348881,india,thehindu-biz,publish,ok,,153,67,153,263,30,65372,7573,57792,1197,227,922,,,,,,,
2026-09-02,2026-09-02-33624361367,ai-2516059084,ai,aws-ml-blog,publish,ok,,2093,149,2093,409,176,202835,96048,106657,3678,338,0,,,,,,,
2026-09-02,2026-09-02-33624361367,ai-3609431356,ai,wired-ai,publish,ok,,2770,151,2770,899,118,219458,103322,116010,4697,358,924,,,,,,,
2026-09-02,2026-09-02-33624361367,ai-1591865195,ai,simon-willison,publish,ok,,217,62,217,388,8,91397,32704,58614,1262,204,0,,,,,,,
2026-09-02,2026-09-02-33624361367,energy-5936540871,energy,energy-storage,publish,ok,,1222,90,1222,1477,47,180505,77904,102416,2911,330,0,,,,,,,
2026-09-02,2026-09-02-33624361367,energy-9130144272,energy,offshore-wind,publish,ok,not_prose,3,30,3,1321,115,64657,23356,41292,990,137,0,,,,,,,
2026-09-02,2026-09-02-33624361367,energy-4129858638,energy,energy-storage,publish,ok,,495,61,495,542,50,95498,20308,75180,1703,249,922,,,,,,,
2026-09-02,2026-09-02-33624361367,energy-5048343140,energy,balkangreen,publish,ok,,311,85,311,3869,36,94768,10975,83681,1364,272,922,,,,,,,
2026-09-02,2026-09-02-33624361367,energy-5251716504,energy,grist,publish,ok,,661,86,661,614,40,103324,24622,78690,1811,256,922,,,,,,,
2026-09-02,2026-09-02-33624361367,energy-2791653474,energy,electrek,publish,ok,,424,69,424,678,31,93515,18114,75220,1580,252,922,,,,,,,
2026-09-02,2026-09-02-33624361367,business-economy-2499483461,business-economy,yahoo-finance,publish,ok,,439,80,439,902,108,98877,17996,80838,1592,269,922,,,,,,,
2026-09-02,2026-09-02-33624361367,business-economy-2574762473,business-economy,cna-business,publish,ok,,211,68,211,969,88,69628,9123,60496,1258,202,922,,,,,,,
2026-09-02,2026-09-02-33624361367,business-economy-2299918293,business-economy,cna-business,publish,ok,,660,67,660,577,92,82533,24003,58521,1839,195,922,,,,,,,
2026-09-02,2026-09-02-33624361367,business-economy-3974601511,business-economy,guardian-business,publish,ok,,1604,131,1604,632,50,148522,59902,88447,3048,284,923,,,,,,,
2026-09-02,2026-09-02-33624361367,business-economy-1881196474,business-economy,semafor,publish,ok,,3506,162,3506,756,52,268827,152704,115950,5589,350,0,,,,,,,
2026-09-02,2026-09-02-33624361367,business-economy-0773792048,business-economy,naked-capitalism,publish,ok,,828,125,828,1236,29,118551,37192,81202,2269,269,923,,,,,,,
2026-09-02,2026-09-02-33624361367,world-0790382753,world,news18-world,fetch,failed,http_client_error,,,,,,,,,,,,,,,,,,
2026-09-02,2026-09-02-33624361367,world-4772828593,world,apnews-world,publish,ok,,1298,146,1298,529,249,161587,49135,112336,2763,359,923,,,,,,,
2026-09-02,2026-09-02-33624361367,world-2391936718,world,news18-world,fetch,failed,http_client_error,,,,,,,,,,,,,,,,,,
2026-09-02,2026-09-02-33624361367,world-4725811143,world,anadolu-world,publish,ok,,246,53,246,5151,76,66028,10375,55525,1342,187,922,,,,,,,
2026-09-02,2026-09-02-33624361367,world-3959399122,world,euronews,publish,ok,,520,67,520,776,58,84137,19190,64937,1654,217,922,,,,,,,
2026-09-02,2026-09-02-33624361367,world-6904626787,world,mongabay,publish,ok,,420,68,420,390,24,84560,17657,66894,1580,219,922,,,,,,,
2026-09-02,2026-09-02-33624361367,world-7596295397,world,japan-times,publish,ok,,351,66,351,1229,45,71555,11954,59592,1379,200,922,,,,,,,
2026-09-02,2026-09-02-33624361367,world-6148188775,world,anadolu-world,publish,ok,,225,56,225,3386,77,74130,10457,63665,1302,215,922,,,,,,,
2026-09-02,2026-09-02-33624361367,world-3717541852,world,dw-world,publish,ok,,529,54,529,2441,31,71967,19904,52052,1660,175,922,,,,,,,
2026-09-02,2026-09-02-33624361367,world-3375543105,world,conversation-world,publish,ok,,928,111,928,564,29,102496,33240,69119,2146,227,923,,,,,,,
2026-09-02,2026-09-02-33624361367,india-6218116981,india,toi-india,publish,ok,,250,64,250,504,87,74191,10443,63739,1311,211,922,,,,,,,
2026-09-02,2026-09-02-33624361367,india-1908106767,india,deccan-chronicle,publish,ok,,390,69,390,2255,38,82834,15804,67021,1501,228,922,,,,,,,
2026-09-02,2026-09-02-33624361367,india-5333966863,india,ht-business,publish,ok,,690,83,690,498,55,109008,26086,82911,1904,273,922,,,,,,,
2026-09-02,2026-09-02-33624361367,india-7070719005,india,livemint-markets,publish,ok,,992,108,992,709,34,123583,40324,83109,2408,269,923,,,,,,,
2026-09-02,2026-09-02-33624361367,india-9292074016,india,mongabay-india,publish,ok,,403,71,403,507,25,98138,17042,80994,1562,278,922,,,,,,,
2026-09-02,2026-09-02-33624361367,india-5680987464,india,livemint,publish,ok,,748,105,748,232,31,120948,30727,90119,2013,290,923,,,,,,,
2026-09-02,2026-09-02-33624361367,india-1308455156,india,india-today,publish,ok,,675,70,675,918,63,92908,23734,69161,1862,234,922,,,,,,,
2026-09-02,2026-09-02-33624361367,india-0142304867,india,india-today,publish,ok,,544,53,544,376,60,81477,20247,61073,1685,204,922,,,,,,,
2026-09-02,2026-09-02-33624361367,india-8696161666,india,scroll-in,publish,ok,,1046,117,1046,502,37,131998,37311,94543,2370,306,923,,,,,,,
2026-09-02,2026-09-02-33624361367,india-4081247016,india,the-quint,publish,ok,,560,90,560,761,56,115272,23120,91980,1775,301,922,,,,,,,
2026-09-02,2026-09-02-33624361367,india-3268467249,india,thehindu-biz,publish,ok,,710,138,710,879,39,144565,27034,117409,1976,382,923,,,,,,,
2026-09-02,2026-09-02-33624361367,ai-0815961256,ai,fastcompany-tech,publish,ok,,404,83,404,355,69,195328,149149,46138,1472,258,0,,,,,,,
2026-09-02,2026-09-02-33624361367,ai-8317045330,ai,fastcompany-tech,publish,ok,,487,82,487,725,66,111022,66028,44984,1570,253,922,,,,,,,
2026-09-02,2026-09-02-33624361367,ai-5811725770,ai,guardian-ai,publish,ok,,828,134,828,663,64,259275,200178,59030,1956,293,0,,,,,,,
2026-09-02,2026-09-02-33624361367,ai-6350861761,ai,simon-willison,publish,ok,,100,61,100,428,9,56765,21439,35319,1131,201,922,,,,,,,
2026-09-02,2026-09-02-33624361367,energy-3093806697,energy,pv-magazine,publish,ok,,726,133,726,1263,57,164247,102807,61366,1923,328,923,,,,,,,
2026-09-02,2026-09-02-33624361367,energy-2990387141,energy,solar-quarter,publish,ok,,570,71,570,5158,98,133435,88702,44721,1789,248,922,,,,,,,
2026-09-02,2026-09-02-33624361367,energy-9922063126,energy,heatmap,publish,ok,,3846,174,10615,593,107,671948,594889,76847,5704,355,0,,,,,,,
2026-09-02,2026-09-02-33624361367,energy-5224434714,energy,solar-quarter,publish,ok,,307,75,307,4371,99,92666,48010,44607,1394,256,922,,,,,,,
2026-09-02,2026-09-02-33624361367,energy-0081961390,energy,modern-power,publish,ok,,368,97,368,1249,30,102660,55372,47278,1463,271,922,,,,,,,
2026-09-02,2026-09-02-33624361367,energy-0878736448,energy,cleantechnica,publish,ok,,2601,190,2601,672,38,511781,434165,77379,4216,387,0,,,,,,,
2026-09-02,2026-09-02-33624361367,business-economy-6352395206,business-economy,business-today-in,publish,ok,not_prose,576,42,576,158,53,136988,108526,28402,1985,158,922,,,,,,,
2026-09-02,2026-09-02-33624361367,business-economy-9288086754,business-economy,voxdev,publish,ok,,1353,106,1353,769,28,244908,190360,54456,2772,281,923,,,,,,,
2026-09-02,2026-09-02-33624361367,business-economy-7159862729,business-economy,aljazeera-economy,publish,ok,not_prose,45,44,45,925,27,131853,104976,26869,1034,155,0,,,,,,,
2026-09-02,2026-09-02-33624361367,business-economy-1582230495,business-economy,quartz,publish,ok,,3753,165,3753,204,90,550166,485818,64090,5572,304,924,,,,,,,
2026-09-02,2026-09-02-33624361367,business-economy-8257013723,business-economy,seekingalpha,fetch,failed,http_client_error,,,,,,,,,,,,,,,,,,
2026-09-02,2026-09-02-33624361367,business-economy-1928401701,business-economy,naked-capitalism,publish,ok,,2683,129,2683,1743,36,432441,378659,53567,4577,263,924,,,,,,,
2026-09-02,2026-09-02-33624361367,world-3436033111,world,scmp-news,extract,failed,paywalled,,,,,,,,,,,,,,,,,,
2026-09-02,2026-09-02-33624361367,world-1508796384,world,independent-world,publish,ok,,1130,125,1130,998,72,210343,152322,57889,2404,301,923,,,,,,,
2026-09-02,2026-09-02-33624361367,world-7102214722,world,npr-world,publish,ok,,998,103,998,282,45,185531,136494,48928,2250,256,923,,,,,,,
2026-09-02,2026-09-02-33624361367,world-6884019052,world,lemonde-en,publish,ok,too_short,35,44,35,1622,126,37383,11062,26313,1029,154,922,,,,,,,
2026-09-02,2026-09-02-33624361367,world-3970153921,world,lemonde-en,summarize,failed,length_out_of_range,35,,35,798,5,29246,,,,,,,,,,,,
2026-09-02,2026-09-02-33624361367,world-3944243295,world,france24,publish,ok,,127,57,127,468,72,56998,23083,33831,1150,194,922,,,,,,,
2026-09-02,2026-09-02-33624361367,world-7121902514,world,elpais-en,publish,ok,,923,119,923,1579,66,178400,126154,52126,2149,278,923,,,,,,,
2026-09-02,2026-09-02-33624361367,world-8034334579,world,africanews,publish,ok,,326,79,326,1357,36,94481,50550,43919,1418,250,922,,,,,,,
2026-09-02,2026-09-02-33624361367,world-5834805360,world,conversation-world,publish,ok,,1013,107,1013,148,33,175772,131827,43821,2208,232,923,,,,,,,
2026-09-02,2026-09-02-33624361367,india-1071340657,india,the-hindu-national,publish,ok,,280,83,280,513,39,88289,44215,44066,1355,244,922,,,,,,,
2026-09-02,2026-09-02-33624361367,india-3571851903,india,economic-times,publish,ok,,486,71,486,342,83,132673,80437,52227,1708,289,922,,,,,,,
2026-09-02,2026-09-02-33624361367,india-7375145785,india,thehindu-business,publish,ok,,326,73,326,549,34,96015,50468,45493,1416,259,922,,,,,,,
2026-09-02,2026-09-02-33624361367,india-0422389331,india,deccan-chronicle,publish,ok,,639,76,639,2505,46,127856,86454,41391,1765,232,922,,,,,,,
2026-09-02,2026-09-02-33624361367,india-9395240667,india,toi-top,publish,ok,,394,69,394,414,97,91416,55861,35496,1465,198,922,,,,,,,
2026-09-02,2026-09-02-33624361367,india-1116161560,india,thehindu-all,publish,ok,too_short,47,30,47,142,43,45886,16217,29661,1079,171,922,,,,,,,
2026-09-02,2026-09-02-33624361367,india-1808584091,india,frontline,publish,ok,,721,86,721,559,36,149843,100354,49269,1894,251,923,,,,,,,
2026-09-02,2026-09-02-33624361367,india-8999068615,india,frontline,publish,ok,,3068,184,3068,29,50,584605,493107,91227,5653,428,924,,,,,,,
2026-09-02,2026-09-02-33624361367,india-1447886789,india,hindustan-times,publish,ok,,368,85,368,204,64,109365,60531,48820,1511,272,922,,,,,,,
2026-09-02,2026-09-02-33624361367,india-6654872025,india,dna-india,publish,ok,,427,50,427,2278,81,101812,66568,35234,1570,186,922,,,,,,,
2026-09-02,2026-09-02-33624361367,india-2309967253,india,newslaundry,publish,ok,,529,65,529,349,63,123024,78432,44580,1686,233,922,,,,,,,
2026-09-02,2026-09-02-33624361367,india-6041114257,india,et-default,publish,ok,,465,66,465,292,76,128356,82200,46072,1721,236,922,,,,,,,
2026-09-02,2026-09-02-33642543941,ai-7377802091,ai,the-decoder,extract,failed,paywalled,,,,,,,,,,,,,,,,,,
2026-09-02,2026-09-02-33642543941,ai-8426385896,ai,techcrunch-ai,publish,ok,,911,158,911,328,37,210769,148360,62340,2142,352,0,,,,,,,
2026-09-02,2026-09-02-33642543941,ai-9164975461,ai,guardian-ai,publish,ok,,591,69,591,317,36,152973,118938,34023,1730,202,0,,,,,,,
2026-09-02,2026-09-02-33642543941,energy-7459372023,energy,electrek,publish,ok,,827,100,827,413,30,123234,74442,48723,1984,266,923,,,,,,,
2026-09-02,2026-09-02-33642543941,energy-2283048238,energy,oilprice,publish,ok,,714,88,714,339,35,113131,73654,39385,1977,222,923,,,,,,,
2026-09-02,2026-09-02-33642543941,energy-2244555000,energy,greentech,publish,ok,,230,86,230,964,24,68023,25059,42924,1284,261,922,,,,,,,
2026-09-02,2026-09-02-33642543941,energy-4088802030,energy,energy-storage,publish,ok,,658,63,658,671,46,102507,64529,37967,1856,222,922,,,,,,,
2026-09-02,2026-09-02-33642543941,energy-8033747295,energy,world-nuclear-news,publish,ok,,605,72,605,940,16,104400,60251,44102,1781,246,922,,,,,,,
2026-09-02,2026-09-02-33642543941,energy-1629272063,energy,heatmap,publish,ok,,3846,212,4173,295,67,481991,401940,79905,5726,423,0,,,,,,,
2026-09-02,2026-09-02-33642543941,business-economy-0871001188,business-economy,quartz,publish,ok,,476,77,476,344,49,93786,48864,44872,1622,255,922,,,,,,,
2026-09-02,2026-09-02-33642543941,business-economy-8066561469,business-economy,business-today-in,publish,ok,,223,73,223,428,77,71730,28783,42940,1334,249,922,,,,,,,
2026-09-02,2026-09-02-33642543941,business-economy-5873746124,business-economy,yahoo-finance,publish,ok,,360,78,360,477,86,86887,42392,44487,1525,257,922,,,,,,,
2026-09-02,2026-09-02-33642543941,business-economy-4477031187,business-economy,aljazeera-economy,publish,ok,,711,121,711,1164,27,148795,80045,68697,2072,393,923,,,,,,,
2026-09-02,2026-09-02-33642543941,business-economy-0722152876,business-economy,semafor,publish,ok,not_prose,119,39,119,787,18,102829,77132,25606,1123,152,0,,,,,,,
2026-09-02,2026-09-02-33642543941,business-economy-1169584694,business-economy,naked-capitalism,publish,ok,,2039,150,2039,1526,26,310448,254502,55843,3632,305,0,,,,,,,
2026-09-02,2026-09-02-33642543941,world-7997489619,world,news18-world,fetch,failed,http_client_error,,,,,,,,,,,,,,,,,,
2026-09-02,2026-09-02-33642543941,world-9628997768,world,independent-world,publish,ok,,1072,131,1072,553,40,151676,95463,56141,2297,301,923,,,,,,,
2026-09-02,2026-09-02-33642543941,world-5910701870,world,euronews,publish,ok,,581,79,581,774,51,95183,54833,40296,1712,240,922,,,,,,,
2026-09-02,2026-09-02-33642543941,world-2866575646,world,thehindu-intl,publish,ok,,392,71,392,247,35,78768,42261,36452,1532,215,922,,,,,,,
2026-09-02,2026-09-02-33642543941,world-2413051600,world,dw-world,publish,ok,,1049,101,1049,22202,29,146520,98608,47798,2337,255,923,,,,,,,
2026-09-02,2026-09-02-33642543941,world-4342151673,world,bbc-world,publish,ok,,845,104,845,501,50,128520,80069,48333,2075,275,923,,,,,,,
2026-09-02,2026-09-02-33642543941,world-2769336875,world,japan-times,publish,ok,,276,77,276,2304,39,77704,29743,47953,1350,282,922,,,,,,,
2026-09-02,2026-09-02-33642543941,world-5169282720,world,africanews,publish,ok,,165,65,165,799,24,52807,18374,34426,1186,205,922,,,,,,,
2026-09-02,2026-09-02-33642543941,india-1081196098,india,the-hindu-national,publish,ok,,169,76,169,95,30,62252,20067,42178,1209,251,922,,,,,,,
2026-09-02,2026-09-02-33642543941,india-3762925538,india,ht-business,publish,ok,,1249,128,1249,423,53,173703,117131,56458,2600,313,923,,,,,,,
2026-09-02,2026-09-02-33642543941,india-5941414342,india,economic-times,publish,ok,,218,61,218,417,47,64483,26805,37670,1308,226,922,,,,,,,
2026-09-02,2026-09-02-33642543941,india-7587809932,india,mongabay-india,publish,ok,,196,76,196,303,22,63560,22398,41155,1244,247,922,,,,,,,
2026-09-02,2026-09-02-33642543941,india-4173690150,india,toi-top,publish,ok,,573,57,573,750,69,95359,58391,36959,1764,216,922,,,,,,,
2026-09-02,2026-09-02-33642543941,india-0173892209,india,india-today,publish,ok,,565,57,565,417,53,107556,66757,40751,1887,239,922,,,,,,,
2026-09-02,2026-09-02-33642543941,india-5802194277,india,thehindu-business,publish,ok,,205,79,205,284,28,71176,23541,47588,1261,283,922,,,,,,,
2026-09-02,2026-09-02-33642543941,india-8954133389,india,livemint-markets,publish,ok,,648,63,648,246,27,106920,68717,38193,1912,223,922,,,,,,,
2026-09-02,2026-09-02-33642543941,india-4700023014,india,ht-business,publish,ok,,1210,120,1210,98,52,172409,113548,58747,2550,313,923,,,,,,,
2026-09-02,2026-09-02-33642543941,india-5969091513,india,the-quint,publish,ok,,2730,164,2730,769,74,316362,248650,67658,4453,359,924,,,,,,,
2026-09-02,2026-09-02-33642543941,india-0348755923,india,scroll-in,publish,ok,,365,67,365,692,26,82224,42307,39860,1529,226,922,,,,,,,
2026-09-02,2026-09-02-33642543941,ai-8911355714,ai,guardian-ai,publish,ok,,722,151,722,371,49,257785,191789,65928,1887,354,0,,,,,,,
2026-09-02,2026-09-02-33642543941,ai-4464757128,ai,techcrunch-ai,publish,ok,,356,70,356,625,37,184508,147113,37353,1451,210,0,,,,,,,
2026-09-02,2026-09-02-33642543941,ai-4338698762,ai,fastcompany-tech,publish,ok,,386,76,386,893,61,93882,54037,39835,1465,229,939,,,,,,,
2026-09-02,2026-09-02-33642543941,energy-6517773126,energy,power-magazine,publish,ok,,1618,95,1618,231,58,270722,223574,47092,3100,255,923,,,,,,,
2026-09-02,2026-09-02-33642543941,energy-7791786069,energy,pv-magazine,publish,ok,,406,74,406,2256,51,102149,61416,40723,1522,228,922,,,,,,,
2026-09-02,2026-09-02-33642543941,energy-4560196340,energy,solar-quarter,publish,ok,,578,66,578,4901,98,141312,88680,52620,1790,296,922,,,,,,,
2026-09-02,2026-09-02-33642543941,energy-5934652170,energy,climate-home,publish,ok,,2340,158,2340,3154,207,456284,390539,65544,3818,338,0,,,,,,,
2026-09-02,2026-09-02-33642543941,energy-5453349795,energy,world-nuclear-news,publish,ok,,709,130,709,1608,24,166219,102937,63204,1933,339,923,,,,,,,
2026-09-02,2026-09-02-33642543941,energy-1417790797,energy,cleantechnica,publish,ok,,661,76,661,735,26,131007,91634,39319,1820,222,922,,,,,,,
2026-09-02,2026-09-02-33642543941,business-economy-1807067769,business-economy,business-today-in,publish,ok,,314,65,314,1797,113,102471,55728,46693,1467,266,922,,,,,,,
2026-09-02,2026-09-02-33642543941,business-economy-7785430542,business-economy,npr-business,publish,ok,,1216,133,1216,620,46,224473,163923,60415,2521,319,923,,,,,,,
2026-09-02,2026-09-02-33642543941,business-economy-4161496502,business-economy,bbc-business,publish,ok,,378,71,378,261,64,97265,55809,41446,1468,236,922,,,,,,,
2026-09-02,2026-09-02-33642543941,business-economy-7105229638,business-economy,bbc-business,publish,ok,,794,118,794,597,56,153988,105529,48290,1957,266,923,,,,,,,
2026-09-02,2026-09-02-33642543941,business-economy-1757899765,business-economy,seekingalpha,fetch,failed,http_client_error,,,,,,,,,,,,,,,,,,
2026-09-02,2026-09-02-33642543941,world-4274503231,world,anadolu-world,publish,ok,,831,124,831,5869,102,168209,116325,51792,2063,287,923,,,,,,,
2026-09-02,2026-09-02-33642543941,world-5856693557,world,news18-world,fetch,failed,http_client_error,,,,,,,,,,,,,,,,,,
2026-09-02,2026-09-02-33642543941,world-8699768354,world,independent-world,publish,ok,,474,81,474,364,37,111424,68873,42539,1598,240,922,,,,,,,
2026-09-02,2026-09-02-33642543941,world-5888266667,world,thehindu-intl,publish,ok,,215,54,215,557,63,76121,36260,39852,1276,222,922,,,,,,,
2026-09-02,2026-09-02-33642543941,world-7590561698,world,elpais-en,publish,ok,,667,65,667,1463,65,129308,93012,36283,1830,201,922,,,,,,,
2026-09-02,2026-09-02-33642543941,world-0385862647,world,lemonde-en,publish,ok,too_short,35,35,35,1594,5,127303,104353,22942,1021,135,0,,,,,,,
2026-09-02,2026-09-02-33642543941,world-2499733996,world,mongabay,publish,ok,,1320,125,1320,500,36,253034,195396,57539,2826,306,923,,,,,,,
2026-09-02,2026-09-02-33642543941,world-7310141550,world,japan-times,publish,ok,,295,73,295,2065,51,80122,42488,37533,1337,216,922,,,,,,,
2026-09-02,2026-09-02-33642543941,world-8544029749,world,npr-world,publish,ok,,962,116,962,130,40,179234,128469,50587,2166,268,923,,,,,,,
2026-09-02,2026-09-02-33642543941,india-1524077178,india,toi-india,publish,ok,,129,66,129,411,108,57908,22288,35611,1140,203,922,,,,,,,
2026-09-02,2026-09-02-33642543941,india-0761743646,india,free-press-journal,publish,ok,,747,120,747,381,26,154430,102964,51339,1925,271,923,,,,,,,
2026-09-02,2026-09-02-33642543941,india-6546517563,india,deccan-chronicle,publish,ok,,448,72,448,2123,44,101660,62625,39025,1537,219,922,,,,,,,
2026-09-02,2026-09-02-33642543941,india-6198863570,india,thehindu-all,publish,ok,,118,68,118,127,37,61588,23577,38003,1152,222,922,,,,,,,
2026-09-02,2026-09-02-33642543941,india-7342152150,india,the-federal,publish,ok,,411,82,411,3420,77,98879,59387,39477,1502,226,922,,,,,,,
2026-09-02,2026-09-02-33642543941,india-8518196225,india,deccan-chronicle,publish,ok,,246,93,246,1465,43,78343,35399,42935,1269,243,922,,,,,,,
2026-09-02,2026-09-02-33642543941,india-5866216047,india,livemint-companies,publish,ok,,399,84,399,576,32,110535,60840,49684,1518,273,922,,,,,,,
2026-09-02,2026-09-02-33642543941,india-6906762112,india,the-quint,publish,ok,,813,144,813,379,60,171206,110241,60778,1997,307,923,,,,,,,
2026-09-02,2026-09-02-33642543941,india-9238860358,india,livemint-companies,publish,ok,,664,63,664,101,35,129758,92274,37472,1825,205,922,,,,,,,
2026-09-02,2026-09-02-33642543941,india-5810208385,india,scroll-in,publish,ok,,594,69,594,389,35,133724,89034,44623,1794,246,922,,,,,,,
2026-09-02,2026-09-02-33642543941,ai-6295397261,ai,huggingface-blog,publish,ok,,2677,162,2677,156,66,516174,446889,69146,4329,355,0,,,,,,,
2026-09-02,2026-09-02-33642543941,ai-7908868636,ai,fastcompany-tech,publish,ok,,329,61,329,568,63,183344,142532,40769,1400,214,0,,,,,,,
2026-09-02,2026-09-02-33642543941,ai-7643449402,ai,mit-tech-review-ai,publish,ok,,3846,169,4023,597,72,657489,590298,67020,5679,340,0,,,,,,,
2026-09-02,2026-09-02-33642543941,energy-4136560968,energy,electrek,publish,ok,,821,120,821,376,33,267968,213380,54528,2091,285,0,,,,,,,
2026-09-02,2026-09-02-33642543941,energy-9178821336,energy,ieee-energy,publish,ok,,1124,98,1124,876,64,223002,169377,53537,2566,266,923,,,,,,,
2026-09-02,2026-09-02-33642543941,energy-2794010719,energy,offshore-wind,publish,ok,not_prose,3,33,3,1365,158,122166,99769,22387,979,122,0,,,,,,,
2026-09-02,2026-09-02-33642543941,energy-7991360825,energy,pv-magazine,publish,ok,,774,100,774,1197,53,148681,104712,43825,1940,237,923,,,,,,,
2026-09-02,2026-09-02-33642543941,energy-4929101437,energy,solar-quarter,publish,ok,,307,92,307,450,104,107207,50304,56892,1412,302,922,,,,,,,
2026-09-02,2026-09-02-33642543941,energy-2800616828,energy,inside-climate-news,publish,ok,,1608,124,1608,331,39,280847,216149,64528,3015,319,923,,,,,,,
2026-09-02,2026-09-02-33642543941,business-economy-5797254360,business-economy,yahoo-finance,publish,ok,,416,73,416,752,119,124145,70799,53336,1605,258,922,,,,,,,
2026-09-02,2026-09-02-33642543941,business-economy-7921632451,business-economy,cna-business,publish,ok,,191,66,191,1863,95,76299,31547,44742,1227,209,922,,,,,,,
2026-09-02,2026-09-02-33642543941,business-economy-1696675380,business-economy,liberty-street,publish,ok,,1593,113,1593,75,45,273700,213900,59649,2987,302,923,,,,,,,
2026-09-02,2026-09-02-33642543941,business-economy-5667613343,business-economy,npr-business,publish,ok,,556,80,556,630,33,140305,81490,58803,1707,241,922,,,,,,,
2026-09-02,2026-09-02-33642543941,business-economy-0449569880,business-economy,semafor,publish,ok,,159,51,159,412,23,65876,26654,39162,1182,191,922,,,,,,,
2026-09-02,2026-09-02-33642543941,business-economy-6858183073,business-economy,naked-capitalism,publish,ok,,810,72,810,1144,18,142213,102386,39682,1920,203,923,,,,,,,
2026-09-02,2026-09-02-33642543941,world-2487325498,world,scmp-news,extract,failed,paywalled,,,,,,,,,,,,,,,,,,
2026-09-02,2026-09-02-33642543941,world-0422848866,world,apnews-world,publish,ok,,560,60,560,125,228,128231,82359,45861,1718,218,922,,,,,,,
2026-09-02,2026-09-02-33642543941,world-7861411274,world,bbc-world,publish,ok,,355,66,355,150,57,95211,51339,43815,1419,218,922,,,,,,,
2026-09-02,2026-09-02-33642543941,world-7632015619,world,france24,publish,ok,,120,51,120,692,72,58683,21806,36867,1134,180,922,,,,,,,
2026-09-02,2026-09-02-33642543941,world-1132915185,world,dw-world,publish,ok,,799,100,799,21640,36,161562,110807,50603,2001,259,923,,,,,,,
2026-09-02,2026-09-02-33642543941,world-6431512405,world,elpais-en,publish,ok,,1145,115,1145,272,74,211168,153970,57005,2413,295,923,,,,,,,
2026-09-02,2026-09-02-33642543941,world-2594422030,world,lemonde-en,publish,ok,too_short,35,41,35,1254,6,29683,10694,18982,1025,105,922,,,,,,,
2026-09-02,2026-09-02-33642543941,world-3609173731,world,abc-au-world,publish,ok,,690,67,690,1859,68,148587,100451,48124,1891,239,922,,,,,,,
2026-09-02,2026-09-02-33642543941,world-5631901668,world,abc-au-world,publish,ok,,74,58,74,451,88,53184,15980,37115,1076,187,922,,,,,,,
2026-09-02,2026-09-02-33642543941,india-3654876133,india,toi-india,publish,ok,,359,65,359,523,103,92832,52726,40094,1434,202,922,,,,,,,
2026-09-02,2026-09-02-33642543941,india-2204111838,india,free-press-journal,publish,ok,,579,84,579,539,22,141062,87316,53734,1766,266,922,,,,,,,
2026-09-02,2026-09-02-33642543941,india-6184387668,india,livemint-markets,publish,ok,,815,89,815,344,34,168394,117305,50899,2071,273,923,,,,,,,
2026-09-02,2026-09-02-33642543941,india-1234783616,india,livemint,publish,ok,,394,83,394,129,35,102632,55978,46567,1462,222,922,,,,,,,
2026-09-02,2026-09-02-33642543941,india-9376885409,india,toi-top,publish,ok,,776,138,776,71,72,174681,112119,62384,2014,332,923,,,,,,,
2026-09-02,2026-09-02-33642543941,india-6284015131,india,hindustan-times,publish,ok,,954,117,954,362,63,204616,141834,62642,2297,307,923,,,,,,,
2026-09-02,2026-09-02-33642543941,india-1793934179,india,hindustan-times,publish,ok,,508,104,508,119,58,131550,71371,60166,1614,299,922,,,,,,,
2026-09-02,2026-09-02-33642543941,india-5757323907,india,thehindu-biz,publish,ok,,412,60,412,557,41,99575,61495,38002,1520,195,922,,,,,,,
2026-09-02,2026-09-02-33642543941,india-7026262953,india,dna-india,publish,ok,,353,58,353,2108,82,92824,52782,40032,1435,213,922,,,,,,,
2026-09-02,2026-09-02-33642543941,india-6516922356,india,frontline,publish,ok,,123,69,123,447,34,56561,19762,36790,1115,195,923,,,,,,,
2026-09-02,2026-09-02-33642543941,ai-8791599651,ai,simon-willison,publish,ok,,2071,141,2071,247,34,458744,389940,68670,3781,326,0,,,,,,,
2026-09-02,2026-09-02-33642543941,ai-5817327534,ai,the-decoder,publish,ok,,259,92,259,3296,25,177622,131858,45720,1296,245,0,,,,,,,
2026-09-02,2026-09-02-33642543941,ai-6875156349,ai,ieee-spectrum-ai,publish,ok,,1616,120,1616,297,65,369250,306226,62937,2969,300,0,,,,,,,
2026-09-02,2026-09-02-33642543941,energy-6088631020,energy,oilprice,publish,ok,,355,67,355,566,54,99278,55985,43282,1467,236,922,,,,,,,
2026-09-02,2026-09-02-33642543941,energy-4028598489,energy,yale-e360,publish,ok,,456,78,456,1965,13,105325,61756,43558,1522,224,922,,,,,,,
2026-09-02,2026-09-02-33642543941,energy-2509717606,energy,energy-storage,publish,ok,,775,129,775,800,50,205888,130040,75767,2182,371,923,,,,,,,
2026-09-02,2026-09-02-33642543941,energy-9476977627,energy,heatmap,publish,ok,,3846,203,11399,508,112,682021,600091,81709,5772,391,0,,,,,,,
2026-09-02,2026-09-02-33642543941,energy-5356419024,energy,offshore-wind,publish,ok,not_prose,3,39,3,1459,142,126917,100277,26631,979,144,0,,,,,,,
2026-09-02,2026-09-02-33642543941,energy-6072378508,energy,cleantechnica,publish,ok,,2454,189,2454,778,39,410055,328734,81226,4085,395,924,,,,,,,
2026-09-02,2026-09-02-33642543941,business-economy-8818007292,business-economy,quartz,publish,ok,,441,79,441,595,55,119629,74440,45178,1644,243,922,,,,,,,
2026-09-02,2026-09-02-33642543941,business-economy-7579111691,business-economy,guardian-business,publish,ok,,281,64,281,408,65,86152,44879,41219,1357,214,922,,,,,,,
2026-09-02,2026-09-02-33642543941,business-economy-4600095838,business-economy,cna-business,publish,ok,,167,65,167,919,98,63834,28168,35656,1194,187,922,,,,,,,
2026-09-02,2026-09-02-33642543941,business-economy-6103553908,business-economy,aljazeera-economy,publish,ok,not_prose,38,39,38,1309,34,37450,11029,26414,1028,142,922,,,,,,,
2026-09-02,2026-09-02-33642543941,business-economy-3313340680,business-economy,seekingalpha,fetch,failed,http_client_error,,,,,,,,,,,,,,,,,,
2026-09-02,2026-09-02-33642543941,world-6934095543,world,apnews-world,publish,ok,,465,57,465,104,213,106578,66241,40324,1564,201,922,,,,,,,
2026-09-02,2026-09-02-33642543941,world-3369166751,world,scmp-news,extract,failed,paywalled,,,,,,,,,,,,,,,,,,
2026-09-02,2026-09-02-33642543941,world-8646829794,world,france24,publish,ok,,678,68,678,284,50,136204,96875,39317,1860,198,922,,,,,,,
2026-09-02,2026-09-02-33642543941,world-0475002514,world,euronews,publish,ok,,415,73,415,565,65,109016,59332,49624,1498,253,922,,,,,,,
2026-09-02,2026-09-02-33642543941,world-3427341396,world,anadolu-world,publish,ok,,258,83,258,4010,93,82061,40479,41572,1316,222,922,,,,,,,
2026-09-02,2026-09-02-33642543941,world-2365069862,world,conversation-africa,publish,ok,,883,117,883,326,32,192173,129861,62202,2184,293,923,,,,,,,
2026-09-02,2026-09-02-33642543941,world-0208003095,world,mongabay,publish,ok,,483,85,483,327,30,123317,72687,50620,1628,269,922,,,,,,,
2026-09-02,2026-09-02-33642543941,world-5245868855,world,africanews,publish,ok,,534,84,534,1107,38,139734,82271,57390,1719,292,922,,,,,,,
2026-09-02,2026-09-02-33642543941,world-8043548880,world,npr-world,publish,ok,,1096,122,1096,307,51,215307,155130,60109,2429,305,923,,,,,,,
2026-09-02,2026-09-02-33642543941,india-5655945518,india,the-hindu-national,publish,ok,,242,74,242,281,40,85845,39889,45863,1308,239,922,,,,,,,
2026-09-02,2026-09-02-33642543941,india-6013334907,india,thehindu-biz,publish,ok,,198,72,198,139,40,87795,41071,46714,1321,254,922,,,,,,,
2026-09-02,2026-09-02-33642543941,india-1035239516,india,economic-times,publish,ok,,306,77,306,484,78,95130,49714,45406,1406,250,922,,,,,,,
2026-09-02,2026-09-02-33642543941,india-6301452971,india,thehindu-all,publish,ok,,183,65,183,99,40,75666,34521,41136,1257,223,922,,,,,,,
2026-09-02,2026-09-02-33642543941,india-5667323133,india,india-today,publish,ok,,547,92,547,441,68,148552,96546,51991,1860,278,922,,,,,,,
2026-09-02,2026-09-02-33642543941,india-0395113513,india,thehindu-business,publish,ok,,254,108,254,424,38,96260,39088,57103,1302,304,922,,,,,,,
2026-09-02,2026-09-02-33642543941,india-2698174692,india,livemint,publish,ok,,696,68,696,273,39,187576,133725,53839,2218,275,922,,,,,,,
2026-09-02,2026-09-02-33642543941,india-6801055435,india,the-federal,publish,ok,,1417,117,1417,346,88,269582,207543,61957,2933,305,923,,,,,,,
2026-09-02,2026-09-02-33642543941,india-8167263736,india,dna-india,publish,ok,,300,71,300,2168,88,99305,48778,50436,1395,254,922,,,,,,,
2026-09-02,2026-09-02-33642543941,india-2347064817,india,newslaundry,publish,ok,,2134,134,2134,641,91,364851,291842,72832,3736,352,924,,,,,,,
2026-09-02,2026-09-02-33642543941,india-5087191678,india,frontline,publish,ok,,1663,111,1663,329,44,322960,260697,62101,3433,304,923,,,,,,,
2026-09-02,2026-09-02-33664079063,ai-4169561531,ai,techcrunch-ai,publish,ok,,326,81,326,156,27,93039,61532,31473,1373,236,0,,,,,,,
2026-09-02,2026-09-02-33664079063,ai-8129481356,ai,pytorch-blog,publish,ok,not_prose,2336,28,2336,2150,28,197395,175283,21649,4847,161,922,,,,,,,
2026-09-02,2026-09-02-33664079063,ai-4125960284,ai,mit-news-ai,publish,ok,,1019,131,1019,561,26,141372,100884,40438,2271,297,0,,,,,,,
2026-09-02,2026-09-02-33664079063,ai-3061322653,ai,wired-ai,publish,ok,,843,124,843,984,71,89803,53269,36493,2085,273,923,,,,,,,
2026-09-02,2026-09-02-33664079063,ai-7355600034,ai,fastcompany-tech,publish,ok,,340,63,340,811,36,56535,24843,31683,1461,237,922,,,,,,,
2026-09-02,2026-09-02-33664079063,energy-0543287098,energy,heatmap,publish,ok,,3846,179,11198,751,64,312222,254198,57961,5779,415,0,,,,,,,
2026-09-02,2026-09-02-33664079063,energy-3739715203,energy,climate-home,publish,ok,not_prose,51,41,51,3392,22,63843,46307,17529,1033,136,0,,,,,,,
2026-09-02,2026-09-02-33664079063,energy-0115442706,energy,balkangreen,publish,ok,,406,81,406,4037,25,55874,24311,31554,1458,237,922,,,,,,,
2026-09-02,2026-09-02-33664079063,energy-5124470389,energy,pv-magazine,publish,ok,,607,78,607,1516,32,70013,37080,32924,1750,244,922,,,,,,,
2026-09-02,2026-09-02-33664079063,energy-8960400717,energy,solar-quarter,publish,ok,,237,59,237,2480,55,50497,18732,31722,1336,245,922,,,,,,,
2026-09-02,2026-09-02-33664079063,energy-8544529422,energy,cleantechnica,publish,ok,,463,57,463,682,16,66486,32760,33719,1660,250,922,,,,,,,
2026-09-02,2026-09-02-33664079063,business-economy-4098929278,business-economy,yahoo-finance,fetch,failed,robots_denied,,,,,,,,,,,,,,,,,,
2026-09-02,2026-09-02-33664079063,business-economy-9743834125,business-economy,business-today-in,publish,ok,,107,68,107,232,52,44441,9645,34758,1133,262,922,,,,,,,
2026-09-02,2026-09-02-33664079063,business-economy-4284085086,business-economy,guardian-business,publish,ok,,672,67,672,374,33,75232,41606,33615,1845,236,922,,,,,,,
2026-09-02,2026-09-02-33664079063,business-economy-6352967329,business-economy,marginal-revolution,extract,failed,no_text,,,,,,,,,,,,,,,,,,
2026-09-02,2026-09-02-33664079063,business-economy-3844676163,business-economy,econbrowser,publish,ok,not_prose,42,38,42,475,4,22977,5292,17679,1036,135,922,,,,,,,
2026-09-02,2026-09-02-33664079063,world-3967569346,world,guardian-world,publish,ok,,513,89,513,85,34,75962,34123,41760,1659,308,922,,,,,,,
2026-09-02,2026-09-02-33664079063,world-5509321924,world,news18-world,fetch,failed,http_client_error,,,,,,,,,,,,,,,,,,
2026-09-02,2026-09-02-33664079063,world-9584920987,world,france24,fetch,failed,http_client_error,,,,,,,,,,,,,,,,,,
2026-09-02,2026-09-02-33664079063,world-5616232569,world,lemonde-en,summarize,failed,length_out_of_range,35,,35,1551,5,15183,,,,,,,,,,,,
2026-09-02,2026-09-02-33664079063,world-4074958564,world,euronews,publish,ok,,564,68,564,763,39,65757,34017,31685,1695,243,922,,,,,,,
2026-09-02,2026-09-02-33664079063,world-1389163040,world,africanews,publish,ok,,137,45,137,1820,19,30316,10215,20044,1156,158,922,,,,,,,
2026-09-02,2026-09-02-33664079063,world-1784902133,world,abc-au-world,publish,ok,,464,70,464,885,45,54035,27427,26601,1554,207,922,,,,,,,
2026-09-02,2026-09-02-33664079063,world-8580322982,world,africanews,publish,ok,,321,75,321,1443,22,55865,20967,34889,1393,269,922,,,,,,,
2026-09-02,2026-09-02-33664079063,world-3545142266,world,elpais-en,publish,ok,,542,56,542,714,39,58875,31614,27253,1629,204,922,,,,,,,
2026-09-02,2026-09-02-33664079063,india-3302912262,india,the-hindu-national,publish,ok,,249,71,249,1042,24,52626,18511,34108,1337,248,922,,,,,,,
2026-09-02,2026-09-02-33664079063,india-5977104674,india,economic-times,publish,ok,,283,85,283,581,33,63483,22272,41205,1402,306,922,,,,,,,
2026-09-02,2026-09-02-33664079063,india-9686508315,india,free-press-journal,publish,ok,,360,63,360,594,13,56161,25275,30879,1476,235,922,,,,,,,
2026-09-02,2026-09-02-33664079063,india-1563641922,india,thehindu-business,publish,ok,,121,61,121,605,21,35803,9347,26451,1129,207,922,,,,,,,
2026-09-02,2026-09-02-33664079063,india-7310395933,india,thehindu-business,publish,ok,,343,74,343,141,21,49677,20721,28947,1398,226,922,,,,,,,
2026-09-02,2026-09-02-33664079063,india-1031028272,india,thehindu-all,publish,ok,,214,73,214,166,23,45572,14707,30858,1254,241,922,,,,,,,
2026-09-02,2026-09-02-33664079063,india-2771640551,india,free-press-journal,publish,ok,,310,67,310,210,12,59651,22078,37565,1421,289,922,,,,,,,
2026-09-02,2026-09-02-33664079063,india-8271298431,india,hindustan-times,publish,ok,,521,70,521,381,33,69106,39216,29882,1804,228,922,,,,,,,
2026-09-02,2026-09-02-33664079063,india-7822862137,india,newslaundry,publish,ok,not_prose,640,46,640,541,35,76520,55393,21072,2165,160,922,,,,,,,
2026-09-02,2026-09-02-33664079063,india-1642110865,india,the-federal,publish,ok,,713,117,713,2350,47,102312,52814,49436,2089,365,923,,,,,,,
2026-09-02,2026-09-02-33664079063,india-5468170216,india,et-default,publish,ok,,1043,108,1043,355,53,98555,63908,34552,2354,260,923,,,,,,,
2026-09-02,2026-09-02-33664079063,ai-6520108492,ai,techcrunch-ai,publish,ok,,435,73,435,43,34,146473,103952,42484,1510,259,0,,,,,,,
2026-09-02,2026-09-02-33664079063,ai-4393180026,ai,databricks-blog,publish,ok,,972,102,972,342,59,195829,150823,44948,2194,265,0,,,,,,,
2026-09-02,2026-09-02-33664079063,ai-6063156673,ai,nvidia-technical-blog,publish,ok,,2106,161,2106,348,45,359930,295703,64044,4255,367,0,,,,,,,
2026-09-02,2026-09-02-33664079063,ai-5468451340,ai,guardian-ai,publish,ok,not_prose,11,28,11,371,124,86735,68132,18596,987,115,0,,,,,,,
2026-09-02,2026-09-02-33664079063,ai-9728200932,ai,bbc-tech,publish,ok,,371,100,371,187,60,74062,34552,39498,1422,238,922,,,,,,,
2026-09-02,2026-09-02-33664079063,energy-0656500292,energy,latitude-media,publish,ok,,1050,114,1050,727,25,154334,99851,54439,2368,321,923,,,,,,,
2026-09-02,2026-09-02-33664079063,energy-3718095670,energy,oilprice,publish,ok,,325,84,325,371,40,71974,33626,38340,1409,236,922,,,,,,,
2026-09-02,2026-09-02-33664079063,energy-0114402213,energy,electrek,publish,ok,,515,76,515,74,36,91903,53821,38071,1702,234,922,,,,,,,
2026-09-02,2026-09-02-33664079063,energy-2634926403,energy,world-nuclear-news,publish,ok,,438,64,438,2863,16,80426,44450,35934,1566,223,922,,,,,,,
2026-09-02,2026-09-02-33664079063,energy-9603263133,energy,energymonitor,publish,ok,,354,77,354,373,29,71549,35213,36325,1433,224,922,,,,,,,
2026-09-02,2026-09-02-33664079063,energy-4866979979,energy,energy-storage,publish,ok,,1129,105,1129,1627,42,159889,113102,46716,2550,272,923,,,,,,,
2026-09-02,2026-09-02-33664079063,business-economy-7444747209,business-economy,quartz,publish,ok,,182,81,182,294,38,56897,19486,37403,1204,233,922,,,,,,,
2026-09-02,2026-09-02-33664079063,business-economy-8352369270,business-economy,cna-business,publish,ok,,184,79,184,1364,78,56945,19948,36988,1209,228,922,,,,,,,
2026-09-02,2026-09-02-33664079063,business-economy-2660644819,business-economy,aljazeera-economy,summarize,failed,copied_source,49,,49,1250,21,32715,,,,,,,,,,,,
2026-09-02,2026-09-02-33664079063,business-economy-9872413092,business-economy,guardian-business,publish,ok,,392,64,392,122,31,75740,39025,36707,1485,224,922,,,,,,,
2026-09-02,2026-09-02-33664079063,business-economy-1289315918,business-economy,seekingalpha,fetch,failed,http_client_error,,,,,,,,,,,,,,,,,,
2026-09-02,2026-09-02-33664079063,business-economy-7142520368,business-economy,naked-capitalism,publish,ok,,713,129,713,985,17,115556,64417,51080,1850,298,923,,,,,,,
2026-09-02,2026-09-02-33664079063,world-8036770440,world,news18-world,fetch,failed,http_client_error,,,,,,,,,,,,,,,,,,
2026-09-02,2026-09-02-33664079063,world-7015593025,world,dw-world,publish,ok,,972,129,972,29317,31,136349,86601,49621,2173,289,923,,,,,,,
2026-09-02,2026-09-02-33664079063,world-0829476562,world,independent-world,publish,ok,,902,120,902,584,39,135128,82413,52658,2111,304,923,,,,,,,
2026-09-02,2026-09-02-33664079063,world-8657897346,world,bbc-world,publish,ok,,466,68,466,104,48,83515,44540,38967,1566,238,922,,,,,,,
2026-09-02,2026-09-02-33664079063,world-5038261643,world,apnews-world,publish,ok,,951,103,951,106,156,132780,87172,45539,2177,261,923,,,,,,,
2026-09-02,2026-09-02-33664079063,world-6195554395,world,dw-world,publish,ok,,531,68,531,813,25,91676,51899,39769,1671,242,922,,,,,,,
2026-09-02,2026-09-02-33664079063,world-1433782759,world,scmp-news,extract,failed,paywalled,,,,,,,,,,,,,,,,,,
2026-09-02,2026-09-02-33664079063,world-3760155235,world,anadolu-world,publish,ok,,418,84,418,6461,75,79668,40959,38662,1512,235,922,,,,,,,
2026-09-02,2026-09-02-33664079063,world-1426328783,world,japan-times,publish,ok,,97,61,97,3336,38,45216,12007,33200,1093,205,922,,,,,,,
2026-09-02,2026-09-02-33664079063,india-5154336329,india,toi-india,publish,ok,,322,72,322,417,84,78190,33520,44662,1405,259,922,,,,,,,
2026-09-02,2026-09-02-33664079063,india-0170011708,india,livemint-companies,publish,ok,,848,104,848,301,30,137225,87229,49883,2149,290,923,,,,,,,
2026-09-02,2026-09-02-33664079063,india-0366140524,india,toi-top,publish,ok,,549,58,549,41,67,101400,59208,42183,1774,248,922,,,,,,,
2026-09-02,2026-09-02-33664079063,india-3742167158,india,economic-times,publish,ok,,988,138,988,518,68,154992,95467,59298,2298,348,923,,,,,,,
2026-09-02,2026-09-02-33664079063,india-4638514672,india,india-today,publish,ok,,418,78,418,416,55,88961,45404,43459,1576,267,922,,,,,,,
2026-09-02,2026-09-02-33664079063,india-8602230089,india,india-today,publish,ok,,596,66,596,223,54,107188,66071,41106,1879,251,922,,,,,,,
2026-09-02,2026-09-02-33664079063,india-4480168327,india,toi-top,publish,ok,,511,58,511,51,65,82809,46264,36488,1590,225,922,,,,,,,
2026-09-02,2026-09-02-33664079063,india-8741382024,india,newslaundry,publish,ok,,465,61,465,435,48,76271,42838,33425,1541,208,922,,,,,,,
2026-09-02,2026-09-02-33664079063,india-9493489395,india,frontline,publish,ok,,2021,179,2021,62,31,260446,194101,66192,3724,381,924,,,,,,,
2026-09-02,2026-09-02-33664079063,india-4424814418,india,dna-india,publish,ok,,562,53,562,2944,71,103670,59095,44566,1777,269,922,,,,,,,
2026-09-02,2026-09-02-33683347345,ai-1552680190,ai,mit-news-ai,publish,ok,,1199,86,1199,120,32,123511,58578,64815,2494,255,0,,,,,,,
2026-09-02,2026-09-02-33683347345,ai-4849767213,ai,guardian-ai,publish,ok,,459,78,459,480,28,97674,34559,62990,1525,255,0,,,,,,,
2026-09-02,2026-09-02-33683347345,ai-7868911705,ai,ars-technica-ai,publish,ok,,261,73,261,833,26,67165,9724,57432,1322,235,922,,,,,,,
2026-09-02,2026-09-02-33683347345,ai-2824420435,ai,pytorch-blog,publish,ok,,3846,147,7792,1506,77,280726,174279,106325,7093,363,0,,,,,,,
2026-09-02,2026-09-02-33683347345,ai-6063156673,ai,nvidia-technical-blog,extract,failed,no_text,,,,,,,,,,,,,,,,,,
2026-09-02,2026-09-02-33683347345,ai-0419906318,ai,apple-ml-research,publish,ok,,576,57,576,471,11,75467,21846,53612,1854,215,922,,,,,,,
2026-09-02,2026-09-02-33683347345,ai-9728200932,ai,bbc-tech,publish,ok,,371,100,371,490,39,79993,11934,67920,1422,275,922,,,,,,,
2026-09-02,2026-09-02-33683347345,energy-0656500292,energy,latitude-media,publish,ok,,1050,145,1050,1524,24,134734,36357,98279,2368,384,923,,,,,,,
2026-09-02,2026-09-02-33683347345,energy-6163085553,energy,canary-media,publish,ok,,668,72,668,522,79,76107,21206,54892,1813,220,922,,,,,,,
2026-09-02,2026-09-02-33683347345,energy-4884058768,energy,greentech,publish,ok,,548,96,548,1558,24,91719,16727,74776,1645,302,922,,,,,,,
2026-09-02,2026-09-02-33683347345,energy-5962700240,energy,greentech,publish,ok,,392,84,392,1188,23,76204,13176,62792,1498,254,922,,,,,,,
2026-09-02,2026-09-02-33683347345,energy-8051655797,energy,world-nuclear-news,publish,ok,,453,89,453,1324,15,81959,15700,66251,1576,267,922,,,,,,,
2026-09-02,2026-09-02-33683347345,energy-0784663959,energy,modern-power,publish,ok,,392,55,392,715,24,65828,14554,51264,1511,207,922,,,,,,,
2026-09-02,2026-09-02-33683347345,energy-4619354688,energy,solar-quarter,publish,ok,,640,70,640,511,68,82928,21775,61144,1822,242,922,,,,,,,
2026-09-02,2026-09-02-33683347345,energy-8544529422,energy,cleantechnica,publish,ok,,463,72,463,995,117,82360,18145,64090,1660,256,922,,,,,,,
2026-09-02,2026-09-02-33683347345,business-economy-8235354273,business-economy,quartz,publish,ok,,447,67,447,457,39,67359,14797,52358,1553,212,922,,,,,,,
2026-09-02,2026-09-02-33683347345,business-economy-9743834125,business-economy,business-today-in,publish,ok,,107,67,107,765,62,65214,5416,59791,1133,246,922,,,,,,,
2026-09-02,2026-09-02-33683347345,business-economy-1053644629,business-economy,marginal-revolution,publish,ok,not_prose,6,27,6,516,97,49703,23165,26389,975,110,0,,,,,,,
2026-09-02,2026-09-02-33683347345,business-economy-7935015000,business-economy,seekingalpha,fetch,failed,http_client_error,,,,,,,,,,,,,,,,,,
2026-09-02,2026-09-02-33683347345,business-economy-3844676163,business-economy,econbrowser,publish,ok,not_prose,42,42,42,692,6,35485,3373,32106,1036,133,922,,,,,,,
2026-09-02,2026-09-02-33683347345,world-2570793518,world,guardian-world,publish,ok,,489,57,489,295,33,64627,16311,48308,1565,196,922,,,,,,,
2026-09-02,2026-09-02-33683347345,world-8909234919,world,abc-au-world,publish,ok,,709,102,709,2037,57,82982,21975,60894,1867,243,923,,,,,,,
2026-09-02,2026-09-02-33683347345,world-2901463000,world,africanews,publish,ok,,120,61,120,1375,24,49146,5249,43890,1121,183,922,,,,,,,
2026-09-02,2026-09-02-33683347345,world-5596504062,world,france24,publish,ok,,110,61,110,1026,39,52176,4815,47354,1103,196,922,,,,,,,
2026-09-02,2026-09-02-33683347345,world-5596692400,world,scmp-news,extract,failed,paywalled,,,,,,,,,,,,,,,,,,
2026-09-02,2026-09-02-33683347345,world-7416852391,world,scmp-news,extract,failed,paywalled,,,,,,,,,,,,,,,,,,
2026-09-02,2026-09-02-33683347345,world-5038261643,world,apnews-world,publish,ok,,951,131,951,261,145,119419,30157,89148,2177,350,923,,,,,,,
2026-09-02,2026-09-02-33683347345,world-5860727208,world,npr-world,publish,ok,,1178,170,1178,865,31,137730,37753,99881,2525,391,923,,,,,,,
2026-09-02,2026-09-02-33683347345,india-3789493304,india,toi-india,publish,ok,,388,57,388,936,72,66320,14130,52182,1528,211,922,,,,,,,
2026-09-02,2026-09-02-33683347345,india-0240782063,india,economic-times,publish,ok,,674,73,674,589,63,79302,22253,57039,1894,229,922,,,,,,,
2026-09-02,2026-09-02-33683347345,india-1352615905,india,livemint-companies,publish,ok,,401,67,401,590,21,67848,14198,53498,1476,217,922,,,,,,,
2026-09-02,2026-09-02-33683347345,india-3349039128,india,livemint,publish,ok,,1033,118,1033,270,27,120379,36023,84246,2379,333,923,,,,,,,
2026-09-02,2026-09-02-33683347345,india-2793449972,india,thehindu-biz,publish,ok,,677,82,677,425,33,89181,23959,65212,1925,259,922,,,,,,,
2026-09-02,2026-09-02-33683347345,india-1190463892,india,free-press-journal,publish,ok,,552,71,552,770,16,80425,20463,59837,1761,239,922,,,,,,,
2026-09-02,2026-09-02-33683347345,india-5022960271,india,the-quint,publish,ok,not_prose,244,41,244,731,42,57085,13503,43444,1479,175,922,,,,,,,
2026-09-02,2026-09-02-33683347345,india-8049592737,india,frontline,publish,ok,,2331,136,2331,199,32,171979,91395,80478,3952,303,0,,,,,,,
2026-09-02,2026-09-02-33683347345,india-6906798987,india,ht-business,publish,ok,,410,91,410,695,41,81988,15481,66389,1550,262,922,,,,,,,
2026-09-02,2026-09-02-33683347345,india-9493489395,india,frontline,publish,ok,,2021,145,2021,100,26,166836,67245,99463,3724,377,924,,,,,,,
2026-09-02,2026-09-02-33683347345,india-4424814418,india,dna-india,publish,ok,,562,53,562,2701,62,81221,19851,61362,1777,245,922,,,,,,,
2026-09-02,2026-09-02-33683347345,ai-7408628636,ai,deepmind-blog,publish,ok,,952,122,952,994,74,305772,237433,68215,2324,317,0,,,,,,,
2026-09-02,2026-09-02-33683347345,ai-0191490302,ai,guardian-ai,publish,ok,,490,70,490,231,45,213890,163927,49909,1602,230,0,,,,,,,
2026-09-02,2026-09-02-33683347345,ai-4393180026,ai,databricks-blog,publish,ok,,972,106,972,311,79,183549,129966,53454,2194,275,923,,,,,,,
2026-09-02,2026-09-02-33683347345,ai-0949253161,ai,deepmind-blog,publish,ok,,655,72,655,670,70,142687,91472,51203,1811,233,922,,,,,,,
2026-09-02,2026-09-02-33683347345,ai-9108347151,ai,meta-ai-blog,publish,ok,,2868,147,2868,581,54,544019,471163,72715,4567,322,0,,,,,,,
2026-09-02,2026-09-02-33683347345,ai-3863719876,ai,bbc-tech,publish,ok,,303,65,303,234,59,104696,46868,57757,1378,243,922,,,,,,,
2026-09-02,2026-09-02-33683347345,ai-8173367867,ai,fastcompany-tech,publish,ok,,404,78,404,1007,69,114190,59113,55066,1496,255,922,,,,,,,
2026-09-02,2026-09-02-33683347345,energy-8037171502,energy,electrek,publish,ok,,359,69,359,854,33,118724,64855,53860,1555,263,922,,,,,,,
2026-09-02,2026-09-02-33683347345,energy-1166186343,energy,power-magazine,publish,ok,,522,68,522,438,62,127834,78482,49338,1686,239,922,,,,,,,
2026-09-02,2026-09-02-33683347345,energy-1019215111,energy,energymonitor,publish,ok,,1025,102,1025,366,48,193565,138421,55009,2274,280,923,,,,,,,
2026-09-02,2026-09-02-33683347345,energy-2634926403,energy,world-nuclear-news,publish,ok,,438,68,438,1909,21,113186,65880,47243,1566,231,922,,,,,,,
2026-09-02,2026-09-02-33683347345,energy-7993191487,energy,modern-power,publish,ok,not_prose,62,39,62,2291,35,40409,13284,26995,1050,135,922,,,,,,,
2026-09-02,2026-09-02-33683347345,energy-8960400717,energy,solar-quarter,publish,ok,,237,69,237,743,96,94854,42374,52407,1336,263,922,,,,,,,
2026-09-02,2026-09-02-33683347345,energy-7602740045,energy,cleantechnica,publish,ok,,551,66,551,947,26,162149,96297,65841,1865,330,922,,,,,,,
2026-09-02,2026-09-02-33683347345,business-economy-0520966747,business-economy,cna-business,publish,ok,,298,77,298,768,108,90855,42650,48126,1340,239,922,,,,,,,
2026-09-02,2026-09-02-33683347345,business-economy-1415571318,business-economy,business-today-in,publish,ok,not_prose,56,39,56,334,93,138888,107155,31724,1046,141,0,,,,,,,
2026-09-02,2026-09-02-33683347345,business-economy-8949136526,business-economy,semafor,publish,ok,,173,59,173,788,28,64585,28108,36465,1198,189,922,,,,,,,
2026-09-02,2026-09-02-33683347345,business-economy-4284085086,business-economy,guardian-business,publish,ok,,672,78,672,233,60,150386,94880,55494,1845,252,922,,,,,,,
2026-09-02,2026-09-02-33683347345,business-economy-7715062789,business-economy,econbrowser,publish,ok,,81,62,81,279,9,70069,20435,49560,1121,224,922,,,,,,,
2026-09-02,2026-09-02-33683347345,world-3938636790,world,independent-world,publish,ok,,589,82,589,517,42,120643,78935,41695,1693,225,922,,,,,,,
2026-09-02,2026-09-02-33683347345,world-1187877969,world,independent-world,publish,ok,,727,145,727,168,50,178178,105489,72549,1953,341,923,,,,,,,
2026-09-02,2026-09-02-33683347345,world-0563362159,world,euronews,publish,ok,,529,68,529,825,69,116482,76405,40001,1669,217,922,,,,,,,
2026-09-02,2026-09-02-33683347345,world-5693737232,world,bbc-world,publish,ok,,435,68,435,70,63,95808,60335,35403,1512,194,922,,,,,,,
2026-09-02,2026-09-02-33683347345,world-3435483902,world,euronews,publish,ok,,556,88,556,365,77,137090,85445,51634,1758,277,922,,,,,,,
2026-09-02,2026-09-02-33683347345,world-3433863349,world,lemonde-en,summarize,failed,length_out_of_range,35,,35,1781,143,38240,,,,,,,,,,,,
2026-09-02,2026-09-02-33683347345,world-0604137873,world,elpais-en,publish,ok,,1028,161,1028,1068,82,223409,142926,80320,2317,376,923,,,,,,,
2026-09-02,2026-09-02-33683347345,world-6283852496,world,japan-times,publish,ok,,136,56,136,1565,50,60023,23268,36623,1149,199,922,,,,,,,
2026-09-02,2026-09-02-33683347345,world-1426328783,world,japan-times,publish,ok,,97,53,97,1302,53,47018,17448,29560,1093,161,922,,,,,,,
2026-09-02,2026-09-02-33683347345,india-8741114651,india,toi-india,publish,ok,,343,79,343,504,118,96287,52345,43933,1435,237,922,,,,,,,
2026-09-02,2026-09-02-33683347345,india-0866334823,india,livemint-companies,publish,ok,,839,95,839,528,40,166111,114919,51082,2048,268,923,,,,,,,
2026-09-02,2026-09-02-33683347345,india-0366140524,india,toi-top,publish,ok,,549,56,549,423,93,128791,86811,41969,1774,218,923,,,,,,,
2026-09-02,2026-09-02-33683347345,india-9556637126,india,livemint-markets,publish,ok,,626,71,626,148,36,167527,108108,59285,1974,308,922,,,,,,,
2026-09-02,2026-09-02-33683347345,india-4045253271,india,livemint-markets,publish,ok,,690,73,690,177,36,143151,96731,46249,1865,226,922,,,,,,,
2026-09-02,2026-09-02-33683347345,india-6707635268,india,free-press-journal,publish,ok,,280,77,280,484,21,94590,44797,49614,1359,244,922,,,,,,,
2026-09-02,2026-09-02-33683347345,india-9997236707,india,hindustan-times,publish,ok,,565,74,565,430,59,165838,106370,59456,1958,275,922,,,,,,,
2026-09-02,2026-09-02-33683347345,india-2990077842,india,scroll-in,publish,ok,not_prose,17,33,17,400,55,41361,9314,32037,1012,146,922,,,,,,,
2026-09-02,2026-09-02-33683347345,india-7822862137,india,newslaundry,publish,ok,not_prose,640,46,640,393,68,162643,127486,35048,2165,169,922,,,,,,,
2026-09-02,2026-09-02-33683347345,india-2969808949,india,dna-india,publish,ok,,384,67,384,2519,93,113649,62017,51525,1528,249,922,,,,,,,
2026-09-02,2026-09-02-33683347345,ai-6641234122,ai,aws-ml-blog,publish,ok,,2192,153,2192,327,133,452888,389601,63120,3801,319,0,,,,,,,
2026-09-02,2026-09-02-33683347345,ai-3338389511,ai,wired-ai,publish,ok,,741,129,741,1097,122,248972,193914,54990,1908,304,0,,,,,,,
2026-09-02,2026-09-02-33683347345,ai-6541809814,ai,simon-willison,publish,ok,,249,45,249,1086,11,167371,137237,30092,1353,169,0,,,,,,,
2026-09-02,2026-09-02-33683347345,ai-8129481356,ai,pytorch-blog,publish,ok,not_prose,2336,28,2336,1261,50,439993,407399,32489,4847,160,922,,,,,,,
2026-09-02,2026-09-02-33683347345,ai-4125960284,ai,mit-news-ai,publish,ok,,1019,112,1019,37,46,185759,137855,47827,2271,259,923,,,,,,,
2026-09-02,2026-09-02-33683347345,ai-8692849268,ai,ars-technica-ai,publish,ok,,305,69,305,585,43,76184,42826,33347,1341,188,922,,,,,,,
2026-09-02,2026-09-02-33683347345,ai-7355600034,ai,fastcompany-tech,publish,ok,,340,53,340,708,64,93615,55167,38438,1461,217,922,,,,,,,
2026-09-02,2026-09-02-33683347345,energy-9811974408,energy,oilprice,publish,ok,,709,121,709,1326,43,151481,95447,55976,1856,308,923,,,,,,,
2026-09-02,2026-09-02-33683347345,energy-9649948819,energy,latitude-media,publish,ok,,839,138,839,2670,29,174438,114334,59976,2040,327,923,,,,,,,
2026-09-02,2026-09-02-33683347345,energy-3739715203,energy,climate-home,publish,ok,not_prose,51,41,51,2330,35,128032,104548,23475,1033,136,0,,,,,,,
2026-09-02,2026-09-02-33683347345,energy-8256308165,energy,balkangreen,publish,ok,,501,73,501,3351,42,117724,73539,44173,1640,246,922,,,,,,,
2026-09-02,2026-09-02-33683347345,energy-3596988865,energy,energy-storage,publish,ok,,487,75,487,737,50,129891,83002,46835,1732,260,922,,,,,,,
2026-09-02,2026-09-02-33683347345,energy-3845345220,energy,pv-magazine,publish,ok,,562,65,562,1303,50,122567,81233,41281,1716,228,922,,,,,,,
2026-09-02,2026-09-02-33683347345,energy-2550918538,energy,inside-climate-news,publish,ok,,780,111,780,305,27,162231,108127,53960,1976,297,923,,,,,,,
2026-09-02,2026-09-02-33683347345,business-economy-7230433598,business-economy,aljazeera-economy,fetch,failed,robots_denied,,,,,,,,,,,,,,,,,,
2026-09-02,2026-09-02-33683347345,business-economy-8517630884,business-economy,quartz,publish,ok,,465,72,465,130,54,102260,65012,37152,1558,209,922,,,,,,,
2026-09-02,2026-09-02-33683347345,business-economy-0894387942,business-economy,npr-business,publish,ok,,478,61,478,610,31,115651,71630,44009,1621,246,922,,,,,,,
2026-09-02,2026-09-02-33683347345,business-economy-5468451340,business-economy,guardian-business,publish,ok,not_prose,11,28,11,468,157,26774,7100,19666,987,115,922,,,,,,,
2026-09-02,2026-09-02-33683347345,business-economy-9348997862,business-economy,yahoo-finance,publish,ok,,462,71,462,563,138,105861,66401,39449,1570,222,922,,,,,,,
2026-09-02,2026-09-02-33683347345,world-0453754289,world,mongabay,publish,ok,,483,84,483,259,27,121664,73560,48094,1642,270,922,,,,,,,
2026-09-02,2026-09-02-33683347345,world-6411468080,world,news18-world,fetch,failed,http_client_error,,,,,,,,,,,,,,,,,,
2026-09-02,2026-09-02-33683347345,world-7569056216,world,abc-au-world,publish,ok,,1076,110,1076,1238,76,213415,154673,58575,2434,314,923,,,,,,,
2026-09-02,2026-09-02-33683347345,world-4773422314,world,lemonde-en,publish,ok,too_short,35,30,35,1013,5,29888,10166,19713,1019,114,922,,,,,,,
2026-09-02,2026-09-02-33683347345,world-2579175767,world,africanews,publish,ok,,289,68,289,1152,26,84508,44118,40320,1353,228,922,,,,,,,
2026-09-02,2026-09-02-33683347345,world-7724996922,world,thehindu-intl,publish,ok,,434,68,434,297,39,100857,63832,37015,1546,209,922,,,,,,,
2026-09-02,2026-09-02-33683347345,world-7015593025,world,dw-world,publish,ok,,972,88,972,41987,38,166775,127563,39058,2173,213,923,,,,,,,
2026-09-02,2026-09-02-33683347345,world-3864083327,world,dw-world,publish,ok,,562,81,562,40784,31,128646,80831,47805,1711,267,922,,,,,,,
2026-09-02,2026-09-02-33683347345,world-7937024157,world,anadolu-world,publish,ok,,383,90,383,4166,93,107147,60067,47008,1508,265,922,,,,,,,
2026-09-02,2026-09-02-33683347345,india-8626659339,india,the-hindu-national,publish,ok,,86,62,86,143,37,53907,17806,36091,1095,209,922,,,,,,,
2026-09-02,2026-09-02-33683347345,india-1095971430,india,deccan-chronicle,publish,ok,,512,49,512,2118,45,125390,83897,41482,1743,231,922,,,,,,,
2026-09-02,2026-09-02-33683347345,india-9779359241,india,ht-business,publish,ok,,370,59,370,1205,57,111801,67015,44722,1574,252,922,,,,,,,
2026-09-02,2026-09-02-33683347345,india-5861331237,india,deccan-chronicle,publish,ok,,629,81,629,1094,45,132092,86888,45190,1771,251,922,,,,,,,
2026-09-02,2026-09-02-33683347345,india-8065981633,india,livemint,publish,ok,,582,61,582,333,32,112824,77114,35625,1676,202,922,,,,,,,
2026-09-02,2026-09-02-33683347345,india-6111377767,india,toi-top,publish,ok,,1280,92,1280,382,76,221237,172093,49056,2602,262,923,,,,,,,
2026-09-02,2026-09-02-33683347345,india-3058440992,india,thehindu-all,publish,ok,,550,68,550,113,40,127351,88805,38534,1789,214,922,,,,,,,
2026-09-02,2026-09-02-33683347345,india-4428295964,india,hindustan-times,publish,ok,,526,85,526,266,56,121897,76213,45582,1667,255,922,,,,,,,
2026-09-02,2026-09-02-33683347345,india-7525339053,india,scroll-in,publish,ok,,1034,136,1034,578,39,184547,133737,50697,2231,271,923,,,,,,,
2026-09-02,2026-09-02-33683347345,india-1642110865,india,the-federal,publish,ok,,713,119,713,2375,82,187323,119394,67877,2089,368,923,,,,,,,
2026-09-02,2026-09-02-33683347345,india-5536500287,india,et-default,publish,ok,not_prose,302,59,302,88,87,104088,65215,38731,1558,220,922,,,,,,,
2026-09-02,2026-09-02-33683347345,ai-7800435037,ai,aws-ml-blog,publish,ok,,3835,179,3835,260,146,673204,604332,68678,5826,352,0,,,,,,,
2026-09-02,2026-09-02-33683347345,ai-6062743896,ai,techcrunch-ai,publish,ok,,555,87,555,145,38,218115,171244,46859,1686,264,0,,,,,,,
2026-09-02,2026-09-02-33683347345,ai-6520108492,ai,techcrunch-ai,publish,ok,,435,62,435,383,37,97889,60223,37615,1510,212,922,,,,,,,
2026-09-02,2026-09-02-33683347345,ai-5370397550,ai,nvidia-technical-blog,publish,ok,,3105,165,3105,439,73,628254,556030,72017,6245,366,924,,,,,,,
2026-09-02,2026-09-02-33683347345,ai-0640126824,ai,google-cloud-ai,publish,ok,,487,66,487,685,38,106424,69150,37264,1600,206,922,,,,,,,
2026-09-02,2026-09-02-33683347345,ai-0119260212,ai,wired-ai,publish,ok,,743,111,743,448,121,251133,196339,54710,1929,306,0,,,,,,,
2026-09-02,2026-09-02-33683347345,ai-0863319436,ai,oreilly-radar,publish,ok,,1426,116,1426,479,46,274223,209729,64391,2962,344,923,,,,,,,
2026-09-02,2026-09-02-33683347345,energy-4588768570,energy,electrek,publish,ok,,697,73,697,933,35,170750,123115,47616,2130,264,922,,,,,,,
2026-09-02,2026-09-02-33683347345,energy-3979409145,energy,oilprice,publish,ok,,426,50,426,1089,42,96621,62602,33966,1535,191,922,,,,,,,
2026-09-02,2026-09-02-33683347345,energy-0543287098,energy,heatmap,publish,ok,,3846,155,11198,447,106,575443,507359,67988,5779,338,924,,,,,,,
2026-09-02,2026-09-02-33683347345,energy-0115442706,energy,balkangreen,publish,ok,,406,81,406,3935,40,91733,54700,37022,1458,208,922,,,,,,,
2026-09-02,2026-09-02-33683347345,energy-5124470389,energy,pv-magazine,publish,ok,,607,71,607,1815,53,126340,84605,41722,1750,231,922,,,,,,,
2026-09-02,2026-09-02-33683347345,energy-9603263133,energy,energymonitor,publish,ok,,354,90,354,359,35,101414,52141,49166,1433,279,922,,,,,,,
2026-09-02,2026-09-02-33683347345,energy-4866979979,energy,energy-storage,publish,ok,,1129,101,1129,892,52,217939,167340,50440,2550,271,923,,,,,,,
2026-09-02,2026-09-02-33683347345,business-economy-7082968996,business-economy,cna-business,publish,ok,,223,66,223,900,97,65548,32583,32956,1240,190,922,,,,,,,
2026-09-02,2026-09-02-33683347345,business-economy-7240681776,business-economy,semafor,publish,ok,,298,57,298,424,24,72525,42689,29826,1340,171,922,,,,,,,
2026-09-02,2026-09-02-33683347345,business-economy-3595754869,business-economy,aljazeera-economy,fetch,failed,robots_denied,,,,,,,,,,,,,,,,,,
2026-09-02,2026-09-02-33683347345,business-economy-9772966217,business-economy,bbc-business,publish,ok,,421,65,421,108,56,100784,63440,37333,1543,211,922,,,,,,,
2026-09-02,2026-09-02-33683347345,business-economy-1676062227,business-economy,seekingalpha,fetch,failed,http_client_error,,,,,,,,,,,,,,,,,,
2026-09-02,2026-09-02-33683347345,business-economy-3094955558,business-economy,conversable-economist,publish,ok,,999,140,999,1019,25,183656,131720,51744,2209,280,923,,,,,,,
2026-09-02,2026-09-02-33683347345,world-7496689990,world,mongabay,publish,ok,,1395,110,1395,666,36,254729,200710,53835,2874,288,923,,,,,,,
2026-09-02,2026-09-02-33683347345,world-3436907107,world,france24,publish,ok,,382,67,382,577,48,102208,57888,44310,1487,251,922,,,,,,,
2026-09-02,2026-09-02-33683347345,world-5203980577,world,news18-world,fetch,failed,http_client_error,,,,,,,,,,,,,,,,,,
2026-09-02,2026-09-02-33683347345,world-3721854729,world,bbc-world,publish,ok,,85,57,85,25,47,50858,16744,34106,1086,196,922,,,,,,,
2026-09-02,2026-09-02-33683347345,world-2234463012,world,npr-world,publish,ok,,583,67,583,372,34,133954,88698,45244,1792,251,922,,,,,,,
2026-09-02,2026-09-02-33683347345,world-7839798705,world,elpais-en,publish,ok,,1556,116,1556,1360,70,259835,208536,51212,2955,271,923,,,,,,,
2026-09-02,2026-09-02-33683347345,world-7549417854,world,apnews-world,publish,ok,,648,57,648,113,211,131554,95041,36451,1852,204,922,,,,,,,
2026-09-02,2026-09-02-33683347345,world-3760155235,world,anadolu-world,publish,ok,,418,103,418,6268,206,111014,60476,50468,1512,285,922,,,,,,,
2026-09-02,2026-09-02-33683347345,india-7265551532,india,the-hindu-national,publish,ok,,182,67,182,663,46,67947,31825,36114,1234,208,922,,,,,,,
2026-09-02,2026-09-02-33683347345,india-5977104674,india,economic-times,publish,ok,,283,74,283,321,61,92937,49259,43670,1402,251,922,,,,,,,
2026-09-02,2026-09-02-33683347345,india-6054356142,india,thehindu-biz,publish,ok,,386,71,386,267,38,97081,55830,41241,1465,235,922,,,,,,,
2026-09-02,2026-09-02-33683347345,india-1563641922,india,thehindu-business,publish,ok,,121,59,121,605,33,55596,21195,34393,1129,198,922,,,,,,,
2026-09-02,2026-09-02-33683347345,india-7310395933,india,thehindu-business,publish,ok,,343,74,343,134,34,90635,48731,41894,1398,237,922,,,,,,,
2026-09-02,2026-09-02-33683347345,india-8278236003,india,india-today,publish,ok,,330,72,330,300,65,88511,46400,42101,1376,236,922,,,,,,,
2026-09-02,2026-09-02-33683347345,india-5506874720,india,thehindu-all,publish,ok,,254,60,254,331,38,76966,41890,35065,1332,202,922,,,,,,,
2026-09-02,2026-09-02-33683347345,india-3282596001,india,india-today,publish,ok,,286,65,286,145,65,84979,45372,39599,1366,216,922,,,,,,,
2026-09-02,2026-09-02-33683347345,india-8741382024,india,newslaundry,publish,ok,,465,67,465,568,59,102160,63521,38627,1541,218,922,,,,,,,
2026-09-02,2026-09-02-33683347345,india-1837354620,india,the-federal,publish,ok,,838,102,838,762,79,179096,123480,55521,2129,311,923,,,,,,,
2026-09-02,2026-09-02-33683347345,india-0946306935,india,et-default,publish,ok,,593,78,593,676,64,133011,87545,45455,1776,246,922,,,,,,,
2026-09-03,2026-09-03-33726980508,ai-3674691051,ai,databricks-blog,publish,ok,,1147,96,1147,321,104,289430,242921,46443,2425,259,0,,,,,,,
2026-09-03,2026-09-03-33726980508,ai-6466601339,ai,guardian-ai,publish,ok,,825,138,825,329,63,168337,108784,59478,2001,337,923,,,,,,,
2026-09-03,2026-09-03-33726980508,ai-3061322653,ai,wired-ai,publish,ok,,843,111,843,690,127,171048,117394,53555,2085,299,923,,,,,,,
2026-09-03,2026-09-03-33726980508,energy-5350220089,energy,cleantechnica,publish,ok,,1244,113,1244,390,30,226987,172994,53830,2635,294,923,,,,,,,
2026-09-03,2026-09-03-33726980508,energy-1293357713,energy,oilprice,publish,ok,,311,84,311,383,50,187168,137140,49989,1373,289,0,,,,,,,
2026-09-03,2026-09-03-33726980508,energy-0188176004,energy,energy-mix,extract,failed,no_text,,,,,,,,,,,,,,,,,,
2026-09-03,2026-09-03-33726980508,energy-2898829326,energy,inside-climate-news,publish,ok,,1138,139,1138,192,36,209371,147573,61700,2384,340,923,,,,,,,
2026-09-03,2026-09-03-33726980508,energy-2016983195,energy,world-nuclear-news,publish,ok,,618,71,618,1228,21,135497,94122,41363,1856,235,922,,,,,,,
2026-09-03,2026-09-03-33726980508,business-economy-0821864998,business-economy,business-today-in,publish,ok,,607,81,607,286,120,157067,101670,55349,1932,314,922,,,,,,,
2026-09-03,2026-09-03-33726980508,business-economy-2831461546,business-economy,aljazeera-economy,fetch,failed,robots_denied,,,,,,,,,,,,,,,,,,
2026-09-03,2026-09-03-33726980508,business-economy-0823030052,business-economy,bbc-business,publish,ok,,744,120,744,319,61,154644,100252,54260,1914,300,923,,,,,,,
2026-09-03,2026-09-03-33726980508,business-economy-4625187046,business-economy,semafor,publish,ok,,120,67,120,586,27,56075,20314,35715,1123,209,922,,,,,,,
2026-09-03,2026-09-03-33726980508,business-economy-8785446914,business-economy,econbrowser,publish,ok,,184,65,184,675,9,73391,33336,40046,1252,235,922,,,,,,,
2026-09-03,2026-09-03-33726980508,world-7332895947,world,independent-world,publish,ok,,529,63,529,371,48,109187,74351,34826,1661,201,922,,,,,,,
2026-09-03,2026-09-03-33726980508,world-2700280313,world,news18-world,fetch,failed,http_client_error,,,,,,,,,,,,,,,,,,
2026-09-03,2026-09-03-33726980508,world-5826266808,world,cna-world,publish,ok,not_prose,55,31,55,586,94,127073,104428,22637,1044,133,0,,,,,,,
2026-09-03,2026-09-03-33726980508,world-7351421551,world,abc-au-world,publish,ok,,930,109,930,876,79,170274,124386,45705,2147,252,923,,,,,,,
2026-09-03,2026-09-03-33726980508,world-0289852396,world,npr-world,publish,ok,,437,76,437,765,27,98823,59726,39085,1513,225,922,,,,,,,
2026-09-03,2026-09-03-33726980508,world-0029814274,world,bbc-world,publish,ok,,515,62,515,30,54,112329,74140,38176,1657,220,922,,,,,,,
2026-09-03,2026-09-03-33726980508,world-2203591406,world,africanews,publish,ok,,307,66,307,798,29,88783,45740,43034,1377,250,922,,,,,,,
2026-09-03,2026-09-03-33726980508,world-8381200024,world,lemonde-en,publish,ok,too_short,35,36,35,1347,6,32112,11466,20636,1033,123,922,,,,,,,
2026-09-03,2026-09-03-33726980508,world-4777364126,world,elpais-en,publish,ok,,1196,119,1196,841,67,210027,159411,50428,2498,278,923,,,,,,,
2026-09-03,2026-09-03-33726980508,india-4916619141,india,the-hindu-national,publish,ok,,450,76,450,248,42,107888,65719,42157,1573,242,922,,,,,,,
2026-09-03,2026-09-03-33726980508,india-9170107548,india,thehindu-all,publish,ok,,435,64,435,99,44,102595,63446,39138,1552,227,922,,,,,,,
2026-09-03,2026-09-03-33726980508,india-2025824402,india,india-today,publish,ok,,554,63,554,156,69,117456,76198,41248,1679,237,922,,,,,,,
2026-09-03,2026-09-03-33726980508,india-6090309490,india,livemint-companies,publish,ok,,816,145,816,190,36,182016,116026,65817,2071,362,923,,,,,,,
2026-09-03,2026-09-03-33726980508,india-0170011708,india,livemint-companies,publish,ok,,848,101,848,63,38,179020,123781,55136,2149,306,923,,,,,,,
2026-09-03,2026-09-03-33726980508,india-1514163589,india,thehindu-biz,publish,ok,,476,89,476,102,41,142149,91114,50930,1826,290,922,,,,,,,
2026-09-03,2026-09-03-33726980508,india-7878405760,india,india-today,publish,ok,,483,54,483,67,68,110822,69762,41005,1614,237,922,,,,,,,
2026-09-03,2026-09-03-33726980508,india-6323165414,india,the-quint,publish,ok,,671,68,671,673,67,132816,92766,40035,1843,228,922,,,,,,,
2026-09-03,2026-09-03-33726980508,india-9873023418,india,the-federal,publish,ok,,285,82,285,580,79,79989,41655,38274,1336,222,922,,,,,,,
2026-09-03,2026-09-03-33726980508,india-9383263361,india,et-default,publish,ok,,583,75,583,330,80,137419,93851,43558,1855,249,922,,,,,,,
2026-09-03,2026-09-03-33726980508,india-8321314016,india,frontline,publish,ok,,2660,173,2660,412,47,563141,485114,77914,4768,397,0,,,,,,,
2026-09-03,2026-09-03-33726980508,ai-6112720548,ai,techcrunch-ai,publish,ok,,880,102,880,138,49,272103,219349,52670,2157,294,0,,,,,,,
2026-09-03,2026-09-03-33726980508,ai-7344566309,ai,guardian-ai,publish,ok,,914,116,914,549,43,169697,116405,53242,2063,299,923,,,,,,,
2026-09-03,2026-09-03-33726980508,ai-7484322519,ai,fastcompany-tech,publish,ok,,278,66,278,995,63,170570,134551,35979,1331,208,0,,,,,,,
2026-09-03,2026-09-03-33726980508,energy-5480288058,energy,energy-storage,publish,ok,,762,125,762,1263,48,170609,109968,60562,1999,343,923,,,,,,,
2026-09-03,2026-09-03-33726980508,energy-0854721801,energy,offshore-wind,publish,ok,not_prose,3,41,3,1954,130,124664,99806,24850,981,148,0,,,,,,,
2026-09-03,2026-09-03-33726980508,energy-1397366603,energy,energy-mix,publish,ok,,1653,114,1653,3412,87,283122,232084,50926,3182,278,923,,,,,,,
2026-09-03,2026-09-03-33726980508,energy-9522482099,energy,carbon-brief,publish,ok,,3846,187,4031,904,55,703691,623959,79393,5990,396,0,,,,,,,
2026-09-03,2026-09-03-33726980508,energy-3260917787,energy,electrek,publish,ok,,740,110,740,400,35,166445,107007,59294,1969,325,923,,,,,,,
2026-09-03,2026-09-03-33726980508,energy-8777004892,energy,energymonitor,publish,ok,,346,69,346,297,35,94331,52980,41343,1440,237,922,,,,,,,
2026-09-03,2026-09-03-33726980508,business-economy-4694527348,business-economy,cna-business,publish,ok,,186,65,186,1051,100,71693,31925,39760,1241,232,928,,,,,,,
2026-09-03,2026-09-03-33726980508,business-economy-5546731588,business-economy,marginal-revolution,publish,ok,not_prose,48,44,48,402,12,40168,12341,27818,1043,163,922,,,,,,,
2026-09-03,2026-09-03-33726980508,business-economy-5462889215,business-economy,semafor,publish,ok,,106,52,106,622,23,49362,18901,30452,1114,179,928,,,,,,,
2026-09-03,2026-09-03-33726980508,business-economy-9268875823,business-economy,econbrowser,publish,ok,,102,52,102,369,8,56738,23470,33259,1160,195,928,,,,,,,
2026-09-03,2026-09-03-33726980508,world-6164873274,world,thehindu-intl,publish,ok,,144,63,144,583,39,65691,24647,41037,1169,235,928,,,,,,,
2026-09-03,2026-09-03-33726980508,world-9307657092,world,euronews,publish,ok,,312,72,312,723,63,85300,45650,39639,1375,228,928,,,,,,,
2026-09-03,2026-09-03-33726980508,world-6411468080,world,news18-world,fetch,failed,http_client_error,,,,,,,,,,,,,,,,,,
2026-09-03,2026-09-03-33726980508,world-0716920427,world,npr-world,publish,ok,,913,100,913,648,34,172944,128304,44527,2176,249,923,,,,,,,
2026-09-03,2026-09-03-33726980508,world-3440716594,world,japan-times,publish,ok,,354,60,354,1613,48,85808,51256,34544,1433,198,928,,,,,,,
2026-09-03,2026-09-03-33726980508,world-1875737230,world,japan-times,publish,ok,,95,61,95,570,54,49086,16649,32430,1090,187,928,,,,,,,
2026-09-03,2026-09-03-33726980508,world-9414335018,world,apnews-world,publish,ok,,346,75,346,154,205,95009,52713,42287,1443,240,928,,,,,,,
2026-09-03,2026-09-03-33726980508,world-6369341053,world,anadolu-world,publish,ok,,568,74,568,6801,83,126380,80081,46289,1714,264,931,,,,,,,
2026-09-03,2026-09-03-33726980508,world-6181964162,world,elpais-en,publish,ok,,730,109,730,728,64,143347,95547,47727,1856,262,923,,,,,,,
2026-09-03,2026-09-03-33726980508,india-8609819759,india,thehindu-all,publish,ok,,1029,109,1029,193,45,194157,142014,52042,2306,282,923,,,,,,,
2026-09-03,2026-09-03-33726980508,india-6738402769,india,toi-india,publish,ok,,113,62,113,413,99,65189,30849,34297,1122,195,819,,,,,,,
2026-09-03,2026-09-03-33726980508,india-3150195280,india,free-press-journal,publish,ok,,699,73,699,491,20,146096,101800,44285,1916,253,922,,,,,,,
2026-09-03,2026-09-03-33726980508,india-9612689100,india,thehindu-business,publish,ok,,303,57,303,409,36,93429,54392,38985,1455,225,922,,,,,,,
2026-09-03,2026-09-03-33726980508,india-4157701710,india,livemint,publish,ok,,652,91,652,185,33,150283,95983,54288,1862,308,922,,,,,,,
2026-09-03,2026-09-03-33726980508,india-7512892312,india,livemint-markets,publish,ok,,739,102,739,84,35,170763,113481,57124,2023,314,923,,,,,,,
2026-09-03,2026-09-03-33726980508,india-5887910650,india,the-quint,publish,ok,,321,64,321,338,65,85932,49760,36074,1410,207,922,,,,,,,
2026-09-03,2026-09-03-33726980508,india-1370712036,india,hindustan-times,publish,ok,,500,69,500,187,58,118481,81369,37102,1719,212,922,,,,,,,
2026-09-03,2026-09-03-33726980508,india-6306969124,india,scroll-in,publish,ok,,345,61,345,353,32,93407,53971,39369,1449,226,922,,,,,,,
2026-09-03,2026-09-03-33726980508,india-0263044741,india,et-default,publish,ok,,718,98,718,940,81,169812,116006,53662,2055,298,923,,,,,,,
2026-09-03,2026-09-03-33726980508,india-7823488789,india,ht-business,publish,ok,,321,75,321,117,54,86159,49280,36868,1419,214,937,,,,,,,
2026-09-03,2026-09-03-33726980508,ai-3348416203,ai,aws-ml-blog,publish,ok,,1574,111,1574,216,137,381835,326668,55045,3191,286,0,,,,,,,
2026-09-03,2026-09-03-33726980508,ai-4169561531,ai,techcrunch-ai,publish,ok,,326,71,326,433,39,179021,138805,40176,1373,226,0,,,,,,,
2026-09-03,2026-09-03-33726980508,ai-2346976502,ai,wired-ai,publish,ok,,783,131,783,519,137,155795,102396,53291,1921,285,923,,,,,,,
2026-09-03,2026-09-03-33726980508,ai-6145511402,ai,fastcompany-tech,publish,ok,,448,89,448,945,67,121033,67638,53384,1584,307,922,,,,,,,
2026-09-03,2026-09-03-33726980508,energy-3592005407,energy,cleantechnica,publish,ok,,978,99,978,860,28,181200,132620,48463,2214,253,923,,,,,,,
2026-09-03,2026-09-03-33726980508,energy-1007388948,energy,pv-magazine,publish,ok,,586,74,586,1404,55,132709,86017,46641,1768,267,922,,,,,,,
2026-09-03,2026-09-03-33726980508,energy-7156501790,energy,energy-storage,publish,ok,,635,101,635,1663,55,150843,97556,53235,1880,299,922,,,,,,,
2026-09-03,2026-09-03-33726980508,energy-9953296514,energy,modern-power,publish,ok,,630,79,630,697,34,140514,90205,50251,1809,283,922,,,,,,,
2026-09-03,2026-09-03-33726980508,energy-4874074342,energy,energymonitor,publish,ok,,403,67,403,300,37,105926,62247,43575,1534,248,922,,,,,,,
2026-09-03,2026-09-03-33726980508,business-economy-7600047844,business-economy,business-today-in,publish,ok,not_prose,650,42,650,297,55,176296,140121,36101,2293,198,922,,,,,,,
2026-09-03,2026-09-03-33726980508,business-economy-1470786285,business-economy,guardian-business,publish,ok,,370,76,370,525,198,105382,56019,49294,1469,273,922,,,,,,,
2026-09-03,2026-09-03-33726980508,business-economy-8710211859,business-economy,bbc-business,publish,ok,,103,56,103,620,58,50153,18438,31705,1103,178,922,,,,,,,
2026-09-03,2026-09-03-33726980508,business-economy-4340463995,business-economy,seekingalpha,fetch,failed,http_client_error,,,,,,,,,,,,,,,,,,
2026-09-03,2026-09-03-33726980508,world-4406224403,world,scmp-news,extract,failed,paywalled,,,,,,,,,,,,,,,,,,
2026-09-03,2026-09-03-33726980508,world-3250346953,world,lemonde-en,publish,ok,too_short,35,30,35,1488,5,120921,103135,17776,1017,105,0,,,,,,,
2026-09-03,2026-09-03-33726980508,world-9351727800,world,guardian-world,publish,ok,,2517,151,2517,55,132,495610,425220,70200,4155,367,0,,,,,,,
2026-09-03,2026-09-03-33726980508,world-2063256857,world,euronews,publish,ok,,117,68,117,725,80,58805,20261,38537,1119,216,922,,,,,,,
2026-09-03,2026-09-03-33726980508,world-9104532689,world,abc-au-world,publish,ok,too_short,58,37,58,516,70,35515,13097,22409,1049,133,922,,,,,,,
2026-09-03,2026-09-03-33726980508,world-5954384817,world,dw-world,publish,ok,,634,88,634,2073,33,135233,86697,48525,1770,266,922,,,,,,,
2026-09-03,2026-09-03-33726980508,world-6132066749,world,bbc-world,publish,ok,,1175,98,1175,24,69,226080,160737,65281,2486,331,923,,,,,,,
2026-09-03,2026-09-03-33726980508,world-4292885694,world,mongabay,publish,ok,,403,65,403,287,27,102388,65209,37127,1559,207,922,,,,,,,
2026-09-03,2026-09-03-33726980508,world-9564860466,world,dw-world,publish,ok,,1029,122,1029,1149,40,207783,144548,63048,2328,321,923,,,,,,,
2026-09-03,2026-09-03-33726980508,world-6834021364,world,anadolu-world,publish,ok,,405,124,405,5625,97,127821,64081,63730,1549,354,922,,,,,,,
2026-09-03,2026-09-03-33726980508,india-7486994927,india,the-hindu-national,publish,ok,,412,63,412,247,43,105023,63767,41189,1547,229,922,,,,,,,
2026-09-03,2026-09-03-33726980508,india-5666370171,india,economic-times,publish,ok,,433,63,433,334,82,125391,75766,49615,1663,275,922,,,,,,,
2026-09-03,2026-09-03-33726980508,india-9029708282,india,toi-top,publish,ok,,1074,131,1074,393,65,197784,139058,58538,2280,325,923,,,,,,,
2026-09-03,2026-09-03-33726980508,india-5418966715,india,economic-times,publish,ok,,573,69,573,322,64,113954,75494,38395,1661,211,922,,,,,,,
2026-09-03,2026-09-03-33726980508,india-3238611561,india,livemint,publish,ok,,715,103,715,292,35,146241,101168,44895,1917,256,923,,,,,,,
2026-09-03,2026-09-03-33726980508,india-3081168669,india,hindustan-times,publish,ok,,409,84,409,189,57,105398,61498,43891,1523,246,922,,,,,,,
2026-09-03,2026-09-03-33726980508,india-8633167861,india,dna-india,publish,ok,,337,60,337,2252,84,81753,47281,34463,1384,193,922,,,,,,,
2026-09-03,2026-09-03-33726980508,india-5001640574,india,livemint-markets,publish,ok,,1108,105,1108,71,42,209378,160292,48904,2495,272,923,,,,,,,
2026-09-03,2026-09-03-33726980508,india-3704765232,india,scroll-in,publish,ok,,475,74,475,373,35,107793,68720,39063,1595,216,922,,,,,,,
2026-09-03,2026-09-03-33726980508,india-9588957478,india,ht-business,publish,ok,,453,91,453,134,57,105210,60455,44743,1512,248,922,,,,,,,
2026-09-03,2026-09-03-33726980508,ai-7491597202,ai,aws-ml-blog,publish,ok,,2657,161,2657,146,152,538410,472404,65849,4648,350,0,,,,,,,
2026-09-03,2026-09-03-33726980508,ai-6063156673,ai,nvidia-technical-blog,publish,ok,,2106,177,2106,1921,57,410616,339991,70551,4255,379,924,,,,,,,
2026-09-03,2026-09-03-33726980508,ai-0683331067,ai,bbc-tech,publish,ok,,1036,120,1036,185,62,277537,226315,51143,2255,291,0,,,,,,,
2026-09-03,2026-09-03-33726980508,energy-5320394258,energy,solar-quarter,publish,ok,,1628,123,1628,1807,102,254375,204030,50294,2938,281,923,,,,,,,
2026-09-03,2026-09-03-33726980508,energy-5523108548,energy,solar-quarter,publish,ok,,528,98,528,1575,98,225177,173158,51979,1734,300,0,,,,,,,
2026-09-03,2026-09-03-33726980508,energy-3130104693,energy,pv-magazine,publish,ok,,758,114,758,1267,52,150323,102857,47396,1943,272,923,,,,,,,
2026-09-03,2026-09-03-33726980508,energy-4736051343,energy,oilprice,publish,ok,,846,125,846,452,47,200785,133549,67168,2245,381,923,,,,,,,
2026-09-03,2026-09-03-33726980508,energy-1129191580,energy,electrek,publish,ok,,522,63,522,248,33,116965,77898,39026,1696,227,922,,,,,,,
2026-09-03,2026-09-03-33726980508,energy-6419414074,energy,modern-power,publish,ok,not_prose,62,37,62,362,32,36663,13148,23460,1050,139,922,,,,,,,
2026-09-03,2026-09-03-33726980508,business-economy-3549549086,business-economy,cna-business,publish,ok,not_prose,52,36,52,2035,95,130985,103945,27030,1044,162,0,,,,,,,
2026-09-03,2026-09-03-33726980508,business-economy-8135178831,business-economy,aljazeera-economy,fetch,failed,robots_denied,,,,,,,,,,,,,,,,,,
2026-09-03,2026-09-03-33726980508,business-economy-9563106594,business-economy,marginal-revolution,publish,ok,,731,128,731,818,18,155779,104412,51280,1957,294,923,,,,,,,
2026-09-03,2026-09-03-33726980508,business-economy-5673312981,business-economy,seekingalpha,fetch,failed,http_client_error,,,,,,,,,,,,,,,,,,
2026-09-03,2026-09-03-33726980508,world-6602188333,world,cna-world,publish,ok,,1448,97,1448,2163,76,251911,201792,50032,2916,279,923,,,,,,,
2026-09-03,2026-09-03-33726980508,world-0456767841,world,independent-world,publish,ok,,353,75,353,746,41,89580,47999,41535,1399,244,922,,,,,,,
2026-09-03,2026-09-03-33726980508,world-5429433101,world,scmp-news,extract,failed,paywalled,,,,,,,,,,,,,,,,,,
2026-09-03,2026-09-03-33726980508,world-4371544671,world,guardian-world,publish,ok,,2465,147,2465,134,293,393729,334368,59228,4200,320,924,,,,,,,
2026-09-03,2026-09-03-33726980508,world-2934478584,world,france24,publish,ok,,864,104,864,361,57,163532,116469,46995,2075,270,923,,,,,,,
2026-09-03,2026-09-03-33726980508,world-8910720957,world,apnews-world,publish,ok,,1324,141,1324,168,247,240953,183815,57042,2742,319,923,,,,,,,
2026-09-03,2026-09-03-33726980508,world-3471129280,world,france24,publish,ok,,1319,128,1319,127,59,227910,173620,54182,2642,303,923,,,,,,,
2026-09-03,2026-09-03-33726980508,world-9959454330,world,mongabay,publish,ok,,455,68,455,310,29,97083,63683,33391,1554,193,922,,,,,,,
2026-09-03,2026-09-03-33726980508,world-9373043924,world,africanews,publish,ok,,252,59,252,1137,31,71597,38384,33204,1303,195,922,,,,,,,
2026-09-03,2026-09-03-33726980508,world-1892791333,world,global-voices,publish,ok,,810,98,810,2114,46,156886,106768,49938,1983,287,923,,,,,,,
2026-09-03,2026-09-03-33726980508,india-1135613185,india,toi-india,publish,ok,,393,66,393,675,104,94103,58347,35745,1500,209,922,,,,,,,
2026-09-03,2026-09-03-33726980508,india-5213212960,india,toi-top,publish,ok,,360,59,360,86,72,79414,49778,29625,1417,174,922,,,,,,,
2026-09-03,2026-09-03-33726980508,india-3611734057,india,free-press-journal,publish,ok,,491,70,491,613,18,105882,72138,33734,1637,196,922,,,,,,,
2026-09-03,2026-09-03-33726980508,india-4841798145,india,thehindu-business,publish,ok,,337,57,337,504,35,91449,53940,37500,1456,220,922,,,,,,,
2026-09-03,2026-09-03-33726980508,india-5492948598,india,deccan-chronicle,publish,ok,,145,53,145,2172,39,65150,28560,36581,1205,216,922,,,,,,,
2026-09-03,2026-09-03-33726980508,india-6556178348,india,deccan-chronicle,publish,ok,,232,65,232,965,40,72997,36820,36166,1287,213,922,,,,,,,
2026-09-03,2026-09-03-33726980508,india-0041057040,india,dna-india,publish,ok,,482,68,482,2066,85,115524,75064,40449,1666,236,922,,,,,,,
2026-09-03,2026-09-03-33726980508,india-4018521707,india,thehindu-biz,publish,ok,,1196,104,1196,281,47,215396,164267,50945,2547,288,923,,,,,,,
2026-09-03,2026-09-03-33726980508,india-0316548197,india,the-federal,publish,ok,,573,69,573,641,81,123612,81325,42239,1729,246,922,,,,,,,
2026-09-03,2026-09-03-33726980508,india-4499361917,india,frontline,publish,ok,,181,57,181,91,30,72126,31318,40732,1234,239,922,,,,,,,
2026-09-03,2026-09-03-33749072419,ai-9694862940,ai,huggingface-blog,publish,ok,,1444,88,1444,224,45,121194,64869,56221,2828,216,0,,,,,,,
2026-09-03,2026-09-03-33749072419,ai-2529927842,ai,oreilly-radar,publish,ok,,3724,123,3724,1251,38,218138,141659,76327,5450,267,0,,,,,,,
2026-09-03,2026-09-03-33749072419,ai-4287106640,ai,bbc-tech,publish,ok,,126,45,126,390,35,70771,26971,43684,1127,176,0,,,,,,,
2026-09-03,2026-09-03-33749072419,energy-6506794362,energy,pv-magazine,publish,ok,,791,97,791,2230,39,94444,25627,68711,2017,271,923,,,,,,,
2026-09-03,2026-09-03-33749072419,energy-3249278689,energy,pv-magazine,publish,ok,,634,65,634,780,38,91027,25431,65586,1988,256,922,,,,,,,
2026-09-03,2026-09-03-33749072419,energy-9866975701,energy,electrek,publish,ok,,577,64,577,674,23,79467,19030,60277,1741,238,922,,,,,,,
2026-09-03,2026-09-03-33749072419,energy-9084901438,energy,energymonitor,publish,ok,,401,72,401,458,28,89213,15351,73713,1587,293,922,,,,,,,
2026-09-03,2026-09-03-33749072419,energy-8703204982,energy,climate-home,publish,ok,not_prose,51,36,51,3088,26,56247,24642,31597,1039,128,0,,,,,,,
2026-09-03,2026-09-03-33749072419,energy-6713769176,energy,energymonitor,publish,ok,not_prose,61,34,61,241,26,33106,3243,29697,1044,120,922,,,,,,,
2026-09-03,2026-09-03-33749072419,energy-2658966660,energy,cleantechnica,publish,ok,,1375,125,1375,979,27,148300,47170,100959,2912,383,923,,,,,,,
2026-09-03,2026-09-03-33749072419,business-economy-5486097449,business-economy,aljazeera-economy,fetch,failed,robots_denied,,,,,,,,,,,,,,,,,,
2026-09-03,2026-09-03-33749072419,business-economy-1136912307,business-economy,marginal-revolution,publish,ok,,715,121,715,492,13,94921,23223,71528,1888,278,923,,,,,,,
2026-09-03,2026-09-03-33749072419,business-economy-0519537206,business-economy,guardian-business,publish,ok,,129,59,129,627,31,49531,5439,43990,1125,178,922,,,,,,,
2026-09-03,2026-09-03-33749072419,business-economy-6486890205,business-economy,quartz,publish,ok,,1281,117,1281,300,41,117844,39304,78412,2543,300,923,,,,,,,
2026-09-03,2026-09-03-33749072419,world-3263242756,world,guardian-world,publish,ok,,1216,124,1216,167,35,127105,41575,85399,2576,323,923,,,,,,,
2026-09-03,2026-09-03-33749072419,world-1151615533,world,independent-world,publish,ok,,1342,125,1342,407,52,115269,43609,71495,2690,271,923,,,,,,,
2026-09-03,2026-09-03-33749072419,world-4757468373,world,lemonde-en,publish,ok,too_short,35,34,35,1300,99,35578,2796,32775,1021,133,922,,,,,,,
2026-09-03,2026-09-03-33749072419,world-4386570944,world,euronews,publish,ok,,462,57,462,902,49,65586,17159,48418,1645,192,922,,,,,,,
2026-09-03,2026-09-03-33749072419,world-1254600135,world,bbc-world,publish,ok,,551,73,551,163,42,71377,17177,54192,1647,216,922,,,,,,,
2026-09-03,2026-09-03-33749072419,world-5493493403,world,africanews,publish,ok,,202,68,202,1188,25,61605,7548,54050,1239,219,922,,,,,,,
2026-09-03,2026-09-03-33749072419,world-9495072335,world,dw-world,publish,ok,,662,61,662,2864,23,75393,21919,53464,1849,213,922,,,,,,,
2026-09-03,2026-09-03-33749072419,world-4752004391,world,anadolu-world,publish,ok,,293,89,293,4563,64,70258,10500,59620,1355,236,922,,,,,,,
2026-09-03,2026-09-03-33749072419,world-7148863867,world,mongabay,publish,ok,,110,44,110,558,21,46205,4546,41652,1103,166,922,,,,,,,
2026-09-03,2026-09-03-33749072419,india-5422908513,india,thehindu-business,publish,ok,,269,107,269,946,26,85225,10056,75162,1330,293,922,,,,,,,
2026-09-03,2026-09-03-33749072419,india-0826839179,india,thehindu-business,publish,ok,,438,74,438,232,26,85224,15993,69223,1590,275,922,,,,,,,
2026-09-03,2026-09-03-33749072419,india-1346713873,india,economic-times,publish,ok,,691,71,691,670,41,85324,23817,61497,1897,241,922,,,,,,,
2026-09-03,2026-09-03-33749072419,india-9264302210,india,livemint,publish,ok,,446,60,446,580,22,68262,15860,51998,1577,206,922,,,,,,,
2026-09-03,2026-09-03-33749072419,india-1568547704,india,scroll-in,publish,ok,,333,82,333,539,26,75887,12184,63695,1415,255,922,,,,,,,
2026-09-03,2026-09-03-33749072419,india-0532840345,india,thehindu-biz,publish,ok,,255,88,255,935,31,70681,9644,61029,1333,245,922,,,,,,,
2026-09-03,2026-09-03-33749072419,india-8715010128,india,thehindu-all,publish,ok,too_short,47,33,47,220,31,49350,4054,45289,1078,182,922,,,,,,,
2026-09-03,2026-09-03-33749072419,india-4333490548,india,livemint,publish,ok,,610,65,610,190,23,90303,24138,66155,1953,260,922,,,,,,,
2026-09-03,2026-09-03-33749072419,india-6519524557,india,frontline,publish,ok,,98,47,98,634,22,47046,4555,42385,1098,172,922,,,,,,,
2026-09-03,2026-09-03-33749072419,india-0770756856,india,newslaundry,publish,ok,,931,142,931,1194,49,119825,28797,90898,2134,350,923,,,,,,,
2026-09-03,2026-09-03-33749072419,india-7561099195,india,dna-india,publish,ok,,524,72,524,2661,60,76984,18127,58848,1668,232,922,,,,,,,
2026-09-03,2026-09-03-33749072419,india-4096816751,india,et-default,publish,ok,,884,126,884,416,61,125229,35923,89166,2425,340,923,,,,,,,
2026-09-03,2026-09-03-33749072419,ai-5378914758,ai,huggingface-blog,publish,ok,,3846,153,3986,330,125,673232,611163,61963,5873,317,0,,,,,,,
2026-09-03,2026-09-03-33749072419,ai-9326148198,ai,fastcompany-tech,publish,ok,,294,85,294,563,63,173481,135496,37946,1339,220,0,,,,,,,
2026-09-03,2026-09-03-33749072419,ai-0340025436,ai,techcrunch-ai,publish,ok,,2126,161,2126,726,60,469399,402023,67194,3907,359,0,,,,,,,
2026-09-03,2026-09-03-33749072419,energy-6771522109,energy,solar-quarter,publish,ok,,298,67,298,930,92,93437,46959,46467,1381,266,922,,,,,,,
2026-09-03,2026-09-03-33749072419,energy-1167322563,energy,offshore-wind,publish,ok,not_prose,3,42,3,2231,141,126156,98987,27159,978,159,0,,,,,,,
2026-09-03,2026-09-03-33749072419,energy-3803257786,energy,yale-e360,publish,ok,,1467,160,1467,1095,27,360803,293428,67311,2878,369,0,,,,,,,
2026-09-03,2026-09-03-33749072419,energy-8219979222,energy,offshore-wind,publish,ok,not_prose,3,30,3,1739,21,27633,6478,21146,983,124,922,,,,,,,
2026-09-03,2026-09-03-33749072419,energy-1280136550,energy,energy-storage,publish,ok,,1211,125,1211,1108,65,234369,175254,58990,2632,326,923,,,,,,,
2026-09-03,2026-09-03-33749072419,energy-1031723940,energy,energy-mix,publish,ok,,378,75,378,3095,65,101853,58661,43182,1498,247,922,,,,,,,
2026-09-03,2026-09-03-33749072419,business-economy-4513574387,business-economy,cna-business,publish,ok,,576,71,576,456,104,125697,83667,42019,1743,236,922,,,,,,,
2026-09-03,2026-09-03-33749072419,business-economy-8505679874,business-economy,voxdev,publish,ok,,1998,115,1998,251,36,352554,296487,55904,3797,300,923,,,,,,,
2026-09-03,2026-09-03-33749072419,business-economy-7413091807,business-economy,bbc-business,publish,ok,,287,80,287,201,69,86914,43569,43296,1350,250,922,,,,,,,
2026-09-03,2026-09-03-33749072419,business-economy-4193035687,business-economy,aljazeera-economy,fetch,failed,robots_denied,,,,,,,,,,,,,,,,,,
2026-09-03,2026-09-03-33749072419,business-economy-1978331598,business-economy,seekingalpha,fetch,failed,http_client_error,,,,,,,,,,,,,,,,,,
2026-09-03,2026-09-03-33749072419,world-3883292911,world,thehindu-intl,publish,ok,,588,75,588,447,44,117748,80307,37430,1710,214,922,,,,,,,
2026-09-03,2026-09-03-33749072419,world-7603320572,world,abc-au-world,publish,ok,,716,107,716,478,69,151916,102504,49224,1925,280,923,,,,,,,
2026-09-03,2026-09-03-33749072419,world-0652412925,world,guardian-world,publish,ok,,1476,131,1476,887,127,255203,198965,56056,2861,308,923,,,,,,,
2026-09-03,2026-09-03-33749072419,world-0724531233,world,euronews,publish,ok,,340,73,340,954,62,101927,56304,45574,1472,264,922,,,,,,,
2026-09-03,2026-09-03-33749072419,world-1869026207,world,bbc-world,publish,ok,,442,76,442,67,50,104487,64538,39939,1556,229,922,,,,,,,
2026-09-03,2026-09-03-33749072419,world-8122177212,world,lemonde-en,publish,ok,too_short,35,50,35,1724,5,30840,9600,21232,1014,125,922,,,,,,,
2026-09-03,2026-09-03-33749072419,world-2351933074,world,japan-times,publish,ok,,352,72,352,1778,49,90091,52144,37936,1434,221,922,,,,,,,
2026-09-03,2026-09-03-33749072419,world-3291923763,world,mongabay,publish,ok,,1447,91,1447,466,34,252206,210698,41405,2971,228,923,,,,,,,
2026-09-03,2026-09-03-33749072419,world-1142072907,world,npr-world,publish,ok,,69,57,69,702,29,41865,14503,27354,1063,161,922,,,,,,,
2026-09-03,2026-09-03-33749072419,india-1171592303,india,the-hindu-national,publish,ok,,892,80,892,677,46,176362,129392,46853,2189,263,923,,,,,,,
2026-09-03,2026-09-03-33749072419,india-0683358038,india,deccan-chronicle,publish,ok,,173,83,173,3375,41,70515,28029,42476,1198,244,922,,,,,,,
2026-09-03,2026-09-03-33749072419,india-6905259693,india,livemint-markets,publish,ok,,677,69,677,279,35,141842,101371,40457,1914,227,922,,,,,,,
2026-09-03,2026-09-03-33749072419,india-9262543598,india,livemint-companies,extract,failed,paywalled,,,,,,,,,,,,,,,,,,
2026-09-03,2026-09-03-33749072419,india-8019814221,india,toi-top,publish,ok,,197,61,197,566,84,66863,31233,35536,1228,208,922,,,,,,,
2026-09-03,2026-09-03-33749072419,india-1137739348,india,india-today,publish,ok,,394,48,394,674,65,94725,58707,36006,1496,207,922,,,,,,,
2026-09-03,2026-09-03-33749072419,india-8091088040,india,hindustan-times,publish,ok,,555,69,555,401,59,125986,81305,44666,1718,254,922,,,,,,,
2026-09-03,2026-09-03-33749072419,india-9988244041,india,ht-business,publish,ok,,527,73,527,236,61,111942,72727,39149,1634,225,922,,,,,,,
2026-09-03,2026-09-03-33749072419,india-2221754581,india,newslaundry,publish,ok,,369,87,369,641,59,110153,59253,50890,1503,289,922,,,,,,,
2026-09-03,2026-09-03-33749072419,india-5775145008,india,the-quint,publish,ok,,382,67,382,486,66,102589,60759,41820,1518,242,922,,,,,,,
2026-09-03,2026-09-03-33749072419,india-7220363063,india,dna-india,publish,ok,,303,77,303,2288,82,82845,45143,37692,1365,219,922,,,,,,,
2026-09-03,2026-09-03-33749072419,ai-1666036311,ai,guardian-ai,publish,ok,,734,148,734,612,49,250895,188595,62204,1861,335,0,,,,,,,
2026-09-03,2026-09-03-33749072419,ai-2137982549,ai,fastcompany-tech,publish,ok,,360,75,360,1204,62,189873,145447,44413,1445,248,0,,,,,,,
2026-09-03,2026-09-03-33749072419,ai-2378152184,ai,wired-ai,publish,ok,,2676,187,2676,1029,143,506901,437347,69447,4294,354,0,,,,,,,
2026-09-03,2026-09-03-33749072419,energy-9845953873,energy,solar-quarter,publish,ok,,488,97,488,955,91,138019,79565,58443,1719,325,933,,,,,,,
2026-09-03,2026-09-03-33749072419,energy-7844775037,energy,modern-power,publish,ok,,326,74,326,1020,31,102604,51756,50803,1434,285,922,,,,,,,
2026-09-03,2026-09-03-33749072419,energy-3000386744,energy,oilprice,publish,ok,,395,75,395,867,52,95301,55921,39370,1472,220,922,,,,,,,
2026-09-03,2026-09-03-33749072419,energy-2588780084,energy,inside-climate-news,publish,ok,,1873,114,1873,613,40,319888,256293,63502,3423,323,923,,,,,,,
2026-09-03,2026-09-03-33749072419,energy-4885723939,energy,grist,publish,ok,,856,129,856,688,40,172955,113493,59379,2036,320,923,,,,,,,
2026-09-03,2026-09-03-33749072419,energy-2227163015,energy,canary-media,publish,ok,,1524,118,1524,592,110,263755,204722,58933,2932,301,923,,,,,,,
2026-09-03,2026-09-03-33749072419,energy-7970201999,energy,cleantechnica,publish,ok,,3846,194,4147,1101,60,703010,616343,86528,5994,420,0,,,,,,,
2026-09-03,2026-09-03-33749072419,business-economy-5363559674,business-economy,business-today-in,publish,ok,,72,51,72,642,92,49904,16549,33347,1086,189,922,,,,,,,
2026-09-03,2026-09-03-33749072419,business-economy-3374202425,business-economy,semafor,publish,ok,,160,60,160,828,24,62923,27243,35671,1191,203,922,,,,,,,
2026-09-03,2026-09-03-33749072419,business-economy-5515153019,business-economy,business-today-in,publish,ok,,75,62,75,281,91,74687,22549,52129,1144,295,922,,,,,,,
2026-09-03,2026-09-03-33749072419,business-economy-9391894274,business-economy,quartz,publish,ok,,151,61,151,307,62,63669,26927,36732,1187,209,922,,,,,,,
2026-09-03,2026-09-03-33749072419,business-economy-6352967329,business-economy,marginal-revolution,extract,failed,no_text,,,,,,,,,,,,,,,,,,
2026-09-03,2026-09-03-33749072419,world-4987613395,world,news18-world,fetch,failed,http_client_error,,,,,,,,,,,,,,,,,,
2026-09-03,2026-09-03-33749072419,world-2172723726,world,independent-world,publish,ok,,480,71,480,891,51,120510,72445,48054,1636,269,922,,,,,,,
2026-09-03,2026-09-03-33749072419,world-9507545311,world,france24,publish,ok,not_prose,62,36,62,550,65,126775,104152,22573,1041,131,0,,,,,,,
2026-09-03,2026-09-03-33749072419,world-5939067193,world,scmp-news,extract,failed,paywalled,,,,,,,,,,,,,,,,,,
2026-09-03,2026-09-03-33749072419,world-9255769850,world,france24,publish,ok,,150,54,150,190,66,60866,25891,34924,1177,201,922,,,,,,,
2026-09-03,2026-09-03-33749072419,world-8091076028,world,elpais-en,publish,ok,,1444,135,1444,1302,74,258382,193512,64768,2821,334,923,,,,,,,
2026-09-03,2026-09-03-33749072419,world-0330561547,world,apnews-world,publish,ok,,664,78,664,468,193,141463,94506,46944,1855,259,922,,,,,,,
2026-09-03,2026-09-03-33749072419,world-3387989516,world,japan-times,publish,ok,,138,56,138,2280,47,55656,23135,32468,1149,184,922,,,,,,,
2026-09-03,2026-09-03-33749072419,india-3907491953,india,the-hindu-national,publish,ok,,372,75,372,500,39,98612,55218,43382,1467,245,922,,,,,,,
2026-09-03,2026-09-03-33749072419,india-3645253146,india,toi-india,publish,ok,,316,62,316,948,103,93484,51092,42379,1427,240,922,,,,,,,
2026-09-03,2026-09-03-33749072419,india-3451034694,india,deccan-chronicle,publish,ok,,241,52,241,5607,43,75359,43021,32330,1348,185,922,,,,,,,
2026-09-03,2026-09-03-33749072419,india-2963306559,india,economic-times,publish,ok,not_prose,283,48,283,718,59,80475,47054,33362,1386,186,922,,,,,,,
2026-09-03,2026-09-03-33749072419,india-3216643886,india,thehindu-all,publish,ok,,245,69,245,303,38,78678,39617,38999,1313,219,922,,,,,,,
2026-09-03,2026-09-03-33749072419,india-7348954533,india,mongabay-india,publish,ok,,1944,87,1944,628,38,329265,282703,46417,3688,240,923,,,,,,,
2026-09-03,2026-09-03-33749072419,india-1985640185,india,the-federal,publish,ok,,1203,115,1203,734,86,217714,162856,54788,2521,288,923,,,,,,,
2026-09-03,2026-09-03-33749072419,india-3385601953,india,hindustan-times,publish,ok,,434,79,434,614,56,120135,69376,50745,1610,283,922,,,,,,,
2026-09-03,2026-09-03-33749072419,india-7541114848,india,scroll-in,publish,ok,,314,75,314,531,32,93737,47308,46358,1388,263,922,,,,,,,
2026-09-03,2026-09-03-33749072419,india-0634247993,india,frontline,publish,ok,,118,70,118,515,29,66064,22963,43089,1147,246,922,,,,,,,
2026-09-03,2026-09-03-33749072419,india-6002008889,india,the-federal,publish,ok,,415,73,415,302,77,111238,62928,48297,1543,271,922,,,,,,,
2026-09-03,2026-09-03-33749072419,india-3297989659,india,et-default,publish,ok,,512,62,512,310,90,119291,79398,39882,1706,219,922,,,,,,,
2026-09-03,2026-09-03-33749072419,ai-8532965790,ai,guardian-ai,publish,ok,,1331,115,1331,520,49,322014,274637,47275,2712,263,0,,,,,,,
2026-09-03,2026-09-03-33749072419,ai-0980190822,ai,aws-ml-blog,publish,ok,,1595,124,1595,577,124,285790,227283,58449,3150,318,923,,,,,,,
2026-09-03,2026-09-03-33749072419,ai-1804502422,ai,rest-of-world,publish,ok,,802,115,802,760,19,148232,104044,44092,1946,251,923,,,,,,,
2026-09-03,2026-09-03-33749072419,ai-9167001262,ai,techcrunch-ai,publish,ok,,364,60,364,550,41,186615,149496,37109,1476,216,0,,,,,,,
2026-09-03,2026-09-03-33749072419,energy-6995265752,energy,oilprice,publish,ok,,365,79,365,864,52,95405,54110,41285,1455,238,922,,,,,,,
2026-09-03,2026-09-03-33749072419,energy-2216617604,energy,electrek,publish,ok,,703,101,703,585,32,148128,96111,51954,1870,294,923,,,,,,,
2026-09-03,2026-09-03-33749072419,energy-1325999110,energy,inside-climate-news,publish,ok,,1629,104,1629,354,39,258585,210786,47739,2985,260,923,,,,,,,
2026-09-03,2026-09-03-33749072419,energy-2156469775,energy,grist,publish,ok,,3846,196,6355,538,77,664986,590257,74602,5723,379,0,,,,,,,
2026-09-03,2026-09-03-33749072419,energy-5232766944,energy,canary-media,publish,ok,,898,133,898,668,100,181630,121858,59666,2121,335,923,,,,,,,
2026-09-03,2026-09-03-33749072419,energy-1905823587,energy,energy-mix,publish,ok,,1484,95,1484,2992,73,245626,198328,47150,2867,259,923,,,,,,,
2026-09-03,2026-09-03-33749072419,business-economy-8172735269,business-economy,cna-business,publish,ok,,304,61,304,2048,96,70590,41717,28863,1333,168,922,,,,,,,
2026-09-03,2026-09-03-33749072419,business-economy-9143719372,business-economy,liberty-street,publish,ok,,1303,124,1303,436,40,228563,172574,55890,2616,308,923,,,,,,,
2026-09-03,2026-09-03-33749072419,business-economy-6035711804,business-economy,semafor,publish,ok,,829,116,829,819,32,163522,110546,52855,2011,294,923,,,,,,,
2026-09-03,2026-09-03-33749072419,business-economy-2389973006,business-economy,bbc-business,publish,ok,,361,74,361,545,50,93394,54550,38833,1459,226,922,,,,,,,
2026-09-03,2026-09-03-33749072419,business-economy-2764897461,business-economy,seekingalpha,fetch,failed,http_client_error,,,,,,,,,,,,,,,,,,
2026-09-03,2026-09-03-33749072419,world-6671577485,world,npr-world,publish,ok,,1092,92,1092,796,47,197000,148794,48106,2382,265,923,,,,,,,
2026-09-03,2026-09-03-33749072419,world-3334642908,world,scmp-news,extract,failed,paywalled,,,,,,,,,,,,,,,,,,
2026-09-03,2026-09-03-33749072419,world-0738235798,world,africanews,publish,ok,,718,95,718,1200,35,148464,104607,43690,1950,242,923,,,,,,,
2026-09-03,2026-09-03-33749072419,world-4311702864,world,news18-world,fetch,failed,http_client_error,,,,,,,,,,,,,,,,,,
2026-09-03,2026-09-03-33749072419,world-5191096506,world,anadolu-world,publish,ok,,380,88,380,5926,200,108655,61665,46979,1532,272,922,,,,,,,
2026-09-03,2026-09-03-33749072419,world-2569607053,world,abc-au-world,publish,ok,,860,118,860,906,78,186067,125834,60060,2155,330,923,,,,,,,
2026-09-03,2026-09-03-33749072419,world-9906603730,world,apnews-world,publish,ok,,695,67,695,303,220,140072,99156,40905,1897,232,922,,,,,,,
2026-09-03,2026-09-03-33749072419,world-5448932802,world,elpais-en,publish,ok,,1191,148,1191,940,67,211767,154292,57304,2437,318,923,,,,,,,
2026-09-03,2026-09-03-33749072419,world-1461597112,world,dw-world,publish,ok,,972,105,972,22827,39,167886,127022,40737,2169,231,923,,,,,,,
2026-09-03,2026-09-03-33749072419,india-0645897631,india,toi-india,publish,ok,,316,79,316,901,105,89429,47084,42293,1385,248,922,,,,,,,
2026-09-03,2026-09-03-33749072419,india-0637525824,india,free-press-journal,publish,ok,,371,73,371,847,18,103532,57819,45704,1490,264,922,,,,,,,
2026-09-03,2026-09-03-33749072419,india-7620447779,india,free-press-journal,publish,ok,,438,72,438,219,17,104056,60163,43884,1516,253,922,,,,,,,
2026-09-03,2026-09-03-33749072419,india-1543919276,india,thehindu-biz,publish,ok,,578,84,578,542,42,127809,81944,45855,1730,263,922,,,,,,,
2026-09-03,2026-09-03-33749072419,india-1590266345,india,mongabay-india,publish,ok,,1756,106,1756,631,36,306119,249313,56705,3358,310,923,,,,,,,
2026-09-03,2026-09-03-33749072419,india-3489548226,india,india-today,publish,ok,,393,51,393,619,64,96551,58600,37903,1500,221,922,,,,,,,
2026-09-03,2026-09-03-33749072419,india-1337336923,india,toi-top,publish,ok,,759,110,759,429,100,153771,102143,51495,1927,290,923,,,,,,,
2026-09-03,2026-09-03-33749072419,india-9420005509,india,livemint-markets,publish,ok,,704,130,704,688,39,170849,105707,65017,1960,369,923,,,,,,,
2026-09-03,2026-09-03-33749072419,india-0981303338,india,ht-business,publish,ok,,1201,126,1201,551,65,222257,162299,59818,2515,333,923,,,,,,,
2026-09-03,2026-09-03-33749072419,india-9168028736,india,livemint-companies,publish,ok,,463,41,463,255,30,96213,65219,30982,1565,177,922,,,,,,,
2026-09-03,2026-09-03-33749072419,india-5513835322,india,the-quint,publish,ok,,608,55,608,882,53,122605,86535,36058,1774,206,922,,,,,,,
2026-09-03,2026-09-03-33767761598,ai-8493712042,ai,guardian-ai,publish,ok,,373,76,373,575,43,89089,32426,56570,1446,232,0,,,,,,,
2026-09-03,2026-09-03-33767761598,ai-7871789438,ai,huggingface-blog,publish,ok,,2080,144,2080,243,62,211897,104467,107301,4482,400,0,,,,,,,
2026-09-03,2026-09-03-33767761598,ai-5862956486,ai,fastcompany-tech,publish,ok,,468,52,468,859,46,55852,15576,40267,1592,163,934,,,,,,,
2026-09-03,2026-09-03-33767761598,energy-1620230848,energy,energymonitor,publish,ok,,443,62,443,426,24,75690,15248,60432,1589,244,922,,,,,,,
2026-09-03,2026-09-03-33767761598,energy-7071524033,energy,electrek,publish,ok,,429,90,429,651,21,69915,14248,55658,1497,226,922,,,,,,,
2026-09-03,2026-09-03-33767761598,energy-3157942143,energy,world-nuclear-news,publish,ok,,645,71,645,1602,16,78039,19394,58633,1765,236,922,,,,,,,
2026-09-03,2026-09-03-33767761598,energy-5188829475,energy,inside-climate-news,publish,ok,,1612,113,1612,1510,24,146491,70285,76110,3051,294,0,,,,,,,
2026-09-03,2026-09-03-33767761598,energy-5924493886,energy,solar-quarter,publish,ok,,316,71,316,7087,65,87994,14422,73460,1544,300,922,,,,,,,
2026-09-03,2026-09-03-33767761598,energy-1991862848,energy,pv-magazine,publish,ok,,368,77,368,2028,36,80175,13979,66187,1508,274,922,,,,,,,
2026-09-03,2026-09-03-33767761598,energy-3978276745,energy,offshore-wind,fetch,failed,http_client_error,,,,,,,,,,,,,,,,,,
2026-09-03,2026-09-03-33767761598,energy-2082926945,energy,cleantechnica,publish,ok,,565,62,565,831,65,83785,20737,63039,1798,255,922,,,,,,,
2026-09-03,2026-09-03-33767761598,business-economy-2456692062,business-economy,yahoo-finance,publish,ok,,436,62,436,840,89,80836,17706,62885,1660,253,922,,,,,,,
2026-09-03,2026-09-03-33767761598,business-economy-1726921798,business-economy,quartz,publish,ok,not_prose,55,29,55,366,31,55473,24818,30648,1048,130,0,,,,,,,
2026-09-03,2026-09-03-33767761598,business-economy-1125318160,business-economy,cna-business,publish,ok,,545,89,545,1190,68,80896,17816,62983,1692,254,922,,,,,,,
2026-09-03,2026-09-03-33767761598,business-economy-7105577682,business-economy,semafor,publish,ok,,121,62,121,872,16,56530,5510,50915,1123,209,922,,,,,,,
2026-09-03,2026-09-03-33767761598,business-economy-5571126661,business-economy,bbc-business,publish,ok,,869,102,869,385,40,103016,32213,70703,2303,284,923,,,,,,,
2026-09-03,2026-09-03-33767761598,world-1617797657,world,independent-world,publish,ok,,1171,109,1171,647,32,106511,35118,71289,2456,282,923,,,,,,,
2026-09-03,2026-09-03-33767761598,world-4224900440,world,guardian-world,publish,ok,,479,103,479,177,26,89727,16273,73445,1603,295,922,,,,,,,
2026-09-03,2026-09-03-33767761598,world-8126262580,world,scmp-news,extract,failed,paywalled,,,,,,,,,,,,,,,,,,
2026-09-03,2026-09-03-33767761598,world-2092685080,world,anadolu-world,publish,ok,,782,129,782,4687,166,101717,26541,75056,1998,305,923,,,,,,,
2026-09-03,2026-09-03-33767761598,world-5919257313,world,bbc-world,publish,ok,,360,59,360,125,35,64875,12924,51808,1467,211,922,,,,,,,
2026-09-03,2026-09-03-33767761598,world-2163362232,world,africanews,publish,ok,,227,68,227,1438,23,64473,8250,56215,1268,231,922,,,,,,,
2026-09-03,2026-09-03-33767761598,world-4515983703,world,mongabay,publish,ok,,1616,118,1616,782,32,131905,52192,79611,3158,311,923,,,,,,,
2026-09-03,2026-09-03-33767761598,world-9167884260,world,japan-times,publish,ok,,241,56,241,2359,37,66776,9472,57296,1330,237,922,,,,,,,
2026-09-03,2026-09-03-33767761598,world-0176211996,world,elpais-en,publish,ok,,417,74,417,816,47,70198,14557,55632,1535,230,922,,,,,,,
2026-09-03,2026-09-03-33767761598,india-0410966020,india,the-hindu-national,publish,ok,,326,85,326,1414,33,76528,12101,64419,1463,267,922,,,,,,,
2026-09-03,2026-09-03-33767761598,india-5888682485,india,livemint,publish,ok,,686,60,686,669,24,80007,24544,55454,2011,227,922,,,,,,,
2026-09-03,2026-09-03-33767761598,india-9180573894,india,deccan-chronicle,publish,ok,,449,73,449,6801,30,69042,14177,54718,1530,227,922,,,,,,,
2026-09-03,2026-09-03-33767761598,india-7988352530,india,toi-top,publish,ok,,382,58,382,670,44,58631,12689,45934,1463,190,922,,,,,,,
2026-09-03,2026-09-03-33767761598,india-9339136083,india,livemint-companies,publish,ok,,666,69,666,306,22,76256,22910,53337,1922,219,922,,,,,,,
2026-09-03,2026-09-03-33767761598,india-6756778808,india,mongabay-india,publish,ok,,1426,121,1426,620,23,127304,47019,80178,2968,313,923,,,,,,,
2026-09-03,2026-09-03-33767761598,india-7422912703,india,the-federal,extract,failed,no_text,,,,,,,,,,,,,,,,,,
2026-09-03,2026-09-03-33767761598,india-3606488307,india,india-today,publish,ok,,652,59,652,550,45,76310,23225,52989,1943,215,922,,,,,,,
2026-09-03,2026-09-03-33767761598,india-3216990822,india,frontline,publish,ok,,1548,112,1548,602,24,104057,44187,59760,2812,238,923,,,,,,,
2026-09-03,2026-09-03-33767761598,india-1946470427,india,dna-india,publish,ok,,567,75,567,2565,56,79486,19989,59362,1799,242,922,,,,,,,
2026-09-03,2026-09-03-33767761598,india-6866691046,india,the-quint,publish,ok,,174,73,174,1021,38,57411,6733,50556,1205,212,922,,,,,,,
2026-09-03,2026-09-03-33767761598,ai-7004893548,ai,nvidia-newsroom,publish,ok,,579,87,579,631,27,113139,77325,35719,1703,270,0,,,,,,,
2026-09-03,2026-09-03-33767761598,ai-7404380488,ai,wired-ai,publish,ok,,928,108,928,857,74,145639,101449,44144,2267,337,0,,,,,,,
2026-09-03,2026-09-03-33767761598,ai-0269161901,ai,huggingface-blog,publish,ok,not_prose,1518,41,1518,401,43,198141,171562,26530,4648,186,922,,,,,,,
2026-09-03,2026-09-03-33767761598,ai-8424520462,ai,techcrunch-ai,publish,ok,,178,63,178,927,24,38968,12688,26244,1200,203,922,,,,,,,
2026-09-03,2026-09-03-33767761598,energy-6426365562,energy,world-nuclear-news,publish,ok,,1077,115,1077,1689,16,109568,68525,40981,2417,301,923,,,,,,,
2026-09-03,2026-09-03-33767761598,energy-7916666676,energy,modern-power,publish,ok,,330,90,330,1700,20,54927,21350,33567,1393,257,922,,,,,,,
2026-09-03,2026-09-03-33767761598,energy-8422636177,energy,electrek,publish,ok,,1672,125,1672,748,26,139495,98559,40889,3083,296,923,,,,,,,
2026-09-03,2026-09-03-33767761598,energy-6114243314,energy,greentech,publish,ok,,1037,94,1037,1577,23,97129,63316,33765,2300,251,923,,,,,,,
2026-09-03,2026-09-03-33767761598,energy-8634897243,energy,solar-quarter,publish,ok,,377,77,377,2401,58,60270,25917,34346,1488,263,922,,,,,,,
2026-09-03,2026-09-03-33767761598,energy-1532926702,energy,latitude-media,publish,ok,,3846,139,9155,2084,38,321344,278362,42845,5939,292,0,,,,,,,
2026-09-03,2026-09-03-33767761598,energy-9167486580,energy,canary-media,publish,ok,,1313,127,1313,533,70,124448,77298,47058,2588,324,923,,,,,,,
2026-09-03,2026-09-03-33767761598,energy-5687749720,energy,cleantechnica,publish,ok,,1336,119,1336,1029,20,124130,82447,41283,2729,313,923,,,,,,,
2026-09-03,2026-09-03-33767761598,business-economy-3223298433,business-economy,business-today-in,publish,ok,not_prose,566,35,566,299,30,129281,100144,29096,2215,212,0,,,,,,,
2026-09-03,2026-09-03-33767761598,business-economy-7798415106,business-economy,semafor,publish,ok,,179,73,179,865,32,40900,12817,28038,1197,210,922,,,,,,,
2026-09-03,2026-09-03-33767761598,business-economy-4350954057,business-economy,fred-blog,publish,ok,,714,98,714,2180,16,82209,46470,35678,1945,271,923,,,,,,,
2026-09-03,2026-09-03-33767761598,business-economy-7236319735,business-economy,guardian-business,publish,ok,,493,159,493,576,33,79722,32446,47268,1632,356,922,,,,,,,
2026-09-03,2026-09-03-33767761598,business-economy-3009404097,business-economy,seekingalpha,fetch,failed,http_client_error,,,,,,,,,,,,,,,,,,
2026-09-03,2026-09-03-33767761598,world-6023910782,world,euronews,publish,ok,,123,48,123,957,46,28719,9014,19661,1119,151,922,,,,,,,
2026-09-03,2026-09-03-33767761598,world-8079794452,world,news18-world,fetch,failed,http_client_error,,,,,,,,,,,,,,,,,,
2026-09-03,2026-09-03-33767761598,world-5689868908,world,anadolu-world,publish,ok,,262,54,262,6434,140,41614,18679,22927,1325,170,922,,,,,,,
2026-09-03,2026-09-03-33767761598,world-2849367065,world,france24,publish,ok,,108,48,108,964,30,28891,9013,19872,1115,152,922,,,,,,,
2026-09-03,2026-09-03-33767761598,world-1089758931,world,apnews-world,publish,ok,,563,70,563,221,129,70091,39553,30530,1789,231,922,,,,,,,
2026-09-03,2026-09-03-33767761598,world-0048580296,world,conversation-africa,publish,ok,,970,127,970,604,20,97585,58209,39332,2216,297,923,,,,,,,
2026-09-03,2026-09-03-33767761598,world-9786469042,world,bbc-world,publish,ok,,501,85,501,226,31,62698,31802,30821,1626,241,922,,,,,,,
2026-09-03,2026-09-03-33767761598,world-4236672585,world,japan-times,publish,ok,,81,61,81,1309,29,30835,7054,23776,1078,184,922,,,,,,,
2026-09-03,2026-09-03-33767761598,world-4261584322,world,abc-au-world,publish,ok,,83,64,83,1074,44,27844,7156,20682,1079,163,922,,,,,,,
2026-09-03,2026-09-03-33767761598,india-8385608266,india,the-hindu-national,publish,ok,,201,50,201,773,24,38182,13886,24290,1223,184,922,,,,,,,
2026-09-03,2026-09-03-33767761598,india-6041269923,india,toi-top,publish,ok,,518,69,518,645,41,55258,30637,24613,1597,189,922,,,,,,,
2026-09-03,2026-09-03-33767761598,india-4848064457,india,ht-business,publish,ok,,961,114,961,380,36,96462,59348,37019,2184,268,923,,,,,,,
2026-09-03,2026-09-03-33767761598,india-3208888296,india,thehindu-biz,publish,ok,,702,114,702,285,27,96677,51542,45008,1975,329,923,,,,,,,
2026-09-03,2026-09-03-33767761598,india-9610006053,india,free-press-journal,publish,ok,,336,78,336,589,12,54548,23645,30896,1438,233,922,,,,,,,
2026-09-03,2026-09-03-33767761598,india-4745370053,india,the-federal,publish,ok,,1442,98,1442,2420,50,127985,94297,33549,2914,248,923,,,,,,,
2026-09-03,2026-09-03-33767761598,india-8809886657,india,livemint,publish,ok,,752,115,752,568,21,94176,54059,39399,2080,299,923,,,,,,,
2026-09-03,2026-09-03-33767761598,india-2474071511,india,scroll-in,publish,ok,,531,66,531,657,22,66693,36025,30659,1720,235,926,,,,,,,
2026-09-03,2026-09-03-33767761598,india-5056282274,india,scroll-in,publish,ok,,770,151,770,328,22,93376,46424,46830,1945,345,923,,,,,,,
2026-09-03,2026-09-03-33767761598,india-8807328782,india,livemint-markets,publish,ok,,693,56,693,184,20,74012,45837,28129,1941,217,922,,,,,,,
2026-09-03,2026-09-03-33767761598,india-9716660762,india,ht-business,extract,failed,paywalled,,,,,,,,,,,,,,,,,,
2026-09-03,2026-09-03-33767761598,ai-2255876665,ai,nvidia-newsroom,publish,ok,,1018,112,1018,517,48,317194,256696,60392,2529,324,0,,,,,,,
2026-09-03,2026-09-03-33767761598,ai-3921910937,ai,wired-ai,publish,ok,,629,93,629,923,128,231826,181656,50123,1796,276,0,,,,,,,
2026-09-03,2026-09-03-33767761598,ai-0788194501,ai,guardian-ai,publish,ok,not_prose,58,33,58,470,41,128811,105288,23513,1045,133,0,,,,,,,
2026-09-03,2026-09-03-33767761598,energy-0373960557,energy,power-magazine,publish,ok,,2236,159,2236,384,69,536517,446584,89758,4353,460,0,,,,,,,
2026-09-03,2026-09-03-33767761598,energy-6784570935,energy,oilprice,publish,ok,,390,71,390,863,55,100888,57955,42885,1490,239,922,,,,,,,
2026-09-03,2026-09-03-33767761598,energy-8741418892,energy,power-magazine,publish,ok,,1208,140,1208,242,53,237326,165379,71887,2544,387,923,,,,,,,
2026-09-03,2026-09-03-33767761598,energy-6029046849,energy,oilprice,publish,ok,,714,125,714,483,44,153550,96028,57415,1867,311,923,,,,,,,
2026-09-03,2026-09-03-33767761598,energy-6979780221,energy,inside-climate-news,publish,ok,,2285,156,2285,826,48,379911,310769,68963,3942,358,924,,,,,,,
2026-09-03,2026-09-03-33767761598,energy-0451966756,energy,greentech,publish,ok,,434,62,434,1254,32,107995,63939,44046,1551,242,922,,,,,,,
2026-09-03,2026-09-03-33767761598,energy-3299927518,energy,energy-storage,publish,ok,,807,119,807,1331,53,174304,118805,55425,2088,305,923,,,,,,,
2026-09-03,2026-09-03-33767761598,energy-9860250506,energy,energy-mix,extract,failed,no_text,,,,,,,,,,,,,,,,,,
2026-09-03,2026-09-03-33767761598,business-economy-9661588123,business-economy,seekingalpha,fetch,failed,http_client_error,,,,,,,,,,,,,,,,,,
2026-09-03,2026-09-03-33767761598,business-economy-3933803257,business-economy,aljazeera-economy,fetch,failed,robots_denied,,,,,,,,,,,,,,,,,,
2026-09-03,2026-09-03-33767761598,business-economy-7185094693,business-economy,business-today-in,publish,ok,,82,47,82,604,92,44361,16505,27848,1083,158,922,,,,,,,
2026-09-03,2026-09-03-33767761598,business-economy-2741111970,business-economy,fed-speeches,publish,ok,,2602,144,2602,377,36,394711,330054,64473,4128,335,924,,,,,,,
2026-09-03,2026-09-03-33767761598,business-economy-2398300128,business-economy,aljazeera-economy,fetch,failed,robots_denied,,,,,,,,,,,,,,,,,,
2026-09-03,2026-09-03-33767761598,world-8936801660,world,lemonde-en,publish,ok,too_short,35,39,35,1337,6,35532,10037,25487,1022,145,922,,,,,,,
2026-09-03,2026-09-03-33767761598,world-9615393641,world,news18-world,fetch,failed,http_client_error,,,,,,,,,,,,,,,,,,
2026-09-03,2026-09-03-33767761598,world-5317072762,world,independent-world,publish,ok,,711,113,711,547,44,148257,95502,52673,1860,292,923,,,,,,,
2026-09-03,2026-09-03-33767761598,world-9832787607,world,thehindu-intl,publish,ok,,217,74,217,807,41,76994,34645,42339,1261,237,922,,,,,,,
2026-09-03,2026-09-03-33767761598,world-6486716979,world,scmp-news,extract,failed,paywalled,,,,,,,,,,,,,,,,,,
2026-09-03,2026-09-03-33767761598,world-0056683776,world,apnews-world,publish,ok,,494,70,494,301,213,113257,71840,41404,1628,230,922,,,,,,,
2026-09-03,2026-09-03-33767761598,world-4266809889,world,conversation-africa,publish,ok,,1159,123,1159,892,34,216184,162595,53456,2513,288,923,,,,,,,
2026-09-03,2026-09-03-33767761598,world-9914403192,world,dw-world,publish,ok,,1324,129,1324,43627,40,239903,180355,59379,2688,314,923,,,,,,,
2026-09-03,2026-09-03-33767761598,world-8177713732,world,abc-au-world,publish,ok,,640,94,640,1174,70,138152,91492,46649,1820,258,922,,,,,,,
2026-09-03,2026-09-03-33767761598,world-3291807915,world,npr-world,publish,ok,,89,46,89,1015,31,39920,16410,23459,1082,132,922,,,,,,,
2026-09-03,2026-09-03-33767761598,india-9009866438,india,toi-india,publish,ok,,88,41,88,734,100,50501,18626,31866,1105,180,922,,,,,,,
2026-09-03,2026-09-03-33767761598,india-3432352915,india,thehindu-business,publish,ok,,374,75,374,698,35,92534,53156,39367,1442,221,922,,,,,,,
2026-09-03,2026-09-03-33767761598,india-8920212153,india,deccan-chronicle,publish,ok,,331,70,331,5398,44,82289,45634,36646,1378,205,930,,,,,,,
2026-09-03,2026-09-03-33767761598,india-4642176751,india,hindustan-times,publish,ok,,709,141,709,1863,62,166651,97375,69139,1877,370,923,,,,,,,
2026-09-03,2026-09-03-33767761598,india-8807379462,india,free-press-journal,publish,ok,,1143,113,1143,873,26,221436,158340,63033,2472,332,923,,,,,,,
2026-09-03,2026-09-03-33767761598,india-8215254193,india,thehindu-all,publish,ok,,396,98,396,877,40,115208,63883,51314,1557,285,930,,,,,,,
2026-09-03,2026-09-03-33767761598,india-2449884814,india,livemint-companies,extract,failed,paywalled,,,,,,,,,,,,,,,,,,
2026-09-03,2026-09-03-33767761598,india-5899579672,india,frontline,publish,ok,,937,112,937,749,34,203255,143612,59529,2328,317,923,,,,,,,
2026-09-03,2026-09-03-33767761598,india-3058302010,india,thehindu-biz,publish,ok,,244,67,244,250,41,76818,39250,37555,1310,209,922,,,,,,,
2026-09-03,2026-09-03-33767761598,india-5569348891,india,newslaundry,publish,ok,,229,64,229,928,57,75354,36924,38421,1285,214,922,,,,,,,
2026-09-03,2026-09-03-33767761598,india-6995184565,india,et-default,publish,ok,,528,61,528,667,81,128758,85400,43347,1759,239,922,,,,,,,
2026-09-03,2026-09-03-33767761598,ai-4643591134,ai,ars-technica-ai,plan,failed,not_attempted,,,,,,,,,,,,,,,,,,
2026-09-03,2026-09-03-33767761598,ai-7135752292,ai,techcrunch-ai,plan,failed,not_attempted,,,,,,,,,,,,,,,,,,
2026-09-03,2026-09-03-33767761598,ai-8450259707,ai,fastcompany-tech,plan,failed,not_attempted,,,,,,,,,,,,,,,,,,
2026-09-03,2026-09-03-33767761598,energy-5241259986,energy,energy-storage,plan,failed,not_attempted,,,,,,,,,,,,,,,,,,
2026-09-03,2026-09-03-33767761598,energy-9264523811,energy,modern-power,plan,failed,not_attempted,,,,,,,,,,,,,,,,,,
2026-09-03,2026-09-03-33767761598,energy-4783332524,energy,balkangreen,plan,failed,not_attempted,,,,,,,,,,,,,,,,,,
2026-09-03,2026-09-03-33767761598,energy-6888777797,energy,pv-magazine,plan,failed,not_attempted,,,,,,,,,,,,,,,,,,
2026-09-03,2026-09-03-33767761598,energy-7352078601,energy,climate-home,plan,failed,not_attempted,,,,,,,,,,,,,,,,,,
2026-09-03,2026-09-03-33767761598,energy-0068995803,energy,heatmap,plan,failed,not_attempted,,,,,,,,,,,,,,,,,,
2026-09-03,2026-09-03-33767761598,energy-4393520976,energy,offshore-wind,plan,failed,not_attempted,,,,,,,,,,,,,,,,,,
2026-09-03,2026-09-03-33767761598,energy-2368646841,energy,energy-mix,plan,failed,not_attempted,,,,,,,,,,,,,,,,,,
2026-09-03,2026-09-03-33767761598,business-economy-3591365072,business-economy,yahoo-finance,plan,failed,not_attempted,,,,,,,,,,,,,,,,,,
2026-09-03,2026-09-03-33767761598,business-economy-7956905262,business-economy,cna-business,plan,failed,not_attempted,,,,,,,,,,,,,,,,,,
2026-09-03,2026-09-03-33767761598,business-economy-9037397567,business-economy,quartz,plan,failed,not_attempted,,,,,,,,,,,,,,,,,,
2026-09-03,2026-09-03-33767761598,business-economy-4954479685,business-economy,voxdev,plan,failed,not_attempted,,,,,,,,,,,,,,,,,,
2026-09-03,2026-09-03-33767761598,business-economy-1854452020,business-economy,bbc-business,plan,failed,not_attempted,,,,,,,,,,,,,,,,,,
2026-09-03,2026-09-03-33767761598,world-3916079578,world,euronews,plan,failed,not_attempted,,,,,,,,,,,,,,,,,,
2026-09-03,2026-09-03-33767761598,world-9125599391,world,dw-world,plan,failed,not_attempted,,,,,,,,,,,,,,,,,,
2026-09-03,2026-09-03-33767761598,world-5800488708,world,guardian-world,plan,failed,not_attempted,,,,,,,,,,,,,,,,,,
2026-09-03,2026-09-03-33767761598,world-7248859787,world,thehindu-intl,plan,failed,not_attempted,,,,,,,,,,,,,,,,,,
2026-09-03,2026-09-03-33767761598,world-0757537320,world,mongabay,plan,failed,not_attempted,,,,,,,,,,,,,,,,,,
2026-09-03,2026-09-03-33767761598,world-6276462103,world,france24,plan,failed,not_attempted,,,,,,,,,,,,,,,,,,
2026-09-03,2026-09-03-33767761598,world-0268466763,world,lemonde-en,plan,failed,not_attempted,,,,,,,,,,,,,,,,,,
2026-09-03,2026-09-03-33767761598,world-1328849543,world,elpais-en,plan,failed,not_attempted,,,,,,,,,,,,,,,,,,
2026-09-03,2026-09-03-33767761598,world-7939134110,world,africanews,plan,failed,not_attempted,,,,,,,,,,,,,,,,,,
2026-09-03,2026-09-03-33767761598,world-3844212108,world,npr-world,plan,failed,not_attempted,,,,,,,,,,,,,,,,,,
2026-09-03,2026-09-03-33767761598,india-6651697826,india,toi-india,plan,failed,not_attempted,,,,,,,,,,,,,,,,,,
2026-09-03,2026-09-03-33767761598,india-2171528215,india,thehindu-business,plan,failed,not_attempted,,,,,,,,,,,,,,,,,,
2026-09-03,2026-09-03-33767761598,india-4418353999,india,economic-times,plan,failed,not_attempted,,,,,,,,,,,,,,,,,,
2026-09-03,2026-09-03-33767761598,india-8042872825,india,economic-times,plan,failed,not_attempted,,,,,,,,,,,,,,,,,,
2026-09-03,2026-09-03-33767761598,india-3089584410,india,hindustan-times,plan,failed,not_attempted,,,,,,,,,,,,,,,,,,
2026-09-03,2026-09-03-33767761598,india-5434359529,india,thehindu-all,plan,failed,not_attempted,,,,,,,,,,,,,,,,,,
2026-09-03,2026-09-03-33767761598,india-9274246488,india,india-today,plan,failed,not_attempted,,,,,,,,,,,,,,,,,,
2026-09-03,2026-09-03-33767761598,india-7111957962,india,livemint-markets,plan,failed,not_attempted,,,,,,,,,,,,,,,,,,
2026-09-03,2026-09-03-33767761598,india-8076301005,india,newslaundry,plan,failed,not_attempted,,,,,,,,,,,,,,,,,,
2026-09-03,2026-09-03-33767761598,india-6205625154,india,dna-india,plan,failed,not_attempted,,,,,,,,,,,,,,,,,,
2026-09-03,2026-09-03-33787238215,ai-0529296150,ai,aws-ml-blog,publish,ok,,2360,144,2360,428,114,186448,99910,86411,4167,310,0,,,,,,,
2026-09-03,2026-09-03-33787238215,ai-9497892396,ai,wired-ai,publish,ok,,868,132,868,1353,99,129904,48273,81487,2103,309,0,,,,,,,
2026-09-03,2026-09-03-33787238215,ai-7135752292,ai,techcrunch-ai,publish,ok,,619,77,619,572,34,102664,41197,61392,1776,232,0,,,,,,,
2026-09-03,2026-09-03-33787238215,ai-6753147383,ai,guardian-ai,publish,ok,,839,118,839,746,50,99608,27185,72305,2066,275,923,,,,,,,
2026-09-03,2026-09-03-33787238215,ai-0659675112,ai,guardian-ai,publish,ok,not_prose,75,45,75,472,33,45929,3967,41853,1069,161,922,,,,,,,
2026-09-03,2026-09-03-33787238215,energy-2801877377,energy,cleantechnica,publish,ok,,1263,99,1263,947,26,125177,41639,83400,2675,312,923,,,,,,,
2026-09-03,2026-09-03-33787238215,energy-2488460471,energy,oilprice,publish,ok,,534,67,534,726,38,72255,18200,53952,1664,204,922,,,,,,,
2026-09-03,2026-09-03-33787238215,energy-3522258353,energy,balkangreen,publish,ok,,699,68,699,3529,36,86351,21862,64480,1856,245,922,,,,,,,
2026-09-03,2026-09-03-33787238215,energy-7352078601,energy,climate-home,publish,ok,not_prose,51,35,51,10836,31,57505,24655,32843,1036,125,0,,,,,,,
2026-09-03,2026-09-03-33787238215,energy-4081213518,energy,world-nuclear-news,publish,ok,,584,64,584,1580,18,88419,19171,69132,1747,261,922,,,,,,,
2026-09-03,2026-09-03-33787238215,energy-8332831677,energy,energy-storage,publish,ok,,792,99,792,1121,48,113537,30841,82576,2226,313,923,,,,,,,
2026-09-03,2026-09-03-33787238215,business-economy-9705655013,business-economy,quartz,publish,ok,,105,74,105,501,38,62881,4447,58290,1097,224,922,,,,,,,
2026-09-03,2026-09-03-33787238215,business-economy-3848602113,business-economy,semafor,publish,ok,,160,72,160,892,20,57254,6222,51025,1156,196,922,,,,,,,
2026-09-03,2026-09-03-33787238215,business-economy-4954479685,business-economy,voxdev,publish,ok,,1095,129,1095,919,25,117028,37973,78916,2510,295,923,,,,,,,
2026-09-03,2026-09-03-33787238215,business-economy-0337924649,business-economy,semafor,publish,ok,,598,72,598,246,27,77393,19152,58232,1753,222,922,,,,,,,
2026-09-03,2026-09-03-33787238215,business-economy-0322588648,business-economy,marginal-revolution,publish,ok,,348,61,348,1057,13,71363,12051,59160,1416,227,922,,,,,,,
2026-09-03,2026-09-03-33787238215,world-6530660725,world,anadolu-world,publish,ok,,121,55,121,5047,165,53874,6802,47065,1196,184,922,,,,,,,
2026-09-03,2026-09-03-33787238215,world-4848137430,world,news18-world,fetch,failed,http_client_error,,,,,,,,,,,,,,,,,,
2026-09-03,2026-09-03-33787238215,world-5646260297,world,scmp-news,extract,failed,paywalled,,,,,,,,,,,,,,,,,,
2026-09-03,2026-09-03-33787238215,world-9167783023,world,france24,fetch,failed,http_client_error,,,,,,,,,,,,,,,,,,
2026-09-03,2026-09-03-33787238215,world-4726146065,world,france24,fetch,failed,http_client_error,,,,,,,,,,,,,,,,,,
2026-09-03,2026-09-03-33787238215,world-8944396800,world,anadolu-world,publish,ok,,268,68,268,3436,72,64116,9537,54571,1326,212,922,,,,,,,
2026-09-03,2026-09-03-33787238215,world-1501876564,world,elpais-en,publish,ok,,1377,140,1377,1053,55,129152,43174,85854,2745,318,923,,,,,,,
2026-09-03,2026-09-03-33787238215,world-7092067388,world,bbc-world,publish,ok,,592,77,592,762,46,96955,19821,77124,1765,293,922,,,,,,,
2026-09-03,2026-09-03-33787238215,world-2144312926,world,bbc-world,publish,ok,,806,119,806,145,46,106773,25810,80849,1994,306,923,,,,,,,
2026-09-03,2026-09-03-33787238215,world-5360133383,world,npr-world,publish,ok,,727,107,727,903,27,99335,25809,73422,1990,275,923,,,,,,,
2026-09-03,2026-09-03-33787238215,india-5422240793,india,livemint-companies,publish,ok,,412,72,412,779,25,64280,12987,50919,1462,196,922,,,,,,,
2026-09-03,2026-09-03-33787238215,india-8814375809,india,thehindu-business,publish,ok,,537,81,537,1352,31,88473,19061,69397,1738,265,922,,,,,,,
2026-09-03,2026-09-03-33787238215,india-4698388331,india,deccan-chronicle,publish,ok,,374,102,374,8058,35,84262,12963,71204,1460,273,922,,,,,,,
2026-09-03,2026-09-03-33787238215,india-1549119680,india,deccan-chronicle,publish,ok,,332,77,332,1111,35,70515,10993,59514,1380,228,922,,,,,,,
2026-09-03,2026-09-03-33787238215,india-3520737403,india,india-today,publish,ok,,624,87,624,669,54,100946,21303,79630,1803,301,922,,,,,,,
2026-09-03,2026-09-03-33787238215,india-2074153724,india,toi-top,publish,ok,,378,66,378,615,69,91217,15378,75755,1562,287,922,,,,,,,
2026-09-03,2026-09-03-33787238215,india-7243982240,india,free-press-journal,publish,ok,,340,61,340,996,17,67052,12229,54815,1409,210,922,,,,,,,
2026-09-03,2026-09-03-33787238215,india-6250981208,india,the-federal,publish,ok,,1025,115,1025,852,65,104364,33055,71214,2305,268,923,,,,,,,
2026-09-03,2026-09-03-33787238215,india-3221172955,india,scroll-in,publish,ok,,364,60,364,662,35,61618,12888,48719,1462,188,922,,,,,,,
2026-09-03,2026-09-03-33787238215,ai-7811638204,ai,nvidia-newsroom,publish,ok,,2000,158,2000,574,183,181427,85444,95830,3660,351,0,,,,,,,
2026-09-03,2026-09-03-33787238215,ai-4801831583,ai,techcrunch-ai,publish,ok,,858,102,858,642,32,122936,48499,74313,2051,279,0,,,,,,,
2026-09-03,2026-09-03-33787238215,ai-1639872574,ai,google-research-blog,publish,ok,,1104,133,1104,538,49,126286,35271,90775,2378,336,923,,,,,,,
2026-09-03,2026-09-03-33787238215,ai-3462895834,ai,oreilly-radar,publish,ok,,598,67,598,2148,34,90074,39127,50872,1693,197,0,,,,,,,
2026-09-03,2026-09-03-33787238215,energy-1452736364,energy,electrek,publish,ok,,748,108,748,877,28,106835,27881,78814,2072,293,923,,,,,,,
2026-09-03,2026-09-03-33787238215,energy-9093592860,energy,oilprice,publish,ok,,355,120,355,634,43,103958,12487,91372,1439,355,922,,,,,,,
2026-09-03,2026-09-03-33787238215,energy-7300178147,energy,power-magazine,publish,ok,,1187,125,1187,475,44,120785,38727,81912,2519,303,923,,,,,,,
2026-09-03,2026-09-03-33787238215,energy-5189636292,energy,pv-magazine,extract,failed,paywalled,,,,,,,,,,,,,,,,,,
2026-09-03,2026-09-03-33787238215,energy-5850166696,energy,solar-quarter,publish,ok,,396,59,396,671,75,82946,18432,64506,1713,248,927,,,,,,,
2026-09-03,2026-09-03-33787238215,energy-8767442558,energy,world-nuclear-news,publish,ok,,660,91,660,1105,18,95337,23155,72046,1889,277,922,,,,,,,
2026-09-03,2026-09-03-33787238215,energy-8495727555,energy,energy-mix,extract,failed,no_text,,,,,,,,,,,,,,,,,,
2026-09-03,2026-09-03-33787238215,business-economy-0935992097,business-economy,yahoo-finance,fetch,failed,robots_denied,,,,,,,,,,,,,,,,,,
2026-09-03,2026-09-03-33787238215,business-economy-8680660086,business-economy,quartz,publish,ok,not_prose,43,38,43,696,38,56324,24498,31818,1028,125,0,,,,,,,
2026-09-03,2026-09-03-33787238215,business-economy-1280768862,business-economy,yahoo-finance,fetch,failed,robots_denied,,,,,,,,,,,,,,,,,,
2026-09-03,2026-09-03-33787238215,business-economy-8850335262,business-economy,business-today-in,publish,ok,not_prose,354,52,354,296,40,89123,21032,67925,1788,264,922,,,,,,,
2026-09-03,2026-09-03-33787238215,business-economy-4889831465,business-economy,seekingalpha,summarize,failed,length_out_of_range,57,,57,182,52,33379,,,,,,,,,,,,
2026-09-03,2026-09-03-33787238215,world-3916079578,world,euronews,publish,ok,,614,68,614,903,56,75486,20764,54580,1809,212,922,,,,,,,
2026-09-03,2026-09-03-33787238215,world-9414303059,world,dw-world,publish,ok,,884,128,884,22096,29,105600,27806,77676,2094,290,923,,,,,,,
2026-09-03,2026-09-03-33787238215,world-4046294592,world,independent-world,publish,ok,,1090,115,1090,375,41,114900,36910,77846,2490,295,923,,,,,,,
2026-09-03,2026-09-03-33787238215,world-8369305384,world,abc-au-world,publish,ok,,673,55,673,1148,58,66584,21217,45277,1837,177,922,,,,,,,
2026-09-03,2026-09-03-33787238215,world-4650493610,world,independent-world,publish,ok,,474,69,474,210,35,70290,15698,54461,1566,212,922,,,,,,,
2026-09-03,2026-09-03-33787238215,world-6963851398,world,apnews-world,publish,ok,,412,56,412,677,206,66134,14113,52013,1506,203,922,,,,,,,
2026-09-03,2026-09-03-33787238215,world-6812702930,world,dw-world,publish,ok,,714,122,714,1639,30,104541,24968,79446,1965,300,923,,,,,,,
2026-09-03,2026-09-03-33787238215,world-8052760521,world,conversation-africa,publish,ok,,1034,130,1034,730,29,114684,32656,81877,2290,310,923,,,,,,,
2026-09-03,2026-09-03-33787238215,world-0077626906,world,japan-times,publish,ok,,174,61,174,1418,40,59334,6888,52439,1207,207,922,,,,,,,
2026-09-03,2026-09-03-33787238215,india-1816087733,india,the-hindu-national,publish,ok,,564,75,564,1069,37,79306,18919,60378,1718,234,922,,,,,,,
2026-09-03,2026-09-03-33787238215,india-3556081968,india,toi-india,publish,ok,,2026,142,2026,620,98,182644,70212,112310,3788,410,924,,,,,,,
2026-09-03,2026-09-03-33787238215,india-7972095524,india,thehindu-all,publish,ok,,207,52,207,364,34,58788,9010,49693,1283,195,922,,,,,,,
2026-09-03,2026-09-03-33787238215,india-8042872825,india,economic-times,publish,ok,,582,76,582,781,45,79982,18539,61434,1715,239,922,,,,,,,
2026-09-03,2026-09-03-33787238215,india-1444382665,india,livemint,publish,ok,,540,77,540,752,25,96157,19615,76458,1754,295,922,,,,,,,
2026-09-03,2026-09-03-33787238215,india-7882268263,india,india-today,publish,ok,,635,79,635,621,55,89463,21660,67663,1837,259,922,,,,,,,
2026-09-03,2026-09-03-33787238215,india-9087902962,india,thehindu-biz,publish,ok,,136,72,136,910,34,68678,6941,61589,1190,238,922,,,,,,,
2026-09-03,2026-09-03-33787238215,india-2711882599,india,scroll-in,publish,ok,,1026,137,1026,641,33,111431,31343,79943,2246,307,923,,,,,,,
2026-09-03,2026-09-03-33787238215,india-3596993992,india,ht-business,extract,failed,paywalled,,,,,,,,,,,,,,,,,,
2026-09-03,2026-09-03-33787238215,india-9601909403,india,dna-india,publish,ok,,535,70,535,2612,70,80285,18676,61599,1707,236,922,,,,,,,
2026-09-03,2026-09-03-33787238215,ai-5179569006,ai,aws-ml-blog,publish,ok,,3548,171,3548,398,150,601056,512519,88327,5560,329,0,,,,,,,
2026-09-03,2026-09-03-33787238215,ai-3822816850,ai,bbc-tech,publish,ok,,430,69,430,291,49,194760,138121,56563,1540,231,0,,,,,,,
2026-09-03,2026-09-03-33787238215,ai-8059181278,ai,meta-ai-blog,publish,ok,,2955,143,2955,468,45,534679,443026,91443,4815,349,0,,,,,,,
2026-09-03,2026-09-03-33787238215,ai-2130170570,ai,fastcompany-tech,publish,ok,,273,83,273,859,61,96075,35380,60686,1308,250,922,,,,,,,
2026-09-03,2026-09-03-33787238215,energy-9453264600,energy,electrek,publish,ok,,989,114,989,661,35,284959,213210,71638,2350,287,0,,,,,,,
2026-09-03,2026-09-03-33787238215,energy-1524599313,energy,greentech,publish,ok,,592,67,592,1428,34,123302,73372,49919,1726,205,922,,,,,,,
2026-09-03,2026-09-03-33787238215,energy-4393670496,energy,modern-power,publish,ok,,326,117,326,872,34,121021,42035,78890,1384,321,922,,,,,,,
2026-09-03,2026-09-03-33787238215,energy-9264523811,energy,modern-power,publish,ok,,320,83,320,603,34,116181,42378,73793,1386,299,922,,,,,,,
2026-09-03,2026-09-03-33787238215,energy-8103687915,energy,power-magazine,publish,ok,,1115,112,1115,377,189,198820,134032,64691,2392,259,923,,,,,,,
2026-09-03,2026-09-03-33787238215,energy-1850991266,energy,solar-quarter,publish,ok,,464,91,464,636,96,147507,63790,83706,1619,341,922,,,,,,,
2026-09-03,2026-09-03-33787238215,energy-2368646841,energy,energy-mix,extract,failed,no_text,,,,,,,,,,,,,,,,,,
2026-09-03,2026-09-03-33787238215,business-economy-7052777107,business-economy,cna-business,publish,ok,,334,65,334,1703,112,87998,44352,43536,1407,179,922,,,,,,,
2026-09-03,2026-09-03-33787238215,business-economy-7956905262,business-economy,cna-business,publish,ok,,120,58,120,948,96,57803,19073,38723,1128,161,922,,,,,,,
2026-09-03,2026-09-03-33787238215,business-economy-6262078295,business-economy,seekingalpha,fetch,failed,http_client_error,,,,,,,,,,,,,,,,,,
2026-09-03,2026-09-03-33787238215,business-economy-4908048935,business-economy,guardian-business,publish,ok,,710,108,710,594,58,149161,85789,63266,1862,258,923,,,,,,,
2026-09-03,2026-09-03-33787238215,business-economy-1854452020,business-economy,bbc-business,publish,ok,,914,123,914,428,57,184959,111601,73150,2147,293,923,,,,,,,
2026-09-03,2026-09-03-33787238215,world-0625668545,world,euronews,publish,ok,,243,62,243,850,67,82677,33842,48826,1294,201,922,,,,,,,
2026-09-03,2026-09-03-33787238215,world-0335138301,world,cna-world,publish,ok,,156,67,156,482,96,85310,25136,60167,1198,248,922,,,,,,,
2026-09-03,2026-09-03-33787238215,world-2430275849,world,mongabay,publish,ok,,955,98,955,803,35,194954,125972,68864,2305,278,923,,,,,,,
2026-09-03,2026-09-03-33787238215,world-7843599014,world,abc-au-world,publish,ok,,514,64,514,943,70,110302,62321,47971,1603,196,922,,,,,,,
2026-09-03,2026-09-03-33787238215,world-1531330404,world,mongabay,publish,ok,,494,61,494,307,30,116869,65237,51623,1634,211,922,,,,,,,
2026-09-03,2026-09-03-33787238215,world-5216120728,world,apnews-world,publish,ok,,1260,115,1260,377,214,216705,150489,66096,2570,264,923,,,,,,,
2026-09-03,2026-09-03-33787238215,world-1409643685,world,scmp-news,extract,failed,paywalled,,,,,,,,,,,,,,,,,,
2026-09-03,2026-09-03-33787238215,world-6820270697,world,lemonde-en,publish,ok,too_short,35,25,35,1108,6,119597,92099,27486,1020,114,0,,,,,,,
2026-09-03,2026-09-03-33787238215,world-8018815990,world,japan-times,publish,ok,,192,68,192,1788,50,81566,27646,53912,1223,222,922,,,,,,,
2026-09-03,2026-09-03-33787238215,india-7181571035,india,the-hindu-national,publish,ok,,488,79,488,1002,43,144062,68873,75179,1673,305,922,,,,,,,
2026-09-03,2026-09-03-33787238215,india-9028684462,india,economic-times,publish,ok,,408,57,408,772,77,107890,60702,47060,1585,193,922,,,,,,,
2026-09-03,2026-09-03-33787238215,india-9935726319,india,livemint,publish,ok,,681,57,681,519,31,138747,88917,49820,1895,202,922,,,,,,,
2026-09-03,2026-09-03-33787238215,india-7111957962,india,livemint-markets,publish,ok,,696,79,696,697,35,180647,101675,78871,2035,319,922,,,,,,,
2026-09-03,2026-09-03-33787238215,india-0735034653,india,hindustan-times,publish,ok,,1553,118,1553,502,68,257044,188475,68400,2968,271,923,,,,,,,
2026-09-03,2026-09-03-33787238215,india-0661328218,india,livemint-markets,publish,ok,,807,145,807,274,39,197772,109854,87766,2129,356,923,,,,,,,
2026-09-03,2026-09-03-33787238215,india-0094013076,india,livemint-companies,publish,ok,,418,80,418,197,31,122353,58952,63285,1567,257,922,,,,,,,
2026-09-03,2026-09-03-33787238215,india-5560794910,india,the-federal,publish,ok,,1001,114,1001,1035,83,221577,138105,83283,2442,335,923,,,,,,,
2026-09-03,2026-09-03-33787238215,india-7245399182,india,ht-business,publish,ok,,531,76,531,280,57,126154,67689,58455,1664,236,922,,,,,,,
2026-09-03,2026-09-03-33787238215,india-8002791331,india,frontline,publish,ok,,1517,93,1517,750,39,259612,190904,68528,3009,272,923,,,,,,,
2026-09-03,2026-09-03-33787238215,ai-4856939899,ai,nvidia-technical-blog,publish,ok,,1766,132,1766,561,52,388764,323393,65287,3154,325,0,,,,,,,
2026-09-03,2026-09-03-33787238215,ai-4643591134,ai,ars-technica-ai,publish,ok,,332,84,332,1088,35,186293,141405,44842,1395,244,0,,,,,,,
2026-09-03,2026-09-03-33787238215,ai-9298915759,ai,deepmind-blog,publish,ok,,1237,111,1237,731,68,228945,177118,51766,2645,280,923,,,,,,,
2026-09-03,2026-09-03-33787238215,ai-9995773453,ai,fastcompany-tech,publish,ok,,438,68,438,910,68,120131,69915,50206,1607,285,922,,,,,,,
2026-09-03,2026-09-03-33787238215,energy-5241259986,energy,energy-storage,publish,ok,,846,116,846,1234,56,179657,128929,50605,2179,264,923,,,,,,,
2026-09-03,2026-09-03-33787238215,energy-1857761052,energy,heatmap,publish,ok,,3846,130,4491,689,83,683491,616480,66747,5916,312,0,,,,,,,
2026-09-03,2026-09-03-33787238215,energy-1120524575,energy,balkangreen,publish,ok,,303,60,303,3547,39,81727,45709,35969,1370,203,922,,,,,,,
2026-09-03,2026-09-03-33787238215,energy-6888777797,energy,pv-magazine,publish,ok,,824,133,824,1470,54,202344,133553,68724,2224,372,923,,,,,,,
2026-09-03,2026-09-03-33787238215,energy-0068995803,energy,heatmap,publish,ok,,3846,195,11191,166,107,597643,516598,80803,5849,379,924,,,,,,,
2026-09-03,2026-09-03-33787238215,energy-4393520976,energy,offshore-wind,fetch,failed,http_server_error,,,,,,,,,,,,,,,,,,
2026-09-03,2026-09-03-33787238215,energy-3665374042,energy,cleantechnica,publish,ok,,2034,135,2034,692,33,414740,354318,59923,3443,301,0,,,,,,,
2026-09-03,2026-09-03-33787238215,business-economy-2608865976,business-economy,business-today-in,publish,ok,,78,72,78,659,95,56985,18397,38579,1102,213,922,,,,,,,
2026-09-03,2026-09-03-33787238215,business-economy-6460823292,business-economy,aljazeera-economy,fetch,failed,robots_denied,,,,,,,,,,,,,,,,,,
2026-09-03,2026-09-03-33787238215,business-economy-2847297858,business-economy,aljazeera-economy,fetch,failed,robots_denied,,,,,,,,,,,,,,,,,,
2026-09-03,2026-09-03-33787238215,business-economy-1086556865,business-economy,guardian-business,publish,ok,,507,75,507,477,56,114167,72086,42068,1629,229,922,,,,,,,
2026-09-03,2026-09-03-33787238215,business-economy-6153233387,business-economy,conversable-economist,publish,ok,,327,63,327,1177,21,84101,45156,38936,1365,215,922,,,,,,,
2026-09-03,2026-09-03-33787238215,world-5815774627,world,news18-world,fetch,failed,http_client_error,,,,,,,,,,,,,,,,,,
2026-09-03,2026-09-03-33787238215,world-7441853836,world,guardian-world,publish,ok,,2650,146,2650,395,238,413138,353221,59660,4312,288,924,,,,,,,
2026-09-03,2026-09-03-33787238215,world-7248859787,world,thehindu-intl,publish,ok,,198,57,198,897,64,71355,33829,37517,1253,213,922,,,,,,,
2026-09-03,2026-09-03-33787238215,world-2655153744,world,africanews,publish,ok,,264,72,264,1188,29,80415,39508,40898,1309,231,922,,,,,,,
2026-09-03,2026-09-03-33787238215,world-2310069927,world,africanews,publish,ok,,214,79,214,725,31,76134,34826,41299,1259,231,922,,,,,,,
2026-09-03,2026-09-03-33787238215,world-3949488015,world,elpais-en,publish,ok,,1126,97,1126,1051,66,204945,149978,54811,2386,295,923,,,,,,,
2026-09-03,2026-09-03-33787238215,world-6192168839,world,lemonde-en,publish,ok,too_short,35,33,35,1598,5,125522,103492,22021,1019,125,0,,,,,,,
2026-09-03,2026-09-03-33787238215,world-2453929518,world,conversation-africa,publish,ok,,915,100,915,506,31,178651,129920,48586,2186,258,923,,,,,,,
2026-09-03,2026-09-03-33787238215,world-3844212108,world,npr-world,publish,ok,,710,127,710,619,32,152992,104156,48647,1937,268,923,,,,,,,
2026-09-03,2026-09-03-33787238215,india-9476941761,india,hindustan-times,publish,ok,,606,83,606,725,58,131434,82466,48956,1728,270,922,,,,,,,
2026-09-03,2026-09-03-33787238215,india-6651697826,india,toi-india,publish,ok,,142,59,142,739,101,62633,26783,35798,1183,196,922,,,,,,,
2026-09-03,2026-09-03-33787238215,india-5776416125,india,thehindu-business,publish,ok,,201,51,201,1262,33,69949,34678,35262,1259,189,922,,,,,,,
2026-09-03,2026-09-03-33787238215,india-3843449655,india,toi-top,publish,ok,,456,64,456,109,70,103429,62453,40966,1532,218,922,,,,,,,
2026-09-03,2026-09-03-33787238215,india-7103749203,india,thehindu-all,publish,ok,,419,83,419,327,39,113097,63768,49316,1546,269,922,,,,,,,
2026-09-03,2026-09-03-33787238215,india-4017555360,india,thehindu-biz,publish,ok,,273,66,273,563,38,87156,45113,42034,1364,234,922,,,,,,,
2026-09-03,2026-09-03-33787238215,india-0934928069,india,free-press-journal,publish,ok,,258,71,258,1077,19,92944,44315,48619,1353,260,922,,,,,,,
2026-09-03,2026-09-03-33787238215,india-9280752590,india,dna-india,publish,ok,,861,123,861,2611,87,192193,126560,65554,2154,328,923,,,,,,,
2026-09-03,2026-09-03-33787238215,india-1354347793,india,frontline,publish,ok,,1945,97,1945,632,38,317651,264569,52978,3476,258,923,,,,,,,
2026-09-03,2026-09-03-33787238215,india-8076301005,india,newslaundry,publish,ok,not_prose,294,60,294,750,57,113499,70131,43283,1604,221,922,,,,,,,
2026-09-03,2026-09-03-33806210146,ai-3212942884,ai,aws-ml-blog,publish,ok,,1224,125,1224,416,96,126677,56540,70033,2514,267,0,,,,,,,
2026-09-03,2026-09-03-33806210146,ai-9127422346,ai,wired-ai,publish,ok,,476,77,476,773,80,94081,37183,56814,1590,227,0,,,,,,,
2026-09-03,2026-09-03-33806210146,ai-7243065429,ai,google-research-blog,publish,ok,,1117,107,1117,634,51,111385,36948,74322,2527,285,923,,,,,,,
2026-09-03,2026-09-03-33806210146,ai-7182947897,ai,ars-technica-ai,publish,ok,,213,65,213,667,26,60486,8784,51694,1291,207,922,,,,,,,
2026-09-03,2026-09-03-33806210146,energy-3315341292,energy,electrek,publish,ok,,514,78,514,391,23,88907,18775,70121,1738,274,922,,,,,,,
2026-09-03,2026-09-03-33806210146,energy-2486420257,energy,electrek,publish,ok,,609,74,609,556,24,102935,23262,79537,1938,308,922,,,,,,,
2026-09-03,2026-09-03-33806210146,energy-4783332524,energy,balkangreen,publish,ok,,397,76,397,3901,29,81752,14436,67113,1504,263,922,,,,,,,
2026-09-03,2026-09-03-33806210146,energy-3235309055,energy,pv-magazine,publish,ok,,786,152,786,1388,41,126482,27592,98770,2079,385,923,,,,,,,
2026-09-03,2026-09-03-33806210146,energy-4817569631,energy,energy-mix,extract,failed,no_text,,,,,,,,,,,,,,,,,,
2026-09-03,2026-09-03-33806210146,business-economy-7437112208,business-economy,cna-business,publish,ok,,135,45,135,2011,97,40261,5576,34617,1147,140,922,,,,,,,
2026-09-03,2026-09-03-33806210146,business-economy-6346314794,business-economy,quartz,publish,ok,,1278,131,1278,527,47,121492,42062,79312,2714,303,923,,,,,,,
2026-09-03,2026-09-03-33806210146,business-economy-6589657667,business-economy,business-today-in,publish,ok,,585,61,585,579,80,71337,18838,52490,1708,210,922,,,,,,,
2026-09-03,2026-09-03-33806210146,business-economy-2100720469,business-economy,semafor,publish,ok,,105,67,105,814,18,59056,4440,54519,1118,221,922,,,,,,,
2026-09-03,2026-09-03-33806210146,business-economy-3235984669,business-economy,seekingalpha,publish,ok,not_prose,39,42,39,390,43,57407,22906,34492,1018,138,0,,,,,,,
2026-09-03,2026-09-03-33806210146,world-1901110898,world,mongabay,publish,ok,,1055,118,1055,762,25,115633,37218,78303,2510,299,923,,,,,,,
2026-09-03,2026-09-03-33806210146,world-7235786892,world,news18-world,fetch,failed,http_client_error,,,,,,,,,,,,,,,,,,
2026-09-03,2026-09-03-33806210146,world-3363412974,world,abc-au-world,publish,ok,,477,64,477,1598,52,83021,18588,64422,1716,255,922,,,,,,,
2026-09-03,2026-09-03-33806210146,world-2895167147,world,africanews,publish,ok,,252,98,252,1367,24,79676,8984,70600,1298,282,922,,,,,,,
2026-09-03,2026-09-03-33806210146,world-4665584531,world,apnews-world,publish,ok,,259,87,259,316,134,82355,10150,72195,1316,284,922,,,,,,,
2026-09-03,2026-09-03-33806210146,world-8080715393,world,lemonde-en,publish,ok,too_short,35,28,35,1279,4,34186,3170,31008,1023,124,922,,,,,,,
2026-09-03,2026-09-03-33806210146,world-2949077689,world,euronews,publish,ok,,358,77,358,1007,54,67081,12419,54654,1448,216,922,,,,,,,
2026-09-03,2026-09-03-33806210146,world-7750240566,world,anadolu-world,publish,ok,,300,63,300,5736,62,68045,12178,55859,1426,221,936,,,,,,,
2026-09-03,2026-09-03-33806210146,world-0307070540,world,dw-world,publish,ok,,407,58,407,2925,24,63766,14108,49650,1505,198,936,,,,,,,
2026-09-03,2026-09-03-33806210146,india-7409851583,india,toi-india,publish,ok,,393,77,393,877,68,70809,13251,57550,1476,227,922,,,,,,,
2026-09-03,2026-09-03-33806210146,india-6457787234,india,thehindu-biz,publish,ok,too_short,51,41,51,812,34,42918,4097,38813,1079,155,922,,,,,,,
2026-09-03,2026-09-03-33806210146,india-0401081413,india,thehindu-business,publish,ok,,613,112,613,981,27,99470,20593,78867,1786,308,922,,,,,,,
2026-09-03,2026-09-03-33806210146,india-5809009156,india,deccan-chronicle,publish,ok,,351,57,351,3386,30,68543,11446,56954,1411,226,922,,,,,,,
2026-09-03,2026-09-03-33806210146,india-0441361047,india,livemint,publish,ok,,658,81,658,764,29,80401,20461,59929,1789,238,922,,,,,,,
2026-09-03,2026-09-03-33806210146,india-2317275651,india,livemint-markets,publish,ok,,551,60,551,184,23,73279,20601,52528,1799,206,922,,,,,,,
2026-09-03,2026-09-03-33806210146,india-3861357289,india,economic-times,publish,ok,,313,61,313,640,34,63366,11262,51962,1388,207,922,,,,,,,
2026-09-03,2026-09-03-33806210146,india-1379316216,india,the-federal,publish,ok,,789,111,789,954,56,115463,28087,87261,2082,334,923,,,,,,,
2026-09-03,2026-09-03-33806210146,india-3675670096,india,scroll-in,publish,ok,,535,97,535,659,25,83827,18700,65118,1678,257,922,,,,,,,
2026-09-03,2026-09-03-33806210146,india-5161470759,india,ht-business,publish,ok,,1228,108,1228,692,52,118849,39390,79346,2593,305,923,,,,,,,
2026-09-03,2026-09-03-33806210146,ai-7948752191,ai,guardian-ai,publish,ok,,744,111,744,196,59,247718,196833,50826,1946,284,0,,,,,,,
2026-09-03,2026-09-03-33806210146,ai-5591301185,ai,databricks-blog,publish,ok,,2387,170,2387,220,103,466714,399360,67208,3897,343,0,,,,,,,
2026-09-03,2026-09-03-33806210146,ai-8888456855,ai,bbc-tech,publish,ok,,1547,96,1547,286,62,257052,205636,51327,2936,278,923,,,,,,,
2026-09-03,2026-09-03-33806210146,energy-5683181956,energy,power-magazine,publish,ok,,942,130,942,296,57,180563,127194,53262,2174,295,923,,,,,,,
2026-09-03,2026-09-03-33806210146,energy-8442473113,energy,oilprice,publish,ok,,364,60,364,391,39,186214,147737,38434,1466,219,0,,,,,,,
2026-09-03,2026-09-03-33806210146,energy-3053237113,energy,greentech,publish,ok,,563,65,563,1646,32,119503,79684,39808,1707,223,922,,,,,,,
2026-09-03,2026-09-03-33806210146,energy-4475249393,energy,pv-magazine,publish,ok,,781,146,781,1487,53,195264,127571,67553,2177,373,923,,,,,,,
2026-09-03,2026-09-03-33806210146,energy-6463047160,energy,solar-quarter,publish,ok,,610,78,610,2050,93,131913,89211,42649,1798,240,922,,,,,,,
2026-09-03,2026-09-03-33806210146,business-economy-2405361268,business-economy,quartz,publish,ok,not_prose,36,41,36,80,47,129556,103326,26221,1025,149,0,,,,,,,
2026-09-03,2026-09-03-33806210146,business-economy-9618327738,business-economy,aljazeera-economy,fetch,failed,robots_denied,,,,,,,,,,,,,,,,,,
2026-09-03,2026-09-03-33806210146,business-economy-0223313865,business-economy,bbc-business,publish,ok,,100,62,100,219,48,63060,21801,41207,1137,236,922,,,,,,,
2026-09-03,2026-09-03-33806210146,business-economy-8373589861,business-economy,semafor,publish,ok,,230,69,230,497,23,73901,34124,39766,1257,229,922,,,,,,,
2026-09-03,2026-09-03-33806210146,business-economy-4682213913,business-economy,seekingalpha,fetch,failed,http_client_error,,,,,,,,,,,,,,,,,,
2026-09-03,2026-09-03-33806210146,business-economy-6847371133,business-economy,econbrowser,publish,ok,not_prose,20,30,20,799,14,28301,8299,19993,1002,117,922,,,,,,,
2026-09-03,2026-09-03-33806210146,world-6574652230,world,scmp-news,extract,failed,paywalled,,,,,,,,,,,,,,,,,,
2026-09-03,2026-09-03-33806210146,world-9847932436,world,independent-world,publish,ok,,407,97,407,222,42,101704,58695,42999,1499,244,922,,,,,,,
2026-09-03,2026-09-03-33806210146,world-7808462825,world,guardian-world,publish,ok,,203,70,203,136,37,68540,30902,37629,1226,217,922,,,,,,,
2026-09-03,2026-09-03-33806210146,world-8881500624,world,apnews-world,publish,ok,,490,86,490,185,208,116668,71453,45205,1626,254,922,,,,,,,
2026-09-03,2026-09-03-33806210146,world-3650676863,world,scmp-news,extract,failed,paywalled,,,,,,,,,,,,,,,,,,
2026-09-03,2026-09-03-33806210146,world-4620482749,world,euronews,publish,ok,,257,58,257,587,59,67830,36869,30951,1286,177,922,,,,,,,
2026-09-03,2026-09-03-33806210146,world-0688971372,world,lemonde-en,publish,ok,too_short,35,28,35,1053,115,29019,10377,18633,1021,109,922,,,,,,,
2026-09-03,2026-09-03-33806210146,world-6261916134,world,conversation-africa,publish,ok,,1250,143,1250,652,34,248591,186794,61700,2756,336,923,,,,,,,
2026-09-03,2026-09-03-33806210146,india-9471260401,india,toi-india,publish,ok,,544,75,544,450,105,114697,77141,37544,1682,211,922,,,,,,,
2026-09-03,2026-09-03-33806210146,india-7689382257,india,livemint-companies,publish,ok,,626,73,626,265,33,122938,83544,39292,1745,220,922,,,,,,,
2026-09-03,2026-09-03-33806210146,india-7076568550,india,livemint-companies,publish,ok,,321,73,321,55,27,85601,45043,40499,1365,232,922,,,,,,,
2026-09-03,2026-09-03-33806210146,india-3089584410,india,hindustan-times,publish,ok,,663,63,663,328,58,132614,92007,40595,1826,226,922,,,,,,,
2026-09-03,2026-09-03-33806210146,india-8811348850,india,livemint-markets,publish,ok,,259,72,259,116,32,96032,44812,51159,1364,291,922,,,,,,,
2026-09-03,2026-09-03-33806210146,india-4644163059,india,thehindu-biz,publish,ok,,260,90,260,294,42,99830,45336,54484,1368,310,922,,,,,,,
2026-09-03,2026-09-03-33806210146,india-6671518381,india,thehindu-all,publish,ok,,170,67,170,105,37,65297,28347,36940,1201,211,922,,,,,,,
2026-09-03,2026-09-03-33806210146,india-3414504921,india,toi-top,publish,ok,,728,125,728,116,90,173839,109373,64400,1997,356,923,,,,,,,
2026-09-03,2026-09-03-33806210146,india-7419905405,india,ht-business,publish,ok,,1535,107,1535,94,66,259600,199373,60071,2870,314,923,,,,,,,
2026-09-03,2026-09-03-33806210146,india-0157490647,india,frontline,publish,ok,,963,130,963,426,34,185440,128307,56938,2177,299,923,,,,,,,
2026-09-03,2026-09-03-33806210146,ai-3880784071,ai,fastcompany-tech,publish,ok,,377,69,377,648,69,190695,148688,41964,1486,234,0,,,,,,,
2026-09-03,2026-09-03-33806210146,ai-4421533048,ai,databricks-blog,publish,ok,,1742,102,1742,257,97,372334,319511,52771,3162,270,0,,,,,,,
2026-09-03,2026-09-03-33806210146,ai-7924990453,ai,techcrunch-ai,publish,ok,,231,82,231,348,34,88110,37313,50788,1291,280,922,,,,,,,
2026-09-03,2026-09-03-33806210146,ai-4873293424,ai,guardian-ai,publish,ok,,84,68,84,355,41,52819,15295,37517,1072,206,922,,,,,,,
2026-09-03,2026-09-03-33806210146,energy-4389279131,energy,power-magazine,publish,ok,,821,92,821,452,53,150453,105637,44749,1961,237,923,,,,,,,
2026-09-03,2026-09-03-33806210146,energy-5870794102,energy,oilprice,publish,ok,,1308,119,1308,540,49,248882,182475,66289,2718,354,923,,,,,,,
2026-09-03,2026-09-03-33806210146,energy-4393520976,energy,offshore-wind,publish,ok,not_prose,3,38,3,1321,135,124187,98788,25391,982,144,0,,,,,,,
2026-09-03,2026-09-03-33806210146,energy-2237070538,energy,energy-storage,publish,ok,,927,110,927,551,48,183524,132861,50565,2233,272,923,,,,,,,
2026-09-03,2026-09-03-33806210146,energy-7331312288,energy,cleantechnica,publish,ok,,683,65,683,658,25,156790,111886,44889,2025,246,922,,,,,,,
2026-09-03,2026-09-03-33806210146,business-economy-9490432970,business-economy,business-today-in,publish,ok,not_prose,572,103,572,269,55,172784,120633,52088,2115,284,922,,,,,,,
2026-09-03,2026-09-03-33806210146,business-economy-0453257275,business-economy,npr-business,publish,ok,too_short,53,32,53,679,22,36617,12209,24399,1041,131,922,,,,,,,
2026-09-03,2026-09-03-33806210146,business-economy-3980783346,business-economy,npr-business,publish,ok,,228,70,228,2413,28,75381,35085,40235,1269,223,922,,,,,,,
2026-09-03,2026-09-03-33806210146,business-economy-3781696602,business-economy,bbc-business,publish,ok,,218,78,218,793,69,81707,32776,48921,1245,272,922,,,,,,,
2026-09-03,2026-09-03-33806210146,business-economy-9514939452,business-economy,yahoo-finance,publish,ok,,1090,132,1090,299,73,194443,140997,53355,2318,283,923,,,,,,,
2026-09-03,2026-09-03-33806210146,world-8772089567,world,news18-world,fetch,failed,http_client_error,,,,,,,,,,,,,,,,,,
2026-09-03,2026-09-03-33806210146,world-1990138752,world,abc-au-world,publish,ok,,618,62,618,687,92,123120,86384,36721,1776,202,922,,,,,,,
2026-09-03,2026-09-03-33806210146,world-3970551615,world,bbc-world,publish,ok,,429,83,429,85,48,96428,58243,38134,1495,212,922,,,,,,,
2026-09-03,2026-09-03-33806210146,world-0137004134,world,npr-world,publish,ok,not_prose,46,26,46,187,23,34736,11612,23114,1035,127,922,,,,,,,
2026-09-03,2026-09-03-33806210146,world-0743566995,world,france24,publish,ok,,105,52,105,276,52,46361,17695,28656,1095,159,922,,,,,,,
2026-09-03,2026-09-03-33806210146,world-9315623993,world,france24,publish,ok,,87,41,87,568,51,43622,16769,26844,1087,151,922,,,,,,,
2026-09-03,2026-09-03-33806210146,world-0348844636,world,thehindu-intl,publish,ok,,402,79,402,283,41,103109,58879,44219,1502,241,922,,,,,,,
2026-09-03,2026-09-03-33806210146,world-9125599391,world,dw-world,publish,ok,,905,110,905,29322,38,173559,117881,55588,2087,301,923,,,,,,,
2026-09-03,2026-09-03-33806210146,world-0107879410,world,japan-times,publish,ok,,228,63,228,1572,50,77276,36102,41166,1279,227,922,,,,,,,
2026-09-03,2026-09-03-33806210146,india-7562146764,india,the-hindu-national,publish,ok,,240,58,240,126,40,79040,39734,39298,1314,217,922,,,,,,,
2026-09-03,2026-09-03-33806210146,india-5127418094,india,free-press-journal,publish,ok,,418,65,418,580,21,105523,65898,39613,1572,217,922,,,,,,,
2026-09-03,2026-09-03-33806210146,india-9886335817,india,thehindu-business,publish,ok,,272,89,272,271,35,88172,40221,47942,1318,260,922,,,,,,,
2026-09-03,2026-09-03-33806210146,india-0704990944,india,india-today,publish,ok,,712,97,712,591,82,152930,102161,50663,1933,275,923,,,,,,,
2026-09-03,2026-09-03-33806210146,india-4371465562,india,toi-top,publish,ok,,787,142,787,501,86,170251,107948,61326,1985,329,923,,,,,,,
2026-09-03,2026-09-03-33806210146,india-6674649375,india,india-today,publish,ok,,834,130,834,193,77,202455,129639,72709,2203,379,923,,,,,,,
2026-09-03,2026-09-03-33806210146,india-5007409967,india,hindustan-times,publish,ok,not_prose,53,40,53,369,56,39947,12350,27588,1043,158,922,,,,,,,
2026-09-03,2026-09-03-33806210146,india-3350202817,india,scroll-in,publish,ok,,1115,84,1115,558,38,204575,159338,45179,2494,243,923,,,,,,,
2026-09-03,2026-09-03-33806210146,india-4202693878,india,frontline,publish,ok,,1789,138,1789,194,42,307715,236417,71130,3245,370,923,,,,,,,
2026-09-03,2026-09-03-33806210146,ai-5768268258,ai,aws-ml-blog,publish,ok,,2968,164,2968,230,162,583043,513099,69780,5000,333,0,,,,,,,
2026-09-03,2026-09-03-33806210146,ai-3145460688,ai,techcrunch-ai,publish,ok,,670,92,670,182,42,224992,180870,44109,1798,227,0,,,,,,,
2026-09-03,2026-09-03-33806210146,ai-1586321169,ai,simon-willison,publish,ok,,438,56,438,538,11,119117,78478,40595,1696,211,922,,,,,,,
2026-09-03,2026-09-03-33806210146,ai-1623783796,ai,fastcompany-tech,publish,ok,,998,119,998,568,75,274626,218278,56176,2169,290,0,,,,,,,
2026-09-03,2026-09-03-33806210146,energy-3030604409,energy,heatmap,publish,ok,,3846,148,4087,241,86,670022,605403,64444,5862,296,0,,,,,,,
2026-09-03,2026-09-03-33806210146,energy-9940200253,energy,inside-climate-news,publish,ok,,982,131,982,3684,37,187738,130405,57192,2204,294,923,,,,,,,
2026-09-03,2026-09-03-33806210146,energy-6000175257,energy,modern-power,publish,ok,,322,80,322,519,36,110699,54241,56406,1455,295,922,,,,,,,
2026-09-03,2026-09-03-33806210146,energy-1744931759,energy,solar-quarter,publish,ok,,386,83,386,2154,101,110808,55616,55181,1470,290,922,,,,,,,
2026-09-03,2026-09-03-33806210146,energy-1629289571,energy,cleantechnica,publish,ok,,1079,124,1079,691,30,201487,141282,60007,2315,301,923,,,,,,,
2026-09-03,2026-09-03-33806210146,business-economy-4400023038,business-economy,cna-business,publish,ok,,625,58,625,721,105,123256,85403,37841,1765,203,922,,,,,,,
2026-09-03,2026-09-03-33806210146,business-economy-4930670391,business-economy,aljazeera-economy,fetch,failed,robots_denied,,,,,,,,,,,,,,,,,,
2026-09-03,2026-09-03-33806210146,business-economy-8821018291,business-economy,marginal-revolution,publish,ok,,171,70,171,530,16,64396,25113,39235,1170,212,922,,,,,,,
2026-09-03,2026-09-03-33806210146,business-economy-3572029838,business-economy,guardian-business,publish,ok,,663,81,663,208,66,133498,86785,46701,1779,245,922,,,,,,,
2026-09-03,2026-09-03-33806210146,business-economy-2976467487,business-economy,yahoo-finance,publish,ok,,448,73,448,440,139,110441,64481,45904,1558,241,922,,,,,,,
2026-09-03,2026-09-03-33806210146,world-2403706449,world,elpais-en,publish,ok,,1966,100,1966,631,81,330969,274628,56166,3608,282,923,,,,,,,
2026-09-03,2026-09-03-33806210146,world-2373105023,world,independent-world,publish,ok,,655,74,655,818,41,135436,89095,46330,1802,241,922,,,,,,,
2026-09-03,2026-09-03-33806210146,world-1120657891,world,guardian-world,publish,ok,,1534,95,1534,112,57,256248,206639,49385,2951,248,923,,,,,,,
2026-09-03,2026-09-03-33806210146,world-8094636678,world,africanews,publish,ok,,286,69,286,792,33,88412,42458,45867,1343,247,922,,,,,,,
2026-09-03,2026-09-03-33806210146,world-6273151182,world,mongabay,publish,ok,,485,75,485,195,30,123399,72456,50931,1637,265,922,,,,,,,
2026-09-03,2026-09-03-33806210146,world-2833556604,world,bbc-world,publish,ok,,87,57,87,555,50,55349,17427,37856,1093,204,922,,,,,,,
2026-09-03,2026-09-03-33806210146,world-9970814233,world,elpais-en,publish,ok,,1279,112,1279,112,74,238864,177422,61247,2669,315,923,,,,,,,
2026-09-03,2026-09-03-33806210146,world-4085464783,world,anadolu-world,publish,ok,,684,74,684,5054,244,157825,107808,50003,1985,259,922,,,,,,,
2026-09-03,2026-09-03-33806210146,world-9416104239,world,japan-times,publish,ok,,97,66,97,1535,48,55336,17416,37868,1092,205,922,,,,,,,
2026-09-03,2026-09-03-33806210146,india-6881401009,india,the-hindu-national,publish,ok,,429,87,429,849,54,127232,69294,57926,1605,294,922,,,,,,,
2026-09-03,2026-09-03-33806210146,india-6568418778,india,livemint,publish,ok,,468,95,468,343,33,129455,67445,61941,1587,324,922,,,,,,,
2026-09-03,2026-09-03-33806210146,india-1415779258,india,economic-times,publish,ok,,588,66,588,403,83,126319,86224,40025,1773,212,922,,,,,,,
2026-09-03,2026-09-03-33806210146,india-9726796412,india,deccan-chronicle,publish,ok,,463,87,463,2145,50,135214,79323,55764,1703,294,922,,,,,,,
2026-09-03,2026-09-03-33806210146,india-7936102187,india,free-press-journal,publish,ok,,221,70,221,475,19,79091,35475,43516,1272,233,922,,,,,,,
2026-09-03,2026-09-03-33806210146,india-8830569869,india,thehindu-all,publish,ok,,643,71,643,118,46,132608,87649,44946,1789,234,922,,,,,,,
2026-09-03,2026-09-03-33806210146,india-6460484050,india,dna-india,publish,ok,,343,59,343,2036,89,80982,49491,31431,1412,173,922,,,,,,,
2026-09-03,2026-09-03-33806210146,india-6592845072,india,the-federal,publish,ok,,496,63,496,1687,85,127438,82612,44813,1737,236,922,,,,,,,
2026-09-03,2026-09-03-33806210146,india-6205625154,india,dna-india,publish,ok,,689,67,689,980,95,142122,98590,43421,1893,220,922,,,,,,,
2026-09-04,2026-09-04-33847976061,ai-7001612642,ai,nvidia-technical-blog,publish,ok,,2244,187,2244,1628,52,366831,293473,73231,3739,369,0,,,,,,,
2026-09-04,2026-09-04-33847976061,ai-6190990721,ai,bbc-tech,publish,ok,,1044,112,1044,272,54,243398,179874,63452,2387,340,0,,,,,,,
2026-09-04,2026-09-04-33847976061,ai-3439898620,ai,techcrunch-ai,publish,ok,,165,63,165,323,32,125402,88708,36655,1203,216,0,,,,,,,
2026-09-04,2026-09-04-33847976061,ai-0379396475,ai,fastcompany-tech,publish,ok,,292,79,292,436,59,76565,30753,45804,1340,271,922,,,,,,,
2026-09-04,2026-09-04-33847976061,energy-8216616997,energy,oilprice,publish,ok,,308,62,308,498,47,69962,32588,37364,1360,218,922,,,,,,,
2026-09-04,2026-09-04-33847976061,energy-9386275916,energy,offshore-wind,publish,ok,,320,83,320,371,23,75923,34585,41329,1382,240,922,,,,,,,
2026-09-04,2026-09-04-33847976061,energy-1378633536,energy,latitude-media,publish,ok,,1143,115,1143,354,28,163464,110916,52488,2366,278,923,,,,,,,
2026-09-04,2026-09-04-33847976061,energy-3550968126,energy,cleantechnica,publish,ok,,549,80,549,546,22,96676,55033,41631,1657,240,922,,,,,,,
2026-09-04,2026-09-04-33847976061,business-economy-7828484793,business-economy,aljazeera-economy,fetch,failed,robots_denied,,,,,,,,,,,,,,,,,,
2026-09-04,2026-09-04-33847976061,business-economy-1722072713,business-economy,seekingalpha,fetch,failed,http_client_error,,,,,,,,,,,,,,,,,,
2026-09-04,2026-09-04-33847976061,business-economy-3050787082,business-economy,aljazeera-economy,fetch,failed,robots_denied,,,,,,,,,,,,,,,,,,
2026-09-04,2026-09-04-33847976061,business-economy-2110654171,business-economy,marginal-revolution,publish,ok,,347,61,347,472,13,72788,36207,36531,1396,209,922,,,,,,,
2026-09-04,2026-09-04-33847976061,business-economy-7119506056,business-economy,econbrowser,publish,ok,not_prose,41,37,41,728,112,103548,77473,26068,1041,156,0,,,,,,,
2026-09-04,2026-09-04-33847976061,world-0937282411,world,cna-world,publish,ok,,251,73,251,996,99,61505,27306,34188,1284,199,922,,,,,,,
2026-09-04,2026-09-04-33847976061,world-4014277721,world,scmp-news,extract,failed,paywalled,,,,,,,,,,,,,,,,,,
2026-09-04,2026-09-04-33847976061,world-5636785742,world,independent-world,publish,ok,,1555,108,1555,430,65,207113,156565,50462,2957,268,923,,,,,,,
2026-09-04,2026-09-04-33847976061,world-8450397286,world,thehindu-intl,publish,ok,,504,58,504,543,37,92678,55829,36838,1665,209,922,,,,,,,
2026-09-04,2026-09-04-33847976061,world-4164429253,world,japan-times,publish,ok,,97,73,97,1372,42,46696,12416,34272,1083,200,922,,,,,,,
2026-09-04,2026-09-04-33847976061,world-0885533863,world,africanews,publish,ok,,575,71,575,553,30,97490,59635,37842,1711,213,922,,,,,,,
2026-09-04,2026-09-04-33847976061,world-3872138864,world,npr-world,publish,ok,,307,73,307,570,22,80245,36351,43846,1398,254,922,,,,,,,
2026-09-04,2026-09-04-33847976061,world-9008710132,world,anadolu-world,publish,ok,,155,64,155,3827,80,57728,20670,37050,1199,217,922,,,,,,,
2026-09-04,2026-09-04-33847976061,world-7408684573,world,elpais-en,publish,ok,,1563,105,1563,514,62,215141,154994,59997,2969,303,923,,,,,,,
2026-09-04,2026-09-04-33847976061,india-7443229546,india,the-hindu-national,publish,ok,,314,71,314,189,34,78809,36618,42182,1410,241,922,,,,,,,
2026-09-04,2026-09-04-33847976061,india-9967912001,india,economic-times,publish,ok,,577,73,577,442,69,119792,70350,49433,1859,280,922,,,,,,,
2026-09-04,2026-09-04-33847976061,india-1111242261,india,thehindu-business,publish,ok,,254,70,254,412,31,69070,29628,39346,1318,231,922,,,,,,,
2026-09-04,2026-09-04-33847976061,india-7191275063,india,free-press-journal,publish,ok,,75,54,75,454,18,45031,13706,31317,1106,186,922,,,,,,,
2026-09-04,2026-09-04-33847976061,india-3198005206,india,livemint-companies,publish,ok,,769,98,769,290,28,138409,86197,52114,1967,247,923,,,,,,,
2026-09-04,2026-09-04-33847976061,india-2985965818,india,livemint,publish,ok,,655,58,655,191,29,102899,70608,32279,1865,181,922,,,,,,,
2026-09-04,2026-09-04-33847976061,india-1526801336,india,india-today,publish,ok,,706,99,706,389,62,134410,85861,48475,1937,259,923,,,,,,,
2026-09-04,2026-09-04-33847976061,india-1422808150,india,thehindu-biz,publish,ok,,326,67,326,79,35,82018,38702,43253,1429,248,922,,,,,,,
2026-09-04,2026-09-04-33847976061,india-7577859964,india,the-quint,publish,ok,,479,63,479,528,65,88740,54466,34264,1628,191,922,,,,,,,
2026-09-04,2026-09-04-33847976061,india-8082637745,india,et-default,publish,ok,,651,73,651,283,68,129550,82619,46920,2037,262,922,,,,,,,
2026-09-04,2026-09-04-33847976061,india-4641360649,india,ht-business,publish,ok,,341,70,341,408,50,83738,42702,40988,1509,234,922,,,,,,,
2026-09-04,2026-09-04-33847976061,ai-2397300848,ai,aws-ml-blog,publish,ok,,2480,101,2480,302,137,442176,394047,47952,3890,249,0,,,,,,,
2026-09-04,2026-09-04-33847976061,ai-2708139827,ai,aws-ml-blog,publish,ok,,2627,154,2627,143,149,410285,344467,65643,4295,336,924,,,,,,,
2026-09-04,2026-09-04-33847976061,ai-0389278383,ai,bbc-tech,publish,ok,too_short,53,42,53,296,55,130103,103375,26720,1038,157,0,,,,,,,
2026-09-04,2026-09-04-33847976061,ai-1288128409,ai,guardian-ai,publish,ok,not_prose,122,38,122,261,44,49683,23782,25891,1156,153,922,,,,,,,
2026-09-04,2026-09-04-33847976061,energy-4762760430,energy,electrek,publish,ok,,1379,119,1379,348,42,322145,269106,52969,2683,289,0,,,,,,,
2026-09-04,2026-09-04-33847976061,energy-4419017798,energy,solar-quarter,publish,ok,,759,121,759,2720,105,164617,102619,61949,1942,347,923,,,,,,,
2026-09-04,2026-09-04-33847976061,energy-7269564866,energy,energy-storage,publish,ok,,762,118,762,763,52,171563,114451,57015,2058,319,923,,,,,,,
2026-09-04,2026-09-04-33847976061,energy-9906799368,energy,power-magazine,publish,ok,,763,100,763,319,51,161257,109516,51673,2011,290,923,,,,,,,
2026-09-04,2026-09-04-33847976061,business-economy-0674399921,business-economy,business-today-in,publish,ok,,97,55,97,239,95,141977,109119,32821,1096,193,0,,,,,,,
2026-09-04,2026-09-04-33847976061,business-economy-9724732119,business-economy,semafor,publish,ok,,119,71,119,576,24,57187,20967,36210,1128,213,922,,,,,,,
2026-09-04,2026-09-04-33847976061,business-economy-0199653280,business-economy,guardian-business,publish,ok,,1039,116,1039,140,195,207492,150546,56822,2413,313,923,,,,,,,
2026-09-04,2026-09-04-33847976061,business-economy-9055727636,business-economy,marginal-revolution,publish,ok,,143,64,143,222,13,64847,26738,38100,1187,223,922,,,,,,,
2026-09-04,2026-09-04-33847976061,business-economy-6842443796,business-economy,yahoo-finance,publish,ok,,474,72,474,584,78,113928,74904,39013,1665,223,922,,,,,,,
2026-09-04,2026-09-04-33847976061,world-7657859971,world,france24,publish,ok,,774,98,774,763,55,152787,103448,49249,1950,276,923,,,,,,,
2026-09-04,2026-09-04-33847976061,world-1617601235,world,news18-world,fetch,failed,http_client_error,,,,,,,,,,,,,,,,,,
2026-09-04,2026-09-04-33847976061,world-2373239759,world,abc-au-world,publish,ok,,73,51,73,364,64,42171,14771,27353,1066,161,922,,,,,,,
2026-09-04,2026-09-04-33847976061,world-9279691885,world,guardian-world,publish,ok,,414,69,414,152,58,100679,61200,39470,1530,225,922,,,,,,,
2026-09-04,2026-09-04-33847976061,world-2109200596,world,thehindu-intl,publish,ok,,246,81,246,270,40,84859,40377,44473,1322,257,922,,,,,,,
2026-09-04,2026-09-04-33847976061,world-0452818697,world,apnews-world,publish,ok,,391,61,391,88,213,96261,60124,36125,1519,208,922,,,,,,,
2026-09-04,2026-09-04-33847976061,world-7652948187,world,mongabay,publish,ok,,486,72,486,713,27,113105,73732,39364,1653,221,922,,,,,,,
2026-09-04,2026-09-04-33847976061,world-9690786129,world,lemonde-en,publish,ok,too_short,35,27,35,1087,6,29876,10261,19605,1020,116,922,,,,,,,
2026-09-04,2026-09-04-33847976061,world-9045863728,world,elpais-en,publish,ok,,612,242,612,465,68,163307,77684,85607,1693,485,922,,,,,,,
2026-09-04,2026-09-04-33847976061,world-9681926059,world,dw-world,publish,ok,,1001,95,1001,21950,37,181443,134794,46577,2259,258,923,,,,,,,
2026-09-04,2026-09-04-33847976061,india-9597243291,india,thehindu-all,publish,ok,,290,72,290,114,40,88174,45432,42685,1373,246,922,,,,,,,
2026-09-04,2026-09-04-33847976061,india-8579502402,india,economic-times,publish,ok,,660,85,660,345,80,158265,105558,52695,1970,296,922,,,,,,,
2026-09-04,2026-09-04-33847976061,india-9817045670,india,free-press-journal,publish,ok,,342,48,342,373,22,81139,48244,32804,1401,190,922,,,,,,,
2026-09-04,2026-09-04-33847976061,india-1440302056,india,livemint-markets,publish,ok,,760,86,760,369,36,157077,111318,45641,2018,257,923,,,,,,,
2026-09-04,2026-09-04-33847976061,india-6924252764,india,toi-top,publish,ok,,989,101,989,431,101,175574,129667,45782,2207,253,923,,,,,,,
2026-09-04,2026-09-04-33847976061,india-9262543598,india,livemint-companies,extract,failed,paywalled,,,,,,,,,,,,,,,,,,
2026-09-04,2026-09-04-33847976061,india-1832323081,india,the-federal,publish,ok,,589,53,589,639,84,126109,90055,36043,1815,205,922,,,,,,,
2026-09-04,2026-09-04-33847976061,india-3506533601,india,toi-top,publish,ok,,148,56,148,41,106,57524,24562,32913,1167,193,922,,,,,,,
2026-09-04,2026-09-04-33847976061,india-0910037585,india,dna-india,publish,ok,,289,65,289,1992,83,79186,43841,35336,1359,205,922,,,,,,,
2026-09-04,2026-09-04-33847976061,india-7649271388,india,scroll-in,publish,ok,,396,56,396,413,33,86167,55670,30488,1473,176,922,,,,,,,
2026-09-04,2026-09-04-33847976061,india-2404852158,india,frontline,publish,ok,,1566,79,1566,749,38,251272,210822,40283,3001,217,923,,,,,,,
2026-09-04,2026-09-04-33847976061,ai-1114786553,ai,wired-ai,publish,ok,,419,59,419,412,131,197803,157890,39869,1552,222,0,,,,,,,
2026-09-04,2026-09-04-33847976061,ai-1421787997,ai,simon-willison,publish,ok,not_prose,144,35,144,315,8,51987,27294,24638,1187,138,922,,,,,,,
2026-09-04,2026-09-04-33847976061,ai-7458287254,ai,guardian-ai,publish,ok,,1423,102,1423,627,70,350303,299631,50589,2918,270,0,,,,,,,
2026-09-04,2026-09-04-33847976061,ai-8450259707,ai,fastcompany-tech,publish,ok,,614,61,614,993,67,120400,82534,37811,1727,205,922,,,,,,,
2026-09-04,2026-09-04-33847976061,energy-6229415260,energy,solar-quarter,publish,ok,,497,74,497,2103,95,128288,76052,52159,1663,281,922,,,,,,,
2026-09-04,2026-09-04-33847976061,energy-4004361729,energy,pv-magazine,publish,ok,,745,104,745,1373,56,167329,109995,57258,1992,305,923,,,,,,,
2026-09-04,2026-09-04-33847976061,energy-3912198391,energy,energy-storage,publish,ok,,1003,117,1003,1963,53,245256,169057,76112,2563,409,923,,,,,,,
2026-09-04,2026-09-04-33847976061,energy-3978276745,energy,offshore-wind,publish,ok,,310,79,310,593,40,103240,50857,52331,1416,290,922,,,,,,,
2026-09-04,2026-09-04-33847976061,business-economy-9831822765,business-economy,business-today-in,publish,ok,,101,60,101,361,100,52885,20774,32103,1124,181,922,,,,,,,
2026-09-04,2026-09-04-33847976061,business-economy-6080017756,business-economy,cna-business,publish,ok,,266,73,266,772,103,83694,39307,44377,1306,249,922,,,,,,,
2026-09-04,2026-09-04-33847976061,business-economy-5880214833,business-economy,bbc-business,publish,ok,,428,66,428,125,55,111084,65485,45586,1560,254,922,,,,,,,
2026-09-04,2026-09-04-33847976061,business-economy-9881426331,business-economy,guardian-business,publish,ok,,556,71,556,177,44,122806,79190,43605,1694,243,922,,,,,,,
2026-09-04,2026-09-04-33847976061,business-economy-2710819135,business-economy,yahoo-finance,publish,ok,,597,99,597,346,64,131119,82567,48435,1727,270,922,,,,,,,
2026-09-04,2026-09-04-33847976061,world-3817942402,world,france24,publish,ok,,692,75,692,1305,53,139221,97571,41591,1874,229,922,,,,,,,
2026-09-04,2026-09-04-33847976061,world-1392613850,world,scmp-news,extract,failed,paywalled,,,,,,,,,,,,,,,,,,
2026-09-04,2026-09-04-33847976061,world-2214026897,world,euronews,publish,ok,,931,85,931,592,71,177447,129312,47973,2177,261,923,,,,,,,
2026-09-04,2026-09-04-33847976061,world-2147367272,world,euronews,publish,ok,,556,55,556,285,66,113294,78919,34312,1692,188,922,,,,,,,
2026-09-04,2026-09-04-33847976061,world-0983277479,world,abc-au-world,publish,ok,,893,108,893,442,83,173367,119789,53487,2089,291,923,,,,,,,
2026-09-04,2026-09-04-33847976061,world-8390501170,world,lemonde-en,publish,ok,too_short,35,32,35,1719,135,125865,103955,21902,1022,123,0,,,,,,,
2026-09-04,2026-09-04-33847976061,world-8338790550,world,apnews-world,publish,ok,,907,119,907,153,236,183852,129166,54600,2178,294,923,,,,,,,
2026-09-04,2026-09-04-33847976061,world-6302897952,world,conversation-world,publish,ok,,1181,125,1181,258,55,220599,166738,53728,2540,279,923,,,,,,,
2026-09-04,2026-09-04-33847976061,world-4931187464,world,mongabay,publish,ok,,1676,130,1676,624,38,311846,241750,69919,3264,365,923,,,,,,,
2026-09-04,2026-09-04-33847976061,world-2773232241,world,global-voices,publish,ok,,822,149,822,3140,49,188178,124194,63781,2130,347,923,,,,,,,
2026-09-04,2026-09-04-33847976061,india-4151952742,india,toi-india,publish,ok,,416,54,416,413,99,101438,70043,31384,1604,179,922,,,,,,,
2026-09-04,2026-09-04-33847976061,india-0255075036,india,deccan-chronicle,publish,ok,,940,103,940,2697,52,184817,130463,54160,2191,294,923,,,,,,,
2026-09-04,2026-09-04-33847976061,india-0085157801,india,ht-business,publish,ok,,806,93,806,221,70,177241,121009,56069,2098,306,923,,,,,,,
2026-09-04,2026-09-04-33847976061,india-4213095420,india,deccan-chronicle,publish,ok,,325,75,325,1167,42,98384,54718,43656,1455,244,922,,,,,,,
2026-09-04,2026-09-04-33847976061,india-3073704034,india,livemint,publish,ok,,311,61,311,217,56,107102,59199,47893,1500,262,922,,,,,,,
2026-09-04,2026-09-04-33847976061,india-5933659239,india,mongabay-india,publish,ok,,423,92,423,371,27,107305,59487,47807,1501,264,922,,,,,,,
2026-09-04,2026-09-04-33847976061,india-7414336006,india,livemint-markets,publish,ok,,364,62,364,51,37,107805,62854,44941,1534,256,922,,,,,,,
2026-09-04,2026-09-04-33847976061,india-8573481253,india,hindustan-times,publish,ok,,399,74,399,403,56,101467,59017,42440,1495,236,922,,,,,,,
2026-09-04,2026-09-04-33847976061,india-2996318817,india,scroll-in,publish,ok,,316,92,316,327,33,107143,49838,57294,1410,319,922,,,,,,,
2026-09-04,2026-09-04-33847976061,india-6059672958,india,newslaundry,publish,ok,,2268,152,2268,493,80,489659,422096,67362,4095,351,0,,,,,,,
2026-09-04,2026-09-04-33847976061,india-8366858079,india,frontline,publish,ok,,1471,120,1471,385,38,272051,219001,52863,3045,281,923,,,,,,,
2026-09-04,2026-09-04-33847976061,ai-7412573734,ai,databricks-blog,publish,ok,,1393,115,1393,318,109,316887,268253,48583,2637,267,0,,,,,,,
2026-09-04,2026-09-04-33847976061,ai-2643072056,ai,techcrunch-ai,publish,ok,,964,116,964,301,41,179024,128394,50569,2183,283,923,,,,,,,
2026-09-04,2026-09-04-33847976061,ai-8379808174,ai,wired-ai,publish,ok,,3846,168,5318,608,154,684587,605550,78865,5852,395,0,,,,,,,
2026-09-04,2026-09-04-33847976061,energy-0435907327,energy,electrek,publish,ok,,861,109,861,335,34,177049,125188,51805,2149,285,923,,,,,,,
2026-09-04,2026-09-04-33847976061,energy-2912225871,energy,pv-magazine,publish,ok,,404,59,404,1087,50,198635,155963,42662,1538,244,0,,,,,,,
2026-09-04,2026-09-04-33847976061,energy-4416120480,energy,oilprice,publish,ok,,313,63,313,452,49,85987,46033,39942,1373,232,922,,,,,,,
2026-09-04,2026-09-04-33847976061,energy-8978921841,energy,power-magazine,publish,ok,,2182,131,2182,285,61,442547,379549,62799,3703,335,0,,,,,,,
2026-09-04,2026-09-04-33847976061,energy-8523601250,energy,cleantechnica,publish,ok,,1298,116,1298,572,31,226670,177816,48721,2660,264,923,,,,,,,
2026-09-04,2026-09-04-33847976061,business-economy-6144104898,business-economy,cna-business,publish,ok,,84,67,84,754,92,51897,16421,35468,1082,209,922,,,,,,,
2026-09-04,2026-09-04-33847976061,business-economy-2127335400,business-economy,seekingalpha,fetch,failed,http_client_error,,,,,,,,,,,,,,,,,,
2026-09-04,2026-09-04-33847976061,business-economy-2632571578,business-economy,bbc-business,publish,ok,,981,110,981,77,60,187171,134551,52518,2242,292,923,,,,,,,
2026-09-04,2026-09-04-33847976061,business-economy-7901720432,business-economy,semafor,publish,ok,,282,50,282,631,23,76232,43817,32403,1353,187,922,,,,,,,
2026-09-04,2026-09-04-33847976061,world-5338375531,world,japan-times,publish,ok,,128,59,128,1205,49,53953,21199,32745,1129,192,922,,,,,,,
2026-09-04,2026-09-04-33847976061,world-8772089567,world,news18-world,fetch,failed,http_client_error,,,,,,,,,,,,,,,,,,
2026-09-04,2026-09-04-33847976061,world-6773640809,world,guardian-world,publish,ok,,2491,142,2491,939,288,400494,344489,55830,4270,302,924,,,,,,,
2026-09-04,2026-09-04-33847976061,world-2241703635,world,independent-world,publish,ok,,398,66,398,602,44,103025,60321,42695,1512,244,922,,,,,,,
2026-09-04,2026-09-04-33847976061,world-9055928193,world,africanews,publish,ok,,333,90,333,687,32,91704,48193,43502,1396,252,922,,,,,,,
2026-09-04,2026-09-04-33847976061,world-3183202841,world,cna-world,publish,ok,,418,56,418,465,100,99893,63184,36699,1541,212,922,,,,,,,
2026-09-04,2026-09-04-33847976061,world-3025679663,world,npr-world,publish,ok,,1003,106,1003,1252,33,191562,136865,54583,2267,301,923,,,,,,,
2026-09-04,2026-09-04-33847976061,world-8752124780,world,anadolu-world,publish,ok,,395,88,395,3971,84,109227,57058,52157,1480,299,922,,,,,,,
2026-09-04,2026-09-04-33847976061,world-2479380590,world,conversation-world,publish,ok,,862,118,862,868,35,169662,118517,51040,2086,283,923,,,,,,,
2026-09-04,2026-09-04-33847976061,world-4647836062,world,dw-world,publish,ok,,1068,113,1068,22581,37,196069,144433,51461,2325,284,923,,,,,,,
2026-09-04,2026-09-04-33847976061,india-5823774363,india,the-hindu-national,publish,ok,,402,62,402,344,39,96456,59167,37278,1503,215,922,,,,,,,
2026-09-04,2026-09-04-33847976061,india-0460022501,india,toi-india,publish,ok,,168,66,168,453,100,67916,30300,37609,1218,217,922,,,,,,,
2026-09-04,2026-09-04-33847976061,india-9435862744,india,thehindu-biz,publish,ok,,360,72,360,130,51,92822,52454,40359,1438,232,922,,,,,,,
2026-09-04,2026-09-04-33847976061,india-3932110676,india,thehindu-business,publish,ok,,923,134,923,461,39,191829,126707,65036,2167,353,923,,,,,,,
2026-09-04,2026-09-04-33847976061,india-7712984108,india,the-federal,publish,ok,,752,115,752,643,76,157186,107327,49764,1978,278,923,,,,,,,
2026-09-04,2026-09-04-33847976061,india-3482102145,india,hindustan-times,publish,ok,,577,84,577,364,60,127582,82611,44960,1735,252,926,,,,,,,
2026-09-04,2026-09-04-33847976061,india-0072484416,india,thehindu-all,publish,ok,,863,120,863,86,43,181836,122595,59088,2130,324,923,,,,,,,
2026-09-04,2026-09-04-33847976061,india-4500521737,india,india-today,publish,ok,,641,67,641,1383,68,134004,92215,41741,1823,232,922,,,,,,,
2026-09-04,2026-09-04-33847976061,india-0356849215,india,dna-india,publish,ok,,427,51,427,1930,84,96338,61767,34518,1526,191,922,,,,,,,
2026-09-04,2026-09-04-33847976061,india-4421783217,india,et-default,publish,ok,,385,62,385,312,77,116624,69629,46986,1603,261,922,,,,,,,
2026-09-04,2026-09-04-33847976061,india-2896873266,india,newslaundry,publish,ok,,199,59,199,464,60,65930,31806,34115,1234,192,922,,,,,,,
2026-09-04,2026-09-04-33867681672,ai-4995929779,ai,rest-of-world,publish,ok,,920,88,920,683,121,130187,51884,77598,2195,291,0,,,,,,,
2026-09-04,2026-09-04-33867681672,ai-2331133966,ai,techcrunch-ai,publish,ok,,1177,119,1177,203,34,111802,37139,74436,2452,278,923,,,,,,,
2026-09-04,2026-09-04-33867681672,energy-8872170881,energy,energy-storage,publish,ok,,1883,129,1883,992,40,158015,69307,88608,3761,324,923,,,,,,,
2026-09-04,2026-09-04-33867681672,energy-6427111002,energy,energy-storage,publish,ok,,556,82,556,369,42,109795,40628,69079,1735,264,0,,,,,,,
2026-09-04,2026-09-04-33867681672,energy-8784569566,energy,oilprice,publish,ok,,390,64,390,932,45,71912,14643,57173,1513,218,922,,,,,,,
2026-09-04,2026-09-04-33867681672,energy-5260897148,energy,offshore-wind,publish,ok,,219,75,219,1561,22,73480,9542,63928,1296,243,922,,,,,,,
2026-09-04,2026-09-04-33867681672,energy-7113080617,energy,canary-media,publish,ok,,470,87,470,476,90,84623,16036,68578,1566,263,922,,,,,,,
2026-09-04,2026-09-04-33867681672,energy-1600447406,energy,cleantechnica,publish,ok,,317,76,317,922,18,73925,9983,63934,1351,246,922,,,,,,,
2026-09-04,2026-09-04-33867681672,business-economy-9030565292,business-economy,guardian-business,publish,ok,,1155,98,1155,642,45,99955,35456,64351,2398,244,923,,,,,,,
2026-09-04,2026-09-04-33867681672,business-economy-1221611282,business-economy,cna-business,publish,ok,,262,97,262,1176,83,77967,11058,66902,1351,256,922,,,,,,,
2026-09-04,2026-09-04-33867681672,business-economy-8013131599,business-economy,bbc-business,publish,ok,,420,114,420,399,44,98295,15541,82745,1532,315,922,,,,,,,
2026-09-04,2026-09-04-33867681672,business-economy-3239514095,business-economy,quartz,publish,ok,,3477,173,3477,365,72,267950,142472,125312,5577,437,0,,,,,,,
2026-09-04,2026-09-04-33867681672,business-economy-7640939444,business-economy,marginal-revolution,publish,ok,,62,45,62,515,13,40032,4104,35921,1072,140,922,,,,,,,
2026-09-04,2026-09-04-33867681672,world-6413840872,world,news18-world,fetch,failed,http_client_error,,,,,,,,,,,,,,,,,,
2026-09-04,2026-09-04-33867681672,world-4667904562,world,guardian-world,publish,ok,,2070,155,2070,392,201,174541,88378,85806,3600,308,0,,,,,,,
2026-09-04,2026-09-04-33867681672,world-1776783469,world,dw-world,publish,ok,,982,128,982,3368,37,117708,31506,86045,2259,323,923,,,,,,,
2026-09-04,2026-09-04-33867681672,world-3033224481,world,lemonde-en,publish,ok,too_short,35,30,35,1470,4,54249,23665,30567,1022,116,0,,,,,,,
2026-09-04,2026-09-04-33867681672,world-3269625580,world,japan-times,publish,ok,,248,61,248,1675,44,69880,9448,60424,1306,233,922,,,,,,,
2026-09-04,2026-09-04-33867681672,world-9424879632,world,anadolu-world,publish,ok,not_prose,14,40,14,3878,47,39436,2620,36809,993,142,922,,,,,,,
2026-09-04,2026-09-04-33867681672,world-4226191563,world,bbc-world,publish,ok,,1226,103,1226,36,53,103467,40009,63299,2545,234,923,,,,,,,
2026-09-04,2026-09-04-33867681672,world-5995801476,world,elpais-en,publish,ok,,770,130,770,723,53,108608,26505,81967,2008,312,923,,,,,,,
2026-09-04,2026-09-04-33867681672,world-5219086319,world,mongabay,publish,ok,,1480,143,1480,575,33,156469,57334,98888,3270,361,923,,,,,,,
2026-09-04,2026-09-04-33867681672,india-2157867616,india,the-hindu-national,publish,ok,,280,63,280,1231,35,66693,10116,56569,1346,217,922,,,,,,,
2026-09-04,2026-09-04-33867681672,india-6272435445,india,economic-times,publish,ok,,759,111,759,555,68,121123,28904,92038,2081,345,923,,,,,,,
2026-09-04,2026-09-04-33867681672,india-2571211101,india,free-press-journal,publish,ok,,257,60,257,761,16,68310,10988,57313,1402,223,922,,,,,,,
2026-09-04,2026-09-04-33867681672,india-0678791989,india,deccan-chronicle,publish,ok,,416,83,416,5965,35,70773,13717,57047,1479,221,922,,,,,,,
2026-09-04,2026-09-04-33867681672,india-4963269130,india,mongabay-india,publish,ok,,1689,86,1689,447,32,130442,64468,65787,3521,240,923,,,,,,,
2026-09-04,2026-09-04-33867681672,india-7617201456,india,livemint-companies,publish,ok,,633,51,633,381,26,72115,21462,50643,1807,194,922,,,,,,,
2026-09-04,2026-09-04-33867681672,india-0965260478,india,livemint,publish,ok,,899,132,899,119,31,113179,30001,83008,2158,312,923,,,,,,,
2026-09-04,2026-09-04-33867681672,india-7319194506,india,hindustan-times,publish,ok,,666,71,666,649,49,85917,21685,64086,1837,246,922,,,,,,,
2026-09-04,2026-09-04-33867681672,india-2758006376,india,scroll-in,publish,ok,,512,77,512,437,30,88086,18785,69144,1703,262,922,,,,,,,
2026-09-04,2026-09-04-33867681672,india-7788449356,india,the-quint,publish,ok,,1254,102,1254,487,56,113369,43064,70136,2681,259,923,,,,,,,
2026-09-04,2026-09-04-33867681672,india-8437265096,india,newslaundry,publish,ok,,727,110,727,683,52,102696,24730,77796,1933,294,923,,,,,,,
2026-09-04,2026-09-04-33867681672,ai-5459444128,ai,oreilly-radar,publish,ok,,2796,86,2796,687,63,528866,487493,41193,4762,205,0,,,,,,,
2026-09-04,2026-09-04-33867681672,ai-8765530497,ai,bbc-tech,publish,ok,,587,55,587,231,63,204167,168582,35544,1679,192,0,,,,,,,
2026-09-04,2026-09-04-33867681672,ai-5677831279,ai,guardian-ai,publish,ok,,80,54,80,181,43,44681,15761,28910,1076,162,922,,,,,,,
2026-09-04,2026-09-04-33867681672,energy-3578638136,energy,pv-magazine,publish,ok,,600,68,600,974,55,147867,95103,52752,1858,270,922,,,,,,,
2026-09-04,2026-09-04-33867681672,energy-7538864795,energy,carbon-brief,publish,ok,,1083,129,1083,785,37,309071,246957,62061,2460,339,0,,,,,,,
2026-09-04,2026-09-04-33867681672,energy-5104275787,energy,inside-climate-news,publish,ok,,1239,103,1239,660,41,217335,166857,50426,2571,277,923,,,,,,,
2026-09-04,2026-09-04-33867681672,energy-6700516542,energy,energymonitor,publish,ok,,331,67,331,181,37,102944,54369,48524,1455,255,922,,,,,,,
2026-09-04,2026-09-04-33867681672,energy-5760409845,energy,cleantechnica,publish,ok,,786,123,786,377,29,164978,109124,55724,2001,311,923,,,,,,,
2026-09-04,2026-09-04-33867681672,business-economy-5865485849,business-economy,cna-business,publish,ok,,865,141,865,871,108,171870,117599,54168,2081,302,923,,,,,,,
2026-09-04,2026-09-04-33867681672,business-economy-4393330122,business-economy,business-today-in,publish,ok,,105,58,105,254,98,59411,21358,38043,1130,204,922,,,,,,,
2026-09-04,2026-09-04-33867681672,business-economy-3571169627,business-economy,aljazeera-economy,fetch,failed,robots_denied,,,,,,,,,,,,,,,,,,
2026-09-04,2026-09-04-33867681672,business-economy-5024178366,business-economy,aljazeera-economy,fetch,failed,robots_denied,,,,,,,,,,,,,,,,,,
2026-09-04,2026-09-04-33867681672,business-economy-4746622219,business-economy,npr-business,publish,ok,,592,56,592,830,39,119880,81335,38535,1720,198,922,,,,,,,
2026-09-04,2026-09-04-33867681672,world-8060199439,world,scmp-news,extract,failed,paywalled,,,,,,,,,,,,,,,,,,
2026-09-04,2026-09-04-33867681672,world-7438304722,world,euronews,publish,ok,,727,106,727,817,68,148774,99277,49445,1906,278,923,,,,,,,
2026-09-04,2026-09-04-33867681672,world-3865878696,world,independent-world,publish,ok,,483,90,483,369,46,120481,68267,52165,1593,267,922,,,,,,,
2026-09-04,2026-09-04-33867681672,world-3173113794,world,independent-world,publish,ok,,625,75,625,81,47,130411,86135,44263,1768,230,922,,,,,,,
2026-09-04,2026-09-04-33867681672,world-7482110705,world,lemonde-en,publish,ok,too_short,35,39,35,1156,132,125799,101956,23834,1015,133,0,,,,,,,
2026-09-04,2026-09-04-33867681672,world-2043532465,world,france24,publish,ok,,563,75,563,673,59,134317,82799,51449,1736,270,922,,,,,,,
2026-09-04,2026-09-04-33867681672,world-7222262442,world,abc-au-world,publish,ok,,70,70,70,778,66,48434,14283,34068,1061,191,922,,,,,,,
2026-09-04,2026-09-04-33867681672,world-7902620393,world,apnews-world,publish,ok,,380,55,380,109,241,99202,59284,39907,1506,221,922,,,,,,,
2026-09-04,2026-09-04-33867681672,world-1518273566,world,conversation-world,publish,ok,,955,130,955,414,32,182964,126355,56482,2172,315,923,,,,,,,
2026-09-04,2026-09-04-33867681672,world-7388343140,world,conversation-world,publish,ok,,732,103,732,59,32,144447,100530,43770,1919,245,923,,,,,,,
2026-09-04,2026-09-04-33867681672,india-9433648368,india,toi-india,publish,ok,,923,98,923,540,101,182070,136364,45447,2268,251,923,,,,,,,
2026-09-04,2026-09-04-33867681672,india-7945031636,india,free-press-journal,publish,ok,,343,65,343,389,19,102984,57190,45785,1485,259,922,,,,,,,
2026-09-04,2026-09-04-33867681672,india-2785633807,india,thehindu-biz,publish,ok,,326,77,326,584,42,102180,54303,47867,1459,273,922,,,,,,,
2026-09-04,2026-09-04-33867681672,india-7148124671,india,the-federal,publish,ok,,1049,105,1049,945,88,200088,144521,55415,2345,301,923,,,,,,,
2026-09-04,2026-09-04-33867681672,india-0824034098,india,thehindu-all,publish,ok,,539,81,539,129,45,117381,73441,43929,1647,247,922,,,,,,,
2026-09-04,2026-09-04-33867681672,india-0275683492,india,india-today,publish,ok,,648,44,648,233,72,120717,91471,29173,1826,165,922,,,,,,,
2026-09-04,2026-09-04-33867681672,india-8479934257,india,the-federal,publish,ok,,1954,118,1954,307,87,304220,256842,47240,3446,252,923,,,,,,,
2026-09-04,2026-09-04-33867681672,india-9004785301,india,dna-india,publish,ok,,643,60,643,2252,93,145298,101610,43633,1926,244,922,,,,,,,
2026-09-04,2026-09-04-33867681672,india-7012933799,india,the-quint,publish,ok,not_prose,355,45,355,586,72,106132,76317,29719,1678,169,922,,,,,,,
2026-09-04,2026-09-04-33867681672,india-7830846634,india,ht-business,extract,failed,paywalled,,,,,,,,,,,,,,,,,,
2026-09-04,2026-09-04-33867681672,ai-1545153375,ai,fastcompany-tech,publish,ok,,463,71,463,1050,70,195519,156417,39058,1547,230,0,,,,,,,
2026-09-04,2026-09-04-33867681672,ai-3337354081,ai,mit-tech-review-ai,publish,ok,,1470,164,1470,820,59,333797,271767,61902,2679,345,0,,,,,,,
2026-09-04,2026-09-04-33867681672,ai-6276591627,ai,guardian-ai,publish,ok,,63,63,63,927,41,44873,13722,31143,1056,187,922,,,,,,,
2026-09-04,2026-09-04-33867681672,energy-0403148694,energy,solar-quarter,publish,ok,,406,57,406,10029,94,99046,63057,35980,1542,212,922,,,,,,,
2026-09-04,2026-09-04-33867681672,energy-3195240676,energy,oilprice,publish,ok,,371,87,371,900,53,103561,56807,46745,1480,274,922,,,,,,,
2026-09-04,2026-09-04-33867681672,energy-9085802803,energy,inside-climate-news,publish,ok,,784,125,784,538,32,160496,103623,56763,1935,317,923,,,,,,,
2026-09-04,2026-09-04-33867681672,energy-1506615043,energy,grist,publish,ok,,1614,116,1614,543,50,282968,222559,60228,3095,331,923,,,,,,,
2026-09-04,2026-09-04-33867681672,energy-9214926810,energy,electrek,publish,ok,,660,72,660,872,34,157993,101607,56375,1920,317,922,,,,,,,
2026-09-04,2026-09-04-33867681672,business-economy-7029898663,business-economy,business-today-in,publish,ok,not_prose,587,53,587,363,53,157897,125677,32159,2152,186,922,,,,,,,
2026-09-04,2026-09-04-33867681672,business-economy-0034862587,business-economy,voxdev,publish,ok,,580,79,580,208,21,125858,84787,41007,1759,239,922,,,,,,,
2026-09-04,2026-09-04-33867681672,business-economy-2443408755,business-economy,semafor,publish,ok,,792,120,792,807,35,160728,104324,56199,1945,306,923,,,,,,,
2026-09-04,2026-09-04-33867681672,business-economy-4615040948,business-economy,guardian-business,publish,ok,,1100,114,1100,543,63,197038,143122,53842,2323,303,923,,,,,,,
2026-09-04,2026-09-04-33867681672,business-economy-1138432516,business-economy,npr-business,publish,ok,,98,49,98,1135,160,46461,18304,28109,1100,168,922,,,,,,,
2026-09-04,2026-09-04-33867681672,business-economy-8312097528,business-economy,seekingalpha,summarize,failed,length_out_of_range,34,,34,398,76,121679,,,,,,,,,,,,
2026-09-04,2026-09-04-33867681672,world-9993489609,world,france24,publish,ok,,494,75,494,625,51,121267,74041,47215,1651,276,922,,,,,,,
2026-09-04,2026-09-04-33867681672,world-8034869826,world,scmp-news,extract,failed,paywalled,,,,,,,,,,,,,,,,,,
2026-09-04,2026-09-04-33867681672,world-6980872373,world,cna-world,publish,ok,,338,69,338,829,99,98071,57028,40993,1481,241,922,,,,,,,
2026-09-04,2026-09-04-33867681672,world-2050075395,world,africanews,publish,ok,,352,79,352,1527,32,95479,50802,44667,1423,264,922,,,,,,,
2026-09-04,2026-09-04-33867681672,world-4429937235,world,japan-times,publish,ok,,214,58,214,2456,47,69062,34402,34651,1260,205,922,,,,,,,
2026-09-04,2026-09-04-33867681672,world-0093685318,world,abc-au-world,publish,ok,,69,48,69,875,68,40283,14228,26045,1061,155,922,,,,,,,
2026-09-04,2026-09-04-33867681672,world-9061316937,world,apnews-world,publish,ok,,648,76,648,414,227,125332,86087,39230,1770,227,922,,,,,,,
2026-09-04,2026-09-04-33867681672,world-1663272064,world,conversation-africa,publish,ok,,1142,127,1142,630,33,236259,183736,52375,2720,287,923,,,,,,,
2026-09-04,2026-09-04-33867681672,world-3539969537,world,npr-world,publish,ok,,72,48,72,301,30,42521,14425,28006,1062,166,922,,,,,,,
2026-09-04,2026-09-04-33867681672,india-0316339160,india,toi-india,publish,ok,,163,64,163,711,82,63358,28178,35172,1199,209,922,,,,,,,
2026-09-04,2026-09-04-33867681672,india-2355012802,india,thehindu-business,publish,ok,,341,82,341,581,39,106598,59127,47460,1503,275,922,,,,,,,
2026-09-04,2026-09-04-33867681672,india-3803098157,india,toi-top,publish,ok,,708,84,708,163,68,150415,106701,43570,1974,250,923,,,,,,,
2026-09-04,2026-09-04-33867681672,india-1694831237,india,toi-top,publish,ok,,740,127,740,165,69,160984,106810,54070,1976,311,923,,,,,,,
2026-09-04,2026-09-04-33867681672,india-2039890749,india,thehindu-business,publish,ok,,195,64,195,190,34,75555,35687,39859,1271,230,922,,,,,,,
2026-09-04,2026-09-04-33867681672,india-7085538437,india,india-today,publish,ok,,612,73,612,564,71,140957,96189,44758,1861,251,922,,,,,,,
2026-09-04,2026-09-04-33867681672,india-5287740751,india,dna-india,publish,ok,,395,65,395,2745,85,119491,69566,49850,1605,282,922,,,,,,,
2026-09-04,2026-09-04-33867681672,india-3515325698,india,hindustan-times,publish,ok,,577,70,577,640,61,118742,79089,39592,1700,232,922,,,,,,,
2026-09-04,2026-09-04-33867681672,india-4671894705,india,frontline,publish,ok,,1618,110,1618,864,39,302778,247299,55294,3343,298,923,,,,,,,
2026-09-04,2026-09-04-33867681672,india-8907229444,india,frontline,publish,ok,,1847,118,1847,660,41,323843,262994,60615,3481,326,923,,,,,,,
2026-09-04,2026-09-04-33867681672,ai-4876725481,ai,fastcompany-tech,publish,ok,,446,68,446,617,73,192140,153633,38465,1534,210,0,,,,,,,
2026-09-04,2026-09-04-33867681672,ai-3574452566,ai,wired-ai,publish,ok,,1279,111,1279,481,139,310003,258433,51490,2559,269,0,,,,,,,
2026-09-04,2026-09-04-33867681672,ai-0550558876,ai,techcrunch-ai,publish,ok,,450,84,450,484,40,107360,63290,44058,1545,241,922,,,,,,,
2026-09-04,2026-09-04-33867681672,energy-1072036756,energy,solar-quarter,publish,ok,,392,78,392,1816,95,99673,56011,43651,1474,240,922,,,,,,,
2026-09-04,2026-09-04-33867681672,energy-1847548327,energy,pv-magazine,publish,ok,,780,108,780,1068,52,151382,99460,51828,1905,278,923,,,,,,,
2026-09-04,2026-09-04-33867681672,energy-1282264931,energy,yale-e360,publish,ok,,412,74,412,225,15,103745,60140,43594,1513,238,922,,,,,,,
2026-09-04,2026-09-04-33867681672,energy-6067487353,energy,grist,publish,ok,,1255,143,1255,421,45,233203,159537,73604,2494,384,923,,,,,,,
2026-09-04,2026-09-04-33867681672,energy-9090881840,energy,electrek,publish,ok,,409,59,409,426,33,104956,65474,39471,1568,215,922,,,,,,,
2026-09-04,2026-09-04-33867681672,business-economy-1159545922,business-economy,semafor,publish,ok,,112,51,112,421,24,50763,21076,29678,1129,166,922,,,,,,,
2026-09-04,2026-09-04-33867681672,business-economy-3425999301,business-economy,voxdev,publish,ok,,2081,156,2081,107,37,444052,378334,65546,3726,332,0,,,,,,,
2026-09-04,2026-09-04-33867681672,business-economy-9640011731,business-economy,marginal-revolution,publish,ok,not_prose,40,35,40,269,134,124374,101623,22741,1015,124,0,,,,,,,
2026-09-04,2026-09-04-33867681672,business-economy-3377310048,business-economy,bbc-business,publish,ok,,623,64,623,371,50,121273,80992,40268,1724,220,922,,,,,,,
2026-09-04,2026-09-04-33867681672,business-economy-8412793627,business-economy,quartz,publish,ok,,3716,126,3716,142,95,650679,591353,59157,5740,281,0,,,,,,,
2026-09-04,2026-09-04-33867681672,business-economy-5790278370,business-economy,seekingalpha,publish,ok,not_prose,34,26,34,120,71,27821,9061,18751,1010,105,922,,,,,,,
2026-09-04,2026-09-04-33867681672,world-9733758892,world,thehindu-intl,publish,ok,,926,113,926,578,49,180920,126336,54460,2169,288,923,,,,,,,
2026-09-04,2026-09-04-33867681672,world-2423831286,world,guardian-world,publish,ok,,2160,136,2160,638,140,362130,297859,64113,3833,308,924,,,,,,,
2026-09-04,2026-09-04-33867681672,world-8227404392,world,euronews,publish,ok,,393,67,393,588,65,102362,59917,42391,1511,235,922,,,,,,,
2026-09-04,2026-09-04-33867681672,world-1767800929,world,news18-world,fetch,failed,http_client_error,,,,,,,,,,,,,,,,,,
2026-09-04,2026-09-04-33867681672,world-6454690852,world,mongabay,publish,ok,,1748,118,1748,451,43,319109,267453,51234,3530,261,923,,,,,,,
2026-09-04,2026-09-04-33867681672,world-6239430051,world,anadolu-world,publish,ok,,249,68,249,4944,94,78138,40170,37958,1318,210,922,,,,,,,
2026-09-04,2026-09-04-33867681672,world-1634266058,world,npr-world,publish,ok,,922,141,922,989,34,189326,126850,62412,2176,334,923,,,,,,,
2026-09-04,2026-09-04-33867681672,world-4944259016,world,elpais-en,publish,ok,,984,137,984,379,68,183483,128392,55008,2189,292,923,,,,,,,
2026-09-04,2026-09-04-33867681672,world-9388569501,world,africanews,publish,ok,,208,66,208,919,32,71760,32968,38782,1248,216,922,,,,,,,
2026-09-04,2026-09-04-33867681672,india-0365432535,india,the-hindu-national,publish,ok,,223,73,223,113,40,76864,35975,40879,1278,226,922,,,,,,,
2026-09-04,2026-09-04-33867681672,india-0348780837,india,economic-times,publish,ok,,671,79,671,506,80,176751,115372,61367,2062,333,922,,,,,,,
2026-09-04,2026-09-04-33867681672,india-1199420152,india,deccan-chronicle,publish,ok,,438,78,438,1799,46,104181,58719,45410,1501,242,922,,,,,,,
2026-09-04,2026-09-04-33867681672,india-3279359128,india,livemint-companies,publish,ok,,891,106,891,372,38,193649,132294,61195,2227,321,923,,,,,,,
2026-09-04,2026-09-04-33867681672,india-0152606636,india,livemint,publish,ok,,395,63,395,226,35,97014,60111,36893,1515,202,922,,,,,,,
2026-09-04,2026-09-04-33867681672,india-2699304213,india,thehindu-all,publish,ok,,611,76,611,130,44,132614,91760,40842,1828,223,922,,,,,,,
2026-09-04,2026-09-04-33867681672,india-9122495555,india,livemint-markets,publish,ok,,932,105,932,162,37,168469,124248,44048,2146,230,923,,,,,,,
2026-09-04,2026-09-04-33867681672,india-0222578413,india,livemint-markets,publish,ok,,491,77,491,270,41,132497,80996,51406,1721,281,922,,,,,,,
2026-09-04,2026-09-04-33867681672,india-9563829844,india,thehindu-biz,publish,ok,,564,77,564,202,43,129150,83845,45253,1748,249,922,,,,,,,
2026-09-04,2026-09-04-33867681672,india-2782303137,india,scroll-in,publish,ok,,604,81,604,476,36,131435,83751,47610,1749,261,922,,,,,,,
2026-09-04,2026-09-04-33867681672,india-3596993992,india,ht-business,extract,failed,paywalled,,,,,,,,,,,,,,,,,,
2026-09-04,2026-09-04-33883405707,ai-6982971866,ai,fastcompany-tech,publish,ok,,491,74,491,532,74,215242,166416,48783,1659,251,0,,,,,,,
2026-09-04,2026-09-04-33883405707,energy-8118749678,energy,climate-home,publish,ok,not_prose,51,38,51,2220,36,126242,103987,22246,1034,122,0,,,,,,,
2026-09-04,2026-09-04-33883405707,energy-8443794758,energy,pv-magazine,extract,failed,paywalled,,,,,,,,,,,,,,,,,,
2026-09-04,2026-09-04-33883405707,energy-1490799443,energy,oilprice,publish,ok,,367,65,367,603,56,104150,58252,45851,1489,232,922,,,,,,,
2026-09-04,2026-09-04-33883405707,energy-4099418244,energy,solar-quarter,publish,ok,,343,79,343,3374,100,103199,51631,51557,1431,274,922,,,,,,,
2026-09-04,2026-09-04-33883405707,energy-1517456465,energy,energy-storage,publish,ok,,1145,122,1145,534,50,352886,281354,71414,2778,351,0,,,,,,,
2026-09-04,2026-09-04-33883405707,energy-2952623104,energy,energymonitor,publish,ok,,395,72,395,558,38,97594,57146,40437,1485,218,922,,,,,,,
2026-09-04,2026-09-04-33883405707,business-economy-6066963355,business-economy,quartz,publish,ok,not_prose,54,35,54,118,51,38655,12973,25672,1048,142,922,,,,,,,
2026-09-04,2026-09-04-33883405707,business-economy-6403058022,business-economy,guardian-business,publish,ok,,963,111,963,406,49,182461,133200,49200,2231,252,923,,,,,,,
2026-09-04,2026-09-04-33883405707,business-economy-6530171902,business-economy,aljazeera-economy,fetch,failed,robots_denied,,,,,,,,,,,,,,,,,,
2026-09-04,2026-09-04-33883405707,business-economy-7631518344,business-economy,semafor,publish,ok,,217,69,217,660,25,72716,32954,39752,1248,217,922,,,,,,,
2026-09-04,2026-09-04-33883405707,business-economy-0235239991,business-economy,seekingalpha,publish,ok,not_prose,40,33,40,117,59,38023,11928,26086,1036,145,922,,,,,,,
2026-09-04,2026-09-04-33883405707,world-6562687597,world,independent-world,publish,ok,,346,111,346,610,47,106717,48874,57832,1406,313,922,,,,,,,
2026-09-04,2026-09-04-33883405707,world-9653900219,world,news18-world,fetch,failed,http_client_error,,,,,,,,,,,,,,,,,,
2026-09-04,2026-09-04-33883405707,world-6763918697,world,lemonde-en,publish,ok,too_short,35,27,35,1043,143,29466,10185,19271,1020,106,922,,,,,,,
2026-09-04,2026-09-04-33883405707,world-6031800374,world,guardian-world,publish,ok,,521,67,521,362,73,123147,81042,42092,1721,222,922,,,,,,,
2026-09-04,2026-09-04-33883405707,world-3881057325,world,npr-world,publish,ok,,512,78,512,481,32,116518,70176,46289,1613,245,922,,,,,,,
2026-09-04,2026-09-04-33883405707,world-4864909582,world,thehindu-intl,publish,ok,,761,117,761,328,46,177602,114031,63435,2045,320,923,,,,,,,
2026-09-04,2026-09-04-33883405707,world-4446579410,world,anadolu-world,publish,ok,,237,68,237,5332,97,89654,39180,50463,1308,269,922,,,,,,,
2026-09-04,2026-09-04-33883405707,world-6093814551,world,mongabay,publish,ok,,486,74,486,220,30,125627,76197,49418,1672,260,922,,,,,,,
2026-09-04,2026-09-04-33883405707,world-7188024257,world,japan-times,publish,ok,,226,54,226,1321,52,72689,34443,38188,1262,196,922,,,,,,,
2026-09-04,2026-09-04-33883405707,india-2898372397,india,the-hindu-national,publish,ok,,134,54,134,145,41,64821,25338,39473,1171,217,922,,,,,,,
2026-09-04,2026-09-04-33883405707,india-2255949285,india,free-press-journal,publish,ok,,631,60,631,474,23,137572,89956,47599,1809,248,922,,,,,,,
2026-09-04,2026-09-04-33883405707,india-6351127568,india,deccan-chronicle,publish,ok,,885,122,885,9661,53,177371,120373,56822,2105,292,923,,,,,,,
2026-09-04,2026-09-04-33883405707,india-0060515874,india,free-press-journal,publish,ok,,318,82,318,121,20,89872,44042,45713,1355,243,922,,,,,,,
2026-09-04,2026-09-04-33883405707,india-3324491651,india,thehindu-business,publish,ok,,418,67,418,326,39,119059,67821,51226,1588,250,922,,,,,,,
2026-09-04,2026-09-04-33883405707,india-6809340058,india,hindustan-times,publish,ok,,276,61,276,337,60,87207,42663,44533,1343,219,922,,,,,,,
2026-09-04,2026-09-04-33883405707,india-0164587981,india,livemint-markets,publish,ok,,557,93,557,278,38,143709,84763,58932,1755,292,922,,,,,,,
2026-09-04,2026-09-04-33883405707,india-3576948877,india,the-federal,publish,ok,,289,82,289,675,85,103864,49695,54078,1410,266,922,,,,,,,
2026-09-04,2026-09-04-33883405707,india-0658628798,india,dna-india,publish,ok,,465,67,465,2010,87,122427,69250,53166,1601,269,922,,,,,,,
2026-09-04,2026-09-04-33883405707,india-3117480809,india,the-quint,publish,ok,not_prose,450,38,450,561,69,132353,97998,34241,1886,178,922,,,,,,,
2026-09-04,2026-09-04-33883405707,ai-8137116784,ai,fastcompany-tech,publish,ok,,409,85,409,352,78,201373,154871,46453,1528,253,0,,,,,,,
2026-09-04,2026-09-04-33883405707,energy-2413165349,energy,electrek,publish,ok,,612,74,612,75,32,128799,89607,39178,1797,211,922,,,,,,,
2026-09-04,2026-09-04-33883405707,energy-2863722920,energy,oilprice,publish,ok,,625,63,625,488,43,123654,83104,40492,1734,217,922,,,,,,,
2026-09-04,2026-09-04-33883405707,energy-1094825317,energy,pv-magazine,publish,ok,,788,118,788,1379,52,262711,205082,57553,2009,299,0,,,,,,,
2026-09-04,2026-09-04-33883405707,energy-5682969671,energy,offshore-wind,publish,ok,,606,82,606,632,37,130178,83314,46810,1740,256,922,,,,,,,
2026-09-04,2026-09-04-33883405707,energy-3351170819,energy,greentech,publish,ok,,290,91,290,918,31,90629,45583,44974,1369,247,922,,,,,,,
2026-09-04,2026-09-04-33883405707,energy-0418260645,energy,carbon-brief,publish,ok,,690,85,690,565,25,155712,104457,51244,1944,275,922,,,,,,,
2026-09-04,2026-09-04-33883405707,business-economy-6564392818,business-economy,quartz,publish,ok,,297,68,297,194,50,86504,45858,40587,1370,222,922,,,,,,,
2026-09-04,2026-09-04-33883405707,business-economy-0415115886,business-economy,yahoo-finance,publish,ok,,430,61,430,406,123,98498,62915,35573,1539,192,922,,,,,,,
2026-09-04,2026-09-04-33883405707,business-economy-6890363585,business-economy,aljazeera-economy,fetch,failed,robots_denied,,,,,,,,,,,,,,,,,,
2026-09-04,2026-09-04-33883405707,business-economy-3149682756,business-economy,bbc-business,publish,ok,,764,122,764,196,63,161067,105307,55696,1954,301,923,,,,,,,
2026-09-04,2026-09-04-33883405707,business-economy-9517179865,business-economy,seekingalpha,publish,ok,too_short,46,30,46,241,57,135130,106198,28923,1048,163,0,,,,,,,
2026-09-04,2026-09-04-33883405707,world-4403625668,world,independent-world,publish,ok,,802,115,802,467,47,158615,105963,52547,1958,284,923,,,,,,,
2026-09-04,2026-09-04-33883405707,world-9411770751,world,lemonde-en,publish,ok,too_short,35,33,35,1379,134,32799,10275,22514,1022,124,922,,,,,,,
2026-09-04,2026-09-04-33883405707,world-5212427540,world,elpais-en,publish,ok,,1189,118,1189,537,82,218390,163411,54803,2508,283,923,,,,,,,
2026-09-04,2026-09-04-33883405707,world-7030044167,world,france24,publish,ok,,122,63,122,435,72,55572,20710,34851,1124,190,922,,,,,,,
2026-09-04,2026-09-04-33883405707,world-9690390343,world,anadolu-world,publish,ok,,211,56,211,4614,95,77736,37914,39811,1292,220,922,,,,,,,
2026-09-04,2026-09-04-33883405707,world-7498372665,world,apnews-world,publish,ok,,462,66,462,101,196,102469,65689,36770,1565,200,922,,,,,,,
2026-09-04,2026-09-04-33883405707,world-0898012425,world,africanews,publish,ok,,360,63,360,821,36,96727,53447,43270,1443,233,922,,,,,,,
2026-09-04,2026-09-04-33883405707,world-1812242420,world,thehindu-intl,publish,ok,,442,74,442,477,43,100922,61336,39574,1532,216,931,,,,,,,
2026-09-04,2026-09-04-33883405707,world-4273665072,world,mongabay,publish,ok,,1029,78,1029,455,32,193632,150422,43088,2387,221,923,,,,,,,
2026-09-04,2026-09-04-33883405707,world-9098410550,world,conversation-world,publish,ok,,769,146,769,500,29,159006,103268,55605,1931,300,923,,,,,,,
2026-09-04,2026-09-04-33883405707,india-6431591254,india,toi-india,publish,ok,,572,56,572,608,110,124373,82833,41529,1733,222,922,,,,,,,
2026-09-04,2026-09-04-33883405707,india-3827014090,india,toi-top,publish,ok,,445,52,445,52,78,96008,61319,34586,1522,188,922,,,,,,,
2026-09-04,2026-09-04-33883405707,india-3717268714,india,thehindu-business,publish,ok,,563,70,563,227,37,124198,81139,43048,1715,234,922,,,,,,,
2026-09-04,2026-09-04-33883405707,india-5338226881,india,thehindu-all,publish,ok,,637,65,637,117,42,134004,94090,39836,1840,208,922,,,,,,,
2026-09-04,2026-09-04-33883405707,india-0172573804,india,hindustan-times,publish,ok,,690,62,690,315,59,142898,101560,41269,1911,217,922,,,,,,,
2026-09-04,2026-09-04-33883405707,india-4141523470,india,livemint-markets,publish,ok,,335,66,335,472,30,98228,57081,41070,1478,220,922,,,,,,,
2026-09-04,2026-09-04-33883405707,india-2744449690,india,newslaundry,publish,ok,,328,63,328,628,58,83519,47447,36060,1384,198,922,,,,,,,
2026-09-04,2026-09-04-33883405707,india-7869586966,india,livemint-companies,publish,ok,,532,72,532,288,36,120717,76900,43807,1675,236,922,,,,,,,
2026-09-04,2026-09-04-33883405707,india-1387123636,india,the-quint,publish,ok,not_prose,552,37,552,525,71,165255,128935,36177,2180,190,922,,,,,,,
2026-09-04,2026-09-04-33883405707,india-2287116916,india,livemint-companies,publish,ok,,609,75,609,550,33,140037,92411,47499,1824,252,922,,,,,,,
2026-09-04,2026-09-04-33883405707,ai-0013429001,ai,techcrunch-ai,publish,ok,,358,75,358,143,44,190815,145840,44965,1454,253,0,,,,,,,
2026-09-04,2026-09-04-33883405707,ai-7602280221,ai,techcrunch-ai,publish,ok,,912,132,912,245,44,280778,220299,60414,2194,329,0,,,,,,,
2026-09-04,2026-09-04-33883405707,energy-2160348332,energy,heatmap,publish,ok,,2046,136,2046,173,69,429958,367902,61924,3638,320,0,,,,,,,
2026-09-04,2026-09-04-33883405707,energy-6212318371,energy,balkangreen,publish,ok,,459,98,459,3440,42,120480,67815,52653,1592,292,922,,,,,,,
2026-09-04,2026-09-04-33883405707,energy-7591710759,energy,world-nuclear-news,publish,ok,,807,123,807,1145,24,175966,116593,59325,2076,320,923,,,,,,,
2026-09-04,2026-09-04-33883405707,energy-6151841846,energy,solar-quarter,publish,ok,,108,57,108,3131,92,64290,22751,41495,1146,236,922,,,,,,,
2026-09-04,2026-09-04-33883405707,energy-2851740323,energy,canary-media,publish,ok,,1035,123,1035,384,112,194049,139568,54323,2302,295,923,,,,,,,
2026-09-04,2026-09-04-33883405707,energy-7891704856,energy,cleantechnica,publish,ok,,704,120,704,607,27,151473,98035,53341,1893,295,923,,,,,,,
2026-09-04,2026-09-04-33883405707,business-economy-5252819951,business-economy,yahoo-finance,fetch,failed,robots_denied,,,,,,,,,,,,,,,,,,
2026-09-04,2026-09-04-33883405707,business-economy-9071723080,business-economy,guardian-business,publish,ok,,632,112,632,509,62,128688,83352,45324,1747,252,922,,,,,,,
2026-09-04,2026-09-04-33883405707,business-economy-4218543225,business-economy,business-today-in,publish,ok,,516,72,516,158,224,117858,77186,40622,1685,224,922,,,,,,,
2026-09-04,2026-09-04-33883405707,business-economy-5371468217,business-economy,cna-business,publish,ok,,526,87,526,1032,111,114569,68745,45767,1601,250,922,,,,,,,
2026-09-04,2026-09-04-33883405707,world-9114209449,world,cna-world,publish,ok,,219,64,219,348,95,72398,34764,37624,1266,209,922,,,,,,,
2026-09-04,2026-09-04-33883405707,world-3815748664,world,euronews,publish,ok,,743,139,743,478,65,156292,98334,57872,1896,321,923,,,,,,,
2026-09-04,2026-09-04-33883405707,world-4277586562,world,scmp-news,extract,failed,paywalled,,,,,,,,,,,,,,,,,,
2026-09-04,2026-09-04-33883405707,world-9444820578,world,scmp-news,extract,failed,paywalled,,,,,,,,,,,,,,,,,,
2026-09-04,2026-09-04-33883405707,world-0227062031,world,euronews,publish,ok,,320,74,320,327,64,93650,49019,44621,1409,251,922,,,,,,,
2026-09-04,2026-09-04-33883405707,world-4994714780,world,npr-world,publish,ok,,375,73,375,607,29,99165,56172,42983,1476,237,922,,,,,,,
2026-09-04,2026-09-04-33883405707,world-6977402908,world,africanews,publish,ok,,177,77,177,945,35,74747,28868,45870,1206,256,922,,,,,,,
2026-09-04,2026-09-04-33883405707,world-7505984793,world,japan-times,publish,ok,,126,58,126,1495,48,54180,21444,32727,1132,185,922,,,,,,,
2026-09-04,2026-09-04-33883405707,world-6575018036,world,elpais-en,publish,ok,,2757,178,2757,635,85,462847,389675,73062,4727,358,924,,,,,,,
2026-09-04,2026-09-04-33883405707,world-9466290632,world,abc-au-world,publish,ok,,2305,174,2305,1440,245,415794,338062,77627,4230,392,924,,,,,,,
2026-09-04,2026-09-04-33883405707,india-6142658075,india,the-hindu-national,publish,ok,,368,76,368,266,40,99940,53696,46234,1452,254,922,,,,,,,
2026-09-04,2026-09-04-33883405707,india-3442966831,india,economic-times,publish,ok,,732,92,732,474,54,146567,101638,44834,1929,250,923,,,,,,,
2026-09-04,2026-09-04-33883405707,india-4882453115,india,economic-times,publish,ok,,634,61,634,525,79,139502,92313,47176,1842,251,940,,,,,,,
2026-09-04,2026-09-04-33883405707,india-8269999069,india,india-today,publish,ok,,629,61,629,338,69,131081,93373,37630,1821,201,922,,,,,,,
2026-09-04,2026-09-04-33883405707,india-9352851733,india,india-today,publish,ok,,623,57,623,227,69,139835,93651,46115,1822,243,922,,,,,,,
2026-09-04,2026-09-04-33883405707,india-8481808385,india,dna-india,publish,ok,,331,82,331,2271,81,100381,53868,46454,1436,252,922,,,,,,,
2026-09-04,2026-09-04-33883405707,india-0864097881,india,livemint,publish,ok,,662,77,662,415,33,142816,98109,44695,1894,246,924,,,,,,,
2026-09-04,2026-09-04-33883405707,india-8242061763,india,scroll-in,publish,ok,,308,62,308,847,43,91405,48795,42568,1405,239,922,,,,,,,
2026-09-04,2026-09-04-33883405707,india-5054685429,india,scroll-in,publish,ok,,1424,95,1424,397,38,231744,190706,40892,2806,220,923,,,,,,,
2026-09-04,2026-09-04-33883405707,india-5799476799,india,ht-business,publish,ok,,706,107,706,269,62,163273,109081,54029,2003,301,923,,,,,,,
2026-09-04,2026-09-04-33883405707,ai-4858605038,ai,bbc-tech,publish,ok,,802,137,802,205,64,265411,207007,58315,2032,320,0,,,,,,,
2026-09-04,2026-09-04-33883405707,energy-2211922797,energy,electrek,publish,ok,,579,79,579,837,32,218060,177048,40998,1731,222,0,,,,,,,
2026-09-04,2026-09-04-33883405707,energy-0857663645,energy,modern-power,publish,ok,,379,68,379,2431,32,101672,58759,42865,1492,233,922,,,,,,,
2026-09-04,2026-09-04-33883405707,energy-1907619284,energy,modern-power,publish,ok,,383,73,383,559,32,119435,65532,53892,1560,291,922,,,,,,,
2026-09-04,2026-09-04-33883405707,energy-8117707183,energy,energy-storage,publish,ok,,460,82,460,1406,54,122623,75444,47166,1656,253,922,,,,,,,
2026-09-04,2026-09-04-33883405707,energy-8522120409,energy,world-nuclear-news,publish,ok,,1036,113,1036,1642,23,187730,135328,52325,2246,293,923,,,,,,,
2026-09-04,2026-09-04-33883405707,energy-6808102700,energy,offshore-wind,publish,ok,,369,74,369,712,37,106717,59843,46820,1506,256,922,,,,,,,
2026-09-04,2026-09-04-33883405707,energy-5352960634,energy,cleantechnica,publish,ok,,460,82,460,1156,25,113884,68526,45347,1588,227,922,,,,,,,
2026-09-04,2026-09-04-33883405707,business-economy-8987930124,business-economy,business-today-in,publish,ok,,105,63,105,426,98,60016,20888,39119,1125,223,922,,,,,,,
2026-09-04,2026-09-04-33883405707,business-economy-3895538683,business-economy,bbc-business,publish,ok,,446,55,446,71,50,100472,65510,34952,1565,201,922,,,,,,,
2026-09-04,2026-09-04-33883405707,business-economy-9816480082,business-economy,semafor,publish,ok,,128,69,128,751,23,61970,22746,39216,1143,228,922,,,,,,,
2026-09-04,2026-09-04-33883405707,business-economy-4128128451,business-economy,cna-business,publish,ok,,447,67,447,802,101,110635,68621,42002,1594,232,922,,,,,,,
2026-09-04,2026-09-04-33883405707,world-2405185467,world,cna-world,publish,ok,,2003,123,2003,252,87,412650,357944,54530,3489,284,0,,,,,,,
2026-09-04,2026-09-04-33883405707,world-8037137032,world,guardian-world,publish,ok,,2156,146,2156,645,220,349069,289073,59822,3712,313,924,,,,,,,
2026-09-04,2026-09-04-33883405707,world-3383716545,world,news18-world,fetch,failed,http_client_error,,,,,,,,,,,,,,,,,,
2026-09-04,2026-09-04-33883405707,world-3218885571,world,france24,publish,ok,,687,52,687,1189,50,135325,98930,36383,1889,206,922,,,,,,,
2026-09-04,2026-09-04-33883405707,world-7387012069,world,dw-world,publish,ok,,1027,128,1027,42420,38,196615,140212,56319,2293,310,923,,,,,,,
2026-09-04,2026-09-04-33883405707,world-8829523147,world,apnews-world,publish,ok,,325,56,325,134,214,83661,52481,31130,1435,174,922,,,,,,,
2026-09-04,2026-09-04-33883405707,world-9699670640,world,bbc-world,publish,ok,,776,110,776,75,65,164687,107502,57063,1974,315,923,,,,,,,
2026-09-04,2026-09-04-33883405707,world-0814800190,world,bbc-world,publish,ok,,138,56,138,71,59,62736,24227,38501,1159,216,923,,,,,,,
2026-09-04,2026-09-04-33883405707,world-8509486325,world,abc-au-world,publish,ok,,725,112,725,334,75,160526,103377,56988,1932,313,923,,,,,,,
2026-09-04,2026-09-04-33883405707,world-0124819443,world,conversation-world,publish,ok,,373,59,373,519,28,85780,51711,34058,1428,184,923,,,,,,,
2026-09-04,2026-09-04-33883405707,india-2060714999,india,toi-india,publish,ok,,1776,117,1776,497,122,293339,240728,52465,3252,281,923,,,,,,,
2026-09-04,2026-09-04-33883405707,india-4933654183,india,deccan-chronicle,publish,ok,,380,59,380,9366,45,93714,58691,35013,1494,193,923,,,,,,,
2026-09-04,2026-09-04-33883405707,india-6181183789,india,toi-top,publish,ok,,468,60,468,59,91,107969,70426,37530,1609,213,922,,,,,,,
2026-09-04,2026-09-04-33883405707,india-1543620270,india,thehindu-all,publish,ok,,456,55,456,681,39,106613,65566,41036,1564,233,922,,,,,,,
2026-09-04,2026-09-04-33883405707,india-5661237018,india,livemint,publish,ok,,672,92,672,420,39,159440,103072,56355,1929,315,922,,,,,,,
2026-09-04,2026-09-04-33883405707,india-9931232680,india,the-federal,publish,ok,,1556,116,1556,3685,90,264597,207870,56661,2946,303,923,,,,,,,
2026-09-04,2026-09-04-33883405707,india-4607960734,india,newslaundry,publish,ok,not_prose,359,34,359,675,61,204471,171562,32808,1693,176,0,,,,,,,
2026-09-04,2026-09-04-33883405707,india-1795460841,india,frontline,publish,ok,,1148,116,1148,816,36,210319,162740,47412,2504,259,923,,,,,,,
2026-09-04,2026-09-04-33883405707,india-1985616936,india,thehindu-biz,publish,ok,,415,83,415,286,43,144660,84933,59646,1749,316,922,,,,,,,
2026-09-04,2026-09-04-33883405707,india-4503566684,india,thehindu-biz,publish,ok,,426,68,426,281,44,127264,79290,47902,1693,249,922,,,,,,,
2026-09-04,2026-09-04-33901670861,ai-0104565709,ai,simon-willison,publish,ok,,1273,101,1273,514,206,156352,123138,33113,2695,228,0,,,,,,,
2026-09-04,2026-09-04-33901670861,ai-4163171801,ai,bbc-tech,publish,ok,,349,64,349,627,29,98400,65537,32853,1426,225,0,,,,,,,
2026-09-04,2026-09-04-33901670861,ai-3973139604,ai,oreilly-radar,publish,ok,,730,115,730,1002,24,90415,45274,45066,1896,310,923,,,,,,,
2026-09-04,2026-09-04-33901670861,energy-0538414205,energy,oilprice,publish,ok,,305,85,305,1203,30,61091,22837,38248,1416,266,922,,,,,,,
2026-09-04,2026-09-04-33901670861,energy-5359083452,energy,electrek,publish,ok,,448,80,448,893,19,79522,38464,41050,1756,270,922,,,,,,,
2026-09-04,2026-09-04-33901670861,energy-6357248717,energy,heatmap,extract,failed,paywalled,,,,,,,,,,,,,,,,,,
2026-09-04,2026-09-04-33901670861,energy-1171582566,energy,pv-magazine,publish,ok,,546,73,546,1585,30,80534,39607,40883,1768,270,922,,,,,,,
2026-09-04,2026-09-04-33901670861,energy-6105490961,energy,energy-storage,publish,ok,,870,126,870,1734,32,107521,58603,48801,2171,334,923,,,,,,,
2026-09-04,2026-09-04-33901670861,business-economy-7031207423,business-economy,yahoo-finance,fetch,failed,robots_denied,,,,,,,,,,,,,,,,,,
2026-09-04,2026-09-04-33901670861,business-economy-8318425401,business-economy,quartz,publish,ok,,513,71,513,229,31,65066,33429,31594,1644,217,922,,,,,,,
2026-09-04,2026-09-04-33901670861,business-economy-2862709974,business-economy,business-today-in,publish,ok,,86,69,86,1801,57,39674,8320,31348,1100,214,922,,,,,,,
2026-09-04,2026-09-04-33901670861,business-economy-0721629806,business-economy,semafor,publish,ok,,133,54,133,710,13,40254,11015,29232,1163,204,922,,,,,,,
2026-09-04,2026-09-04-33901670861,business-economy-5810173923,business-economy,guardian-business,publish,ok,,796,116,796,907,38,94523,49714,44764,1993,306,923,,,,,,,
2026-09-04,2026-09-04-33901670861,world-6154754862,world,independent-world,publish,ok,,373,75,373,627,26,56940,23663,33267,1432,227,922,,,,,,,
2026-09-04,2026-09-04-33901670861,world-9265063481,world,bbc-world,publish,ok,,321,83,321,90,34,55579,21379,34192,1386,234,922,,,,,,,
2026-09-04,2026-09-04-33901670861,world-9021679114,world,guardian-world,publish,ok,,2521,159,2521,343,162,249018,195027,53907,4204,363,0,,,,,,,
2026-09-04,2026-09-04-33901670861,world-3287255928,world,apnews-world,publish,ok,,539,62,539,198,156,75195,37223,37963,1728,260,922,,,,,,,
2026-09-04,2026-09-04-33901670861,world-1335955697,world,independent-world,publish,ok,,379,82,379,465,22,58455,25725,32688,1479,227,922,,,,,,,
2026-09-04,2026-09-04-33901670861,world-0755925151,world,scmp-news,extract,failed,paywalled,,,,,,,,,,,,,,,,,,
2026-09-04,2026-09-04-33901670861,world-7835025247,world,dw-world,publish,ok,,348,53,348,31377,19,51440,21964,29468,1399,200,922,,,,,,,
2026-09-04,2026-09-04-33901670861,world-2222600866,world,dw-world,publish,ok,,855,121,855,1386,24,102777,54642,48058,2105,331,923,,,,,,,
2026-09-04,2026-09-04-33901670861,world-6536305706,world,japan-times,publish,ok,,96,58,96,1021,31,34697,8145,26546,1099,180,922,,,,,,,
2026-09-04,2026-09-04-33901670861,india-6726108650,india,the-hindu-national,publish,ok,,311,76,311,776,27,58422,23392,35021,1430,258,922,,,,,,,
2026-09-04,2026-09-04-33901670861,india-4892175972,india,livemint-markets,publish,ok,,712,97,712,381,21,83243,45113,38033,1900,274,923,,,,,,,
2026-09-04,2026-09-04-33901670861,india-2241435788,india,toi-top,publish,ok,,2197,117,2197,393,52,180538,138619,41868,3884,285,924,,,,,,,
2026-09-04,2026-09-04-33901670861,india-3657706506,india,deccan-chronicle,publish,ok,,2219,127,2219,2773,37,177961,135417,42432,3862,278,924,,,,,,,
2026-09-04,2026-09-04-33901670861,india-4215517036,india,india-today,publish,ok,,522,73,522,673,42,66564,34337,32218,1688,237,922,,,,,,,
2026-09-04,2026-09-04-33901670861,india-5217093797,india,india-today,publish,ok,,591,74,591,311,43,79175,40515,38585,1819,267,922,,,,,,,
2026-09-04,2026-09-04-33901670861,india-3344180304,india,thehindu-business,publish,ok,,533,65,533,361,25,68933,36796,32088,1713,208,922,,,,,,,
2026-09-04,2026-09-04-33901670861,india-8711932309,india,ht-business,publish,ok,,548,65,548,667,35,63690,35940,27674,1718,199,922,,,,,,,
2026-09-04,2026-09-04-33901670861,india-6636043465,india,dna-india,publish,ok,,492,65,492,2745,53,69099,33314,35691,1638,251,922,,,,,,,
2026-09-04,2026-09-04-33901670861,india-9701594534,india,newslaundry,publish,ok,,300,61,300,728,31,47754,21543,26115,1389,188,922,,,,,,,
2026-09-04,2026-09-04-33901670861,ai-3393391298,ai,nvidia-technical-blog,publish,ok,,1733,99,1733,534,45,170411,86885,83412,3652,309,0,,,,,,,
2026-09-04,2026-09-04-33901670861,ai-7674326375,ai,techcrunch-ai,publish,ok,,177,55,177,160,31,77901,29374,48456,1199,187,0,,,,,,,
2026-09-04,2026-09-04-33901670861,ai-0888886424,ai,databricks-blog,publish,ok,,1632,127,1632,304,76,131801,49158,82546,2965,311,923,,,,,,,
2026-09-04,2026-09-04-33901670861,ai-2733379803,ai,guardian-ai,publish,ok,,833,105,833,641,52,96738,27570,69050,2075,265,923,,,,,,,
2026-09-04,2026-09-04-33901670861,energy-7363996751,energy,greentech,publish,ok,,566,64,566,1763,28,75462,18500,56953,1673,221,922,,,,,,,
2026-09-04,2026-09-04-33901670861,energy-9152100724,energy,balkangreen,publish,ok,,322,72,322,3959,35,76680,11944,64632,1412,249,922,,,,,,,
2026-09-04,2026-09-04-33901670861,energy-9906104569,energy,balkangreen,publish,ok,,533,98,533,1827,35,95175,18476,76689,1666,295,922,,,,,,,
2026-09-04,2026-09-04-33901670861,energy-5338864952,energy,world-nuclear-news,publish,ok,,926,134,926,1407,21,115352,30632,84607,2200,320,923,,,,,,,
2026-09-04,2026-09-04-33901670861,energy-1548457450,energy,cleantechnica,publish,ok,,126,49,126,771,25,51731,6376,45212,1152,176,922,,,,,,,
2026-09-04,2026-09-04-33901670861,business-economy-3000094143,business-economy,cna-business,publish,ok,,279,81,279,1033,87,72852,10028,62816,1328,243,922,,,,,,,
2026-09-04,2026-09-04-33901670861,business-economy-7552001579,business-economy,marginal-revolution,publish,ok,,165,68,165,266,11,76945,8199,68723,1251,266,922,,,,,,,
2026-09-04,2026-09-04-33901670861,business-economy-1671312580,business-economy,business-today-in,publish,ok,,635,76,635,274,180,85573,22050,63512,1837,242,922,,,,,,,
2026-09-04,2026-09-04-33901670861,business-economy-7134811092,business-economy,marginal-revolution,publish,ok,not_prose,41,36,41,396,15,60249,25308,34931,1037,134,0,,,,,,,
2026-09-04,2026-09-04-33901670861,business-economy-0903226475,business-economy,bbc-business,publish,ok,,421,79,421,554,43,82106,15441,66574,1531,254,922,,,,,,,
2026-09-04,2026-09-04-33901670861,world-7181048140,world,scmp-news,extract,failed,paywalled,,,,,,,,,,,,,,,,,,
2026-09-04,2026-09-04-33901670861,world-1740112469,world,thehindu-intl,publish,ok,too_short,58,42,58,748,39,38528,4166,34353,1071,132,922,,,,,,,
2026-09-04,2026-09-04-33901670861,world-2107420414,world,africanews,publish,ok,,610,79,610,1421,31,80466,19053,61402,1716,236,922,,,,,,,
2026-09-04,2026-09-04-33901670861,world-3896149803,world,apnews-world,publish,ok,,796,106,796,281,232,98125,26616,71421,2016,274,923,,,,,,,
2026-09-04,2026-09-04-33901670861,world-5110754439,world,france24,publish,ok,,591,79,591,311,40,86021,20724,65217,1761,248,922,,,,,,,
2026-09-04,2026-09-04-33901670861,world-7589098758,world,lemonde-en,publish,ok,too_short,35,42,35,1470,4,41043,2692,38343,1021,147,922,,,,,,,
2026-09-04,2026-09-04-33901670861,world-2206374510,world,africanews,publish,ok,,207,59,207,995,29,62826,8047,54659,1251,213,922,,,,,,,
2026-09-04,2026-09-04-33901670861,world-4667287471,world,anadolu-world,publish,ok,,290,55,290,5180,74,66984,12119,54858,1407,212,922,,,,,,,
2026-09-04,2026-09-04-33901670861,world-3889774378,world,abc-au-world,publish,ok,,150,57,150,854,60,61488,6508,54972,1162,215,922,,,,,,,
2026-09-04,2026-09-04-33901670861,india-0903779414,india,toi-india,publish,ok,,570,89,570,506,83,83377,18656,64712,1669,248,922,,,,,,,
2026-09-04,2026-09-04-33901670861,india-7832521229,india,livemint,publish,ok,,671,78,671,450,27,81857,21439,60269,1802,232,922,,,,,,,
2026-09-04,2026-09-04-33901670861,india-1758192055,india,economic-times,publish,ok,,254,61,254,472,46,64331,10902,53284,1345,209,922,,,,,,,
2026-09-04,2026-09-04-33901670861,india-7692688409,india,deccan-chronicle,publish,ok,,196,66,196,2497,34,57716,6822,50887,1205,198,922,,,,,,,
2026-09-04,2026-09-04-33901670861,india-7447975739,india,hindustan-times,publish,ok,,636,72,636,478,48,91592,21828,69754,1850,267,922,,,,,,,
2026-09-04,2026-09-04-33901670861,india-4243113225,india,the-quint,publish,ok,,1253,115,1253,698,61,124521,43745,80672,2758,306,923,,,,,,,
2026-09-04,2026-09-04-33901670861,india-4565039256,india,scroll-in,publish,ok,,1476,138,1476,729,40,124503,47350,77058,2856,287,923,,,,,,,
2026-09-04,2026-09-04-33901670861,india-4191033741,india,livemint-markets,publish,ok,,702,135,702,189,26,109753,25108,84532,1923,324,923,,,,,,,
2026-09-04,2026-09-04-33901670861,india-5447421986,india,livemint-companies,publish,ok,,481,74,481,217,25,79032,17205,61724,1627,240,922,,,,,,,
2026-09-04,2026-09-04-33901670861,india-0450096844,india,livemint-companies,extract,failed,paywalled,,,,,,,,,,,,,,,,,,
2026-09-04,2026-09-04-33901670861,ai-7892710726,ai,aws-ml-blog,publish,ok,,3846,185,4304,278,156,690174,605031,84960,5862,392,0,,,,,,,
2026-09-04,2026-09-04-33901670861,ai-9606508594,ai,techcrunch-ai,publish,ok,,685,82,685,511,41,225188,182454,42691,1813,224,0,,,,,,,
2026-09-04,2026-09-04-33901670861,ai-0117087889,ai,ars-technica-ai,publish,ok,,304,72,304,698,42,83056,44400,38610,1362,205,922,,,,,,,
2026-09-04,2026-09-04-33901670861,ai-7622914753,ai,fastcompany-tech,publish,ok,,1227,99,1227,494,76,305374,253297,52015,2512,266,0,,,,,,,
2026-09-04,2026-09-04-33901670861,energy-9565584829,energy,latitude-media,publish,ok,,1408,113,1408,591,36,246652,190430,56161,2793,294,923,,,,,,,
2026-09-04,2026-09-04-33901670861,energy-4161893721,energy,heatmap,extract,failed,paywalled,,,,,,,,,,,,,,,,,,
2026-09-04,2026-09-04-33901670861,energy-6273902739,energy,world-nuclear-news,publish,ok,,657,86,657,1037,25,152972,98368,54591,1891,289,922,,,,,,,
2026-09-04,2026-09-04-33901670861,energy-1947035093,energy,solar-quarter,publish,ok,,234,76,234,2075,93,82025,37189,44784,1289,240,922,,,,,,,
2026-09-04,2026-09-04-33901670861,business-economy-8923438465,business-economy,yahoo-finance,fetch,failed,robots_denied,,,,,,,,,,,,,,,,,,
2026-09-04,2026-09-04-33901670861,business-economy-5681741039,business-economy,quartz,publish,ok,not_prose,38,42,38,365,49,134680,103595,31076,1032,169,0,,,,,,,
2026-09-04,2026-09-04-33901670861,business-economy-8935037178,business-economy,aljazeera-economy,fetch,failed,robots_denied,,,,,,,,,,,,,,,,,,
2026-09-04,2026-09-04-33901670861,business-economy-6668046854,business-economy,aljazeera-economy,fetch,failed,robots_denied,,,,,,,,,,,,,,,,,,
2026-09-04,2026-09-04-33901670861,business-economy-1544903881,business-economy,npr-business,publish,ok,,1565,102,1565,493,44,261125,212312,48742,3007,250,923,,,,,,,
2026-09-04,2026-09-04-33901670861,business-economy-9554620819,business-economy,seekingalpha,fetch,failed,http_client_error,,,,,,,,,,,,,,,,,,
2026-09-04,2026-09-04-33901670861,world-2676832990,world,news18-world,fetch,failed,http_client_error,,,,,,,,,,,,,,,,,,
2026-09-04,2026-09-04-33901670861,world-6225201940,world,bbc-world,publish,ok,,372,55,372,359,56,88470,54394,34066,1458,182,922,,,,,,,
2026-09-04,2026-09-04-33901670861,world-4375025922,world,euronews,publish,ok,,895,130,895,727,73,188608,126705,61822,2174,327,923,,,,,,,
2026-09-04,2026-09-04-33901670861,world-1366221082,world,mongabay,publish,ok,,1469,95,1469,480,39,261475,213780,47540,3021,245,923,,,,,,,
2026-09-04,2026-09-04-33901670861,world-7798659614,world,lemonde-en,publish,ok,too_short,35,33,35,1240,131,32603,10410,22184,1023,122,922,,,,,,,
2026-09-04,2026-09-04-33901670861,world-0704242188,world,france24,publish,ok,,150,66,150,296,73,63177,25423,37745,1173,202,922,,,,,,,
2026-09-04,2026-09-04-33901670861,world-5612123551,world,elpais-en,publish,ok,,1414,106,1414,447,71,255931,189102,66704,2782,338,923,,,,,,,
2026-09-04,2026-09-04-33901670861,world-7141886836,world,japan-times,publish,ok,,141,74,141,1625,51,68776,25069,43698,1170,238,922,,,,,,,
2026-09-04,2026-09-04-33901670861,india-8830245765,india,the-hindu-national,publish,ok,,499,79,499,622,44,128653,77621,51018,1687,268,922,,,,,,,
2026-09-04,2026-09-04-33901670861,india-0544223039,india,toi-top,publish,ok,,1149,121,1149,439,93,211439,151063,60278,2407,311,923,,,,,,,
2026-09-04,2026-09-04-33901670861,india-4877709479,india,free-press-journal,publish,ok,,263,62,263,566,20,84835,41276,43421,1330,236,922,,,,,,,
2026-09-04,2026-09-04-33901670861,india-9965120275,india,ht-business,extract,failed,paywalled,,,,,,,,,,,,,,,,,,
2026-09-04,2026-09-04-33901670861,india-7987362544,india,economic-times,publish,ok,,751,113,751,501,78,151169,100841,50267,1916,266,923,,,,,,,
2026-09-04,2026-09-04-33901670861,india-6811425186,india,thehindu-all,publish,ok,,152,83,152,161,41,93387,34282,59097,1259,320,922,,,,,,,
2026-09-04,2026-09-04-33901670861,india-7917723048,india,livemint,publish,ok,,184,75,184,337,34,77129,32459,44660,1242,244,922,,,,,,,
2026-09-04,2026-09-04-33901670861,india-4046755680,india,frontline,publish,ok,,2843,170,2843,467,47,561888,477018,84723,4647,406,0,,,,,,,
2026-09-04,2026-09-04-33901670861,india-2795799545,india,the-federal,publish,ok,,752,79,752,1987,89,157773,107661,49978,1984,267,923,,,,,,,
2026-09-04,2026-09-04-33901670861,india-5159899547,india,thehindu-biz,publish,ok,,223,62,223,281,41,77004,42270,34722,1340,191,922,,,,,,,
2026-09-04,2026-09-04-33901670861,ai-8518725836,ai,aws-ml-blog,publish,ok,,3846,172,7177,504,163,747830,666700,80949,6371,380,0,,,,,,,
2026-09-04,2026-09-04-33901670861,ai-6650523182,ai,ars-technica-ai,publish,ok,,330,65,330,1122,36,180166,141749,38407,1394,208,0,,,,,,,
2026-09-04,2026-09-04-33901670861,ai-2983521844,ai,google-cloud-ai,publish,ok,,963,115,963,479,47,281941,231185,50673,2264,271,0,,,,,,,
2026-09-04,2026-09-04-33901670861,ai-9384007110,ai,wired-ai,publish,ok,,1144,130,1144,1124,129,208511,153693,54763,2415,292,923,,,,,,,
2026-09-04,2026-09-04-33901670861,energy-7096004095,energy,oilprice,publish,ok,,361,70,361,815,54,94826,52934,41881,1438,236,922,,,,,,,
2026-09-04,2026-09-04-33901670861,energy-9192991386,energy,electrek,publish,ok,,633,67,633,665,33,140485,94143,46329,1844,252,926,,,,,,,
2026-09-04,2026-09-04-33901670861,energy-2785003405,energy,pv-magazine,publish,ok,,410,90,410,2183,49,129378,72998,56333,1595,310,882,,,,,,,
2026-09-04,2026-09-04-33901670861,energy-2501737060,energy,solar-quarter,publish,ok,,386,63,386,11440,95,105353,62249,43053,1528,236,922,,,,,,,
2026-09-04,2026-09-04-33901670861,business-economy-4863243093,business-economy,fed-press,publish,ok,,107,69,107,595,24,64330,27781,36539,1192,201,922,,,,,,,
2026-09-04,2026-09-04-33901670861,business-economy-9562357193,business-economy,cna-business,publish,ok,,828,115,828,843,104,172771,116996,55650,2062,296,923,,,,,,,
2026-09-04,2026-09-04-33901670861,business-economy-1904368284,business-economy,guardian-business,publish,ok,not_prose,122,46,122,685,43,145576,116747,28789,1150,167,0,,,,,,,
2026-09-04,2026-09-04-33901670861,business-economy-5387403113,business-economy,semafor,publish,ok,,386,69,386,819,27,107839,60575,47179,1472,260,882,,,,,,,
2026-09-04,2026-09-04-33901670861,business-economy-1438457410,business-economy,bbc-business,publish,ok,not_prose,62,30,62,494,29,40469,15125,25257,1067,138,922,,,,,,,
2026-09-04,2026-09-04-33901670861,business-economy-3317771089,business-economy,seekingalpha,fetch,failed,http_client_error,,,,,,,,,,,,,,,,,,
2026-09-04,2026-09-04-33901670861,world-4234290374,world,euronews,publish,ok,,255,76,255,987,68,88751,41446,47249,1327,263,922,,,,,,,
2026-09-04,2026-09-04-33901670861,world-0821887692,world,news18-world,fetch,failed,http_client_error,,,,,,,,,,,,,,,,,,
2026-09-04,2026-09-04-33901670861,world-1194399654,world,mongabay,publish,ok,,144,58,144,789,25,57906,25613,32284,1170,185,922,,,,,,,
2026-09-04,2026-09-04-33901670861,world-4900332486,world,guardian-world,publish,ok,,791,103,791,207,46,166975,111478,55370,2008,295,923,,,,,,,
2026-09-04,2026-09-04-33901670861,world-0292277739,world,anadolu-world,publish,ok,,511,76,511,4766,225,111975,72318,39647,1628,216,922,,,,,,,
2026-09-04,2026-09-04-33901670861,world-7580600667,world,elpais-en,publish,ok,,1254,112,1254,798,80,236053,174623,61233,2606,315,923,,,,,,,
2026-09-04,2026-09-04-33901670861,world-6141427594,world,abc-au-world,publish,ok,,509,64,509,1234,70,110844,74351,36483,1646,206,922,,,,,,,
2026-09-04,2026-09-04-33901670861,world-5592008742,world,npr-world,publish,ok,,1297,115,1297,804,51,226110,174351,51688,2618,268,923,,,,,,,
2026-09-04,2026-09-04-33901670861,world-5521831996,world,npr-world,publish,ok,,760,100,760,492,34,168289,116736,51473,2062,274,923,,,,,,,
2026-09-04,2026-09-04-33901670861,india-6179601898,india,toi-india,publish,ok,,107,44,107,650,108,50601,21707,28885,1132,158,922,,,,,,,
2026-09-04,2026-09-04-33901670861,india-7000756509,india,free-press-journal,publish,ok,,455,65,455,805,21,110728,69173,41545,1593,230,922,,,,,,,
2026-09-04,2026-09-04-33901670861,india-1858561077,india,thehindu-business,publish,ok,,265,69,265,830,35,95048,46669,48370,1378,269,922,,,,,,,
2026-09-04,2026-09-04-33901670861,india-3490280168,india,scroll-in,publish,ok,,927,112,927,732,46,188463,132761,55539,2219,295,923,,,,,,,
2026-09-04,2026-09-04-33901670861,india-4982887324,india,thehindu-all,publish,ok,,418,90,418,876,46,109052,62617,46422,1533,253,922,,,,,,,
2026-09-04,2026-09-04-33901670861,india-5346993587,india,dna-india,publish,ok,,407,62,407,2453,80,99933,59846,40073,1505,220,922,,,,,,,
2026-09-04,2026-09-04-33901670861,india-4309060775,india,hindustan-times,publish,ok,,694,69,694,882,67,151085,103469,47604,1929,261,922,,,,,,,
2026-09-04,2026-09-04-33901670861,india-2405016879,india,the-federal,publish,ok,,616,73,616,803,76,141707,93772,47849,1835,260,922,,,,,,,
2026-09-04,2026-09-04-33901670861,india-2216838578,india,thehindu-biz,publish,ok,,684,79,684,314,44,143757,99595,44097,1892,247,922,,,,,,,
2026-09-04,2026-09-04-33918158597,ai-1693595274,ai,nvidia-technical-blog,publish,ok,,966,93,966,1180,89,126867,96063,30758,2202,234,0,,,,,,,
2026-09-04,2026-09-04-33918158597,ai-1037284254,ai,techcrunch-ai,publish,ok,,293,59,293,469,25,86326,61329,24988,1355,185,0,,,,,,,
2026-09-04,2026-09-04-33918158597,ai-5928849306,ai,fastcompany-tech,publish,ok,,498,81,498,1694,40,61180,30627,30544,1603,231,922,,,,,,,
2026-09-04,2026-09-04-33918158597,energy-7964581831,energy,oilprice,publish,ok,,1323,126,1323,912,30,130175,77821,52313,2653,388,923,,,,,,,
2026-09-04,2026-09-04-33918158597,energy-3954861688,energy,pv-magazine,publish,ok,,310,93,310,1479,31,61665,21415,40241,1401,300,922,,,,,,,
2026-09-04,2026-09-04-33918158597,energy-1355847251,energy,world-nuclear-news,publish,ok,,425,71,425,1677,13,55573,26512,29050,1514,215,922,,,,,,,
2026-09-04,2026-09-04-33918158597,business-economy-6330224149,business-economy,cna-business,publish,ok,,372,72,372,1736,63,55196,24416,30771,1462,230,922,,,,,,,
2026-09-04,2026-09-04-33918158597,business-economy-1142158805,business-economy,aljazeera-economy,fetch,failed,robots_denied,,,,,,,,,,,,,,,,,,
2026-09-04,2026-09-04-33918158597,business-economy-8651164601,business-economy,guardian-business,publish,ok,,1315,122,1315,511,30,124468,80633,43783,2674,325,923,,,,,,,
2026-09-04,2026-09-04-33918158597,business-economy-6693738572,business-economy,seekingalpha,fetch,failed,http_client_error,,,,,,,,,,,,,,,,,,
2026-09-04,2026-09-04-33918158597,world-9526852173,world,cna-world,publish,ok,,621,73,621,312,63,71570,38427,33132,1767,246,922,,,,,,,
2026-09-04,2026-09-04-33918158597,world-5181593399,world,cna-world,publish,ok,,354,73,354,653,57,52420,22731,29647,1429,222,922,,,,,,,
2026-09-04,2026-09-04-33918158597,world-6645400813,world,guardian-world,publish,ok,,1143,147,1143,514,27,115290,70567,44627,2476,332,923,,,,,,,
2026-09-04,2026-09-04-33918158597,world-1176083866,world,elpais-en,publish,ok,,555,67,555,656,37,61324,33018,28297,1659,210,922,,,,,,,
2026-09-04,2026-09-04-33918158597,world-9948887459,world,euronews,publish,ok,,509,49,509,908,40,61197,32952,28237,1654,215,922,,,,,,,
2026-09-04,2026-09-04-33918158597,world-6098743382,world,scmp-news,extract,failed,paywalled,,,,,,,,,,,,,,,,,,
2026-09-04,2026-09-04-33918158597,world-8916295143,world,elpais-en,publish,ok,,999,100,999,795,39,102991,61812,41029,2275,308,923,,,,,,,
2026-09-04,2026-09-04-33918158597,world-8816028434,world,bbc-world,publish,ok,,542,55,542,465,30,60269,32926,27335,1668,210,922,,,,,,,
2026-09-04,2026-09-04-33918158597,india-7681006932,india,the-hindu-national,publish,ok,,176,68,176,993,23,41163,13230,27926,1221,216,922,,,,,,,
2026-09-04,2026-09-04-33918158597,india-1806563371,india,economic-times,publish,ok,,619,64,619,397,52,69451,41002,28441,1846,217,922,,,,,,,
2026-09-04,2026-09-04-33918158597,india-7321423640,india,toi-top,publish,ok,,261,75,261,1047,60,50262,18374,31843,1336,246,922,,,,,,,
2026-09-04,2026-09-04-33918158597,india-2352727951,india,livemint-companies,publish,ok,,699,53,699,603,21,70385,44170,26206,1905,200,922,,,,,,,
2026-09-04,2026-09-04-33918158597,india-5484406218,india,thehindu-biz,publish,ok,,891,97,891,369,26,90392,54650,35697,2122,267,923,,,,,,,
2026-09-04,2026-09-04-33918158597,india-9361468591,india,hindustan-times,publish,ok,,568,76,568,404,33,69418,37782,31594,1767,241,922,,,,,,,
2026-09-04,2026-09-04-33918158597,india-9810362102,india,dna-india,publish,ok,,485,82,485,2648,52,72055,34407,37575,1681,288,922,,,,,,,
2026-09-04,2026-09-04-33918158597,india-3186906093,india,thehindu-business,publish,ok,,490,47,490,569,22,59328,35959,23316,1717,177,922,,,,,,,
2026-09-04,2026-09-04-33918158597,india-6507310533,india,the-federal,publish,ok,,1228,117,1228,2553,50,116780,75738,40982,2612,307,923,,,,,,,
2026-09-04,2026-09-04-33918158597,ai-1659263267,ai,aws-ml-blog,publish,ok,,1525,114,1525,363,111,251701,202895,48762,2951,275,0,,,,,,,
2026-09-04,2026-09-04-33918158597,ai-4382470188,ai,techcrunch-ai,publish,ok,,332,66,332,435,30,122377,93172,29171,1367,179,0,,,,,,,
2026-09-04,2026-09-04-33918158597,energy-6708173001,energy,electrek,publish,ok,,175,50,175,563,24,50530,19993,30529,1211,189,922,,,,,,,
2026-09-04,2026-09-04-33918158597,energy-9152081199,energy,oilprice,publish,ok,,345,81,345,1380,41,74312,36208,38095,1444,233,922,,,,,,,
2026-09-04,2026-09-04-33918158597,energy-0146781118,energy,solar-quarter,publish,ok,,339,85,339,5128,74,76961,34064,42888,1426,261,932,,,,,,,
2026-09-04,2026-09-04-33918158597,energy-2571758004,energy,cleantechnica,publish,ok,,931,90,931,1043,25,118822,85725,33046,2157,208,923,,,,,,,
2026-09-04,2026-09-04-33918158597,business-economy-9458442995,business-economy,cna-business,publish,ok,,865,132,865,567,82,131628,80480,51043,2081,295,923,,,,,,,
2026-09-04,2026-09-04-33918158597,business-economy-3690278063,business-economy,business-today-in,publish,ok,,107,55,107,573,79,44488,14012,30466,1134,189,932,,,,,,,
2026-09-04,2026-09-04-33918158597,business-economy-4228439409,business-economy,guardian-business,publish,ok,,578,92,578,1094,32,106557,57200,49347,1762,296,932,,,,,,,
2026-09-04,2026-09-04-33918158597,business-economy-0891626773,business-economy,seekingalpha,fetch,failed,http_client_error,,,,,,,,,,,,,,,,,,
2026-09-04,2026-09-04-33918158597,world-5224869570,world,abc-au-world,publish,ok,,725,94,725,802,65,108994,70271,38655,1938,248,923,,,,,,,
2026-09-04,2026-09-04-33918158597,world-4683263425,world,independent-world,publish,ok,,324,68,324,775,33,75576,38348,37192,1405,227,855,,,,,,,
2026-09-04,2026-09-04-33918158597,world-4725132916,world,news18-world,fetch,failed,http_client_error,,,,,,,,,,,,,,,,,,
2026-09-04,2026-09-04-33918158597,world-2625340380,world,africanews,publish,ok,,264,76,264,1750,26,68599,26392,42198,1305,259,922,,,,,,,
2026-09-04,2026-09-04-33918158597,world-9878594082,world,euronews,publish,ok,,1016,102,1016,850,55,143989,100217,43706,2374,253,923,,,,,,,
2026-09-04,2026-09-04-33918158597,world-4409400286,world,dw-world,publish,ok,,502,51,502,43063,27,80544,47690,32844,1614,198,922,,,,,,,
2026-09-04,2026-09-04-33918158597,world-2917536215,world,lemonde-en,publish,ok,too_short,35,38,35,2079,94,86219,68919,17293,1013,108,0,,,,,,,
2026-09-04,2026-09-04-33918158597,world-2414070319,world,anadolu-world,publish,ok,,1295,98,1295,12367,78,170803,124330,46403,2707,263,923,,,,,,,
2026-09-04,2026-09-04-33918158597,india-8913458362,india,toi-india,publish,ok,,343,71,343,560,80,75373,36840,38526,1454,235,922,,,,,,,
2026-09-04,2026-09-04-33918158597,india-6078604815,india,economic-times,publish,ok,,1729,123,1729,504,73,225799,171664,53982,3391,338,923,,,,,,,
2026-09-04,2026-09-04-33918158597,india-6252786968,india,livemint-companies,publish,ok,,564,77,564,561,26,97804,54047,43749,1705,264,922,,,,,,,
2026-09-04,2026-09-04-33918158597,india-6032174805,india,free-press-journal,publish,ok,,482,58,482,579,17,95376,50850,44481,1661,267,922,,,,,,,
2026-09-04,2026-09-04-33918158597,india-4477760852,india,thehindu-all,publish,ok,,509,114,509,434,33,94019,49697,44239,1644,267,922,,,,,,,
2026-09-04,2026-09-04-33918158597,india-1755762044,india,livemint-markets,publish,ok,,634,73,634,174,26,108580,65388,43138,1872,258,922,,,,,,,
2026-09-04,2026-09-04-33918158597,india-2249877202,india,livemint,publish,ok,,636,74,636,184,26,98016,60019,37947,1794,227,922,,,,,,,
2026-09-04,2026-09-04-33918158597,india-7757430630,india,scroll-in,publish,ok,,396,67,396,475,26,77384,39302,38033,1489,231,922,,,,,,,
2026-09-04,2026-09-04-33918158597,india-4838677406,india,dna-india,publish,ok,,181,72,181,2559,64,55889,21683,34199,1236,210,922,,,,,,,
2026-09-04,2026-09-04-33918158597,ai-9610411715,ai,databricks-blog,publish,ok,,1839,119,1839,546,103,392461,330932,61451,3280,335,0,,,,,,,
2026-09-04,2026-09-04-33918158597,ai-0585453021,ai,mit-tech-review-ai,publish,ok,,1393,94,1393,674,58,221026,179313,41657,2694,233,923,,,,,,,
2026-09-04,2026-09-04-33918158597,energy-7076598412,energy,balkangreen,publish,ok,,693,59,693,3913,42,227784,192542,35227,1916,196,0,,,,,,,
2026-09-04,2026-09-04-33918158597,energy-8317506793,energy,balkangreen,publish,ok,,473,74,473,1733,43,115214,69454,45716,1609,260,922,,,,,,,
2026-09-04,2026-09-04-33918158597,energy-4065398592,energy,pv-magazine,publish,ok,,1225,115,1225,1759,55,207890,157703,50117,2483,280,923,,,,,,,
2026-09-04,2026-09-04-33918158597,business-economy-0502902119,business-economy,quartz,publish,ok,,407,67,407,435,55,95590,59971,35605,1516,201,922,,,,,,,
2026-09-04,2026-09-04-33918158597,business-economy-0253869402,business-economy,aljazeera-economy,fetch,failed,robots_denied,,,,,,,,,,,,,,,,,,
2026-09-04,2026-09-04-33918158597,business-economy-8228259603,business-economy,semafor,publish,ok,,184,67,184,819,24,63633,27843,35779,1198,205,922,,,,,,,
2026-09-04,2026-09-04-33918158597,business-economy-8946881480,business-economy,bbc-business,publish,ok,,823,79,823,475,65,149672,111228,38375,2023,217,923,,,,,,,
2026-09-04,2026-09-04-33918158597,world-2750919500,world,abc-au-world,publish,ok,,1334,98,1334,827,77,231446,181060,50232,2712,277,923,,,,,,,
2026-09-04,2026-09-04-33918158597,world-8494990382,world,france24,publish,ok,,109,43,109,885,53,43938,19374,24552,1113,144,922,,,,,,,
2026-09-04,2026-09-04-33918158597,world-2346374589,world,apnews-world,publish,ok,,317,64,317,319,190,86761,48013,38738,1399,220,922,,,,,,,
2026-09-04,2026-09-04-33918158597,world-7912151903,world,news18-world,fetch,failed,http_client_error,,,,,,,,,,,,,,,,,,
2026-09-04,2026-09-04-33918158597,world-4658778797,world,france24,publish,ok,,316,65,316,334,54,82895,44318,38565,1362,219,922,,,,,,,
2026-09-04,2026-09-04-33918158597,world-1569385490,world,guardian-world,publish,ok,,553,102,553,501,42,125826,76690,49123,1681,280,922,,,,,,,
2026-09-04,2026-09-04-33918158597,world-0602477806,world,scmp-news,extract,failed,paywalled,,,,,,,,,,,,,,,,,,
2026-09-04,2026-09-04-33918158597,world-3285415666,world,thehindu-intl,publish,ok,,353,69,353,926,42,88659,50475,38137,1424,220,922,,,,,,,
2026-09-04,2026-09-04-33918158597,world-9967174732,world,japan-times,publish,ok,,89,57,89,1646,47,48187,16266,31912,1081,185,922,,,,,,,
2026-09-04,2026-09-04-33918158597,india-0603138021,india,toi-india,publish,ok,,325,75,325,721,218,87343,46542,40788,1383,231,922,,,,,,,
2026-09-04,2026-09-04-33918158597,india-9068099014,india,deccan-chronicle,publish,ok,,257,71,257,2388,44,74274,35241,39022,1271,222,922,,,,,,,
2026-09-04,2026-09-04-33918158597,india-1936349799,india,india-today,publish,ok,,238,67,238,611,78,75990,35146,40833,1270,230,922,,,,,,,
2026-09-04,2026-09-04-33918158597,india-6038388373,india,free-press-journal,publish,ok,,722,126,722,959,22,158544,103318,55123,1941,313,923,,,,,,,
2026-09-04,2026-09-04-33918158597,india-0188538829,india,hindustan-times,publish,ok,,540,75,540,585,59,123095,81890,41193,1732,235,922,,,,,,,
2026-09-04,2026-09-04-33918158597,india-3761214129,india,livemint,publish,ok,,658,79,658,1104,34,129223,84124,45049,1756,257,922,,,,,,,
2026-09-04,2026-09-04-33918158597,india-7765690755,india,thehindu-business,publish,ok,,357,68,357,879,35,92382,53066,39223,1447,226,922,,,,,,,
2026-09-04,2026-09-04-33918158597,india-7748659032,india,et-default,publish,ok,,555,60,555,618,87,147098,101549,45536,1939,257,935,,,,,,,
2026-09-04,2026-09-04-33918158597,india-4854869697,india,et-default,publish,ok,,498,72,498,416,78,118862,77629,41179,1692,235,922,,,,,,,
2026-09-04,2026-09-04-33918158597,ai-8940770350,ai,aws-ml-blog,publish,ok,,3514,86,3514,318,147,632649,584529,47555,5630,242,0,,,,,,,
2026-09-04,2026-09-04-33918158597,ai-2251107611,ai,pytorch-blog,publish,ok,not_prose,2310,39,2310,657,52,511069,476875,33700,5468,168,922,,,,,,,
2026-09-04,2026-09-04-33918158597,energy-4087852381,energy,electrek,publish,ok,,1403,134,1403,415,38,336376,279804,56496,2744,312,0,,,,,,,
2026-09-04,2026-09-04-33918158597,energy-6900280965,energy,heatmap,publish,ok,,3846,132,4009,84,83,573002,510929,61833,5803,313,924,,,,,,,
2026-09-04,2026-09-04-33918158597,energy-5253268983,energy,solar-quarter,summarize,failed,length_out_of_range,360,,360,1904,88,340134,,,,,,,,,,,,
2026-09-04,2026-09-04-33918158597,business-economy-3964776247,business-economy,semafor,publish,ok,,365,66,365,603,27,86110,52061,33991,1431,188,922,,,,,,,
2026-09-04,2026-09-04-33918158597,business-economy-1284533460,business-economy,quartz,publish,ok,,1907,84,1907,146,66,300546,258883,41606,3438,224,923,,,,,,,
2026-09-04,2026-09-04-33918158597,business-economy-0333615178,business-economy,business-today-in,publish,ok,,110,74,110,247,93,64156,20619,43527,1123,246,922,,,,,,,
2026-09-04,2026-09-04-33918158597,business-economy-0396025604,business-economy,bbc-business,publish,ok,,964,104,964,112,63,192865,135915,56827,2250,317,923,,,,,,,
2026-09-04,2026-09-04-33918158597,business-economy-3901375087,business-economy,econbrowser,publish,ok,,219,53,219,377,9,76514,47264,29242,1383,165,922,,,,,,,
2026-09-04,2026-09-04-33918158597,world-5280546658,world,independent-world,publish,ok,,597,72,597,331,37,123398,82756,40631,1731,225,922,,,,,,,
2026-09-04,2026-09-04-33918158597,world-7622967871,world,apnews-world,publish,ok,,612,67,612,111,214,141764,96525,45176,1864,248,922,,,,,,,
2026-09-04,2026-09-04-33918158597,world-2226752039,world,bbc-world,publish,ok,,319,75,319,26,53,93971,50848,43025,1422,244,922,,,,,,,
2026-09-04,2026-09-04-33918158597,world-2385293192,world,lemonde-en,publish,ok,too_short,35,29,35,1755,133,123541,103729,19803,1019,115,0,,,,,,,
2026-09-04,2026-09-04-33918158597,world-0574928521,world,dw-world,publish,ok,,1010,129,1010,43421,44,201471,144439,56905,2333,315,923,,,,,,,
2026-09-04,2026-09-04-33918158597,world-8964780272,world,africanews,publish,ok,,302,68,302,1888,37,87014,46137,40866,1375,232,922,,,,,,,
2026-09-04,2026-09-04-33918158597,world-5848712686,world,thehindu-intl,publish,ok,,547,71,547,610,42,126410,82535,43863,1731,244,922,,,,,,,
2026-09-04,2026-09-04-33918158597,world-9259572556,world,japan-times,publish,ok,,113,55,113,1787,47,50606,18443,32093,1103,185,922,,,,,,,
2026-09-04,2026-09-04-33918158597,india-6746523045,india,the-hindu-national,publish,ok,,281,94,281,175,38,101799,47202,54589,1383,305,922,,,,,,,
2026-09-04,2026-09-04-33918158597,india-1057460652,india,deccan-chronicle,publish,ok,,689,65,689,4592,43,128182,92634,35535,1828,199,922,,,,,,,
2026-09-04,2026-09-04-33918158597,india-6749899964,india,toi-top,publish,ok,,975,121,975,490,73,203352,144263,59016,2331,320,923,,,,,,,
2026-09-04,2026-09-04-33918158597,india-5192748709,india,india-today,publish,ok,,447,58,447,569,69,99306,62727,36519,1536,210,922,,,,,,,
2026-09-04,2026-09-04-33918158597,india-1553169183,india,livemint-markets,publish,ok,,308,71,308,225,28,92828,50325,42494,1415,244,922,,,,,,,
2026-09-04,2026-09-04-33918158597,india-8765760934,india,thehindu-all,publish,ok,,256,91,256,185,38,91658,45229,46419,1366,268,922,,,,,,,
2026-09-04,2026-09-04-33918158597,india-3853189392,india,thehindu-biz,publish,ok,,792,159,792,193,48,188833,119682,69087,2082,339,923,,,,,,,
2026-09-04,2026-09-04-33918158597,india-9799906161,india,scroll-in,publish,ok,,383,84,383,424,33,102329,56865,45453,1477,256,922,,,,,,,
2026-09-04,2026-09-04-33918158597,india-9234421276,india,the-federal,publish,ok,,805,118,805,533,79,186177,123120,62914,2111,348,923,,,,,,,
2026-09-05,2026-09-05-33951249328,ai-4519995980,ai,aws-ml-blog,publish,ok,,3700,193,3700,283,141,586043,477268,108656,5769,393,0,,,,,,,
2026-09-05,2026-09-05-33951249328,ai-6005628156,ai,guardian-ai,publish,ok,,1315,89,1315,475,44,274525,213627,60802,2615,243,0,,,,,,,
2026-09-05,2026-09-05-33951249328,ai-7042347599,ai,techcrunch-ai,publish,ok,,460,180,460,419,38,228706,133070,95565,1598,382,0,,,,,,,
2026-09-05,2026-09-05-33951249328,energy-8986944531,energy,pv-magazine,extract,failed,paywalled,,,,,,,,,,,,,,,,,,
2026-09-05,2026-09-05-33951249328,energy-2593021190,energy,inside-climate-news,publish,ok,,818,127,818,519,33,159937,88388,71450,1996,291,923,,,,,,,
2026-09-05,2026-09-05-33951249328,energy-4161893721,energy,heatmap,extract,failed,paywalled,,,,,,,,,,,,,,,,,,
2026-09-05,2026-09-05-33951249328,business-economy-9857110440,business-economy,business-today-in,publish,ok,,69,46,69,210,89,51393,12344,38976,1065,157,922,,,,,,,
2026-09-05,2026-09-05-33951249328,business-economy-3920646564,business-economy,aljazeera-economy,fetch,failed,robots_denied,,,,,,,,,,,,,,,,,,
2026-09-05,2026-09-05-33951249328,business-economy-3718187551,business-economy,guardian-business,publish,ok,,624,56,624,163,40,125364,72313,53038,1794,215,922,,,,,,,
2026-09-05,2026-09-05-33951249328,business-economy-5105295896,business-economy,semafor,publish,ok,,173,72,173,604,24,74311,21932,52293,1187,213,922,,,,,,,
2026-09-05,2026-09-05-33951249328,business-economy-0700070851,business-economy,seekingalpha,fetch,failed,http_client_error,,,,,,,,,,,,,,,,,,
2026-09-05,2026-09-05-33951249328,world-0428788326,world,japan-times,publish,ok,,133,68,133,1309,45,64178,17410,46761,1129,193,922,,,,,,,
2026-09-05,2026-09-05-33951249328,world-2801437398,world,news18-world,fetch,failed,http_client_error,,,,,,,,,,,,,,,,,,
2026-09-05,2026-09-05-33951249328,world-6942134806,world,mongabay,publish,ok,,1364,124,1364,571,34,241349,164844,76390,2897,300,923,,,,,,,
2026-09-05,2026-09-05-33951249328,world-2361666100,world,apnews-world,publish,ok,,237,61,237,125,173,88620,32215,56397,1308,230,922,,,,,,,
2026-09-05,2026-09-05-33951249328,world-4003540557,world,abc-au-world,publish,ok,,180,69,180,311,62,79280,24610,54663,1219,225,922,,,,,,,
2026-09-05,2026-09-05-33951249328,world-6632301452,world,independent-world,publish,ok,,307,55,307,569,34,85857,38023,47825,1382,197,922,,,,,,,
2026-09-05,2026-09-05-33951249328,world-4837089305,world,lemonde-en,publish,ok,too_short,35,32,35,1088,114,113858,84389,29460,1017,120,0,,,,,,,
2026-09-05,2026-09-05-33951249328,world-7378561082,world,npr-world,publish,ok,,655,69,655,798,40,130614,74730,55873,1828,228,922,,,,,,,
2026-09-05,2026-09-05-33951249328,india-3145716624,india,the-hindu-national,publish,ok,,276,67,276,305,41,97669,38637,58917,1397,243,922,,,,,,,
2026-09-05,2026-09-05-33951249328,india-2748272806,india,toi-india,publish,ok,,178,60,178,556,99,70638,23373,47257,1208,197,922,,,,,,,
2026-09-05,2026-09-05-33951249328,india-8660181076,india,free-press-journal,publish,ok,,273,61,273,661,19,86341,35482,50850,1356,212,922,,,,,,,
2026-09-05,2026-09-05-33951249328,india-6782522760,india,livemint-markets,extract,failed,paywalled,,,,,,,,,,,,,,,,,,
2026-09-05,2026-09-05-33951249328,india-4404915108,india,india-today,publish,ok,,433,54,433,216,60,94210,52669,41531,1569,172,922,,,,,,,
2026-09-05,2026-09-05-33951249328,india-2120574307,india,deccan-chronicle,publish,ok,,847,102,847,10340,42,151359,89718,61531,2022,251,923,,,,,,,
2026-09-05,2026-09-05-33951249328,india-3501900842,india,the-quint,publish,ok,,1220,120,1220,847,67,206070,128877,77038,2509,309,923,,,,,,,
2026-09-05,2026-09-05-33951249328,india-0730247305,india,et-default,publish,ok,,897,135,897,65,79,198439,116607,81678,2343,328,923,,,,,,,
2026-09-05,2026-09-05-33951249328,india-3285287630,india,dna-india,publish,ok,,437,86,437,1890,79,113990,49412,64569,1531,267,922,,,,,,,
2026-09-05,2026-09-05-33951249328,india-8685237741,india,ht-business,extract,failed,paywalled,,,,,,,,,,,,,,,,,,
2026-09-05,2026-09-05-33951249328,india-4481543620,india,the-quint,publish,ok,,194,58,194,107,53,69492,23971,45513,1218,190,922,,,,,,,
2026-09-05,2026-09-05-33951249328,ai-8843164117,ai,ars-technica-ai,publish,ok,,421,61,421,749,41,193720,153908,39798,1520,226,0,,,,,,,
2026-09-05,2026-09-05-33951249328,ai-0338297127,ai,bbc-tech,extract,failed,no_text,,,,,,,,,,,,,,,,,,
2026-09-05,2026-09-05-33951249328,energy-1334662763,energy,solar-quarter,publish,ok,,278,79,278,12606,89,95866,46097,49759,1375,285,922,,,,,,,
2026-09-05,2026-09-05-33951249328,energy-8374933861,energy,electrek,publish,ok,,428,96,428,367,31,117022,64231,52780,1553,291,922,,,,,,,
2026-09-05,2026-09-05-33951249328,energy-2013833210,energy,oilprice,publish,ok,,2179,157,2179,495,55,434928,378137,56606,3705,300,0,,,,,,,
2026-09-05,2026-09-05-33951249328,energy-8443794758,energy,pv-magazine,extract,failed,paywalled,,,,,,,,,,,,,,,,,,
2026-09-05,2026-09-05-33951249328,business-economy-8467992357,business-economy,aljazeera-economy,fetch,failed,robots_denied,,,,,,,,,,,,,,,,,,
2026-09-05,2026-09-05-33951249328,business-economy-1833089816,business-economy,bbc-business,publish,ok,,102,72,102,30,55,53273,18514,34751,1104,199,922,,,,,,,
2026-09-05,2026-09-05-33951249328,business-economy-7608444866,business-economy,marginal-revolution,publish,ok,,206,52,206,451,13,63860,30525,33325,1222,187,922,,,,,,,
2026-09-05,2026-09-05-33951249328,business-economy-1122034293,business-economy,yahoo-finance,publish,ok,,616,56,616,228,66,148666,106313,42341,1960,235,922,,,,,,,
2026-09-05,2026-09-05-33951249328,business-economy-0540677315,business-economy,econbrowser,publish,ok,,142,61,142,750,8,65085,27741,37292,1193,206,922,,,,,,,
2026-09-05,2026-09-05-33951249328,world-4584605946,world,scmp-news,extract,failed,paywalled,,,,,,,,,,,,,,,,,,
2026-09-05,2026-09-05-33951249328,world-6423738125,world,bbc-world,publish,ok,,89,66,89,29,56,51119,16625,34485,1086,198,922,,,,,,,
2026-09-05,2026-09-05-33951249328,world-6268955299,world,independent-world,publish,ok,,1198,122,1198,1635,72,325004,263390,61503,2588,333,0,,,,,,,
2026-09-05,2026-09-05-33951249328,world-4246761197,world,abc-au-world,publish,ok,,412,73,412,883,67,105651,64316,41324,1554,233,922,,,,,,,
2026-09-05,2026-09-05-33951249328,world-4555635061,world,guardian-world,publish,ok,,655,74,655,234,41,139262,94073,45176,1844,250,922,,,,,,,
2026-09-05,2026-09-05-33951249328,world-1866301636,world,elpais-en,publish,ok,,1590,110,1590,820,69,254887,202063,52766,2889,285,923,,,,,,,
2026-09-05,2026-09-05-33951249328,world-0367201388,world,mongabay,publish,ok,,466,69,466,504,25,108677,68591,40031,1597,225,922,,,,,,,
2026-09-05,2026-09-05-33951249328,world-3564118146,world,global-voices,publish,ok,,1315,134,1315,2284,49,252749,193324,59333,2812,323,923,,,,,,,
2026-09-05,2026-09-05-33951249328,india-4558778450,india,economic-times,publish,ok,,81,56,81,63,200,53375,18430,34936,1103,198,922,,,,,,,
2026-09-05,2026-09-05-33951249328,india-1729575264,india,free-press-journal,publish,ok,,360,67,360,522,19,102240,56007,46223,1471,260,922,,,,,,,
2026-09-05,2026-09-05-33951249328,india-2096901682,india,thehindu-biz,publish,ok,,860,138,860,491,51,187987,120766,67139,2106,373,923,,,,,,,
2026-09-05,2026-09-05-33951249328,india-3207133142,india,thehindu-business,publish,ok,,646,81,646,247,37,161736,104913,56810,1952,316,922,,,,,,,
2026-09-05,2026-09-05-33951249328,india-9965120275,india,ht-business,extract,failed,paywalled,,,,,,,,,,,,,,,,,,
2026-09-05,2026-09-05-33951249328,india-2070839916,india,thehindu-all,publish,ok,,244,80,244,111,39,86315,42314,43941,1337,250,922,,,,,,,
2026-09-05,2026-09-05-33951249328,india-3645071121,india,livemint,publish,ok,,1225,110,1225,238,37,232242,179734,52358,2685,287,923,,,,,,,
2026-09-05,2026-09-05-33951249328,india-6767432485,india,india-today,publish,ok,,494,62,494,174,64,103653,67211,36431,1581,204,922,,,,,,,
2026-09-05,2026-09-05-33951249328,india-7200579124,india,newslaundry,publish,ok,,439,54,439,777,60,98366,63886,34470,1550,190,922,,,,,,,
2026-09-05,2026-09-05-33951249328,india-5783299886,india,livemint-companies,publish,ok,,455,68,455,66,28,111315,69138,42166,1601,239,922,,,,,,,
2026-09-05,2026-09-05-33951249328,ai-0768788217,ai,techcrunch-ai,publish,ok,,804,118,804,107,46,260512,199089,61356,1975,312,0,,,,,,,
2026-09-05,2026-09-05-33951249328,ai-8453636436,ai,guardian-ai,publish,ok,,79,52,79,431,38,142119,107460,34619,1075,190,0,,,,,,,
2026-09-05,2026-09-05-33951249328,energy-2257752325,energy,cleantechnica,publish,ok,,1170,117,1170,558,34,251183,187434,63698,2760,328,923,,,,,,,
2026-09-05,2026-09-05-33951249328,energy-5034167989,energy,electrek,publish,ok,,462,86,462,317,33,123725,69973,53742,1613,283,922,,,,,,,
2026-09-05,2026-09-05-33951249328,energy-9985462694,energy,inside-climate-news,publish,ok,,1896,114,1896,354,44,296414,243791,52557,3307,269,923,,,,,,,
2026-09-05,2026-09-05-33951249328,energy-6357248717,energy,heatmap,extract,failed,paywalled,,,,,,,,,,,,,,,,,,
2026-09-05,2026-09-05-33951249328,business-economy-3091175802,business-economy,cna-business,publish,ok,,339,84,339,619,102,94370,47176,47144,1390,252,922,,,,,,,
2026-09-05,2026-09-05-33951249328,business-economy-1955568690,business-economy,business-today-in,publish,ok,not_prose,88,44,88,414,100,43179,16625,26506,1086,144,922,,,,,,,
2026-09-05,2026-09-05-33951249328,business-economy-0223501523,business-economy,guardian-business,publish,ok,,1019,155,1019,167,47,217296,138638,78499,2288,411,923,,,,,,,
2026-09-05,2026-09-05-33951249328,business-economy-6725615841,business-economy,semafor,publish,ok,,743,115,743,742,33,159684,105643,53975,1965,278,923,,,,,,,
2026-09-05,2026-09-05-33951249328,business-economy-8248160358,business-economy,seekingalpha,fetch,failed,http_client_error,,,,,,,,,,,,,,,,,,
2026-09-05,2026-09-05-33951249328,world-7249129459,world,japan-times,publish,ok,,329,65,329,1249,51,83520,45754,37716,1375,200,922,,,,,,,
2026-09-05,2026-09-05-33951249328,world-6413840872,world,news18-world,fetch,failed,http_client_error,,,,,,,,,,,,,,,,,,
2026-09-05,2026-09-05-33951249328,world-2978247306,world,euronews,publish,ok,,425,79,425,740,67,103916,58457,45448,1496,239,922,,,,,,,
2026-09-05,2026-09-05-33951249328,world-1254278260,world,apnews-world,publish,ok,,558,61,558,162,232,130577,82098,48468,1731,244,922,,,,,,,
2026-09-05,2026-09-05-33951249328,world-2616907670,world,france24,publish,ok,,171,91,171,909,51,77445,27480,49916,1192,265,922,,,,,,,
2026-09-05,2026-09-05-33951249328,world-4149558733,world,guardian-world,publish,ok,,719,119,719,89,48,155488,103487,51910,1944,266,923,,,,,,,
2026-09-05,2026-09-05-33951249328,world-9977965154,world,lemonde-en,publish,ok,too_short,35,41,35,1159,128,123538,102389,21140,1021,116,0,,,,,,,
2026-09-05,2026-09-05-33951249328,world-1005102851,world,africanews,publish,ok,,215,67,215,1043,33,74985,33853,41124,1254,221,922,,,,,,,
2026-09-05,2026-09-05-33951249328,india-0896818011,india,the-hindu-national,publish,ok,,274,65,274,487,52,82565,43590,38966,1350,206,922,,,,,,,
2026-09-05,2026-09-05-33951249328,india-2232104937,india,toi-india,publish,ok,,317,55,317,509,109,78904,46027,32866,1375,173,922,,,,,,,
2026-09-05,2026-09-05-33951249328,india-7642679643,india,toi-top,publish,ok,,500,71,500,126,84,111048,69530,41506,1607,218,922,,,,,,,
2026-09-05,2026-09-05-33951249328,india-3561074642,india,thehindu-business,publish,ok,,334,58,334,221,35,82595,47326,35260,1387,188,922,,,,,,,
2026-09-05,2026-09-05-33951249328,india-7602266747,india,livemint,publish,ok,,594,73,594,365,34,133633,87338,46282,1782,243,922,,,,,,,
2026-09-05,2026-09-05-33951249328,india-9537359802,india,toi-top,publish,ok,,520,56,520,60,67,110994,73308,37617,1646,197,922,,,,,,,
2026-09-05,2026-09-05-33951249328,india-8487774185,india,et-default,publish,ok,,450,77,450,335,77,122068,71103,50955,1623,267,922,,,,,,,
2026-09-05,2026-09-05-33951249328,india-9882417820,india,dna-india,publish,ok,,504,76,504,2076,86,120836,75340,45393,1666,238,922,,,,,,,
2026-09-05,2026-09-05-33951249328,india-6009496480,india,frontline,publish,ok,,1949,141,1949,352,43,336839,268697,68015,3550,346,923,,,,,,,
2026-09-05,2026-09-05-33951249328,india-0967473413,india,scroll-in,publish,ok,,340,99,340,486,33,120608,60909,59630,1522,306,922,,,,,,,
2026-09-05,2026-09-05-33951249328,india-9061998304,india,livemint-companies,extract,failed,paywalled,,,,,,,,,,,,,,,,,,
2026-09-05,2026-09-05-33951249328,ai-1771303250,ai,aws-ml-blog,publish,ok,,2526,116,2526,230,145,512073,464060,47883,4503,255,0,,,,,,,
2026-09-05,2026-09-05-33951249328,ai-8583367374,ai,simon-willison,publish,ok,,279,70,279,147,9,180273,138023,42210,1368,244,0,,,,,,,
2026-09-05,2026-09-05-33951249328,energy-6030913542,energy,solar-quarter,publish,ok,,330,62,330,10345,88,100889,58181,42698,1490,246,922,,,,,,,
2026-09-05,2026-09-05-33951249328,energy-9934857809,energy,oilprice,publish,ok,,721,106,721,1134,45,232035,189188,42775,1866,247,0,,,,,,,
2026-09-05,2026-09-05-33951249328,energy-2006975927,energy,modern-power,publish,ok,,312,56,312,723,30,89507,50639,38859,1419,226,922,,,,,,,
2026-09-05,2026-09-05-33951249328,energy-5015378454,energy,cleantechnica,publish,ok,,1114,117,1114,717,29,206938,157185,49658,2461,280,923,,,,,,,
2026-09-05,2026-09-05-33951249328,business-economy-2555188727,business-economy,cna-business,publish,ok,,332,62,332,972,102,82203,47282,34913,1384,202,922,,,,,,,
2026-09-05,2026-09-05-33951249328,business-economy-2636744355,business-economy,bbc-business,publish,ok,,268,64,268,366,60,83368,42772,40586,1341,233,922,,,,,,,
2026-09-05,2026-09-05-33951249328,business-economy-2929890416,business-economy,npr-business,publish,ok,,1002,150,1002,877,36,200074,140435,59574,2297,336,923,,,,,,,
2026-09-05,2026-09-05-33951249328,business-economy-0355106286,business-economy,yahoo-finance,publish,ok,,605,91,605,1136,69,143042,97399,45632,1872,258,922,,,,,,,
2026-09-05,2026-09-05-33951249328,business-economy-4129576080,business-economy,econbrowser,publish,ok,not_prose,41,34,41,404,8,127330,105245,22076,1038,129,0,,,,,,,
2026-09-05,2026-09-05-33951249328,world-5103111388,world,scmp-news,extract,failed,paywalled,,,,,,,,,,,,,,,,,,
2026-09-05,2026-09-05-33951249328,world-5640766746,world,euronews,publish,ok,,261,51,261,738,61,74057,40674,33333,1318,193,922,,,,,,,
2026-09-05,2026-09-05-33951249328,world-7717177721,world,france24,publish,ok,,792,115,792,1195,52,157113,109585,47453,1990,270,923,,,,,,,
2026-09-05,2026-09-05-33951249328,world-3488404022,world,africanews,publish,ok,,426,82,426,1265,34,98631,60559,38063,1515,218,922,,,,,,,
2026-09-05,2026-09-05-33951249328,world-9234143294,world,anadolu-world,publish,ok,,894,109,894,6057,84,172263,123987,48128,2130,275,923,,,,,,,
2026-09-05,2026-09-05-33951249328,world-6845826758,world,elpais-en,publish,ok,,814,111,814,1002,63,154973,104822,49972,1945,286,923,,,,,,,
2026-09-05,2026-09-05-33951249328,world-9386525328,world,anadolu-world,publish,ok,,726,127,726,3896,214,156165,101782,54322,1913,307,923,,,,,,,
2026-09-05,2026-09-05-33951249328,world-3011290023,world,global-voices,publish,ok,,1343,119,1343,2980,48,237435,184774,52560,2725,287,923,,,,,,,
2026-09-05,2026-09-05-33951249328,india-6844107620,india,economic-times,publish,ok,,827,111,827,270,91,182441,127614,54706,2172,309,923,,,,,,,
2026-09-05,2026-09-05-33951249328,india-3087457770,india,thehindu-biz,publish,ok,,340,71,340,655,46,85620,49719,35889,1410,206,922,,,,,,,
2026-09-05,2026-09-05-33951249328,india-5158372864,india,livemint-markets,extract,failed,paywalled,,,,,,,,,,,,,,,,,,
2026-09-05,2026-09-05-33951249328,india-7006840916,india,deccan-chronicle,publish,ok,,500,91,500,2355,46,132449,84231,48206,1746,275,922,,,,,,,
2026-09-05,2026-09-05-33951249328,india-3586132195,india,hindustan-times,publish,ok,,984,119,984,329,63,194633,139233,55263,2282,311,923,,,,,,,
2026-09-05,2026-09-05-33951249328,india-1692416231,india,thehindu-all,publish,ok,,197,62,197,746,39,84045,35559,48398,1270,279,922,,,,,,,
2026-09-05,2026-09-05-33951249328,india-1325364447,india,hindustan-times,publish,ok,,312,66,312,156,52,86679,46790,39879,1381,230,922,,,,,,,
2026-09-05,2026-09-05-33951249328,india-8512905354,india,the-federal,publish,ok,,656,62,656,4537,79,142982,98519,44451,1887,254,922,,,,,,,
2026-09-05,2026-09-05-33951249328,india-0265465173,india,the-federal,publish,ok,,503,45,503,2380,79,101882,71948,29866,1627,174,922,,,,,,,
2026-09-05,2026-09-05-33951249328,india-4783245349,india,scroll-in,publish,ok,,2785,157,2785,503,53,457020,391601,65286,4697,348,924,,,,,,,
2026-09-05,2026-09-05-33961270208,ai-0768788217,ai,techcrunch-ai,publish,ok,,804,108,804,381,80,180424,135138,45217,1975,280,0,,,,,,,
2026-09-05,2026-09-05-33961270208,ai-6005628156,ai,guardian-ai,publish,ok,,1315,89,1315,294,38,156877,116901,39934,2615,243,923,,,,,,,
2026-09-05,2026-09-05-33961270208,energy-1706012622,energy,inside-climate-news,publish,ok,,1300,144,1300,296,28,171742,119121,52570,2651,317,923,,,,,,,
2026-09-05,2026-09-05-33961270208,energy-5034167989,energy,electrek,publish,ok,,462,86,462,344,26,155416,110205,45200,1613,282,0,,,,,,,
2026-09-05,2026-09-05-33961270208,energy-2006975927,energy,modern-power,publish,ok,,312,54,312,421,24,68236,34344,33852,1419,213,922,,,,,,,
2026-09-05,2026-09-05-33961270208,business-economy-3091175802,business-economy,cna-business,publish,ok,,339,83,339,1033,77,72556,32118,40429,1390,254,922,,,,,,,
2026-09-05,2026-09-05-33961270208,business-economy-5982162813,business-economy,quartz,publish,ok,,3555,168,3555,167,73,450141,390053,59941,5580,331,0,,,,,,,
2026-09-05,2026-09-05-33961270208,business-economy-8854259647,business-economy,aljazeera-economy,fetch,failed,robots_denied,,,,,,,,,,,,,,,,,,
2026-09-05,2026-09-05-33961270208,business-economy-4667585465,business-economy,guardian-business,publish,ok,,1282,87,1282,262,40,162603,121296,41234,2679,248,923,,,,,,,
2026-09-05,2026-09-05-33961270208,business-economy-5105295896,business-economy,semafor,publish,ok,,173,72,173,586,28,52013,18391,33612,1187,213,922,,,,,,,
2026-09-05,2026-09-05-33961270208,business-economy-4129576080,business-economy,econbrowser,fetch,failed,robots_unreachable,,,,,,,,,,,,,,,,,,
2026-09-05,2026-09-05-33961270208,world-0888516633,world,bbc-world,publish,ok,,477,84,477,290,47,83717,45415,38292,1577,237,922,,,,,,,
2026-09-05,2026-09-05-33961270208,world-0242557247,world,apnews-world,publish,ok,,225,73,225,197,163,56102,23431,32663,1262,206,922,,,,,,,
2026-09-05,2026-09-05-33961270208,world-0087271742,world,independent-world,publish,ok,,590,77,590,407,35,93289,56662,36616,1744,225,922,,,,,,,
2026-09-05,2026-09-05-33961270208,world-8926204376,world,guardian-world,publish,ok,,1785,103,1785,158,43,205282,162062,43092,3261,254,923,,,,,,,
2026-09-05,2026-09-05-33961270208,world-1193024911,world,thehindu-intl,publish,ok,,296,48,296,282,33,69927,37663,32223,1467,203,922,,,,,,,
2026-09-05,2026-09-05-33961270208,world-2201600395,world,abc-au-world,publish,ok,,246,59,246,513,57,57275,25636,31631,1295,199,922,,,,,,,
2026-09-05,2026-09-05-33961270208,world-5767472350,world,africanews,publish,ok,,261,66,261,861,29,62027,27606,34413,1321,218,922,,,,,,,
2026-09-05,2026-09-05-33961270208,world-9234143294,world,anadolu-world,publish,ok,,894,114,894,4443,67,132655,83595,49002,2130,299,923,,,,,,,
2026-09-05,2026-09-05-33961270208,world-3564118146,world,global-voices,publish,ok,,1315,115,1315,1950,39,179302,131255,47977,2812,288,923,,,,,,,
2026-09-05,2026-09-05-33961270208,india-3888893361,india,toi-india,publish,ok,,508,57,508,357,182,88923,54258,34657,1709,218,922,,,,,,,
2026-09-05,2026-09-05-33961270208,india-4722406444,india,thehindu-business,publish,ok,,344,69,344,484,28,77125,37542,39541,1464,249,922,,,,,,,
2026-09-05,2026-09-05-33961270208,india-3087457770,india,thehindu-biz,publish,ok,,340,69,340,159,41,67281,33543,33729,1410,213,922,,,,,,,
2026-09-05,2026-09-05-33961270208,india-9537359802,india,toi-top,publish,ok,,520,72,520,27,54,86626,49879,36738,1646,229,922,,,,,,,
2026-09-05,2026-09-05-33961270208,india-8961830221,india,toi-top,publish,ok,,599,98,599,55,49,108916,60642,48264,1803,302,922,,,,,,,
2026-09-05,2026-09-05-33961270208,india-2089752244,india,the-federal,publish,ok,,422,86,422,2466,64,97437,46460,50885,1596,313,922,,,,,,,
2026-09-05,2026-09-05-33961270208,india-5021496680,india,the-federal,publish,ok,,1189,117,1189,254,76,154798,109124,45589,2474,276,923,,,,,,,
2026-09-05,2026-09-05-33961270208,india-3604700039,india,india-today,publish,ok,,350,76,350,174,57,75948,37292,38595,1459,243,922,,,,,,,
2026-09-05,2026-09-05-33961270208,india-7024129557,india,et-default,publish,ok,,488,71,488,425,56,98129,57446,40674,1753,254,922,,,,,,,
2026-09-05,2026-09-05-33961270208,india-6009496480,india,frontline,publish,ok,,1949,155,1949,413,32,248397,183042,65225,3550,382,923,,,,,,,
2026-09-05,2026-09-05-33961270208,ai-5778761892,ai,wired-ai,publish,ok,,923,98,923,658,137,256155,211979,44119,2109,235,0,,,,,,,
2026-09-05,2026-09-05-33961270208,ai-1771303250,ai,aws-ml-blog,publish,ok,,2526,116,2526,265,140,508892,459282,49439,4503,255,0,,,,,,,
2026-09-05,2026-09-05-33961270208,ai-7042347599,ai,techcrunch-ai,publish,ok,,460,101,460,389,44,220721,160817,59860,1598,308,0,,,,,,,
2026-09-05,2026-09-05-33961270208,energy-5912092241,energy,solar-quarter,publish,ok,,311,72,311,2199,98,99255,50745,48464,1421,256,922,,,,,,,
2026-09-05,2026-09-05-33961270208,energy-9934857809,energy,oilprice,publish,ok,,721,106,721,473,47,139920,95736,44091,1866,247,923,,,,,,,
2026-09-05,2026-09-05-33961270208,energy-5015378454,energy,cleantechnica,publish,ok,,1114,117,1114,613,31,207390,156139,51143,2461,280,923,,,,,,,
2026-09-05,2026-09-05-33961270208,business-economy-1833089816,business-economy,bbc-business,publish,ok,,102,72,102,287,70,54367,18544,35814,1104,199,922,,,,,,,
2026-09-05,2026-09-05-33961270208,business-economy-8868037622,business-economy,yahoo-finance,publish,ok,,1220,109,1220,421,91,254276,190100,63996,2795,346,923,,,,,,,
2026-09-05,2026-09-05-33961270208,business-economy-1929400306,business-economy,semafor,publish,ok,,746,106,746,849,35,145927,98385,47483,1894,264,923,,,,,,,
2026-09-05,2026-09-05-33961270208,business-economy-7608444866,business-economy,marginal-revolution,publish,ok,,206,52,206,526,15,64880,30552,34319,1222,187,922,,,,,,,
2026-09-05,2026-09-05-33961270208,business-economy-2668312977,business-economy,seekingalpha,fetch,failed,http_client_error,,,,,,,,,,,,,,,,,,
2026-09-05,2026-09-05-33961270208,world-0428788326,world,japan-times,publish,ok,,133,67,133,1480,53,59694,21327,38358,1129,206,922,,,,,,,
2026-09-05,2026-09-05-33961270208,world-5215267637,world,scmp-news,extract,failed,paywalled,,,,,,,,,,,,,,,,,,
2026-09-05,2026-09-05-33961270208,world-1991060359,world,thehindu-intl,publish,ok,,486,70,486,549,50,122252,73346,48893,1638,252,922,,,,,,,
2026-09-05,2026-09-05-33961270208,world-2726548665,world,news18-world,fetch,failed,http_client_error,,,,,,,,,,,,,,,,,,
2026-09-05,2026-09-05-33961270208,world-9504811408,world,france24,publish,ok,,163,63,163,345,214,64917,26226,38638,1179,214,922,,,,,,,
2026-09-05,2026-09-05-33961270208,world-1444088413,world,lemonde-en,publish,ok,too_short,35,31,35,983,6,120938,102498,18430,1019,102,0,,,,,,,
2026-09-05,2026-09-05-33961270208,world-4311006854,world,dw-world,publish,ok,,1331,105,1331,2050,40,227905,179897,47930,2694,259,923,,,,,,,
2026-09-05,2026-09-05-33961270208,world-0589601615,world,mongabay,publish,ok,too_short,45,31,45,262,23,38762,10863,27890,1027,132,922,,,,,,,
2026-09-05,2026-09-05-33961270208,world-6845826758,world,elpais-en,publish,ok,,814,111,814,1038,65,155781,103750,51860,1945,286,923,,,,,,,
2026-09-05,2026-09-05-33961270208,india-6660298821,india,the-hindu-national,publish,ok,,290,68,290,117,41,92559,47012,45536,1384,242,922,,,,,,,
2026-09-05,2026-09-05-33961270208,india-0590901561,india,toi-india,publish,ok,,594,67,594,989,120,132274,84133,48129,1750,252,922,,,,,,,
2026-09-05,2026-09-05-33961270208,india-8840531891,india,free-press-journal,publish,ok,,278,72,278,581,21,98240,49731,48424,1410,254,922,,,,,,,
2026-09-05,2026-09-05-33961270208,india-7006840916,india,deccan-chronicle,publish,ok,,500,91,500,6432,48,138400,83970,54418,1746,275,922,,,,,,,
2026-09-05,2026-09-05-33961270208,india-2120574307,india,deccan-chronicle,publish,ok,,847,109,847,1060,45,159863,111267,48447,2022,263,923,,,,,,,
2026-09-05,2026-09-05-33961270208,india-5313351707,india,thehindu-all,publish,ok,,510,65,510,115,43,129966,79560,50334,1704,258,922,,,,,,,
2026-09-05,2026-09-05-33961270208,india-3069438879,india,et-default,publish,ok,,563,83,563,352,85,143071,92687,50302,1829,273,922,,,,,,,
2026-09-05,2026-09-05-33961270208,india-8495460212,india,scroll-in,publish,ok,not_prose,14,44,14,479,48,47324,8989,38328,1008,190,922,,,,,,,
2026-09-05,2026-09-05-33961270208,india-9915908779,india,dna-india,publish,ok,,333,84,333,2196,89,105403,52428,52912,1438,298,922,,,,,,,
2026-09-05,2026-09-05-33961270208,india-7908298376,india,newslaundry,publish,ok,,851,103,851,709,69,174692,125416,49131,2159,264,923,,,,,,,
2026-09-05,2026-09-05-33961270208,india-0639488419,india,ht-business,publish,ok,,548,60,548,532,62,131708,90280,41417,1819,236,926,,,,,,,
2026-09-05,2026-09-05-33961270208,ai-1195630026,ai,fastcompany-tech,publish,ok,,283,75,283,745,69,169387,133263,36087,1337,205,0,,,,,,,
2026-09-05,2026-09-05-33961270208,ai-0255146946,ai,guardian-ai,publish,ok,,1301,108,1301,457,55,314449,263706,50639,2626,276,0,,,,,,,
2026-09-05,2026-09-05-33961270208,energy-2257752325,energy,cleantechnica,publish,ok,,1170,117,1170,780,33,245919,185750,60119,2760,328,923,,,,,,,
2026-09-05,2026-09-05-33961270208,energy-3512307432,energy,solar-quarter,publish,ok,,294,68,294,953,96,85031,42155,42865,1340,244,922,,,,,,,
2026-09-05,2026-09-05-33961270208,energy-2013833210,energy,oilprice,publish,ok,,2179,157,2179,812,57,449850,393151,56498,3705,300,0,,,,,,,
2026-09-05,2026-09-05-33961270208,business-economy-3274753167,business-economy,business-today-in,publish,ok,not_prose,53,39,53,607,97,136250,106514,29728,1064,172,0,,,,,,,
2026-09-05,2026-09-05-33961270208,business-economy-3543664314,business-economy,business-today-in,publish,ok,not_prose,654,46,654,523,56,176661,143648,32963,2343,182,922,,,,,,,
2026-09-05,2026-09-05-33961270208,business-economy-7099480890,business-economy,aljazeera-economy,fetch,failed,robots_denied,,,,,,,,,,,,,,,,,,
2026-09-05,2026-09-05-33961270208,business-economy-2121376237,business-economy,marginal-revolution,publish,ok,,355,51,355,927,15,85271,51912,33302,1437,191,922,,,,,,,
2026-09-05,2026-09-05-33961270208,business-economy-2929890416,business-economy,npr-business,publish,ok,,1002,150,1002,597,37,200666,138834,61775,2297,336,923,,,,,,,
2026-09-05,2026-09-05-33961270208,business-economy-0540677315,business-economy,econbrowser,publish,ok,,142,66,142,2494,8,66100,27127,38963,1193,226,925,,,,,,,
2026-09-05,2026-09-05-33961270208,world-7249129459,world,japan-times,publish,ok,,329,54,329,1926,50,77713,45299,32403,1375,187,925,,,,,,,
2026-09-05,2026-09-05-33961270208,world-9893932662,world,apnews-world,publish,ok,,784,120,784,273,214,163353,108561,54687,1998,304,923,,,,,,,
2026-09-05,2026-09-05-33961270208,world-5765264219,world,france24,publish,ok,,338,58,338,1109,50,96555,50301,46245,1426,262,925,,,,,,,
2026-09-05,2026-09-05-33961270208,world-0417280099,world,euronews,publish,ok,,380,89,380,1057,65,100856,52982,47862,1449,273,925,,,,,,,
2026-09-05,2026-09-05-33961270208,world-0333628695,world,cna-world,publish,ok,,275,62,275,1258,101,72440,39091,33341,1326,191,937,,,,,,,
2026-09-05,2026-09-05-33961270208,world-0668262891,world,news18-world,fetch,failed,http_client_error,,,,,,,,,,,,,,,,,,
2026-09-05,2026-09-05-33961270208,world-6970992116,world,abc-au-world,publish,ok,,421,84,421,1390,77,99800,58575,41213,1517,227,937,,,,,,,
2026-09-05,2026-09-05-33961270208,world-6942134806,world,mongabay,publish,ok,,1364,145,1364,649,34,288396,199767,88444,2897,472,923,,,,,,,
2026-09-05,2026-09-05-33961270208,world-7378561082,world,npr-world,publish,ok,,655,69,655,481,32,144801,101148,43640,1828,238,825,,,,,,,
2026-09-05,2026-09-05-33961270208,india-7513625774,india,the-hindu-national,publish,ok,,233,59,233,838,45,82154,43645,38461,1354,220,922,,,,,,,
2026-09-05,2026-09-05-33961270208,india-3869296298,india,economic-times,publish,ok,,831,107,831,550,84,179888,130376,49438,2213,272,923,,,,,,,
2026-09-05,2026-09-05-33961270208,india-4992116616,india,free-press-journal,publish,ok,,390,68,390,690,20,101698,59047,42639,1505,241,922,,,,,,,
2026-09-05,2026-09-05-33961270208,india-7602266747,india,livemint,publish,ok,,594,87,594,925,34,131060,86736,44313,1782,248,922,,,,,,,
2026-09-05,2026-09-05-33961270208,india-1856880055,india,livemint-companies,publish,ok,,642,73,642,275,34,151506,100207,51247,1915,284,922,,,,,,,
2026-09-05,2026-09-05-33961270208,india-5250199922,india,livemint,publish,ok,,658,61,658,210,35,140361,95732,44523,1872,247,922,,,,,,,
2026-09-05,2026-09-05-33961270208,india-7331927757,india,dna-india,publish,ok,,423,64,423,3404,85,105910,67821,38025,1592,214,922,,,,,,,
2026-09-05,2026-09-05-33961270208,india-9996673710,india,scroll-in,publish,ok,,269,88,269,797,32,89611,43005,46597,1349,267,922,,,,,,,
2026-09-05,2026-09-05-33961270208,india-0228306936,india,the-quint,publish,ok,,363,76,363,645,66,94703,52887,41807,1446,239,922,,,,,,,
2026-09-05,2026-09-05-33961270208,india-2331064167,india,livemint-markets,publish,ok,,897,96,897,256,36,189163,136039,53025,2272,292,923,,,,,,,
2026-09-05,2026-09-05-33961270208,india-5783299886,india,livemint-companies,publish,ok,,455,67,455,198,30,109621,67356,42254,1601,239,934,,,,,,,
2026-09-05,2026-09-05-33961270208,ai-4519995980,ai,aws-ml-blog,publish,ok,,3700,193,3700,251,147,592216,485025,106985,5769,393,0,,,,,,,
2026-09-05,2026-09-05-33961270208,ai-8843164117,ai,ars-technica-ai,publish,ok,,421,74,421,694,36,185886,127037,58778,1520,240,0,,,,,,,
2026-09-05,2026-09-05-33961270208,ai-8583367374,ai,simon-willison,publish,ok,,279,69,279,263,9,92457,37079,55370,1368,229,922,,,,,,,
2026-09-05,2026-09-05-33961270208,energy-6325377343,energy,inside-climate-news,publish,ok,,1416,117,1416,411,38,298076,231315,66660,2799,263,0,,,,,,,
2026-09-05,2026-09-05-33961270208,energy-8374933861,energy,electrek,publish,ok,,428,96,428,297,32,128376,52192,76175,1553,314,922,,,,,,,
2026-09-05,2026-09-05-33961270208,energy-0532068220,energy,pv-magazine,publish,ok,,939,126,939,1294,55,174659,103357,71213,2150,284,923,,,,,,,
2026-09-05,2026-09-05-33961270208,business-economy-2555188727,business-economy,cna-business,publish,ok,,332,55,332,1777,98,83480,38104,45367,1384,188,922,,,,,,,
2026-09-05,2026-09-05-33961270208,business-economy-2873874419,business-economy,yahoo-finance,publish,ok,,552,65,552,288,62,121671,69638,52024,1767,214,922,,,,,,,
2026-09-05,2026-09-05-33961270208,business-economy-2760049336,business-economy,quartz,publish,ok,,3004,222,3004,172,78,456344,344234,111906,5002,418,924,,,,,,,
2026-09-05,2026-09-05-33961270208,business-economy-2636744355,business-economy,bbc-business,publish,ok,,268,62,268,504,60,88186,34762,53340,1341,221,922,,,,,,,
2026-09-05,2026-09-05-33961270208,business-economy-8452186806,business-economy,seekingalpha,fetch,failed,http_client_error,,,,,,,,,,,,,,,,,,
2026-09-05,2026-09-05-33961270208,world-2028312161,world,scmp-news,extract,failed,paywalled,,,,,,,,,,,,,,,,,,
2026-09-05,2026-09-05-33961270208,world-7628319923,world,guardian-world,publish,ok,,896,135,896,489,193,185138,101294,83723,2123,333,923,,,,,,,
2026-09-05,2026-09-05-33961270208,world-8932766407,world,anadolu-world,publish,ok,,157,51,157,4189,92,70179,24491,45679,1216,189,922,,,,,,,
2026-09-05,2026-09-05-33961270208,world-3633529553,world,independent-world,publish,ok,,351,63,351,498,37,102241,45688,56544,1465,232,922,,,,,,,
2026-09-05,2026-09-05-33961270208,world-6992807256,world,lemonde-en,publish,ok,too_short,35,27,35,1229,5,114099,86409,27681,1021,115,0,,,,,,,
2026-09-05,2026-09-05-33961270208,world-3398063353,world,euronews,publish,ok,,1011,122,1011,810,71,185782,111916,73694,2228,290,923,,,,,,,
2026-09-05,2026-09-05-33961270208,world-1244259936,world,africanews,publish,ok,,168,73,168,1096,38,71942,22685,49249,1195,205,922,,,,,,,
2026-09-05,2026-09-05-33961270208,world-0761281765,world,npr-world,publish,ok,,642,61,642,882,31,121711,71658,50042,1788,205,922,,,,,,,
2026-09-05,2026-09-05-33961270208,world-1866301636,world,elpais-en,publish,ok,,1590,101,1590,423,67,236476,168346,68022,2889,265,923,,,,,,,
2026-09-05,2026-09-05-33961270208,world-3011290023,world,global-voices,publish,ok,,1343,114,1343,2083,48,221303,150711,70470,2725,278,923,,,,,,,
2026-09-05,2026-09-05-33961270208,india-9447625274,india,economic-times,publish,ok,,677,68,677,459,70,136112,79711,56315,1886,229,922,,,,,,,
2026-09-05,2026-09-05-33961270208,india-7692049314,india,thehindu-business,publish,ok,,192,71,192,541,34,76520,25594,50808,1228,212,922,,,,,,,
2026-09-05,2026-09-05-33961270208,india-2096901682,india,thehindu-biz,publish,ok,,860,121,860,564,44,184454,97776,86497,2106,348,923,,,,,,,
2026-09-05,2026-09-05-33961270208,india-3586132195,india,hindustan-times,publish,ok,,984,106,984,290,61,186211,114176,71866,2282,286,923,,,,,,,
2026-09-05,2026-09-05-33961270208,india-1934431277,india,thehindu-all,publish,ok,,281,67,281,93,41,91861,36862,54991,1369,228,922,,,,,,,
2026-09-05,2026-09-05-33961270208,india-1828206569,india,hindustan-times,publish,ok,,311,73,311,205,49,96796,44803,51984,1465,216,922,,,,,,,
2026-09-05,2026-09-05-33961270208,india-4834611028,india,india-today,publish,ok,,565,74,565,182,65,133604,74151,59443,1823,243,922,,,,,,,
2026-09-05,2026-09-05-33961270208,india-4530718054,india,livemint-markets,publish,ok,,677,61,677,328,33,160627,93127,67394,2045,274,922,,,,,,,
2026-09-05,2026-09-05-33961270208,india-7015304193,india,the-quint,publish,ok,,493,80,493,654,60,108112,57552,50468,1616,209,922,,,,,,,
2026-09-05,2026-09-05-33961270208,india-9060834141,india,newslaundry,publish,ok,,1656,134,1656,600,68,261507,181647,79681,3080,314,923,,,,,,,
2026-09-05,2026-09-05-33968946519,energy-7426489546,energy,solar-quarter,publish,ok,,340,57,340,2173,99,174174,141147,32983,1382,189,0,,,,,,,
2026-09-05,2026-09-05-33968946519,energy-9985462694,energy,inside-climate-news,publish,ok,,1896,114,1896,363,41,390299,340523,49698,3307,269,0,,,,,,,
2026-09-05,2026-09-05-33968946519,energy-2952063843,energy,cleantechnica,publish,ok,,1673,131,1673,360,32,280260,223524,56662,3082,308,923,,,,,,,
2026-09-05,2026-09-05-33968946519,business-economy-2509504077,business-economy,yahoo-finance,fetch,failed,robots_denied,,,,,,,,,,,,,,,,,,
2026-09-05,2026-09-05-33968946519,business-economy-5993399104,business-economy,seekingalpha,fetch,failed,http_client_error,,,,,,,,,,,,,,,,,,
2026-09-05,2026-09-05-33968946519,business-economy-2417852981,business-economy,guardian-business,publish,ok,,1420,143,1420,369,51,245624,188353,57184,2748,315,923,,,,,,,
2026-09-05,2026-09-05-33968946519,business-economy-4267404912,business-economy,cna-business,publish,ok,,120,39,120,1217,258,47683,22188,25486,1137,146,922,,,,,,,
2026-09-05,2026-09-05-33968946519,world-8502732219,world,independent-world,publish,ok,,672,89,672,463,47,140445,94966,45466,1846,255,922,,,,,,,
2026-09-05,2026-09-05-33968946519,world-6692756985,world,euronews,publish,ok,,949,115,949,727,69,192554,139354,53097,2274,298,923,,,,,,,
2026-09-05,2026-09-05-33968946519,world-9028871720,world,lemonde-en,publish,ok,too_short,35,38,35,1153,5,126008,102914,23083,1018,131,0,,,,,,,
2026-09-05,2026-09-05-33968946519,world-1888929612,world,abc-au-world,publish,ok,,645,51,645,855,69,127292,93864,33374,1835,189,922,,,,,,,
2026-09-05,2026-09-05-33968946519,world-1692416231,world,thehindu-intl,publish,ok,,197,72,197,692,40,86376,35805,50519,1270,287,922,,,,,,,
2026-09-05,2026-09-05-33968946519,world-2713422823,world,guardian-world,publish,ok,,992,130,992,47,44,188753,132198,56464,2205,311,923,,,,,,,
2026-09-05,2026-09-05-33968946519,world-2397726691,world,lemonde-en,publish,ok,too_short,35,33,35,442,5,32164,10522,21633,1024,126,922,,,,,,,
2026-09-05,2026-09-05-33968946519,world-4980351222,world,bbc-world,publish,ok,,492,83,492,280,54,110942,69526,41402,1598,234,922,,,,,,,
2026-09-05,2026-09-05-33968946519,world-0367201388,world,mongabay,publish,ok,,466,69,466,498,26,113288,69302,43974,1597,249,922,,,,,,,
2026-09-05,2026-09-05-33968946519,india-9376466197,india,toi-india,publish,ok,,235,66,235,467,93,72876,38382,34483,1296,196,922,,,,,,,
2026-09-05,2026-09-05-33968946519,india-0533905354,india,deccan-chronicle,publish,ok,,273,67,273,2362,42,76234,39586,36638,1310,208,922,,,,,,,
2026-09-05,2026-09-05-33968946519,india-2179865111,india,livemint-markets,publish,ok,,676,55,676,394,32,153817,110424,43381,1992,243,922,,,,,,,
2026-09-05,2026-09-05-33968946519,india-0265402591,india,thehindu-all,publish,ok,,171,94,171,107,37,88871,33174,55586,1245,319,922,,,,,,,
2026-09-05,2026-09-05-33968946519,india-2015092227,india,thehindu-business,fetch,failed,unknown,,,,,,,,,,,,,,,,,,
2026-09-05,2026-09-05-33968946519,india-2857595860,india,livemint-companies,publish,ok,,702,107,702,66,35,167943,109113,58739,1987,330,923,,,,,,,
2026-09-05,2026-09-05-33968946519,india-2610957407,india,the-quint,publish,ok,,252,71,252,810,61,76287,40558,35718,1318,207,922,,,,,,,
2026-09-05,2026-09-05-33968946519,india-4400299594,india,newslaundry,publish,ok,not_prose,596,55,596,457,68,192920,158102,34759,2460,192,922,,,,,,,
2026-09-05,2026-09-05-33968946519,india-7394287638,india,scroll-in,publish,ok,,799,116,799,744,34,160197,105969,54105,1964,305,923,,,,,,,
2026-09-05,2026-09-05-33968946519,energy-2622385715,energy,grist,publish,ok,,729,141,729,236,48,254927,188398,66450,1854,359,0,,,,,,,
2026-09-05,2026-09-05-33968946519,energy-2593021190,energy,inside-climate-news,publish,ok,,818,119,818,379,33,160248,110060,50135,1996,271,923,,,,,,,
2026-09-05,2026-09-05-33968946519,energy-4072078735,energy,oilprice,publish,ok,,833,172,833,414,47,209075,134413,74572,2232,392,923,,,,,,,
2026-09-05,2026-09-05-33968946519,business-economy-8842586184,business-economy,cna-business,publish,ok,,147,69,147,847,100,161032,120289,40700,1191,229,0,,,,,,,
2026-09-05,2026-09-05-33968946519,business-economy-2847628660,business-economy,seekingalpha,publish,ok,not_prose,57,30,57,269,195,133857,108759,25087,1073,140,0,,,,,,,
2026-09-05,2026-09-05-33968946519,business-economy-4941493729,business-economy,guardian-business,publish,ok,,1194,108,1194,324,55,207525,156851,50612,2450,275,923,,,,,,,
2026-09-05,2026-09-05-33968946519,business-economy-6920501297,business-economy,quartz,publish,ok,,1135,93,1135,182,58,194446,146671,47713,2351,255,923,,,,,,,
2026-09-05,2026-09-05-33968946519,business-economy-9035483755,business-economy,semafor,publish,ok,,87,57,87,444,22,50488,16673,33807,1084,191,922,,,,,,,
2026-09-05,2026-09-05-33968946519,world-5660156824,world,cna-world,publish,ok,,747,104,747,346,104,157576,107997,49475,1975,270,923,,,,,,,
2026-09-05,2026-09-05-33968946519,world-4722300397,world,scmp-news,extract,failed,paywalled,,,,,,,,,,,,,,,,,,
2026-09-05,2026-09-05-33968946519,world-3503936545,world,scmp-news,extract,failed,paywalled,,,,,,,,,,,,,,,,,,
2026-09-05,2026-09-05-33968946519,world-3175061291,world,news18-world,fetch,failed,http_client_error,,,,,,,,,,,,,,,,,,
2026-09-05,2026-09-05-33968946519,world-8657629093,world,france24,publish,ok,,97,41,97,388,66,40401,16686,23707,1086,134,922,,,,,,,
2026-09-05,2026-09-05-33968946519,world-7947505440,world,npr-world,publish,ok,,770,125,770,635,31,177828,111706,65963,2012,356,923,,,,,,,
2026-09-05,2026-09-05-33968946519,world-2602756759,world,japan-times,publish,ok,,258,74,258,1354,48,77014,35328,41677,1268,232,922,,,,,,,
2026-09-05,2026-09-05-33968946519,world-8859127965,world,elpais-en,publish,ok,,1704,135,1704,1089,71,296437,233770,62597,3189,329,923,,,,,,,
2026-09-05,2026-09-05-33968946519,india-8930545752,india,the-hindu-national,publish,ok,,304,69,304,174,40,91463,49495,41956,1406,235,922,,,,,,,
2026-09-05,2026-09-05-33968946519,india-0752353775,india,thehindu-business,publish,ok,,314,76,314,442,36,98277,50404,47863,1415,269,922,,,,,,,
2026-09-05,2026-09-05-33968946519,india-3269487310,india,deccan-chronicle,publish,ok,,488,61,488,3691,47,116513,73918,42585,1645,235,922,,,,,,,
2026-09-05,2026-09-05-33968946519,india-8544951110,india,india-today,publish,ok,,426,64,426,447,72,108630,67199,41422,1579,226,922,,,,,,,
2026-09-05,2026-09-05-33968946519,india-8506531686,india,thehindu-all,publish,ok,,390,63,390,80,41,102193,60247,41936,1510,231,922,,,,,,,
2026-09-05,2026-09-05-33968946519,india-9880383165,india,livemint,publish,ok,,1322,129,1322,296,42,233321,173555,59679,2611,318,923,,,,,,,
2026-09-05,2026-09-05-33968946519,india-6207745124,india,livemint-markets,publish,ok,,694,72,694,97,34,143501,96828,46661,1868,253,922,,,,,,,
2026-09-05,2026-09-05-33968946519,india-3880061488,india,toi-top,publish,ok,,1333,107,1333,463,78,223850,173066,50637,2604,271,923,,,,,,,
2026-09-05,2026-09-05-33968946519,india-6025120951,india,the-quint,publish,ok,,575,97,575,575,66,144625,86814,57756,1768,317,922,,,,,,,
2026-09-05,2026-09-05-33968946519,india-6559726103,india,et-default,publish,ok,,341,72,341,450,73,119768,63640,56072,1543,306,922,,,,,,,
2026-09-05,2026-09-05-33968946519,ai-8453636436,ai,guardian-ai,publish,ok,,79,52,79,303,41,140526,107459,33058,1075,190,0,,,,,,,
2026-09-05,2026-09-05-33968946519,energy-4627583980,energy,solar-quarter,publish,ok,,293,80,293,2062,96,96117,50060,46046,1417,260,922,,,,,,,
2026-09-05,2026-09-05-33968946519,energy-1460521465,energy,electrek,publish,ok,,645,74,645,460,41,149856,104498,45345,1957,251,922,,,,,,,
2026-09-05,2026-09-05-33968946519,energy-6964578648,energy,cleantechnica,publish,ok,,537,76,537,686,26,128798,83333,45416,1747,253,922,,,,,,,
2026-09-05,2026-09-05-33968946519,business-economy-0467101936,business-economy,business-today-in,publish,ok,not_prose,657,31,657,321,57,257062,231426,25584,2305,141,0,,,,,,,
2026-09-05,2026-09-05-33968946519,business-economy-2880574918,business-economy,aljazeera-economy,fetch,failed,robots_denied,,,,,,,,,,,,,,,,,,
2026-09-05,2026-09-05-33968946519,business-economy-2014976177,business-economy,marginal-revolution,publish,ok,,232,65,232,554,14,68371,33743,34574,1255,196,922,,,,,,,
2026-09-05,2026-09-05-33968946519,business-economy-3509154804,business-economy,bbc-business,publish,ok,,465,94,465,502,64,117630,66829,50789,1584,284,922,,,,,,,
2026-09-05,2026-09-05-33968946519,world-7712112108,world,apnews-world,publish,ok,,1331,115,1331,133,237,337694,279994,57569,2787,311,0,,,,,,,
2026-09-05,2026-09-05-33968946519,world-4702193847,world,thehindu-intl,publish,ok,,858,134,858,237,46,188170,128322,59690,2192,333,923,,,,,,,
2026-09-05,2026-09-05-33968946519,world-6268955299,world,independent-world,publish,ok,,1373,121,1373,551,80,249015,193287,55659,2833,299,923,,,,,,,
2026-09-05,2026-09-05-33968946519,world-9468339881,world,africanews,publish,ok,,271,69,271,1081,38,78889,40868,38011,1328,217,922,,,,,,,
2026-09-05,2026-09-05-33968946519,world-3880126550,world,euronews,publish,ok,,273,60,273,718,64,82648,44394,38243,1363,218,922,,,,,,,
2026-09-05,2026-09-05-33968946519,world-7238663770,world,npr-world,publish,ok,,98,56,98,858,151,46747,18456,28283,1104,164,922,,,,,,,
2026-09-05,2026-09-05-33968946519,world-7260190568,world,africanews,publish,ok,,251,88,251,383,37,81355,37253,44092,1290,247,922,,,,,,,
2026-09-05,2026-09-05-33968946519,world-2533828826,world,japan-times,publish,ok,,115,63,115,3234,51,58876,21516,37349,1135,210,922,,,,,,,
2026-09-05,2026-09-05-33968946519,india-1722396018,india,the-hindu-national,publish,ok,,475,66,475,189,43,124754,75201,49541,1666,273,922,,,,,,,
2026-09-05,2026-09-05-33968946519,india-4872158786,india,toi-india,publish,ok,,641,85,641,599,109,138908,93241,45614,1843,253,922,,,,,,,
2026-09-05,2026-09-05-33968946519,india-3830612375,india,free-press-journal,publish,ok,,160,73,160,525,18,64549,26952,37529,1188,213,922,,,,,,,
2026-09-05,2026-09-05-33968946519,india-9425576470,india,economic-times,publish,ok,,592,80,592,370,78,140128,89682,50434,1808,281,922,,,,,,,
2026-09-05,2026-09-05-33968946519,india-3698181407,india,hindustan-times,publish,ok,,605,77,605,308,64,131235,86839,44326,1782,246,922,,,,,,,
2026-09-05,2026-09-05-33968946519,india-9848600540,india,india-today,publish,ok,,479,136,479,488,69,128656,70425,58178,1620,325,922,,,,,,,
2026-09-05,2026-09-05-33968946519,india-9103061670,india,frontline,publish,ok,,2075,139,2075,586,43,466510,395088,71353,3901,365,0,,,,,,,
2026-09-05,2026-09-05-33968946519,india-7140107010,india,the-federal,publish,ok,,209,76,209,544,78,84623,37513,47055,1294,268,922,,,,,,,
2026-09-05,2026-09-05-33968946519,india-3297191634,india,dna-india,publish,ok,,443,63,443,2158,88,115474,72951,42513,1645,241,922,,,,,,,
2026-09-05,2026-09-05-33968946519,india-5352044963,india,thehindu-biz,publish,ok,,506,76,506,211,43,128087,83907,44097,1755,249,922,,,,,,,
2026-09-05,2026-09-05-33968946519,ai-6053337698,ai,techcrunch-ai,publish,ok,,211,75,211,318,38,184458,126790,57658,1255,236,0,,,,,,,
2026-09-05,2026-09-05-33968946519,energy-8339035769,energy,electrek,publish,ok,,325,46,325,348,32,88383,48998,39372,1393,153,922,,,,,,,
2026-09-05,2026-09-05-33968946519,energy-2598475158,energy,oilprice,publish,ok,,369,88,369,547,56,122661,56700,65946,1460,258,922,,,,,,,
2026-09-05,2026-09-05-33968946519,business-economy-3095715638,business-economy,yahoo-finance,publish,ok,,382,71,382,517,140,135819,66418,69389,1556,265,922,,,,,,,
2026-09-05,2026-09-05-33968946519,business-economy-5082148025,business-economy,business-today-in,publish,ok,not_prose,556,50,556,209,53,269693,220050,49565,2119,194,0,,,,,,,
2026-09-05,2026-09-05-33968946519,business-economy-7809659981,business-economy,aljazeera-economy,fetch,failed,robots_denied,,,,,,,,,,,,,,,,,,
2026-09-05,2026-09-05-33968946519,business-economy-9432538888,business-economy,quartz,publish,ok,,2666,186,2666,283,77,584580,487586,96914,4780,495,0,,,,,,,
2026-09-05,2026-09-05-33968946519,business-economy-6725615841,business-economy,semafor,publish,ok,,743,115,743,626,32,246698,196572,50066,1965,278,0,,,,,,,
2026-09-05,2026-09-05-33968946519,world-1393618691,world,apnews-world,publish,ok,,144,81,144,174,178,83668,24329,59260,1155,238,922,,,,,,,
2026-09-05,2026-09-05-33968946519,world-7426579422,world,abc-au-world,publish,ok,,549,69,549,884,73,132106,76935,55157,1663,221,922,,,,,,,
2026-09-05,2026-09-05-33968946519,world-1660220573,world,france24,publish,ok,,99,56,99,582,192,63538,18460,45008,1098,185,922,,,,,,,
2026-09-05,2026-09-05-33968946519,world-0863437954,world,anadolu-world,publish,ok,,359,69,359,6440,103,97688,58062,39615,1494,221,922,,,,,,,
2026-09-05,2026-09-05-33968946519,world-1713279983,world,news18-world,fetch,failed,http_client_error,,,,,,,,,,,,,,,,,,
2026-09-05,2026-09-05-33968946519,world-3512106821,world,anadolu-world,publish,ok,,409,68,409,3842,98,95297,59712,35575,1514,196,922,,,,,,,
2026-09-05,2026-09-05-33968946519,world-7643017031,world,bbc-world,publish,ok,,1161,135,1161,971,73,220656,157789,62819,2484,340,923,,,,,,,
2026-09-05,2026-09-05-33968946519,world-4238875633,world,elpais-en,publish,ok,,1261,127,1261,433,70,229550,173669,55804,2636,299,923,,,,,,,
2026-09-05,2026-09-05-33968946519,india-5421307661,india,economic-times,publish,ok,,479,69,479,444,81,124430,77971,46449,1693,259,922,,,,,,,
2026-09-05,2026-09-05-33968946519,india-9141514741,india,livemint-companies,publish,ok,,708,108,708,324,54,160555,105281,55213,1966,298,923,,,,,,,
2026-09-05,2026-09-05-33968946519,india-8163757509,india,free-press-journal,publish,ok,,450,60,450,708,21,103003,65560,37394,1571,212,922,,,,,,,
2026-09-05,2026-09-05-33968946519,india-9488568765,india,livemint,publish,ok,,723,125,723,107,36,161106,106225,54786,1972,298,923,,,,,,,
2026-09-05,2026-09-05-33968946519,india-6331060249,india,the-federal,publish,ok,,526,55,526,978,86,119863,81997,37854,1738,212,922,,,,,,,
2026-09-05,2026-09-05-33968946519,india-4767258871,india,thehindu-biz,publish,ok,,381,73,381,525,43,105790,58942,46736,1506,265,922,,,,,,,
2026-09-05,2026-09-05-33968946519,india-1231564246,india,hindustan-times,publish,ok,,1063,67,1063,488,70,228790,185680,42935,2753,219,923,,,,,,,
2026-09-05,2026-09-05-33968946519,india-2730893886,india,toi-top,publish,ok,,1978,122,1978,615,84,311648,262761,48814,3504,258,923,,,,,,,
2026-09-05,2026-09-05-33968946519,india-5272165979,india,dna-india,publish,ok,,359,62,359,2695,88,103947,66166,37772,1580,212,922,,,,,,,
2026-09-05,2026-09-05-33968946519,india-7241985232,india,scroll-in,publish,ok,,340,79,340,528,34,98135,50331,47794,1420,263,922,,,,,,,
2026-09-05,2026-09-05-33979150677,energy-4723357873,energy,electrek,publish,ok,,1041,89,1041,483,94,124095,55934,68037,2324,251,0,,,,,,,
2026-09-05,2026-09-05-33979150677,energy-1334662763,energy,solar-quarter,publish,ok,,278,80,278,7490,73,104930,32645,72210,1375,273,0,,,,,,,
2026-09-05,2026-09-05-33979150677,business-economy-2686518759,business-economy,yahoo-finance,publish,ok,,427,69,427,646,104,90642,19085,71548,1676,267,922,,,,,,,
2026-09-05,2026-09-05-33979150677,business-economy-4950015796,business-economy,business-today-in,publish,ok,not_prose,549,40,549,818,45,91874,32565,59161,2198,217,922,,,,,,,
2026-09-05,2026-09-05-33979150677,business-economy-2161402844,business-economy,guardian-business,publish,ok,,877,123,877,387,47,116398,28418,87879,2056,319,923,,,,,,,
2026-09-05,2026-09-05-33979150677,world-1391539582,world,scmp-news,extract,failed,paywalled,,,,,,,,,,,,,,,,,,
2026-09-05,2026-09-05-33979150677,world-0763770786,world,france24,publish,ok,,94,47,94,942,219,49560,5001,44425,1089,170,922,,,,,,,
2026-09-05,2026-09-05-33979150677,world-7773924502,world,bbc-world,publish,ok,,749,141,749,1076,56,117078,26459,90498,1929,330,923,,,,,,,
2026-09-05,2026-09-05-33979150677,world-1916952510,world,lemonde-en,publish,ok,too_short,35,41,35,1675,4,57792,24019,33766,1015,130,0,,,,,,,
2026-09-05,2026-09-05-33979150677,world-7503849008,world,euronews,publish,ok,,698,102,698,864,58,100108,23625,76473,1883,286,922,,,,,,,
2026-09-05,2026-09-05-33979150677,world-1631150967,world,scmp-news,extract,failed,paywalled,,,,,,,,,,,,,,,,,,
2026-09-05,2026-09-05-33979150677,world-6286587719,world,abc-au-world,publish,ok,,627,59,627,1089,60,71747,20378,51250,1750,191,922,,,,,,,
2026-09-05,2026-09-05-33979150677,world-1165322291,world,dw-world,publish,ok,,1331,123,1331,2938,32,129213,45771,83328,2693,300,923,,,,,,,
2026-09-05,2026-09-05-33979150677,world-9986635699,world,japan-times,publish,ok,,435,67,435,1426,44,84435,17878,66437,1606,243,922,,,,,,,
2026-09-05,2026-09-05-33979150677,india-6125895935,india,toi-india,publish,ok,,2030,166,2030,507,92,197854,95295,102446,3651,364,0,,,,,,,
2026-09-05,2026-09-05-33979150677,india-9965009797,india,thehindu-business,publish,ok,,413,108,413,570,30,92606,15456,77142,1500,281,922,,,,,,,
2026-09-05,2026-09-05-33979150677,india-9090006946,india,india-today,publish,ok,,532,86,532,574,57,85879,18690,67178,1658,246,922,,,,,,,
2026-09-05,2026-09-05-33979150677,india-5904681424,india,free-press-journal,publish,ok,,268,61,268,508,17,72684,11992,60605,1377,223,922,,,,,,,
2026-09-05,2026-09-05-33979150677,india-7458614361,india,india-today,publish,ok,,655,61,655,192,58,79477,25237,54229,1873,201,922,,,,,,,
2026-09-05,2026-09-05-33979150677,india-0848854260,india,the-federal,publish,ok,,581,82,581,2257,65,95356,20412,74819,1743,277,922,,,,,,,
2026-09-05,2026-09-05-33979150677,india-1087180067,india,dna-india,publish,ok,,611,81,611,2604,71,96576,22470,73945,1813,276,922,,,,,,,
2026-09-05,2026-09-05-33979150677,india-4082203733,india,scroll-in,publish,ok,,391,94,391,672,29,91138,16172,74808,1534,280,922,,,,,,,
2026-09-05,2026-09-05-33979150677,india-8311525840,india,livemint-markets,publish,ok,,749,110,749,495,28,114693,30207,84373,2109,310,923,,,,,,,
2026-09-05,2026-09-05-33979150677,energy-0269326013,energy,oilprice,publish,ok,,813,132,813,486,50,257484,200997,56387,1972,303,0,,,,,,,
2026-09-05,2026-09-05-33979150677,energy-4360350068,energy,inside-climate-news,publish,ok,,1205,111,1205,562,38,219380,161510,57812,2494,304,923,,,,,,,
2026-09-05,2026-09-05-33979150677,business-economy-8929981448,business-economy,cna-business,publish,ok,,265,59,265,759,100,163406,132569,30826,1295,172,0,,,,,,,
2026-09-05,2026-09-05-33979150677,business-economy-7360180914,business-economy,aljazeera-economy,fetch,failed,robots_denied,,,,,,,,,,,,,,,,,,
2026-09-05,2026-09-05-33979150677,business-economy-7591327701,business-economy,guardian-business,publish,ok,,1178,131,1178,260,51,225120,159965,65094,2480,344,923,,,,,,,
2026-09-05,2026-09-05-33979150677,world-9313812213,world,cna-world,publish,ok,,134,62,134,417,100,62052,23330,38713,1147,204,922,,,,,,,
2026-09-05,2026-09-05-33979150677,world-1550985233,world,apnews-world,publish,ok,,626,94,626,82,231,135996,87832,48152,1778,251,922,,,,,,,
2026-09-05,2026-09-05-33979150677,world-5306858910,world,bbc-world,publish,ok,,712,100,712,296,68,146683,99022,47604,1889,251,923,,,,,,,
2026-09-05,2026-09-05-33979150677,world-6125665852,world,guardian-world,publish,ok,,405,82,405,50,47,101406,57313,44036,1478,226,922,,,,,,,
2026-09-05,2026-09-05-33979150677,world-8654718347,world,africanews,publish,ok,,224,71,224,912,39,75112,35677,39424,1269,213,922,,,,,,,
2026-09-05,2026-09-05-33979150677,world-9280564989,world,anadolu-world,publish,ok,,287,44,287,4389,226,89489,54145,35333,1449,188,922,,,,,,,
2026-09-05,2026-09-05-33979150677,world-6025760069,world,euronews,publish,ok,,725,106,725,637,77,140075,93547,46455,1834,252,923,,,,,,,
2026-09-05,2026-09-05-33979150677,world-8673258129,world,japan-times,publish,ok,,307,71,307,1436,52,94254,45130,49114,1378,260,937,,,,,,,
2026-09-05,2026-09-05-33979150677,india-7072006415,india,the-hindu-national,publish,ok,,311,67,311,332,43,90940,47233,43697,1396,239,937,,,,,,,
2026-09-05,2026-09-05-33979150677,india-0978120859,india,free-press-journal,publish,ok,,395,70,395,623,21,109088,59951,49127,1520,253,937,,,,,,,
2026-09-05,2026-09-05-33979150677,india-7816770202,india,economic-times,publish,ok,,225,60,225,321,75,89337,50965,38363,1277,200,783,,,,,,,
2026-09-05,2026-09-05-33979150677,india-3286521614,india,thehindu-all,publish,ok,,963,118,963,198,46,209054,140627,68340,2291,367,923,,,,,,,
2026-09-05,2026-09-05-33979150677,india-5901553116,india,thehindu-biz,publish,ok,,490,60,490,127,42,123943,78217,45716,1684,232,922,,,,,,,
2026-09-05,2026-09-05-33979150677,india-4713114896,india,hindustan-times,publish,ok,,585,78,585,234,61,139935,91597,48281,1811,248,922,,,,,,,
2026-09-05,2026-09-05-33979150677,india-9021254071,india,the-federal,publish,ok,,275,68,275,601,79,101239,48995,52175,1399,272,922,,,,,,,
2026-09-05,2026-09-05-33979150677,india-3107147507,india,scroll-in,publish,ok,,1390,113,1390,530,40,233471,178582,54727,2657,286,923,,,,,,,
2026-09-05,2026-09-05-33979150677,india-8254267828,india,frontline,publish,ok,,186,56,186,393,30,72349,31431,40910,1228,218,922,,,,,,,
2026-09-05,2026-09-05-33979150677,ai-1410299991,ai,simon-willison,publish,ok,not_prose,137,50,137,135,14,50519,24714,25795,1163,152,922,,,,,,,
2026-09-05,2026-09-05-33979150677,energy-7536099074,energy,electrek,publish,ok,,1306,133,1306,326,39,333553,271975,61521,2666,334,0,,,,,,,
2026-09-05,2026-09-05-33979150677,energy-7714643029,energy,cleantechnica,publish,ok,,1468,113,1468,522,30,256118,202744,53315,2898,292,923,,,,,,,
2026-09-05,2026-09-05-33979150677,business-economy-0408600453,business-economy,business-today-in,publish,ok,not_prose,64,35,64,270,88,43247,15355,27883,1072,161,922,,,,,,,
2026-09-05,2026-09-05-33979150677,business-economy-1668929187,business-economy,aljazeera-economy,fetch,failed,robots_denied,,,,,,,,,,,,,,,,,,
2026-09-05,2026-09-05-33979150677,business-economy-1340075311,business-economy,seekingalpha,publish,ok,not_prose,40,37,40,396,54,132422,105208,27206,1039,158,0,,,,,,,
2026-09-05,2026-09-05-33979150677,world-4737131770,world,independent-world,publish,ok,,474,91,474,895,37,209804,162419,47343,1600,272,0,,,,,,,
2026-09-05,2026-09-05-33979150677,world-8352978814,world,apnews-world,publish,ok,,493,72,493,102,208,127473,87055,40405,1777,231,922,,,,,,,
2026-09-05,2026-09-05-33979150677,world-3159284232,world,thehindu-intl,publish,ok,,767,113,767,2344,41,163036,112589,50360,2024,284,923,,,,,,,
2026-09-05,2026-09-05-33979150677,world-5783511212,world,independent-world,publish,ok,,387,66,387,262,43,92153,56828,35275,1478,206,922,,,,,,,
2026-09-05,2026-09-05-33979150677,world-9500247993,world,news18-world,fetch,failed,http_client_error,,,,,,,,,,,,,,,,,,
2026-09-05,2026-09-05-33979150677,world-9596371794,world,thehindu-intl,publish,ok,,264,65,264,132,38,77743,39021,38710,1303,225,922,,,,,,,
2026-09-05,2026-09-05-33979150677,world-7352092353,world,africanews,publish,ok,,463,106,463,915,44,115656,66936,48710,1576,279,922,,,,,,,
2026-09-05,2026-09-05-33979150677,world-0522429831,world,elpais-en,publish,ok,,1012,118,1012,493,65,192344,135040,57211,2245,324,923,,,,,,,
2026-09-05,2026-09-05-33979150677,india-9705321825,india,the-hindu-national,publish,ok,,305,70,305,83,38,97490,55394,42086,1463,242,922,,,,,,,
2026-09-05,2026-09-05-33979150677,india-4873679325,india,toi-top,publish,ok,,479,61,479,410,80,101623,67639,33973,1586,195,922,,,,,,,
2026-09-05,2026-09-05-33979150677,india-1640405771,india,deccan-chronicle,publish,ok,,424,68,424,9752,43,117848,69729,48109,1605,274,922,,,,,,,
2026-09-05,2026-09-05-33979150677,india-1289186203,india,thehindu-all,publish,ok,,352,93,352,93,39,111245,56631,54604,1476,314,922,,,,,,,
2026-09-05,2026-09-05-33979150677,india-6310032404,india,livemint,publish,ok,,671,80,671,170,33,134796,92755,42030,1829,237,922,,,,,,,
2026-09-05,2026-09-05-33979150677,india-7983107848,india,hindustan-times,publish,ok,,580,62,580,281,65,126061,86750,39260,1773,221,922,,,,,,,
2026-09-05,2026-09-05-33979150677,india-8729793098,india,livemint-companies,publish,ok,,1155,129,1155,59,44,229045,168501,60465,2570,335,923,,,,,,,
2026-09-05,2026-09-05-33979150677,india-3774621979,india,newslaundry,publish,ok,,338,71,338,698,56,101077,52431,48557,1436,279,922,,,,,,,
2026-09-05,2026-09-05-33979150677,india-2762656399,india,dna-india,publish,ok,,396,81,396,2172,86,109826,63514,46300,1544,266,924,,,,,,,
2026-09-05,2026-09-05-33979150677,energy-1272867968,energy,cleantechnica,publish,ok,,577,99,577,269,33,263918,203890,59984,1747,300,0,,,,,,,
2026-09-05,2026-09-05-33979150677,energy-2576591658,energy,solar-quarter,publish,ok,,282,73,282,1969,110,102279,51826,50406,1364,254,922,,,,,,,
2026-09-05,2026-09-05-33979150677,business-economy-5710043099,business-economy,yahoo-finance,publish,ok,,464,68,464,353,159,125718,78327,47378,1587,239,922,,,,,,,
2026-09-05,2026-09-05-33979150677,business-economy-7093266092,business-economy,seekingalpha,publish,ok,too_short,55,39,55,111,226,154158,124101,30046,1063,156,0,,,,,,,
2026-09-05,2026-09-05-33979150677,business-economy-2007119851,business-economy,marginal-revolution,publish,ok,,72,48,72,651,16,51920,18415,33496,1077,173,922,,,,,,,
2026-09-05,2026-09-05-33979150677,business-economy-9282277606,business-economy,cna-business,publish,ok,,664,73,664,1276,132,156758,107164,49580,1835,251,922,,,,,,,
2026-09-05,2026-09-05-33979150677,world-8628502761,world,guardian-world,publish,ok,,1017,129,1017,191,75,314250,261717,52455,2244,263,0,,,,,,,
2026-09-05,2026-09-05-33979150677,world-9678192512,world,france24,publish,ok,,1473,106,1473,388,65,294034,232206,61775,2894,304,923,,,,,,,
2026-09-05,2026-09-05-33979150677,world-2218287563,world,news18-world,fetch,failed,http_client_error,,,,,,,,,,,,,,,,,,
2026-09-05,2026-09-05-33979150677,world-8678544905,world,lemonde-en,publish,ok,too_short,35,34,35,835,6,30277,11279,18987,1015,98,922,,,,,,,
2026-09-05,2026-09-05-33979150677,world-2278997509,world,npr-world,publish,ok,,470,65,470,892,34,118476,76956,41470,1578,211,922,,,,,,,
2026-09-05,2026-09-05-33979150677,world-9948518428,world,anadolu-world,publish,ok,,379,87,379,4369,111,111632,63665,47954,1463,245,922,,,,,,,
2026-09-05,2026-09-05-33979150677,world-6401474754,world,abc-au-world,publish,ok,,609,73,609,383,83,154000,105504,48482,1820,246,922,,,,,,,
2026-09-05,2026-09-05-33979150677,world-3540762573,world,elpais-en,publish,ok,,1578,134,1578,1164,83,343527,265944,77409,3174,375,923,,,,,,,
2026-09-05,2026-09-05-33979150677,india-8719608234,india,toi-india,publish,ok,,133,62,133,417,95,80897,31488,49295,1189,256,922,,,,,,,
2026-09-05,2026-09-05-33979150677,india-7981450445,india,thehindu-business,publish,ok,,388,77,388,234,42,120588,70407,50169,1521,256,922,,,,,,,
2026-09-05,2026-09-05-33979150677,india-2792036717,india,livemint,publish,ok,,453,72,453,229,41,116806,76364,40431,1571,208,922,,,,,,,
2026-09-05,2026-09-05-33979150677,india-3816929341,india,deccan-chronicle,publish,ok,,376,100,376,2159,54,130789,73486,57292,1548,291,922,,,,,,,
2026-09-05,2026-09-05-33979150677,india-6553990110,india,toi-top,publish,ok,,575,71,575,48,102,161869,113601,48255,1889,246,922,,,,,,,
2026-09-05,2026-09-05-33979150677,india-2938387207,india,economic-times,publish,ok,,129,63,129,331,51,64879,26223,38608,1144,202,922,,,,,,,
2026-09-05,2026-09-05-33979150677,india-7074774841,india,thehindu-biz,publish,ok,,264,91,264,262,47,108334,51016,57306,1357,293,922,,,,,,,
2026-09-05,2026-09-05-33979150677,india-7719588401,india,livemint-companies,publish,ok,,610,82,610,117,40,160889,109982,50894,1859,259,922,,,,,,,
2026-09-05,2026-09-05-33979150677,india-3105820322,india,livemint-markets,publish,ok,,770,113,770,72,42,206442,140238,66088,2116,332,923,,,,,,,
2026-09-05,2026-09-05-33990191888,ai-2453869273,ai,techcrunch-ai,publish,ok,,446,87,446,167,56,101866,37086,64770,1535,238,0,,,,,,,
2026-09-05,2026-09-05-33990191888,energy-1720013113,energy,oilprice,publish,ok,,706,122,706,943,35,143165,45827,97266,1879,354,0,,,,,,,
2026-09-05,2026-09-05-33990191888,energy-8257344521,energy,cleantechnica,publish,ok,,1383,132,1383,916,25,141753,46970,94704,2795,343,923,,,,,,,
2026-09-05,2026-09-05-33990191888,business-economy-8157987873,business-economy,seekingalpha,fetch,failed,http_client_error,,,,,,,,,,,,,,,,,,
2026-09-05,2026-09-05-33990191888,business-economy-7392709000,business-economy,aljazeera-economy,fetch,failed,robots_denied,,,,,,,,,,,,,,,,,,
2026-09-05,2026-09-05-33990191888,business-economy-2233385329,business-economy,seekingalpha,fetch,failed,http_client_error,,,,,,,,,,,,,,,,,,
2026-09-05,2026-09-05-33990191888,world-6339909682,world,guardian-world,publish,ok,,626,71,626,580,54,80165,21228,58927,1777,217,922,,,,,,,
2026-09-05,2026-09-05-33990191888,world-2903611922,world,independent-world,publish,ok,,462,64,462,798,35,67749,16936,50698,1587,187,922,,,,,,,
2026-09-05,2026-09-05-33990191888,world-4024313852,world,euronews,publish,ok,,270,73,270,950,56,70539,10189,60341,1339,224,922,,,,,,,
2026-09-05,2026-09-05-33990191888,world-5717737029,world,thehindu-intl,publish,ok,,551,60,551,579,36,87267,21188,66067,1765,244,922,,,,,,,
2026-09-05,2026-09-05-33990191888,world-8031360767,world,france24,publish,ok,,91,56,91,239,154,52334,4243,47955,1084,180,922,,,,,,,
2026-09-05,2026-09-05-33990191888,world-0108107032,world,bbc-world,publish,ok,,1324,120,1324,817,67,130764,47770,82852,2765,297,923,,,,,,,
2026-09-05,2026-09-05-33990191888,world-6118423797,world,elpais-en,publish,ok,,1432,118,1432,1721,58,127864,47851,79868,2786,288,923,,,,,,,
2026-09-05,2026-09-05-33990191888,world-9824446183,world,global-voices,publish,ok,,1439,132,1439,3074,42,131876,46910,84800,2736,303,923,,,,,,,
2026-09-05,2026-09-05-33990191888,india-5012224575,india,the-hindu-national,publish,ok,,390,69,390,160,36,74581,15903,58663,1525,217,922,,,,,,,
2026-09-05,2026-09-05-33990191888,india-2589618292,india,deccan-chronicle,publish,ok,,267,81,267,11989,35,73876,10041,63827,1331,238,922,,,,,,,
2026-09-05,2026-09-05-33990191888,india-3634439146,india,livemint,publish,ok,,589,95,589,400,27,94894,19028,75854,1676,279,922,,,,,,,
2026-09-05,2026-09-05-33990191888,india-5058378894,india,livemint-companies,publish,ok,,987,133,987,145,29,121308,33364,87808,2230,320,923,,,,,,,
2026-09-05,2026-09-05-33990191888,india-3908356499,india,hindustan-times,publish,ok,,467,57,467,463,46,77586,16328,61092,1550,228,922,,,,,,,
2026-09-05,2026-09-05-33990191888,india-1911034307,india,thehindu-business,publish,ok,,144,86,144,606,29,70916,6544,64362,1166,241,922,,,,,,,
2026-09-05,2026-09-05-33990191888,india-7915818694,india,the-federal,publish,ok,,248,57,248,2190,63,61450,9885,51556,1290,195,922,,,,,,,
2026-09-05,2026-09-05-33990191888,india-1211942342,india,thehindu-biz,publish,ok,,1137,131,1137,285,40,154498,40896,113493,2551,411,923,,,,,,,
2026-09-05,2026-09-05-33990191888,ai-0433146661,ai,guardian-ai,publish,ok,,753,107,753,859,67,234576,189901,44597,1893,244,0,,,,,,,
2026-09-05,2026-09-05-33990191888,energy-6030913542,energy,solar-quarter,publish,ok,,330,62,330,3400,95,194716,149606,45069,1490,246,0,,,,,,,
2026-09-05,2026-09-05-33990191888,business-economy-1713446475,business-economy,yahoo-finance,publish,ok,,413,71,413,824,136,103266,60914,42340,1522,228,922,,,,,,,
2026-09-05,2026-09-05-33990191888,business-economy-3260678238,business-economy,business-today-in,publish,ok,,672,69,672,634,250,154534,105045,49476,1958,266,922,,,,,,,
2026-09-05,2026-09-05-33990191888,business-economy-9582892013,business-economy,marginal-revolution,publish,ok,,116,57,116,523,13,60108,20856,39201,1126,216,922,,,,,,,
2026-09-05,2026-09-05-33990191888,world-6642781941,world,cna-world,publish,ok,,374,74,374,1328,109,94543,57441,37091,1487,201,922,,,,,,,
2026-09-05,2026-09-05-33990191888,world-1609376282,world,cna-world,publish,ok,,391,56,391,543,102,92073,55060,37002,1463,201,922,,,,,,,
2026-09-05,2026-09-05-33990191888,world-9283336418,world,anadolu-world,publish,ok,,249,63,249,3935,91,72230,38374,33847,1301,185,922,,,,,,,
2026-09-05,2026-09-05-33990191888,world-1812935521,world,news18-world,fetch,failed,http_client_error,,,,,,,,,,,,,,,,,,
2026-09-05,2026-09-05-33990191888,world-1505036936,world,lemonde-en,publish,ok,too_short,35,33,35,1414,6,126539,102354,24173,1017,129,0,,,,,,,
2026-09-05,2026-09-05-33990191888,world-6770376505,world,apnews-world,publish,ok,,240,71,240,244,174,76752,36898,39844,1287,218,922,,,,,,,
2026-09-05,2026-09-05-33990191888,world-5566893102,world,npr-world,publish,ok,,712,113,712,836,33,162761,111683,51016,2027,278,923,,,,,,,
2026-09-05,2026-09-05-33990191888,world-7143997759,world,japan-times,publish,ok,,130,53,130,2040,48,58062,23113,34940,1151,193,922,,,,,,,
2026-09-05,2026-09-05-33990191888,india-5776534135,india,toi-india,publish,ok,,164,74,164,683,102,83548,30264,53274,1221,300,922,,,,,,,
2026-09-05,2026-09-05-33990191888,india-5092630760,india,livemint,publish,ok,,531,91,531,626,33,120684,76053,44619,1676,248,922,,,,,,,
2026-09-05,2026-09-05-33990191888,india-4350200684,india,thehindu-all,publish,ok,,479,51,479,540,42,102076,70398,31609,1617,176,922,,,,,,,
2026-09-05,2026-09-05-33990191888,india-6901548821,india,hindustan-times,publish,ok,,353,64,353,570,57,99352,54977,44366,1467,249,922,,,,,,,
2026-09-05,2026-09-05-33990191888,india-8420211970,india,free-press-journal,publish,ok,,346,100,346,538,20,110192,56327,53854,1477,300,922,,,,,,,
2026-09-05,2026-09-05-33990191888,india-5495154018,india,dna-india,publish,ok,,263,64,263,2649,83,90450,45584,44855,1373,248,922,,,,,,,
2026-09-05,2026-09-05-33990191888,india-5365682108,india,economic-times,publish,ok,,171,56,171,766,45,71940,34424,37507,1263,209,922,,,,,,,
2026-09-05,2026-09-05-33990191888,india-0228557123,india,livemint-companies,publish,ok,,1475,102,1475,175,45,262529,202719,59752,2913,308,923,,,,,,,
2026-09-05,2026-09-05-33990191888,india-3603260005,india,livemint-markets,publish,ok,,845,103,845,202,36,204354,139481,64741,2296,338,923,,,,,,,
2026-09-05,2026-09-05-33990191888,ai-8374103154,ai,techcrunch-ai,publish,ok,,194,90,194,207,39,163472,121758,41674,1206,246,0,,,,,,,
2026-09-05,2026-09-05-33990191888,energy-6169208729,energy,oilprice,publish,ok,,842,124,842,928,44,259693,205617,53964,2032,311,0,,,,,,,
2026-09-05,2026-09-05-33990191888,energy-9515033974,energy,solar-quarter,publish,ok,,257,72,257,1819,91,81893,40533,41350,1319,240,922,,,,,,,
2026-09-05,2026-09-05-33990191888,business-economy-9253452887,business-economy,yahoo-finance,publish,ok,,434,65,434,516,132,99877,63705,36161,1545,209,922,,,,,,,
2026-09-05,2026-09-05-33990191888,business-economy-9295169779,business-economy,aljazeera-economy,fetch,failed,robots_denied,,,,,,,,,,,,,,,,,,
2026-09-05,2026-09-05-33990191888,business-economy-8568627012,business-economy,guardian-business,publish,ok,,679,83,679,543,49,138357,93653,44692,1839,257,922,,,,,,,
2026-09-05,2026-09-05-33990191888,world-9096521145,world,abc-au-world,publish,ok,,75,55,75,458,68,45794,15917,29828,1077,179,922,,,,,,,
2026-09-05,2026-09-05-33990191888,world-7726922445,world,scmp-news,extract,failed,paywalled,,,,,,,,,,,,,,,,,,
2026-09-05,2026-09-05-33990191888,world-1090716735,world,news18-world,fetch,failed,http_client_error,,,,,,,,,,,,,,,,,,
2026-09-05,2026-09-05-33990191888,world-7376954917,world,thehindu-intl,publish,ok,,1116,129,1116,490,46,209459,151638,57771,2407,327,923,,,,,,,
2026-09-05,2026-09-05-33990191888,world-6568664107,world,lemonde-en,publish,ok,too_short,35,36,35,1620,118,127334,103827,23499,1031,141,0,,,,,,,
2026-09-05,2026-09-05-33990191888,world-5941318959,world,bbc-world,publish,ok,,234,70,234,762,51,76780,37852,38918,1292,232,922,,,,,,,
2026-09-05,2026-09-05-33990191888,world-3488404022,world,africanews,publish,ok,,426,99,426,1249,34,101919,60360,41548,1515,244,922,,,,,,,
2026-09-05,2026-09-05-33990191888,world-9162426618,world,japan-times,publish,ok,,250,75,250,1573,49,77973,38835,39129,1304,231,922,,,,,,,
2026-09-05,2026-09-05-33990191888,india-0368531850,india,the-hindu-national,publish,ok,,84,53,84,164,37,45567,18278,27281,1103,163,922,,,,,,,
2026-09-05,2026-09-05-33990191888,india-4905391445,india,india-today,publish,ok,,395,83,395,483,66,95234,57031,38189,1483,224,922,,,,,,,
2026-09-05,2026-09-05-33990191888,india-3176791994,india,thehindu-all,publish,ok,,279,59,279,191,38,83447,48387,35049,1398,207,922,,,,,,,
2026-09-05,2026-09-05-33990191888,india-3169781886,india,toi-top,publish,ok,,1155,134,1155,520,76,216632,156817,59717,2457,336,923,,,,,,,
2026-09-05,2026-09-05-33990191888,india-2425849443,india,economic-times,publish,ok,too_short,54,33,54,108,56,34462,12057,22397,1040,134,922,,,,,,,
2026-09-05,2026-09-05-33990191888,india-6427973917,india,dna-india,publish,ok,,466,72,466,2527,82,122166,77191,44965,1681,262,922,,,,,,,
2026-09-05,2026-09-05-33990191888,india-3611597704,india,scroll-in,publish,ok,,788,125,788,541,37,175951,115571,60244,2054,331,923,,,,,,,
2026-09-05,2026-09-05-33990191888,india-8871734361,india,scroll-in,publish,ok,,2206,165,2206,302,45,467749,397124,70483,3862,365,0,,,,,,,
2026-09-05,2026-09-05-33990191888,india-6203168326,india,livemint-markets,publish,ok,,424,73,424,395,30,99283,62206,37014,1533,217,922,,,,,,,
2026-09-05,2026-09-05-33990191888,ai-3541594072,ai,guardian-ai,publish,ok,,1115,114,1115,708,76,292670,244194,48407,2399,274,0,,,,,,,
2026-09-05,2026-09-05-33990191888,energy-8422675449,energy,electrek,publish,ok,,631,70,631,439,33,238771,191409,47312,1887,269,0,,,,,,,
2026-09-05,2026-09-05-33990191888,energy-6865795465,energy,cleantechnica,publish,ok,,476,74,476,653,24,106269,68546,37675,1596,217,922,,,,,,,
2026-09-05,2026-09-05-33990191888,business-economy-7671281133,business-economy,econbrowser,publish,ok,not_prose,59,47,59,823,8,132825,106511,26302,1055,153,0,,,,,,,
2026-09-05,2026-09-05-33990191888,business-economy-3670579293,business-economy,business-today-in,publish,ok,,79,48,79,381,89,41999,14872,27118,1066,162,922,,,,,,,
2026-09-05,2026-09-05-33990191888,world-8859308204,world,abc-au-world,publish,ok,,1516,82,1516,465,77,241194,203313,37827,2907,210,923,,,,,,,
2026-09-05,2026-09-05-33990191888,world-8626368538,world,scmp-news,extract,failed,paywalled,,,,,,,,,,,,,,,,,,
2026-09-05,2026-09-05-33990191888,world-9576527494,world,independent-world,publish,ok,,690,73,690,310,45,136293,96371,39910,1868,230,922,,,,,,,
2026-09-05,2026-09-05-33990191888,world-5731394418,world,france24,publish,ok,,211,54,211,579,53,67147,34024,33073,1253,192,922,,,,,,,
2026-09-05,2026-09-05-33990191888,world-1911950800,world,anadolu-world,publish,ok,,171,58,171,4378,201,62631,28979,33642,1206,197,922,,,,,,,
2026-09-05,2026-09-05-33990191888,world-3463957801,world,apnews-world,publish,ok,,465,62,465,99,204,121730,80380,41340,1712,241,922,,,,,,,
2026-09-05,2026-09-05-33990191888,world-9603367951,world,euronews,publish,ok,,333,65,333,803,59,83936,49440,34383,1409,201,922,,,,,,,
2026-09-05,2026-09-05-33990191888,world-7784048939,world,elpais-en,publish,ok,,1256,108,1256,1112,69,235516,176805,58641,2650,327,923,,,,,,,
2026-09-05,2026-09-05-33990191888,world-1005102851,world,africanews,publish,ok,,215,64,215,770,30,71187,33927,37250,1254,217,922,,,,,,,
2026-09-05,2026-09-05-33990191888,india-0610360204,india,toi-india,publish,ok,,134,52,134,719,97,50681,22340,28332,1141,168,922,,,,,,,
2026-09-05,2026-09-05-33990191888,india-8889564807,india,deccan-chronicle,publish,ok,,198,53,198,10938,44,94790,51244,43537,1427,253,922,,,,,,,
2026-09-05,2026-09-05-33990191888,india-5525283660,india,free-press-journal,publish,ok,,248,68,248,480,18,93247,45673,47566,1371,276,922,,,,,,,
2026-09-05,2026-09-05-33990191888,india-0428260507,india,toi-top,publish,ok,,397,60,397,34,81,91234,57123,34099,1481,198,922,,,,,,,
2026-09-05,2026-09-05-33990191888,india-6413834710,india,india-today,publish,ok,,338,79,338,244,67,85400,48043,37347,1394,218,922,,,,,,,
2026-09-05,2026-09-05-33990191888,india-1104446377,india,thehindu-business,publish,ok,,369,88,369,513,35,102582,56730,45842,1477,264,922,,,,,,,
2026-09-05,2026-09-05-33990191888,india-0178421518,india,the-federal,publish,ok,,970,116,970,868,83,195500,146411,48991,2353,278,923,,,,,,,
2026-09-05,2026-09-05-33990191888,india-0502914663,india,thehindu-biz,publish,ok,,1397,101,1397,579,50,244332,194693,49552,2822,278,923,,,,,,,
2026-09-06,2026-09-06-34018397592,ai-1337505825,ai,guardian-ai,publish,ok,,88,64,88,592,45,139858,108564,31255,1087,183,0,,,,,,,
2026-09-06,2026-09-06-34018397592,business-economy-7738878071,business-economy,guardian-business,publish,ok,,723,129,723,148,57,244833,190771,53983,1901,310,0,,,,,,,
2026-09-06,2026-09-06-34018397592,business-economy-8157987873,business-economy,seekingalpha,fetch,failed,http_client_error,,,,,,,,,,,,,,,,,,
2026-09-06,2026-09-06-34018397592,business-economy-9990969521,business-economy,marginal-revolution,publish,ok,,328,56,328,221,14,74832,43841,30977,1358,180,922,,,,,,,
2026-09-06,2026-09-06-34018397592,world-0496431494,world,scmp-news,extract,failed,paywalled,,,,,,,,,,,,,,,,,,
2026-09-06,2026-09-06-34018397592,world-4531359620,world,guardian-world,publish,ok,,611,64,611,152,51,127035,88135,38888,1796,224,922,,,,,,,
2026-09-06,2026-09-06-34018397592,world-7952407970,world,japan-times,publish,ok,,128,58,128,770,48,49414,19835,29530,1117,174,922,,,,,,,
2026-09-06,2026-09-06-34018397592,world-3687070044,world,japan-times,publish,ok,,72,67,72,1576,47,49134,14770,34356,1066,202,922,,,,,,,
2026-09-06,2026-09-06-34018397592,world-5085443757,world,dw-world,publish,ok,,987,116,987,21850,43,183947,134321,49581,2254,281,923,,,,,,,
2026-09-06,2026-09-06-34018397592,world-8705454102,world,conversation-africa,publish,ok,,1077,126,1077,500,33,195096,145020,50013,2356,281,923,,,,,,,
2026-09-06,2026-09-06-34018397592,world-0011113400,world,cna-world,publish,ok,,1262,102,1262,713,116,217030,169670,47302,2597,265,923,,,,,,,
2026-09-06,2026-09-06-34018397592,world-0651648467,world,lemonde-en,publish,ok,too_short,35,43,35,1127,131,125488,102028,23448,1020,137,0,,,,,,,
2026-09-06,2026-09-06-34018397592,world-1614544915,world,npr-world,publish,ok,,723,127,723,525,40,152765,100950,51733,1921,288,923,,,,,,,
2026-09-06,2026-09-06-34018397592,india-9526500586,india,the-hindu-national,publish,ok,,598,72,598,505,44,134078,90278,43789,1815,250,922,,,,,,,
2026-09-06,2026-09-06-34018397592,india-6111394846,india,thehindu-business,publish,ok,,419,67,419,467,36,94928,58259,36606,1496,206,922,,,,,,,
2026-09-06,2026-09-06-34018397592,india-6955435714,india,deccan-chronicle,publish,ok,,77,49,77,5963,40,44615,15502,29105,1074,166,922,,,,,,,
2026-09-06,2026-09-06-34018397592,india-0983854422,india,livemint-companies,extract,failed,paywalled,,,,,,,,,,,,,,,,,,
2026-09-06,2026-09-06-34018397592,india-1180185176,india,free-press-journal,publish,ok,,412,80,412,500,21,106836,62035,44791,1535,256,922,,,,,,,
2026-09-06,2026-09-06-34018397592,india-1991782888,india,dna-india,publish,ok,,363,95,363,2023,87,95589,51876,43702,1434,242,922,,,,,,,
2026-09-06,2026-09-06-34018397592,india-4148283768,india,toi-top,publish,ok,,279,58,279,712,88,99235,48574,50650,1392,270,922,,,,,,,
2026-09-06,2026-09-06-34018397592,india-7766385943,india,livemint-markets,publish,ok,,787,132,787,57,38,186659,123667,62931,2140,340,923,,,,,,,
2026-09-06,2026-09-06-34018397592,india-3412503602,india,the-quint,publish,ok,,1010,114,1010,761,70,192568,138724,53684,2287,290,923,,,,,,,
2026-09-06,2026-09-06-34018397592,ai-1816138685,ai,simon-willison,publish,ok,,128,55,128,402,13,149350,117837,31502,1175,185,0,,,,,,,
2026-09-06,2026-09-06-34018397592,energy-3487975226,energy,cleantechnica,publish,ok,,1327,122,1327,564,29,330543,267830,62646,2669,343,0,,,,,,,
2026-09-06,2026-09-06-34018397592,business-economy-2805538430,business-economy,business-today-in,publish,ok,,476,66,476,643,230,111875,72067,39798,1636,228,922,,,,,,,
2026-09-06,2026-09-06-34018397592,business-economy-2494835580,business-economy,aljazeera-economy,fetch,failed,robots_denied,,,,,,,,,,,,,,,,,,
2026-09-06,2026-09-06-34018397592,business-economy-3055383220,business-economy,seekingalpha,fetch,failed,http_client_error,,,,,,,,,,,,,,,,,,
2026-09-06,2026-09-06-34018397592,world-4288585338,world,news18-world,fetch,failed,http_client_error,,,,,,,,,,,,,,,,,,
2026-09-06,2026-09-06-34018397592,world-9470224257,world,abc-au-world,publish,ok,,136,64,136,1201,64,59536,23322,36205,1153,211,922,,,,,,,
2026-09-06,2026-09-06-34018397592,world-4696516255,world,dw-world,publish,ok,,1127,132,1127,1939,43,204982,147406,57524,2383,323,923,,,,,,,
2026-09-06,2026-09-06-34018397592,world-2639134281,world,abc-au-world,publish,ok,,545,59,545,407,75,113414,76846,36558,1684,211,922,,,,,,,
2026-09-06,2026-09-06-34018397592,world-9068338168,world,independent-world,publish,ok,,1252,104,1252,558,76,220943,172423,48465,2626,269,923,,,,,,,
2026-09-06,2026-09-06-34018397592,world-6415984968,world,cna-world,publish,ok,,335,61,335,1844,94,96807,51608,45149,1435,261,922,,,,,,,
2026-09-06,2026-09-06-34018397592,world-0669321016,world,elpais-en,publish,ok,,1660,106,1660,900,71,283254,230588,52566,3186,271,923,,,,,,,
2026-09-06,2026-09-06-34018397592,world-5459752683,world,anadolu-world,publish,ok,,281,140,281,5622,93,110391,46142,64240,1381,372,923,,,,,,,
2026-09-06,2026-09-06-34018397592,india-5802486993,india,the-hindu-national,publish,ok,,1371,122,1371,479,51,256059,195717,60215,2855,333,923,,,,,,,
2026-09-06,2026-09-06-34018397592,india-4560750642,india,toi-india,publish,ok,,388,68,388,687,107,87591,54421,33161,1461,192,923,,,,,,,
2026-09-06,2026-09-06-34018397592,india-5950086125,india,deccan-chronicle,publish,ok,not_prose,145,41,145,11238,44,154900,122766,32094,1228,187,0,,,,,,,
2026-09-06,2026-09-06-34018397592,india-9224008784,india,india-today,publish,ok,,604,66,604,560,71,123704,83814,39842,1752,227,922,,,,,,,
2026-09-06,2026-09-06-34018397592,india-8093676270,india,india-today,publish,ok,,565,71,565,265,70,123436,79126,44261,1705,253,922,,,,,,,
2026-09-06,2026-09-06-34018397592,india-3470292172,india,hindustan-times,publish,ok,,661,71,661,547,60,139332,98081,41134,1892,231,922,,,,,,,
2026-09-06,2026-09-06-34018397592,india-9746216817,india,livemint-companies,publish,ok,,580,75,580,880,37,138305,90856,47394,1822,268,922,,,,,,,
2026-09-06,2026-09-06-34018397592,india-5591485284,india,the-federal,publish,ok,,733,109,733,742,87,155102,107873,47169,1989,263,923,,,,,,,
2026-09-06,2026-09-06-34018397592,india-0846796490,india,ht-business,extract,failed,paywalled,,,,,,,,,,,,,,,,,,
2026-09-06,2026-09-06-34018397592,ai-6658033549,ai,techcrunch-ai,publish,ok,,190,87,190,399,39,169261,121969,47281,1219,264,0,,,,,,,
2026-09-06,2026-09-06-34018397592,energy-0036144299,energy,oilprice,publish,ok,,710,137,710,597,44,235624,184314,51203,1842,277,0,,,,,,,
2026-09-06,2026-09-06-34018397592,business-economy-0629540796,business-economy,business-today-in,publish,ok,not_prose,76,59,76,438,103,142040,107830,34169,1080,195,0,,,,,,,
2026-09-06,2026-09-06-34018397592,business-economy-6281364436,business-economy,guardian-business,publish,ok,,623,71,623,378,44,123166,81413,41701,1727,231,922,,,,,,,
2026-09-06,2026-09-06-34018397592,business-economy-3748253895,business-economy,cna-business,publish,ok,,436,69,436,1219,103,106564,64715,41799,1563,231,922,,,,,,,
2026-09-06,2026-09-06-34018397592,world-9770472404,world,mongabay,publish,ok,,1590,121,1590,657,39,286553,228900,57600,3176,306,923,,,,,,,
2026-09-06,2026-09-06-34018397592,world-6523671005,world,news18-world,fetch,failed,http_client_error,,,,,,,,,,,,,,,,,,
2026-09-06,2026-09-06-34018397592,world-0648243346,world,france24,publish,ok,,108,53,108,1139,207,53828,20186,33632,1121,184,922,,,,,,,
2026-09-06,2026-09-06-34018397592,world-3748983678,world,euronews,publish,ok,,223,54,223,1004,63,76561,36120,40430,1281,226,922,,,,,,,
2026-09-06,2026-09-06-34018397592,world-0056770845,world,france24,publish,ok,,794,119,794,688,57,164460,110251,54136,2015,292,923,,,,,,,
2026-09-06,2026-09-06-34018397592,world-4179201910,world,apnews-world,publish,ok,,920,131,920,207,235,203044,138650,64336,2291,332,923,,,,,,,
2026-09-06,2026-09-06-34018397592,world-4908199259,world,elpais-en,publish,ok,,1516,149,1516,993,72,285717,212964,72688,3017,378,923,,,,,,,
2026-09-06,2026-09-06-34018397592,world-7837953480,world,independent-world,publish,ok,,435,66,435,523,51,97239,63697,33530,1551,185,922,,,,,,,
2026-09-06,2026-09-06-34018397592,world-4392687384,world,global-voices,publish,ok,,784,115,784,2352,45,166703,114880,51723,2059,277,923,,,,,,,
2026-09-06,2026-09-06-34018397592,india-1295163126,india,thehindu-all,publish,ok,,303,69,303,727,42,102719,53411,49296,1449,274,922,,,,,,,
2026-09-06,2026-09-06-34018397592,india-5338062208,india,thehindu-business,publish,ok,,1069,173,1069,930,42,214220,146590,67490,2367,347,923,,,,,,,
2026-09-06,2026-09-06-34018397592,india-3460709298,india,livemint-markets,publish,ok,,940,104,940,499,40,231107,171081,59964,2599,312,923,,,,,,,
2026-09-06,2026-09-06-34018397592,india-3462200442,india,economic-times,publish,ok,,243,70,243,767,48,86201,40190,46000,1333,244,937,,,,,,,
2026-09-06,2026-09-06-34018397592,india-6299494032,india,hindustan-times,publish,ok,,753,104,753,642,68,153184,104408,48716,1953,259,923,,,,,,,
2026-09-06,2026-09-06-34018397592,india-9245930850,india,economic-times,publish,ok,,457,71,457,538,63,111685,67854,43820,1610,242,937,,,,,,,
2026-09-06,2026-09-06-34018397592,india-7212445290,india,dna-india,publish,ok,,592,62,592,2575,90,153835,111442,42381,1812,229,707,,,,,,,
2026-09-06,2026-09-06-34018397592,india-0361453184,india,scroll-in,publish,ok,,424,69,424,706,35,112261,68066,44144,1597,244,922,,,,,,,
2026-09-06,2026-09-06-34018397592,india-2965403219,india,ht-business,extract,failed,paywalled,,,,,,,,,,,,,,,,,,
2026-09-06,2026-09-06-34018397592,energy-4866763858,energy,oilprice,publish,ok,,874,133,874,952,54,262131,207799,54227,2044,292,0,,,,,,,
2026-09-06,2026-09-06-34018397592,business-economy-6705981749,business-economy,aljazeera-economy,fetch,failed,robots_denied,,,,,,,,,,,,,,,,,,
2026-09-06,2026-09-06-34018397592,business-economy-9485192447,business-economy,bbc-business,publish,ok,,96,52,96,114,54,145961,111398,34516,1092,178,0,,,,,,,
2026-09-06,2026-09-06-34018397592,business-economy-0996623631,business-economy,bbc-business,publish,ok,,2214,141,2214,162,66,448044,383337,64643,3731,330,0,,,,,,,
2026-09-06,2026-09-06-34018397592,world-6906091689,world,bbc-world,publish,ok,,391,76,391,38,59,106124,57768,48346,1483,239,922,,,,,,,
2026-09-06,2026-09-06-34018397592,world-4937027839,world,scmp-news,extract,failed,paywalled,,,,,,,,,,,,,,,,,,
2026-09-06,2026-09-06-34018397592,world-1098640143,world,thehindu-intl,publish,ok,,84,64,84,554,50,51537,17100,34427,1088,174,922,,,,,,,
2026-09-06,2026-09-06-34018397592,world-6582489827,world,euronews,publish,ok,,418,97,418,725,66,117295,60697,56587,1510,274,922,,,,,,,
2026-09-06,2026-09-06-34018397592,world-4082324249,world,apnews-world,publish,ok,,639,72,639,83,250,139531,92127,47392,1818,230,922,,,,,,,
2026-09-06,2026-09-06-34018397592,world-4568830722,world,conversation-africa,publish,ok,,1418,99,1418,296,38,237960,189095,48803,2764,267,923,,,,,,,
2026-09-06,2026-09-06-34018397592,world-7787424926,world,anadolu-world,publish,ok,,1016,98,1016,5262,92,190485,141066,49342,2300,268,923,,,,,,,
2026-09-06,2026-09-06-34018397592,world-8887388456,world,lemonde-en,publish,ok,too_short,35,36,35,1494,137,132498,104328,28158,1019,140,0,,,,,,,
2026-09-06,2026-09-06-34018397592,world-3269907128,world,npr-world,publish,ok,,1342,120,1342,611,46,231611,177314,54236,2655,289,923,,,,,,,
2026-09-06,2026-09-06-34018397592,india-2725932951,india,toi-india,publish,ok,,150,60,150,391,111,70801,28063,42682,1193,217,922,,,,,,,
2026-09-06,2026-09-06-34018397592,india-3946936492,india,toi-top,publish,ok,,605,85,605,25,71,152763,95502,57247,1852,301,922,,,,,,,
2026-09-06,2026-09-06-34018397592,india-4971412989,india,thehindu-all,publish,ok,,143,57,143,164,51,57228,25209,31948,1168,170,922,,,,,,,
2026-09-06,2026-09-06-34018397592,india-0607973558,india,livemint,publish,ok,,758,124,758,178,38,164920,109204,55655,1988,306,923,,,,,,,
2026-09-06,2026-09-06-34018397592,india-0585281840,india,free-press-journal,publish,ok,,401,70,401,249,35,103434,62007,41416,1527,225,922,,,,,,,
2026-09-06,2026-09-06-34018397592,india-2468162445,india,livemint,publish,ok,,915,152,915,62,39,182856,127637,55122,2172,305,923,,,,,,,
2026-09-06,2026-09-06-34018397592,india-9328173849,india,frontline,publish,ok,,936,97,936,397,43,179678,133353,46184,2228,252,923,,,,,,,
2026-09-06,2026-09-06-34018397592,india-1877728937,india,scroll-in,publish,ok,,2109,148,2109,521,45,329289,273094,56085,3566,294,924,,,,,,,
2026-09-06,2026-09-06-34018397592,india-1153316047,india,the-federal,publish,ok,,331,65,331,459,79,94352,54487,39854,1453,221,922,,,,,,,
2026-09-06,2026-09-06-34029041463,ai-5904341683,ai,wired-ai,publish,ok,,625,57,625,1251,127,213288,177519,35755,1746,201,0,,,,,,,
2026-09-06,2026-09-06-34029041463,energy-0161165383,energy,inside-climate-news,publish,ok,,1121,132,1121,626,36,304398,246223,58105,2412,319,0,,,,,,,
2026-09-06,2026-09-06-34029041463,business-economy-9678914463,business-economy,yahoo-finance,publish,ok,,429,64,429,426,120,110010,67475,42486,1584,243,922,,,,,,,
2026-09-06,2026-09-06-34029041463,business-economy-5333619311,business-economy,guardian-business,publish,ok,,963,112,963,367,64,184150,131615,52465,2207,292,923,,,,,,,
2026-09-06,2026-09-06-34029041463,business-economy-9772035469,business-economy,bbc-business,publish,ok,,518,78,518,117,67,112800,72996,39793,1637,228,922,,,,,,,
2026-09-06,2026-09-06-34029041463,world-6621214752,world,scmp-news,extract,failed,paywalled,,,,,,,,,,,,,,,,,,
2026-09-06,2026-09-06-34029041463,world-5198356071,world,abc-au-world,publish,ok,,293,64,293,376,82,82254,47136,35105,1383,202,922,,,,,,,
2026-09-06,2026-09-06-34029041463,world-8939364293,world,cna-world,publish,ok,,200,71,200,792,99,74714,33907,40796,1253,237,922,,,,,,,
2026-09-06,2026-09-06-34029041463,world-1329200703,world,france24,publish,ok,,88,55,88,937,49,48342,19216,29116,1109,170,922,,,,,,,
2026-09-06,2026-09-06-34029041463,world-5910253410,world,cna-world,publish,ok,,1261,93,1261,184,107,219368,172937,46364,2607,253,923,,,,,,,
2026-09-06,2026-09-06-34029041463,world-8862354115,world,thehindu-intl,publish,ok,,166,73,166,556,38,66991,28482,38499,1197,221,922,,,,,,,
2026-09-06,2026-09-06-34029041463,world-2891565025,world,france24,publish,ok,,87,62,87,73,170,47245,16758,30478,1084,178,922,,,,,,,
2026-09-06,2026-09-06-34029041463,world-8840156030,world,apnews-world,publish,ok,,693,94,693,84,231,155673,103186,52475,1932,295,922,,,,,,,
2026-09-06,2026-09-06-34029041463,world-8123367760,world,apnews-world,publish,ok,,840,123,840,61,218,183044,122993,59990,2121,333,923,,,,,,,
2026-09-06,2026-09-06-34029041463,india-2152892276,india,the-hindu-national,publish,ok,,159,80,159,77,38,77018,31112,45855,1227,267,922,,,,,,,
2026-09-06,2026-09-06-34029041463,india-5238111344,india,deccan-chronicle,publish,ok,,323,49,323,2971,43,73722,45791,27921,1370,161,922,,,,,,,
2026-09-06,2026-09-06-34029041463,india-8575515147,india,hindustan-times,publish,ok,,713,111,713,370,59,152512,99648,52766,1893,286,923,,,,,,,
2026-09-06,2026-09-06-34029041463,india-1189121939,india,thehindu-business,publish,ok,,441,61,441,197,38,107553,68632,38910,1596,221,922,,,,,,,
2026-09-06,2026-09-06-34029041463,india-1905627249,india,thehindu-all,publish,ok,,297,75,297,663,40,82369,43759,38600,1351,222,922,,,,,,,
2026-09-06,2026-09-06-34029041463,india-9840927493,india,toi-top,publish,ok,,1705,144,1705,437,68,269829,213784,55889,2992,298,923,,,,,,,
2026-09-06,2026-09-06-34029041463,india-1950293247,india,livemint-markets,publish,ok,,539,57,539,497,34,132638,90943,41683,1811,232,922,,,,,,,
2026-09-06,2026-09-06-34029041463,india-9533149466,india,the-quint,publish,ok,,634,88,634,527,63,144965,90242,54669,1801,303,922,,,,,,,
2026-09-06,2026-09-06-34029041463,india-6701306095,india,scroll-in,publish,ok,,619,64,619,424,33,122198,88925,33175,1789,187,922,,,,,,,
2026-09-06,2026-09-06-34029041463,ai-2539461366,ai,guardian-ai,publish,ok,,3241,129,3241,424,70,554167,501813,52282,4919,253,0,,,,,,,
2026-09-06,2026-09-06-34029041463,energy-2704347174,energy,electrek,publish,ok,,435,59,435,155,32,190677,156245,34392,1559,189,0,,,,,,,
2026-09-06,2026-09-06-34029041463,business-economy-4773439361,business-economy,business-today-in,publish,ok,,110,65,110,327,97,61115,19750,41357,1116,231,922,,,,,,,
2026-09-06,2026-09-06-34029041463,business-economy-9154664762,business-economy,bbc-business,publish,ok,,685,79,685,526,58,138692,92104,46575,1834,255,922,,,,,,,
2026-09-06,2026-09-06-34029041463,business-economy-3746143965,business-economy,guardian-business,publish,ok,,419,59,419,84,42,98202,59259,38892,1508,218,922,,,,,,,
2026-09-06,2026-09-06-34029041463,business-economy-0810899017,business-economy,seekingalpha,publish,ok,not_prose,41,30,41,242,55,124615,104011,20595,1036,115,0,,,,,,,
2026-09-06,2026-09-06-34029041463,world-0209525209,world,guardian-world,publish,ok,,522,62,522,83,42,107291,72087,35194,1635,196,922,,,,,,,
2026-09-06,2026-09-06-34029041463,world-7185725525,world,abc-au-world,publish,ok,,116,66,116,1102,68,59637,20870,38759,1126,221,922,,,,,,,
2026-09-06,2026-09-06-34029041463,world-9536738515,world,news18-world,fetch,failed,http_client_error,,,,,,,,,,,,,,,,,,
2026-09-06,2026-09-06-34029041463,world-3325306854,world,independent-world,publish,ok,,1246,123,1246,551,76,310158,258554,51547,2569,271,0,,,,,,,
2026-09-06,2026-09-06-34029041463,world-3132538407,world,africanews,publish,ok,,208,69,208,813,37,75703,32826,42867,1248,241,922,,,,,,,
2026-09-06,2026-09-06-34029041463,world-5894891146,world,anadolu-world,publish,ok,,263,85,263,7922,216,80918,41282,39625,1331,223,922,,,,,,,
2026-09-06,2026-09-06-34029041463,world-7953914225,world,japan-times,publish,ok,,234,78,234,1213,51,77018,34751,42255,1267,239,922,,,,,,,
2026-09-06,2026-09-06-34029041463,world-8601371134,world,dw-world,publish,ok,,1184,106,1184,22264,50,193033,152650,40334,2432,218,923,,,,,,,
2026-09-06,2026-09-06-34029041463,india-7610652637,india,the-hindu-national,publish,ok,,351,85,351,660,42,108072,59645,48416,1514,271,922,,,,,,,
2026-09-06,2026-09-06-34029041463,india-3659516879,india,deccan-chronicle,publish,ok,,340,60,340,1998,41,84617,48371,36236,1402,205,922,,,,,,,
2026-09-06,2026-09-06-34029041463,india-3405029775,india,india-today,publish,ok,,542,81,542,405,75,134854,82680,52161,1742,283,922,,,,,,,
2026-09-06,2026-09-06-34029041463,india-8801903968,india,toi-top,publish,ok,,648,61,648,422,32,125854,89156,36647,1805,203,922,,,,,,,
2026-09-06,2026-09-06-34029041463,india-6644657451,india,thehindu-all,publish,ok,,391,58,391,102,41,98523,58317,40104,1499,223,922,,,,,,,
2026-09-06,2026-09-06-34029041463,india-6337027618,india,free-press-journal,publish,ok,,442,58,442,487,20,101092,63841,37240,1554,206,922,,,,,,,
2026-09-06,2026-09-06-34029041463,india-6340092873,india,livemint-companies,publish,ok,,313,58,313,280,29,86018,47925,38081,1397,210,922,,,,,,,
2026-09-06,2026-09-06-34029041463,india-0770300845,india,the-federal,publish,ok,,765,115,765,1628,88,159438,104772,54588,1964,296,923,,,,,,,
2026-09-06,2026-09-06-34029041463,india-1076855536,india,scroll-in,publish,ok,,267,84,267,461,31,80485,39256,41218,1312,232,922,,,,,,,
2026-09-06,2026-09-06-34029041463,ai-3602021803,ai,simon-willison,publish,ok,,101,72,101,351,13,143275,112618,30648,1111,171,0,,,,,,,
2026-09-06,2026-09-06-34029041463,business-economy-5215431252,business-economy,business-today-in,publish,ok,not_prose,553,53,553,400,51,254791,220536,34209,2162,185,0,,,,,,,
2026-09-06,2026-09-06-34029041463,business-economy-9952733016,business-economy,aljazeera-economy,fetch,failed,robots_denied,,,,,,,,,,,,,,,,,,
2026-09-06,2026-09-06-34029041463,business-economy-5289622586,business-economy,quartz,publish,ok,,3568,185,3568,300,88,686076,590757,95118,5665,469,0,,,,,,,
2026-09-06,2026-09-06-34029041463,business-economy-2233385329,business-economy,seekingalpha,fetch,failed,http_client_error,,,,,,,,,,,,,,,,,,
2026-09-06,2026-09-06-34029041463,world-5041582718,world,euronews,publish,ok,,459,92,459,972,64,108698,65360,43280,1562,242,922,,,,,,,
2026-09-06,2026-09-06-34029041463,world-9475061683,world,bbc-world,publish,ok,,422,83,422,560,58,103993,60329,43653,1511,239,922,,,,,,,
2026-09-06,2026-09-06-34029041463,world-6953112453,world,dw-world,publish,ok,,1053,112,1053,42156,33,293173,239114,53985,2347,285,0,,,,,,,
2026-09-06,2026-09-06-34029041463,world-2733168972,world,thehindu-intl,publish,ok,,422,67,422,816,42,106656,64414,42231,1551,235,922,,,,,,,
2026-09-06,2026-09-06-34029041463,world-0866503458,world,npr-world,publish,ok,,419,81,419,1216,29,109121,64514,44596,1551,256,922,,,,,,,
2026-09-06,2026-09-06-34029041463,world-0293125695,world,euronews,publish,ok,,972,118,972,482,70,191324,136167,55105,2252,307,923,,,,,,,
2026-09-06,2026-09-06-34029041463,world-4680815927,world,japan-times,publish,ok,,240,70,240,2009,49,79765,38957,40798,1303,232,922,,,,,,,
2026-09-06,2026-09-06-34029041463,world-1485552314,world,bbc-world,publish,ok,,284,79,284,198,50,84906,44640,40256,1357,233,922,,,,,,,
2026-09-06,2026-09-06-34029041463,world-9014641451,world,elpais-en,publish,ok,,1447,128,1447,1289,70,244282,189458,54757,2765,291,923,,,,,,,
2026-09-06,2026-09-06-34029041463,india-4982636390,india,toi-india,publish,ok,,321,66,321,664,234,86436,47552,38874,1384,210,922,,,,,,,
2026-09-06,2026-09-06-34029041463,india-1656815448,india,livemint-markets,publish,ok,,532,71,532,618,34,144821,92635,52174,1825,285,922,,,,,,,
2026-09-06,2026-09-06-34029041463,india-1671634977,india,the-federal,publish,ok,,677,76,677,890,92,149326,98203,51071,1878,276,922,,,,,,,
2026-09-06,2026-09-06-34029041463,india-1974317873,india,livemint,publish,ok,,690,65,690,200,35,154683,110872,43722,2001,235,922,,,,,,,
2026-09-06,2026-09-06-34029041463,india-5061002257,india,economic-times,publish,ok,,137,56,137,636,48,61379,24354,36946,1160,197,922,,,,,,,
2026-09-06,2026-09-06-34029041463,india-6953719364,india,economic-times,publish,ok,,681,65,681,400,49,142078,99330,42735,1889,240,922,,,,,,,
2026-09-06,2026-09-06-34029041463,india-6490246409,india,the-quint,publish,ok,,629,64,629,970,70,132830,91225,41539,1813,233,922,,,,,,,
2026-09-06,2026-09-06-34029041463,india-7372174044,india,dna-india,publish,ok,,460,59,460,2604,88,104512,67516,36937,1580,207,922,,,,,,,
2026-09-06,2026-09-06-34029041463,ai-8977129731,ai,wired-ai,publish,ok,,1131,117,1131,607,132,299442,240813,58572,2373,326,0,,,,,,,
2026-09-06,2026-09-06-34029041463,energy-5249287279,energy,inside-climate-news,publish,ok,,1035,115,1035,746,35,184871,136284,48533,2260,272,923,,,,,,,
2026-09-06,2026-09-06-34029041463,business-economy-8882058733,business-economy,aljazeera-economy,fetch,failed,robots_denied,,,,,,,,,,,,,,,,,,
2026-09-06,2026-09-06-34029041463,business-economy-7668657730,business-economy,quartz,publish,ok,,3631,141,3631,133,94,672388,607523,64775,5849,320,0,,,,,,,
2026-09-06,2026-09-06-34029041463,business-economy-5040110463,business-economy,yahoo-finance,fetch,failed,robots_denied,,,,,,,,,,,,,,,,,,
2026-09-06,2026-09-06-34029041463,world-4655075644,world,scmp-news,extract,failed,paywalled,,,,,,,,,,,,,,,,,,
2026-09-06,2026-09-06-34029041463,world-5248037759,world,guardian-world,publish,ok,,1863,128,1863,377,216,293873,246313,47458,3327,256,923,,,,,,,
2026-09-06,2026-09-06-34029041463,world-5926147401,world,news18-world,fetch,failed,http_client_error,,,,,,,,,,,,,,,,,,
2026-09-06,2026-09-06-34029041463,world-5941947465,world,independent-world,publish,ok,,369,100,369,272,47,189154,144331,44781,1432,258,0,,,,,,,
2026-09-06,2026-09-06-34029041463,world-7802253430,world,lemonde-en,publish,ok,too_short,35,29,35,1471,5,124265,102470,21786,1018,128,0,,,,,,,
2026-09-06,2026-09-06-34029041463,world-5318985902,world,lemonde-en,publish,ok,too_short,35,36,35,569,5,32907,10535,22363,1026,131,922,,,,,,,
2026-09-06,2026-09-06-34029041463,world-3149749912,world,africanews,publish,ok,,365,72,365,997,38,87921,51396,36516,1427,211,922,,,,,,,
2026-09-06,2026-09-06-34029041463,world-7817118747,world,anadolu-world,publish,ok,,794,129,794,4159,97,174340,117661,56587,2078,317,923,,,,,,,
2026-09-06,2026-09-06-34029041463,world-9270776910,world,elpais-en,publish,ok,,937,92,937,1258,64,164968,123094,41794,2129,235,923,,,,,,,
2026-09-06,2026-09-06-34029041463,india-9504974196,india,toi-india,publish,ok,,1082,100,1082,353,114,225519,167717,57734,2563,314,923,,,,,,,
2026-09-06,2026-09-06-34029041463,india-4450501259,india,hindustan-times,publish,ok,,475,67,475,220,56,97945,64947,32988,1560,191,922,,,,,,,
2026-09-06,2026-09-06-34029041463,india-5465527875,india,india-today,publish,ok,,289,54,289,412,69,76831,43452,33370,1349,195,922,,,,,,,
2026-09-06,2026-09-06-34029041463,india-0977403595,india,free-press-journal,publish,ok,,396,67,396,263,20,101430,59595,41825,1507,243,922,,,,,,,
2026-09-06,2026-09-06-34029041463,india-7812364948,india,thehindu-business,publish,ok,,436,71,436,491,35,111819,69282,42528,1603,245,922,,,,,,,
2026-09-06,2026-09-06-34029041463,india-5214872913,india,livemint,publish,ok,,514,63,514,482,36,124171,82560,41601,1733,238,922,,,,,,,
2026-09-06,2026-09-06-34029041463,india-1095989120,india,frontline,publish,ok,,1686,102,1686,402,40,298851,254454,44282,3394,237,923,,,,,,,
2026-09-06,2026-09-06-34029041463,india-8147487332,india,dna-india,publish,ok,,353,65,353,2242,87,83856,54538,29269,1458,170,922,,,,,,,
2026-09-06,2026-09-06-34029041463,india-5649092393,india,livemint-companies,publish,ok,,482,64,482,1008,32,137133,92785,44338,1834,253,922,,,,,,,
2026-09-06,2026-09-06-34036843718,energy-2221028938,energy,balkangreen,publish,ok,,625,69,625,4657,47,232624,189021,43559,1859,231,0,,,,,,,
2026-09-06,2026-09-06-34036843718,business-economy-1597524607,business-economy,guardian-business,publish,ok,,300,90,300,218,37,90404,44635,45718,1360,255,922,,,,,,,
2026-09-06,2026-09-06-34036843718,business-economy-4852330253,business-economy,npr-business,publish,ok,not_prose,43,29,43,688,23,124026,104382,19635,1028,112,0,,,,,,,
2026-09-06,2026-09-06-34036843718,business-economy-7960785738,business-economy,quartz,publish,ok,,115,52,115,137,58,46423,19783,26631,1115,151,922,,,,,,,
2026-09-06,2026-09-06-34036843718,world-5150624454,world,apnews-world,publish,ok,,1219,116,1219,131,230,321969,261119,60752,2563,328,0,,,,,,,
2026-09-06,2026-09-06-34036843718,world-5214431975,world,cna-world,publish,ok,,205,74,205,667,92,70956,31680,39267,1234,223,922,,,,,,,
2026-09-06,2026-09-06-34036843718,world-2269953591,world,anadolu-world,publish,ok,,308,65,308,3977,215,88741,49524,39206,1404,222,922,,,,,,,
2026-09-06,2026-09-06-34036843718,world-1286093834,world,scmp-news,extract,failed,paywalled,,,,,,,,,,,,,,,,,,
2026-09-06,2026-09-06-34036843718,world-0981666433,world,euronews,publish,ok,,117,82,117,886,75,61073,20424,40638,1122,230,922,,,,,,,
2026-09-06,2026-09-06-34036843718,world-7833063516,world,lemonde-en,publish,ok,too_short,35,34,35,1417,5,33070,10307,22754,1020,130,922,,,,,,,
2026-09-06,2026-09-06-34036843718,world-5512449391,world,japan-times,publish,ok,,146,68,146,1081,48,64298,26042,38246,1177,220,922,,,,,,,
2026-09-06,2026-09-06-34036843718,world-8469031841,world,elpais-en,publish,ok,,1693,149,1693,1133,72,290496,226543,63897,3123,331,923,,,,,,,
2026-09-06,2026-09-06-34036843718,world-1011596619,world,global-voices,publish,ok,,1315,126,1315,3269,50,238459,176069,62317,2639,331,923,,,,,,,
2026-09-06,2026-09-06-34036843718,india-0409950279,india,toi-india,publish,ok,,140,45,140,1429,103,55679,25889,29782,1175,170,922,,,,,,,
2026-09-06,2026-09-06-34036843718,india-4907358631,india,economic-times,publish,ok,not_prose,197,41,197,915,68,81126,42989,38085,1345,212,922,,,,,,,
2026-09-06,2026-09-06-34036843718,india-3998928248,india,thehindu-all,publish,ok,,177,68,177,580,42,69015,29917,39041,1215,219,922,,,,,,,
2026-09-06,2026-09-06-34036843718,india-7527510947,india,thehindu-business,publish,ok,,545,100,545,565,36,130503,81908,48583,1721,269,922,,,,,,,
2026-09-06,2026-09-06-34036843718,india-0422314130,india,free-press-journal,publish,ok,,296,68,296,647,18,92898,49976,42869,1412,239,922,,,,,,,
2026-09-06,2026-09-06-34036843718,india-1177400059,india,hindustan-times,publish,ok,,461,65,461,425,57,101941,65114,36815,1558,203,922,,,,,,,
2026-09-06,2026-09-06-34036843718,india-0032539100,india,toi-top,publish,ok,,468,62,468,1614,70,111060,67711,43338,1584,243,922,,,,,,,
2026-09-06,2026-09-06-34036843718,india-8761668951,india,india-today,publish,ok,,446,62,446,481,68,108887,68781,40096,1596,227,922,,,,,,,
2026-09-06,2026-09-06-34036843718,india-1075586121,india,ht-business,publish,ok,,1536,126,1536,104,69,263735,200459,63177,2869,329,923,,,,,,,
2026-09-06,2026-09-06-34036843718,energy-1017809533,energy,grist,publish,ok,,1785,123,1785,775,59,386333,333161,53101,3259,267,0,,,,,,,
2026-09-06,2026-09-06-34036843718,business-economy-6367947455,business-economy,guardian-business,publish,ok,,748,108,748,831,44,164466,108726,55679,1986,305,923,,,,,,,
2026-09-06,2026-09-06-34036843718,business-economy-1002697848,business-economy,aljazeera-economy,fetch,failed,robots_denied,,,,,,,,,,,,,,,,,,
2026-09-06,2026-09-06-34036843718,business-economy-0198750542,business-economy,quartz,publish,ok,,1543,71,1543,385,62,232200,195516,36611,2826,193,923,,,,,,,
2026-09-06,2026-09-06-34036843718,business-economy-1800206915,business-economy,yahoo-finance,publish,ok,,478,67,478,838,123,225561,174595,50955,1724,283,0,,,,,,,
2026-09-06,2026-09-06-34036843718,world-0384339021,world,independent-world,publish,ok,,328,83,328,573,34,94671,48623,46002,1400,258,922,,,,,,,
2026-09-06,2026-09-06-34036843718,world-5805086716,world,guardian-world,publish,ok,,573,77,573,272,62,124118,79831,44276,1708,244,922,,,,,,,
2026-09-06,2026-09-06-34036843718,world-3030623676,world,news18-world,fetch,failed,http_client_error,,,,,,,,,,,,,,,,,,
2026-09-06,2026-09-06-34036843718,world-0296859892,world,cna-world,publish,ok,,316,57,316,1142,98,77449,46437,30958,1377,172,922,,,,,,,
2026-09-06,2026-09-06-34036843718,world-5212635817,world,africanews,publish,ok,,200,77,200,1353,38,67692,30285,37397,1220,213,922,,,,,,,
2026-09-06,2026-09-06-34036843718,world-8524778239,world,japan-times,publish,ok,,410,62,410,1970,49,94821,57460,37350,1486,210,922,,,,,,,
2026-09-06,2026-09-06-34036843718,world-1887594871,world,thehindu-intl,publish,ok,,741,99,741,1382,44,160673,106337,54276,1962,297,923,,,,,,,
2026-09-06,2026-09-06-34036843718,world-8288150365,world,bbc-world,publish,ok,,1160,122,1160,362,65,217443,159257,58076,2481,312,923,,,,,,,
2026-09-06,2026-09-06-34036843718,india-6485007506,india,toi-india,extract,failed,paywalled,,,,,,,,,,,,,,,,,,
2026-09-06,2026-09-06-34036843718,india-3786829809,india,deccan-chronicle,publish,ok,,216,78,216,3656,42,69818,30913,38894,1225,218,922,,,,,,,
2026-09-06,2026-09-06-34036843718,india-6442535502,india,the-federal,publish,ok,,553,81,553,2276,76,130013,82248,47753,1730,260,922,,,,,,,
2026-09-06,2026-09-06-34036843718,india-9049829367,india,thehindu-all,publish,ok,,403,96,403,271,40,106274,59094,47127,1501,260,922,,,,,,,
2026-09-06,2026-09-06-34036843718,india-2973740207,india,toi-top,publish,ok,,778,124,778,425,88,167460,110159,57164,2002,316,923,,,,,,,
2026-09-06,2026-09-06-34036843718,india-2609008372,india,thehindu-business,publish,ok,,626,82,626,1406,36,162545,106619,55914,1965,301,922,,,,,,,
2026-09-06,2026-09-06-34036843718,india-3659579379,india,livemint-companies,extract,failed,paywalled,,,,,,,,,,,,,,,,,,
2026-09-06,2026-09-06-34036843718,india-2525188004,india,india-today,publish,ok,,461,55,461,428,66,101231,64505,36618,1553,203,922,,,,,,,
2026-09-06,2026-09-06-34036843718,india-6557038280,india,dna-india,publish,ok,,402,73,402,2662,80,114477,65493,48974,1563,266,922,,,,,,,
2026-09-06,2026-09-06-34036843718,ai-5582476614,ai,fastcompany-tech,publish,ok,,340,80,340,1195,73,177005,137897,39067,1382,224,0,,,,,,,
2026-09-06,2026-09-06-34036843718,business-economy-4658785414,business-economy,yahoo-finance,publish,ok,,506,77,506,864,125,117131,73541,43579,1652,247,922,,,,,,,
2026-09-06,2026-09-06-34036843718,business-economy-8888419211,business-economy,aljazeera-economy,fetch,failed,robots_denied,,,,,,,,,,,,,,,,,,
2026-09-06,2026-09-06-34036843718,business-economy-2486853689,business-economy,bbc-business,publish,ok,,238,65,238,450,62,68715,35449,33219,1273,189,922,,,,,,,
2026-09-06,2026-09-06-34036843718,business-economy-2821400383,business-economy,seekingalpha,publish,ok,not_prose,39,35,39,350,66,134645,104130,30507,1041,176,0,,,,,,,
2026-09-06,2026-09-06-34036843718,world-3614587767,world,france24,publish,ok,,106,47,106,747,181,48964,19191,29764,1111,171,922,,,,,,,
2026-09-06,2026-09-06-34036843718,world-7711631664,world,abc-au-world,publish,ok,,614,64,614,1335,82,117525,82612,34900,1741,194,922,,,,,,,
2026-09-06,2026-09-06-34036843718,world-4958743671,world,dw-world,publish,ok,,444,75,444,22424,36,111322,63615,47658,1551,270,922,,,,,,,
2026-09-06,2026-09-06-34036843718,world-2333415408,world,euronews,publish,ok,,323,58,323,806,63,87142,50109,37021,1418,211,922,,,,,,,
2026-09-06,2026-09-06-34036843718,world-9582709027,world,apnews-world,publish,ok,,1034,146,1034,289,222,299254,236483,62723,2356,341,0,,,,,,,
2026-09-06,2026-09-06-34036843718,world-5258130754,world,abc-au-world,publish,ok,,737,103,737,979,80,144681,100389,44245,1917,244,923,,,,,,,
2026-09-06,2026-09-06-34036843718,world-3178998086,world,thehindu-intl,publish,ok,,1147,121,1147,1175,49,206195,153531,52596,2440,284,923,,,,,,,
2026-09-06,2026-09-06-34036843718,world-7966301774,world,bbc-world,publish,ok,,79,56,79,160,46,52524,18353,34162,1101,200,922,,,,,,,
2026-09-06,2026-09-06-34036843718,india-7140848559,india,the-hindu-national,publish,ok,,157,50,157,232,38,60699,29845,30846,1218,178,922,,,,,,,
2026-09-06,2026-09-06-34036843718,india-1125055056,india,livemint-markets,publish,ok,,829,118,829,656,36,184300,126526,57690,2173,310,923,,,,,,,
2026-09-06,2026-09-06-34036843718,india-3671959046,india,deccan-chronicle,publish,ok,,395,73,395,8052,47,97808,56762,41036,1481,233,922,,,,,,,
2026-09-06,2026-09-06-34036843718,india-1595271898,india,livemint,publish,ok,,1085,121,1085,563,43,205274,151118,54043,2414,289,923,,,,,,,
2026-09-06,2026-09-06-34036843718,india-9623954379,india,free-press-journal,publish,ok,,510,66,510,802,21,114935,71764,43160,1634,245,922,,,,,,,
2026-09-06,2026-09-06-34036843718,india-7048121178,india,livemint,publish,ok,,695,76,695,289,35,158606,102822,55771,1940,306,922,,,,,,,
2026-09-06,2026-09-06-34036843718,india-4340044729,india,ht-business,publish,ok,,1053,108,1053,663,67,201553,142676,58817,2332,320,923,,,,,,,
2026-09-06,2026-09-06-34036843718,india-5163780678,india,livemint-companies,extract,failed,paywalled,,,,,,,,,,,,,,,,,,
2026-09-06,2026-09-06-34036843718,india-7904341518,india,dna-india,publish,ok,,632,73,632,2836,93,136704,95021,41590,1862,228,922,,,,,,,
2026-09-06,2026-09-06-34036843718,india-7072086037,india,et-default,publish,ok,,75,46,75,400,87,45729,16379,29292,1082,167,922,,,,,,,
2026-09-06,2026-09-06-34036843718,ai-9643629317,ai,guardian-ai,publish,ok,,1091,114,1091,496,49,301361,246362,54927,2432,300,0,,,,,,,
2026-09-06,2026-09-06-34036843718,business-economy-0736141336,business-economy,business-today-in,publish,ok,not_prose,67,45,67,340,92,41271,14781,26481,1065,155,922,,,,,,,
2026-09-06,2026-09-06-34036843718,business-economy-4903403527,business-economy,business-today-in,publish,ok,,67,46,67,111,91,137366,108387,28935,1080,167,0,,,,,,,
2026-09-06,2026-09-06-34036843718,business-economy-7113175903,business-economy,npr-business,publish,ok,,93,50,93,784,146,43707,17045,26654,1090,153,922,,,,,,,
2026-09-06,2026-09-06-34036843718,business-economy-6313888397,business-economy,seekingalpha,publish,ok,not_prose,49,40,49,107,78,140156,107707,32439,1072,186,0,,,,,,,
2026-09-06,2026-09-06-34036843718,world-3609600320,world,independent-world,publish,ok,,1200,88,1200,452,45,207533,164662,42819,2537,229,923,,,,,,,
2026-09-06,2026-09-06-34036843718,world-6869312524,world,anadolu-world,publish,ok,,219,66,219,5575,89,72683,35376,37297,1270,212,922,,,,,,,
2026-09-06,2026-09-06-34036843718,world-2518758485,world,scmp-news,extract,failed,paywalled,,,,,,,,,,,,,,,,,,
2026-09-06,2026-09-06-34036843718,world-4319631263,world,france24,publish,ok,,84,52,84,1191,65,44237,16296,27933,1081,162,922,,,,,,,
2026-09-06,2026-09-06-34036843718,world-6567105310,world,news18-world,fetch,failed,http_client_error,,,,,,,,,,,,,,,,,,
2026-09-06,2026-09-06-34036843718,world-1957123906,world,lemonde-en,publish,ok,too_short,35,35,35,1698,7,33146,10494,22644,1026,131,922,,,,,,,
2026-09-06,2026-09-06-34036843718,world-0332795237,world,africanews,publish,ok,,424,75,424,1193,36,117552,67646,49896,1588,279,922,,,,,,,
2026-09-06,2026-09-06-34036843718,world-7981529159,world,elpais-en,publish,ok,,1062,112,1062,644,68,183479,134104,49266,2240,266,923,,,,,,,
2026-09-06,2026-09-06-34036843718,india-7558320082,india,the-hindu-national,publish,ok,,178,72,178,573,40,71757,31160,40588,1228,231,922,,,,,,,
2026-09-06,2026-09-06-34036843718,india-6951549338,india,livemint-markets,publish,ok,,579,69,579,384,34,137779,93452,44315,1841,241,922,,,,,,,
2026-09-06,2026-09-06-34036843718,india-9571686931,india,economic-times,publish,ok,,1055,80,1055,1204,84,213002,170623,42287,2597,230,923,,,,,,,
2026-09-06,2026-09-06-34036843718,india-1640526400,india,the-federal,publish,ok,,600,66,600,3269,81,121688,82296,39335,1731,216,922,,,,,,,
2026-09-06,2026-09-06-34036843718,india-6636090446,india,the-quint,publish,ok,,3369,185,3369,856,115,617512,544927,72500,5286,374,0,,,,,,,
2026-09-06,2026-09-06-34036843718,india-7093006751,india,hindustan-times,publish,ok,,714,110,714,522,61,145298,96738,48474,1874,269,923,,,,,,,
2026-09-06,2026-09-06-34036843718,india-3541093547,india,scroll-in,publish,ok,,290,64,290,356,33,85133,43567,41511,1351,229,922,,,,,,,
2026-09-06,2026-09-06-34036843718,india-6731860704,india,the-quint,publish,ok,,486,79,486,188,61,112465,68129,44324,1591,242,922,,,,,,,
2026-09-06,2026-09-06-34036843718,india-1830777358,india,scroll-in,publish,ok,,982,124,982,415,35,194235,133036,61074,2229,337,923,,,,,,,
2026-09-06,2026-09-06-34036843718,india-5198277635,india,et-default,publish,ok,not_prose,511,39,511,141,97,128214,96152,31941,1867,170,922,,,,,,,
2026-09-06,2026-09-06-34047615218,ai-1958681801,ai,simon-willison,publish,ok,,174,66,174,281,13,95498,36010,59479,1227,212,0,,,,,,,
2026-09-06,2026-09-06-34047615218,business-economy-8602521810,business-economy,yahoo-finance,publish,ok,,394,65,394,723,114,76402,17630,58762,1494,206,922,,,,,,,
2026-09-06,2026-09-06-34047615218,business-economy-2709698476,business-economy,aljazeera-economy,fetch,failed,robots_denied,,,,,,,,,,,,,,,,,,
2026-09-06,2026-09-06-34047615218,business-economy-8672110877,business-economy,seekingalpha,fetch,failed,http_client_error,,,,,,,,,,,,,,,,,,
2026-09-06,2026-09-06-34047615218,world-1876700994,world,bbc-world,publish,ok,,346,62,346,477,49,76432,15621,60802,1412,214,922,,,,,,,
2026-09-06,2026-09-06-34047615218,world-2036481740,world,npr-world,publish,ok,,370,83,370,1073,27,84410,16600,67796,1466,238,922,,,,,,,
2026-09-06,2026-09-06-34047615218,world-8576296664,world,guardian-world,publish,ok,,493,72,493,702,38,81640,19410,62218,1558,219,922,,,,,,,
2026-09-06,2026-09-06-34047615218,world-9873065149,world,france24,publish,ok,,774,106,774,629,50,140196,60273,79818,2012,276,0,,,,,,,
2026-09-06,2026-09-06-34047615218,world-9180774807,world,africanews,publish,ok,,156,59,156,2742,37,61011,7805,53198,1162,190,922,,,,,,,
2026-09-06,2026-09-06-34047615218,world-5927865546,world,apnews-world,publish,ok,,171,64,171,252,203,60061,8465,51586,1194,184,922,,,,,,,
2026-09-06,2026-09-06-34047615218,world-7738156311,world,abc-au-world,publish,ok,,337,72,337,1148,64,82353,15934,66408,1441,234,922,,,,,,,
2026-09-06,2026-09-06-34047615218,world-6707021898,world,elpais-en,publish,ok,,1624,105,1624,731,65,148110,65813,82210,3059,278,923,,,,,,,
2026-09-06,2026-09-06-34047615218,india-0077755188,india,toi-india,publish,ok,,645,69,645,454,212,86259,27442,58803,1839,206,929,,,,,,,
2026-09-06,2026-09-06-34047615218,india-6690925190,india,toi-top,extract,failed,paywalled,,,,,,,,,,,,,,,,,,
2026-09-06,2026-09-06-34047615218,india-8297346511,india,livemint,publish,ok,,452,84,452,347,30,110043,27635,82306,1613,288,715,,,,,,,
2026-09-06,2026-09-06-34047615218,india-6994478661,india,india-today,publish,ok,,536,70,536,389,62,82083,22264,59658,1627,209,922,,,,,,,
2026-09-06,2026-09-06-34047615218,india-3141852214,india,free-press-journal,publish,ok,,337,72,337,499,19,75943,15612,60322,1421,213,922,,,,,,,
2026-09-06,2026-09-06-34047615218,india-8781659816,india,ht-business,publish,ok,,1123,118,1123,537,60,162658,49267,113229,2514,387,923,,,,,,,
2026-09-06,2026-09-06-34047615218,india-4786851482,india,the-federal,publish,ok,,607,60,607,3010,76,90347,25528,64808,1759,228,922,,,,,,,
2026-09-06,2026-09-06-34047615218,india-6763423012,india,livemint-markets,publish,ok,,570,62,570,297,34,90293,25629,64456,1758,226,922,,,,,,,
2026-09-06,2026-09-06-34047615218,india-0476451290,india,et-default,publish,ok,,894,106,894,508,77,124152,42682,81281,2303,279,923,,,,,,,
2026-09-06,2026-09-06-34047615218,energy-0239905477,energy,oilprice,publish,ok,,799,119,799,613,52,259164,189417,69660,2038,281,0,,,,,,,
2026-09-06,2026-09-06-34047615218,business-economy-5575754660,business-economy,guardian-business,publish,ok,,533,65,533,638,38,211812,155359,56376,1665,226,0,,,,,,,
2026-09-06,2026-09-06-34047615218,business-economy-9233062528,business-economy,business-today-in,publish,ok,,990,109,990,605,264,196885,130224,66555,2315,267,923,,,,,,,
2026-09-06,2026-09-06-34047615218,world-8578332478,world,news18-world,fetch,failed,http_client_error,,,,,,,,,,,,,,,,,,
2026-09-06,2026-09-06-34047615218,world-0639407077,world,bbc-world,publish,ok,,426,48,426,340,59,101045,54574,46389,1504,189,922,,,,,,,
2026-09-06,2026-09-06-34047615218,world-5736426476,world,thehindu-intl,publish,ok,,649,65,649,832,51,142591,85784,56796,1836,230,922,,,,,,,
2026-09-06,2026-09-06-34047615218,world-4497719898,world,france24,publish,ok,,116,61,116,1098,65,61032,19652,41282,1130,171,922,,,,,,,
2026-09-06,2026-09-06-34047615218,world-6941855844,world,scmp-news,extract,failed,paywalled,,,,,,,,,,,,,,,,,,
2026-09-06,2026-09-06-34047615218,world-0763182688,world,lemonde-en,summarize,failed,length_out_of_range,35,,35,1394,5,121018,,,,,,,,,,,,
2026-09-06,2026-09-06-34047615218,world-6862445152,world,anadolu-world,publish,ok,,267,59,267,5281,108,89252,40608,48635,1358,199,922,,,,,,,
2026-09-06,2026-09-06-34047615218,world-4335053667,world,japan-times,publish,ok,,606,77,606,2849,56,146649,81828,64811,1797,260,922,,,,,,,
2026-09-06,2026-09-06-34047615218,india-1466162077,india,the-hindu-national,publish,ok,,276,60,276,193,43,92903,40980,51798,1360,211,922,,,,,,,
2026-09-06,2026-09-06-34047615218,india-0961986988,india,hindustan-times,publish,ok,,507,43,507,631,62,116945,67342,49594,1645,203,922,,,,,,,
2026-09-06,2026-09-06-34047615218,india-9023418514,india,deccan-chronicle,publish,ok,,248,58,248,9039,42,91734,35971,55756,1307,231,922,,,,,,,
2026-09-06,2026-09-06-34047615218,india-2392026261,india,thehindu-business,publish,ok,,1367,109,1367,1057,42,267376,183881,83371,2893,330,923,,,,,,,
2026-09-06,2026-09-06-34047615218,india-9096489108,india,hindustan-times,publish,ok,,719,111,719,306,63,171765,93173,78478,1919,314,923,,,,,,,
2026-09-06,2026-09-06-34047615218,india-5938872028,india,free-press-journal,publish,ok,,248,63,248,687,20,92988,38651,54329,1336,222,922,,,,,,,
2026-09-06,2026-09-06-34047615218,india-7188771209,india,dna-india,publish,ok,,299,77,299,2745,87,92236,40797,51429,1355,210,922,,,,,,,
2026-09-06,2026-09-06-34047615218,india-8542394859,india,scroll-in,publish,ok,,1045,86,1045,491,39,178448,127495,50828,2285,203,923,,,,,,,
2026-09-06,2026-09-06-34047615218,india-9224873563,india,livemint-companies,extract,failed,paywalled,,,,,,,,,,,,,,,,,,
2026-09-06,2026-09-06-34047615218,business-economy-9962355410,business-economy,yahoo-finance,publish,ok,,469,54,469,328,128,213721,175888,37818,1734,215,0,,,,,,,
2026-09-06,2026-09-06-34047615218,business-economy-3310033487,business-economy,business-today-in,publish,ok,,464,85,464,197,219,134504,79857,54602,1702,310,922,,,,,,,
2026-09-06,2026-09-06-34047615218,business-economy-5638340441,business-economy,guardian-business,publish,ok,,403,75,403,377,64,94474,56402,38020,1473,219,922,,,,,,,
2026-09-06,2026-09-06-34047615218,world-6231067770,world,guardian-world,publish,ok,,530,102,530,119,40,128299,77981,50306,1686,287,922,,,,,,,
2026-09-06,2026-09-06-34047615218,world-6403693759,world,independent-world,publish,ok,,612,79,612,473,48,131184,86100,45032,1764,255,922,,,,,,,
2026-09-06,2026-09-06-34047615218,world-4642885220,world,independent-world,publish,ok,,641,74,641,68,46,135001,89999,44930,1803,254,922,,,,,,,
2026-09-06,2026-09-06-34047615218,world-5996532874,world,euronews,publish,ok,,259,89,259,505,60,93807,42271,51437,1336,295,922,,,,,,,
2026-09-06,2026-09-06-34047615218,world-9369659780,world,euronews,publish,ok,,717,104,717,302,67,239466,192553,46856,1896,263,0,,,,,,,
2026-09-06,2026-09-06-34047615218,world-6283688184,world,apnews-world,publish,ok,,342,74,342,126,186,101639,54181,47449,1453,272,922,,,,,,,
2026-09-06,2026-09-06-34047615218,world-3763292878,world,anadolu-world,publish,ok,,369,62,369,4405,92,92208,51808,40389,1448,233,941,,,,,,,
2026-09-06,2026-09-06-34047615218,world-9193277639,world,japan-times,publish,ok,,101,58,101,1476,46,49821,17311,32502,1111,190,941,,,,,,,
2026-09-06,2026-09-06-34047615218,india-1270870663,india,the-hindu-national,publish,ok,,255,75,255,243,38,89859,41744,48105,1350,277,941,,,,,,,
2026-09-06,2026-09-06-34047615218,india-4370919390,india,toi-top,publish,ok,,934,127,934,609,71,186253,125565,60619,2150,338,923,,,,,,,
2026-09-06,2026-09-06-34047615218,india-0166833371,india,deccan-chronicle,publish,ok,,335,63,335,2213,42,88999,48632,40357,1417,231,941,,,,,,,
2026-09-06,2026-09-06-34047615218,india-2158306747,india,india-today,publish,ok,,538,60,538,365,64,106869,70347,36510,1630,208,941,,,,,,,
2026-09-06,2026-09-06-34047615218,india-9908512460,india,thehindu-all,publish,ok,,478,78,478,167,39,112643,69327,43305,1602,247,922,,,,,,,
2026-09-06,2026-09-06-34047615218,india-8035837319,india,scroll-in,publish,ok,,985,127,985,963,35,186179,130041,56080,2195,310,923,,,,,,,
2026-09-06,2026-09-06-34047615218,india-6843079871,india,livemint-companies,publish,ok,,383,51,383,515,30,97413,61101,36303,1519,208,922,,,,,,,
2026-09-06,2026-09-06-34047615218,india-1711290790,india,dna-india,publish,ok,,248,68,248,2117,79,73086,37857,35219,1291,204,922,,,,,,,
2026-09-06,2026-09-06-34047615218,india-2789338618,india,et-default,publish,ok,,1601,108,1601,457,88,286674,233341,53231,3190,290,923,,,,,,,
2026-09-06,2026-09-06-34047615218,energy-9568427859,energy,oilprice,publish,ok,,690,70,690,978,47,225053,186215,38789,1847,214,0,,,,,,,
2026-09-06,2026-09-06-34047615218,business-economy-8509916190,business-economy,marginal-revolution,publish,ok,too_short,46,46,46,359,13,136329,104370,31949,1035,183,0,,,,,,,
2026-09-06,2026-09-06-34047615218,business-economy-7035226736,business-economy,aljazeera-economy,fetch,failed,robots_denied,,,,,,,,,,,,,,,,,,
2026-09-06,2026-09-06-34047615218,business-economy-2783198696,business-economy,seekingalpha,publish,ok,not_prose,46,41,46,292,56,42675,12391,30277,1043,173,922,,,,,,,
2026-09-06,2026-09-06-34047615218,world-5091800551,world,cna-world,publish,ok,,221,56,221,923,92,90267,50946,39275,1423,219,922,,,,,,,
2026-09-06,2026-09-06-34047615218,world-9932818422,world,scmp-news,extract,failed,paywalled,,,,,,,,,,,,,,,,,,
2026-09-06,2026-09-06-34047615218,world-9546293974,world,news18-world,fetch,failed,http_client_error,,,,,,,,,,,,,,,,,,
2026-09-06,2026-09-06-34047615218,world-7707913772,world,cna-world,publish,ok,,214,54,214,337,88,70526,33153,37364,1249,214,922,,,,,,,
2026-09-06,2026-09-06-34047615218,world-2757574913,world,africanews,publish,ok,,402,68,402,941,36,103012,58133,44869,1492,252,922,,,,,,,
2026-09-06,2026-09-06-34047615218,world-5722983051,world,lemonde-en,publish,ok,too_short,35,29,35,985,116,31022,10496,20516,1024,117,922,,,,,,,
2026-09-06,2026-09-06-34047615218,world-2328126212,world,abc-au-world,publish,ok,,542,58,542,980,100,132552,90293,42249,1810,237,922,,,,,,,
2026-09-06,2026-09-06-34047615218,world-3680993285,world,elpais-en,publish,ok,,1965,121,1965,688,72,426339,361883,64367,3548,331,0,,,,,,,
2026-09-06,2026-09-06-34047615218,india-1936023526,india,toi-india,publish,ok,,1872,101,1872,408,105,299301,249717,49493,3352,256,923,,,,,,,
2026-09-06,2026-09-06-34047615218,india-0036189891,india,economic-times,publish,ok,,1643,90,1643,346,81,272440,223579,48793,3109,261,923,,,,,,,
2026-09-06,2026-09-06-34047615218,india-9736781267,india,livemint,publish,ok,,664,73,664,550,37,140406,94263,46088,1850,256,922,,,,,,,
2026-09-06,2026-09-06-34047615218,india-5213133259,india,thehindu-business,publish,ok,,728,116,728,512,36,143198,96385,46720,1870,257,923,,,,,,,
2026-09-06,2026-09-06-34047615218,india-1802129943,india,thehindu-all,publish,ok,,346,84,346,354,39,119989,64563,55361,1557,301,922,,,,,,,
2026-09-06,2026-09-06-34047615218,india-3411718375,india,economic-times,publish,ok,,359,63,359,41,70,90561,53972,36577,1449,205,922,,,,,,,
2026-09-06,2026-09-06-34047615218,india-8616514745,india,the-federal,publish,ok,,756,96,756,688,81,158709,110746,47841,2013,263,923,,,,,,,
2026-09-06,2026-09-06-34047615218,india-1266186740,india,livemint-markets,publish,ok,,1129,115,1129,190,37,241957,174850,66932,2636,359,923,,,,,,,
2026-09-06,2026-09-06-34058152794,energy-8739327498,energy,oilprice,publish,ok,,834,138,834,942,44,143413,51206,92050,2045,339,0,,,,,,,
2026-09-06,2026-09-06-34058152794,business-economy-9433147310,business-economy,yahoo-finance,publish,ok,,464,72,464,713,93,96342,38779,57476,1593,217,0,,,,,,,
2026-09-06,2026-09-06-34058152794,business-economy-8007150514,business-economy,aljazeera-economy,fetch,failed,robots_denied,,,,,,,,,,,,,,,,,,
2026-09-06,2026-09-06-34058152794,business-economy-5238563323,business-economy,business-today-in,publish,ok,,325,75,325,385,176,80970,14240,66722,1496,252,922,,,,,,,
2026-09-06,2026-09-06-34058152794,world-7103941152,world,euronews,publish,ok,,159,58,159,854,58,49040,6506,42525,1165,163,922,,,,,,,
2026-09-06,2026-09-06-34058152794,world-4973111210,world,abc-au-world,publish,ok,,949,115,949,777,73,114581,31821,82680,2190,309,923,,,,,,,
2026-09-06,2026-09-06-34058152794,world-6686501921,world,apnews-world,publish,ok,,437,70,437,301,180,81711,17836,63867,1619,241,922,,,,,,,
2026-09-06,2026-09-06-34058152794,world-5702794812,world,euronews,publish,ok,,496,74,496,293,51,75413,16778,58625,1610,223,922,,,,,,,
2026-09-06,2026-09-06-34058152794,world-1775940710,world,thehindu-intl,publish,ok,,688,62,688,845,38,78244,23824,54411,1898,207,922,,,,,,,
2026-09-06,2026-09-06-34058152794,world-8378247189,world,lemonde-en,publish,ok,too_short,35,32,35,1768,5,57327,23906,33273,1020,128,0,,,,,,,
2026-09-06,2026-09-06-34058152794,world-0763182688,world,lemonde-en,summarize,failed,length_out_of_range,35,,35,626,4,29943,,,,,,,,,,,,
2026-09-06,2026-09-06-34058152794,world-8629429824,world,elpais-en,publish,ok,,1328,147,1328,698,56,134475,43678,90637,2682,337,923,,,,,,,
2026-09-06,2026-09-06-34058152794,india-9556552717,india,toi-top,publish,ok,,104,58,104,529,65,53177,5253,47811,1117,185,922,,,,,,,
2026-09-06,2026-09-06-34058152794,india-4314671176,india,livemint,publish,ok,,765,143,765,584,28,110808,25523,85142,1965,319,923,,,,,,,
2026-09-06,2026-09-06-34058152794,india-5591624002,india,thehindu-business,publish,ok,,154,66,154,652,29,59898,6519,53371,1181,205,922,,,,,,,
2026-09-06,2026-09-06-34058152794,india-7315231524,india,economic-times,publish,ok,,175,54,175,444,47,51969,7074,44887,1206,172,922,,,,,,,
2026-09-06,2026-09-06-34058152794,india-3772622012,india,frontline,publish,ok,,159,57,159,416,24,58345,6514,51823,1178,199,922,,,,,,,
2026-09-06,2026-09-06-34058152794,india-3947294019,india,india-today,publish,ok,,365,78,365,727,54,91495,16465,75019,1589,284,922,,,,,,,
2026-09-06,2026-09-06-34058152794,india-3876239848,india,hindustan-times,publish,ok,,763,119,763,579,52,105342,25874,79332,1956,297,923,,,,,,,
2026-09-06,2026-09-06-34058152794,india-3538501688,india,toi-india,publish,ok,,466,96,466,43,85,110241,19121,91109,1690,343,922,,,,,,,
2026-09-06,2026-09-06-34058152794,india-1200215220,india,the-federal,publish,ok,,326,68,326,2417,62,70333,12633,57344,1408,216,922,,,,,,,
2026-09-06,2026-09-06-34058152794,ai-2994368682,ai,simon-willison,publish,ok,,474,65,474,450,15,185453,156536,28906,1551,162,0,,,,,,,
2026-09-06,2026-09-06-34058152794,business-economy-2571803409,business-economy,guardian-business,publish,ok,,393,58,393,742,39,92338,57305,35023,1486,198,922,,,,,,,
2026-09-06,2026-09-06-34058152794,business-economy-5182445032,business-economy,seekingalpha,fetch,failed,http_client_error,,,,,,,,,,,,,,,,,,
2026-09-06,2026-09-06-34058152794,business-economy-6854355408,business-economy,guardian-business,publish,ok,,557,90,557,457,46,123709,78306,45391,1692,254,922,,,,,,,
2026-09-06,2026-09-06-34058152794,world-8100300126,world,independent-world,publish,ok,,217,68,217,1375,40,69252,32395,36807,1241,210,922,,,,,,,
2026-09-06,2026-09-06-34058152794,world-7160047985,world,cna-world,publish,ok,,349,52,349,822,97,95106,54969,40126,1461,226,922,,,,,,,
2026-09-06,2026-09-06-34058152794,world-2719666875,world,cna-world,publish,ok,,436,62,436,733,92,99991,61465,38515,1527,217,922,,,,,,,
2026-09-06,2026-09-06-34058152794,world-0951210990,world,anadolu-world,publish,ok,,440,68,440,5146,199,103273,63980,39282,1552,222,922,,,,,,,
2026-09-06,2026-09-06-34058152794,world-8889757788,world,japan-times,publish,ok,,141,70,141,1706,48,62628,25357,37262,1173,213,922,,,,,,,
2026-09-06,2026-09-06-34058152794,world-4147141774,world,bbc-world,publish,ok,,530,82,530,472,60,120737,73130,47595,1642,264,922,,,,,,,
2026-09-06,2026-09-06-34058152794,world-3261573976,world,news18-world,fetch,failed,http_client_error,,,,,,,,,,,,,,,,,,
2026-09-06,2026-09-06-34058152794,world-8561541143,world,africanews,publish,ok,,176,64,176,1611,35,64482,28022,36409,1196,207,922,,,,,,,
2026-09-06,2026-09-06-34058152794,india-9349131402,india,livemint-companies,publish,ok,,276,93,276,584,27,98003,47557,50435,1389,284,922,,,,,,,
2026-09-06,2026-09-06-34058152794,india-9530407829,india,livemint-markets,publish,ok,,615,64,615,197,35,135884,98962,36910,1899,203,922,,,,,,,
2026-09-06,2026-09-06-34058152794,india-2593280357,india,free-press-journal,publish,ok,,347,107,347,936,20,105965,51280,54632,1428,306,922,,,,,,,
2026-09-06,2026-09-06-34058152794,india-4809381918,india,livemint,publish,ok,,622,88,622,204,32,123463,82709,40742,1736,230,922,,,,,,,
2026-09-06,2026-09-06-34058152794,india-3936746994,india,thehindu-biz,publish,ok,,669,79,669,872,41,134425,91719,42589,1825,234,922,,,,,,,
2026-09-06,2026-09-06-34058152794,india-7333356687,india,india-today,publish,ok,,375,75,375,764,69,89245,51883,37297,1432,209,922,,,,,,,
2026-09-06,2026-09-06-34058152794,india-4753219624,india,hindustan-times,publish,ok,,629,60,629,654,62,127649,88803,38835,1794,217,922,,,,,,,
2026-09-06,2026-09-06-34058152794,india-4559917563,india,ht-business,publish,ok,,929,112,929,358,62,270969,221852,49056,2196,271,0,,,,,,,
2026-09-06,2026-09-06-34058152794,india-1590545128,india,the-federal,publish,ok,,632,68,632,798,78,126923,91022,35835,1818,200,922,,,,,,,
2026-09-06,2026-09-06-34058152794,energy-4978617971,energy,cleantechnica,publish,ok,,779,125,779,490,32,261057,199012,62001,1991,349,0,,,,,,,
2026-09-06,2026-09-06-34058152794,business-economy-0593810056,business-economy,seekingalpha,publish,ok,not_prose,42,32,42,278,57,127568,103456,24102,1036,138,0,,,,,,,
2026-09-06,2026-09-06-34058152794,business-economy-8401208869,business-economy,marginal-revolution,publish,ok,,229,61,229,171,14,158727,124335,34354,1247,198,0,,,,,,,
2026-09-06,2026-09-06-34058152794,world-4068931180,world,scmp-news,extract,failed,paywalled,,,,,,,,,,,,,,,,,,
2026-09-06,2026-09-06-34058152794,world-6285320985,world,independent-world,publish,ok,,438,67,438,463,43,101670,62947,38709,1548,223,922,,,,,,,
2026-09-06,2026-09-06-34058152794,world-3048369836,world,scmp-news,extract,failed,paywalled,,,,,,,,,,,,,,,,,,
2026-09-06,2026-09-06-34058152794,world-1805517134,world,thehindu-intl,publish,ok,,296,72,296,223,40,88101,46029,42058,1380,243,922,,,,,,,
2026-09-06,2026-09-06-34058152794,world-8279309768,world,bbc-world,publish,ok,,116,68,116,297,46,54859,19802,35049,1117,204,922,,,,,,,
2026-09-06,2026-09-06-34058152794,world-2293772213,world,news18-world,fetch,failed,http_client_error,,,,,,,,,,,,,,,,,,
2026-09-06,2026-09-06-34058152794,world-9445880585,world,france24,publish,ok,,148,52,148,381,180,56334,24816,31509,1169,185,922,,,,,,,
2026-09-06,2026-09-06-34058152794,world-3572538839,world,japan-times,publish,ok,,2167,169,2167,1290,79,472936,391848,81023,3877,421,0,,,,,,,
2026-09-06,2026-09-06-34058152794,india-1809932976,india,the-hindu-national,publish,ok,,725,106,725,91,42,158874,105859,52967,1974,297,923,,,,,,,
2026-09-06,2026-09-06-34058152794,india-9809993957,india,ht-business,publish,ok,,1603,128,1603,343,71,263202,204184,58910,2943,318,923,,,,,,,
2026-09-06,2026-09-06-34058152794,india-4336639586,india,toi-top,publish,ok,,752,121,752,586,103,164945,107604,57266,1989,322,923,,,,,,,
2026-09-06,2026-09-06-34058152794,india-0388571848,india,thehindu-all,publish,ok,,399,64,399,104,40,95816,58236,37569,1499,217,922,,,,,,,
2026-09-06,2026-09-06-34058152794,india-6530809139,india,et-default,publish,ok,,857,147,857,421,48,191274,122449,68762,2138,382,923,,,,,,,
2026-09-06,2026-09-06-34058152794,india-1310430948,india,deccan-chronicle,publish,ok,,290,75,290,11623,46,87261,43952,43299,1360,251,922,,,,,,,
2026-09-06,2026-09-06-34058152794,india-9559302093,india,dna-india,publish,ok,,332,55,332,1994,83,80114,47274,32830,1393,191,922,,,,,,,
2026-09-06,2026-09-06-34058152794,india-1216591111,india,thehindu-business,publish,ok,,630,67,630,387,38,126991,92486,34492,1841,197,922,,,,,,,
2026-09-06,2026-09-06-34058152794,india-0003104972,india,scroll-in,publish,ok,,250,69,250,404,32,80690,37678,42963,1298,250,922,,,,,,,
2026-09-06,2026-09-06-34058152794,energy-1749795914,energy,cleantechnica,publish,ok,,360,66,360,697,28,181712,147431,34268,1451,197,0,,,,,,,
2026-09-06,2026-09-06-34058152794,business-economy-2509504077,business-economy,yahoo-finance,fetch,failed,robots_denied,,,,,,,,,,,,,,,,,,
2026-09-06,2026-09-06-34058152794,business-economy-2697946890,business-economy,aljazeera-economy,fetch,failed,robots_denied,,,,,,,,,,,,,,,,,,
2026-09-06,2026-09-06-34058152794,business-economy-2280710823,business-economy,business-today-in,publish,ok,,605,73,605,176,227,148414,102087,46314,1935,264,939,,,,,,,
2026-09-06,2026-09-06-34058152794,world-3559838948,world,abc-au-world,publish,ok,,1355,100,1355,729,92,328511,279456,48984,2735,273,0,,,,,,,
2026-09-06,2026-09-06-34058152794,world-8847501855,world,guardian-world,publish,ok,,1982,94,1982,537,96,317865,272038,45765,3557,250,923,,,,,,,
2026-09-06,2026-09-06-34058152794,world-6703349125,world,apnews-world,publish,ok,,589,63,589,100,228,127405,89820,37539,1799,214,922,,,,,,,
2026-09-06,2026-09-06-34058152794,world-5620602184,world,anadolu-world,publish,ok,,334,59,334,4566,93,100849,63453,37346,1540,214,922,,,,,,,
2026-09-06,2026-09-06-34058152794,world-8610674585,world,france24,publish,ok,,245,67,245,942,53,76484,37249,39225,1286,221,922,,,,,,,
2026-09-06,2026-09-06-34058152794,world-1159464710,world,npr-world,publish,ok,,467,68,467,544,33,113844,70358,43475,1604,240,922,,,,,,,
2026-09-06,2026-09-06-34058152794,world-8512262054,world,africanews,publish,ok,,699,63,699,1402,40,141791,104221,37557,1933,206,922,,,,,,,
2026-09-06,2026-09-06-34058152794,india-4653152281,india,the-hindu-national,publish,ok,,564,92,564,473,40,131018,82349,48615,1723,277,922,,,,,,,
2026-09-06,2026-09-06-34058152794,india-3321584874,india,toi-india,publish,ok,,357,60,357,467,94,83160,52706,30370,1436,175,922,,,,,,,
2026-09-06,2026-09-06-34058152794,india-2812323520,india,free-press-journal,publish,ok,,367,56,367,268,19,91708,54493,37205,1453,210,924,,,,,,,
2026-09-06,2026-09-06-34058152794,india-7787130706,india,thehindu-all,publish,ok,,490,66,490,169,40,111928,71066,40851,1633,222,941,,,,,,,
2026-09-06,2026-09-06-34058152794,india-7709038814,india,economic-times,publish,ok,,180,49,180,560,55,56653,28727,27916,1202,161,922,,,,,,,
2026-09-06,2026-09-06-34058152794,india-3399031925,india,deccan-chronicle,publish,ok,,602,88,602,2400,47,136052,87314,48726,1773,277,922,,,,,,,
2026-09-06,2026-09-06-34058152794,india-3945999728,india,livemint-companies,publish,ok,,513,73,513,455,32,134251,83302,50872,1733,285,922,,,,,,,
2026-09-06,2026-09-06-34058152794,india-7622678752,india,dna-india,publish,ok,,444,67,444,2370,82,96347,62146,34135,1531,198,922,,,,,,,
2026-09-06,2026-09-06-34058152794,india-5913759047,india,scroll-in,publish,ok,,809,111,809,540,38,167569,118629,48814,2079,274,923,,,,,,,
2026-09-06,2026-09-06-34058152794,india-4836515767,india,livemint-markets,publish,ok,,515,65,515,86,33,116971,82070,34890,1723,199,922,,,,,,,
2026-09-07,2026-09-07-34095143140,ai-5299136908,ai,openai-news,fetch,failed,http_client_error,,,,,,,,,,,,,,,,,,
2026-09-07,2026-09-07-34095143140,ai-1044476155,ai,marktechpost,extract,failed,no_text,,,,,,,,,,,,,,,,,,
2026-09-07,2026-09-07-34095143140,energy-3197326816,energy,oilprice,publish,ok,,317,86,317,793,42,104597,34376,70209,1381,255,0,,,,,,,
2026-09-07,2026-09-07-34095143140,business-economy-5216846402,business-economy,business-today-in,publish,ok,,115,58,115,553,86,51494,5584,45902,1128,168,922,,,,,,,
2026-09-07,2026-09-07-34095143140,business-economy-9683604907,business-economy,nber-new,fetch,failed,http_client_error,,,,,,,,,,,,,,,,,,
2026-09-07,2026-09-07-34095143140,business-economy-4514365095,business-economy,aljazeera-economy,fetch,failed,robots_denied,,,,,,,,,,,,,,,,,,
2026-09-07,2026-09-07-34095143140,world-8308686616,world,apnews-world,publish,ok,,747,130,747,236,214,139458,50117,89265,2043,318,0,,,,,,,
2026-09-07,2026-09-07-34095143140,world-2039112450,world,japan-times,publish,ok,,112,52,112,1596,39,47461,4905,42548,1118,155,922,,,,,,,
2026-09-07,2026-09-07-34095143140,world-0316798841,world,france24,publish,ok,,604,98,604,986,43,83735,21360,62362,1765,223,922,,,,,,,
2026-09-07,2026-09-07-34095143140,world-2594090018,world,abc-au-world,publish,ok,,76,54,76,532,57,46713,4091,42515,1069,155,922,,,,,,,
2026-09-07,2026-09-07-34095143140,world-7441436866,world,news18-world,fetch,failed,http_client_error,,,,,,,,,,,,,,,,,,
2026-09-07,2026-09-07-34095143140,world-2215333377,world,cna-world,publish,ok,,406,117,406,1049,88,89160,15190,73961,1501,265,922,,,,,,,
2026-09-07,2026-09-07-34095143140,world-6264097200,world,mongabay,publish,ok,,496,68,496,475,24,74480,18332,56137,1644,201,922,,,,,,,
2026-09-07,2026-09-07-34095143140,india-3930487466,india,the-hindu-national,publish,ok,,524,66,524,1488,38,82423,21333,61078,1753,219,922,,,,,,,
2026-09-07,2026-09-07-34095143140,india-1766459372,india,toi-india,publish,ok,,108,47,108,688,86,47488,5273,42084,1116,154,922,,,,,,,
2026-09-07,2026-09-07-34095143140,india-2376104603,india,free-press-journal,publish,ok,,385,45,385,891,17,59429,14661,44758,1491,162,922,,,,,,,
2026-09-07,2026-09-07-34095143140,india-9275965497,india,india-today,publish,ok,,524,58,524,586,55,78381,19387,58985,1665,212,922,,,,,,,
2026-09-07,2026-09-07-34095143140,india-3428689410,india,hindustan-times,publish,ok,,689,68,689,567,51,75966,22894,53061,1834,191,922,,,,,,,
2026-09-07,2026-09-07-34095143140,india-2273210237,india,india-today,publish,ok,,606,71,606,249,55,69660,20691,48831,1730,176,922,,,,,,,
2026-09-07,2026-09-07-34095143140,india-2500654227,india,thehindu-all,publish,ok,,109,50,109,1041,41,48201,5503,42610,1120,156,922,,,,,,,
2026-09-07,2026-09-07-34095143140,ai-1294013177,ai,openai-news,fetch,failed,http_client_error,,,,,,,,,,,,,,,,,,
2026-09-07,2026-09-07-34095143140,ai-1931821351,ai,techcrunch-ai,publish,ok,,606,92,606,387,45,214541,177700,36828,1747,204,0,,,,,,,
2026-09-07,2026-09-07-34095143140,energy-9596851960,energy,cleantechnica,publish,ok,,676,118,676,437,25,138142,94437,43654,1845,240,922,,,,,,,
2026-09-07,2026-09-07-34095143140,business-economy-3293528717,business-economy,bbc-business,publish,ok,,888,122,888,190,64,263896,215452,48372,2119,261,0,,,,,,,
2026-09-07,2026-09-07-34095143140,business-economy-8535696176,business-economy,voxdev,publish,ok,,1744,108,1744,579,34,301798,253300,48441,3378,250,923,,,,,,,
2026-09-07,2026-09-07-34095143140,business-economy-0014577059,business-economy,aljazeera-economy,fetch,failed,robots_denied,,,,,,,,,,,,,,,,,,
2026-09-07,2026-09-07-34095143140,business-economy-2413789628,business-economy,cna-business,publish,ok,,152,77,152,658,93,63636,26658,36924,1183,207,922,,,,,,,
2026-09-07,2026-09-07-34095143140,world-7870901218,world,news18-world,fetch,failed,http_client_error,,,,,,,,,,,,,,,,,,
2026-09-07,2026-09-07-34095143140,world-0560740888,world,anadolu-world,summarize,failed,copied_source,360,,360,4293,210,153317,,,,,,,,,,,,
2026-09-07,2026-09-07-34095143140,world-4064921156,world,apnews-world,publish,ok,,543,122,543,149,241,148427,94164,54202,1842,294,922,,,,,,,
2026-09-07,2026-09-07-34095143140,world-3832483820,world,africanews,publish,ok,,215,71,215,774,36,72562,35251,37213,1266,211,922,,,,,,,
2026-09-07,2026-09-07-34095143140,world-8487928092,world,mongabay,publish,ok,,1806,141,1806,600,41,363330,307421,55826,3889,283,923,,,,,,,
2026-09-07,2026-09-07-34095143140,world-8145317993,world,japan-times,publish,ok,,123,52,123,1599,46,51821,20671,31140,1124,178,922,,,,,,,
2026-09-07,2026-09-07-34095143140,india-2660801962,india,the-hindu-national,publish,ok,,440,93,440,651,40,108154,65133,43010,1559,244,922,,,,,,,
2026-09-07,2026-09-07-34095143140,india-6090135555,india,toi-india,publish,ok,,98,57,98,833,108,42827,17812,25006,1096,143,922,,,,,,,
2026-09-07,2026-09-07-34095143140,india-7800612352,india,thehindu-business,publish,ok,,302,157,302,525,40,120912,57700,63200,1486,346,922,,,,,,,
2026-09-07,2026-09-07-34095143140,india-4676917899,india,hindustan-times,publish,ok,,309,79,309,320,54,78394,44477,33907,1355,190,922,,,,,,,
2026-09-07,2026-09-07-34095143140,india-2427026024,india,livemint,publish,ok,,493,51,493,419,33,101198,73815,27372,1643,151,922,,,,,,,
2026-09-07,2026-09-07-34095143140,india-8244779999,india,mongabay-india,publish,ok,,1432,114,1432,462,33,253811,201482,52254,2883,268,923,,,,,,,
2026-09-07,2026-09-07-34095143140,india-9766362441,india,livemint-companies,extract,failed,paywalled,,,,,,,,,,,,,,,,,,
2026-09-07,2026-09-07-34095143140,ai-8694737183,ai,fastcompany-tech,publish,ok,,1118,111,1118,347,82,294646,245300,49252,2412,259,0,,,,,,,
2026-09-07,2026-09-07-34095143140,energy-9631780536,energy,solar-quarter,publish,ok,,440,101,440,2420,95,211613,163368,48225,1616,270,0,,,,,,,
2026-09-07,2026-09-07-34095143140,energy-3538635580,energy,energymonitor,publish,ok,not_prose,61,26,61,198,35,126309,105853,20410,1049,110,0,,,,,,,
2026-09-07,2026-09-07-34095143140,business-economy-8056321978,business-economy,business-today-in,publish,ok,not_prose,77,38,77,180,92,45993,18386,27594,1102,154,922,,,,,,,
2026-09-07,2026-09-07-34095143140,business-economy-0498238113,business-economy,nber-new,fetch,failed,http_client_error,,,,,,,,,,,,,,,,,,
2026-09-07,2026-09-07-34095143140,business-economy-5911796504,business-economy,seekingalpha,fetch,failed,http_client_error,,,,,,,,,,,,,,,,,,
2026-09-07,2026-09-07-34095143140,world-3609505708,world,independent-world,publish,ok,,1016,138,1016,85,43,189902,134788,55060,2241,286,923,,,,,,,
2026-09-07,2026-09-07-34095143140,world-2458212517,world,guardian-world,publish,ok,,554,81,554,311,42,121341,81108,40174,1713,218,922,,,,,,,
2026-09-07,2026-09-07-34095143140,world-4301797785,world,thehindu-intl,publish,ok,,260,63,260,476,39,71563,41942,29569,1333,165,922,,,,,,,
2026-09-07,2026-09-07-34095143140,world-0806538599,world,abc-au-world,publish,ok,,718,146,718,686,76,164816,100859,63896,1908,348,923,,,,,,,
2026-09-07,2026-09-07-34095143140,world-5716436802,world,cna-world,publish,ok,,905,112,905,680,101,175730,123177,52470,2131,280,923,,,,,,,
2026-09-07,2026-09-07-34095143140,world-5935500650,world,guardian-world,publish,ok,,2486,152,2486,49,328,504649,427634,76866,4162,385,0,,,,,,,
2026-09-07,2026-09-07-34095143140,world-8010880477,world,euronews,publish,ok,,135,62,135,528,74,59236,24316,34910,1159,194,922,,,,,,,
2026-09-07,2026-09-07-34095143140,india-4124783575,india,thehindu-all,publish,ok,,472,81,472,156,43,110212,70229,39971,1610,215,922,,,,,,,
2026-09-07,2026-09-07-34095143140,india-2777551480,india,thehindu-business,publish,ok,,126,68,126,246,33,65928,26373,39544,1179,219,922,,,,,,,
2026-09-07,2026-09-07-34095143140,india-7420602990,india,toi-top,publish,ok,,633,58,633,459,85,116115,85466,30635,1757,166,922,,,,,,,
2026-09-07,2026-09-07-34095143140,india-3768767494,india,deccan-chronicle,publish,ok,,781,115,781,1926,47,156569,107108,49401,1971,264,923,,,,,,,
2026-09-07,2026-09-07-34095143140,india-9359461028,india,toi-top,publish,ok,,658,84,658,79,100,130232,92654,37520,1828,199,922,,,,,,,
2026-09-07,2026-09-07-34095143140,india-4399655146,india,deccan-chronicle,publish,ok,,140,75,140,775,42,66996,26594,40339,1181,225,922,,,,,,,
2026-09-07,2026-09-07-34095143140,india-3263721666,india,livemint-markets,extract,failed,paywalled,,,,,,,,,,,,,,,,,,
2026-09-07,2026-09-07-34095143140,ai-6167665356,ai,simon-willison,publish,ok,,174,70,174,319,13,154196,122987,31165,1216,177,0,,,,,,,
2026-09-07,2026-09-07-34095143140,energy-3904581038,energy,solar-quarter,publish,ok,,351,114,351,527,93,105165,53440,51715,1443,284,922,,,,,,,
2026-09-07,2026-09-07-34095143140,energy-7969248634,energy,energy-storage,publish,ok,,526,76,526,804,47,124050,83782,40257,1750,221,931,,,,,,,
2026-09-07,2026-09-07-34095143140,business-economy-5297615063,business-economy,guardian-business,publish,ok,,99,58,99,878,39,67042,39348,27649,1089,156,704,,,,,,,
2026-09-07,2026-09-07-34095143140,business-economy-3498914087,business-economy,semafor,publish,ok,,123,68,123,405,24,52537,20484,32044,1122,178,922,,,,,,,
2026-09-07,2026-09-07-34095143140,business-economy-6276604766,business-economy,guardian-business,publish,ok,,1552,126,1552,249,214,377313,315082,62091,3075,318,0,,,,,,,
2026-09-07,2026-09-07-34095143140,world-5483562594,world,euronews,publish,ok,,715,148,715,745,65,152008,95637,56278,1855,292,923,,,,,,,
2026-09-07,2026-09-07-34095143140,world-6159514633,world,lemonde-en,publish,ok,too_short,35,37,35,2021,6,120452,104035,16406,1020,93,0,,,,,,,
2026-09-07,2026-09-07-34095143140,world-4746900794,world,bbc-world,publish,ok,,110,61,110,760,45,51791,19510,32271,1109,179,922,,,,,,,
2026-09-07,2026-09-07-34095143140,world-0153641174,world,independent-world,publish,ok,,1195,110,1195,151,84,223535,166356,57112,2540,299,923,,,,,,,
2026-09-07,2026-09-07-34095143140,world-6571170356,world,thehindu-intl,publish,ok,,684,100,684,284,48,142628,97513,45102,1872,236,922,,,,,,,
2026-09-07,2026-09-07-34095143140,world-2832729930,world,france24,publish,ok,,425,180,425,1436,48,135116,67468,67590,1579,368,922,,,,,,,
2026-09-07,2026-09-07-34095143140,india-6713332885,india,economic-times,publish,ok,,772,126,772,365,80,177280,119697,57488,2087,305,923,,,,,,,
2026-09-07,2026-09-07-34095143140,india-3081508011,india,economic-times,publish,ok,,720,108,720,275,85,164792,109639,55083,1988,295,923,,,,,,,
2026-09-07,2026-09-07-34095143140,india-1449908464,india,free-press-journal,publish,ok,,405,72,405,234,20,96349,60697,35525,1512,193,922,,,,,,,
2026-09-07,2026-09-07-34095143140,india-5506931809,india,livemint-companies,extract,failed,paywalled,,,,,,,,,,,,,,,,,,
2026-09-07,2026-09-07-34095143140,india-7495467984,india,the-federal,publish,ok,,435,84,435,3032,78,95634,62068,33556,1528,185,922,,,,,,,
2026-09-07,2026-09-07-34095143140,india-7137890129,india,mongabay-india,publish,ok,,1963,147,1963,320,37,347555,282473,64926,3655,331,923,,,,,,,
2026-09-07,2026-09-07-34095143140,india-5937522760,india,livemint,publish,ok,,795,147,795,109,35,190891,117192,73606,2065,393,923,,,,,,,
2026-09-07,2026-09-07-34095143140,india-6800555379,india,livemint-markets,extract,failed,paywalled,,,,,,,,,,,,,,,,,,
2026-09-07,2026-09-07-34123084462,ai-4855213690,ai,bbc-tech,publish,ok,,631,135,631,361,67,235627,184722,50887,1803,272,0,,,,,,,
2026-09-07,2026-09-07-34123084462,energy-4021592396,energy,pv-magazine,publish,ok,,305,78,305,1298,49,91579,49425,42109,1401,229,922,,,,,,,
2026-09-07,2026-09-07-34123084462,energy-2211663932,energy,pv-magazine,publish,ok,,274,88,274,532,48,82159,43492,38657,1345,209,922,,,,,,,
2026-09-07,2026-09-07-34123084462,business-economy-2317303761,business-economy,yahoo-finance,publish,ok,,435,74,435,516,124,113973,74953,39009,1649,208,922,,,,,,,
2026-09-07,2026-09-07-34123084462,business-economy-2517435554,business-economy,cna-business,publish,ok,,110,72,110,1144,95,53754,19481,34265,1111,190,922,,,,,,,
2026-09-07,2026-09-07-34123084462,business-economy-3932126244,business-economy,aljazeera-economy,fetch,failed,robots_denied,,,,,,,,,,,,,,,,,,
2026-09-07,2026-09-07-34123084462,business-economy-8049353560,business-economy,bbc-business,publish,ok,,725,125,725,38,65,249818,194481,55235,1904,300,0,,,,,,,
2026-09-07,2026-09-07-34123084462,world-3613824940,world,abc-au-world,publish,ok,,84,51,84,372,67,43242,15618,27613,1074,156,922,,,,,,,
2026-09-07,2026-09-07-34123084462,world-2063995913,world,independent-world,publish,ok,,601,53,601,549,42,118913,86527,32364,1763,173,922,,,,,,,
2026-09-07,2026-09-07-34123084462,world-3448884850,world,japan-times,publish,ok,,186,68,186,1164,48,57892,28991,28848,1204,161,922,,,,,,,
2026-09-07,2026-09-07-34123084462,world-9832130952,world,news18-world,fetch,failed,http_client_error,,,,,,,,,,,,,,,,,,
2026-09-07,2026-09-07-34123084462,india-8666392798,india,deccan-chronicle,publish,ok,,1154,121,1154,2427,51,202254,149642,52531,2382,283,923,,,,,,,
2026-09-07,2026-09-07-34123084462,india-4418760406,india,toi-india,publish,ok,,383,59,383,381,224,88731,56423,32297,1472,176,922,,,,,,,
2026-09-07,2026-09-07-34123084462,india-1799296355,india,thehindu-business,publish,ok,,441,74,441,178,36,105144,68835,36299,1591,199,922,,,,,,,
2026-09-07,2026-09-07-34123084462,india-2215495618,india,deccan-chronicle,publish,ok,,378,72,378,1382,44,99328,59976,39339,1504,217,922,,,,,,,
2026-09-07,2026-09-07-34123084462,india-9678611565,india,thehindu-all,publish,ok,,67,50,67,2153,38,41338,15415,25912,1072,147,922,,,,,,,
2026-09-07,2026-09-07-34123084462,india-2786199465,india,india-today,publish,ok,,564,56,564,320,67,110023,80511,29499,1707,163,922,,,,,,,
2026-09-07,2026-09-07-34123084462,india-5587120013,india,hindustan-times,publish,ok,,694,45,694,596,61,136783,103188,33582,1926,182,922,,,,,,,
2026-09-07,2026-09-07-34123084462,india-0664790574,india,hindustan-times,publish,ok,,555,105,555,233,61,137121,85149,51915,1750,282,922,,,,,,,
2026-09-07,2026-09-07-34123084462,india-0322146543,india,livemint,extract,failed,paywalled,,,,,,,,,,,,,,,,,,
2026-09-07,2026-09-07-34123084462,ai-5483504148,ai,bbc-tech,publish,ok,,595,96,595,222,66,212906,174567,38324,1720,218,0,,,,,,,
2026-09-07,2026-09-07-34123084462,energy-4685930306,energy,solar-quarter,publish,ok,,358,74,358,4307,92,96780,54138,42597,1448,236,922,,,,,,,
2026-09-07,2026-09-07-34123084462,energy-3862824541,energy,solar-quarter,publish,ok,,365,71,365,1690,92,100232,60155,40066,1525,230,936,,,,,,,
2026-09-07,2026-09-07-34123084462,energy-7893761742,energy,oilprice,publish,ok,,295,84,295,1101,52,74596,41467,33118,1331,193,922,,,,,,,
2026-09-07,2026-09-07-34123084462,business-economy-8778397289,business-economy,aljazeera-economy,fetch,failed,robots_denied,,,,,,,,,,,,,,,,,,
2026-09-07,2026-09-07-34123084462,business-economy-2757696891,business-economy,voxdev,publish,ok,,1744,108,1744,1135,34,388166,343599,44512,3378,250,0,,,,,,,
2026-09-07,2026-09-07-34123084462,business-economy-8004082049,business-economy,nber-new,fetch,failed,http_client_error,,,,,,,,,,,,,,,,,,
2026-09-07,2026-09-07-34123084462,world-0155179208,world,guardian-world,publish,ok,,1219,121,1219,946,59,210078,160328,49690,2499,284,923,,,,,,,
2026-09-07,2026-09-07-34123084462,world-1008055056,world,france24,publish,ok,,110,40,110,1112,177,44069,19354,24707,1112,144,922,,,,,,,
2026-09-07,2026-09-07-34123084462,world-9049483617,world,apnews-world,publish,ok,,237,44,237,160,181,63616,35750,27858,1274,161,922,,,,,,,
2026-09-07,2026-09-07-34123084462,world-0356640043,world,bbc-world,publish,ok,,933,136,933,77,64,181174,128248,52850,2187,305,923,,,,,,,
2026-09-07,2026-09-07-34123084462,world-8482138850,world,anadolu-world,publish,ok,,368,95,368,3882,92,95998,55291,40696,1464,230,922,,,,,,,
2026-09-07,2026-09-07-34123084462,india-6971976483,india,thehindu-all,publish,ok,,271,59,271,640,41,101132,61126,39995,1520,225,922,,,,,,,
2026-09-07,2026-09-07-34123084462,india-7284605749,india,livemint-companies,publish,ok,,630,111,630,305,33,139542,93011,46519,1832,264,922,,,,,,,
2026-09-07,2026-09-07-34123084462,india-9168435798,india,free-press-journal,publish,ok,,318,116,318,666,19,105594,54107,51434,1453,296,922,,,,,,,
2026-09-07,2026-09-07-34123084462,india-0371359059,india,mongabay-india,publish,ok,,1637,144,1637,409,39,300261,237756,62387,3252,349,923,,,,,,,
2026-09-07,2026-09-07-34123084462,india-1133408201,india,toi-top,publish,ok,,842,123,842,504,95,169348,119626,49641,2101,287,923,,,,,,,
2026-09-07,2026-09-07-34123084462,india-1340238598,india,dna-india,publish,ok,,644,61,644,2385,83,123965,88544,35410,1813,202,941,,,,,,,
2026-09-07,2026-09-07-34123084462,india-8829091930,india,livemint-companies,extract,failed,paywalled,,,,,,,,,,,,,,,,,,
2026-09-07,2026-09-07-34123084462,india-6303021445,india,ht-business,publish,ok,,1054,125,1054,397,64,203873,151940,51776,2417,296,923,,,,,,,
2026-09-07,2026-09-07-34123084462,energy-9263321140,energy,energy-storage,publish,ok,,876,150,876,1022,62,281102,217699,63332,2169,354,0,,,,,,,
2026-09-07,2026-09-07-34123084462,energy-1360704434,energy,oilprice,summarize,failed,length_out_of_range,320,,320,859,54,223774,,,,,,,,,,,,
2026-09-07,2026-09-07-34123084462,energy-0189652224,energy,modern-power,publish,ok,,354,56,354,1603,33,92801,54650,38139,1460,217,922,,,,,,,
2026-09-07,2026-09-07-34123084462,business-economy-5610278146,business-economy,yahoo-finance,publish,ok,,353,75,353,814,129,89864,54016,35836,1455,204,922,,,,,,,
2026-09-07,2026-09-07-34123084462,business-economy-3781505579,business-economy,cna-business,publish,ok,,232,66,232,1168,103,67768,36534,31223,1284,180,922,,,,,,,
2026-09-07,2026-09-07-34123084462,business-economy-0860619686,business-economy,nber-new,fetch,failed,http_client_error,,,,,,,,,,,,,,,,,,
2026-09-07,2026-09-07-34123084462,business-economy-0682104729,business-economy,guardian-business,publish,ok,,523,98,523,738,62,132313,82452,49848,1739,282,922,,,,,,,
2026-09-07,2026-09-07-34123084462,world-6010797669,world,independent-world,publish,ok,,612,109,612,726,44,128040,83869,44121,1752,249,922,,,,,,,
2026-09-07,2026-09-07-34123084462,world-4604087943,world,bbc-world,publish,ok,,75,56,75,546,55,44907,15483,29377,1074,171,922,,,,,,,
2026-09-07,2026-09-07-34123084462,world-0745148318,world,guardian-world,publish,ok,,3465,201,3465,516,286,616689,542913,73678,5292,384,0,,,,,,,
2026-09-07,2026-09-07-34123084462,world-2612888541,world,lemonde-en,publish,ok,too_short,35,26,35,1514,6,117513,102274,15228,1017,88,0,,,,,,,
2026-09-07,2026-09-07-34123084462,india-2883529063,india,the-hindu-national,publish,ok,,420,64,420,578,45,101449,66059,35378,1572,201,922,,,,,,,
2026-09-07,2026-09-07-34123084462,india-0662884940,india,free-press-journal,publish,ok,,319,115,319,704,21,101410,51934,49464,1436,280,922,,,,,,,
2026-09-07,2026-09-07-34123084462,india-3075282237,india,thehindu-biz,publish,ok,,741,103,741,279,46,155919,105120,50752,1962,285,923,,,,,,,
2026-09-07,2026-09-07-34123084462,india-1850988312,india,economic-times,publish,ok,,430,98,430,670,90,107783,64075,43693,1558,247,924,,,,,,,
2026-09-07,2026-09-07-34123084462,india-6669310360,india,thehindu-biz,publish,ok,,366,121,366,214,45,134360,74277,60069,1603,341,870,,,,,,,
2026-09-07,2026-09-07-34123084462,india-4949658569,india,dna-india,publish,ok,,284,89,284,2773,86,79754,42179,37457,1342,214,922,,,,,,,
2026-09-07,2026-09-07-34123084462,india-8146848494,india,toi-top,publish,ok,,339,189,339,645,93,125629,52997,72620,1445,411,922,,,,,,,
2026-09-07,2026-09-07-34123084462,india-6044013370,india,the-federal,publish,ok,,661,104,661,878,87,144107,94876,49218,1871,276,933,,,,,,,
2026-09-07,2026-09-07-34123084462,india-7267761267,india,livemint,publish,ok,,657,80,657,562,37,129571,96208,33311,1821,189,870,,,,,,,
2026-09-07,2026-09-07-34123084462,ai-4077762443,ai,openai-news,fetch,failed,http_client_error,,,,,,,,,,,,,,,,,,
2026-09-07,2026-09-07-34123084462,energy-7216615722,energy,world-nuclear-news,publish,ok,,543,70,543,1481,27,209888,169192,40650,1691,219,0,,,,,,,
2026-09-07,2026-09-07-34123084462,energy-3980961454,energy,climate-home,publish,ok,not_prose,51,35,51,2507,37,120266,103221,17033,1030,91,0,,,,,,,
2026-09-07,2026-09-07-34123084462,business-economy-5204245469,business-economy,business-today-in,publish,ok,too_short,57,41,57,425,93,41395,15079,26306,1068,145,922,,,,,,,
2026-09-07,2026-09-07-34123084462,business-economy-4638017067,business-economy,business-today-in,publish,ok,not_prose,594,33,594,322,54,140212,112675,27484,2035,138,922,,,,,,,
2026-09-07,2026-09-07-34123084462,business-economy-0010840407,business-economy,quartz,publish,ok,,821,118,821,164,72,259609,207805,51751,2064,276,0,,,,,,,
2026-09-07,2026-09-07-34123084462,business-economy-4864144231,business-economy,semafor,publish,ok,,1060,105,1060,685,32,193765,141044,52668,2317,273,923,,,,,,,
2026-09-07,2026-09-07-34123084462,world-9021979898,world,france24,publish,ok,,82,38,82,349,196,38418,15303,23055,1072,127,922,,,,,,,
2026-09-07,2026-09-07-34123084462,world-4405541592,world,euronews,publish,ok,,149,76,149,631,78,60325,24689,35624,1166,192,922,,,,,,,
2026-09-07,2026-09-07-34123084462,world-9376814457,world,euronews,publish,ok,,388,84,388,277,63,96427,56365,40050,1477,218,922,,,,,,,
2026-09-07,2026-09-07-34123084462,world-5910592989,world,cna-world,publish,ok,,244,195,244,595,101,105579,37868,67699,1297,371,922,,,,,,,
2026-09-07,2026-09-07-34123084462,india-9446523555,india,the-hindu-national,publish,ok,,242,58,242,717,41,75979,40092,35876,1319,197,922,,,,,,,
2026-09-07,2026-09-07-34123084462,india-1997713043,india,toi-india,publish,ok,,159,75,159,400,80,65299,27925,37364,1198,205,922,,,,,,,
2026-09-07,2026-09-07-34123084462,india-0371710753,india,thehindu-business,summarize,failed,output_truncated,3846,,11525,535,197,895672,,,,,,,,,,,,
2026-09-07,2026-09-07-34123084462,india-2518982907,india,economic-times,publish,ok,,866,159,866,372,86,195187,128149,66981,2188,350,923,,,,,,,
2026-09-07,2026-09-07-34123084462,india-8503614331,india,livemint-markets,publish,ok,,768,108,768,298,38,173145,117045,56045,2078,290,923,,,,,,,
2026-09-07,2026-09-07-34123084462,india-7784926417,india,india-today,publish,ok,,500,105,500,267,72,109101,67816,41271,1592,224,922,,,,,,,
2026-09-07,2026-09-07-34123084462,india-5718304515,india,livemint-markets,publish,ok,,323,85,323,115,36,91380,50676,40692,1424,221,922,,,,,,,
2026-09-07,2026-09-07-34123084462,india-4869709406,india,the-federal,publish,ok,,511,83,511,736,85,114866,73192,41662,1646,218,922,,,,,,,
2026-09-07,2026-09-07-34123084462,india-5381449936,india,frontline,publish,ok,,1374,113,1374,369,39,252619,190913,61601,2803,307,923,,,,,,,
2026-09-07,2026-09-07-34140506972,ai-4930116868,ai,guardian-ai,publish,ok,,630,81,630,582,131,114609,52859,61735,1812,215,0,,,,,,,
2026-09-07,2026-09-07-34140506972,energy-8710154326,energy,oilprice,publish,ok,,334,82,334,974,50,74459,15305,59070,1426,209,922,,,,,,,
2026-09-07,2026-09-07-34140506972,energy-7611911215,energy,world-nuclear-news,publish,ok,,306,63,306,1870,19,70493,15229,55254,1413,196,922,,,,,,,
2026-09-07,2026-09-07-34140506972,business-economy-5649504532,business-economy,business-today-in,publish,ok,not_prose,515,57,515,294,48,105104,58991,45989,2041,161,0,,,,,,,
2026-09-07,2026-09-07-34140506972,business-economy-7994056019,business-economy,nber-new,publish,ok,,198,50,198,546,26,49223,9519,39536,1236,141,922,,,,,,,
2026-09-07,2026-09-07-34140506972,business-economy-1769357547,business-economy,semafor,publish,ok,,109,53,109,684,23,58141,6653,51378,1130,184,922,,,,,,,
2026-09-07,2026-09-07-34140506972,world-4106393276,world,bbc-world,publish,ok,,792,116,792,1523,60,150144,56198,93868,2071,333,0,,,,,,,
2026-09-07,2026-09-07-34140506972,world-0784895330,world,france24,publish,ok,,95,42,95,483,176,48526,5557,42961,1098,157,922,,,,,,,
2026-09-07,2026-09-07-34140506972,world-0630565774,world,apnews-world,publish,ok,,308,73,308,193,208,62042,12977,49055,1382,178,922,,,,,,,
2026-09-07,2026-09-07-34140506972,world-7363292133,world,france24,publish,ok,,118,63,118,80,62,53991,6247,47735,1119,174,922,,,,,,,
2026-09-07,2026-09-07-34140506972,world-9654919915,world,cna-world,publish,ok,,481,108,481,920,99,82085,18511,63562,1579,229,922,,,,,,,
2026-09-07,2026-09-07-34140506972,india-5600474628,india,the-hindu-national,publish,ok,,210,81,210,721,39,77515,9553,67953,1253,247,922,,,,,,,
2026-09-07,2026-09-07-34140506972,india-0548300667,india,deccan-chronicle,publish,ok,,351,115,351,4687,40,84952,14950,69993,1449,252,922,,,,,,,
2026-09-07,2026-09-07-34140506972,india-3223532407,india,livemint-companies,extract,failed,paywalled,,,,,,,,,,,,,,,,,,
2026-09-07,2026-09-07-34140506972,india-3957130068,india,thehindu-business,publish,ok,,212,119,212,640,35,78478,8469,70001,1255,254,937,,,,,,,
2026-09-07,2026-09-07-34140506972,india-7100631539,india,hindustan-times,publish,ok,,450,70,450,477,54,71320,19323,51987,1623,187,937,,,,,,,
2026-09-07,2026-09-07-34140506972,india-1985244222,india,frontline,publish,ok,,1299,121,1299,623,36,129119,52679,76354,2792,267,923,,,,,,,
2026-09-07,2026-09-07-34140506972,india-7087257546,india,toi-top,publish,ok,,1600,126,1600,479,94,138518,59424,78950,3025,274,923,,,,,,,
2026-09-07,2026-09-07-34140506972,india-2714208129,india,economic-times,publish,ok,,291,74,291,402,64,64568,11237,53321,1339,193,922,,,,,,,
2026-09-07,2026-09-07-34140506972,india-9252171780,india,scroll-in,publish,ok,,953,140,953,454,38,126774,34542,92065,2151,326,923,,,,,,,
2026-09-07,2026-09-07-34140506972,ai-0945414752,ai,guardian-ai,publish,ok,,527,110,527,826,57,208284,166470,41771,1651,239,0,,,,,,,
2026-09-07,2026-09-07-34140506972,energy-2181482495,energy,electrek,publish,ok,,794,107,794,392,33,249761,206391,43282,2039,246,0,,,,,,,
2026-09-07,2026-09-07-34140506972,energy-2923775604,energy,oilprice,publish,ok,,1246,133,1246,832,44,234590,179388,55141,2678,302,923,,,,,,,
2026-09-07,2026-09-07-34140506972,business-economy-5939401598,business-economy,yahoo-finance,publish,ok,,452,73,452,535,124,112039,71545,40449,1625,233,922,,,,,,,
2026-09-07,2026-09-07-34140506972,business-economy-1037423646,business-economy,cna-business,publish,ok,,402,97,402,607,111,101106,60801,40294,1521,234,922,,,,,,,
2026-09-07,2026-09-07-34140506972,business-economy-1004297562,business-economy,aljazeera-economy,fetch,failed,robots_denied,,,,,,,,,,,,,,,,,,
2026-09-07,2026-09-07-34140506972,world-0903048196,world,independent-world,publish,ok,,790,129,790,162,45,156805,107444,49297,1976,281,923,,,,,,,
2026-09-07,2026-09-07-34140506972,world-2396687518,world,abc-au-world,publish,ok,,656,56,656,438,67,115943,86791,29138,1774,164,922,,,,,,,
2026-09-07,2026-09-07-34140506972,world-6198052597,world,euronews,publish,ok,,556,73,556,738,61,109112,75023,34040,1661,197,922,,,,,,,
2026-09-07,2026-09-07-34140506972,world-6810295948,world,news18-world,fetch,failed,http_client_error,,,,,,,,,,,,,,,,,,
2026-09-07,2026-09-07-34140506972,world-4774372484,world,lemonde-en,publish,ok,too_short,35,27,35,1507,112,120455,102922,17522,1022,105,0,,,,,,,
2026-09-07,2026-09-07-34140506972,world-5065343248,world,dw-world,publish,ok,,793,137,793,3909,41,167779,110084,57561,2004,323,923,,,,,,,
2026-09-07,2026-09-07-34140506972,india-4975446581,india,toi-india,publish,ok,,112,67,112,359,98,56494,23245,33240,1151,196,922,,,,,,,
2026-09-07,2026-09-07-34140506972,india-9455339084,india,livemint,publish,ok,,573,102,573,296,32,125083,82836,42234,1736,239,922,,,,,,,
2026-09-07,2026-09-07-34140506972,india-5112326715,india,free-press-journal,publish,ok,,388,81,388,353,20,98181,59893,38207,1510,221,922,,,,,,,
2026-09-07,2026-09-07-34140506972,india-8064807605,india,thehindu-all,publish,ok,,406,74,406,595,39,103743,63573,40157,1549,230,922,,,,,,,
2026-09-07,2026-09-07-34140506972,india-3807811665,india,india-today,publish,ok,,582,90,582,563,69,137515,89373,48130,1800,275,922,,,,,,,
2026-09-07,2026-09-07-34140506972,india-3879274663,india,economic-times,publish,ok,,371,73,371,227,62,105779,63950,41762,1552,239,922,,,,,,,
2026-09-07,2026-09-07-34140506972,india-7961618085,india,the-federal,publish,ok,,537,136,537,2380,76,137471,79169,58290,1700,337,922,,,,,,,
2026-09-07,2026-09-07-34140506972,india-3995373453,india,dna-india,publish,ok,,386,63,386,2240,88,92228,56753,35402,1479,205,922,,,,,,,
2026-09-07,2026-09-07-34140506972,ai-3806356794,ai,pytorch-blog,publish,ok,,2278,161,2278,1785,239,345665,272399,73160,3890,378,0,,,,,,,
2026-09-07,2026-09-07-34140506972,energy-2999267390,energy,electrek,publish,ok,,353,50,353,865,24,137640,104073,33555,1519,207,0,,,,,,,
2026-09-07,2026-09-07-34140506972,energy-0978549175,energy,power-magazine,publish,ok,,2163,151,2163,288,47,256402,194339,61916,3691,331,924,,,,,,,
2026-09-07,2026-09-07-34140506972,business-economy-9241907062,business-economy,business-today-in,publish,ok,not_prose,616,50,616,1744,44,176611,154324,22246,2248,135,0,,,,,,,
2026-09-07,2026-09-07-34140506972,business-economy-8261020192,business-economy,nber-new,publish,ok,,160,43,160,625,20,43094,20563,22497,1220,139,922,,,,,,,
2026-09-07,2026-09-07-34140506972,business-economy-8922330512,business-economy,aljazeera-economy,fetch,failed,robots_denied,,,,,,,,,,,,,,,,,,
2026-09-07,2026-09-07-34140506972,world-1326121379,world,independent-world,publish,ok,,890,112,890,231,37,196428,152903,43470,2218,254,0,,,,,,,
2026-09-07,2026-09-07-34140506972,world-4379757487,world,dw-world,publish,ok,,939,131,939,2490,32,148930,92769,56114,2260,326,923,,,,,,,
2026-09-07,2026-09-07-34140506972,world-2816110405,world,apnews-world,publish,ok,,1236,141,1236,106,173,181030,122913,58059,2680,310,923,,,,,,,
2026-09-07,2026-09-07-34140506972,world-6988025841,world,africanews,publish,ok,,174,65,174,1221,25,51007,19021,31941,1198,198,922,,,,,,,
2026-09-07,2026-09-07-34140506972,world-3275646678,world,africanews,publish,ok,,305,87,305,523,26,71914,33709,38196,1411,234,922,,,,,,,
2026-09-07,2026-09-07-34140506972,india-3504053159,india,the-hindu-national,fetch,failed,robots_denied,,,,,,,,,,,,,,,,,,
2026-09-07,2026-09-07-34140506972,india-7306971678,india,ht-business,publish,ok,,1179,104,1179,296,52,169050,113469,55516,2549,310,923,,,,,,,
2026-09-07,2026-09-07-34140506972,india-9195809053,india,thehindu-business,publish,ok,,441,69,441,582,28,82831,46465,36357,1591,222,922,,,,,,,
2026-09-07,2026-09-07-34140506972,india-3755951698,india,deccan-chronicle,publish,ok,,483,65,483,7342,37,83433,51230,32194,1661,195,922,,,,,,,
2026-09-07,2026-09-07-34140506972,india-4376200162,india,thehindu-all,publish,ok,,531,79,531,152,32,81798,50822,30965,1659,189,922,,,,,,,
2026-09-07,2026-09-07-34140506972,india-0140352222,india,livemint,publish,ok,,750,99,750,181,31,112399,71381,40969,1951,235,923,,,,,,,
2026-09-07,2026-09-07-34140506972,india-8931937214,india,hindustan-times,publish,ok,,956,163,956,103,49,151830,90809,60945,2227,337,923,,,,,,,
2026-09-07,2026-09-07-34140506972,india-9334345993,india,the-federal,publish,ok,,305,76,305,1715,61,67947,32636,35302,1395,213,922,,,,,,,
2026-09-07,2026-09-07-34140506972,india-6068571593,india,scroll-in,publish,ok,,673,80,673,359,29,119382,73383,45988,1972,252,922,,,,,,,
2026-09-07,2026-09-07-34140506972,ai-9794849564,ai,bbc-tech,publish,ok,,481,114,481,560,69,213758,164489,49224,1636,269,0,,,,,,,
2026-09-07,2026-09-07-34140506972,energy-2082112526,energy,balkangreen,publish,ok,,650,84,650,2783,225,140287,93967,46272,1848,247,922,,,,,,,
2026-09-07,2026-09-07-34140506972,business-economy-1428805682,business-economy,yahoo-finance,publish,ok,,415,60,415,426,143,107276,64739,42482,1562,230,922,,,,,,,
2026-09-07,2026-09-07-34140506972,business-economy-7797904049,business-economy,guardian-business,publish,ok,,773,115,773,389,52,243930,196494,47379,1953,251,0,,,,,,,
2026-09-07,2026-09-07-34140506972,business-economy-0275586258,business-economy,semafor,publish,ok,,120,64,120,802,24,49986,19767,30209,1118,168,922,,,,,,,
2026-09-07,2026-09-07-34140506972,business-economy-9745003601,business-economy,bbc-business,publish,ok,,864,122,864,80,64,183463,128570,54763,2085,267,923,,,,,,,
2026-09-07,2026-09-07-34140506972,world-4861384537,world,mongabay,publish,ok,,2330,148,2330,284,44,502516,426307,75987,4193,362,0,,,,,,,
2026-09-07,2026-09-07-34140506972,world-8856625776,world,euronews,publish,ok,,311,87,311,615,68,86120,45344,40764,1374,225,922,,,,,,,
2026-09-07,2026-09-07-34140506972,world-9896400246,world,news18-world,fetch,failed,http_client_error,,,,,,,,,,,,,,,,,,
2026-09-07,2026-09-07-34140506972,world-1298857972,world,abc-au-world,publish,ok,,554,95,554,872,75,117183,75941,41228,1669,221,922,,,,,,,
2026-09-07,2026-09-07-34140506972,world-8521355582,world,lemonde-en,publish,ok,too_short,35,27,35,1084,7,124011,103335,20664,1023,101,0,,,,,,,
2026-09-07,2026-09-07-34140506972,india-5525612426,india,toi-india,publish,ok,,587,65,587,535,110,125735,85121,40519,1762,218,922,,,,,,,
2026-09-07,2026-09-07-34140506972,india-6558918620,india,free-press-journal,publish,ok,,427,79,427,630,21,107605,67997,39542,1593,212,922,,,,,,,
2026-09-07,2026-09-07-34140506972,india-7347596469,india,toi-top,publish,ok,,359,82,359,106,69,94619,54676,39930,1461,221,922,,,,,,,
2026-09-07,2026-09-07-34140506972,india-7763146656,india,india-today,publish,ok,,335,92,335,491,74,103364,57030,46323,1484,252,922,,,,,,,
2026-09-07,2026-09-07-34140506972,india-5887475897,india,frontline,publish,ok,,152,73,152,366,31,59691,25406,34276,1172,187,922,,,,,,,
2026-09-07,2026-09-07-34140506972,india-5308249573,india,dna-india,publish,ok,,367,83,367,2017,85,87496,51661,35822,1430,193,922,,,,,,,
2026-09-07,2026-09-07-34140506972,india-2627648586,india,livemint-markets,publish,ok,,774,168,774,286,39,216324,141398,74849,2121,356,923,,,,,,,
2026-09-07,2026-09-07-34140506972,india-2248405798,india,livemint-markets,publish,ok,,314,99,314,249,37,88075,47817,40244,1394,219,922,,,,,,,
2026-09-07,2026-09-07-34140506972,india-2461777789,india,ht-business,publish,ok,,1242,123,1242,425,70,246374,188097,58215,2578,307,923,,,,,,,
2026-09-07,2026-09-07-34152931370,energy-1735694904,energy,electrek,publish,ok,,517,80,517,345,36,205053,165380,39627,1651,219,0,,,,,,,
2026-09-07,2026-09-07-34152931370,business-economy-5421430542,business-economy,business-today-in,publish,ok,not_prose,580,51,580,268,53,166788,138259,28477,2287,155,922,,,,,,,
2026-09-07,2026-09-07-34152931370,business-economy-7893211483,business-economy,conversation-business,publish,ok,,881,164,881,630,30,250996,203611,47329,2034,263,0,,,,,,,
2026-09-07,2026-09-07-34152931370,business-economy-9151717790,business-economy,aljazeera-economy,fetch,failed,robots_denied,,,,,,,,,,,,,,,,,,
2026-09-07,2026-09-07-34152931370,business-economy-3517867291,business-economy,bbc-business,publish,ok,,442,75,442,478,57,95314,59582,35677,1510,196,922,,,,,,,
2026-09-07,2026-09-07-34152931370,world-3957230914,world,anadolu-world,publish,ok,,366,63,366,4511,207,81735,52100,29624,1436,152,922,,,,,,,
2026-09-07,2026-09-07-34152931370,world-1959680993,world,cna-world,publish,ok,,283,67,283,1104,110,105039,65902,39126,1481,199,924,,,,,,,
2026-09-07,2026-09-07-34152931370,world-1779796092,world,lemonde-en,summarize,failed,length_out_of_range,35,,35,975,6,115404,,,,,,,,,,,,
2026-09-07,2026-09-07-34152931370,world-8563186005,world,guardian-world,publish,ok,,889,129,889,365,73,178540,124931,53562,2161,292,923,,,,,,,
2026-09-07,2026-09-07-34152931370,world-6643349036,world,france24,publish,ok,,250,70,250,621,48,81166,46108,35048,1314,180,922,,,,,,,
2026-09-07,2026-09-07-34152931370,world-9625995108,world,apnews-world,publish,ok,,642,63,642,110,214,126389,94600,31776,1841,178,922,,,,,,,
2026-09-07,2026-09-07-34152931370,world-0321063083,world,anadolu-world,publish,ok,,240,74,240,2476,93,69827,37163,32618,1290,187,922,,,,,,,
2026-09-07,2026-09-07-34152931370,india-8876618873,india,thehindu-all,publish,ok,,321,70,321,446,40,78948,47705,31234,1396,178,922,,,,,,,
2026-09-07,2026-09-07-34152931370,india-1812366908,india,livemint-companies,publish,ok,,665,78,665,203,35,129807,95012,34782,1866,196,922,,,,,,,
2026-09-07,2026-09-07-34152931370,india-4479488452,india,deccan-chronicle,publish,ok,,465,78,465,1756,48,113893,70484,43360,1620,244,922,,,,,,,
2026-09-07,2026-09-07-34152931370,india-9598205282,india,india-today,publish,ok,,278,73,278,391,70,81280,42682,38586,1346,219,922,,,,,,,
2026-09-07,2026-09-07-34152931370,india-6570877464,india,livemint-markets,publish,ok,,698,75,698,106,35,139491,102386,37092,1934,206,922,,,,,,,
2026-09-07,2026-09-07-34152931370,india-3344713279,india,hindustan-times,publish,ok,,567,72,567,357,61,117151,81515,35560,1729,195,922,,,,,,,
2026-09-07,2026-09-07-34152931370,india-3544187910,india,dna-india,publish,ok,,546,78,546,2444,87,117670,80014,37571,1711,204,922,,,,,,,
2026-09-07,2026-09-07-34152931370,india-8725693818,india,thehindu-business,publish,ok,,312,112,312,198,36,96565,49585,46923,1414,267,922,,,,,,,
2026-09-07,2026-09-07-34152931370,ai-2362160548,ai,guardian-ai,publish,ok,,297,66,297,635,40,153739,113118,40605,1331,163,0,,,,,,,
2026-09-07,2026-09-07-34152931370,energy-1764500395,energy,oilprice,publish,ok,,884,121,884,804,44,240788,174120,66568,2078,262,0,,,,,,,
2026-09-07,2026-09-07-34152931370,business-economy-6897382183,business-economy,business-today-in,publish,ok,,462,65,462,790,214,99690,56047,43632,1581,172,922,,,,,,,
2026-09-07,2026-09-07-34152931370,business-economy-3539224550,business-economy,marginal-revolution,publish,ok,not_prose,87,49,87,638,14,130369,94032,36251,1083,141,0,,,,,,,
2026-09-07,2026-09-07-34152931370,business-economy-5333723642,business-economy,cna-business,publish,ok,,138,93,138,1363,102,71828,19731,52009,1147,208,922,,,,,,,
2026-09-07,2026-09-07-34152931370,business-economy-0839911868,business-economy,marginal-revolution,extract,failed,no_text,,,,,,,,,,,,,,,,,,
2026-09-07,2026-09-07-34152931370,world-0034880838,world,guardian-world,publish,ok,,1093,132,1093,344,62,191561,112921,78556,2273,307,923,,,,,,,
2026-09-07,2026-09-07-34152931370,world-1497169297,world,thehindu-intl,publish,ok,,460,83,460,921,42,106607,57197,49400,1587,193,922,,,,,,,
2026-09-07,2026-09-07-34152931370,world-3839167716,world,thehindu-intl,publish,ok,,610,63,610,273,42,131384,81465,49908,1865,192,922,,,,,,,
2026-09-07,2026-09-07-34152931370,world-5681067579,world,news18-world,fetch,failed,http_client_error,,,,,,,,,,,,,,,,,,
2026-09-07,2026-09-07-34152931370,world-5704605268,world,elpais-en,publish,ok,,637,78,637,1632,62,125974,74974,50909,1781,193,922,,,,,,,
2026-09-07,2026-09-07-34152931370,world-5386620340,world,apnews-world,publish,ok,,323,84,323,325,200,87492,38829,48574,1368,190,922,,,,,,,
2026-09-07,2026-09-07-34152931370,india-5712991355,india,the-hindu-national,publish,ok,,71,60,71,272,37,60347,14405,45933,1087,183,922,,,,,,,
2026-09-07,2026-09-07-34152931370,india-3642607597,india,economic-times,publish,ok,,506,116,506,628,80,144612,73015,71585,1773,280,922,,,,,,,
2026-09-07,2026-09-07-34152931370,india-5969421018,india,thehindu-biz,publish,ok,,389,69,389,274,41,114462,53960,60372,1555,239,922,,,,,,,
2026-09-07,2026-09-07-34152931370,india-4873749766,india,hindustan-times,publish,ok,,556,73,556,717,57,115432,64752,50670,1689,203,922,,,,,,,
2026-09-07,2026-09-07-34152931370,india-9909667197,india,ht-business,publish,ok,,1165,116,1165,343,63,203690,130770,72798,2472,284,923,,,,,,,
2026-09-07,2026-09-07-34152931370,india-9961375003,india,free-press-journal,publish,ok,,608,88,608,1011,22,145649,79870,65675,1882,260,922,,,,,,,
2026-09-07,2026-09-07-34152931370,india-5609842829,india,toi-top,publish,ok,,452,66,452,746,82,115631,59498,56037,1621,217,922,,,,,,,
2026-09-07,2026-09-07-34152931370,india-2138651806,india,thehindu-business,publish,ok,,413,132,413,828,43,125455,50318,75126,1510,296,922,,,,,,,
2026-09-07,2026-09-07-34152931370,energy-5513700696,energy,electrek,publish,ok,,1269,103,1269,294,42,321445,269011,52358,2687,288,0,,,,,,,
2026-09-07,2026-09-07-34152931370,energy-2845432121,energy,balkangreen,publish,ok,,487,56,487,3336,42,192560,162444,30100,1625,172,0,,,,,,,
2026-09-07,2026-09-07-34152931370,business-economy-9651951143,business-economy,nber-new,publish,ok,,130,47,130,564,25,141778,119012,22722,1195,134,0,,,,,,,
2026-09-07,2026-09-07-34152931370,business-economy-7571870605,business-economy,aljazeera-economy,fetch,failed,robots_denied,,,,,,,,,,,,,,,,,,
2026-09-07,2026-09-07-34152931370,business-economy-2375246883,business-economy,guardian-business,publish,ok,,596,59,596,188,41,119099,86714,32338,1782,184,922,,,,,,,
2026-09-07,2026-09-07-34152931370,world-2621443744,world,independent-world,publish,ok,,647,69,647,246,46,133231,89914,43266,1818,245,922,,,,,,,
2026-09-07,2026-09-07-34152931370,world-7469911053,world,abc-au-world,publish,ok,,871,123,871,403,83,171251,120886,50317,2125,283,923,,,,,,,
2026-09-07,2026-09-07-34152931370,world-0786834538,world,france24,publish,ok,,926,150,926,1102,54,183781,125203,58525,2167,327,923,,,,,,,
2026-09-07,2026-09-07-34152931370,world-5838444137,world,euronews,publish,ok,,142,60,142,598,76,56552,23618,32864,1157,192,922,,,,,,,
2026-09-07,2026-09-07-34152931370,world-5340531080,world,euronews,publish,ok,,424,62,424,176,64,86072,56193,29867,1478,171,922,,,,,,,
2026-09-07,2026-09-07-34152931370,world-6945084365,world,africanews,publish,ok,,214,94,214,1283,37,67156,30848,36297,1228,211,922,,,,,,,
2026-09-07,2026-09-07-34152931370,world-0934634195,world,bbc-world,publish,ok,,297,69,297,387,61,91301,49767,41523,1418,239,922,,,,,,,
2026-09-07,2026-09-07-34152931370,india-8146430614,india,the-hindu-national,publish,ok,,263,62,263,546,40,81795,43864,37921,1360,220,922,,,,,,,
2026-09-07,2026-09-07-34152931370,india-1550211397,india,toi-india,publish,ok,,864,143,864,386,219,195142,129913,65177,2213,364,923,,,,,,,
2026-09-07,2026-09-07-34152931370,india-9153013246,india,livemint,publish,ok,,579,80,579,397,36,114397,80319,34064,1720,192,922,,,,,,,
2026-09-07,2026-09-07-34152931370,india-1358625704,india,india-today,publish,ok,,672,112,672,423,75,145764,96790,48883,1885,278,922,,,,,,,
2026-09-07,2026-09-07-34152931370,india-0890512926,india,livemint,publish,ok,,425,106,425,155,31,100128,58373,41706,1502,241,922,,,,,,,
2026-09-07,2026-09-07-34152931370,india-4856396658,india,toi-top,publish,ok,,463,78,463,53,76,101252,64689,36552,1566,211,922,,,,,,,
2026-09-07,2026-09-07-34152931370,india-7829709754,india,livemint-companies,publish,ok,,1120,118,1120,263,41,218907,164384,54360,2555,300,923,,,,,,,
2026-09-07,2026-09-07-34152931370,india-3000089744,india,scroll-in,publish,ok,,843,133,843,444,40,181311,121714,59513,2132,335,923,,,,,,,
2026-09-07,2026-09-07-34152931370,energy-6886730815,energy,oilprice,publish,ok,,328,79,328,844,56,180585,127443,53063,1388,215,0,,,,,,,
2026-09-07,2026-09-07-34152931370,energy-6697806167,energy,balkangreen,publish,ok,,353,80,353,4001,40,102064,46726,55327,1428,225,922,,,,,,,
2026-09-07,2026-09-07-34152931370,business-economy-7630992587,business-economy,nber-new,publish,ok,,219,38,219,692,31,67072,37150,29829,1321,121,922,,,,,,,
2026-09-07,2026-09-07-34152931370,business-economy-0348967026,business-economy,semafor,publish,ok,,693,75,693,713,29,132205,81076,51040,1792,201,922,,,,,,,
2026-09-07,2026-09-07-34152931370,business-economy-8190937111,business-economy,guardian-business,publish,ok,,1158,119,1158,552,48,299834,224781,74920,2394,292,0,,,,,,,
2026-09-07,2026-09-07-34152931370,world-6154360660,world,lemonde-en,publish,ok,too_short,35,36,35,1618,127,115788,93760,22019,1018,90,0,,,,,,,
2026-09-07,2026-09-07-34152931370,world-4256780321,world,abc-au-world,publish,ok,,1190,111,1190,1266,86,202659,140999,61564,2434,240,923,,,,,,,
2026-09-07,2026-09-07-34152931370,world-3413711907,world,cna-world,publish,ok,,267,67,267,1074,101,90450,36480,53875,1311,214,922,,,,,,,
2026-09-07,2026-09-07-34152931370,world-4104872096,world,independent-world,publish,ok,,1265,92,1265,699,55,228746,163161,65450,2672,253,923,,,,,,,
2026-09-07,2026-09-07-34152931370,world-4256796459,world,news18-world,fetch,failed,http_client_error,,,,,,,,,,,,,,,,,,
2026-09-07,2026-09-07-34152931370,world-5635636313,world,dw-world,publish,ok,,777,99,777,3025,37,162890,96298,66473,1943,256,923,,,,,,,
2026-09-07,2026-09-07-34152931370,world-4485893551,world,elpais-en,publish,ok,,865,106,865,483,67,172819,108950,63763,2066,248,923,,,,,,,
2026-09-07,2026-09-07-34152931370,india-6295563502,india,toi-india,publish,ok,,740,172,740,619,105,196832,97440,99276,1959,379,923,,,,,,,
2026-09-07,2026-09-07-34152931370,india-3967047321,india,economic-times,publish,ok,,399,83,399,546,90,116056,59601,56444,1561,229,922,,,,,,,
2026-09-07,2026-09-07-34152931370,india-7202468254,india,deccan-chronicle,publish,ok,,481,132,481,10911,46,140720,65587,75122,1629,301,922,,,,,,,
2026-09-07,2026-09-07-34152931370,india-4540027524,india,thehindu-all,publish,ok,,156,65,156,814,41,78971,28514,50362,1230,205,922,,,,,,,
2026-09-07,2026-09-07-34152931370,india-9924760768,india,free-press-journal,publish,ok,,984,190,984,461,23,251184,137695,113321,2373,435,923,,,,,,,
2026-09-07,2026-09-07-34152931370,india-4577171803,india,thehindu-biz,publish,ok,,338,73,338,273,44,108035,51179,56844,1468,227,922,,,,,,,
2026-09-07,2026-09-07-34152931370,india-9437443646,india,livemint-markets,publish,ok,,677,63,677,568,35,139679,91726,47942,1900,189,922,,,,,,,
2026-09-07,2026-09-07-34152931370,india-6360466140,india,scroll-in,publish,ok,,935,125,935,612,43,181147,112555,68451,2115,264,923,,,,,,,
2026-09-07,2026-09-07-34163668928,energy-0927848780,energy,oilprice,publish,ok,,882,145,882,866,36,138603,48329,90170,2139,338,0,,,,,,,
2026-09-07,2026-09-07-34163668928,business-economy-6024574621,business-economy,business-today-in,publish,ok,not_prose,568,51,568,417,44,73417,27944,45461,2095,167,922,,,,,,,
2026-09-07,2026-09-07-34163668928,business-economy-9087935760,business-economy,aljazeera-economy,fetch,failed,robots_denied,,,,,,,,,,,,,,,,,,
2026-09-07,2026-09-07-34163668928,business-economy-3851537888,business-economy,bbc-business,publish,ok,,825,106,825,1561,48,90677,25190,65121,1993,242,923,,,,,,,
2026-09-07,2026-09-07-34163668928,world-3762109659,world,independent-world,publish,ok,,849,115,849,390,37,102050,29357,72599,2141,267,923,,,,,,,
2026-09-07,2026-09-07-34163668928,world-8084781689,world,apnews-world,publish,ok,,365,74,365,240,159,84393,33229,51084,1456,191,0,,,,,,,
2026-09-07,2026-09-07-34163668928,world-1267723859,world,bbc-world,summarize,failed,output_truncated,1649,,1649,419,64,302387,,,,,,,,,,,,
2026-09-07,2026-09-07-34163668928,world-6053446670,world,news18-world,fetch,failed,http_client_error,,,,,,,,,,,,,,,,,,
2026-09-07,2026-09-07-34163668928,world-1179907218,world,lemonde-en,publish,ok,too_short,35,28,35,1825,97,44171,23236,20925,1017,78,0,,,,,,,
2026-09-07,2026-09-07-34163668928,world-0869731810,world,euronews,publish,ok,,741,106,741,850,57,99654,23900,75545,1937,282,923,,,,,,,
2026-09-07,2026-09-07-34163668928,world-8340227397,world,thehindu-intl,publish,ok,,498,78,498,383,37,73083,17698,55375,1658,207,922,,,,,,,
2026-09-07,2026-09-07-34163668928,world-9742056476,world,bbc-world,publish,ok,,651,84,651,1302,52,79170,21247,57913,1817,216,922,,,,,,,
2026-09-07,2026-09-07-34163668928,india-3843188283,india,toi-india,publish,ok,,127,72,127,511,68,57988,6225,51631,1152,198,922,,,,,,,
2026-09-07,2026-09-07-34163668928,india-2773722200,india,livemint-companies,publish,ok,,529,93,529,1352,25,82885,17194,65681,1653,248,922,,,,,,,
2026-09-07,2026-09-07-34163668928,india-6282470903,india,india-today,publish,ok,,553,69,553,524,54,68930,17942,50845,1662,191,922,,,,,,,
2026-09-07,2026-09-07-34163668928,india-9049322507,india,india-today,publish,ok,,340,125,340,234,52,88366,13580,74778,1477,282,922,,,,,,,
2026-09-07,2026-09-07-34163668928,india-8736501850,india,economic-times,publish,ok,,185,67,185,829,51,56664,6851,49805,1209,191,922,,,,,,,
2026-09-07,2026-09-07-34163668928,india-6206718621,india,hindustan-times,publish,ok,,404,104,404,453,47,73697,14068,59620,1499,227,922,,,,,,,
2026-09-07,2026-09-07-34163668928,india-2261759731,india,thehindu-business,publish,ok,,209,62,209,629,30,79314,9470,69836,1329,265,922,,,,,,,
2026-09-07,2026-09-07-34163668928,india-0444577987,india,the-federal,publish,ok,,286,62,286,2651,61,54611,10007,44596,1354,170,922,,,,,,,
2026-09-07,2026-09-07-34163668928,energy-9320235078,energy,cleantechnica,publish,ok,,1143,137,1143,802,32,310543,252571,57922,2486,313,0,,,,,,,
2026-09-07,2026-09-07-34163668928,energy-2891894060,energy,electrek,publish,ok,,570,123,570,599,38,247460,194165,53281,1913,296,0,,,,,,,
2026-09-07,2026-09-07-34163668928,business-economy-9323542932,business-economy,nber-new,publish,ok,,213,43,213,519,26,156533,130876,25609,1299,146,0,,,,,,,
2026-09-07,2026-09-07-34163668928,business-economy-5370118031,business-economy,bbc-business,publish,ok,,936,107,936,252,69,173355,130412,42890,2199,236,923,,,,,,,
2026-09-07,2026-09-07-34163668928,world-8273256330,world,independent-world,publish,ok,,390,107,390,519,45,105826,57780,47991,1489,271,922,,,,,,,
2026-09-07,2026-09-07-34163668928,world-8928027964,world,abc-au-world,publish,ok,,264,79,264,803,65,77957,41921,36026,1333,206,922,,,,,,,
2026-09-07,2026-09-07-34163668928,world-5717813708,world,abc-au-world,publish,ok,,574,71,574,182,75,134674,87645,47019,1780,262,922,,,,,,,
2026-09-07,2026-09-07-34163668928,world-8779210424,world,cna-world,publish,ok,,433,67,433,959,98,94996,61807,33135,1527,187,922,,,,,,,
2026-09-07,2026-09-07-34163668928,world-2901080103,world,guardian-world,publish,ok,,689,74,689,822,40,137075,97024,40039,1874,223,922,,,,,,,
2026-09-07,2026-09-07-34163668928,world-7510743293,world,elpais-en,publish,ok,,498,59,498,1574,62,101961,66516,35390,1574,199,922,,,,,,,
2026-09-07,2026-09-07-34163668928,world-3747304860,world,africanews,publish,ok,,334,75,334,1526,38,82465,48698,33753,1400,192,922,,,,,,,
2026-09-07,2026-09-07-34163668928,world-6778300673,world,anadolu-world,publish,ok,,271,107,271,4215,207,88279,46213,42055,1376,239,922,,,,,,,
2026-09-07,2026-09-07-34163668928,india-0068296562,india,toi-india,publish,ok,not_prose,73,31,73,452,102,38673,17252,21369,1091,125,922,,,,,,,
2026-09-07,2026-09-07-34163668928,india-4149617917,india,toi-top,publish,ok,,132,53,132,38,86,53999,23428,30520,1152,176,922,,,,,,,
2026-09-07,2026-09-07-34163668928,india-6214867548,india,toi-top,publish,ok,,223,64,223,59,80,69911,35846,34054,1273,196,922,,,,,,,
2026-09-07,2026-09-07-34163668928,india-0243682213,india,free-press-journal,publish,ok,,262,90,262,642,18,81877,40907,40957,1322,235,922,,,,,,,
2026-09-07,2026-09-07-34163668928,india-9758781378,india,economic-times,publish,ok,,163,78,163,450,54,62167,27120,35038,1188,202,922,,,,,,,
2026-09-07,2026-09-07-34163668928,india-1086623517,india,hindustan-times,publish,ok,,347,114,347,446,56,99342,52484,46846,1436,263,922,,,,,,,
2026-09-07,2026-09-07-34163668928,india-1328044520,india,thehindu-biz,publish,ok,,742,134,742,855,47,165974,111711,54166,2018,300,923,,,,,,,
2026-09-07,2026-09-07-34163668928,india-1109136670,india,the-federal,publish,ok,,264,97,264,2333,80,80955,39448,41496,1311,236,924,,,,,,,
2026-09-07,2026-09-07-34163668928,ai-5260920824,ai,techcrunch-ai,publish,ok,,3846,171,4014,146,75,654007,578091,75826,5582,388,0,,,,,,,
2026-09-07,2026-09-07-34163668928,energy-7919685783,energy,oilprice,publish,ok,,723,122,723,976,43,244534,195838,48614,1935,276,0,,,,,,,
2026-09-07,2026-09-07-34163668928,business-economy-8320503416,business-economy,business-today-in,publish,ok,,290,46,290,180,84,164724,138466,26247,1368,150,0,,,,,,,
2026-09-07,2026-09-07-34163668928,business-economy-0519700974,business-economy,aljazeera-economy,fetch,failed,robots_denied,,,,,,,,,,,,,,,,,,
2026-09-07,2026-09-07-34163668928,business-economy-7574575438,business-economy,guardian-business,publish,ok,,691,96,691,574,65,146481,100815,45653,1907,257,922,,,,,,,
2026-09-07,2026-09-07-34163668928,world-1285885115,world,france24,publish,ok,,844,119,844,715,50,165313,117558,47694,2073,269,923,,,,,,,
2026-09-07,2026-09-07-34163668928,world-9065104638,world,apnews-world,publish,ok,,887,108,887,95,224,185829,129396,56377,2192,315,923,,,,,,,
2026-09-07,2026-09-07-34163668928,world-9555461002,world,cna-world,publish,ok,,407,57,407,712,107,92013,60006,31955,1510,185,922,,,,,,,
2026-09-07,2026-09-07-34163668928,world-4463023831,world,france24,publish,ok,,121,49,121,253,52,49958,21685,28265,1135,168,922,,,,,,,
2026-09-07,2026-09-07-34163668928,world-9820350915,world,euronews,publish,ok,,352,72,352,738,60,86133,54368,31755,1454,185,922,,,,,,,
2026-09-07,2026-09-07-34163668928,world-7733977091,world,news18-world,fetch,failed,http_client_error,,,,,,,,,,,,,,,,,,
2026-09-07,2026-09-07-34163668928,world-0107913474,world,thehindu-intl,publish,ok,,679,81,679,450,43,130699,95382,35305,1858,203,922,,,,,,,
2026-09-07,2026-09-07-34163668928,india-1302181399,india,the-hindu-national,publish,ok,,459,61,459,140,41,100826,66483,34292,1572,194,922,,,,,,,
2026-09-07,2026-09-07-34163668928,india-2490347649,india,livemint-companies,publish,ok,,861,144,861,363,34,171011,116462,54493,2066,307,923,,,,,,,
2026-09-07,2026-09-07-34163668928,india-8195542288,india,deccan-chronicle,publish,ok,,195,69,195,3156,42,71010,37789,33211,1291,190,922,,,,,,,
2026-09-07,2026-09-07-34163668928,india-5416256483,india,thehindu-all,publish,ok,,449,80,449,80,39,104624,66443,38169,1571,215,922,,,,,,,
2026-09-07,2026-09-07-34163668928,india-3628978781,india,livemint,publish,ok,,590,84,590,280,33,130659,84605,46043,1749,259,922,,,,,,,
2026-09-07,2026-09-07-34163668928,india-1552222589,india,dna-india,publish,ok,,303,73,303,2334,80,81437,45547,35840,1368,209,922,,,,,,,
2026-09-07,2026-09-07-34163668928,india-8111558264,india,thehindu-biz,publish,ok,,240,65,240,206,38,74660,41035,33615,1323,195,922,,,,,,,
2026-09-07,2026-09-07-34163668928,india-2287293129,india,thehindu-business,publish,ok,,217,115,217,556,33,83898,37279,46606,1288,272,922,,,,,,,
2026-09-07,2026-09-07-34163668928,ai-1092654427,ai,simon-willison,publish,ok,not_prose,87,30,87,261,12,37923,17937,19973,1097,114,922,,,,,,,
2026-09-07,2026-09-07-34163668928,energy-7425987325,energy,electrek,publish,ok,,1963,121,1963,274,42,411643,352248,59312,3484,313,0,,,,,,,
2026-09-07,2026-09-07-34163668928,business-economy-0724826437,business-economy,nber-new,publish,ok,,167,38,167,497,24,50370,30873,19486,1227,111,922,,,,,,,
2026-09-07,2026-09-07-34163668928,business-economy-5708311945,business-economy,npr-business,summarize,failed,copied_source,49,,49,624,22,121590,,,,,,,,,,,,
2026-09-07,2026-09-07-34163668928,business-economy-0981442408,business-economy,yahoo-finance,publish,ok,,402,49,402,370,129,179181,149615,29525,1494,167,0,,,,,,,
2026-09-07,2026-09-07-34163668928,world-6985962645,world,npr-world,publish,ok,not_prose,45,37,45,253,23,30959,10949,19997,1028,115,922,,,,,,,
2026-09-07,2026-09-07-34163668928,world-0173762641,world,guardian-world,publish,ok,,1604,102,1604,332,252,268085,216216,51812,3050,275,923,,,,,,,
2026-09-07,2026-09-07-34163668928,world-9926816876,world,lemonde-en,publish,ok,too_short,35,39,35,1106,6,25804,9931,15864,1018,91,922,,,,,,,
2026-09-07,2026-09-07-34163668928,world-5967912317,world,anadolu-world,publish,ok,,323,55,323,5815,95,73491,45883,27598,1378,157,922,,,,,,,
2026-09-07,2026-09-07-34163668928,world-7425282830,world,africanews,publish,ok,,389,87,389,936,38,100691,58440,42241,1500,240,922,,,,,,,
2026-09-07,2026-09-07-34163668928,world-7171664424,world,dw-world,publish,ok,,1065,136,1065,1790,43,208391,152076,56219,2429,307,923,,,,,,,
2026-09-07,2026-09-07-34163668928,world-0826582556,world,elpais-en,publish,ok,,2031,169,2031,230,74,428208,362825,65303,3587,343,0,,,,,,,
2026-09-07,2026-09-07-34163668928,india-9520521040,india,the-hindu-national,publish,ok,,305,65,305,594,40,92023,50700,41314,1426,229,922,,,,,,,
2026-09-07,2026-09-07-34163668928,india-5875350375,india,deccan-chronicle,publish,ok,,389,123,389,12045,43,119881,64265,55605,1558,312,922,,,,,,,
2026-09-07,2026-09-07-34163668928,india-4723152143,india,free-press-journal,publish,ok,,481,148,481,416,21,127073,74388,52672,1660,294,922,,,,,,,
2026-09-07,2026-09-07-34163668928,india-4668498989,india,livemint,publish,ok,,462,94,462,282,33,101147,64559,36537,1561,208,922,,,,,,,
2026-09-07,2026-09-07-34163668928,india-3264643169,india,thehindu-all,publish,ok,,327,84,327,209,40,89796,53257,36529,1448,204,922,,,,,,,
2026-09-07,2026-09-07-34163668928,india-3063762955,india,dna-india,publish,ok,,469,82,469,1956,90,106502,69426,37062,1625,208,936,,,,,,,
2026-09-07,2026-09-07-34163668928,india-8317275625,india,livemint-markets,publish,ok,,673,67,673,85,36,148032,108173,39847,1991,221,922,,,,,,,
2026-09-07,2026-09-07-34163668928,india-3864604219,india,scroll-in,publish,ok,,755,97,755,459,34,149525,104520,44943,1956,247,923,,,,,,,
2026-09-08,2026-09-08-34198561963,ai-5264943847,ai,bbc-tech,publish,ok,,1085,120,1085,385,142,132435,63497,68847,2321,262,0,,,,,,,
2026-09-08,2026-09-08-34198561963,energy-8894119097,energy,solar-quarter,publish,ok,,142,74,142,8948,69,88996,30987,57999,1179,230,0,,,,,,,
2026-09-08,2026-09-08-34198561963,business-economy-3493391581,business-economy,business-today-in,publish,ok,,98,66,98,507,73,52266,5407,46850,1110,184,922,,,,,,,
2026-09-08,2026-09-08-34198561963,business-economy-2677777725,business-economy,aljazeera-economy,fetch,failed,robots_denied,,,,,,,,,,,,,,,,,,
2026-09-08,2026-09-08-34198561963,business-economy-0758204961,business-economy,semafor,publish,ok,,114,73,114,671,19,56551,6708,49834,1120,190,922,,,,,,,
2026-09-08,2026-09-08-34198561963,business-economy-2211865216,business-economy,marginal-revolution,extract,failed,no_text,,,,,,,,,,,,,,,,,,
2026-09-08,2026-09-08-34198561963,world-5642307055,world,apnews-world,publish,ok,,434,105,434,300,174,83423,17469,65943,1530,249,922,,,,,,,
2026-09-08,2026-09-08-34198561963,world-8893379703,world,france24,publish,ok,,845,107,845,625,43,103543,32075,71331,2105,267,923,,,,,,,
2026-09-08,2026-09-08-34198561963,world-6610629692,world,cna-world,publish,ok,,246,83,246,934,82,70565,11084,59472,1304,225,922,,,,,,,
2026-09-08,2026-09-08-34198561963,world-1089251152,world,thehindu-intl,publish,ok,,839,136,839,825,37,115950,32696,83139,2104,307,923,,,,,,,
2026-09-08,2026-09-08-34198561963,world-8532979426,world,euronews,publish,ok,,558,77,558,780,53,69821,21743,48068,1667,188,922,,,,,,,
2026-09-08,2026-09-08-34198561963,india-7707631501,india,the-hindu-national,publish,ok,,1101,108,1101,734,39,136925,49142,87672,2619,331,923,,,,,,,
2026-09-08,2026-09-08-34198561963,india-8803590691,india,toi-india,publish,ok,,141,51,141,723,85,57061,8196,48857,1197,194,922,,,,,,,
2026-09-08,2026-09-08-34198561963,india-0129073978,india,free-press-journal,publish,ok,,426,80,426,666,16,71630,17844,53775,1537,209,922,,,,,,,
2026-09-08,2026-09-08-34198561963,india-2905270312,india,thehindu-business,publish,ok,,497,64,497,1138,29,66071,19461,46600,1605,183,922,,,,,,,
2026-09-08,2026-09-08-34198561963,india-4949122217,india,livemint,publish,ok,,625,77,625,559,31,82840,24741,58089,1798,218,922,,,,,,,
2026-09-08,2026-09-08-34198561963,india-0022662182,india,deccan-chronicle,publish,ok,,433,54,433,14769,35,65665,17808,47743,1560,182,922,,,,,,,
2026-09-08,2026-09-08-34198561963,india-1034107827,india,livemint-markets,extract,failed,paywalled,,,,,,,,,,,,,,,,,,
2026-09-08,2026-09-08-34198561963,india-5184391017,india,scroll-in,publish,ok,,306,77,306,734,27,77933,13545,64379,1385,242,922,,,,,,,
2026-09-08,2026-09-08-34198561963,india-5558698776,india,dna-india,publish,ok,,317,64,317,2405,61,64325,13542,50774,1386,193,922,,,,,,,
2026-09-08,2026-09-08-34198561963,ai-3392740340,ai,mistral-news,publish,ok,,502,113,502,561,119,116411,77779,38621,1651,270,0,,,,,,,
2026-09-08,2026-09-08-34198561963,energy-0613934976,energy,electrek,publish,ok,,851,117,851,929,22,138928,98421,40431,2091,286,0,,,,,,,
2026-09-08,2026-09-08-34198561963,business-economy-9546361787,business-economy,semafor,publish,ok,,122,88,122,942,15,41163,9501,31624,1121,222,922,,,,,,,
2026-09-08,2026-09-08-34198561963,business-economy-4488717253,business-economy,npr-business,publish,ok,,1183,121,1183,1351,25,117618,78347,39223,2549,273,923,,,,,,,
2026-09-08,2026-09-08-34198561963,business-economy-9235719762,business-economy,seekingalpha,fetch,failed,http_client_error,,,,,,,,,,,,,,,,,,
2026-09-08,2026-09-08-34198561963,business-economy-0498238113,business-economy,nber-new,publish,ok,,140,36,140,872,16,79801,58061,21704,1203,153,0,,,,,,,
2026-09-08,2026-09-08-34198561963,business-economy-3398738300,business-economy,cna-business,publish,ok,,1481,123,1481,588,73,137248,97091,40103,2951,288,923,,,,,,,
2026-09-08,2026-09-08-34198561963,world-9762676759,world,bbc-world,publish,ok,,540,98,540,251,36,70313,35614,34658,1682,251,922,,,,,,,
2026-09-08,2026-09-08-34198561963,world-8469656862,world,abc-au-world,publish,ok,,227,50,227,554,37,41808,17298,24467,1289,177,922,,,,,,,
2026-09-08,2026-09-08-34198561963,world-1287040948,world,france24,publish,ok,,511,106,511,1002,29,68821,33912,34899,1637,249,922,,,,,,,
2026-09-08,2026-09-08-34198561963,world-6526363879,world,news18-world,fetch,failed,http_client_error,,,,,,,,,,,,,,,,,,
2026-09-08,2026-09-08-34198561963,world-7491835137,world,mongabay,publish,ok,,67,46,67,557,18,27577,6861,20654,1066,151,922,,,,,,,
2026-09-08,2026-09-08-34198561963,india-0761683036,india,economic-times,publish,ok,,611,82,611,363,48,81819,47370,34439,1913,238,922,,,,,,,
2026-09-08,2026-09-08-34198561963,india-2823098055,india,thehindu-biz,publish,ok,,464,45,464,630,28,51178,31987,19148,1596,136,922,,,,,,,
2026-09-08,2026-09-08-34198561963,india-0990527501,india,toi-top,publish,ok,,1048,111,1048,436,44,114784,68177,46553,2373,334,923,,,,,,,
2026-09-08,2026-09-08-34198561963,india-6393962046,india,livemint-markets,publish,ok,,347,77,347,321,94,60934,26694,34231,1477,244,922,,,,,,,
2026-09-08,2026-09-08-34198561963,india-1599505579,india,mongabay-india,publish,ok,,1857,140,1857,397,33,174758,127419,47243,3538,315,923,,,,,,,
2026-09-08,2026-09-08-34198561963,india-5404727763,india,thehindu-all,publish,ok,,994,114,994,433,30,113174,68100,45022,2315,312,923,,,,,,,
2026-09-08,2026-09-08-34198561963,india-1686727491,india,hindustan-times,publish,ok,,359,58,359,416,38,52374,24015,28351,1434,204,922,,,,,,,
2026-09-08,2026-09-08-34198561963,india-7510634443,india,the-federal,publish,ok,,407,91,407,2347,63,65998,30770,35219,1582,255,922,,,,,,,
2026-09-08,2026-09-08-34198561963,ai-6069040744,ai,pytorch-blog,publish,ok,,912,121,912,1907,34,283782,228810,54904,2255,312,0,,,,,,,
2026-09-08,2026-09-08-34198561963,energy-8638445682,energy,oilprice,publish,ok,,345,77,345,925,53,182019,143935,38070,1418,220,0,,,,,,,
2026-09-08,2026-09-08-34198561963,business-economy-0475025997,business-economy,cna-business,publish,ok,,401,137,401,1042,110,112027,61451,50565,1524,293,922,,,,,,,
2026-09-08,2026-09-08-34198561963,business-economy-3958869259,business-economy,guardian-business,publish,ok,,594,116,594,716,43,130989,85760,45218,1762,259,922,,,,,,,
2026-09-08,2026-09-08-34198561963,business-economy-9683604907,business-economy,nber-new,publish,ok,,176,36,176,865,25,155100,125855,29194,1245,170,0,,,,,,,
2026-09-08,2026-09-08-34198561963,business-economy-5833714555,business-economy,aljazeera-economy,fetch,failed,robots_denied,,,,,,,,,,,,,,,,,,
2026-09-08,2026-09-08-34198561963,world-9388253138,world,euronews,publish,ok,,404,74,404,827,64,99256,59454,39749,1503,227,922,,,,,,,
2026-09-08,2026-09-08-34198561963,world-7109894589,world,japan-times,publish,ok,,261,79,261,2456,50,82427,44074,38341,1355,224,922,,,,,,,
2026-09-08,2026-09-08-34198561963,world-1680618698,world,independent-world,publish,ok,,995,114,995,1953,70,180972,136110,44810,2255,254,923,,,,,,,
2026-09-08,2026-09-08-34198561963,world-7388029025,world,thehindu-intl,publish,ok,,360,132,360,671,42,106584,58541,48031,1494,280,922,,,,,,,
2026-09-08,2026-09-08-34198561963,world-9428073288,world,news18-world,fetch,failed,http_client_error,,,,,,,,,,,,,,,,,,
2026-09-08,2026-09-08-34198561963,india-4503377906,india,the-hindu-national,publish,ok,,505,174,505,331,41,147509,84350,63144,1748,364,922,,,,,,,
2026-09-08,2026-09-08-34198561963,india-2270345916,india,economic-times,publish,ok,,432,56,432,369,75,107441,72067,35324,1628,206,922,,,,,,,
2026-09-08,2026-09-08-34198561963,india-4821739801,india,toi-top,publish,ok,,832,131,832,808,76,167768,113738,53970,2036,307,923,,,,,,,
2026-09-08,2026-09-08-34198561963,india-5542618440,india,thehindu-business,publish,ok,,291,106,291,671,35,87617,45882,41724,1374,243,922,,,,,,,
2026-09-08,2026-09-08-34198561963,india-3223532407,india,livemint-companies,extract,failed,paywalled,,,,,,,,,,,,,,,,,,
2026-09-08,2026-09-08-34198561963,india-4013811028,india,india-today,summarize,failed,copied_source,630,,630,1703,63,140532,,,,,,,,,,,,
2026-09-08,2026-09-08-34198561963,india-1421941189,india,livemint,publish,ok,,465,67,465,93,151,115904,78097,37741,1686,219,922,,,,,,,
2026-09-08,2026-09-08-34198561963,india-1516065172,india,scroll-in,publish,ok,,404,88,404,444,34,99112,60879,38142,1519,221,922,,,,,,,
2026-09-08,2026-09-08-34198561963,india-8942351848,india,dna-india,publish,ok,,395,72,395,2255,92,108619,68202,40405,1589,233,922,,,,,,,
2026-09-08,2026-09-08-34198561963,ai-8546775109,ai,pytorch-blog,publish,ok,,1438,100,1438,1394,41,349209,298710,50438,2965,269,0,,,,,,,
2026-09-08,2026-09-08-34198561963,energy-9308875633,energy,solar-quarter,fetch,failed,http_client_error,,,,,,,,,,,,,,,,,,
2026-09-08,2026-09-08-34198561963,business-economy-8521487868,business-economy,business-today-in,publish,ok,not_prose,391,47,391,367,53,123804,94387,29406,1853,161,922,,,,,,,
2026-09-08,2026-09-08-34198561963,business-economy-6023480809,business-economy,bbc-business,publish,ok,,775,140,775,448,66,163529,107263,56213,1985,310,923,,,,,,,
2026-09-08,2026-09-08-34198561963,business-economy-7057325787,business-economy,seekingalpha,publish,ok,not_prose,56,36,56,388,185,129715,106053,23651,1062,136,0,,,,,,,
2026-09-08,2026-09-08-34198561963,business-economy-6856759314,business-economy,guardian-business,publish,ok,,1452,129,1452,724,94,257415,200485,56845,2901,303,923,,,,,,,
2026-09-08,2026-09-08-34198561963,world-4798515741,world,independent-world,publish,ok,,540,74,540,442,42,205439,170285,35102,1701,197,0,,,,,,,
2026-09-08,2026-09-08-34198561963,world-0271498881,world,japan-times,publish,ok,,109,68,109,1752,49,57015,21359,35613,1131,201,922,,,,,,,
2026-09-08,2026-09-08-34198561963,world-8387221031,world,abc-au-world,publish,ok,,1075,124,1075,1219,77,197348,146708,50501,2373,275,923,,,,,,,
2026-09-08,2026-09-08-34198561963,world-3521716922,world,lemonde-en,publish,ok,too_short,35,27,35,1353,6,26350,10242,16099,1022,93,922,,,,,,,
2026-09-08,2026-09-08-34198561963,world-9769711795,world,guardian-world,publish,ok,,1434,119,1434,164,56,255837,199231,56515,2888,301,923,,,,,,,
2026-09-08,2026-09-08-34198561963,india-6615412712,india,thehindu-all,publish,ok,,870,117,870,785,49,171106,122073,48956,2130,267,923,,,,,,,
2026-09-08,2026-09-08-34198561963,india-2543852591,india,toi-india,summarize,failed,length_out_of_range,265,,265,4155,100,141694,,,,,,,,,,,,
2026-09-08,2026-09-08-34198561963,india-1155962388,india,free-press-journal,publish,ok,,548,51,548,679,27,120385,89424,30914,1804,172,922,,,,,,,
2026-09-08,2026-09-08-34198561963,india-5690646188,india,livemint-companies,publish,ok,,424,74,424,5878,33,98058,61618,36335,1529,206,922,,,,,,,
2026-09-08,2026-09-08-34198561963,india-8636692582,india,thehindu-biz,publish,ok,,679,86,679,880,43,159427,110554,48859,2016,267,922,,,,,,,
2026-09-08,2026-09-08-34198561963,india-4146879186,india,deccan-chronicle,publish,ok,,388,92,388,2475,44,112950,62617,50272,1541,281,922,,,,,,,
2026-09-08,2026-09-08-34198561963,india-8779340817,india,india-today,publish,ok,,629,83,629,542,71,118117,82678,35424,1742,198,922,,,,,,,
2026-09-08,2026-09-08-34198561963,india-0242706678,india,hindustan-times,publish,ok,,355,88,355,617,64,98323,53192,45062,1446,254,922,,,,,,,
2026-09-08,2026-09-08-34198561963,india-3607626348,india,the-federal,publish,ok,,435,91,435,609,84,110677,66103,44563,1590,250,934,,,,,,,
2026-09-08,2026-09-08-34220472258,ai-0822359260,ai,fastcompany-tech,publish,ok,,284,44,284,743,59,74454,35639,38738,1341,141,0,,,,,,,
2026-09-08,2026-09-08-34220472258,energy-2605845532,energy,pv-magazine,publish,ok,,562,70,562,2014,45,72219,22089,50120,1708,180,922,,,,,,,
2026-09-08,2026-09-08-34220472258,energy-3369111057,energy,electrek,publish,ok,,571,69,571,560,42,91454,24991,66336,1812,237,922,,,,,,,
2026-09-08,2026-09-08-34220472258,business-economy-6623869405,business-economy,cna-business,publish,ok,,445,90,445,1102,93,73797,17824,55785,1533,200,922,,,,,,,
2026-09-08,2026-09-08-34220472258,business-economy-8030923959,business-economy,voxdev,publish,ok,,1618,136,1618,1270,33,164842,90627,74073,3286,257,0,,,,,,,
2026-09-08,2026-09-08-34220472258,business-economy-9949048695,business-economy,marginal-revolution,publish,ok,,573,99,573,268,15,90124,22701,67410,1732,242,922,,,,,,,
2026-09-08,2026-09-08-34220472258,business-economy-6725515062,business-economy,aljazeera-economy,fetch,failed,robots_denied,,,,,,,,,,,,,,,,,,
2026-09-08,2026-09-08-34220472258,world-6894015453,world,euronews,publish,ok,,510,72,510,798,61,74993,20199,54675,1640,197,922,,,,,,,
2026-09-08,2026-09-08-34220472258,world-0006680876,world,france24,publish,ok,,136,45,136,1573,51,49212,6602,42602,1148,156,922,,,,,,,
2026-09-08,2026-09-08-34220472258,world-9354800859,world,thehindu-intl,publish,ok,,194,58,194,1179,37,62075,8636,53429,1245,194,922,,,,,,,
2026-09-08,2026-09-08-34220472258,world-4417875330,world,news18-world,fetch,failed,http_client_error,,,,,,,,,,,,,,,,,,
2026-09-08,2026-09-08-34220472258,world-3036123135,world,cna-world,publish,ok,,383,90,383,881,94,87890,17793,70087,1545,252,922,,,,,,,
2026-09-08,2026-09-08-34220472258,india-1537923041,india,hindustan-times,publish,ok,,735,116,735,483,55,104102,27247,76723,1899,275,923,,,,,,,
2026-09-08,2026-09-08-34220472258,india-8471761581,india,toi-india,publish,ok,,551,66,551,1357,201,75121,21371,53739,1676,194,922,,,,,,,
2026-09-08,2026-09-08-34220472258,india-0601485203,india,free-press-journal,publish,ok,,719,106,719,508,23,104036,28648,75216,1929,269,923,,,,,,,
2026-09-08,2026-09-08-34220472258,india-0161013815,india,toi-top,publish,ok,,493,76,493,273,71,89722,21316,68396,1669,246,922,,,,,,,
2026-09-08,2026-09-08-34220472258,india-6127536911,india,scroll-in,publish,ok,,714,110,714,421,36,91642,27205,64310,1890,231,923,,,,,,,
2026-09-08,2026-09-08-34220472258,india-7955118260,india,thehindu-all,publish,ok,too_short,47,31,47,142,42,77720,29764,47945,1079,172,0,,,,,,,
2026-09-08,2026-09-08-34220472258,india-2513718184,india,livemint-companies,publish,ok,,885,155,885,245,33,126760,34495,92126,2154,327,923,,,,,,,
2026-09-08,2026-09-08-34220472258,india-5928788633,india,economic-times,publish,ok,,314,75,314,407,61,79213,15087,64037,1456,231,922,,,,,,,
2026-09-08,2026-09-08-34220472258,ai-8808643852,ai,guardian-ai,publish,ok,,1006,124,1006,142,52,279049,224011,54969,2229,284,0,,,,,,,
2026-09-08,2026-09-08-34220472258,energy-1910165926,energy,solar-quarter,summarize,failed,length_out_of_range,304,,304,2081,97,291452,,,,,,,,,,,,
2026-09-08,2026-09-08-34220472258,energy-2898012956,energy,oilprice,publish,ok,,373,65,373,495,56,88690,56697,31947,1478,178,922,,,,,,,
2026-09-08,2026-09-08-34220472258,business-economy-8363683451,business-economy,yahoo-finance,fetch,failed,robots_denied,,,,,,,,,,,,,,,,,,
2026-09-08,2026-09-08-34220472258,business-economy-5527257106,business-economy,cna-business,publish,ok,,208,69,208,1047,99,65911,32691,33209,1246,185,922,,,,,,,
2026-09-08,2026-09-08-34220472258,business-economy-6208200001,business-economy,semafor,publish,ok,,114,54,114,490,24,45277,19255,26011,1110,148,922,,,,,,,
2026-09-08,2026-09-08-34220472258,business-economy-7646849605,business-economy,guardian-business,publish,ok,,1119,135,1119,57,49,211617,157222,54320,2476,300,923,,,,,,,
2026-09-08,2026-09-08-34220472258,world-7902691340,world,lemonde-en,summarize,failed,length_out_of_range,35,,35,1163,124,119904,,,,,,,,,,,,
2026-09-08,2026-09-08-34220472258,world-8872218721,world,dw-world,publish,ok,,918,103,918,2003,46,179421,131025,48307,2214,248,923,,,,,,,
2026-09-08,2026-09-08-34220472258,world-3358536495,world,thehindu-intl,publish,ok,,308,70,308,350,42,88504,50026,38466,1416,201,922,,,,,,,
2026-09-08,2026-09-08-34220472258,world-8744585997,world,independent-world,publish,ok,,874,109,874,293,49,174607,123687,50763,2144,281,923,,,,,,,
2026-09-08,2026-09-08-34220472258,world-2054056744,world,bbc-world,publish,ok,,545,90,545,413,60,117583,79842,37729,1710,203,922,,,,,,,
2026-09-08,2026-09-08-34220472258,world-2763591186,world,news18-world,fetch,failed,http_client_error,,,,,,,,,,,,,,,,,,
2026-09-08,2026-09-08-34220472258,india-9238906380,india,toi-india,publish,ok,,371,74,371,392,112,101793,60799,40942,1520,229,922,,,,,,,
2026-09-08,2026-09-08-34220472258,india-8363580147,india,thehindu-business,publish,ok,,263,100,263,196,41,96759,47721,49027,1394,267,922,,,,,,,
2026-09-08,2026-09-08-34220472258,india-0992325959,india,the-federal,publish,ok,,416,90,416,693,80,98786,59697,39077,1510,222,922,,,,,,,
2026-09-08,2026-09-08-34220472258,india-4181678771,india,india-today,publish,ok,,573,79,573,1324,70,122240,79979,42248,1712,219,922,,,,,,,
2026-09-08,2026-09-08-34220472258,india-7286093477,india,thehindu-all,publish,ok,,554,88,554,856,45,123587,82683,40825,1737,231,922,,,,,,,
2026-09-08,2026-09-08-34220472258,india-8061135112,india,hindustan-times,publish,ok,,656,73,656,358,61,137724,95042,42609,1861,218,922,,,,,,,
2026-09-08,2026-09-08-34220472258,india-7434564348,india,dna-india,publish,ok,,405,137,405,2134,85,125070,66517,58490,1576,329,922,,,,,,,
2026-09-08,2026-09-08-34220472258,ai-1125801338,ai,mit-tech-review-ai,publish,ok,,814,126,814,154,67,260568,206309,54204,2028,294,0,,,,,,,
2026-09-08,2026-09-08-34220472258,energy-1672058347,energy,world-nuclear-news,publish,ok,,464,74,464,1149,19,204949,164983,39919,1621,224,0,,,,,,,
2026-09-08,2026-09-08-34220472258,business-economy-9424982852,business-economy,semafor,publish,ok,,118,60,118,556,23,50913,20005,30899,1118,177,922,,,,,,,
2026-09-08,2026-09-08-34220472258,business-economy-6417393398,business-economy,business-today-in,publish,ok,,269,74,269,251,98,96595,52303,44281,1433,253,922,,,,,,,
2026-09-08,2026-09-08-34220472258,business-economy-9578164349,business-economy,voxdev,publish,ok,,1704,112,1704,871,35,275855,221757,54044,3072,294,923,,,,,,,
2026-09-08,2026-09-08-34220472258,business-economy-3303151343,business-economy,aljazeera-economy,fetch,failed,robots_denied,,,,,,,,,,,,,,,,,,
2026-09-08,2026-09-08-34220472258,business-economy-3328058493,business-economy,npr-business,publish,ok,,1190,131,1190,630,46,211907,156764,55062,2450,301,923,,,,,,,
2026-09-08,2026-09-08-34220472258,world-6075866462,world,france24,publish,ok,,542,102,542,260,50,117976,76792,41172,1672,233,922,,,,,,,
2026-09-08,2026-09-08-34220472258,world-6118518259,world,apnews-world,publish,ok,,523,71,523,107,198,115307,80174,35081,1703,199,922,,,,,,,
2026-09-08,2026-09-08-34220472258,world-8357559360,world,guardian-world,publish,ok,,676,74,676,460,45,135491,98121,37317,1878,210,922,,,,,,,
2026-09-08,2026-09-08-34220472258,world-8742782736,world,bbc-world,publish,ok,,476,75,476,405,63,103506,70424,32986,1611,185,922,,,,,,,
2026-09-08,2026-09-08-34220472258,world-4619978365,world,lemonde-en,summarize,failed,length_out_of_range,35,,35,1170,135,122348,,,,,,,,,,,,
2026-09-08,2026-09-08-34220472258,india-4256286504,india,the-hindu-national,publish,ok,,145,66,145,279,41,67144,28360,38772,1196,221,922,,,,,,,
2026-09-08,2026-09-08-34220472258,india-9259916290,india,deccan-chronicle,publish,ok,,624,89,624,5827,49,146743,100489,46243,1901,262,922,,,,,,,
2026-09-08,2026-09-08-34220472258,india-3620224419,india,thehindu-business,publish,ok,,276,111,276,186,35,103130,48436,54632,1394,300,922,,,,,,,
2026-09-08,2026-09-08-34220472258,india-4123291119,india,mongabay-india,publish,ok,,1950,102,1950,290,37,328099,275789,52245,3588,276,923,,,,,,,
2026-09-08,2026-09-08-34220472258,india-4778159096,india,india-today,publish,ok,,354,78,354,1257,70,92311,53420,38881,1443,218,922,,,,,,,
2026-09-08,2026-09-08-34220472258,india-3921381404,india,free-press-journal,fetch,failed,robots_denied,,,,,,,,,,,,,,,,,,
2026-09-08,2026-09-08-34220472258,india-0475511738,india,livemint-companies,extract,failed,paywalled,,,,,,,,,,,,,,,,,,
2026-09-08,2026-09-08-34220472258,india-8823063764,india,economic-times,publish,ok,,248,57,248,300,73,78725,39417,39297,1319,224,931,,,,,,,
2026-09-08,2026-09-08-34220472258,energy-6263672757,energy,pv-magazine,publish,ok,,438,125,438,1451,59,204946,156750,48182,1538,266,0,,,,,,,
2026-09-08,2026-09-08-34220472258,energy-9065432666,energy,energy-storage,publish,ok,,1098,122,1098,477,57,310159,256591,53494,2518,274,0,,,,,,,
2026-09-08,2026-09-08-34220472258,business-economy-3872594186,business-economy,yahoo-finance,publish,ok,,460,96,460,740,132,115270,72606,42653,1631,233,922,,,,,,,
2026-09-08,2026-09-08-34220472258,business-economy-8767419520,business-economy,business-today-in,publish,ok,not_prose,476,50,476,243,55,241721,213673,27992,2104,152,0,,,,,,,
2026-09-08,2026-09-08-34220472258,business-economy-4283205768,business-economy,quartz,publish,ok,,98,54,98,178,50,60379,20506,39815,1122,225,922,,,,,,,
2026-09-08,2026-09-08-34220472258,business-economy-7293587060,business-economy,bbc-business,publish,ok,,614,119,614,308,79,133295,87099,46184,1774,252,922,,,,,,,
2026-09-08,2026-09-08-34220472258,world-2498494670,world,independent-world,publish,ok,,573,84,573,464,47,116276,81183,35038,1716,193,922,,,,,,,
2026-09-08,2026-09-08-34220472258,world-3897298848,world,euronews,publish,ok,,697,64,697,705,70,139807,101811,37939,1917,207,922,,,,,,,
2026-09-08,2026-09-08-34220472258,world-2598754922,world,apnews-world,publish,ok,,721,98,721,103,229,162414,108463,53893,1978,283,923,,,,,,,
2026-09-08,2026-09-08-34220472258,world-3945616342,world,guardian-world,publish,ok,,2197,171,2197,568,289,485231,407454,77610,3961,386,0,,,,,,,
2026-09-08,2026-09-08-34220472258,world-2104326497,world,abc-au-world,publish,ok,,1130,137,1130,514,88,202154,149296,52637,2382,281,923,,,,,,,
2026-09-08,2026-09-08-34220472258,world-5622873159,world,elpais-en,publish,ok,,1175,107,1175,1147,69,209067,159793,49204,2484,262,923,,,,,,,
2026-09-08,2026-09-08-34220472258,india-5548826462,india,the-hindu-national,publish,ok,,524,84,524,272,50,135622,85575,49949,1758,266,922,,,,,,,
2026-09-08,2026-09-08-34220472258,india-5715956690,india,deccan-chronicle,publish,ok,,635,60,635,6510,47,120398,85792,34534,1758,189,922,,,,,,,
2026-09-08,2026-09-08-34220472258,india-8699769996,india,toi-top,publish,ok,,407,99,407,358,71,103260,61369,41831,1522,233,922,,,,,,,
2026-09-08,2026-09-08-34220472258,india-3286167108,india,mongabay-india,publish,ok,,1506,139,1506,474,37,280484,219358,61060,3062,320,923,,,,,,,
2026-09-08,2026-09-08-34220472258,india-4964677199,india,scroll-in,publish,ok,,319,110,319,454,34,94927,49396,45520,1405,254,922,,,,,,,
2026-09-08,2026-09-08-34220472258,india-7971633704,india,livemint-markets,publish,ok,,915,127,915,167,38,203872,139904,63825,2282,341,923,,,,,,,
2026-09-08,2026-09-08-34220472258,india-1184301823,india,the-federal,publish,ok,,677,72,677,466,83,136357,95972,40373,1858,213,922,,,,,,,
2026-09-08,2026-09-08-34220472258,india-6501287109,india,thehindu-biz,publish,ok,,621,67,621,161,46,128098,91874,36165,1817,198,922,,,,,,,
2026-09-08,2026-09-08-34239040377,ai-4348202634,ai,openai-news,fetch,failed,http_client_error,,,,,,,,,,,,,,,,,,
2026-09-08,2026-09-08-34239040377,ai-2257789095,ai,deepmind-blog,publish,ok,,282,50,282,949,61,72467,35298,37097,1531,148,0,,,,,,,
2026-09-08,2026-09-08-34239040377,ai-7240418668,ai,interconnects,extract,failed,paywalled,,,,,,,,,,,,,,,,,,
2026-09-08,2026-09-08-34239040377,energy-8215650752,energy,balkangreen,publish,ok,,304,75,304,3667,28,67263,11236,56019,1376,225,922,,,,,,,
2026-09-08,2026-09-08-34239040377,energy-4901101908,energy,oilprice,publish,ok,,839,113,839,613,34,116957,46508,70334,2030,277,0,,,,,,,
2026-09-08,2026-09-08-34239040377,business-economy-4316434203,business-economy,yahoo-finance,publish,ok,,459,73,459,729,92,65640,16503,49128,1625,195,922,,,,,,,
2026-09-08,2026-09-08-34239040377,business-economy-0994090394,business-economy,cna-business,publish,ok,,395,55,395,2337,71,48047,12421,35618,1461,143,922,,,,,,,
2026-09-08,2026-09-08-34239040377,business-economy-7278186105,business-economy,aljazeera-economy,fetch,failed,robots_denied,,,,,,,,,,,,,,,,,,
2026-09-08,2026-09-08-34239040377,world-5649670070,world,france24,publish,ok,,105,48,105,508,144,41289,5172,36110,1108,146,922,,,,,,,
2026-09-08,2026-09-08-34239040377,world-6962477785,world,guardian-world,publish,ok,,2666,158,2666,840,125,197859,101600,96119,4345,349,0,,,,,,,
2026-09-08,2026-09-08-34239040377,world-6650647417,world,independent-world,publish,ok,,191,71,191,626,27,61050,7778,53265,1241,215,922,,,,,,,
2026-09-08,2026-09-08-34239040377,world-6445199934,world,thehindu-intl,publish,ok,,598,86,598,970,32,69187,20051,49125,1755,196,922,,,,,,,
2026-09-08,2026-09-08-34239040377,world-7670520735,world,lemonde-en,publish,ok,too_short,35,25,35,1270,4,46274,23258,23008,1016,93,0,,,,,,,
2026-09-08,2026-09-08-34239040377,india-7649875739,india,the-hindu-national,publish,ok,,483,44,483,218,30,54119,15285,38741,1591,158,922,,,,,,,
2026-09-08,2026-09-08-34239040377,india-5205449433,india,thehindu-business,publish,ok,,628,83,628,627,32,73682,19981,53691,1762,214,922,,,,,,,
2026-09-08,2026-09-08-34239040377,india-1417483918,india,livemint,publish,ok,,993,147,993,591,26,125152,32524,92480,2324,359,923,,,,,,,
2026-09-08,2026-09-08-34239040377,india-0124156097,india,deccan-chronicle,summarize,failed,length_out_of_range,468,,468,5057,31,169555,,,,,,,,,,,,
2026-09-08,2026-09-08-34239040377,india-7865599505,india,thehindu-all,publish,ok,,102,80,102,337,28,54518,5042,49311,1118,200,922,,,,,,,
2026-09-08,2026-09-08-34239040377,india-5412481621,india,frontline,publish,ok,,1369,133,1369,504,28,127747,42832,84817,2717,322,923,,,,,,,
2026-09-08,2026-09-08-34239040377,india-5428348124,india,frontline,publish,ok,,1235,116,1235,380,27,117067,41483,75467,2662,288,923,,,,,,,
2026-09-08,2026-09-08-34239040377,ai-4818952883,ai,nvidia-technical-blog,publish,ok,,2461,134,2461,1833,44,394727,333802,60853,4787,333,0,,,,,,,
2026-09-08,2026-09-08-34239040377,ai-0467014060,ai,huggingface-blog,publish,ok,,1206,125,1206,244,37,229266,178222,50963,2593,299,0,,,,,,,
2026-09-08,2026-09-08-34239040377,ai-8951934761,ai,oreilly-radar,publish,ok,,1441,123,1441,1969,34,167782,123399,44337,2710,261,923,,,,,,,
2026-09-08,2026-09-08-34239040377,energy-5150400568,energy,oilprice,publish,ok,,321,89,321,1014,42,139144,97347,41760,1420,254,0,,,,,,,
2026-09-08,2026-09-08-34239040377,energy-2781686650,energy,electrek,publish,ok,,1291,124,1291,511,31,171498,119646,51798,2655,305,923,,,,,,,
2026-09-08,2026-09-08-34239040377,business-economy-7318210208,business-economy,quartz,publish,ok,not_prose,42,39,42,237,40,97410,71652,25748,1045,158,0,,,,,,,
2026-09-08,2026-09-08-34239040377,business-economy-8797420684,business-economy,business-today-in,publish,ok,,76,46,76,360,78,41692,12440,29245,1099,179,922,,,,,,,
2026-09-08,2026-09-08-34239040377,business-economy-2513899004,business-economy,guardian-business,publish,ok,,701,107,701,538,38,118578,70251,48274,1941,285,923,,,,,,,
2026-09-08,2026-09-08-34239040377,world-7902691340,world,lemonde-en,summarize,failed,length_out_of_range,35,,35,1729,100,22291,,,,,,,,,,,,
2026-09-08,2026-09-08-34239040377,world-9666553808,world,anadolu-world,publish,ok,,389,107,389,5245,81,78328,39147,39172,1485,238,922,,,,,,,
2026-09-08,2026-09-08-34239040377,world-0331955296,world,independent-world,publish,ok,,267,76,267,380,27,59215,28846,30361,1342,188,922,,,,,,,
2026-09-08,2026-09-08-34239040377,world-7652856215,world,france24,publish,ok,,95,55,95,925,42,38069,12338,25724,1098,157,922,,,,,,,
2026-09-08,2026-09-08-34239040377,world-2440226453,world,mongabay,publish,ok,,2553,168,2553,549,38,310760,248388,62258,4484,349,924,,,,,,,
2026-09-08,2026-09-08-34239040377,india-8351747648,india,the-hindu-national,publish,ok,,464,111,464,313,33,93463,47102,46352,1601,279,922,,,,,,,
2026-09-08,2026-09-08-34239040377,india-3798755399,india,economic-times,publish,ok,,585,94,585,785,66,99270,59562,39699,1784,241,922,,,,,,,
2026-09-08,2026-09-08-34239040377,india-7985866974,india,livemint,publish,ok,,564,78,564,216,27,99549,58861,40642,1777,247,922,,,,,,,
2026-09-08,2026-09-08-34239040377,india-5181819587,india,deccan-chronicle,publish,ok,,257,118,257,13100,32,65194,26267,38870,1303,240,922,,,,,,,
2026-09-08,2026-09-08-34239040377,india-6548363874,india,toi-top,publish,ok,,332,93,332,548,66,68057,33294,34753,1404,215,922,,,,,,,
2026-09-08,2026-09-08-34239040377,india-6590320471,india,india-today,publish,ok,,459,62,459,547,55,73487,46370,27107,1592,166,922,,,,,,,
2026-09-08,2026-09-08-34239040377,india-5309652412,india,dna-india,publish,ok,,477,74,477,2255,68,79902,46215,33678,1591,205,922,,,,,,,
2026-09-08,2026-09-08-34239040377,ai-2385241950,ai,ieee-spectrum-ai,publish,ok,,820,140,820,194,68,265679,203907,61675,2028,333,0,,,,,,,
2026-09-08,2026-09-08-34239040377,ai-4124076666,ai,ibm-research-blog,publish,ok,,1689,156,1689,913,35,324898,249123,75715,3365,396,923,,,,,,,
2026-09-08,2026-09-08-34239040377,energy-6623676845,energy,solar-quarter,publish,ok,,395,153,395,2053,87,215248,152303,62931,1515,348,0,,,,,,,
2026-09-08,2026-09-08-34239040377,energy-6814005622,energy,electrek,publish,ok,,401,76,401,160,32,113923,73900,40011,1651,218,922,,,,,,,
2026-09-08,2026-09-08-34239040377,business-economy-1813859866,business-economy,quartz,publish,ok,,356,91,356,197,59,89271,51863,37396,1433,202,922,,,,,,,
2026-09-08,2026-09-08-34239040377,business-economy-6262693588,business-economy,yahoo-finance,publish,ok,,466,68,466,425,131,104993,68704,36276,1599,200,922,,,,,,,
2026-09-08,2026-09-08-34239040377,business-economy-2866813513,business-economy,seekingalpha,fetch,failed,http_client_error,,,,,,,,,,,,,,,,,,
2026-09-08,2026-09-08-34239040377,world-3035156872,world,apnews-world,publish,ok,,473,73,473,159,222,104997,68513,36470,1599,199,922,,,,,,,
2026-09-08,2026-09-08-34239040377,world-2551484459,world,news18-world,fetch,failed,http_client_error,,,,,,,,,,,,,,,,,,
2026-09-08,2026-09-08-34239040377,world-9947650271,world,news18-world,fetch,failed,http_client_error,,,,,,,,,,,,,,,,,,
2026-09-08,2026-09-08-34239040377,world-1378053851,world,anadolu-world,publish,ok,,338,86,338,4834,219,88162,49889,38263,1415,209,922,,,,,,,
2026-09-08,2026-09-08-34239040377,world-6660625332,world,thehindu-intl,publish,ok,,542,91,542,523,53,116691,79780,36900,1706,195,922,,,,,,,
2026-09-08,2026-09-08-34239040377,world-0741574694,world,conversation-africa,publish,ok,,1609,124,1609,445,38,274263,217100,57095,3059,300,923,,,,,,,
2026-09-08,2026-09-08-34239040377,india-6715930378,india,toi-india,publish,ok,,82,48,82,897,101,42057,16263,25743,1080,141,922,,,,,,,
2026-09-08,2026-09-08-34239040377,india-3200980354,india,economic-times,publish,ok,,1369,115,1369,1231,86,235561,179073,56424,2688,302,923,,,,,,,
2026-09-08,2026-09-08-34239040377,india-4266919953,india,hindustan-times,publish,ok,,845,107,845,401,66,182514,126725,55685,2170,298,923,,,,,,,
2026-09-08,2026-09-08-34239040377,india-0890554308,india,free-press-journal,publish,ok,,352,90,352,237,21,97800,55440,42349,1468,229,922,,,,,,,
2026-09-08,2026-09-08-34239040377,india-3921236075,india,india-today,publish,ok,,534,76,534,475,73,116501,77670,38820,1690,210,922,,,,,,,
2026-09-08,2026-09-08-34239040377,india-4457494166,india,livemint-markets,publish,ok,,480,114,480,478,33,118865,73078,45735,1643,247,922,,,,,,,
2026-09-08,2026-09-08-34239040377,india-7629547570,india,the-federal,publish,ok,,305,87,305,528,80,92739,47706,44984,1393,245,922,,,,,,,
2026-09-08,2026-09-08-34239040377,ai-7225542070,ai,techcrunch-ai,publish,ok,,581,189,581,45,44,235760,174433,61306,1714,336,0,,,,,,,
2026-09-08,2026-09-08-34239040377,ai-4187607355,ai,openai-news,fetch,failed,http_client_error,,,,,,,,,,,,,,,,,,
2026-09-08,2026-09-08-34239040377,energy-6718135184,energy,solar-quarter,publish,ok,,268,71,268,2152,90,75663,42018,33597,1333,188,922,,,,,,,
2026-09-08,2026-09-08-34239040377,energy-3316024248,energy,balkangreen,publish,ok,,327,72,327,3433,41,89018,51357,37651,1425,205,922,,,,,,,
2026-09-08,2026-09-08-34239040377,energy-5456873186,energy,greentech,publish,ok,,218,90,218,959,30,77839,34947,42878,1263,231,922,,,,,,,
2026-09-08,2026-09-08-34239040377,business-economy-3564244573,business-economy,cna-business,publish,ok,,134,65,134,822,97,53120,21753,31358,1132,174,922,,,,,,,
2026-09-08,2026-09-08-34239040377,business-economy-4675255844,business-economy,business-today-in,publish,ok,,189,51,189,207,89,65843,31175,34657,1226,184,922,,,,,,,
2026-09-08,2026-09-08-34239040377,business-economy-6298218462,business-economy,aljazeera-economy,fetch,failed,robots_denied,,,,,,,,,,,,,,,,,,
2026-09-08,2026-09-08-34239040377,world-1428349722,world,npr-world,publish,ok,,965,129,965,554,45,280930,222546,58303,2177,291,0,,,,,,,
2026-09-08,2026-09-08-34239040377,world-3231562448,world,apnews-world,publish,ok,,1235,126,1235,128,221,247199,186949,60192,2736,297,923,,,,,,,
2026-09-08,2026-09-08-34239040377,world-0652541554,world,guardian-world,publish,ok,,2664,159,2664,405,224,531723,463091,68541,4472,322,0,,,,,,,
2026-09-08,2026-09-08-34239040377,world-4578679795,world,bbc-world,publish,ok,,596,93,596,364,52,133198,84225,48961,1745,253,922,,,,,,,
2026-09-08,2026-09-08-34239040377,world-0169852203,world,africanews,publish,ok,,159,68,159,866,40,55451,24768,30625,1166,172,922,,,,,,,
2026-09-08,2026-09-08-34239040377,india-4682091892,india,toi-india,publish,ok,,462,100,462,682,107,114313,70459,43841,1612,240,922,,,,,,,
2026-09-08,2026-09-08-34239040377,india-1322644182,india,toi-top,publish,ok,,573,177,573,240,66,136312,78727,57572,1692,315,922,,,,,,,
2026-09-08,2026-09-08-34239040377,india-9987121283,india,free-press-journal,publish,ok,,413,61,413,308,18,87334,56868,30407,1475,164,922,,,,,,,
2026-09-08,2026-09-08-34239040377,india-4435373173,india,thehindu-business,publish,ok,,679,146,679,284,37,165718,108115,57588,1975,308,922,,,,,,,
2026-09-08,2026-09-08-34239040377,india-8062603000,india,thehindu-all,publish,ok,,624,67,624,5288,42,127035,88484,38447,1788,200,922,,,,,,,
2026-09-08,2026-09-08-34239040377,india-6937054967,india,hindustan-times,publish,ok,,578,70,578,288,60,122841,82813,39958,1729,208,922,,,,,,,
2026-09-08,2026-09-08-34239040377,india-2454349613,india,livemint-companies,publish,ok,,479,85,479,260,35,113254,70806,42379,1612,223,922,,,,,,,
2026-09-08,2026-09-08-34260129217,ai-9241391055,ai,aws-ml-blog,publish,ok,,2298,134,2298,383,223,175301,95679,79464,3941,295,0,,,,,,,
2026-09-08,2026-09-08-34260129217,ai-9229939632,ai,guardian-ai,publish,ok,,439,86,439,836,31,89332,36985,52268,1555,208,0,,,,,,,
2026-09-08,2026-09-08-34260129217,ai-9814633054,ai,openai-news,fetch,failed,http_client_error,,,,,,,,,,,,,,,,,,
2026-09-08,2026-09-08-34260129217,energy-1272001131,energy,oilprice,publish,ok,,747,125,747,847,38,116873,45964,70798,1936,274,0,,,,,,,
2026-09-08,2026-09-08-34260129217,business-economy-2047212999,business-economy,business-today-in,publish,ok,not_prose,645,42,645,553,37,70633,34448,36080,2336,139,922,,,,,,,
2026-09-08,2026-09-08-34260129217,business-economy-5760199537,business-economy,quartz,publish,ok,,461,86,461,498,41,74187,16764,57299,1585,229,922,,,,,,,
2026-09-08,2026-09-08-34260129217,business-economy-3286892225,business-economy,aljazeera-economy,fetch,failed,robots_denied,,,,,,,,,,,,,,,,,,
2026-09-08,2026-09-08-34260129217,world-1655759699,world,elpais-en,publish,ok,,903,134,903,717,46,103984,30072,73828,2100,286,923,,,,,,,
2026-09-08,2026-09-08-34260129217,world-7902691340,world,lemonde-en,summarize,failed,length_out_of_range,35,,35,1297,87,45841,,,,,,,,,,,,
2026-09-08,2026-09-08-34260129217,world-7956226993,world,cna-world,publish,ok,not_prose,61,32,61,1152,77,28305,3397,24777,1054,101,922,,,,,,,
2026-09-08,2026-09-08-34260129217,world-9596817626,world,news18-world,fetch,failed,http_client_error,,,,,,,,,,,,,,,,,,
2026-09-08,2026-09-08-34260129217,world-8099192232,world,mongabay,publish,ok,,124,77,124,375,19,49405,6192,43133,1151,172,922,,,,,,,
2026-09-08,2026-09-08-34260129217,world-7536456690,world,lemonde-en,publish,ok,too_short,35,27,35,634,4,26121,3243,22871,1026,94,922,,,,,,,
2026-09-08,2026-09-08-34260129217,india-7066667805,india,toi-india,publish,ok,,468,219,468,719,72,129367,18400,110957,1641,431,922,,,,,,,
2026-09-08,2026-09-08-34260129217,india-9666602260,india,livemint-markets,publish,ok,,649,184,649,514,26,108133,21298,86711,1809,341,922,,,,,,,
2026-09-08,2026-09-08-34260129217,india-7539554566,india,deccan-chronicle,publish,ok,,348,81,348,4234,31,65156,12058,52829,1424,212,922,,,,,,,
2026-09-08,2026-09-08-34260129217,india-0375189286,india,economic-times,publish,ok,,745,118,745,541,62,105828,27381,78309,2001,305,923,,,,,,,
2026-09-08,2026-09-08-34260129217,india-1929916091,india,india-today,publish,ok,,483,86,483,659,52,68176,15735,52432,1573,210,922,,,,,,,
2026-09-08,2026-09-08-34260129217,india-5511823252,india,thehindu-all,publish,ok,,266,64,266,767,32,56903,9958,46935,1328,184,922,,,,,,,
2026-09-08,2026-09-08-34260129217,india-5496789062,india,dna-india,publish,ok,,399,53,399,2725,57,72964,16116,56839,1537,225,922,,,,,,,
2026-09-08,2026-09-08-34260129217,ai-8027271973,ai,aws-ml-blog,publish,ok,,2286,135,2286,338,158,455961,398855,57031,3893,303,0,,,,,,,
2026-09-08,2026-09-08-34260129217,ai-9648585145,ai,techcrunch-ai,publish,ok,,587,74,587,48,51,213569,177349,36205,1741,189,0,,,,,,,
2026-09-08,2026-09-08-34260129217,ai-1654559942,ai,bbc-tech,publish,ok,,675,94,675,307,53,124834,87988,36797,1783,203,922,,,,,,,
2026-09-08,2026-09-08-34260129217,business-economy-5677567925,business-economy,yahoo-finance,publish,ok,,305,66,305,1010,147,76099,46936,29110,1382,162,922,,,,,,,
2026-09-08,2026-09-08-34260129217,business-economy-1808205241,business-economy,cna-business,publish,ok,,486,79,486,889,134,106469,70865,35591,1618,200,922,,,,,,,
2026-09-08,2026-09-08-34260129217,business-economy-3745210715,business-economy,bbc-business,publish,ok,,328,137,328,30,64,102574,49397,53164,1408,301,922,,,,,,,
2026-09-08,2026-09-08-34260129217,business-economy-9733343120,business-economy,aljazeera-economy,fetch,failed,robots_denied,,,,,,,,,,,,,,,,,,
2026-09-08,2026-09-08-34260129217,world-9419042594,world,mongabay,publish,ok,,420,99,420,256,36,106153,65099,41042,1560,228,922,,,,,,,
2026-09-08,2026-09-08-34260129217,world-2787398174,world,independent-world,publish,ok,,713,125,713,266,46,243122,192342,50709,1898,282,0,,,,,,,
2026-09-08,2026-09-08-34260129217,world-9331249974,world,guardian-world,publish,ok,,430,66,430,320,67,99079,61005,38064,1520,211,922,,,,,,,
2026-09-08,2026-09-08-34260129217,world-8599831094,world,bbc-world,publish,ok,,467,78,467,85,67,101284,63457,37816,1547,210,922,,,,,,,
2026-09-08,2026-09-08-34260129217,world-6390302020,world,thehindu-intl,publish,ok,,218,90,218,298,48,73626,34496,39119,1259,215,922,,,,,,,
2026-09-08,2026-09-08-34260129217,india-4150650467,india,the-hindu-national,publish,ok,,611,67,611,133,53,146688,104216,42459,1942,234,922,,,,,,,
2026-09-08,2026-09-08-34260129217,india-4904849174,india,economic-times,publish,ok,,410,72,410,400,86,109484,68175,41254,1590,229,922,,,,,,,
2026-09-08,2026-09-08-34260129217,india-5354596441,india,toi-top,publish,ok,,407,67,407,443,107,106990,66160,40818,1570,226,922,,,,,,,
2026-09-08,2026-09-08-34260129217,india-1119348741,india,free-press-journal,publish,ok,,284,61,284,296,27,74010,41459,32541,1329,182,922,,,,,,,
2026-09-08,2026-09-08-34260129217,india-0100035834,india,thehindu-biz,publish,ok,,372,78,372,145,57,104579,61036,43533,1519,236,922,,,,,,,
2026-09-08,2026-09-08-34260129217,india-9556413356,india,thehindu-all,publish,ok,,131,54,131,130,50,58104,25107,32988,1169,183,922,,,,,,,
2026-09-08,2026-09-08-34260129217,india-5003987789,india,hindustan-times,publish,ok,,699,73,699,412,74,150621,106439,44170,1966,239,922,,,,,,,
2026-09-08,2026-09-08-34260129217,india-1254530766,india,dna-india,publish,ok,,482,127,482,2438,94,123025,70925,51974,1618,289,922,,,,,,,
2026-09-08,2026-09-08-34260129217,ai-6369092892,ai,techcrunch-ai,publish,ok,,808,109,808,143,46,250261,203975,46226,2012,257,0,,,,,,,
2026-09-08,2026-09-08-34260129217,ai-7429259429,ai,databricks-blog,publish,ok,,2365,161,2365,179,109,484527,419236,65214,4082,340,0,,,,,,,
2026-09-08,2026-09-08-34260129217,energy-2587749064,energy,electrek,publish,ok,,634,49,634,180,36,225991,188780,37167,1861,202,0,,,,,,,
2026-09-08,2026-09-08-34260129217,business-economy-8346611931,business-economy,yahoo-finance,publish,ok,,414,127,414,443,124,108238,59795,48396,1503,271,922,,,,,,,
2026-09-08,2026-09-08-34260129217,business-economy-8842080661,business-economy,cna-business,publish,ok,,393,113,393,1406,104,101885,57282,44592,1480,249,922,,,,,,,
2026-09-08,2026-09-08-34260129217,business-economy-4188713800,business-economy,npr-business,publish,ok,,386,74,386,558,28,92694,56950,35733,1477,200,922,,,,,,,
2026-09-08,2026-09-08-34260129217,business-economy-6968585173,business-economy,seekingalpha,publish,ok,not_prose,45,32,45,223,54,126307,104782,21512,1038,123,0,,,,,,,
2026-09-08,2026-09-08-34260129217,world-4747197863,world,euronews,publish,ok,,758,131,758,751,68,154661,100721,53865,1908,299,923,,,,,,,
2026-09-08,2026-09-08-34260129217,world-7892685764,world,france24,publish,ok,,378,69,378,743,48,109442,65797,43635,1566,243,922,,,,,,,
2026-09-08,2026-09-08-34260129217,world-7208182256,world,independent-world,publish,ok,,429,90,429,572,45,93639,58833,34794,1496,196,922,,,,,,,
2026-09-08,2026-09-08-34260129217,world-8912160886,world,anadolu-world,publish,ok,,343,108,343,5780,203,89820,51100,38710,1424,217,922,,,,,,,
2026-09-08,2026-09-08-34260129217,world-6822040947,world,anadolu-world,publish,ok,,380,76,380,4156,97,96591,57997,38583,1489,217,922,,,,,,,
2026-09-08,2026-09-08-34260129217,india-8430295720,india,the-hindu-national,publish,ok,,319,68,319,770,50,93591,52700,40881,1437,227,922,,,,,,,
2026-09-08,2026-09-08-34260129217,india-0261499318,india,livemint-markets,publish,ok,,743,127,743,104,35,157989,103602,54315,1937,302,923,,,,,,,
2026-09-08,2026-09-08-34260129217,india-4685927211,india,thehindu-business,publish,ok,,388,81,388,303,38,98415,57423,40979,1484,231,925,,,,,,,
2026-09-08,2026-09-08-34260129217,india-4429117826,india,free-press-journal,publish,ok,,386,83,386,471,22,99791,61023,38756,1520,215,922,,,,,,,
2026-09-08,2026-09-08-34260129217,india-7348815960,india,thehindu-biz,publish,ok,,206,91,206,221,43,80106,36873,43224,1284,243,922,,,,,,,
2026-09-08,2026-09-08-34260129217,india-1099438273,india,livemint,publish,ok,,393,68,393,47,34,101211,64010,37189,1550,208,922,,,,,,,
2026-09-08,2026-09-08-34260129217,india-6365717109,india,hindustan-times,publish,ok,,693,85,693,241,65,138786,98894,39881,1889,217,922,,,,,,,
2026-09-08,2026-09-08-34260129217,india-6814660453,india,frontline,publish,ok,,1993,134,1993,400,42,308459,257939,50411,3427,270,923,,,,,,,
2026-09-08,2026-09-08-34260129217,ai-4775782072,ai,wired-ai,publish,ok,,616,60,616,806,131,217721,182441,35237,1794,198,0,,,,,,,
2026-09-08,2026-09-08-34260129217,ai-2829246913,ai,google-cloud-ai,publish,ok,,792,133,792,448,41,264682,206824,57783,2028,307,0,,,,,,,
2026-09-08,2026-09-08-34260129217,energy-3487685795,energy,electrek,publish,ok,,662,91,662,775,35,125232,88639,36547,1788,205,922,,,,,,,
2026-09-08,2026-09-08-34260129217,business-economy-5320289562,business-economy,business-today-in,publish,ok,,70,62,70,476,94,48254,16311,31894,1080,182,922,,,,,,,
2026-09-08,2026-09-08-34260129217,business-economy-2201754727,business-economy,quartz,publish,ok,,84,56,84,186,53,46750,17178,29564,1089,171,922,,,,,,,
2026-09-08,2026-09-08-34260129217,business-economy-7739962793,business-economy,bbc-business,summarize,failed,output_truncated,654,,654,227,57,254477,,,,,,,,,,,,
2026-09-08,2026-09-08-34260129217,world-3824465476,world,guardian-world,publish,ok,,804,107,804,745,42,157434,111603,45778,2010,252,923,,,,,,,
2026-09-08,2026-09-08-34260129217,world-3203430983,world,euronews,publish,ok,,636,87,636,839,72,132209,91998,40084,1821,223,922,,,,,,,
2026-09-08,2026-09-08-34260129217,world-7013148255,world,bbc-world,publish,ok,,1482,103,1482,77,67,241239,196769,44387,2831,235,923,,,,,,,
2026-09-08,2026-09-08-34260129217,world-3287866155,world,news18-world,fetch,failed,http_client_error,,,,,,,,,,,,,,,,,,
2026-09-08,2026-09-08-34260129217,world-2866260847,world,abc-au-world,publish,ok,,868,117,868,991,72,175377,123156,52098,2123,284,923,,,,,,,
2026-09-08,2026-09-08-34260129217,world-0638093411,world,thehindu-intl,publish,ok,,246,72,246,689,41,75428,41325,34044,1327,195,922,,,,,,,
2026-09-08,2026-09-08-34260129217,india-6338280818,india,toi-india,publish,ok,,353,139,353,581,212,115209,60241,54958,1509,306,922,,,,,,,
2026-09-08,2026-09-08-34260129217,india-6315663614,india,thehindu-business,publish,ok,,427,82,427,885,37,107381,65536,41834,1560,234,922,,,,,,,
2026-09-08,2026-09-08-34260129217,india-9091199961,india,deccan-chronicle,publish,ok,,544,59,544,11422,43,114612,79761,34839,1701,194,922,,,,,,,
2026-09-08,2026-09-08-34260129217,india-6875083044,india,toi-top,publish,ok,,2174,145,2174,184,106,469731,406229,63417,3948,334,0,,,,,,,
2026-09-08,2026-09-08-34260129217,india-3585937972,india,india-today,publish,ok,,344,51,344,939,69,82326,50972,31290,1422,177,922,,,,,,,
2026-09-08,2026-09-08-34260129217,india-6249505534,india,livemint,publish,ok,,599,71,599,396,33,140107,95646,44448,1857,245,922,,,,,,,
2026-09-08,2026-09-08-34260129217,india-5228019429,india,frontline,publish,ok,,1898,144,1898,431,47,306213,244679,61427,3289,320,923,,,,,,,
2026-09-08,2026-09-08-34260129217,india-7684061271,india,scroll-in,publish,ok,not_prose,37,26,37,618,46,127595,105957,21628,1040,125,0,,,,,,,
2026-09-09,2026-09-09-34323771996,ai-0881932407,ai,straitstimes-business,publish,ok,,331,101,331,1565,32,102280,32917,69351,1428,264,0,,,,,,,
2026-09-09,2026-09-09-34323771996,ai-0928239693,ai,straitstimes-opinion,extract,failed,paywalled,,,,,,,,,,,,,,,,,,
2026-09-09,2026-09-09-34323771996,ai-9945691974,ai,techcrunch-ai,publish,ok,,786,129,786,144,34,119320,45038,74099,1979,281,0,,,,,,,
2026-09-09,2026-09-09-34323771996,ai-0993440704,ai,simon-willison,publish,ok,,1030,145,1030,191,12,121195,32960,88057,2316,330,923,,,,,,,
2026-09-09,2026-09-09-34323771996,energy-4275553484,energy,latitude-media,publish,ok,,1059,129,1059,1560,26,109863,33029,76743,2331,288,923,,,,,,,
2026-09-09,2026-09-09-34323771996,energy-3756772513,energy,energymonitor,summarize,failed,length_out_of_range,61,,61,415,27,46484,,,,,,,,,,,,
2026-09-09,2026-09-09-34323771996,business-economy-7494972703,business-economy,business-today-in,publish,ok,,62,47,62,281,76,40227,3966,36174,1065,139,922,,,,,,,
2026-09-09,2026-09-09-34323771996,business-economy-5136179543,business-economy,semafor,publish,ok,,121,58,121,606,20,55199,6348,48842,1156,188,922,,,,,,,
2026-09-09,2026-09-09-34323771996,world-8383219516,world,japan-times,publish,ok,,209,69,209,2262,42,60143,8161,51971,1248,201,922,,,,,,,
2026-09-09,2026-09-09-34323771996,world-6860107704,world,independent-world,publish,ok,,720,119,720,644,35,98280,23835,74314,1936,282,923,,,,,,,
2026-09-09,2026-09-09-34323771996,world-6943916732,world,mongabay,publish,ok,,487,90,487,505,22,67389,15691,51689,1586,197,922,,,,,,,
2026-09-09,2026-09-09-34323771996,world-0166622187,world,france24,publish,ok,not_prose,68,41,68,1479,152,38744,3918,34712,1065,134,922,,,,,,,
2026-09-09,2026-09-09-34323771996,world-9321389227,world,cna-world,publish,ok,,463,127,463,556,96,78835,15105,63645,1551,243,922,,,,,,,
2026-09-09,2026-09-09-34323771996,india-3009091150,india,thehindu-business,publish,ok,,423,83,423,643,32,67311,15112,52191,1534,199,922,,,,,,,
2026-09-09,2026-09-09-34323771996,india-4375927909,india,economic-times,publish,ok,,593,105,593,320,68,86943,21497,65437,1820,246,922,,,,,,,
2026-09-09,2026-09-09-34323771996,india-1902212151,india,economic-times,publish,ok,,452,74,452,341,61,71362,15985,55265,1585,209,922,,,,,,,
2026-09-09,2026-09-09-34323771996,india-1226412577,india,scroll-in,publish,ok,,399,58,399,491,31,52907,13491,39407,1469,151,922,,,,,,,
2026-09-09,2026-09-09-34323771996,india-3386409101,india,the-federal,publish,ok,,830,140,830,1319,66,98604,25944,72494,2008,273,923,,,,,,,
2026-09-09,2026-09-09-34323771996,india-8414816097,india,thehindu-all,publish,ok,,340,64,340,605,42,58125,12908,45209,1458,175,922,,,,,,,
2026-09-09,2026-09-09-34323771996,india-8693836229,india,the-federal,publish,ok,,827,120,827,1112,66,110293,29232,80904,2108,306,923,,,,,,,
2026-09-09,2026-09-09-34323771996,ai-0342081300,ai,openai-news,fetch,failed,http_client_error,,,,,,,,,,,,,,,,,,
2026-09-09,2026-09-09-34323771996,ai-2721546776,ai,straitstimes-opinion,extract,failed,paywalled,,,,,,,,,,,,,,,,,,
2026-09-09,2026-09-09-34323771996,ai-6354601520,ai,simon-willison,publish,ok,,200,79,200,452,13,93749,30806,62871,1291,235,0,,,,,,,
2026-09-09,2026-09-09-34323771996,ai-1086221343,ai,bbc-tech,publish,ok,,732,123,732,415,44,132134,47314,84718,1940,308,0,,,,,,,
2026-09-09,2026-09-09-34323771996,ai-5001414934,ai,techpolicy-ai,publish,ok,,3526,209,3526,1205,46,290965,146519,144233,5239,475,0,,,,,,,
2026-09-09,2026-09-09-34323771996,energy-1694749772,energy,solar-quarter,publish,ok,,582,57,582,745,80,78738,21509,57219,1799,212,922,,,,,,,
2026-09-09,2026-09-09-34323771996,energy-4067318903,energy,solar-quarter,publish,ok,,508,64,508,735,81,70957,18456,52327,1666,194,922,,,,,,,
2026-09-09,2026-09-09-34323771996,business-economy-2406461575,business-economy,guardian-business,publish,ok,,483,93,483,449,36,78461,16217,62235,1582,230,922,,,,,,,
2026-09-09,2026-09-09-34323771996,business-economy-1360990823,business-economy,marginal-revolution,publish,ok,not_prose,51,27,51,369,11,58881,24824,34048,1053,128,0,,,,,,,
2026-09-09,2026-09-09-34323771996,world-5334750537,world,independent-world,publish,ok,,339,72,339,400,31,66409,12324,54077,1427,201,922,,,,,,,
2026-09-09,2026-09-09-34323771996,world-3959130532,world,cgtn-china,publish,ok,,294,48,294,1258,62,51842,9773,42060,1342,157,922,,,,,,,
2026-09-09,2026-09-09-34323771996,world-5744906745,world,euronews,publish,ok,,697,78,697,1068,61,75377,23334,52032,1897,191,922,,,,,,,
2026-09-09,2026-09-09-34323771996,world-5511438638,world,cgtn-opnion,publish,ok,,132,43,132,1306,59,49337,5417,43755,1137,164,922,,,,,,,
2026-09-09,2026-09-09-34323771996,world-1472618476,world,abc-au-world,publish,ok,,925,119,925,1257,65,114723,32387,82237,2203,292,923,,,,,,,
2026-09-09,2026-09-09-34323771996,india-2993069430,india,the-hindu-national,publish,ok,,197,56,197,877,36,60466,8386,52072,1272,195,922,,,,,,,
2026-09-09,2026-09-09-34323771996,india-0160904106,india,free-press-journal,publish,ok,,368,81,368,725,17,75198,13057,62132,1453,231,922,,,,,,,
2026-09-09,2026-09-09-34323771996,india-3508211911,india,free-press-journal,publish,ok,,607,88,607,266,17,88947,19486,69451,1768,255,941,,,,,,,
2026-09-09,2026-09-09-34323771996,india-5527795747,india,hindustan-times,publish,ok,,1094,106,1094,2488,54,113805,45061,68597,2493,242,923,,,,,,,
2026-09-09,2026-09-09-34323771996,india-3970358130,india,india-today,summarize,failed,copied_source,643,,643,773,57,94718,,,,,,,,,,,,
2026-09-09,2026-09-09-34323771996,india-9469513234,india,livemint,publish,ok,,63,54,63,577,119,56094,4079,51290,1058,191,922,,,,,,,
2026-09-09,2026-09-09-34323771996,ai-2094164372,ai,ibm-research-blog,publish,ok,,350,78,350,646,74,141621,101540,40041,1482,228,0,,,,,,,
2026-09-09,2026-09-09-34323771996,ai-6380793662,ai,openai-news,fetch,failed,http_client_error,,,,,,,,,,,,,,,,,,
2026-09-09,2026-09-09-34323771996,ai-3737405858,ai,guardian-ai,publish,ok,,617,107,617,167,35,107031,58719,48300,1768,273,922,,,,,,,
2026-09-09,2026-09-09-34323771996,ai-7569313965,ai,ars-technica-ai,publish,ok,,311,44,311,771,30,57945,33343,24557,1406,141,922,,,,,,,
2026-09-09,2026-09-09-34323771996,ai-6057628244,ai,databricks-blog,publish,ok,,3846,171,4050,152,95,476249,411452,64726,5833,320,0,,,,,,,
2026-09-09,2026-09-09-34323771996,energy-1505845558,energy,pv-magazine,publish,ok,,647,77,647,1041,44,101609,64263,37336,1848,210,922,,,,,,,
2026-09-09,2026-09-09-34323771996,business-economy-9043168261,business-economy,business-today-in,extract,failed,no_text,,,,,,,,,,,,,,,,,,
2026-09-09,2026-09-09-34323771996,business-economy-3242545629,business-economy,guardian-business,publish,ok,,139,99,139,125,38,64310,17158,47108,1170,273,922,,,,,,,
2026-09-09,2026-09-09-34323771996,world-7586210175,world,cgtn-business,publish,ok,,334,75,334,1107,58,69988,33539,36440,1408,208,922,,,,,,,
2026-09-09,2026-09-09-34323771996,world-0286530570,world,euronews,publish,ok,,762,105,762,567,58,188194,137165,50976,1995,289,0,,,,,,,
2026-09-09,2026-09-09-34323771996,world-9851674976,world,cgtn-china,publish,ok,too_short,51,25,51,309,53,88780,71823,16948,1038,98,0,,,,,,,
2026-09-09,2026-09-09-34323771996,world-4247845737,world,thehindu-intl,publish,ok,,380,106,380,235,36,79848,38654,41183,1476,230,922,,,,,,,
2026-09-09,2026-09-09-34323771996,world-8536870224,world,abc-au-world,publish,ok,,911,109,911,359,61,137075,86619,50411,2170,280,923,,,,,,,
2026-09-09,2026-09-09-34323771996,world-4878306541,world,thehindu-intl,publish,ok,,399,67,399,80,35,72473,42016,30448,1525,171,922,,,,,,,
2026-09-09,2026-09-09-34323771996,india-2646262031,india,toi-india,publish,ok,,721,125,721,682,91,130065,70858,59157,1944,330,923,,,,,,,
2026-09-09,2026-09-09-34323771996,india-1957072813,india,toi-top,publish,ok,,659,68,659,51,68,101725,63756,37958,1842,216,922,,,,,,,
2026-09-09,2026-09-09-34323771996,india-3275228888,india,hindustan-times,publish,ok,,287,90,287,315,48,72422,30338,41979,1361,235,922,,,,,,,
2026-09-09,2026-09-09-34323771996,india-9987474636,india,deccan-chronicle,publish,ok,,498,83,498,2011,37,78977,44583,34384,1564,196,922,,,,,,,
2026-09-09,2026-09-09-34323771996,india-3970415178,india,india-today,publish,ok,,601,83,601,291,61,97171,60412,36750,1793,209,922,,,,,,,
2026-09-09,2026-09-09-34323771996,india-5535291506,india,livemint,publish,ok,,444,212,444,370,27,111348,44710,66563,1566,376,922,,,,,,,
2026-09-09,2026-09-09-34323771996,ai-8026362659,ai,straitstimes-business,publish,ok,,469,94,469,1138,40,210252,164656,45582,1636,247,0,,,,,,,
2026-09-09,2026-09-09-34323771996,ai-9839468649,ai,mit-tech-review-ai,publish,ok,,1382,134,1382,206,61,341611,277815,63745,2753,335,0,,,,,,,
2026-09-09,2026-09-09-34323771996,ai-7702599840,ai,databricks-blog,publish,ok,,2286,159,2286,275,115,471258,402845,68316,3964,358,0,,,,,,,
2026-09-09,2026-09-09-34323771996,ai-6676705741,ai,ars-technica-ai,publish,ok,,331,90,331,659,39,81490,44572,36906,1364,202,922,,,,,,,
2026-09-09,2026-09-09-34323771996,ai-8193302195,ai,techpolicy-ai,publish,ok,,875,154,875,628,36,173502,115250,58192,2059,313,923,,,,,,,
2026-09-09,2026-09-09-34323771996,energy-9796789714,energy,oilprice,publish,ok,,309,74,309,481,53,87033,44799,42223,1365,234,922,,,,,,,
2026-09-09,2026-09-09-34323771996,business-economy-2796828782,business-economy,cna-business,publish,ok,,245,81,245,1011,102,78601,39616,38974,1314,216,922,,,,,,,
2026-09-09,2026-09-09-34323771996,business-economy-5313281953,business-economy,cna-business,publish,ok,,316,76,316,342,105,85347,48357,36978,1400,203,922,,,,,,,
2026-09-09,2026-09-09-34323771996,world-3367504821,world,cgtn-business,publish,ok,,449,105,449,1326,73,128209,71137,57060,1627,310,922,,,,,,,
2026-09-09,2026-09-09-34323771996,world-6591294754,world,japan-times,publish,ok,,145,95,145,1167,50,59910,23430,36430,1154,201,922,,,,,,,
2026-09-09,2026-09-09-34323771996,world-1835545661,world,mongabay,publish,ok,,3846,197,4320,350,60,716485,620882,95484,6024,466,0,,,,,,,
2026-09-09,2026-09-09-34323771996,world-4166602320,world,france24,publish,ok,not_prose,79,32,79,515,54,127488,107602,19844,1075,111,0,,,,,,,
2026-09-09,2026-09-09-34323771996,world-1240280960,world,guardian-world,publish,ok,,2188,154,2188,596,304,362160,295739,66332,3821,349,924,,,,,,,
2026-09-09,2026-09-09-34323771996,india-9471044136,india,the-hindu-national,publish,ok,,324,62,324,439,55,79147,47292,31803,1390,173,922,,,,,,,
2026-09-09,2026-09-09-34323771996,india-4043408606,india,toi-india,publish,ok,,463,95,463,1662,114,116352,67961,48377,1594,264,922,,,,,,,
2026-09-09,2026-09-09-34323771996,india-2067189435,india,thehindu-business,publish,ok,,355,69,355,236,43,96347,60926,35410,1523,194,922,,,,,,,
2026-09-09,2026-09-09-34323771996,india-3272645052,india,toi-top,publish,ok,,920,133,920,69,85,195378,135825,59497,2262,316,923,,,,,,,
2026-09-09,2026-09-09-34323771996,india-5737292921,india,deccan-chronicle,publish,ok,,162,102,162,2161,49,68571,26119,42441,1179,234,922,,,,,,,
2026-09-09,2026-09-09-34323771996,india-7968499737,india,thehindu-all,publish,ok,,216,76,216,144,43,71384,35806,35565,1278,198,922,,,,,,,
2026-09-09,2026-09-09-34323771996,india-8850397189,india,thehindu-biz,publish,ok,,848,105,848,109,46,173592,123608,49906,2142,266,923,,,,,,,
2026-09-09,2026-09-09-34345739900,ai-9828940279,ai,straitstimes-business,publish,ok,,440,130,440,1705,51,113333,36082,77240,1578,298,0,,,,,,,
2026-09-09,2026-09-09-34345739900,ai-4646368694,ai,straitstimes-business,publish,ok,,1343,144,1343,740,33,145484,63162,81809,2685,309,0,,,,,,,
2026-09-09,2026-09-09-34345739900,ai-9081548340,ai,techpolicy-ai,publish,ok,,1355,103,1355,1373,26,102821,38935,63541,2566,239,923,,,,,,,
2026-09-09,2026-09-09-34345739900,energy-5292626791,energy,solar-quarter,publish,ok,,622,83,622,687,64,76424,20258,56156,1761,216,922,,,,,,,
2026-09-09,2026-09-09-34345739900,business-economy-8188850336,business-economy,yahoo-finance,publish,ok,,441,77,441,953,91,70345,15937,54293,1573,211,922,,,,,,,
2026-09-09,2026-09-09-34345739900,business-economy-0351309714,business-economy,cna-business,summarize,failed,length_out_of_range,389,,389,1250,80,121497,,,,,,,,,,,,
2026-09-09,2026-09-09-34345739900,business-economy-8094101381,business-economy,aljazeera-economy,fetch,failed,robots_denied,,,,,,,,,,,,,,,,,,
2026-09-09,2026-09-09-34345739900,business-economy-0968081327,business-economy,guardian-business,publish,ok,,495,72,495,327,30,66454,16308,50136,1613,194,922,,,,,,,
2026-09-09,2026-09-09-34345739900,world-9660470301,world,cgtn-business,summarize,failed,copied_source,128,,128,1473,66,49441,,,,,,,,,,,,
2026-09-09,2026-09-09-34345739900,world-9433864841,world,cgtn-business,publish,ok,,570,90,570,1086,51,83075,20749,62313,1795,239,922,,,,,,,
2026-09-09,2026-09-09-34345739900,world-9554925464,world,independent-world,publish,ok,,807,115,807,593,35,94031,28278,65636,2102,251,923,,,,,,,
2026-09-09,2026-09-09-34345739900,world-2737129308,world,cgtn-china,publish,ok,,124,53,124,369,50,42019,4519,37358,1115,147,922,,,,,,,
2026-09-09,2026-09-09-34345739900,world-9548134828,world,apnews-world,publish,ok,,234,59,234,242,145,51552,9141,42404,1282,166,922,,,,,,,
2026-09-09,2026-09-09-34345739900,world-5010817225,world,guardian-world,publish,ok,,2238,132,2238,197,205,186287,93562,92571,3925,334,0,,,,,,,
2026-09-09,2026-09-09-34345739900,india-2941041940,india,toi-india,publish,ok,,715,115,715,677,75,108080,23669,84246,1905,323,923,,,,,,,
2026-09-09,2026-09-09-34345739900,india-2519874786,india,economic-times,publish,ok,,629,88,629,616,58,101005,27104,73892,1980,280,922,,,,,,,
2026-09-09,2026-09-09-34345739900,india-5362952162,india,free-press-journal,publish,ok,,340,62,340,561,15,65398,13421,51823,1464,200,922,,,,,,,
2026-09-09,2026-09-09-34345739900,india-7058454795,india,scroll-in,publish,ok,,682,75,682,595,29,72561,24463,48087,1870,183,922,,,,,,,
2026-09-09,2026-09-09-34345739900,india-3959127546,india,thehindu-biz,publish,ok,,242,93,242,431,31,67659,10571,56796,1328,222,922,,,,,,,
2026-09-09,2026-09-09-34345739900,india-6939918513,india,hindustan-times,publish,ok,,799,114,799,806,82,108632,28612,79874,2044,304,923,,,,,,,
2026-09-09,2026-09-09-34345739900,ai-0182950608,ai,straitstimes-opinion,extract,failed,paywalled,,,,,,,,,,,,,,,,,,
2026-09-09,2026-09-09-34345739900,ai-1398519367,ai,straitstimes-opinion,extract,failed,paywalled,,,,,,,,,,,,,,,,,,
2026-09-09,2026-09-09-34345739900,ai-2433249265,ai,interconnects,publish,ok,,1452,118,1452,349,110,222554,187242,35263,2724,211,0,,,,,,,
2026-09-09,2026-09-09-34345739900,energy-9210268823,energy,pv-magazine,publish,ok,,436,79,436,1795,37,149336,113539,35786,1658,214,0,,,,,,,
2026-09-09,2026-09-09-34345739900,business-economy-1821841640,business-economy,yahoo-finance,fetch,failed,robots_denied,,,,,,,,,,,,,,,,,,
2026-09-09,2026-09-09-34345739900,business-economy-7593565309,business-economy,cna-business,publish,ok,,141,54,141,797,198,44267,16655,27602,1161,171,922,,,,,,,
2026-09-09,2026-09-09-34345739900,business-economy-1206057872,business-economy,semafor,publish,ok,,119,54,119,431,47,42648,13717,28921,1117,175,922,,,,,,,
2026-09-09,2026-09-09-34345739900,business-economy-7739962793,business-economy,bbc-business,summarize,failed,output_truncated,805,,805,230,50,229792,,,,,,,,,,,,
2026-09-09,2026-09-09-34345739900,world-5265642814,world,euronews,publish,ok,,385,85,385,650,54,78746,39137,39599,1484,240,922,,,,,,,
2026-09-09,2026-09-09-34345739900,world-6345221418,world,cgtn-tech,publish,ok,,352,56,352,1660,144,71448,36929,34511,1453,208,922,,,,,,,
2026-09-09,2026-09-09-34345739900,world-8811476407,world,mongabay,publish,ok,,3846,164,5491,547,56,490727,418712,71940,5980,404,0,,,,,,,
2026-09-09,2026-09-09-34345739900,world-4042518065,world,independent-world,publish,ok,,410,76,410,688,36,68743,38987,29748,1502,179,941,,,,,,,
2026-09-09,2026-09-09-34345739900,world-1918258084,world,elpais-en,publish,ok,,991,153,991,1376,53,145860,89581,56183,2220,340,923,,,,,,,
2026-09-09,2026-09-09-34345739900,india-1200123830,india,the-hindu-national,publish,ok,,766,111,766,605,38,122574,76075,46452,2024,282,923,,,,,,,
2026-09-09,2026-09-09-34345739900,india-7640795106,india,livemint,publish,ok,,752,135,752,282,27,132827,78355,54415,2060,329,923,,,,,,,
2026-09-09,2026-09-09-34345739900,india-2918893770,india,economic-times,publish,ok,,497,65,497,285,65,96974,58903,38063,1775,232,922,,,,,,,
2026-09-09,2026-09-09-34345739900,india-1037024611,india,deccan-chronicle,publish,ok,,387,95,387,2290,36,75444,38657,36743,1482,226,922,,,,,,,
2026-09-09,2026-09-09-34345739900,india-5737877543,india,toi-top,publish,ok,,710,127,710,383,70,121455,71221,50188,1953,305,923,,,,,,,
2026-09-09,2026-09-09-34345739900,india-8007616535,india,thehindu-biz,publish,ok,,307,64,307,203,33,73670,42842,30820,1539,188,922,,,,,,,
2026-09-09,2026-09-09-34345739900,india-7069330933,india,dna-india,publish,ok,,459,73,459,2213,68,87326,48892,38426,1629,234,922,,,,,,,
2026-09-09,2026-09-09-34345739900,ai-0157439959,ai,bbc-tech,publish,ok,,684,186,684,284,67,255298,188865,66385,1844,335,0,,,,,,,
2026-09-09,2026-09-09-34345739900,ai-4187607355,ai,openai-news,fetch,failed,http_client_error,,,,,,,,,,,,,,,,,,
2026-09-09,2026-09-09-34345739900,energy-1466810038,energy,energymonitor,publish,ok,,322,119,322,299,41,104799,50564,54182,1414,285,922,,,,,,,
2026-09-09,2026-09-09-34345739900,energy-1387616951,energy,oilprice,publish,ok,,361,69,361,592,60,89966,52860,37096,1436,195,922,,,,,,,
2026-09-09,2026-09-09-34345739900,business-economy-8064388208,business-economy,business-today-in,publish,ok,not_prose,569,42,569,332,58,156779,132016,24700,2208,126,922,,,,,,,
2026-09-09,2026-09-09-34345739900,business-economy-6763277149,business-economy,voxdev,publish,ok,,977,129,977,228,27,273247,221011,52156,2183,286,0,,,,,,,
2026-09-09,2026-09-09-34345739900,business-economy-3669994421,business-economy,guardian-business,publish,ok,,715,123,715,286,62,146041,95263,50728,1856,279,923,,,,,,,
2026-09-09,2026-09-09-34345739900,business-economy-0583248119,business-economy,marginal-revolution,publish,ok,,298,83,298,553,15,76582,42530,33991,1336,192,922,,,,,,,
2026-09-09,2026-09-09-34345739900,world-4149319415,world,abc-au-world,publish,ok,,91,54,91,651,73,46662,16833,29819,1085,170,922,,,,,,,
2026-09-09,2026-09-09-34345739900,world-9285460986,world,elpais-en,publish,ok,,642,91,642,390,68,125622,83376,42234,1741,230,922,,,,,,,
2026-09-09,2026-09-09-34345739900,world-5145855672,world,lemonde-en,publish,ok,too_short,35,27,35,1205,140,118895,103398,15486,1015,84,0,,,,,,,
2026-09-09,2026-09-09-34345739900,world-0874521773,world,guardian-world,publish,ok,,1765,115,1765,64,152,303893,238566,65255,3246,321,923,,,,,,,
2026-09-09,2026-09-09-34345739900,world-0233606661,world,anadolu-world,publish,ok,,289,93,289,3271,95,86943,46013,40874,1371,228,922,,,,,,,
2026-09-09,2026-09-09-34345739900,india-3515522407,india,the-hindu-national,publish,ok,,712,183,712,239,50,168962,99530,69338,1900,373,923,,,,,,,
2026-09-09,2026-09-09-34345739900,india-1656054535,india,thehindu-business,publish,ok,,642,178,642,466,49,175207,103692,71496,1937,381,922,,,,,,,
2026-09-09,2026-09-09-34345739900,india-0066744711,india,free-press-journal,publish,ok,,283,61,283,222,24,81763,45159,36513,1365,203,922,,,,,,,
2026-09-09,2026-09-09-34345739900,india-4861358388,india,toi-top,publish,ok,,1356,93,1356,559,86,252753,205720,46685,2930,246,923,,,,,,,
2026-09-09,2026-09-09-34345739900,india-0468368441,india,mongabay-india,publish,ok,,1510,122,1510,181,38,281741,223476,58180,3104,306,923,,,,,,,
2026-09-09,2026-09-09-34345739900,india-0688953808,india,india-today,publish,ok,,609,61,609,310,72,115782,86341,29429,1766,153,922,,,,,,,
2026-09-09,2026-09-09-34345739900,india-3126506585,india,dna-india,publish,ok,,399,59,399,2430,91,110244,70999,39154,1613,199,922,,,,,,,
2026-09-09,2026-09-09-34345739900,ai-3838139081,ai,ars-technica-ai,publish,ok,,309,72,309,1244,60,175084,140841,34200,1392,197,0,,,,,,,
2026-09-09,2026-09-09-34345739900,ai-1614210687,ai,techpolicy-ai,publish,ok,,1670,103,1670,761,45,347355,300823,46475,2957,250,0,,,,,,,
2026-09-09,2026-09-09-34345739900,energy-2591859845,energy,solar-quarter,publish,ok,,685,92,685,4675,98,148282,104306,43963,1944,248,922,,,,,,,
2026-09-09,2026-09-09-34345739900,energy-1089223263,energy,modern-power,publish,ok,,354,115,354,690,32,94891,49061,45776,1406,262,922,,,,,,,
2026-09-09,2026-09-09-34345739900,business-economy-1014617447,business-economy,business-today-in,publish,ok,not_prose,817,52,817,272,54,234261,200810,33335,2878,178,922,,,,,,,
2026-09-09,2026-09-09-34345739900,business-economy-5701005933,business-economy,voxdev,publish,ok,,1695,119,1695,1214,35,317291,262344,54865,3467,289,923,,,,,,,
2026-09-09,2026-09-09-34345739900,business-economy-3902497782,business-economy,seekingalpha,summarize,failed,copied_source,41,,41,163,61,123417,,,,,,,,,,,,
2026-09-09,2026-09-09-34345739900,world-6900919612,world,euronews,publish,ok,,821,197,821,673,68,186767,113965,72738,2037,385,923,,,,,,,
2026-09-09,2026-09-09-34345739900,world-5218034838,world,france24,publish,ok,,713,118,713,920,51,153307,100064,53132,1896,287,923,,,,,,,
2026-09-09,2026-09-09-34345739900,world-5374027169,world,cgtn-tech,publish,ok,,338,75,338,2544,71,89295,50267,39017,1416,226,922,,,,,,,
2026-09-09,2026-09-09-34345739900,world-8545552183,world,cgtn-china,publish,ok,,344,77,344,13,70,85698,48191,37497,1395,214,922,,,,,,,
2026-09-09,2026-09-09-34345739900,world-0619817531,world,apnews-world,publish,ok,,755,112,755,80,204,154295,105038,49184,1948,260,923,,,,,,,
2026-09-09,2026-09-09-34345739900,world-0277538460,world,npr-world,summarize,failed,length_out_of_range,1064,,1064,463,46,265707,,,,,,,,,,,,
2026-09-09,2026-09-09-34345739900,india-0153587735,india,toi-india,publish,ok,,132,69,132,403,217,55003,23148,31845,1150,184,922,,,,,,,
2026-09-09,2026-09-09-34345739900,india-7141554587,india,thehindu-business,publish,ok,,1020,98,1020,554,41,188681,141953,46528,2306,252,923,,,,,,,
2026-09-09,2026-09-09-34345739900,india-3835123146,india,india-today,publish,ok,,652,66,652,216,78,129467,91444,38010,1818,215,922,,,,,,,
2026-09-09,2026-09-09-34345739900,india-9959103751,india,hindustan-times,publish,ok,not_prose,1163,44,1163,104,68,199481,170584,28738,2584,150,922,,,,,,,
2026-09-09,2026-09-09-34345739900,india-1762814995,india,mongabay-india,publish,ok,,347,66,347,264,26,93607,57786,35770,1490,205,922,,,,,,,
2026-09-09,2026-09-09-34345739900,india-8070613699,india,deccan-chronicle,summarize,failed,copied_source,246,,246,2318,43,101720,,,,,,,,,,,,
2026-09-09,2026-09-09-34345739900,india-5793572436,india,thehindu-all,publish,ok,,280,67,280,574,40,83719,50984,32724,1424,187,922,,,,,,,
2026-09-09,2026-09-09-34364829545,ai-0966955484,ai,databricks-blog,publish,ok,,1230,116,1230,328,102,322131,267310,54760,2615,285,0,,,,,,,
2026-09-09,2026-09-09-34364829545,ai-2080918634,ai,straitstimes-opinion,extract,failed,paywalled,,,,,,,,,,,,,,,,,,
2026-09-09,2026-09-09-34364829545,ai-9847358157,ai,techcrunch-ai,publish,ok,,559,75,559,43,46,214930,175336,39580,1717,212,0,,,,,,,
2026-09-09,2026-09-09-34364829545,energy-2102982993,energy,oilprice,publish,ok,,352,42,352,558,55,86251,54406,31797,1454,177,922,,,,,,,
2026-09-09,2026-09-09-34364829545,business-economy-7539976143,business-economy,quartz,publish,ok,,475,81,475,230,57,109029,69125,39893,1598,218,922,,,,,,,
2026-09-09,2026-09-09-34364829545,business-economy-5274281125,business-economy,npr-business,publish,ok,,502,85,502,815,30,107103,68637,38455,1590,207,922,,,,,,,
2026-09-09,2026-09-09-34364829545,business-economy-2522232062,business-economy,cna-business,publish,ok,,327,69,327,774,110,90118,52323,37784,1432,207,922,,,,,,,
2026-09-09,2026-09-09-34364829545,business-economy-7739962793,business-economy,bbc-business,publish,ok,,824,187,824,368,66,188592,118547,69989,2081,371,923,,,,,,,
2026-09-09,2026-09-09-34364829545,world-4009495545,world,euronews,publish,ok,,852,126,852,629,73,172689,114334,58274,2040,314,923,,,,,,,
2026-09-09,2026-09-09-34364829545,world-0617695903,world,cgtn-china,publish,ok,,120,65,120,1047,78,48258,19422,28826,1112,161,922,,,,,,,
2026-09-09,2026-09-09-34364829545,world-0416053392,world,guardian-world,publish,ok,,690,69,690,449,49,126708,92114,34581,1820,185,922,,,,,,,
2026-09-09,2026-09-09-34364829545,world-5245752874,world,npr-world,publish,ok,,250,60,250,302,29,69578,38172,31354,1295,173,922,,,,,,,
2026-09-09,2026-09-09-34364829545,world-4641273319,world,france24,publish,ok,,352,71,352,371,51,90572,53311,37249,1442,204,922,,,,,,,
2026-09-09,2026-09-09-34364829545,india-0190587350,india,the-hindu-national,publish,ok,,365,72,365,473,41,94495,56763,37721,1483,204,930,,,,,,,
2026-09-09,2026-09-09-34364829545,india-1095213996,india,economic-times,publish,ok,,346,72,346,438,66,104879,65377,39492,1562,213,922,,,,,,,
2026-09-09,2026-09-09-34364829545,india-6679914204,india,deccan-chronicle,publish,ok,,1268,126,1268,2239,53,240336,172778,67463,2603,351,923,,,,,,,
2026-09-09,2026-09-09-34364829545,india-7524832708,india,et-default,publish,ok,,334,81,334,470,77,90168,54643,35516,1454,198,922,,,,,,,
2026-09-09,2026-09-09-34364829545,india-9126298301,india,india-today,publish,ok,,467,60,467,232,70,100517,69820,30686,1604,170,922,,,,,,,
2026-09-09,2026-09-09-34364829545,india-3727473711,india,thehindu-biz,publish,ok,,408,96,408,113,44,112934,64746,48177,1555,260,922,,,,,,,
2026-09-09,2026-09-09-34364829545,india-9646149106,india,hindustan-times,publish,ok,,391,75,391,202,60,104975,64097,40867,1549,221,922,,,,,,,
2026-09-09,2026-09-09-34364829545,ai-7074824817,ai,techpolicy-ai,publish,ok,,1301,122,1301,564,44,318334,262244,56035,2542,295,0,,,,,,,
2026-09-09,2026-09-09-34364829545,ai-2957670815,ai,marktechpost,extract,failed,no_text,,,,,,,,,,,,,,,,,,
2026-09-09,2026-09-09-34364829545,energy-4726414631,energy,world-nuclear-news,publish,ok,,858,132,858,2216,30,178736,121354,57308,2098,306,923,,,,,,,
2026-09-09,2026-09-09-34364829545,energy-8171014840,energy,electrek,publish,ok,,928,118,928,422,34,191801,137591,54151,2256,288,923,,,,,,,
2026-09-09,2026-09-09-34364829545,business-economy-0759066234,business-economy,yahoo-finance,publish,ok,,486,52,486,387,120,200518,166518,33987,1620,171,0,,,,,,,
2026-09-09,2026-09-09-34364829545,business-economy-1981606167,business-economy,business-today-in,publish,ok,,271,103,271,213,96,95167,44965,50192,1358,253,922,,,,,,,
2026-09-09,2026-09-09-34364829545,business-economy-0959071657,business-economy,semafor,publish,ok,,169,64,169,340,24,62548,27018,35519,1184,193,922,,,,,,,
2026-09-09,2026-09-09-34364829545,world-9660470301,world,cgtn-business,summarize,failed,copied_source,128,,128,730,74,54153,,,,,,,,,,,,
2026-09-09,2026-09-09-34364829545,world-9310986841,world,cgtn-opnion,publish,ok,not_prose,149,36,149,997,73,141293,119129,22117,1171,120,0,,,,,,,
2026-09-09,2026-09-09-34364829545,world-1815441532,world,cgtn-china,publish,ok,,924,128,924,12,80,207996,143863,64051,2313,330,923,,,,,,,
2026-09-09,2026-09-09-34364829545,world-2197283358,world,independent-world,publish,ok,,335,137,335,150,42,101671,49564,52052,1401,273,922,,,,,,,
2026-09-09,2026-09-09-34364829545,world-8234335066,world,dw-world,publish,ok,,274,66,274,21824,29,75428,40345,35074,1313,186,922,,,,,,,
2026-09-09,2026-09-09-34364829545,world-5801607307,world,conversation-africa,publish,ok,,1047,117,1047,253,30,181062,137511,43487,2254,224,923,,,,,,,
2026-09-09,2026-09-09-34364829545,india-7538227773,india,toi-india,publish,ok,,471,186,471,393,105,124957,65050,59894,1550,319,922,,,,,,,
2026-09-09,2026-09-09-34364829545,india-8115117461,india,thehindu-business,publish,ok,,720,128,720,503,38,160146,104240,55845,1928,284,923,,,,,,,
2026-09-09,2026-09-09-34364829545,india-4285863194,india,free-press-journal,publish,ok,,270,66,270,397,20,75746,42468,33267,1331,174,922,,,,,,,
2026-09-09,2026-09-09-34364829545,india-7499973796,india,thehindu-all,publish,ok,,398,58,398,323,41,103098,67277,35810,1571,190,922,,,,,,,
2026-09-09,2026-09-09-34364829545,india-4013949432,india,india-today,publish,ok,,476,85,476,314,71,117882,71336,46535,1613,244,922,,,,,,,
2026-09-09,2026-09-09-34364829545,india-9772123549,india,dna-india,publish,ok,,275,55,275,2551,79,86197,47595,38592,1382,205,922,,,,,,,
2026-09-09,2026-09-09-34364829545,india-9662997864,india,the-federal,publish,ok,,1805,123,1805,3492,91,312693,248542,64067,3301,309,923,,,,,,,
2026-09-09,2026-09-09-34364829545,ai-1830529332,ai,straitstimes-business,publish,ok,,158,99,158,625,37,167030,124292,42725,1221,240,0,,,,,,,
2026-09-09,2026-09-09-34364829545,ai-1435019182,ai,techcrunch-ai,publish,ok,,595,132,595,51,39,131860,84872,46973,1747,261,922,,,,,,,
2026-09-09,2026-09-09-34364829545,ai-4164167862,ai,guardian-ai,publish,ok,,1172,120,1172,530,51,303973,253580,50317,2483,276,0,,,,,,,
2026-09-09,2026-09-09-34364829545,energy-5453046273,energy,electrek,summarize,failed,length_out_of_range,472,,472,323,35,221079,,,,,,,,,,,,
2026-09-09,2026-09-09-34364829545,business-economy-8881428959,business-economy,yahoo-finance,publish,ok,,402,78,402,450,126,103940,67823,36054,1582,204,922,,,,,,,
2026-09-09,2026-09-09-34364829545,business-economy-1056766215,business-economy,business-today-in,publish,ok,,611,146,611,230,220,147963,89810,58137,1796,325,922,,,,,,,
2026-09-09,2026-09-09-34364829545,business-economy-8425406840,business-economy,quartz,publish,ok,,503,68,503,162,57,116070,79564,36436,1697,197,922,,,,,,,
2026-09-09,2026-09-09-34364829545,business-economy-1127150331,business-economy,bbc-business,publish,ok,,459,142,459,277,56,117928,67447,50380,1575,284,922,,,,,,,
2026-09-09,2026-09-09-34364829545,world-7545379518,world,cgtn-opnion,publish,ok,,878,136,878,1019,84,175596,123113,52431,2125,293,923,,,,,,,
2026-09-09,2026-09-09-34364829545,world-1142427337,world,cgtn-tech,publish,ok,,120,65,120,1287,70,47366,19540,27816,1112,160,922,,,,,,,
2026-09-09,2026-09-09-34364829545,world-1921174692,world,guardian-world,publish,ok,,674,95,674,573,59,135153,91334,43808,1812,246,922,,,,,,,
2026-09-09,2026-09-09-34364829545,world-4220126834,world,africanews,publish,ok,,221,79,221,721,33,79334,37385,41880,1286,230,922,,,,,,,
2026-09-09,2026-09-09-34364829545,world-1589852009,world,conversation-africa,publish,ok,,1178,119,1178,379,34,207292,165892,41305,2536,228,923,,,,,,,
2026-09-09,2026-09-09-34364829545,india-9868182129,india,the-hindu-national,publish,ok,,172,74,172,570,39,77787,33364,44414,1248,251,922,,,,,,,
2026-09-09,2026-09-09-34364829545,india-2660378364,india,thehindu-business,publish,ok,,411,85,411,470,36,112087,65042,47035,1556,264,922,,,,,,,
2026-09-09,2026-09-09-34364829545,india-2537672585,india,deccan-chronicle,publish,ok,,609,141,609,2304,47,133465,83581,49872,1738,279,922,,,,,,,
2026-09-09,2026-09-09-34364829545,india-4304445616,india,free-press-journal,publish,ok,,354,85,354,324,20,92061,54778,37221,1455,210,922,,,,,,,
2026-09-09,2026-09-09-34364829545,india-1428804930,india,hindustan-times,publish,ok,,858,111,858,323,66,187867,131366,55772,2201,310,923,,,,,,,
2026-09-09,2026-09-09-34364829545,india-7849237486,india,livemint,publish,ok,,761,135,761,249,37,171802,113973,57769,2035,324,923,,,,,,,
2026-09-09,2026-09-09-34364829545,india-6725121752,india,frontline,publish,ok,,2040,160,2040,351,41,432255,360833,71318,3512,376,0,,,,,,,
2026-09-09,2026-09-09-34364829545,ai-6783347864,ai,straitstimes-business,summarize,failed,bad_shape,515,,515,981,43,316059,,,,,,,,,,,,
2026-09-09,2026-09-09-34364829545,ai-2708257622,ai,straitstimes-opinion,extract,failed,paywalled,,,,,,,,,,,,,,,,,,
2026-09-09,2026-09-09-34364829545,energy-4074839077,energy,pv-magazine,publish,ok,,609,86,609,2378,52,119460,83659,35743,1742,202,922,,,,,,,
2026-09-09,2026-09-09-34364829545,energy-5269968452,energy,oilprice,publish,ok,,221,66,221,911,41,77131,39003,38076,1304,218,922,,,,,,,
2026-09-09,2026-09-09-34364829545,business-economy-4590137149,business-economy,cna-business,publish,ok,,674,71,674,319,106,135471,101244,34214,1911,192,922,,,,,,,
2026-09-09,2026-09-09-34364829545,business-economy-5702524247,business-economy,aljazeera-economy,fetch,failed,robots_denied,,,,,,,,,,,,,,,,,,
2026-09-09,2026-09-09-34364829545,business-economy-9339652896,business-economy,guardian-business,publish,ok,,3176,166,3176,756,256,614327,535852,78390,5182,409,0,,,,,,,
2026-09-09,2026-09-09-34364829545,world-8170863820,world,euronews,publish,ok,,928,137,928,1023,70,277662,220393,57193,2169,320,0,,,,,,,
2026-09-09,2026-09-09-34364829545,world-4701593956,world,cgtn-tech,publish,ok,,378,105,378,1612,73,112455,55993,56374,1471,321,922,,,,,,,
2026-09-09,2026-09-09-34364829545,world-6787072343,world,independent-world,publish,ok,,2980,129,2980,159,61,561531,497240,64193,4823,340,0,,,,,,,
2026-09-09,2026-09-09-34364829545,world-2925887349,world,africanews,publish,ok,,494,100,494,1076,34,129467,79968,49488,1706,280,922,,,,,,,
2026-09-09,2026-09-09-34364829545,world-5794446682,world,elpais-en,publish,ok,,744,78,744,776,73,155960,109978,45931,1997,257,923,,,,,,,
2026-09-09,2026-09-09-34364829545,india-3517548263,india,economic-times,publish,ok,,504,76,504,348,80,141321,91756,49467,1821,279,922,,,,,,,
2026-09-09,2026-09-09-34364829545,india-3531132483,india,toi-india,publish,ok,,457,123,457,364,108,114210,65274,48872,1560,278,922,,,,,,,
2026-09-09,2026-09-09-34364829545,india-3568145453,india,the-federal,publish,ok,,718,155,718,2987,84,152479,96542,55841,1866,312,923,,,,,,,
2026-09-09,2026-09-09-34364829545,india-8934825890,india,toi-top,publish,ok,,709,123,709,63,72,158041,97940,59952,1880,335,923,,,,,,,
2026-09-09,2026-09-09-34364829545,india-7281854910,india,thehindu-all,publish,ok,,208,73,208,542,40,65461,33187,32265,1247,185,922,,,,,,,
2026-09-09,2026-09-09-34364829545,india-7298418156,india,livemint,publish,ok,,603,66,603,542,34,123464,83293,40159,1739,225,922,,,,,,,
2026-09-09,2026-09-09-34364829545,india-9177272642,india,toi-top,publish,ok,,221,116,221,68,82,76999,33706,43227,1252,244,922,,,,,,,
2026-09-09,2026-09-09-34364829545,india-0597845505,india,thehindu-biz,publish,ok,,476,77,476,186,42,120918,77691,43213,1683,243,922,,,,,,,
2026-09-09,2026-09-09-34379502244,ai-7692112090,ai,ars-technica-ai,publish,ok,,281,69,281,594,43,164288,131955,32290,1317,183,0,,,,,,,
2026-09-09,2026-09-09-34379502244,ai-0708479552,ai,databricks-blog,publish,ok,,1681,89,1681,272,105,362677,318516,44026,3141,237,0,,,,,,,
2026-09-09,2026-09-09-34379502244,ai-3757328258,ai,google-cloud-ai,publish,ok,,683,61,683,426,41,132701,98263,34422,1890,189,922,,,,,,,
2026-09-09,2026-09-09-34379502244,ai-6621087960,ai,ai2-blog,publish,ok,,986,143,986,1209,262,179693,127647,51986,2182,289,923,,,,,,,
2026-09-09,2026-09-09-34379502244,ai-4164908862,ai,techcrunch-ai,publish,ok,,152,60,152,382,42,55082,24746,30287,1167,172,922,,,,,,,
2026-09-09,2026-09-09-34379502244,energy-2449089086,energy,climate-home,summarize,failed,length_out_of_range,51,,51,1887,39,117749,,,,,,,,,,,,
2026-09-09,2026-09-09-34379502244,energy-5857876898,energy,oilprice,publish,ok,,532,78,532,372,48,105840,71166,34661,1622,192,922,,,,,,,
2026-09-09,2026-09-09-34379502244,business-economy-5572180793,business-economy,yahoo-finance,publish,ok,,471,69,471,664,138,116220,73908,42300,1650,236,922,,,,,,,
2026-09-09,2026-09-09-34379502244,business-economy-7563019095,business-economy,business-today-in,publish,ok,,94,63,94,522,95,47018,17577,29386,1094,166,922,,,,,,,
2026-09-09,2026-09-09-34379502244,business-economy-9856967826,business-economy,aljazeera-economy,fetch,failed,robots_denied,,,,,,,,,,,,,,,,,,
2026-09-09,2026-09-09-34379502244,world-9660470301,world,cgtn-business,summarize,failed,copied_source,128,,128,776,70,53332,,,,,,,,,,,,
2026-09-09,2026-09-09-34379502244,world-8619399016,world,bbc-world,publish,ok,,976,118,976,673,63,189356,137912,51343,2282,283,923,,,,,,,
2026-09-09,2026-09-09-34379502244,world-0011754145,world,bbc-world,publish,ok,,1014,106,1014,71,57,187014,133999,52896,2244,291,923,,,,,,,
2026-09-09,2026-09-09-34379502244,world-7456524002,world,abc-au-world,publish,ok,,593,112,593,542,76,130613,85534,45066,1765,248,922,,,,,,,
2026-09-09,2026-09-09-34379502244,india-2252926845,india,the-hindu-national,publish,ok,,235,94,235,468,43,83065,41739,41235,1333,232,922,,,,,,,
2026-09-09,2026-09-09-34379502244,india-6892818986,india,thehindu-all,publish,ok,,242,72,242,159,58,76887,39814,37063,1315,209,922,,,,,,,
2026-09-09,2026-09-09-34379502244,india-4552691261,india,toi-top,publish,ok,,968,122,968,646,88,191503,131911,59471,2224,327,923,,,,,,,
2026-09-09,2026-09-09-34379502244,india-1544477990,india,economic-times,publish,ok,,169,92,169,157,74,74611,28441,46160,1202,260,922,,,,,,,
2026-09-09,2026-09-09-34379502244,india-0469687950,india,india-today,publish,ok,,636,103,636,665,71,140250,90244,49990,1812,276,922,,,,,,,
2026-09-09,2026-09-09-34379502244,india-5859775546,india,hindustan-times,publish,ok,,491,137,491,522,64,127551,72946,54466,1642,303,922,,,,,,,
2026-09-09,2026-09-09-34379502244,ai-2333870226,ai,nvidia-newsroom,publish,ok,,1995,113,1995,311,45,427508,370196,57233,3633,285,0,,,,,,,
2026-09-09,2026-09-09-34379502244,ai-4269719288,ai,techcrunch-ai,publish,ok,,970,120,970,80,45,187199,133336,53807,2232,292,923,,,,,,,
2026-09-09,2026-09-09-34379502244,ai-1513085969,ai,google-ai-blog,publish,ok,,558,79,558,692,53,196784,163736,33003,1634,190,0,,,,,,,
2026-09-09,2026-09-09-34379502244,ai-6783347864,ai,straitstimes-business,summarize,failed,bad_shape,515,,515,1066,38,221512,,,,,,,,,,,,
2026-09-09,2026-09-09-34379502244,ai-6900492247,ai,straitstimes-opinion,publish,ok,,233,88,233,544,30,69566,33568,35948,1253,207,922,,,,,,,
2026-09-09,2026-09-09-34379502244,energy-4869765042,energy,oilprice,publish,ok,,320,76,320,442,53,98482,58642,39827,1501,224,922,,,,,,,
2026-09-09,2026-09-09-34379502244,energy-0015836475,energy,electrek,publish,ok,,442,88,442,522,33,121950,74940,46999,1663,259,922,,,,,,,
2026-09-09,2026-09-09-34379502244,energy-6378194972,energy,greentech,publish,ok,,260,106,260,2219,32,82455,39293,43066,1309,238,922,,,,,,,
2026-09-09,2026-09-09-34379502244,business-economy-2834781447,business-economy,cna-business,publish,ok,,967,140,967,775,110,178731,124816,53849,2155,291,923,,,,,,,
2026-09-09,2026-09-09-34379502244,business-economy-9082896328,business-economy,semafor,publish,ok,,827,120,827,498,33,163693,113614,50017,2042,270,923,,,,,,,
2026-09-09,2026-09-09-34379502244,business-economy-4228660624,business-economy,bbc-business,publish,ok,,590,77,590,322,51,120524,84375,36136,1752,199,922,,,,,,,
2026-09-09,2026-09-09-34379502244,world-4795110500,world,cgtn-opnion,publish,ok,,130,51,130,1381,71,46739,21553,25120,1134,145,922,,,,,,,
2026-09-09,2026-09-09-34379502244,world-2274419489,world,independent-world,publish,ok,,1288,111,1288,617,53,221264,168236,52910,2576,279,923,,,,,,,
2026-09-09,2026-09-09-34379502244,world-5658449013,world,lemonde-en,summarize,failed,length_out_of_range,35,,35,1070,118,116973,,,,,,,,,,,,
2026-09-09,2026-09-09-34379502244,world-3888891334,world,africanews,publish,ok,,404,63,404,747,38,94778,59782,34984,1511,194,922,,,,,,,
2026-09-09,2026-09-09-34379502244,india-9516772292,india,toi-india,publish,ok,,824,108,824,729,107,170705,116158,54450,2067,289,923,,,,,,,
2026-09-09,2026-09-09-34379502244,india-8194121842,india,deccan-chronicle,publish,ok,,256,72,256,2792,46,83673,39611,44050,1313,248,922,,,,,,,
2026-09-09,2026-09-09-34379502244,india-6844523872,india,thehindu-business,publish,ok,,266,68,266,629,35,74078,39720,34346,1315,192,922,,,,,,,
2026-09-09,2026-09-09-34379502244,india-3975122319,india,india-today,publish,ok,,501,75,501,213,72,109044,70721,38308,1618,210,922,,,,,,,
2026-09-09,2026-09-09-34379502244,india-5745289358,india,free-press-journal,publish,ok,,949,113,949,463,26,202730,145981,56639,2363,308,923,,,,,,,
2026-09-09,2026-09-09-34379502244,ai-3677501747,ai,guardian-ai,publish,ok,,674,94,674,581,51,230230,186978,43203,1835,230,0,,,,,,,
2026-09-09,2026-09-09-34379502244,ai-7480201419,ai,google-ai-blog,publish,ok,,705,120,705,482,60,241687,193102,48518,1891,265,0,,,,,,,
2026-09-09,2026-09-09-34379502244,ai-7122884701,ai,databricks-blog,publish,ok,,1637,125,1637,381,81,277165,223375,53721,3088,279,923,,,,,,,
2026-09-09,2026-09-09-34379502244,ai-0781900086,ai,straitstimes-opinion,publish,ok,,291,61,291,1299,31,69706,41422,28237,1323,153,922,,,,,,,
2026-09-09,2026-09-09-34379502244,ai-2851615013,ai,oreilly-radar,publish,ok,,2955,166,2955,803,68,554653,486759,67714,4696,339,0,,,,,,,
2026-09-09,2026-09-09-34379502244,energy-8256456090,energy,electrek,publish,ok,,415,81,415,632,34,102584,63686,38887,1540,212,922,,,,,,,
2026-09-09,2026-09-09-34379502244,energy-0395824461,energy,latitude-media,publish,ok,,230,72,230,1286,26,75218,36457,38751,1278,212,922,,,,,,,
2026-09-09,2026-09-09-34379502244,business-economy-6392792339,business-economy,cna-business,publish,ok,,281,160,281,624,130,107770,44827,62931,1357,342,922,,,,,,,
2026-09-09,2026-09-09-34379502244,business-economy-8755977055,business-economy,quartz,publish,ok,,417,63,417,1411,55,101315,64576,36727,1551,202,922,,,,,,,
2026-09-09,2026-09-09-34379502244,business-economy-3129834669,business-economy,marginal-revolution,extract,failed,no_text,,,,,,,,,,,,,,,,,,
2026-09-09,2026-09-09-34379502244,world-7270308426,world,anadolu-world,publish,ok,,295,178,295,4592,101,109594,51065,58518,1419,319,922,,,,,,,
2026-09-09,2026-09-09-34379502244,world-9311294577,world,independent-world,publish,ok,,1152,118,1152,678,70,206972,155201,51707,2434,276,923,,,,,,,
2026-09-09,2026-09-09-34379502244,world-8874298078,world,guardian-world,publish,ok,,3189,169,3189,416,143,602664,531553,71032,5140,363,0,,,,,,,
2026-09-09,2026-09-09-34379502244,world-8918095091,world,lemonde-en,publish,ok,too_short,35,26,35,1481,6,120374,103437,16928,1016,95,0,,,,,,,
2026-09-09,2026-09-09-34379502244,india-2834123491,india,the-hindu-national,summarize,failed,length_out_of_range,392,,392,796,42,196824,,,,,,,,,,,,
2026-09-09,2026-09-09-34379502244,india-0188521513,india,thehindu-business,publish,ok,,518,94,518,752,37,119392,75888,43431,1657,236,922,,,,,,,
2026-09-09,2026-09-09-34379502244,india-1810907613,india,livemint,publish,ok,,904,103,904,376,40,174352,127408,46823,2163,253,923,,,,,,,
2026-09-09,2026-09-09-34379502244,india-2734300328,india,economic-times,publish,ok,,220,71,220,628,62,76693,36183,40413,1271,223,922,,,,,,,
2026-09-09,2026-09-09-34379502244,india-1517663640,india,free-press-journal,publish,ok,,532,63,532,540,22,134991,90152,44826,1798,242,922,,,,,,,
2026-09-09,2026-09-09-34379502244,india-9333081843,india,livemint,publish,ok,,665,79,665,389,34,140840,100151,40615,1900,221,922,,,,,,,
2026-09-09,2026-09-09-34379502244,ai-2853439222,ai,huggingface-blog,publish,ok,,1478,122,1478,223,68,402489,339405,63027,3319,340,0,,,,,,,
2026-09-09,2026-09-09-34379502244,ai-6082154430,ai,techpolicy-ai,publish,ok,,1560,112,1560,776,44,260760,211699,48999,2986,267,923,,,,,,,
2026-09-09,2026-09-09-34379502244,ai-2225070748,ai,techpolicy-ai,publish,ok,,2026,182,2026,517,49,440223,372521,67572,3644,359,0,,,,,,,
2026-09-09,2026-09-09-34379502244,ai-5913592465,ai,straitstimes-business,publish,ok,,235,77,235,723,32,172692,134568,38110,1324,218,0,,,,,,,
2026-09-09,2026-09-09-34379502244,ai-8323935589,ai,ahead-of-ai,publish,ok,,5937,169,5937,185,119,1003217,927050,76004,8741,342,0,,,,,,,
2026-09-09,2026-09-09-34379502244,energy-8648588754,energy,modern-power,publish,ok,,334,128,334,2302,33,100836,49948,50878,1411,291,922,,,,,,,
2026-09-09,2026-09-09-34379502244,energy-5868887568,energy,greentech,publish,ok,,401,89,401,3557,32,93314,56691,36611,1474,208,922,,,,,,,
2026-09-09,2026-09-09-34379502244,business-economy-9738447862,business-economy,yahoo-finance,fetch,failed,robots_denied,,,,,,,,,,,,,,,,,,
2026-09-09,2026-09-09-34379502244,business-economy-8461347630,business-economy,business-today-in,publish,ok,,499,58,499,231,225,106786,75187,31588,1659,178,922,,,,,,,
2026-09-09,2026-09-09-34379502244,business-economy-1385122156,business-economy,guardian-business,publish,ok,,439,222,439,500,68,132743,63248,69478,1539,395,922,,,,,,,
2026-09-09,2026-09-09-34379502244,business-economy-3372675310,business-economy,aljazeera-economy,fetch,failed,robots_denied,,,,,,,,,,,,,,,,,,
2026-09-09,2026-09-09-34379502244,world-1531953479,world,cgtn-opnion,publish,ok,,128,66,128,517,71,52304,21348,30907,1130,180,922,,,,,,,
2026-09-09,2026-09-09-34379502244,world-9773738540,world,anadolu-world,publish,ok,,386,91,386,5029,96,87703,53920,33772,1448,193,922,,,,,,,
2026-09-09,2026-09-09-34379502244,world-2968393161,world,france24,fetch,failed,http_client_error,,,,,,,,,,,,,,,,,,
2026-09-09,2026-09-09-34379502244,world-4283641069,world,euronews,publish,ok,,499,83,499,613,68,107062,68241,38807,1602,220,936,,,,,,,
2026-09-09,2026-09-09-34379502244,india-0688356552,india,toi-india,publish,ok,,647,102,647,945,111,156671,114072,42585,1925,237,812,,,,,,,
2026-09-09,2026-09-09-34379502244,india-4822610573,india,deccan-chronicle,publish,ok,,810,133,810,2690,50,166090,111895,54100,2020,303,923,,,,,,,
2026-09-09,2026-09-09-34379502244,india-8844537611,india,toi-top,publish,ok,,667,74,667,124,74,126440,92671,33714,1828,191,922,,,,,,,
2026-09-09,2026-09-09-34379502244,india-4579209145,india,thehindu-all,publish,ok,,556,112,556,975,46,134019,84675,49257,1750,279,922,,,,,,,
2026-09-09,2026-09-09-34379502244,india-3345814495,india,hindustan-times,publish,ok,,761,96,761,242,65,172020,124653,47253,2141,263,923,,,,,,,
2026-09-09,2026-09-09-34385475066,ai-4590154638,ai,openai-news,fetch,failed,http_client_error,,,,,,,,,,,,,,,,,,
2026-09-09,2026-09-09-34385475066,ai-2402326626,ai,techcrunch-ai,publish,ok,,175,135,175,292,98,121574,81229,40333,1184,249,0,,,,,,,
2026-09-09,2026-09-09-34385475066,ai-7692112090,ai,ars-technica-ai,publish,ok,,281,70,281,1233,30,58087,27479,30598,1317,190,922,,,,,,,
2026-09-09,2026-09-09-34385475066,ai-7480201419,ai,google-ai-blog,publish,ok,,705,110,705,438,48,170160,130001,40056,1891,239,0,,,,,,,
2026-09-09,2026-09-09-34385475066,ai-7122884701,ai,databricks-blog,publish,ok,,1637,126,1637,693,69,197532,150542,46946,3088,270,923,,,,,,,
2026-09-09,2026-09-09-34385475066,ai-6621087960,ai,ai2-blog,publish,ok,,986,104,986,825,197,128300,87316,40932,2182,241,923,,,,,,,
2026-09-09,2026-09-09-34385475066,energy-4869765042,energy,oilprice,publish,ok,,320,173,320,743,43,101608,40296,61302,1501,364,922,,,,,,,
2026-09-09,2026-09-09-34385475066,energy-8917682591,energy,electrek,publish,ok,,694,97,694,974,35,107110,65465,41633,1864,245,922,,,,,,,
2026-09-09,2026-09-09-34385475066,business-economy-6392792339,business-economy,cna-business,publish,ok,,281,161,281,1329,93,84235,30270,53920,1357,327,922,,,,,,,
2026-09-09,2026-09-09-34385475066,business-economy-7696283537,business-economy,guardian-business,publish,ok,,1101,126,1101,797,40,154867,103546,51256,2410,296,923,,,,,,,
2026-09-09,2026-09-09-34385475066,business-economy-8553361154,business-economy,aljazeera-economy,fetch,failed,robots_denied,,,,,,,,,,,,,,,,,,
2026-09-09,2026-09-09-34385475066,world-7270308426,world,anadolu-world,publish,ok,,295,118,295,4736,77,75634,34529,41094,1419,253,922,,,,,,,
2026-09-09,2026-09-09-34385475066,world-9491484810,world,abc-au-world,publish,ok,,81,51,81,1022,62,32710,10939,21761,1077,138,922,,,,,,,
2026-09-09,2026-09-09-34385475066,world-2232979032,world,mongabay,publish,ok,,150,51,150,793,20,46083,19119,26957,1195,170,922,,,,,,,
2026-09-09,2026-09-09-34385475066,world-7843225627,world,africanews,publish,ok,,222,196,222,1251,27,83053,24535,58508,1278,360,922,,,,,,,
2026-09-09,2026-09-09-34385475066,india-5837003621,india,the-hindu-national,publish,ok,,166,88,166,713,32,58429,20447,37973,1218,236,922,,,,,,,
2026-09-09,2026-09-09-34385475066,india-6892818986,india,thehindu-all,publish,ok,,226,76,226,943,54,67038,28295,38734,1331,239,922,,,,,,,
2026-09-09,2026-09-09-34385475066,india-1991612950,india,deccan-chronicle,publish,ok,,641,81,641,2514,50,104088,65717,38361,1872,230,922,,,,,,,
2026-09-09,2026-09-09-34385475066,india-3180811134,india,deccan-chronicle,publish,ok,,581,95,581,1347,47,97269,58697,38526,1770,231,922,,,,,,,
2026-09-09,2026-09-09-34385475066,india-1810907613,india,livemint,publish,ok,,904,109,904,483,33,130977,86100,44827,2163,264,923,,,,,,,
2026-09-09,2026-09-09-34385475066,ai-8496956970,ai,techcrunch-ai,publish,ok,,299,68,299,124,44,173330,134635,38650,1335,205,0,,,,,,,
2026-09-09,2026-09-09-34385475066,ai-2938017823,ai,ars-technica-ai,publish,ok,,385,97,385,756,42,99901,55478,44411,1466,234,922,,,,,,,
2026-09-09,2026-09-09-34385475066,ai-0708479552,ai,databricks-blog,publish,ok,,1681,89,1681,313,115,367736,320098,47581,3141,237,0,,,,,,,
2026-09-09,2026-09-09-34385475066,ai-3757328258,ai,google-cloud-ai,publish,ok,,683,69,683,374,42,137228,98737,38477,1890,199,922,,,,,,,
2026-09-09,2026-09-09-34385475066,ai-5913592465,ai,straitstimes-business,publish,ok,,235,76,235,1295,35,83119,40987,42080,1324,226,922,,,,,,,
2026-09-09,2026-09-09-34385475066,ai-8606590718,ai,wired-ai,publish,ok,,1505,107,1505,432,149,239105,195519,43528,2840,228,923,,,,,,,
2026-09-09,2026-09-09-34385475066,energy-7175020747,energy,oilprice,publish,ok,,961,150,961,572,53,188679,133409,55200,2237,291,923,,,,,,,
2026-09-09,2026-09-09-34385475066,business-economy-0275941136,business-economy,business-today-in,publish,ok,,92,37,92,336,100,45443,18433,26999,1103,146,922,,,,,,,
2026-09-09,2026-09-09-34385475066,business-economy-6186041017,business-economy,quartz,publish,ok,not_prose,39,28,39,947,51,126007,104824,21171,1040,110,0,,,,,,,
2026-09-09,2026-09-09-34385475066,business-economy-2835526160,business-economy,marginal-revolution,publish,ok,,99,55,99,490,15,44592,16816,27765,1087,151,922,,,,,,,
2026-09-09,2026-09-09-34385475066,world-9660470301,world,cgtn-business,summarize,failed,copied_source,128,,128,1196,76,50519,,,,,,,,,,,,
2026-09-09,2026-09-09-34385475066,world-6193115520,world,abc-au-world,publish,ok,,1040,162,1040,498,79,199327,143509,55758,2333,290,923,,,,,,,
2026-09-09,2026-09-09-34385475066,world-8267649464,world,africanews,publish,ok,,328,69,328,892,36,84331,49779,34540,1413,188,922,,,,,,,
2026-09-09,2026-09-09-34385475066,world-7899853733,world,euronews,publish,ok,,336,56,336,839,72,81897,49705,32177,1411,174,922,,,,,,,
2026-09-09,2026-09-09-34385475066,india-7272356220,india,the-hindu-national,publish,ok,,344,114,344,603,44,108557,55709,52833,1469,285,922,,,,,,,
2026-09-09,2026-09-09-34385475066,india-9516772292,india,toi-india,publish,ok,,824,108,824,516,252,171270,116460,54735,2067,289,923,,,,,,,
2026-09-09,2026-09-09-34385475066,india-0871137879,india,hindustan-times,publish,ok,,656,76,656,484,80,145421,97128,48276,1875,250,922,,,,,,,
2026-09-09,2026-09-09-34385475066,india-4990316391,india,free-press-journal,publish,ok,,453,75,453,490,23,105963,68083,37812,1590,200,922,,,,,,,
2026-09-09,2026-09-09-34385475066,india-4552691261,india,toi-top,publish,ok,,968,122,968,65,88,194236,132357,61711,2224,327,923,,,,,,,
2026-09-09,2026-09-09-34385475066,india-4687943265,india,india-today,publish,ok,,123,49,123,400,72,58354,25533,32811,1173,177,922,,,,,,,
2026-09-09,2026-09-09-34385475066,ai-2333870226,ai,nvidia-newsroom,publish,ok,,1995,113,1995,294,50,425606,370270,55206,3633,285,0,,,,,,,
2026-09-09,2026-09-09-34385475066,ai-3636147799,ai,fastcompany-tech,publish,ok,,264,51,264,381,64,161302,131863,29428,1306,167,0,,,,,,,
2026-09-09,2026-09-09-34385475066,ai-3677501747,ai,guardian-ai,publish,ok,,674,98,674,184,46,137018,93015,43989,1834,240,922,,,,,,,
2026-09-09,2026-09-09-34385475066,ai-1513085969,ai,google-ai-blog,publish,ok,,558,55,558,355,53,99792,72525,27209,1634,155,922,,,,,,,
2026-09-09,2026-09-09-34385475066,ai-1271543659,ai,mistral-news,publish,ok,,1278,103,1278,250,77,222425,172913,49436,2619,268,923,,,,,,,
2026-09-09,2026-09-09-34385475066,ai-0781900086,ai,straitstimes-opinion,publish,ok,,291,61,291,987,31,67651,40893,26748,1323,156,922,,,,,,,
2026-09-09,2026-09-09-34385475066,energy-8959909887,energy,modern-power,publish,ok,,1190,115,1190,1666,39,212269,160273,51919,2497,284,923,,,,,,,
2026-09-09,2026-09-09-34385475066,energy-3601886189,energy,inside-climate-news,publish,ok,,1219,125,1219,445,34,210096,157662,52373,2471,285,923,,,,,,,
2026-09-09,2026-09-09-34385475066,business-economy-2834781447,business-economy,cna-business,publish,ok,,967,140,967,1784,112,176960,125131,51769,2155,291,923,,,,,,,
2026-09-09,2026-09-09-34385475066,business-economy-4228660624,business-economy,bbc-business,publish,ok,,851,113,851,279,54,171245,119174,51954,2096,280,923,,,,,,,
2026-09-09,2026-09-09-34385475066,world-9533595380,world,anadolu-world,publish,ok,,135,65,135,4859,203,56011,26011,29991,1178,172,922,,,,,,,
2026-09-09,2026-09-09-34385475066,world-4795110500,world,cgtn-opnion,publish,ok,,130,51,130,1091,73,47755,21577,26169,1134,147,922,,,,,,,
2026-09-09,2026-09-09-34385475066,world-2426648950,world,independent-world,publish,ok,,116,61,116,229,54,53421,20551,32860,1123,184,922,,,,,,,
2026-09-09,2026-09-09-34385475066,world-6567295534,world,independent-world,publish,ok,,566,94,566,296,38,110626,74032,36581,1649,209,922,,,,,,,
2026-09-09,2026-09-09-34385475066,world-2340939210,world,thehindu-intl,publish,ok,,829,140,829,555,44,162755,110828,51507,2007,285,923,,,,,,,
2026-09-09,2026-09-09-34385475066,india-5273557989,india,thehindu-all,publish,ok,,217,49,217,216,41,75821,38905,36906,1306,215,922,,,,,,,
2026-09-09,2026-09-09-34385475066,india-3482129810,india,free-press-journal,publish,ok,,252,85,252,439,18,71472,37690,33770,1295,196,922,,,,,,,
2026-09-09,2026-09-09-34385475066,india-8653382654,india,livemint,publish,ok,,835,108,835,184,43,180484,128203,52214,2180,291,923,,,,,,,
2026-09-09,2026-09-09-34385475066,india-7605210793,india,economic-times,publish,ok,,570,92,570,215,69,120266,82561,37692,1738,213,922,,,,,,,
2026-09-09,2026-09-09-34385475066,india-6831555051,india,thehindu-business,summarize,failed,length_out_of_range,682,,682,507,39,174891,,,,,,,,,,,,
2026-09-09,2026-09-09-34385475066,ai-2853439222,ai,huggingface-blog,publish,ok,,1478,132,1478,247,65,380469,289796,90554,3319,364,0,,,,,,,
2026-09-09,2026-09-09-34385475066,ai-6872057015,ai,bbc-tech,publish,ok,,483,162,483,366,54,219406,140406,78986,1616,331,0,,,,,,,
2026-09-09,2026-09-09-34385475066,ai-6082154430,ai,techpolicy-ai,publish,ok,,1560,113,1560,1075,44,245304,181265,63934,2986,261,923,,,,,,,
2026-09-09,2026-09-09-34385475066,ai-2225070748,ai,techpolicy-ai,publish,ok,,2026,185,2026,1048,49,410589,318463,92007,3644,366,0,,,,,,,
2026-09-09,2026-09-09-34385475066,ai-6783347864,ai,straitstimes-business,summarize,failed,bad_shape,515,,515,1366,39,256312,,,,,,,,,,,,
2026-09-09,2026-09-09-34385475066,ai-6900492247,ai,straitstimes-opinion,publish,ok,,233,67,233,653,31,71780,28985,42696,1253,182,922,,,,,,,
2026-09-09,2026-09-09-34385475066,energy-5090727083,energy,electrek,publish,ok,,1589,111,1589,386,48,367296,291272,75889,4233,303,923,,,,,,,
2026-09-09,2026-09-09-34385475066,business-economy-3232481217,business-economy,business-today-in,publish,ok,,173,42,173,535,91,53034,22585,30442,1180,131,922,,,,,,,
2026-09-09,2026-09-09-34385475066,business-economy-2545274702,business-economy,quartz,publish,ok,,91,60,91,402,49,52196,14332,37855,1086,163,922,,,,,,,
2026-09-09,2026-09-09-34385475066,business-economy-5859851837,business-economy,aljazeera-economy,fetch,failed,robots_denied,,,,,,,,,,,,,,,,,,
2026-09-09,2026-09-09-34385475066,world-3635719615,world,guardian-world,publish,ok,,624,61,624,527,46,118080,75779,42291,1794,176,922,,,,,,,
2026-09-09,2026-09-09-34385475066,world-1531953479,world,cgtn-opnion,publish,ok,,128,66,128,1469,78,60439,18260,42059,1130,180,922,,,,,,,
2026-09-09,2026-09-09-34385475066,world-9075613194,world,guardian-world,publish,ok,,474,102,474,311,63,124236,61719,62507,1627,262,922,,,,,,,
2026-09-09,2026-09-09-34385475066,world-0794434571,world,mongabay,publish,ok,,1509,127,1509,560,41,252963,181025,71783,2994,292,923,,,,,,,
2026-09-09,2026-09-09-34385475066,world-7651487706,world,euronews,publish,ok,,305,71,305,1007,73,95205,43540,51560,1422,216,922,,,,,,,
2026-09-09,2026-09-09-34385475066,india-1336144299,india,toi-india,publish,ok,,746,96,746,761,238,153777,91801,61773,1974,257,923,,,,,,,
2026-09-09,2026-09-09-34385475066,india-9985023457,india,economic-times,publish,ok,,374,56,374,611,61,97424,49905,47510,1488,197,922,,,,,,,
2026-09-09,2026-09-09-34385475066,india-6624901085,india,toi-top,publish,ok,,843,94,843,165,73,180442,109731,70589,2186,294,923,,,,,,,
2026-09-09,2026-09-09-34385475066,india-0188521513,india,thehindu-business,publish,ok,,518,73,518,684,40,117866,64879,52974,1657,219,922,,,,,,,
2026-09-09,2026-09-09-34385475066,india-7689250534,india,india-today,summarize,failed,bad_shape,557,,557,586,75,265968,,,,,,,,,,,,
2026-09-09,2026-09-09-34404348820,ai-7993339924,ai,google-cloud-ai,publish,ok,,866,110,866,532,263,120698,51148,69392,2118,266,0,,,,,,,
2026-09-09,2026-09-09-34404348820,ai-1460146707,ai,fastcompany-tech,publish,ok,,423,76,423,898,47,90907,35568,55246,1501,217,0,,,,,,,
2026-09-09,2026-09-09-34404348820,ai-1930031107,ai,straitstimes-opinion,publish,ok,,254,62,254,1395,20,51001,9131,41861,1304,167,922,,,,,,,
2026-09-09,2026-09-09-34404348820,ai-8147495659,ai,techpolicy-ai,publish,ok,,3724,186,3724,1478,48,279046,140633,138275,5758,471,0,,,,,,,
2026-09-09,2026-09-09-34404348820,ai-6783347864,ai,straitstimes-business,summarize,failed,bad_shape,515,,515,591,26,219865,,,,,,,,,,,,
2026-09-09,2026-09-09-34404348820,energy-3995482662,energy,oilprice,publish,ok,,680,84,680,659,32,70954,21827,48949,1848,192,922,,,,,,,
2026-09-09,2026-09-09-34404348820,energy-1688712100,energy,latitude-media,publish,ok,,830,108,830,790,23,97574,29283,68167,2062,264,923,,,,,,,
2026-09-09,2026-09-09-34404348820,business-economy-1581596234,business-economy,business-today-in,publish,ok,not_prose,903,27,903,428,38,76023,43112,32762,2722,127,922,,,,,,,
2026-09-09,2026-09-09-34404348820,business-economy-1977223889,business-economy,cna-business,publish,ok,,380,72,380,1166,73,67085,14231,52738,1497,207,922,,,,,,,
2026-09-09,2026-09-09-34404348820,world-8097261554,world,lemonde-en,publish,ok,too_short,35,34,35,1833,88,48627,23864,24755,1017,99,0,,,,,,,
2026-09-09,2026-09-09-34404348820,world-5040241461,world,cgtn-opnion,publish,ok,,1030,130,1030,1014,53,113637,32478,81027,2310,311,923,,,,,,,
2026-09-09,2026-09-09-34404348820,world-2278502661,world,independent-world,publish,ok,,682,70,682,456,38,69179,21894,47260,1836,183,922,,,,,,,
2026-09-09,2026-09-09-34404348820,world-5121138703,world,france24,publish,ok,too_short,59,36,59,835,39,28513,3404,25102,1040,100,922,,,,,,,
2026-09-09,2026-09-09-34404348820,world-6647373262,world,thehindu-intl,publish,ok,,463,124,463,871,29,84787,14944,69759,1537,273,922,,,,,,,
2026-09-09,2026-09-09-34404348820,world-0599741247,world,elpais-en,publish,ok,,1197,176,1197,1551,47,131401,37969,93301,2471,355,923,,,,,,,
2026-09-09,2026-09-09-34404348820,india-3996522409,india,the-hindu-national,publish,ok,,474,72,474,234,30,67332,17114,50208,1637,198,922,,,,,,,
2026-09-09,2026-09-09-34404348820,india-4454222886,india,thehindu-business,publish,ok,not_prose,825,37,825,436,30,63459,32268,31059,2313,121,922,,,,,,,
2026-09-09,2026-09-09-34404348820,india-0590564331,india,toi-top,publish,ok,,450,74,450,678,46,83606,18076,65520,1701,260,922,,,,,,,
2026-09-09,2026-09-09-34404348820,india-5057794699,india,thehindu-all,publish,ok,,207,69,207,351,27,66414,9036,57258,1269,228,922,,,,,,,
2026-09-09,2026-09-09-34404348820,india-0871137879,india,hindustan-times,publish,ok,,656,84,656,603,44,93537,24060,69467,1875,266,922,,,,,,,
2026-09-09,2026-09-09-34404348820,ai-4043255165,ai,techcrunch-ai,publish,ok,,952,124,952,326,51,270922,219755,51091,2154,278,0,,,,,,,
2026-09-09,2026-09-09-34404348820,ai-6872057015,ai,bbc-tech,summarize,failed,length_out_of_range,483,,483,404,60,246241,,,,,,,,,,,,
2026-09-09,2026-09-09-34404348820,ai-0150989920,ai,mit-news-ai,publish,ok,,857,161,857,188,44,170272,109966,60243,1997,329,923,,,,,,,
2026-09-09,2026-09-09-34404348820,ai-5855532337,ai,databricks-blog,publish,ok,,1163,121,1163,255,100,209731,155983,53689,2440,285,923,,,,,,,
2026-09-09,2026-09-09-34404348820,ai-1599424405,ai,ars-technica-ai,publish,ok,,345,116,345,681,42,94664,50867,43745,1422,246,922,,,,,,,
2026-09-09,2026-09-09-34404348820,energy-6266533415,energy,greentech,publish,ok,,272,71,272,1391,33,74112,41391,32711,1327,186,922,,,,,,,
2026-09-09,2026-09-09-34404348820,business-economy-5904883992,business-economy,bbc-business,publish,ok,,813,115,813,46,63,166910,116086,50743,2054,278,923,,,,,,,
2026-09-09,2026-09-09-34404348820,business-economy-0465794963,business-economy,quartz,publish,ok,,437,103,437,105,57,111561,66999,44549,1577,251,922,,,,,,,
2026-09-09,2026-09-09-34404348820,business-economy-8587596457,business-economy,semafor,publish,ok,,141,68,141,298,25,56444,23138,33295,1150,190,922,,,,,,,
2026-09-09,2026-09-09-34404348820,world-9533595380,world,anadolu-world,publish,ok,,401,62,401,3593,210,98841,63550,35281,1543,197,922,,,,,,,
2026-09-09,2026-09-09-34404348820,world-5868450565,world,cna-world,publish,ok,,206,55,206,1010,111,67878,32991,34877,1245,200,922,,,,,,,
2026-09-09,2026-09-09-34404348820,world-6229368386,world,anadolu-world,publish,ok,,165,74,165,1967,93,69218,30638,38570,1222,221,922,,,,,,,
2026-09-09,2026-09-09-34404348820,world-9858239671,world,france24,publish,ok,,990,143,990,716,56,186020,131893,54052,2209,295,923,,,,,,,
2026-09-09,2026-09-09-34404348820,world-1720067922,world,thehindu-intl,publish,ok,,626,66,626,574,51,129327,95275,34039,1843,190,922,,,,,,,
2026-09-09,2026-09-09-34404348820,world-6641288741,world,dw-world,publish,ok,,805,108,805,42145,39,154250,104381,49745,1942,271,923,,,,,,,
2026-09-09,2026-09-09-34404348820,india-6899856237,india,toi-india,publish,ok,,348,70,348,425,103,93714,58468,35192,1493,200,922,,,,,,,
2026-09-09,2026-09-09-34404348820,india-9591748544,india,thehindu-business,publish,ok,,575,67,575,546,39,126339,88299,38029,1786,212,922,,,,,,,
2026-09-09,2026-09-09-34404348820,india-7770997043,india,deccan-chronicle,publish,ok,,195,62,195,2244,45,75334,37505,37725,1289,213,922,,,,,,,
2026-09-09,2026-09-09-34404348820,india-0718416581,india,free-press-journal,publish,ok,,973,102,973,480,25,220753,164585,55437,2522,301,923,,,,,,,
2026-09-09,2026-09-09-34404348820,india-5202001440,india,india-today,publish,ok,,689,109,689,378,78,151008,103602,47393,1932,262,922,,,,,,,
2026-09-09,2026-09-09-34404348820,ai-5768641123,ai,nvidia-technical-blog,publish,ok,not_prose,2586,39,2586,434,65,437680,412575,24978,4914,125,922,,,,,,,
2026-09-09,2026-09-09-34404348820,ai-3636147799,ai,fastcompany-tech,publish,ok,,264,51,264,603,69,160514,130679,29790,1306,167,0,,,,,,,
2026-09-09,2026-09-09-34404348820,ai-8953191547,ai,straitstimes-opinion,publish,ok,,246,65,246,955,30,63653,35896,27748,1276,156,922,,,,,,,
2026-09-09,2026-09-09-34404348820,ai-7399153177,ai,databricks-blog,publish,ok,,922,99,922,296,103,266841,219172,47592,2177,248,0,,,,,,,
2026-09-09,2026-09-09-34404348820,ai-5505895901,ai,straitstimes-business,publish,ok,,541,74,541,618,38,112327,77451,34861,1687,194,922,,,,,,,
2026-09-09,2026-09-09-34404348820,energy-5114523230,energy,electrek,publish,ok,,654,88,654,620,43,149959,105053,44886,1960,249,922,,,,,,,
2026-09-09,2026-09-09-34404348820,business-economy-4505292657,business-economy,aljazeera-economy,fetch,failed,robots_denied,,,,,,,,,,,,,,,,,,
2026-09-09,2026-09-09-34404348820,business-economy-5558083066,business-economy,cna-business,publish,ok,,294,84,294,1026,106,75980,40607,35322,1322,196,922,,,,,,,
2026-09-09,2026-09-09-34404348820,business-economy-3836401027,business-economy,aljazeera-economy,fetch,failed,robots_denied,,,,,,,,,,,,,,,,,,
2026-09-09,2026-09-09-34404348820,world-3635719615,world,guardian-world,publish,ok,,750,111,750,449,49,159857,105740,54066,1964,287,923,,,,,,,
2026-09-09,2026-09-09-34404348820,world-5223889542,world,cgtn-opnion,publish,ok,,956,106,956,1295,81,192403,135540,56774,2258,303,923,,,,,,,
2026-09-09,2026-09-09-34404348820,world-7038894945,world,independent-world,publish,ok,,369,77,369,489,38,90156,54184,35960,1456,197,922,,,,,,,
2026-09-09,2026-09-09-34404348820,world-7986255236,world,abc-au-world,publish,ok,,752,108,752,761,81,148660,100410,48164,1914,266,923,,,,,,,
2026-09-09,2026-09-09-34404348820,world-9783007218,world,lemonde-en,publish,ok,too_short,35,30,35,1035,132,120337,102315,18011,1018,98,0,,,,,,,
2026-09-09,2026-09-09-34404348820,world-5003827089,world,africanews,publish,ok,,237,71,237,834,35,69165,36275,32878,1282,182,922,,,,,,,
2026-09-09,2026-09-09-34404348820,india-9246648723,india,the-hindu-national,publish,ok,,309,95,309,423,54,92906,50691,42201,1425,233,922,,,,,,,
2026-09-09,2026-09-09-34404348820,india-4044298215,india,economic-times,publish,ok,not_prose,863,25,863,358,92,164560,141891,22589,2325,125,922,,,,,,,
2026-09-09,2026-09-09-34404348820,india-8711449181,india,economic-times,publish,ok,,573,91,573,285,81,127609,84359,43237,1756,232,922,,,,,,,
2026-09-09,2026-09-09-34404348820,india-6097782063,india,toi-top,publish,ok,,1423,125,1423,591,77,254495,193742,60687,2834,323,923,,,,,,,
2026-09-09,2026-09-09-34404348820,india-8653382654,india,livemint,publish,ok,,835,108,835,363,44,181964,127381,54473,2180,291,923,,,,,,,
2026-09-09,2026-09-09-34404348820,ai-7193983924,ai,techcrunch-ai,publish,ok,,810,106,810,139,51,265851,213205,52555,2096,286,0,,,,,,,
2026-09-09,2026-09-09-34404348820,ai-2938017823,ai,ars-technica-ai,publish,ok,,385,92,385,1121,40,189868,148727,41098,1466,231,0,,,,,,,
2026-09-09,2026-09-09-34404348820,ai-8847900870,ai,nvidia-technical-blog,publish,ok,,1865,116,1865,364,54,341365,280527,60782,3637,312,923,,,,,,,
2026-09-09,2026-09-09-34404348820,ai-1271543659,ai,mistral-news,publish,ok,,1278,103,1278,627,75,224473,173918,50475,2619,268,923,,,,,,,
2026-09-09,2026-09-09-34404348820,energy-9695549068,energy,climate-home,publish,ok,not_prose,51,34,51,2706,40,122135,105513,16613,1037,96,0,,,,,,,
2026-09-09,2026-09-09-34404348820,energy-6327346722,energy,oilprice,publish,ok,,677,64,677,836,45,126604,93864,32728,1837,180,922,,,,,,,
2026-09-09,2026-09-09-34404348820,business-economy-9564248987,business-economy,business-today-in,publish,ok,not_prose,696,35,696,333,56,180006,153759,26184,2420,143,922,,,,,,,
2026-09-09,2026-09-09-34404348820,business-economy-2545274702,business-economy,quartz,publish,ok,,91,73,91,219,50,48506,16754,31687,1086,182,922,,,,,,,
2026-09-09,2026-09-09-34404348820,business-economy-7941623856,business-economy,guardian-business,publish,ok,,659,104,659,381,57,138706,97933,40759,1877,226,922,,,,,,,
2026-09-09,2026-09-09-34404348820,world-9660470301,world,cgtn-business,summarize,failed,copied_source,128,,128,847,73,53680,,,,,,,,,,,,
2026-09-09,2026-09-09-34404348820,world-9819179663,world,guardian-world,publish,ok,,1109,120,1109,322,194,199969,146278,53622,2348,287,923,,,,,,,
2026-09-09,2026-09-09-34404348820,world-6418155900,world,abc-au-world,publish,ok,,509,70,509,1020,86,107888,72064,35812,1625,198,922,,,,,,,
2026-09-09,2026-09-09-34404348820,world-7202214484,world,bbc-world,publish,ok,,543,68,543,199,56,118033,81971,36051,1724,201,922,,,,,,,
2026-09-09,2026-09-09-34404348820,world-1471747449,world,mongabay,publish,ok,,1687,122,1687,541,44,301201,243722,57320,3289,296,923,,,,,,,
2026-09-09,2026-09-09-34404348820,world-0538283717,world,euronews,publish,ok,,760,101,760,1034,70,158148,111643,46383,2012,252,923,,,,,,,
2026-09-09,2026-09-09-34404348820,india-3740097370,india,toi-india,publish,ok,,450,77,450,516,106,102489,66534,35874,1571,200,922,,,,,,,
2026-09-09,2026-09-09-34404348820,india-8826502042,india,deccan-chronicle,publish,ok,,204,61,204,3217,46,77614,43255,34348,1346,195,922,,,,,,,
2026-09-09,2026-09-09-34404348820,india-5388544557,india,thehindu-all,publish,ok,,215,68,215,847,41,79277,41995,37270,1333,211,922,,,,,,,
2026-09-09,2026-09-09-34404348820,india-3482129810,india,free-press-journal,publish,ok,,290,71,290,707,19,76825,44513,32302,1359,182,922,,,,,,,
2026-09-09,2026-09-09-34404348820,india-1440169501,india,livemint,publish,ok,,342,81,342,361,35,96526,56985,39530,1477,221,922,,,,,,,
2026-09-10,2026-09-10-34449510981,ai-3805298898,ai,ibm-research-blog,publish,ok,,1116,109,1116,1154,133,214091,164487,49550,2382,269,0,,,,,,,
2026-09-10,2026-09-10-34449510981,ai-4590154638,ai,openai-news,fetch,failed,http_client_error,,,,,,,,,,,,,,,,,,
2026-09-10,2026-09-10-34449510981,ai-8984151755,ai,techcrunch-ai,publish,ok,,466,69,466,132,31,137685,106488,31185,1546,179,0,,,,,,,
2026-09-10,2026-09-10-34449510981,ai-6872057015,ai,bbc-tech,publish,ok,,483,65,483,517,140,91934,48160,43761,1616,251,922,,,,,,,
2026-09-10,2026-09-10-34449510981,energy-2551054871,energy,pv-magazine,publish,ok,,441,94,441,1087,42,97322,46973,50339,1598,283,922,,,,,,,
2026-09-10,2026-09-10-34449510981,business-economy-9119591610,business-economy,business-today-in,publish,ok,,111,67,111,373,83,42952,13829,29115,1120,167,922,,,,,,,
2026-09-10,2026-09-10-34449510981,business-economy-1486190889,business-economy,aljazeera-economy,fetch,failed,robots_denied,,,,,,,,,,,,,,,,,,
2026-09-10,2026-09-10-34449510981,business-economy-3784087107,business-economy,bbc-business,publish,ok,,624,68,624,44,48,89727,57410,32307,1748,187,922,,,,,,,
2026-09-10,2026-09-10-34449510981,business-economy-2611245779,business-economy,marginal-revolution,publish,ok,,139,67,139,663,11,46939,15260,31635,1141,183,922,,,,,,,
2026-09-10,2026-09-10-34449510981,world-8852268402,world,abc-au-world,publish,ok,,1045,120,1045,366,61,144168,96580,47535,2310,264,923,,,,,,,
2026-09-10,2026-09-10-34449510981,world-3183771229,world,japan-times,publish,ok,,102,47,102,1447,39,40521,13818,26695,1119,153,922,,,,,,,
2026-09-10,2026-09-10-34449510981,world-7780338003,world,thehindu-intl,publish,ok,,354,94,354,444,35,92055,39683,52362,1490,295,922,,,,,,,
2026-09-10,2026-09-10-34449510981,world-3902132870,world,bbc-world,publish,ok,,623,70,623,45,48,93877,57528,36340,1747,200,922,,,,,,,
2026-09-10,2026-09-10-34449510981,world-5006540356,world,guardian-world,publish,ok,,882,124,882,331,56,144295,84032,60209,2130,325,923,,,,,,,
2026-09-10,2026-09-10-34449510981,india-7458147138,india,economic-times,publish,ok,,591,103,591,325,63,113472,62279,51118,1815,272,922,,,,,,,
2026-09-10,2026-09-10-34449510981,india-7300510847,india,toi-india,publish,ok,,382,68,382,484,190,79716,41389,38209,1512,208,922,,,,,,,
2026-09-10,2026-09-10-34449510981,india-8094812445,india,thehindu-business,publish,ok,,1078,109,1078,478,36,142819,95720,47048,2299,256,923,,,,,,,
2026-09-10,2026-09-10-34449510981,india-0160749175,india,toi-top,publish,ok,,305,65,305,125,53,68485,33019,35457,1396,201,922,,,,,,,
2026-09-10,2026-09-10-34449510981,india-1991612950,india,deccan-chronicle,publish,ok,,641,37,641,2464,62,94841,66035,28796,1870,160,922,,,,,,,
2026-09-10,2026-09-10-34449510981,india-4150709763,india,livemint,publish,ok,,745,119,745,279,30,131159,76450,54641,2018,302,923,,,,,,,
2026-09-10,2026-09-10-34449510981,ai-3714444007,ai,straitstimes-business,publish,ok,,872,152,872,888,46,290478,217533,72875,2158,407,0,,,,,,,
2026-09-10,2026-09-10-34449510981,ai-5527916285,ai,fastcompany-tech,publish,ok,,195,51,195,446,63,151854,123849,27995,1227,157,0,,,,,,,
2026-09-10,2026-09-10-34449510981,ai-9694289715,ai,techcrunch-ai,publish,ok,,254,56,254,282,34,69225,37706,31507,1295,181,922,,,,,,,
2026-09-10,2026-09-10-34449510981,ai-5705291335,ai,openai-news,fetch,failed,http_client_error,,,,,,,,,,,,,,,,,,
2026-09-10,2026-09-10-34449510981,energy-1764874075,energy,oilprice,publish,ok,,315,73,315,504,52,81585,44352,37222,1360,211,922,,,,,,,
2026-09-10,2026-09-10-34449510981,business-economy-7597197570,business-economy,aljazeera-economy,fetch,failed,robots_denied,,,,,,,,,,,,,,,,,,
2026-09-10,2026-09-10-34449510981,business-economy-7831895133,business-economy,semafor,summarize,failed,copied_source,116,,116,284,27,135351,,,,,,,,,,,,
2026-09-10,2026-09-10-34449510981,business-economy-6114714453,business-economy,guardian-business,publish,ok,,1016,132,1016,376,210,202795,147126,55612,2371,309,923,,,,,,,
2026-09-10,2026-09-10-34449510981,world-6944808457,world,cgtn-business,publish,ok,,333,83,333,1145,71,84439,46428,37959,1380,218,922,,,,,,,
2026-09-10,2026-09-10-34449510981,world-7467948522,world,independent-world,publish,ok,,350,63,350,553,51,88644,55925,32703,1472,187,922,,,,,,,
2026-09-10,2026-09-10-34449510981,world-5544454725,world,cgtn-china,publish,ok,,227,53,227,315,70,61549,33799,27740,1255,159,922,,,,,,,
2026-09-10,2026-09-10-34449510981,world-2215703060,world,thehindu-intl,publish,ok,,393,92,393,288,42,102060,63180,38866,1546,222,922,,,,,,,
2026-09-10,2026-09-10-34449510981,world-6576134359,world,euronews,publish,ok,,543,69,543,709,66,107322,74421,32890,1658,187,922,,,,,,,
2026-09-10,2026-09-10-34449510981,india-2606462229,india,the-hindu-national,publish,ok,,558,56,558,83,44,112041,77866,34164,1691,192,922,,,,,,,
2026-09-10,2026-09-10-34449510981,india-7517889147,india,economic-times,publish,ok,,467,54,467,318,78,116710,81193,35507,1724,201,922,,,,,,,
2026-09-10,2026-09-10-34449510981,india-6402211473,india,free-press-journal,publish,ok,,347,44,347,501,19,76792,52780,23964,1440,138,922,,,,,,,
2026-09-10,2026-09-10-34449510981,india-5363388936,india,hindustan-times,publish,ok,,935,104,935,309,68,191452,144162,47231,2341,264,923,,,,,,,
2026-09-10,2026-09-10-34449510981,india-6884523211,india,the-federal,publish,ok,,489,90,489,704,81,135008,85886,49109,1774,277,928,,,,,,,
2026-09-10,2026-09-10-34449510981,india-7225626084,india,india-today,publish,ok,,585,84,585,319,71,145582,107132,38350,1772,216,715,,,,,,,
2026-09-10,2026-09-10-34449510981,india-4442154821,india,the-federal,publish,ok,,541,100,541,1025,81,119622,76712,42839,1679,242,922,,,,,,,
2026-09-10,2026-09-10-34449510981,ai-4991823884,ai,straitstimes-business,publish,ok,,208,56,208,1350,36,160173,129743,30418,1281,176,0,,,,,,,
2026-09-10,2026-09-10-34449510981,ai-0182950608,ai,straitstimes-opinion,extract,failed,paywalled,,,,,,,,,,,,,,,,,,
2026-09-10,2026-09-10-34449510981,ai-5760494657,ai,wired-ai,publish,ok,,3082,153,3082,733,139,554653,488807,65773,4736,333,0,,,,,,,
2026-09-10,2026-09-10-34449510981,ai-6034710494,ai,marktechpost,publish,ok,,558,70,558,1449,57,119830,86824,32994,1772,187,922,,,,,,,
2026-09-10,2026-09-10-34449510981,energy-3913721495,energy,solar-quarter,publish,ok,,226,64,226,1798,93,74481,36099,38329,1274,220,922,,,,,,,
2026-09-10,2026-09-10-34449510981,business-economy-2414990605,business-economy,business-today-in,publish,ok,,72,46,72,308,90,48804,17129,31665,1090,184,922,,,,,,,
2026-09-10,2026-09-10-34449510981,business-economy-1164614913,business-economy,cna-business,summarize,failed,copied_source,171,,171,2303,95,81146,,,,,,,,,,,,
2026-09-10,2026-09-10-34449510981,business-economy-2376350616,business-economy,bbc-business,publish,ok,,97,61,97,302,46,43771,17779,25984,1096,152,922,,,,,,,
2026-09-10,2026-09-10-34449510981,world-3777824931,world,cgtn-business,publish,ok,,245,61,245,990,72,75826,41559,34255,1329,198,922,,,,,,,
2026-09-10,2026-09-10-34449510981,world-5725828611,world,euronews,publish,ok,,759,106,759,906,70,253315,202762,50461,1996,280,0,,,,,,,
2026-09-10,2026-09-10-34449510981,world-8992558848,world,japan-times,publish,ok,,138,62,138,1092,47,53399,23101,30288,1147,176,922,,,,,,,
2026-09-10,2026-09-10-34449510981,world-4749992625,world,cna-world,publish,ok,,318,70,318,317,61,85046,47730,37307,1390,213,922,,,,,,,
2026-09-10,2026-09-10-34449510981,world-3969564518,world,mongabay,publish,ok,,484,82,484,369,27,113137,73452,39674,1643,226,922,,,,,,,
2026-09-10,2026-09-10-34449510981,world-6649136611,world,france24,publish,ok,,554,57,554,1123,50,103319,76552,26756,1674,151,922,,,,,,,
2026-09-10,2026-09-10-34449510981,india-4177753509,india,toi-india,publish,ok,,635,60,635,452,208,130626,97713,32901,1879,181,922,,,,,,,
2026-09-10,2026-09-10-34449510981,india-0903959554,india,thehindu-business,publish,ok,,657,95,657,818,46,164199,102530,61613,1926,343,922,,,,,,,
2026-09-10,2026-09-10-34449510981,india-0202912908,india,free-press-journal,publish,ok,,346,74,346,541,18,111378,72387,38881,1631,221,922,,,,,,,
2026-09-10,2026-09-10-34449510981,india-6295797983,india,hindustan-times,publish,ok,,763,100,763,433,65,157988,109849,48084,1994,266,923,,,,,,,
2026-09-10,2026-09-10-34449510981,india-9951569669,india,india-today,publish,ok,,406,75,406,676,69,86600,56978,29610,1478,169,922,,,,,,,
2026-09-10,2026-09-10-34449510981,india-8858931552,india,scroll-in,publish,ok,,379,90,379,377,32,96121,57283,38828,1483,220,922,,,,,,,
2026-09-10,2026-09-10-34449510981,ai-6119157190,ai,nvidia-newsroom,publish,ok,,1519,117,1519,315,31,358842,307202,51579,2999,276,0,,,,,,,
2026-09-10,2026-09-10-34449510981,ai-2996335891,ai,straitstimes-opinion,extract,failed,paywalled,,,,,,,,,,,,,,,,,,
2026-09-10,2026-09-10-34449510981,ai-1451143440,ai,pytorch-blog,publish,ok,not_prose,1342,35,1342,2075,37,248854,223367,25416,3083,135,922,,,,,,,
2026-09-10,2026-09-10-34449510981,energy-2577871983,energy,solar-quarter,publish,ok,,344,104,344,1625,90,205206,151712,53449,1492,296,0,,,,,,,
2026-09-10,2026-09-10-34449510981,energy-9928432833,energy,pv-magazine,publish,ok,,386,90,386,1754,50,104656,57422,47223,1479,265,922,,,,,,,
2026-09-10,2026-09-10-34449510981,business-economy-1146073905,business-economy,cna-business,publish,ok,,420,61,420,1372,102,93341,61891,31439,1525,177,922,,,,,,,
2026-09-10,2026-09-10-34449510981,business-economy-5105244417,business-economy,npr-business,publish,ok,,912,104,912,1091,38,176363,123539,52738,2129,285,923,,,,,,,
2026-09-10,2026-09-10-34449510981,business-economy-8713128800,business-economy,guardian-business,publish,ok,,413,93,413,286,54,104583,62113,42459,1527,239,922,,,,,,,
2026-09-10,2026-09-10-34449510981,world-2788341318,world,abc-au-world,publish,ok,,1635,122,1635,470,82,281666,222874,58730,3087,309,923,,,,,,,
2026-09-10,2026-09-10-34449510981,world-5473125494,world,lemonde-en,publish,ok,too_short,35,28,35,1503,116,118037,104227,13799,1023,81,0,,,,,,,
2026-09-10,2026-09-10-34449510981,world-1835838508,world,cgtn-china,publish,ok,,287,66,287,666,71,76105,43780,32315,1349,183,922,,,,,,,
2026-09-10,2026-09-10-34449510981,world-9991820112,world,independent-world,publish,ok,,1535,99,1535,153,85,260450,209355,50994,2957,274,923,,,,,,,
2026-09-10,2026-09-10-34449510981,world-8936649921,world,africanews,publish,ok,,231,88,231,1104,33,70436,34314,36111,1255,205,922,,,,,,,
2026-09-10,2026-09-10-34449510981,india-9603305170,india,the-hindu-national,publish,ok,,255,71,255,1018,44,80405,43374,37022,1345,212,922,,,,,,,
2026-09-10,2026-09-10-34449510981,india-5407827595,india,thehindu-all,publish,ok,,578,91,578,507,44,134483,87764,46706,1779,265,922,,,,,,,
2026-09-10,2026-09-10-34449510981,india-3190282014,india,thehindu-all,publish,ok,,318,79,318,193,43,103871,57179,46641,1479,265,922,,,,,,,
2026-09-10,2026-09-10-34449510981,india-4836511910,india,toi-top,publish,ok,,1077,99,1077,707,88,211097,160701,50323,2485,271,923,,,,,,,
2026-09-10,2026-09-10-34449510981,india-6006324701,india,deccan-chronicle,publish,ok,not_prose,242,40,242,2342,45,92082,65151,26843,1560,150,922,,,,,,,
2026-09-10,2026-09-10-34449510981,india-7738532107,india,frontline,publish,ok,,994,104,994,592,35,193037,145491,47481,2340,258,923,,,,,,,
2026-09-10,2026-09-10-34449510981,india-5995027702,india,livemint,publish,ok,,554,79,554,229,33,129884,80452,49341,1705,281,922,,,,,,,
2026-09-10,2026-09-10-34471177694,ai-0173528384,ai,straitstimes-business,publish,ok,,806,128,806,1280,35,191434,138783,52601,2009,303,0,,,,,,,
2026-09-10,2026-09-10-34471177694,ai-3274493340,ai,fastcompany-tech,publish,ok,,300,50,300,577,56,116972,94123,22838,1357,136,0,,,,,,,
2026-09-10,2026-09-10-34471177694,ai-9609655284,ai,straitstimes-opinion,extract,failed,paywalled,,,,,,,,,,,,,,,,,,
2026-09-10,2026-09-10-34471177694,ai-8385501844,ai,huggingface-blog,publish,ok,,1697,122,1697,141,82,229922,176433,53430,3444,299,923,,,,,,,
2026-09-10,2026-09-10-34471177694,energy-1670445748,energy,solar-quarter,publish,ok,,392,81,392,1238,82,84262,44849,39401,1568,238,922,,,,,,,
2026-09-10,2026-09-10-34471177694,business-economy-0548795157,business-economy,business-today-in,publish,ok,,101,61,101,331,79,48035,14572,33453,1130,206,922,,,,,,,
2026-09-10,2026-09-10-34471177694,business-economy-3712990616,business-economy,quartz,publish,ok,,442,97,442,104,48,94048,41682,52355,1522,303,922,,,,,,,
2026-09-10,2026-09-10-34471177694,business-economy-7470323360,business-economy,aljazeera-economy,fetch,failed,robots_denied,,,,,,,,,,,,,,,,,,
2026-09-10,2026-09-10-34471177694,world-7342755888,world,france24,publish,ok,,84,48,84,436,169,37898,11398,26492,1086,158,922,,,,,,,
2026-09-10,2026-09-10-34471177694,world-1016180609,world,euronews,publish,ok,,301,66,301,670,57,61139,31087,30042,1370,177,922,,,,,,,
2026-09-10,2026-09-10-34471177694,world-7855626995,world,cgtn-china,publish,ok,,314,79,314,1226,61,64258,31531,32717,1377,198,922,,,,,,,
2026-09-10,2026-09-10-34471177694,world-5537405364,world,elpais-en,publish,ok,,1220,107,1220,238,62,163862,113026,50782,2545,279,923,,,,,,,
2026-09-10,2026-09-10-34471177694,world-2055396551,world,guardian-world,publish,ok,,950,126,950,194,40,141006,88379,52526,2195,292,923,,,,,,,
2026-09-10,2026-09-10-34471177694,india-1502635572,india,the-hindu-national,publish,ok,,925,119,925,303,42,132222,84029,48127,2139,280,923,,,,,,,
2026-09-10,2026-09-10-34471177694,india-9214785762,india,livemint,publish,ok,,781,110,781,166,37,142505,94126,48322,2282,283,923,,,,,,,
2026-09-10,2026-09-10-34471177694,india-3336248696,india,deccan-chronicle,publish,ok,,263,73,263,4967,41,75668,34560,41099,1423,249,922,,,,,,,
2026-09-10,2026-09-10-34471177694,india-9805354653,india,hindustan-times,publish,ok,,872,104,872,286,52,130715,87887,42727,2194,251,923,,,,,,,
2026-09-10,2026-09-10-34471177694,india-4955887065,india,thehindu-business,publish,ok,,191,67,191,498,28,55114,21120,33984,1226,203,922,,,,,,,
2026-09-10,2026-09-10-34471177694,india-5561323883,india,thehindu-all,publish,ok,,440,70,440,129,33,89673,49395,40267,1631,228,922,,,,,,,
2026-09-10,2026-09-10-34471177694,india-9775088121,india,india-today,publish,ok,,529,84,529,355,57,88165,50253,37901,1646,211,922,,,,,,,
2026-09-10,2026-09-10-34471177694,ai-0425415342,ai,mistral-news,publish,ok,,438,99,438,279,71,201652,156324,45312,1529,238,0,,,,,,,
2026-09-10,2026-09-10-34471177694,ai-6716287068,ai,rest-of-world,publish,ok,,1164,130,1164,576,26,304291,247856,56378,2420,264,0,,,,,,,
2026-09-10,2026-09-10-34471177694,ai-1279961461,ai,techpolicy-ai,publish,ok,,2071,124,2071,811,54,431653,364834,66743,3534,316,0,,,,,,,
2026-09-10,2026-09-10-34471177694,ai-2402326626,ai,techcrunch-ai,publish,ok,,324,78,324,323,42,81209,44800,36399,1358,190,922,,,,,,,
2026-09-10,2026-09-10-34471177694,ai-4086565352,ai,mit-tech-review-ai,publish,ok,,1080,110,1080,348,60,210285,151129,59090,2382,284,923,,,,,,,
2026-09-10,2026-09-10-34471177694,business-economy-2458703757,business-economy,semafor,publish,ok,,118,59,118,400,31,55159,20165,34984,1117,192,922,,,,,,,
2026-09-10,2026-09-10-34471177694,business-economy-8482198031,business-economy,cna-business,publish,ok,,320,95,320,1097,108,95350,52150,43189,1430,223,922,,,,,,,
2026-09-10,2026-09-10-34471177694,business-economy-7714912651,business-economy,bank-of-england,fetch,failed,robots_unreachable,,,,,,,,,,,,,,,,,,
2026-09-10,2026-09-10-34471177694,world-6985164151,world,anadolu-world,publish,ok,,742,128,742,4489,234,165744,104699,60967,1941,303,923,,,,,,,
2026-09-10,2026-09-10-34471177694,world-1123988580,world,independent-world,publish,ok,,585,77,585,234,55,122953,83178,39759,1730,211,922,,,,,,,
2026-09-10,2026-09-10-34471177694,world-8424281584,world,cgtn-tech,publish,ok,,109,55,109,2112,79,56808,20217,36533,1116,197,922,,,,,,,
2026-09-10,2026-09-10-34471177694,world-3269827561,world,cgtn-business,publish,ok,,87,47,87,315,80,42738,16535,26194,1081,141,922,,,,,,,
2026-09-10,2026-09-10-34471177694,world-5005793078,world,africanews,publish,ok,,588,61,588,653,41,110572,80961,29600,1710,155,922,,,,,,,
2026-09-10,2026-09-10-34471177694,world-8293420310,world,mongabay,publish,ok,,413,55,413,243,30,102508,63918,38577,1542,202,922,,,,,,,
2026-09-10,2026-09-10-34471177694,india-3175676431,india,toi-india,publish,ok,,109,53,109,459,110,50951,19870,31072,1114,167,922,,,,,,,
2026-09-10,2026-09-10-34471177694,india-6124430262,india,economic-times,publish,ok,,665,82,665,303,90,155139,107035,48089,1961,250,922,,,,,,,
2026-09-10,2026-09-10-34471177694,india-6379023540,india,thehindu-all,publish,ok,,419,77,419,296,48,109491,66176,43216,1566,229,922,,,,,,,
2026-09-10,2026-09-10-34471177694,india-6274354210,india,toi-top,publish,ok,,290,93,290,43,91,97987,48060,49916,1390,264,922,,,,,,,
2026-09-10,2026-09-10-34471177694,india-4311715538,india,mongabay-india,publish,ok,,453,76,453,452,30,114281,68104,46162,1584,246,922,,,,,,,
2026-09-10,2026-09-10-34471177694,india-1812565188,india,dna-india,publish,ok,,294,58,294,2365,91,77514,45441,32062,1365,169,922,,,,,,,
2026-09-10,2026-09-10-34471177694,ai-9099666545,ai,nvidia-technical-blog,publish,ok,,2024,137,2024,1736,58,422868,362256,60517,3578,316,0,,,,,,,
2026-09-10,2026-09-10-34471177694,ai-9622551131,ai,straitstimes-business,publish,ok,,269,52,269,991,34,169381,137828,31540,1367,175,0,,,,,,,
2026-09-10,2026-09-10-34471177694,ai-8496956970,ai,techcrunch-ai,publish,ok,,299,66,299,81,40,78712,42106,36595,1337,204,922,,,,,,,
2026-09-10,2026-09-10-34471177694,ai-5278795479,ai,guardian-ai,publish,ok,,1413,105,1413,317,56,324622,278308,46248,2760,251,0,,,,,,,
2026-09-10,2026-09-10-34471177694,energy-1816817158,energy,pv-magazine,publish,ok,,372,89,372,1355,57,100488,57288,43189,1487,242,922,,,,,,,
2026-09-10,2026-09-10-34471177694,business-economy-7234821501,business-economy,business-today-in,publish,ok,not_prose,563,40,563,434,58,233707,206946,26710,2061,143,0,,,,,,,
2026-09-10,2026-09-10-34471177694,business-economy-4270652248,business-economy,voxdev,publish,ok,,1400,117,1400,187,47,248672,195102,53518,2847,286,923,,,,,,,
2026-09-10,2026-09-10-34471177694,world-2315167568,world,cgtn-tech,publish,ok,,507,93,507,2159,75,121535,71931,49552,1630,273,922,,,,,,,
2026-09-10,2026-09-10-34471177694,world-2510097060,world,france24,publish,ok,,87,41,87,249,56,45178,17345,27787,1092,156,922,,,,,,,
2026-09-10,2026-09-10-34471177694,world-8760445705,world,independent-world,publish,ok,,514,77,514,670,46,116439,77988,38440,1693,215,922,,,,,,,
2026-09-10,2026-09-10-34471177694,world-8579801053,world,cgtn-business,publish,ok,,79,51,79,238,71,39137,13921,25107,1058,143,922,,,,,,,
2026-09-10,2026-09-10-34471177694,world-3913204831,world,thehindu-intl,publish,ok,,217,60,217,572,43,86624,42846,43765,1347,243,922,,,,,,,
2026-09-10,2026-09-10-34471177694,world-8684252941,world,bbc-world,publish,ok,,165,58,165,666,50,58550,27795,30746,1193,172,922,,,,,,,
2026-09-10,2026-09-10-34471177694,india-4680930619,india,toi-india,publish,ok,,257,92,257,430,234,121593,39856,81727,1316,457,922,,,,,,,
2026-09-10,2026-09-10-34471177694,india-2427510305,india,free-press-journal,publish,ok,,177,58,177,719,16,62154,31097,31047,1231,176,922,,,,,,,
2026-09-10,2026-09-10-34471177694,india-0896593363,india,free-press-journal,publish,ok,,545,70,545,80,20,128468,89701,38756,1809,211,922,,,,,,,
2026-09-10,2026-09-10-34471177694,india-6422682279,india,thehindu-business,publish,ok,,325,50,325,607,48,74275,47327,26881,1391,151,922,,,,,,,
2026-09-10,2026-09-10-34471177694,india-5814944172,india,hindustan-times,publish,ok,,581,70,581,236,70,129074,87764,41297,1791,216,922,,,,,,,
2026-09-10,2026-09-10-34471177694,india-4693125221,india,india-today,publish,ok,,484,81,484,296,71,105830,66916,38849,1584,215,922,,,,,,,
2026-09-10,2026-09-10-34471177694,india-3010807547,india,thehindu-biz,publish,ok,,441,94,441,171,51,108133,66381,41739,1577,234,922,,,,,,,
2026-09-10,2026-09-10-34471177694,ai-4362034762,ai,nvidia-newsroom,publish,ok,,822,118,822,281,36,255570,206419,49100,2030,273,0,,,,,,,
2026-09-10,2026-09-10-34471177694,ai-3018986002,ai,fastcompany-tech,publish,ok,,392,87,392,1035,69,195486,152496,42974,1494,246,0,,,,,,,
2026-09-10,2026-09-10-34471177694,ai-8860390450,ai,straitstimes-opinion,extract,failed,paywalled,,,,,,,,,,,,,,,,,,
2026-09-10,2026-09-10-34471177694,ai-2060459435,ai,marktechpost,publish,ok,,883,116,883,1214,61,209479,147239,62135,2356,342,923,,,,,,,
2026-09-10,2026-09-10-34471177694,energy-4371557733,energy,solar-quarter,publish,ok,,428,93,428,9666,95,109220,59073,50135,1499,287,922,,,,,,,
2026-09-10,2026-09-10-34471177694,business-economy-3484064015,business-economy,semafor,publish,ok,,121,58,121,475,24,50916,22004,28903,1137,169,922,,,,,,,
2026-09-10,2026-09-10-34471177694,business-economy-4568434635,business-economy,cna-business,publish,ok,,339,100,339,629,102,114180,49682,64485,1405,369,922,,,,,,,
2026-09-10,2026-09-10-34471177694,business-economy-5845612032,business-economy,yahoo-finance,publish,ok,,391,53,391,606,65,101405,66723,34672,1572,199,922,,,,,,,
2026-09-10,2026-09-10-34471177694,world-4576745272,world,anadolu-world,publish,ok,,693,66,693,4656,217,124071,94727,29330,1845,166,922,,,,,,,
2026-09-10,2026-09-10-34471177694,world-9731675097,world,euronews,publish,ok,,404,74,404,1032,67,97065,59656,37357,1504,216,922,,,,,,,
2026-09-10,2026-09-10-34471177694,world-4197014169,world,cgtn-china,publish,ok,,134,73,134,1863,70,55041,21955,33077,1136,194,922,,,,,,,
2026-09-10,2026-09-10-34471177694,world-8698070635,world,thehindu-intl,publish,ok,,715,122,715,623,42,141968,95742,46124,1855,261,923,,,,,,,
2026-09-10,2026-09-10-34471177694,world-1557982884,world,guardian-world,publish,ok,,3162,119,3162,571,135,586096,521801,64064,5029,330,0,,,,,,,
2026-09-10,2026-09-10-34471177694,india-3642479108,india,the-hindu-national,publish,ok,,354,70,354,270,42,98560,61828,36722,1525,211,922,,,,,,,
2026-09-10,2026-09-10-34471177694,india-4577730233,india,deccan-chronicle,publish,ok,not_prose,187,37,187,2612,54,150929,127832,23047,1263,135,0,,,,,,,
2026-09-10,2026-09-10-34471177694,india-8586028094,india,economic-times,publish,ok,,761,91,761,329,81,169128,116955,52017,2066,291,923,,,,,,,
2026-09-10,2026-09-10-34471177694,india-4265833506,india,livemint,publish,ok,,564,62,564,169,41,129160,89866,39240,1798,222,922,,,,,,,
2026-09-10,2026-09-10-34471177694,india-7892897706,india,toi-top,publish,ok,,517,57,517,446,69,118263,86099,32094,1761,183,922,,,,,,,
2026-09-10,2026-09-10-34471177694,india-1575263949,india,mongabay-india,publish,ok,,1818,108,1818,441,38,313275,260102,52997,3439,281,923,,,,,,,
2026-09-10,2026-09-10-34471177694,india-6987325040,india,frontline,publish,ok,,175,55,175,453,31,55655,28497,27080,1201,159,922,,,,,,,
2026-09-10,2026-09-10-34489219641,ai-1240071780,ai,nvidia-newsroom,publish,ok,,502,75,502,489,25,93057,39267,53777,1677,204,0,,,,,,,
2026-09-10,2026-09-10-34489219641,ai-9496677421,ai,techpolicy-ai,publish,ok,,944,131,944,1090,28,127436,49415,77927,2142,292,0,,,,,,,
2026-09-10,2026-09-10-34489219641,ai-1120766223,ai,techcrunch-ai,publish,ok,,326,64,326,477,31,59312,10431,48872,1373,187,922,,,,,,,
2026-09-10,2026-09-10-34489219641,energy-1627702176,energy,world-nuclear-news,publish,ok,,577,102,577,1117,17,86248,19642,66596,1726,250,922,,,,,,,
2026-09-10,2026-09-10-34489219641,business-economy-4148196428,business-economy,yahoo-finance,fetch,failed,robots_denied,,,,,,,,,,,,,,,,,,
2026-09-10,2026-09-10-34489219641,business-economy-7856483524,business-economy,cna-business,publish,ok,,221,81,221,1427,82,64547,9189,55216,1282,209,922,,,,,,,
2026-09-10,2026-09-10-34489219641,business-economy-1069967751,business-economy,quartz,publish,ok,,552,89,552,401,47,89496,18266,71221,1660,268,922,,,,,,,
2026-09-10,2026-09-10-34489219641,business-economy-7831895133,business-economy,semafor,summarize,failed,copied_source,116,,116,491,22,62313,,,,,,,,,,,,
2026-09-10,2026-09-10-34489219641,world-4144196064,world,anadolu-world,publish,ok,,260,97,260,5387,169,76794,9253,67399,1310,258,922,,,,,,,
2026-09-10,2026-09-10-34489219641,world-0174977829,world,cgtn-opnion,publish,ok,,134,60,134,1445,59,48389,5384,42995,1142,166,922,,,,,,,
2026-09-10,2026-09-10-34489219641,world-7684035389,world,euronews,publish,ok,,235,79,235,1144,56,58974,8096,50870,1256,194,922,,,,,,,
2026-09-10,2026-09-10-34489219641,world-5798302267,world,guardian-world,publish,ok,,2101,136,2101,424,85,175067,85905,88991,3622,321,0,,,,,,,
2026-09-10,2026-09-10-34489219641,world-6516934400,world,independent-world,publish,ok,,1121,116,1121,608,51,117439,37397,79942,2491,296,923,,,,,,,
2026-09-10,2026-09-10-34489219641,india-8653815998,india,the-hindu-national,publish,ok,,79,48,79,838,38,47244,4724,42513,1108,165,922,,,,,,,
2026-09-10,2026-09-10-34489219641,india-2305038375,india,thehindu-business,publish,ok,,238,71,238,761,34,64087,9353,54726,1322,209,922,,,,,,,
2026-09-10,2026-09-10-34489219641,india-7539939211,india,deccan-chronicle,publish,ok,,438,77,438,2753,37,71135,15267,55859,1550,214,922,,,,,,,
2026-09-10,2026-09-10-34489219641,india-5782989068,india,hindustan-times,publish,ok,,810,65,810,699,54,86664,27297,59234,2055,222,923,,,,,,,
2026-09-10,2026-09-10-34489219641,india-2834244197,india,thehindu-all,publish,ok,,159,50,159,259,34,58809,9539,49261,1325,190,922,,,,,,,
2026-09-10,2026-09-10-34489219641,india-9172595274,india,thehindu-biz,publish,ok,,313,54,313,258,36,70044,12410,57624,1438,220,922,,,,,,,
2026-09-10,2026-09-10-34489219641,india-1461178209,india,the-federal,publish,ok,,505,72,505,2396,64,74163,17274,56880,1640,216,926,,,,,,,
2026-09-10,2026-09-10-34489219641,ai-8172407706,ai,guardian-ai,publish,ok,,839,114,839,554,65,187486,139604,47814,2035,278,0,,,,,,,
2026-09-10,2026-09-10-34489219641,ai-0680477047,ai,straitstimes-opinion,extract,failed,paywalled,,,,,,,,,,,,,,,,,,
2026-09-10,2026-09-10-34489219641,ai-7829029229,ai,fastcompany-tech,publish,ok,,353,61,353,703,53,123081,96563,26481,1411,157,0,,,,,,,
2026-09-10,2026-09-10-34489219641,energy-3360184583,energy,oilprice,publish,ok,,567,90,567,889,37,99555,59042,40503,1775,234,922,,,,,,,
2026-09-10,2026-09-10-34489219641,business-economy-7640765568,business-economy,cna-business,publish,ok,,111,61,111,268,76,43882,14496,29338,1129,178,922,,,,,,,
2026-09-10,2026-09-10-34489219641,business-economy-7982072971,business-economy,business-today-in,publish,ok,,113,67,113,387,67,47183,14650,32524,1132,195,922,,,,,,,
2026-09-10,2026-09-10-34489219641,business-economy-4901304074,business-economy,voxdev,publish,ok,,1363,95,1363,1428,28,160078,124647,35346,2721,197,923,,,,,,,
2026-09-10,2026-09-10-34489219641,business-economy-5823050363,business-economy,aljazeera-economy,fetch,failed,robots_denied,,,,,,,,,,,,,,,,,,
2026-09-10,2026-09-10-34489219641,world-4702884003,world,guardian-world,publish,ok,,544,63,544,370,43,89421,53432,35978,1695,212,922,,,,,,,
2026-09-10,2026-09-10-34489219641,world-1353978849,world,cgtn-tech,publish,ok,,63,33,63,1432,55,29774,8542,21139,1043,129,922,,,,,,,
2026-09-10,2026-09-10-34489219641,world-6812066662,world,independent-world,publish,ok,,418,90,418,248,29,91072,43661,47401,1552,276,922,,,,,,,
2026-09-10,2026-09-10-34489219641,world-7105429956,world,france24,publish,ok,too_short,55,35,55,481,41,94733,72564,22161,1058,135,0,,,,,,,
2026-09-10,2026-09-10-34489219641,world-8351653486,world,abc-au-world,publish,ok,,765,113,765,704,57,125090,71988,53053,1961,309,923,,,,,,,
2026-09-10,2026-09-10-34489219641,india-8934125377,india,toi-india,publish,ok,,678,105,678,786,176,109122,62405,46706,1823,270,922,,,,,,,
2026-09-10,2026-09-10-34489219641,india-3808097166,india,free-press-journal,publish,ok,,397,67,397,254,16,78998,40512,38431,1505,228,922,,,,,,,
2026-09-10,2026-09-10-34489219641,india-2820389808,india,toi-top,publish,ok,,534,89,534,229,70,114143,76472,37661,2025,216,922,,,,,,,
2026-09-10,2026-09-10-34489219641,india-0689492233,india,livemint,publish,ok,,755,103,755,172,31,126329,75202,51050,2005,293,923,,,,,,,
2026-09-10,2026-09-10-34489219641,india-8180369042,india,dna-india,publish,ok,,658,87,658,2198,70,108115,68125,39937,1907,230,922,,,,,,,
2026-09-10,2026-09-10-34489219641,india-9713712336,india,india-today,publish,ok,,607,69,607,226,59,95207,58656,36498,1772,212,922,,,,,,,
2026-09-10,2026-09-10-34489219641,india-1936269566,india,toi-top,publish,ok,,592,105,592,164,60,106148,54396,51698,1710,299,922,,,,,,,
2026-09-10,2026-09-10-34489219641,ai-1708307836,ai,ibm-research-blog,publish,ok,,1803,114,1803,1481,43,346400,273702,72590,3295,288,0,,,,,,,
2026-09-10,2026-09-10-34489219641,ai-7065335352,ai,straitstimes-business,publish,ok,,437,88,437,1719,34,190564,129641,60852,1580,251,0,,,,,,,
2026-09-10,2026-09-10-34489219641,ai-8887353560,ai,techcrunch-ai,publish,ok,,898,126,898,327,40,169096,98203,70781,2105,289,923,,,,,,,
2026-09-10,2026-09-10-34489219641,energy-3344382543,energy,electrek,publish,ok,,633,70,633,998,32,123552,72589,50952,1793,209,922,,,,,,,
2026-09-10,2026-09-10-34489219641,business-economy-2714827075,business-economy,yahoo-finance,publish,ok,,446,71,446,659,121,115823,59901,55833,1644,231,922,,,,,,,
2026-09-10,2026-09-10-34489219641,business-economy-4225507083,business-economy,guardian-business,publish,ok,,702,141,702,1016,56,160508,83736,76649,1937,313,923,,,,,,,
2026-09-10,2026-09-10-34489219641,business-economy-9607773936,business-economy,fred-blog,publish,ok,,409,69,409,1406,23,109774,54807,54957,1581,227,922,,,,,,,
2026-09-10,2026-09-10-34489219641,business-economy-0878454392,business-economy,bbc-business,extract,failed,no_text,,,,,,,,,,,,,,,,,,
2026-09-10,2026-09-10-34489219641,world-9805258099,world,lemonde-en,publish,ok,too_short,35,31,35,1785,5,110858,84669,26176,1024,110,0,,,,,,,
2026-09-10,2026-09-10-34489219641,world-6221052146,world,cgtn-opnion,publish,ok,,1047,107,1047,932,76,195551,122857,72559,2409,294,923,,,,,,,
2026-09-10,2026-09-10-34489219641,world-7903535841,world,cgtn-china,publish,ok,,119,35,119,186,68,47322,16550,30764,1117,129,922,,,,,,,
2026-09-10,2026-09-10-34489219641,world-6168967509,world,africanews,publish,ok,,98,66,98,1174,51,59794,15726,44059,1109,185,922,,,,,,,
2026-09-10,2026-09-10-34489219641,world-8662281557,world,conversation-africa,publish,ok,,1139,126,1139,739,34,193667,123421,70097,2415,284,923,,,,,,,
2026-09-10,2026-09-10-34489219641,india-2260485802,india,toi-india,publish,ok,,176,62,176,618,100,71796,24811,46976,1220,196,922,,,,,,,
2026-09-10,2026-09-10-34489219641,india-8257336760,india,free-press-journal,publish,ok,,337,74,337,1197,19,96593,45741,50840,1470,211,922,,,,,,,
2026-09-10,2026-09-10-34489219641,india-9244740921,india,thehindu-business,publish,ok,,564,101,564,858,37,147033,65788,81234,1713,333,922,,,,,,,
2026-09-10,2026-09-10-34489219641,india-6261756226,india,mongabay-india,publish,ok,,232,57,232,816,24,80754,31599,49019,1301,204,922,,,,,,,
2026-09-10,2026-09-10-34489219641,india-0464567414,india,thehindu-all,publish,ok,,310,68,310,847,40,81353,36818,44524,1366,186,922,,,,,,,
2026-09-10,2026-09-10-34489219641,india-7819306047,india,hindustan-times,publish,ok,,544,100,544,577,62,130155,64679,65465,1697,270,922,,,,,,,
2026-09-10,2026-09-10-34489219641,india-5663997116,india,the-federal,publish,ok,,316,72,316,3267,72,98149,42089,55967,1429,233,922,,,,,,,
2026-09-10,2026-09-10-34489219641,ai-7860428152,ai,straitstimes-business,publish,ok,,759,121,759,1042,42,256646,200919,55666,1972,321,0,,,,,,,
2026-09-10,2026-09-10-34489219641,ai-2835663923,ai,nvidia-newsroom,publish,ok,,679,79,679,129,28,228585,193173,35395,1885,207,0,,,,,,,
2026-09-10,2026-09-10-34489219641,ai-2427165886,ai,straitstimes-opinion,extract,failed,paywalled,,,,,,,,,,,,,,,,,,
2026-09-10,2026-09-10-34489219641,energy-3073446212,energy,electrek,publish,ok,,840,114,840,314,34,174737,122983,51697,2124,298,923,,,,,,,
2026-09-10,2026-09-10-34489219641,energy-9859958665,energy,pv-magazine,publish,ok,,484,99,484,1277,54,122723,70799,51878,1614,305,922,,,,,,,
2026-09-10,2026-09-10-34489219641,business-economy-4567206421,business-economy,business-today-in,publish,ok,not_prose,655,30,655,146,57,259070,231697,27321,2268,155,0,,,,,,,
2026-09-10,2026-09-10-34489219641,business-economy-3190771059,business-economy,quartz,publish,ok,,307,72,307,338,50,115068,46059,68957,1372,403,922,,,,,,,
2026-09-10,2026-09-10-34489219641,business-economy-7626987670,business-economy,voxdev,publish,ok,,3255,147,3255,714,49,577016,522781,54146,5053,294,0,,,,,,,
2026-09-10,2026-09-10-34489219641,business-economy-5695567876,business-economy,bbc-business,publish,ok,,842,98,842,219,64,155675,113254,42358,2026,246,923,,,,,,,
2026-09-10,2026-09-10-34489219641,world-7594810849,world,euronews,publish,ok,,642,92,642,732,69,136867,95400,41452,1853,238,922,,,,,,,
2026-09-10,2026-09-10-34489219641,world-2536724615,world,cgtn-tech,publish,ok,,98,38,98,1991,73,40772,17224,23499,1091,138,922,,,,,,,
2026-09-10,2026-09-10-34489219641,world-4463112889,world,africanews,publish,ok,,225,73,225,804,33,68689,35041,33636,1265,193,922,,,,,,,
2026-09-10,2026-09-10-34489219641,world-8760861208,world,anadolu-world,publish,ok,,1400,120,1400,4256,94,243633,191759,51817,2785,292,923,,,,,,,
2026-09-10,2026-09-10-34489219641,india-0953855495,india,the-hindu-national,publish,ok,,161,51,161,547,40,65140,31164,33966,1226,189,922,,,,,,,
2026-09-10,2026-09-10-34489219641,india-9260643628,india,livemint,publish,ok,,678,70,678,264,34,143654,104232,39407,1935,216,922,,,,,,,
2026-09-10,2026-09-10-34489219641,india-0026451546,india,deccan-chronicle,publish,ok,,1079,127,1079,2973,49,190878,140996,49763,2296,285,923,,,,,,,
2026-09-10,2026-09-10-34489219641,india-0300340847,india,economic-times,publish,ok,,245,70,245,222,48,79838,42605,37122,1338,210,922,,,,,,,
2026-09-10,2026-09-10-34489219641,india-1706532158,india,india-today,publish,ok,,497,80,497,407,78,101918,66967,34939,1578,202,922,,,,,,,
2026-09-10,2026-09-10-34489219641,india-2530040697,india,dna-india,publish,ok,,293,62,293,2334,83,76359,44602,31744,1357,183,922,,,,,,,
2026-09-10,2026-09-10-34489219641,india-5429364763,india,economic-times,publish,ok,,242,70,242,268,69,68419,37268,31141,1286,182,922,,,,,,,
2026-09-10,2026-09-10-34509975024,ai-9251477860,ai,nvidia-newsroom,publish,ok,,1257,101,1257,781,43,325804,279609,46135,2736,246,0,,,,,,,
2026-09-10,2026-09-10-34509975024,ai-2713467320,ai,google-ai-blog,publish,ok,,423,70,423,324,54,181894,151655,30195,1492,167,0,,,,,,,
2026-09-10,2026-09-10-34509975024,ai-3314592227,ai,openai-news,fetch,failed,http_client_error,,,,,,,,,,,,,,,,,,
2026-09-10,2026-09-10-34509975024,ai-3910887543,ai,nist-news,publish,ok,,813,133,813,538,27,164827,112182,52592,2018,287,923,,,,,,,
2026-09-10,2026-09-10-34509975024,energy-5325047614,energy,electrek,publish,ok,,739,135,739,296,33,164488,105173,59251,1951,320,923,,,,,,,
2026-09-10,2026-09-10-34509975024,energy-6414426620,energy,balkangreen,publish,ok,,510,98,510,3048,42,209543,80105,129426,1703,685,922,,,,,,,
2026-09-10,2026-09-10-34509975024,business-economy-6901255312,business-economy,cna-business,publish,ok,,298,87,298,961,98,85966,44698,41210,1357,221,922,,,,,,,
2026-09-10,2026-09-10-34509975024,business-economy-6434843051,business-economy,business-today-in,extract,failed,no_text,,,,,,,,,,,,,,,,,,
2026-09-10,2026-09-10-34509975024,business-economy-7654359834,business-economy,quartz,publish,ok,not_prose,48,26,48,167,47,125597,105656,19928,1038,116,0,,,,,,,
2026-09-10,2026-09-10-34509975024,business-economy-8568677575,business-economy,aljazeera-economy,fetch,failed,robots_denied,,,,,,,,,,,,,,,,,,
2026-09-10,2026-09-10-34509975024,world-5193697411,world,bbc-world,publish,ok,,438,65,438,226,55,102952,67040,35900,1574,194,922,,,,,,,
2026-09-10,2026-09-10-34509975024,world-1022762454,world,cgtn-tech,publish,ok,,1305,120,1305,2461,78,226012,174262,51667,2618,276,923,,,,,,,
2026-09-10,2026-09-10-34509975024,world-5863176350,world,guardian-world,publish,ok,,321,66,321,378,41,83645,49570,34064,1403,188,922,,,,,,,
2026-09-10,2026-09-10-34509975024,world-3224711902,world,africanews,publish,ok,,259,65,259,639,31,72055,37644,34401,1290,192,922,,,,,,,
2026-09-10,2026-09-10-34509975024,india-4644399834,india,the-hindu-national,publish,ok,,253,95,253,471,41,91689,44745,46933,1360,262,922,,,,,,,
2026-09-10,2026-09-10-34509975024,india-4639757912,india,livemint,publish,ok,,613,67,613,235,33,122085,87224,34846,1774,192,922,,,,,,,
2026-09-10,2026-09-10-34509975024,india-5439252586,india,free-press-journal,publish,ok,,404,81,404,550,21,104358,65098,39147,1558,216,922,,,,,,,
2026-09-10,2026-09-10-34509975024,india-0146110324,india,economic-times,publish,ok,,378,85,378,150,61,90301,54041,36250,1450,201,922,,,,,,,
2026-09-10,2026-09-10-34509975024,india-3607950866,india,thehindu-biz,publish,ok,,622,89,622,183,44,124146,88259,35875,1799,198,938,,,,,,,
2026-09-10,2026-09-10-34509975024,india-0360532040,india,india-today,publish,ok,,715,112,715,363,70,164347,106585,57691,1962,314,923,,,,,,,
2026-09-10,2026-09-10-34509975024,ai-4337022923,ai,openai-news,fetch,failed,http_client_error,,,,,,,,,,,,,,,,,,
2026-09-10,2026-09-10-34509975024,ai-0836292469,ai,straitstimes-business,publish,ok,,522,73,522,1695,40,206902,167878,38982,1672,211,0,,,,,,,
2026-09-10,2026-09-10-34509975024,ai-0652723917,ai,techpolicy-ai,publish,ok,,1503,101,1503,1303,44,333162,287977,45116,2858,242,0,,,,,,,
2026-09-10,2026-09-10-34509975024,ai-2510416676,ai,straitstimes-opinion,publish,ok,,217,60,217,665,29,61159,33069,28080,1248,158,922,,,,,,,
2026-09-10,2026-09-10-34509975024,energy-2016310105,energy,oilprice,publish,ok,,329,62,329,5923,54,90299,48751,41535,1406,228,922,,,,,,,
2026-09-10,2026-09-10-34509975024,energy-5988912125,energy,modern-power,publish,ok,,354,93,354,1013,33,100926,52988,47927,1444,258,922,,,,,,,
2026-09-10,2026-09-10-34509975024,business-economy-5693984289,business-economy,yahoo-finance,publish,ok,,484,65,484,626,137,100582,68416,32154,1608,174,932,,,,,,,
2026-09-10,2026-09-10-34509975024,business-economy-2627861569,business-economy,business-today-in,extract,failed,no_text,,,,,,,,,,,,,,,,,,
2026-09-10,2026-09-10-34509975024,business-economy-7831895133,business-economy,semafor,summarize,failed,copied_source,116,,116,609,28,44335,,,,,,,,,,,,
2026-09-10,2026-09-10-34509975024,business-economy-7617040728,business-economy,guardian-business,publish,ok,,942,121,942,830,65,178536,123427,55057,2146,304,923,,,,,,,
2026-09-10,2026-09-10-34509975024,world-8221060468,world,cgtn-opnion,publish,ok,,130,43,130,890,70,49337,21543,27744,1135,154,922,,,,,,,
2026-09-10,2026-09-10-34509975024,world-4145681888,world,independent-world,summarize,failed,bad_shape,695,,695,346,45,246325,,,,,,,,,,,,
2026-09-10,2026-09-10-34509975024,world-2339175088,world,anadolu-world,publish,ok,not_prose,55,25,55,6402,100,125172,105991,19170,1060,110,0,,,,,,,
2026-09-10,2026-09-10-34509975024,world-1254595974,world,mongabay,publish,ok,,2418,138,2418,525,50,521695,460230,61340,4508,305,0,,,,,,,
2026-09-10,2026-09-10-34509975024,india-4425424536,india,thehindu-all,publish,ok,,314,60,314,800,44,94152,52442,41657,1440,234,922,,,,,,,
2026-09-10,2026-09-10-34509975024,india-6604655538,india,hindustan-times,publish,ok,,685,55,685,415,69,121586,93727,27845,1858,153,928,,,,,,,
2026-09-10,2026-09-10-34509975024,india-4226237402,india,thehindu-business,publish,ok,,270,105,270,633,37,86016,42086,43875,1338,247,922,,,,,,,
2026-09-10,2026-09-10-34509975024,india-5175595884,india,hindustan-times,publish,ok,,987,109,987,1406,68,202389,150170,52122,2407,270,923,,,,,,,
2026-09-10,2026-09-10-34509975024,india-8191380932,india,toi-top,publish,ok,,560,89,560,496,74,143716,75570,68134,1670,379,922,,,,,,,
2026-09-10,2026-09-10-34509975024,india-8382640576,india,india-today,publish,ok,,608,98,608,1759,72,146342,91632,54616,1829,300,922,,,,,,,
2026-09-10,2026-09-10-34509975024,ai-0496001016,ai,fastcompany-tech,publish,ok,,345,65,345,1500,71,177172,143738,33420,1414,177,0,,,,,,,
2026-09-10,2026-09-10-34509975024,ai-5440568395,ai,amazon-science,publish,ok,,2341,128,2341,1396,70,448733,401332,47214,3895,238,0,,,,,,,
2026-09-10,2026-09-10-34509975024,ai-9163184672,ai,databricks-blog,publish,ok,,1379,98,1379,695,99,321158,276913,44132,2709,235,0,,,,,,,
2026-09-10,2026-09-10-34509975024,ai-8664776960,ai,straitstimes-opinion,publish,ok,,315,83,315,1381,29,96369,50035,46324,1405,248,922,,,,,,,
2026-09-10,2026-09-10-34509975024,energy-9726428797,energy,electrek,publish,ok,,453,77,453,1396,31,116422,75030,41378,1650,230,922,,,,,,,
2026-09-10,2026-09-10-34509975024,energy-7760416839,energy,power-magazine,publish,ok,,431,74,431,578,47,106100,66635,39453,1567,218,922,,,,,,,
2026-09-10,2026-09-10-34509975024,business-economy-5640855832,business-economy,yahoo-finance,fetch,failed,robots_denied,,,,,,,,,,,,,,,,,,
2026-09-10,2026-09-10-34509975024,business-economy-0985011666,business-economy,cna-business,publish,ok,,386,70,386,735,101,105302,57501,47789,1479,248,922,,,,,,,
2026-09-10,2026-09-10-34509975024,business-economy-7508531388,business-economy,aljazeera-economy,fetch,failed,robots_denied,,,,,,,,,,,,,,,,,,
2026-09-10,2026-09-10-34509975024,business-economy-4450598246,business-economy,guardian-business,publish,ok,,820,118,820,870,46,173839,113300,60458,2028,314,923,,,,,,,
2026-09-10,2026-09-10-34509975024,world-2835243827,world,cgtn-opnion,publish,ok,,133,49,133,1026,72,53261,23433,29815,1150,152,922,,,,,,,
2026-09-10,2026-09-10-34509975024,world-9130526563,world,independent-world,publish,ok,,1067,88,1067,665,47,191718,149755,41841,2374,222,923,,,,,,,
2026-09-10,2026-09-10-34509975024,world-5656482272,world,anadolu-world,publish,ok,,239,60,239,5839,202,65786,36247,29527,1274,162,922,,,,,,,
2026-09-10,2026-09-10-34509975024,world-1922154088,world,euronews,publish,ok,,304,90,304,1203,63,95529,51295,44223,1424,248,922,,,,,,,
2026-09-10,2026-09-10-34509975024,india-1692252063,india,toi-india,publish,ok,,1479,114,1479,659,106,285293,226541,58626,3115,302,923,,,,,,,
2026-09-10,2026-09-10-34509975024,india-4055263399,india,thehindu-business,publish,ok,,579,78,579,827,38,119659,81514,38132,1716,205,922,,,,,,,
2026-09-10,2026-09-10-34509975024,india-9603323062,india,livemint,publish,ok,,659,64,659,671,33,142281,107359,34866,1965,189,922,,,,,,,
2026-09-10,2026-09-10-34509975024,india-5229416003,india,deccan-chronicle,publish,ok,,398,101,398,2268,46,166554,60764,105734,1513,572,922,,,,,,,
2026-09-10,2026-09-10-34509975024,india-1924100648,india,toi-top,publish,ok,,530,71,530,161,87,146459,98131,48214,1879,258,922,,,,,,,
2026-09-10,2026-09-10-34509975024,india-1266931311,india,dna-india,publish,ok,,554,68,554,2525,86,135115,91342,43711,1811,228,922,,,,,,,
2026-09-10,2026-09-10-34509975024,ai-5657537710,ai,nvidia-newsroom,publish,ok,,824,124,824,187,34,260440,208341,52012,2042,287,0,,,,,,,
2026-09-10,2026-09-10-34509975024,ai-5208919080,ai,nvidia-technical-blog,publish,ok,not_prose,848,42,848,376,41,193509,164781,28667,2520,155,922,,,,,,,
2026-09-10,2026-09-10-34509975024,ai-8761165973,ai,nvidia-technical-blog,publish,ok,not_prose,1754,44,1754,1616,59,347991,317736,30191,3985,158,922,,,,,,,
2026-09-10,2026-09-10-34509975024,ai-0728773035,ai,straitstimes-business,publish,ok,,432,85,432,1005,35,201356,159226,42085,1564,241,0,,,,,,,
2026-09-10,2026-09-10-34509975024,ai-6674273366,ai,guardian-ai,publish,ok,not_prose,8,29,8,297,154,115009,99506,15489,981,90,0,,,,,,,
2026-09-10,2026-09-10-34509975024,energy-7741918681,energy,modern-power,publish,ok,,434,85,434,847,32,132648,67377,65261,1580,369,922,,,,,,,
2026-09-10,2026-09-10-34509975024,energy-4217070363,energy,grist,publish,ok,,828,133,828,352,43,178139,115901,62160,2049,343,923,,,,,,,
2026-09-10,2026-09-10-34509975024,business-economy-3365090253,business-economy,semafor,publish,ok,,160,56,160,524,24,56060,25756,30247,1173,173,922,,,,,,,
2026-09-10,2026-09-10-34509975024,business-economy-9323735343,business-economy,quartz,publish,ok,not_prose,70,39,70,218,54,36568,15127,21327,1067,124,922,,,,,,,
2026-09-10,2026-09-10-34509975024,business-economy-2087815992,business-economy,bbc-business,publish,ok,,466,72,466,395,54,98820,64780,33985,1554,193,922,,,,,,,
2026-09-10,2026-09-10-34509975024,world-7857831553,world,mongabay,publish,ok,,1670,133,1670,379,39,299746,242537,57147,3268,297,923,,,,,,,
2026-09-10,2026-09-10-34509975024,world-6883145288,world,cgtn-tech,publish,ok,,489,64,489,2100,75,107758,71828,35918,1621,202,922,,,,,,,
2026-09-10,2026-09-10-34509975024,world-4990647071,world,bbc-world,publish,ok,,1134,108,1134,41,61,208435,156745,51589,2441,277,923,,,,,,,
2026-09-10,2026-09-10-34509975024,world-2003609553,world,euronews,publish,ok,,840,97,840,672,70,160431,113512,46855,2026,261,923,,,,,,,
2026-09-10,2026-09-10-34509975024,india-5563721889,india,the-hindu-national,publish,ok,,609,91,609,591,43,138759,89300,49447,1792,276,922,,,,,,,
2026-09-10,2026-09-10-34509975024,india-0952193977,india,toi-india,publish,ok,,517,80,517,387,107,114450,74423,39957,1647,225,922,,,,,,,
2026-09-10,2026-09-10-34509975024,india-8606782169,india,economic-times,publish,ok,,538,70,538,294,76,116414,83120,33281,1731,186,922,,,,,,,
2026-09-10,2026-09-10-34509975024,india-2635992743,india,deccan-chronicle,publish,ok,,302,53,302,2118,45,82880,47715,35082,1386,200,922,,,,,,,
2026-09-10,2026-09-10-34509975024,india-8419900716,india,thehindu-all,publish,ok,,334,102,334,162,42,127306,50314,76981,1412,436,922,,,,,,,
2026-09-10,2026-09-10-34509975024,india-7616273405,india,free-press-journal,publish,ok,,451,52,451,573,22,99470,70375,29084,1610,165,922,,,,,,,
2026-09-10,2026-09-10-34529323798,ai-7517053269,ai,techcrunch-ai,publish,ok,,408,63,408,562,39,88178,38069,50097,1515,195,0,,,,,,,
2026-09-10,2026-09-10-34529323798,ai-4279428017,ai,databricks-blog,publish,ok,,1350,126,1350,475,58,133089,62384,70596,2598,264,0,,,,,,,
2026-09-10,2026-09-10-34529323798,ai-5172490044,ai,straitstimes-opinion,extract,failed,paywalled,,,,,,,,,,,,,,,,,,
2026-09-10,2026-09-10-34529323798,energy-4085261605,energy,heatmap,publish,ok,,5758,152,5758,703,69,373578,228793,144618,8273,457,0,,,,,,,
2026-09-10,2026-09-10-34529323798,energy-9615795087,energy,power-magazine,publish,ok,,567,59,567,533,39,71598,20281,51307,1725,198,922,,,,,,,
2026-09-10,2026-09-10-34529323798,business-economy-3910205518,business-economy,business-today-in,summarize,failed,copied_source,122,,122,610,56,76805,,,,,,,,,,,,
2026-09-10,2026-09-10-34529323798,business-economy-7831895133,business-economy,semafor,summarize,failed,copied_source,116,,116,500,20,63600,,,,,,,,,,,,
2026-09-10,2026-09-10-34529323798,business-economy-4808047244,business-economy,marginal-revolution,publish,ok,,96,62,96,842,11,49461,5455,43864,1091,173,922,,,,,,,
2026-09-10,2026-09-10-34529323798,world-6976267303,world,elpais-en,publish,ok,,1274,90,1274,1347,47,116254,44952,71192,2661,269,923,,,,,,,
2026-09-10,2026-09-10-34529323798,world-8342475877,world,bbc-world,publish,ok,,186,68,186,784,36,57023,7575,49440,1201,191,922,,,,,,,
2026-09-10,2026-09-10-34529323798,world-0842926151,world,anadolu-world,publish,ok,,628,70,628,4870,207,73326,22148,51168,1781,196,922,,,,,,,
2026-09-10,2026-09-10-34529323798,world-9919831574,world,guardian-world,publish,ok,,416,92,416,671,36,92669,15343,77219,1509,299,922,,,,,,,
2026-09-10,2026-09-10-34529323798,world-7940644152,world,thehindu-intl,publish,ok,,403,79,403,725,32,63071,15730,47332,1523,184,922,,,,,,,
2026-09-10,2026-09-10-34529323798,world-3590342025,world,mongabay,publish,ok,,446,66,446,412,21,71829,16716,55104,1588,212,922,,,,,,,
2026-09-10,2026-09-10-34529323798,india-8315518120,india,toi-india,publish,ok,,133,47,133,918,69,48993,6543,42442,1156,169,922,,,,,,,
2026-09-10,2026-09-10-34529323798,india-9761894999,india,thehindu-all,publish,ok,,457,72,457,309,31,63705,16184,47511,1569,187,922,,,,,,,
2026-09-10,2026-09-10-34529323798,india-9493749240,india,economic-times,publish,ok,,644,73,644,583,59,90598,28211,62376,2047,239,922,,,,,,,
2026-09-10,2026-09-10-34529323798,india-0496832356,india,livemint,publish,ok,,1005,88,1005,647,32,108688,36235,72284,2375,274,923,,,,,,,
2026-09-10,2026-09-10-34529323798,india-2482672772,india,thehindu-biz,publish,ok,,439,81,439,256,31,90318,17076,73011,1610,284,922,,,,,,,
2026-09-10,2026-09-10-34529323798,india-6550189437,india,hindustan-times,publish,ok,,600,89,600,662,46,79793,22125,57561,1788,223,922,,,,,,,
2026-09-10,2026-09-10-34529323798,ai-5005292425,ai,openai-news,fetch,failed,http_client_error,,,,,,,,,,,,,,,,,,
2026-09-10,2026-09-10-34529323798,ai-8728198544,ai,techpolicy-ai,publish,ok,,1529,73,1529,723,50,336849,294696,42058,2874,218,0,,,,,,,
2026-09-10,2026-09-10-34529323798,ai-6548727330,ai,openai-news,fetch,failed,http_client_error,,,,,,,,,,,,,,,,,,
2026-09-10,2026-09-10-34529323798,energy-4976539938,energy,electrek,publish,ok,,1143,117,1143,507,37,218826,165601,53148,2522,279,923,,,,,,,
2026-09-10,2026-09-10-34529323798,energy-8347276053,energy,oilprice,publish,ok,,545,52,545,947,46,222258,186428,35786,1829,196,0,,,,,,,
2026-09-10,2026-09-10-34529323798,business-economy-6483744580,business-economy,cna-business,summarize,failed,bad_shape,555,,555,353,116,238440,,,,,,,,,,,,
2026-09-10,2026-09-10-34529323798,business-economy-0439020653,business-economy,quartz,publish,ok,not_prose,42,25,42,155,53,122636,104706,17916,1024,102,0,,,,,,,
2026-09-10,2026-09-10-34529323798,business-economy-2037184020,business-economy,semafor,publish,ok,,100,41,100,528,24,38352,17202,21060,1090,120,922,,,,,,,
2026-09-10,2026-09-10-34529323798,world-9842771968,world,independent-world,publish,ok,,432,96,432,237,47,111735,60887,50837,1513,272,922,,,,,,,
2026-09-10,2026-09-10-34529323798,world-5432563339,world,abc-au-world,publish,ok,,500,87,500,412,83,107941,71396,36533,1616,201,922,,,,,,,
2026-09-10,2026-09-10-34529323798,world-8860112512,world,guardian-world,publish,ok,,450,100,450,466,45,99994,61570,38412,1522,212,922,,,,,,,
2026-09-10,2026-09-10-34529323798,world-1614743280,world,bbc-world,publish,ok,,380,71,380,664,58,88146,54431,33704,1452,185,922,,,,,,,
2026-09-10,2026-09-10-34529323798,world-7740949471,world,euronews,publish,ok,,530,72,530,993,74,120861,78048,42801,1698,229,940,,,,,,,
2026-09-10,2026-09-10-34529323798,world-9441670399,world,anadolu-world,publish,ok,,286,87,286,5128,235,77113,42727,34303,1336,188,922,,,,,,,
2026-09-10,2026-09-10-34529323798,india-4323880209,india,thehindu-all,publish,ok,,267,92,267,582,54,87307,43556,43741,1345,242,922,,,,,,,
2026-09-10,2026-09-10-34529323798,india-7279007236,india,the-hindu-national,publish,ok,,574,77,574,116,48,138233,84271,53950,1742,289,922,,,,,,,
2026-09-10,2026-09-10-34529323798,india-1267421792,india,livemint,publish,ok,,638,83,638,248,43,142330,99930,42328,1891,228,922,,,,,,,
2026-09-10,2026-09-10-34529323798,india-4732356852,india,toi-top,publish,ok,,224,86,224,731,92,71833,34886,36879,1260,205,922,,,,,,,
2026-09-10,2026-09-10-34529323798,india-2134726660,india,toi-top,publish,ok,,1293,106,1293,1085,87,227104,171616,55339,2585,288,923,,,,,,,
2026-09-10,2026-09-10-34529323798,india-8947728477,india,india-today,publish,ok,,518,78,518,385,73,165544,68969,96561,1596,531,922,,,,,,,
2026-09-10,2026-09-10-34529323798,ai-4022163640,ai,ars-technica-ai,publish,ok,,314,91,314,1120,46,173575,137600,35932,1360,202,0,,,,,,,
2026-09-10,2026-09-10-34529323798,ai-6850078183,ai,straitstimes-business,publish,ok,,1651,119,1651,1519,53,374436,325195,49180,3178,269,0,,,,,,,
2026-09-10,2026-09-10-34529323798,energy-4206247098,energy,electrek,publish,ok,,514,89,514,830,32,117074,76811,40248,1671,226,922,,,,,,,
2026-09-10,2026-09-10-34529323798,energy-1574933168,energy,inside-climate-news,publish,ok,,1723,99,1723,768,44,283810,237278,46469,3230,254,923,,,,,,,
2026-09-10,2026-09-10-34529323798,business-economy-9349918209,business-economy,cna-business,publish,ok,,402,97,402,1727,103,132431,64188,68191,1550,389,922,,,,,,,
2026-09-10,2026-09-10-34529323798,business-economy-7709828488,business-economy,fed-press,publish,ok,,236,84,236,446,26,71882,37566,34206,1290,199,922,,,,,,,
2026-09-10,2026-09-10-34529323798,business-economy-5587038849,business-economy,aljazeera-economy,fetch,failed,robots_denied,,,,,,,,,,,,,,,,,,
2026-09-10,2026-09-10-34529323798,world-3733645070,world,independent-world,publish,ok,,373,56,373,679,45,86734,54139,32582,1451,186,922,,,,,,,
2026-09-10,2026-09-10-34529323798,world-6649862240,world,cgtn-opnion,publish,ok,,1520,113,1520,844,81,251602,200553,50973,2873,277,923,,,,,,,
2026-09-10,2026-09-10-34529323798,world-4956494067,world,mongabay,publish,ok,,487,104,487,265,29,110012,68509,41491,1608,236,939,,,,,,,
2026-09-10,2026-09-10-34529323798,world-8416928355,world,france24,publish,ok,,1618,104,1618,326,71,272510,221602,50804,3080,280,923,,,,,,,
2026-09-10,2026-09-10-34529323798,world-7940919526,world,africanews,publish,ok,,122,55,122,1364,31,56684,29208,27467,1134,160,848,,,,,,,
2026-09-10,2026-09-10-34529323798,world-1482838552,world,dw-world,publish,ok,,909,110,909,2867,40,169760,123511,46109,2129,258,923,,,,,,,
2026-09-10,2026-09-10-34529323798,world-9240944015,world,dw-world,publish,ok,,991,94,991,40889,43,198863,147441,51090,2360,284,923,,,,,,,
2026-09-10,2026-09-10-34529323798,india-6139415387,india,toi-india,publish,ok,,436,92,436,405,228,105704,62075,43618,1532,252,922,,,,,,,
2026-09-10,2026-09-10-34529323798,india-7494962546,india,thehindu-business,publish,ok,not_prose,469,34,469,766,52,131352,106348,24926,1963,141,922,,,,,,,
2026-09-10,2026-09-10-34529323798,india-3306122158,india,deccan-chronicle,publish,ok,,364,89,364,2260,43,108216,53024,55128,1440,312,922,,,,,,,
2026-09-10,2026-09-10-34529323798,india-8849055476,india,free-press-journal,publish,ok,,179,59,179,537,19,71135,32486,38637,1246,223,928,,,,,,,
2026-09-10,2026-09-10-34529323798,india-5856035383,india,india-today,publish,ok,,602,83,602,353,70,119853,83435,36406,1746,207,928,,,,,,,
2026-09-10,2026-09-10-34529323798,india-8393212263,india,scroll-in,publish,ok,not_prose,39,28,39,481,48,131242,107238,23993,1053,138,0,,,,,,,
2026-09-10,2026-09-10-34529323798,ai-3000031650,ai,techcrunch-ai,publish,ok,,945,96,945,441,50,276976,232331,44591,2318,244,0,,,,,,,
2026-09-10,2026-09-10-34529323798,ai-9860627551,ai,straitstimes-business,publish,ok,,281,76,281,977,35,168509,133493,34974,1336,196,0,,,,,,,
2026-09-10,2026-09-10-34529323798,ai-5509644790,ai,wired-ai,publish,ok,,5111,157,5111,553,169,865136,784029,80947,7527,362,0,,,,,,,
2026-09-10,2026-09-10-34529323798,energy-9145925154,energy,oilprice,publish,ok,,532,71,532,513,44,116258,80667,35577,1720,197,922,,,,,,,
2026-09-10,2026-09-10-34529323798,energy-2521079826,energy,heatmap,publish,ok,,5905,146,5905,242,91,873765,790540,83024,8411,349,924,,,,,,,
2026-09-10,2026-09-10-34529323798,business-economy-8164057500,business-economy,business-today-in,publish,ok,,114,72,114,347,85,50711,20101,30561,1120,174,922,,,,,,,
2026-09-10,2026-09-10-34529323798,business-economy-9369046874,business-economy,aljazeera-economy,fetch,failed,robots_denied,,,,,,,,,,,,,,,,,,
2026-09-10,2026-09-10-34529323798,business-economy-8000856116,business-economy,guardian-business,publish,ok,,715,124,715,815,68,157364,100883,56432,1922,303,923,,,,,,,
2026-09-10,2026-09-10-34529323798,world-1255445412,world,cgtn-opnion,publish,ok,,947,137,947,1344,76,189510,135463,53975,2258,295,923,,,,,,,
2026-09-10,2026-09-10-34529323798,world-6492262568,world,abc-au-world,publish,ok,,1067,103,1067,820,86,195335,141837,53436,2324,254,923,,,,,,,
2026-09-10,2026-09-10-34529323798,world-6954950858,world,france24,publish,ok,not_prose,52,33,52,664,52,121990,103850,18129,1035,101,0,,,,,,,
2026-09-10,2026-09-10-34529323798,world-7479005442,world,euronews,publish,ok,,271,73,271,823,70,76537,39033,37490,1307,198,922,,,,,,,
2026-09-10,2026-09-10-34529323798,world-2149942324,world,elpais-en,publish,ok,,1674,150,1674,1108,71,291832,226839,64887,3146,342,923,,,,,,,
2026-09-10,2026-09-10-34529323798,world-8193765586,world,africanews,publish,ok,,146,51,146,1141,33,57058,23523,33524,1153,176,922,,,,,,,
2026-09-10,2026-09-10-34529323798,india-1925534076,india,the-hindu-national,publish,ok,,558,77,558,432,44,132271,91277,40977,1825,228,922,,,,,,,
2026-09-10,2026-09-10-34529323798,india-3078323704,india,thehindu-business,publish,ok,,465,62,465,334,38,113527,74471,38967,1661,215,922,,,,,,,
2026-09-10,2026-09-10-34529323798,india-7680346002,india,deccan-chronicle,publish,ok,,376,80,376,1842,47,99558,57020,42526,1487,239,922,,,,,,,
2026-09-10,2026-09-10-34529323798,india-7598018080,india,free-press-journal,publish,ok,not_prose,477,53,477,594,20,111482,83113,28271,1747,156,922,,,,,,,
2026-09-10,2026-09-10-34529323798,india-3924659475,india,economic-times,publish,ok,,323,95,323,432,63,82280,45300,36911,1371,207,922,,,,,,,
2026-09-10,2026-09-10-34529323798,india-5390307067,india,dna-india,publish,ok,,554,70,554,1849,93,128484,83636,44834,1750,246,922,,,,,,,
2026-09-11,2026-09-11-34573851795,ai-0144827763,ai,straitstimes-opinion,extract,failed,paywalled,,,,,,,,,,,,,,,,,,
2026-09-11,2026-09-11-34573851795,ai-5886684639,ai,guardian-ai,publish,ok,,743,121,743,666,42,112324,43928,67739,1929,264,0,,,,,,,
2026-09-11,2026-09-11-34573851795,ai-4451425149,ai,google-research-blog,publish,ok,,812,104,812,576,47,101468,28786,72600,2141,280,923,,,,,,,
2026-09-11,2026-09-11-34573851795,energy-0293432151,energy,solar-quarter,publish,ok,,402,72,402,6547,74,90740,35864,54863,1565,216,0,,,,,,,
2026-09-11,2026-09-11-34573851795,business-economy-6866966442,business-economy,business-today-in,publish,ok,not_prose,651,44,651,551,40,95478,54566,40800,2366,158,0,,,,,,,
2026-09-11,2026-09-11-34573851795,business-economy-4078629614,business-economy,cna-business,publish,ok,,237,90,237,1480,82,57736,8024,49599,1258,196,922,,,,,,,
2026-09-11,2026-09-11-34573851795,business-economy-7460324288,business-economy,guardian-business,publish,ok,,1644,101,1644,387,173,124409,54812,69509,3235,260,923,,,,,,,
2026-09-11,2026-09-11-34573851795,world-3739459093,world,anadolu-world,publish,ok,,192,87,192,4391,69,66035,8031,57992,1228,228,922,,,,,,,
2026-09-11,2026-09-11-34573851795,world-9335103349,world,euronews,publish,ok,,932,153,932,1298,58,117715,30075,87479,2177,337,923,,,,,,,
2026-09-11,2026-09-11-34573851795,world-0403409955,world,independent-world,publish,ok,,646,80,646,462,35,66688,19798,46879,1779,181,922,,,,,,,
2026-09-11,2026-09-11-34573851795,world-9837439588,world,thehindu-intl,publish,ok,,491,98,491,764,35,85318,17042,68150,1640,264,922,,,,,,,
2026-09-11,2026-09-11-34573851795,world-9759603795,world,france24,publish,ok,,809,129,809,1038,43,103389,27002,76251,2058,295,923,,,,,,,
2026-09-11,2026-09-11-34573851795,world-3131247816,world,dw-world,publish,ok,,999,110,999,3484,36,110729,33609,76974,2316,295,923,,,,,,,
2026-09-11,2026-09-11-34573851795,india-4648986052,india,the-hindu-national,publish,ok,,1235,100,1235,190,38,123898,46028,77715,2897,295,923,,,,,,,
2026-09-11,2026-09-11-34573851795,india-8423427956,india,thehindu-all,publish,ok,,114,40,114,175,31,46234,6229,39863,1159,157,922,,,,,,,
2026-09-11,2026-09-11-34573851795,india-7944443897,india,free-press-journal,publish,ok,,342,69,342,610,13,61406,11876,49521,1410,194,922,,,,,,,
2026-09-11,2026-09-11-34573851795,india-9737883675,india,livemint,publish,ok,,1042,92,1042,700,31,96214,36023,60073,2453,231,923,,,,,,,
2026-09-11,2026-09-11-34573851795,india-1404198180,india,deccan-chronicle,publish,ok,,312,76,312,2185,34,63995,10542,53445,1387,209,922,,,,,,,
2026-09-11,2026-09-11-34573851795,india-9757483022,india,dna-india,publish,ok,,448,65,448,3038,68,61997,15119,46868,1550,183,922,,,,,,,
2026-09-11,2026-09-11-34573851795,india-7658036585,india,et-default,publish,ok,,821,108,821,441,69,106311,28644,77545,2126,299,923,,,,,,,
2026-09-11,2026-09-11-34573851795,ai-3140336412,ai,marktechpost,extract,failed,no_text,,,,,,,,,,,,,,,,,,
2026-09-11,2026-09-11-34573851795,ai-2785775610,ai,guardian-ai,publish,ok,,585,75,585,1365,51,211011,176571,34394,1735,193,0,,,,,,,
2026-09-11,2026-09-11-34573851795,ai-1747096259,ai,straitstimes-business,publish,ok,,178,92,178,1104,30,84429,34153,50230,1255,285,922,,,,,,,
2026-09-11,2026-09-11-34573851795,ai-3314592227,ai,openai-news,fetch,failed,http_client_error,,,,,,,,,,,,,,,,,,
2026-09-11,2026-09-11-34573851795,energy-8362570013,energy,oilprice,publish,ok,,317,92,317,373,53,87256,44786,42457,1360,239,922,,,,,,,
2026-09-11,2026-09-11-34573851795,business-economy-2747834752,business-economy,aljazeera-economy,fetch,failed,robots_denied,,,,,,,,,,,,,,,,,,
2026-09-11,2026-09-11-34573851795,business-economy-7714912651,business-economy,bank-of-england,fetch,failed,robots_unreachable,,,,,,,,,,,,,,,,,,
2026-09-11,2026-09-11-34573851795,world-0421849983,world,cgtn-business,publish,ok,,295,55,295,1072,76,74537,42688,31835,1338,179,922,,,,,,,
2026-09-11,2026-09-11-34573851795,world-1002876530,world,euronews,publish,ok,,899,124,899,680,76,261446,213928,47419,2102,260,0,,,,,,,
2026-09-11,2026-09-11-34573851795,world-1166769640,world,japan-times,publish,ok,,111,89,111,1258,49,57210,19137,38063,1109,218,922,,,,,,,
2026-09-11,2026-09-11-34573851795,world-6557992950,world,thehindu-intl,publish,ok,,398,78,398,301,42,96621,62158,34451,1530,193,922,,,,,,,
2026-09-11,2026-09-11-34573851795,world-3018914380,world,abc-au-world,publish,ok,,567,69,567,468,70,118732,83766,34955,1740,197,922,,,,,,,
2026-09-11,2026-09-11-34573851795,world-1047485808,world,lemonde-en,publish,ok,too_short,35,24,35,1254,6,120304,103485,16809,1019,94,0,,,,,,,
2026-09-11,2026-09-11-34573851795,world-7037086908,world,africanews,publish,ok,,186,73,186,812,33,73495,32207,41236,1237,234,922,,,,,,,
2026-09-11,2026-09-11-34573851795,india-7702770513,india,thehindu-all,publish,ok,,1305,127,1305,75,48,247709,181289,66366,2688,352,923,,,,,,,
2026-09-11,2026-09-11-34573851795,india-7344233886,india,toi-india,publish,ok,,157,70,157,498,105,65904,28350,37543,1199,216,922,,,,,,,
2026-09-11,2026-09-11-34573851795,india-2097303326,india,toi-top,publish,ok,,716,141,716,45,33,145975,94701,51198,1851,284,923,,,,,,,
2026-09-11,2026-09-11-34573851795,india-5803851328,india,livemint,publish,ok,,959,116,959,204,45,194164,141436,52648,2303,280,923,,,,,,,
2026-09-11,2026-09-11-34573851795,india-7587755904,india,deccan-chronicle,publish,ok,,408,64,408,2447,47,91314,59049,32251,1496,183,922,,,,,,,
2026-09-11,2026-09-11-34573851795,india-6910725616,india,hindustan-times,publish,ok,,486,88,486,305,62,126850,80847,45990,1713,254,922,,,,,,,
2026-09-11,2026-09-11-34573851795,ai-4337022923,ai,openai-news,fetch,failed,http_client_error,,,,,,,,,,,,,,,,,,
2026-09-11,2026-09-11-34573851795,ai-0277482754,ai,wired-ai,publish,ok,,651,104,651,1109,121,250295,150279,99943,1776,393,0,,,,,,,
2026-09-11,2026-09-11-34573851795,ai-4290369515,ai,techcrunch-ai,publish,ok,,305,74,305,309,38,87447,38296,49069,1368,196,922,,,,,,,
2026-09-11,2026-09-11-34573851795,ai-5605063901,ai,straitstimes-opinion,extract,failed,paywalled,,,,,,,,,,,,,,,,,,
2026-09-11,2026-09-11-34573851795,energy-9398927859,energy,carbon-brief,publish,ok,,1904,116,1904,1161,34,380328,299923,80292,3510,300,0,,,,,,,
2026-09-11,2026-09-11-34573851795,business-economy-9230905553,business-economy,business-today-in,publish,ok,,597,67,597,575,216,130694,75971,54709,1805,214,922,,,,,,,
2026-09-11,2026-09-11-34573851795,business-economy-3009732778,business-economy,npr-business,publish,ok,,842,111,842,1285,40,171798,100866,70828,2094,274,923,,,,,,,
2026-09-11,2026-09-11-34573851795,business-economy-3359850051,business-economy,marginal-revolution,publish,ok,not_prose,7,20,7,597,15,106574,82760,23804,980,96,0,,,,,,,
2026-09-11,2026-09-11-34573851795,world-5954973331,world,japan-times,publish,ok,not_prose,89,34,89,1890,47,45731,14481,31138,1088,126,922,,,,,,,
2026-09-11,2026-09-11-34573851795,world-2052912312,world,lemonde-en,publish,ok,too_short,35,25,35,1759,5,31259,8845,22406,1021,90,922,,,,,,,
2026-09-11,2026-09-11-34573851795,world-4461801278,world,cgtn-china,publish,ok,,191,61,191,937,69,77341,28957,48297,1257,192,922,,,,,,,
2026-09-11,2026-09-11-34573851795,world-1502529089,world,bbc-world,publish,ok,,351,85,351,550,51,112030,46594,65427,1457,260,922,,,,,,,
2026-09-11,2026-09-11-34573851795,world-2812734993,world,guardian-world,publish,ok,,1770,97,1770,730,150,280760,207113,73538,3344,275,923,,,,,,,
2026-09-11,2026-09-11-34573851795,world-4167109170,world,npr-world,publish,ok,,992,130,992,611,37,188795,111544,77144,2217,298,923,,,,,,,
2026-09-11,2026-09-11-34573851795,india-8876541578,india,the-hindu-national,publish,ok,,441,93,441,825,43,156319,57754,98553,1599,390,922,,,,,,,
2026-09-11,2026-09-11-34573851795,india-9553788063,india,economic-times,publish,ok,not_prose,293,39,293,387,85,90225,52173,37933,1535,150,922,,,,,,,
2026-09-11,2026-09-11-34573851795,india-8977499514,india,thehindu-business,publish,ok,,432,101,432,777,36,109989,50080,59792,1515,239,922,,,,,,,
2026-09-11,2026-09-11-34573851795,india-9935833140,india,thehindu-business,publish,ok,,926,97,926,250,43,165499,103866,61536,2131,236,923,,,,,,,
2026-09-11,2026-09-11-34573851795,india-2298953680,india,india-today,publish,ok,,645,77,645,629,66,124292,74570,49709,1802,195,922,,,,,,,
2026-09-11,2026-09-11-34573851795,india-9374484931,india,hindustan-times,publish,ok,,896,115,896,797,61,177916,106520,71267,2146,277,923,,,,,,,
2026-09-11,2026-09-11-34573851795,ai-1422182700,ai,straitstimes-business,publish,ok,,378,101,378,1280,38,234414,137676,96724,1495,403,0,,,,,,,
2026-09-11,2026-09-11-34573851795,ai-0645553130,ai,techcrunch-ai,publish,ok,,725,92,725,547,40,237935,178248,59604,1942,244,0,,,,,,,
2026-09-11,2026-09-11-34573851795,ai-6698740450,ai,marktechpost,extract,failed,no_text,,,,,,,,,,,,,,,,,,
2026-09-11,2026-09-11-34573851795,energy-0097889860,energy,solar-quarter,publish,ok,,439,51,439,815,99,102739,60406,42252,1574,178,922,,,,,,,
2026-09-11,2026-09-11-34573851795,energy-7604530402,energy,pv-magazine,publish,ok,,284,98,284,1321,50,90141,39862,50269,1358,212,922,,,,,,,
2026-09-11,2026-09-11-34573851795,business-economy-4175138306,business-economy,cna-business,publish,ok,,252,70,252,1343,102,75302,33130,42162,1277,177,922,,,,,,,
2026-09-11,2026-09-11-34573851795,business-economy-7130644537,business-economy,bbc-business,publish,ok,,487,90,487,397,53,113167,60640,52515,1579,220,922,,,,,,,
2026-09-11,2026-09-11-34573851795,world-3838310925,world,cgtn-business,publish,ok,,766,89,766,1178,81,171891,105405,66393,2069,276,923,,,,,,,
2026-09-11,2026-09-11-34573851795,world-8566922004,world,cna-world,publish,ok,,981,112,981,793,130,188209,123419,64691,2265,267,923,,,,,,,
2026-09-11,2026-09-11-34573851795,world-2752268636,world,cgtn-china,publish,ok,,113,62,113,165,75,59495,16844,42643,1103,178,922,,,,,,,
2026-09-11,2026-09-11-34573851795,world-3423227291,world,independent-world,publish,ok,,227,56,227,626,38,72965,31481,41475,1261,172,922,,,,,,,
2026-09-11,2026-09-11-34573851795,world-9051505003,world,cna-world,publish,ok,,615,42,615,973,72,111913,77624,34278,1762,143,922,,,,,,,
2026-09-11,2026-09-11-34573851795,world-7991616877,world,abc-au-world,publish,ok,,433,88,433,1211,70,111080,54599,56388,1514,232,922,,,,,,,
2026-09-11,2026-09-11-34573851795,world-1401867562,world,guardian-world,publish,ok,,721,96,721,414,60,143869,84741,59022,1844,246,923,,,,,,,
2026-09-11,2026-09-11-34573851795,india-9503677506,india,economic-times,publish,ok,,719,97,719,710,79,181712,106500,75059,2077,304,923,,,,,,,
2026-09-11,2026-09-11-34573851795,india-6361715954,india,toi-india,publish,ok,,893,107,893,928,103,215347,140474,74709,2450,304,923,,,,,,,
2026-09-11,2026-09-11-34573851795,india-3568737112,india,free-press-journal,publish,ok,,551,103,551,577,20,136895,70928,65954,1690,267,922,,,,,,,
2026-09-11,2026-09-11-34573851795,india-2444600870,india,toi-top,publish,ok,,696,74,696,214,72,134723,84403,50182,1829,204,922,,,,,,,
2026-09-11,2026-09-11-34573851795,india-1117934002,india,india-today,publish,ok,,299,64,299,541,67,85465,41455,43909,1369,181,922,,,,,,,
2026-09-11,2026-09-11-34573851795,india-8353284649,india,frontline,publish,ok,,3214,140,3214,394,54,591519,493826,97574,5270,364,0,,,,,,,
2026-09-11,2026-09-11-34594066771,ai-7294334167,ai,fastcompany-tech,publish,ok,,270,89,270,763,68,171882,134323,37515,1328,215,0,,,,,,,
2026-09-11,2026-09-11-34594066771,ai-8041168289,ai,straitstimes-opinion,extract,failed,paywalled,,,,,,,,,,,,,,,,,,
2026-09-11,2026-09-11-34594066771,energy-1275413443,energy,solar-quarter,publish,ok,,353,89,353,1952,93,86096,47316,38767,1385,223,922,,,,,,,
2026-09-11,2026-09-11-34594066771,energy-5750343828,energy,climate-home,publish,ok,not_prose,51,23,51,3550,37,121392,105406,15976,1038,92,0,,,,,,,
2026-09-11,2026-09-11-34594066771,business-economy-1946991901,business-economy,cna-business,publish,ok,,500,97,500,282,110,121773,76715,45046,1672,253,922,,,,,,,
2026-09-11,2026-09-11-34594066771,business-economy-5133891183,business-economy,quartz,publish,ok,,430,67,430,132,54,91647,60728,30867,1515,174,922,,,,,,,
2026-09-11,2026-09-11-34594066771,business-economy-5160904581,business-economy,yahoo-finance,publish,ok,,568,61,568,387,70,131610,94187,37411,1839,204,922,,,,,,,
2026-09-11,2026-09-11-34594066771,business-economy-0852198461,business-economy,bbc-business,publish,ok,,650,91,650,112,65,155598,98337,57163,1877,295,922,,,,,,,
2026-09-11,2026-09-11-34594066771,world-3404205995,world,euronews,publish,ok,,467,72,467,911,67,108030,64356,43587,1549,229,922,,,,,,,
2026-09-11,2026-09-11-34594066771,world-3966483697,world,cgtn-tech,publish,ok,,930,98,930,1717,79,287296,233898,53340,2285,280,0,,,,,,,
2026-09-11,2026-09-11-34594066771,world-0373197540,world,cgtn-business,publish,ok,,312,95,312,12,70,86597,47714,38871,1385,213,922,,,,,,,
2026-09-11,2026-09-11-34594066771,world-6669006848,world,guardian-world,publish,ok,,1533,97,1533,426,247,250163,202885,47214,2885,253,923,,,,,,,
2026-09-11,2026-09-11-34594066771,world-2649993669,world,elpais-en,publish,ok,,616,57,616,609,71,115968,83381,32575,1732,172,922,,,,,,,
2026-09-11,2026-09-11-34594066771,india-3318716440,india,the-hindu-national,publish,ok,,207,66,207,539,41,71746,34990,36678,1263,200,922,,,,,,,
2026-09-11,2026-09-11-34594066771,india-3663089555,india,economic-times,publish,ok,,637,70,637,282,85,138724,99026,39686,1883,213,922,,,,,,,
2026-09-11,2026-09-11-34594066771,india-8237179957,india,free-press-journal,publish,ok,not_prose,75,36,75,235,16,43103,18562,24473,1103,136,922,,,,,,,
2026-09-11,2026-09-11-34594066771,india-5898453160,india,thehindu-business,publish,ok,,371,47,371,458,35,96107,64525,31528,1551,171,922,,,,,,,
2026-09-11,2026-09-11-34594066771,india-4918740784,india,hindustan-times,publish,ok,,622,65,622,267,68,131392,96423,34956,1859,187,922,,,,,,,
2026-09-11,2026-09-11-34594066771,india-5159006014,india,india-today,publish,ok,,601,66,601,352,85,113947,81939,31951,1716,174,922,,,,,,,
2026-09-11,2026-09-11-34594066771,india-5877649672,india,thehindu-all,publish,ok,,139,52,139,214,49,61956,25928,35970,1175,196,922,,,,,,,
2026-09-11,2026-09-11-34594066771,ai-3134897636,ai,straitstimes-business,publish,ok,,836,122,836,1733,35,196363,146455,49848,2112,297,0,,,,,,,
2026-09-11,2026-09-11-34594066771,ai-2205126038,ai,fastcompany-tech,publish,ok,,586,48,586,989,57,142476,120038,22426,1738,134,0,,,,,,,
2026-09-11,2026-09-11-34594066771,energy-6937738142,energy,modern-power,publish,ok,,290,87,290,2543,26,74946,32162,42775,1383,253,922,,,,,,,
2026-09-11,2026-09-11-34594066771,business-economy-6542486614,business-economy,business-today-in,publish,ok,,99,53,99,1610,69,40580,13124,27447,1108,162,922,,,,,,,
2026-09-11,2026-09-11-34594066771,business-economy-3081379068,business-economy,cna-business,publish,ok,,253,101,253,1449,82,70770,28390,42368,1323,255,922,,,,,,,
2026-09-11,2026-09-11-34594066771,business-economy-1749411581,business-economy,voxdev,publish,ok,,1388,106,1388,339,26,189113,142589,46474,2960,266,923,,,,,,,
2026-09-11,2026-09-11-34594066771,business-economy-5391809711,business-economy,aljazeera-economy,fetch,failed,robots_denied,,,,,,,,,,,,,,,,,,
2026-09-11,2026-09-11-34594066771,world-8149317785,world,cgtn-tech,publish,ok,,151,43,151,2658,59,44017,17071,26934,1167,159,922,,,,,,,
2026-09-11,2026-09-11-34594066771,world-6460134534,world,france24,publish,ok,,514,73,514,1439,40,84377,50668,33695,1647,194,922,,,,,,,
2026-09-11,2026-09-11-34594066771,world-2417783299,world,conversation-africa,publish,ok,,1184,137,1184,431,165,171630,109657,61914,2496,366,923,,,,,,,
2026-09-11,2026-09-11-34594066771,world-6428730746,world,independent-world,publish,ok,,1845,95,1845,1439,46,216333,165723,50547,3294,281,923,,,,,,,
2026-09-11,2026-09-11-34594066771,world-5587003242,world,guardian-world,publish,ok,,2931,143,2931,1334,199,399046,336227,62752,4787,343,0,,,,,,,
2026-09-11,2026-09-11-34594066771,world-2772222094,world,bbc-world,publish,ok,,453,102,453,1733,42,93726,48883,44832,1621,270,922,,,,,,,
2026-09-11,2026-09-11-34594066771,india-5817027888,india,toi-india,publish,ok,,148,59,148,860,84,43076,16846,26184,1161,163,922,,,,,,,
2026-09-11,2026-09-11-34594066771,india-4880290415,india,deccan-chronicle,publish,ok,,485,88,485,2738,36,89073,47276,41787,1600,248,922,,,,,,,
2026-09-11,2026-09-11-34594066771,india-0429304496,india,hindustan-times,publish,ok,,682,74,682,1801,51,102739,65921,36808,1861,203,922,,,,,,,
2026-09-11,2026-09-11-34594066771,india-5653314209,india,toi-top,publish,ok,,680,62,680,277,69,103452,67090,36312,1877,207,922,,,,,,,
2026-09-11,2026-09-11-34594066771,india-1572643145,india,livemint,publish,ok,,715,113,715,194,30,109516,66613,42819,1880,255,923,,,,,,,
2026-09-11,2026-09-11-34594066771,india-0140009840,india,frontline,publish,ok,,1447,60,1447,596,31,175569,141599,33821,2950,191,923,,,,,,,
2026-09-11,2026-09-11-34594066771,india-9537988035,india,the-federal,publish,ok,,569,51,569,994,71,92078,60446,31540,1790,185,922,,,,,,,
2026-09-11,2026-09-11-34594066771,ai-5427944820,ai,bbc-tech,publish,ok,,840,125,840,504,70,252975,206824,46091,2040,242,0,,,,,,,
2026-09-11,2026-09-11-34594066771,ai-7871632202,ai,straitstimes-opinion,publish,ok,,2254,144,2254,1234,55,451547,377536,73883,3685,347,0,,,,,,,
2026-09-11,2026-09-11-34594066771,energy-1075397700,energy,pv-magazine,publish,ok,,701,99,701,981,54,171006,106944,64008,1970,331,923,,,,,,,
2026-09-11,2026-09-11-34594066771,energy-3255946702,energy,solar-quarter,publish,ok,,365,84,365,1416,97,194438,145473,48909,1437,248,0,,,,,,,
2026-09-11,2026-09-11-34594066771,business-economy-5490519390,business-economy,semafor,publish,ok,,116,37,116,519,26,54499,21109,33379,1130,172,925,,,,,,,
2026-09-11,2026-09-11-34594066771,business-economy-4578364117,business-economy,aljazeera-economy,fetch,failed,robots_denied,,,,,,,,,,,,,,,,,,
2026-09-11,2026-09-11-34594066771,business-economy-1116312129,business-economy,npr-business,summarize,failed,output_truncated,1322,,1322,418,46,354790,,,,,,,,,,,,
2026-09-11,2026-09-11-34594066771,business-economy-2042865410,business-economy,semafor,publish,ok,,120,58,120,91,25,50165,19183,30972,1113,163,925,,,,,,,
2026-09-11,2026-09-11-34594066771,world-3640608165,world,mongabay,publish,ok,,704,101,704,350,34,153910,100933,52883,1911,271,923,,,,,,,
2026-09-11,2026-09-11-34594066771,world-0217698135,world,euronews,summarize,failed,output_truncated,680,,680,722,75,279692,,,,,,,,,,,,
2026-09-11,2026-09-11-34594066771,world-7812525691,world,cgtn-china,publish,ok,,437,62,437,1197,79,96921,63852,33010,1547,173,922,,,,,,,
2026-09-11,2026-09-11-34594066771,world-4144388987,world,anadolu-world,publish,ok,,600,64,600,4070,225,131494,91059,40422,1812,212,922,,,,,,,
2026-09-11,2026-09-11-34594066771,world-3646873652,world,lemonde-en,publish,ok,too_short,35,32,35,1257,7,122926,103865,19050,1025,100,0,,,,,,,
2026-09-11,2026-09-11-34594066771,india-0921184293,india,the-hindu-national,publish,ok,,224,88,224,514,43,81575,36785,44717,1283,239,922,,,,,,,
2026-09-11,2026-09-11-34594066771,india-6521166524,india,economic-times,publish,ok,,456,62,456,476,86,127477,81966,45500,1725,232,922,,,,,,,
2026-09-11,2026-09-11-34594066771,india-9457311689,india,free-press-journal,publish,ok,,461,69,461,532,22,100969,66192,34674,1570,178,922,,,,,,,
2026-09-11,2026-09-11-34594066771,india-4910693989,india,livemint,publish,ok,,1062,136,1062,270,48,215525,152320,63064,2409,310,923,,,,,,,
2026-09-11,2026-09-11-34594066771,india-6743961686,india,india-today,publish,ok,,528,60,528,220,70,113586,79027,34545,1696,174,922,,,,,,,
2026-09-11,2026-09-11-34594066771,india-9994038536,india,mongabay-india,publish,ok,,1964,104,1964,344,43,350560,288644,61824,3724,297,923,,,,,,,
2026-09-11,2026-09-11-34594066771,india-6390574608,india,thehindu-all,publish,ok,,180,67,180,151,44,73473,33890,39573,1253,203,922,,,,,,,
2026-09-11,2026-09-11-34594066771,ai-0518705396,ai,straitstimes-business,publish,ok,,431,82,431,1500,48,206702,161655,44997,1582,243,0,,,,,,,
2026-09-11,2026-09-11-34594066771,ai-0449548369,ai,oreilly-radar,publish,ok,,1776,96,1776,1146,53,377831,336799,40945,3276,219,0,,,,,,,
2026-09-11,2026-09-11-34594066771,energy-9964941716,energy,pv-magazine,publish,ok,,960,102,960,1632,54,158902,119604,39238,2087,213,923,,,,,,,
2026-09-11,2026-09-11-34594066771,business-economy-7809731916,business-economy,business-today-in,publish,ok,,196,62,196,606,99,68968,33127,35830,1244,196,922,,,,,,,
2026-09-11,2026-09-11-34594066771,business-economy-8833805062,business-economy,npr-business,publish,ok,,1782,120,1782,1333,47,292979,243774,49126,3288,262,923,,,,,,,
2026-09-11,2026-09-11-34594066771,business-economy-7005246864,business-economy,voxdev,publish,ok,,643,71,643,710,22,126968,90909,36047,1808,200,922,,,,,,,
2026-09-11,2026-09-11-34594066771,business-economy-2442109837,business-economy,yahoo-finance,publish,ok,,888,120,888,605,70,198572,136123,62388,2253,347,923,,,,,,,
2026-09-11,2026-09-11-34594066771,world-1478342996,world,lemonde-en,publish,ok,too_short,35,34,35,1623,130,123609,104485,19112,1026,106,0,,,,,,,
2026-09-11,2026-09-11-34594066771,world-8203953619,world,independent-world,publish,ok,,471,102,471,915,53,100442,64049,36339,1545,205,922,,,,,,,
2026-09-11,2026-09-11-34594066771,world-2800471561,world,cgtn-china,publish,ok,,213,53,213,927,76,68149,35690,32448,1270,184,922,,,,,,,
2026-09-11,2026-09-11-34594066771,world-9757846839,world,elpais-en,publish,ok,,1044,103,1044,739,70,188291,140550,47668,2293,260,923,,,,,,,
2026-09-11,2026-09-11-34594066771,world-5424593958,world,anadolu-world,publish,ok,,295,96,295,5122,98,88230,49873,38346,1409,218,922,,,,,,,
2026-09-11,2026-09-11-34594066771,world-7383399385,world,japan-times,publish,ok,,353,92,353,1685,51,147179,54663,92505,1454,502,922,,,,,,,
2026-09-11,2026-09-11-34594066771,india-2275608404,india,toi-india,publish,ok,,711,99,711,667,112,154628,104903,49578,1947,276,923,,,,,,,
2026-09-11,2026-09-11-34594066771,india-2069764544,india,deccan-chronicle,publish,ok,,407,71,407,2506,45,97946,61293,36558,1517,196,922,,,,,,,
2026-09-11,2026-09-11-34594066771,india-3816728770,india,thehindu-business,publish,ok,,259,47,259,707,36,74688,44614,30063,1354,167,922,,,,,,,
2026-09-11,2026-09-11-34594066771,india-3572847158,india,toi-top,publish,ok,,1195,81,1195,169,79,241562,189034,52411,2761,286,923,,,,,,,
2026-09-11,2026-09-11-34594066771,india-9729627247,india,mongabay-india,publish,ok,,2176,125,2176,571,41,464348,407269,56936,3951,292,0,,,,,,,
2026-09-11,2026-09-11-34594066771,india-4417362256,india,frontline,publish,ok,,1244,123,1244,845,43,247644,184969,62610,2720,341,923,,,,,,,
2026-09-11,2026-09-11-34594066771,india-3938189856,india,dna-india,publish,ok,,393,78,393,3103,83,95313,58255,37046,1488,209,922,,,,,,,
2026-09-11,2026-09-11-34610211565,ai-5117377494,ai,ars-technica-ai,publish,ok,,227,82,227,1278,34,74534,28335,46102,1239,181,0,,,,,,,
2026-09-11,2026-09-11-34610211565,ai-9843290882,ai,straitstimes-business,publish,ok,,462,73,462,1256,29,65827,15739,50078,1571,196,922,,,,,,,
2026-09-11,2026-09-11-34610211565,ai-6297013439,ai,straitstimes-opinion,publish,ok,,376,89,376,719,24,61860,12898,48953,1456,192,922,,,,,,,
2026-09-11,2026-09-11-34610211565,energy-1484554190,energy,electrek,publish,ok,,599,78,599,568,25,86766,23904,62852,1926,240,922,,,,,,,
2026-09-11,2026-09-11-34610211565,energy-2248746635,energy,pv-magazine,publish,ok,,635,92,635,1520,43,88286,22862,65235,1911,254,922,,,,,,,
2026-09-11,2026-09-11-34610211565,business-economy-2243334169,business-economy,yahoo-finance,fetch,failed,robots_denied,,,,,,,,,,,,,,,,,,
2026-09-11,2026-09-11-34610211565,business-economy-6544442555,business-economy,semafor,publish,ok,,142,76,142,480,20,56640,6350,50190,1164,198,922,,,,,,,
2026-09-11,2026-09-11-34610211565,business-economy-7935698301,business-economy,cna-business,publish,ok,,372,103,372,777,85,76290,12616,63655,1455,249,922,,,,,,,
2026-09-11,2026-09-11-34610211565,business-economy-7510729244,business-economy,semafor,publish,ok,,125,64,125,338,18,50089,6313,43768,1155,171,922,,,,,,,
2026-09-11,2026-09-11-34610211565,world-2712334910,world,guardian-world,publish,ok,,509,92,509,586,33,66527,15580,50935,1575,195,922,,,,,,,
2026-09-11,2026-09-11-34610211565,world-6795905590,world,cgtn-tech,publish,ok,,82,53,82,1842,58,48105,3850,44248,1069,172,922,,,,,,,
2026-09-11,2026-09-11-34610211565,world-6585391779,world,elpais-en,publish,ok,,854,114,854,1394,52,119808,47484,72155,2017,267,0,,,,,,,
2026-09-11,2026-09-11-34610211565,world-3530811089,world,mongabay,publish,ok,,940,106,940,423,26,109567,32001,77416,2246,286,923,,,,,,,
2026-09-11,2026-09-11-34610211565,world-8577668498,world,lemonde-en,publish,ok,too_short,35,35,35,1688,124,49367,22364,26992,1019,107,0,,,,,,,
2026-09-11,2026-09-11-34610211565,india-0682638926,india,toi-india,publish,ok,,183,80,183,445,68,60171,7069,53093,1235,208,922,,,,,,,
2026-09-11,2026-09-11-34610211565,india-0602620502,india,livemint,publish,ok,,797,125,797,279,27,115334,29298,85881,2044,320,923,,,,,,,
2026-09-11,2026-09-11-34610211565,india-8245143903,india,hindustan-times,publish,ok,,781,97,781,551,50,93562,26044,67423,2025,259,923,,,,,,,
2026-09-11,2026-09-11-34610211565,india-2264215781,india,economic-times,publish,ok,,616,78,616,652,53,68823,18294,50516,1707,192,922,,,,,,,
2026-09-11,2026-09-11-34610211565,india-1414848215,india,india-today,publish,ok,,576,82,576,1610,55,86936,19536,67246,1741,253,922,,,,,,,
2026-09-11,2026-09-11-34610211565,india-7765615346,india,frontline,publish,ok,,2435,110,2435,745,38,174424,101005,73286,4213,267,0,,,,,,,
2026-09-11,2026-09-11-34610211565,ai-1997870512,ai,techpolicy-ai,publish,ok,,884,112,884,948,66,264018,216169,47767,2118,268,0,,,,,,,
2026-09-11,2026-09-11-34610211565,ai-5000074368,ai,techpolicy-ai,publish,ok,,894,109,894,566,34,164535,120174,44310,2090,249,923,,,,,,,
2026-09-11,2026-09-11-34610211565,ai-6564186216,ai,straitstimes-opinion,publish,ok,,144,47,144,883,28,137938,115588,22307,1140,130,0,,,,,,,
2026-09-11,2026-09-11-34610211565,energy-0482340285,energy,electrek,publish,ok,,318,75,318,496,30,82502,48310,34179,1392,197,922,,,,,,,
2026-09-11,2026-09-11-34610211565,energy-5369623736,energy,balkangreen,publish,ok,,341,88,341,3613,42,100996,58896,42087,1493,242,922,,,,,,,
2026-09-11,2026-09-11-34610211565,business-economy-8975593187,business-economy,business-today-in,publish,ok,,72,49,72,208,150,41453,14716,26728,1064,156,922,,,,,,,
2026-09-11,2026-09-11-34610211565,business-economy-2345115319,business-economy,quartz,publish,ok,not_prose,44,32,44,148,47,126046,104241,21791,1028,127,0,,,,,,,
2026-09-11,2026-09-11-34610211565,business-economy-1651535085,business-economy,npr-business,publish,ok,,1331,93,1331,453,41,248999,193448,55472,2802,302,923,,,,,,,
2026-09-11,2026-09-11-34610211565,business-economy-0477227915,business-economy,aljazeera-economy,fetch,failed,robots_denied,,,,,,,,,,,,,,,,,,
2026-09-11,2026-09-11-34610211565,world-1612451739,world,thehindu-intl,publish,ok,,289,60,289,548,42,74120,46297,27814,1373,160,922,,,,,,,
2026-09-11,2026-09-11-34610211565,world-6361460858,world,france24,publish,ok,not_prose,54,24,54,324,50,33290,13200,20080,1049,118,922,,,,,,,
2026-09-11,2026-09-11-34610211565,world-9672543865,world,independent-world,publish,ok,,522,89,522,349,46,118108,75071,43023,1652,245,922,,,,,,,
2026-09-11,2026-09-11-34610211565,world-4274011722,world,anadolu-world,publish,ok,,708,118,708,4277,211,164550,111967,52492,2010,295,923,,,,,,,
2026-09-11,2026-09-11-34610211565,india-6633373513,india,the-hindu-national,publish,ok,,856,116,856,106,46,169989,120704,49201,2098,275,923,,,,,,,
2026-09-11,2026-09-11-34610211565,india-2245922798,india,free-press-journal,publish,ok,,361,99,361,237,21,112546,62202,50290,1527,287,922,,,,,,,
2026-09-11,2026-09-11-34610211565,india-9827398333,india,deccan-chronicle,publish,ok,,558,68,558,2476,52,111744,76838,34893,1671,199,922,,,,,,,
2026-09-11,2026-09-11-34610211565,india-4826640427,india,toi-top,publish,ok,,907,118,907,348,75,180719,127237,53355,2160,298,923,,,,,,,
2026-09-11,2026-09-11-34610211565,india-7007832070,india,toi-top,publish,ok,,541,64,541,30,82,109026,78764,30250,1691,173,922,,,,,,,
2026-09-11,2026-09-11-34610211565,india-8018500963,india,thehindu-all,publish,ok,,151,47,151,126,41,55367,28809,26549,1203,156,922,,,,,,,
2026-09-11,2026-09-11-34610211565,india-6666146329,india,dna-india,publish,ok,,649,79,649,2217,87,132815,96854,35948,1867,204,922,,,,,,,
2026-09-11,2026-09-11-34610211565,ai-6219512906,ai,straitstimes-business,publish,ok,,523,73,523,1123,45,201208,167245,33948,1645,186,0,,,,,,,
2026-09-11,2026-09-11-34610211565,ai-7238201363,ai,apple-ml-research,publish,ok,,375,66,375,265,16,93030,59153,33863,1501,188,922,,,,,,,
2026-09-11,2026-09-11-34610211565,ai-8209367218,ai,simon-willison,publish,ok,,363,45,363,150,11,85118,60193,24913,1508,135,922,,,,,,,
2026-09-11,2026-09-11-34610211565,energy-0178523202,energy,oilprice,publish,ok,,1160,110,1160,397,52,305489,253631,51774,2491,274,0,,,,,,,
2026-09-11,2026-09-11-34610211565,business-economy-1050227226,business-economy,yahoo-finance,publish,ok,,473,105,473,455,140,110035,68072,41948,1588,228,922,,,,,,,
2026-09-11,2026-09-11-34610211565,business-economy-6836667880,business-economy,cna-business,publish,ok,,479,82,479,792,108,109379,68574,40792,1592,221,922,,,,,,,
2026-09-11,2026-09-11-34610211565,business-economy-3132415928,business-economy,fed-press,publish,ok,,280,56,280,204,28,75341,42389,32940,1336,177,922,,,,,,,
2026-09-11,2026-09-11-34610211565,business-economy-5327667727,business-economy,bbc-business,publish,ok,,561,86,561,699,54,123284,76058,47214,1666,255,922,,,,,,,
2026-09-11,2026-09-11-34610211565,business-economy-0871937455,business-economy,bbc-business,extract,failed,no_text,,,,,,,,,,,,,,,,,,
2026-09-11,2026-09-11-34610211565,world-1014621417,world,cgtn-opnion,publish,ok,,1075,98,1075,1310,80,200883,147871,52955,2368,284,923,,,,,,,
2026-09-11,2026-09-11-34610211565,world-9869190975,world,cna-world,publish,ok,,155,68,155,438,105,58706,25417,33237,1172,184,922,,,,,,,
2026-09-11,2026-09-11-34610211565,world-7525981219,world,guardian-world,publish,ok,,1762,85,1762,210,149,296344,249151,47120,3345,245,923,,,,,,,
2026-09-11,2026-09-11-34610211565,world-9665278561,world,dw-world,publish,ok,,945,138,945,22264,46,184932,129132,55729,2184,297,923,,,,,,,
2026-09-11,2026-09-11-34610211565,india-2291340355,india,toi-india,publish,ok,,1368,102,1368,665,123,259002,204846,54050,2916,285,923,,,,,,,
2026-09-11,2026-09-11-34610211565,india-2305884003,india,thehindu-biz,publish,ok,,535,62,535,667,46,114984,75217,39753,1658,210,922,,,,,,,
2026-09-11,2026-09-11-34610211565,india-4215122606,india,free-press-journal,publish,ok,,562,69,562,512,22,115429,79720,35697,1700,196,922,,,,,,,
2026-09-11,2026-09-11-34610211565,india-2141797092,india,thehindu-business,publish,ok,,118,59,118,531,40,50474,21069,29345,1126,164,922,,,,,,,
2026-09-11,2026-09-11-34610211565,india-6460277984,india,economic-times,publish,ok,,633,68,633,604,69,116639,86089,30536,1762,165,922,,,,,,,
2026-09-11,2026-09-11-34610211565,india-3937602923,india,thehindu-all,publish,ok,,244,76,244,144,41,81838,42208,39526,1334,219,922,,,,,,,
2026-09-11,2026-09-11-34610211565,india-6013078663,india,the-federal,publish,ok,,306,61,306,1279,78,92610,55626,36973,1463,203,922,,,,,,,
2026-09-11,2026-09-11-34610211565,ai-6104064164,ai,mit-news-ai,publish,ok,,619,65,619,51,40,197067,150395,46657,1800,187,0,,,,,,,
2026-09-11,2026-09-11-34610211565,ai-5921989351,ai,apple-ml-research,publish,ok,,362,94,362,148,14,102317,48820,53419,1497,214,922,,,,,,,
2026-09-11,2026-09-11-34610211565,ai-2045082921,ai,marktechpost,extract,failed,no_text,,,,,,,,,,,,,,,,,,
2026-09-11,2026-09-11-34610211565,energy-7317681647,energy,carbon-brief,publish,ok,,818,141,818,518,37,274631,176016,98519,2106,387,0,,,,,,,
2026-09-11,2026-09-11-34610211565,energy-3403982435,energy,energy-storage,publish,ok,,443,86,443,542,51,125109,60994,64104,1644,257,922,,,,,,,
2026-09-11,2026-09-11-34610211565,business-economy-5870107384,business-economy,business-today-in,publish,ok,not_prose,558,37,558,506,50,220393,185724,34577,2226,138,0,,,,,,,
2026-09-11,2026-09-11-34610211565,business-economy-1283306514,business-economy,quartz,publish,ok,,496,86,496,112,51,115716,61990,53599,1657,215,922,,,,,,,
2026-09-11,2026-09-11-34610211565,business-economy-1116312129,business-economy,npr-business,publish,ok,,1322,108,1322,717,42,208398,144670,63641,2650,250,923,,,,,,,
2026-09-11,2026-09-11-34610211565,business-economy-3294175371,business-economy,aljazeera-economy,fetch,failed,robots_denied,,,,,,,,,,,,,,,,,,
2026-09-11,2026-09-11-34610211565,world-6579847969,world,cgtn-opnion,publish,ok,,1055,125,1055,1181,77,198081,117820,80159,2330,317,923,,,,,,,
2026-09-11,2026-09-11-34610211565,world-0324297813,world,france24,publish,ok,,1376,128,1376,951,58,244548,150340,94104,2732,368,923,,,,,,,
2026-09-11,2026-09-11-34610211565,world-4844600475,world,independent-world,publish,ok,,426,74,426,884,41,100115,50723,49381,1526,199,922,,,,,,,
2026-09-11,2026-09-11-34610211565,world-8150129243,world,anadolu-world,publish,ok,,402,96,402,5031,90,111856,49804,62038,1515,245,922,,,,,,,
2026-09-11,2026-09-11-34610211565,india-3014271353,india,the-hindu-national,publish,ok,,441,105,441,878,42,121471,54931,66527,1572,267,922,,,,,,,
2026-09-11,2026-09-11-34610211565,india-8134473374,india,thehindu-business,publish,ok,,463,95,463,659,36,113324,58245,55068,1615,219,922,,,,,,,
2026-09-11,2026-09-11-34610211565,india-2928944785,india,deccan-chronicle,publish,ok,,302,78,302,2596,44,83800,37472,46316,1366,184,922,,,,,,,
2026-09-11,2026-09-11-34610211565,india-3253224232,india,hindustan-times,publish,ok,,745,133,745,344,60,162611,84864,77623,1941,311,923,,,,,,,
2026-09-11,2026-09-11-34610211565,india-4456508927,india,livemint,publish,ok,,703,109,703,604,32,155271,84814,70296,1949,283,923,,,,,,,
2026-09-11,2026-09-11-34610211565,india-2770621217,india,india-today,publish,ok,,470,64,470,312,66,103060,54185,48865,1565,196,922,,,,,,,
2026-09-11,2026-09-11-34610211565,india-3776971911,india,the-federal,publish,ok,,899,103,899,637,76,177428,107450,69634,2218,275,923,,,,,,,
2026-09-11,2026-09-11-34629583642,ai-7466393679,ai,pytorch-blog,publish,ok,not_prose,1785,41,1785,1592,129,117219,79249,37236,3933,130,922,,,,,,,
2026-09-11,2026-09-11-34629583642,ai-5644214575,ai,straitstimes-business,publish,ok,,760,98,760,1219,34,121314,49132,72070,1981,259,0,,,,,,,
2026-09-11,2026-09-11-34629583642,ai-0206505254,ai,guardian-ai,publish,ok,,330,70,330,578,31,92204,34156,57954,1384,214,0,,,,,,,
2026-09-11,2026-09-11-34629583642,energy-6052393014,energy,electrek,publish,ok,,787,69,787,826,28,91359,31145,60131,2095,217,923,,,,,,,
2026-09-11,2026-09-11-34629583642,energy-9374624893,energy,canary-media,publish,ok,,743,137,743,755,97,121667,26017,95526,1928,346,923,,,,,,,
2026-09-11,2026-09-11-34629583642,business-economy-8802899969,business-economy,yahoo-finance,publish,ok,,443,49,443,644,111,74907,19732,55163,1695,201,922,,,,,,,
2026-09-11,2026-09-11-34629583642,business-economy-5429921299,business-economy,semafor,publish,ok,,492,88,492,598,26,74856,17402,57292,1596,210,922,,,,,,,
2026-09-11,2026-09-11-34629583642,business-economy-3161155410,business-economy,semafor,publish,ok,,166,46,166,286,20,55743,7120,48616,1188,181,922,,,,,,,
2026-09-11,2026-09-11-34629583642,world-6403322381,world,lemonde-en,publish,ok,too_short,35,27,35,1290,101,49946,25080,24854,1018,92,0,,,,,,,
2026-09-11,2026-09-11-34629583642,world-6333791162,world,independent-world,publish,ok,,399,61,399,472,45,64926,15220,49697,1507,183,922,,,,,,,
2026-09-11,2026-09-11-34629583642,world-6490134902,world,abc-au-world,publish,ok,,913,148,913,1338,64,120604,30243,90198,2136,324,923,,,,,,,
2026-09-11,2026-09-11-34629583642,world-8157762717,world,bbc-world,publish,ok,,576,86,576,372,52,82019,20482,61528,1738,224,922,,,,,,,
2026-09-11,2026-09-11-34629583642,world-4513908316,world,africanews,publish,ok,,161,59,161,1541,30,50006,6713,43127,1175,160,922,,,,,,,
2026-09-11,2026-09-11-34629583642,india-5616228599,india,thehindu-all,publish,ok,,461,63,461,589,39,76056,18443,57603,1630,211,922,,,,,,,
2026-09-11,2026-09-11-34629583642,india-5226651071,india,toi-india,publish,ok,,823,98,823,683,93,97949,27320,70503,1998,255,923,,,,,,,
2026-09-11,2026-09-11-34629583642,india-0595057555,india,thehindu-business,publish,ok,,115,46,115,912,35,62366,7630,54727,1200,203,922,,,,,,,
2026-09-11,2026-09-11-34629583642,india-8657154302,india,free-press-journal,publish,ok,,366,79,366,657,18,76164,14749,61405,1488,226,922,,,,,,,
2026-09-11,2026-09-11-34629583642,india-4850741432,india,economic-times,publish,ok,,1115,124,1115,879,49,141547,44123,97286,2690,348,923,,,,,,,
2026-09-11,2026-09-11-34629583642,india-9332193673,india,india-today,publish,ok,,246,95,246,807,56,65521,9807,55705,1285,206,922,,,,,,,
2026-09-11,2026-09-11-34629583642,india-8382032566,india,thehindu-biz,publish,ok,,398,74,398,304,38,64236,14672,49554,1476,181,922,,,,,,,
2026-09-11,2026-09-11-34629583642,ai-2367375887,ai,openai-news,fetch,failed,http_client_error,,,,,,,,,,,,,,,,,,
2026-09-11,2026-09-11-34629583642,ai-7399139389,ai,techpolicy-ai,publish,ok,,1441,106,1441,1036,106,230769,188225,42490,2724,240,0,,,,,,,
2026-09-11,2026-09-11-34629583642,ai-4665773857,ai,straitstimes-opinion,publish,ok,,180,63,180,1652,24,108979,81736,27231,1191,165,0,,,,,,,
2026-09-11,2026-09-11-34629583642,ai-2441236662,ai,simon-willison,publish,ok,,96,56,96,532,6,42676,13600,29067,1115,178,922,,,,,,,
2026-09-11,2026-09-11-34629583642,energy-1092246451,energy,cleantechnica,publish,ok,,1118,99,1118,1001,25,150186,105221,44919,2435,256,923,,,,,,,
2026-09-11,2026-09-11-34629583642,energy-8523391310,energy,modern-power,publish,ok,,426,85,426,1000,28,85026,43697,41316,1553,252,922,,,,,,,
2026-09-11,2026-09-11-34629583642,business-economy-5624611692,business-economy,business-today-in,publish,ok,,616,83,616,267,204,101058,59654,41393,1781,241,922,,,,,,,
2026-09-11,2026-09-11-34629583642,business-economy-5863223799,business-economy,aljazeera-economy,fetch,failed,robots_denied,,,,,,,,,,,,,,,,,,
2026-09-11,2026-09-11-34629583642,world-4013404267,world,anadolu-world,publish,ok,,1534,106,1534,4241,80,188530,140719,47751,2935,249,923,,,,,,,
2026-09-11,2026-09-11-34629583642,world-6964468844,world,cgtn-opnion,publish,ok,,1349,109,1349,751,64,163342,117440,45799,2608,256,923,,,,,,,
2026-09-11,2026-09-11-34629583642,world-6554178094,world,thehindu-intl,publish,ok,,758,121,758,465,37,124481,76369,47983,2018,284,923,,,,,,,
2026-09-11,2026-09-11-34629583642,world-0030704762,world,cna-world,publish,ok,,863,139,863,1004,84,134473,79324,55007,2066,317,923,,,,,,,
2026-09-11,2026-09-11-34629583642,world-3167529308,world,cna-world,summarize,failed,output_truncated,801,,801,475,81,235049,,,,,,,,,,,,
2026-09-11,2026-09-11-34629583642,world-0708279618,world,france24,publish,ok,,1200,86,1200,891,57,154030,110289,43653,2501,246,923,,,,,,,
2026-09-11,2026-09-11-34629583642,india-9254214024,india,the-hindu-national,publish,ok,,844,117,844,234,38,131680,83457,48138,2113,271,923,,,,,,,
2026-09-11,2026-09-11-34629583642,india-0883267586,india,thehindu-business,publish,ok,,570,83,570,642,31,101854,56865,44943,1736,245,922,,,,,,,
2026-09-11,2026-09-11-34629583642,india-4366647875,india,deccan-chronicle,publish,ok,,550,78,550,2595,38,88171,54825,33298,1709,190,922,,,,,,,
2026-09-11,2026-09-11-34629583642,india-9116052083,india,toi-top,publish,ok,,471,89,471,554,68,89212,47754,41360,1606,244,922,,,,,,,
2026-09-11,2026-09-11-34629583642,india-1164355529,india,hindustan-times,publish,ok,,855,111,855,432,50,131630,81412,50058,2089,282,923,,,,,,,
2026-09-11,2026-09-11-34629583642,india-1501583107,india,india-today,publish,ok,,185,77,185,554,56,57992,22044,35936,1240,216,922,,,,,,,
2026-09-11,2026-09-11-34629583642,ai-3851882178,ai,techcrunch-ai,publish,ok,,254,72,254,1153,41,169633,134878,34742,1325,197,0,,,,,,,
2026-09-11,2026-09-11-34629583642,ai-2213048352,ai,straitstimes-business,publish,ok,,464,98,464,972,38,119212,71720,47481,1623,264,922,,,,,,,
2026-09-11,2026-09-11-34629583642,ai-3078794446,ai,straitstimes-opinion,publish,ok,,280,43,280,713,30,66191,41006,25129,1321,143,922,,,,,,,
2026-09-11,2026-09-11-34629583642,energy-1964593921,energy,electrek,publish,ok,,750,119,750,832,35,246398,194222,52121,1907,283,0,,,,,,,
2026-09-11,2026-09-11-34629583642,energy-3546691212,energy,oilprice,publish,ok,,319,60,319,907,41,90910,52608,38290,1436,216,922,,,,,,,
2026-09-11,2026-09-11-34629583642,business-economy-9939587193,business-economy,yahoo-finance,publish,ok,,419,72,419,827,130,99680,62800,36867,1534,196,924,,,,,,,
2026-09-11,2026-09-11-34629583642,business-economy-6114866725,business-economy,cna-business,publish,ok,,490,90,490,2376,102,125739,80810,44917,1599,233,813,,,,,,,
2026-09-11,2026-09-11-34629583642,business-economy-6892377814,business-economy,guardian-business,publish,ok,,648,101,648,586,57,155448,92939,62496,1823,312,922,,,,,,,
2026-09-11,2026-09-11-34629583642,world-1897747589,world,independent-world,publish,ok,,622,69,622,554,45,126158,89133,36967,1789,195,922,,,,,,,
2026-09-11,2026-09-11-34629583642,world-0647951586,world,cgtn-opnion,publish,ok,,154,47,154,922,71,51869,25231,26530,1170,150,922,,,,,,,
2026-09-11,2026-09-11-34629583642,world-7208843836,world,guardian-world,publish,ok,,388,69,388,315,41,90451,54721,35719,1455,198,922,,,,,,,
2026-09-11,2026-09-11-34629583642,world-8274848456,world,thehindu-intl,publish,ok,,378,54,378,957,42,85394,57974,27410,1486,153,922,,,,,,,
2026-09-11,2026-09-11-34629583642,world-7018545752,world,euronews,publish,ok,,457,84,457,1302,63,121676,66421,55244,1567,300,922,,,,,,,
2026-09-11,2026-09-11-34629583642,world-5378091030,world,mongabay,publish,ok,,449,96,449,502,28,129626,73448,56167,1636,304,922,,,,,,,
2026-09-11,2026-09-11-34629583642,india-7332648476,india,the-hindu-national,publish,ok,,125,54,125,314,38,53277,24105,29104,1158,167,922,,,,,,,
2026-09-11,2026-09-11-34629583642,india-6420431262,india,free-press-journal,publish,ok,,410,84,410,833,21,108456,64136,44308,1550,249,922,,,,,,,
2026-09-11,2026-09-11-34629583642,india-2099898494,india,toi-top,publish,ok,,636,70,636,707,81,118148,83604,34529,1738,187,922,,,,,,,
2026-09-11,2026-09-11-34629583642,india-8422501312,india,deccan-chronicle,publish,ok,,954,122,954,3016,45,177674,126693,50924,2159,276,923,,,,,,,
2026-09-11,2026-09-11-34629583642,india-6761891038,india,newslaundry,publish,ok,,1661,137,1661,1181,73,283940,221011,62838,3071,330,923,,,,,,,
2026-09-11,2026-09-11-34629583642,india-2786169763,india,thehindu-biz,publish,ok,,135,65,135,294,39,70119,27735,42326,1192,233,922,,,,,,,
2026-09-11,2026-09-11-34629583642,ai-3423591576,ai,techpolicy-ai,publish,ok,,1234,110,1234,1190,47,319202,268700,50430,2651,272,0,,,,,,,
2026-09-11,2026-09-11-34629583642,ai-1166611746,ai,apple-ml-research,publish,ok,,363,44,363,306,15,181657,152222,29387,1509,164,0,,,,,,,
2026-09-11,2026-09-11-34629583642,ai-1273174376,ai,guardian-ai,publish,ok,,679,95,679,491,60,134117,93922,40182,1845,221,922,,,,,,,
2026-09-11,2026-09-11-34629583642,energy-5548599076,energy,oilprice,publish,ok,,294,74,294,848,53,97395,51864,45456,1432,253,922,,,,,,,
2026-09-11,2026-09-11-34629583642,energy-8596421485,energy,power-magazine,publish,ok,,1524,146,1524,268,54,269120,205809,63249,2937,337,923,,,,,,,
2026-09-11,2026-09-11-34629583642,business-economy-2993078962,business-economy,business-today-in,publish,ok,,118,55,118,217,97,52092,22407,29676,1141,164,922,,,,,,,
2026-09-11,2026-09-11-34629583642,business-economy-9732549289,business-economy,aljazeera-economy,fetch,failed,robots_denied,,,,,,,,,,,,,,,,,,
2026-09-11,2026-09-11-34629583642,business-economy-1833178352,business-economy,guardian-business,publish,ok,,629,69,629,741,60,129343,93167,36159,1831,197,922,,,,,,,
2026-09-11,2026-09-11-34629583642,world-6011336088,world,euronews,publish,ok,,259,61,259,856,63,77787,42197,35527,1335,200,922,,,,,,,
2026-09-11,2026-09-11-34629583642,world-9898909540,world,bbc-world,publish,ok,,654,105,654,496,54,142100,96222,45863,1863,249,922,,,,,,,
2026-09-11,2026-09-11-34629583642,world-7017451043,world,lemonde-en,publish,ok,too_short,35,27,35,1617,114,117299,103309,13980,1024,80,0,,,,,,,
2026-09-11,2026-09-11-34629583642,world-4377418496,world,anadolu-world,publish,ok,,281,70,281,4328,101,94163,42050,52006,1335,295,922,,,,,,,
2026-09-11,2026-09-11-34629583642,world-0088144588,world,france24,publish,ok,,738,126,738,1044,54,155872,100814,54975,1913,302,923,,,,,,,
2026-09-11,2026-09-11-34629583642,india-9839760798,india,thehindu-all,publish,ok,,250,51,250,669,42,86807,45741,41055,1372,232,922,,,,,,,
2026-09-11,2026-09-11-34629583642,india-1913001378,india,toi-india,publish,ok,,1157,82,1157,445,99,211152,167739,43312,2568,234,923,,,,,,,
2026-09-11,2026-09-11-34629583642,india-4863498237,india,hindustan-times,publish,ok,,748,93,748,1764,64,156815,111867,44866,2022,246,923,,,,,,,
2026-09-11,2026-09-11-34629583642,india-5523687043,india,livemint,publish,ok,,703,111,703,304,32,145041,99715,45213,1903,254,923,,,,,,,
2026-09-11,2026-09-11-34629583642,india-3606014806,india,livemint,summarize,failed,bad_shape,637,,637,91,32,218946,,,,,,,,,,,,
2026-09-11,2026-09-11-34629583642,india-6423570512,india,economic-times,publish,ok,,723,116,723,384,63,158776,107176,51537,1977,281,923,,,,,,,
2026-09-11,2026-09-11-34629583642,india-2415644987,india,scroll-in,publish,ok,,1282,112,1282,867,40,232510,174865,57527,2637,307,923,,,,,,,
2026-09-11,2026-09-11-34647329297,ai-8299752972,ai,techcrunch-ai,publish,ok,,495,87,495,181,51,91726,37427,54284,1572,206,0,,,,,,,
2026-09-11,2026-09-11-34647329297,ai-5908765325,ai,straitstimes-opinion,extract,failed,paywalled,,,,,,,,,,,,,,,,,,
2026-09-11,2026-09-11-34647329297,ai-7271133186,ai,mit-tech-review-ai,publish,ok,,231,56,231,1003,41,54648,10207,44432,1294,171,922,,,,,,,
2026-09-11,2026-09-11-34647329297,ai-7061122016,ai,guardian-ai,publish,ok,,616,87,616,538,41,73244,18750,54479,1747,211,922,,,,,,,
2026-09-11,2026-09-11-34647329297,energy-5354035733,energy,heatmap,publish,ok,,3826,166,3826,433,70,239065,138132,100772,5667,345,0,,,,,,,
2026-09-11,2026-09-11-34647329297,energy-9536467313,energy,oilprice,publish,ok,,665,61,665,611,38,67828,20680,47000,1797,182,922,,,,,,,
2026-09-11,2026-09-11-34647329297,business-economy-2949120850,business-economy,business-today-in,extract,failed,no_text,,,,,,,,,,,,,,,,,,
2026-09-11,2026-09-11-34647329297,business-economy-8543675500,business-economy,aljazeera-economy,fetch,failed,robots_denied,,,,,,,,,,,,,,,,,,
2026-09-11,2026-09-11-34647329297,business-economy-3312980133,business-economy,semafor,publish,ok,,171,80,171,736,18,55869,6844,48703,1194,193,922,,,,,,,
2026-09-11,2026-09-11-34647329297,world-4174773223,world,cgtn-opnion,publish,ok,,117,51,117,1348,59,45822,5313,40270,1125,162,922,,,,,,,
2026-09-11,2026-09-11-34647329297,world-2056080756,world,abc-au-world,publish,ok,,743,101,743,998,72,113805,45901,67802,1970,258,0,,,,,,,
2026-09-11,2026-09-11-34647329297,world-8346868131,world,france24,publish,ok,,89,53,89,1097,40,43044,4345,38692,1081,155,922,,,,,,,
2026-09-11,2026-09-11-34647329297,world-6354088728,world,bbc-world,publish,ok,,965,128,965,583,43,109874,30970,78816,2231,296,923,,,,,,,
2026-09-11,2026-09-11-34647329297,world-6546510287,world,thehindu-intl,publish,ok,,277,67,277,837,35,61093,10737,50347,1374,197,922,,,,,,,
2026-09-11,2026-09-11-34647329297,india-1793333497,india,the-hindu-national,publish,ok,,434,67,434,219,32,75769,16017,59744,1568,231,922,,,,,,,
2026-09-11,2026-09-11-34647329297,india-7385167163,india,free-press-journal,publish,ok,,503,59,503,735,15,67689,17705,49973,1655,190,922,,,,,,,
2026-09-11,2026-09-11-34647329297,india-1904624270,india,deccan-chronicle,publish,ok,,377,50,377,3133,32,54790,12143,42636,1437,165,922,,,,,,,
2026-09-11,2026-09-11-34647329297,india-3586566756,india,thehindu-all,publish,ok,,827,125,827,351,36,95886,26985,68769,2064,262,923,,,,,,,
2026-09-11,2026-09-11-34647329297,india-0461856650,india,hindustan-times,publish,ok,,403,70,403,2905,40,68044,14232,53803,1516,208,925,,,,,,,
2026-09-11,2026-09-11-34647329297,india-2815897235,india,livemint,publish,ok,,547,46,547,658,28,60812,18190,42610,1674,166,922,,,,,,,
2026-09-11,2026-09-11-34647329297,ai-2812177197,ai,techcrunch-ai,publish,ok,,252,58,252,144,39,72423,30921,41492,1301,163,0,,,,,,,
2026-09-11,2026-09-11-34647329297,ai-9750008636,ai,databricks-blog,publish,ok,,920,115,920,365,78,123147,50943,72058,2154,278,0,,,,,,,
2026-09-11,2026-09-11-34647329297,ai-4069295391,ai,guardian-ai,publish,ok,,485,105,485,1130,36,77662,16185,61468,1593,240,922,,,,,,,
2026-09-11,2026-09-11-34647329297,energy-8198551198,energy,electrek,publish,ok,,1178,106,1178,504,32,112806,38959,73773,2513,281,923,,,,,,,
2026-09-11,2026-09-11-34647329297,energy-6570730564,energy,grist,publish,ok,,1084,96,1084,347,34,99081,33852,65120,2327,251,923,,,,,,,
2026-09-11,2026-09-11-34647329297,energy-3506081027,energy,inside-climate-news,publish,ok,,1266,104,1266,764,33,117486,42378,75015,2674,287,923,,,,,,,
2026-09-11,2026-09-11-34647329297,business-economy-6920518347,business-economy,cna-business,publish,ok,,96,45,96,805,84,45840,5364,40468,1119,161,922,,,,,,,
2026-09-11,2026-09-11-34647329297,business-economy-6756662921,business-economy,cna-business,publish,ok,,543,97,543,726,86,98602,17367,81224,1631,316,922,,,,,,,
2026-09-11,2026-09-11-34647329297,world-7010295676,world,independent-world,publish,ok,,483,85,483,742,32,72044,16899,54993,1596,214,922,,,,,,,
2026-09-11,2026-09-11-34647329297,world-0994428681,world,independent-world,publish,ok,,256,68,256,207,29,59950,9714,50225,1322,199,922,,,,,,,
2026-09-11,2026-09-11-34647329297,world-6704887151,world,guardian-world,publish,ok,,666,87,666,727,39,85063,20579,64473,1782,251,922,,,,,,,
2026-09-11,2026-09-11-34647329297,world-5477658533,world,euronews,publish,ok,,547,86,547,1069,58,76006,18894,56947,1672,223,922,,,,,,,
2026-09-11,2026-09-11-34647329297,world-6382479934,world,euronews,publish,ok,,301,71,301,482,51,59883,9825,49975,1342,197,922,,,,,,,
2026-09-11,2026-09-11-34647329297,world-0971755387,world,elpais-en,publish,ok,,593,80,593,726,51,92726,18541,74175,1667,290,922,,,,,,,
2026-09-11,2026-09-11-34647329297,india-7544761592,india,toi-india,publish,ok,not_prose,274,46,274,555,199,68322,30313,37927,1342,150,0,,,,,,,
2026-09-11,2026-09-11-34647329297,india-0507973032,india,thehindu-business,publish,ok,,559,79,559,641,31,69566,18851,50571,1709,198,922,,,,,,,
2026-09-11,2026-09-11-34647329297,india-3606014806,india,livemint,publish,ok,,637,98,637,330,27,86189,20136,65915,1783,257,922,,,,,,,
2026-09-11,2026-09-11-34647329297,india-5449803910,india,thehindu-all,publish,ok,,144,62,144,642,34,53598,6575,46870,1179,186,922,,,,,,,
2026-09-11,2026-09-11-34647329297,india-6293472817,india,economic-times,publish,ok,,254,78,254,393,63,63390,10527,52854,1350,209,922,,,,,,,
2026-09-11,2026-09-11-34647329297,india-7574635058,india,thehindu-biz,publish,ok,,376,76,376,322,32,79715,14111,65594,1489,256,922,,,,,,,
2026-09-11,2026-09-11-34647329297,ai-0256342856,ai,ars-technica-ai,publish,ok,,316,73,316,1329,48,175408,141173,34182,1394,193,0,,,,,,,
2026-09-11,2026-09-11-34647329297,ai-0273985983,ai,databricks-blog,publish,ok,,1614,112,1614,208,103,350940,302957,47913,2969,266,0,,,,,,,
2026-09-11,2026-09-11-34647329297,ai-4539090851,ai,wired-ai,publish,ok,,880,121,880,370,147,178317,120074,58169,2099,326,923,,,,,,,
2026-09-11,2026-09-11-34647329297,energy-7578962839,energy,electrek,publish,ok,,179,58,179,397,34,60479,29504,30964,1211,173,922,,,,,,,
2026-09-11,2026-09-11-34647329297,energy-5408608869,energy,inside-climate-news,publish,ok,,1071,112,1071,527,40,185289,139447,45761,2290,257,923,,,,,,,
2026-09-11,2026-09-11-34647329297,energy-6700054974,energy,heatmap,extract,failed,paywalled,,,,,,,,,,,,,,,,,,
2026-09-11,2026-09-11-34647329297,business-economy-6929207702,business-economy,business-today-in,publish,ok,,332,54,332,292,103,87489,53059,34419,1439,195,922,,,,,,,
2026-09-11,2026-09-11-34647329297,business-economy-1286574475,business-economy,npr-business,publish,ok,,708,149,708,258,38,164344,101365,62885,1914,352,923,,,,,,,
2026-09-11,2026-09-11-34647329297,business-economy-4585408251,business-economy,semafor,publish,ok,,187,78,187,472,25,61919,27828,34078,1199,197,927,,,,,,,
2026-09-11,2026-09-11-34647329297,world-8999228128,world,cgtn-opnion,publish,ok,,743,120,743,657,83,146060,100475,45489,1904,256,923,,,,,,,
2026-09-11,2026-09-11-34647329297,world-5078488642,world,cna-world,publish,ok,,255,68,255,354,108,69663,37198,32453,1292,185,927,,,,,,,
2026-09-11,2026-09-11-34647329297,world-3667745211,world,france24,publish,ok,,982,100,982,122,60,178296,131143,46988,2205,264,923,,,,,,,
2026-09-11,2026-09-11-34647329297,world-3301557573,world,mongabay,publish,ok,,368,70,368,328,29,88266,53775,34480,1453,195,927,,,,,,,
2026-09-11,2026-09-11-34647329297,world-6755080790,world,anadolu-world,publish,ok,,368,82,368,4416,235,94461,56471,37978,1492,217,941,,,,,,,
2026-09-11,2026-09-11-34647329297,india-6399344518,india,the-hindu-national,publish,ok,,577,101,577,561,57,147757,90801,56944,1768,321,882,,,,,,,
2026-09-11,2026-09-11-34647329297,india-4573720384,india,thehindu-business,publish,ok,,640,87,640,532,41,130126,90589,39479,1810,224,922,,,,,,,
2026-09-11,2026-09-11-34647329297,india-6541311001,india,deccan-chronicle,publish,ok,,473,69,473,6650,47,96801,64723,31992,1558,184,922,,,,,,,
2026-09-11,2026-09-11-34647329297,india-9546691799,india,india-today,publish,ok,,480,83,480,349,73,114094,73197,40885,1642,235,922,,,,,,,
2026-09-11,2026-09-11-34647329297,india-1293605305,india,hindustan-times,publish,ok,,311,73,311,134,60,86611,49373,37227,1408,214,922,,,,,,,
2026-09-11,2026-09-11-34647329297,india-2272125462,india,scroll-in,publish,ok,not_prose,39,31,39,357,51,136249,107939,28298,1062,154,0,,,,,,,
2026-09-11,2026-09-11-34647329297,ai-6624484765,ai,straitstimes-business,publish,ok,,492,98,492,886,42,207992,164350,43623,1615,231,0,,,,,,,
2026-09-11,2026-09-11-34647329297,ai-9000686939,ai,straitstimes-business,publish,ok,,559,72,559,450,38,122084,84267,37796,1745,200,922,,,,,,,
2026-09-11,2026-09-11-34647329297,ai-0833067721,ai,simon-willison,publish,ok,,123,50,123,305,8,50740,22811,27873,1144,153,922,,,,,,,
2026-09-11,2026-09-11-34647329297,energy-2028150508,energy,latitude-media,publish,ok,,672,52,672,1390,30,125485,91990,33483,1820,179,922,,,,,,,
2026-09-11,2026-09-11-34647329297,energy-1281524079,energy,oilprice,publish,ok,,321,91,321,895,56,93775,49263,44440,1403,242,922,,,,,,,
2026-09-11,2026-09-11-34647329297,energy-8051317443,energy,greentech,publish,ok,,359,71,359,1361,33,92917,54299,38606,1451,208,922,,,,,,,
2026-09-11,2026-09-11-34647329297,business-economy-0035547570,business-economy,aljazeera-economy,fetch,failed,robots_denied,,,,,,,,,,,,,,,,,,
2026-09-11,2026-09-11-34647329297,business-economy-8680559663,business-economy,marginal-revolution,publish,ok,,137,73,137,432,14,60181,22111,38060,1155,207,939,,,,,,,
2026-09-11,2026-09-11-34647329297,world-5417773634,world,anadolu-world,publish,ok,,187,63,187,4597,222,63308,33132,30165,1262,164,939,,,,,,,
2026-09-11,2026-09-11-34647329297,world-0120907410,world,abc-au-world,publish,ok,,790,96,790,447,85,255252,205657,49519,2029,271,0,,,,,,,
2026-09-11,2026-09-11-34647329297,world-8795994276,world,guardian-world,publish,ok,,527,74,527,452,46,98219,68748,29459,1610,159,939,,,,,,,
2026-09-11,2026-09-11-34647329297,world-1433201452,world,mongabay,publish,ok,,498,40,498,486,29,99948,73846,26091,1641,141,922,,,,,,,
2026-09-11,2026-09-11-34647329297,world-3357828022,world,elpais-en,publish,ok,,3510,112,3510,1226,93,640655,583962,56626,5643,294,0,,,,,,,
2026-09-11,2026-09-11-34647329297,india-9962238687,india,toi-india,publish,ok,,161,53,161,504,108,70514,33286,37219,1247,204,922,,,,,,,
2026-09-11,2026-09-11-34647329297,india-2007484756,india,free-press-journal,publish,ok,,328,90,328,327,19,87860,48353,39496,1395,213,922,,,,,,,
2026-09-11,2026-09-11-34647329297,india-1629824943,india,toi-top,publish,ok,,652,80,652,33,73,130934,92155,38765,1821,206,922,,,,,,,
2026-09-11,2026-09-11-34647329297,india-8868345411,india,india-today,publish,ok,,649,63,649,520,75,137913,98714,39095,1883,217,922,,,,,,,
2026-09-11,2026-09-11-34647329297,india-1004761392,india,toi-top,publish,ok,,428,64,428,42,65,109723,71948,37716,1624,209,922,,,,,,,
2026-09-11,2026-09-11-34647329297,india-1259792264,india,economic-times,publish,ok,,330,77,330,398,63,81529,47158,34360,1381,195,922,,,,,,,
2026-09-11,2026-09-11-34647329297,india-6915702893,india,dna-india,publish,ok,,688,72,688,2330,85,134243,97222,37008,1874,207,922,,,,,,,
2026-09-12,2026-09-12-34680107844,ai-2857094500,ai,fastcompany-tech,publish,ok,,422,72,422,1052,88,132638,102851,29760,1493,181,0,,,,,,,
2026-09-12,2026-09-12-34680107844,ai-2640971694,ai,straitstimes-business,publish,ok,,521,91,521,1167,28,99001,58407,40584,1763,246,922,,,,,,,
2026-09-12,2026-09-12-34680107844,energy-1993723520,energy,electrek,publish,ok,,535,92,535,462,27,97412,53292,44075,1689,268,922,,,,,,,
2026-09-12,2026-09-12-34680107844,business-economy-7779397235,business-economy,business-today-in,publish,ok,not_prose,678,49,678,341,45,189240,161461,27732,2349,165,0,,,,,,,
2026-09-12,2026-09-12-34680107844,business-economy-1964479700,business-economy,cna-business,publish,ok,,503,63,503,753,81,80666,48619,31982,1627,200,922,,,,,,,
2026-09-12,2026-09-12-34680107844,world-0923410026,world,cgtn-china,summarize,failed,copied_source,101,,101,940,54,34849,,,,,,,,,,,,
2026-09-12,2026-09-12-34680107844,world-1566680944,world,abc-au-world,publish,ok,,564,70,564,723,56,83042,52462,30567,1681,191,922,,,,,,,
2026-09-12,2026-09-12-34680107844,world-7002948514,world,abc-au-world,publish,ok,,75,53,75,391,72,38092,11458,26627,1084,172,922,,,,,,,
2026-09-12,2026-09-12-34680107844,world-0199523991,world,bbc-world,publish,ok,,625,99,625,315,50,97125,59622,37492,1782,230,922,,,,,,,
2026-09-12,2026-09-12-34680107844,world-4447179837,world,france24,publish,ok,,661,79,661,976,42,98254,64410,33771,1855,209,922,,,,,,,
2026-09-12,2026-09-12-34680107844,world-6524624830,world,independent-world,publish,ok,,413,94,413,492,31,84782,38658,46034,1478,286,922,,,,,,,
2026-09-12,2026-09-12-34680107844,india-8640515170,india,the-hindu-national,publish,ok,,958,122,958,1159,37,202971,153498,49411,2233,297,0,,,,,,,
2026-09-12,2026-09-12-34680107844,india-2632368542,india,toi-india,publish,ok,,336,74,336,428,171,64171,33223,30938,1406,196,922,,,,,,,
2026-09-12,2026-09-12-34680107844,india-0607296824,india,dna-india,publish,ok,,521,63,521,2286,72,84697,51035,33652,1662,208,922,,,,,,,
2026-09-12,2026-09-12-34680107844,india-1603064508,india,deccan-chronicle,publish,ok,,561,66,561,2649,37,81402,51443,29950,1666,183,922,,,,,,,
2026-09-12,2026-09-12-34680107844,india-1083816114,india,india-today,publish,ok,,580,82,580,1854,54,92056,55879,36166,1729,224,922,,,,,,,
2026-09-12,2026-09-12-34680107844,india-4530861085,india,hindustan-times,publish,ok,,411,82,411,1690,52,76320,42103,34165,1527,210,922,,,,,,,
2026-09-12,2026-09-12-34680107844,india-3137092483,india,hindustan-times,publish,ok,,317,79,317,98,46,67357,32451,34898,1394,218,922,,,,,,,
2026-09-12,2026-09-12-34680107844,india-2952898937,india,thehindu-biz,publish,ok,,718,95,718,145,36,115763,71162,44560,1951,273,923,,,,,,,
2026-09-12,2026-09-12-34680107844,india-1660522918,india,dna-india,publish,ok,,400,68,400,1145,68,79306,40583,38713,1508,236,922,,,,,,,
2026-09-12,2026-09-12-34680107844,ai-4516434379,ai,openai-news,fetch,failed,http_client_error,,,,,,,,,,,,,,,,,,
2026-09-12,2026-09-12-34680107844,ai-0855752566,ai,simon-willison,publish,ok,,423,79,423,393,17,194718,155790,38886,1533,213,0,,,,,,,
2026-09-12,2026-09-12-34680107844,ai-4281184525,ai,marktechpost,extract,failed,no_text,,,,,,,,,,,,,,,,,,
2026-09-12,2026-09-12-34680107844,energy-5363430545,energy,pv-magazine,extract,failed,paywalled,,,,,,,,,,,,,,,,,,
2026-09-12,2026-09-12-34680107844,business-economy-9713711569,business-economy,aljazeera-economy,fetch,failed,robots_denied,,,,,,,,,,,,,,,,,,
2026-09-12,2026-09-12-34680107844,business-economy-1410579917,business-economy,marginal-revolution,publish,ok,,185,73,185,629,14,64517,30781,33725,1222,192,922,,,,,,,
2026-09-12,2026-09-12-34680107844,world-4752969119,world,japan-times,publish,ok,,350,74,350,1878,49,93388,54665,38711,1453,217,922,,,,,,,
2026-09-12,2026-09-12-34680107844,world-5278041392,world,cgtn-china,publish,ok,,88,59,88,809,69,46749,15040,31700,1085,183,941,,,,,,,
2026-09-12,2026-09-12-34680107844,world-8765791372,world,guardian-world,publish,ok,,663,75,663,470,41,121759,87784,33961,1795,190,941,,,,,,,
2026-09-12,2026-09-12-34680107844,world-2908017214,world,dw-world,publish,ok,,787,65,787,22234,38,252113,211603,40444,2075,222,0,,,,,,,
2026-09-12,2026-09-12-34680107844,world-8374995980,world,bbc-world,publish,ok,,447,93,447,474,56,102312,62810,39454,1532,220,922,,,,,,,
2026-09-12,2026-09-12-34680107844,world-6337711194,world,lemonde-en,publish,ok,too_short,35,31,35,1351,6,120495,104266,16217,1028,95,0,,,,,,,
2026-09-12,2026-09-12-34680107844,india-4429327487,india,economic-times,publish,ok,,781,119,781,1780,82,195862,130859,64948,2195,356,923,,,,,,,
2026-09-12,2026-09-12-34680107844,india-9168213475,india,thehindu-all,publish,ok,,1142,111,1142,757,48,208804,155630,53103,2432,290,923,,,,,,,
2026-09-12,2026-09-12-34680107844,india-3624338505,india,livemint,publish,ok,,855,100,855,865,39,178186,134462,43584,2230,245,923,,,,,,,
2026-09-12,2026-09-12-34680107844,india-2563116993,india,india-today,publish,ok,,562,81,562,2048,70,115234,79206,36016,1694,202,922,,,,,,,
2026-09-12,2026-09-12-34680107844,india-8097277471,india,livemint,publish,ok,,593,58,593,207,35,123911,87768,36051,1775,199,922,,,,,,,
2026-09-12,2026-09-12-34680107844,india-2729225552,india,et-default,publish,ok,,565,75,565,387,65,149077,100725,48278,1901,267,922,,,,,,,
2026-09-12,2026-09-12-34680107844,india-6159889773,india,frontline,publish,ok,,907,120,907,539,33,179561,128715,50758,2174,278,923,,,,,,,
2026-09-12,2026-09-12-34680107844,india-7938155422,india,the-federal,publish,ok,,604,90,604,574,80,123882,86957,36849,1770,205,922,,,,,,,
2026-09-12,2026-09-12-34680107844,ai-8852755448,ai,guardian-ai,publish,ok,,769,108,769,191,51,245698,194669,50965,1941,276,0,,,,,,,
2026-09-12,2026-09-12-34680107844,ai-8469199756,ai,straitstimes-opinion,extract,failed,paywalled,,,,,,,,,,,,,,,,,,
2026-09-12,2026-09-12-34680107844,ai-7936056616,ai,marktechpost,extract,failed,no_text,,,,,,,,,,,,,,,,,,
2026-09-12,2026-09-12-34680107844,business-economy-4777322074,business-economy,business-today-in,publish,ok,,86,62,86,332,93,142842,109494,33334,1086,180,0,,,,,,,
2026-09-12,2026-09-12-34680107844,business-economy-8726882401,business-economy,aljazeera-economy,fetch,failed,robots_denied,,,,,,,,,,,,,,,,,,
2026-09-12,2026-09-12-34680107844,world-0445496111,world,cgtn-business,publish,ok,,504,84,504,1210,79,125962,77166,48784,1684,259,922,,,,,,,
2026-09-12,2026-09-12-34680107844,world-4002126515,world,japan-times,publish,ok,,115,52,115,2210,53,54117,20872,33197,1126,177,922,,,,,,,
2026-09-12,2026-09-12-34680107844,world-4475196364,world,cgtn-business,publish,ok,,277,72,277,1236,74,78980,41190,37775,1330,201,922,,,,,,,
2026-09-12,2026-09-12-34680107844,world-7065341652,world,france24,publish,ok,,720,120,720,369,56,143840,93637,50142,1849,271,923,,,,,,,
2026-09-12,2026-09-12-34680107844,world-1970314724,world,npr-world,publish,ok,,901,144,901,640,32,181125,118272,62795,2093,333,923,,,,,,,
2026-09-12,2026-09-12-34680107844,world-5405860413,world,independent-world,publish,ok,,1577,106,1577,420,83,267398,218338,48956,3066,251,923,,,,,,,
2026-09-12,2026-09-12-34680107844,india-7713334002,india,the-hindu-national,publish,ok,,345,67,345,650,49,94508,53556,40941,1451,218,922,,,,,,,
2026-09-12,2026-09-12-34680107844,india-7217101815,india,economic-times,publish,ok,not_prose,365,44,365,151,76,182932,155772,27103,1553,149,0,,,,,,,
2026-09-12,2026-09-12-34680107844,india-0895564349,india,free-press-journal,publish,ok,,319,69,319,589,20,85424,48214,37117,1397,203,922,,,,,,,
2026-09-12,2026-09-12-34680107844,india-7464622510,india,toi-top,publish,ok,,639,70,639,409,77,149233,110530,38691,2013,209,922,,,,,,,
2026-09-12,2026-09-12-34680107844,india-5476438660,india,deccan-chronicle,publish,ok,,495,71,495,2074,49,111558,73002,38504,1643,208,922,,,,,,,
2026-09-12,2026-09-12-34680107844,india-5761292557,india,et-default,publish,ok,,1587,102,1587,275,104,279339,227439,51802,3159,268,923,,,,,,,
2026-09-12,2026-09-12-34680107844,india-7877529435,india,frontline,publish,ok,,1208,114,1208,416,40,210495,159605,50756,2496,252,923,,,,,,,
2026-09-12,2026-09-12-34680107844,india-6716679409,india,scroll-in,publish,ok,,1396,92,1396,464,42,238063,189942,47970,2787,232,923,,,,,,,
2026-09-12,2026-09-12-34680107844,india-0257257925,india,the-federal,publish,ok,,160,45,160,616,84,65327,32244,33073,1241,180,922,,,,,,,
2026-09-12,2026-09-12-34680107844,ai-2367375887,ai,openai-news,fetch,failed,http_client_error,,,,,,,,,,,,,,,,,,
2026-09-12,2026-09-12-34680107844,ai-5931785651,ai,guardian-ai,publish,ok,,346,59,346,518,45,169780,142263,27475,1407,161,0,,,,,,,
2026-09-12,2026-09-12-34680107844,ai-5908765325,ai,straitstimes-opinion,extract,failed,paywalled,,,,,,,,,,,,,,,,,,
2026-09-12,2026-09-12-34680107844,energy-2723897167,energy,canary-media,publish,ok,,1585,116,1585,523,119,359293,305516,53718,2998,296,0,,,,,,,
2026-09-12,2026-09-12-34680107844,business-economy-5133896967,business-economy,cna-business,publish,ok,,574,87,574,989,111,118027,81964,36049,1727,208,922,,,,,,,
2026-09-12,2026-09-12-34680107844,business-economy-2923423329,business-economy,econbrowser,publish,ok,too_short,52,27,52,628,7,131391,108051,23329,1066,140,0,,,,,,,
2026-09-12,2026-09-12-34680107844,world-7729172103,world,euronews,publish,ok,,1202,102,1202,1164,71,235020,185149,49799,2733,277,923,,,,,,,
2026-09-12,2026-09-12-34680107844,world-8393356342,world,cna-world,publish,ok,,363,97,363,292,106,90028,52467,37497,1437,219,922,,,,,,,
2026-09-12,2026-09-12-34680107844,world-3075168683,world,thehindu-intl,publish,ok,,265,77,265,775,41,114138,44577,69550,1365,406,925,,,,,,,
2026-09-12,2026-09-12-34680107844,world-5399652993,world,euronews,publish,ok,,288,57,288,488,63,84797,50674,34113,1422,201,925,,,,,,,
2026-09-12,2026-09-12-34680107844,world-4222584207,world,anadolu-world,publish,ok,,1784,102,1784,8234,92,310927,257104,53748,3427,291,923,,,,,,,
2026-09-12,2026-09-12-34680107844,world-5785554457,world,lemonde-en,publish,ok,too_short,35,45,35,1514,120,32466,10474,21981,1021,132,922,,,,,,,
2026-09-12,2026-09-12-34680107844,india-4849085502,india,toi-india,publish,ok,,534,96,534,862,108,151581,75944,75625,1670,437,925,,,,,,,
2026-09-12,2026-09-12-34680107844,india-8324633491,india,toi-top,summarize,failed,bad_shape,496,,496,152,67,225505,,,,,,,,,,,,
2026-09-12,2026-09-12-34680107844,india-4079550812,india,thehindu-business,publish,ok,,318,93,318,1060,39,101258,51007,50165,1424,295,922,,,,,,,
2026-09-12,2026-09-12-34680107844,india-6242888609,india,thehindu-business,publish,ok,,546,72,546,215,37,107981,76222,31748,1668,185,922,,,,,,,
2026-09-12,2026-09-12-34680107844,india-1160921590,india,thehindu-all,publish,ok,,164,67,164,261,38,61253,28509,32732,1201,194,922,,,,,,,
2026-09-12,2026-09-12-34680107844,india-9665538132,india,free-press-journal,publish,ok,,313,85,313,694,20,85494,47588,37895,1390,223,922,,,,,,,
2026-09-12,2026-09-12-34680107844,india-6009436702,india,thehindu-biz,publish,ok,,765,112,765,237,42,169246,113876,55278,2038,314,923,,,,,,,
2026-09-12,2026-09-12-34680107844,india-2548656306,india,scroll-in,publish,ok,,3841,111,3841,538,53,673390,611443,61753,5902,317,0,,,,,,,
2026-09-12,2026-09-12-34689544296,ai-7000696918,ai,straitstimes-opinion,extract,failed,paywalled,,,,,,,,,,,,,,,,,,
2026-09-12,2026-09-12-34689544296,business-economy-1584856430,business-economy,business-today-in,publish,ok,not_prose,528,,528,,,,,,,,,,,,,,,
2026-09-12,2026-09-12-34689544296,world-8605940125,world,mongabay,publish,ok,not_prose,705,,705,,,,,,,,,,,,,,,
2026-09-12,2026-09-12-34689544296,ai-0239206906,ai,fastcompany-tech,publish,ok,,406,67,406,501,71,184467,149612,34811,1491,194,0,,,,,,,
2026-09-12,2026-09-12-34689544296,ai-3722792693,ai,openai-news,fetch,failed,http_client_error,,,,,,,,,,,,,,,,,,
2026-09-12,2026-09-12-34689544296,energy-4079946642,energy,pv-magazine,publish,ok,,1426,97,1426,1393,59,336236,286668,49459,2843,261,0,,,,,,,
2026-09-12,2026-09-12-34689544296,business-economy-8584689785,business-economy,aljazeera-economy,fetch,failed,robots_denied,,,,,,,,,,,,,,,,,,
2026-09-12,2026-09-12-34689544296,business-economy-4716746149,business-economy,yahoo-finance,publish,ok,,1203,108,1203,439,87,245637,186679,58898,2763,317,923,,,,,,,
2026-09-12,2026-09-12-34689544296,world-0411819574,world,cgtn-tech,publish,ok,,345,75,345,2071,85,93978,51178,42786,1429,236,922,,,,,,,
2026-09-12,2026-09-12-34689544296,world-6732449104,world,cgtn-business,publish,ok,,533,59,533,259,74,102463,75980,26469,1675,148,922,,,,,,,
2026-09-12,2026-09-12-34689544296,world-2227194855,world,guardian-world,publish,ok,,589,91,589,453,41,123139,81479,41647,1729,232,922,,,,,,,
2026-09-12,2026-09-12-34689544296,world-4490491262,world,lemonde-en,publish,ok,too_short,35,35,35,1201,117,116746,101016,15718,1011,89,0,,,,,,,
2026-09-12,2026-09-12-34689544296,world-1749789273,world,bbc-world,publish,ok,,1266,98,1266,270,70,218411,171234,47109,2614,251,923,,,,,,,
2026-09-12,2026-09-12-34689544296,world-7194937701,world,france24,publish,ok,,1234,110,1234,605,55,233343,177023,56256,2667,300,923,,,,,,,
2026-09-12,2026-09-12-34689544296,world-2460782607,world,africanews,publish,ok,,464,98,464,515,39,99400,60954,38391,1525,216,922,,,,,,,
2026-09-12,2026-09-12-34689544296,world-0469229801,world,japan-times,publish,ok,,179,66,179,1575,50,63427,30461,32956,1222,187,922,,,,,,,
2026-09-12,2026-09-12-34689544296,india-9239075645,india,toi-india,publish,ok,,1007,122,1007,556,114,191757,138036,53654,2283,285,923,,,,,,,
2026-09-12,2026-09-12-34689544296,india-6805838563,india,et-default,publish,ok,,388,64,388,487,72,114324,70089,44224,1616,247,922,,,,,,,
2026-09-12,2026-09-12-34689544296,india-9222508267,india,india-today,publish,ok,,582,96,582,217,72,124286,84461,39812,1759,220,922,,,,,,,
2026-09-12,2026-09-12-34689544296,india-1577055791,india,deccan-chronicle,publish,ok,,225,53,225,2692,44,64541,34373,30092,1261,171,922,,,,,,,
2026-09-12,2026-09-12-34689544296,india-7705862745,india,thehindu-business,publish,ok,,127,41,127,498,34,62813,26464,36340,1184,204,922,,,,,,,
2026-09-12,2026-09-12-34689544296,india-6877353540,india,free-press-journal,publish,ok,,296,77,296,291,22,87116,50316,36788,1419,201,922,,,,,,,
2026-09-12,2026-09-12-34689544296,india-1725299098,india,scroll-in,publish,ok,,2139,108,2139,456,46,445416,381738,63520,3759,326,0,,,,,,,
2026-09-12,2026-09-12-34689544296,ai-6730972466,ai,wired-ai,publish,ok,,1208,92,1208,470,134,296998,251157,45771,2464,251,0,,,,,,,
2026-09-12,2026-09-12-34689544296,ai-7089205374,ai,straitstimes-business,publish,ok,,244,100,244,835,31,179606,134550,45017,1327,257,0,,,,,,,
2026-09-12,2026-09-12-34689544296,energy-8768700986,energy,inside-climate-news,publish,ok,,1571,85,1571,642,40,264546,216522,47968,3025,258,923,,,,,,,
2026-09-12,2026-09-12-34689544296,business-economy-9876802600,business-economy,business-today-in,publish,ok,too_short,56,35,56,223,81,126591,105813,20768,1037,122,0,,,,,,,
2026-09-12,2026-09-12-34689544296,business-economy-8043836078,business-economy,yahoo-finance,extract,failed,no_text,,,,,,,,,,,,,,,,,,
2026-09-12,2026-09-12-34689544296,world-0923410026,world,cgtn-china,publish,ok,,101,47,101,1404,74,40405,17487,22909,1093,134,922,,,,,,,
2026-09-12,2026-09-12-34689544296,world-7805979506,world,cgtn-business,publish,ok,,685,104,685,828,76,148553,102152,46388,1919,260,922,,,,,,,
2026-09-12,2026-09-12-34689544296,world-4460313360,world,bbc-world,publish,ok,,804,99,804,116,73,150625,109813,40738,1995,224,923,,,,,,,
2026-09-12,2026-09-12-34689544296,world-6531005875,world,cna-world,publish,ok,,571,72,571,411,102,126824,84572,42196,1750,237,922,,,,,,,
2026-09-12,2026-09-12-34689544296,world-8620208556,world,independent-world,publish,ok,,1241,98,1241,223,57,213335,168827,44367,2569,239,923,,,,,,,
2026-09-12,2026-09-12-34689544296,world-2150185760,world,lemonde-en,publish,ok,too_short,35,30,35,1578,120,27180,10332,16840,1023,98,922,,,,,,,
2026-09-12,2026-09-12-34689544296,world-1361672879,world,npr-world,publish,ok,,1519,132,1519,239,57,262593,198779,63702,2854,343,923,,,,,,,
2026-09-12,2026-09-12-34689544296,world-2722355954,world,africanews,publish,ok,,257,91,257,1717,33,72676,36827,35731,1284,201,922,,,,,,,
2026-09-12,2026-09-12-34689544296,india-3936370855,india,toi-india,publish,ok,,624,77,624,453,108,130512,90476,40021,1807,226,922,,,,,,,
2026-09-12,2026-09-12-34689544296,india-7126261644,india,toi-top,publish,ok,,601,63,601,43,88,128480,91270,37155,1813,207,922,,,,,,,
2026-09-12,2026-09-12-34689544296,india-8345664042,india,free-press-journal,publish,ok,,326,72,326,402,20,91070,51142,39854,1424,227,922,,,,,,,
2026-09-12,2026-09-12-34689544296,india-7009229366,india,india-today,publish,ok,,210,73,210,239,65,63206,31134,32062,1226,183,922,,,,,,,
2026-09-12,2026-09-12-34689544296,india-5515487453,india,hindustan-times,publish,ok,,375,73,375,143,61,90547,53928,36606,1450,209,922,,,,,,,
2026-09-12,2026-09-12-34689544296,india-8688311163,india,the-federal,publish,ok,,559,73,559,3300,78,122993,83251,39731,1752,219,938,,,,,,,
2026-09-12,2026-09-12-34689544296,india-6213240785,india,frontline,publish,ok,,1826,94,1826,365,43,354826,298687,56070,3812,292,923,,,,,,,
2026-09-12,2026-09-12-34689544296,ai-1789947789,ai,guardian-ai,publish,ok,,884,122,884,1120,46,262883,197531,65268,2118,261,0,,,,,,,
2026-09-12,2026-09-12-34689544296,ai-6544200086,ai,guardian-ai,publish,ok,not_prose,12,25,12,767,167,114527,92535,21980,989,91,0,,,,,,,
2026-09-12,2026-09-12-34689544296,energy-6202651731,energy,pv-magazine,publish,ok,,697,102,697,1374,54,240071,180070,59925,1938,241,0,,,,,,,
2026-09-12,2026-09-12-34689544296,business-economy-3637151174,business-economy,aljazeera-economy,fetch,failed,robots_denied,,,,,,,,,,,,,,,,,,
2026-09-12,2026-09-12-34689544296,business-economy-4118468498,business-economy,npr-business,publish,ok,,1802,89,1802,970,57,277064,216681,60287,3219,236,923,,,,,,,
2026-09-12,2026-09-12-34689544296,world-2647082713,world,cgtn-tech,publish,ok,,356,102,356,1579,76,123395,49324,73983,1446,300,922,,,,,,,
2026-09-12,2026-09-12-34689544296,world-8813166214,world,thehindu-intl,publish,ok,,750,92,750,569,49,175455,105172,70151,2047,282,923,,,,,,,
2026-09-12,2026-09-12-34689544296,world-0599112454,world,abc-au-world,publish,ok,,107,64,107,1003,64,56298,16925,39361,1114,164,934,,,,,,,
2026-09-12,2026-09-12-34689544296,world-0581892440,world,anadolu-world,publish,ok,,332,65,332,4856,95,90493,45967,44515,1426,184,934,,,,,,,
2026-09-12,2026-09-12-34689544296,world-8314629611,world,independent-world,publish,ok,,591,88,591,697,43,132376,76120,56244,1744,229,934,,,,,,,
2026-09-12,2026-09-12-34689544296,world-4525500093,world,france24,publish,ok,not_prose,71,31,71,1019,68,36093,12794,23206,1056,96,922,,,,,,,
2026-09-12,2026-09-12-34689544296,world-1750134875,world,anadolu-world,publish,ok,,413,65,413,4202,96,105096,55812,49187,1518,202,922,,,,,,,
2026-09-12,2026-09-12-34689544296,india-6582355498,india,the-hindu-national,publish,ok,,282,86,282,275,48,112915,46941,65964,1421,269,922,,,,,,,
2026-09-12,2026-09-12-34689544296,india-8440645899,india,economic-times,publish,ok,,1610,118,1610,320,93,278572,208912,69524,3137,274,923,,,,,,,
2026-09-12,2026-09-12-34689544296,india-5865752891,india,livemint,publish,ok,,773,123,773,277,36,172118,98812,73137,1976,294,923,,,,,,,
2026-09-12,2026-09-12-34689544296,india-0125985096,india,thehindu-business,publish,ok,,187,69,187,541,38,85295,29339,55947,1235,230,922,,,,,,,
2026-09-12,2026-09-12-34689544296,india-3357948182,india,thehindu-all,publish,ok,,251,75,251,159,42,90815,39805,51001,1345,209,922,,,,,,,
2026-09-12,2026-09-12-34689544296,india-2469593381,india,thehindu-all,publish,ok,,257,94,257,2144,45,94379,38580,55790,1332,229,922,,,,,,,
2026-09-12,2026-09-12-34689544296,india-8389449103,india,the-federal,publish,ok,,1342,114,1342,3801,92,237859,170276,67442,2732,267,923,,,,,,,
2026-09-12,2026-09-12-34689544296,india-4199531949,india,et-default,publish,ok,,1139,117,1139,216,88,247093,156882,90054,2591,357,923,,,,,,,
2026-09-12,2026-09-12-34689544296,energy-6477590758,energy,inside-climate-news,plan,failed,not_attempted,,,,,,,,,,,,,,,,,,
2026-09-12,2026-09-12-34689544296,business-economy-8543496081,business-economy,guardian-business,plan,failed,not_attempted,,,,,,,,,,,,,,,,,,
2026-09-12,2026-09-12-34689544296,world-2947665371,world,cgtn-china,plan,failed,not_attempted,,,,,,,,,,,,,,,,,,
2026-09-12,2026-09-12-34689544296,world-9119853725,world,guardian-world,plan,failed,not_attempted,,,,,,,,,,,,,,,,,,
2026-09-12,2026-09-12-34689544296,world-5654297853,world,abc-au-world,plan,failed,not_attempted,,,,,,,,,,,,,,,,,,
2026-09-12,2026-09-12-34689544296,world-3897029033,world,cna-world,plan,failed,not_attempted,,,,,,,,,,,,,,,,,,
2026-09-12,2026-09-12-34689544296,world-7387783286,world,euronews,plan,failed,not_attempted,,,,,,,,,,,,,,,,,,
2026-09-12,2026-09-12-34689544296,world-3838160889,world,euronews,plan,failed,not_attempted,,,,,,,,,,,,,,,,,,
2026-09-12,2026-09-12-34689544296,world-6288430834,world,dw-world,plan,failed,not_attempted,,,,,,,,,,,,,,,,,,
2026-09-12,2026-09-12-34689544296,india-1747513317,india,the-hindu-national,plan,failed,not_attempted,,,,,,,,,,,,,,,,,,
2026-09-12,2026-09-12-34689544296,india-6343194189,india,livemint,plan,failed,not_attempted,,,,,,,,,,,,,,,,,,
2026-09-12,2026-09-12-34689544296,india-3045099051,india,economic-times,plan,failed,not_attempted,,,,,,,,,,,,,,,,,,
2026-09-12,2026-09-12-34689544296,india-4353073803,india,toi-top,plan,failed,not_attempted,,,,,,,,,,,,,,,,,,
2026-09-12,2026-09-12-34689544296,india-7133964109,india,deccan-chronicle,plan,failed,not_attempted,,,,,,,,,,,,,,,,,,
2026-09-12,2026-09-12-34689544296,india-3460763546,india,hindustan-times,plan,failed,not_attempted,,,,,,,,,,,,,,,,,,
2026-09-12,2026-09-12-34689544296,india-8384879084,india,frontline,plan,failed,not_attempted,,,,,,,,,,,,,,,,,,
2026-09-12,2026-09-12-34689544296,india-7837018915,india,scroll-in,plan,failed,not_attempted,,,,,,,,,,,,,,,,,,
2026-09-12,2026-09-12-34696925525,energy-6477590758,energy,inside-climate-news,publish,ok,,2782,147,2782,687,109,260964,210799,49831,4539,357,0,,,,,,,
2026-09-12,2026-09-12-34696925525,business-economy-9344717695,business-economy,business-today-in,publish,ok,,91,49,91,430,53,70955,49439,21506,1095,160,0,,,,,,,
2026-09-12,2026-09-12-34696925525,business-economy-0701421031,business-economy,aljazeera-economy,fetch,failed,robots_denied,,,,,,,,,,,,,,,,,,
2026-09-12,2026-09-12-34696925525,world-8605940125,world,mongabay,publish,ok,not_prose,705,54,705,359,21,68914,48811,20053,1974,138,922,,,,,,,
2026-09-12,2026-09-12-34696925525,world-1931227207,world,cgtn-tech,publish,ok,,565,77,565,1940,41,67663,37284,30370,1743,205,922,,,,,,,
2026-09-12,2026-09-12-34696925525,world-9163226347,world,cna-world,publish,ok,,184,70,184,1550,36,44698,15196,29460,1243,200,922,,,,,,,
2026-09-12,2026-09-12-34696925525,world-8022338589,world,anadolu-world,publish,ok,,228,76,228,4724,141,45387,16222,29157,1267,199,922,,,,,,,
2026-09-12,2026-09-12-34696925525,world-3057519666,world,bbc-world,publish,ok,,454,88,454,269,38,63986,30787,33191,1579,235,922,,,,,,,
2026-09-12,2026-09-12-34696925525,world-3051588014,world,thehindu-intl,publish,ok,,342,80,342,467,26,57925,24843,33074,1459,237,922,,,,,,,
2026-09-12,2026-09-12-34696925525,world-0053730711,world,japan-times,publish,ok,,96,58,96,1196,27,38340,9011,29322,1113,198,922,,,,,,,
2026-09-12,2026-09-12-34696925525,world-8352675049,world,france24,publish,ok,not_prose,62,32,62,1302,42,65255,49020,16200,1051,111,0,,,,,,,
2026-09-12,2026-09-12-34696925525,india-4940277327,india,toi-india,publish,ok,,1189,98,1189,515,67,152933,116982,35908,2522,246,0,,,,,,,
2026-09-12,2026-09-12-34696925525,india-0357584249,india,economic-times,publish,ok,,523,63,523,263,61,78106,41057,37008,1798,257,922,,,,,,,
2026-09-12,2026-09-12-34696925525,india-9922995507,india,thehindu-biz,publish,ok,,287,77,287,302,23,50766,20126,30594,1358,212,922,,,,,,,
2026-09-12,2026-09-12-34696925525,india-3500339651,india,livemint,publish,ok,,863,121,863,381,22,94689,54533,40114,2085,267,923,,,,,,,
2026-09-12,2026-09-12-34696925525,india-3592953043,india,hindustan-times,publish,ok,,820,113,820,466,37,97478,56351,41078,2100,276,923,,,,,,,
2026-09-12,2026-09-12-34696925525,india-2852770952,india,deccan-chronicle,publish,ok,,1701,117,1701,4437,32,163166,118145,44966,3420,313,923,,,,,,,
2026-09-12,2026-09-12-34696925525,india-3431090199,india,toi-top,publish,ok,,602,102,602,33,52,109355,41109,68235,1805,483,922,,,,,,,
2026-09-12,2026-09-12-34696925525,india-7465889430,india,scroll-in,publish,ok,,1098,120,1098,524,24,111884,67368,44409,2388,314,923,,,,,,,
2026-09-12,2026-09-12-34696925525,india-8002380511,india,thehindu-biz,publish,ok,,161,58,161,253,25,36812,13334,23392,1208,170,922,,,,,,,
2026-09-12,2026-09-12-34696925525,ai-3537725927,ai,ars-technica-ai,publish,ok,,285,51,285,1194,45,121313,92698,28575,1348,177,0,,,,,,,
2026-09-12,2026-09-12-34696925525,energy-4658448232,energy,pv-magazine,publish,ok,,891,114,891,1383,45,191773,144763,46925,2093,264,0,,,,,,,
2026-09-12,2026-09-12-34696925525,business-economy-3176045297,business-economy,yahoo-finance,fetch,failed,robots_denied,,,,,,,,,,,,,,,,,,
2026-09-12,2026-09-12-34696925525,business-economy-1733205546,business-economy,marginal-revolution,publish,ok,,91,62,91,471,11,40486,10563,29915,1073,189,922,,,,,,,
2026-09-12,2026-09-12-34696925525,world-1693428580,world,elpais-en,publish,ok,,1088,108,1088,1480,54,143580,98581,44945,2339,270,923,,,,,,,
2026-09-12,2026-09-12-34696925525,world-5745822092,world,cgtn-china,publish,ok,,423,57,423,850,60,62811,38500,24300,1471,150,922,,,,,,,
2026-09-12,2026-09-12-34696925525,world-9119853725,world,guardian-world,publish,ok,,1109,99,1109,1102,215,144880,102099,42719,2389,249,923,,,,,,,
2026-09-12,2026-09-12-34696925525,world-2072567392,world,guardian-world,publish,ok,,813,109,813,255,40,115981,74972,40938,2002,250,923,,,,,,,
2026-09-12,2026-09-12-34696925525,world-8863730018,world,euronews,publish,ok,,976,82,976,1178,56,124493,87022,37412,2178,224,923,,,,,,,
2026-09-12,2026-09-12-34696925525,world-7720337808,world,npr-world,publish,ok,,83,48,83,621,26,33252,11415,21829,1086,139,922,,,,,,,
2026-09-12,2026-09-12-34696925525,world-4209883142,world,euronews,publish,ok,,962,77,962,493,57,149057,104593,44375,2426,264,923,,,,,,,
2026-09-12,2026-09-12-34696925525,world-8044859078,world,lemonde-en,publish,ok,too_short,35,30,35,1466,5,84927,70394,14525,1019,93,0,,,,,,,
2026-09-12,2026-09-12-34696925525,india-0580806408,india,the-hindu-national,publish,ok,,217,98,217,685,36,79225,26966,52250,1312,326,922,,,,,,,
2026-09-12,2026-09-12-34696925525,india-6168713968,india,toi-top,publish,ok,,700,101,700,616,70,103977,65497,38345,1867,231,923,,,,,,,
2026-09-12,2026-09-12-34696925525,india-1676293594,india,free-press-journal,publish,ok,,425,90,425,572,17,76240,40554,35675,1506,220,922,,,,,,,
2026-09-12,2026-09-12-34696925525,india-0754455481,india,deccan-chronicle,publish,ok,,154,68,154,2827,35,49151,17529,31614,1173,192,922,,,,,,,
2026-09-12,2026-09-12-34696925525,india-7673068187,india,thehindu-all,publish,ok,,233,86,233,260,31,67440,28149,39281,1328,244,922,,,,,,,
2026-09-12,2026-09-12-34696925525,india-4314352826,india,thehindu-business,publish,ok,not_prose,12,31,12,848,42,24657,8469,16179,1042,102,922,,,,,,,
2026-09-12,2026-09-12-34696925525,india-1446215408,india,the-federal,publish,ok,,687,81,687,3831,70,110536,69917,40609,1928,245,922,,,,,,,
2026-09-12,2026-09-12-34696925525,india-5391961552,india,dna-india,publish,ok,,400,73,400,2225,69,72390,39082,33263,1483,207,922,,,,,,,
2026-09-12,2026-09-12-34696925525,energy-5345158807,energy,grist,publish,ok,,1019,149,1019,410,50,289104,234142,54894,2295,302,0,,,,,,,
2026-09-12,2026-09-12-34696925525,business-economy-0433609872,business-economy,yahoo-finance,publish,ok,,383,64,383,483,133,187905,151184,36708,1488,208,0,,,,,,,
2026-09-12,2026-09-12-34696925525,business-economy-8528710755,business-economy,aljazeera-economy,fetch,failed,robots_denied,,,,,,,,,,,,,,,,,,
2026-09-12,2026-09-12-34696925525,business-economy-4982381540,business-economy,marginal-revolution,publish,ok,,150,92,150,121,14,57744,21728,36007,1132,201,922,,,,,,,
2026-09-12,2026-09-12-34696925525,world-1020466734,world,cgtn-tech,publish,ok,,129,51,129,1816,71,51936,22583,29343,1141,166,922,,,,,,,
2026-09-12,2026-09-12-34696925525,world-3382295067,world,anadolu-world,publish,ok,,334,66,334,4417,205,86041,51712,34316,1429,195,922,,,,,,,
2026-09-12,2026-09-12-34696925525,world-2422240691,world,independent-world,publish,ok,,1033,89,1033,186,55,193207,142974,50181,2324,275,923,,,,,,,
2026-09-12,2026-09-12-34696925525,world-8846098137,world,bbc-world,publish,ok,,205,68,205,296,53,70698,34723,35966,1260,204,922,,,,,,,
2026-09-12,2026-09-12-34696925525,world-3668708843,world,npr-world,publish,ok,,1760,94,1760,553,47,275954,233429,42465,3201,228,923,,,,,,,
2026-09-12,2026-09-12-34696925525,world-0105092020,world,dw-world,publish,ok,,573,82,573,21585,35,120726,77248,43464,1673,231,922,,,,,,,
2026-09-12,2026-09-12-34696925525,world-9373031061,world,abc-au-world,publish,ok,,718,91,718,472,66,152339,104827,47402,1950,266,923,,,,,,,
2026-09-12,2026-09-12-34696925525,world-2314624714,world,dw-world,publish,ok,,1044,114,1044,1648,36,196585,144312,52143,2336,287,923,,,,,,,
2026-09-12,2026-09-12-34696925525,india-7426720266,india,toi-india,publish,ok,,734,89,734,531,110,139163,97325,41748,1876,232,923,,,,,,,
2026-09-12,2026-09-12-34696925525,india-4853462141,india,free-press-journal,publish,ok,,281,66,281,430,19,77822,43674,34093,1348,186,922,,,,,,,
2026-09-12,2026-09-12-34696925525,india-6343194189,india,livemint,publish,ok,,617,54,617,2343,35,136988,103675,33300,1931,181,922,,,,,,,
2026-09-12,2026-09-12-34696925525,india-0203487067,india,india-today,publish,ok,,609,94,609,371,66,122906,83920,38928,1739,210,922,,,,,,,
2026-09-12,2026-09-12-34696925525,india-1842658523,india,thehindu-business,publish,ok,,639,98,639,439,38,130832,89102,41617,1789,225,922,,,,,,,
2026-09-12,2026-09-12-34696925525,india-5997403524,india,the-federal,publish,ok,,475,68,475,492,81,103365,67868,35428,1584,194,922,,,,,,,
2026-09-12,2026-09-12-34696925525,india-7649102380,india,dna-india,publish,ok,,888,113,888,2797,87,162655,115722,46858,2055,260,923,,,,,,,
2026-09-12,2026-09-12-34696925525,india-7020698420,india,scroll-in,publish,ok,,231,78,231,524,33,82675,40976,41686,1322,229,922,,,,,,,
2026-09-12,2026-09-12-34696925525,ai-2559093364,ai,guardian-ai,publish,ok,,1327,123,1327,214,50,331621,275002,56567,2698,299,0,,,,,,,
2026-09-12,2026-09-12-34696925525,energy-1849496898,energy,inside-climate-news,publish,ok,,1867,131,1867,427,41,304846,247485,57287,3329,297,923,,,,,,,
2026-09-12,2026-09-12-34696925525,business-economy-1584856430,business-economy,business-today-in,publish,ok,not_prose,528,45,528,251,55,152981,124464,28505,2138,157,922,,,,,,,
2026-09-12,2026-09-12-34696925525,business-economy-2976854475,business-economy,guardian-business,publish,ok,,303,56,303,137,57,166644,135685,30905,1342,171,0,,,,,,,
2026-09-12,2026-09-12-34696925525,world-1770102802,world,elpais-en,publish,ok,,2036,139,2036,591,74,409998,350491,58403,3423,298,0,,,,,,,
2026-09-12,2026-09-12-34696925525,world-2947665371,world,cgtn-china,publish,ok,,103,37,103,1121,70,49365,19878,29479,1116,166,922,,,,,,,
2026-09-12,2026-09-12-34696925525,world-8847873229,world,cna-world,publish,ok,,2509,122,2509,801,89,406029,343139,62804,4251,314,923,,,,,,,
2026-09-12,2026-09-12-34696925525,world-9650564023,world,independent-world,publish,ok,,852,143,852,312,48,172122,116248,55790,2060,301,923,,,,,,,
2026-09-12,2026-09-12-34696925525,world-5849065583,world,thehindu-intl,publish,ok,,197,56,197,381,42,63137,34891,28236,1261,161,922,,,,,,,
2026-09-12,2026-09-12-34696925525,world-6806909289,world,abc-au-world,publish,ok,,68,44,68,408,67,43901,16179,27710,1079,159,922,,,,,,,
2026-09-12,2026-09-12-34696925525,world-5585232966,world,lemonde-en,publish,ok,too_short,35,27,35,1480,119,121308,103282,18017,1019,101,0,,,,,,,
2026-09-12,2026-09-12-34696925525,world-5429531890,world,france24,publish,ok,not_prose,63,29,63,655,69,34348,14864,19433,1066,112,922,,,,,,,
2026-09-12,2026-09-12-34696925525,india-6798530875,india,the-hindu-national,publish,ok,,341,76,341,105,41,95129,54103,40972,1451,232,922,,,,,,,
2026-09-12,2026-09-12-34696925525,india-7543643978,india,economic-times,publish,ok,not_prose,440,35,440,328,68,81175,61880,19233,1527,107,922,,,,,,,
2026-09-12,2026-09-12-34696925525,india-1348908637,india,et-default,publish,ok,,265,61,265,256,75,77322,43082,34176,1363,191,939,,,,,,,
2026-09-12,2026-09-12-34696925525,india-2819493973,india,india-today,publish,ok,,757,107,757,554,73,154170,104911,49169,1948,265,923,,,,,,,
2026-09-12,2026-09-12-34696925525,india-2188554838,india,thehindu-all,publish,ok,,192,73,192,109,38,73454,32915,40527,1261,229,939,,,,,,,
2026-09-12,2026-09-12-34696925525,india-0195394058,india,frontline,publish,ok,,1382,100,1382,442,38,244579,197731,46761,2849,247,923,,,,,,,
2026-09-12,2026-09-12-34696925525,india-7373388071,india,hindustan-times,publish,ok,,976,113,976,1667,65,199718,142433,57220,2316,306,923,,,,,,,
2026-09-12,2026-09-12-34696925525,india-5590798838,india,frontline,publish,ok,,1295,116,1295,35,37,206771,156538,50106,2451,266,923,,,,,,,
