version,url_key,first_seen_at,first_seen_run
2026-08-22T11:00,0000ff523d02418cefdc3a4859035f66fb404b1c3ed65d7a2e518c5014f10a4b,2026-08-23T15:20:27Z,2026-08-23-3
2026-08-22T11:00,0001057cafdd5edc8a49ee02d1ca6dff24d1663d72253e305a5bee0f2a329b5c,2026-08-23T15:20:27Z,2026-08-23-3
2026-08-22T11:00,0001a1a137c49a04028ce2fc347112cc0958013763fea4b4f447cbd126504b62,2026-08-23T15:20:27Z,2026-08-23-3
2026-08-22T11:00,00023fa6b69f4742e824a8544cfceafb090093f09bffee2b32a58613f7b9040b,2026-08-23T15:20:27Z,2026-08-23-3
2026-08-22T11:00,000768afef45adc30501398187fb6f4469f833471674044418872b0529275668,2026-08-23T15:20:27Z,2026-08-23-3
2026-08-22T11:00,0008444c2b2465947d86f100a2b2d60285f8be38bbf796761590d8fa1edc4f67,2026-08-23T15:20:27Z,2026-08-23-3
2026-08-22T11:00,0013580f1f3bb65f21c9abed7630170dcd5440723c47e4ec4c2fd52c72243b1e,2026-08-23T15:20:27Z,2026-08-23-3
2026-08-22T11:00,001e6a716b87028e4707c17ccb9da724477549f97e31e27d45280935791d4d23,2026-08-23T15:20:27Z,2026-08-23-3
2026-08-22T11:00,002068418b4d65e5b93b1cf504e3e3a9b94188c890a02ba30b600017ad0b1139,2026-08-23T15:20:27Z,2026-08-23-3
2026-08-22T11:00,002cc16ed8bc5f428e0ed6f1842e64c7d1493a665099db146de54d267d23ad2a,2026-08-23T15:20:27Z,2026-08-23-3
2026-08-22T11:00,002d27c8a35112737e86ad93ced5e195a2cc1ee82b725b8d78b60ac38d730c33,2026-08-23T15:20:27Z,2026-08-23-3
2026-08-22T11:00,00340e7e29c2ae70afde8b4d53780ebb77260553bcf730d87495999ed3132c90,2026-08-23T15:20:27Z,2026-08-23-3
2026-08-22T11:00,003600783cd955f03d86de9ac71515501273964454c3f9c8aebb842d63f7cc4d,2026-08-23T15:20:27Z,2026-08-23-3
2026-08-22T11:00,00413a1d2bcdda16c434ed159c7bc606802d0718a82556e29f09dff65f11260b,2026-08-23T15:20:27Z,2026-08-23-3
2026-08-22T11:00,004dc1051b7c362dbb5b4c792e057edf17021ea3f3e2b573ef91fab458576f93,2026-08-23T15:20:27Z,2026-08-23-3
2026-08-22T11:00,005291a673581173f531940cd257239ed1cc000b5994cedf751056f0dacf9a6f,2026-08-23T15:20:27Z,2026-08-23-3
2026-08-22T11:00,0052db55dfd78e7be0548aebefbe94737e380d974218b26ddca0c0870938fa94,2026-08-23T15:20:27Z,2026-08-23-3
2026-08-22T11:00,0054730f7e65f8f7dd08cb96df8dd187e9d26fc585a95f25add18590dcd8483d,2026-08-23T15:20:27Z,2026-08-23-3
2026-08-22T11:00,0060dc45107ed577331f4764b141495185c2c15a145de0fb6d3d2e5829935293,2026-08-23T15:20:27Z,2026-08-23-3
2026-08-22T11:00,0064b41f06bb2d8a817ce64e842466ef8966ebb17243de40144314498de95748,2026-08-23T15:20:27Z,2026-08-23-3
2026-08-22T11:00,007b2c119143a8d76ea1a1bc9b4f5297342b3eb9468c0a6d8c05243479235afc,2026-08-23T15:20:27Z,2026-08-23-3
2026-08-22T11:00,007f74b435842179c4c2d214b3bb2931dad0a4a7a88c63bbb3e7c763914ddc06,2026-08-23T15:20:27Z,2026-08-23-3
2026-08-22T11:00,007fe604c1f4dd0618e8bbc3cda8c0f88e091079a2dce18dcf8054aa633d5ee3,2026-08-23T15:20:27Z,2026-08-23-3
2026-08-22T11:00,008e40cdb69f6d9eaf5c1bedcd2693f934388f0bf93e787dcb8eaff842614633,2026-08-23T15:20:27Z,2026-08-23-3
2026-08-22T11:00,00907fb2a9e97e905d585923bf1bdafbb29c455501111f6c352bffb791d082c7,2026-08-23T15:20:27Z,2026-08-23-3
2026-08-22T11:00,009f70280ebcc29e7c90367cc5d038491a50c88b819173ad7ca2bdc392c0ba44,2026-08-23T15:20:27Z,2026-08-23-3
2026-08-22T11:00,00a3410a21e41b9a9f9b33dcedc68100b1b1a44fe14db8abc0a538f0df40499c,2026-08-23T15:20:27Z,2026-08-23-3
2026-08-22T11:00,00a60030130adf6cfca92a6dbce9aecf5cff34f13266c4ae36d22277995325cb,2026-08-23T15:20:27Z,2026-08-23-3
2026-08-22T11:00,00b66f31b216ab11bb0c940215b73c8123a43d4fa1383ebaba7531700892015a,2026-08-23T15:20:27Z,2026-08-23-3
2026-08-22T11:00,00c2548d55f40581ef299501f7a607aa604a6180e5c2ac4411af556b296d002e,2026-08-23T15:20:27Z,2026-08-23-3
2026-08-22T11:00,00c77fc0ddf5d30c3330e1dfd2fe4aa3a341c3c1fc4e8f30c4e80ed4bff85c02,2026-08-23T15:20:27Z,2026-08-23-3
2026-08-22T11:00,00d91d870fe2f6d52aa7bb7314b809644052a0c3497d1071972a2a54c808ba41,2026-08-23T15:20:27Z,2026-08-23-3
2026-08-22T11:00,00e6d3d83e9107cdc1b3e1e4c6f47df77789be90c949504c75da8e0d88149b3e,2026-08-23T15:20:27Z,2026-08-23-3
2026-08-22T11:00,00ea44651d561acbff8562de196c231bbae7a964eb2080d76eb3fa5f40760149,2026-08-23T15:20:27Z,2026-08-23-3
2026-08-22T11:00,00ef73acc9a89dfcb94b45d0446831b966982e1818b5191217c4190b1585a224,2026-08-23T15:20:27Z,2026-08-23-3
2026-08-22T11:00,00f6b2df8c58459ad1039914aa934c46d352a3547b8dba4e9a7fef1c0674a19c,2026-08-23T15:20:27Z,2026-08-23-3
2026-08-22T11:00,00fddd522fad501a98f375cc3ffb26379b769eb0d9d26ab1c1dfd45f2b9d22de,2026-08-23T15:20:27Z,2026-08-23-3
2026-08-22T11:00,01018ab7b19655b7ceb75cc2de6568cf5f3b189f405b8934227f055d0a33b2de,2026-08-23T15:20:27Z,2026-08-23-3
2026-08-22T11:00,01052c56fa3bb34b06ba5b1949781adc2035d887d07daa350bda27e27b7aa91a,2026-08-23T15:20:27Z,2026-08-23-3
2026-08-22T11:00,0122ec2217c08ff32bc8463d7b6d14601cd13c60211644c041351d756a423e1c,2026-08-23T15:20:27Z,2026-08-23-3
2026-08-22T11:00,012673e58522f0d05d542131fed83c8eb9224b6f7a69704cdd1d7ee6d88f4842,2026-08-23T15:20:27Z,2026-08-23-3
2026-08-22T11:00,013067c5e106ddd6b0b6ebc1825477b8824802afd8a6f41241ed8633d42d3345,2026-08-23T15:20:27Z,2026-08-23-3
2026-08-22T11:00,014f141c4b69b1a6e26e6c55be3687508cfa56f3af3b881fb3657b1179a9c0a8,2026-08-23T15:20:27Z,2026-08-23-3
2026-08-22T11:00,01507632ebf5ab02c738f65e26493ece1d62322c81be3d9b343c62b0cfa04997,2026-08-23T15:20:27Z,2026-08-23-3
2026-08-22T11:00,01572b4c34e91a6301328019f096b326f3eef5a74d18cb0b6fc85982a8c8e8fd,2026-08-23T15:20:27Z,2026-08-23-3
2026-08-22T11:00,0165ac26c6a067ca2601472b7ee1440df263867d79a118077e2eefc42d4eb405,2026-08-23T15:20:27Z,2026-08-23-3
2026-08-22T11:00,016af6f2f4b68e84d3bdc4974d5555ad1494ade785be621ee905e7c14f28ed44,2026-08-23T15:20:27Z,2026-08-23-3
2026-08-22T11:00,01794224d4b71f7c5ac7891ece79995289f7c3554b91294d8276e20d37207060,2026-08-23T15:20:27Z,2026-08-23-3
2026-08-22T11:00,017da1799558e1fe62a0159fd7e54251b60c1db8ab0493c43e56e86014323349,2026-08-23T15:20:27Z,2026-08-23-3
2026-08-22T11:00,018aa8c2fdc0a85eced2f95fe997e16b7d5d05860c5b0e5627c8860e3b59bdb4,2026-08-23T15:20:27Z,2026-08-23-3
2026-08-22T11:00,01a8b52eee8198f545c26f4ac1b229821a50cde48dd45b9cca7a854e20ed31cd,2026-08-23T15:20:27Z,2026-08-23-3
2026-08-22T11:00,01a973ed9e5621e8c1a58592a770c45b6256c828a9efb28918553de5067f339f,2026-08-23T15:20:27Z,2026-08-23-3
2026-08-22T11:00,01b50a09dbd4d87aadbb9829d1118464b573e9721c11f2aa5b72ab97df45eb73,2026-08-23T15:20:27Z,2026-08-23-3
2026-08-22T11:00,01b920615287b1e26a2d595501b53b9ff24a828c88b868eb8692657128c42c1b,2026-08-23T15:20:27Z,2026-08-23-3
2026-08-22T11:00,01df48d80c89f45a714b70ba8a4b63733f1f0ccf757ef4d4934645d033c3624d,2026-08-23T15:20:27Z,2026-08-23-3
2026-08-22T11:00,01e2fdc4888cd77201a1546f3c699abfaf15d23716fecd7cae0063ecde8d381e,2026-08-23T15:20:27Z,2026-08-23-3
2026-08-22T11:00,01f43f50ec49afd7e2b1bc6ad6b9c0e8011375ee3280183ccf061e5caa60d405,2026-08-23T15:20:27Z,2026-08-23-3
2026-08-22T11:00,020a7b1202161661fbe441c123a73207f9bc12ccbd952bac705c90f906dd9fc4,2026-08-23T15:20:27Z,2026-08-23-3
2026-08-22T11:00,020ab4b4b78d46cf764a574e6281b5aa43950b005f32634b9b064ea3fd4fd3fb,2026-08-23T15:20:27Z,2026-08-23-3
2026-08-22T11:00,02151e203c376f15bdc51f85433a78eedf21876efceaca7f6543056ba5906d95,2026-08-23T15:20:27Z,2026-08-23-3
2026-08-22T11:00,021c0827dd7e6a5b4eab03dabacec4319836d430fcf4d62771841fb5d7e37038,2026-08-23T15:20:27Z,2026-08-23-3
2026-08-22T11:00,021cbebe8834392d57f7e81aad02da839023e3b171bef8bc61a72f71c80a9d0b,2026-08-23T15:20:27Z,2026-08-23-3
2026-08-22T11:00,021ce8ec887daacbf8c239d6169cc403e7705259e8ffbaeaec52d51ee3fcf8c5,2026-08-23T15:20:27Z,2026-08-23-3
2026-08-22T11:00,0229f20b0da664b0a21e900fcbd4a51cbb76816ec7264a7a361c9929ce0fb195,2026-08-23T15:20:27Z,2026-08-23-3
2026-08-22T11:00,02343e56927bc49fc1ee9fee782ffd8197c03592b3de856b7990a50919e0d812,2026-08-23T15:20:27Z,2026-08-23-3
2026-08-22T11:00,0234bff35fd0e3ab4a845d962dc5041a7b7b20f756c92269f8eeb49d9fcce6e4,2026-08-23T15:20:27Z,2026-08-23-3
2026-08-22T11:00,023e1dcc9f72d728ae73c06420b5913f1000c8592615253a50208cb67cca7191,2026-08-23T15:20:27Z,2026-08-23-3
2026-08-22T11:00,02535b9e240a63e36b1932341a5b19c07b1bd4f123b74d6d27944ce21114c3dc,2026-08-23T15:20:27Z,2026-08-23-3
2026-08-22T11:00,026e33fd640de9e604a78a1c32c807fda59d01b1bbc1f64f0670a7aa3fe29217,2026-08-23T15:20:27Z,2026-08-23-3
2026-08-22T11:00,027687013f07a80f952d77bcdfca0b4000697adf998240b87f2efd1abe34badd,2026-08-23T15:20:27Z,2026-08-23-3
2026-08-22T11:00,029c2024a2fccf086ccce0ca352497b8073b3897d4ca3e5c113eef3177026fab,2026-08-23T15:20:27Z,2026-08-23-3
2026-08-22T11:00,029ccaf41605d78dad4b6bf306f4789addebd0c2fd53ec4a7f4dacf81c5baa64,2026-08-23T15:20:27Z,2026-08-23-3
2026-08-22T11:00,02a375c53f6d9ed9afc93e7812de04f3d1ae347d0f8f0d355e5dae756289a0ee,2026-08-23T15:20:27Z,2026-08-23-3
2026-08-22T11:00,02a397e21bbe0fd2fde210bafeedf58fc9428248916ef9c44365918e38c820f7,2026-08-23T15:20:27Z,2026-08-23-3
2026-08-22T11:00,02b9c90015956d47433b25362b2897ae6416ebf3ff2881365105471cb2e2794c,2026-08-23T15:20:27Z,2026-08-23-3
2026-08-22T11:00,02bb2d3fc904ce310cb932beedc58960a10daf5b494dc08fb1d1a2cea22de125,2026-08-23T15:20:27Z,2026-08-23-3
2026-08-22T11:00,02c78022bee3181afce474aee069d0dcccd913a658892387c469c3336c4be71c,2026-08-23T15:20:27Z,2026-08-23-3
2026-08-22T11:00,02c887a4164bfc1584a9a9b0a4ba9b92114e8a9e43677f9560c70090c8afe665,2026-08-23T15:20:27Z,2026-08-23-3
2026-08-22T11:00,02cd8fad30342ba9fd33fa235f12281aa8e40e19a7515f18f68efca918a84989,2026-08-23T15:20:27Z,2026-08-23-3
2026-08-22T11:00,02e02e886494a159b2b0cbd95fc8aa59547537e97865a1702ba451fe80f92c75,2026-08-23T15:20:27Z,2026-08-23-3
2026-08-22T11:00,02e27aee62541682664b96e379dd4c8d737c8de9f1acf15709e92adcd521b512,2026-08-23T15:20:27Z,2026-08-23-3
2026-08-22T11:00,0301496de1c523a3642cf71aac156d8f85a1e1b2a137c8a66859b845412b77b4,2026-08-23T15:20:27Z,2026-08-23-3
2026-08-22T11:00,0311e11ed02fc8025feebc433cc1a77691b2cb2acbfbf57beb7284a3812b7619,2026-08-23T15:20:27Z,2026-08-23-3
2026-08-22T11:00,031a70d3da670c6ba6f7e29404698560c6d82c1f0d224799a7984699662e33bf,2026-08-23T15:20:27Z,2026-08-23-3
2026-08-22T11:00,031c86eaad2b766793d45a767ee43fd583586581a31e2b53d5a9ba3b78e647e8,2026-08-23T15:20:27Z,2026-08-23-3
2026-08-22T11:00,03230eb5f54c27e6e3eda8c080394c94b89f7cf4f6593e1ef590f42c1f484d87,2026-08-23T15:20:27Z,2026-08-23-3
2026-08-22T11:00,032a72a6e2127c3b4bf2ef9c754267fa79a52048bb23d86e92e01b45030ac5b7,2026-08-23T15:20:27Z,2026-08-23-3
2026-08-22T11:00,032e9a0593ca381c381dc73f8e9fd49b2c357a87347d3484f7838f7deb4958af,2026-08-23T15:20:27Z,2026-08-23-3
2026-08-22T11:00,03435fdc741b2bd138280e59dbfff5349ff0dc2b1d468a6ed8e60252f5e7150c,2026-08-23T15:20:27Z,2026-08-23-3
2026-08-22T11:00,03589142b343ce7a3ed0afda00f348ed37a5361205e3144795c8f5700f353f80,2026-08-23T15:20:27Z,2026-08-23-3
2026-08-22T11:00,03645e4f645bf01334b3c4d34700db7d86ae032c9cbd855987b3c988d17fa518,2026-08-23T15:20:27Z,2026-08-23-3
2026-08-22T11:00,036cbf364ee4f444cdda54905894519e87608bf43db40e80f354152bba0bb2d1,2026-08-23T15:20:27Z,2026-08-23-3
2026-08-22T11:00,037ecd742a131689241f78826c011bc2e54308d97b427691a16fb05e8aca9712,2026-08-23T15:20:27Z,2026-08-23-3
2026-08-22T11:00,0385347048a6505fbd6c3cb1207af0ec4c785b89a0362cc53dec82bb79264514,2026-08-23T15:20:27Z,2026-08-23-3
2026-08-22T11:00,03898190568f86f3ffc140fe367c73b0e488489d7135071e793b331be02c09c9,2026-08-23T15:20:27Z,2026-08-23-3
2026-08-22T11:00,0389c92b56db8e251e737e9e2f33a3954a007ad1f37448a5e15a7f2812eea056,2026-08-23T15:20:27Z,2026-08-23-3
2026-08-22T11:00,038eb5d1d1438a782d9ec96fc6e7d2d653859a6a81d4b68606337f48556c1a03,2026-08-23T15:20:27Z,2026-08-23-3
2026-08-22T11:00,038fb7fcaaef59190a56de2d363635ec67c57102026a3d69c7a4169d37761963,2026-08-23T15:20:27Z,2026-08-23-3
2026-08-22T11:00,039fb7088f0c25699310a3d2803f1899facb760244dc93308a1c4bdbcfd7ce2d,2026-08-23T15:20:27Z,2026-08-23-3
2026-08-22T11:00,03a24c4610632eb60df746436e94e6b9fc9fcdc19a6cbb8fb9b8d227e99fa905,2026-08-23T15:20:27Z,2026-08-23-3
2026-08-22T11:00,03a626566d4349eab80b16cdfd9f6fee89777342f2cfa1d6120cde54d050a252,2026-08-23T15:20:27Z,2026-08-23-3
2026-08-22T11:00,03acc57836c3a606ef83c464435ddd5afd5e7ed0413e53faaf9bcebf724bc0cc,2026-08-23T15:20:27Z,2026-08-23-3
2026-08-22T11:00,03af2905be3cbca09851792c8a2cedb6cf719581cfcce47c0db1aede7619fa89,2026-08-23T15:20:27Z,2026-08-23-3
2026-08-22T11:00,03bc92bbf2ccc638169675a3be7c6b67b878c9777ac413d8d531e4d304a116c1,2026-08-23T15:20:27Z,2026-08-23-3
2026-08-22T11:00,03cb844028852821365a15400df697c7bfc2cf2cbeb76458524c191df0680e3d,2026-08-23T15:20:27Z,2026-08-23-3
2026-08-22T11:00,03cba5d2396520e36db7c75a95828aa08937f5d95468e7fd99740ac4d54f9df6,2026-08-23T15:20:27Z,2026-08-23-3
2026-08-22T11:00,03d559f003afd63bdb60fef8561903747b092d1f641a83fb8cfe82ff773b9be0,2026-08-23T15:20:27Z,2026-08-23-3
2026-08-22T11:00,03df3c5f1e1be09ed8057e0757e743e5549a155ad0d5c480a9c973aa71eae832,2026-08-23T15:20:27Z,2026-08-23-3
2026-08-22T11:00,03e6b189a892a749854c43176abdac3f9dba2580d87d70859963ed7d05cc47b1,2026-08-23T15:20:27Z,2026-08-23-3
2026-08-22T11:00,03e8feb802d3a2648af49067d0b4f75ff9ae6b03ab29fdec8669d796d77dc79d,2026-08-23T15:20:27Z,2026-08-23-3
2026-08-22T11:00,0404e4aa692beb8fce1bfc2e6514bbf76b5c9313c4af84afaa564e414c5ecf90,2026-08-23T15:20:27Z,2026-08-23-3
2026-08-22T11:00,040c1839fdca2bfd6e75cda6449e234fc3dabacd92d53c48aacd8ca818d12a7a,2026-08-23T15:20:27Z,2026-08-23-3
2026-08-22T11:00,041266bc9360fe0af812ea054826dc0e5bd19b3f5f48481cd6e1635a119b65f0,2026-08-23T15:20:27Z,2026-08-23-3
2026-08-22T11:00,041e9df6fd88149a2eb9d560bd09fece2614470ffad210bc3397d258bbe64a0b,2026-08-23T15:20:27Z,2026-08-23-3
2026-08-22T11:00,043bbf3e8b39284939fe20fb5b5a7a75432ba39e27ed4521ec61fc1ad3ea3039,2026-08-23T15:20:27Z,2026-08-23-3
2026-08-22T11:00,043e5abd402665567d8a3ac36cb0f278db619ca628a60164323cc03322ed121e,2026-08-23T15:20:27Z,2026-08-23-3
2026-08-22T11:00,044711840e06eb5ff60ab4664a063becb2f3556bdb13db81df50ba34ecc5d8d1,2026-08-23T15:20:27Z,2026-08-23-3
2026-08-22T11:00,04549386e189060e5c4cec379bdb46d29d1c6b86f1733f183f248eebdf7099b8,2026-08-23T15:20:27Z,2026-08-23-3
2026-08-22T11:00,04561c32a59a7292a44af5f7326d591d87fdfe4bab64af16de647505262f730a,2026-08-23T15:20:27Z,2026-08-23-3
2026-08-22T11:00,047189296b1fc818af27659e763760fbb88d26e4dfe2796c2a466e0d80f2850c,2026-08-23T15:20:27Z,2026-08-23-3
2026-08-22T11:00,047ba5801c6f448ad4341b9926ab570054d4a9feef2a13438f63ee89bae6c639,2026-08-23T15:20:27Z,2026-08-23-3
2026-08-22T11:00,047e7bac94f5b9df19e53e8b294f282da30094b77a1cae6e387998093e7ed7ef,2026-08-23T15:20:27Z,2026-08-23-3
2026-08-22T11:00,04848ed862874085b9fe7daebaa3e3e2177e7cdc0b26fe6752c00157fbc37350,2026-08-23T15:20:27Z,2026-08-23-3
2026-08-22T11:00,0494066803293a3a18e1a6dab7e5ca8a8039b960ca5b9e5e81475515b028a25b,2026-08-23T15:20:27Z,2026-08-23-3
2026-08-22T11:00,04a283baef83f62fcddeb05455586730ee868711ad0e9509ea494ca952e2f219,2026-08-23T15:20:27Z,2026-08-23-3
2026-08-22T11:00,04b3fd27dece493a5e1b1f7083af0f0c428aa04a79f7b403de067b6e3d25b344,2026-08-23T15:20:27Z,2026-08-23-3
2026-08-22T11:00,04bc618718a3905b6cd6cd72790c513df16db912edb51063c342ea594927516f,2026-08-23T15:20:27Z,2026-08-23-3
2026-08-22T11:00,04c1d26ba61347eee091bca614912e14d03b90699b0b7c7e370befed36bd9fc5,2026-08-23T15:20:27Z,2026-08-23-3
2026-08-22T11:00,04c4733f7649cc0afdcd0018c67a152841a5e26afc3b5099dc777894faa5d1ab,2026-08-23T15:20:27Z,2026-08-23-3
2026-08-22T11:00,04c5e80b99a3b2f5aad98d248080178df085705f715ead9c3345f7024d74a674,2026-08-23T15:20:27Z,2026-08-23-3
2026-08-22T11:00,04ca38f5607b248caefae8a054d1830a95488e071d308c1ffd2d2e74903d78c4,2026-08-23T15:20:27Z,2026-08-23-3
2026-08-22T11:00,04cb5045b4a48f6b861b9af27d8ff61a8274739312480fedede17c5b961db863,2026-08-23T15:20:27Z,2026-08-23-3
2026-08-22T11:00,04cc55d0afcfe3e06f29c5df3151b5e9d377226a7c67b8dc8ec41c0c03e7227d,2026-08-23T15:20:27Z,2026-08-23-3
2026-08-22T11:00,04e3ff979f08701165ad7d188a7a8a7b4e23ef1f812a8bd954c8b3ab41897c05,2026-08-23T15:20:27Z,2026-08-23-3
2026-08-22T11:00,04f380dcf74c6fea488b6bf0f6ff8a2a35bc741dfcd14576adb436a1fbec92f0,2026-08-23T15:20:27Z,2026-08-23-3
2026-08-22T11:00,04f688e4419d45aff6a5523cd78da41e3c62ba366bbce6ed71b527c0882aa462,2026-08-23T15:20:27Z,2026-08-23-3
2026-08-22T11:00,0506afbcbba152006172ba0803fed6cf40b7dace4bbbd7bfb994ca9c8a76621a,2026-08-23T15:20:27Z,2026-08-23-3
2026-08-22T11:00,050f72f5f9d0d5768eebf672068fc308d5ffc61c49455d582a86d343af0bae00,2026-08-23T15:20:27Z,2026-08-23-3
2026-08-22T11:00,05139fcc6e730bd3de57c033133e1f9be8799c2d5b8300a010e5e6f5b4198e72,2026-08-23T15:20:27Z,2026-08-23-3
2026-08-22T11:00,0517728d5427d2cfd456674e087543a282821118934110eb26d06ff2d79fddbb,2026-08-23T15:20:27Z,2026-08-23-3
2026-08-22T11:00,0518ad6f1f987f1e54278e8b6c185b69738015ef79af5b6574e17a58988a4c39,2026-08-23T15:20:27Z,2026-08-23-3
2026-08-22T11:00,0518c4b3a5bc8e80dc59790507fc3161e3b82f1aae96821fa2c67414d0f03ac5,2026-08-23T15:20:27Z,2026-08-23-3
2026-08-22T11:00,051cc9ae4db09b531e327a85dcbab11e798839878aee3c83914286bb6f04a530,2026-08-23T15:20:27Z,2026-08-23-3
2026-08-22T11:00,051de5881017027bf23c1a384446e07a0020c7cd39035bf13861756ab6e2b2ef,2026-08-23T15:20:27Z,2026-08-23-3
2026-08-22T11:00,0522776cea0384fe75f4f0e548695f8dd0f765b15633192cbd1c554ab53050f5,2026-08-23T15:20:27Z,2026-08-23-3
2026-08-22T11:00,0529ac31f8cc4cc4f7eef632f6eaac1318374402cb584ace2e3118d3c995537b,2026-08-23T15:20:27Z,2026-08-23-3
2026-08-22T11:00,052e94b7435d2e312529692186f3c60fe49a1a336716593201e4a2b0e26d45a0,2026-08-23T15:20:27Z,2026-08-23-3
2026-08-22T11:00,053e58d38556376283618d8edf33406859933ddcca023f2e02d8e2cce993db71,2026-08-23T15:20:27Z,2026-08-23-3
2026-08-22T11:00,054af5e45195b19abfb90aa3c59d346295869124ece0e422a22524132bb61edd,2026-08-23T15:20:27Z,2026-08-23-3
2026-08-22T11:00,0557370eb74efb0d2e33aeec1ded42d9c45d9695361abb2b77f8b00fb6814abe,2026-08-23T15:20:27Z,2026-08-23-3
2026-08-22T11:00,055fa2dd9ca1a0d618d4a8fd024bd37e0f72357afe1eeceac7735a75efaa19fd,2026-08-23T15:20:27Z,2026-08-23-3
2026-08-22T11:00,056a847a80e17ec37be60821ed6d0d9a3a1607b286b33d60e8c0df2d43a0398e,2026-08-23T15:20:27Z,2026-08-23-3
2026-08-22T11:00,056fca57910a8306907b88ef03c29605b3750dda6496c3ccb4ecef495a7fbd3a,2026-08-23T15:20:27Z,2026-08-23-3
2026-08-22T11:00,05738f6c55b7147880500b666d1a96e73b80de79c9a4453c521b0ffc55549d70,2026-08-23T15:20:27Z,2026-08-23-3
2026-08-22T11:00,05816804ad646d39229e98523871877f759382756d8e45526cdf034c8d150b80,2026-08-23T15:20:27Z,2026-08-23-3
2026-08-22T11:00,058383c4e5386880e2562b59e95f6b96211bbb9d57ba22dfa329d4b94b225596,2026-08-23T15:20:27Z,2026-08-23-3
2026-08-22T11:00,058aaf1f9b7b50574069da21c938bd533561e86476290a7d017c78333c732958,2026-08-23T15:20:27Z,2026-08-23-3
2026-08-22T11:00,058d495cab2c8c26823cb4785ec59c56b412ceec76fa81bc79e4442d41ab0efb,2026-08-23T15:20:27Z,2026-08-23-3
2026-08-22T11:00,058f91fdb2e935792e7d63c863888475eaae0deba060ace1e705cd98b7a34e82,2026-08-23T15:20:27Z,2026-08-23-3
2026-08-22T11:00,059597e6b10663e40960e68a1782e8678825c7f33a881f962b377e13050d1f67,2026-08-23T15:20:27Z,2026-08-23-3
2026-08-22T11:00,05c0a4ab4e889a479f95b3db02bcf5d3572bead7209dad9718c915220d419024,2026-08-23T15:20:27Z,2026-08-23-3
2026-08-22T11:00,05f50cbbba641aba7856436c0b8aa9fa8bca726921209103f9e1c596be49c90b,2026-08-23T15:20:27Z,2026-08-23-3
2026-08-22T11:00,05f582b31c0a37a30dac360d0d4a11636cfd00b23bec1d0445da16afef1e80f3,2026-08-23T15:20:27Z,2026-08-23-3
2026-08-22T11:00,05f98c47f3e83911e151a8a155c66171b034070110515204386f22dbc3796437,2026-08-23T15:20:27Z,2026-08-23-3
2026-08-22T11:00,05fdffb6836936ce0dc84f9a4e8097e54c01887ccafcfa7ae434f156da997eef,2026-08-23T15:20:27Z,2026-08-23-3
2026-08-22T11:00,0604149b2a3e36da7f037e2bb2d9272cbccd44a301a29edbfcd324d276e87a3e,2026-08-23T15:20:27Z,2026-08-23-3
2026-08-22T11:00,0606f63a1fb875903957a732313f7179ee9c84302074bd4123d8abb9dab8a33b,2026-08-23T15:20:27Z,2026-08-23-3
2026-08-22T11:00,062bbab2a3b70786befd02b2d7325d1f4bc7bf31fc940b45ca2392f978c109b4,2026-08-23T15:20:27Z,2026-08-23-3
2026-08-22T11:00,0661418088b8e2710c8e5236bd38922b3968a830ab1ea28657247c5f39ec9b5a,2026-08-23T15:20:27Z,2026-08-23-3
2026-08-22T11:00,066f5b28d112aaa4505cb0dbf0bca78cab9945723ceee5d6eebbabe0a223196b,2026-08-23T15:20:27Z,2026-08-23-3
2026-08-22T11:00,0675d106b4ab88408ebbaa7b7336f84b9c30264a4ed8b1ec1d3ad596186b77dd,2026-08-23T15:20:27Z,2026-08-23-3
2026-08-22T11:00,0689c776baa48027fde8fd55f738733f34573ec2d0cb9795590271b8db63a854,2026-08-23T15:20:27Z,2026-08-23-3
2026-08-22T11:00,068b57c8e36a2da177b547be3638041821996ac0335a7348014cec4e03271059,2026-08-23T15:20:27Z,2026-08-23-3
2026-08-22T11:00,068c9bc43551fee5154c8fa53e2673adf3854265200e9d97577ed758458b2940,2026-08-23T15:20:27Z,2026-08-23-3
2026-08-22T11:00,069c97b0c6d22cf483dcfb30db3e29ec5d53edc1d51e9f15e7803b27df5b2843,2026-08-23T15:20:27Z,2026-08-23-3
2026-08-22T11:00,06d1a414d80e5e905e6324aba2f8d6963ac4de9bb906b2aabcc65b8a3632bd89,2026-08-23T15:20:27Z,2026-08-23-3
2026-08-22T11:00,06f49ce3479f37e58ddc6f8d87256ab2b85dc8af9c690e621fb5961370c3b5f3,2026-08-23T15:20:27Z,2026-08-23-3
2026-08-22T11:00,06f95737db70a6b13e19189c8e21e3653ff52e7eb85d829d286afde2b760d8ac,2026-08-23T15:20:27Z,2026-08-23-3
2026-08-22T11:00,070784c99994200c99b57cb1bca2ed31dc2799ecc02a66e64d8a4f57ac199c0d,2026-08-23T15:20:27Z,2026-08-23-3
2026-08-22T11:00,070e4dd4c2d58752f2ce3ea66bf650a70ea8dd1f53b4b5a99b2c192ce814d11e,2026-08-23T15:20:27Z,2026-08-23-3
2026-08-22T11:00,0714eea11a435f346c3d83407d62c499c3f2d1a637056f8780bcb7fa467fb3bf,2026-08-23T15:20:27Z,2026-08-23-3
2026-08-22T11:00,071d48002d8a1e5e156227ae48272ab4e35154eda46da907f45278c2a3882228,2026-08-23T15:20:27Z,2026-08-23-3
2026-08-22T11:00,071ef486161ea85226d79e006e04748785a17b7278bd23c6cbcd761bb3f347b8,2026-08-23T15:20:27Z,2026-08-23-3
2026-08-22T11:00,07261eddb034f7f6e64a91d32b231978ad15f4949f8d6f6d5f31569ad2f06eb2,2026-08-23T15:20:27Z,2026-08-23-3
2026-08-22T11:00,072c0c3973379946c848feb9ff14228d9d29fde8c83279e6df85b33a9830890e,2026-08-23T15:20:27Z,2026-08-23-3
2026-08-22T11:00,074e3eef8fbb4fbffd1588442182a0be95d52f5b8eacc5b9570e6076c468b5f0,2026-08-23T15:20:27Z,2026-08-23-3
2026-08-22T11:00,075b441b293e3f3346da5cb19b2932a60ed5eab00db2e4afa1ac3f2f44faaec5,2026-08-23T15:20:27Z,2026-08-23-3
2026-08-22T11:00,076d5b949710fcbe05ff825a72aec211412c0dfdeba06dd6be49bd4c00457790,2026-08-23T15:20:27Z,2026-08-23-3
2026-08-22T11:00,077855edf8d27f8bfd01b6ad833bd373843a68387ac45e85625cb26d148118db,2026-08-23T15:20:27Z,2026-08-23-3
2026-08-22T11:00,077b61a0fed02bcc2a083d299a0c55e24311ad526ecaa535f96d02762c586c8f,2026-08-23T15:20:27Z,2026-08-23-3
2026-08-22T11:00,077f532e4dedd49ad27d4dd788b85e8dd0d55a7a335574f50b84c518072665fa,2026-08-23T15:20:27Z,2026-08-23-3
2026-08-22T11:00,07843fc9be15149e55297d56d4b6f4b09b6607b754ef7c26a40a729cc1b208ff,2026-08-23T15:20:27Z,2026-08-23-3
2026-08-22T11:00,07877b4c1abca8b8f7514cba7756dc1a1a5025533769d4918e0d4ecf5c82ae5e,2026-08-23T15:20:27Z,2026-08-23-3
2026-08-22T11:00,078d1782e76f6d72a6ca404f8f5c324d93edc53a212fc45890c6d978127e8fe4,2026-08-23T15:20:27Z,2026-08-23-3
2026-08-22T11:00,078f0d540d88f110b4f16f86e19db8a70c6e022c548629ba4fc925f38b10d80e,2026-08-23T15:20:27Z,2026-08-23-3
2026-08-22T11:00,079b6eb163b43b04b43155fd76da2f2f9677b0a32f93c35fb638d10b37ec1061,2026-08-23T15:20:27Z,2026-08-23-3
2026-08-22T11:00,079bd324a8ff6c36c3a15eea69152a82bcaa42ce7d3eaec3fe5321cca5c5fff0,2026-08-23T15:20:27Z,2026-08-23-3
2026-08-22T11:00,079f76d66c90de049603940b5bc57c0d1d0ef87a38969d4f33e50ce6eb01381c,2026-08-23T15:20:27Z,2026-08-23-3
2026-08-22T11:00,07a2fa2bf11bc0e81ec1874a5a6555c66526aa8b10cebbb9f7382d9cc2502570,2026-08-23T15:20:27Z,2026-08-23-3
2026-08-22T11:00,07aa5a8a45a2217e5772972678fa56c02f77d49321e968f0a655c7418e20c696,2026-08-23T15:20:27Z,2026-08-23-3
2026-08-22T11:00,07ba7ddbfbc3007c500f1d33e1a30932a3cd7c23aaec5a4d3c0fbe1f30c63011,2026-08-23T15:20:27Z,2026-08-23-3
2026-08-22T11:00,07bbabb038caa192a73485294f45ca6adf3fc1aea9fdbc312d5c319d603c9e35,2026-08-23T15:20:27Z,2026-08-23-3
2026-08-22T11:00,07d2c7fdc3007e56a8e146d0be2fc9f5ea8a27eea152fe21891b4a10615fb661,2026-08-23T15:20:27Z,2026-08-23-3
2026-08-22T11:00,07d46d4ab12e2a5072ead3495a292cf22a63b89a7e1fbf853414464f258ca640,2026-08-23T15:20:27Z,2026-08-23-3
2026-08-22T11:00,07df88c281eed32099da7f1f4865ddef75091dcbd1f7939a365c05f107c381a2,2026-08-23T15:20:27Z,2026-08-23-3
2026-08-22T11:00,07e43199659836a7f4be529c04c7b2ea626aea51fac3181891bbee45d9ce46a0,2026-08-23T15:20:27Z,2026-08-23-3
2026-08-22T11:00,07e74b9f17b29d00e33225ad01c5bfc8776d93b61a647f64f8c96eb1771eaf33,2026-08-23T15:20:27Z,2026-08-23-3
2026-08-22T11:00,07fe3fe577b3e39e4925c4364e4d4f8c735ba43c596f9eb731b5a54bbdbfd18c,2026-08-23T15:20:27Z,2026-08-23-3
2026-08-22T11:00,08076fa3d87c5b46bc04085ba9b0f31c85c1c797a9ecfc02dd1c7f7e5cc6ff7a,2026-08-23T15:20:27Z,2026-08-23-3
2026-08-22T11:00,081601c279be28d3ef5aa58c1540b9bc9f0ea3d8209b55f9f8aeb4a2083ecf36,2026-08-23T15:20:27Z,2026-08-23-3
2026-08-22T11:00,082c4173c70b04519142ea2a756f2c82885c05f2267804c9d63123d0bb7bfe20,2026-08-23T15:20:27Z,2026-08-23-3
2026-08-22T11:00,083ba9e3ddeadaa083080b21b557b5d1e8e6ed8520a3311ae5872b2e449d2a7e,2026-08-23T15:20:27Z,2026-08-23-3
2026-08-22T11:00,083efae304f8dcca292d89263694c4d3d1ed09d7a8004a1d6f7029b15b4f4f07,2026-08-23T15:20:27Z,2026-08-23-3
2026-08-22T11:00,08438c43db3fe15eb851989f1842c9554e97987c0330aba0cfe424c0f8d2b5ca,2026-08-23T15:20:27Z,2026-08-23-3
2026-08-22T11:00,0849a8211b452d954de3967b03ec70af427181b5f5bef23e03f323289aee10a8,2026-08-23T15:20:27Z,2026-08-23-3
2026-08-22T11:00,087387dbcb427fbcaeda12465fe92a8f56705b3bad5adf3ea9b27594827da19f,2026-08-23T15:20:27Z,2026-08-23-3
2026-08-22T11:00,0877aa60b576cb39f29a875b44560d079da0778530b0b003aa94a19fb768fa05,2026-08-23T15:20:27Z,2026-08-23-3
2026-08-22T11:00,08792e01b9a92ec8f6c4d193b07cecf8e8e2fa22f628419084decbae35212d30,2026-08-23T15:20:27Z,2026-08-23-3
2026-08-22T11:00,087a8b7c114d772bf6fb02ea64bac98bbc130eac0ab010da39d25ee74d02b2bb,2026-08-23T15:20:27Z,2026-08-23-3
2026-08-22T11:00,088cdea1352ec333cbed0e7b0afe52613f6ce957ab1fb5abd14475cd9f0e09c7,2026-08-23T15:20:27Z,2026-08-23-3
2026-08-22T11:00,088e1f0dad9774b98979d2915a6afcd6654bdc665577d22d756c952e47e3b966,2026-08-23T15:20:27Z,2026-08-23-3
2026-08-22T11:00,0893bfded81e735eada3ac4766e6a7074e42c767f7b058e96c6e26276b1ebfcb,2026-08-23T15:20:27Z,2026-08-23-3
2026-08-22T11:00,08a593dc102bdea7b54f9939f0537012a2750008d6b1e3d5edd001d923d881f0,2026-08-23T15:20:27Z,2026-08-23-3
2026-08-22T11:00,08a920a8718fa0e5ddc9511bfb9fe361d25d11452b117b867912f18e421ca55c,2026-08-23T15:20:27Z,2026-08-23-3
2026-08-22T11:00,08af580a2cf07093ccb1f4162d176adf8ab4356720bfc194606d543a2aca3502,2026-08-23T15:20:27Z,2026-08-23-3
2026-08-22T11:00,08c002d4382b0ee4117392ffd75942ab7f2b9b14758376d7853b1626a995261b,2026-08-23T15:20:27Z,2026-08-23-3
2026-08-22T11:00,08c1eeaeebbd7c2d89b16feeb27b9ce3cfb588ce4e3126ccd8642ed1b4b6c19e,2026-08-23T15:20:27Z,2026-08-23-3
2026-08-22T11:00,08db614a6c9281d8ae9783b120e949385e6ad42c73a6000bace7ee619c2b4129,2026-08-23T15:20:27Z,2026-08-23-3
2026-08-22T11:00,08e7f0a2873ef5503ea231c180007dc2b2bf409ff4ecc66fec5dcfec87b8af33,2026-08-23T15:20:27Z,2026-08-23-3
2026-08-22T11:00,08e81a39b6fe1237e508fccc6812f7e9056a6dabc6edd76c5a5c23746b01baa6,2026-08-23T15:20:27Z,2026-08-23-3
2026-08-22T11:00,08e8d5a236e9f6b4863ca16edbc0cebdc87124b8d7419105ba61f51ed15e5ca2,2026-08-23T15:20:27Z,2026-08-23-3
2026-08-22T11:00,08ed7c50bf5b3bd77f6a2739fc60c2ef309e3342dc43d78ebc41732ebdfc3142,2026-08-23T15:20:27Z,2026-08-23-3
2026-08-22T11:00,09003992a429ebe53bdda9981f7ad48e63b4221407d4e3d2cba70725834e603d,2026-08-23T15:20:27Z,2026-08-23-3
2026-08-22T11:00,0901d371ef5f55ac500dd5ea32648f7c843c3e2aad2e599162c77d7ea8fb0933,2026-08-23T15:20:27Z,2026-08-23-3
2026-08-22T11:00,090b02c4a418bb82c69d722ff893cd479b819efb13cf9d994192756c0bcad59c,2026-08-23T15:20:27Z,2026-08-23-3
2026-08-22T11:00,091454290ea0ba613f3c8f0b249574913d0b925a77f2b15f7b38f9b8fba74863,2026-08-23T15:20:27Z,2026-08-23-3
2026-08-22T11:00,09165144519021fda966d02fdb32cf02a03ed4a2fca4829ab8884144b8e048a7,2026-08-23T15:20:27Z,2026-08-23-3
2026-08-22T11:00,0917aeb6a1d0c7a4f3d9b07af7cbcb3c8d5fbf4d25626ff41a50021f918e2e0e,2026-08-23T15:20:27Z,2026-08-23-3
2026-08-22T11:00,09209a8775e5295ab6455f881ac58dc9f346e08af5f1934f9b7a95b8693be8fb,2026-08-23T15:20:27Z,2026-08-23-3
2026-08-22T11:00,092414bd69e6a45901981f812ed8ab7cf986a8888dbbcdf8d78d5b3a8a13535f,2026-08-23T15:20:27Z,2026-08-23-3
2026-08-22T11:00,092a241db6effbf07f62a8d95c0109cb8981ee0f020a482c36d6a841d5f54ae2,2026-08-23T15:20:27Z,2026-08-23-3
2026-08-22T11:00,093b813ddbae54298cf5806cdd0d1948dc59f30f798ed5885c3ffcce1cde2a2e,2026-08-23T15:20:27Z,2026-08-23-3
2026-08-22T11:00,093e56cb449f4e6e898ed8d5d575320e6971a3d8ed9beab20de469e07b943534,2026-08-23T15:20:27Z,2026-08-23-3
2026-08-22T11:00,094e3a9f772b4ceeb8cf26f151fdbbd4be1091c561f611eb9250a56f37290680,2026-08-23T15:20:27Z,2026-08-23-3
2026-08-22T11:00,096cdf1dbb6657bedccac486a7ce49b47bbae60de439750c936976dffdc2f0e2,2026-08-23T15:20:27Z,2026-08-23-3
2026-08-22T11:00,0988f71146e22241595d3b64d5598a57c0fc0ff6aedd52a5680c0b64b97e5ad3,2026-08-23T15:20:27Z,2026-08-23-3
2026-08-22T11:00,099a71668d91e44ce7ce3b5e1eb9e95b443b8931edf409388e5b2ffd46520bac,2026-08-23T15:20:27Z,2026-08-23-3
2026-08-22T11:00,09a0a965634f1ce6d17a675baf8e4b8d71371188c2aadf17c09ed99ea5e78441,2026-08-23T15:20:27Z,2026-08-23-3
2026-08-22T11:00,09a68e8f6497793acd2a1241fe803fff8b7b41e8d276c886dfce1131ebb34d97,2026-08-23T15:20:27Z,2026-08-23-3
2026-08-22T11:00,09a6e039d82d8eee1fbe68812cc997d62bcd313739f4713143e04cf564c15513,2026-08-23T15:20:27Z,2026-08-23-3
2026-08-22T11:00,09aab3fe08375084e96172852cbfdfd2c992b4dc232e4c52593dd869629ace9b,2026-08-23T15:20:27Z,2026-08-23-3
2026-08-22T11:00,09b0193d27b384156c909d48c926c90bb4b8c58fa16bd52d0737823ca9d7fc5c,2026-08-23T15:20:27Z,2026-08-23-3
2026-08-22T11:00,09c5298f239a1d8e7df231b3a7a7f906a63f4051fb8848528de3e95aca53cf9b,2026-08-23T15:20:27Z,2026-08-23-3
2026-08-22T11:00,09d1775d59fb3c68f2ecc0e06ebe2182fd3bf72617473de1b86ea04c86d06099,2026-08-23T15:20:27Z,2026-08-23-3
2026-08-22T11:00,09df956f4e5a6bb9df843daffcead11426be276e07eaadcd21337f4c8f04246b,2026-08-23T15:20:27Z,2026-08-23-3
2026-08-22T11:00,09e174b3869544f3372f10c973a417a34af9d626b2354b2a91f263d63172865e,2026-08-23T15:20:27Z,2026-08-23-3
2026-08-22T11:00,09e9709907e593ef147266e15d1d56e25c592b7c3a2229e20aab8db61f9f5533,2026-08-23T15:20:27Z,2026-08-23-3
2026-08-22T11:00,0a053789e7d9a50fdedf8ac0e8c45ee562bd910da782cc56079bfc1207b67e8d,2026-08-23T15:20:27Z,2026-08-23-3
2026-08-22T11:00,0a070816fd4241e69229fe49bc6314165c056db97401d0662fadccbaafab48d1,2026-08-23T15:20:27Z,2026-08-23-3
2026-08-22T11:00,0a07ea8c6e55fb70e575c332e1870b780e8e1d74a6c30b328d2b6c8906bd9728,2026-08-23T15:20:27Z,2026-08-23-3
2026-08-22T11:00,0a0c5c86c5bf86bec4688588d9b85a82a625d67787d1a4467aff2b03d27411fa,2026-08-23T15:20:27Z,2026-08-23-3
2026-08-22T11:00,0a4c7b9ff57fd7aae394852c0b86548dae897f05c1a120f716f1f3f2b0578f04,2026-08-23T15:20:27Z,2026-08-23-3
2026-08-22T11:00,0a581b807b4a4d90335b9ca5799f240504d6e3144127cf421916d8838ea8c0f0,2026-08-23T15:20:27Z,2026-08-23-3
2026-08-22T11:00,0a5ca4c5b5238e08c45b818d5135ff075ac35b68528c7905c2a7a4bb897743f6,2026-08-23T15:20:27Z,2026-08-23-3
2026-08-22T11:00,0a65f327454cc9964deb60466f9d407c3def85c1c606189b30344d6e97a92b75,2026-08-23T15:20:27Z,2026-08-23-3
2026-08-22T11:00,0a664c73d8ce67b1923e576979df9ea6af13403418510807c8e7422909960a58,2026-08-23T15:20:27Z,2026-08-23-3
2026-08-22T11:00,0a705aa92fa791fb987056e8fa15f885c2f4a97a6d0d124b2eb6680c51b1e796,2026-08-23T15:20:27Z,2026-08-23-3
2026-08-22T11:00,0a883e1c743507e796f2326f5c3617515bd83535e6071aae6bb6ed4a9720a09d,2026-08-23T15:20:27Z,2026-08-23-3
2026-08-22T11:00,0aa3c2d8ce31a45decdb97125a7997e5777f1e6ae37b3d5534796ce71d53d9ee,2026-08-23T15:20:27Z,2026-08-23-3
2026-08-22T11:00,0aa77933110cd66759ceb7dff55cf226885d03305270f947a43109681d38b270,2026-08-23T15:20:27Z,2026-08-23-3
2026-08-22T11:00,0aa7a1de00d513b0c454c61bed7f9b9506be204a33f5595559f0553235c5b0c7,2026-08-23T15:20:27Z,2026-08-23-3
2026-08-22T11:00,0abb65d8d2f6393a55eac5dc2ad5667a64953c63b1c034a8167854aecab1901c,2026-08-23T15:20:27Z,2026-08-23-3
2026-08-22T11:00,0ac87e5a0b56fe5762847812295b0e5ce3705dfe6bb6edeb0c01e94516e7d38d,2026-08-23T15:20:27Z,2026-08-23-3
2026-08-22T11:00,0ad2cbec059a5002a1421438092b3320c2c1f7c7c90c15737a191ae71de16b85,2026-08-23T15:20:27Z,2026-08-23-3
2026-08-22T11:00,0ad9af1a0bad3282aac6963cdd271a22bfb5edaf67a64cd7102d859c6fe20a65,2026-08-23T15:20:27Z,2026-08-23-3
2026-08-22T11:00,0ad9fbef8c874c3e515c306e8d820168e54e327bd77415139f35c1a0a6dcc680,2026-08-23T15:20:27Z,2026-08-23-3
2026-08-22T11:00,0ae1311442d787409fb1d3eee40a4fbb21cf42faea6bb6a67f26cdcb8fed34f3,2026-08-23T15:20:27Z,2026-08-23-3
2026-08-22T11:00,0ae6c5e6f28c1f82e33f1272a757cce893b15e7e07d31700099d5b0f0a294b18,2026-08-23T15:20:27Z,2026-08-23-3
2026-08-22T11:00,0ae7d263bfd05b3e269d784b5dc103c1fdb59adb25c640678966fc7263e20865,2026-08-23T15:20:27Z,2026-08-23-3
2026-08-22T11:00,0afa13301c37db33e303ed07cfc4efc74657bd72e641ce944ffa16476cde7b89,2026-08-23T15:20:27Z,2026-08-23-3
2026-08-22T11:00,0b05d5ebb510f7c5aa40a0ce868e40b4311583bbac8169c4ba321c13b549f26b,2026-08-23T15:20:27Z,2026-08-23-3
2026-08-22T11:00,0b0f1fe6ed81adfe1175493f595fb9088c9aa9fc723dc516e1f4855f2a0fbee9,2026-08-23T15:20:27Z,2026-08-23-3
2026-08-22T11:00,0b10a41fa42f8fc45fa5b22af043e61adc5f85fe8d9b003b9801fb903c58c9fd,2026-08-23T15:20:27Z,2026-08-23-3
2026-08-22T11:00,0b1c5511d2f808cda3ca67ceaa5af258c696b2223ab954ab6b3dafae1e25ebf3,2026-08-23T15:20:27Z,2026-08-23-3
2026-08-22T11:00,0b382f80a4556fb93787c8e9f58af6771b265dd1bc3c1f406ffdbcc60ea59775,2026-08-23T15:20:27Z,2026-08-23-3
2026-08-22T11:00,0b3bb9ee029b76221ad8280a48feb94c65be98925597988bcf7dd1d3a5489370,2026-08-23T15:20:27Z,2026-08-23-3
2026-08-22T11:00,0b400f6d6013e3401373f4cdac9c731b0708314ffcd10cd88f24dfd7e7a987a7,2026-08-23T15:20:27Z,2026-08-23-3
2026-08-22T11:00,0b4611ddb32795b21a94717e5681c64825e29c116ff254f6c96adc91a84540a8,2026-08-23T15:20:27Z,2026-08-23-3
2026-08-22T11:00,0b5aa88a941485ff0ef2d42665f88f47169423e612ab1b18213cc946557649c2,2026-08-23T15:20:27Z,2026-08-23-3
2026-08-22T11:00,0b663c8583c7d6778fd96a0dcac85e042123f8b31efd097f47eb3b6611e9be11,2026-08-23T15:20:27Z,2026-08-23-3
2026-08-22T11:00,0b67285e11aeedfda24e03ffb891dd8d7451e71e5a9caef84c74e08f0d96d843,2026-08-23T15:20:27Z,2026-08-23-3
2026-08-22T11:00,0b7037f04ed5df834749e74625dbdacf306599964ef5e44adf92c204ef450b8f,2026-08-23T15:20:27Z,2026-08-23-3
2026-08-22T11:00,0b8386d8029e4279ea6795272ea6b9a483c44b3588539b844f10373f4c2c1693,2026-08-23T15:20:27Z,2026-08-23-3
2026-08-22T11:00,0b8a27d6cb1c43641cbdec1e5d49f19f8ffe1a6f6408d99d834a4f03c0a1272a,2026-08-23T15:20:27Z,2026-08-23-3
2026-08-22T11:00,0b8dc2473cab870ca2495ea71e50026dae2531d9b8bf7afce176845dafa8ae95,2026-08-23T15:20:27Z,2026-08-23-3
2026-08-22T11:00,0b94902987889bd9a68553fd81d9b68fe9df61a993ac36a92f8319f09e5397ad,2026-08-23T15:20:27Z,2026-08-23-3
2026-08-22T11:00,0b992bc46863ad9fa5c17958efb93870a6fd38ce55a7d00429f82a2eaf94a777,2026-08-23T15:20:27Z,2026-08-23-3
2026-08-22T11:00,0bacd374ec7385c4a09c2cf9c9b798398fd49f8fa8acea9c7759c7aa3ef1b38c,2026-08-23T15:20:27Z,2026-08-23-3
2026-08-22T11:00,0bb377aa95ba12013ce8f1e3efd7825b99b6ea7367e3cff4ab16fc263bdd19bb,2026-08-23T15:20:27Z,2026-08-23-3
2026-08-22T11:00,0bc849d64053111f58e1a9f5b7a1570056d669b295c22cf6f275823c1062907f,2026-08-23T15:20:27Z,2026-08-23-3
2026-08-22T11:00,0bcc6c035b314c3297e64b5c317398fca0493bd2bb2f53f1d37c73539d368f8d,2026-08-23T15:20:27Z,2026-08-23-3
2026-08-22T11:00,0be51744a6aa57797e6d62f47bf193bfbfcaf40b6b74fa68ce2c150582338bed,2026-08-23T15:20:27Z,2026-08-23-3
2026-08-22T11:00,0bebb7be41509ae9e7940f833e6b5e5211cc283814db52368c1dff223157acfe,2026-08-23T15:20:27Z,2026-08-23-3
2026-08-22T11:00,0c05c546a1aab20ef8e841da6a98264f5c4beb76a4f51e06b39e1b4ebd9d8897,2026-08-23T15:20:27Z,2026-08-23-3
2026-08-22T11:00,0c1fb4d20fc85ab78bdb3101299dd0e32d6bfaa58944a6e5fa5328eb10ea6c62,2026-08-23T15:20:27Z,2026-08-23-3
2026-08-22T11:00,0c237f0828d6e054811e11d2815026e3958e1575c52ae7b79fc63f6ea0fa54f3,2026-08-23T15:20:27Z,2026-08-23-3
2026-08-22T11:00,0c3afa7b7b1b2f9b1f6bcb3bb1033e19870a57f7a81897db656ff3d448404238,2026-08-23T15:20:27Z,2026-08-23-3
2026-08-22T11:00,0c4062ff3836b1e62b933fd2c98c7d4bc2377272850f0077eefb1560872ba3c3,2026-08-23T15:20:27Z,2026-08-23-3
2026-08-22T11:00,0c4923a8268d927d546252610841ad4a1fc1c83aca865bccdf7cd8269d11f0bf,2026-08-23T15:20:27Z,2026-08-23-3
2026-08-22T11:00,0c531abf3bf62e69511cd77bc85d03a435e79a40c552832ddcfab1104e5a60aa,2026-08-23T15:20:27Z,2026-08-23-3
2026-08-22T11:00,0c6716a8ea94600703da6679bdb9adc6508e2f594cd3c53bdf8f80750cdc3a59,2026-08-23T15:20:27Z,2026-08-23-3
2026-08-22T11:00,0c825aa4f59feb15b2fd2ea9b6c24a47a26acf65d78696bff011adfb3bbfe5c2,2026-08-23T15:20:27Z,2026-08-23-3
2026-08-22T11:00,0c852485745a331be9ae8ef8972db1190f10350b4a3c38076c7daa7f4bba441e,2026-08-23T15:20:27Z,2026-08-23-3
2026-08-22T11:00,0c8c5c1dd2bd42b85a1d68c392eacff7dd8ca31661bb26f1a2b9afd826a79c58,2026-08-23T15:20:27Z,2026-08-23-3
2026-08-22T11:00,0c8d79d180050e05b97c7a3475888c5e7cdcd776d52a5a27f090f27a2a3ffae1,2026-08-23T15:20:27Z,2026-08-23-3
2026-08-22T11:00,0c9b67c463f7e8eede4ec1fbdf01e252794dc96602cd01bb13ea79d19a03da80,2026-08-23T15:20:27Z,2026-08-23-3
2026-08-22T11:00,0ca2f92b37f826d9c4bc361b5c2f8ccfbbfe081f7f38f70235eab1aba05023b2,2026-08-23T15:20:27Z,2026-08-23-3
2026-08-22T11:00,0cb0385dccf72a4d2d1f94fa2f2145855cd230515ae842d98c024553738eb724,2026-08-23T15:20:27Z,2026-08-23-3
2026-08-22T11:00,0cbbd2d7ead6979e47cbc75f6a84363bad9029138ce0e5be1c0aada6ceeb05fe,2026-08-23T15:20:27Z,2026-08-23-3
2026-08-22T11:00,0ce065c57d1a5a48aed1325ca06de3397d95b7e4cdfd78a3431f09697457bf62,2026-08-23T15:20:27Z,2026-08-23-3
2026-08-22T11:00,0ce415a7a157c44d6ddaa1c09959e6f3a4f37ad55f7a842fad811ff1aad1a138,2026-08-23T15:20:27Z,2026-08-23-3
2026-08-22T11:00,0ce77e1fc632cd1dea9a77b490989d50df0678ab842d4106c21a2552873d48f8,2026-08-23T15:20:27Z,2026-08-23-3
2026-08-22T11:00,0ceb8eaf675e2c65821343e36e809549aeb5b8722a4f100fdec529a8feba94f9,2026-08-23T15:20:27Z,2026-08-23-3
2026-08-22T11:00,0cf8bfbcd3dc0c58983b7a61a640318990ad2f452bb6d64e44e1705d04267c12,2026-08-23T15:20:27Z,2026-08-23-3
2026-08-22T11:00,0d2abbb0fa62c3530109ea5d8c97d1f400eab1497c84576c4e9dae3d4d19448b,2026-08-23T15:20:27Z,2026-08-23-3
2026-08-22T11:00,0d32aa6b6a8fd310bb9ea110d936f524a7ea15ff4f0af5e647f4b8db8c59b25c,2026-08-23T15:20:27Z,2026-08-23-3
2026-08-22T11:00,0d3c67d8468afb799dbcd7e57290ffda801f41066e18b2718ea9b5b1af69f759,2026-08-23T15:20:27Z,2026-08-23-3
2026-08-22T11:00,0d5a8d8ec32b3a05e84140a6a4d287532f44e1ed69b35a3d229007ac8ffcac8c,2026-08-23T15:20:27Z,2026-08-23-3
2026-08-22T11:00,0d619c1b82800f73ad6e88e950111dd924565a3f48da3d1dc7d5fdb846b73a57,2026-08-23T15:20:27Z,2026-08-23-3
2026-08-22T11:00,0d6323266542f19d56c3888252edc86bce05977ef36d36effa1c2a2213d83918,2026-08-23T15:20:27Z,2026-08-23-3
2026-08-22T11:00,0d74df9feb4007034584e558918f8bc582257312aace1ed21e22d5a7b0e7ed63,2026-08-23T15:20:27Z,2026-08-23-3
2026-08-22T11:00,0da0f20e88ea55b1ab69ef08de7e9220f07f5e90d1d2aae11e46ef351c1f16b4,2026-08-23T15:20:27Z,2026-08-23-3
2026-08-22T11:00,0db00981f00d172314665b42639651655e355f7e25ce4d0bcebefc4fc95a5b29,2026-08-23T15:20:27Z,2026-08-23-3
2026-08-22T11:00,0db0bae3071ed0816b2e6c7dfcd09065f62b651821c2917e7c899cedef85201d,2026-08-23T15:20:27Z,2026-08-23-3
2026-08-22T11:00,0db8ca9a54f9970e255f962615286fdbe49409d93452bc456381e636eee534bb,2026-08-23T15:20:27Z,2026-08-23-3
2026-08-22T11:00,0dc505378e653ae31d9a798212216a3277a0cd98088c05422373a190a35dbd33,2026-08-23T15:20:27Z,2026-08-23-3
2026-08-22T11:00,0dcaa59f5be50bd43c25d570644c555248ba6e24b44b0cdecad2556a7d92bb45,2026-08-23T15:20:27Z,2026-08-23-3
2026-08-22T11:00,0dcf19a53d2f8d72d5122037f4e780396447cc5a2f18f9ab507e058f7ef6cb55,2026-08-23T15:20:27Z,2026-08-23-3
2026-08-22T11:00,0dd811ff2e8466648a1e5d709ba79deee9652f3f591863305a3b751312025d87,2026-08-23T15:20:27Z,2026-08-23-3
2026-08-22T11:00,0de6b4f1389feff99150fdd0e63e62be270f66cfee7f840e8db15a28e0f9918a,2026-08-23T15:20:27Z,2026-08-23-3
2026-08-22T11:00,0dedd74e35277e52ba2c5306bac61a6c50f0f4e90ae56d26fcf127ebb2672018,2026-08-23T15:20:27Z,2026-08-23-3
2026-08-22T11:00,0df31cdeddfac594909c8aebaed5b60c823be6ee0e25d28fc1b5e3838894f7c2,2026-08-23T15:20:27Z,2026-08-23-3
2026-08-22T11:00,0df61418b28fa0223c2e9b6e9128a21fea094c13996d9b1d9375481508b100f6,2026-08-23T15:20:27Z,2026-08-23-3
2026-08-22T11:00,0dfeae6ef2fe7ab7f1f32b6ca46a7065a541dbdcddd0d126df97fd91f47123a5,2026-08-23T15:20:27Z,2026-08-23-3
2026-08-22T11:00,0e019a412e6cffe14fde2b2b7cb8bf8dd9702477c0028c581d5c85b4ea57085d,2026-08-23T15:20:27Z,2026-08-23-3
2026-08-22T11:00,0e06902fe83add8192c1c6c4156c88cceebe881891c0296e0bf3aabfd0074abe,2026-08-23T15:20:27Z,2026-08-23-3
2026-08-22T11:00,0e095a915d6bcb342bef5be23ca05905a3324ca750aa1a5abadd2887629ae4ff,2026-08-23T15:20:27Z,2026-08-23-3
2026-08-22T11:00,0e1d9aa259b752a4ff0906034b477fba3aa6a5b4d0483c04d4ba1ed8f0077fa0,2026-08-23T15:20:27Z,2026-08-23-3
2026-08-22T11:00,0e4c37808e39d73f013efacbbe1e615f6eb00213b252f8cf294f38c24165496c,2026-08-23T15:20:27Z,2026-08-23-3
2026-08-22T11:00,0e5f1b27bfc9ecb0faa29426c0c2795504289faeb1b8512a4de42c253e9ea7f4,2026-08-23T15:20:27Z,2026-08-23-3
2026-08-22T11:00,0e623c75290f84daee0deccfc4ab141745537f329550eb883f86667fe1ebd050,2026-08-23T15:20:27Z,2026-08-23-3
2026-08-22T11:00,0e6289fc75a452201aa8ee1038aa553842f12cfc731781380f4c181b27182c44,2026-08-23T15:20:27Z,2026-08-23-3
2026-08-22T11:00,0e6454a49e23154216fa7cf44e3fa13d73cb93c015d379809dc9acaaad77422f,2026-08-23T15:20:27Z,2026-08-23-3
2026-08-22T11:00,0e82d8998833621ad9c9d4a868b3fa853ac8b7bff6ddfee6c0a999eed463befc,2026-08-23T15:20:27Z,2026-08-23-3
2026-08-22T11:00,0e8aa88547d478de4fe7b0e87d76183496fcb7758952ee755d577e1476a5c6db,2026-08-23T15:20:27Z,2026-08-23-3
2026-08-22T11:00,0e90042cc61fe00149a938625178bb1e76944fe58815fcb93acf523db040531f,2026-08-23T15:20:27Z,2026-08-23-3
2026-08-22T11:00,0e986cb2b90677dbdb075be490173b9dc0a6c1b4452a65d18efd8c85d36dce81,2026-08-23T15:20:27Z,2026-08-23-3
2026-08-22T11:00,0ea53cd481f01fe279b8bd4f45afc01f3e58cd022b62846c44ea2bd5aafbbc0e,2026-08-23T15:20:27Z,2026-08-23-3
2026-08-22T11:00,0eae8b798062d81d02263a6358b82d01b5a8916936c51cc8f153520d50403cfd,2026-08-23T15:20:27Z,2026-08-23-3
2026-08-22T11:00,0ec1aa4d25c6af09dde1efad23e4142b543a621671636338947442477e238914,2026-08-23T15:20:27Z,2026-08-23-3
2026-08-22T11:00,0ec217bf840886f083014c7cfa82f8d6e4bcb4c369a8c69254c502f06da47050,2026-08-23T15:20:27Z,2026-08-23-3
2026-08-22T11:00,0eca97729d1072475fd87ed4f70c0c88f2c4160cb76ad578cf8ac7d803a562a4,2026-08-23T15:20:27Z,2026-08-23-3
2026-08-22T11:00,0ecf92c75f434dc4ee6cb6ab6f53fc4781f8f7d5cfeafa9ce511c1533667d854,2026-08-23T15:20:27Z,2026-08-23-3
2026-08-22T11:00,0ed7a8a167fee1d4ad4d66af8f393569415ef8f4a003e799f8db01bf5d568df6,2026-08-23T15:20:27Z,2026-08-23-3
2026-08-22T11:00,0ef58dbb67f9059c580c5203935f6b24ff3600dbda8be18301761c68886df1cf,2026-08-23T15:20:27Z,2026-08-23-3
2026-08-22T11:00,0f08b78ac08ab59505ec482f4d513b6a031c24a69b72a77b7c12b01a1aadd997,2026-08-23T15:20:27Z,2026-08-23-3
2026-08-22T11:00,0f0b3ae3c19ab0badc27692676d927e475311adeac6bfa1aff59704f5ef8918b,2026-08-23T15:20:27Z,2026-08-23-3
2026-08-22T11:00,0f127ca7e67ef7c98e4e804accdaae196c274e34f33d9609806249c662a064dc,2026-08-23T15:20:27Z,2026-08-23-3
2026-08-22T11:00,0f2528a61f9c6e8bc230c5ed066b2459dce5d860fd96270570d0de0877533564,2026-08-23T15:20:27Z,2026-08-23-3
2026-08-22T11:00,0f2ef722932ca4e6c4cc35c97f17d7a6d64969c23ea7123718fef1cfe9ca84ae,2026-08-23T15:20:27Z,2026-08-23-3
2026-08-22T11:00,0f3e40d2d079231da02d564ff3fac2e65ee12f06df6ea9419a1fdae023d99e52,2026-08-23T15:20:27Z,2026-08-23-3
2026-08-22T11:00,0f48a0ba8ce5fb21eeec62c484723c2b58949e1a75c524226a0df0ee700a2d23,2026-08-23T15:20:27Z,2026-08-23-3
2026-08-22T11:00,0f514b792953e5429895cb5a2cf32ec42ded801f6f47c00879e06abd6cb1599f,2026-08-23T15:20:27Z,2026-08-23-3
2026-08-22T11:00,0f56abf9b7bd700aede2156898f25db172129777fd7898144fab1628ebd7e3c0,2026-08-23T15:20:27Z,2026-08-23-3
2026-08-22T11:00,0f5953f545f0f0bc4d0a5148f6d596efaeb0d0e2c04f6a6507ad28f4631a4bdd,2026-08-23T15:20:27Z,2026-08-23-3
2026-08-22T11:00,0f697d747d9cd2888acc45a86beea92ef37dabd10c0ec3d6987ed1d32f90f648,2026-08-23T15:20:27Z,2026-08-23-3
2026-08-22T11:00,0fa1420dfd12f1b0e443573d0c8130ba0b04207460faeb69659dd9de3c05ecc3,2026-08-23T15:20:27Z,2026-08-23-3
2026-08-22T11:00,0fda1a1b5a24b71ccbe1c606278a414a90e6a6d06c559598303a2a3904d80550,2026-08-23T15:20:27Z,2026-08-23-3
2026-08-22T11:00,0fdd2503f6b6490b06232d62ff24142d6d2751fdb063cb052639c9acac6b69ff,2026-08-23T15:20:27Z,2026-08-23-3
2026-08-22T11:00,0fe3432110402a0f01edeff1331dfe425c00b4d53b3db7033a6b8239e2e99e52,2026-08-23T15:20:27Z,2026-08-23-3
2026-08-22T11:00,0fe529b00189959f2bf3bedb4647b1cf371c15e0c8a323a4e2471a2be1a8f40a,2026-08-23T15:20:27Z,2026-08-23-3
2026-08-22T11:00,0fed41b07ff27b2f7456dbd99caf898871fb120485b4ddcf3c9dfd868ec007a5,2026-08-23T15:20:27Z,2026-08-23-3
2026-08-22T11:00,0ff444850a32f480e7707ce6082670b5b66bcfd382f91e092d53d68e60592033,2026-08-23T15:20:27Z,2026-08-23-3
2026-08-22T11:00,0ff84d56c9cdfbc9ead6f0dad4076c6434b2b12f5c1ed3f8fc9b5e090e9c89e8,2026-08-23T15:20:27Z,2026-08-23-3
2026-08-22T11:00,0fff7dbddf81f0782f1ce60232996aa358a4c5bf9264c0f1ac01954b17ef3b57,2026-08-23T15:20:27Z,2026-08-23-3
2026-08-22T11:00,1007367946328b2be18851f357f6ab064b9543e4d3f3d0909c45f5b537368c2b,2026-08-23T15:20:27Z,2026-08-23-3
2026-08-22T11:00,1013817691d1001250f6a113158f3e41bdaa2f6e066c401e61bde66f81022d3f,2026-08-23T15:20:27Z,2026-08-23-3
2026-08-22T11:00,101605e3044aa24dfa0af7e0edd379220454949677ea6fc5b28b09468fe84438,2026-08-23T15:20:27Z,2026-08-23-3
2026-08-22T11:00,1017f7b9eef2f56d1ece7d98ab4609446b87d273ea3fee84be09eacb906075a4,2026-08-23T15:20:27Z,2026-08-23-3
2026-08-22T11:00,1018915a22e8f7b1692c16b4dd2306192e3982f8a8c3aa5d6e682cb3dc9a894e,2026-08-23T15:20:27Z,2026-08-23-3
2026-08-22T11:00,1018bc4132b96ab8133b4c0f3bf31eee1c3d071550cef33f71b4b7bcbe8ab305,2026-08-23T15:20:27Z,2026-08-23-3
2026-08-22T11:00,10294d7f52e39587e8ef33996a2ee335ea59d7c6f994912f656fc3a9a6249674,2026-08-23T15:20:27Z,2026-08-23-3
2026-08-22T11:00,10346d4e940ea93b4cec6d01744b22a789ce7496359f4a50075e4a853b1b53e7,2026-08-23T15:20:27Z,2026-08-23-3
2026-08-22T11:00,104674defba3e4366e42256ceaf7a199b3d855b0a61f86b280d2c327d08bbe79,2026-08-23T15:20:27Z,2026-08-23-3
2026-08-22T11:00,104a65fa616014c48589c0591d292736424ecf6557d0843710059d067402aa87,2026-08-23T15:20:27Z,2026-08-23-3
2026-08-22T11:00,1052ea712c26ac5431660a47cc426e6f19c8766d6346550ee18bf019e44101db,2026-08-23T15:20:27Z,2026-08-23-3
2026-08-22T11:00,107199a2fa92c8066bfecae41bc8b3e7988f4bfbfca0f7e56a28c42d8a7a3da4,2026-08-23T15:20:27Z,2026-08-23-3
2026-08-22T11:00,10830783dc67153a775e6820044f4d3770041a089124169fdb3cb07a5750da82,2026-08-23T15:20:27Z,2026-08-23-3
2026-08-22T11:00,108a55ef842d0860a4f17dd7ffa30c32ffb966edec7c329f23ca3cfec3227d46,2026-08-23T15:20:27Z,2026-08-23-3
2026-08-22T11:00,1098bacb270e9728d331998bd30e1db24b2b581e953cef38c63756ff85a367cb,2026-08-23T15:20:27Z,2026-08-23-3
2026-08-22T11:00,10a6a74638cdbc7b61e51d5cfd37f865d923ddff934c6cc98658fdef50ad1c88,2026-08-23T15:20:27Z,2026-08-23-3
2026-08-22T11:00,10ab1c39be1497734c701eecd3d7297bcc9620f7a61ac5c1ea3023cf313f4180,2026-08-23T15:20:27Z,2026-08-23-3
2026-08-22T11:00,10b59b402b80208a6b65766d87f254e6725cc282f6e3de0521f598a9ae516be3,2026-08-23T15:20:27Z,2026-08-23-3
2026-08-22T11:00,10b69a332a5394d22d2e2df16a7f6eedecee2ba1bedfa78c07589cce74442fb4,2026-08-23T15:20:27Z,2026-08-23-3
2026-08-22T11:00,10bfb08046de57e28a9d157078ff897f43941445a2bc2c9274a8168525adbe3a,2026-08-23T15:20:27Z,2026-08-23-3
2026-08-22T11:00,10c6e7cc92716adbd785239eece3213d2cac844ed69ee731210c2a7a453a47c2,2026-08-23T15:20:27Z,2026-08-23-3
2026-08-22T11:00,10d2c373357bae312cd9b63a92815758df470ff9e1a8262cccfcc82d4f4a5e67,2026-08-23T15:20:27Z,2026-08-23-3
2026-08-22T11:00,10dbf65a3b9b7d48a9073b1efc140dbf78e1c49e48f1e3a2f0624bd67610d118,2026-08-23T15:20:27Z,2026-08-23-3
2026-08-22T11:00,10dc21e0af6f4a32f6d7063e88d51639ee5c9f8785b3d402faa3bffc4286c8e3,2026-08-23T15:20:27Z,2026-08-23-3
2026-08-22T11:00,10e5d3c87af9546d6d5bf8bdd7265fee012069ea709eb31dcbe4640ca7f8a742,2026-08-23T15:20:27Z,2026-08-23-3
2026-08-22T11:00,10e775de997f649b86a9ec1a87b598682d0996494a76f161410e38be622e7226,2026-08-23T15:20:27Z,2026-08-23-3
2026-08-22T11:00,10f0a5eeb8458658b3d8be80d41b7a9e3fe7911aef1c36c44b8885fe839fb513,2026-08-23T15:20:27Z,2026-08-23-3
2026-08-22T11:00,110d609cefa7cd7ae47832da24b428cdfaf624509981c080fd929b01df8176e9,2026-08-23T15:20:27Z,2026-08-23-3
2026-08-22T11:00,1112d3795afb8ae48a749e9d0f03f5f47e755331719d44f41bb102057b2ef2af,2026-08-23T15:20:27Z,2026-08-23-3
2026-08-22T11:00,1113ae0718faff240fbfcc255daf85f349363a21432fb9744395298ce96bb818,2026-08-23T15:20:27Z,2026-08-23-3
2026-08-22T11:00,1113ba57f4bdb988e0b4a35a23341429715b399389e50c78e5b0dac365ff7f44,2026-08-23T15:20:27Z,2026-08-23-3
2026-08-22T11:00,111455d1545ae4d0ff5e3433daa08f8e9bb1f6f1a8a41a53f20b07c52445db67,2026-08-23T15:20:27Z,2026-08-23-3
2026-08-22T11:00,111c68a8a8ebd92b15da4efeb73431f37fea17ed118fe98e4575dbf4cf654f8a,2026-08-23T15:20:27Z,2026-08-23-3
2026-08-22T11:00,112a7654f2de2388848b04818ee19603d69fae7934c2461ea99d1bbcc5804779,2026-08-23T15:20:27Z,2026-08-23-3
2026-08-22T11:00,113a933a17f3de748259a7ee85108d858b7eb463ee53ff14ab3d388b093f6074,2026-08-23T15:20:27Z,2026-08-23-3
2026-08-22T11:00,113f5f5d4a025a607d0120423e1f2b4168580b8ef41a2d3b9683fee47401b3be,2026-08-23T15:20:27Z,2026-08-23-3
2026-08-22T11:00,114b10f9152f645c123b6469f829e5f8cb6c2062a224617c7c24388f31742cfb,2026-08-23T15:20:27Z,2026-08-23-3
2026-08-22T11:00,1164f2e4967c135f0ac337b5eb46e42bb6b873d9bdf58f2da021eeda0a6b28b5,2026-08-23T15:20:27Z,2026-08-23-3
2026-08-22T11:00,1166b361cce11fe8379af782c7f88cd6c80bf82c946c119a7509eabfc13273a3,2026-08-23T15:20:27Z,2026-08-23-3
2026-08-22T11:00,1172876d34861b78ba87f891e1dba43806f9fff7a8bd249cb0f717d0d5e6a8d3,2026-08-23T15:20:27Z,2026-08-23-3
2026-08-22T11:00,1176029f56ee634e85c1878fd5bb3216488001e40f8079a44a998df12f9a3ad8,2026-08-23T15:20:27Z,2026-08-23-3
2026-08-22T11:00,118e37cd54f2f3f1c326bf4e5763dc63d148177955d566d18529ff70c6cda870,2026-08-23T15:20:27Z,2026-08-23-3
2026-08-22T11:00,11913277f5711ff0bd38900f17aa44acba73b5506a55cb224a697dd06cc9daaa,2026-08-23T15:20:27Z,2026-08-23-3
2026-08-22T11:00,119cae83eea5dd0d5174590ed0d9bf29cbc447497867be46de069fa7a07df10f,2026-08-23T15:20:27Z,2026-08-23-3
2026-08-22T11:00,11a175b48b2098a73c9330d056dc52868d1ff1af6af035e91ff14d3462feda1b,2026-08-23T15:20:27Z,2026-08-23-3
2026-08-22T11:00,11abb28abba005d3be97576d1400306f2372df364f14c0b84c6aa936269abffc,2026-08-23T15:20:27Z,2026-08-23-3
2026-08-22T11:00,11b83b62d01bbe2741b4b5e8abe37c5d2ecd89750661b5d6a22c714a0e5d6495,2026-08-23T15:20:27Z,2026-08-23-3
2026-08-22T11:00,11bac44678ec617b9927f96e167a965ea8148bc276ae469bae1e2a310fb5f88a,2026-08-23T15:20:27Z,2026-08-23-3
2026-08-22T11:00,11c632187083ff8aa5ddc6b73c516ad937d4f8e47770d86bad949dc5ea0517fe,2026-08-23T15:20:27Z,2026-08-23-3
2026-08-22T11:00,11e1726ee0a4bd45f547614d6847d8bfa5789021550b7fdf602ec63d8cc65cae,2026-08-23T15:20:27Z,2026-08-23-3
2026-08-22T11:00,11e568ac5595d404a5eabfa4aa37bcd7c3992d2650a115cc37118844e6bcbab1,2026-08-23T15:20:27Z,2026-08-23-3
2026-08-22T11:00,11f1bfef6a81abd4459daee39cc15097985e749580b7e09aa37e8b9fae7ac98e,2026-08-23T15:20:27Z,2026-08-23-3
2026-08-22T11:00,11f49bce2d7cc12592b26825529676e3976f3f55c6fb5763ea1c1bb0a313cd6b,2026-08-23T15:20:27Z,2026-08-23-3
2026-08-22T11:00,11fb6c8c34ffc8afae50fcc23662bb024fc50e82abcf72021bdca9b701906f54,2026-08-23T15:20:27Z,2026-08-23-3
2026-08-22T11:00,123949ecaaafef743c3bdc9020527857509ecdba35980c03c54bdae98f827730,2026-08-23T15:20:27Z,2026-08-23-3
2026-08-22T11:00,12502a033db90dd31865fffed5fc35c77b3d931fa92e482fa7b9da7b2a2d6f8f,2026-08-23T15:20:27Z,2026-08-23-3
2026-08-22T11:00,1252d697ae70b4d4b4b296500194c08825a1b7459350d599d52d8356adc1e167,2026-08-23T15:20:27Z,2026-08-23-3
2026-08-22T11:00,125afddef135aef452588d4f6eaac529d5de586a6c9e3559c81e98e9682977f1,2026-08-23T15:20:27Z,2026-08-23-3
2026-08-22T11:00,125b8048b13f2e42f0e502266adc3e2604233284810a69272c9f2cdf6aa99a73,2026-08-23T15:20:27Z,2026-08-23-3
2026-08-22T11:00,125c6d9fdf7efca8383aaeef16ddb33be6574d3abf2ec6158691353053b5e555,2026-08-23T15:20:27Z,2026-08-23-3
2026-08-22T11:00,12688eae171370cd5a0fb8b36e81fafa7bc3c7fa4a681637a5970a51501d7e99,2026-08-23T15:20:27Z,2026-08-23-3
2026-08-22T11:00,127139a4aa993e0864a5208021a5570acdac85c9b0deafb8b63772d92108dc15,2026-08-23T15:20:27Z,2026-08-23-3
2026-08-22T11:00,1285c175b36fa001a0f1a01868b2cd094dc8a56c82c148e555785fda5952f382,2026-08-23T15:20:27Z,2026-08-23-3
2026-08-22T11:00,12865e8612c71cb912fc646f15a801efe01f5bfb7444bd1d0bf800d08969341d,2026-08-23T15:20:27Z,2026-08-23-3
2026-08-22T11:00,1289ecb2e8e10c14899d019666bd9f0784b91ae889d81167bc3a3fc15e7f0c68,2026-08-23T15:20:27Z,2026-08-23-3
2026-08-22T11:00,128c8bb3691c2f02394509d7b125c4d7c2fcb373ecf7aa9fd7bda65498358726,2026-08-23T15:20:27Z,2026-08-23-3
2026-08-22T11:00,129511f54188e7df4ed8e9053336c86e351ea4b1cebcb97326b55267c4322922,2026-08-23T15:20:27Z,2026-08-23-3
2026-08-22T11:00,129afe8c5c0bba852667c5993ac7cf827acd714ac33045dcfa55890253ceb908,2026-08-23T15:20:27Z,2026-08-23-3
2026-08-22T11:00,12d1dab95b0c87c7a3e2f690266ab4eeb059eb4b4cda2115c3968b7cf6d9c2f5,2026-08-23T15:20:27Z,2026-08-23-3
2026-08-22T11:00,12e72d9af5447b6ca2c0d01d0f55dba01cbf4be4379a4ca1adeff5718816d367,2026-08-23T15:20:27Z,2026-08-23-3
2026-08-22T11:00,12e8297a0ffdfff739896faa47fce0771544ef2cdc172026a2286c11bf929cbb,2026-08-23T15:20:27Z,2026-08-23-3
2026-08-22T11:00,12f8f11afd5974b38b9a5c743fd7d9715b7dd2bc50dce15aeddbdfa066b66ac7,2026-08-23T15:20:27Z,2026-08-23-3
2026-08-22T11:00,1308c676b64cc3b0290377baff2e104142291bc0d72d4d3c086235421d20d690,2026-08-23T15:20:27Z,2026-08-23-3
2026-08-22T11:00,1320eabaae58ab6683152937f6054793e07826a5bef859da5ef0437230ec18e9,2026-08-23T15:20:27Z,2026-08-23-3
2026-08-22T11:00,13299a64668ea800aa05cfe6d9ac7fd0bec3d125a1fd98578ba235dd681e109e,2026-08-23T15:20:27Z,2026-08-23-3
2026-08-22T11:00,134880ad423fdb2cb7d5f4fc13486ce1ac6f51066c65ba0d65c0c3cae0f6ac0e,2026-08-23T15:20:27Z,2026-08-23-3
2026-08-22T11:00,134d4121857d5b7b56d86ac41ce412fa3e3e80294359e6c640bca6c6c0d58eb0,2026-08-23T15:20:27Z,2026-08-23-3
2026-08-22T11:00,136b8e5d558ee647af6cadf774b2032599b8bca27242b1a2fa0a8bba97b52f47,2026-08-23T15:20:27Z,2026-08-23-3
2026-08-22T11:00,136e3854968b040d8d635d3a7899e3baa74dbf2cacea5b3dd984bbe6e4860e3f,2026-08-23T15:20:27Z,2026-08-23-3
2026-08-22T11:00,137d3c792721474f7f8d23719332e713822a2bece6aa7fe1b170456f8977f39c,2026-08-23T15:20:27Z,2026-08-23-3
2026-08-22T11:00,137f38df79fbb975756f823076f52445aaca8fbc053e7ee1e3e01073f241278b,2026-08-23T15:20:27Z,2026-08-23-3
2026-08-22T11:00,1380f7766171a5a616fa9c577a9838fc6a9a2eedb637829cee254df1dadbabf0,2026-08-23T15:20:27Z,2026-08-23-3
2026-08-22T11:00,138db7e19f5afab3b8c1ccf2b450abd30daec2481dc81ce35def324f01b2f279,2026-08-23T15:20:27Z,2026-08-23-3
2026-08-22T11:00,13a6d9819972b9b7d709cc9f201dcbf6d46788af5592a0a35e0ee411b229ddc7,2026-08-23T15:20:27Z,2026-08-23-3
2026-08-22T11:00,13a8c4bf46a315c29a94373c7e88d9638e2298fbbdd997581fa8b482b5a90fbd,2026-08-23T15:20:27Z,2026-08-23-3
2026-08-22T11:00,13c5d54df9fe54be460fea4cb8c2843b9e766d6585ede1ab9a76ba5ee610a523,2026-08-23T15:20:27Z,2026-08-23-3
2026-08-22T11:00,13ca732d6e8bd05d9c81b113ee18ca940e12350c1830d54229e8ab662f8ba613,2026-08-23T15:20:27Z,2026-08-23-3
2026-08-22T11:00,13d4a9bfec6354847044f273dc9ad7178105044b3db0c4d50c7e2b3cfba2a0af,2026-08-23T15:20:27Z,2026-08-23-3
2026-08-22T11:00,13d4d833a18023f96f6fadc4d27ec2d924a36aa617eea18d7749436e83728b67,2026-08-23T15:20:27Z,2026-08-23-3
2026-08-22T11:00,13d5eec9459c6abe2fdf4b996ec5907489e5797a7ced6699e8bc5b0d16dbaf9d,2026-08-23T15:20:27Z,2026-08-23-3
2026-08-22T11:00,13dca4d4784ee4ebc4fae81db7335d5a2fa17c78423d3371616f48e2a596d450,2026-08-23T15:20:27Z,2026-08-23-3
2026-08-22T11:00,13df73dc5a5c4f544406f70463760bace8627b13f62bcf9775c22e5d3b52d459,2026-08-23T15:20:27Z,2026-08-23-3
2026-08-22T11:00,13ea92b0cc4f57c7f9bb8aedcedf845deda511021a2f6f7a5d6c4dfaed61fd94,2026-08-23T15:20:27Z,2026-08-23-3
2026-08-22T11:00,1404220851c1429b32add383a15e3994c244833b1ee2e21c1757854c085562e0,2026-08-23T15:20:27Z,2026-08-23-3
2026-08-22T11:00,1411a3c75659f7619c874368e3d1e87361f14c077c10c6c491f57963a10c2680,2026-08-23T15:20:27Z,2026-08-23-3
2026-08-22T11:00,1412375e89f6e37b8c458eacb3c308100af6b392e0572bda5dec096b4211c180,2026-08-23T15:20:27Z,2026-08-23-3
2026-08-22T11:00,14239f886a3f8bff4bc407c0313d63f5e2b5f61204e5da2e654edca1ad654a67,2026-08-23T15:20:27Z,2026-08-23-3
2026-08-22T11:00,1430b43b248d84b9e0866bfbb4f0faf58050a643be76417447f7548ad68220d4,2026-08-23T15:20:27Z,2026-08-23-3
2026-08-22T11:00,143168b0c343359295829e3849e989dc57e667061bc9292ba246a0833cf586f5,2026-08-23T15:20:27Z,2026-08-23-3
2026-08-22T11:00,1434c2753bf26aa0865e6a76a0cd4e8ac552f6033727f1289fea5aefce76bea2,2026-08-23T15:20:27Z,2026-08-23-3
2026-08-22T11:00,144b1f0f8991593655f3a591af4f2dd9a04b567e318e7d6a2682532a2deff7cb,2026-08-23T15:20:27Z,2026-08-23-3
2026-08-22T11:00,145bae782afd7ec4c90d7138663535ac5233b689f51b379425e1414ab1474ecb,2026-08-23T15:20:27Z,2026-08-23-3
2026-08-22T11:00,146616c6fb5f21affec2de32937b42f2106ff92ac3a5cd3b75f1832ba26e91f3,2026-08-23T15:20:27Z,2026-08-23-3
2026-08-22T11:00,146dab8dffbc86d589dd628c5cc466eb012159c8e20305d86671bedcfb6958db,2026-08-23T15:20:27Z,2026-08-23-3
2026-08-22T11:00,147b8e111656b47fd1fcece5a09ef98183d8cd79c93d40f791cbb588c8309f84,2026-08-23T15:20:27Z,2026-08-23-3
2026-08-22T11:00,149645c9884a3ff084e3e2c0d9b064ba143da473b19446cdc15f848e2a920fc2,2026-08-23T15:20:27Z,2026-08-23-3
2026-08-22T11:00,1498530af0569af6eba30718db83318a1bb8806bf9ee188739ae35b741ddb547,2026-08-23T15:20:27Z,2026-08-23-3
2026-08-22T11:00,149a8db71f0e7f1780c94df4b8ee9c0157fc07f72b6b8bd3910611278296d04c,2026-08-23T15:20:27Z,2026-08-23-3
2026-08-22T11:00,149dda6b5fa646e43dae3272a6e4136b67ddd6c7244bc555ad1ca2b20cf35782,2026-08-23T15:20:27Z,2026-08-23-3
2026-08-22T11:00,14a88a9c425c6de9f17bf3f06c512d06e63d95eac16df50c4ad913a5085dce10,2026-08-23T15:20:27Z,2026-08-23-3
2026-08-22T11:00,14b903453773ceb732b71767534a3f093ffe642ee3e30b1e36f1cfbb3ebccfd5,2026-08-23T15:20:27Z,2026-08-23-3
2026-08-22T11:00,14f10bd390e866e70672f2885241fe609619139b69e200cd332bbd3a049fab07,2026-08-23T15:20:27Z,2026-08-23-3
2026-08-22T11:00,14f515a08f9f099cefd5ed11c769182ff2a42d04cc78b9a4862314d3c4730ba9,2026-08-23T15:20:27Z,2026-08-23-3
2026-08-22T11:00,14f5faa48f8dad84b9d114b81dac8863e74d44faaec84fd119ebfe238eaf52a3,2026-08-23T15:20:27Z,2026-08-23-3
2026-08-22T11:00,14f6cdef92302bd09278fb6e1e1b9c20cfb7ad88ba0146b6ca523bb7de4cc347,2026-08-23T15:20:27Z,2026-08-23-3
2026-08-22T11:00,1504a87339bfda5b49cf4dc0eecf9c8150be137cf7785bdae156c7445769a572,2026-08-23T15:20:27Z,2026-08-23-3
2026-08-22T11:00,1513d11604ff993dc80c2beeb23475e470b1d1d6a6c9a1904b6911aeaf05856c,2026-08-23T15:20:27Z,2026-08-23-3
2026-08-22T11:00,15205dbc10bff896d1f43974fd5268da9a11673f8b5618c845fff1203915a868,2026-08-23T15:20:27Z,2026-08-23-3
2026-08-22T11:00,15263a1f99f4bbfe4e3f7862801908143f9f38d52e9fa0136a1d91508d345482,2026-08-23T15:20:27Z,2026-08-23-3
2026-08-22T11:00,1527d709c808bf7a8915baca37205da81086d163214b2e3dd5d7a2999e740132,2026-08-23T15:20:27Z,2026-08-23-3
2026-08-22T11:00,152bcb8b475d77a0334426f8a1ed71248dfd4b4b43fb91461fd85f64d5200627,2026-08-23T15:20:27Z,2026-08-23-3
2026-08-22T11:00,15311c4f8d51652cabc690e5e05bcc99d9e0816d08e4cc272438a4e3c25b4901,2026-08-23T15:20:27Z,2026-08-23-3
2026-08-22T11:00,15324a356bbf4542f8ef46910288a3dd0018a6e33712bc64664834f85830119c,2026-08-23T15:20:27Z,2026-08-23-3
2026-08-22T11:00,1570c8d7ac0114d7ce5804c30a8f09f6079ab017e33ea903bcd08e46a2f7cd26,2026-08-23T15:20:27Z,2026-08-23-3
2026-08-22T11:00,157324a9612f0389d5d2b99c055aaf6bae11b010da60504f99aa39fb85c6b025,2026-08-23T15:20:27Z,2026-08-23-3
2026-08-22T11:00,157d04a2383d60d1d8557800a50c7d96f51be47196cc86cf21f479d3db48213d,2026-08-23T15:20:27Z,2026-08-23-3
2026-08-22T11:00,15823ae5556ea01d28f4b1bb78f300d63e063e25c7886f4f653261e6999737d3,2026-08-23T15:20:27Z,2026-08-23-3
2026-08-22T11:00,1584a32a4cf245cba9297744c1477fa3b697be44c9aaf88e93ecff2397eebab7,2026-08-23T15:20:27Z,2026-08-23-3
2026-08-22T11:00,159d28217d0612a47ef7ffcd52977baa438e563c6c8d28d7ba5b4bd14a6db6e4,2026-08-23T15:20:27Z,2026-08-23-3
2026-08-22T11:00,15ae3add8b1a630deaa29b09f6575fdc8b25d25820c36579c2c5c6565030c965,2026-08-23T15:20:27Z,2026-08-23-3
2026-08-22T11:00,15bb361d3c3fcec25ae5f9428d9ce72b9ccdc63f8443099ae493cbe76636013e,2026-08-23T15:20:27Z,2026-08-23-3
2026-08-22T11:00,15ce42b33960e54313f19bd169bc48e41a65ff2ee0654da3d406beec6fa0827b,2026-08-23T15:20:27Z,2026-08-23-3
2026-08-22T11:00,15d225116275797eb1e7fe32812e046cdb7878a9bc281370425d4e25d32bf1a8,2026-08-23T15:20:27Z,2026-08-23-3
2026-08-22T11:00,15e0f1dcbffb477e1c6a601811d793d9aaac6d024af5cb89c166fb37dbf54bf5,2026-08-23T15:20:27Z,2026-08-23-3
2026-08-22T11:00,15e34c2e2d89d828b73136ff9a2123476cbbe6aa6c6991cf487f1dc69ce07e2e,2026-08-23T15:20:27Z,2026-08-23-3
2026-08-22T11:00,15e86d0274789da1f2321c1b14d9306b5e9e612ee1850132ffea579a5b169165,2026-08-23T15:20:27Z,2026-08-23-3
2026-08-22T11:00,15e90b30d2943341005fefe49fffc2cd37b934e6db2375086c1db82cb628c584,2026-08-23T15:20:27Z,2026-08-23-3
2026-08-22T11:00,15f17b33ed3ad7c772466aca8c85832495e1c962b06c31e165cdbf9365f625ed,2026-08-23T15:20:27Z,2026-08-23-3
2026-08-22T11:00,15fd84c7f858b563ac1c5f4c01ce0345def87f9639d57fa605b5ad9829e9902e,2026-08-23T15:20:27Z,2026-08-23-3
2026-08-22T11:00,1617bea9e53212b4af1671dd6e203c59405c36f32df659c6a41f9459e6b487e2,2026-08-23T15:20:27Z,2026-08-23-3
2026-08-22T11:00,161fa86044d10b9dd62d1c75ead49300614e876572d9381373fa65998875f7fc,2026-08-23T15:20:27Z,2026-08-23-3
2026-08-22T11:00,162f4df3e7d9fce28398c0b5b27f2515e47ac5887dd3930344999b3254bc37fd,2026-08-23T15:20:27Z,2026-08-23-3
2026-08-22T11:00,163503c8ddffc69d65d8310ab3c20e4fadf59efb403664495906f064cbd19d97,2026-08-23T15:20:27Z,2026-08-23-3
2026-08-22T11:00,16594c97bd60c5236263a15628982d6409f537cffd15ae96138b801e98b379f8,2026-08-23T15:20:27Z,2026-08-23-3
2026-08-22T11:00,1666a7451a9b7416ef89ba00f60d44a874cc7d5c93f9f9d8f252f1e3433b0911,2026-08-23T15:20:27Z,2026-08-23-3
2026-08-22T11:00,1667df8c425045fb8a6769f97fc67943b55fa573f00ea3b71a1c03aa38006a3c,2026-08-23T15:20:27Z,2026-08-23-3
2026-08-22T11:00,16757dee20aba98f31ed6467bf12372f56b3fc2016097ef1699f1a0e54efd638,2026-08-23T15:20:27Z,2026-08-23-3
2026-08-22T11:00,1684a319b7cdecdea5cbceb1637297473705bc464edf598d4115c57a6b00470e,2026-08-23T15:20:27Z,2026-08-23-3
2026-08-22T11:00,1687ca5ce4d270a5faeee3b3b6af04525f4e178f0d0cc21666d6214533b881fd,2026-08-23T15:20:27Z,2026-08-23-3
2026-08-22T11:00,169a90f743eee3085ed57ab40e676f3fda260f97f8c4a58674d6a2eb2cdaaa2c,2026-08-23T15:20:27Z,2026-08-23-3
2026-08-22T11:00,169c8e35cbdba96a574a1ec8232581012d6c23bbbc1cda518efc5297736fdbbe,2026-08-23T15:20:27Z,2026-08-23-3
2026-08-22T11:00,169e3a83d6ead3e579e11f8ea7d43d7325684a4098e7628c38059d06aa2a7d6f,2026-08-23T15:20:27Z,2026-08-23-3
2026-08-22T11:00,16a1a1dc486e496d7896d2e980e8c3ccc0e449372f4e1e2e85299adbec835360,2026-08-23T15:20:27Z,2026-08-23-3
2026-08-22T11:00,16ae405ee46585073b691bbea8afc2811b025ad8f2825118775f7ebda0988984,2026-08-23T15:20:27Z,2026-08-23-3
2026-08-22T11:00,16c2f46e8eea9e6de2bcf2d5df389ff172af3b696eab873713d30ee28f8266a7,2026-08-23T15:20:27Z,2026-08-23-3
2026-08-22T11:00,16e13c52f7cd02d4ace3d47abac95ccf3b9e630262bd24e605b9bb93a859298e,2026-08-23T15:20:27Z,2026-08-23-3
2026-08-22T11:00,16f91f73ade90d5029fe45e54b2fed6827a8aa13b0c3bb4a0c8368d04dd3a128,2026-08-23T15:20:27Z,2026-08-23-3
2026-08-22T11:00,16fe57b86dc3ece679928a630f57a010270bf19d282e06ef289db4b50f23a2b0,2026-08-23T15:20:27Z,2026-08-23-3
2026-08-22T11:00,1714cec3bc161aafd6eab6036d9f95a76dcfdec1189f2793f0a888d4f78a0476,2026-08-23T15:20:27Z,2026-08-23-3
2026-08-22T11:00,1717ebd9d8e5fe7cd449afa5369c0e987f8844c53448dd760fdb0299769e89d9,2026-08-23T15:20:27Z,2026-08-23-3
2026-08-22T11:00,171db9ff2abfc98c58dbed5b15505ae69af537c8f0fd0f98130590906424e7b4,2026-08-23T15:20:27Z,2026-08-23-3
2026-08-22T11:00,1729c7021b218abcee0e8e0bba3bb8139bd4f70dff36fd0e259ace4905b8cb03,2026-08-23T15:20:27Z,2026-08-23-3
2026-08-22T11:00,173334adab9e503ad3d97745dc4cf9ff426e67001de578be7fb7c1ea9611f006,2026-08-23T15:20:27Z,2026-08-23-3
2026-08-22T11:00,1742c9088397b324f801a27146fd720042302959384b14951abaa557e4f40605,2026-08-23T15:20:27Z,2026-08-23-3
2026-08-22T11:00,174361070acdf905fef9482c794c9558ebf63ab8178d30f503e1d7cd7b627c95,2026-08-23T15:20:27Z,2026-08-23-3
2026-08-22T11:00,174457bdd55cf8e403385e50dc13f0e66189c050a8b372663b6d83646c3e60d0,2026-08-23T15:20:27Z,2026-08-23-3
2026-08-22T11:00,174f22c86e80c6aebeb249f475afd933d94ff579503a870fc68b89ad29a98406,2026-08-23T15:20:27Z,2026-08-23-3
2026-08-22T11:00,175f05b6e283a13cdb743fe6c66ae0462cad6ec603fb9e8e58c134efdf7b19a7,2026-08-23T15:20:27Z,2026-08-23-3
2026-08-22T11:00,176062231e3d9f66bb8b7e542b28fab4dd6eb690b2046e226032980c8d2318e8,2026-08-23T15:20:27Z,2026-08-23-3
2026-08-22T11:00,1765f05fd879cd23e3e4435d092f94571d174556eef64598ec183467a4ee8493,2026-08-23T15:20:27Z,2026-08-23-3
2026-08-22T11:00,1765f1b18fbb2a78ec7ab9f66263e6cbbf7d6eff45be9acfa1bdd1cb19609994,2026-08-23T15:20:27Z,2026-08-23-3
2026-08-22T11:00,176d833d9baf8412aeef003a6fcc3b24295045063b8894d558371fe67fa8d413,2026-08-23T15:20:27Z,2026-08-23-3
2026-08-22T11:00,17753fa10b477b7ba819270761962dcd3da53f635633d186373ef9ee219f1f59,2026-08-23T15:20:27Z,2026-08-23-3
2026-08-22T11:00,177a2e08410f908bb70f6ec84e7e4759bd32cd6609c5605a3c907d47291ac960,2026-08-23T15:20:27Z,2026-08-23-3
2026-08-22T11:00,1783c2fa489ad114290ade80abd1ceed93ca53cb52f49474b7a6ba756c1ca5f2,2026-08-23T15:20:27Z,2026-08-23-3
2026-08-22T11:00,179d29f28f933ff6c435f4ccbe1ebc6a970d6f21a7e64eac51efaa66a8f2595e,2026-08-23T15:20:27Z,2026-08-23-3
2026-08-22T11:00,17a721f790236abb143edc5602cfda746c54d309ade2ed9ea439d6cdc7b71f3a,2026-08-23T15:20:27Z,2026-08-23-3
2026-08-22T11:00,17ab9a7dd3651283e0d51325193ed1c18bb0f3638627388b96112cabd0224d5c,2026-08-23T15:20:27Z,2026-08-23-3
2026-08-22T11:00,17bf9cbe1f8c9d0a417e22473c17d5749a7463a12c06cf1379f7cf816d69d2bf,2026-08-23T15:20:27Z,2026-08-23-3
2026-08-22T11:00,17c106e0f85e4e9e078d33d79c5b85972ee67647174e98161212742520ba848e,2026-08-23T15:20:27Z,2026-08-23-3
2026-08-22T11:00,17c137c8c25c53095b488e770e7bce8f37d0386671f66909993efc78c07ff6ef,2026-08-23T15:20:27Z,2026-08-23-3
2026-08-22T11:00,17c1af059e28dc0ac457ae06b55502c574c72b0e6d7b831406501babce5f88ef,2026-08-23T15:20:27Z,2026-08-23-3
2026-08-22T11:00,17c8f8e5137b44c3f86d0d80e4e037107829e326a77f4999b737c1a54480b3c2,2026-08-23T15:20:27Z,2026-08-23-3
2026-08-22T11:00,17d5149b1fa30b30f6fca328a20524e34e133c0f737fae085c7a62206e83a70e,2026-08-23T15:20:27Z,2026-08-23-3
2026-08-22T11:00,17e4f61e7cd5634b78a00f5f931c58b9bcec67a97adbe048f2517a9ae3468669,2026-08-23T15:20:27Z,2026-08-23-3
2026-08-22T11:00,17f7a982fab1ab0c6823ed1a630e597c447422dd10ac6717f0855e68c271f5f8,2026-08-23T15:20:27Z,2026-08-23-3
2026-08-22T11:00,180302e63d71fe712432d5edd6f81710b39fc0562549ecb5828b0def7e9c5541,2026-08-23T15:20:27Z,2026-08-23-3
2026-08-22T11:00,18096a712e7fa8d9fbdadd3a26f5f2d64346debe5114a42245dd9060b5e755ac,2026-08-23T15:20:27Z,2026-08-23-3
2026-08-22T11:00,1810d577bc21502a4c36cae2e0c3af7dd1b6158a6c3a3ede425e513e4f411055,2026-08-23T15:20:27Z,2026-08-23-3
2026-08-22T11:00,1811bb452cd9bda48846ec2aafa52cb028e5391e6bba1f40de5c5a070733a644,2026-08-23T15:20:27Z,2026-08-23-3
2026-08-22T11:00,1819dad8fb4069e546879545f5147d82790a17aa08348e3c6e770458af6b4857,2026-08-23T15:20:27Z,2026-08-23-3
2026-08-22T11:00,1825dad07cc0c7caed331b87ab699915adf80bf168dfde1aba4cdddec3f74435,2026-08-23T15:20:27Z,2026-08-23-3
2026-08-22T11:00,1827e063927b10508ac8e4d95caa881ee0453e522092b16c296cb326f09bc2a5,2026-08-23T15:20:27Z,2026-08-23-3
2026-08-22T11:00,1828ce18d2cd1d7a148dc89ad826a7aafceddb402fc1f0d0fa90c8dee913a2ad,2026-08-23T15:20:27Z,2026-08-23-3
2026-08-22T11:00,1832756921ecf42f219fcaf7449417386348d26cc97e03fd47d227733a831e90,2026-08-23T15:20:27Z,2026-08-23-3
2026-08-22T11:00,1838fc7c2644c98202ec54e9b81582d221cebe101c31cf00511fda7baa12eafb,2026-08-23T15:20:27Z,2026-08-23-3
2026-08-22T11:00,183cb50c05ff6f97c49a3c51eee889749cb9bd00c649ffc191a20632c0a74037,2026-08-23T15:20:27Z,2026-08-23-3
2026-08-22T11:00,183d58a311d515e31a248a59a1c2afffba52f890e9a6ed29d1b72860746a36cc,2026-08-23T15:20:27Z,2026-08-23-3
2026-08-22T11:00,184d9620ebdd6598b5072da18067cd19bc5cccadd8a10ae5507af5cc2feb68e5,2026-08-23T15:20:27Z,2026-08-23-3
2026-08-22T11:00,18592e9b653b99fa02544be19a73aa928bcf0de506ab179f90200b9a6b6690a4,2026-08-23T15:20:27Z,2026-08-23-3
2026-08-22T11:00,18600b49dd021e856dda8ed32ae16b89822f2472f0dc100c33dd03adfe4963f0,2026-08-23T15:20:27Z,2026-08-23-3
2026-08-22T11:00,18671c0a829dcec4a922b84d32baec7bba483438ee1cc1e717e77c8a35137736,2026-08-23T15:20:27Z,2026-08-23-3
2026-08-22T11:00,187c0216091cb5d19b19d3169d3c5bd23e0f0cd446820413eaf8754f1c04ca0b,2026-08-23T15:20:27Z,2026-08-23-3
2026-08-22T11:00,18800da4d5a2aa946795c1906ac27c654045c31ac476a5b17a1ece0abdf15bbd,2026-08-23T15:20:27Z,2026-08-23-3
2026-08-22T11:00,188957cc579b75904a715f0a49e5b7eb01701c30a1b2dfdd7fb2877dc08a9205,2026-08-23T15:20:27Z,2026-08-23-3
2026-08-22T11:00,18902c7f06cb176d73e79fdf3d2c000f1a56e0b8ebd415122d9b061a09d2b58c,2026-08-23T15:20:27Z,2026-08-23-3
2026-08-22T11:00,1890971942163cd10bd136670204c9052657f45e8ecb7da25d3c8a26ada89025,2026-08-23T15:20:27Z,2026-08-23-3
2026-08-22T11:00,189356ef99ea6c4676e7af38e53dd22d0d50de72324930e209b3b26d35a6f91e,2026-08-23T15:20:27Z,2026-08-23-3
2026-08-22T11:00,1896e716c2a809cb9c741bcb166ef2824b3fddf83951b1c9f43a58c6233ba5aa,2026-08-23T15:20:27Z,2026-08-23-3
2026-08-22T11:00,189a4e11d3eb475ff2a74ea06dee3244ea9723c875109af955df2f5efef2ccc0,2026-08-23T15:20:27Z,2026-08-23-3
2026-08-22T11:00,18ab221849306535f1b14e7e4ac5a88ffe38eda2d49140e1cf4d48ae2cf67df9,2026-08-23T15:20:27Z,2026-08-23-3
2026-08-22T11:00,18b72be8afdc4186e0a80454757031ece74340f172362875f11736131b0446a7,2026-08-23T15:20:27Z,2026-08-23-3
2026-08-22T11:00,18b7ee4fe5e46ca112b5ae83f4793c971eec479f7ab5f689272704e9aafb8073,2026-08-23T15:20:27Z,2026-08-23-3
2026-08-22T11:00,18ba0c6ad33e9be0d5cf6dc6597d01c05090c0b3976fc6633a59f0c4a4c088db,2026-08-23T15:20:27Z,2026-08-23-3
2026-08-22T11:00,18c02c83f32002811492ef11967de4f0633640197d02347bd88c88f965818543,2026-08-23T15:20:27Z,2026-08-23-3
2026-08-22T11:00,18e2a0a26770adea625cfaa5e454e5296d0f79d025eb6d4117095e42dc96a5f4,2026-08-23T15:20:27Z,2026-08-23-3
2026-08-22T11:00,18e417e221bd284d3ed192e0a7e70f6febd57a70e7152f8febb2a632e399002d,2026-08-23T15:20:27Z,2026-08-23-3
2026-08-22T11:00,18e427b16170237a75dbb238ff7fecc6ad6ae6f16d2ed2d0cfbb8f1d9a678f84,2026-08-23T15:20:27Z,2026-08-23-3
2026-08-22T11:00,18f13afbd6901fb3b6c8fb8c5d86216ac93cba492115f670c42efea20148a14e,2026-08-23T15:20:27Z,2026-08-23-3
2026-08-22T11:00,18f83456e2a8c7e17a9c32b63db39af276108de38d406c40aba61713bbe45acc,2026-08-23T15:20:27Z,2026-08-23-3
2026-08-22T11:00,18f9793446490580ea570dbd44cd88e1578acbd115b37107e2885543cd6549bb,2026-08-23T15:20:27Z,2026-08-23-3
2026-08-22T11:00,19178493ac692290a78288a68fbb7b0fc52ef417b746944f94e863815cc0ef7a,2026-08-23T15:20:27Z,2026-08-23-3
2026-08-22T11:00,191f5dd0055dcf550ef1350ab80b6f44dc908d26239f93138ac6440f86b59145,2026-08-23T15:20:27Z,2026-08-23-3
2026-08-22T11:00,19263ef1005d5554e86277ece858fe00256a0b080401b89684bb024e7a44f0c3,2026-08-23T15:20:27Z,2026-08-23-3
2026-08-22T11:00,192a2a488a653e7fbaa11415666a9e602dac3e528b35aba180d6c4a4fe9eb1b5,2026-08-23T15:20:27Z,2026-08-23-3
2026-08-22T11:00,193fd4bd0bf95d16451a776109cc4d7c2375a8b41d6229ee0271decc8058fae6,2026-08-23T15:20:27Z,2026-08-23-3
2026-08-22T11:00,1949175bbbb1073544de0085b3042e52733d4046010d0838180076051ba5b147,2026-08-23T15:20:27Z,2026-08-23-3
2026-08-22T11:00,197a0ca35c54696978265dde2df67a79a5fd750d3488d6a9bb328a1b55e27637,2026-08-23T15:20:27Z,2026-08-23-3
2026-08-22T11:00,19b41a3a4a21bec8e3d21d3a44d165b6e5ab86a99861a050832d592a843b7c72,2026-08-23T15:20:27Z,2026-08-23-3
2026-08-22T11:00,19b78ea11083222742b3b5589ce981a73186d2d26f57892486203a9b23795894,2026-08-23T15:20:27Z,2026-08-23-3
2026-08-22T11:00,19c132eedd74fc4dcc5abba1565bd68681b30a353f36398d30489b8621586ab7,2026-08-23T15:20:27Z,2026-08-23-3
2026-08-22T11:00,19c979c84183441f2295c89d4026a368c12ae2baac6774c574810a1eb54e57fe,2026-08-23T15:20:27Z,2026-08-23-3
2026-08-22T11:00,19d05d75bc720266c1eeeb51c6b941b6d5922c85eff22374e87f5519bb46a19e,2026-08-23T15:20:27Z,2026-08-23-3
2026-08-22T11:00,19d6534fbf391045e7a0671e5912cf257efb5b064473e84b438ffa509aa65114,2026-08-23T15:20:27Z,2026-08-23-3
2026-08-22T11:00,19e00d7720cfa5f12d168848b8c016be3ec5a143e94ea1bf6c384235b699fb87,2026-08-23T15:20:27Z,2026-08-23-3
2026-08-22T11:00,19f8d2377608b66e6598be58f1411a60d82ab9bfb9f2217ce5e04e7a487ba219,2026-08-23T15:20:27Z,2026-08-23-3
2026-08-22T11:00,1a032a768300cb63fd31ac90bb4a36fab5ad3d67c5e8fd5b2714045bbe68ad64,2026-08-23T15:20:27Z,2026-08-23-3
2026-08-22T11:00,1a0ef88fc84c239abed24eba2d51b3fb54bc66207de07171b268b5e3081d2283,2026-08-23T15:20:27Z,2026-08-23-3
2026-08-22T11:00,1a1018d0c7c42f904082523850e7325e7077ed784a54a27a53ddfea3cac10443,2026-08-23T15:20:27Z,2026-08-23-3
2026-08-22T11:00,1a1b7cfbbdf5c47238db791e23650f677e498da1c31d9374b1b9d6ff4ec3ec49,2026-08-23T15:20:27Z,2026-08-23-3
2026-08-22T11:00,1a3e2c4f6f65518c74afabfb741c2d4f508d8f9df0e230bb906cf40acc6d5136,2026-08-23T15:20:27Z,2026-08-23-3
2026-08-22T11:00,1a4cff347563b9a32ac34d6c017da9aab04cef282b37914c2311e0eb212e4e71,2026-08-23T15:20:27Z,2026-08-23-3
2026-08-22T11:00,1a509670503ffde50ecffac6044afc3458f0a7825224d30ca117ebdb61174bc7,2026-08-23T15:20:27Z,2026-08-23-3
2026-08-22T11:00,1a5495991f62b010eaa08f46b3b72b00f0681161c019416cbfb4ed81138e9aa3,2026-08-23T15:20:27Z,2026-08-23-3
2026-08-22T11:00,1a60e6f8f48161563b9b4a574ff53bce3f210f26d6abe9eaa16bf071d2ed757d,2026-08-23T15:20:27Z,2026-08-23-3
2026-08-22T11:00,1a61811c7e7150f544cf86244f10cf7b2af3fa7ed311a609a80fcceb5fcf748c,2026-08-23T15:20:27Z,2026-08-23-3
2026-08-22T11:00,1a7190ff028c6dd8ae1325e4f0eb51a387d26193ce2a9ccb9ec5c312e39c959e,2026-08-23T15:20:27Z,2026-08-23-3
2026-08-22T11:00,1a7709653961f5474b3bf25157b5b189eba5d6156cfdc446a9773ba1347e3670,2026-08-23T15:20:27Z,2026-08-23-3
2026-08-22T11:00,1a873b07d53a050157000331c74a7b7fbdb213d22b5008be57b0d11c2c296afa,2026-08-23T15:20:27Z,2026-08-23-3
2026-08-22T11:00,1aad186b08fb66c36fbb0f0ef68ec428938d95f0c26237abc9b910e21cd05c83,2026-08-23T15:20:27Z,2026-08-23-3
2026-08-22T11:00,1ab91b7cb7af8ed62143f8f4fa5646c29014d418d8ca47f3b43e93829a153956,2026-08-23T15:20:27Z,2026-08-23-3
2026-08-22T11:00,1ac25876faaa0a051ddf030dd4c7fe3c7d75499e50334f61734826f6e55e4734,2026-08-23T15:20:27Z,2026-08-23-3
2026-08-22T11:00,1ac3c2c146cbc3ea0556152c6ede2a3e7c0c9d2bca987fc134cce6104d7b5d66,2026-08-23T15:20:27Z,2026-08-23-3
2026-08-22T11:00,1ac84bad9333fe8c7b6bd04a0917cacbf13c971c1e3d9c00c7d91adb14395794,2026-08-23T15:20:27Z,2026-08-23-3
2026-08-22T11:00,1adab26bb161510b64c3665aad85ccb0ce27913df0143ccae969cf3886dce036,2026-08-23T15:20:27Z,2026-08-23-3
2026-08-22T11:00,1add1bb1292e6138b75885f997710276ff227f8c2eeef97cda6e49c3b40578cb,2026-08-23T15:20:27Z,2026-08-23-3
2026-08-22T11:00,1ae41af387a9ae9436bf53de27811d8c07f5f2e33da7dfa6bb4caee5d27098ba,2026-08-23T15:20:27Z,2026-08-23-3
2026-08-22T11:00,1af417ef1f7f039afba1a52dc9b2f53496f49553c3425956f33576026536b8a3,2026-08-23T15:20:27Z,2026-08-23-3
2026-08-22T11:00,1aff80f68ec71589fd716c5a5cc1ee9111d5b25f04561f91e907743a9ed8e423,2026-08-23T15:20:27Z,2026-08-23-3
2026-08-22T11:00,1b0fb97a4a47f84e084006d58d0336faeb9315b20c92a255b3d322a9631e12da,2026-08-23T15:20:27Z,2026-08-23-3
2026-08-22T11:00,1b14e04e5b07ea2d519ca9a26ed79c5a5fbbbe777d049944d803901c331e9bda,2026-08-23T15:20:27Z,2026-08-23-3
2026-08-22T11:00,1b2240d7e6309041bd5b3ad36ba00967a5bb8fb3627c258e5e02a3f3b2060023,2026-08-23T15:20:27Z,2026-08-23-3
2026-08-22T11:00,1b257354b88be0768ec9241424b0ac9f3ff7cf09f594ccb1560d805fdab0c5eb,2026-08-23T15:20:27Z,2026-08-23-3
2026-08-22T11:00,1b26db38560aa5bcba5537a67ef3f44d7bbb983f739f8333126e8b817a618f56,2026-08-23T15:20:27Z,2026-08-23-3
2026-08-22T11:00,1b288e83884e793fa601162337a6fdc027e1dfcf5b4c4a2ab7852b66906a87a7,2026-08-23T15:20:27Z,2026-08-23-3
2026-08-22T11:00,1b325a2ace582ddcaeeaaeeb86e18715109fb9b134b640b64bdda9a6061adb3a,2026-08-23T15:20:27Z,2026-08-23-3
2026-08-22T11:00,1b3bfc499160a860c820f9e2558ef495cefb8bb5d1eae9caec2ce8555ab8e857,2026-08-23T15:20:27Z,2026-08-23-3
2026-08-22T11:00,1b3e02166ac39d8383aa5eb739fc66e9cec64904a9f03793125c5da411d3e8a3,2026-08-23T15:20:27Z,2026-08-23-3
2026-08-22T11:00,1b410cadf65e0a2af95b38b3d0c19c66bb79779f4df8eaee12e7d00e68c8bc66,2026-08-23T15:20:27Z,2026-08-23-3
2026-08-22T11:00,1b42fbf89088ef0311664cb720dbf7ef77e7353c40423a13cc2036db04a86404,2026-08-23T15:20:27Z,2026-08-23-3
2026-08-22T11:00,1b4b40760d9ebd02f01e4142bd951a48ec9aec9d3b500a2a8cb7a23b1178cec7,2026-08-23T15:20:27Z,2026-08-23-3
2026-08-22T11:00,1b555e620b3576f24f15fcd669e7f4a7d191269cd47a4d21b232e7194d040769,2026-08-23T15:20:27Z,2026-08-23-3
2026-08-22T11:00,1b5948ab02410cc11a7e305a6ef75371dd8e79a8382589a39121b9e0b81a753a,2026-08-23T15:20:27Z,2026-08-23-3
2026-08-22T11:00,1b6018675858c676934d35539d0f6b6870a979503f1ddc47660a7864c19c975c,2026-08-23T15:20:27Z,2026-08-23-3
2026-08-22T11:00,1b667a11f9a62c7482530871a99c5c0c5523e91fcdacb0df077b6d6cff325827,2026-08-23T15:20:27Z,2026-08-23-3
2026-08-22T11:00,1b7dfa23d3aaa30323f3a89d82394be88fab0fdf4890bf49c519d4c3403bcc75,2026-08-23T15:20:27Z,2026-08-23-3
2026-08-22T11:00,1b80be38847e298dd8afbe3c7ab6b328e4440bcb0c68dbf479f95ac41a611cb1,2026-08-23T15:20:27Z,2026-08-23-3
2026-08-22T11:00,1b8e98e5493a67394d6b2ae2a5d18b9961830b58ed479f84f645c354a73e014b,2026-08-23T15:20:27Z,2026-08-23-3
2026-08-22T11:00,1b92308ed2f32c31c40aebdc6c8872e89b6ded3145577e919dd3f4bf123e6552,2026-08-23T15:20:27Z,2026-08-23-3
2026-08-22T11:00,1b92f77d39c206561ebe82fba65c40048531357d15abf3c40c24ecaf366de716,2026-08-23T15:20:27Z,2026-08-23-3
2026-08-22T11:00,1ba2801c79e44bbc5741d73eeb940f41370631237f7f7a1539388f002ecc9948,2026-08-23T15:20:27Z,2026-08-23-3
2026-08-22T11:00,1bab805a5b2cd86fb06468e9b83df7eb7a4676cecbf113353b7c07da156bc492,2026-08-23T15:20:27Z,2026-08-23-3
2026-08-22T11:00,1bb498e8c4334ac42382975e47800a0930be34cc2af62bf0f8158ab65708b20e,2026-08-23T15:20:27Z,2026-08-23-3
2026-08-22T11:00,1bb822f73d9138d70bced006e7ce115e181fac3bfdfd1f0bbaad8e6ad317f749,2026-08-23T15:20:27Z,2026-08-23-3
2026-08-22T11:00,1bb84d50d9acee7104326de05ce776eda47e116ab125b7b54eef487a5f614d84,2026-08-23T15:20:27Z,2026-08-23-3
2026-08-22T11:00,1bc0715be841d7329080940ca6738b6bf01816838688e5cd36e1ee6eb1f77d50,2026-08-23T15:20:27Z,2026-08-23-3
2026-08-22T11:00,1bc8683096b792cac4ecc72025f72895215ac70739de96cef3c6edd2c4051e58,2026-08-23T15:20:27Z,2026-08-23-3
2026-08-22T11:00,1be0789c5deee5666c4bb941fb8f847375595cf9b119d6761f200bdadecb6be4,2026-08-23T15:20:27Z,2026-08-23-3
2026-08-22T11:00,1bf5c9b41bac3c7b630130381a39948a42a807a0b3f8a165905ec8b6f5bae5a0,2026-08-23T15:20:27Z,2026-08-23-3
2026-08-22T11:00,1bfe54909707190512de7b844286d04fc9c5a9a15a436cd9485cfe1975c50207,2026-08-23T15:20:27Z,2026-08-23-3
2026-08-22T11:00,1c03729a460b561604463a0f772bc8614f5aa3d8799791ea365d2be28185a997,2026-08-23T15:20:27Z,2026-08-23-3
2026-08-22T11:00,1c04ad91ef9b439e595c2f0832485fc28e067d1895f134ec2c089c30b0b064a6,2026-08-23T15:20:27Z,2026-08-23-3
2026-08-22T11:00,1c04d5e205f83e52ea8d596a9069b3518c543c1c604a1bddd9de9734bd88e01e,2026-08-23T15:20:27Z,2026-08-23-3
2026-08-22T11:00,1c0e0de2c7b4570f7ae2e89a9e1a36e46a675ea25407295cc9231dc2526a0a90,2026-08-23T15:20:27Z,2026-08-23-3
2026-08-22T11:00,1c15ba7b2446bbd4970097578c96ee246fb33479c8023d4b6a75ed9e35f78d9b,2026-08-23T15:20:27Z,2026-08-23-3
2026-08-22T11:00,1c248ecc2735f04aea68ff48b6a725c01d3e1dc2b88978449d03af1d4bb70c9f,2026-08-23T15:20:27Z,2026-08-23-3
2026-08-22T11:00,1c264aba2cce5d9e8d2244f62bf87d8bca34efafaf322b47b139d94e828ce7eb,2026-08-23T15:20:27Z,2026-08-23-3
2026-08-22T11:00,1c462dd8450d031031a52f8bbf3fbb83b1020aa573aa2d017a5de5ef7516ff87,2026-08-23T15:20:27Z,2026-08-23-3
2026-08-22T11:00,1c46fdf17c79a2f2fd2be301b070a3bd642924a54aff9f1c91b81f0b074d7531,2026-08-23T15:20:27Z,2026-08-23-3
2026-08-22T11:00,1c4bb83bb357c2aa5ead0d861a46a0f183dd3586a9207eeba14f99679b8ffdb6,2026-08-23T15:20:27Z,2026-08-23-3
2026-08-22T11:00,1c657592b9ae9349bd8b1a2654e6fc6df28fc70aca6f71c9d93f253cfa55a2b8,2026-08-23T15:20:27Z,2026-08-23-3
2026-08-22T11:00,1c69efe87e71185984a4c97fff8f6bd5f2ecdad5319f27385be87990d2061ee8,2026-08-23T15:20:27Z,2026-08-23-3
2026-08-22T11:00,1c72af4b9e739e4c716a7a1901a2b89c5bcdd47e9c0b69f5a91d3e238df666a0,2026-08-23T15:20:27Z,2026-08-23-3
2026-08-22T11:00,1c82d2dea0333ca6869fa2da97db68e032e1d1d895b2d75056a589f2d35f9b04,2026-08-23T15:20:27Z,2026-08-23-3
2026-08-22T11:00,1c891efd8e3bb9ca7dedb726cf183c68ba73b3e3324f3c4c0616ffca2349700f,2026-08-23T15:20:27Z,2026-08-23-3
2026-08-22T11:00,1c93d6c1c7251e5ff843fb2982bc81d3484030843143193a3928aceb9a5802b8,2026-08-23T15:20:27Z,2026-08-23-3
2026-08-22T11:00,1c98972dd7538ae21e56dba61baf7fa46dd8127ebb50545ae64672a8bba77a7b,2026-08-23T15:20:27Z,2026-08-23-3
2026-08-22T11:00,1c9b44953320e0b2e76c5e0d0761ab264a01a3a304c594e6bbb21b87c29ddd5f,2026-08-23T15:20:27Z,2026-08-23-3
2026-08-22T11:00,1c9c3eb2b077cf5fab8a92bd469fa86b47801beb5c16f45ddaa684689a6c9028,2026-08-23T15:20:27Z,2026-08-23-3
2026-08-22T11:00,1cae858cf76758105d7cbabfcbb53adea4a6dee666f39b2429adc34ab9d1f13a,2026-08-23T15:20:27Z,2026-08-23-3
2026-08-22T11:00,1cb1b7d454e41853b187d3bd655fafa1aa5290ccc7e432e47beaaa70b4fba255,2026-08-23T15:20:27Z,2026-08-23-3
2026-08-22T11:00,1cb94724584b23b1a330e3ce74c48f8ac7ff736db6bf488a994fe388fc747fd6,2026-08-23T15:20:27Z,2026-08-23-3
2026-08-22T11:00,1d08dbc0ac973865628d9e4bd55522a70a5e0c47eb2c9a108c8af51472b24e1e,2026-08-23T15:20:27Z,2026-08-23-3
2026-08-22T11:00,1d2a72cb515abd324188d896b38178356e7a6c456f664ae2e72a917e0b6111da,2026-08-23T15:20:27Z,2026-08-23-3
2026-08-22T11:00,1d2d44cb50e6b115456042c032734bf0268c70c6f9c025fe3cdb214215990f9a,2026-08-23T15:20:27Z,2026-08-23-3
2026-08-22T11:00,1d4211b001a2f727034ab1bd6d528242441b23da8e271f70d8e645509d302af4,2026-08-23T15:20:27Z,2026-08-23-3
2026-08-22T11:00,1d438a22eedc48fc0bc785eda381223e7e7e72d85fcab627e829170b7093235b,2026-08-23T15:20:27Z,2026-08-23-3
2026-08-22T11:00,1d4475749928e14d06716489c1cafd5cd78bdacfd9322dcbc9110588427f8225,2026-08-23T15:20:27Z,2026-08-23-3
2026-08-22T11:00,1d534598826c7e69945ddd5f0bfe92b58702387ac3c412275f5c96c48b3d2156,2026-08-23T15:20:27Z,2026-08-23-3
2026-08-22T11:00,1d577d3923e1fb6572c004b19311a28598b95e1a02035d15c80ff3771fbf567c,2026-08-23T15:20:27Z,2026-08-23-3
2026-08-22T11:00,1d65b95a04eb4a55b5d07e75ef8af17599548a7baea0ebe43924678d44d8699d,2026-08-23T15:20:27Z,2026-08-23-3
2026-08-22T11:00,1d857c91a476e6c35abd934e8d1a92676c85b5eb47f45519be9e019ac9298081,2026-08-23T15:20:27Z,2026-08-23-3
2026-08-22T11:00,1d8a51d7a47dcdb9f3781f05c25c4fa03cf765c587dae3e04867cb9fc4738809,2026-08-23T15:20:27Z,2026-08-23-3
2026-08-22T11:00,1d929cbd4a798f2f1f29b50a7b8eebeca28cfb24e51f141a0accdf26fc9f2ec4,2026-08-23T15:20:27Z,2026-08-23-3
2026-08-22T11:00,1d991cf6a61b8999204d6e21fc3bd274740de4473ee019bf7b0d607c36e9a002,2026-08-23T15:20:27Z,2026-08-23-3
2026-08-22T11:00,1d994aac4cdc9ee3586f599b89d6fd9bf5a59671e19ddf356e48f6f1ea9fb48e,2026-08-23T15:20:27Z,2026-08-23-3
2026-08-22T11:00,1dbdd72894e598d97f533a0368944915fd6c9df7639d665f80c5d26054f4b4cb,2026-08-23T15:20:27Z,2026-08-23-3
2026-08-22T11:00,1dc5824027254506ac448d497409fe8237204e6f08872c091f17d510c81b823c,2026-08-23T15:20:27Z,2026-08-23-3
2026-08-22T11:00,1dcad5b7534c14f616c84f23cb8eeb89eab09da29500455d90b1622d7941f447,2026-08-23T15:20:27Z,2026-08-23-3
2026-08-22T11:00,1dccf985755d635a78d555ddd22745f21e36a5596781868d2f8dcf6f51ad10d6,2026-08-23T15:20:27Z,2026-08-23-3
2026-08-22T11:00,1de2bb8da1f8180faf0ab82a9c8a31368ae078dea1a7e885f6e571ecbe2e0eda,2026-08-23T15:20:27Z,2026-08-23-3
2026-08-22T11:00,1de911a737aac47419c8192b0b8233e58842ee0dd5c25e6d646f1acbfd4a93fd,2026-08-23T15:20:27Z,2026-08-23-3
2026-08-22T11:00,1df1f0b2fa95349edb57da5ae25bca05a33c9e00657724632defefd951353ce6,2026-08-23T15:20:27Z,2026-08-23-3
2026-08-22T11:00,1e092033d5131ecb2884cd7fe77bf7596961651ea90b4190ef690d4ffcff0dfe,2026-08-23T15:20:27Z,2026-08-23-3
2026-08-22T11:00,1e1709ccc6e5453714ed7f00edbafbad9a6b3a3714e259d7e9f1ed1453747f59,2026-08-23T15:20:27Z,2026-08-23-3
2026-08-22T11:00,1e1d6a3e116dad8dba0f47864d42f7a2e03791064d63b597a7460c97e1eb46e7,2026-08-23T15:20:27Z,2026-08-23-3
2026-08-22T11:00,1e20f5bce25a1f5e8b525d777a28b4b210bbe009f30551a27d30d81b9bbb9cdf,2026-08-23T15:20:27Z,2026-08-23-3
2026-08-22T11:00,1e3ba56918daeb5235b36c36a27a02951abb01ed4d3c70d448cab3bb61e1e36a,2026-08-23T15:20:27Z,2026-08-23-3
2026-08-22T11:00,1e3ebf94e41ebe19793bfa16d9a1ceac171abfb39683d16886169781f84081b8,2026-08-23T15:20:27Z,2026-08-23-3
2026-08-22T11:00,1e3ec3ebea0cf42ab0fba1fc3bd95de5bd1b25e8408266e582059078e0b5b50f,2026-08-23T15:20:27Z,2026-08-23-3
2026-08-22T11:00,1e6342a533ec0aa9fb1a6c2437c6074ca7f29b0e5a7c1cef29940be563696dea,2026-08-23T15:20:27Z,2026-08-23-3
2026-08-22T11:00,1e72823fa822ba401908857e0968461f1adb8009a82258c1cccc21c728fe4dae,2026-08-23T15:20:27Z,2026-08-23-3
2026-08-22T11:00,1e81161a38cd7cedeaa8553e1bac0139de2d1f52a0d35a8d9f37e8d2bf685218,2026-08-23T15:20:27Z,2026-08-23-3
2026-08-22T11:00,1e8f4f2b4130a9a0439ed75c39e272a6233220ca63ba1da6c5e80c27b2164fdf,2026-08-23T15:20:27Z,2026-08-23-3
2026-08-22T11:00,1e9ddeedf8e0320396ae0ce81eacb7da8acb8267b1923272f71cb76f5471a8dd,2026-08-23T15:20:27Z,2026-08-23-3
2026-08-22T11:00,1eaa5743cd6275e6a7a4f31decc52130d372ed237ff271b62345012158f47382,2026-08-23T15:20:27Z,2026-08-23-3
2026-08-22T11:00,1eaffda128d14c64a206e0ef6ebf6da3e3952c0c10494533102f757d1bf909db,2026-08-23T15:20:27Z,2026-08-23-3
2026-08-22T11:00,1ec294ada9f40d0a169e6cf8fa1023812cdb1be3e02ba8996c8955382ac7a69b,2026-08-23T15:20:27Z,2026-08-23-3
2026-08-22T11:00,1ec7b442aba0b8f63f0e2c6ad1ed2f588d96854972a923a87de4188935bde523,2026-08-23T15:20:27Z,2026-08-23-3
2026-08-22T11:00,1ec9f80c23bdb79babf3fdc0778a941e2f05a61d732bf01461ca71d83db7c8c4,2026-08-23T15:20:27Z,2026-08-23-3
2026-08-22T11:00,1ecdad90bfb46efdc460845b123478cf7a6d4931781dbbd3c5f45e618b865828,2026-08-23T15:20:27Z,2026-08-23-3
2026-08-22T11:00,1ee19958e991279907de65dcf80af98cb55273af4f52f3c4001c2ee4dbeef012,2026-08-23T15:20:27Z,2026-08-23-3
2026-08-22T11:00,1ee4f66834544beba6fd919f80b3c7081eaf209dfc61a75833e8d1883c0c94ce,2026-08-23T15:20:27Z,2026-08-23-3
2026-08-22T11:00,1ee76d5a733a6b4cc633a949e994ed92606a0ffa0df342c18a3baacf9e7e5ca8,2026-08-23T15:20:27Z,2026-08-23-3
2026-08-22T11:00,1ef28d2d285a607aa45c2ddb14e4d4b3209a3ad2feb94b01c51331ea74140aa6,2026-08-23T15:20:27Z,2026-08-23-3
2026-08-22T11:00,1ef6a7c9e1ef378025469d17b9e0dd7f347afcda3a0859a438b1ff56d4f233a5,2026-08-23T15:20:27Z,2026-08-23-3
2026-08-22T11:00,1efc3015724fdb0f59f3cb5e11706d03b14f617fbd00a4505647924be56d360d,2026-08-23T15:20:27Z,2026-08-23-3
2026-08-22T11:00,1f061d78e3c2a25ac8991c98477b75def0371d9c7a56f751f3bf668a74d72fc6,2026-08-23T15:20:27Z,2026-08-23-3
2026-08-22T11:00,1f0639271d45a33647d0d6187225e3d97ae30e0d5929a3c6f57928f09d61825a,2026-08-23T15:20:27Z,2026-08-23-3
2026-08-22T11:00,1f07e68d6c15ab9d88094c2a3be7f0ea77e042df6d93f1f3870220112e36d021,2026-08-23T15:20:27Z,2026-08-23-3
2026-08-22T11:00,1f104f2776eebc8bb1722a936a50c9b56a5c9d25aa78d62ced2cac2dff1568ca,2026-08-23T15:20:27Z,2026-08-23-3
2026-08-22T11:00,1f1a789416e2ae0b0bdc5d552873c35c3e11b8334c9475228cfc4cbc71a8809c,2026-08-23T15:20:27Z,2026-08-23-3
2026-08-22T11:00,1f21941037a4eb0a47e02232611ff644b340c567d3f867c40d48556de0851bfe,2026-08-23T15:20:27Z,2026-08-23-3
2026-08-22T11:00,1f2d00cc9373bae4cc54cc988e710f5fbdd611f6bb313d4ca79f2f2ce93fd16e,2026-08-23T15:20:27Z,2026-08-23-3
2026-08-22T11:00,1f35773a2d959ce6b9c2eb6338ac886c6110a762bfbecc3a1c14c351b61bb3be,2026-08-23T15:20:27Z,2026-08-23-3
2026-08-22T11:00,1f38a4461a8b5724adcddb4977ab0dc8ab5d2f708b6a96e7e083b54b56efaf98,2026-08-23T15:20:27Z,2026-08-23-3
2026-08-22T11:00,1f4329b2ad8eb8cdcc27f4cf34c54e98c7da2c1a5a6d2203d16ac34e94efbdea,2026-08-23T15:20:27Z,2026-08-23-3
2026-08-22T11:00,1f51b604f32dd8d00b8281dcc3b477d3fb860f093de47a98eed803dd027f12b5,2026-08-23T15:20:27Z,2026-08-23-3
2026-08-22T11:00,1f627ae4e3d27d7075e4de41beda1b4beb4cf48fed5e354d0ee6f5c5b8c61ba0,2026-08-23T15:20:27Z,2026-08-23-3
2026-08-22T11:00,1f6d4afc853d3d713e2ca66ca56f2e15fa9db9938c6ee0061361433732418db2,2026-08-23T15:20:27Z,2026-08-23-3
2026-08-22T11:00,1f7f575402abed393d8fd787d591f367cbe5937e5dc07d71df5f14d77de8a3c2,2026-08-23T15:20:27Z,2026-08-23-3
2026-08-22T11:00,1f81a1bbb30b363af5b23405bcbb70a174904fde810302ad77c7c2e95c72e339,2026-08-23T15:20:27Z,2026-08-23-3
2026-08-22T11:00,1f8dcc79f8c1c6fe97ad4a7d52dc774010240bb8ae3f807d34877bccb8cde073,2026-08-23T15:20:27Z,2026-08-23-3
2026-08-22T11:00,1f9d06fc3d46e02673ff92eee2c8c03706eb0714d41bad87a1c96145cb96f16b,2026-08-23T15:20:27Z,2026-08-23-3
2026-08-22T11:00,1facb99d1672629081b03a25ff3fc8a660377deb095c262db606925edca57577,2026-08-23T15:20:27Z,2026-08-23-3
2026-08-22T11:00,1fad6f064584a97547f1f7663fddad7c1f5d1ee098e096642bbe11f3d430984b,2026-08-23T15:20:27Z,2026-08-23-3
2026-08-22T11:00,1faeb6d01263ea1fbb879c45969f7c0f8b4b34083157f576fc13748c976a1e1b,2026-08-23T15:20:27Z,2026-08-23-3
2026-08-22T11:00,1fafdb384bdec16332d290f2752cadc2000b10d5074875c7aaeb30e229fd8d53,2026-08-23T15:20:27Z,2026-08-23-3
2026-08-22T11:00,1fb0d2fe33d493a23403f7e81f87db8efd3c7628c24c3c57636d5a70d2196bed,2026-08-23T15:20:27Z,2026-08-23-3
2026-08-22T11:00,1fb1ccf02527b5f605b8667df71226b09fa5f6a4fbb5c0b9a18ad282d1c75b2c,2026-08-23T15:20:27Z,2026-08-23-3
2026-08-22T11:00,1fb8820b9fa3c356e0d71443decc68058f99eb3de7278f16d65dbe9c98b8e422,2026-08-23T15:20:27Z,2026-08-23-3
2026-08-22T11:00,1fc0a908364d67bf1bbd0559416bde3f1e22a2720e5e2aac1d74450a845b15e0,2026-08-23T15:20:27Z,2026-08-23-3
2026-08-22T11:00,1fc8894ba0fafa8ce840a012f0ae84dfd3632abdb8341d3e7ddd9d48d8360781,2026-08-23T15:20:27Z,2026-08-23-3
2026-08-22T11:00,1fe35871e7ae381c79e48f9794fd5bfd100a24274b8fa3646ab1266cd0e6024e,2026-08-23T15:20:27Z,2026-08-23-3
2026-08-22T11:00,1fe4e89bba5940d54e55532da5c0793882ba8566fc2259d4aa77441c9d892403,2026-08-23T15:20:27Z,2026-08-23-3
2026-08-22T11:00,1ff2b49c0f1ebf7c9f58a7e4f4a564c9a941141eaebfbca61e83734e9b1974ef,2026-08-23T15:20:27Z,2026-08-23-3
2026-08-22T11:00,20044a492df7ede403377ebf643a72aaa1cc96e0d860da1339467fd7269f4e45,2026-08-23T15:20:27Z,2026-08-23-3
2026-08-22T11:00,200c3b061f50f42a2da01ee17595018e1e769cfe6112679de65cc1afbdb5bf2f,2026-08-23T15:20:27Z,2026-08-23-3
2026-08-22T11:00,2015b07b78a1afecfd58b7e1d65d0291ceaa973b0db5939711b8104e58957b13,2026-08-23T15:20:27Z,2026-08-23-3
2026-08-22T11:00,2017ae64f864dd3b97010c9f531e52f3031dcfb819278e84086a738985ae9686,2026-08-23T15:20:27Z,2026-08-23-3
2026-08-22T11:00,201a1fd79213ee94eeed9aa41bf00b4596cb8cf6e8619be57f227efaa6cdf726,2026-08-23T15:20:27Z,2026-08-23-3
2026-08-22T11:00,20383a0947db90dd791177dc744ca7415e7833e3e6ceb9cb6fe0a6e1d259ee76,2026-08-23T15:20:27Z,2026-08-23-3
2026-08-22T11:00,203905956ed08d33f837c85fc032bd1b86ab83be97b783061e1181a225811498,2026-08-23T15:20:27Z,2026-08-23-3
2026-08-22T11:00,20396aa0bda3042a3487fd7d4dfb945cd5c1b7c5e47a9df029f22951721769b7,2026-08-23T15:20:27Z,2026-08-23-3
2026-08-22T11:00,2045939a0c8a3a1d5b05381c5f3ca5910b8c34bfe85293831da16806cb3ffdf4,2026-08-23T15:20:27Z,2026-08-23-3
2026-08-22T11:00,204b6e144823e80d92b940b8b70bc539550e203fac4ea0584543daf440c32b21,2026-08-23T15:20:27Z,2026-08-23-3
2026-08-22T11:00,204ed9f52ec0406e85f4833c7b3c7050932503ef28baf334aa3386516260e550,2026-08-23T15:20:27Z,2026-08-23-3
2026-08-22T11:00,20562c3d8ce7953d1893ff72d89e1d7a8a96ab5dd1a75e812d0fbaa2c75a1b1f,2026-08-23T15:20:27Z,2026-08-23-3
2026-08-22T11:00,205fa8d1c7e461ad807d31c10c3a4e7705d2328b268b93af92bde9db827f3417,2026-08-23T15:20:27Z,2026-08-23-3
2026-08-22T11:00,206693b9e7bb878daf86ab2c9a5e8251191718175ffc9529efa119719ffd2323,2026-08-23T15:20:27Z,2026-08-23-3
2026-08-22T11:00,206f98e7cd66588dfc3265574b4c877a8ebe3bedae7e53bbd370a591c70a826c,2026-08-23T15:20:27Z,2026-08-23-3
2026-08-22T11:00,206fbb827a363cd3e75eaaeb7e704639da7b0d6ebbe42e7fa435ba416633cd46,2026-08-23T15:20:27Z,2026-08-23-3
2026-08-22T11:00,207e45d1010145864c1e0812ef26b390da07de37a48687a062be4144b62d192c,2026-08-23T15:20:27Z,2026-08-23-3
2026-08-22T11:00,2081c76ea2b4319d2ba2d2e7c3497864155d048cffa9189942716d931999642a,2026-08-23T15:20:27Z,2026-08-23-3
2026-08-22T11:00,209c29bca2873af23f017b2ed86ecdecd585ae8f81248c835c4c8390cbb2e507,2026-08-23T15:20:27Z,2026-08-23-3
2026-08-22T11:00,20a11497fbbeadbafb5e6ee17374e0a7d511f3455e6ccc894e2e67a6817499fc,2026-08-23T15:20:27Z,2026-08-23-3
2026-08-22T11:00,20ad106519e5bc50b5bec723a4a1b84751cce0fc64a6f9a1016bd522d273c988,2026-08-23T15:20:27Z,2026-08-23-3
2026-08-22T11:00,20ce230026063020409b18f02be75da7d6c5e6ad9b3c3563f8700830eadb1e9a,2026-08-23T15:20:27Z,2026-08-23-3
2026-08-22T11:00,20df3eb0c8a587197d4c10cc05f4f69f3b2406dfe4d042aa2bd839f3cba8227b,2026-08-23T15:20:27Z,2026-08-23-3
2026-08-22T11:00,20e34cbfb714919ccbb0f11103e3ca1ee2fb664dc913bd603a11790866518152,2026-08-23T15:20:27Z,2026-08-23-3
2026-08-22T11:00,20e4089b4976e60b1889e8c799fcd93c25d4611576c2607728a026cc4cecbc29,2026-08-23T15:20:27Z,2026-08-23-3
2026-08-22T11:00,20efb0c7532123f0630b84e1174a8d3d73ff302cd6728c2452bae9e2a46064c8,2026-08-23T15:20:27Z,2026-08-23-3
2026-08-22T11:00,20efbaa21d7bdb12d0126119663a06be1b249d48f5d49e00050761580fae57b3,2026-08-23T15:20:27Z,2026-08-23-3
2026-08-22T11:00,20efc82ae0505d1451a08781b0f879c63830010f923e6a9089427cc876527ab5,2026-08-23T15:20:27Z,2026-08-23-3
2026-08-22T11:00,20f039c104950935105135b9a28fb07ddcf266e0276b503d4ee5a3a6c866e178,2026-08-23T15:20:27Z,2026-08-23-3
2026-08-22T11:00,21066da02501416e9cfdedc2e16a293f049808fb135546186840efb54519bbca,2026-08-23T15:20:27Z,2026-08-23-3
2026-08-22T11:00,21203a15a22ffd95a2a10a5d593940f5cf4f76c859aea1e965e09a799a4c97b3,2026-08-23T15:20:27Z,2026-08-23-3
2026-08-22T11:00,2121f89a615698299939c106d39120b62989dbf9b096342e89279c9c07d6cc24,2026-08-23T15:20:27Z,2026-08-23-3
2026-08-22T11:00,212a353b8729f56376b36beda5c93552a1d1d8ed975ad2f6dc3d9a572a3cc01d,2026-08-23T15:20:27Z,2026-08-23-3
2026-08-22T11:00,212f765399d5460a6b7cfd39d481b12323ecf75856c6b1020b3137ccd51036e1,2026-08-23T15:20:27Z,2026-08-23-3
2026-08-22T11:00,214d3ee85d3ba3e78abd2a801dabbc06dc7dc84fa106e3049b968f702132d17f,2026-08-23T15:20:27Z,2026-08-23-3
2026-08-22T11:00,21531ea4460bd6f208f06e729a2f5b65179d5a1e23c68b4543b92b4a769d3b84,2026-08-23T15:20:27Z,2026-08-23-3
2026-08-22T11:00,215e3d50fb8cb931b50c66f2be9c57bc998be54c7e4ac7091ca7c844f61a2d50,2026-08-23T15:20:27Z,2026-08-23-3
2026-08-22T11:00,216d1f008ba339de8550d30eacc5310b0d8914b819ccc9ddeabca2ecd034c450,2026-08-23T15:20:27Z,2026-08-23-3
2026-08-22T11:00,217de0cb0bb7ec4c1e7471495836214e0f94fd755bdbd9c165759a277a0260f0,2026-08-23T15:20:27Z,2026-08-23-3
2026-08-22T11:00,217fd05e95bba073bfaf2c49a0df4321a395b6134d16d30184abe14c99a0d706,2026-08-23T15:20:27Z,2026-08-23-3
2026-08-22T11:00,2185d810d9fc361d76dc50a2c1a7330cedc2c6a9bf73ba0f0d0d297126779f2b,2026-08-23T15:20:27Z,2026-08-23-3
2026-08-22T11:00,218fe8559da088d45952c190b4980cd1313348f603e3aaf956aa82fac2056f0b,2026-08-23T15:20:27Z,2026-08-23-3
2026-08-22T11:00,21a49ca07e1a5d6efcf2ac6a976a7798cf915544adcf546a5e066e23a6d8bd19,2026-08-23T15:20:27Z,2026-08-23-3
2026-08-22T11:00,21a696b4db46b3f604f927061628bc1b66523658e3c13eb46a4f543082838d0c,2026-08-23T15:20:27Z,2026-08-23-3
2026-08-22T11:00,21ab16ba81c0fb8d385e521774834e3b8c419fb52077a18a82204df830ca86fb,2026-08-23T15:20:27Z,2026-08-23-3
2026-08-22T11:00,21b0842f98ec05c2d96561de4c7e0051656e0c04624849dcdba8097ede93cfcf,2026-08-23T15:20:27Z,2026-08-23-3
2026-08-22T11:00,21bb6bc72623016f643cc8ea1094302a176b2636e018873983808a48695c9dd8,2026-08-23T15:20:27Z,2026-08-23-3
2026-08-22T11:00,21bda3565be4bee09e8f165b626faa75d4107b69b6f3e88c7e36dee949c23e2c,2026-08-23T15:20:27Z,2026-08-23-3
2026-08-22T11:00,21bea048e5fe2a079e0e1f733c7fe6c2297aa0d081889ed2baae776115df492e,2026-08-23T15:20:27Z,2026-08-23-3
2026-08-22T11:00,21beb911d2caa914bd273e0f2644b32c0ed8ef72445a20cacc34dfa1fbb5faa1,2026-08-23T15:20:27Z,2026-08-23-3
2026-08-22T11:00,21c89ba52cadf2d5a20a3dc1be757b734fb23af61a4903a87bf72f8dee029a94,2026-08-23T15:20:27Z,2026-08-23-3
2026-08-22T11:00,21d667d4b44d480b6e06f5ac377cab1a4ecedc51d6b892c16abbfcb953a7518e,2026-08-23T15:20:27Z,2026-08-23-3
2026-08-22T11:00,21d756de4daeb2ac1769baa5ee351c0374334c2332e6c9c6698adfe8a3b67872,2026-08-23T15:20:27Z,2026-08-23-3
2026-08-22T11:00,21e7b844b6d323d27b0417db529e8c84920468892732a4825a8143f5456de4c8,2026-08-23T15:20:27Z,2026-08-23-3
2026-08-22T11:00,21f021b063755f7582bdb2e27c078194e519dced4b424af562d4f11206bc23bb,2026-08-23T15:20:27Z,2026-08-23-3
2026-08-22T11:00,21f4c696a46c93c62cf9dfeb4c9370ee41fc587d160b7898a9ee8f9714e53e7f,2026-08-23T15:20:27Z,2026-08-23-3
2026-08-22T11:00,2207a1b2fa244cd193f8f47ecfd2b89bd0cfcbad11c80d6efcd97806deb0bdea,2026-08-23T15:20:27Z,2026-08-23-3
2026-08-22T11:00,22240808ca3eb2c201bc42c0dc87db2f669557cd3826e8537a2414f45e5de165,2026-08-23T15:20:27Z,2026-08-23-3
2026-08-22T11:00,2231047b075ed463105e09203ee21b281d4620ecd306be52bf7211cb43e53f4d,2026-08-23T15:20:27Z,2026-08-23-3
2026-08-22T11:00,22404f1913aefe6fa3e62f3b335f9101ffc740f24d2834bed5937c7cc82bfaf6,2026-08-23T15:20:27Z,2026-08-23-3
2026-08-22T11:00,22405ea1e27b33a112e5993768ccd8037502e8807b567c66afebae15a259b5d8,2026-08-23T15:20:27Z,2026-08-23-3
2026-08-22T11:00,225d68e0385baa4535c9a5399c27e35d3e53161735a4dfaab8195c79cdfe7b49,2026-08-23T15:20:27Z,2026-08-23-3
2026-08-22T11:00,2266c9d76b1868155b461842c7c9533dcddae020a7cbb46102d03f47758089de,2026-08-23T15:20:27Z,2026-08-23-3
2026-08-22T11:00,2268a53bdcb077913d88cdfc0219597d4d60540c89856611715cd14903a0e171,2026-08-23T15:20:27Z,2026-08-23-3
2026-08-22T11:00,2271f5a8ed7299dabdf4806c04e8297f4df7020def626c5177b5a29c6f1fa72a,2026-08-23T15:20:27Z,2026-08-23-3
2026-08-22T11:00,2294ccc4bdc1c48d307dba5c54ef948a6c3c6d986ba14ee2e65a91734778593b,2026-08-23T15:20:27Z,2026-08-23-3
2026-08-22T11:00,229a7b8ac5601c4c836468cf2f4b7c26fca446d54fa4d8d805541f08b19c257a,2026-08-23T15:20:27Z,2026-08-23-3
2026-08-22T11:00,22a29dbdfac4841505eb9c05d8726c8bef4f7b200e5e9ec2a2331384553b1419,2026-08-23T15:20:27Z,2026-08-23-3
2026-08-22T11:00,22a8caaeed5f36de74be108b6adcecdb97446ab0aea503397a0b6c881364d85c,2026-08-23T15:20:27Z,2026-08-23-3
2026-08-22T11:00,22af76ba8acb3cd3df1dac81b755d808e3e9a719435f8ac55b9fe02b0c3db250,2026-08-23T15:20:27Z,2026-08-23-3
2026-08-22T11:00,22c2ff8bad8cfd85b49cffce90ee95128b4cc5c8b213a831da43e944b35eb804,2026-08-23T15:20:27Z,2026-08-23-3
2026-08-22T11:00,22f524cf064dacee6ccf5f0f8d3be2e2b516e9225b44147a389ebd2da9909ceb,2026-08-23T15:20:27Z,2026-08-23-3
2026-08-22T11:00,22fafc561b6b459722be9bc5b4bbca9bb9d562e481f9c34e9e200d4c2a314af6,2026-08-23T15:20:27Z,2026-08-23-3
2026-08-22T11:00,2300199b42277251453c9db29cff9530382c4bd5bc4c88fddd2194c04eff8d03,2026-08-23T15:20:27Z,2026-08-23-3
2026-08-22T11:00,230a8088103d9e1ff9c3c480697a2efc6ba499e352539827a71ea875854c4b51,2026-08-23T15:20:27Z,2026-08-23-3
2026-08-22T11:00,2311872e0907397d2fa232a99eff8a53eff68b5329015db3be52900555b9605c,2026-08-23T15:20:27Z,2026-08-23-3
2026-08-22T11:00,232aec4b27d474386d1ec7e4b40e0778bc6ffcc4e604a5b456cf349e759574a7,2026-08-23T15:20:27Z,2026-08-23-3
2026-08-22T11:00,2336bd72a5eee1dcad56c41ad3e3d3cd47bef0522520497a06007650a57e2358,2026-08-23T15:20:27Z,2026-08-23-3
2026-08-22T11:00,233b7c790be1aa7298a6f406661c34f37d2e2c0d946705316fa31b67f11efd0b,2026-08-23T15:20:27Z,2026-08-23-3
2026-08-22T11:00,233e437b9925c3915ac3c7e2fa4b54c521b4f5cec094cf366e81efc3173fb78b,2026-08-23T15:20:27Z,2026-08-23-3
2026-08-22T11:00,234257c8592f95d6df1946ca850260158daace25afa69521fcde566d40bf41dd,2026-08-23T15:20:27Z,2026-08-23-3
2026-08-22T11:00,23428e0c920287ba29cf95eeeab66b4da3501474c2ab8dbd9e392507060210a9,2026-08-23T15:20:27Z,2026-08-23-3
2026-08-22T11:00,23433eeac2152c5b1dd9dae9117012a0816f151de145eda2702a2082a02c8dc7,2026-08-23T15:20:27Z,2026-08-23-3
2026-08-22T11:00,2345e09c4df4b82586c121e80c9f796c4788832b499d9996475c4d56e5e7c9c4,2026-08-23T15:20:27Z,2026-08-23-3
2026-08-22T11:00,235324d0dfd7912713002c6832a6c84a44ff434304584ae814125ded9a1efd2b,2026-08-23T15:20:27Z,2026-08-23-3
2026-08-22T11:00,2354f4adeedd249abc7c9806cc7bdf50da13994b2f150f63754b64684209b027,2026-08-23T15:20:27Z,2026-08-23-3
2026-08-22T11:00,235fa230d8103318ceecd98d1c0f446430e16476bd14eb2cb5167b58203f331f,2026-08-23T15:20:27Z,2026-08-23-3
2026-08-22T11:00,2362245b3edefabecbef9d39db502af199137214f98ff38f483488c1cf69796e,2026-08-23T15:20:27Z,2026-08-23-3
2026-08-22T11:00,23624d66f30a35877de93ef159989da4fe30d9227a14a84f26a33035849e89a0,2026-08-23T15:20:27Z,2026-08-23-3
2026-08-22T11:00,236cab33c7d5ffe92d38a4f08f8068a3cbf59924932c6fcc23b50ffa82356269,2026-08-23T15:20:27Z,2026-08-23-3
2026-08-22T11:00,236dc01fe211765d33aa3d13418635d505979a86127ef87c36049303a396f25a,2026-08-23T15:20:27Z,2026-08-23-3
2026-08-22T11:00,2373abb65d3bd09e3c1a2460fa3ecd2df570c86584eb2a7b2e21495206e6c8ac,2026-08-23T15:20:27Z,2026-08-23-3
2026-08-22T11:00,23797477bdc223e3031cd08cf0db2253a3f6907c8669429edc8eae1320fe6738,2026-08-23T15:20:27Z,2026-08-23-3
2026-08-22T11:00,23808b9c238370c239203c91cc855321ab738501b2ab54241fa54201a17d8d12,2026-08-23T15:20:27Z,2026-08-23-3
2026-08-22T11:00,238dd9d30994fdc61f61712ba71044cf2953fe7d47dfa6978202900b72f405f8,2026-08-23T15:20:27Z,2026-08-23-3
2026-08-22T11:00,23961741b0abfe31c0f1b9798385cab638dabd7c5da9ccc1985de54d840674c3,2026-08-23T15:20:27Z,2026-08-23-3
2026-08-22T11:00,239b19875b6de52eddc47b3e456270e96af4d61d109907a4a1fde905009e1c01,2026-08-23T15:20:27Z,2026-08-23-3
2026-08-22T11:00,23a1ffa214aeb862967e5c22becc264c6bb4a25ecf111f2ef36b6a9a0db93e52,2026-08-23T15:20:27Z,2026-08-23-3
2026-08-22T11:00,23af3169bdf637bd00d4fd0d9497f4115c2fad528699902c750fe18373b5d1e2,2026-08-23T15:20:27Z,2026-08-23-3
2026-08-22T11:00,23af3d848ca4a4fe4d68131725d929f91b5472bc74370bcf7214ef987251c37a,2026-08-23T15:20:27Z,2026-08-23-3
2026-08-22T11:00,23b1197c74335456a9552d5a5661cf050c548ca7ee725da5e63d6be172adcf52,2026-08-23T15:20:27Z,2026-08-23-3
2026-08-22T11:00,23b4e41fef86e967e5f92acd64999776d8c0025a0278b0cb8bb5114fd12d575b,2026-08-23T15:20:27Z,2026-08-23-3
2026-08-22T11:00,23ba8d075f3004d243a7d948230aba1538b7a9231cf16b8c8ffa56ee4d480172,2026-08-23T15:20:27Z,2026-08-23-3
2026-08-22T11:00,23ccd9ff0c11ef81ec2380b190cca16b9bf8060ea7b88f5f2fe29d03a80c6c2f,2026-08-23T15:20:27Z,2026-08-23-3
2026-08-22T11:00,23cf867aa590ea10ff0e1a8c47cc10e1b3fbef51978e0b3a40b61e2e7c85a55a,2026-08-23T15:20:27Z,2026-08-23-3
2026-08-22T11:00,23da649a467cf5b64a3d9d2e4231969b93ec29577d182179213e736daff476cd,2026-08-23T15:20:27Z,2026-08-23-3
2026-08-22T11:00,23e4002bcc00db48691eba31182880f8dc15228becd710b662fb25925253f53e,2026-08-23T15:20:27Z,2026-08-23-3
2026-08-22T11:00,23eb001d7d038892078167271e08d485dbbd27d24524c2d004d135055af6dac5,2026-08-23T15:20:27Z,2026-08-23-3
2026-08-22T11:00,23ed916334cb1a1ae91b8727ab25ed1248a3f7e182b447d6309bade330efb694,2026-08-23T15:20:27Z,2026-08-23-3
2026-08-22T11:00,23f4b582412dd7b204147d8bb2d7ee80d82dccb27907d701e19eb6a9866cc24d,2026-08-23T15:20:27Z,2026-08-23-3
2026-08-22T11:00,240433a20c6d48b012391ff7cc66fead785e5b0ac5e091e0a8ab67b7acb41aca,2026-08-23T15:20:27Z,2026-08-23-3
2026-08-22T11:00,240a05c02f85d4da60dcacd7970187c87be613e2ccc53cea394d050d981c486c,2026-08-23T15:20:27Z,2026-08-23-3
2026-08-22T11:00,241e11de0c8be9297638e1b151b81dbe034540ac6a553e2e956948980626d840,2026-08-23T15:20:27Z,2026-08-23-3
2026-08-22T11:00,241f77b203d9900c34d141caa1759877002197ba5913f076c442c79ee1a720d1,2026-08-23T15:20:27Z,2026-08-23-3
2026-08-22T11:00,242677b16f274495c21a27d90451df294f344c7bd52ec1c994f9f5233fb1afe1,2026-08-23T15:20:27Z,2026-08-23-3
2026-08-22T11:00,242d43c54bedc8f0cba29c41b05f14e71371afbeb70619be5546398259280f3e,2026-08-23T15:20:27Z,2026-08-23-3
2026-08-22T11:00,242f749ebf43eb02513cfb1ce312697ee79bc4b9e664c9419d31b3bae2b25e98,2026-08-23T15:20:27Z,2026-08-23-3
2026-08-22T11:00,2437e107d5f972d27871d0e9445365b292b2fe38d3c887e8d01e517fd0c65487,2026-08-23T15:20:27Z,2026-08-23-3
2026-08-22T11:00,2447ecf5a2857e8695a6994699d63f8b5236e73af238cbc5404744240bda3f18,2026-08-23T15:20:27Z,2026-08-23-3
2026-08-22T11:00,245090a346396aaa6a3dffa7daba3104ad11db4ca9b0e78c6162f8bd065c865b,2026-08-23T15:20:27Z,2026-08-23-3
2026-08-22T11:00,2457cd39369bd9fa22fdbf0b1db59caa755415b3e1e1b5cb667f023ea6433309,2026-08-23T15:20:27Z,2026-08-23-3
2026-08-22T11:00,245831e8ff051d9bf9967c6427be846131668abd3505ab3e441b79176a332c43,2026-08-23T15:20:27Z,2026-08-23-3
2026-08-22T11:00,245f2369638eed068dc999f6d932e93cd2cebc52c515162b590e873ca5c492e6,2026-08-23T15:20:27Z,2026-08-23-3
2026-08-22T11:00,247324a6d137edef9b4c017a644a61addb0dcc8dd8073a444adaeb6d319ffa79,2026-08-23T15:20:27Z,2026-08-23-3
2026-08-22T11:00,2477810f3a691ff3d69c63571cab0a14d2f745916ec1845659399df16e096df7,2026-08-23T15:20:27Z,2026-08-23-3
2026-08-22T11:00,248519037a7deb0158806f9e876e03acfee09c0d5b304c48b3ff4327ba854b71,2026-08-23T15:20:27Z,2026-08-23-3
2026-08-22T11:00,248d329fc2f16b4f2d551a927bee6ccedd022cde3bf0db57447334a85ad53a7b,2026-08-23T15:20:27Z,2026-08-23-3
2026-08-22T11:00,2499c6bc21b340fd0f15552dc767050ba59f0379bb6fdcf6e70d196035912d4b,2026-08-23T15:20:27Z,2026-08-23-3
2026-08-22T11:00,249a5e1ede4df4c078023a6f0eb49ede54fb5bdd187586ea50eee351b3c1007c,2026-08-23T15:20:27Z,2026-08-23-3
2026-08-22T11:00,249bc18eb86f5e2c373371ea3485a5149df2cb2e971bd0325c28679e799f5b6e,2026-08-23T15:20:27Z,2026-08-23-3
2026-08-22T11:00,24a3a25dc8580e9e51d46e7730f18d9d83112f9986c2da66d0261b58f839dc20,2026-08-23T15:20:27Z,2026-08-23-3
2026-08-22T11:00,24a3c172de484200700965435ba59946cc59775be15d5d74fcf62353f1f2180f,2026-08-23T15:20:27Z,2026-08-23-3
2026-08-22T11:00,24b4e43f047d156b9e96a9f4197f1609ad2c26dd9a2521ea6715d013c8ea768c,2026-08-23T15:20:27Z,2026-08-23-3
2026-08-22T11:00,24bc39ed487b311108aeef758e3b3baab48d44107aeb44ebea2d6cba9c961c8a,2026-08-23T15:20:27Z,2026-08-23-3
2026-08-22T11:00,24c358a0da3a63ca0119742611d6f8846d7fe57c269d9cf2607fcdf947fe96d5,2026-08-23T15:20:27Z,2026-08-23-3
2026-08-22T11:00,24cb1873b9d2d37a522c8f721aa6b24632b7cbe4a01458bd059fd036226d2268,2026-08-23T15:20:27Z,2026-08-23-3
2026-08-22T11:00,24e18d4203097e40efe665bf2e2078e6fe41b4102b0ac82d982ffcfb6b92ff19,2026-08-23T15:20:27Z,2026-08-23-3
2026-08-22T11:00,24e95717a24df80c12e24a15eb2ad610a2dd2ad1e347ae560b44ef4e1e3e461c,2026-08-23T15:20:27Z,2026-08-23-3
2026-08-22T11:00,24eda5a27de23e3648ddbac13ef1b572c8b9ab72864a0abdd484030cd31e9abe,2026-08-23T15:20:27Z,2026-08-23-3
2026-08-22T11:00,25001ee07686a3044fffbfc9e1cd2750ab7fe18c761dcc8a3800ac71d488051f,2026-08-23T15:20:27Z,2026-08-23-3
2026-08-22T11:00,25190e22af4ca3a60ce594ac72098c252bb12aa61f317521ee446d671b859c14,2026-08-23T15:20:27Z,2026-08-23-3
2026-08-22T11:00,251f6337f181cc09a2f4779e8e0d8580cfbdb1648690b521c3c7374c2fbedfd5,2026-08-23T15:20:27Z,2026-08-23-3
2026-08-22T11:00,252c415aa1de06427231673f9ed41cd01012e06bf473baec778847b172e8df75,2026-08-23T15:20:27Z,2026-08-23-3
2026-08-22T11:00,25326d6830073e1ec6517e7c319598b8d7bf25a2979930e02706b43ca9bc6405,2026-08-23T15:20:27Z,2026-08-23-3
2026-08-22T11:00,2544947eaf9794b4e89fb51abf579b57fe94f80d6c2789b7e2aefcac9a782231,2026-08-23T15:20:27Z,2026-08-23-3
2026-08-22T11:00,25505e303fd770794866fae682c2202d0c2920b991e5619e1990a7da768662b0,2026-08-23T15:20:27Z,2026-08-23-3
2026-08-22T11:00,255c75e0fde77bdd87e9785f4bf3ff36a41f91db54b6fa5fac0dcd0e1b533640,2026-08-23T15:20:27Z,2026-08-23-3
2026-08-22T11:00,2567b73cab22f822ab6f9fc0ed294a78e21cb58c6dc0ac971cf9ba46c6b2d9e7,2026-08-23T15:20:27Z,2026-08-23-3
2026-08-22T11:00,2582595d10e57ccb7c450ec0c95bb1fe09f4e859f60d160d81a0394e2bccf567,2026-08-23T15:20:27Z,2026-08-23-3
2026-08-22T11:00,2582703e7be5b5a89cd6f46bee31ffa191b54a0ab972761e5cd3c05d3bd4a02b,2026-08-23T15:20:27Z,2026-08-23-3
2026-08-22T11:00,2586d7bb9197b33483538cdcba592a3bf1d15b87429b21d648ab948d31fbf01b,2026-08-23T15:20:27Z,2026-08-23-3
2026-08-22T11:00,2591423e4ded6d6e812bd01a58cb3f80db56a548c210e4a564dd9371f94efd1d,2026-08-23T15:20:27Z,2026-08-23-3
2026-08-22T11:00,259482c2834abf12988016d8232795625eba4a4faa68e020872893caaf5be7d1,2026-08-23T15:20:27Z,2026-08-23-3
2026-08-22T11:00,25a1ae064c28e8b1d05ffd7c6a2e792348b6aaed5e10c8651a390b6a5a4699fb,2026-08-23T15:20:27Z,2026-08-23-3
2026-08-22T11:00,25adcaa1c831fe23ba3fe7569d490c5ab54ea916647e094e48c6f94f036eff28,2026-08-23T15:20:27Z,2026-08-23-3
2026-08-22T11:00,25bb4d5a5c0d595ba43196581b4c1de04f942b45cadf47c9bc566ac32d985015,2026-08-23T15:20:27Z,2026-08-23-3
2026-08-22T11:00,25bebd12c6ffa54af9fe893ff66dfd50995d5724ca3dcdb2c02103b15666e0c1,2026-08-23T15:20:27Z,2026-08-23-3
2026-08-22T11:00,25c2e4f3571f2939838dea6c3cbc43028b55fa4f17067d6985bbdaf75fcea03b,2026-08-23T15:20:27Z,2026-08-23-3
2026-08-22T11:00,25ce618e01972c639551e56a10752f285a70e5d9a86b2ab7746d801d3807e131,2026-08-23T15:20:27Z,2026-08-23-3
2026-08-22T11:00,25d3a406c2eef5b81a955bc105e98a535620547d6eb96281787112649c0d133f,2026-08-23T15:20:27Z,2026-08-23-3
2026-08-22T11:00,25d433fbea9ffdf08f36e47d71dd2b5401d47b5659ca2eb1d841b0807749f09c,2026-08-23T15:20:27Z,2026-08-23-3
2026-08-22T11:00,25e141fd02c9e561491c18b9df711bb3d007f7860ad7e5be10b091ecfd78f50b,2026-08-23T15:20:27Z,2026-08-23-3
2026-08-22T11:00,260e4e81512f65c6398deee211b38f246bc5c669440e45da8ef1648b9c913d3c,2026-08-23T15:20:27Z,2026-08-23-3
2026-08-22T11:00,261da7885473f2ee4d10302a4ae4e79b42b14a0f78f6ce59afb36b62dc0fab56,2026-08-23T15:20:27Z,2026-08-23-3
2026-08-22T11:00,261e19d2e770e3226b7637433685fe4ffdc62a0f6bef83d89ea65fd3defbd9f3,2026-08-23T15:20:27Z,2026-08-23-3
2026-08-22T11:00,262c1758f8f61cfce1e2023f46c8ebde8da54e6c9e2be555350efc5049e1b220,2026-08-23T15:20:27Z,2026-08-23-3
2026-08-22T11:00,262e214eac3fe9597b0124f8084565da713da791dea1021f0f92ee57d30d22e7,2026-08-23T15:20:27Z,2026-08-23-3
2026-08-22T11:00,263c2043f1c3113e3ab2b204765bddc1da423d44d0daf75aa22eb2b65535f86b,2026-08-23T15:20:27Z,2026-08-23-3
2026-08-22T11:00,2642181720c925ca2460f5f8a56d7d0486cc34301b342de8d4ec571fe7937996,2026-08-23T15:20:27Z,2026-08-23-3
2026-08-22T11:00,264226bac9e122ac770193391b55cc6e12cb991e68163f45684f3c14ee553566,2026-08-23T15:20:27Z,2026-08-23-3
2026-08-22T11:00,265c6a0134aba9b6d5ff886a2c1062b903d9dc8f0af87700b1f7d6960b8f6865,2026-08-23T15:20:27Z,2026-08-23-3
2026-08-22T11:00,2663447b0d5d981f4182ff67fa6210b670a172c9ab351a7e03a51c1050ec06f9,2026-08-23T15:20:27Z,2026-08-23-3
2026-08-22T11:00,266aab371b5631eee8af56b3ff17370faa1a3936f095639b7d95eb99dbe24a59,2026-08-23T15:20:27Z,2026-08-23-3
2026-08-22T11:00,266f2c36cbc45ba749a99b6d6abbf43fc5b917ad340a895d894da688e7e189d3,2026-08-23T15:20:27Z,2026-08-23-3
2026-08-22T11:00,26cac67090219df52b95f14c0c936551c938e7352d3292f317b5d5f8d36591a5,2026-08-23T15:20:27Z,2026-08-23-3
2026-08-22T11:00,26cfff6190f97396e9ae5f2b0f3504a7439ef2f7e0aa162368f24bd51d7367f4,2026-08-23T15:20:27Z,2026-08-23-3
2026-08-22T11:00,26e6855bb4312d33cf485bde17f5c3f81874d1767ec924fca0b6e4c780085b22,2026-08-23T15:20:27Z,2026-08-23-3
2026-08-22T11:00,26f9fed64e26d1e3d76d24e607fd36afcf5318e31f33b09471cffb6a26eb95dc,2026-08-23T15:20:27Z,2026-08-23-3
2026-08-22T11:00,2700025a185e7f6eb2253ff36bd5fc7316619109db8b62c2298ce2a5e9d8872f,2026-08-23T15:20:27Z,2026-08-23-3
2026-08-22T11:00,270262b3426624723b51ff5760e91f4a55412e047aa006cb9ffdf1cdd31b5bc8,2026-08-23T15:20:27Z,2026-08-23-3
2026-08-22T11:00,2703843031163bc06256479ba6d789e7e7e7cc557364f996b8b37e0f67f0f69d,2026-08-23T15:20:27Z,2026-08-23-3
2026-08-22T11:00,270547ce959c425e57585c599399bff996130921a9186984b24aca0d06e1e734,2026-08-23T15:20:27Z,2026-08-23-3
2026-08-22T11:00,27058663f57885e0f1c31dc2e15c16e845ef28875b8421b92ae177a7f6555490,2026-08-23T15:20:27Z,2026-08-23-3
2026-08-22T11:00,27094283cc508a20b7413f63343e980a87277306355ef60144124250e207a2d3,2026-08-23T15:20:27Z,2026-08-23-3
2026-08-22T11:00,270d3d654cb48c5349a07d30844728973af04bbfdc208828453e5abc6b7a0687,2026-08-23T15:20:27Z,2026-08-23-3
2026-08-22T11:00,271f10b74adde2bed2c8e7bf1c58a60ba4e4f63155410f86a26d959650908473,2026-08-23T15:20:27Z,2026-08-23-3
2026-08-22T11:00,2724563bfad32eac9f2afd0b91ba0bec22267e7b6622e6790d1006d7d56611c3,2026-08-23T15:20:27Z,2026-08-23-3
2026-08-22T11:00,27297a80fac035bb463fd63db87eceb0145c5ae0009b9462311d6390d8e4d508,2026-08-23T15:20:27Z,2026-08-23-3
2026-08-22T11:00,274169efddf4ce96f1eb06abbcdd6983c367a83da0677bf09f62450f3cb33a49,2026-08-23T15:20:27Z,2026-08-23-3
2026-08-22T11:00,274bb05560ce98569f19c2280a6c88ab3f122f4a2bff5755924913fb531ed430,2026-08-23T15:20:27Z,2026-08-23-3
2026-08-22T11:00,274bb7bcf9a2b038eaf67af69b663b9d985e8be0d2471a04486eb697b802ae60,2026-08-23T15:20:27Z,2026-08-23-3
2026-08-22T11:00,2772cc5e3e92c51b7f2a5a7dde766b2d00906fa23e500f8fd383c81574775750,2026-08-23T15:20:27Z,2026-08-23-3
2026-08-22T11:00,27870879434904650fc8a5adfabfb321445d2850bfaa5575912184f09f288c8b,2026-08-23T15:20:27Z,2026-08-23-3
2026-08-22T11:00,27894495e1ddec53ee7829cbf6695f68be7873a0d5225d0f3ad3e977033a0173,2026-08-23T15:20:27Z,2026-08-23-3
2026-08-22T11:00,278bb62a8c6efbccd18d7b0566203d35627e8c4039b641941e99defd40b31652,2026-08-23T15:20:27Z,2026-08-23-3
2026-08-22T11:00,2794d873739fa54b066d59e55357afdfc7fd876c8deafcde5cd620d0216ecc7c,2026-08-23T15:20:27Z,2026-08-23-3
2026-08-22T11:00,279ad923876ae125157fe1273b91b90f17ef92449447c9a887ac1b7f40ba4fe8,2026-08-23T15:20:27Z,2026-08-23-3
2026-08-22T11:00,27b5d4a05cfbb42c912671413c8297c6aa7b6394c3b2f8c32aecbd49ee2e9278,2026-08-23T15:20:27Z,2026-08-23-3
2026-08-22T11:00,27ba2b261436f523aa985b993a863e4104c8d7047222f074229acdfb62d14a41,2026-08-23T15:20:27Z,2026-08-23-3
2026-08-22T11:00,27d219dd79b5e1d1b433bef5b138a07949314111ed296bb071358b5413d79d33,2026-08-23T15:20:27Z,2026-08-23-3
2026-08-22T11:00,27d8c25e9d352f3919695e9e878274b3cf64131a3d43b66549e252bad3b2183f,2026-08-23T15:20:27Z,2026-08-23-3
2026-08-22T11:00,27f9f07d16e32a08e9a0965106634dfd12b0ba5a5b9b8529331b30611017954d,2026-08-23T15:20:27Z,2026-08-23-3
2026-08-22T11:00,281396d0eace67323a0c884ec5e0a0ab072381f7b8c5a26a3fba686e0021bb92,2026-08-23T15:20:27Z,2026-08-23-3
2026-08-22T11:00,281bce2e0d939bd9ec4810524d2b77d4cddce2ecb6a07bb2e41409d1cef8bb10,2026-08-23T15:20:27Z,2026-08-23-3
2026-08-22T11:00,2820a795b2794eff473346472d9e5c0bffc2a4c604f542639d12b65190159a35,2026-08-23T15:20:27Z,2026-08-23-3
2026-08-22T11:00,282322d2b21dfef6a2055042e38c6a3f6a4fdd646520c87c07d1f9f4413b495e,2026-08-23T15:20:27Z,2026-08-23-3
2026-08-22T11:00,2851a9b9a12bce1823d75a8e8649c1af8772f66552fd572da106757525e828b6,2026-08-23T15:20:27Z,2026-08-23-3
2026-08-22T11:00,2857a007700e70240d8e91e96c8c3173c8f142034504dfd1d8eec85310d4ada1,2026-08-23T15:20:27Z,2026-08-23-3
2026-08-22T11:00,285d241d3c9b324443bfc88b4f8933dfb5e0b380149ec4888e77cbfccbe9639a,2026-08-23T15:20:27Z,2026-08-23-3
2026-08-22T11:00,286a7ed67e1f423bfce448883f3b255b154481cb3dddf991802a279a5a49edb5,2026-08-23T15:20:27Z,2026-08-23-3
2026-08-22T11:00,287a6bf6715408113f4b07838f5470831277deee7077fe92d8ad5b790f14f539,2026-08-23T15:20:27Z,2026-08-23-3
2026-08-22T11:00,288dc1f2b7856868875c613ea73a45d48428151dca94a31c8cd271d731454856,2026-08-23T15:20:27Z,2026-08-23-3
2026-08-22T11:00,28902da70997a10fe945c51fa32d50b73cfb64c3031dd7b0de9e0c0a846d5f3f,2026-08-23T15:20:27Z,2026-08-23-3
2026-08-22T11:00,289fd0795eb91ba0d7ea5ef2c4aa582d9d06ec03ddb456f62395a3874f13bff2,2026-08-23T15:20:27Z,2026-08-23-3
2026-08-22T11:00,28a6cf36231d272a2a63f1816bad7a3aae7fe79fec789f02509bb0b230e0430f,2026-08-23T15:20:27Z,2026-08-23-3
2026-08-22T11:00,28ad9e7aa86bac9bb72f332d1a67ee440a8bfd514f74a2199a9a3debed7b62ba,2026-08-23T15:20:27Z,2026-08-23-3
2026-08-22T11:00,28adad6ac48b8ef49f43b7b1781d044ed2da263d1261f4d89f0f63831820ca5c,2026-08-23T15:20:27Z,2026-08-23-3
2026-08-22T11:00,28b4eebb44f3661c670b96dd040ea71fdc6183de96c6849d25b10cc783d00279,2026-08-23T15:20:27Z,2026-08-23-3
2026-08-22T11:00,28e29333ddf0e244b568da60f1f4c24357a04a6dcc4512611ddfaf1f2ad339fb,2026-08-23T15:20:27Z,2026-08-23-3
2026-08-22T11:00,28e92195e37d7cfc7f97ed723232acbcf6b0310463c39a896bcaa00cfd4c0e5c,2026-08-23T15:20:27Z,2026-08-23-3
2026-08-22T11:00,28f00c34bd97b22b8dd1e186d9ae66a2044d9215bb4e971a5b4b91b63e3a26c2,2026-08-23T15:20:27Z,2026-08-23-3
2026-08-22T11:00,290f2ba99bd9ee19281ef6128700a196deb501ba7b0703fa8495dea83c24f2aa,2026-08-23T15:20:27Z,2026-08-23-3
2026-08-22T11:00,291e40b45005feaab2dcc6daa6c4fa74edf54b01c686d0e735590092ef0eb6ab,2026-08-23T15:20:27Z,2026-08-23-3
2026-08-22T11:00,2926a86da115733b393195398b33371ea7df9d9c2a62a7bcb2777f5bff5a9842,2026-08-23T15:20:27Z,2026-08-23-3
2026-08-22T11:00,292e5d6a0b4bda79fee1069763b0253ce09f71380d043352c7655b10a4f160b1,2026-08-23T15:20:27Z,2026-08-23-3
2026-08-22T11:00,292f2a0fd81deb2ad80b9d90fb78b5ba7152826738e5e8ae7d6e3ff1ef584327,2026-08-23T15:20:27Z,2026-08-23-3
2026-08-22T11:00,292f631c6a64d1a189a400a241f540f76d2a1af1c7eb8ea9d078a72bd286f7f1,2026-08-23T15:20:27Z,2026-08-23-3
2026-08-22T11:00,293c12df9bdf5bc18e06cb65e873d96d06ccb91b78011bff8ec68f18f327e517,2026-08-23T15:20:27Z,2026-08-23-3
2026-08-22T11:00,2946b66907102eb63595c6121d9fc43ac7f5cc1d2652a2116f003d710e77669a,2026-08-23T15:20:27Z,2026-08-23-3
2026-08-22T11:00,2951d9bdee23fda2bee7f81b6a69718a1de8c612bcd18ba7db374028f53bacd2,2026-08-23T15:20:27Z,2026-08-23-3
2026-08-22T11:00,295f81ca0151e095fb6ee2c4cda71c7f231f7f56e32accec575fc3eae10cc57e,2026-08-23T15:20:27Z,2026-08-23-3
2026-08-22T11:00,2981585470029e7b0924bfb8b548a46972aaebb322d83e2df6794130e2ed1c70,2026-08-23T15:20:27Z,2026-08-23-3
2026-08-22T11:00,298e5cc3eb0ae7650844ffb1d124bcbae2b16461129413abf8fd397f36c60d41,2026-08-23T15:20:27Z,2026-08-23-3
2026-08-22T11:00,29b0e61ec6cd1ed38342bd3f0d233e41901ac8706bcd8411d89efe21c8f9b7d6,2026-08-23T15:20:27Z,2026-08-23-3
2026-08-22T11:00,29b77d0064dcf3242df9f291caff44409bc4f1c46010f71e761703d3aba3ac9e,2026-08-23T15:20:27Z,2026-08-23-3
2026-08-22T11:00,29c722590571cf06af177c63b3645061aa7a4a6a009dfc8c15fb04abd415adf3,2026-08-23T15:20:27Z,2026-08-23-3
2026-08-22T11:00,29d5fa67e64397563968e558c79ca9e250dcdccf644bc6f61d79b4e648f46ddf,2026-08-23T15:20:27Z,2026-08-23-3
2026-08-22T11:00,29d9cfec160595dad8f1842516c5fce187f36d9d1f730c89f1f1114ca38ce207,2026-08-23T15:20:27Z,2026-08-23-3
2026-08-22T11:00,29debb455d0e2afa5268be21d1b70784e7c9814495fb6bece28f01b4c34b992b,2026-08-23T15:20:27Z,2026-08-23-3
2026-08-22T11:00,29e5c54564200d5a1b935d3a897b9a2d7f0dd2f72b2aaa01b99d26d3944bef6c,2026-08-23T15:20:27Z,2026-08-23-3
2026-08-22T11:00,29e9a8b1a6b24042f16522fbb687e05c6c208f2914830d42f38663b028528dbd,2026-08-23T15:20:27Z,2026-08-23-3
2026-08-22T11:00,29ef5907b112d10e819483fa92ab8401acd60350a12ed44ce7e70bfbebdf7d44,2026-08-23T15:20:27Z,2026-08-23-3
2026-08-22T11:00,29f37c1598117e08bf603dd7f85717b5885a5ff66e4ed998481791ea892ed175,2026-08-23T15:20:27Z,2026-08-23-3
2026-08-22T11:00,29f7851f5ae1974e40c9a2c6129fbeaeba1c4dc839697d9141e7fe39c8a03519,2026-08-23T15:20:27Z,2026-08-23-3
2026-08-22T11:00,29fa4eedd9eb82ef5a05c3bad621831a562872d4ed8bc0e8339dbbc81fe4cfec,2026-08-23T15:20:27Z,2026-08-23-3
2026-08-22T11:00,29ff6fb816f0a351bd1a1252a6955c5bc79a2b35ce5021f7712d565ceb357988,2026-08-23T15:20:27Z,2026-08-23-3
2026-08-22T11:00,2a035e89a5e03e8e719e366aa27f81d050ebfb5505b49bacadb63b0415c5b0ee,2026-08-23T15:20:27Z,2026-08-23-3
2026-08-22T11:00,2a0618695f6143caa102dad6eed350f4001b88707979c58b6801133d5f509ed9,2026-08-23T15:20:27Z,2026-08-23-3
2026-08-22T11:00,2a08e1745a20f989a56760e82db2f564bbd28a9192eabfeb18886b878cf03fe7,2026-08-23T15:20:27Z,2026-08-23-3
2026-08-22T11:00,2a10c00011b4431af7af9592340ca4f41653b8afe460a34b3fb9d436beacad01,2026-08-23T15:20:27Z,2026-08-23-3
2026-08-22T11:00,2a12efc8814924f2e78f3436776b283e1060c1a99d40183054e593c77fc6bcab,2026-08-23T15:20:27Z,2026-08-23-3
2026-08-22T11:00,2a130d77f6f1877e7731a4f8b8ce16481e859d93b9f21d6a55e20324adf275b9,2026-08-23T15:20:27Z,2026-08-23-3
2026-08-22T11:00,2a1ea524d8e777e0187ad63922dd0c6218b2a1ad3c266210268d1767b51f885b,2026-08-23T15:20:27Z,2026-08-23-3
2026-08-22T11:00,2a1f089b1e4a51b9af2d6b7fde96527c84c7eba1820c95ebac8ec09bcb30e8a2,2026-08-23T15:20:27Z,2026-08-23-3
2026-08-22T11:00,2a45b8c36351d8ab1d8fc82f0adfbb7ce8016e4369d228d4f72dbada5c315abf,2026-08-23T15:20:27Z,2026-08-23-3
2026-08-22T11:00,2a5c0cad5d8b2f9d8e4a65a1f9a6b8a448a2a46b92e808a3d233f6af6db02405,2026-08-23T15:20:27Z,2026-08-23-3
2026-08-22T11:00,2a68ba8d810c13a6c7e09e35783066fe0dc136587548f5d1e51187a3c27b7858,2026-08-23T15:20:27Z,2026-08-23-3
2026-08-22T11:00,2a6999bc8c1adf455891133b8cc8cc1fb3cec0363c9cb7316e2ebbb02bc39163,2026-08-23T15:20:27Z,2026-08-23-3
2026-08-22T11:00,2a7f8f72cafe54a78a43716f17e5fecc07069231750eaaad8fe26674a21bfd5b,2026-08-23T15:20:27Z,2026-08-23-3
2026-08-22T11:00,2a9b3db5885f55d3b02a3a6cf747fe4c7848b932222d759dcb7d61440f8c5978,2026-08-23T15:20:27Z,2026-08-23-3
2026-08-22T11:00,2aa12dc15156103ac9437392911cd8760887e203953ee321fe74dd857e08198a,2026-08-23T15:20:27Z,2026-08-23-3
2026-08-22T11:00,2aa7e747964e595a290697e080593670ac2f861144ad47e11e65bdf0a115a135,2026-08-23T15:20:27Z,2026-08-23-3
2026-08-22T11:00,2ab4d5d0844b710528293e855a31264e2916293f00bdddfc8700f829ddbf534e,2026-08-23T15:20:27Z,2026-08-23-3
2026-08-22T11:00,2ac752dfaa362b4b2183af869dc2534756c857a2798efb906b73f7a363bc321c,2026-08-23T15:20:27Z,2026-08-23-3
2026-08-22T11:00,2acca951e1a0cd3d81fa450389333d77d72f2126dcb7d0a39d32459185dd90f3,2026-08-23T15:20:27Z,2026-08-23-3
2026-08-22T11:00,2ad19afa2c9f8c7b0b7b214546929a276a71d050f9f4c88ebf523bd99709fe87,2026-08-23T15:20:27Z,2026-08-23-3
2026-08-22T11:00,2ae155e6b2bf450c54c0e96e73a5f71f95657e5a417b9e63f64d2e2b12960341,2026-08-23T15:20:27Z,2026-08-23-3
2026-08-22T11:00,2ae1d2f111028131d78ac8042d5b6c8c4fcde177ff23147e67ba86d8a8f7dc5a,2026-08-23T15:20:27Z,2026-08-23-3
2026-08-22T11:00,2ae3590a0d085afadd19db3151058a999632b5b6646a32148e778872d30fe171,2026-08-23T15:20:27Z,2026-08-23-3
2026-08-22T11:00,2af44440ee984e793d7fe18d7ed14893a9eae23afd61871a5bf7b8f4a4d01dff,2026-08-23T15:20:27Z,2026-08-23-3
2026-08-22T11:00,2afdbd3b2ce650945d0a23adc37430260affd270dcc14e76accbe970605ee2bc,2026-08-23T15:20:27Z,2026-08-23-3
2026-08-22T11:00,2b010dfe6bb7ccba3cf8def17726a5610d45d90c57ffff5bf5fd350ee99a7673,2026-08-23T15:20:27Z,2026-08-23-3
2026-08-22T11:00,2b08fe8146456f900426fbfbd630495f0c9c0a1f983df5a9e0b15ec642f2ec6b,2026-08-23T15:20:27Z,2026-08-23-3
2026-08-22T11:00,2b132b9f05ef7a4e30d593cff7b7d9e81929ac356830292487c2504645e669b0,2026-08-23T15:20:27Z,2026-08-23-3
2026-08-22T11:00,2b1cdadf29a6b873764fde88e83118c3ba934abe5312dcf8eaf6458d6cd46ee1,2026-08-23T15:20:27Z,2026-08-23-3
2026-08-22T11:00,2b1d262831b74af156da07a8feccac759ac185dd56657515bf4afbb9fdfcb711,2026-08-23T15:20:27Z,2026-08-23-3
2026-08-22T11:00,2b1ea71bf0b9ebc053c755abe31b4daec582c8a18c33a9de05c0f111bc3dd41d,2026-08-23T15:20:27Z,2026-08-23-3
2026-08-22T11:00,2b20a8623e337127048f0d029f4dfe51230b69a63b20b1f4b48449b61c1b3ff5,2026-08-23T15:20:27Z,2026-08-23-3
2026-08-22T11:00,2b296c0f2bce927ce1da72120c65febd223e4e3d0f44efe7899591d1fac9477c,2026-08-23T15:20:27Z,2026-08-23-3
2026-08-22T11:00,2b32eedea2ca3ae817ac284341873c65f38a239465633289363ffd880cefb286,2026-08-23T15:20:27Z,2026-08-23-3
2026-08-22T11:00,2b36a292016e0f8378b14c52a00d1aac01d62b5c63f0fd6bcaf2245197f348fb,2026-08-23T15:20:27Z,2026-08-23-3
2026-08-22T11:00,2b454fe5d283148bdff8869b0b5e18e056536db6203326ab0a6fc0e6971eb502,2026-08-23T15:20:27Z,2026-08-23-3
2026-08-22T11:00,2b4d6530670d8e37ac658c49dc4e6bc2cefda737b17b2c71eba6df485fdcc287,2026-08-23T15:20:27Z,2026-08-23-3
2026-08-22T11:00,2b52797f98af31951605937a7322e96e5142e6e081841548ae85befbefb18ce5,2026-08-23T15:20:27Z,2026-08-23-3
2026-08-22T11:00,2b542b2a14cf6887c8404366a16471d3d3048e7724dbe7be48ce95be77382753,2026-08-23T15:20:27Z,2026-08-23-3
2026-08-22T11:00,2b58db418474dbcbc4a67039d27a2c68be4fcbaf1b180cd2341b673d91f24857,2026-08-23T15:20:27Z,2026-08-23-3
2026-08-22T11:00,2b5b528ede1cd05b46577ea77baef282a22930d7ecfecbc4e9eab056945413ac,2026-08-23T15:20:27Z,2026-08-23-3
2026-08-22T11:00,2b6c9cfc295aea3beac97f11004d02554b38b1e00681ffd2d94b3f8b78a74443,2026-08-23T15:20:27Z,2026-08-23-3
2026-08-22T11:00,2b76a01192ab39abb15af9d52f335c25419000db57602da980bfecc1edea70c2,2026-08-23T15:20:27Z,2026-08-23-3
2026-08-22T11:00,2b796672f60d154e9940b9f55030aaa9c21676283b0c441c830aaa8b89495f6b,2026-08-23T15:20:27Z,2026-08-23-3
2026-08-22T11:00,2b837339b9ee9aacbd29970120e2de626f6b83844df850c73b9dbc8b6e7f4cdb,2026-08-23T15:20:27Z,2026-08-23-3
2026-08-22T11:00,2b843178b595da18c2f65b18a49219557a0e3de7c60e2c03757d4d8d68e9aa2c,2026-08-23T15:20:27Z,2026-08-23-3
2026-08-22T11:00,2b8ffe7ec84d82872d6c3c4b65abccda3c42e1f509174d141bacf569e81e486f,2026-08-23T15:20:27Z,2026-08-23-3
2026-08-22T11:00,2ba61e5bdbbc0400c7686726e7a487cac3aa43080db95bebd0fca029ed11c01b,2026-08-23T15:20:27Z,2026-08-23-3
2026-08-22T11:00,2bb1f23c008b4cfee259c7c2af87e683823f97897ff07dc46f028f55bbb08c57,2026-08-23T15:20:27Z,2026-08-23-3
2026-08-22T11:00,2bc03e3311dee30cebf09d74f10f66c3022ffab8fba9283332deb3640cad9835,2026-08-23T15:20:27Z,2026-08-23-3
2026-08-22T11:00,2be647c55564e1f23b2296edb5b28a42da69134ffc67260701e49c1ba7e037c2,2026-08-23T15:20:27Z,2026-08-23-3
2026-08-22T11:00,2bed90ad161a12553e9f53db917d2a924caebc1dced774128933135f8ef4cf3a,2026-08-23T15:20:27Z,2026-08-23-3
2026-08-22T11:00,2bee5eae2fd55facd509a6d47a4925741128db9e4d426a3ee0f33f7175dd7b0b,2026-08-23T15:20:27Z,2026-08-23-3
2026-08-22T11:00,2bf25cb976558ea08ce676bc1bd80ddad9efc632c5be06b4eb533ae3deb792cb,2026-08-23T15:20:27Z,2026-08-23-3
2026-08-22T11:00,2bf3a62c3de2ae9119b066f806bcd280ba1bd707bd5ebfd3e020c8cacc7cf292,2026-08-23T15:20:27Z,2026-08-23-3
2026-08-22T11:00,2bf83d805bf90a6dd6a855a40d845470fdb0f31b1acdd6e7ea5a82fd8d6fddc9,2026-08-23T15:20:27Z,2026-08-23-3
2026-08-22T11:00,2c1bb9239aa30e1e2aa8c6997668136d96f87ec188a15cd35e93399ad4bdcf39,2026-08-23T15:20:27Z,2026-08-23-3
2026-08-22T11:00,2c21657cc943f64c5c8a4586ca18e957ffe36a85f94c80d34bf81586df296d53,2026-08-23T15:20:27Z,2026-08-23-3
2026-08-22T11:00,2c38d2f354face65464f5e1323832343f85d6fbb6e0d4bf77d73ea07fc90b17f,2026-08-23T15:20:27Z,2026-08-23-3
2026-08-22T11:00,2c686db14c2a9aa6a3c643abeaeb0ddab7430a3f570b138ebe802065fd6f1e8c,2026-08-23T15:20:27Z,2026-08-23-3
2026-08-22T11:00,2c6ea06598215be68645b326fb01f377efcd0c5b700b561f9ce46310c8dc0555,2026-08-23T15:20:27Z,2026-08-23-3
2026-08-22T11:00,2c7c48667e82799ccb4f49ad6a0f3aceaec42affe109650ddc5e611ab4e577a6,2026-08-23T15:20:27Z,2026-08-23-3
2026-08-22T11:00,2c89cede3d83e95c80396c0f55ca2b8df5c91438a733a88d5e53d3706613ae23,2026-08-23T15:20:27Z,2026-08-23-3
2026-08-22T11:00,2c8e7994af93815a6f1fce3fefabe557b2c5753d519c54b9c5ab2840ab67b12f,2026-08-23T15:20:27Z,2026-08-23-3
2026-08-22T11:00,2c92848a3bd36cc7e31b9f438910a0897a017104eab21af1d190e6a1164b528a,2026-08-23T15:20:27Z,2026-08-23-3
2026-08-22T11:00,2c9c73e590111f8d9b31a9b878713ba9e7ee715daf77db01739cdaed5d39a6da,2026-08-23T15:20:27Z,2026-08-23-3
2026-08-22T11:00,2ca1b3992d82fa4c3c167b6075ccd2b12cae5c8f000a32950725161405ae86a8,2026-08-23T15:20:27Z,2026-08-23-3
2026-08-22T11:00,2cae3df5b44652a8d773361fb7fc0183af202086c35d3a2bee3959ebd9ed023a,2026-08-23T15:20:27Z,2026-08-23-3
2026-08-22T11:00,2cb0912b2aa5562e5504ea0f9a49c5e61b313494e4534e8c8d0af644677768b6,2026-08-23T15:20:27Z,2026-08-23-3
2026-08-22T11:00,2cb80c022d1bed488fd613fc76e56dd4a08b8130ca861643ee77d078c95b7048,2026-08-23T15:20:27Z,2026-08-23-3
2026-08-22T11:00,2cc5c4196ea5635541c22ebce190640ec2c5a5995d8aece807877dbfcca79bac,2026-08-23T15:20:27Z,2026-08-23-3
2026-08-22T11:00,2cc75063d0d1dfc19cfdb300ff96635440e6a8ce0b72d073c8c7cd5f9b0625e1,2026-08-23T15:20:27Z,2026-08-23-3
2026-08-22T11:00,2cd10252971bf80886c5ac468aaee42a38c8f26dcc9edccffa11185498703a1c,2026-08-23T15:20:27Z,2026-08-23-3
2026-08-22T11:00,2cd4b642530736ad0258000b79f8c90d4a55b16797e79f49b85cabf7f9b78972,2026-08-23T15:20:27Z,2026-08-23-3
2026-08-22T11:00,2cdbd9d33b101b477eb4ce5a960c3d1efecbb045d3b4c7806e7546db2e653ffb,2026-08-23T15:20:27Z,2026-08-23-3
2026-08-22T11:00,2cdfd9c283a5fd6ec6b6c1bda1df8849caf89eb3958c9643cd6c06881c0355e6,2026-08-23T15:20:27Z,2026-08-23-3
2026-08-22T11:00,2cea1f2ef9e0bcc526177d264773c81bf3ca948bbe18df977c7a2ec6e27c6883,2026-08-23T15:20:27Z,2026-08-23-3
2026-08-22T11:00,2ceeb658a408c4ccb694bd31f6ca3a9adaf1afd413be5e8a46d36f6c737b2e2e,2026-08-23T15:20:27Z,2026-08-23-3
2026-08-22T11:00,2cf7cb6b76a91a31f41c25e0c58fddd723a75173820df440684897f902fe7704,2026-08-23T15:20:27Z,2026-08-23-3
2026-08-22T11:00,2cfbea4a1e46f539f316c1ad806123c9d2c4620fdd5008b5d3c1af36076ecfd3,2026-08-23T15:20:27Z,2026-08-23-3
2026-08-22T11:00,2d134659d4de90af66b995f7593295112d44b2b741423087dd0da4cbacadb778,2026-08-23T15:20:27Z,2026-08-23-3
2026-08-22T11:00,2d154aa9635bed7487b8f59256a9f0c211ac6691b315213e88b87691ec13e395,2026-08-23T15:20:27Z,2026-08-23-3
2026-08-22T11:00,2d247043498472e1a36a9148c75f9b041797dbd934fcc3398fc2c6100b2875f0,2026-08-23T15:20:27Z,2026-08-23-3
2026-08-22T11:00,2d377fe5d4b156654cee1a80603a357edd716a6ae2bc1289d90cee8ab9da4cab,2026-08-23T15:20:27Z,2026-08-23-3
2026-08-22T11:00,2d3885a14cfb0cf6e874596f34e750a83b2c8d2a10f6e17e9d6ce23ae7279c03,2026-08-23T15:20:27Z,2026-08-23-3
2026-08-22T11:00,2d3a533e91db8cea0f4829aa6179a7c8167df5ee3e385ef78bcb0c3567b40b8e,2026-08-23T15:20:27Z,2026-08-23-3
2026-08-22T11:00,2d481805907175c983289892fa8bcb85b0412a532b304a6bd69fa8a8e52d25c4,2026-08-23T15:20:27Z,2026-08-23-3
2026-08-22T11:00,2d538aab901e151b76e9ff8f840dd347781a22f14b6b93978d960c9754a99002,2026-08-23T15:20:27Z,2026-08-23-3
2026-08-22T11:00,2d6622764daac4f384b510d53971ddca79ef3ffef507a8bc258bccd8d55c7b6e,2026-08-23T15:20:27Z,2026-08-23-3
2026-08-22T11:00,2d6c85bd3e8673cf6c78479645a34d7917b44ab910282c48832bc5f0ca073f39,2026-08-23T15:20:27Z,2026-08-23-3
2026-08-22T11:00,2d6e55fa2000038c56f480937537bde4f134c733872a726875cfaab68f76dfd1,2026-08-23T15:20:27Z,2026-08-23-3
2026-08-22T11:00,2d90197d96166b4d1d7f7c119dfe03945ad532893d9ddecdac8ec00ae80aae4e,2026-08-23T15:20:27Z,2026-08-23-3
2026-08-22T11:00,2d97ff0ebf90561e646618e4f84e7a298221a1f63c9be5dd538260a4892eb9d9,2026-08-23T15:20:27Z,2026-08-23-3
2026-08-22T11:00,2d982a053b20fc04fd61fd76fe18d5de3beec3c82078f5679d859b6a32b4aa4a,2026-08-23T15:20:27Z,2026-08-23-3
2026-08-22T11:00,2d9b2aa26e18bdeea0304c9afbc4fe199ac6dc0c62e35e9a915b60973fd8977b,2026-08-23T15:20:27Z,2026-08-23-3
2026-08-22T11:00,2da1daaccaedddbfaa67ae392ca60c64b1a0b3be0eaae1cf539f37f06e8538ad,2026-08-23T15:20:27Z,2026-08-23-3
2026-08-22T11:00,2da37d54db352a43189af8579961b0f539ec9646843ad506854ec29f4a81ed46,2026-08-23T15:20:27Z,2026-08-23-3
2026-08-22T11:00,2dae2ac97e267b9edab6f74f3515c31320b7e88fcc04ce2ed49978ea1f5fcffc,2026-08-23T15:20:27Z,2026-08-23-3
2026-08-22T11:00,2dca0749116fa9e44df1a4e4fa067e7fe314b39df2f2c2f9f7856a8a9b298553,2026-08-23T15:20:27Z,2026-08-23-3
2026-08-22T11:00,2dcbf62e8d3d058969a929a8515ea3ddbced64811df489a10f4a669493f61441,2026-08-23T15:20:27Z,2026-08-23-3
2026-08-22T11:00,2dcff35b3f95a3ee53db667e06fb88d6d7abd85284a8e8bd2d1f3a7d4037dd88,2026-08-23T15:20:27Z,2026-08-23-3
2026-08-22T11:00,2dd0e9bf5ec926f9a162db94817174f2f7190ea3c9790f0ee24369dc84a2376a,2026-08-23T15:20:27Z,2026-08-23-3
2026-08-22T11:00,2dd5b559836082962f42f14fc50d0fb6e78e078e979618026a25e86de6eb6103,2026-08-23T15:20:27Z,2026-08-23-3
2026-08-22T11:00,2de27f4d2d66921c830219c69bd6df33a1ab811cda6e54e15921e36d97ef1bb2,2026-08-23T15:20:27Z,2026-08-23-3
2026-08-22T11:00,2de76809a5988efa5e8bfb8d1a395822a05ebaad1638fa4b9385a75168f02c8c,2026-08-23T15:20:27Z,2026-08-23-3
2026-08-22T11:00,2de7d1660cf5fc44c25f0175774544c5e470b6bc68762ffc97afb04bc68f2926,2026-08-23T15:20:27Z,2026-08-23-3
2026-08-22T11:00,2dfc72794bbe6e7d2a54cc48d3c1deaf301d5f4227ab6955d53e3e8ea093cca4,2026-08-23T15:20:27Z,2026-08-23-3
2026-08-22T11:00,2e1571c23182d4959b1853cb7e4cf608213d2b7c7b7deb9794de818ef9a3e540,2026-08-23T15:20:27Z,2026-08-23-3
2026-08-22T11:00,2e1b40a6ed4ae3d58b464e2a8c79d83235d53432e065637f5fd3c7efaf1fe9a4,2026-08-23T15:20:27Z,2026-08-23-3
2026-08-22T11:00,2e1f29b50d98a2b5df9308636c162a3c50d5eb0d1fbd3a76399333a5b101207e,2026-08-23T15:20:27Z,2026-08-23-3
2026-08-22T11:00,2e297cf400e7d42e20feb31fc2281917e65c50f0836a4469d905d343ea72d7f7,2026-08-23T15:20:27Z,2026-08-23-3
2026-08-22T11:00,2e3121de084a78863e9865220cfaa188ad88320361ecfabfb8e6361c28628478,2026-08-23T15:20:27Z,2026-08-23-3
2026-08-22T11:00,2e37463f881ef9fea86241ee6072a8945e118bae83294d491069c1d716ca4373,2026-08-23T15:20:27Z,2026-08-23-3
2026-08-22T11:00,2e3f230b9aaf598cebdb47b7589fa5d67c390859fbc8b9d21f03bb110b07dfa6,2026-08-23T15:20:27Z,2026-08-23-3
2026-08-22T11:00,2e4aaf90e0c70724b0d798988f22e1827c00de71cb7faf42250f3808f4eb2564,2026-08-23T15:20:27Z,2026-08-23-3
2026-08-22T11:00,2e5ba513da95d2de32c9acd2193aab272f12c38a354af19e3228c2aca14e1c69,2026-08-23T15:20:27Z,2026-08-23-3
2026-08-22T11:00,2e63df7eb5c0796ec6fed4cb8d24fba5fe855ff2ee412f8c1128a10a0c0852b3,2026-08-23T15:20:27Z,2026-08-23-3
2026-08-22T11:00,2e6ba3fa1d983057cd587723e31c62e53691a3bfb0cc26876d2b25df31703739,2026-08-23T15:20:27Z,2026-08-23-3
2026-08-22T11:00,2e6df774bbf3af288e77d293c636cd9b793a163bd7bb939c548acfadb27e72ea,2026-08-23T15:20:27Z,2026-08-23-3
2026-08-22T11:00,2e6fb0d49d4276f79e39f7277f74de2ed50ef47bfdf63ff797af5433111826da,2026-08-23T15:20:27Z,2026-08-23-3
2026-08-22T11:00,2e893b16877a0e341dd6469c700f351bfb4c548d2db7d272faae94f6d442a444,2026-08-23T15:20:27Z,2026-08-23-3
2026-08-22T11:00,2e98ea123d3a9b9fb75234ff1456ef9fc836f9f232501b9b44acd10f0ad8ff2f,2026-08-23T15:20:27Z,2026-08-23-3
2026-08-22T11:00,2e9a8e39da8b7b203b00eda29ac354e7a954d4eb1b281cbaca2e7c73e6fc73ab,2026-08-23T15:20:27Z,2026-08-23-3
2026-08-22T11:00,2ea98f967f637084ccae4365bc9cc29b1da659b5272406e0ba8bb9db54ad68d1,2026-08-23T15:20:27Z,2026-08-23-3
2026-08-22T11:00,2eabae43dc21aebf92fdd2624fa67975d0b57e4e46ca5ed1d3aa6a725e674e3c,2026-08-23T15:20:27Z,2026-08-23-3
2026-08-22T11:00,2eb45f9da48f3a47d08967deaba74ffbb05f742f02ea3c482d67ed7e03f02aff,2026-08-23T15:20:27Z,2026-08-23-3
2026-08-22T11:00,2eb5bcc3ad88b97ec36616da4492f783e0b7188871f20dd0ee456f000c78f604,2026-08-23T15:20:27Z,2026-08-23-3
2026-08-22T11:00,2eb8ec196e4ea2bf2b0356e42fe9ec3c332cf803683fb5f63ef398887f5aa3b9,2026-08-23T15:20:27Z,2026-08-23-3
2026-08-22T11:00,2ed2e3bd58858bb7319dc0eeedf4d86c46d3bd6623263899413feffc967a7243,2026-08-23T15:20:27Z,2026-08-23-3
2026-08-22T11:00,2edd5eb6d2607e83b5b66182b314527763ade2e8163da29b3176fe71c7fdbc75,2026-08-23T15:20:27Z,2026-08-23-3
2026-08-22T11:00,2edf38a720597d8a2ac7627994f0d0b36fc2cda59c107dfd1c83b293077795b4,2026-08-23T15:20:27Z,2026-08-23-3
2026-08-22T11:00,2ee1101a5042f9e9f9af1217c0ef5ce3978ab55f2a1465de2ba5e3558508f1e1,2026-08-23T15:20:27Z,2026-08-23-3
2026-08-22T11:00,2f00013902a29bc1e23dd248bb0d6a75ee356bf38627fa0f8884731fbff27534,2026-08-23T15:20:27Z,2026-08-23-3
2026-08-22T11:00,2f08e4e6033d833759fd784d25c7c8859e4525dfbc808acc97e9443c74d7985e,2026-08-23T15:20:27Z,2026-08-23-3
2026-08-22T11:00,2f094532b467ac7f798830a643e04588b637143875cf23a4c3b193b0783a03f4,2026-08-23T15:20:27Z,2026-08-23-3
2026-08-22T11:00,2f2d250f7b2e219f5b565554fa57a7901274340aba648e3dbfd05fd879f9ded8,2026-08-23T15:20:27Z,2026-08-23-3
2026-08-22T11:00,2f4c360f2e7dc8d03358faef89d9177a326ff180138f2e36d9e9697b838f4341,2026-08-23T15:20:27Z,2026-08-23-3
2026-08-22T11:00,2f4f54ff8650df8d7e51eaca05899fc692191295b87fa341831110dbdddfb89a,2026-08-23T15:20:27Z,2026-08-23-3
2026-08-22T11:00,2f6e8f891c0a8aeb6b5ffd5f362ee458dde4999901273a682b70bf0c3fb9e6bf,2026-08-23T15:20:27Z,2026-08-23-3
2026-08-22T11:00,2f734457f259c0c89d06c39c011c27b5dadb96b4bb507314834edb72034c67a9,2026-08-23T15:20:27Z,2026-08-23-3
2026-08-22T11:00,2f7aef4f698a20195007c6199f8837d915a984730ef5801d794f9e9352631609,2026-08-23T15:20:27Z,2026-08-23-3
2026-08-22T11:00,2f854d90252b308fe595951bc55810b1ab83c94f197b90ae7b9cf9009dd236e9,2026-08-23T15:20:27Z,2026-08-23-3
2026-08-22T11:00,2f86a7e21388dc11719cd67e340a91a1fd93d6b527a0394053e3f314720cb450,2026-08-23T15:20:27Z,2026-08-23-3
2026-08-22T11:00,2f8a38bafb20c66e7d5579cc3a4a53f79c338515796f45415868ed55d5b188d9,2026-08-23T15:20:27Z,2026-08-23-3
2026-08-22T11:00,2f9f66afc05e306354116342fac66e8e4c1b373bd992e1312a3667932658fbcb,2026-08-23T15:20:27Z,2026-08-23-3
2026-08-22T11:00,2fa073787938da8cf3c9b8141b7b0b4e8e032f976205e26c9e5ba6028af51344,2026-08-23T15:20:27Z,2026-08-23-3
2026-08-22T11:00,2fa78cac156a7af8d0c643c15119eb516daf7a4a4cbf5b55d23c2cc2034fb809,2026-08-23T15:20:27Z,2026-08-23-3
2026-08-22T11:00,2fa92d913f8fac25fd7ff6f8cf3eeee281433420593758c68cb115f90c46829f,2026-08-23T15:20:27Z,2026-08-23-3
2026-08-22T11:00,2faaffb2fdc9e3f2d067b4b1f86a3d9adacaf45884ce74f7f745c31ac8b76716,2026-08-23T15:20:27Z,2026-08-23-3
2026-08-22T11:00,2fab5d6c8d9c8e9ebec7e02139de910079159ee99cebb1015a32a0fcc9384a9d,2026-08-23T15:20:27Z,2026-08-23-3
2026-08-22T11:00,2fae9bf28f75de3270ca8ab3b3079264ee04ead414f35b56a67aa89be5a9840b,2026-08-23T15:20:27Z,2026-08-23-3
2026-08-22T11:00,2fb0c9ec0d95b02db670fed20f0ff11b9bcdc4f56cea93d840bbcc7925ead4bc,2026-08-23T15:20:27Z,2026-08-23-3
2026-08-22T11:00,2fb3924e308448e6cff7bc612be9d804029dd3322e574be0e706db5b12143be8,2026-08-23T15:20:27Z,2026-08-23-3
2026-08-22T11:00,2fc05094d9ab883e92486272451cc85ea4f01c911896028ae0f9748133a08483,2026-08-23T15:20:27Z,2026-08-23-3
2026-08-22T11:00,2fc8a6609240704ae29b3a4bb694484bf214418173fbdeaedcb59d2c59d3f8c3,2026-08-23T15:20:27Z,2026-08-23-3
2026-08-22T11:00,2fc9bff5a5e5e0d2cdbe85a29a9da9d5f4de097411535e115434bc476bc47bf0,2026-08-23T15:20:27Z,2026-08-23-3
2026-08-22T11:00,2fcb5c041a8ff078b45c6be1c48280ad68b70300c7e810f7e314f8269811b2ef,2026-08-23T15:20:27Z,2026-08-23-3
2026-08-22T11:00,2fd1ae66db94c087e95db38bad050896f0f198d1a491bed0e1ef59c1d7f32783,2026-08-23T15:20:27Z,2026-08-23-3
2026-08-22T11:00,2fda51f367411de54e4a4185a27bdcb28b7643037db695efd0152665b81088a5,2026-08-23T15:20:27Z,2026-08-23-3
2026-08-22T11:00,2ff9172afcac3a8ff6c0ebafea7e1ffafa71dde71ec4b50c0fb49261c00e06ca,2026-08-23T15:20:27Z,2026-08-23-3
2026-08-22T11:00,2ffa0a15d6b0669e9dbfac360070cd20ed9d8cc1a42ed8ef2419ffe3fbed9fe9,2026-08-23T15:20:27Z,2026-08-23-3
2026-08-22T11:00,2ffc54a54257793e4aba6e08813bc3e5fa7c70b22f2760ff1a8a84d844c39325,2026-08-23T15:20:27Z,2026-08-23-3
2026-08-22T11:00,30262ae5d94a616cd4a3f0fb04b85c5a61df3e9e0e6ebea076d4b2c1b8419414,2026-08-23T15:20:27Z,2026-08-23-3
2026-08-22T11:00,302b3e5e67a8b2a0dcae6b513a423a2d00fc7eaf6316ea6c9394c9c91e695472,2026-08-23T15:20:27Z,2026-08-23-3
2026-08-22T11:00,3039e4df07aab690a6deff81327aeddc7c0a20c0370426d19b7303954e78d5fa,2026-08-23T15:20:27Z,2026-08-23-3
2026-08-22T11:00,303c8a4b7c847eef3b67a68aca07922c4a79c3078bc11a1654c4dbafee9d36b7,2026-08-23T15:20:27Z,2026-08-23-3
2026-08-22T11:00,30482cf861b2af59ed5ebce7473fed1127d9726e17c05df6038b836971d04c51,2026-08-23T15:20:27Z,2026-08-23-3
2026-08-22T11:00,3058cf74e84fa35cb52313619fc7429f251918f4905a15263784840a87aa164b,2026-08-23T15:20:27Z,2026-08-23-3
2026-08-22T11:00,305f870d995fb4fea2e09deb7452e4749fb6f1d8d227c88ef144d8babb076bc8,2026-08-23T15:20:27Z,2026-08-23-3
2026-08-22T11:00,306489f0dfeb446e8363a99dc00e3a10771ddaf6643959df1826813ff5f5f41c,2026-08-23T15:20:27Z,2026-08-23-3
2026-08-22T11:00,3064a6581310062820cc2f015eddab796f266b110ab50feb6be8cfa34ca10766,2026-08-23T15:20:27Z,2026-08-23-3
2026-08-22T11:00,3064e426d18ccd85acab9b00d8511c97976c1d62bf25b663ad46f55f6cae1deb,2026-08-23T15:20:27Z,2026-08-23-3
2026-08-22T11:00,306651b93b006d1ffec05bcfb5502e89df9861a229f06144eedafb222bcc8b38,2026-08-23T15:20:27Z,2026-08-23-3
2026-08-22T11:00,306bc5a7444b9f6d026d83cec2c580ca9db4659de210ebd914983f1c06b3fc00,2026-08-23T15:20:27Z,2026-08-23-3
2026-08-22T11:00,3070adbaa1cfe6f4fbd3a92c12b3fdc45186ecc3933bbbcf99e34c1c5eaf2a51,2026-08-23T15:20:27Z,2026-08-23-3
2026-08-22T11:00,3075ae7d0221de808d8366d46d7b58682d98b17090f1a94381cdaaf7d13a106a,2026-08-23T15:20:27Z,2026-08-23-3
2026-08-22T11:00,307cdc43fcaf022d9e67ae12a40fa0e17190d01898d0157af763c184c2662f39,2026-08-23T15:20:27Z,2026-08-23-3
2026-08-22T11:00,308b5d5a68072c4520e7923481139874f5299701a9c9be8b66c803a4c38df2dd,2026-08-23T15:20:27Z,2026-08-23-3
2026-08-22T11:00,30ad9d46044f1d692d5eff577af413fc7457ac854e1b820725139213f5ff2064,2026-08-23T15:20:27Z,2026-08-23-3
2026-08-22T11:00,30bec0c54a1df7063eeae4deacb75d1e2f949539b7c245a82fbf4dfdb01fe959,2026-08-23T15:20:27Z,2026-08-23-3
2026-08-22T11:00,30c25e0c57c3ed539ae68ccc86ae502bd06abd90e0980259d8f63c899cb80a73,2026-08-23T15:20:27Z,2026-08-23-3
2026-08-22T11:00,30c562715e49b240e2ebd20e7c1fc6ba49b8104bb526aede7b33e8575ba7bb75,2026-08-23T15:20:27Z,2026-08-23-3
2026-08-22T11:00,30cd86e787624e07bd1d40085a99f05da85cf096f839727523f7c9ca2d557220,2026-08-23T15:20:27Z,2026-08-23-3
2026-08-22T11:00,30f4022382d59f6cb6f822f663080610812d33e39f08f62ddaa9d9dba924584a,2026-08-23T15:20:27Z,2026-08-23-3
2026-08-22T11:00,30f48121decc708b123e76182ad5478a2e1413a7c39b75bd8f4a904078e89cfb,2026-08-23T15:20:27Z,2026-08-23-3
2026-08-22T11:00,30f9486709a65d8f3883c21623d978983ff481a6e3a2d432a68817b104f17d8f,2026-08-23T15:20:27Z,2026-08-23-3
2026-08-22T11:00,31066a8ed5c3a077637d0d226724f42564c7cac91e4ea0051f207494e2edda1d,2026-08-23T15:20:27Z,2026-08-23-3
2026-08-22T11:00,310f0844dd199dde2b29627af380f62eea16aa6b4acb18585aa444b0329e858e,2026-08-23T15:20:27Z,2026-08-23-3
2026-08-22T11:00,31169dcba19b3d85bfa4075a36caa64b33fbb285470c72a091a4d0d353d9a290,2026-08-23T15:20:27Z,2026-08-23-3
2026-08-22T11:00,3117389ba227b661f771fe275a92d3766f8ecd3808b9ab70fd093ccc2b3b1d1a,2026-08-23T15:20:27Z,2026-08-23-3
2026-08-22T11:00,312090d58540caee0de9e1d1b42c8c2320a9010d7cd157e147ae62776c4cedd9,2026-08-23T15:20:27Z,2026-08-23-3
2026-08-22T11:00,314f9b3c409189cd863b9f51738cbc952d2357ff6e0450fe595c32d21687f213,2026-08-23T15:20:27Z,2026-08-23-3
2026-08-22T11:00,3155fb43ed5ff56bcee0207eaebf8ef6b9774f9c49de8bc886decddd54fa7655,2026-08-23T15:20:27Z,2026-08-23-3
2026-08-22T11:00,315d43d88c73a83ec152aea842784d1fdd787c241d143394e6148c7e82889537,2026-08-23T15:20:27Z,2026-08-23-3
2026-08-22T11:00,31661e0b7b66070955636fbd2bf7f48130dc9e4fa34b495353b7bc93a7f2e25f,2026-08-23T15:20:27Z,2026-08-23-3
2026-08-22T11:00,3175b131ccd5bfff0ea1c3c6297f53dc85020e0f81fb25bf6814847513108132,2026-08-23T15:20:27Z,2026-08-23-3
2026-08-22T11:00,317f08cb7e5739b16a1495740ac3b8b538b51e088983f09c7a041fd45e012b7f,2026-08-23T15:20:27Z,2026-08-23-3
2026-08-22T11:00,31905909d2e46cbb00d14827a09916242ebba9fefb1fc699674a93463fb08ed3,2026-08-23T15:20:27Z,2026-08-23-3
2026-08-22T11:00,319422f2cd52c394384ff9f1567c1491e6e7f7398f6b4469bf8d0877f13fb117,2026-08-23T15:20:27Z,2026-08-23-3
2026-08-22T11:00,319e2392be50284291b0874deadd6227d834b8d0cec9c63ada6eed8970b9ba7f,2026-08-23T15:20:27Z,2026-08-23-3
2026-08-22T11:00,31ad9adfb05ac4219401f01988abd68d019d64a02bbc7d1dd238a2a3d1ba2c08,2026-08-23T15:20:27Z,2026-08-23-3
2026-08-22T11:00,31b4f3a68020acd372c30304c981015ad58f33a5eab1aef48c9dd475071c668c,2026-08-23T15:20:27Z,2026-08-23-3
2026-08-22T11:00,31b68dcb957f2a00d082df4fc21ab3d774e587d100b1aabbb17f6d69b6dd9bcd,2026-08-23T15:20:27Z,2026-08-23-3
2026-08-22T11:00,31bcadccaa77cf4ea4a1a2782a046cccf5d7469a68ec34a1f42334cdcdec0815,2026-08-23T15:20:27Z,2026-08-23-3
2026-08-22T11:00,31bff46f1670a6391518e5c28cbbfc58fbff29016f659a7fb3a80021be2c042b,2026-08-23T15:20:27Z,2026-08-23-3
2026-08-22T11:00,31d9870052f29efef35e4ddb3737bacc104ee9d6aa74a5ba01836b66f5f8a637,2026-08-23T15:20:27Z,2026-08-23-3
2026-08-22T11:00,31e6568d640cb82c62e25a868761266aeec155af6f93193ecc373b8155401e99,2026-08-23T15:20:27Z,2026-08-23-3
2026-08-22T11:00,31ea9f5bb6ea9b4566ea67a90f04045c5f2d1488fcf7f06abf53e8873d565980,2026-08-23T15:20:27Z,2026-08-23-3
2026-08-22T11:00,31f053c94d55b1a41869d71b8ae243bcdfc522c761133e7064fb8289c91bea39,2026-08-23T15:20:27Z,2026-08-23-3
2026-08-22T11:00,31f4e39670c854122a79657add2a2a3409addd5ddab407104259f28aed890af9,2026-08-23T15:20:27Z,2026-08-23-3
2026-08-22T11:00,321adacdefce31c543d5ed73b663933289ea0c15aebda9538a4942ad3a09b543,2026-08-23T15:20:27Z,2026-08-23-3
2026-08-22T11:00,3223dd22cd903d20981ad666b0143f58094d1d79b6fb7173af4a7c146265199b,2026-08-23T15:20:27Z,2026-08-23-3
2026-08-22T11:00,3225b7ad6525624bf9583668255d6c2489f38117cc7508d2f140b77e6f45134c,2026-08-23T15:20:27Z,2026-08-23-3
2026-08-22T11:00,3236cdf87a2645b025d177c3b5b1d70fd452c65ad647110211ada7ebc7a89234,2026-08-23T15:20:27Z,2026-08-23-3
2026-08-22T11:00,3239c53d70331d5d070a8554e70486a581a2850322b6d346526c05247bfe6c85,2026-08-23T15:20:27Z,2026-08-23-3
2026-08-22T11:00,323bb505d4751b35648e678a0378a06bb60e15896b69f8305a5b9c32ec44cb0c,2026-08-23T15:20:27Z,2026-08-23-3
2026-08-22T11:00,323f39d925ec148b6800b289b4f5f210d51ab0374f99bc02496d50827c24740e,2026-08-23T15:20:27Z,2026-08-23-3
2026-08-22T11:00,324e4b056d3ee60087bf4b7ff0c1ba785d526217e886b04ee123f5e452ae18e3,2026-08-23T15:20:27Z,2026-08-23-3
2026-08-22T11:00,3256e78869da068bca20df0ba54548520ee84da9b9e1b2e78916e948fcf7c7b1,2026-08-23T15:20:27Z,2026-08-23-3
2026-08-22T11:00,325801e3975905c0f365cd8d09aa2958e3e443071d0a599b6f8643086e2a87e8,2026-08-23T15:20:27Z,2026-08-23-3
2026-08-22T11:00,325c90ba8b993059949261d7c2693f1f99c60de1e9d2804309fc5c2ce57146b0,2026-08-23T15:20:27Z,2026-08-23-3
2026-08-22T11:00,325d7f466f24994856fa1585864c34f266fb46f4265dd708ce242763f42c3e33,2026-08-23T15:20:27Z,2026-08-23-3
2026-08-22T11:00,326607290d218cfb7f34a127a18f89201cb0c31e21e5017bfaefcd7bd44026d1,2026-08-23T15:20:27Z,2026-08-23-3
2026-08-22T11:00,326b5d51b877e9cf2d481fdbe02584feef040ed2c5348fa57cc39057109a5061,2026-08-23T15:20:27Z,2026-08-23-3
2026-08-22T11:00,326f899b9dc8f47681d20cd4552135cad3a4bd0e23f5058d06a2f62000e1d196,2026-08-23T15:20:27Z,2026-08-23-3
2026-08-22T11:00,32a436ff121f8d99546b4d6e433fd588e96fb0a3d3d6e748a70352e1e3038817,2026-08-23T15:20:27Z,2026-08-23-3
2026-08-22T11:00,32b1a88e079e5f29124b03fedf028a23061ddbfb1767974c2ea548d3e6175264,2026-08-23T15:20:27Z,2026-08-23-3
2026-08-22T11:00,32b4e7e4542fec7f6be6b39840344c55773df04459e09ae5a445fef8a08de8df,2026-08-23T15:20:27Z,2026-08-23-3
2026-08-22T11:00,32c567dca265028d0041e7648b47a2bfb8499d8f2c45c7fccc4a80a6f6d19fc5,2026-08-23T15:20:27Z,2026-08-23-3
2026-08-22T11:00,32c68d2230d07c3a1a6fca757460f654e7f068b6bf3229586485eb7a167a749f,2026-08-23T15:20:27Z,2026-08-23-3
2026-08-22T11:00,32d654a60eb0624662afb1d6058e99270f6ef2ea51941672fda78dcda5f90e48,2026-08-23T15:20:27Z,2026-08-23-3
2026-08-22T11:00,32e2ab999a092446cc965c677dc19413541129ce56f2dcb81c4e098a6b206295,2026-08-23T15:20:27Z,2026-08-23-3
2026-08-22T11:00,32e82d5838b271b82150dca3c75f28ef0269b74018b0d52713847f01e8fe0036,2026-08-23T15:20:27Z,2026-08-23-3
2026-08-22T11:00,330afce3a22e8390350db1f2f1e84b90bb418220d91865a58ba695d1aa24570a,2026-08-23T15:20:27Z,2026-08-23-3
2026-08-22T11:00,332821c365c3be27c3490fcc57fce363cf7e8bae2824158ed773c866ee63ff76,2026-08-23T15:20:27Z,2026-08-23-3
2026-08-22T11:00,334aadac7d02d195ede00b1a8b19e54c3a9b11e1ab3af1d81ac72f0fbdef2cde,2026-08-23T15:20:27Z,2026-08-23-3
2026-08-22T11:00,334af87281ed59be83c2ec8401137884d53b7953882ad6e96c73358bfee14222,2026-08-23T15:20:27Z,2026-08-23-3
2026-08-22T11:00,3351f1ea5b6a70f11df51f87551eccd4a20402f83fc588b0bf93ffb37ac6cf49,2026-08-23T15:20:27Z,2026-08-23-3
2026-08-22T11:00,336c6ea4fbe3981effa3e6cce21a8403e8d46b83184cfa994db4253f64575b3b,2026-08-23T15:20:27Z,2026-08-23-3
2026-08-22T11:00,336cc3e4715c1ae5db4e58c998265e7b7bdf73e041bd55d1484c98c6648057f0,2026-08-23T15:20:27Z,2026-08-23-3
2026-08-22T11:00,3371db8b1b63bf184d803c7824daea58232df284a74ab24de2aefa7b6781e1ed,2026-08-23T15:20:27Z,2026-08-23-3
2026-08-22T11:00,33742f03438ea89ffe7cdf698d739b127c286d978db9fd8ce734ac71b44ccda2,2026-08-23T15:20:27Z,2026-08-23-3
2026-08-22T11:00,3375c5d27d9b2838217a72ea6b851d2de3cb32326b4b07aded744edb8267ddd1,2026-08-23T15:20:27Z,2026-08-23-3
2026-08-22T11:00,337f6d4715342845c70f9c91d401173629692bf324cb7d9ca58aa33b9a41a9ce,2026-08-23T15:20:27Z,2026-08-23-3
2026-08-22T11:00,338944b9f90e31807024eb3551c60667f78e9f752c44b0aa4c1efca2cd7af940,2026-08-23T15:20:27Z,2026-08-23-3
2026-08-22T11:00,338aaf898d6c024266e3ce94b823abd7c69ebf404e0b485fbbc34fb78354e423,2026-08-23T15:20:27Z,2026-08-23-3
2026-08-22T11:00,339845775e47984bf0e762385b18834f081bb9c2b9211981aa351a0db707edb2,2026-08-23T15:20:27Z,2026-08-23-3
2026-08-22T11:00,33bbeaab7e57609ca3749cc884bbe6513b133fa8d303db89b8b602c316eb5fae,2026-08-23T15:20:27Z,2026-08-23-3
2026-08-22T11:00,33c53f3c51ba0e8c695df0c4da8b740cab477ae33c7fd1c1d5fa4815b71cd1e9,2026-08-23T15:20:27Z,2026-08-23-3
2026-08-22T11:00,33c811672861d3426d7758b5499a76f39dc4a76081f4e6ded7935ecc5f6c4394,2026-08-23T15:20:27Z,2026-08-23-3
2026-08-22T11:00,33ceebccb05482d41c8cbc4e6e147b62202ff53f290812c2ac859a9b97e11ca8,2026-08-23T15:20:27Z,2026-08-23-3
2026-08-22T11:00,33d5030a028d366e0ef21aed091cf561423c4f31c3d4097a81153f8bf77056b8,2026-08-23T15:20:27Z,2026-08-23-3
2026-08-22T11:00,33db217584c01b58a2f0f1566756a6443516e30db24b28e9f752d7653e27372f,2026-08-23T15:20:27Z,2026-08-23-3
2026-08-22T11:00,33dba8ed9bb5f8b2b0aaf24424f98fc73e3942c5360b3f6f3228e19664a7d276,2026-08-23T15:20:27Z,2026-08-23-3
2026-08-22T11:00,33e5e3005ea0eaf66ee25a1fd918d46f0df7c32aaf1757a608c84af6e5daa542,2026-08-23T15:20:27Z,2026-08-23-3
2026-08-22T11:00,33e5e5bcd68981ac4e0e6be6631a5152e2d6677fb396e0d2a31ce68e4b85f70f,2026-08-23T15:20:27Z,2026-08-23-3
2026-08-22T11:00,33f4997f6e37520f69a6e39a114e52365baa9ed5e16c18b66f30ef2cd8dbc28c,2026-08-23T15:20:27Z,2026-08-23-3
2026-08-22T11:00,340bbe165a50ee6780d58520b42631874d148660a1705bc4f2fae75985b78f5d,2026-08-23T15:20:27Z,2026-08-23-3
2026-08-22T11:00,3436e9b71b4bcfee5e0de230c12df71e53ef1d3244994b4f920103437f6679da,2026-08-23T15:20:27Z,2026-08-23-3
2026-08-22T11:00,3437fc4b70a5c3e99de09d3422db0de05e2aecd8d4c9bea0e3e65bfed11e43f1,2026-08-23T15:20:27Z,2026-08-23-3
2026-08-22T11:00,343b95a2bc2897da0b1c8ee52f8853acbf76d6aa2345ab26e10c9544133c6240,2026-08-23T15:20:27Z,2026-08-23-3
2026-08-22T11:00,343fb80f137b567fa1f0d5091124a23584e292af070a2aa23c35712709dcfcaa,2026-08-23T15:20:27Z,2026-08-23-3
2026-08-22T11:00,3447f8d32f7ed63de07bb8550fcfb7882d0fd7e654e8cbee25a8290b7a5a7481,2026-08-23T15:20:27Z,2026-08-23-3
2026-08-22T11:00,345c0aec598ca2318ad1de744588f34e9e331a0b8bba0117d19bae6f08cce965,2026-08-23T15:20:27Z,2026-08-23-3
2026-08-22T11:00,3467984315c77068e6d44fd8136833d6a8ad83d4d063a877888f6f4625b54b47,2026-08-23T15:20:27Z,2026-08-23-3
2026-08-22T11:00,346b6ce4dc77ce2c10078e98253c3e657979b957723ff2a69b0e697f3b70168d,2026-08-23T15:20:27Z,2026-08-23-3
2026-08-22T11:00,3476a1a680ba7f20733d38f67e60a6c1a28b13abd7e9d48988ebeb619ea02485,2026-08-23T15:20:27Z,2026-08-23-3
2026-08-22T11:00,347cccd7e6347d99863e03922fbaf70947809ebd08718ccdd7cc604ab3a0e04f,2026-08-23T15:20:27Z,2026-08-23-3
2026-08-22T11:00,347f559afc5e38a3ee132c073e148f9fe573fff22f03f7d6a35c1b1817baa3f1,2026-08-23T15:20:27Z,2026-08-23-3
2026-08-22T11:00,348f5571e93b23af5987ecba917fa0f9104524a8b020b1ff9b6698fa34fab635,2026-08-23T15:20:27Z,2026-08-23-3
2026-08-22T11:00,3496b6d767ec08cc1fda384753fb949db2196e3e2c78f7eead7d1afe323d180d,2026-08-23T15:20:27Z,2026-08-23-3
2026-08-22T11:00,349837fb274a71d798e9f961fe2572ad202b21811fda7cfefe679372fd31413f,2026-08-23T15:20:27Z,2026-08-23-3
2026-08-22T11:00,349b87288fc9917efbefa66a43330f776f5c5532f96b78e3947f7f1e33354dde,2026-08-23T15:20:27Z,2026-08-23-3
2026-08-22T11:00,34b2cf85390c860c67ed82f393ba0cd4d86647fa44c405631c6ff5983ec5d1b9,2026-08-23T15:20:27Z,2026-08-23-3
2026-08-22T11:00,34bb7e52555559ca6e3c0696479efb2167268453afc8619e6e84b83a552840f9,2026-08-23T15:20:27Z,2026-08-23-3
2026-08-22T11:00,34c3059cf1caf1f0960c5579f9db095de622fb2d20db0aca0cf803948bfbd5d0,2026-08-23T15:20:27Z,2026-08-23-3
2026-08-22T11:00,34e614104eacc87cc71197cbb552f728cd302044b7758ac5505005880b36c66c,2026-08-23T15:20:27Z,2026-08-23-3
2026-08-22T11:00,34f845c1e7102eae71220c3a27dd7e2cc0c7ea7190710135a235d232e8c32550,2026-08-23T15:20:27Z,2026-08-23-3
2026-08-22T11:00,352406c8438924d9b53f35bd2b2e9329cf04b013ca6e09a128458dca0d237bbf,2026-08-23T15:20:27Z,2026-08-23-3
2026-08-22T11:00,3527eff99e451b9f06c363f6b53400fb9479f726736599eaa70be98183631d7a,2026-08-23T15:20:27Z,2026-08-23-3
2026-08-22T11:00,353217afc4f706b5339de407629065a4820f98bc0f70c28c174d08c10ec6ab52,2026-08-23T15:20:27Z,2026-08-23-3
2026-08-22T11:00,35329e48b78ce5a7dea30c0a5aed6120cb905ffce8a59c4db59275dfcd3bee1b,2026-08-23T15:20:27Z,2026-08-23-3
2026-08-22T11:00,353942ce3a1c4d34fdb5cae4ad6ebf220ce15f1c2ca58b24b31d60d1141f587d,2026-08-23T15:20:27Z,2026-08-23-3
2026-08-22T11:00,35456e1f5acb5adc7c1d970881f55d27ee3eb18ecf4451c6855e291938e6c0e8,2026-08-23T15:20:27Z,2026-08-23-3
2026-08-22T11:00,35471ebc68944b7ee0c6660f2f7cdd2b67ee0723e194e5f67316e29652e3ddfa,2026-08-23T15:20:27Z,2026-08-23-3
2026-08-22T11:00,354a16eacc343939fc3e56cfbdb00b68733f1c04a9536013f173f51e5d62a2cd,2026-08-23T15:20:27Z,2026-08-23-3
2026-08-22T11:00,354b3566c85e309ba418a2e5c009f9cbec49ce357027e396274f02d2de1f1ccb,2026-08-23T15:20:27Z,2026-08-23-3
2026-08-22T11:00,3556c47e80db65b8a163bbc9cd962a42558c46393558a51f547bad9a28ea7190,2026-08-23T15:20:27Z,2026-08-23-3
2026-08-22T11:00,35591997fd0e0575bfe5567c6818de2c0eac684660389038b1eb8f03f5d9ec5f,2026-08-23T15:20:27Z,2026-08-23-3
2026-08-22T11:00,355ec6ca266df51cbac117ef7e7eefdfa1a505f2861f2ec0e9af9ebe3b5e7b83,2026-08-23T15:20:27Z,2026-08-23-3
2026-08-22T11:00,356bf6d90b4c587a59d32611f96853b0f65798ab02194073debdb53049d8d4d7,2026-08-23T15:20:27Z,2026-08-23-3
2026-08-22T11:00,359a3adb43082b8ae57c1bd2812364d820255abc848b906881242fc810723078,2026-08-23T15:20:27Z,2026-08-23-3
2026-08-22T11:00,359f9c40872861b49e134643d595fee44e43e312323163e62fc612133acceae7,2026-08-23T15:20:27Z,2026-08-23-3
2026-08-22T11:00,35affec7e3f4b63464fb04e354e0ae864303f9d4a7ad1f31ccd8cc1e79ea564f,2026-08-23T15:20:27Z,2026-08-23-3
2026-08-22T11:00,35b37295668bfe3d85d0ecc604c31e95b436dedeeff409afdc0e20f04baa9374,2026-08-23T15:20:27Z,2026-08-23-3
2026-08-22T11:00,35c357893e025c5fe41685b686fd785008177e75cea7e8bfc521f0f07e0bb4ab,2026-08-23T15:20:27Z,2026-08-23-3
2026-08-22T11:00,35dc1769bc61973e921834ac261347856ff2b679a4836db5eacd129407dfb4ff,2026-08-23T15:20:27Z,2026-08-23-3
2026-08-22T11:00,35dfeb7b6cb5d98f651548990f816f2bbffc617ff2d11a0ebc5cf7b756e4549d,2026-08-23T15:20:27Z,2026-08-23-3
2026-08-22T11:00,35e2cccb44cf08a3b4be40d3fdbea3984393035d918bdcf7147f75155d2af5c3,2026-08-23T15:20:27Z,2026-08-23-3
2026-08-22T11:00,35f2a22352626bc7bbf10cba24cd0a358d9312ed99d4c98d4ad24ce1aed29d8a,2026-08-23T15:20:27Z,2026-08-23-3
2026-08-22T11:00,35fa779508ee87b8b25db5535be7600e85cf636e0f28ae7ff3e5ac3962e482c9,2026-08-23T15:20:27Z,2026-08-23-3
2026-08-22T11:00,36104567a5e9acf29edb61d5638b4219382b1c527c5f70ab96e536a9e2fa44ba,2026-08-23T15:20:27Z,2026-08-23-3
2026-08-22T11:00,3611d355fc099d61ab20ef67e7eb614208a5ea43f5a2118a987d17eaa16af86c,2026-08-23T15:20:27Z,2026-08-23-3
2026-08-22T11:00,36124200532c224835381148a93e6a4b3ef6e03b51b5c564689a631c5333a59f,2026-08-23T15:20:27Z,2026-08-23-3
2026-08-22T11:00,361ea1d56424c2c2773a93df9622ff336b82f949b5b878c76c846ca6eb6d471e,2026-08-23T15:20:27Z,2026-08-23-3
2026-08-22T11:00,361ef27a12ca9410357905a834ce8bbbfa3db00f4f7a99dbf62186c44c10c2c5,2026-08-23T15:20:27Z,2026-08-23-3
2026-08-22T11:00,362cd53ac2a1644580aaf707d78e25c7eba47aedae9390265beaacc4a9dd2d92,2026-08-23T15:20:27Z,2026-08-23-3
2026-08-22T11:00,363f2a62edc040e8af12a3b51cfee9be45b7c597d194470eafed0025db70a7bb,2026-08-23T15:20:27Z,2026-08-23-3
2026-08-22T11:00,365b999051a41b2bb6bf16af2a4be06c293d55aa18a877b09ca7f379b7c9be6c,2026-08-23T15:20:27Z,2026-08-23-3
2026-08-22T11:00,365d33ac3468160af1218bd70093be9542951ece98b18a01b99cfad16b8054a8,2026-08-23T15:20:27Z,2026-08-23-3
2026-08-22T11:00,3666e701cd9b29fac094725f793321b2c32f809fb73ce01dc723243db8e508c6,2026-08-23T15:20:27Z,2026-08-23-3
2026-08-22T11:00,3670f25b65864f0cdeba5406945c5bebf7722158f187d5e7ad4ec3233a2b6da1,2026-08-23T15:20:27Z,2026-08-23-3
2026-08-22T11:00,367f49807e6cecf948563480e277b108848da9006e7116ee892e995d7315bedf,2026-08-23T15:20:27Z,2026-08-23-3
2026-08-22T11:00,368ae970bc532e5ebcf7be19241d554426f9341f2989ee6686608023d22b1e55,2026-08-23T15:20:27Z,2026-08-23-3
2026-08-22T11:00,3696e67c2c9e8aaad24a172105b38fea5bb1e78435b3e32a3e5c5c1176320aa6,2026-08-23T15:20:27Z,2026-08-23-3
2026-08-22T11:00,36bf1c95072f3ae4527131c06a26a856cb589710746d20580151c8f9132b76db,2026-08-23T15:20:27Z,2026-08-23-3
2026-08-22T11:00,3726ac64d6b1a28d5420e37ac42f2d7890b8e29d0e5a4677db86475ec25e3073,2026-08-23T15:20:27Z,2026-08-23-3
2026-08-22T11:00,373897d12f7796701ce0d24672e889071663d987f8cd4224f5531a8098ab37f0,2026-08-23T15:20:27Z,2026-08-23-3
2026-08-22T11:00,37522651d27d8c5da874281f4abc46a8e2f5dbbd238538e4bf1dba145e26bab9,2026-08-23T15:20:27Z,2026-08-23-3
2026-08-22T11:00,3759c8e3d7d9c2d87878fcd78388bba55714d1ab3f1a9249cb665d6e5ec8523d,2026-08-23T15:20:27Z,2026-08-23-3
2026-08-22T11:00,375b505d6c551871e7fd36547597cbc86542e4e02301fec6094ebfb2c4a4f34e,2026-08-23T15:20:27Z,2026-08-23-3
2026-08-22T11:00,375f29c8ebb2f0d055c5bf23fee439aec8978b31007ddbf02d617491d659ae1c,2026-08-23T15:20:27Z,2026-08-23-3
2026-08-22T11:00,3763c3e63f841c3b3b74d16d1ba5de9c93b7101a863852074f838c2e6bfac109,2026-08-23T15:20:27Z,2026-08-23-3
2026-08-22T11:00,37644d8964c6f73a1cecf75fafff1152e5dc773a891226de1c0a9529eb9e4e22,2026-08-23T15:20:27Z,2026-08-23-3
2026-08-22T11:00,3766519138678db67479a9dd78b265077494c381a437956c1e5998a0d33f3797,2026-08-23T15:20:27Z,2026-08-23-3
2026-08-22T11:00,3772caab2a3ff582f26624368136f7806e084c41969679c7c046f2887cbf318c,2026-08-23T15:20:27Z,2026-08-23-3
2026-08-22T11:00,378b004b50e0c800c9234bf1bd3482acd8e25bc9432a6ec9a28a5f6d99b5bece,2026-08-23T15:20:27Z,2026-08-23-3
2026-08-22T11:00,3796ad08bcbdbfc66af985d1e778d0c120153c564d049000f22655c27fdd4b72,2026-08-23T15:20:27Z,2026-08-23-3
2026-08-22T11:00,379b446fcc0e4a11a22bca6a7aa78dc466922426caafb1953f5e3daf942b641c,2026-08-23T15:20:27Z,2026-08-23-3
2026-08-22T11:00,37a2481b05249ecc3f6185854e83e2899911afedfd6541f842e90e5dda81b685,2026-08-23T15:20:27Z,2026-08-23-3
2026-08-22T11:00,37ac6935983c224bb88a8d0433e30fad8d78946241c80270299c4a9c8cdd739c,2026-08-23T15:20:27Z,2026-08-23-3
2026-08-22T11:00,37bd8a8f1032a8094c41a0146afa7d83444273bba471e7ba30361bcac82cb6b7,2026-08-23T15:20:27Z,2026-08-23-3
2026-08-22T11:00,37bd9866fae91761c2f5ba091e171c03aa1a0aa98b638d700dab7f5d76d45243,2026-08-23T15:20:27Z,2026-08-23-3
2026-08-22T11:00,37c3a71e5e9ce12c01d756e19e2e66128aec1de32a3793ea142414f44e065746,2026-08-23T15:20:27Z,2026-08-23-3
2026-08-22T11:00,37c468362996784fb0347564af09e2013443e5ffc10c4b2a976aa01f5fb0962a,2026-08-23T15:20:27Z,2026-08-23-3
2026-08-22T11:00,37d33a07c439efec2b1ee7356be34914bf36ea32fc2b4f1b55cf811ac805ccd8,2026-08-23T15:20:27Z,2026-08-23-3
2026-08-22T11:00,37d6c91dc0967e3a0761db6adbacf4affdc469f4f421316e5603ed121b68b2d4,2026-08-23T15:20:27Z,2026-08-23-3
2026-08-22T11:00,37e43ad7476287591b5015cacf90933997b3cefdb4d29723d7c46522721382d5,2026-08-23T15:20:27Z,2026-08-23-3
2026-08-22T11:00,37ecf7760d3ac9a6faf6f9312a7881e2d4c25473708be2eef6dcb3644ff69470,2026-08-23T15:20:27Z,2026-08-23-3
2026-08-22T11:00,37f8b767d508ba1e29ddd2210d23ace0c14ab8a156179f889997c18797d94e52,2026-08-23T15:20:27Z,2026-08-23-3
2026-08-22T11:00,38097e32a78b3292f7468bf7a8c842bb68fd42e90872f48b62b8d0cb923b7e1b,2026-08-23T15:20:27Z,2026-08-23-3
2026-08-22T11:00,380ea5f891b53389deaaf61e8bd9b249820fd7cc0fe84ff13348ee03abe4cc4a,2026-08-23T15:20:27Z,2026-08-23-3
2026-08-22T11:00,381530fd5d18806b8ca10c6de0f5f2438ae9d70c42708679f0071face0af02d7,2026-08-23T15:20:27Z,2026-08-23-3
2026-08-22T11:00,3815bf1f0d23d6258133e188509e6bd08fcead7bf4c3ac7d7dcf5a1d919e2def,2026-08-23T15:20:27Z,2026-08-23-3
2026-08-22T11:00,381b65107dc1c38e9c8c4261174ac54de4599076e6bb7a0e790e5f1b741b3804,2026-08-23T15:20:27Z,2026-08-23-3
2026-08-22T11:00,381e7f583722c98d0f6921620c6a57514d268545e9a9291726e0da07c5943199,2026-08-23T15:20:27Z,2026-08-23-3
2026-08-22T11:00,381f6cc7d7679ba977d163c9abf5da71be28957f1252b565b4813c53741ea49c,2026-08-23T15:20:27Z,2026-08-23-3
2026-08-22T11:00,3820ae8aefa294201adfd64f3ec7a29e084022f9ba2b35de6745c38a6b72504f,2026-08-23T15:20:27Z,2026-08-23-3
2026-08-22T11:00,3829cda95c8e6ac470f0b0bb665012a10e78627672a739497178b5291e894c14,2026-08-23T15:20:27Z,2026-08-23-3
2026-08-22T11:00,38410e671a5c9d09595947dec8374320595f00f31dace8887b8f8141626a82cf,2026-08-23T15:20:27Z,2026-08-23-3
2026-08-22T11:00,3854454a8340b30f7342ef44888e8567227450cf7d5e22b5b5ef3aa05f25655c,2026-08-23T15:20:27Z,2026-08-23-3
2026-08-22T11:00,38547c70639ac5a92cf04b1c4a13f9988719a526cbaa32b7db4d36d655953463,2026-08-23T15:20:27Z,2026-08-23-3
2026-08-22T11:00,3857ca18236c36080bc01458771f8d41bb7bbefebfe8c77a0c0d68a6186a2cb1,2026-08-23T15:20:27Z,2026-08-23-3
2026-08-22T11:00,385f654fcfdbef71de29f6c938f49d0e3d98529302ef1d7c2a405f5d38906e09,2026-08-23T15:20:27Z,2026-08-23-3
2026-08-22T11:00,3863ddfff7ad6d73ebe6200becacce8d309bc26b4dfbbb634abfd8daa870b5d8,2026-08-23T15:20:27Z,2026-08-23-3
2026-08-22T11:00,38695bc696db9546fbad9b96aa9b1e67dedc5e5d4c27c0f762f3e14990dc1231,2026-08-23T15:20:27Z,2026-08-23-3
2026-08-22T11:00,386e34a7513e1735a65ee996425e8de73d0dc6337c3848a2f3c7a728338b5869,2026-08-23T15:20:27Z,2026-08-23-3
2026-08-22T11:00,387cb8d894c7424e8166427b1fae0b66903acd91cddc90de7ccec5ed0a8d1c85,2026-08-23T15:20:27Z,2026-08-23-3
2026-08-22T11:00,388629f5e0b5ef7b9eda2e03200d1edb89ce3b79d0ec333a0aaae729fcb2b91c,2026-08-23T15:20:27Z,2026-08-23-3
2026-08-22T11:00,389ab448b1904bc0f03b8ba88fd2f613ea835dfa90dcc8f77c0d01349f990857,2026-08-23T15:20:27Z,2026-08-23-3
2026-08-22T11:00,389ebd02d2834f48054db326e779179584d07821b4cc86483479843fc8aba7d7,2026-08-23T15:20:27Z,2026-08-23-3
2026-08-22T11:00,38a77e414481d7ac19dbae751e8caf9e7403c6020325a5da6b267a2a15883fad,2026-08-23T15:20:27Z,2026-08-23-3
2026-08-22T11:00,38c881130dd4de472f3825829eda5e0652359e14a5f9ac4a673c81f47229301e,2026-08-23T15:20:27Z,2026-08-23-3
2026-08-22T11:00,38ccc121ca495b01fdb77a2855926bd0842870c972bc1442303ccea2aed1acff,2026-08-23T15:20:27Z,2026-08-23-3
2026-08-22T11:00,38d192f152fb1b0d7acad1572ab6d4593ac791fdc275b68389222d593dd44c1e,2026-08-23T15:20:27Z,2026-08-23-3
2026-08-22T11:00,38d75be717126eb5d1ed35e08a74ad8179391da4468f37ee11068ebf399cd5eb,2026-08-23T15:20:27Z,2026-08-23-3
2026-08-22T11:00,38e87c2f4b36c5a20b2da2e57bf050965db3b6257674abe7b1f0efb6574dc8d0,2026-08-23T15:20:27Z,2026-08-23-3
2026-08-22T11:00,38ea03d1476982f3007032ba49ea8ea78d8d6595fbab122e1213a77180f71220,2026-08-23T15:20:27Z,2026-08-23-3
2026-08-22T11:00,38ec34f141fed4c6e0d95a1a0a9538b50a20dfc8a8aa51da13e781619df4a6a4,2026-08-23T15:20:27Z,2026-08-23-3
2026-08-22T11:00,38f914144e0e346c8bf49a0adc5102003fdf78c8136899b207b14766d96e88d1,2026-08-23T15:20:27Z,2026-08-23-3
2026-08-22T11:00,38fefc05753fcb5bfb61d31c642e2e83b53c497f6f5e2889d8dcd2217eaf56bb,2026-08-23T15:20:27Z,2026-08-23-3
2026-08-22T11:00,390b14e2559d434c6f7936288f5374f1c067d4d8b56c2890a14afb9422857f73,2026-08-23T15:20:27Z,2026-08-23-3
2026-08-22T11:00,390c9eb422dd07a65e66f3093e59df4cc110da1747fe1607cf67a93a85c641b9,2026-08-23T15:20:27Z,2026-08-23-3
2026-08-22T11:00,391d798877bc5524510515e01e8e7520cfb8fb5d639355d8abf732b053d7b244,2026-08-23T15:20:27Z,2026-08-23-3
2026-08-22T11:00,39236d61e2fbb1ef9e22af3b75c617ee8941dc0a85191967d4311a7b6007359d,2026-08-23T15:20:27Z,2026-08-23-3
2026-08-22T11:00,392587df6e1d1e405b425d261b1bb3d4c984de1a1ccb665a7e59aa49f3fb838f,2026-08-23T15:20:27Z,2026-08-23-3
2026-08-22T11:00,39305e45dcf4de61048187bfe352b1d34fec40eb731747c57bbeab672c6dd4e7,2026-08-23T15:20:27Z,2026-08-23-3
2026-08-22T11:00,393c5699009c12b4922df3c95c1e007a527d9cdce0e43024a33190d20cfe35e4,2026-08-23T15:20:27Z,2026-08-23-3
2026-08-22T11:00,394977f68b8cb4758d247da625f2f8db226268f5cb80fa689159bcf99354d851,2026-08-23T15:20:27Z,2026-08-23-3
2026-08-22T11:00,395accc0e6c37ab5d26cad1615b22ccde9b04ffa0ebf94f9dc79539c8c605d91,2026-08-23T15:20:27Z,2026-08-23-3
2026-08-22T11:00,3960f046cf9616dfba3d0f051ec0c9987d4210644161ac6702ece9218d3aef0e,2026-08-23T15:20:27Z,2026-08-23-3
2026-08-22T11:00,39659ae3777d0e9df639a810ed5c85c8adedef2dc0eb3a6d49dcbaf8497cf697,2026-08-23T15:20:27Z,2026-08-23-3
2026-08-22T11:00,3971cab2d7d4566fcc70a8f709ba6758e74d35ff8ace548876a5f6204fbc9bab,2026-08-23T15:20:27Z,2026-08-23-3
2026-08-22T11:00,3972f77927d1a8189a8b53a673eaf08306e6cef2086b03e76eec8252b3496ef5,2026-08-23T15:20:27Z,2026-08-23-3
2026-08-22T11:00,39808aaf5fff8b9a2aa653098f34325567f31dab204d16e6dd7889d95d6b8482,2026-08-23T15:20:27Z,2026-08-23-3
2026-08-22T11:00,3982b701c4a566bb2b3d43daddca33a52011c7a232c32b862da39f6bb59c87e4,2026-08-23T15:20:27Z,2026-08-23-3
2026-08-22T11:00,3989b735013cfc04210286bc845cec54900c2f43ce0cdaa96d8b5ec24c968e70,2026-08-23T15:20:27Z,2026-08-23-3
2026-08-22T11:00,398b3e1dfe0aad5b99db2c23848dc27124ae11cb2967105b3fb6075525a17c0a,2026-08-23T15:20:27Z,2026-08-23-3
2026-08-22T11:00,3994482c1fc0b22ce3541510477de5f13fbef04c57297208ee69decb14112465,2026-08-23T15:20:27Z,2026-08-23-3
2026-08-22T11:00,399f5752de0582a76246f5857960e514ec32057aebe8919d03e52916d23ab73b,2026-08-23T15:20:27Z,2026-08-23-3
2026-08-22T11:00,39c0a1c4f9c261951c25f3b0315c7eb663ea7df6f273d77b83587961b5210ab6,2026-08-23T15:20:27Z,2026-08-23-3
2026-08-22T11:00,39ce611a50f882ddb05bd516233d6f0357230b78870b8f86b27ce651d121d14c,2026-08-23T15:20:27Z,2026-08-23-3
2026-08-22T11:00,39d0a4a932c5eee99fae1daef5bdb710b923ab9f74838b5fa01e38f2b390b4ce,2026-08-23T15:20:27Z,2026-08-23-3
2026-08-22T11:00,3a04bd5ea24759a634b7780cf5352495603e18ecf4da7657fbac5ee129c0f478,2026-08-23T15:20:27Z,2026-08-23-3
2026-08-22T11:00,3a28a8d2737ce8faad983b3a37331888a3c3ae2ded22ba5452f75963515792ea,2026-08-23T15:20:27Z,2026-08-23-3
2026-08-22T11:00,3a45dd4ad98b35c86cea6674b14000a8a254d2899f66d47954423cc73178ce8c,2026-08-23T15:20:27Z,2026-08-23-3
2026-08-22T11:00,3a525803c5f92d04d019f4df0a7987d48dfe5c65fb7f871e64de112b9be47347,2026-08-23T15:20:27Z,2026-08-23-3
2026-08-22T11:00,3a6de717787bcdef179066a1c377407c13f09b1ef64857c5149babbafc416361,2026-08-23T15:20:27Z,2026-08-23-3
2026-08-22T11:00,3a80d3040866e8c79e3e288b9acbca818300e0b8f21dc0a09af50c6e17de6344,2026-08-23T15:20:27Z,2026-08-23-3
2026-08-22T11:00,3a8bb16f013e28299ec6b6fe2bd6952e3f44b624f59bb77e120f9349f522c946,2026-08-23T15:20:27Z,2026-08-23-3
2026-08-22T11:00,3a8f7727771b2f0e8f460e279ef52bc7075148fefe1f4bdc1b7454dfe8039746,2026-08-23T15:20:27Z,2026-08-23-3
2026-08-22T11:00,3a981d702372e286d7ff20d8f26bdaae16fa58363df3801052bdcec2f3b29929,2026-08-23T15:20:27Z,2026-08-23-3
2026-08-22T11:00,3aaca0cdc3d4d93952dcc03d207265059c8f3b06e81363e6b46798c4929e637f,2026-08-23T15:20:27Z,2026-08-23-3
2026-08-22T11:00,3abe5c1b8db074215c59f991e315110283dfbc8406ac42bd8f4d5a55041472c4,2026-08-23T15:20:27Z,2026-08-23-3
2026-08-22T11:00,3ad0e8eb8e09df367cdc487e632b234b58784febff4a48790e1cdf71671e36e4,2026-08-23T15:20:27Z,2026-08-23-3
2026-08-22T11:00,3add516dae33eedcb47df34757a89a24cd19ae4f208860c113e6a94d5b8b56e7,2026-08-23T15:20:27Z,2026-08-23-3
2026-08-22T11:00,3af68e6b4c15335333c1f7f8cd3a57210a8ce0ec1ff62eb38bd3dabc57e85009,2026-08-23T15:20:27Z,2026-08-23-3
2026-08-22T11:00,3afb24d18601c4947926d27ef2c4d2822c04f299a81dce91b5d5da0ba5905ba2,2026-08-23T15:20:27Z,2026-08-23-3
2026-08-22T11:00,3afc966258b144c45cd7f6c6d08e7b8e0ab3b3188b4be0cda780f924e51c475c,2026-08-23T15:20:27Z,2026-08-23-3
2026-08-22T11:00,3b179a61d55c9b200d111684a0b6de2fa8b01753614e59976b4224b454d87236,2026-08-23T15:20:27Z,2026-08-23-3
2026-08-22T11:00,3b2e3cc08e08c0f5f7b59dd3ebae1b29cd2bc899ab2d408055d8069d68391f0b,2026-08-23T15:20:27Z,2026-08-23-3
2026-08-22T11:00,3b322c62e76f01fce768cd1e858b7ac06149048917a7d9fd86b420a5dfd3dfe6,2026-08-23T15:20:27Z,2026-08-23-3
2026-08-22T11:00,3b34082a66bc66d5f488b3bbbbec1b61732754db6d26fd679581f0709f219d13,2026-08-23T15:20:27Z,2026-08-23-3
2026-08-22T11:00,3b3702f272bd2dc992f5e456f882e03f1313028e5355327d8f0f7e6752d34a3e,2026-08-23T15:20:27Z,2026-08-23-3
2026-08-22T11:00,3b4af27b2d65e3ee1815dd470f629755ed703365554d20909463fac84e63d25f,2026-08-23T15:20:27Z,2026-08-23-3
2026-08-22T11:00,3b4e959bd5949ae25fdc4dd267b011ffb85a2c0c1f56db8c2e2abf9bcde0acc3,2026-08-23T15:20:27Z,2026-08-23-3
2026-08-22T11:00,3b6a4c260e20b9c08d5dc572472e83981485aefbebf4cd30436f46d42e0545c3,2026-08-23T15:20:27Z,2026-08-23-3
2026-08-22T11:00,3b715ea69722289b3223b604f49d0d658f14e76b559c0de7515a47481bf93617,2026-08-23T15:20:27Z,2026-08-23-3
2026-08-22T11:00,3b7b0e4cc24525dc4f9620f48c370ad1ff79541b4fdbcea7c1e6f28b53d0a181,2026-08-23T15:20:27Z,2026-08-23-3
2026-08-22T11:00,3b81110dcd9b3a7b4bc1d0c207caf573e1376e879f67abb41f902421726d952d,2026-08-23T15:20:27Z,2026-08-23-3
2026-08-22T11:00,3b961c2da6553ff0a9e4021b4aea177173d121cebcb179cb7e6856ab1331aff8,2026-08-23T15:20:27Z,2026-08-23-3
2026-08-22T11:00,3ba430fbae2c16affd7cae902a68189e10172ce12caed1cf3698047b1ce5da1b,2026-08-23T15:20:27Z,2026-08-23-3
2026-08-22T11:00,3bbc1ce4e45df96e45461a44bc18da53af80b076c4d294386c3860c867a26929,2026-08-23T15:20:27Z,2026-08-23-3
2026-08-22T11:00,3bbc92d9c76ebc831d0dfe92f278c242ddaa74233cacb001ee8ec687483ee577,2026-08-23T15:20:27Z,2026-08-23-3
2026-08-22T11:00,3bc427b742a219a9631f35b79258a5f5a216c60a65eb8ff021316cc4d2b45ad2,2026-08-23T15:20:27Z,2026-08-23-3
2026-08-22T11:00,3bd2405fa849103b3ec70e7228faf3ca750e7f5210e5e28722631e18bf03332a,2026-08-23T15:20:27Z,2026-08-23-3
2026-08-22T11:00,3bd2f5f9b0ecd2b9499b348c6324185d73716b20eeae3afd96e1b59da9309193,2026-08-23T15:20:27Z,2026-08-23-3
2026-08-22T11:00,3bdf60a3bc88065842b99d64d9a1a65045516cb221533fd091795f57f5272b7a,2026-08-23T15:20:27Z,2026-08-23-3
2026-08-22T11:00,3bfaa356c5ba19fc14fc198750ff9244b6d1975b3d1245b6044d6b98efdb42e8,2026-08-23T15:20:27Z,2026-08-23-3
2026-08-22T11:00,3bfe7b10255bd092079eb86392adaa1f5236a15b3a1e21dae4c037d9c137ad33,2026-08-23T15:20:27Z,2026-08-23-3
2026-08-22T11:00,3c05e74ae5641441981454c093043beb9f45d2206dd75e466504ec0e253d0f29,2026-08-23T15:20:27Z,2026-08-23-3
2026-08-22T11:00,3c0879a16d177682dddf16c83a02d0eb10df11484c1bc314255943e4a622f8b2,2026-08-23T15:20:27Z,2026-08-23-3
2026-08-22T11:00,3c2715ba8c646fe77a573e427c8727880d625ffc664e9a37f64a713af941c4cf,2026-08-23T15:20:27Z,2026-08-23-3
2026-08-22T11:00,3c295fdffd0454ca255d11737be0fee24a95c758f54bac136cf61129027ef867,2026-08-23T15:20:27Z,2026-08-23-3
2026-08-22T11:00,3c3313ba5d58b91883329fccd9b39f37ec48e56041d63e0a3648029bc1acbd78,2026-08-23T15:20:27Z,2026-08-23-3
2026-08-22T11:00,3c5bc343da81b006a838bb5124c7f995fea7ca3f0b8589d6037ca68ae89d8073,2026-08-23T15:20:27Z,2026-08-23-3
2026-08-22T11:00,3c5c53c136416e5752dedd5872d677e0488c045b8b0ca4ae5fd786b0460be14f,2026-08-23T15:20:27Z,2026-08-23-3
2026-08-22T11:00,3c6607100881462bffc5a3403210b15da62018a4c9110c1c2a26f1f8159f010d,2026-08-23T15:20:27Z,2026-08-23-3
2026-08-22T11:00,3c854090d0438c37194ee56a7d8bb0c82b6aa29668831480053f43ad970ab45e,2026-08-23T15:20:27Z,2026-08-23-3
2026-08-22T11:00,3c85c0f8986dd84d80edd8582df214c20bd1857a1c22fbd18e4c5833634aca94,2026-08-23T15:20:27Z,2026-08-23-3
2026-08-22T11:00,3c8c6b550e770900be43915d00e4888c2fe8a8b47eaba7896ee5914aca195b67,2026-08-23T15:20:27Z,2026-08-23-3
2026-08-22T11:00,3ca1ac9c054d3292ba3ae5fc62f90c126b37da0b8089f1983a476a963f44a085,2026-08-23T15:20:27Z,2026-08-23-3
2026-08-22T11:00,3cae9eec4c8b0201f9863d65778a0bb43b12360c79b39e7af33cf0e1652b58ad,2026-08-23T15:20:27Z,2026-08-23-3
2026-08-22T11:00,3cb113d368841a6fe6e92af20150b57ecfbcfd3be90dc4c27ed3210a3e06ab42,2026-08-23T15:20:27Z,2026-08-23-3
2026-08-22T11:00,3cb5a4a2a120543d6e5d76e457abff587a889119587ba7553d71dfbd0b907e87,2026-08-23T15:20:27Z,2026-08-23-3
2026-08-22T11:00,3cd5d475eb6f4137cf479f7544bc3cf717aec3e5e0532073632ccb898f2ca1d1,2026-08-23T15:20:27Z,2026-08-23-3
2026-08-22T11:00,3cd7dd87e0bc907625c42d828b1a58a5ab4d4d53dfbf4d5a82217fb4664b2460,2026-08-23T15:20:27Z,2026-08-23-3
2026-08-22T11:00,3ce04cc349e98ed020c689c71ea0cf06d6776d31161e3f6b04a663edfd3f1ac2,2026-08-23T15:20:27Z,2026-08-23-3
2026-08-22T11:00,3ce97f6a8c6c0f291d07328da64177d1e2cd5dd49d68f0d44bb8bed29bfa99e8,2026-08-23T15:20:27Z,2026-08-23-3
2026-08-22T11:00,3ceb6dcbd2c648880d9e6bc47f0167f4a2c4e54f84770d241a14e4f179f58a59,2026-08-23T15:20:27Z,2026-08-23-3
2026-08-22T11:00,3ced5ba9a52b70139f32fbbbf9a792897c7ebe10091c9f6f4586c2e1d296b014,2026-08-23T15:20:27Z,2026-08-23-3
2026-08-22T11:00,3cee15ce21aa5884b5131001df2d8d6d36ae30043a1852591f4ee7142a684c09,2026-08-23T15:20:27Z,2026-08-23-3
2026-08-22T11:00,3cf2c6bb9aa27e44aedc33d99d63dd746ca61b1778a0c37b1e2d41c6cbac7559,2026-08-23T15:20:27Z,2026-08-23-3
2026-08-22T11:00,3cf71528e601f2c61764bd2f11e520fcabf4f3d657b7b5cc19289ba3368e4330,2026-08-23T15:20:27Z,2026-08-23-3
2026-08-22T11:00,3cfde46429d5cbfeda4b7678f18909ecbbc6134df642534cd6d3d81f6f437176,2026-08-23T15:20:27Z,2026-08-23-3
2026-08-22T11:00,3d0c668b3e292a4f550a5a1dea08387bc900bfc2837a287a5e723db4102301d0,2026-08-23T15:20:27Z,2026-08-23-3
2026-08-22T11:00,3d13c9453cfade3d49e38bafe73d28ac7d1207c66715976bb7f41c8218dd5927,2026-08-23T15:20:27Z,2026-08-23-3
2026-08-22T11:00,3d196224ab27a2df369cbcf0994d8b85125e1e44f774a26b897579f4f210801c,2026-08-23T15:20:27Z,2026-08-23-3
2026-08-22T11:00,3d293869c3ae62396dc43f6e66ce6bbd6765e9af19c03f84fa634102178d1251,2026-08-23T15:20:27Z,2026-08-23-3
2026-08-22T11:00,3d3120a26a7be7ab69f59752c1aed5a0cc4cbb851a8712bd2ac5412e91ae5cd8,2026-08-23T15:20:27Z,2026-08-23-3
2026-08-22T11:00,3d3db2d0438a125d0b0e9dd47332071f22b18f424265f5f1226d4171f7be3a7a,2026-08-23T15:20:27Z,2026-08-23-3
2026-08-22T11:00,3d462a37e82b391b5a31a6414b9aefff4d08d7df346e5dc56afcbbe115b049f4,2026-08-23T15:20:27Z,2026-08-23-3
2026-08-22T11:00,3d4a858e39f7bfe41feb4026fcc785cec7267531fd9086d095daa1259dde427c,2026-08-23T15:20:27Z,2026-08-23-3
2026-08-22T11:00,3d5457da2e76530a3fdbf5c7bec11608ade5d8884d1e265f57bacf37ddb553e1,2026-08-23T15:20:27Z,2026-08-23-3
2026-08-22T11:00,3d5afe250064a98555adfe27cc5dc889bd4f66f822d9d65e33c1b51d57e5691e,2026-08-23T15:20:27Z,2026-08-23-3
2026-08-22T11:00,3d68a407caae981c0b54faa7840c9206a540fbc9bcceab3d84fbb7c8ba332fc1,2026-08-23T15:20:27Z,2026-08-23-3
2026-08-22T11:00,3d6a3aaa0f0e3de99216e1f4e73d64117bdf92ff672e2f82cce2bc50452fabfe,2026-08-23T15:20:27Z,2026-08-23-3
2026-08-22T11:00,3d78855a9169a1054a339ce0f7a29b9ff1b49ee4d1e7e0fa07f79582eb024ee6,2026-08-23T15:20:27Z,2026-08-23-3
2026-08-22T11:00,3d7f60c71b897a4dab241f57ba70a344443cfe8cd96cbe1c0d48fd4d6f3c002d,2026-08-23T15:20:27Z,2026-08-23-3
2026-08-22T11:00,3d8516781a90e904893042bea70e9723321573ffc18f6217c98cb8d01022eab3,2026-08-23T15:20:27Z,2026-08-23-3
2026-08-22T11:00,3d99cf87d464b7af5461cdf1dc29e5bd6c5c008df9a0bfc30a0f3b0c56ddb179,2026-08-23T15:20:27Z,2026-08-23-3
2026-08-22T11:00,3da06b55f73b9af36f02898f8d2e7d272734a24c89df00f4b837ec41eeb64c80,2026-08-23T15:20:27Z,2026-08-23-3
2026-08-22T11:00,3dabc6df944cf0176e8d8e38f0dbcc58a961e30c846fd1ff5b25645eed3e2919,2026-08-23T15:20:27Z,2026-08-23-3
2026-08-22T11:00,3dc6632530650759994068a852e4d4c9a1c7f87b30fe48229fe1113ee2877f48,2026-08-23T15:20:27Z,2026-08-23-3
2026-08-22T11:00,3dd0b9cc15751747bd32c23d90cbe621e2d78e0f80be949efef92cff87ef529b,2026-08-23T15:20:27Z,2026-08-23-3
2026-08-22T11:00,3de0de5a25fc4b0bddf6381631ce195c59532bf683b691c6c3212eb9ff85300b,2026-08-23T15:20:27Z,2026-08-23-3
2026-08-22T11:00,3de3c09afc72e96b6ae8dac24a1d82d0aefa744ae4187cd905feedf0cd157f1a,2026-08-23T15:20:27Z,2026-08-23-3
2026-08-22T11:00,3de9e3fcae257e2facccb619cbb42b566a2c1fee2e8372cd132b68263d898958,2026-08-23T15:20:27Z,2026-08-23-3
2026-08-22T11:00,3dec299964e674ad17605cbc5ef160c86c4f43bbf04fc6fd1a4d06c0b336e19d,2026-08-23T15:20:27Z,2026-08-23-3
2026-08-22T11:00,3df36fe0bf52bd72762c5fea1b829afe3b3095ba4d5e860acdd638fa82305ccd,2026-08-23T15:20:27Z,2026-08-23-3
2026-08-22T11:00,3e10b47f49b0929dbb18c69884b3981f00aa012ce9416b5809c7f390eccdfe1c,2026-08-23T15:20:27Z,2026-08-23-3
2026-08-22T11:00,3e1274213232afde16596fc34e4cd773f56195fddb6f31f1992eaf9b1e9f0d50,2026-08-23T15:20:27Z,2026-08-23-3
2026-08-22T11:00,3e172202414e454947c1ff0e3fbc91e1683a19b514052ad0f8f095739238202b,2026-08-23T15:20:27Z,2026-08-23-3
2026-08-22T11:00,3e1e4e4eb6ba1816237b11734632328cce4bb2cec0e66a6f335720a5382dfe1c,2026-08-23T15:20:27Z,2026-08-23-3
2026-08-22T11:00,3e25c33330e7022b45977557aef7bcf3532ff26e9edc62e34aa05baac7640229,2026-08-23T15:20:27Z,2026-08-23-3
2026-08-22T11:00,3e2aabdf18fc2210835c58e113cbe7368247a31e34b52f4b71dd4238a3116034,2026-08-23T15:20:27Z,2026-08-23-3
2026-08-22T11:00,3e2d514a9bb7d02d4b16faac60c54f41f29f70170e4ef752eb3b65008f81ecc0,2026-08-23T15:20:27Z,2026-08-23-3
2026-08-22T11:00,3e363e6d7df5c1c995216211e60ea7486bf1986a912269d549d904c02d03a423,2026-08-23T15:20:27Z,2026-08-23-3
2026-08-22T11:00,3e3838f478f519c6bf4ba0da804a289a37e54a08ff4f6fc10dfa2d8ac4609a4f,2026-08-23T15:20:27Z,2026-08-23-3
2026-08-22T11:00,3e40d6c6bf53687271104016719c5a8d7c75b7eca248e114efd7b793dd779b66,2026-08-23T15:20:27Z,2026-08-23-3
2026-08-22T11:00,3e462f731ad3fb5bdc0d1527af19a386d4eb870cfb958cacf029db8c4531b69f,2026-08-23T15:20:27Z,2026-08-23-3
2026-08-22T11:00,3e48e9f2f36f13442083f7316f27812cd841353c01d4e6f856aa7bc102e2495c,2026-08-23T15:20:27Z,2026-08-23-3
2026-08-22T11:00,3e59e3c6827dac01704bad666bd989b582fcb2e5ad2366515f9555b714883ba6,2026-08-23T15:20:27Z,2026-08-23-3
2026-08-22T11:00,3e5cb1161c7b9cf60f18f6e2a169158ffb5ee27598f96d8dbf889dc23cacf742,2026-08-23T15:20:27Z,2026-08-23-3
2026-08-22T11:00,3e6a3124a7408aadc92ba16f9f1461c82937c84b088a29072f54bfb31915a0c2,2026-08-23T15:20:27Z,2026-08-23-3
2026-08-22T11:00,3e72ae4e8f066d6b4ebe02f1e6ae9302466d2d15358e33aafac9308798371856,2026-08-23T15:20:27Z,2026-08-23-3
2026-08-22T11:00,3e72b4f077550506f59c6f3fd6b024fa77c8e80b2ad76975a570aa57d7dd1911,2026-08-23T15:20:27Z,2026-08-23-3
2026-08-22T11:00,3e75c0da932b10d2e0a1d0ac1629a12886907685011e8d36e75ba0d9869ac69b,2026-08-23T15:20:27Z,2026-08-23-3
2026-08-22T11:00,3e838af3a5d7786c7dd5077463a693346a84ab0dd0614c7e80b93f9f9f758996,2026-08-23T15:20:27Z,2026-08-23-3
2026-08-22T11:00,3e8a20f1ba49a3687a631d0eb86b0e8e77188a1765affe4d162c4ad6a1a89a25,2026-08-23T15:20:27Z,2026-08-23-3
2026-08-22T11:00,3ebc264124b7b042278c611849bdaeb44c11d3e041c6239f3f88636b4459cf3b,2026-08-23T15:20:27Z,2026-08-23-3
2026-08-22T11:00,3ec7662203580a8c7066c4174beae496816003df02ba13a42f0b1d6890028c1b,2026-08-23T15:20:27Z,2026-08-23-3
2026-08-22T11:00,3ed3ef29252e7fd47616edddeb4a403ea44624cdc3b8a83119ebedcfb6d0060c,2026-08-23T15:20:27Z,2026-08-23-3
2026-08-22T11:00,3eda8b3d6e4637573f3e95605effd365a5986f16fa5d1eed86878f6de8291bea,2026-08-23T15:20:27Z,2026-08-23-3
2026-08-22T11:00,3ee8a5fa4444bc23f74246f72497a51cd6898ca4ea0907f0452a8865ea5afeb5,2026-08-23T15:20:27Z,2026-08-23-3
2026-08-22T11:00,3eec9fb139cb49c358193a43c443e84242a5e5885bc0bfa5cbaccc1292495899,2026-08-23T15:20:27Z,2026-08-23-3
2026-08-22T11:00,3eedf77051b09b760718a5d76cf13efc2caa843cbc4ee79de2f4baeffccef331,2026-08-23T15:20:27Z,2026-08-23-3
2026-08-22T11:00,3efc4342b784ee3a0887c374371f9ec80df611de8b3a1a18a20d174ee466aeb5,2026-08-23T15:20:27Z,2026-08-23-3
2026-08-22T11:00,3f1dba1af6d2533548b556e9263fbb3627e89ed4077a0aff6e0c2e0fc6742e32,2026-08-23T15:20:27Z,2026-08-23-3
2026-08-22T11:00,3f232ed83a79ee1f09a31ff3f4a601d423ea0878b146d268c3bd5f5cc5519937,2026-08-23T15:20:27Z,2026-08-23-3
2026-08-22T11:00,3f2fbb20288a9085cb7ae6c869197bffbba771b9fc19659d66a0a02cc46816c5,2026-08-23T15:20:27Z,2026-08-23-3
2026-08-22T11:00,3f2fc24b77c528e9a798450340bdfafd50af18a6226179739e0aba81cce73047,2026-08-23T15:20:27Z,2026-08-23-3
2026-08-22T11:00,3f3037a20c228735acb63dc38abe1477d985e5b76a7ca7ca275b95d71df1ba62,2026-08-23T15:20:27Z,2026-08-23-3
2026-08-22T11:00,3f3d1a3bf458a1cd1d2dad10e91d7c44b7be440193b3a631ee95da56f5969009,2026-08-23T15:20:27Z,2026-08-23-3
2026-08-22T11:00,3f4122372dbb6bd9790f7745ecd545e33ff05beb3e5382c74cfb41308550741f,2026-08-23T15:20:27Z,2026-08-23-3
2026-08-22T11:00,3f5f77bb4273fb9cb9c51bcd125c647ba784fe21ddcf68b1e020bd77edcb654e,2026-08-23T15:20:27Z,2026-08-23-3
2026-08-22T11:00,3f6f4fa4474f9a323425933f3036032d9ed2f22dd535a54fcfca5000c829f94d,2026-08-23T15:20:27Z,2026-08-23-3
2026-08-22T11:00,3f6f7c192058dddc6f60e0520d79f31ad20444c0842a5bf8fd671952a7d2a15f,2026-08-23T15:20:27Z,2026-08-23-3
2026-08-22T11:00,3f703ff65ec620e53df7f341effb84698a783f1afb2030f941fe361fe9ad8539,2026-08-23T15:20:27Z,2026-08-23-3
2026-08-22T11:00,3f73ee5dc9cfd5baca313735ac04ff236fd8399bdd7354a774466d52472f56f6,2026-08-23T15:20:27Z,2026-08-23-3
2026-08-22T11:00,3f7946641231c1bd96015909a5c5b989fd44cba20c88fc2c13d38177deaf767a,2026-08-23T15:20:27Z,2026-08-23-3
2026-08-22T11:00,3f89e94f44724b318410048e73b56d70cf88f771d4d1c029d992eddb0b72b02c,2026-08-23T15:20:27Z,2026-08-23-3
2026-08-22T11:00,3f9a7c01fa8a5e89f3fa8ec22f7f7a85308f9b574fd42a2384cc44c51f905ea0,2026-08-23T15:20:27Z,2026-08-23-3
2026-08-22T11:00,3fa49e22b43388c6759cb7898fc9088cbe80b38aa03e9cb275663c7784034068,2026-08-23T15:20:27Z,2026-08-23-3
2026-08-22T11:00,3fa619376d371f0a091ecb42162c10ce50a86a096572d4185898e7b3c8082df6,2026-08-23T15:20:27Z,2026-08-23-3
2026-08-22T11:00,3fa90ff33628ef0b85f770e1f448d9510bc02ee095e2114fcf6131c8553be6f0,2026-08-23T15:20:27Z,2026-08-23-3
2026-08-22T11:00,3fb14968493dc68260e4892ed338c85e26c34d1f5bd0189f7fdc8ddef48ad531,2026-08-23T15:20:27Z,2026-08-23-3
2026-08-22T11:00,3fb48510449f5d0d0230b10aa4ad0fc15865bc8d8bc918ad04bf7c601dee4bd0,2026-08-23T15:20:27Z,2026-08-23-3
2026-08-22T11:00,3fb8ff13848b4b5ae7f9ef583f442b2c4e04beca3f60c5c9f46303d6e592cda5,2026-08-23T15:20:27Z,2026-08-23-3
2026-08-22T11:00,3fd5f55a253df7049bdacfb679536f148c41931a7b68c3ca27cf08496c2f2219,2026-08-23T15:20:27Z,2026-08-23-3
2026-08-22T11:00,3fdfbee0f4329f1ff43bb68680a84b6fdb4c6df9ad4729a3bcb46c6d34ec98f9,2026-08-23T15:20:27Z,2026-08-23-3
2026-08-22T11:00,3ff02964da6b7f4fea83906b54535d5964d43b96117d6a1ed402353b95aa89d8,2026-08-23T15:20:27Z,2026-08-23-3
2026-08-22T11:00,3ffc1240d6c9f23f58a4cfe4fa5fea6b34544090f87db29820a1d832706ca493,2026-08-23T15:20:27Z,2026-08-23-3
2026-08-22T11:00,3ffe418930d39a21796daa78b63021564b67c2ed968277fd5d0f24b7591865af,2026-08-23T15:20:27Z,2026-08-23-3
2026-08-22T11:00,40010aa33c6bb36164e213088bc56196a288d13e7d952a433a231ed82c88674e,2026-08-23T15:20:27Z,2026-08-23-3
2026-08-22T11:00,4001a0c4bd41c556dafa9cf29c8dd370a3b641a2b9d7a72577ce133177df4db1,2026-08-23T15:20:27Z,2026-08-23-3
2026-08-22T11:00,401b56e0a5b91e32c13a3e2bb1fc8e72f8a25f6b7351b9bb2695160c3c02738a,2026-08-23T15:20:27Z,2026-08-23-3
2026-08-22T11:00,402291f35a2d16ab28e9f7d54806b8480f640deae5d73eb21e283591708a2c8a,2026-08-23T15:20:27Z,2026-08-23-3
2026-08-22T11:00,40292ff826a4a9c8d6bcbc33f8dbd679099210e4f08ea8c800e7dd5d1f6f3e56,2026-08-23T15:20:27Z,2026-08-23-3
2026-08-22T11:00,402e4cf4a0dd101e5edba7600f6fcc3c1c9302f9c534dca0480df99235459fa6,2026-08-23T15:20:27Z,2026-08-23-3
2026-08-22T11:00,404f759f0a90603df79141fa6b93e9256d94178669d0693cea3b446f9859d948,2026-08-23T15:20:27Z,2026-08-23-3
2026-08-22T11:00,404fadfec05bc39c5e26a884101a480a824d4840fde5f541c356dcdcfbcc4778,2026-08-23T15:20:27Z,2026-08-23-3
2026-08-22T11:00,4060f3a148315c426aff71ed22327f8cf7d4375ffc7fa9bf8d004c1e63b6942b,2026-08-23T15:20:27Z,2026-08-23-3
2026-08-22T11:00,4067bbfc09fb7c9d614daa210dd46ffec6ef210dc455fffabf0cbbb5bb971601,2026-08-23T15:20:27Z,2026-08-23-3
2026-08-22T11:00,406b8bbb19b72968719ea36c946ec2934575fa31fcbc5a91645658ff9baee31d,2026-08-23T15:20:27Z,2026-08-23-3
2026-08-22T11:00,407374e0cbe515524601cdfc4da00b5c8636bdb00fa09ef1ae2a5d549e650e72,2026-08-23T15:20:27Z,2026-08-23-3
2026-08-22T11:00,407f7c69ffbce6bc006e7454005106e61bfe51064603b772c4f204a6b1e27d77,2026-08-23T15:20:27Z,2026-08-23-3
2026-08-22T11:00,4086c0199cd2da9c1d41a673d266507016c0f47e728bb57dbfe441cf6651528b,2026-08-23T15:20:27Z,2026-08-23-3
2026-08-22T11:00,408b38efbeaf98345db9e65458c10fd71fa691d7fd6ae54957b64edccec0b4a0,2026-08-23T15:20:27Z,2026-08-23-3
2026-08-22T11:00,40a50b7e6a64babb4dd0d12047fa6e71b2354a400b3b45c1725843940cf9de31,2026-08-23T15:20:27Z,2026-08-23-3
2026-08-22T11:00,40ad77509dfff3c034e33d1f1f8b3e80feb80dc04f5f43c3d4b4a73abeb26011,2026-08-23T15:20:27Z,2026-08-23-3
2026-08-22T11:00,40bdf27f2404bc9a663e57297bcefa8fd76ab4dcdf8db8c11fd12854887d88d2,2026-08-23T15:20:27Z,2026-08-23-3
2026-08-22T11:00,40cf84213d2b0180825154c855574956319b27a4879cf3fc8b66b71b2f5e2410,2026-08-23T15:20:27Z,2026-08-23-3
2026-08-22T11:00,40d1ffa901d7ab0fdbabb0249647ebe96ab4bc40080216c576b32e75f1b3f96d,2026-08-23T15:20:27Z,2026-08-23-3
2026-08-22T11:00,40d851324f938c57ef898fa3576f60805350e7e717d89b6fe4c5d500e642faf6,2026-08-23T15:20:27Z,2026-08-23-3
2026-08-22T11:00,40da237b2e2cdd8b22168ccb48b6903fb038f6522a3148b5acb2a9c67eae52ea,2026-08-23T15:20:27Z,2026-08-23-3
2026-08-22T11:00,40e3a9d97ff1367780962dfde94f3cd43c4baa9465ada10132e27bdbdf6d89e4,2026-08-23T15:20:27Z,2026-08-23-3
2026-08-22T11:00,40f94175f03841a9e34ea46f122b3f40e4996e8598a3636448d18951b598a015,2026-08-23T15:20:27Z,2026-08-23-3
2026-08-22T11:00,41061f24bc6d98bd443a0cd4c13aa4262e862af421d1d55aee77116c00a64707,2026-08-23T15:20:27Z,2026-08-23-3
2026-08-22T11:00,411305e97bfb063bcab0ff4c318ebd8c8b8b295d7f590a559ca99b1453f5ca80,2026-08-23T15:20:27Z,2026-08-23-3
2026-08-22T11:00,412595d30361bd81a1ff22e872e9115591631555901000d8a03603d910070137,2026-08-23T15:20:27Z,2026-08-23-3
2026-08-22T11:00,41270e4d093974b22c3c2a01017f73fbf46a86b2ac1399f9df793dc6894719f1,2026-08-23T15:20:27Z,2026-08-23-3
2026-08-22T11:00,4128f9cd8354e20aa42371c66ad326bcf4e05f6210bb4611dcf9d9b9a4216e2c,2026-08-23T15:20:27Z,2026-08-23-3
2026-08-22T11:00,41397e50e86ff22441478809f30e7486b15a16804e798709957cefe3d66c286f,2026-08-23T15:20:27Z,2026-08-23-3
2026-08-22T11:00,414538245782acfe775a63cfe94026858f52d1c2857f278115ada35121f46f9f,2026-08-23T15:20:27Z,2026-08-23-3
2026-08-22T11:00,414643f6da55f247f347e7a3a1f79844ec2b9745c03afb5b0f6c06dbe71fbbea,2026-08-23T15:20:27Z,2026-08-23-3
2026-08-22T11:00,415aab5e6ce634a5304fecb786589fd30ce748584bc22253eb7dc21c43f62486,2026-08-23T15:20:27Z,2026-08-23-3
2026-08-22T11:00,4161d497270df135109635e9ed0dca50959b4c0310e6307d3b02b3b76d9862fa,2026-08-23T15:20:27Z,2026-08-23-3
2026-08-22T11:00,416ceae48223acfba9d35337d9bbd59999e006a2ddb5938ac482f25c7816fd08,2026-08-23T15:20:27Z,2026-08-23-3
2026-08-22T11:00,416f1a5451204a23bc78b1100731c41d9b1289be295e3faf82293834175c736d,2026-08-23T15:20:27Z,2026-08-23-3
2026-08-22T11:00,416f7d900269bf81de34424a7343a16c2945110d99d918407f117ab72f0cc2b7,2026-08-23T15:20:27Z,2026-08-23-3
2026-08-22T11:00,41724d8cf80e4b7f5d399c1cbe5a816c221768ccc764fefb701ce058f3527392,2026-08-23T15:20:27Z,2026-08-23-3
2026-08-22T11:00,418802c573b16d95b9ca2684b4bd9fad9c7ec95f383430e1a28218f7defc933e,2026-08-23T15:20:27Z,2026-08-23-3
2026-08-22T11:00,418a2c729dd9d9d8c1441730ac6a86265d282bbf1ab44e9727a2cdba2f6cdc1e,2026-08-23T15:20:27Z,2026-08-23-3
2026-08-22T11:00,418b4ac9f75161ee32261fae06df407ebe27fa0cb0d1a04bd2637a2543a542ec,2026-08-23T15:20:27Z,2026-08-23-3
2026-08-22T11:00,418ed8f02e788c901c9f551cd59186aff16f4726ca2bc318f86c36fdc98cde04,2026-08-23T15:20:27Z,2026-08-23-3
2026-08-22T11:00,4194052876c1e642e4e94eae9982241e4c4d9ac472538070205e94247b6d3f9f,2026-08-23T15:20:27Z,2026-08-23-3
2026-08-22T11:00,419d8c6232d2a2ef89029d4817ffb0c062c311fe6670d7c365d95a727638420d,2026-08-23T15:20:27Z,2026-08-23-3
2026-08-22T11:00,419dabc9b23c794e7e1e78d0ba3ba9c8b4bda9d7bf0b78cb4acc137676d217d5,2026-08-23T15:20:27Z,2026-08-23-3
2026-08-22T11:00,41c470b2e565860169905fab72061260a5c7e22b97a510158f1ef17dde7906f9,2026-08-23T15:20:27Z,2026-08-23-3
2026-08-22T11:00,41c502c537de915e604660b7a6390c13d2e9309b3080434af6cbf0b2701cacb2,2026-08-23T15:20:27Z,2026-08-23-3
2026-08-22T11:00,41c9c9bdc758ded759ac31b7a0227c721b8ac8f8927718bbe70127a4bfe0d9b0,2026-08-23T15:20:27Z,2026-08-23-3
2026-08-22T11:00,41d01a532ba339085f8232d4d312595e258e98aacc402966133dd4c19a4ade7d,2026-08-23T15:20:27Z,2026-08-23-3
2026-08-22T11:00,41fa4883c950de169e1456474fc61f96def654747c48874506818fd2558797a9,2026-08-23T15:20:27Z,2026-08-23-3
2026-08-22T11:00,420f43ea89e7148af92f4b69e104e250977b80296852feddad417cad270c6b82,2026-08-23T15:20:27Z,2026-08-23-3
2026-08-22T11:00,4210778bd09e7ee39f18af6b659a1fc8f06c2b40e969af7d58cd70fbb4b23d1b,2026-08-23T15:20:27Z,2026-08-23-3
2026-08-22T11:00,42178172ec5f853229e3969b79710d8ba2e2cd4d979f64cc20056073af349374,2026-08-23T15:20:27Z,2026-08-23-3
2026-08-22T11:00,4218beada464fab4b5111f8b817be5ec3505c9d5d45c1a50a195341f1ab6fead,2026-08-23T15:20:27Z,2026-08-23-3
2026-08-22T11:00,42435d1a22d3686e17bbee80f593bf912c5e0223e09def2ed560a7e5ddcc6ddc,2026-08-23T15:20:27Z,2026-08-23-3
2026-08-22T11:00,4248e54a08efebe0736a1aba1b041a8b56b0ba0769d4f97526188374b380d331,2026-08-23T15:20:27Z,2026-08-23-3
2026-08-22T11:00,4251e8f101c91ed20dde713eafe103f6a6cb508990c58ffc60e75bcceb563808,2026-08-23T15:20:27Z,2026-08-23-3
2026-08-22T11:00,4259c187bdd0e79845b13a596139790a60aff40a19418039d49a3615ccb50954,2026-08-23T15:20:27Z,2026-08-23-3
2026-08-22T11:00,4259f67ed51c68f9bc17bc49e475abf54e0284888b45525de56679722998577f,2026-08-23T15:20:27Z,2026-08-23-3
2026-08-22T11:00,4269e32dfd31f3f5da8abc49472164f07def59e6f5b64fd17913fe054b346b86,2026-08-23T15:20:27Z,2026-08-23-3
2026-08-22T11:00,426ad2e6bdd49ead7a021d18862804887ec11a8086ee509dd2ac07819f9b9c76,2026-08-23T15:20:27Z,2026-08-23-3
2026-08-22T11:00,42776a2ec97a96b7ca67745fbc93b19117c1daaeab4b85e7c990f3e8d058d795,2026-08-23T15:20:27Z,2026-08-23-3
2026-08-22T11:00,4295af1c73964ca838e50aa30eec9dd02e4911a4a483cc2df2835902e2b6306a,2026-08-23T15:20:27Z,2026-08-23-3
2026-08-22T11:00,42a12414e46ba3c326659cb47e34b59b39f3a86f6fe2f621859e2430796d6345,2026-08-23T15:20:27Z,2026-08-23-3
2026-08-22T11:00,42a58dd81b272b7e494c784eb502bd8851f8eb8d78271878568982845f9a70e1,2026-08-23T15:20:27Z,2026-08-23-3
2026-08-22T11:00,42ad9c84d2fa682bda471b0f5662b268c36d98063261a5c0cf4a2335cb67d53e,2026-08-23T15:20:27Z,2026-08-23-3
2026-08-22T11:00,42ae9362c823e98dfe00f44432f21532b1f6a1a7cdccac04f390a6714dedd55d,2026-08-23T15:20:27Z,2026-08-23-3
2026-08-22T11:00,42b1adc7739ed11ab68a4ef4b96542527bc3845c68d129760b1817642c673a74,2026-08-23T15:20:27Z,2026-08-23-3
2026-08-22T11:00,42b3b903c4be5cf1ed3b785c67ab51e103b328416084aabbdce97279924c0bb8,2026-08-23T15:20:27Z,2026-08-23-3
2026-08-22T11:00,42c918bb6e48daea5c8d57b31f59bbb1d88da852d5e8988983d922db4fb52741,2026-08-23T15:20:27Z,2026-08-23-3
2026-08-22T11:00,42cb55a8607095918d4c3292853ceb5faadab03fbc4006292648d952aef698f2,2026-08-23T15:20:27Z,2026-08-23-3
2026-08-22T11:00,42d947529fca2091a8744d407ef50ded08dbcbfdc0d8a93c46b7dc46d1a2ae2c,2026-08-23T15:20:27Z,2026-08-23-3
2026-08-22T11:00,42fc3cf37bb3ae530aae8a7680808fa167f8d3d5e08c83e64740d2efbb597616,2026-08-23T15:20:27Z,2026-08-23-3
2026-08-22T11:00,43063002afacce797aca555f1f4d7edd73d82c95d9f9364846a395d9fcfa1dc7,2026-08-23T15:20:27Z,2026-08-23-3
2026-08-22T11:00,430fdbe05b971cc2cbc4d34eb68b10547491b4af6f75433229d82d4c097e9393,2026-08-23T15:20:27Z,2026-08-23-3
2026-08-22T11:00,43139a0d6e1bd34824f563d4ab4c675cfd979e237ec4f3e77c9a1ef0b4a563f2,2026-08-23T15:20:27Z,2026-08-23-3
2026-08-22T11:00,431593224685dc008c84024e24b3c8f1b75671f23cb15f70e0bf484bfcdd40f1,2026-08-23T15:20:27Z,2026-08-23-3
2026-08-22T11:00,431ced77545ae06eccfb913524d42a189c98f6942eaee2b4661fd7b8b7e4878b,2026-08-23T15:20:27Z,2026-08-23-3
2026-08-22T11:00,4325d9bdf747a65b48a058b7ac32957c13dfb2779f1f014a4680de094a30dbdb,2026-08-23T15:20:27Z,2026-08-23-3
2026-08-22T11:00,43294dc1f641c33a2d37dc2bfe75514aa657e6eadc87cbc32fe836e3d4dca81e,2026-08-23T15:20:27Z,2026-08-23-3
2026-08-22T11:00,432c23c0dd1c00f1ba41d7bd12b90441ba2e9fa6410bb9bf491586c911b2c75b,2026-08-23T15:20:27Z,2026-08-23-3
2026-08-22T11:00,434bb62e0a1e48aca17e14057986deaa8514a47710af911a7277e55cd2aa914c,2026-08-23T15:20:27Z,2026-08-23-3
2026-08-22T11:00,434ceae9853d0737782aec8a3f9c43f503683bf12721a5047f1d3f29bc67935c,2026-08-23T15:20:27Z,2026-08-23-3
2026-08-22T11:00,4372756b7a2ece88ba0f1c1df4d0f1f087cf5ea10990fefc4b35e1d22d4e03d4,2026-08-23T15:20:27Z,2026-08-23-3
2026-08-22T11:00,438201a5865970775481ee2b4541a1b285b8d4c983cb11d366b35df6a437681c,2026-08-23T15:20:27Z,2026-08-23-3
2026-08-22T11:00,43829855b23626bb0cbf916acefe5185a6bfca3eff08070cb6b2afdf7e7ce65a,2026-08-23T15:20:27Z,2026-08-23-3
2026-08-22T11:00,439a4d8f8c3ad4f2f4fd3c27bae9705bd6508420846d5558ba24b3c53ffb2c53,2026-08-23T15:20:27Z,2026-08-23-3
2026-08-22T11:00,43ac53c81311cce0e96329bf786f97f283229a0986c359306bf752939b138bce,2026-08-23T15:20:27Z,2026-08-23-3
2026-08-22T11:00,43b61fb18e500dd96c1d494a1b1d7be0fcde8e3583b938c9972d2e7f49e4b17d,2026-08-23T15:20:27Z,2026-08-23-3
2026-08-22T11:00,43c25797909203383cf5cf8c60a9cbf735b6cedb613fe36975cb91dc0c1d5ebd,2026-08-23T15:20:27Z,2026-08-23-3
2026-08-22T11:00,43c3185dbec3150a6c0ab5f0a7cde4a9ab4610bedc681fce3f33d93ce2c2f1ed,2026-08-23T15:20:27Z,2026-08-23-3
2026-08-22T11:00,43cb7efd66ff2048a246186cea5be7fe3fa9327f2cb87c83176039fe04d9082b,2026-08-23T15:20:27Z,2026-08-23-3
2026-08-22T11:00,43de5174297ef01e97e29d756f6720917e0e291f81cbccd05039dec0992f48ef,2026-08-23T15:20:27Z,2026-08-23-3
2026-08-22T11:00,43f337d8ddc63db78a16532b815c44928a32cf05a9d84d4614b8179a1b083142,2026-08-23T15:20:27Z,2026-08-23-3
2026-08-22T11:00,43f56d2ef938afbcf975d0819a69bf37209390da8af4bde263924c5f7002eb64,2026-08-23T15:20:27Z,2026-08-23-3
2026-08-22T11:00,4403bdb841eed424be177e161fe7b7c4677ee2560becc2ac3fa7f279ff242dfa,2026-08-23T15:20:27Z,2026-08-23-3
2026-08-22T11:00,441a8920ca8b01abec9edfa38f61905d6161180f112067e0f255236f71ea3760,2026-08-23T15:20:27Z,2026-08-23-3
2026-08-22T11:00,444ed3d21e7510e76743b6fcd73c7754ca05f61a0367eb74f7cdebd3f84bedff,2026-08-23T15:20:27Z,2026-08-23-3
2026-08-22T11:00,445c8096306e3d01b8d1efd9ed3d69658301991022f83c54164810ecb81e7778,2026-08-23T15:20:27Z,2026-08-23-3
2026-08-22T11:00,4460d5acca70daa599118422471e95228ce9deab7fc6addf0fbb94b9cc50b11e,2026-08-23T15:20:27Z,2026-08-23-3
2026-08-22T11:00,4462d26fe02bcbfabfa5eac1a72137e555da3a8c7448f10721cd04495cb835d1,2026-08-23T15:20:27Z,2026-08-23-3
2026-08-22T11:00,4464c87c921cfeb1dae28f109f80ada03ad05f86fc8c07208600e753fb9250de,2026-08-23T15:20:27Z,2026-08-23-3
2026-08-22T11:00,446578729c0557700a350c8db38e933ce4edf6b6ca733b6adb81d80f04187cea,2026-08-23T15:20:27Z,2026-08-23-3
2026-08-22T11:00,446d4c11104615091c5c826d1c781e46b7fa766a204419afbee0ea522f95f72c,2026-08-23T15:20:27Z,2026-08-23-3
2026-08-22T11:00,446f0739d5574fe927f648891d1bfbf87261e56dc65605c48460eea1a5ec54fb,2026-08-23T15:20:27Z,2026-08-23-3
2026-08-22T11:00,4473b5c541cafba38bde9eed6c7e33b10a945c7fae4bd49319fb9e6297e04321,2026-08-23T15:20:27Z,2026-08-23-3
2026-08-22T11:00,4473d86a26a7a5fe17b38dbdb6fd50789aacec22b4bfce0aa3edaad99c3d86f2,2026-08-23T15:20:27Z,2026-08-23-3
2026-08-22T11:00,44795a5ded5ce572a6a58873c0a12681d69175dca372abbd9a3a0159157adcbb,2026-08-23T15:20:27Z,2026-08-23-3
2026-08-22T11:00,447c476f9dbc5f3708c1e3e0cb9ffe39e77fabfa52e7981138a12ab5045f2df3,2026-08-23T15:20:27Z,2026-08-23-3
2026-08-22T11:00,447f622b1f8f6e3970e6e307d0a7490485c820719634aa4818af708635434a81,2026-08-23T15:20:27Z,2026-08-23-3
2026-08-22T11:00,448a39f0e227b2eaeb29745d0fc9fdc2fc8bca272459b8f0ee04fdc517dfef0d,2026-08-23T15:20:27Z,2026-08-23-3
2026-08-22T11:00,448ab2e5dc1ccbc62ce2dd0aa14ab37dfc767e7a166cad33046b595c336731ca,2026-08-23T15:20:27Z,2026-08-23-3
2026-08-22T11:00,449423b54ecc41bee41f1d9c02a3002e581558cb4f710a172bcbfb76130e5b82,2026-08-23T15:20:27Z,2026-08-23-3
2026-08-22T11:00,449ccb387170f48205feff44801f70c73f21eca3c368f75595fcd08b9fd4e227,2026-08-23T15:20:27Z,2026-08-23-3
2026-08-22T11:00,44a064f29dfd116df085360ace1c478bbb0e69608df18708277a2192d93f6fcd,2026-08-23T15:20:27Z,2026-08-23-3
2026-08-22T11:00,44a61bc456bd1dd31765001a8efc09c4c44b8e7d6d73ffd3df894bb689decc4d,2026-08-23T15:20:27Z,2026-08-23-3
2026-08-22T11:00,44f5ffd58af3459600364f528eebcbb65634a0807515a1c5ba0d8c1c842bf399,2026-08-23T15:20:27Z,2026-08-23-3
2026-08-22T11:00,44fa2dbd13cc6e7de0fa6c9360699a5acc0e9394d01ddfe2fa81231bc66a1d9d,2026-08-23T15:20:27Z,2026-08-23-3
2026-08-22T11:00,450d5ccfb1602dc277cdfc7081592af9d5770b23e6395d73e1190a55a4b14872,2026-08-23T15:20:27Z,2026-08-23-3
2026-08-22T11:00,451777ad488d6c8a886c411036b5894918ee8452afdb1419308c759885a87a50,2026-08-23T15:20:27Z,2026-08-23-3
2026-08-22T11:00,4517c6aea6e7343e97ad8c5d58f55680cfddba27243fe6d8e18bdbb9b315a1a1,2026-08-23T15:20:27Z,2026-08-23-3
2026-08-22T11:00,451df5c415975b33778c8c966e2ad5405f281ddee00c10f51487bae3db3a6aba,2026-08-23T15:20:27Z,2026-08-23-3
2026-08-22T11:00,4520062f8ac51fa53aea26cb09d5050fdfd63e2531c0913ae549a4869a27c8d1,2026-08-23T15:20:27Z,2026-08-23-3
2026-08-22T11:00,4520d82f7663b9268ba42fa486c74509b24a057ea94a6f41f7c427b5ad729691,2026-08-23T15:20:27Z,2026-08-23-3
2026-08-22T11:00,4524cfa895c6417e91cbaaeb0dd4162b36074f0e2852aa095c45e24737eb69f3,2026-08-23T15:20:27Z,2026-08-23-3
2026-08-22T11:00,4531044794d146a423878bdcd86d9bdc78ed629b28a009d0fecfaba4403ec280,2026-08-23T15:20:27Z,2026-08-23-3
2026-08-22T11:00,45321a48b23966b2e7043e08852bdfe11e035aa5306ca23e37462beead50b378,2026-08-23T15:20:27Z,2026-08-23-3
2026-08-22T11:00,45352f7023e262d289e3cef6e11eaa80d4cd5b16f9eb893330f41cfde5a0309c,2026-08-23T15:20:27Z,2026-08-23-3
2026-08-22T11:00,4548d9f845a88bbf17c96100897ffe720a6eaf1f8e8b62e38fdda25bb6e368d6,2026-08-23T15:20:27Z,2026-08-23-3
2026-08-22T11:00,454c31c98dbbec6b1477e7d6c9dd532c50961ecf409334517ab10ffd05f2ba34,2026-08-23T15:20:27Z,2026-08-23-3
2026-08-22T11:00,454ed7542563ef9c338854fb2637e9cc7a49f86f9e2d7574c53b4150a1470e18,2026-08-23T15:20:27Z,2026-08-23-3
2026-08-22T11:00,455a0b86d65ce2e72c4368912aff12694f177e4e2a0eb31331afe932f8a03046,2026-08-23T15:20:27Z,2026-08-23-3
2026-08-22T11:00,4564a01c70478aa6748376c0b702a2f0ab571c82e20bf45afd377f3841d7bbbe,2026-08-23T15:20:27Z,2026-08-23-3
2026-08-22T11:00,4586c5f3db353f7d037e30fd31269276ba967af06b005053f1d5456ba7abb250,2026-08-23T15:20:27Z,2026-08-23-3
2026-08-22T11:00,4593d80293d0625e3985ba87f7b865fa257ae174ccd251d685cf7525e772a7b6,2026-08-23T15:20:27Z,2026-08-23-3
2026-08-22T11:00,459b888b75db1d6da420b901a80063d4ca676e1b6b2cc62c3a4cddafa1e6f909,2026-08-23T15:20:27Z,2026-08-23-3
2026-08-22T11:00,45b3ae46177b7a4ab7a85209c02e9d48a6af53185ae214d21882a865d6a81eb9,2026-08-23T15:20:27Z,2026-08-23-3
2026-08-22T11:00,45be358c0c10b9ca2978ff39bf3c76c4209143bdd8940cc19da867afc785fcec,2026-08-23T15:20:27Z,2026-08-23-3
2026-08-22T11:00,45bf1766b2d65219e22fc722e1c3a2620bdece94279033dfd033583cc073e322,2026-08-23T15:20:27Z,2026-08-23-3
2026-08-22T11:00,45cd7975f6d2c6418eaabda25630ee7978fc5057c7c4c3fb49d80c01153df5f6,2026-08-23T15:20:27Z,2026-08-23-3
2026-08-22T11:00,45e6290103966c137e46619d0d9d2cd833ef84fd73e921dce38cabb1dbdd9c66,2026-08-23T15:20:27Z,2026-08-23-3
2026-08-22T11:00,45fc612692f5e1bcee38a77d1872547caf639b84458a43238ca94fc4b337f721,2026-08-23T15:20:27Z,2026-08-23-3
2026-08-22T11:00,4606c8869e887acedc951e8aad14ee0aaea455e0a3d976a156da2b89fe8fb067,2026-08-23T15:20:27Z,2026-08-23-3
2026-08-22T11:00,4623ee91a2b9e58fcd5cddb6d44c3dc15fbf4886b8c4009db275a9c00625e17a,2026-08-23T15:20:27Z,2026-08-23-3
2026-08-22T11:00,463a15e07c9a62f90ba7b8775d0446c6c8f6a0eac088bb25c852fa5dc3d79621,2026-08-23T15:20:27Z,2026-08-23-3
2026-08-22T11:00,463b01d5793bbfd3510704feae73839def163fb3feec7e7417bd0e872a856dec,2026-08-23T15:20:27Z,2026-08-23-3
2026-08-22T11:00,463b41d1da512d08086a0aaa8b123787761405373276f8fcdff8749ac44f7fc2,2026-08-23T15:20:27Z,2026-08-23-3
2026-08-22T11:00,46406310960860d9421d46da881249293b3fd035290b58b0d3865844d2fac662,2026-08-23T15:20:27Z,2026-08-23-3
2026-08-22T11:00,4644f83f2efb25916c7fba092b90243428f396d4838f3e80ca092c416efbf373,2026-08-23T15:20:27Z,2026-08-23-3
2026-08-22T11:00,464cf0b65cf16d468041977f463748cdd7d9a0a81c53526795d5c17109d0bc7f,2026-08-23T15:20:27Z,2026-08-23-3
2026-08-22T11:00,465c0db3a5021e7a7c819c271e5391ca5ec331d17d6cf5b01263a0fc68b67d48,2026-08-23T15:20:27Z,2026-08-23-3
2026-08-22T11:00,46629654acb5c832a77b52dd8a8698353477da575d000d118868fe45598430d6,2026-08-23T15:20:27Z,2026-08-23-3
2026-08-22T11:00,4663c43c58dab4ccde2f2151ddfa2925261effdf8a159f5fb3d553871c2dc08d,2026-08-23T15:20:27Z,2026-08-23-3
2026-08-22T11:00,466f584dd1e6cd63f2f7af240eef415259d9463ab723d182caef238cf201a45e,2026-08-23T15:20:27Z,2026-08-23-3
2026-08-22T11:00,4670970aca74481cec34ab627a8d76163af739bd3f87c4bfbf10b95dfacf381a,2026-08-23T15:20:27Z,2026-08-23-3
2026-08-22T11:00,46740237e09d0a926b571fe3e908b3a5130ee1bcd5342e594548d796bc3177b6,2026-08-23T15:20:27Z,2026-08-23-3
2026-08-22T11:00,4690a2698fd8d45ecae3503a6637b9f5dddea6431087e31163bc744f458ca0b8,2026-08-23T15:20:27Z,2026-08-23-3
2026-08-22T11:00,469345dd38743a921434036e2f16047d88d422bc87176a1ad5d4cb57dfbc13f7,2026-08-23T15:20:27Z,2026-08-23-3
2026-08-22T11:00,46993284e21e90acde0ed3a4cdda02a5dab9e06778508f8cd025226d249c58e2,2026-08-23T15:20:27Z,2026-08-23-3
2026-08-22T11:00,469adfcfe43e4bac6edb42535e5c5f6ad5e311fe893975420b233e096d6090e3,2026-08-23T15:20:27Z,2026-08-23-3
2026-08-22T11:00,46ac12ac63a9a8f00e78291473dc16f554e3e724c0143f7e8585be81377c4241,2026-08-23T15:20:27Z,2026-08-23-3
2026-08-22T11:00,46b3e364b73731677062f4a9768f7e118174d4b13989c0d576352836c297c4f5,2026-08-23T15:20:27Z,2026-08-23-3
2026-08-22T11:00,46b49eddfbaf833b32199519c4639da7b07085b9eaf31b15a22233e17f3a4ef4,2026-08-23T15:20:27Z,2026-08-23-3
2026-08-22T11:00,46b621e5a1ea77607199a5618b5c742d25f349612fdaccfef417a189cf71a7ab,2026-08-23T15:20:27Z,2026-08-23-3
2026-08-22T11:00,46c22dbb0ab7e2fdedee78a06f2da81d065b84cc3f6052fbb75242e1663b0435,2026-08-23T15:20:27Z,2026-08-23-3
2026-08-22T11:00,46dc99f439b31299abc607b76cf136819f1d8eeab811d8630fac931ce5f10696,2026-08-23T15:20:27Z,2026-08-23-3
2026-08-22T11:00,46fa625351eb31636f40bf6555118fbec29891e7eb25a19acc31ca9b38512370,2026-08-23T15:20:27Z,2026-08-23-3
2026-08-22T11:00,4703b9c4e0d1080bacf4408a7f830ad3e450937ce734928e2a80b3aacc7142e3,2026-08-23T15:20:27Z,2026-08-23-3
2026-08-22T11:00,4713922eef4403d3462bc5fd19d3ae67a465f07e3674184d341e7bcf67dfd793,2026-08-23T15:20:27Z,2026-08-23-3
2026-08-22T11:00,471865227f644483ff8230eb5f702d9581e7fdcc6ddea590439baec8ce9f8bd9,2026-08-23T15:20:27Z,2026-08-23-3
2026-08-22T11:00,4718a56fe53d842187c484c9fa7a3160bf1a1182c4843cdc3185d22725b10d56,2026-08-23T15:20:27Z,2026-08-23-3
2026-08-22T11:00,471dd21523259cb776b76155ca7fb9313336aeabc0081c634bf1ec626710321a,2026-08-23T15:20:27Z,2026-08-23-3
2026-08-22T11:00,4728340a9e307fb378f77f7410d441d152f7d5ff0ba2d4efbd27ef89004d6a7b,2026-08-23T15:20:27Z,2026-08-23-3
2026-08-22T11:00,473b8bb252de0f62139a2940cef1019eaed68a17431f21837b18a966c61b4772,2026-08-23T15:20:27Z,2026-08-23-3
2026-08-22T11:00,473eced4d0d7fe183ce0eb9ded7f576202038baf3f24ed44ea33f7ee01e6da02,2026-08-23T15:20:27Z,2026-08-23-3
2026-08-22T11:00,4748993efd3bf170e1c585dcfef34cff462684b874d09333a14d45437f1954a6,2026-08-23T15:20:27Z,2026-08-23-3
2026-08-22T11:00,475e80b0977b725361e205550f521a5e1054cc18f3ca641a4a996ac9a993f4cc,2026-08-23T15:20:27Z,2026-08-23-3
2026-08-22T11:00,4777292bf275d79f7e1ecac22bf0230be4bd10d4c63226cd1bf69d12ea422eac,2026-08-23T15:20:27Z,2026-08-23-3
2026-08-22T11:00,47901120c9822a3b675058ecf22d74ee4bd357134d94ef45b9e24ce79e7d5206,2026-08-23T15:20:27Z,2026-08-23-3
2026-08-22T11:00,47947d2116c8843d8b1ca7735b62ddf21d7db988f6fdde9e8c49a8ae550f7742,2026-08-23T15:20:27Z,2026-08-23-3
2026-08-22T11:00,479c2003be461a46ecedb311b504a61347a5c69267c6f7cf99501545aa90622c,2026-08-23T15:20:27Z,2026-08-23-3
2026-08-22T11:00,47aac9fac02c22a9ae62eda793f66de538d6af06dd404fb03d0e57b4e93041ab,2026-08-23T15:20:27Z,2026-08-23-3
2026-08-22T11:00,47c52c74ff6728dee767def07b796ee3cb5cbe45967b29015858b6eca6dc359d,2026-08-23T15:20:27Z,2026-08-23-3
2026-08-22T11:00,47d0c87b08f0e1f1171522f5be5b10a89a9e8b8220eda36b66894a1a0a79d299,2026-08-23T15:20:27Z,2026-08-23-3
2026-08-22T11:00,47d179121a7856ac1ab569dc9446a09be56f07a5829e5521da63513666db5155,2026-08-23T15:20:27Z,2026-08-23-3
2026-08-22T11:00,47da73cdc4f72b4cf63e62ddec1cddac6d047b374618b3abac91adde86c4557b,2026-08-23T15:20:27Z,2026-08-23-3
2026-08-22T11:00,47df50a78241c6a48afabe8911e6b6af55b0246cac9d14d7e6fa99d95e68035b,2026-08-23T15:20:27Z,2026-08-23-3
2026-08-22T11:00,47e5fa4d38e943383f42969124a6be14ef97a859997332c7dde17232e058e44b,2026-08-23T15:20:27Z,2026-08-23-3
2026-08-22T11:00,47e7248e62e6c5f4d2baceff406c01e12dbd5aaa713de9473f1db83fb630b867,2026-08-23T15:20:27Z,2026-08-23-3
2026-08-22T11:00,47fdb8d731c372f31910fbbc7760ed36ed1be6e1500b4bd419941397c1111594,2026-08-23T15:20:27Z,2026-08-23-3
2026-08-22T11:00,480508a9ca16ad815100a8e84cf7acfa353c1ab146fa436ce0db7a8f237592c6,2026-08-23T15:20:27Z,2026-08-23-3
2026-08-22T11:00,480c7162f6f1a2aa398463bde833be9010668510db186027bdffb80297d62ba0,2026-08-23T15:20:27Z,2026-08-23-3
2026-08-22T11:00,480ea6a1a8a89914321e7d33e89d971016f9b129dc89984fcefd7db89c4d5df9,2026-08-23T15:20:27Z,2026-08-23-3
2026-08-22T11:00,4813a68107dfc41b0068f5dbd53d24fecc52cfd7e394789d3f3e2d65f5058c5c,2026-08-23T15:20:27Z,2026-08-23-3
2026-08-22T11:00,483038315cd0c8eaa8ddd3ccd8e3b900212b9ebe2f78c52b65a3ebe78872382d,2026-08-23T15:20:27Z,2026-08-23-3
2026-08-22T11:00,48348dac0c974b7cd04ea4be8e1c109df39d19df5f9ebd643028dac9873d7dd6,2026-08-23T15:20:27Z,2026-08-23-3
2026-08-22T11:00,4837474c36e8cd197fc9fcb7f47a3edaad227c6b8df6b892602b6f656a7739c4,2026-08-23T15:20:27Z,2026-08-23-3
2026-08-22T11:00,483e999b4559860f167d0d1c6694ffe203a6d944cb1dd873b39c740636ba05a2,2026-08-23T15:20:27Z,2026-08-23-3
2026-08-22T11:00,484177bb3a83d3cf6ffa40b073472811de9d203d54a19384c077f0ad8e43b294,2026-08-23T15:20:27Z,2026-08-23-3
2026-08-22T11:00,4841f7d19fdbce8d2302d4378e22965f9d62c282ddf468290c1051632367c042,2026-08-23T15:20:27Z,2026-08-23-3
2026-08-22T11:00,484d5577bd641d4e008364349cf9905acefaa08602f2f816cbfe0c45b088a3d4,2026-08-23T15:20:27Z,2026-08-23-3
2026-08-22T11:00,48636c05a1041bb06e7a3b26ca02ad955654f39fad55f21dce2ad97e38f5d750,2026-08-23T15:20:27Z,2026-08-23-3
2026-08-22T11:00,487325377fb59df916c0db384b69b31d81ddb476fb2289454e51084b11bfedd9,2026-08-23T15:20:27Z,2026-08-23-3
2026-08-22T11:00,487938567ca08f298d45379cbab3d84cb5a305b152ec95dddebb74ce0e7efb17,2026-08-23T15:20:27Z,2026-08-23-3
2026-08-22T11:00,48820e951e9eb3119bb0532a8fb7c3cde1ab24180f7aaa4b05f155454595815d,2026-08-23T15:20:27Z,2026-08-23-3
2026-08-22T11:00,4883b52ab6a0309990b089d0b44093a60b2505bf3eb29611ed7747deea90516c,2026-08-23T15:20:27Z,2026-08-23-3
2026-08-22T11:00,488c66b6c476f041d0156874b9e9dca817b5f08b46e6db323c59c7185b074176,2026-08-23T15:20:27Z,2026-08-23-3
2026-08-22T11:00,48c82545f2e78d578cf726359c0dc195b9fae7eba8c781da583b4d1a4ba27458,2026-08-23T15:20:27Z,2026-08-23-3
2026-08-22T11:00,48d4ba4c85a14cf421674173632f0394ee008c911a23089d0b6a2cfa9701982d,2026-08-23T15:20:27Z,2026-08-23-3
2026-08-22T11:00,48e26ab870ce1f48b80dbc8c69483c2b68e733ccc86f8eb2a7d57d8183de91ac,2026-08-23T15:20:27Z,2026-08-23-3
2026-08-22T11:00,48e9458551fc40d272a009421ccb690d54052de96c83d6b77deeed7d94351473,2026-08-23T15:20:27Z,2026-08-23-3
2026-08-22T11:00,48efbe0df6cbd992b9635485951ada3a8801d22277532f35c08d764044615fc1,2026-08-23T15:20:27Z,2026-08-23-3
2026-08-22T11:00,48f2a58224505e23d872886d6d4e69eab36422e98a6b96249e002c70399e2ecf,2026-08-23T15:20:27Z,2026-08-23-3
2026-08-22T11:00,48f34df30dea0e2dd7c84e1caa8cab231b9e21592796c5eb0282a718a15ade19,2026-08-23T15:20:27Z,2026-08-23-3
2026-08-22T11:00,48f39f47928dfcc25cafac1f1816a896e641235503c6f4611dcd3c5036bf4718,2026-08-23T15:20:27Z,2026-08-23-3
2026-08-22T11:00,48f5fd8fa68200adb9c9dec2f51ad941112d9164859e063faa303c0694483a81,2026-08-23T15:20:27Z,2026-08-23-3
2026-08-22T11:00,48f9d09d245a6b5acb0f650f195a2a16f125d51e4b19640b67380c1a350af535,2026-08-23T15:20:27Z,2026-08-23-3
2026-08-22T11:00,4906715399cf02010c11c307dd25f4aa206616bdef931c404d6cc64312e455a0,2026-08-23T15:20:27Z,2026-08-23-3
2026-08-22T11:00,49090b5da7f8294943b42a2377f0805b5a18a0c652fa41013e7bc2547fee9195,2026-08-23T15:20:27Z,2026-08-23-3
2026-08-22T11:00,491ac2ffb14939f8b06cc4e3dfcc70fc60c21361e2b744ef1d83cedea5548764,2026-08-23T15:20:27Z,2026-08-23-3
2026-08-22T11:00,4928b498b3e5001a586e11659101ec4c8ad2f02bc0b62426b19d1b222d851298,2026-08-23T15:20:27Z,2026-08-23-3
2026-08-22T11:00,49366ffbff902dcd6d45ac1dc93e782023f7302debab3502ae17120f2a9b483b,2026-08-23T15:20:27Z,2026-08-23-3
2026-08-22T11:00,49411ef8b0ab917eb25690b1bc60db5165bb63e860ff82cf783688574c2e6ada,2026-08-23T15:20:27Z,2026-08-23-3
2026-08-22T11:00,4946272e590cfcd57d7a73850166a329a3ed28428f37924fc6263d1408a5e03e,2026-08-23T15:20:27Z,2026-08-23-3
2026-08-22T11:00,494969d8edb636ddd6f18004e53136999dec052c68f821bd13d613e80086e53f,2026-08-23T15:20:27Z,2026-08-23-3
2026-08-22T11:00,4955eca90327b60ac28fc4823e78b1960a7c069e0f836585274f826c9178b4c8,2026-08-23T15:20:27Z,2026-08-23-3
2026-08-22T11:00,495b2780ff32971c72ad4a2231e6afe97781087fa58f663ce2944ca637ed0528,2026-08-23T15:20:27Z,2026-08-23-3
2026-08-22T11:00,49857bbbb2f8af4d05865cdcc952a457647c1a69bfbf2811e642c9f583ca523d,2026-08-23T15:20:27Z,2026-08-23-3
2026-08-22T11:00,498ef22159a850c8fabe327b3262118b26e510b4ce433f684a824d15c52eff1e,2026-08-23T15:20:27Z,2026-08-23-3
2026-08-22T11:00,49974d5d1174b42ec2dc78e99fea9bbf175ee115704258220dfbf08e5db36b64,2026-08-23T15:20:27Z,2026-08-23-3
2026-08-22T11:00,49a3e1794407ba14a3bc0c30c1a33f6918d37710934122a285895ac85ce9f8c7,2026-08-23T15:20:27Z,2026-08-23-3
2026-08-22T11:00,49b3f6f1a10d15c742eac6597769659916c026d9d53a1c459c4ce9a34c26c4cd,2026-08-23T15:20:27Z,2026-08-23-3
2026-08-22T11:00,49bb3929ac761136aaccd0372ad0d6c10eea878a483db9f0dc69579e6a3861e5,2026-08-23T15:20:27Z,2026-08-23-3
2026-08-22T11:00,49bcb4575e9f340a4a1d64ed00e968ce636fff9aaf7769159aa91f38c3bef404,2026-08-23T15:20:27Z,2026-08-23-3
2026-08-22T11:00,49bd957aa3cd1509fccc8b87c6a7c84e721627edddad6c12101529388cca464b,2026-08-23T15:20:27Z,2026-08-23-3
2026-08-22T11:00,49d38472405f1dd050a36e617bfcd05a78202d209d7ef3a607c980589c3cff09,2026-08-23T15:20:27Z,2026-08-23-3
2026-08-22T11:00,49db60d8bbd76cf2e910faae1eb18c92120d365d18e5796cc9007c2c783659e2,2026-08-23T15:20:27Z,2026-08-23-3
2026-08-22T11:00,49e481f7d3936dd3d19baf25de5243fe10dd25c436937b28546a252187346727,2026-08-23T15:20:27Z,2026-08-23-3
2026-08-22T11:00,49e5246d7a25b9fe206e51d3f471eb263aba89031a21d00a1e8e70ab00a142a8,2026-08-23T15:20:27Z,2026-08-23-3
2026-08-22T11:00,49f764af7babc72858721cf0efb01187b5e40dd360f42f527929c44ff2e48744,2026-08-23T15:20:27Z,2026-08-23-3
2026-08-22T11:00,4a1a2edfc53fbcf838cd3e67aee3928da3bf9bd941569f25f53548ad55a383fa,2026-08-23T15:20:27Z,2026-08-23-3
2026-08-22T11:00,4a1ae8946fa978aa10261b97378051e830517e170163f27bbaded9476f189418,2026-08-23T15:20:27Z,2026-08-23-3
2026-08-22T11:00,4a1bd643e44a1f80433acbd008b6b1911cf0b42ce1271c21d0b19286d38daa51,2026-08-23T15:20:27Z,2026-08-23-3
2026-08-22T11:00,4a1c976ac975874ac8c22663717c65231acbd7345887130f7c47cf1a51571e7d,2026-08-23T15:20:27Z,2026-08-23-3
2026-08-22T11:00,4a2a31ccb36b7e248a06d0a90c8e2e706f271cf8d91dd86cea531e3b8b7e4c81,2026-08-23T15:20:27Z,2026-08-23-3
2026-08-22T11:00,4a32bee09bbde3ddb45ebfefb40f1614264abfb40f76da69092521c695599950,2026-08-23T15:20:27Z,2026-08-23-3
2026-08-22T11:00,4a3442a5ca8c193564d3ec258e539d1f7371241c4af030be6d3c7f07133249d9,2026-08-23T15:20:27Z,2026-08-23-3
2026-08-22T11:00,4a3fb7da96a036201e89aac77eb077dcbb8ca222c47e56cd55d4080d4edb279d,2026-08-23T15:20:27Z,2026-08-23-3
2026-08-22T11:00,4a6604d209be9533ee0d291d602bb3016b207722c03577e76777213b1d796ada,2026-08-23T15:20:27Z,2026-08-23-3
2026-08-22T11:00,4a680b5ced31a17be97cc2d8b3fb577f9d9cc2d626cc06c1b95f37c22ef3b334,2026-08-23T15:20:27Z,2026-08-23-3
2026-08-22T11:00,4a6e59a24a6d93915cf4ffb4ebbab06ad383942393bff8b6228fb3f3bc83ee84,2026-08-23T15:20:27Z,2026-08-23-3
2026-08-22T11:00,4a74b474072aa7c9804f0bfc871bc4d85d6c2315151a2a23fdbc1e53bbdbc2f9,2026-08-23T15:20:27Z,2026-08-23-3
2026-08-22T11:00,4a841ea7ec7ce18860ac454aaeab564a3d2ac76843b9a458b15a2acd8ab08975,2026-08-23T15:20:27Z,2026-08-23-3
2026-08-22T11:00,4a8dff126794b2246ef3c3733161d9b581bdb51ab81433e34084d4bc8ee74ba8,2026-08-23T15:20:27Z,2026-08-23-3
2026-08-22T11:00,4a975b89e4a0f0fb6925e33843acc09e8920ee722f71ed742aa2e645fcefb67b,2026-08-23T15:20:27Z,2026-08-23-3
2026-08-22T11:00,4a976e288c1e0412f4d442cb04f707b025eee1bd30ca876b5612bac9a1dca201,2026-08-23T15:20:27Z,2026-08-23-3
2026-08-22T11:00,4a9a767c682fd9276370539d77f2e8c346f113288174bbe61bcda6e259b96edb,2026-08-23T15:20:27Z,2026-08-23-3
2026-08-22T11:00,4a9b73e77846b899c80a1aedb22971ace82ebcc3d3b85836ae454a41eb1c3e86,2026-08-23T15:20:27Z,2026-08-23-3
2026-08-22T11:00,4aaaefdf530d93c5f46d0f341f636fbde8e36412d4eb3b907e24479d9f4cbda5,2026-08-23T15:20:27Z,2026-08-23-3
2026-08-22T11:00,4ab063c489af97164b2df550fdfff737eebbcfb2a6b927a0b900b430513a0b50,2026-08-23T15:20:27Z,2026-08-23-3
2026-08-22T11:00,4acb849c0f31d1ad8a1baa98fc2e068beb239be201e6eed07fb64c5fe5b4aee4,2026-08-23T15:20:27Z,2026-08-23-3
2026-08-22T11:00,4af35e6550c422446d459efbecf495fb6b5447801938c097bd46c0e03bfa447f,2026-08-23T15:20:27Z,2026-08-23-3
2026-08-22T11:00,4afd204cffffaaf345f2b7cfe2d687b8c47fddf5f68b4acaf865a87597332085,2026-08-23T15:20:27Z,2026-08-23-3
2026-08-22T11:00,4b05dd9c2b94f31dbba57d1c37842589f50bf082933a3d2870ea4e63ea488555,2026-08-23T15:20:27Z,2026-08-23-3
2026-08-22T11:00,4b0b581f96fdff4b22f43403dede893e341ce3acbf4e1a803a615bcefe3ab2d3,2026-08-23T15:20:27Z,2026-08-23-3
2026-08-22T11:00,4b127611578b917a8f8895a94e2e738b16e171293ee6f78e8bea1b1169043e45,2026-08-23T15:20:27Z,2026-08-23-3
2026-08-22T11:00,4b2349c3257d50210e2ba8fd264b376c3cd44ad276e98aafb49404744285bfb7,2026-08-23T15:20:27Z,2026-08-23-3
2026-08-22T11:00,4b26b10c2cf6c3127637d7ac36f2a809881024e37990b33affcbc01e6389d6f8,2026-08-23T15:20:27Z,2026-08-23-3
2026-08-22T11:00,4b361f98281796cf457c73452245c0c4ce13bf504865d822f6f743970f1ad6f3,2026-08-23T15:20:27Z,2026-08-23-3
2026-08-22T11:00,4b429d2eb7319c360120b8ee30f66d738392ff4f908870f6997584ff9f5e51dc,2026-08-23T15:20:27Z,2026-08-23-3
2026-08-22T11:00,4b445cc3247753c0f16891d6bdf6f54a7100f5cf38c3987f96e150e124935b1d,2026-08-23T15:20:27Z,2026-08-23-3
2026-08-22T11:00,4b513f643b0b91779bba597068ba14e2e6abb01dbdd16ee12805b2d4a047e989,2026-08-23T15:20:27Z,2026-08-23-3
2026-08-22T11:00,4b51d8cada0e95386b12b30f4142654df30c4fa87540704c3e7d9da46358ade4,2026-08-23T15:20:27Z,2026-08-23-3
2026-08-22T11:00,4b52ae21bfbe9af4c611ccbb4cd5e9c8098817e4c7ac6385ac95264557e410cc,2026-08-23T15:20:27Z,2026-08-23-3
2026-08-22T11:00,4b5afff1657b84149dcaf9d90f375d535875d4720e06f0c6db4f2e8883661707,2026-08-23T15:20:27Z,2026-08-23-3
2026-08-22T11:00,4b5fa32cb3f102933f2e1b93bc725d6db58db4a366cc749592ef7502c55b5eae,2026-08-23T15:20:27Z,2026-08-23-3
2026-08-22T11:00,4b6d96d6925483ae1b423889c1e7d466aa9b5cd11054a2631e861980962564b3,2026-08-23T15:20:27Z,2026-08-23-3
2026-08-22T11:00,4b781df731ceaa2dbf5317243c0ef36939f689bfecc9038fb5a1d2af8a735c37,2026-08-23T15:20:27Z,2026-08-23-3
2026-08-22T11:00,4b7acb24964fa61f4ec9c4786fd4d8cf8fe87e4082631aa9e6a2fc4e52a71836,2026-08-23T15:20:27Z,2026-08-23-3
2026-08-22T11:00,4b7cb80213f2a72c68a991f28c7d1fd107abe3d56cacbb4d62b371e0e0704ff7,2026-08-23T15:20:27Z,2026-08-23-3
2026-08-22T11:00,4b7ec9bbe34fe8a9a65a1737486377fbaacc1d4899f7ddf8674e5d21baec32be,2026-08-23T15:20:27Z,2026-08-23-3
2026-08-22T11:00,4b854a7b160664f6d03749e31a46e57760ded98d2290f95899b2ee33308e72cb,2026-08-23T15:20:27Z,2026-08-23-3
2026-08-22T11:00,4b8f6e8cb4431933ad9c2dc6405c50b526d342ba30a0bf35e15542a26251f7c9,2026-08-23T15:20:27Z,2026-08-23-3
2026-08-22T11:00,4b936ce3feaf0c93c7297a43dac39c926b0624b01f0039e735fcdf6213d9192a,2026-08-23T15:20:27Z,2026-08-23-3
2026-08-22T11:00,4ba1d42d38891618baaa0d1de07803257f59ed5b79d9c90246caacd7ba760ea3,2026-08-23T15:20:27Z,2026-08-23-3
2026-08-22T11:00,4bac822bdc1f26687b79e8ef0aa95e97fc31b9fe09303eb65e3ea8e4f753cb95,2026-08-23T15:20:27Z,2026-08-23-3
2026-08-22T11:00,4bafd70c4b3a6bf66ba0c0ec1741c9358203dce12b5a4cf6f864e4c42d31ade0,2026-08-23T15:20:27Z,2026-08-23-3
2026-08-22T11:00,4bb4537b58c6871810247cf9b7adb49a4638c7baeae21ca72f44c12f08ac2ba7,2026-08-23T15:20:27Z,2026-08-23-3
2026-08-22T11:00,4bb4825719f00f80b2a40fb8968612ccd9c67956ca6b908d902c135c2600cc3d,2026-08-23T15:20:27Z,2026-08-23-3
2026-08-22T11:00,4bb7cd13f04740f925432ef36f72440153f9aa99036b581cacbe31d058adc1d3,2026-08-23T15:20:27Z,2026-08-23-3
2026-08-22T11:00,4bc8b89183018b7cdf4a05b0d6b2f237e6aa2ce80cecd9b96256bc03c3cf6dea,2026-08-23T15:20:27Z,2026-08-23-3
2026-08-22T11:00,4bdc56229cf5752d46e341a10c27656777920184edce0b16b7609c01b1835fd3,2026-08-23T15:20:27Z,2026-08-23-3
2026-08-22T11:00,4bf3719663bf4c01f8b37cea2b9ea20b95932a0be332050caac38c5263c7284b,2026-08-23T15:20:27Z,2026-08-23-3
2026-08-22T11:00,4c01c21e5d33c61020ab760b68e5ecc0f36b6b14f7e844389d1ac190ff3a90c2,2026-08-23T15:20:27Z,2026-08-23-3
2026-08-22T11:00,4c0423b570636bf1c97afbd0007de1f328129d42ec405bc3e174f701d7187ca8,2026-08-23T15:20:27Z,2026-08-23-3
2026-08-22T11:00,4c04529d4e0b4d640b1fa712d8a68266474e1fedabc16d24f6ffa05eb688824f,2026-08-23T15:20:27Z,2026-08-23-3
2026-08-22T11:00,4c32b5864bdf744b933815d6459dc1f873a991f8ab4a9d7300cc3b40becefc3a,2026-08-23T15:20:27Z,2026-08-23-3
2026-08-22T11:00,4c41b44ff8d721453f22485148c0ab699ba47bacdb388d83676619d790438126,2026-08-23T15:20:27Z,2026-08-23-3
2026-08-22T11:00,4c453b861c7166b1f60996d9a32e3da6f3bc90d289bd6878761050a31ec4d616,2026-08-23T15:20:27Z,2026-08-23-3
2026-08-22T11:00,4c4979806c8016e584531f3af9bbb6fad8b0a4734bce2e28e5b67b19356e9ede,2026-08-23T15:20:27Z,2026-08-23-3
2026-08-22T11:00,4c5616706033dfb06cd69ddfe4af19940a4832f55bcfed733dce5f390e363e4f,2026-08-23T15:20:27Z,2026-08-23-3
2026-08-22T11:00,4c581a1a3a36e80814fa70198c3eba3c5c964e03989e0d2ebf3433686fc2e401,2026-08-23T15:20:27Z,2026-08-23-3
2026-08-22T11:00,4c63ecd9c3ba9c2271a758b00688d7f27017d26fffc2bee479dbc6f2936322af,2026-08-23T15:20:27Z,2026-08-23-3
2026-08-22T11:00,4c66fa58bf90146f2505dfe249c3de8b3a4521ccec963b86611f79ffcdca98fd,2026-08-23T15:20:27Z,2026-08-23-3
2026-08-22T11:00,4c6b689a9583412d241eb0375bbe203c9078e7864c9c6c7060050eac06446222,2026-08-23T15:20:27Z,2026-08-23-3
2026-08-22T11:00,4c7459a01c702d80be2e208a31a89b1fcb4619ba8c2fad35f0d1078533b07bd8,2026-08-23T15:20:27Z,2026-08-23-3
2026-08-22T11:00,4c88c4516675bdb174b910efdd67995e39c77ee4d455491b06f7735c50bb59b2,2026-08-23T15:20:27Z,2026-08-23-3
2026-08-22T11:00,4c9c2f788cfedfab4c17904623c5e66d71c947f4b3a955a86d2473c1295ef637,2026-08-23T15:20:27Z,2026-08-23-3
2026-08-22T11:00,4cb7cb6e76b10f69cf5f82e125a22f8edae921358de6f3d4f554fd396dff80bc,2026-08-23T15:20:27Z,2026-08-23-3
2026-08-22T11:00,4ccb199f9377028b783725dfee2e9a286fc88284661c416729b77375ccab45f6,2026-08-23T15:20:27Z,2026-08-23-3
2026-08-22T11:00,4cd22aeaac4e6eb5585d9d4e5496409e675b0f490dbcc96f2ced4b26bc17f0aa,2026-08-23T15:20:27Z,2026-08-23-3
2026-08-22T11:00,4ce21b66da78677a7739b3dfab1b7722c99c15c3203bf95d7de096c3dc7b5038,2026-08-23T15:20:27Z,2026-08-23-3
2026-08-22T11:00,4cec6c7f450eb2b4e3e7ae3c36fd0dae81139fc5f0e08fd3a9c00b6bb5bf5a61,2026-08-23T15:20:27Z,2026-08-23-3
2026-08-22T11:00,4ceca03d184bca539b672d5c02c3c713db01a15c2ddd38d11ca00d4a39c80fa7,2026-08-23T15:20:27Z,2026-08-23-3
2026-08-22T11:00,4cf7fec0aa9053a618217935abc9270a41d25f1fe200972a3a32e187d57ef650,2026-08-23T15:20:27Z,2026-08-23-3
2026-08-22T11:00,4cfd3b8b78b6507a89642b47ba1cb15ed558c30da25fb09c23f585d41aa204c6,2026-08-23T15:20:27Z,2026-08-23-3
2026-08-22T11:00,4d043d748ec6ca2630baeba2a79cb2a8e6353568e065397097c637922bd1ace5,2026-08-23T15:20:27Z,2026-08-23-3
2026-08-22T11:00,4d1854ab7043b872cce80cfa7095a3de2bb52f8ed2ef0dc16a9cfe2f638f3289,2026-08-23T15:20:27Z,2026-08-23-3
2026-08-22T11:00,4d193f62a9005310500d61e6e7e714b88d69fb20e5008bf981e2afbf846bf502,2026-08-23T15:20:27Z,2026-08-23-3
2026-08-22T11:00,4d284b08e92a61549f9a63ad734fd2ae802a7f0ac0c14098463854e964d182cd,2026-08-23T15:20:27Z,2026-08-23-3
2026-08-22T11:00,4d2ad8ba5e89bcefdeba2b027caab5e9d91c7c49251ea3c69111d6bc06d773ea,2026-08-23T15:20:27Z,2026-08-23-3
2026-08-22T11:00,4d3224ad94acf43807739aa37eb85f82e34616cf35554bb2a9f0055702c83b2a,2026-08-23T15:20:27Z,2026-08-23-3
2026-08-22T11:00,4d481e1ffa3dc89718f83530ce6bbc65a9bd07af03b817de7c31fa1c77ec1e1c,2026-08-23T15:20:27Z,2026-08-23-3
2026-08-22T11:00,4d4d3d6d0a285f184837a7d6c7eb52716092ffb2b4fba3abe25fe7bae1520cd1,2026-08-23T15:20:27Z,2026-08-23-3
2026-08-22T11:00,4d596bfd717756d7ef34a4352550f1db1ac3f2166dc44c48d14b4d0142281c49,2026-08-23T15:20:27Z,2026-08-23-3
2026-08-22T11:00,4d5c538db352ab8e18375db4d631fcca8fc47a1e935f8a4ce5cb2d9281319716,2026-08-23T15:20:27Z,2026-08-23-3
2026-08-22T11:00,4d5f50d3c98d977030734ddfb5fba28b916b7bd3dc93d0b8166ce68ce5e78a2e,2026-08-23T15:20:27Z,2026-08-23-3
2026-08-22T11:00,4d7a1a1d0337776b8b63d70018ad9def65e762c0ea3fa4dccc7d0c8653c79aa6,2026-08-23T15:20:27Z,2026-08-23-3
2026-08-22T11:00,4d8024cd55e6e1c423a69ecc8a16f2a220e5c4ddeeab2ca1b34da2377c49fcd7,2026-08-23T15:20:27Z,2026-08-23-3
2026-08-22T11:00,4d8149ceccb80cc910695dbb1a4a3ba3eb1c4932c8d7367a0fcf592cbb086b7c,2026-08-23T15:20:27Z,2026-08-23-3
2026-08-22T11:00,4d872a4579680152f89ab8f2ba977eaf645c3ae4ae49176d863fad0e2a47ced5,2026-08-23T15:20:27Z,2026-08-23-3
2026-08-22T11:00,4db3e2da3621986e6084d462bfece4a1c8cdc319ffb06ff156dcfc3b6be47087,2026-08-23T15:20:27Z,2026-08-23-3
2026-08-22T11:00,4db70ae46b6b2c8121bbdef7ef646b2aea4cb76a93440643969f5f02f71f7276,2026-08-23T15:20:27Z,2026-08-23-3
2026-08-22T11:00,4db9ff7f306ba05b7c9686e15eb78284a1601dceceba6117312c9a91a2aa8b5b,2026-08-23T15:20:27Z,2026-08-23-3
2026-08-22T11:00,4dbb4daa381a06bf988e871d7723c4978c616f4bf716d1ff88f61afc5779474e,2026-08-23T15:20:27Z,2026-08-23-3
2026-08-22T11:00,4dd33abe150989bbb5a3678388b20f4b5d76d68fff295dcff3a07596c5f88563,2026-08-23T15:20:27Z,2026-08-23-3
2026-08-22T11:00,4ddae05495b87e452f3c0d9cce4ab51cc156cfab797760283a6ba86a6935d5f6,2026-08-23T15:20:27Z,2026-08-23-3
2026-08-22T11:00,4de1cea0a8965778fe6296bfd529e44bab4709a2aa3622a70a1e1f0412cfde30,2026-08-23T15:20:27Z,2026-08-23-3
2026-08-22T11:00,4de8c57f473bc55c73072e54061acdbf871d2f4366923b54b1fec6e94d336bf7,2026-08-23T15:20:27Z,2026-08-23-3
2026-08-22T11:00,4dee436c9a61c966c5dfcfc91d85189ba0b976903b82647f83ea6ce7ba3b4289,2026-08-23T15:20:27Z,2026-08-23-3
2026-08-22T11:00,4df5a669d981f7daca6d794c7190efa6433595f3c99b983a7980e74f16905563,2026-08-23T15:20:27Z,2026-08-23-3
2026-08-22T11:00,4df8e51cae93fe19b42b14ee89199634238322a3be55ffd034661bc37e8e13dd,2026-08-23T15:20:27Z,2026-08-23-3
2026-08-22T11:00,4dfecac6454dc478c55f49d34aae1d3386fcc7d5f039c4e784d5ea8b4b285b35,2026-08-23T15:20:27Z,2026-08-23-3
2026-08-22T11:00,4e04d5090d70ca5698c01904362f87373ebc12923dec14017d45a29df1f41844,2026-08-23T15:20:27Z,2026-08-23-3
2026-08-22T11:00,4e07dbe5ba9836856b2e4f7145fdf3aca300fcce30d5472ea9f4db122d26c3a0,2026-08-23T15:20:27Z,2026-08-23-3
2026-08-22T11:00,4e0b6cb71fba635b0b21f21c7be669f27ad704b589b59226bf537a984adca588,2026-08-23T15:20:27Z,2026-08-23-3
2026-08-22T11:00,4e0bcba85dced8738d9273f25429bb3ecbce20c338dbdbe286b389d577595243,2026-08-23T15:20:27Z,2026-08-23-3
2026-08-22T11:00,4e0d4b89d1f1bbd461329ca80c24e8cdea934dbc703ec76e340ce14020b9d888,2026-08-23T15:20:27Z,2026-08-23-3
2026-08-22T11:00,4e118b63f6bcbee6fa26f23ff035e446bc7e5592c1d421ace5cca7e95d52f36b,2026-08-23T15:20:27Z,2026-08-23-3
2026-08-22T11:00,4e1f5a94e87e3f0d425591759b0aee8776bbfbd1f855ec936ad9c129385f8392,2026-08-23T15:20:27Z,2026-08-23-3
2026-08-22T11:00,4e2b1466249cf48f87696edc28b4c233645d0d3cc8cdd4d8904e9579cd2c74a9,2026-08-23T15:20:27Z,2026-08-23-3
2026-08-22T11:00,4e32c322a73701baea229c2273796fb42a9507f8b32dccd1d4ca8214d3a6fcf9,2026-08-23T15:20:27Z,2026-08-23-3
2026-08-22T11:00,4e33c3e8216e3e5b8a4804622ba8cde656ee244fc0f404764df963bd536b3ca5,2026-08-23T15:20:27Z,2026-08-23-3
2026-08-22T11:00,4e6d17436670d368cf517bf410f2930bd69134ecc36a74718f417b21db4168cc,2026-08-23T15:20:27Z,2026-08-23-3
2026-08-22T11:00,4e870ecbeb9715368585ee955c8dff230e71c07bf19dff10bd2c19b49428fad2,2026-08-23T15:20:27Z,2026-08-23-3
2026-08-22T11:00,4e8bf9d7cb3693c9b8cb1a6d23cdeb40b1b4789505022e61810901f6a5def79b,2026-08-23T15:20:27Z,2026-08-23-3
2026-08-22T11:00,4e8cf637f2287ca53e8deb0b0df8028ecac1f24c71e0388a7a0392a76578a32a,2026-08-23T15:20:27Z,2026-08-23-3
2026-08-22T11:00,4e8eac0776c8f1fc0d8546fb81891d30ff4b6bdaf84cab88ff8108b8d17c9381,2026-08-23T15:20:27Z,2026-08-23-3
2026-08-22T11:00,4e8fb3ec13093f1fbc70952a1be2b2aa9c9e82951ca8760df0ff564316156298,2026-08-23T15:20:27Z,2026-08-23-3
2026-08-22T11:00,4e9fd21c46c21334fa41827c84938993e2b42300c8410df6a2d39adc23bf836e,2026-08-23T15:20:27Z,2026-08-23-3
2026-08-22T11:00,4ea07101daf1d60ea8415bb931a3fda93964bbde47273b4998b12a69241a5829,2026-08-23T15:20:27Z,2026-08-23-3
2026-08-22T11:00,4eb073e7b920b50030544bc93cb51e0967350b514f1b6f9ba9a52b34b0677508,2026-08-23T15:20:27Z,2026-08-23-3
2026-08-22T11:00,4ec028b44ef3936047bc3d1d2203c721b2ead502390fc42f6cbd44a2fc09b314,2026-08-23T15:20:27Z,2026-08-23-3
2026-08-22T11:00,4ec7c8b378eec33ee2eb0cf6c9bddd3f48f41e6c591a914e54d563b9ee18f1f4,2026-08-23T15:20:27Z,2026-08-23-3
2026-08-22T11:00,4ecbefa7978080d016511e37c1b2655a8033b601250f534e7ced7706ef5a0ec1,2026-08-23T15:20:27Z,2026-08-23-3
2026-08-22T11:00,4ee36a756f3ff4dd9aaf82ac430d47dc75eb17284f7c1af33ee8bc73db1d2ab8,2026-08-23T15:20:27Z,2026-08-23-3
2026-08-22T11:00,4eebe5d402629cddb1455e64656461b1527ea10b645794012aedc232c5a0268b,2026-08-23T15:20:27Z,2026-08-23-3
2026-08-22T11:00,4ef2b036d4be161754fd84a734e85999beb6497af403b732a2efd536775b2c3f,2026-08-23T15:20:27Z,2026-08-23-3
2026-08-22T11:00,4ef375d828c744561eaa7d2c7f29fba46f0aafb4afedd7631b5ec02da14fd278,2026-08-23T15:20:27Z,2026-08-23-3
2026-08-22T11:00,4ef6bed0551df92764c8bc6c16623cd5dd8e49e7a00fafabb3036d62f684c1f6,2026-08-23T15:20:27Z,2026-08-23-3
2026-08-22T11:00,4f0929be322aae0e101d020c3fbe330e38d78b1c3f2e00d1aea457e210262b92,2026-08-23T15:20:27Z,2026-08-23-3
2026-08-22T11:00,4f0da00f07aea583f5ffd14ab11898408417341c7e99c778c2f73ba1cd2bea24,2026-08-23T15:20:27Z,2026-08-23-3
2026-08-22T11:00,4f1ea07f4637e3c9a5451beabbe310424976cabe7c5158e8158d58d3c8310914,2026-08-23T15:20:27Z,2026-08-23-3
2026-08-22T11:00,4f1f3b618edb3b0735e9c05f1d4f9caa872b922e840b59da0fc59387b282f8aa,2026-08-23T15:20:27Z,2026-08-23-3
2026-08-22T11:00,4f322e0f26962a2f636051eb1922ff7d3043fb0891ee6c040fc0d21b59a09889,2026-08-23T15:20:27Z,2026-08-23-3
2026-08-22T11:00,4f357080d00dd62322e173be1929fcf2f0f200bd0f415b02ba366625603b1cb9,2026-08-23T15:20:27Z,2026-08-23-3
2026-08-22T11:00,4f3a167002bea8756bbea1db5b48484a037f272ddf83e98b6f3adb8a2b63cee2,2026-08-23T15:20:27Z,2026-08-23-3
2026-08-22T11:00,4f45cf68d2894ffb1d2dfc663a6242841d738e17dfa5dbfd5c3ca34c4a6093b7,2026-08-23T15:20:27Z,2026-08-23-3
2026-08-22T11:00,4f4c5c964bceb21118d0c42cd01e2623bcfc678fb9f33fa3bb526851174122df,2026-08-23T15:20:27Z,2026-08-23-3
2026-08-22T11:00,4f62b3f924edccf4cb54eb329ac9690add9cb36f14beb39173a631af52a7bd2d,2026-08-23T15:20:27Z,2026-08-23-3
2026-08-22T11:00,4f844bdaccc8a6eeff80bcc283cff3212db620579aecca9c11c02bccb4cfc184,2026-08-23T15:20:27Z,2026-08-23-3
2026-08-22T11:00,4f8af37ead8090a2eba99f0d452f15dbcce5acc37c0804f26934c05d40e280a4,2026-08-23T15:20:27Z,2026-08-23-3
2026-08-22T11:00,4f916dd940512f5ba3908be1b81122d5515b18fac641b68c65f3c4508e37009c,2026-08-23T15:20:27Z,2026-08-23-3
2026-08-22T11:00,4f9a51501a632c511768716fbce27c82183543e10625e64ee5ce6fad39b921ea,2026-08-23T15:20:27Z,2026-08-23-3
2026-08-22T11:00,4f9bc16ecb5b6481641d0d88b896fdd2aa0e6cdaf89866e78188ef1760dafb52,2026-08-23T15:20:27Z,2026-08-23-3
2026-08-22T11:00,4fa5b8db0edfebcf39c680273b96bbbff892ed9897da5d965ad31e47b831c932,2026-08-23T15:20:27Z,2026-08-23-3
2026-08-22T11:00,4fb73cf59fb260602a79ed66911158858482a6f70ef3411fbae5a924e720e6b9,2026-08-23T15:20:27Z,2026-08-23-3
2026-08-22T11:00,4fb8919576cc8d967c84f2c0019181012757b7a105c603c309e66a63d5c015ba,2026-08-23T15:20:27Z,2026-08-23-3
2026-08-22T11:00,4fba34d8f0d0bf2d1a725c464fbe77d2e4423b53e6d619dd25974a4bbbde0989,2026-08-23T15:20:27Z,2026-08-23-3
2026-08-22T11:00,4fba3ceac21d4764710e90352ff67da403762a30df54b45b46b938f4bf93a563,2026-08-23T15:20:27Z,2026-08-23-3
2026-08-22T11:00,4fbcc153363081e3e07206b7b6d1a4684226bd22da3b48fc1d64e686fb02ba1b,2026-08-23T15:20:27Z,2026-08-23-3
2026-08-22T11:00,4fcd50c8e3ef4bdef04431786793ef7a2f8f47fb29f63a48811e568602c18980,2026-08-23T15:20:27Z,2026-08-23-3
2026-08-22T11:00,4fcdc8c265d7d4653844702dd208d9f63627bfc32612fe79ed379986ee18d589,2026-08-23T15:20:27Z,2026-08-23-3
2026-08-22T11:00,4fdeab7a66fc6733dfa44c3fd7b16df76c7101c0a326c59a8661df16d4161360,2026-08-23T15:20:27Z,2026-08-23-3
2026-08-22T11:00,4feba5409b67a9bc84c10e93d8993cd12f5ccecc17922f77b0e83b0287058efd,2026-08-23T15:20:27Z,2026-08-23-3
2026-08-22T11:00,5004bd40add54df7675bda5d616ffdbb9e58ccf85f731f68db145f36804fdd6d,2026-08-23T15:20:27Z,2026-08-23-3
2026-08-22T11:00,50071d2d6073a2269b08dc15676238e187fcff485b89f03240ae5a1a042bbd20,2026-08-23T15:20:27Z,2026-08-23-3
2026-08-22T11:00,5007eeadb2b9acc8a1f644de6da56e98b7595c7bf1b11fb80c298aa81862661a,2026-08-23T15:20:27Z,2026-08-23-3
2026-08-22T11:00,5010e60bcd66774487ef2f949f07f870ffca265c4d601d53610a4f6e389b8a30,2026-08-23T15:20:27Z,2026-08-23-3
2026-08-22T11:00,50308821a05ad52f9d9b3c91108f9c09ab80624eee970ff6b85f259ce643ac6e,2026-08-23T15:20:27Z,2026-08-23-3
2026-08-22T11:00,503d2ff076e3c25ffdc59c3e09280ec5801eca69bf25f0a3589084a2545753bc,2026-08-23T15:20:27Z,2026-08-23-3
2026-08-22T11:00,50418555a88052aae9f05fdad50caef868d9f0e9762ee0ee783578371a1f21c5,2026-08-23T15:20:27Z,2026-08-23-3
2026-08-22T11:00,5042ddb06fd844309130b6e9e07973fba266722afc75503fbe6ab023f3569572,2026-08-23T15:20:27Z,2026-08-23-3
2026-08-22T11:00,5073e714c3ae424d7dac5a7e16204d14f6fc47cdd8a26cec008410d253a4963f,2026-08-23T15:20:27Z,2026-08-23-3
2026-08-22T11:00,50975809bfe2b116a7f65f3a0a276dd80858f9b7cc67f9d6870397f2888560f8,2026-08-23T15:20:27Z,2026-08-23-3
2026-08-22T11:00,50ab2ad79bec898c3f98e848f6cce7cbdbca6ec30bfdd2574856fc4a245e36f6,2026-08-23T15:20:27Z,2026-08-23-3
2026-08-22T11:00,50c315ac205a5f81bef4004eee72f55ad8e3c45e62a5e6ac210153d32db4b918,2026-08-23T15:20:27Z,2026-08-23-3
2026-08-22T11:00,50e210ee028855a1e8e8d12152e9f029af535bdad8d44fb40e815945fa050765,2026-08-23T15:20:27Z,2026-08-23-3
2026-08-22T11:00,50fdad2c90e6faf6f0bf7c8edc50db77958e7545283c7e57f71b4a40687f073b,2026-08-23T15:20:27Z,2026-08-23-3
2026-08-22T11:00,51083a9e17196468182e8813230b128e96d1264b32584596c2b16d9166198a92,2026-08-23T15:20:27Z,2026-08-23-3
2026-08-22T11:00,512d5a5982970e04358c3e1a958d9ab9a029de9c222b673c6c73d913d77315ca,2026-08-23T15:20:27Z,2026-08-23-3
2026-08-22T11:00,5139cb7756590ae9be3293d16b6342235b0cea4dc1dfaf616282a23090379c6d,2026-08-23T15:20:27Z,2026-08-23-3
2026-08-22T11:00,5139ffab32702ee39e6336b9dc268def2d2f090e918c7ce0d14fd9fe12942907,2026-08-23T15:20:27Z,2026-08-23-3
2026-08-22T11:00,51451d5e60a14009c625e26893dd86e2a47937f0b88e5722c4df4884aedbd4a6,2026-08-23T15:20:27Z,2026-08-23-3
2026-08-22T11:00,5158e0a049566c45e3538badbb6a2228ae6de083dd1ac80a7edc7b35f529e49c,2026-08-23T15:20:27Z,2026-08-23-3
2026-08-22T11:00,516e05a6833d6327ec4561765554fbf8ff040b4c7488e17f64e4157f0a01bcad,2026-08-23T15:20:27Z,2026-08-23-3
2026-08-22T11:00,5177cce29a4812a96bc1d825d9532a58088d7a6152a7adb004fb96a93abd8dd5,2026-08-23T15:20:27Z,2026-08-23-3
2026-08-22T11:00,5185c2677d362197f490703455ebc8679ea7de41ec8dd189b77a1cfb17c5e0d2,2026-08-23T15:20:27Z,2026-08-23-3
2026-08-22T11:00,518e6598f16caaf04d192c8b238ef15c0c7ec50310a30042821ac90bb110f43d,2026-08-23T15:20:27Z,2026-08-23-3
2026-08-22T11:00,519423a9d0fd131185ed7f782ee6e656c1b04fdbbbd95774ec03ba53c06eee91,2026-08-23T15:20:27Z,2026-08-23-3
2026-08-22T11:00,51a406518c83c43e3466f91b7573968e560712842a06af4955445823a3e3ecb4,2026-08-23T15:20:27Z,2026-08-23-3
2026-08-22T11:00,51acfad31f1ed31266f1df10e9ae09fe1fbe76ee63f3b7cfd3a51a3663e3e481,2026-08-23T15:20:27Z,2026-08-23-3
2026-08-22T11:00,51b3ab3629813b25c07ef01137e3154f39d6437416aa605b7bb8231fe07877f6,2026-08-23T15:20:27Z,2026-08-23-3
2026-08-22T11:00,51b75d6b186f3bc65a0620063cad2b18aaed219d347633169c9541ddbeb97180,2026-08-23T15:20:27Z,2026-08-23-3
2026-08-22T11:00,51bd36a671fe0489a676748053970d8a05a7817c37284dbdd04b0734524e7a99,2026-08-23T15:20:27Z,2026-08-23-3
2026-08-22T11:00,51d9e4c36b2f775fd327f3f77c5296c15112a62557d96634121e19f9dd0c305d,2026-08-23T15:20:27Z,2026-08-23-3
2026-08-22T11:00,520f1cc0bb6a7a2f9961b4c77c4c3de0afc2dadf6804f8733f504ad017338522,2026-08-23T15:20:27Z,2026-08-23-3
2026-08-22T11:00,521cb8f5727237af1c44feb4444334a2faf7dfcc9e7d53764a3e5fae7e59bce7,2026-08-23T15:20:27Z,2026-08-23-3
2026-08-22T11:00,5223fe491ee43b1cfcb391274868fdc691a9384f9fd6c3064e798985d8ada304,2026-08-23T15:20:27Z,2026-08-23-3
2026-08-22T11:00,523b9b855c7cfdfe9032af9d6c3e6ee40ae620559dc361fb16511f12660105d3,2026-08-23T15:20:27Z,2026-08-23-3
2026-08-22T11:00,523be5574b6a8240bad4eb1940490340a204800a48d417d89a22f865d5c569df,2026-08-23T15:20:27Z,2026-08-23-3
2026-08-22T11:00,5242bddffdf1d8934d8549bcd159b61b54a18e3f73762eb5af59c44895972ee9,2026-08-23T15:20:27Z,2026-08-23-3
2026-08-22T11:00,5260c1f6ad2627aca548efd34bb0fe867679480c2eb0a32f6493384f34e30d12,2026-08-23T15:20:27Z,2026-08-23-3
2026-08-22T11:00,5265d72fa2c49c7a5fd934286c23c258808f0683b20be5a073430b380ed2c458,2026-08-23T15:20:27Z,2026-08-23-3
2026-08-22T11:00,526f41b13df1bea3b1b2e9a562666f0673f66df6e3fc717b922aab3051552c21,2026-08-23T15:20:27Z,2026-08-23-3
2026-08-22T11:00,527fbf0a9088e8d31df9ac3c8dbc275e056315e45b2f5c6addb8a69902fa1da0,2026-08-23T15:20:27Z,2026-08-23-3
2026-08-22T11:00,5280abcd2f17211fb4a08cb26579dd889eeced81db7974ef3a0fdd417c1ec63e,2026-08-23T15:20:27Z,2026-08-23-3
2026-08-22T11:00,5283305e855c5a23d1293d06ac81d6a7bb667609fd4af679246267f479288320,2026-08-23T15:20:27Z,2026-08-23-3
2026-08-22T11:00,52bf0f2b8dc9c43e2325579ac2f47f8988d34710956ee575664a5869a5268fb7,2026-08-23T15:20:27Z,2026-08-23-3
2026-08-22T11:00,52c5279070fe818d4ebcadaf6eb289cb095a4a681f097dff9a1541cdf8a1db7e,2026-08-23T15:20:27Z,2026-08-23-3
2026-08-22T11:00,52d147ae982fe2d845ff452b1e1d0398df479a22f2ca5de6833fcd3ef46df946,2026-08-23T15:20:27Z,2026-08-23-3
2026-08-22T11:00,52d924945cf3d6ee357a3376d10faed1abeb7c58fa48c103bc2a633b96465a6f,2026-08-23T15:20:27Z,2026-08-23-3
2026-08-22T11:00,53040affb521da6e7d8f8e6e0fc82d18080e84250aeaf57e6219f165fd5a1054,2026-08-23T15:20:27Z,2026-08-23-3
2026-08-22T11:00,531386310e6ed0521a4619be18b5c7f0850d3846a64bd69834bafe30bfdd6faa,2026-08-23T15:20:27Z,2026-08-23-3
2026-08-22T11:00,53215f4a8b0b3b7bb0c83789ce3817a327d81552386276db7bfa55801267891b,2026-08-23T15:20:27Z,2026-08-23-3
2026-08-22T11:00,532619c7b215eb02ef7c4cb2ccdb666b2c8b667ef809be19022813558c412988,2026-08-23T15:20:27Z,2026-08-23-3
2026-08-22T11:00,53315b22bf1fee62e5904ad0abe523804ef1ad59515b887b99523caf65311d2a,2026-08-23T15:20:27Z,2026-08-23-3
2026-08-22T11:00,53370f14982427fae2cf64f30cc9392c8c4cd366d9fb9a2529a8af7da71595ef,2026-08-23T15:20:27Z,2026-08-23-3
2026-08-22T11:00,533ccca1a043d01d8c5e31ae8ba17418e0f00646152901b1bccb91d7c928e59c,2026-08-23T15:20:27Z,2026-08-23-3
2026-08-22T11:00,5340bfadcc19de3fc3feaa937cd7b52ee6947ace614f5987e9e4df8f3236f83e,2026-08-23T15:20:27Z,2026-08-23-3
2026-08-22T11:00,53435ab42bf3e3db6518a1693aee6d350019737abae4c9babc21f7037f202166,2026-08-23T15:20:27Z,2026-08-23-3
2026-08-22T11:00,534818840dae07b9d15a87a9b0e98ef41609f5842f85b7f4d223e14976337b06,2026-08-23T15:20:27Z,2026-08-23-3
2026-08-22T11:00,535dfa135f69d0c4acba32702495f9e4c49a271ab319403fcc58944f437342d4,2026-08-23T15:20:27Z,2026-08-23-3
2026-08-22T11:00,5367cc95a8fd98172eb15540985f3472c41b6f393d6d65c9bf889b4f9238cbc1,2026-08-23T15:20:27Z,2026-08-23-3
2026-08-22T11:00,537fb5e60aff2bbc9841e409f4fe26fa050befba8ddf0eb30cd9946f389a38b3,2026-08-23T15:20:27Z,2026-08-23-3
2026-08-22T11:00,5393035b19f35d9e343bd1c8cc1f40769fa78ddfb42d1add5edbc04763bb8c1e,2026-08-23T15:20:27Z,2026-08-23-3
2026-08-22T11:00,53b794d917cdc5d03995231004389d7d71b6104b05e02c3f046424d2759d9164,2026-08-23T15:20:27Z,2026-08-23-3
2026-08-22T11:00,53c94e8d47999113793fc3220e6221272417bb3511e56b1d4415f6ede1975143,2026-08-23T15:20:27Z,2026-08-23-3
2026-08-22T11:00,53d207be3bd8b3ae2f45aeaf0c1f95758d79914bb0fe273ea0ccb10dbd90e5d5,2026-08-23T15:20:27Z,2026-08-23-3
2026-08-22T11:00,53d9d360d3421c9e04dc7f91a84190082b4e2bef3d7b7c7809dff9dd860ea563,2026-08-23T15:20:27Z,2026-08-23-3
2026-08-22T11:00,53dd61191506df43c3f71d293b1e701165db85eec5f4c68ffe12de9fa26c49e9,2026-08-23T15:20:27Z,2026-08-23-3
2026-08-22T11:00,53e1da4b0cbcd14ff9f47ec54b6622ccf0f495b33c61943106216ab1c467ec8d,2026-08-23T15:20:27Z,2026-08-23-3
2026-08-22T11:00,53edd893b294cc253c73e1750fa458ef267d1bdd1e2a34c09003b331d2aa7736,2026-08-23T15:20:27Z,2026-08-23-3
2026-08-22T11:00,53ef76fb3c4be458d9779eb4c9817c40113fa978e6e7cb23db6ab14a7b5ed722,2026-08-23T15:20:27Z,2026-08-23-3
2026-08-22T11:00,54039a329c2b1e97833ac03bfbb8fddde563de5b57ace07fe1e6a11183d511c1,2026-08-23T15:20:27Z,2026-08-23-3
2026-08-22T11:00,54058a0182312a0864b49f3207934bed5462959b8ad086ea648a5bc195a55c91,2026-08-23T15:20:27Z,2026-08-23-3
2026-08-22T11:00,540a490ce5a890449de00b28b1c7dbf3daad64c01846bdfcb0ebc50a800ea002,2026-08-23T15:20:27Z,2026-08-23-3
2026-08-22T11:00,54177ae99baba19eb2dd26ec10f5ee8f0a6b3ce754548fc205be2d88d85018e9,2026-08-23T15:20:27Z,2026-08-23-3
2026-08-22T11:00,541a6bd669599a2b7b16e4e434c2caa3e3b27a0a8dc5699f5ee7512f5dca122e,2026-08-23T15:20:27Z,2026-08-23-3
2026-08-22T11:00,543d1dff717d744b1b1c600d669998bdb02ad0f26d2fd09a697d9ed873150e65,2026-08-23T15:20:27Z,2026-08-23-3
2026-08-22T11:00,5444af9495f7fac8ef93b0c3843c5d28cb630484fca0f959cc5100c7faa96c8a,2026-08-23T15:20:27Z,2026-08-23-3
2026-08-22T11:00,544d184728d7f71ba0e5e0cf3ff8016b59705986da4459f4e5952a71d35a28fa,2026-08-23T15:20:27Z,2026-08-23-3
2026-08-22T11:00,544ef7f52b548bac8a51e8441c16fe097f851d0d1f6606ace2e6b97785a6b1f6,2026-08-23T15:20:27Z,2026-08-23-3
2026-08-22T11:00,545b974865e8c3cec5d011ed1264baac1ad56294a5f4fb14e55487ac73a0f44d,2026-08-23T15:20:27Z,2026-08-23-3
2026-08-22T11:00,5463b135a70552b280573a8a44860b9379ca6daa7183fa2163f4fc52ebb8ccc8,2026-08-23T15:20:27Z,2026-08-23-3
2026-08-22T11:00,54689d6c4478322ff9135a4c0575ceb96a395104c1db7323bd56b96ccc9e51da,2026-08-23T15:20:27Z,2026-08-23-3
2026-08-22T11:00,5476d84eaa6478db0c1df19618203c691e3533997e280fd0c96c22962f2a2f89,2026-08-23T15:20:27Z,2026-08-23-3
2026-08-22T11:00,547819139e56b65685dd3d81ae2d39ee8b77429b9d161692798cdb892ab56f07,2026-08-23T15:20:27Z,2026-08-23-3
2026-08-22T11:00,54790e31bfa6e064d81d49daf11a1bdd6e0b51ce5e361f1bea3adf16855140bb,2026-08-23T15:20:27Z,2026-08-23-3
2026-08-22T11:00,54808be82f4d11052502ca682d065d2a1e8bf2fa20f2e8cb7e1f3464e42e96de,2026-08-23T15:20:27Z,2026-08-23-3
2026-08-22T11:00,548af8cb985d2af5be371e2fbe6362a59890846e35b23423166c783c472caeb0,2026-08-23T15:20:27Z,2026-08-23-3
2026-08-22T11:00,548b3d09c614f580720d659ca7712a0b485c0b24e5acfc0ceaf282f15a2df540,2026-08-23T15:20:27Z,2026-08-23-3
2026-08-22T11:00,5493a8168eadd064decd0dc2a57e70b8b88a7ff9f6c3602e9088b9a5fb7d464b,2026-08-23T15:20:27Z,2026-08-23-3
2026-08-22T11:00,549b511d124ff0062b1efbd093154444a855ee901d92f05b7bf239af2aab5dd3,2026-08-23T15:20:27Z,2026-08-23-3
2026-08-22T11:00,54ab361e0739ed86fb0c4cae9239f97c7b1de42d9e4c5e7999a95a19a50f32eb,2026-08-23T15:20:27Z,2026-08-23-3
2026-08-22T11:00,54ada6137f693200829191fc97d9cf2e1bef8b20fff96d4b7b0d1efa26d894eb,2026-08-23T15:20:27Z,2026-08-23-3
2026-08-22T11:00,54b1907fead731dc84922114f13891db5caa5d9d3f0563122bdc069e3f11faf2,2026-08-23T15:20:27Z,2026-08-23-3
2026-08-22T11:00,54b58833c71340c0c55830e69a1ce3c14026ece267581f1024e541e2c4bfb8ab,2026-08-23T15:20:27Z,2026-08-23-3
2026-08-22T11:00,54b6930238ebd05c11cdeb3d4da55a85cf784a4c137acd5d03bbfdd168d9e578,2026-08-23T15:20:27Z,2026-08-23-3
2026-08-22T11:00,54b77da685eaa4556a300e77e7b6ac04c2808b5eb8511b88cd3b333721fe9f89,2026-08-23T15:20:27Z,2026-08-23-3
2026-08-22T11:00,54ba9a907ae8da166764a12c77ac4cd3bbe25f280467406261659f2348be92fe,2026-08-23T15:20:27Z,2026-08-23-3
2026-08-22T11:00,54ca4ee579cda1b17ef23f0caba9d9957bb9831d88985cbfa023c5ae85d11316,2026-08-23T15:20:27Z,2026-08-23-3
2026-08-22T11:00,54d3ebffafce8de3f89e900bee1ed706a975b4654f57e07a6a27cdd4a8ae19cc,2026-08-23T15:20:27Z,2026-08-23-3
2026-08-22T11:00,54d550ec5236b4278289f479c748706f03a58e883553f15d3920dd9c186d594f,2026-08-23T15:20:27Z,2026-08-23-3
2026-08-22T11:00,54d604eb530dd7bbffb42ccbc97ccbb042f0cec81f6e4d755f8786cfbabe4e7e,2026-08-23T15:20:27Z,2026-08-23-3
2026-08-22T11:00,54e961458ae5fbed1dec25d2a2516a7d2639292458f019830f7865c7f54d727f,2026-08-23T15:20:27Z,2026-08-23-3
2026-08-22T11:00,54f60ca8fca3578bca5cdfd2a4244425c3ee322ac7bc705a39583fbdb597c4e8,2026-08-23T15:20:27Z,2026-08-23-3
2026-08-22T11:00,550f70be74e1c83a6bed89a0f6765d5d24274192cac520c309c4531c325aba4d,2026-08-23T15:20:27Z,2026-08-23-3
2026-08-22T11:00,5520f01db67718776544c20716ca75ac14b37501f115fba98d3692662912febd,2026-08-23T15:20:27Z,2026-08-23-3
2026-08-22T11:00,55220d2c1f92f5a3efb1eba21cdd117bdfeab54db94e6283d3067b90855cb051,2026-08-23T15:20:27Z,2026-08-23-3
2026-08-22T11:00,552f9fc1e929486f58cac7a6ea82cc5ff3e8e0cd0e04ab557a9140651aa9f8a8,2026-08-23T15:20:27Z,2026-08-23-3
2026-08-22T11:00,55331da1cf3d99ad6f8e2d82f52432720e53b28aba1873f0be7b00535f617712,2026-08-23T15:20:27Z,2026-08-23-3
2026-08-22T11:00,5543eae6f599212338d1b8c2fcea8b3fcf54ce701c1bca98ff47db9b0ae6bb49,2026-08-23T15:20:27Z,2026-08-23-3
2026-08-22T11:00,555c268fa102ac38e1a3e3cd44eae331e2edba23365a53d3980c488e98d21049,2026-08-23T15:20:27Z,2026-08-23-3
2026-08-22T11:00,5561fe56a315dc6e99ae7f66a8f8bc253547881568feee1d0c7c7ccbaa8d6d52,2026-08-23T15:20:27Z,2026-08-23-3
2026-08-22T11:00,556cfbf86db8f11e2ae048e52f47b43469c594c75ecdff74b943feec58144bfb,2026-08-23T15:20:27Z,2026-08-23-3
2026-08-22T11:00,5586239f459f2b6bc84ca662726ef6d5462e59444c28fc0253440536cffbd53b,2026-08-23T15:20:27Z,2026-08-23-3
2026-08-22T11:00,55904b2e2ce75c332dfe05f02108603e77abc637a88693fc9e788bf7c61b5f18,2026-08-23T15:20:27Z,2026-08-23-3
2026-08-22T11:00,5591256afe933fd76de4cabd437798e47a245321e11928b77bbc8fdd444c7189,2026-08-23T15:20:27Z,2026-08-23-3
2026-08-22T11:00,55949946b0434c686ceb93d72a6003b80ceb80d6845c2853c5ebd0963502788a,2026-08-23T15:20:27Z,2026-08-23-3
2026-08-22T11:00,559649af267d16ba7a3ab2575d5771996aa1582c3eb93032e76dbd27af06c0fb,2026-08-23T15:20:27Z,2026-08-23-3
2026-08-22T11:00,55a056048dd0207c3fc4851a07f26dfebeaca38433339a23bcdb8d5ea9681c49,2026-08-23T15:20:27Z,2026-08-23-3
2026-08-22T11:00,55a17e350c0a0cd59512eb5e9fb460db6009ba156354850680c4644e6fcfac38,2026-08-23T15:20:27Z,2026-08-23-3
2026-08-22T11:00,55bc17d8de5da8b6b9da22cd637ae9fd4f3a272b99f6e0e321b6ed4e2a0c3cef,2026-08-23T15:20:27Z,2026-08-23-3
2026-08-22T11:00,55c617ffc6cdb1671839c345787820c27631ab307d651796be47834776804963,2026-08-23T15:20:27Z,2026-08-23-3
2026-08-22T11:00,55cd7ae1994d8c21aba13ef77b6d08c1826b7fbab3208f1c1c14d47240280bf3,2026-08-23T15:20:27Z,2026-08-23-3
2026-08-22T11:00,55cf833bc7db908642695801677c2c16476b2ccebc1b1b85c9bb480282379cf5,2026-08-23T15:20:27Z,2026-08-23-3
2026-08-22T11:00,55d019e35eea52a2507ceba1a5907e7ebd6087a1f3fe72249b95a0b22778f487,2026-08-23T15:20:27Z,2026-08-23-3
2026-08-22T11:00,55da04f42e321f995dadb2709df6e827d8ebf32c8132c77c485ccac70f6bc6bd,2026-08-23T15:20:27Z,2026-08-23-3
2026-08-22T11:00,55dd24c2d12ba53c5410852e4ef788fb3b614238faa9f7e9d74e61e2f0b2875f,2026-08-23T15:20:27Z,2026-08-23-3
2026-08-22T11:00,55e074904e0367e4f113612f52d1c8c465382409fc95a81825c5d2874425f821,2026-08-23T15:20:27Z,2026-08-23-3
2026-08-22T11:00,55ffc5c1de25e9ddfc37e822061fb291a1881624111bd27d53409baa24c7c12f,2026-08-23T15:20:27Z,2026-08-23-3
2026-08-22T11:00,560a0db07551bba3f37fcca13b138f774c66b7a04b4d7b0bf768d22d26befe01,2026-08-23T15:20:27Z,2026-08-23-3
2026-08-22T11:00,560b5e96bf118dab52dce0e3c71ddb53298e2227da5724642874b3e1614dfed5,2026-08-23T15:20:27Z,2026-08-23-3
2026-08-22T11:00,5613345dc52ba3ff1cc1707a467696713e5a530278630e6259339e76a87e6473,2026-08-23T15:20:27Z,2026-08-23-3
2026-08-22T11:00,561c20c9d4e780718698625ad52d47a240d6a483814665795ba99a4fd07e6979,2026-08-23T15:20:27Z,2026-08-23-3
2026-08-22T11:00,5621eed48d72e9d8f2c4fde12d32f3f93cfdac7603cee17a612fbbe69e03937d,2026-08-23T15:20:27Z,2026-08-23-3
2026-08-22T11:00,56434981f18e26e302d51cff5be31dc564233a34842fa195253416d2cc4a86f1,2026-08-23T15:20:27Z,2026-08-23-3
2026-08-22T11:00,565dea8b571b3338dbec3a39ab1812765bb30ee7e1784a6d26a170e13137552b,2026-08-23T15:20:27Z,2026-08-23-3
2026-08-22T11:00,566094cd693986efa8b87b94e9fd5b291960cf303d2ff52dda5ee579362d442f,2026-08-23T15:20:27Z,2026-08-23-3
2026-08-22T11:00,5663049d79e200c3b80fa3524897b7873082c6abb98556e399ff05a52a27bac7,2026-08-23T15:20:27Z,2026-08-23-3
2026-08-22T11:00,566b6b584567f2d0923e0eddf76602c34bfe11bbbb80b85c4fa34be8e8feb26d,2026-08-23T15:20:27Z,2026-08-23-3
2026-08-22T11:00,567723bf541e600cc4839230d1cc304db2abd8a990b7e88c1bc6c53ddb60b81d,2026-08-23T15:20:27Z,2026-08-23-3
2026-08-22T11:00,568ba3fb6075f31c2c226491cb7c0ebba672e42d15eab13b63c867b93e0830dd,2026-08-23T15:20:27Z,2026-08-23-3
2026-08-22T11:00,56919d02af0d7d349b5f7d892cc674aba3b8f11c31a2d93940ebe2618678b216,2026-08-23T15:20:27Z,2026-08-23-3
2026-08-22T11:00,56a46298f58f8596ab38bd3d8a1569820a258cce3c41bede2f0dad5573e9c603,2026-08-23T15:20:27Z,2026-08-23-3
2026-08-22T11:00,56a8e3bfdac6eda935ad7f4e5446cf06677077f27a666fcc830c26f90b0b15f7,2026-08-23T15:20:27Z,2026-08-23-3
2026-08-22T11:00,56b15a316092221d9fea88f297e2971e289c2fd1f445bfcc3293c84d8f516be3,2026-08-23T15:20:27Z,2026-08-23-3
2026-08-22T11:00,56dab6d870990a94905fa03772409b6b4e4f1625eb934f5d59b1e3f14c9b6dd2,2026-08-23T15:20:27Z,2026-08-23-3
2026-08-22T11:00,57156d8f8b686e494b676cc2ba798b9d2939a66ad83f4a73765edaebc54f9198,2026-08-23T15:20:27Z,2026-08-23-3
2026-08-22T11:00,57262dad87a5915c8152218f85a1fbd67e5fbe97cfd083387950633694c756da,2026-08-23T15:20:27Z,2026-08-23-3
2026-08-22T11:00,572fb75bfbfbff14d0168adb8d13ace556227076a982d486b069122a5ff86d22,2026-08-23T15:20:27Z,2026-08-23-3
2026-08-22T11:00,573e84babf98a4ee502744b5397f549e587879e4c8cd53ccb8f956993480d421,2026-08-23T15:20:27Z,2026-08-23-3
2026-08-22T11:00,574161e956a98014957788d300c39c6f553bf2f249ef03d4950dc0b5bd0041d5,2026-08-23T15:20:27Z,2026-08-23-3
2026-08-22T11:00,574b44c165d10f161d87b247e44dab3ee777da6bf31ecc0c6a48c98551e384ab,2026-08-23T15:20:27Z,2026-08-23-3
2026-08-22T11:00,57511ffc0309e740939b60d94e72855706244c96025bda649408c2dfc5cde38d,2026-08-23T15:20:27Z,2026-08-23-3
2026-08-22T11:00,57599b87d9b229fd5893458e99e930b7c359385f1293bc57748bb599a45249d8,2026-08-23T15:20:27Z,2026-08-23-3
2026-08-22T11:00,575b20eb1a68e6d7c42a3756c6e62ffe3a605c61f8231c002faaf7783063bf5e,2026-08-23T15:20:27Z,2026-08-23-3
2026-08-22T11:00,575cb0a6069ca3a88e32e93441ff624a24b805284fcb368aae3065e6e25fd951,2026-08-23T15:20:27Z,2026-08-23-3
2026-08-22T11:00,577ddf6b90e6d70b43383fc6b5bf29af9051645ec6ba8ce542b298223ecbfa62,2026-08-23T15:20:27Z,2026-08-23-3
2026-08-22T11:00,57821a6bc249f7744271ee49bd513fb31c72f8b9499e848d75765ec33a6d739d,2026-08-23T15:20:27Z,2026-08-23-3
2026-08-22T11:00,578d1a3a6d2749905304372fa3e32adba5be2c23deed9ee8b0a0152ae92bb582,2026-08-23T15:20:27Z,2026-08-23-3
2026-08-22T11:00,5796eea4dcf482a4ee7bd56c9a76200dc513c5dee008e6bdf248a3586f43a457,2026-08-23T15:20:27Z,2026-08-23-3
2026-08-22T11:00,579a6933fda1298b107bc9c14c74dd91398137cae5e90e26d7c2de12f1a172c9,2026-08-23T15:20:27Z,2026-08-23-3
2026-08-22T11:00,579ffedf60590457ea81b125a5dc8ebfacb9a68e5f93733916cab89f1d7f5c7c,2026-08-23T15:20:27Z,2026-08-23-3
2026-08-22T11:00,57a319d33df7cbb756af8341e6ee408c84870101bc6d55dcfbd650efa36dd6c8,2026-08-23T15:20:27Z,2026-08-23-3
2026-08-22T11:00,57a55fcb205568a643090e2362b20d80ca39e3c59ac3e708f0721e44f54501ed,2026-08-23T15:20:27Z,2026-08-23-3
2026-08-22T11:00,57afd2db0e28e1a3cefc039ee836b4daacd47e90b9bb8e66cc51ced9e064c72e,2026-08-23T15:20:27Z,2026-08-23-3
2026-08-22T11:00,57b0fdac8cb6ab68a76426a6fb73ed43ad0206e2570399a37c746720f7564b85,2026-08-23T15:20:27Z,2026-08-23-3
2026-08-22T11:00,57b344cf3390de696c19928e886f2968f5268527477fa2909f10359834f3b726,2026-08-23T15:20:27Z,2026-08-23-3
2026-08-22T11:00,57b488d288c298008e72a574e48a6b9a799a690c476234adecbf6b45ab74da60,2026-08-23T15:20:27Z,2026-08-23-3
2026-08-22T11:00,57da868082bd0465d37cce989d9b2ce6d9a8df8f79cdbf14d6ec72dfde47f32e,2026-08-23T15:20:27Z,2026-08-23-3
2026-08-22T11:00,57db1a5b599920fd0838afde0a06f144e8b94f81235e8b5b512e603f4a1ed923,2026-08-23T15:20:27Z,2026-08-23-3
2026-08-22T11:00,57f8b7f378e9c39afee2b695124e64c9f4d434320943b412f6cfb54e9fb0229e,2026-08-23T15:20:27Z,2026-08-23-3
2026-08-22T11:00,57f9efdd5b696e4b06be12fde8f5d07247934b9155bd88ff23000f09ccc1d11b,2026-08-23T15:20:27Z,2026-08-23-3
2026-08-22T11:00,57fde48a0d67f5045c152355718e527a70912d88a5ece904d1ab2b0f49261bed,2026-08-23T15:20:27Z,2026-08-23-3
2026-08-22T11:00,58072d63efe58065807d7989681a61845d602b36638cd3a1131960cf4bc0f2ee,2026-08-23T15:20:27Z,2026-08-23-3
2026-08-22T11:00,5809b4f7f268ac8ec8beddd52b9541c9438158461f0520b295be5e3c943a0ff9,2026-08-23T15:20:27Z,2026-08-23-3
2026-08-22T11:00,58138f2dad803e54a37fb757279f790f521696ce381766914e0b133bd870a829,2026-08-23T15:20:27Z,2026-08-23-3
2026-08-22T11:00,5813b62b25e2f6a975e1ead6880ea2a46cbee700f1e07f69e80e9f4cf4449859,2026-08-23T15:20:27Z,2026-08-23-3
2026-08-22T11:00,581dd87d0e73fa146e82191828c99cdff4a98355223e30256dcbdbac51e28fd0,2026-08-23T15:20:27Z,2026-08-23-3
2026-08-22T11:00,582cc99902632e430867bd756c8cf31bddb6ed3a6e00240d935f7f7c0a5775e5,2026-08-23T15:20:27Z,2026-08-23-3
2026-08-22T11:00,5838a1fb2a7322c084d762cd7ba6dfb77b399dea82a6e56dd91a4bbd3c1779d7,2026-08-23T15:20:27Z,2026-08-23-3
2026-08-22T11:00,584fe1e2209458351d1bd897d65ff8e40eeb8f0c60c76cc1759a055dfa35aac6,2026-08-23T15:20:27Z,2026-08-23-3
2026-08-22T11:00,58608c8cbab3d6402187322fa8eac3e6ae3a0b5d269f8520a94dcf76e4f5bf67,2026-08-23T15:20:27Z,2026-08-23-3
2026-08-22T11:00,5863ed7e543b2daf597c5aea42ac4d69194dec54bdc52ba2dc2074c1f3d87a63,2026-08-23T15:20:27Z,2026-08-23-3
2026-08-22T11:00,586e89e463bfd9a7023947ef13e97e51136f0163410845ad8c75df3a1f7ae892,2026-08-23T15:20:27Z,2026-08-23-3
2026-08-22T11:00,586f20cf7e17f9d70cac0c848e5857f6cd1d9cd8958fa399778cd1579bb39e0f,2026-08-23T15:20:27Z,2026-08-23-3
2026-08-22T11:00,58749d56681036cf8131fbf078442837e3dea84a32ad49f56a9f0d9d157455fc,2026-08-23T15:20:27Z,2026-08-23-3
2026-08-22T11:00,5890b1cfd4cc38aa3885e02e9fc3010d881da63d5d8b82ee82ae0ed7c4531d58,2026-08-23T15:20:27Z,2026-08-23-3
2026-08-22T11:00,589a3a11654e4e76240c334169ab7210776f84c104a16311d0bd0f444fb75575,2026-08-23T15:20:27Z,2026-08-23-3
2026-08-22T11:00,589db0c3ddb03b9afc4478f83653313c562782e63ee312e7ed1cfb27421cc975,2026-08-23T15:20:27Z,2026-08-23-3
2026-08-22T11:00,58a832a16faf493f5275bbf420baa971bac39faaac6ca0d9f239a48bd8330ca5,2026-08-23T15:20:27Z,2026-08-23-3
2026-08-22T11:00,58b581b20ce32e7be40ebc18a719b42b939046c6c640fa43fd6b6415c69f68f2,2026-08-23T15:20:27Z,2026-08-23-3
2026-08-22T11:00,58c91beb9139df51e902bc66c8292bfcd16936718072d2b9cc7c33634aba8896,2026-08-23T15:20:27Z,2026-08-23-3
2026-08-22T11:00,58ccc6cbc573b488ffdb3be75f787b1845600d0a839b5310a0825b003f759b23,2026-08-23T15:20:27Z,2026-08-23-3
2026-08-22T11:00,58d5ae5fc2ceed635c07d1f7a173ec89daf9e743edfc3394708e86e751e45dd0,2026-08-23T15:20:27Z,2026-08-23-3
2026-08-22T11:00,58dbbf56bf9b548156ca2d55e67f4e77b0a1489ce3b0239ac64c5186301f3e6c,2026-08-23T15:20:27Z,2026-08-23-3
2026-08-22T11:00,591b8cc64bf653592e8ffa7e906d14f3e9fbeec51854770b7825d9e1f12ae385,2026-08-23T15:20:27Z,2026-08-23-3
2026-08-22T11:00,5926ba0167f609874f5ad9c2b7512a873bc64ad588a9aa03c67a3d9eeeccab0a,2026-08-23T15:20:27Z,2026-08-23-3
2026-08-22T11:00,592f876b4312db926f1568646a52e467974f3106ba7e420d868a9993347d356d,2026-08-23T15:20:27Z,2026-08-23-3
2026-08-22T11:00,594a4b88e7ad4fde72350cf51ae6650f7c277cfdb75bdd830c77e14a4a865bcb,2026-08-23T15:20:27Z,2026-08-23-3
2026-08-22T11:00,59587befa48d181417111acfa7c992d0795fe1355b1d1aa32836d07d7600734e,2026-08-23T15:20:27Z,2026-08-23-3
2026-08-22T11:00,596cc301f292d1413c3ba2fb88aba61e02d6543703389b28d0d4ae90694d932b,2026-08-23T15:20:27Z,2026-08-23-3
2026-08-22T11:00,5977a765f2258a89ea174aa308b17f4b51734e4f2204ff6c70ea87d66b401050,2026-08-23T15:20:27Z,2026-08-23-3
2026-08-22T11:00,5982865edf470229ac2d61660821b7115603ddeb72c6d32e31804f54aed5878f,2026-08-23T15:20:27Z,2026-08-23-3
2026-08-22T11:00,598673c37b3697232e31f8a4ed708a00eddc386fb082196a98cb73fb7b3668df,2026-08-23T15:20:27Z,2026-08-23-3
2026-08-22T11:00,5988cbdcff065c882743774cdb7ba6183a4734f2df4bfa70f071f7be4a1f2e54,2026-08-23T15:20:27Z,2026-08-23-3
2026-08-22T11:00,598d7f91267fa8cfec56845fd96876fc4dd0144548ca2ef656363abc11266a0c,2026-08-23T15:20:27Z,2026-08-23-3
2026-08-22T11:00,5993dc39b3ce67f6e732e7f069a84cf5faef6408d0691972d852928e86564ce2,2026-08-23T15:20:27Z,2026-08-23-3
2026-08-22T11:00,599415e1afe1d856cea348f8df86fb8a6cc4cfb507a9a009b0c6b1c8aa9d7bab,2026-08-23T15:20:27Z,2026-08-23-3
2026-08-22T11:00,59a150da67c913729749eed80f0fc0a3af8179af908815380bd272fc31f74c06,2026-08-23T15:20:27Z,2026-08-23-3
2026-08-22T11:00,59a7f88621464d13c53754678d386478f272842d10b76fb63013638a46d95eec,2026-08-23T15:20:27Z,2026-08-23-3
2026-08-22T11:00,59d104b9c049f2ada099b3135da9b9e79700b67122fb281af22291e0f71939ac,2026-08-23T15:20:27Z,2026-08-23-3
2026-08-22T11:00,59d40745a69461fe9a98b0c2b7c026eac6df623079d1a5a1f233f7f001c2d65c,2026-08-23T15:20:27Z,2026-08-23-3
2026-08-22T11:00,59e09634a81ad9e29ba7c6203d2f6d983f71227e40bf7090db725fddde308942,2026-08-23T15:20:27Z,2026-08-23-3
2026-08-22T11:00,59f30464f6ca874be40b68e93cc537b9564edca36e204f66af5d5dde278afc1b,2026-08-23T15:20:27Z,2026-08-23-3
2026-08-22T11:00,59f54870ad45923e972ee3d6626500242307c8386c6ab932538831b9a10dd185,2026-08-23T15:20:27Z,2026-08-23-3
2026-08-22T11:00,59fa17f4ed43e0aba97964a249a0895619ba77ef79458e58588ae6f79cbb20a4,2026-08-23T15:20:27Z,2026-08-23-3
2026-08-22T11:00,5a118d68d8b05ce1497068dd92546a5cf215732a901aa75458c0522a6cbf7c3e,2026-08-23T15:20:27Z,2026-08-23-3
2026-08-22T11:00,5a1fd4b71f089506be88d161ed2622d02649b8eabcd1e0216985775c2c1aee5b,2026-08-23T15:20:27Z,2026-08-23-3
2026-08-22T11:00,5a2f2a410b05d281ba2f60c6638b4878e9fd16fb473e397b858ad63d7c0dba28,2026-08-23T15:20:27Z,2026-08-23-3
2026-08-22T11:00,5a43c67fc4a50c139db6aab7e7dec3298081783cf6387b7fbe3be741713debe5,2026-08-23T15:20:27Z,2026-08-23-3
2026-08-22T11:00,5a4f748e2a07592abc5cebf532c4482856c2e996d732af55eca75e5983ff165f,2026-08-23T15:20:27Z,2026-08-23-3
2026-08-22T11:00,5a5fc53978be1fbbeaebb5c70c8f9f6309ecbe7fece985e0f8eab9fa22bc63d8,2026-08-23T15:20:27Z,2026-08-23-3
2026-08-22T11:00,5a67e1abb891f2e03cc5dabb4050017c60a163f3b65ff89810ef674e7af2054b,2026-08-23T15:20:27Z,2026-08-23-3
2026-08-22T11:00,5a6e85cdb64d476f08f57d73b636d2b9044be2ff78f318b9f5ceb0bc904d37de,2026-08-23T15:20:27Z,2026-08-23-3
2026-08-22T11:00,5a7173c6b4ec6f1cc376e243be639c27879e00e40d159edee9f631876810f6b3,2026-08-23T15:20:27Z,2026-08-23-3
2026-08-22T11:00,5a76c404bf1fe3921900b565bc4fbc71d89aebea09bc89dafe7afdd8c2283202,2026-08-23T15:20:27Z,2026-08-23-3
2026-08-22T11:00,5a7eba3fa27fe40a4e92e6c9fb1a18e8b85c8ad6ef1620c64140f310a53dfbb0,2026-08-23T15:20:27Z,2026-08-23-3
2026-08-22T11:00,5a833295d9a16a8cd473851b6d08a0464ed6615739e12d26fa6cd201a27980e7,2026-08-23T15:20:27Z,2026-08-23-3
2026-08-22T11:00,5a91017085554743322fd1ec92ce093f5998d30d0ce02971d711aa3f892d4233,2026-08-23T15:20:27Z,2026-08-23-3
2026-08-22T11:00,5a992319f41ed1bcd275b2ec91d54005f2d7eaf3b519e85c6a4cda2d81242693,2026-08-23T15:20:27Z,2026-08-23-3
2026-08-22T11:00,5aa9c93bc7040291c9f08bfa95d81636c86dce50f4b4a2ac267e42819876e85d,2026-08-23T15:20:27Z,2026-08-23-3
2026-08-22T11:00,5ab24e31c09e8ca18d5e209a5ec7872f4f1bcd2ad0070b83f317a1a63a769d40,2026-08-23T15:20:27Z,2026-08-23-3
2026-08-22T11:00,5ac0b0ba5758e98e5e4fcf920e3fba94c32029228cffb7b04089b7d74d668825,2026-08-23T15:20:27Z,2026-08-23-3
2026-08-22T11:00,5adc58fc8691d0022d20f50bd8b6752bd3a2e50aaddcfb4ee385a4d1e0517525,2026-08-23T15:20:27Z,2026-08-23-3
2026-08-22T11:00,5ae84364dc660b06a2cdfa13a5114dd5069b3bacca59f37d5278e669e0c28621,2026-08-23T15:20:27Z,2026-08-23-3
2026-08-22T11:00,5afb310e70754033082e76746547be39996bb6f8ec6c3d4c4b2b35a4d6efbfce,2026-08-23T15:20:27Z,2026-08-23-3
2026-08-22T11:00,5b01da2ccf9a9efb80a0ecdd23b4fd2162cc7c55749e1b5664d920eb315f5b85,2026-08-23T15:20:27Z,2026-08-23-3
2026-08-22T11:00,5b02604714f8043c457570820aeaf5db8ea5b6b4b52ebc1ed2133105d8caa137,2026-08-23T15:20:27Z,2026-08-23-3
2026-08-22T11:00,5b09740a4f60ba230f3a24ade7b7de860d91d3d40284ae05cb07585af0b3a019,2026-08-23T15:20:27Z,2026-08-23-3
2026-08-22T11:00,5b108a8141cdf9fdbbdde3c8ea3de0835640fbecc2885c1b029610c404228e54,2026-08-23T15:20:27Z,2026-08-23-3
2026-08-22T11:00,5b1640d96982ec52573646371d9eec769fc9f0b5dc6e957b2244723391f38e43,2026-08-23T15:20:27Z,2026-08-23-3
2026-08-22T11:00,5b2bb9d3cdb990006d40138646da65a26a644cbe62ba8e618a73168430ade86c,2026-08-23T15:20:27Z,2026-08-23-3
2026-08-22T11:00,5b3559255558bfad67502ee82c1736741ef0708bd7a30b21442b1500ae395ce3,2026-08-23T15:20:27Z,2026-08-23-3
2026-08-22T11:00,5b37dd6f725724ae1fb61723c338ebb5bf17de1a6db9cc79fd6be279d656830a,2026-08-23T15:20:27Z,2026-08-23-3
2026-08-22T11:00,5b4ba884e3f936f932133c0417b06d3c14d205403f63f17f7cbce4b533dae6ee,2026-08-23T15:20:27Z,2026-08-23-3
2026-08-22T11:00,5b5aa0a531c6034c8ddef959b7545191ee37ec8225571aaf2cea8f5a112471f4,2026-08-23T15:20:27Z,2026-08-23-3
2026-08-22T11:00,5b60361bf380f7ef682033003b26a235abddb23054c5ca948f846aa732b64aaa,2026-08-23T15:20:27Z,2026-08-23-3
2026-08-22T11:00,5b789044a98e955f9883673af430696230f48d65fc0121083340d5f8320c9865,2026-08-23T15:20:27Z,2026-08-23-3
2026-08-22T11:00,5b7e929991c0330d8a47c50f48422c8d8129c60965935316bbfbd18ed707c375,2026-08-23T15:20:27Z,2026-08-23-3
2026-08-22T11:00,5b802ccebc3cd95495dac3dcd4408eb83585f7cea2f3d766591a3279cb5731a9,2026-08-23T15:20:27Z,2026-08-23-3
2026-08-22T11:00,5b871dc368e8daee0aeedbdf902e235c9b308b5865d0f14c271b4c0e1ea99a32,2026-08-23T15:20:27Z,2026-08-23-3
2026-08-22T11:00,5b8d0329a6b59bfb47ac4d8ff28bcc4603b560ef2004f966903ff70d11d64e8b,2026-08-23T15:20:27Z,2026-08-23-3
2026-08-22T11:00,5ba78b757300e8cc3ff5b4c8f26a93a1cc067af59a63302997722a2b18eff29a,2026-08-23T15:20:27Z,2026-08-23-3
2026-08-22T11:00,5bc24f03a125b1ef997deb523378293c9e1b88ad31a039e2383e46a91d1fa0d5,2026-08-23T15:20:27Z,2026-08-23-3
2026-08-22T11:00,5bca3dec4119027276b7efd1384ac8352f67a39c8f7400bb5da2447ab1cfeff8,2026-08-23T15:20:27Z,2026-08-23-3
2026-08-22T11:00,5bd15a16d3d28604f93c432c3eb5ba7f84f598eb62d39e03cf16e8c7af1c5930,2026-08-23T15:20:27Z,2026-08-23-3
2026-08-22T11:00,5bd1ab5052f07fbf80bb58e114c0d6bedfaad223e396c90b3d391957c3b36398,2026-08-23T15:20:27Z,2026-08-23-3
2026-08-22T11:00,5bd932ab7f49df706824b7351779316f7b6722051ebf024146692ba110dc120b,2026-08-23T15:20:27Z,2026-08-23-3
2026-08-22T11:00,5bea303cfdb176bb1a01baa9bd31478f204545f08df68cb5a1f25e923325a043,2026-08-23T15:20:27Z,2026-08-23-3
2026-08-22T11:00,5becf449a527f5c9c85cf1a79382721e0a50eba2c41081a28ef73f4a2d94908c,2026-08-23T15:20:27Z,2026-08-23-3
2026-08-22T11:00,5bed942a86670946d73df52381483fa1d5ec6610af68a86d677bcf197d0e4799,2026-08-23T15:20:27Z,2026-08-23-3
2026-08-22T11:00,5bf72a465546406e06ad4d5c1f55df43a945698202674486e78c4bac220acc23,2026-08-23T15:20:27Z,2026-08-23-3
2026-08-22T11:00,5bfadd99b1ce5bc81126abd96b364243f1387c556f09746700ef1501ef039a7d,2026-08-23T15:20:27Z,2026-08-23-3
2026-08-22T11:00,5bfe0314ea2ed0ae1b29a98b3257cbc43ac86b92d1a6c74b8682077ff03715c9,2026-08-23T15:20:27Z,2026-08-23-3
2026-08-22T11:00,5bff17ab9eadda38e0be34ce65a68be7df17fbdbc720be3d57f1efc7fa371fa4,2026-08-23T15:20:27Z,2026-08-23-3
2026-08-22T11:00,5c0c5e74ebb26aec0b49612a1a2aed13f875be84a671afac5215cdd0edbf65e9,2026-08-23T15:20:27Z,2026-08-23-3
2026-08-22T11:00,5c1b5a3c17ecdba0b35e7508e9039fef5d65c4131704ee0d9248e47921dab595,2026-08-23T15:20:27Z,2026-08-23-3
2026-08-22T11:00,5c21e13e849cd63e1872f1b9fbd0017c778acd67eab9e218f580b6e42799fb52,2026-08-23T15:20:27Z,2026-08-23-3
2026-08-22T11:00,5c26f4b4fd4d2ff3723b5340592daa3baf7dac54617bf564ea877e89aa98495c,2026-08-23T15:20:27Z,2026-08-23-3
2026-08-22T11:00,5c2efd326b44f233a541e6fe87b008c8259a8ad36f91203a2fc0f23bc5109c9e,2026-08-23T15:20:27Z,2026-08-23-3
2026-08-22T11:00,5c375fe818a50015213a06b0a66c6846eff613e7bc5ff7986296a30ccac80269,2026-08-23T15:20:27Z,2026-08-23-3
2026-08-22T11:00,5c3d76b828a4f01ae4709ee534ed18d434479a5e23acc7586c1eb42019eafdba,2026-08-23T15:20:27Z,2026-08-23-3
2026-08-22T11:00,5c3d93bd7160f244287bb4ede3d02df91aa703d10c1aaa171f1bd63949aa3c16,2026-08-23T15:20:27Z,2026-08-23-3
2026-08-22T11:00,5c49b7545d1a1e77c3d5df31175fff575960cc469fd097d76cbc4bb3f28fb13b,2026-08-23T15:20:27Z,2026-08-23-3
2026-08-22T11:00,5c647c175c51551c9bc6d1ba5d747d4c8207e6c1a489cf825db490fa0321baee,2026-08-23T15:20:27Z,2026-08-23-3
2026-08-22T11:00,5c7b18ca4670158652097efbb3c90615d7ff57fca086fa92a14d16faf8611fd5,2026-08-23T15:20:27Z,2026-08-23-3
2026-08-22T11:00,5c854fbb0fd01b9d5a88175561f0646f93917d4bce19288bfae6275b65fbfea7,2026-08-23T15:20:27Z,2026-08-23-3
2026-08-22T11:00,5c8b58a38fbc9583ffd3194f87b5ccb6797c2fb62fce388328714933387bde44,2026-08-23T15:20:27Z,2026-08-23-3
2026-08-22T11:00,5c9916b4e056efa2a0328356e671c979efdcd277ad60bd4dd34486da1af5cb17,2026-08-23T15:20:27Z,2026-08-23-3
2026-08-22T11:00,5ca6395dbf2470ade4a1281deb648fb6f82a8440c76de02276d8c862142ea850,2026-08-23T15:20:27Z,2026-08-23-3
2026-08-22T11:00,5caeff40f7333ef26aa7c2603ad8fc1ec0d20c10f8e9e6d1efde22f9b3f5c311,2026-08-23T15:20:27Z,2026-08-23-3
2026-08-22T11:00,5cc641e330593e69fb92e6daccdea113447a5b58e5253a6f179ab66995950060,2026-08-23T15:20:27Z,2026-08-23-3
2026-08-22T11:00,5cc7e005cb17f1459b287f54a4a1ed97110d6f453a1b61ce96b7ae1587229e4c,2026-08-23T15:20:27Z,2026-08-23-3
2026-08-22T11:00,5ccb6851805d833a1bbe07e0aca198e936143942d9daf3a18378285b55503816,2026-08-23T15:20:27Z,2026-08-23-3
2026-08-22T11:00,5cdad0bc033625f73c526f5231fe0a4f6b1c9f0ab789b529c3dad897d11363ca,2026-08-23T15:20:27Z,2026-08-23-3
2026-08-22T11:00,5ce17917b1773abe475022ebcb337a45374a5322a4d11c9be11c23ac87b77572,2026-08-23T15:20:27Z,2026-08-23-3
2026-08-22T11:00,5cf52c1d88027ff78f32d411d2fc357c561a2cfa06c68b38a4b1b1415589339c,2026-08-23T15:20:27Z,2026-08-23-3
2026-08-22T11:00,5d09182746369af4085f340626d90d489c460b1e093d93a8e7295021e5e44894,2026-08-23T15:20:27Z,2026-08-23-3
2026-08-22T11:00,5d1029a7e7e196748958a225bec8260252ec172ae582db6d5c2db5ec14da201f,2026-08-23T15:20:27Z,2026-08-23-3
2026-08-22T11:00,5d1938a25a894a5087c3e779ce33545ac8079d874b45a18dbef7b20e09bb4419,2026-08-23T15:20:27Z,2026-08-23-3
2026-08-22T11:00,5d1a2be8a2c17720409511f9ddbd232f8c161f2b4803d214c5d6ab655bea30bb,2026-08-23T15:20:27Z,2026-08-23-3
2026-08-22T11:00,5d2de9152522b89c1ce0edc076a4c866512058bfa9da70df6b579b2db8df6dcd,2026-08-23T15:20:27Z,2026-08-23-3
2026-08-22T11:00,5d2f69bf19505c2767f05b19128fed98860d2d63efff570c3c1644a097d8e3cb,2026-08-23T15:20:27Z,2026-08-23-3
2026-08-22T11:00,5d3aff0aba5d0b8a3f2e93df1ad39730fb85c89988a96a7dff89f13df3bf1726,2026-08-23T15:20:27Z,2026-08-23-3
2026-08-22T11:00,5d3cdb80692874ce88350eaef475b65ea99a55ad7a681a98c715f953f99c5a13,2026-08-23T15:20:27Z,2026-08-23-3
2026-08-22T11:00,5d421fbc5c94dee59ea57a5e0d90569a7981af1c563e7eaa67c133d41606b653,2026-08-23T15:20:27Z,2026-08-23-3
2026-08-22T11:00,5d49356f591b1f7d8cddd20ceb8d780097d0fa156943249f448ebc0147ab18fd,2026-08-23T15:20:27Z,2026-08-23-3
2026-08-22T11:00,5d582cbfef750b2444b8d875349d0d2f6cd2e454c9f91fb4e5ee2c5e981b0a4e,2026-08-23T15:20:27Z,2026-08-23-3
2026-08-22T11:00,5d6e9c73058304de00ee8429fe700e4c3d278925a493aa3f4cd51c7fa0835be5,2026-08-23T15:20:27Z,2026-08-23-3
2026-08-22T11:00,5d870912de981409e264fb73c4e81ef61e0ba5cc60857a8001d40cc7e3fdbcda,2026-08-23T15:20:27Z,2026-08-23-3
2026-08-22T11:00,5d92a2135fa762666159dab97af6a4eb764061084a89af3982c5d3df60fc06d6,2026-08-23T15:20:27Z,2026-08-23-3
2026-08-22T11:00,5d95108cfde256fdaf287d76bd3eabdf1f1949ebfada6f0c65fc416711cea15d,2026-08-23T15:20:27Z,2026-08-23-3
2026-08-22T11:00,5d99cbb988d55f898f9d53d6be256c183a2509e04839243f6cbcb6a48e9e9312,2026-08-23T15:20:27Z,2026-08-23-3
2026-08-22T11:00,5da031db04c98ca6e292cf61faa9489fc75871716d7092aeba7eff7f0c1b8640,2026-08-23T15:20:27Z,2026-08-23-3
2026-08-22T11:00,5da31db9a1606cc8b3eac66906dc7962d865d559ddce15ad4efc279d03a41895,2026-08-23T15:20:27Z,2026-08-23-3
2026-08-22T11:00,5dac9cc83a8f230c3d53ac2c2d2d687be8217c1e1adcb0f6fb5a61b5699c6435,2026-08-23T15:20:27Z,2026-08-23-3
2026-08-22T11:00,5daf099f91ee2e1bb48dd444d609a570e919e2369bb9fda1907b11483ef8334d,2026-08-23T15:20:27Z,2026-08-23-3
2026-08-22T11:00,5dc883adf998af62977c46641ea685c96be6f88a6d3eb25ea9df68de2dc113b5,2026-08-23T15:20:27Z,2026-08-23-3
2026-08-22T11:00,5dc9e167602a9ec762a3c94fbf562f56ab04f633fa3d5f389b77932e3e679957,2026-08-23T15:20:27Z,2026-08-23-3
2026-08-22T11:00,5dca7fe8c30d3791905b03562e28bcb9dcaca514a9de5e8f31302b898d24a964,2026-08-23T15:20:27Z,2026-08-23-3
2026-08-22T11:00,5ddf2cf5bc6ba7a0aded7421f93b97103eb84c42dc989103a242ff6b7249e2cf,2026-08-23T15:20:27Z,2026-08-23-3
2026-08-22T11:00,5de7509500458263dc6414ba8dbd45f438d6487bd8a4e8b9a334463875e22b56,2026-08-23T15:20:27Z,2026-08-23-3
2026-08-22T11:00,5de818201044ab2fe6cd072f9f097a1527b8c91fb840b981745451c630badbff,2026-08-23T15:20:27Z,2026-08-23-3
2026-08-22T11:00,5dea7b42ba9f3f4439b9a45315bcbe9c45333798c82a1f82b6e42d7e114586de,2026-08-23T15:20:27Z,2026-08-23-3
2026-08-22T11:00,5decb85f4cb900862e87bfdcc16d561e2e227bbd3022b59481a4782d265cefa8,2026-08-23T15:20:27Z,2026-08-23-3
2026-08-22T11:00,5dee352a0dcc1a517155ee0a6338214c554618544ce35c612a31456226bb7e0d,2026-08-23T15:20:27Z,2026-08-23-3
2026-08-22T11:00,5e02510b34da7795760d8735eee50ff20abaf7f97aae8ddddb778736f81999d0,2026-08-23T15:20:27Z,2026-08-23-3
2026-08-22T11:00,5e1ffb76943884fba9ea1ab5c1316be0c7312e7f4c34cac3c6edffda677bb954,2026-08-23T15:20:27Z,2026-08-23-3
2026-08-22T11:00,5e2551dd46d6a0ea1709e351fec3a79b73d9f14a7c1b41eeb9ac56bad9d06ef9,2026-08-23T15:20:27Z,2026-08-23-3
2026-08-22T11:00,5e2f5d2558931ddae8f0efff9ef296d697dc92b83ae6b54ade888bf4924463f5,2026-08-23T15:20:27Z,2026-08-23-3
2026-08-22T11:00,5e2fa190a0f33cd4e1c8bed5c352df9f0b9ba408e0ec6d364c2bfbf26be6437a,2026-08-23T15:20:27Z,2026-08-23-3
2026-08-22T11:00,5e3f697a6269f585fe0523eb1de33b34ecd0629f1230044df0ec06810e49b5a5,2026-08-23T15:20:27Z,2026-08-23-3
2026-08-22T11:00,5e431bbf920c7ba36bf7a9d21f83694fd4952c3e1939a670fc7775d636e4297a,2026-08-23T15:20:27Z,2026-08-23-3
2026-08-22T11:00,5e4fb8bc5ba7d5283e6bd170d95f66a619b622df3bf73764eb7fa92784674e02,2026-08-23T15:20:27Z,2026-08-23-3
2026-08-22T11:00,5e6720a4f1f732723e2fc1b342f5c731ef14dde042623e76bb6342b9a7d7f3c0,2026-08-23T15:20:27Z,2026-08-23-3
2026-08-22T11:00,5e70f314c42c2763d11904ee81a2fe3e8d2bbed72291c4d70384f655db15d1dd,2026-08-23T15:20:27Z,2026-08-23-3
2026-08-22T11:00,5e71a4e32fed5f839d7df4d277cd767a4c63c9c6d6ee61d5ca8c94542c70b6b8,2026-08-23T15:20:27Z,2026-08-23-3
2026-08-22T11:00,5e7a0df1f9ff3327225f1954c8105c44d102de54c730131a479ab62f2df6c751,2026-08-23T15:20:27Z,2026-08-23-3
2026-08-22T11:00,5e8be0d1d1832f93172185e0dd2bd54f471c7ef8e853b49902c5c247b81c54da,2026-08-23T15:20:27Z,2026-08-23-3
2026-08-22T11:00,5e9edd491f3e54f82047288916088324a174595e7e783ce91e3258cc0bb3fe34,2026-08-23T15:20:27Z,2026-08-23-3
2026-08-22T11:00,5eb164a2e35e879a9d816b78493da3acb1db062c568afa0877910416ba33f70d,2026-08-23T15:20:27Z,2026-08-23-3
2026-08-22T11:00,5eb39a97cd91885d0aba26f5b35362f214fd37144fb5bb4215e13eece163557c,2026-08-23T15:20:27Z,2026-08-23-3
2026-08-22T11:00,5ec61e25323e3e3701a2cda639a77a44c3b54f7a648a7b4e89d09a01c3ca89c4,2026-08-23T15:20:27Z,2026-08-23-3
2026-08-22T11:00,5edfbdd1919bd478e696c1b118f6c2e8abc2779ade032940fa4a5ae037f7eef4,2026-08-23T15:20:27Z,2026-08-23-3
2026-08-22T11:00,5eec2d002d2e97f5261ddc74a77a264e9d07c8bc73665c9738e2032d5e83f6e1,2026-08-23T15:20:27Z,2026-08-23-3
2026-08-22T11:00,5eee2b527c83515131d6666dffcc359bf236cb5e6d2d5639e96b8e6576b9f31d,2026-08-23T15:20:27Z,2026-08-23-3
2026-08-22T11:00,5f1d3b66517d20d3d6c80b2dc3212ee11d788fe6b161811f3f116a93d3c0a150,2026-08-23T15:20:27Z,2026-08-23-3
2026-08-22T11:00,5f287163e8b72e08537ae233d766d7908db6e9d88042e804c8f0b82c0933cfbd,2026-08-23T15:20:27Z,2026-08-23-3
2026-08-22T11:00,5f386d5a3c73c090aba18429e80bb809238bad0a8a1dab8f3ded5be030ed87ec,2026-08-23T15:20:27Z,2026-08-23-3
2026-08-22T11:00,5f3b27f9ba71b512b409553d86a9d67af0d0779959b80d06716fa1b2174edf74,2026-08-23T15:20:27Z,2026-08-23-3
2026-08-22T11:00,5f3b89c1a732e92cfe18e00eda5b3bd944b3e7702bd5932f4972d7c1c3540785,2026-08-23T15:20:27Z,2026-08-23-3
2026-08-22T11:00,5f3c6f21db9e82ec01f13b19e57ba971ccb59ee44147bd670a17007af22d4b2b,2026-08-23T15:20:27Z,2026-08-23-3
2026-08-22T11:00,5f4f3d73388e35537bf09955821467c784221602fdf6e77bf9dbcb14216a5782,2026-08-23T15:20:27Z,2026-08-23-3
2026-08-22T11:00,5f527feb6cf5e3d40b766432e40aeffb0a5248f732a794a4214024ffe04e4c64,2026-08-23T15:20:27Z,2026-08-23-3
2026-08-22T11:00,5f58aee0c679c69d6708b8fa79659c620cb88780d59060fd57024177767147c9,2026-08-23T15:20:27Z,2026-08-23-3
2026-08-22T11:00,5f5dea04ed5fc342196eaede8ce7b627a92ae0612fb1ed731b279ea9f40374dc,2026-08-23T15:20:27Z,2026-08-23-3
2026-08-22T11:00,5f6cbe26c9fbf7067512a8a8ab3364169bc8656213667919e010d2bb89ba01b1,2026-08-23T15:20:27Z,2026-08-23-3
2026-08-22T11:00,5f6e2b1170c6b8dedab68e7279eb3f31a7b0ce4b238f2726f0bcd6b72b769ab4,2026-08-23T15:20:27Z,2026-08-23-3
2026-08-22T11:00,5f72a6189eb7cd9a232eebc4714e3d7e7f3c335e80a773ceb49c926ca332770c,2026-08-23T15:20:27Z,2026-08-23-3
2026-08-22T11:00,5f7490ea5afba0bdf211ac8a31ba12fb64a4070619ad00d016f4ada43fce9398,2026-08-23T15:20:27Z,2026-08-23-3
2026-08-22T11:00,5f7b3630ae85b95382f63d38ac401141f757641b1aa554b45fbfb84e77eeeeb7,2026-08-23T15:20:27Z,2026-08-23-3
2026-08-22T11:00,5f823b2d401dabd40b386371e0c2601a6b294af86f678e1245433247d90936bd,2026-08-23T15:20:27Z,2026-08-23-3
2026-08-22T11:00,5f8ae94d3d52ae74dcc04545cabfb0442c0afe91eccec520674715a73dc917b9,2026-08-23T15:20:27Z,2026-08-23-3
2026-08-22T11:00,5f8b2066cd0d9a93cf7aca98410e20acc57c1c8c9bd3e6fa3b8d152def0d728d,2026-08-23T15:20:27Z,2026-08-23-3
2026-08-22T11:00,5f9b6e4d26cda1e9b845f8c7f9c340d69a29fa0aaa95440625d9caf6738b62ea,2026-08-23T15:20:27Z,2026-08-23-3
2026-08-22T11:00,5fa2164fa58ad90f72f52b4b18f4217dac4484881d2b167254c863b5c98c61e5,2026-08-23T15:20:27Z,2026-08-23-3
2026-08-22T11:00,5fa8105bcf9345acaca87ae86deab4977563665a8d54951443d783b6283603ff,2026-08-23T15:20:27Z,2026-08-23-3
2026-08-22T11:00,5faec13e54c1d12da708642bf7c533b9c64b4ffc97917906dd517ba0f01460bf,2026-08-23T15:20:27Z,2026-08-23-3
2026-08-22T11:00,5fc4f6c8877b85ed192c3c4e83834b0b2bacc1385aa5d90615f020a74f73282e,2026-08-23T15:20:27Z,2026-08-23-3
2026-08-22T11:00,5fc69b54f988045c435cd9e2732a6e93bc2fcd712bfd9e763a56a470edda0a31,2026-08-23T15:20:27Z,2026-08-23-3
2026-08-22T11:00,5fcbdf6b0b22cd6e296e38dbddbfb85d97e62ffb20ca4f55bf2bf915b1141410,2026-08-23T15:20:27Z,2026-08-23-3
2026-08-22T11:00,5fce0c156ae8635778da137451f2ac04c7f7a87d368b21f2b9ec9e004c36488c,2026-08-23T15:20:27Z,2026-08-23-3
2026-08-22T11:00,5fd9b4a5c394c92fb09946b979ec7d52a68f8f39a54c36af315cf692b453ac7d,2026-08-23T15:20:27Z,2026-08-23-3
2026-08-22T11:00,5fe170f8f3b6f060663304c919e11f98de69079f8ff421bf3dd4b91b26a44735,2026-08-23T15:20:27Z,2026-08-23-3
2026-08-22T11:00,5fe5bf52a865c965f6288cb960839ed358e396695f5683f3ad3453d082760eff,2026-08-23T15:20:27Z,2026-08-23-3
2026-08-22T11:00,5feaad296481dbee1d9b964aa7674f469a20c3828185a343047fc22dfe6295bd,2026-08-23T15:20:27Z,2026-08-23-3
2026-08-22T11:00,5fee503adced649da76eaa566e69e993cd3e18cd08af4360d02b44346b39bee4,2026-08-23T15:20:27Z,2026-08-23-3
2026-08-22T11:00,5ff2f715f1e6274165f0a220fe59fab8964a1280e439982b3599f06c295492ef,2026-08-23T15:20:27Z,2026-08-23-3
2026-08-22T11:00,5ffe87627abba80bc42ff31e02a247ef94979005f71b4335d0c805803c23dc4c,2026-08-23T15:20:27Z,2026-08-23-3
2026-08-22T11:00,6004668d9a2cc4c612f48ec52026b2e293d8d15aacd078890258e73ddcb6f9ad,2026-08-23T15:20:27Z,2026-08-23-3
2026-08-22T11:00,6018f2f1443c4d36f5cc6765041c5b1403ff4cc220ccee5a6d81a7ca3563053e,2026-08-23T15:20:27Z,2026-08-23-3
2026-08-22T11:00,601f3341d56ef6f20ffffd108aa336acb58c9a0fc1ebd5f9f5dc81f677b73dcd,2026-08-23T15:20:27Z,2026-08-23-3
2026-08-22T11:00,6023038a8912cd08a228ab148d313f6cbcbb616de2e9ed683b2e7118ab009ee0,2026-08-23T15:20:27Z,2026-08-23-3
2026-08-22T11:00,603d7a4ef115293316df5cbfb4ddf0d2d4552ac70f1283eafd8abfa36bb954f8,2026-08-23T15:20:27Z,2026-08-23-3
2026-08-22T11:00,604ae84b294efc1e1de1b17dff6f63f3a2c384aada1f1545e0ad3445d09d862a,2026-08-23T15:20:27Z,2026-08-23-3
2026-08-22T11:00,606811663b3103e33b1e30f00f2150c0d528f7bd647757ec6f645f5f1579c6ae,2026-08-23T15:20:27Z,2026-08-23-3
2026-08-22T11:00,6078a8b64e0598267f7e097fb99f06101f76312279ffa55fb2f8c68efc5d21f9,2026-08-23T15:20:27Z,2026-08-23-3
2026-08-22T11:00,6083a35d1185b9f38cf57557e574a888eb7fd7c3d47f65ae106c4c146ce40e12,2026-08-23T15:20:27Z,2026-08-23-3
2026-08-22T11:00,6086e906722889b95de938908c1e06bf8c273b432038fcc1b67d2d36794905fe,2026-08-23T15:20:27Z,2026-08-23-3
2026-08-22T11:00,60a798e97aab53334895566c1856b736f99edd99c5a040fa2dd12c833b2a46a7,2026-08-23T15:20:27Z,2026-08-23-3
2026-08-22T11:00,60b12f0707d729309a292e7c938965420d06a00b7b826fb7f653023d6cdc18fe,2026-08-23T15:20:27Z,2026-08-23-3
2026-08-22T11:00,60b78b5666c50fa08e6b9b6d8e4022715633b12de3914fcf154edc63923633a4,2026-08-23T15:20:27Z,2026-08-23-3
2026-08-22T11:00,60cefaab8e78ce8bf223eb7839aa646fe710a9d30b09a392aa4865a96ea83990,2026-08-23T15:20:27Z,2026-08-23-3
2026-08-22T11:00,60d1d78260b12d8080dc5f1468a6714bcd890f79f24ecd6308bfdeecf7792ff9,2026-08-23T15:20:27Z,2026-08-23-3
2026-08-22T11:00,60d6efcc0bd56e1ae3132f98e7c4d70bbafc47c9cd3dfac01ab3b875cb5913a5,2026-08-23T15:20:27Z,2026-08-23-3
2026-08-22T11:00,60d71c6e7477b63923a44d06a270c1cf1dd645cf158c523a98dde26ce5eea37c,2026-08-23T15:20:27Z,2026-08-23-3
2026-08-22T11:00,60da83a7a7588cb72f88b3a79f73b430561dbe1beb0dbef5d7b4df4932685547,2026-08-23T15:20:27Z,2026-08-23-3
2026-08-22T11:00,60e5ae4cf484ff4a384eed1a24ffd8c5073c88446553513a30fb5b66de69d2ad,2026-08-23T15:20:27Z,2026-08-23-3
2026-08-22T11:00,60e71aafef8f3a5c1bd8a13c850b8c7a0fad205b7d3514b6709fc67b1ebce8fc,2026-08-23T15:20:27Z,2026-08-23-3
2026-08-22T11:00,60e93c36a936bd4d42be5a5535a663db7adba1baff3c383262fb579448aa01c1,2026-08-23T15:20:27Z,2026-08-23-3
2026-08-22T11:00,60eee3fc9750e1dd241e246e952bc15311e357d080543458eec8414d4e205e22,2026-08-23T15:20:27Z,2026-08-23-3
2026-08-22T11:00,60f8caa98d47ea7d9e0961653ab77e27927f520981da69d4878e3689c43aee3f,2026-08-23T15:20:27Z,2026-08-23-3
2026-08-22T11:00,60fda1aa20665653fc0e19ae64580f6600f7546a4507269ef8e766d3ab49266b,2026-08-23T15:20:27Z,2026-08-23-3
2026-08-22T11:00,610298860241a006d5fc9c8d17bf81aa6e7e6673523ee4996b582e46e87b0afa,2026-08-23T15:20:27Z,2026-08-23-3
2026-08-22T11:00,6107dc9a68d2e872ca235256f1786a47ddc8b85b0e7eefa46bbf3407bb1bc33c,2026-08-23T15:20:27Z,2026-08-23-3
2026-08-22T11:00,6119336acde6e6dced67bf80076c9465c39403339cf23e6a3bafbc9514646026,2026-08-23T15:20:27Z,2026-08-23-3
2026-08-22T11:00,6135322482f2fe2246e535e01c2634751d459cfc03ead6075cb95f693d00aa7d,2026-08-23T15:20:27Z,2026-08-23-3
2026-08-22T11:00,613734774b180d9bd8c7ed7aa06f39d97ec177a5d0d6f53b6b303962d0ab445c,2026-08-23T15:20:27Z,2026-08-23-3
2026-08-22T11:00,6148aa28b40edbcce6affdb048773b177af63743820b2bb45bfe2d40ef649ef2,2026-08-23T15:20:27Z,2026-08-23-3
2026-08-22T11:00,615eff711c26c57d9e49de6290596aa02246f69d5dfd47357f7184b91f11f1ea,2026-08-23T15:20:27Z,2026-08-23-3
2026-08-22T11:00,6169e1317387fa82f4f623387f7623d387e61fdd387e6734cb7d71ea94336a3e,2026-08-23T15:20:27Z,2026-08-23-3
2026-08-22T11:00,616bb749ab601a4c8e30fbd206907d98de3acde77cac51baeeeb1398326489db,2026-08-23T15:20:27Z,2026-08-23-3
2026-08-22T11:00,6170948eda43b900a053daa07ca47038d727432ceedec402830e2474d5c6777d,2026-08-23T15:20:27Z,2026-08-23-3
2026-08-22T11:00,617f45738c65d6baaf10b9cf1e236f3c65b852b2bfcb9c1fc405aff51e76af1d,2026-08-23T15:20:27Z,2026-08-23-3
2026-08-22T11:00,6181ef1bea32b748607cf11cfc1b661dee7b1d27fbf04985c9d64b4b9660d2c8,2026-08-23T15:20:27Z,2026-08-23-3
2026-08-22T11:00,61957242c8187f7bd473699de5585914fe27f4b763c2a169ecd3c82b3c6ba673,2026-08-23T15:20:27Z,2026-08-23-3
2026-08-22T11:00,61967ed53f8fcf7a0436d17ce73c837fdd77449d81257edafa24b49aed346100,2026-08-23T15:20:27Z,2026-08-23-3
2026-08-22T11:00,61ac2f6835d504000114e45b148483f641d53c6bad60b9de486102bc1b022aea,2026-08-23T15:20:27Z,2026-08-23-3
2026-08-22T11:00,61adea8d905df4409e121f0711240d7867777ea364a50e83aa89660d7fc7ff58,2026-08-23T15:20:27Z,2026-08-23-3
2026-08-22T11:00,61b0991879bce7e14b6ffd46f70070d057b111b8b911bcc45ff002cb1bea1c4f,2026-08-23T15:20:27Z,2026-08-23-3
2026-08-22T11:00,61bfc3a6b2fbcb6d97bca633aa7b4c413204b6d770be1ae948eff79dc11cf715,2026-08-23T15:20:27Z,2026-08-23-3
2026-08-22T11:00,61c608dc366189afdb2ae043529cbf9fc2092acd32aca0572fd7ea4b6d78e085,2026-08-23T15:20:27Z,2026-08-23-3
2026-08-22T11:00,61c83a321a217e17e4da421d92dda31bf9447e43a550b8102fecb33b89c654d1,2026-08-23T15:20:27Z,2026-08-23-3
2026-08-22T11:00,61ea8d3457cad7652d915d1b00e6a4388c9d119fa06dd2b5181fea252e0891e3,2026-08-23T15:20:27Z,2026-08-23-3
2026-08-22T11:00,61fe04657073deb932338366c5838876ef9644537c362ef0d89735d92c8be2b6,2026-08-23T15:20:27Z,2026-08-23-3
2026-08-22T11:00,62125fff56fe4d11f6b2f1b913f3f64ad139a951fe3bd542f917dba0c78e1f70,2026-08-23T15:20:27Z,2026-08-23-3
2026-08-22T11:00,62157fee7fa31f06affa84e58e96f031f9747e6a0253ed6dc5669fef8ac94b30,2026-08-23T15:20:27Z,2026-08-23-3
2026-08-22T11:00,62379661ee74ac358b96f81d0c7b0565fa0ddaaf9372341b272ee21b4d0467c6,2026-08-23T15:20:27Z,2026-08-23-3
2026-08-22T11:00,62413e555b2771f0a4a5bcdabf662e8e44982e661556c9af28dd9670c5cca2d7,2026-08-23T15:20:27Z,2026-08-23-3
2026-08-22T11:00,6245f15816b38d1f331955f931262b218ac2e7d023eee6f9a300c24b344c8ede,2026-08-23T15:20:27Z,2026-08-23-3
2026-08-22T11:00,624b2f6ad0017b7b2ebca32abedfd1f1ed274eb96a202c7171d6866e3ce15c5b,2026-08-23T15:20:27Z,2026-08-23-3
2026-08-22T11:00,6256eee266a2a21c8abe388e8220683184ebd75869c43843881963df448af5ce,2026-08-23T15:20:27Z,2026-08-23-3
2026-08-22T11:00,625762b167850b49ba0bea8035bd88de6c83af9789a52e119e4733b4d24e8e06,2026-08-23T15:20:27Z,2026-08-23-3
2026-08-22T11:00,6262633bf72808700d3fc1eb527173e27767e123a5cec72e4c945bfdc8309802,2026-08-23T15:20:27Z,2026-08-23-3
2026-08-22T11:00,6262d25f5f431b1927e8bddea0c31168f6b151c8f9f2841d87db387d3a21f0cb,2026-08-23T15:20:27Z,2026-08-23-3
2026-08-22T11:00,626413bcb957384440553267d2a9f196be9f7ef89aa2c5eda84c6cb0ee0777ca,2026-08-23T15:20:27Z,2026-08-23-3
2026-08-22T11:00,626dac205285104435b35cf9f0ee75c44cc8c6f7abda038a788fa121c16f26e2,2026-08-23T15:20:27Z,2026-08-23-3
2026-08-22T11:00,626ef56dc14965450cee361410233f23d1dba54cd9a3838081f31d7e530eaf0e,2026-08-23T15:20:27Z,2026-08-23-3
2026-08-22T11:00,626fb48b96b305fd80fe6020e017ef8864baa16fa2e0cce2b50916dbfb05bcb3,2026-08-23T15:20:27Z,2026-08-23-3
2026-08-22T11:00,6298f2af858c0e2cbf00b2ed0fd55d7618d56a90bc4989a0728e24b4127a5d2d,2026-08-23T15:20:27Z,2026-08-23-3
2026-08-22T11:00,629e15c7f4ee3d08f41e6b2e2eb55f70d3263cad28d94ef2b6c333da3b799e39,2026-08-23T15:20:27Z,2026-08-23-3
2026-08-22T11:00,629f1be9af75e6fcd73aea06f3200aa1b8e7a4614f6dc7d1f2135c92ebc96c3a,2026-08-23T15:20:27Z,2026-08-23-3
2026-08-22T11:00,62a2f276057878a737bfb15086b0c7b335d9f23af942573d0c1f5f8937b17d06,2026-08-23T15:20:27Z,2026-08-23-3
2026-08-22T11:00,62aac940df03dab7d0ed51263e55bf288c6b6a5a1b19b34317b719f5213f33a7,2026-08-23T15:20:27Z,2026-08-23-3
2026-08-22T11:00,62b1b82786517279c0f862f189c0cee979a846fb7d6af93fb2782d96e6221f00,2026-08-23T15:20:27Z,2026-08-23-3
2026-08-22T11:00,62c375621c541959c533e187bb55d16659147ae434cd32050de33d6c30b09c35,2026-08-23T15:20:27Z,2026-08-23-3
2026-08-22T11:00,62cce022054f401446c279cfdc271a03bf4c9c9f7d30329bcda397215108254f,2026-08-23T15:20:27Z,2026-08-23-3
2026-08-22T11:00,62ce1f5c8446624adc45bd9f98722698faecdefa9812da082543861eaa75d248,2026-08-23T15:20:27Z,2026-08-23-3
2026-08-22T11:00,62d5030d2dd442c959d432985a33a7579532ef1935bb5715ccf65f02599d2cdf,2026-08-23T15:20:27Z,2026-08-23-3
2026-08-22T11:00,62db125f6edcc9b2d483c0ce86434ccd989c66716eb3586dadaa7c01ececa8d8,2026-08-23T15:20:27Z,2026-08-23-3
2026-08-22T11:00,62db572b605067a5926a900d1e60d097908acd8310c1c2b4bbd2de9a827863f2,2026-08-23T15:20:27Z,2026-08-23-3
2026-08-22T11:00,62e510aa9dc081ee94cc7a21186956ac1c0d7777e25b48ab703bdc13acd51625,2026-08-23T15:20:27Z,2026-08-23-3
2026-08-22T11:00,62ef58c30416a271297b57844e8a3dc9ce5acc40e85b863a0650982171163035,2026-08-23T15:20:27Z,2026-08-23-3
2026-08-22T11:00,62f3e7b83f4addee5c8f1e6bb873e762530a5624ffacc3d19f16c0f7540df57b,2026-08-23T15:20:27Z,2026-08-23-3
2026-08-22T11:00,6307133702148d12f92a36a036b378029259a4e5aeff9550aa6a53900051d4dc,2026-08-23T15:20:27Z,2026-08-23-3
2026-08-22T11:00,630f386bb2ac3f6d2831bf18ac7e9db52472da36718016740b038aedc5b68ab4,2026-08-23T15:20:27Z,2026-08-23-3
2026-08-22T11:00,63104d4ddf3a11618b3a6e94c0b6f27051d3d966d1ee9281fe9dd7e8deb17e29,2026-08-23T15:20:27Z,2026-08-23-3
2026-08-22T11:00,6314aebbd61e4ee70f730fca697e46e95b19c2b72eab963a0293dd706631d02b,2026-08-23T15:20:27Z,2026-08-23-3
2026-08-22T11:00,6317857a50389bc95f39d266777e5eaffa2ae2583e151d73095decb08580f96d,2026-08-23T15:20:27Z,2026-08-23-3
2026-08-22T11:00,6317da335290af21322cd57217f2434c420c64ae28237bb413418e4d264444bd,2026-08-23T15:20:27Z,2026-08-23-3
2026-08-22T11:00,633e9a1694c8eaf081c623a7cee61ae216f694a7c6514259e863fa54cec7f6ed,2026-08-23T15:20:27Z,2026-08-23-3
2026-08-22T11:00,6345b110b078415bb190ee224e1ac4fd2440b92bbcb3965d2fbbcc4810cf3f16,2026-08-23T15:20:27Z,2026-08-23-3
2026-08-22T11:00,634f96fb7ab6e978127ea8ce78ec03ba2565da440834b18489bbab281d03d7c3,2026-08-23T15:20:27Z,2026-08-23-3
2026-08-22T11:00,6356afa119408e19b8dfa1cd28071c68a9390bc81f4d193e96aef0821cc39605,2026-08-23T15:20:27Z,2026-08-23-3
2026-08-22T11:00,635db8ff3d72118993195ca0a273bc0ebb1ce615f6ba857f4ffe9e648d92c269,2026-08-23T15:20:27Z,2026-08-23-3
2026-08-22T11:00,637b4361c95daa657f7d34d3199cfc15d27ffba70e8b82f687aec1274cd6a766,2026-08-23T15:20:27Z,2026-08-23-3
2026-08-22T11:00,637df33778ada5e4605cb24d4ad884258cea581bf4cca7b7a892c656baa73521,2026-08-23T15:20:27Z,2026-08-23-3
2026-08-22T11:00,63a206987df3912157412daede6aa020105590984c50ee9616d371ed32d72ede,2026-08-23T15:20:27Z,2026-08-23-3
2026-08-22T11:00,63a70dc93fc528ad3145c92fbdb3aab092bf9a47f9dabeb59a3af3e1c8295912,2026-08-23T15:20:27Z,2026-08-23-3
2026-08-22T11:00,63a716021d9e63dc03c06561d287571cdc49286ccd8d893f09ba6db8b493ed4c,2026-08-23T15:20:27Z,2026-08-23-3
2026-08-22T11:00,63ac06ce8c2862a6f1c3f08dbb65493f9fd51fcdc080d87aeb6297212308ac6d,2026-08-23T15:20:27Z,2026-08-23-3
2026-08-22T11:00,63dca002b74ec2b07b6ae78e56ec8c870b3b66ff5ba30dbdffb5e75cb7dfa3eb,2026-08-23T15:20:27Z,2026-08-23-3
2026-08-22T11:00,63e79e4fd7326a3af0127cb0d7d35751efa1b435c8a7d1cfac907a78293301cf,2026-08-23T15:20:27Z,2026-08-23-3
2026-08-22T11:00,63ecb566b65ffb6ffee317170ab67b2c48c66bdd4398e84934045b714db49d55,2026-08-23T15:20:27Z,2026-08-23-3
2026-08-22T11:00,63f87a6cc73e89fdcf556c82914354e3c5454fa18e43007f289d88791e76b344,2026-08-23T15:20:27Z,2026-08-23-3
2026-08-22T11:00,6405b0175bf0c460bc495ac1eb88c10df2b978ff4ebb844b92ea5760773b053d,2026-08-23T15:20:27Z,2026-08-23-3
2026-08-22T11:00,6409df0f92018357da3830df84755d3c87bc26b4b0815bbed6d36ccae8bf4046,2026-08-23T15:20:27Z,2026-08-23-3
2026-08-22T11:00,640a79284dbe00241852c4ddfa10c9877cebea40aeb9b20fa697d44811b131c8,2026-08-23T15:20:27Z,2026-08-23-3
2026-08-22T11:00,64221c4fc1f2e3685978bd0baccdda43e4f41502ba5fa9a8de642e2d60b6cba6,2026-08-23T15:20:27Z,2026-08-23-3
2026-08-22T11:00,6423bd1a6614c5d4a168483a9f9f34d21d2e721fc87f76270f6fa534b2e111cd,2026-08-23T15:20:27Z,2026-08-23-3
2026-08-22T11:00,642450704987585cb49bd4df3cd6dd373b4ccfd33a2e4cea99a6ea3a36968ff6,2026-08-23T15:20:27Z,2026-08-23-3
2026-08-22T11:00,6427559453119304b5e35bbd7baad27802caf6f0af33414d92bfb0d634853a0c,2026-08-23T15:20:27Z,2026-08-23-3
2026-08-22T11:00,6429ffb5d18cbe3e367474f432d6c1145aa9b2b9059f6e0905ad64e1ef38e2ec,2026-08-23T15:20:27Z,2026-08-23-3
2026-08-22T11:00,644716b523762633c373ba7e3c4f5223925298ec5cd828bcb7f5aff6534ce8cc,2026-08-23T15:20:27Z,2026-08-23-3
2026-08-22T11:00,644ff2351a978a4a6abcfdcad0bc354087727abf45f93d6f176bbee1f217fda7,2026-08-23T15:20:27Z,2026-08-23-3
2026-08-22T11:00,646bcfe84e1445d694e03fde4ca3cbbdf0accb17704181a8569c642c82b19124,2026-08-23T15:20:27Z,2026-08-23-3
2026-08-22T11:00,646f1157fd8be029a59f230be92b613f69cfd0c0f07bd9b77a5a037759d7596c,2026-08-23T15:20:27Z,2026-08-23-3
2026-08-22T11:00,6476741ad7bd8e8e5ea0fb928bdcb77743ddeeb67c37e2872fd06e087ad2deef,2026-08-23T15:20:27Z,2026-08-23-3
2026-08-22T11:00,64823cef825e1475a9c3ce4833631c5d19bea008f0460997fa850b841309d7e4,2026-08-23T15:20:27Z,2026-08-23-3
2026-08-22T11:00,649dd4b2dacbe7b6949656ef710caad5667d9f4c6ca4226bfabdb8e7b1f5be2b,2026-08-23T15:20:27Z,2026-08-23-3
2026-08-22T11:00,64a5438057357330c3f4e30799325ca3991a504a3b935c548578e4e7116b467e,2026-08-23T15:20:27Z,2026-08-23-3
2026-08-22T11:00,64aca3f7095507c185c52e1e43e83775e470b12b8dbefccb4dddce5437ba60f7,2026-08-23T15:20:27Z,2026-08-23-3
2026-08-22T11:00,64becd4aa5b2af908780246c1ff9a0e6222e37a91b38a7d5e134c72ea827d88e,2026-08-23T15:20:27Z,2026-08-23-3
2026-08-22T11:00,64d8a39417625d36a59676fb6af2792d6cce4a3885800c971475159be1e2881b,2026-08-23T15:20:27Z,2026-08-23-3
2026-08-22T11:00,64e425e6611dc945c1863e63a742bea9dc648c6c92be314b1cf1895566b77de1,2026-08-23T15:20:27Z,2026-08-23-3
2026-08-22T11:00,64e58ecaa296221a0e61c80a2def60116d589ded35ce9e8ce5a1bb5b1adae530,2026-08-23T15:20:27Z,2026-08-23-3
2026-08-22T11:00,64e80194ebad8bf8689dd46e8aa9565d933c236434d426b0dfa6db903b40e02c,2026-08-23T15:20:27Z,2026-08-23-3
2026-08-22T11:00,64ef8758e2ab6e18f3d3c2a3c3953dcacfa4601c407a09dbb0ae58f83c43f0be,2026-08-23T15:20:27Z,2026-08-23-3
2026-08-22T11:00,64f421d5555435e1b3ad8efcb6b6767b11c37043040005eddae014bce80a4efe,2026-08-23T15:20:27Z,2026-08-23-3
2026-08-22T11:00,64f6f2a31dfccc61fc43e3f4ed31d73a1be24037f6a012744b75a97bf00e9d88,2026-08-23T15:20:27Z,2026-08-23-3
2026-08-22T11:00,64f71a44107b2afbf5f843406150674214dcce7fe876f9acc066463d68520e6d,2026-08-23T15:20:27Z,2026-08-23-3
2026-08-22T11:00,6500222dc69c490057f0880c72837768379d4df0176d04222ab6bd196801571f,2026-08-23T15:20:27Z,2026-08-23-3
2026-08-22T11:00,65075f8fb68ede48ce71344bfb5ed8a7d030f007b993964bf62ab00287dd9007,2026-08-23T15:20:27Z,2026-08-23-3
2026-08-22T11:00,650ead310c3dba6f4ea30eb3524ffebe731a863b9c28eebd10f5d6a266d16458,2026-08-23T15:20:27Z,2026-08-23-3
2026-08-22T11:00,651fe77156ff0a9733c9b4b34fea35c34c4a172c4c24f7699e52a6e7acd3952b,2026-08-23T15:20:27Z,2026-08-23-3
2026-08-22T11:00,65223ffd79b65baef9c20e8fd93f1b847a6a10bd45804a422a732a64fef35c69,2026-08-23T15:20:27Z,2026-08-23-3
2026-08-22T11:00,6526777c21507440323aa5818d96dafe3b856aded0e98f52b27c737532e1951a,2026-08-23T15:20:27Z,2026-08-23-3
2026-08-22T11:00,6528306c78bb0ea4fbc2f353454820dad6475b004fe51e5d5bc686c50fe3af0c,2026-08-23T15:20:27Z,2026-08-23-3
2026-08-22T11:00,652e7c06ae6f278840138439d58f4b504eb7ee3c29dece12f1384900e35995f0,2026-08-23T15:20:27Z,2026-08-23-3
2026-08-22T11:00,6542eeab15138645faa5a21d0bb3658a7b91c85298ed6adb4a1f2865d3e45714,2026-08-23T15:20:27Z,2026-08-23-3
2026-08-22T11:00,655d8f3e43d4ec0403f83d8987793e1049aa3962af731c4e728f4daec1f27ba0,2026-08-23T15:20:27Z,2026-08-23-3
2026-08-22T11:00,6571f3ac438068080552a58d11cb6d0bded2e47598369cb22b496072eb91e037,2026-08-23T15:20:27Z,2026-08-23-3
2026-08-22T11:00,65887298e9df7ee32727979b001870ebfb42ab10c46dd6e73ee426868c44994c,2026-08-23T15:20:27Z,2026-08-23-3
2026-08-22T11:00,658d314f7b045acb46e96dd6e4651986616857c0039028d175297779b3ce22b0,2026-08-23T15:20:27Z,2026-08-23-3
2026-08-22T11:00,65aba6fd14782a324324249c0d7a8e2ee1c99dfc803ac856b11c5333f6bbfd65,2026-08-23T15:20:27Z,2026-08-23-3
2026-08-22T11:00,65b053781f01b696af86d599eb58c4c40a21020f357741cfe9f9425ae286526b,2026-08-23T15:20:27Z,2026-08-23-3
2026-08-22T11:00,65b657a0352735523235c37b67a6f1d782cb0f1c2850d27e44de01490ecab719,2026-08-23T15:20:27Z,2026-08-23-3
2026-08-22T11:00,65b8b236880189c87fa0efc7d8ce6a1237adad3dbd229f0c57277feb1b3ba731,2026-08-23T15:20:27Z,2026-08-23-3
2026-08-22T11:00,65c657005fbeaace8f0e5799b034fe7eaf1c3a243bbc590cac79ec1195f82170,2026-08-23T15:20:27Z,2026-08-23-3
2026-08-22T11:00,65de579e025b27d7ebf176c036ab6dbbecfee40ae2cc772dd4ebe8fc726431ef,2026-08-23T15:20:27Z,2026-08-23-3
2026-08-22T11:00,65fe309f89b4d581a19cdab2153ce548b42cba4821868872f4771c42297531c1,2026-08-23T15:20:27Z,2026-08-23-3
2026-08-22T11:00,65ffab8a128a67b3a12fe446bb604e0b690aec4d295c956f6431961d8e12bb85,2026-08-23T15:20:27Z,2026-08-23-3
2026-08-22T11:00,65ffb9656c9a89c006ca95b29e6298f704c0f028375d46242ae8235f7ff86f88,2026-08-23T15:20:27Z,2026-08-23-3
2026-08-22T11:00,6602a5bfc4ff2f0ef62267d00263c2da13cb0b3c7ea9073f089c59ef93ac3ba0,2026-08-23T15:20:27Z,2026-08-23-3
2026-08-22T11:00,6604ab779cfa391e5c183c247a2779e0585bf5967a46663e5ad7bf22cc36e2da,2026-08-23T15:20:27Z,2026-08-23-3
2026-08-22T11:00,660a6401b7178f7c3b8f12536335eece845af4d240f750ec8a9f8c4866f66eae,2026-08-23T15:20:27Z,2026-08-23-3
2026-08-22T11:00,66114463ee3d7137f710a455fd121a0f89cc38da103ce2911709129954261a45,2026-08-23T15:20:27Z,2026-08-23-3
2026-08-22T11:00,661a3476d3d51bb4107117500bf9a3ca8a180dd0ea80cb573f6e6d43c2fd1ec1,2026-08-23T15:20:27Z,2026-08-23-3
2026-08-22T11:00,6628cd67b75bc6b70ebdfe90938e676e49dd39c7a610a1686442c6bd22997a69,2026-08-23T15:20:27Z,2026-08-23-3
2026-08-22T11:00,66312b6309f0b1f18a88cb855e93f656971cebb594ffb107b32b3fb2ee43d1c1,2026-08-23T15:20:27Z,2026-08-23-3
2026-08-22T11:00,6636629f864ca5f7dca5bc66bcdb85192dea8d94b3f9a30ec8d1fe9ada34e0fe,2026-08-23T15:20:27Z,2026-08-23-3
2026-08-22T11:00,6642e7c57dc5865ec18b84ea671eceac9b5d10940c923bfd811394ecfae5d4e2,2026-08-23T15:20:27Z,2026-08-23-3
2026-08-22T11:00,66439e0ac0aedcb0a787347cb94b1e859df82e3fbad272013d52d534a9baa5ed,2026-08-23T15:20:27Z,2026-08-23-3
2026-08-22T11:00,66517b890287762e0524c3e5cded81ebe4cef235ead7fc70541f9d5db181c493,2026-08-23T15:20:27Z,2026-08-23-3
2026-08-22T11:00,66524955928a62457392d9f1eb74546c2185574c294d4b0b6b50a08f1fbce0d3,2026-08-23T15:20:27Z,2026-08-23-3
2026-08-22T11:00,6652f7a2d36728d75fd898f3aeb41ad44cda67e9e16e027c4ba08340e565214d,2026-08-23T15:20:27Z,2026-08-23-3
2026-08-22T11:00,66637736903e97cd1a53564a31c9d3310602aa1ab6951c5896afb06d82440e4a,2026-08-23T15:20:27Z,2026-08-23-3
2026-08-22T11:00,6677a4f57d49a690dd55b429a6081149814cb4392470dc40dd3432c9ba2a5d66,2026-08-23T15:20:27Z,2026-08-23-3
2026-08-22T11:00,667b8ada4262a9217884510cdf7806e4d18135294f55e2d92e490f400da77604,2026-08-23T15:20:27Z,2026-08-23-3
2026-08-22T11:00,667e950bd606b1a8761b82663035b6d2bde67faaafdb3501f45de4cffd500afa,2026-08-23T15:20:27Z,2026-08-23-3
2026-08-22T11:00,6689a9c7c9b2381dc3c4f275f24658305296f0cb109cfa73ed952418d8f1bb8a,2026-08-23T15:20:27Z,2026-08-23-3
2026-08-22T11:00,6690e16164d97bde8aa312060148c4e63f72a1d2ab62ca224146888ab545fa5c,2026-08-23T15:20:27Z,2026-08-23-3
2026-08-22T11:00,669ea704e095f9035b2745f693137411e66f12ac987c1f62509f3fc640fb301a,2026-08-23T15:20:27Z,2026-08-23-3
2026-08-22T11:00,66b28e9b914765335ef3010d53307e551040314fc245f6776fb633647e0cd933,2026-08-23T15:20:27Z,2026-08-23-3
2026-08-22T11:00,66b568adf7e474287845283baf1f99847c0204e3ab39404608148cc94b9ca0fe,2026-08-23T15:20:27Z,2026-08-23-3
2026-08-22T11:00,66be1220771465af8b1ac370d8ab4f5d2011331c9f0dc71ed0e351081c1e3856,2026-08-23T15:20:27Z,2026-08-23-3
2026-08-22T11:00,66c67319097a09a934684705f3ac5e05670e5fa97d3c9c9c3a28094f6fa0afc2,2026-08-23T15:20:27Z,2026-08-23-3
2026-08-22T11:00,66e5f8f34cffa75c96d0f269125c69f82b7132c4ae39c4f1c06a93a431985110,2026-08-23T15:20:27Z,2026-08-23-3
2026-08-22T11:00,66f24dbd654401d78b3f3e3b76bb156708b18a4961ad026761ecb59480026e48,2026-08-23T15:20:27Z,2026-08-23-3
2026-08-22T11:00,66fa70df490f1e3326480ec975ea37c485ef7dde7c1e895e28ef37be23e6914e,2026-08-23T15:20:27Z,2026-08-23-3
2026-08-22T11:00,66fd7001409a18443501ebc37ea0d8e40059bdfed8dc5117259d5d084551cfc8,2026-08-23T15:20:27Z,2026-08-23-3
2026-08-22T11:00,6705592cbba55e14aab54ae829e562c8d8da934d9cf341545d008899922fd9c1,2026-08-23T15:20:27Z,2026-08-23-3
2026-08-22T11:00,672948cd93be4ef01fb747b3e1e00dc80da24266176109de90a5afd5ffcea312,2026-08-23T15:20:27Z,2026-08-23-3
2026-08-22T11:00,673b4e45f447913090bd71a604b4abf6ef25824b21d0d950870016d6571303b6,2026-08-23T15:20:27Z,2026-08-23-3
2026-08-22T11:00,67515e17ab49419cf3067bb0b8087659629899c398661995e81aed5b04aa8342,2026-08-23T15:20:27Z,2026-08-23-3
2026-08-22T11:00,6763bb28aaa6477726089a1005015abd3e90ec27ddb2e62ed62eddaec20831f4,2026-08-23T15:20:27Z,2026-08-23-3
2026-08-22T11:00,676b14ba9092f835ad7a753119993d6225974920de3ca408dc82c4a2221aa20a,2026-08-23T15:20:27Z,2026-08-23-3
2026-08-22T11:00,676f7456a969420bbb4693b0b928e7db4d54d2931f434109f78ec7ab42b41949,2026-08-23T15:20:27Z,2026-08-23-3
2026-08-22T11:00,6776317d372d25b49b176ad14331a99583594cdd82cb3384f9ea69e0892a08ab,2026-08-23T15:20:27Z,2026-08-23-3
2026-08-22T11:00,67789559383c268a522221e36636e7b4fdd5ee2620c99aeb1dfd3f8d2e3d19a0,2026-08-23T15:20:27Z,2026-08-23-3
2026-08-22T11:00,6782fbcfdbbd1d7342f912cf4abebba97ea28ed13da750794feb031fe33a5efd,2026-08-23T15:20:27Z,2026-08-23-3
2026-08-22T11:00,679ba244c93b2af82a8ac03ad98b29e26fa46bf5b6dee7cedf60f8fcce195e84,2026-08-23T15:20:27Z,2026-08-23-3
2026-08-22T11:00,67ae3dbac9c48160405c0e31f0ff3b0747b4c58e34bd498799bc5e96ddaac3c1,2026-08-23T15:20:27Z,2026-08-23-3
2026-08-22T11:00,67bb1cacbfab74c9fc6dfd9142a3f8318d842b778f1df5bbe9438b18a33f1b77,2026-08-23T15:20:27Z,2026-08-23-3
2026-08-22T11:00,67c76278ce8211f3a30aa84a6d6f95836e0bb9315f3cf35b655185a873bf0384,2026-08-23T15:20:27Z,2026-08-23-3
2026-08-22T11:00,67e82a6ee3305a9d0b838e17ca55af5892a13e1b518302eefabd6a565c23d714,2026-08-23T15:20:27Z,2026-08-23-3
2026-08-22T11:00,67fdc77c9137972f9d21743c5250bff828afd64a12c8ae4c820e18a129da2950,2026-08-23T15:20:27Z,2026-08-23-3
2026-08-22T11:00,680d122d7be6fd7c4ff7067cd8500615f7463a3ed7ac5236dc814e1fe8809f3c,2026-08-23T15:20:27Z,2026-08-23-3
2026-08-22T11:00,6815a4f0a612ec99e7b8483682b887ba1c1af9a26468bac65a811b558da5631b,2026-08-23T15:20:27Z,2026-08-23-3
2026-08-22T11:00,6820249a1175fb043c8b77c380376d8b31f4f8a5422c9ddbb0523eab63a5a95e,2026-08-23T15:20:27Z,2026-08-23-3
2026-08-22T11:00,682b40d771724435b49c77d22ded9dd60cc2a5f1cef548dcc20deec4319501a6,2026-08-23T15:20:27Z,2026-08-23-3
2026-08-22T11:00,68352a2da575528301974c14263af4d38eab510a14d991227a7870846309c610,2026-08-23T15:20:27Z,2026-08-23-3
2026-08-22T11:00,68371b60bd63b6d43cc3b14039bf2aecb433cfbf82d44a414928b135ea8cfc55,2026-08-23T15:20:27Z,2026-08-23-3
2026-08-22T11:00,684a18e96f3c7cb5fad5b42c9903564a8955862de28da11ae8455a814c4c004a,2026-08-23T15:20:27Z,2026-08-23-3
2026-08-22T11:00,6852ddf2a8e2f03331d3a8c1e80688da3067246db77e722391e5650cc9921042,2026-08-23T15:20:27Z,2026-08-23-3
2026-08-22T11:00,68542ab316d77bf7140a3f18f3c889d337da1ef9682f7ff55f0c6a7f38ddf320,2026-08-23T15:20:27Z,2026-08-23-3
2026-08-22T11:00,686919f72317bb09e7b418ea15de0c1be7a689b5a9bd6150d033273257658fd0,2026-08-23T15:20:27Z,2026-08-23-3
2026-08-22T11:00,686d5340d4f9aae5f94c53460e70c7ebed2120485d3cbfd53fac402734020066,2026-08-23T15:20:27Z,2026-08-23-3
2026-08-22T11:00,686e936dfd0db80e8f8cda36a19ace94f781c0ad93bde53ec5a3d6e1e8fdb326,2026-08-23T15:20:27Z,2026-08-23-3
2026-08-22T11:00,6870d311ffd3c178694297dbd474a0af9680159bf79b778b665f568a1f2cf84c,2026-08-23T15:20:27Z,2026-08-23-3
2026-08-22T11:00,687761e5ea6468f4b2091d394290a83f5dd6fc933ae141d8cac64606988d421d,2026-08-23T15:20:27Z,2026-08-23-3
2026-08-22T11:00,687d02cff737b9059cad7fe64d2eb636a51c0d83deda7e976a275907d75fd582,2026-08-23T15:20:27Z,2026-08-23-3
2026-08-22T11:00,68911375861b8dbc5c0429df0af3c0be128aca71b757b0b4e522b6840f97f315,2026-08-23T15:20:27Z,2026-08-23-3
2026-08-22T11:00,68998b2a4e0d4f96c52184e4bdf218175b71f0dd27169e985413b75210adc367,2026-08-23T15:20:27Z,2026-08-23-3
2026-08-22T11:00,68b8e86a17658f1b62ae82d6088e34aead8afa5b0fdc0a68f355d72ef6a7a3a8,2026-08-23T15:20:27Z,2026-08-23-3
2026-08-22T11:00,68bcddb186540cab3a1a54238107ee1486fc8a1adb19aa7ab05a4e52c83cac90,2026-08-23T15:20:27Z,2026-08-23-3
2026-08-22T11:00,68c03708ba7352d99729eafcd9b83322c6f53f2ee3cc817895d48b2e1fabc905,2026-08-23T15:20:27Z,2026-08-23-3
2026-08-22T11:00,68c279810f09fac3610d6b9185d40622e15a1403bd24704ba5023492aad042a4,2026-08-23T15:20:27Z,2026-08-23-3
2026-08-22T11:00,68cc967e845352835ab44347d193cd80c705722e67c1683dd10bebeaf0eede90,2026-08-23T15:20:27Z,2026-08-23-3
2026-08-22T11:00,68d31c5e844d0810e3860dd89e59ccafe5147258e750fb1355e018defb869f4b,2026-08-23T15:20:27Z,2026-08-23-3
2026-08-22T11:00,68d5232ac8a22642beaa4c14d898a8899ae553b8f3213a25d6d45145e007cab5,2026-08-23T15:20:27Z,2026-08-23-3
2026-08-22T11:00,68d89eb6e1872f9eff605d97f1866e7798b60b3ff127092e1bc6596888a06d74,2026-08-23T15:20:27Z,2026-08-23-3
2026-08-22T11:00,68dcec6603665c95b10ef5ced1114a3c12804d8f1766b5bc93e2b514ff5f0f7f,2026-08-23T15:20:27Z,2026-08-23-3
2026-08-22T11:00,68ef7babe840f23e9e7a75ba379db98de660f553d3379868ffcf81a0d567a5c3,2026-08-23T15:20:27Z,2026-08-23-3
2026-08-22T11:00,690afa3c1e09baa928530e32a8e415128a5e5c96fc08297e73d24a48fca02848,2026-08-23T15:20:27Z,2026-08-23-3
2026-08-22T11:00,6920ecbbb51a7c0a8c31f8d1da94b2074c1b220efa89ea3d1439d004fe93b168,2026-08-23T15:20:27Z,2026-08-23-3
2026-08-22T11:00,6927692422ab4666c7cfbbaab1d4f626b223c6f82310e4eaf9d02304914cab52,2026-08-23T15:20:27Z,2026-08-23-3
2026-08-22T11:00,6941a67f8a645b486c4737627697f565ac0881cf4551704bfc7ae0b582d0da35,2026-08-23T15:20:27Z,2026-08-23-3
2026-08-22T11:00,695b538e38b8d1904f3d227832f4fa6a2833838ce8883fe1d65f0068966a9629,2026-08-23T15:20:27Z,2026-08-23-3
2026-08-22T11:00,695dcc5735394f37ca0eb7eed05ebe4584f28217d575555aeb013cf7f13c5663,2026-08-23T15:20:27Z,2026-08-23-3
2026-08-22T11:00,696a0d3dbed4c50c30880917b5c299a670559e83b924ccfa9a036619e69e2bf6,2026-08-23T15:20:27Z,2026-08-23-3
2026-08-22T11:00,696b2316ad052b91b613ebdafa789db8d6f7974f4c84233479bf7cde856585e8,2026-08-23T15:20:27Z,2026-08-23-3
2026-08-22T11:00,6977178ee5641c176ff56ac6c493f3c05da8456cbe3b7dcda9ff919312a0cb9c,2026-08-23T15:20:27Z,2026-08-23-3
2026-08-22T11:00,6978d9846f9014deab6fb3963da3fa876362c39c472294d8040c19139c39c525,2026-08-23T15:20:27Z,2026-08-23-3
2026-08-22T11:00,6985143951d036a96a3bff79cdd1b07454f9cf7d6360089f285cfe4f81272267,2026-08-23T15:20:27Z,2026-08-23-3
2026-08-22T11:00,6987070e0e51c3da4a3a0f9588cb6b3585e725c9a610fa2ed1d4814e5cbe2fa4,2026-08-23T15:20:27Z,2026-08-23-3
2026-08-22T11:00,698725ec85c47cd400a94271144652dbca51effaa0672f919a9e8be8c9914075,2026-08-23T15:20:27Z,2026-08-23-3
2026-08-22T11:00,698b1890fdd155cb5e2459831b47a1870077518a5081e300e07aab2ecf51a346,2026-08-23T15:20:27Z,2026-08-23-3
2026-08-22T11:00,698d56db9d96029319a2410136773be98d84c6d6d44dfdf138bc113f5a29a940,2026-08-23T15:20:27Z,2026-08-23-3
2026-08-22T11:00,699021f6b20cebaaf96f511c6c41935ac65dd40cce4cbdde74bdecf1991d26ec,2026-08-23T15:20:27Z,2026-08-23-3
2026-08-22T11:00,69ab048f39b8613fdfcf8ae672050ca26e292ae36a76d327b8b02d21bd5ca9f4,2026-08-23T15:20:27Z,2026-08-23-3
2026-08-22T11:00,69bd699113647dfb50624fcb8c858371494bc9593a1560a7c29f5c5e7e8a16cc,2026-08-23T15:20:27Z,2026-08-23-3
2026-08-22T11:00,69c2aa886cc5c7726763992d81ca9fa13635b6770b6b7a38b9cc81737e6105b8,2026-08-23T15:20:27Z,2026-08-23-3
2026-08-22T11:00,69c536b610d2686a9d624adc8d5c31551ad0a2ebe4922509c1c22e46a19dc3d2,2026-08-23T15:20:27Z,2026-08-23-3
2026-08-22T11:00,69c6f81c27a74e19a6174ab529e1a01d5a00aca1c24546fc4a58806ada274b3c,2026-08-23T15:20:27Z,2026-08-23-3
2026-08-22T11:00,69dcd4141a73ff97c0fdfad9f5b03e7ba4baed8c79ec5ab3c4437b770141d093,2026-08-23T15:20:27Z,2026-08-23-3
2026-08-22T11:00,69e481323262afa1b5216cbe98dd7c3d5122fa06b483d2f7f01243ab98947b44,2026-08-23T15:20:27Z,2026-08-23-3
2026-08-22T11:00,6a0c4b2b4d23d83f7b37709127ae153cea6a2542fd507109e333cc11bd4beb31,2026-08-23T15:20:27Z,2026-08-23-3
2026-08-22T11:00,6a26561219cf8d7217ab3089d40b2eddb5b9900204aee10c768dcf8841b94ffb,2026-08-23T15:20:27Z,2026-08-23-3
2026-08-22T11:00,6a271922d4b86c2083b54419b9eff4c80aa76e000f4535969c2e9d2de98f5ec2,2026-08-23T15:20:27Z,2026-08-23-3
2026-08-22T11:00,6a2d6026a0513d6d00b48c24a11539fa720dbcf0ed9a4fab50a71042082d68f1,2026-08-23T15:20:27Z,2026-08-23-3
2026-08-22T11:00,6a2f248f39db413eca1dc0cb5a2ba068dc832a2668c7b3ad6ac48c5b9568f7fd,2026-08-23T15:20:27Z,2026-08-23-3
2026-08-22T11:00,6a30dd6d37e0fd3adf13b7b4ecc3fc348736c4fa6cd25d5d72432b2e17897456,2026-08-23T15:20:27Z,2026-08-23-3
2026-08-22T11:00,6a35b94fbf5682872e1600eedc04b1421d4e8f88fa04f0d42809174f335cd8fa,2026-08-23T15:20:27Z,2026-08-23-3
2026-08-22T11:00,6a3cb32424bb9fb2b452d0c8501e8ab200470f4e2a2713dfd471460867e70097,2026-08-23T15:20:27Z,2026-08-23-3
2026-08-22T11:00,6a526a7ddde0eb6d5acfcb1bfbcb6015aeaeea83382050058204838987afafcd,2026-08-23T15:20:27Z,2026-08-23-3
2026-08-22T11:00,6a5bc125dd8f73f3b3f26d66908259357362013d9903e9145842903f7a14a999,2026-08-23T15:20:27Z,2026-08-23-3
2026-08-22T11:00,6a649646855659d1ad4f4bb0c70432f810b2756ea3b97e4918abf5a87084cbea,2026-08-23T15:20:27Z,2026-08-23-3
2026-08-22T11:00,6a69b0c102844e9933aa686b86d791bbefccf74266f103cccc95522f5fdcd569,2026-08-23T15:20:27Z,2026-08-23-3
2026-08-22T11:00,6a7be6ede449b33d02906f5b1f37e8379bb0ce881be18ac66fc902992d8e085f,2026-08-23T15:20:27Z,2026-08-23-3
2026-08-22T11:00,6a90939661a3e17f5c49e816fc1b425d199854cdffe63f823421201e3fdbc5fd,2026-08-23T15:20:27Z,2026-08-23-3
2026-08-22T11:00,6a9179dfe54eddbc268de96578b99561d46dd9c4223543fc39ef772b88edc4ee,2026-08-23T15:20:27Z,2026-08-23-3
2026-08-22T11:00,6a95a3a970d761e95ab86030c3e11cf09cbd7945c5c26073053d38d8a0d7ea2d,2026-08-23T15:20:27Z,2026-08-23-3
2026-08-22T11:00,6aa59d4bbf171ad845431c8893e85cf49c150fddc8d5d595e0aab9ac70ccf0d1,2026-08-23T15:20:27Z,2026-08-23-3
2026-08-22T11:00,6ac2079547a83f6c559bf97cc7f5beb5e3b7fa9b0c0b7ca8297a0f2e41f95b37,2026-08-23T15:20:27Z,2026-08-23-3
2026-08-22T11:00,6ac6110dd0804af22f6bb25be2e976f720234e87c6bd2f092f38f991f58c02f1,2026-08-23T15:20:27Z,2026-08-23-3
2026-08-22T11:00,6ac69aadf67817142d17e2c457be52a2fc14608a8a48f42424abb880289ec7e5,2026-08-23T15:20:27Z,2026-08-23-3
2026-08-22T11:00,6ac8f60ac98730c49089bad6b74ae5b7f929bb4ce1beab258236d32bf73608ae,2026-08-23T15:20:27Z,2026-08-23-3
2026-08-22T11:00,6accc8619e9dd40834952fc5e149a00a80bcaf1ffe3f1cbe0564a33751c3c236,2026-08-23T15:20:27Z,2026-08-23-3
2026-08-22T11:00,6ad539569df307680c719555f37e8750681420fbbf8dea8b371c04fe9ddde2e7,2026-08-23T15:20:27Z,2026-08-23-3
2026-08-22T11:00,6ae5efd1aaa57ef3abf3b24a667c26b87c37d32bd8807d484bd24820bbf0e32e,2026-08-23T15:20:27Z,2026-08-23-3
2026-08-22T11:00,6aebc1eb2c5ec36d1aecde89656a8cf9f96d9f448e339aedfe14ac21250f1484,2026-08-23T15:20:27Z,2026-08-23-3
2026-08-22T11:00,6b14086ff3564beb76335f1ccc25c871ff0f8dafc682956a49e1709c65ed8ac1,2026-08-23T15:20:27Z,2026-08-23-3
2026-08-22T11:00,6b1f6101c789a4bc74ad2d186c3f052f77c8252780000c12f7649ec4171be103,2026-08-23T15:20:27Z,2026-08-23-3
2026-08-22T11:00,6b25499eb8f0af35def5c1d6aa34b57bd83ecee01d2e1ea2e68401c273eadccd,2026-08-23T15:20:27Z,2026-08-23-3
2026-08-22T11:00,6b4394016c808e835c8f6a7771ea6c7679943365c54e9faafd36718e6fb46452,2026-08-23T15:20:27Z,2026-08-23-3
2026-08-22T11:00,6b4f3af4fb33ec1fda508fc1aed99afbf416b11d4ecd11540c79542310ca4d99,2026-08-23T15:20:27Z,2026-08-23-3
2026-08-22T11:00,6b67c88e7cfcedefab54600f43ee03be9834fbb3c0b13d80cf598fe2ea528bd5,2026-08-23T15:20:27Z,2026-08-23-3
2026-08-22T11:00,6b76b870b4ae29afc95ddaf93d55d9c95d1c56c96a5cb7c57b50b50ba31af337,2026-08-23T15:20:27Z,2026-08-23-3
2026-08-22T11:00,6b8401a8071d8afbd6b1276232bd25992384d3db708b26fe0bd59d773a41e338,2026-08-23T15:20:27Z,2026-08-23-3
2026-08-22T11:00,6b89bea3012e9afe818418cdcf7d141cf15309d41fe360274b90d29afe0eeec1,2026-08-23T15:20:27Z,2026-08-23-3
2026-08-22T11:00,6b8c46a3e355b778925057985f6ecc2d7a8e12e9a4001d32a070da3b74dec460,2026-08-23T15:20:27Z,2026-08-23-3
2026-08-22T11:00,6b9442beae2fcb33b6232c1f63fd72f6cbf2c8f1e80ddb904553415ae03ad2f0,2026-08-23T15:20:27Z,2026-08-23-3
2026-08-22T11:00,6ba97c6c9a3f368dbf07aba70910dbf416ddc0d39b17b053545bff3fc5963de8,2026-08-23T15:20:27Z,2026-08-23-3
2026-08-22T11:00,6ba9a13e71507b168b98b42abb7300735dd44696cbb2f8f0ddb18c66c806173a,2026-08-23T15:20:27Z,2026-08-23-3
2026-08-22T11:00,6bab7873ac29e3cba6c36cdb43ad8b705f99b0e280efea90342115ec0de704ff,2026-08-23T15:20:27Z,2026-08-23-3
2026-08-22T11:00,6bb000460ccd3e35f3a2b9b446252984c30261e4901f8de7ed71041269b1f40d,2026-08-23T15:20:27Z,2026-08-23-3
2026-08-22T11:00,6bbd14cb246aeb9ce6b86d44248cf86d2572a169b5cffc1771f608aa24d5b547,2026-08-23T15:20:27Z,2026-08-23-3
2026-08-22T11:00,6bd26f63b1790a58b77388a024c4e4481a0b8b3fcd588219a707b64c3b7f35f0,2026-08-23T15:20:27Z,2026-08-23-3
2026-08-22T11:00,6bdd822045901391ab825bb1ba91910a8be8acbe66a1c6cdadc3ae2250a0c8e9,2026-08-23T15:20:27Z,2026-08-23-3
2026-08-22T11:00,6bee37ad1816e7ba8bd7cd0fc3ab549743430376c648f8918c5591da533f250f,2026-08-23T15:20:27Z,2026-08-23-3
2026-08-22T11:00,6bfa17e9f2c6e79d56c651f861c8510f489a3105e035f771b433c3c1aafdead3,2026-08-23T15:20:27Z,2026-08-23-3
2026-08-22T11:00,6bffbcfb244f30d66c8253ff9c2025ac12421a37cc335bc6b824057e7a6d7a9b,2026-08-23T15:20:27Z,2026-08-23-3
2026-08-22T11:00,6c0174d699863db0d3180425c6017a8d37a2e98efbdc47b3b51a7b7a00819eb0,2026-08-23T15:20:27Z,2026-08-23-3
2026-08-22T11:00,6c01b78cd50369cfa213128bba892cfbdfe21e07d47453cae3420ff243698bf3,2026-08-23T15:20:27Z,2026-08-23-3
2026-08-22T11:00,6c16dde10bcd9384562d4e5ee66f5764ec960d6370149e510380158bc8aad150,2026-08-23T15:20:27Z,2026-08-23-3
2026-08-22T11:00,6c1def817a38a333a170e28f104fdecdbe1b0b24024bd9d0ea2765de38e7f2d5,2026-08-23T15:20:27Z,2026-08-23-3
2026-08-22T11:00,6c23d0bb049602fe594805ed0cba4bc472d2efb24151b87f680bb0f8ae0e28a4,2026-08-23T15:20:27Z,2026-08-23-3
2026-08-22T11:00,6c321c3b98b7ad7baa968de33a78c6e4c41696bb2a97983b784acc6103cf66eb,2026-08-23T15:20:27Z,2026-08-23-3
2026-08-22T11:00,6c340a5bfcef550e63323fd83894b670e56cb051e0decd8c994c89731a70ab5c,2026-08-23T15:20:27Z,2026-08-23-3
2026-08-22T11:00,6c3bc4ac5b3dcd2aa593888431576826671cb8c9007f056460bf52929133dc72,2026-08-23T15:20:27Z,2026-08-23-3
2026-08-22T11:00,6c3caa7ed7c50757d481a23b194ce8df905f1d4ea401e2fdc793f6aa56d20ae8,2026-08-23T15:20:27Z,2026-08-23-3
2026-08-22T11:00,6c478793ad50e2d4bb9292a2422f2254d909a89b68aaf1c7ef7236b8d5b6b662,2026-08-23T15:20:27Z,2026-08-23-3
2026-08-22T11:00,6c520ffb128e20b11b28001586195ec9b14d765506c423586e5acfdf0ec068ca,2026-08-23T15:20:27Z,2026-08-23-3
2026-08-22T11:00,6c55bb3c44ec29d0a2e5fa1192ae99173088aa5b370557c20f7870269db1d704,2026-08-23T15:20:27Z,2026-08-23-3
2026-08-22T11:00,6c5c2e4af2d6bf4a35541c1efbbb047c08d5ef18db9f1902c1b5f693f4f90cd3,2026-08-23T15:20:27Z,2026-08-23-3
2026-08-22T11:00,6c6a813f74b01fe5f988f4bd63437d579aed8de5cf374d28766d7e98874ae200,2026-08-23T15:20:27Z,2026-08-23-3
2026-08-22T11:00,6c6b4ae105ad23ff52674e632694e7da11d1183e57e2a8d4b21c642d34e018b3,2026-08-23T15:20:27Z,2026-08-23-3
2026-08-22T11:00,6c84a9a60618ba00576bfa501e9f98f47442c1227abe38786f70fc47cff120df,2026-08-23T15:20:27Z,2026-08-23-3
2026-08-22T11:00,6c85667bb456be979ea054b861dd8e0dfa0bf5249f02bd5eaf15388544cd6c9b,2026-08-23T15:20:27Z,2026-08-23-3
2026-08-22T11:00,6c96b00f513cb2f6b094337480b8442853b1c40412a19883f8b096a61533ba4f,2026-08-23T15:20:27Z,2026-08-23-3
2026-08-22T11:00,6ca15e0b61b66397554e2e7c2785ac547df2fd881b3eeae514a4c3d7bb114dab,2026-08-23T15:20:27Z,2026-08-23-3
2026-08-22T11:00,6cacc67cb01752e1670212ddbfae6266bab9c3afdc46b8069423be810261bec8,2026-08-23T15:20:27Z,2026-08-23-3
2026-08-22T11:00,6cafd8cf566841b60dd73697a95be9743e8f68aad259e7ebe4b84a5cf9f9eed6,2026-08-23T15:20:27Z,2026-08-23-3
2026-08-22T11:00,6cb7ea29a44cc5eb02e31f7628b7be61a2b06be2bdefd6a3245e6de2508979d0,2026-08-23T15:20:27Z,2026-08-23-3
2026-08-22T11:00,6ce4835f1082a5a4198314156429e821a7269bebbbb29081b6ea9f404a84c886,2026-08-23T15:20:27Z,2026-08-23-3
2026-08-22T11:00,6cefc316ff41b1e4ca2f38cad3b6525fb9afd8eae4509510e6ecea280259358c,2026-08-23T15:20:27Z,2026-08-23-3
2026-08-22T11:00,6cf177c67ca1e060a866dc6700d2d2d6cb60bf36b7c43da17682c712aed4e819,2026-08-23T15:20:27Z,2026-08-23-3
2026-08-22T11:00,6d1b9f8eeb2eef5b931f3e023daae620e8b4a2a750f8ebc7b93b210556334ce0,2026-08-23T15:20:27Z,2026-08-23-3
2026-08-22T11:00,6d2421733b5edcb6b4fe5ac79ee10bc0684b466c17b133adc434631fc8910ad2,2026-08-23T15:20:27Z,2026-08-23-3
2026-08-22T11:00,6d254735ecde7092b1e4bf538201865e84a5d2de2a44059ed015f4ccab7250a3,2026-08-23T15:20:27Z,2026-08-23-3
2026-08-22T11:00,6d2b5bf7f0a084245afe049defa8a4429fe9211a859d945c7c6f826189a02660,2026-08-23T15:20:27Z,2026-08-23-3
2026-08-22T11:00,6d30c0b65c66b9d2651b1262a2154d3f77f3cf3637912c50c7481cfa87f87b59,2026-08-23T15:20:27Z,2026-08-23-3
2026-08-22T11:00,6d333b2575d7ebf972379911345626d11eb773287383cd85c5b71f7c4a6ee438,2026-08-23T15:20:27Z,2026-08-23-3
2026-08-22T11:00,6d342f90b899b7c6c84158fea89c5cbbf30052c08f4491a1648705ca0c0ef7f7,2026-08-23T15:20:27Z,2026-08-23-3
2026-08-22T11:00,6d36e939f4dd054b01a457bb5bfe99c7efde4a3812cee75198eaa6152f766e3f,2026-08-23T15:20:27Z,2026-08-23-3
2026-08-22T11:00,6d4ec902c728a02128d0e9d0f2d97315b31b6e3516e9601be6e9577b06f5790c,2026-08-23T15:20:27Z,2026-08-23-3
2026-08-22T11:00,6d514e1569f704586fe0bb668509ac078cc25d745f344d07c5582f813c60b5c3,2026-08-23T15:20:27Z,2026-08-23-3
2026-08-22T11:00,6d6f79cb0cb977bed3392ff2cb5e62c2913f7a9762616f4775ba6d1488ecbc7d,2026-08-23T15:20:27Z,2026-08-23-3
2026-08-22T11:00,6d73a9bbdf8d78a75a69e2d5e55bbb6700af979cf68a1d793f1a5e6c552919b0,2026-08-23T15:20:27Z,2026-08-23-3
2026-08-22T11:00,6d7ea2edd227b4652dee71e84125bc189256ce076c685a0e471d0d733c88d10a,2026-08-23T15:20:27Z,2026-08-23-3
2026-08-22T11:00,6d98074ad188dc0c959e051e09ac620fff71ca2974dcc384a262a747fc6d5d84,2026-08-23T15:20:27Z,2026-08-23-3
2026-08-22T11:00,6db500902592e37dd551d35a6e486e7d1facd54f1d82208cc8cca6a1ae9cd8f3,2026-08-23T15:20:27Z,2026-08-23-3
2026-08-22T11:00,6dc60f917a3c33f9832865f3018683996b67e5b9135a44f09464050be65251fc,2026-08-23T15:20:27Z,2026-08-23-3
2026-08-22T11:00,6dc63f61d8932c1ed3d16de56bef82b003b359ac0e7b8d87df0e65a0f94df0ee,2026-08-23T15:20:27Z,2026-08-23-3
2026-08-22T11:00,6dd21aff52380d130bc6572ddffb785d2f5ac3808dfce81f9b215b7ef8a53a41,2026-08-23T15:20:27Z,2026-08-23-3
2026-08-22T11:00,6dd2a7051bfef49fa7bc01f4537ebf84c8f8b03ad21a25a5114dc8b19dc250fb,2026-08-23T15:20:27Z,2026-08-23-3
2026-08-22T11:00,6ddc65f91899439b69d714fb68e8b57ae17d53d2af4def8dc8ec847a2c3c5390,2026-08-23T15:20:27Z,2026-08-23-3
2026-08-22T11:00,6de5a8e0c7a5c19ee39f278a06fe2626a38ddced3e1bd9e74a2758f08465880f,2026-08-23T15:20:27Z,2026-08-23-3
2026-08-22T11:00,6deeebce1719b9f21b3210502b07d15245b23b2120e4cf84effc3dce685641ad,2026-08-23T15:20:27Z,2026-08-23-3
2026-08-22T11:00,6df878b204586f24c8c0a73f08785ac0d4c5f633193bf987995574f0579286a7,2026-08-23T15:20:27Z,2026-08-23-3
2026-08-22T11:00,6dfb82d446db7e0b06858d74089300f43a5e0f633e07079a3ce4be781514ff52,2026-08-23T15:20:27Z,2026-08-23-3
2026-08-22T11:00,6e04638f264415e917d47c48ed789b8b1a27c727aa6ecc043305eadb1fa38ece,2026-08-23T15:20:27Z,2026-08-23-3
2026-08-22T11:00,6e0c2a1875f4bc50a6f05f759eb3a5e8c37146734d9b32888da98e305af050b5,2026-08-23T15:20:27Z,2026-08-23-3
2026-08-22T11:00,6e1fbd9a4e700df721bda21bc1a3a29fd5dd9d47aef6573935a86deb7c96fcd4,2026-08-23T15:20:27Z,2026-08-23-3
2026-08-22T11:00,6e2b8d04f575e893181774f8c1c3e01005a0d0833fffbda1ddd7532aab768418,2026-08-23T15:20:27Z,2026-08-23-3
2026-08-22T11:00,6e3271a99b469d405ba571edac83edc060f3adc148a1fc98e72aba101092b861,2026-08-23T15:20:27Z,2026-08-23-3
2026-08-22T11:00,6e3496e455e99c1ccdd6268ec8555e7ed4b06efa24b955c3ae1085daa640e912,2026-08-23T15:20:27Z,2026-08-23-3
2026-08-22T11:00,6e37be9989b0039609f1b8512804bb2c0160c86c8c9bdf29772685f331a06017,2026-08-23T15:20:27Z,2026-08-23-3
2026-08-22T11:00,6e38de98e5aa78fff97758fc146a41c6d999616efe6b490fcef5f0f6986d9014,2026-08-23T15:20:27Z,2026-08-23-3
2026-08-22T11:00,6e3b517f2ee8b5bd72352503f75f8e1e4259c03eddf83a283796e9f1b2b05c27,2026-08-23T15:20:27Z,2026-08-23-3
2026-08-22T11:00,6e5650c901973c622e032b929ba560e27dc1f744c53584f9506ee4625329f03e,2026-08-23T15:20:27Z,2026-08-23-3
2026-08-22T11:00,6e571b5fc8b230a5bb519752457cd148497f0cdc791665c68a58f6cd612ed3b8,2026-08-23T15:20:27Z,2026-08-23-3
2026-08-22T11:00,6e60093dcbf713fcbc4888410908807a1bde59d7aa9e4644a52f1c5eee410503,2026-08-23T15:20:27Z,2026-08-23-3
2026-08-22T11:00,6e67f81e8f3635a374bccc78b73eb5c548dc3023bf40445892e32322985d8fe4,2026-08-23T15:20:27Z,2026-08-23-3
2026-08-22T11:00,6e6e5524f81a624c193ec272971339f186acbd6ba3ed7d87c2f11a8e562a3a2a,2026-08-23T15:20:27Z,2026-08-23-3
2026-08-22T11:00,6e75cdff77935ffa7b8cc7cf460fdc907edbae6be8c6390332c6d63e7b8cd840,2026-08-23T15:20:27Z,2026-08-23-3
2026-08-22T11:00,6e7b32bcffadb39f4652bd9eb966b32a7d90601662bb4be7afcb1451a62899c1,2026-08-23T15:20:27Z,2026-08-23-3
2026-08-22T11:00,6e7e9a68576d88481836dcacf70ce7bd3669f028129580dbcc66fa0ca444043b,2026-08-23T15:20:27Z,2026-08-23-3
2026-08-22T11:00,6e80b7e6557fbff46090bcc408c6b3ce15033fef386e99a33c30b1e80e4377a1,2026-08-23T15:20:27Z,2026-08-23-3
2026-08-22T11:00,6e8b66be06159703a23320ddbb101a8eed634b86667ebe2c6c9825796f50079d,2026-08-23T15:20:27Z,2026-08-23-3
2026-08-22T11:00,6e8e33679c1148e060166dffb2a54c3c0067c2c98ba8aeec2cb5739dbb164eb1,2026-08-23T15:20:27Z,2026-08-23-3
2026-08-22T11:00,6e9bb65e9587ea673010ea3a2a6b37d4e3266b05a873b4ffc34310648dcb1772,2026-08-23T15:20:27Z,2026-08-23-3
2026-08-22T11:00,6ea834e7f392c30159edf3140768ff509ae36d882e8a45a96608f116fd70b593,2026-08-23T15:20:27Z,2026-08-23-3
2026-08-22T11:00,6eaab463a55def8752bc46f2c536b71667c705dda0554f0b21cc44218f91b669,2026-08-23T15:20:27Z,2026-08-23-3
2026-08-22T11:00,6eac1de91dc20745ec8504c2ae34a1435583a2d6a831541cbbcdcabcf8e10e34,2026-08-23T15:20:27Z,2026-08-23-3
2026-08-22T11:00,6eb8aac7c12624205c7782edd0bfbbeb6fcf5c77f956dad1271a0cda2a47880a,2026-08-23T15:20:27Z,2026-08-23-3
2026-08-22T11:00,6ecba2337e760ab25fe909a44733e8325b55c566abc2e4567f9624f5bf68ba90,2026-08-23T15:20:27Z,2026-08-23-3
2026-08-22T11:00,6ed44293e25c59293b8539f2cbdf55f96e174dd6e40f9f2803fd53b5cfe4a4c0,2026-08-23T15:20:27Z,2026-08-23-3
2026-08-22T11:00,6ed50daac32dd95f623784fef19f402291342b5e2a5176a2757a5561b9ea51ac,2026-08-23T15:20:27Z,2026-08-23-3
2026-08-22T11:00,6ed7a63c43fe1558582fd59b68b05781cc461cca99c4c53de67557910dec973c,2026-08-23T15:20:27Z,2026-08-23-3
2026-08-22T11:00,6ede35239da3b89540224ad254a0a761a5f485ebeeceba827f382cf5e9c6b61f,2026-08-23T15:20:27Z,2026-08-23-3
2026-08-22T11:00,6efc0cd6cdf29e0564fdfae62d00c208c9a9c450ecf894b71ade45c49bcb0988,2026-08-23T15:20:27Z,2026-08-23-3
2026-08-22T11:00,6f1209c6c0e07aba0da6d0c5efc6fad963a43ce08b8be760b3aee73a3597da28,2026-08-23T15:20:27Z,2026-08-23-3
2026-08-22T11:00,6f1aff3b3569adfc5f736898176bfbc51e61d919ab9e079ccb7032fc4c55f6da,2026-08-23T15:20:27Z,2026-08-23-3
2026-08-22T11:00,6f201a840bbd37485a96c0e031ea1dd7550dacb7f6b534b0470c29ee1169ec15,2026-08-23T15:20:27Z,2026-08-23-3
2026-08-22T11:00,6f26f347e1a5123a0646b1693024cab1330a8207e4db0d3e261c6ad1d21e1fbe,2026-08-23T15:20:27Z,2026-08-23-3
2026-08-22T11:00,6f354880bd361198945a332ab3ca9221784e497edd4702e57a241ebb817688e3,2026-08-23T15:20:27Z,2026-08-23-3
2026-08-22T11:00,6f48a94fe717d59f756ff2805bd47ada668c05001b223f624ee7a5b3c96ed53e,2026-08-23T15:20:27Z,2026-08-23-3
2026-08-22T11:00,6f7bcdb8b131c8d65a7e1fb3d96f828b5293fbc6a565e21f80e7819fcd267cc2,2026-08-23T15:20:27Z,2026-08-23-3
2026-08-22T11:00,6f8368ac763b73731923fdf243c388a7d207e8e71307ee44061b49625d794f6b,2026-08-23T15:20:27Z,2026-08-23-3
2026-08-22T11:00,6f848371eae656d045408f10d9f3bb8cac394034717881a6475f001fba0d962e,2026-08-23T15:20:27Z,2026-08-23-3
2026-08-22T11:00,6f869ff7da14f7a3d3b994e58fdbaa83dc90ff1fc72e46567ea9a81c386bad18,2026-08-23T15:20:27Z,2026-08-23-3
2026-08-22T11:00,6f87092a646730c1db1418526891b9c9c057add0376f374d69761f508b960658,2026-08-23T15:20:27Z,2026-08-23-3
2026-08-22T11:00,6f9770e217c0bf4c8357f52bfe6537608d6386210e6d58afaab99529644fc2db,2026-08-23T15:20:27Z,2026-08-23-3
2026-08-22T11:00,6fb46db50d5fdd24b57652ccfb41be3831b68e1cebb67459f12c7cddb8a52fc8,2026-08-23T15:20:27Z,2026-08-23-3
2026-08-22T11:00,6fc6c25a94124291653ab99c86bb6c1b5b5c176d291e42a16b478438397ad1ae,2026-08-23T15:20:27Z,2026-08-23-3
2026-08-22T11:00,6fd76d4a14fc728ea3b02ac6e84dbcee7354a07fb06f26e742e531f7204f20b2,2026-08-23T15:20:27Z,2026-08-23-3
2026-08-22T11:00,6fd94d70a502ddae147deb069b8e7fa560a8e6285864ec5acc75f10ffa4de2ea,2026-08-23T15:20:27Z,2026-08-23-3
2026-08-22T11:00,6fdb3dc5f85293077469dab04ed13dd14330f3e4499f35fd4fd9a759abde9054,2026-08-23T15:20:27Z,2026-08-23-3
2026-08-22T11:00,6fe9a172f90edbde4eab5ead1fea376eee13167e9408d98e2a6cdb534d05c65f,2026-08-23T15:20:27Z,2026-08-23-3
2026-08-22T11:00,6fed34bf09dbe4078d2512978a103c3ec2727550f0aca22dcd0745bf2be7f2a8,2026-08-23T15:20:27Z,2026-08-23-3
2026-08-22T11:00,6feee6c7b62dda4defdeadae82921bd4914e812e1a8b4d0ac13c80a50a17bff3,2026-08-23T15:20:27Z,2026-08-23-3
2026-08-22T11:00,6ff7edbf32ec718a3764191b5d1e7ec62a1afb0cf1d64b4e33bd992b57199803,2026-08-23T15:20:27Z,2026-08-23-3
2026-08-22T11:00,7004da0df2a5ddd50eddb2479054a43e6d179f85c7f9966590bc672a02eeddf8,2026-08-23T15:20:27Z,2026-08-23-3
2026-08-22T11:00,700a4df4ff2e31b3f3728cc2b7cb2a63bd8e1ea10ac427179973186b843f3c53,2026-08-23T15:20:27Z,2026-08-23-3
2026-08-22T11:00,700c4bcc93e4cd7564ba969f91c3366dd8eb0edf9bfc082700d57ca865a84dc8,2026-08-23T15:20:27Z,2026-08-23-3
2026-08-22T11:00,70162ce2d8b303514be68ff697cb955cf5fed990da8979be06e0772303e5f010,2026-08-23T15:20:27Z,2026-08-23-3
2026-08-22T11:00,701a34aa4671b069c79d3a93bcea7e87780faf74dfe6ca7c165eb079cb788437,2026-08-23T15:20:27Z,2026-08-23-3
2026-08-22T11:00,7020586b596b14ca636ba200b84ce899c9e296b0e44b1cb3858943a1a91561d3,2026-08-23T15:20:27Z,2026-08-23-3
2026-08-22T11:00,7024e3447669ceff8c68a1d17dd3e17b7ac6ff224e248f49443babfa96bb9cb1,2026-08-23T15:20:27Z,2026-08-23-3
2026-08-22T11:00,7039dde8336dd49d445e7be3b79c63a1f04d06faec1c612b29f9343a08488beb,2026-08-23T15:20:27Z,2026-08-23-3
2026-08-22T11:00,703dd792c2ae9ab4d5be24188193e23e95cdac60213bc6ae3315d18f23c2bb4c,2026-08-23T15:20:27Z,2026-08-23-3
2026-08-22T11:00,7057161d98c69151cc3e891d5fe7ce3f12e6a0e017bae5d572d568495eba52d4,2026-08-23T15:20:27Z,2026-08-23-3
2026-08-22T11:00,70655d4708318b5d2edb9d142c62c7d2475edf2118a4d3096d4972db2403920a,2026-08-23T15:20:27Z,2026-08-23-3
2026-08-22T11:00,706977cf6ddf621fb47d5d800c0b464a2a92c7e3dddeae835ba04c2196333c15,2026-08-23T15:20:27Z,2026-08-23-3
2026-08-22T11:00,706c008e300e202fd614759490a325071e8b0034e855e91c4798d7df053fac82,2026-08-23T15:20:27Z,2026-08-23-3
2026-08-22T11:00,707e6c047c917db51a2f9d5a1850eb0849e6739b624039cee17bd42b74da2cfd,2026-08-23T15:20:27Z,2026-08-23-3
2026-08-22T11:00,709eb8b7a1df88a8a3d22c92ae534e5a4a3149edd8bcb4ca67193a62e311f702,2026-08-23T15:20:27Z,2026-08-23-3
2026-08-22T11:00,70a634de1734b1aa5034710b59e24eef54bcadec3c62a54f68db33607c4dbe5f,2026-08-23T15:20:27Z,2026-08-23-3
2026-08-22T11:00,70ac3f4270bc76e91d9131d09bf84ab2ec414d6524ff7d0bcc01a64437646ccf,2026-08-23T15:20:27Z,2026-08-23-3
2026-08-22T11:00,70c03156e1326975f356f7dc74bb690f9ed9a0e2174b8a1215d117d702664f5f,2026-08-23T15:20:27Z,2026-08-23-3
2026-08-22T11:00,70ccbd7e85c1da9c41354f7164216a53118ef2753e9d17bb0b3938b1c0220a73,2026-08-23T15:20:27Z,2026-08-23-3
2026-08-22T11:00,70dad69138055b2145edf83c61d86c12a58f32a1f1cfc0db75a4c2ba5a8c6ff0,2026-08-23T15:20:27Z,2026-08-23-3
2026-08-22T11:00,70e6902f9894637f02a7101597761e29294bb15be00492d4efeb35c461672669,2026-08-23T15:20:27Z,2026-08-23-3
2026-08-22T11:00,70f7341794ef5f55d669932f238d3324f78efc0c88fb951a73fb856cc02875bf,2026-08-23T15:20:27Z,2026-08-23-3
2026-08-22T11:00,712051b24a2d9875cc161c5a2a5fe501f981119afd923dd8581f87b42b38dd8d,2026-08-23T15:20:27Z,2026-08-23-3
2026-08-22T11:00,71280b12b9f298cfd65c10a3ce59023affcc092607fed62666d22cf5f8c6c393,2026-08-23T15:20:27Z,2026-08-23-3
2026-08-22T11:00,712e645398d8b68852158aa3836f63a3e5a1f1506670d34f4f72a3fcda5cb746,2026-08-23T15:20:27Z,2026-08-23-3
2026-08-22T11:00,7133420019ec8821a06fe73fd22782ed817883c9e76bfb65af139fbf8e6617f0,2026-08-23T15:20:27Z,2026-08-23-3
2026-08-22T11:00,7133867881f6e5da33147c929782332b52318388be7d6ae64ab47f2342c60f63,2026-08-23T15:20:27Z,2026-08-23-3
2026-08-22T11:00,7141877431399d6b80fd86456a48541a6a87de1620c4decd8cb77fac142b4f35,2026-08-23T15:20:27Z,2026-08-23-3
2026-08-22T11:00,7141b7bd4c90166ae7007cbd7264a03e5370d4b454708600a9fcd1b2a0a413f3,2026-08-23T15:20:27Z,2026-08-23-3
2026-08-22T11:00,71512267fce724d2fefc6a2c88fc38667fff6acdbe8f116587de16225e1be864,2026-08-23T15:20:27Z,2026-08-23-3
2026-08-22T11:00,71560ecbeec8c1091752518e676d7df2fc3a9f9c729b87c87ed422e4a88c5c0d,2026-08-23T15:20:27Z,2026-08-23-3
2026-08-22T11:00,7163d4df70fb42d57015c780f15a4255c1dbe186b7c728f5cb661ee2e5602574,2026-08-23T15:20:27Z,2026-08-23-3
2026-08-22T11:00,717fa8f46674b6165d2b9babf690407feccba24d79d0a70c6cf60b0be72ef53f,2026-08-23T15:20:27Z,2026-08-23-3
2026-08-22T11:00,719ea4e0bf68791853fb54fdf890a30c6fb1d826963f215f6b23a12a91ed8bda,2026-08-23T15:20:27Z,2026-08-23-3
2026-08-22T11:00,71a3f954d054f1d7a5f9dd4effdd46da2a6c4900bb089e90d74661d2e456268e,2026-08-23T15:20:27Z,2026-08-23-3
2026-08-22T11:00,71a95ae634d9057586460b86fc56dee08ce681b7f268198dc3619d47e2a4f9a8,2026-08-23T15:20:27Z,2026-08-23-3
2026-08-22T11:00,71ad8dabcc5a6efcd6a890bab5f3d0e21239f748c8bdfcd5e663cc724b8d1577,2026-08-23T15:20:27Z,2026-08-23-3
2026-08-22T11:00,71ae9d287fc360f57232f392c6ce3317632523453cb2b3e6b5293a5ad3a0e6d4,2026-08-23T15:20:27Z,2026-08-23-3
2026-08-22T11:00,71c4cee545f701c9c9cf845360c1726750bb2efc4dba19811b0849bab99ca3fa,2026-08-23T15:20:27Z,2026-08-23-3
2026-08-22T11:00,71e515eab71d5abb16c8efa619b65e761fcb096ac2577bd611115ee51ff778cd,2026-08-23T15:20:27Z,2026-08-23-3
2026-08-22T11:00,71fc4a34c18c38858086d501eaf044073c522a68728ff779ba00192bad0fadfb,2026-08-23T15:20:27Z,2026-08-23-3
2026-08-22T11:00,721c0c7a9933ac9673e1293be408c9dd72bc6eb513dcae388a257d336e727e35,2026-08-23T15:20:27Z,2026-08-23-3
2026-08-22T11:00,7226446ef7e6d798d4400e6b81e7831147b13c933e117aa0bd39a530ab67eba8,2026-08-23T15:20:27Z,2026-08-23-3
2026-08-22T11:00,72286a4388d15b6d166680414f670d765fdf5801e22090b54430b8dbacee3bfa,2026-08-23T15:20:27Z,2026-08-23-3
2026-08-22T11:00,7236965578af94c601a89075c993d418004be46e46428d258c7a74707b815502,2026-08-23T15:20:27Z,2026-08-23-3
2026-08-22T11:00,7244bc070e2d0c807cb9002b06224aabc324f8b2c9e0222559083871e1b047a5,2026-08-23T15:20:27Z,2026-08-23-3
2026-08-22T11:00,72463be80b9fbdfdf975469fd04a25abe7735492b0423ed0a14aa2a3680ebff9,2026-08-23T15:20:27Z,2026-08-23-3
2026-08-22T11:00,7251c8e4e99172b607649cf702d07bf59804add3c8bd4232d4d2544621e7d86f,2026-08-23T15:20:27Z,2026-08-23-3
2026-08-22T11:00,726c6df64865b691747335de29a32d6fe379984255eb88008e959d7b92b16cde,2026-08-23T15:20:27Z,2026-08-23-3
2026-08-22T11:00,72707652b93a70ce5302425f943d861d2d95c1c66b37a1a28547eb138743ac5d,2026-08-23T15:20:27Z,2026-08-23-3
2026-08-22T11:00,727cfee509569d59be5f68415ba1f63baf988c1cbc0d545b516908fd67c7263a,2026-08-23T15:20:27Z,2026-08-23-3
2026-08-22T11:00,7286d017849558e3d9264cf857c553b58d3143c4c31f5c69ad5199c9ad9a708b,2026-08-23T15:20:27Z,2026-08-23-3
2026-08-22T11:00,7288402499bd16454c240271381eb8915971e5e0f132d857a6fad76ece18a51f,2026-08-23T15:20:27Z,2026-08-23-3
2026-08-22T11:00,72a8c49bfa9b83f2deefa47a29bcb63e66f7005bd12a452846adb4b84ad6dd11,2026-08-23T15:20:27Z,2026-08-23-3
2026-08-22T11:00,72abc989ea9f050ec31dca06d9c35060eb116971626128fc9a3afece37f6478b,2026-08-23T15:20:27Z,2026-08-23-3
2026-08-22T11:00,72b002f5a04f35d9ca1e994901c1e379e6cee4e119e7b7a2d4e72aa51cb4ce83,2026-08-23T15:20:27Z,2026-08-23-3
2026-08-22T11:00,72bab9d6d6357b19b7495905dd55855ce26e2141d45e70cda41d1e1908f7591e,2026-08-23T15:20:27Z,2026-08-23-3
2026-08-22T11:00,72bc872024fe3e4ab0566767a637c6f59c63d73f51d081b61cc2ed6d7a033029,2026-08-23T15:20:27Z,2026-08-23-3
2026-08-22T11:00,72cc13a4569af304c9b214ef53e01bc694e5217e42264931207c25f44f87e1d4,2026-08-23T15:20:27Z,2026-08-23-3
2026-08-22T11:00,72cd67c10256b080cf441174799ed3746e009b396a7da604723334321fc2bd25,2026-08-23T15:20:27Z,2026-08-23-3
2026-08-22T11:00,72d654a4e6e8272108e58200a1014c2530a5b54c30948adbb2c2af5a44674051,2026-08-23T15:20:27Z,2026-08-23-3
2026-08-22T11:00,72e737bef8cf7f1d6854fc171fe6e6b454471768073838d43aad54e5f929c955,2026-08-23T15:20:27Z,2026-08-23-3
2026-08-22T11:00,72f0197074bf0a88bafa235153abaa3e47b44661ed560566785f97e200cca950,2026-08-23T15:20:27Z,2026-08-23-3
2026-08-22T11:00,732842600c633719141a3759954c33c70accef8bbfaeb5e41b0c81e3775b2332,2026-08-23T15:20:27Z,2026-08-23-3
2026-08-22T11:00,7333f1237f62a2e15fa2063ec7307eba49759d7585c2c8c258f4e07fabb0100f,2026-08-23T15:20:27Z,2026-08-23-3
2026-08-22T11:00,7339e10bcdac8587fe3c6b85bcc298813041e0787be2490cc2014f7a52f1bcad,2026-08-23T15:20:27Z,2026-08-23-3
2026-08-22T11:00,733a53f08fc5000f1231e2a2aac5770d23cd7ecfb86416636e3d16fffba07c64,2026-08-23T15:20:27Z,2026-08-23-3
2026-08-22T11:00,733a90e48f9b1c2f084a7ff48066260722d202d43ff7c42b6828a700fa226be6,2026-08-23T15:20:27Z,2026-08-23-3
2026-08-22T11:00,7347f06e7c916544f6e962de36961dbcdf8c00a50f21f56435f6b7de8971923e,2026-08-23T15:20:27Z,2026-08-23-3
2026-08-22T11:00,734a5335f405a5cb053de3b78b4ee2459a34c7e298bf26e571006921f28c1854,2026-08-23T15:20:27Z,2026-08-23-3
2026-08-22T11:00,735d1dd1ea027a6f092fb4a607ca5c303c53b23ed475d3f873279ba940f0fbfd,2026-08-23T15:20:27Z,2026-08-23-3
2026-08-22T11:00,736bc5b23093891ec3600c0309caedc6911eebbc4a5dfabc38d79fd5db6e9595,2026-08-23T15:20:27Z,2026-08-23-3
2026-08-22T11:00,737379b6bf2e697b1bea25175fa023f2f6d0184fc96f2c4cf5e121255105817f,2026-08-23T15:20:27Z,2026-08-23-3
2026-08-22T11:00,73799d7a2b7ba64475a061984a60a60ba36401ee6c8a2b7d2c80f072be827434,2026-08-23T15:20:27Z,2026-08-23-3
2026-08-22T11:00,739569eb39351740425ec6f3764cd1efe2bb7827639592d597cb648d20d40c42,2026-08-23T15:20:27Z,2026-08-23-3
2026-08-22T11:00,739aa2f383592faf538e4675b68c8b1e01f1b9db17c31b0ae244847e7f714e82,2026-08-23T15:20:27Z,2026-08-23-3
2026-08-22T11:00,739c4a7efedd82fb23a5d8326fa2e47d65b46366d4cf9f61aaef99836bfeb2fa,2026-08-23T15:20:27Z,2026-08-23-3
2026-08-22T11:00,73b486572d8825cebc055308216d83598142d137754fcce8c645406d7bea97b1,2026-08-23T15:20:27Z,2026-08-23-3
2026-08-22T11:00,73c1174bf10123822f988da19d89797b80dfcaf5487cf1fd7ada2732fd06eb76,2026-08-23T15:20:27Z,2026-08-23-3
2026-08-22T11:00,73c3ee4054300bac0fe7df17e458eb7d9c9c1dbcb84e8b30be13ecc2bac7636d,2026-08-23T15:20:27Z,2026-08-23-3
2026-08-22T11:00,73cc063f4f4058d42b6ab4bc544aa039df8b6640cc422822423d2a1529cf8c67,2026-08-23T15:20:27Z,2026-08-23-3
2026-08-22T11:00,73d8876ceadc28ddc48eb2e1f7335c1b9287ec5f4b07dd1f5e0a8726541f87c9,2026-08-23T15:20:27Z,2026-08-23-3
2026-08-22T11:00,73d8b76ac0fc47f7034f7d1842a93871defb455f711eeb8bf8f1e0479cdf8692,2026-08-23T15:20:27Z,2026-08-23-3
2026-08-22T11:00,73e570ad8ee1a6eb8526c6f2febbf66e588a5d757b3c9f1a59749d3f2782ee47,2026-08-23T15:20:27Z,2026-08-23-3
2026-08-22T11:00,73eea2a4168bbd79f889292f895171772fb70a1aa30f8cb0a49949ee8413792c,2026-08-23T15:20:27Z,2026-08-23-3
2026-08-22T11:00,73f05cf4200083263e8152d51e6817d3a1b8fc2811391e66c88cd71be6577aa6,2026-08-23T15:20:27Z,2026-08-23-3
2026-08-22T11:00,73f35bd8d7a04cb271c44c2c65eb0258c8154a9dc69529b1d6be3e02ffd4a544,2026-08-23T15:20:27Z,2026-08-23-3
2026-08-22T11:00,73fc8904e3c813fd86e8fa4c43803a48646998d9649f2f7dd90eb62510a79c92,2026-08-23T15:20:27Z,2026-08-23-3
2026-08-22T11:00,7409beeabc53584c3fe21b3f1452956b90163e4cf4ea296671eb74a7b683e311,2026-08-23T15:20:27Z,2026-08-23-3
2026-08-22T11:00,740d039f34215d949d8048ab028533653fe14326bcaf7a55e4083b3908d1fe59,2026-08-23T15:20:27Z,2026-08-23-3
2026-08-22T11:00,740ea34d8da846bdda1c0376a11d0dff897358815058ecc8d4414d1d85efa670,2026-08-23T15:20:27Z,2026-08-23-3
2026-08-22T11:00,7415c9e9f99d0e1f254a45b53aad341631944b3cabe1f131370a94a5db445632,2026-08-23T15:20:27Z,2026-08-23-3
2026-08-22T11:00,7444293e8aabe8f71ce75215e82ba4bd5d1a6520b18727e3cda1a327b2113d78,2026-08-23T15:20:27Z,2026-08-23-3
2026-08-22T11:00,74460ec29c9bfad639141a126887e27d7e158a0028fb2c21650e3677309c9342,2026-08-23T15:20:27Z,2026-08-23-3
2026-08-22T11:00,7447a7f27a11805e57a1902097191b2a7fbff8420fe6c77a1c8aa33b7818ad45,2026-08-23T15:20:27Z,2026-08-23-3
2026-08-22T11:00,7451567b5abb41517b4e92868160d75784db08040d035faf8185ce9fe31eda47,2026-08-23T15:20:27Z,2026-08-23-3
2026-08-22T11:00,745cade4a69feb19eaa9ef3e7d4a05073d8664180e8109aba72cb781479040c2,2026-08-23T15:20:27Z,2026-08-23-3
2026-08-22T11:00,7460f36d89f696d4ab4583d5ad2a196d360559255fe8e1cd07b06dbde9a86713,2026-08-23T15:20:27Z,2026-08-23-3
2026-08-22T11:00,74775405ed12c2232114f574c0086f8287113f5ad7904ed7fad356877d44be59,2026-08-23T15:20:27Z,2026-08-23-3
2026-08-22T11:00,747b3fb91f7e0240e490924c917128f2d13faa872b9605e6a263e549e1182d30,2026-08-23T15:20:27Z,2026-08-23-3
2026-08-22T11:00,747d6ebefe2144ff9baaa3701ab1902be8be6d8932f058357bb01d1cd3e41f00,2026-08-23T15:20:27Z,2026-08-23-3
2026-08-22T11:00,748320d0c4890f8af363007217e7adf9ff46888c79e64de479b85fdbcca2bc18,2026-08-23T15:20:27Z,2026-08-23-3
2026-08-22T11:00,7494f3b0ad47f4ef37752a3616169e1498edf11393414caf93cdbc96ea6729bc,2026-08-23T15:20:27Z,2026-08-23-3
2026-08-22T11:00,74a776f478697d443a45a79985434e5516d7b69f78fd813d84cbbc49accbe340,2026-08-23T15:20:27Z,2026-08-23-3
2026-08-22T11:00,74b7cfe17cd9d51443796bc38b3bd052981529f9a274952f7fafb28a6313ee69,2026-08-23T15:20:27Z,2026-08-23-3
2026-08-22T11:00,74b83aa5d4d282ef085782c3d4b2d66c23f5fbe3bf13bc24b633608fec9cefba,2026-08-23T15:20:27Z,2026-08-23-3
2026-08-22T11:00,74c8ae2417106a03118d9464739b89511ab0ebe4900c0a559e90319ef4844cac,2026-08-23T15:20:27Z,2026-08-23-3
2026-08-22T11:00,74ccb72bf236159f268c28d393ee95500ab2b91d47438506677d3d4a32d9b013,2026-08-23T15:20:27Z,2026-08-23-3
2026-08-22T11:00,74d9f1275ef9672918657ea3c44903968edd806978df641f93bec97253a12ef0,2026-08-23T15:20:27Z,2026-08-23-3
2026-08-22T11:00,74e258f1aead0f8ddd01f76788b3cc42444f2937ae6ac22750a94fc1ebdd1946,2026-08-23T15:20:27Z,2026-08-23-3
2026-08-22T11:00,74eeb7c9fb20674fe6e266bdbb50b266fafc03597bea2c5c5622f47fe31491db,2026-08-23T15:20:27Z,2026-08-23-3
2026-08-22T11:00,74f0e975d303731d8d4d0eea24cf98f1a5f2a6e354c10fa4c7cfa6dd07f2fd51,2026-08-23T15:20:27Z,2026-08-23-3
2026-08-22T11:00,74fba41bfc06487bbf6ea7542ca589e5cddaf317cadf10f24d3ccd868cb46167,2026-08-23T15:20:27Z,2026-08-23-3
2026-08-22T11:00,7516481b7fb444d5f35f0eae4f70dea7cbcd5749f01954ed8ce00bfa6a1f14a9,2026-08-23T15:20:27Z,2026-08-23-3
2026-08-22T11:00,751ae6d414feb18dedee9355bcd2e113d731ad8bff5e5ba4c6d233f5af8b632b,2026-08-23T15:20:27Z,2026-08-23-3
2026-08-22T11:00,7527ce4bd29a4827548136539dfa700b94a56b5a8db19053cc52034acdfd89c4,2026-08-23T15:20:27Z,2026-08-23-3
2026-08-22T11:00,7527e1f656c51da42535aa5637251ca72e8fe7976b51263f65d5844a32c766d5,2026-08-23T15:20:27Z,2026-08-23-3
2026-08-22T11:00,7534451b14111124a7f5d5faabdf51670f075da364907fe305a753665282e7d5,2026-08-23T15:20:27Z,2026-08-23-3
2026-08-22T11:00,7538c6f30b1c6f6b133ab27cd86868ebfa1a5a79b27265eb692eec34e36f230c,2026-08-23T15:20:27Z,2026-08-23-3
2026-08-22T11:00,753eafb65ca0e65df97fc44e2dcfe67b8da02638f3a4510171e94c6dd0c3f1bb,2026-08-23T15:20:27Z,2026-08-23-3
2026-08-22T11:00,7552fa6588864374ae03c91d0dc9fe6a1071c4610271a9e7843a2e8933cc7ade,2026-08-23T15:20:27Z,2026-08-23-3
2026-08-22T11:00,7559e48a5476c5fc9b15725c38300a22ea9665972e9a8b97928c238d8f5cc684,2026-08-23T15:20:27Z,2026-08-23-3
2026-08-22T11:00,75620bce8ddd9e5fef9b0c81c7cc189dc75532d9e89c2308701d4adb220d2ca1,2026-08-23T15:20:27Z,2026-08-23-3
2026-08-22T11:00,756eb7cd4120276bb84d60770dbbcd9b63b06037b52a1a22c365802ab4db1565,2026-08-23T15:20:27Z,2026-08-23-3
2026-08-22T11:00,75a86b6242974f00d5ffb6abc7cc7d7b1374ea10aee4e3c51575d74891b3ef6b,2026-08-23T15:20:27Z,2026-08-23-3
2026-08-22T11:00,75a96df001b9ec901057ac5650309c274a0f422c803e3e8f81ea8bf1dedc8f6e,2026-08-23T15:20:27Z,2026-08-23-3
2026-08-22T11:00,75b00331ce1c9e06f8265fcf51615ac9e71c5f22b391d255ee4e62e1034c3511,2026-08-23T15:20:27Z,2026-08-23-3
2026-08-22T11:00,75b9ed387c100e634788111241c3070f966ec53fa21a142624a7f210c3c02ccd,2026-08-23T15:20:27Z,2026-08-23-3
2026-08-22T11:00,75c5497d500eeb62425db7b5fe3fb7ff0a69e137cadfbf2d0bf0f418ef62cbcd,2026-08-23T15:20:27Z,2026-08-23-3
2026-08-22T11:00,75c54ba21373edecf501c2e29a82400cdc42ef530b8fe94ea8bcfab1893dbc84,2026-08-23T15:20:27Z,2026-08-23-3
2026-08-22T11:00,75df6b713eb1517449e8d53df4f5e42cb62de612625f683c07052218ce57ef9b,2026-08-23T15:20:27Z,2026-08-23-3
2026-08-22T11:00,75e04ed4d0424dd60596c66c20fcd3bdbfc0a4dafa7d5c7638190e1cb26e0bbf,2026-08-23T15:20:27Z,2026-08-23-3
2026-08-22T11:00,75e983076b5e799bd00222c824e9b07bdab5b319698ed205ae12a905b0a1ce31,2026-08-23T15:20:27Z,2026-08-23-3
2026-08-22T11:00,75ea6be90a860ba1e27f0ac9fd1b3168fdf64df5bd9f9f875e0e4ebd7ea5229a,2026-08-23T15:20:27Z,2026-08-23-3
2026-08-22T11:00,75ebb8c6167f85b4b81e73e908b45a8f3f73a49ff6055210f89896ed52a98c3c,2026-08-23T15:20:27Z,2026-08-23-3
2026-08-22T11:00,75f26884ae626588ef5c7786fe7b88835d70703ae7137aab854d719d2b4254e3,2026-08-23T15:20:27Z,2026-08-23-3
2026-08-22T11:00,75f3d3a77123ac2a0b1b45c02b73524bbee30b1314bb35a699003f3154815939,2026-08-23T15:20:27Z,2026-08-23-3
2026-08-22T11:00,760e72c3e8946edd08c08d4cf45ecda6ccd1d44a32474c39d3cdc321edc20e55,2026-08-23T15:20:27Z,2026-08-23-3
2026-08-22T11:00,7618c4a23d3266f52fa6a32387e50fd28df76ac61325de43ec163e93661cfb40,2026-08-23T15:20:27Z,2026-08-23-3
2026-08-22T11:00,7619fe68126f58beb67d33c3c151cd4168ca9d91959d4c406d7f436ba4014528,2026-08-23T15:20:27Z,2026-08-23-3
2026-08-22T11:00,761bac32927265d3e73c8d3f7e3d664488f40650a8668db70cb52922d5292bb3,2026-08-23T15:20:27Z,2026-08-23-3
2026-08-22T11:00,761f581992de56f89937344a4ede1f94fe7d89a7d9843940be8e53915a02207c,2026-08-23T15:20:27Z,2026-08-23-3
2026-08-22T11:00,7632d1746fa1adf8ead9dad3a970a0521ccb2aa4a2e97e318cb0de08623b7c20,2026-08-23T15:20:27Z,2026-08-23-3
2026-08-22T11:00,7649c064982d4d7e57d1168522309f4a7ace0c0a96b16843c230deff428a92c4,2026-08-23T15:20:27Z,2026-08-23-3
2026-08-22T11:00,766b5a24063f965e4f7e0dfb08556da54377dfc9a10d30f5fb112d37a8c91467,2026-08-23T15:20:27Z,2026-08-23-3
2026-08-22T11:00,767a67f97097743598e89b8820d3256852b36611fe8ee4095c9e8089daa0a8ca,2026-08-23T15:20:27Z,2026-08-23-3
2026-08-22T11:00,76900827bd8bbfff398d6c8f0aa43bfe18128f59d845a59bc4f3689b51e7e07d,2026-08-23T15:20:27Z,2026-08-23-3
2026-08-22T11:00,769a24974b33a1d9fe35cdee9af82d7339c41c010a0939f1a3cbb9dc12e3c3de,2026-08-23T15:20:27Z,2026-08-23-3
2026-08-22T11:00,76ac08d0cb8e33c43330f9bacfd22df0e72584345474afb96e8a8832b66b0775,2026-08-23T15:20:27Z,2026-08-23-3
2026-08-22T11:00,76e2fafe5f9acb81cef266b8b9cf3025124b952488b395eeea15dd83aff43414,2026-08-23T15:20:27Z,2026-08-23-3
2026-08-22T11:00,76ec47cd127ef871aa4deebda3b610fb808f1e323d076646aef9f9b7b57ab30b,2026-08-23T15:20:27Z,2026-08-23-3
2026-08-22T11:00,76f9357444112be8d090a7fd26ff8ba3e0d716155bd1b1498ab2b5a300a6c985,2026-08-23T15:20:27Z,2026-08-23-3
2026-08-22T11:00,770b565132155c1db52689d3c7e2d15606664e9befb1c7883da4b49711696a0e,2026-08-23T15:20:27Z,2026-08-23-3
2026-08-22T11:00,77145bfe90f0bfefe77916312bdb871d9dbfd5dcc577b7020ee02c71d98cfd7b,2026-08-23T15:20:27Z,2026-08-23-3
2026-08-22T11:00,771977a7d113964aeb722bea9a079baf81a94f00c78ea2e7b2cf80adb00b7079,2026-08-23T15:20:27Z,2026-08-23-3
2026-08-22T11:00,771bd525f121f624fa1a6d00d73d6c48a44ec014ad3c3bd2168be90a8f21e64a,2026-08-23T15:20:27Z,2026-08-23-3
2026-08-22T11:00,77299add4b8a1c5714cbf379b6e90e6a373e649ba6292a0277e88801af71946f,2026-08-23T15:20:27Z,2026-08-23-3
2026-08-22T11:00,773726e7ec977d1ea9b9b4535dbf9077a7d477a4f0beba907651738c2c3586a3,2026-08-23T15:20:27Z,2026-08-23-3
2026-08-22T11:00,773f8f3d068b81baad9c9e300f00f319ba885dda7737dec5bd40a78d1274a2ad,2026-08-23T15:20:27Z,2026-08-23-3
2026-08-22T11:00,7744a5938bcdb5a53c2a934e82e32a0d9378c43b96deb06b2fa832c6e6287623,2026-08-23T15:20:27Z,2026-08-23-3
2026-08-22T11:00,775fe5774238538c579ee134989f312d0feec9b2fab393703d473cbad5434dc9,2026-08-23T15:20:27Z,2026-08-23-3
2026-08-22T11:00,776a521183165484ee54e13b7664e6fc0e46c91673e0a4ce63fb51db20284d76,2026-08-23T15:20:27Z,2026-08-23-3
2026-08-22T11:00,776d0a874127cc4c1856adf0c20eac8d3e973b1e6f49b1bf4febaf70a65a5542,2026-08-23T15:20:27Z,2026-08-23-3
2026-08-22T11:00,776f8f0f0cf221dea43c3beb662645783cf0a345c1ccafa8945225ba17cc1670,2026-08-23T15:20:27Z,2026-08-23-3
2026-08-22T11:00,777c167def955abe49fb696ea83867736976229f365c96f6a39da5a1913bd84d,2026-08-23T15:20:27Z,2026-08-23-3
2026-08-22T11:00,777d7b71ddfe1c60d4f3722c964b105c2c8a1ed1fc4f02f270ff95d8998a6133,2026-08-23T15:20:27Z,2026-08-23-3
2026-08-22T11:00,778e8d39f88bafb9636d7d81b51d649176bc0df58c705806287a5b3214d7a293,2026-08-23T15:20:27Z,2026-08-23-3
2026-08-22T11:00,7791fbd3fcfac9e2dcff6d884bbcef2f38ef7ff6dccd01e07b078e117e05800f,2026-08-23T15:20:27Z,2026-08-23-3
2026-08-22T11:00,77ae8d139e91f831c5915d2d2b305875713e5a26e3acfe487ba32283c5c60a1d,2026-08-23T15:20:27Z,2026-08-23-3
2026-08-22T11:00,77b2c8eae4c0d9d19545bd009dfcff880354e854fe95bfe892e078a5f377f5f0,2026-08-23T15:20:27Z,2026-08-23-3
2026-08-22T11:00,77c1ee89d049f60743602a54948c91bdba0b8e41671c8d14d7465a0b7f02f651,2026-08-23T15:20:27Z,2026-08-23-3
2026-08-22T11:00,77d49aac921aab5dc3c1452077d1a89be5beb49052dbde13396649e525418a59,2026-08-23T15:20:27Z,2026-08-23-3
2026-08-22T11:00,77d64de25479fa603f071ff30498be11a444eeda565d98460e5ef2da632ce65e,2026-08-23T15:20:27Z,2026-08-23-3
2026-08-22T11:00,77daee3680cf1e11390e59b08b1469c688f5fe90414c746aeb27d27c520ec9fd,2026-08-23T15:20:27Z,2026-08-23-3
2026-08-22T11:00,77e33b42385e0b898ce301cbfece2ee6a6cba7c6a16c01f9e2566d8c6058b0a3,2026-08-23T15:20:27Z,2026-08-23-3
2026-08-22T11:00,77e8863e44497db238caa084627fb4299725b334dc2d0c452dd8b1ef2a06ba66,2026-08-23T15:20:27Z,2026-08-23-3
2026-08-22T11:00,77ea92b1824141f8c64a7e613f69760102da0fc51b474d2b0182bd47ddb3fcbf,2026-08-23T15:20:27Z,2026-08-23-3
2026-08-22T11:00,77eddb00a00f37f5af9c2b7b119536a673defdabad7234d8fac395a96569e598,2026-08-23T15:20:27Z,2026-08-23-3
2026-08-22T11:00,77ee9b65f67f73052d59a40edf2f4390c0399cddb2036c0007ca551c0617dbf0,2026-08-23T15:20:27Z,2026-08-23-3
2026-08-22T11:00,77f53e6728d83aa1b07473ebba97df510c59d9c4a2bf6642ab32747700298316,2026-08-23T15:20:27Z,2026-08-23-3
2026-08-22T11:00,77f67fc4f0d35ab3eb025138dc7b43570376bb661b19024db09669a1b4fd8559,2026-08-23T15:20:27Z,2026-08-23-3
2026-08-22T11:00,77f78ba0e8dc6fdce8b870a866a7cf9499aa325f43d5b956a84c1bd84303a38d,2026-08-23T15:20:27Z,2026-08-23-3
2026-08-22T11:00,780a0712b5c3df7332e0fc8a50d8df2200ed5da7bb2d7860b95587f82e473cee,2026-08-23T15:20:27Z,2026-08-23-3
2026-08-22T11:00,7817a29c4db7765f8ab59a9701b9053950e3579b793c60c3276f1b08c3a52e5e,2026-08-23T15:20:27Z,2026-08-23-3
2026-08-22T11:00,7833c825515afe372b3d07f432553afce4255b1911d2735267526f38a5a37d67,2026-08-23T15:20:27Z,2026-08-23-3
2026-08-22T11:00,7835b0b036cfe198fc49ffdaad831022245d9019590195edd8098043554a24e1,2026-08-23T15:20:27Z,2026-08-23-3
2026-08-22T11:00,784983678226681050460636dc7a8f7b70fc739e08d515d2371a73483eb214c4,2026-08-23T15:20:27Z,2026-08-23-3
2026-08-22T11:00,784c8fdf9a876705ba7e60febd78ae5cfd18471718f905a64cf5c89d8b69a479,2026-08-23T15:20:27Z,2026-08-23-3
2026-08-22T11:00,785401669775add858a278cca7057d76c401c9acafd9b6b44710182fc0f07036,2026-08-23T15:20:27Z,2026-08-23-3
2026-08-22T11:00,785880a846648b40849c065dd009fe5512d7e67ea536ff58dd3914c62bb92464,2026-08-23T15:20:27Z,2026-08-23-3
2026-08-22T11:00,785f71b6c9512ed8cd70952245879ce8185e3d60cbd778b87961db6e36a89a99,2026-08-23T15:20:27Z,2026-08-23-3
2026-08-22T11:00,787aff6657886443c59e8c6c8f77b63e3ee7259fd4dcf7c172dc262098f86b30,2026-08-23T15:20:27Z,2026-08-23-3
2026-08-22T11:00,787de2a88e5de73ddf04fbff765c69b8558015f7be96caa2f26a6f62974727cb,2026-08-23T15:20:27Z,2026-08-23-3
2026-08-22T11:00,7880704e85fe4f11808e0c8a7c187d36c00c354681e0f297334f49ff90c26502,2026-08-23T15:20:27Z,2026-08-23-3
2026-08-22T11:00,7891112907d0436f5d1d37bbeddd9e793b0b0d60d0e5fc943073f6ae2ac7d1ac,2026-08-23T15:20:27Z,2026-08-23-3
2026-08-22T11:00,7899d5486fc21e6385a8ef5808d1bc22b68900ad7e7ab3ee1a76e746acab5717,2026-08-23T15:20:27Z,2026-08-23-3
2026-08-22T11:00,78aa3f250918d904887460edac661ee245e515e0a190aa0e2c4592cb453e98b8,2026-08-23T15:20:27Z,2026-08-23-3
2026-08-22T11:00,78ba9b72a6423cb65a25947a985a3501f56cf0171b95a042c3feb9ac01d833ba,2026-08-23T15:20:27Z,2026-08-23-3
2026-08-22T11:00,78be2d0cbd3359dd4050571227de165ae5fe10f1327f234148ffa4fa1f7a691b,2026-08-23T15:20:27Z,2026-08-23-3
2026-08-22T11:00,78bf91756f3429555fb6609105059d85b4d2be55a9cba8ac14d4bf98225b1886,2026-08-23T15:20:27Z,2026-08-23-3
2026-08-22T11:00,78cd0ce10da4017a7322905bdfc0769fa90d196ec23fe833a7e28da16beef2dc,2026-08-23T15:20:27Z,2026-08-23-3
2026-08-22T11:00,78d0945b500d4e1d9e8f44639aa4d6239ba8ae22e76a2081e1ee519f42a85e27,2026-08-23T15:20:27Z,2026-08-23-3
2026-08-22T11:00,78d5cf79807d53acf145e92dd0ba0c107379a469b861a270f1895d29ba2d12c5,2026-08-23T15:20:27Z,2026-08-23-3
2026-08-22T11:00,78dc2e01ff5592c596c81e343f54c8ce7b09cb07c2385e386cf2fa475de50165,2026-08-23T15:20:27Z,2026-08-23-3
2026-08-22T11:00,78ded670eeed449a4e8ed74c4b205c5a37a03f5349f2966d05141a7ceb34d6e3,2026-08-23T15:20:27Z,2026-08-23-3
2026-08-22T11:00,78e20434d1d582fc722d4e10b4759643a085590c6f7b170d5da20fa5bf1cc842,2026-08-23T15:20:27Z,2026-08-23-3
2026-08-22T11:00,78e2c9e6a2392cb523629d7a8f834ed4c0b11d86df60e5d00221e483050bbac0,2026-08-23T15:20:27Z,2026-08-23-3
2026-08-22T11:00,78ee2f7e35fb180240f7d3b4e05c9b8c945d4d8db020ca76a248d8ad08c620eb,2026-08-23T15:20:27Z,2026-08-23-3
2026-08-22T11:00,78f9b894fd0694b284af37cf266468f27adb193fdabbb16858409a5dd8aee23a,2026-08-23T15:20:27Z,2026-08-23-3
2026-08-22T11:00,790505c3f4a2d061c42e250fc13c2046e9e37aca719fba8af8cbe48cdcfdc736,2026-08-23T15:20:27Z,2026-08-23-3
2026-08-22T11:00,790926b333d4423ae47739a1f1761d82f3ee65101aaae7065252375e8065b5e8,2026-08-23T15:20:27Z,2026-08-23-3
2026-08-22T11:00,790abb619fe050f75350e16ceed93a9e58cc85f4626869e9529c4b642d1e29c4,2026-08-23T15:20:27Z,2026-08-23-3
2026-08-22T11:00,790ba9a44f6a23f5517acc6d0211b808353c970d3fd6446dbf6529cdcf47bb88,2026-08-23T15:20:27Z,2026-08-23-3
2026-08-22T11:00,79156cbe286b270357ac29110789c963342926a835d6b342828971163be2f54f,2026-08-23T15:20:27Z,2026-08-23-3
2026-08-22T11:00,791dbbc7a5f37856434e670ed14ca28d21a640000ec4d4f84e17975e8043a477,2026-08-23T15:20:27Z,2026-08-23-3
2026-08-22T11:00,792a066e22a14011d4fc1ef44e840c3fb3ae10d1f90ae92b2208148cfb0b61fb,2026-08-23T15:20:27Z,2026-08-23-3
2026-08-22T11:00,79388c51b3e1f3b4090f700f71d60844144fc98d5adc5f10cad8720bc1b030cc,2026-08-23T15:20:27Z,2026-08-23-3
2026-08-22T11:00,7939f69b22823fc74c7da4d7bbba2c74792e8ae7a63f1f476eb4ca9a5877f97f,2026-08-23T15:20:27Z,2026-08-23-3
2026-08-22T11:00,7941aa58a69ffdc29b1d4fb9d2d8e68cbe288d81615a79c229e0a6176674efac,2026-08-23T15:20:27Z,2026-08-23-3
2026-08-22T11:00,79440eebb342cda2f46ff097571f67b625b3ecc0660dbe0358bb2b1bfa91c45c,2026-08-23T15:20:27Z,2026-08-23-3
2026-08-22T11:00,79493e20388ed3e21114168aa700a6cee53f71c18ea0c5e522e42c09144b8a27,2026-08-23T15:20:27Z,2026-08-23-3
2026-08-22T11:00,796000f78fab5e9a772a747bfe4ed008765430391b9c47902b68d413abf36bcb,2026-08-23T15:20:27Z,2026-08-23-3
2026-08-22T11:00,796244349a33f180d7f07ec46d7896e705b6c840bd92a77fd318d8e09d643837,2026-08-23T15:20:27Z,2026-08-23-3
2026-08-22T11:00,7963b7769c5f39d601a28b4ce747321bb9460e7e3bbf472b17a2e2bb5144ec16,2026-08-23T15:20:27Z,2026-08-23-3
2026-08-22T11:00,7985575b219ad2e96255e14f2bdb834f3d30658682cd00f0525ea83dce2d71a4,2026-08-23T15:20:27Z,2026-08-23-3
2026-08-22T11:00,79865f020111f7849b9d5bbd694890efbfa43a592d3ab18b312d78747fb0f5af,2026-08-23T15:20:27Z,2026-08-23-3
2026-08-22T11:00,79866d81f5eb9a0bce441aa2b76a8d7eab397b6900c01fb5a05c2ee9d5867da1,2026-08-23T15:20:27Z,2026-08-23-3
2026-08-22T11:00,798b8c489db6dfcc960215efe10681e4375b54ac8ed13f448bc14b662b516a42,2026-08-23T15:20:27Z,2026-08-23-3
2026-08-22T11:00,79aae2d11d487c9b57f92fd475dce5f3b245776e352e290aa6b40da529954e04,2026-08-23T15:20:27Z,2026-08-23-3
2026-08-22T11:00,79ae6333df6e272f878d6e1ce8b6107e86c8744ce0b88643293e00c2876cb856,2026-08-23T15:20:27Z,2026-08-23-3
2026-08-22T11:00,79cbf2ada732b0bd8d78c55e558d8d212703f89c70d8527634c4c04116a14c5f,2026-08-23T15:20:27Z,2026-08-23-3
2026-08-22T11:00,79d7ca9937f7740dee5b6d64efb9733abe124f969f092fe5c4aba9ed4c68e4e7,2026-08-23T15:20:27Z,2026-08-23-3
2026-08-22T11:00,79da0038c9807c3f228c9a6a67d6ff5611feb6e031bd15a8c734410c37840d1a,2026-08-23T15:20:27Z,2026-08-23-3
2026-08-22T11:00,79dc4c45b8282c1856b3bd9d34b07a3ce886fa6a074bb4a14624351ce94355a8,2026-08-23T15:20:27Z,2026-08-23-3
2026-08-22T11:00,79dc9aee7b8ce417dc7452066fd13f0b8beb2604278778552fcaa3b7f39cead9,2026-08-23T15:20:27Z,2026-08-23-3
2026-08-22T11:00,79f38e749039b6531dfcbddaef1620607df31622850211f218795bbb274d28fa,2026-08-23T15:20:27Z,2026-08-23-3
2026-08-22T11:00,79fdd08ae106be4e0fa4301e31aecc93c0209a765101228c16338175c66d6e1a,2026-08-23T15:20:27Z,2026-08-23-3
2026-08-22T11:00,7a001164eb31f11fab07e3b4123869321c853496176f8aec6473be537d6cb0cf,2026-08-23T15:20:27Z,2026-08-23-3
2026-08-22T11:00,7a192fdd0ea8f68c702f29965dbc89eebfb72e94ab4656c0c40125b2de257b79,2026-08-23T15:20:27Z,2026-08-23-3
2026-08-22T11:00,7a32dc937a196c0160253751f1dcec0885888539237f11ead79dad95fb9b31bd,2026-08-23T15:20:27Z,2026-08-23-3
2026-08-22T11:00,7a3b188d9fae3672a1cfb2a656314bde9f1c66e6544a0869fee71ba05e29dc31,2026-08-23T15:20:27Z,2026-08-23-3
2026-08-22T11:00,7a58a96a93c65ca996b7e4da3a369de3022cf9bd7e9a9bd91350b5c867195303,2026-08-23T15:20:27Z,2026-08-23-3
2026-08-22T11:00,7a6650f45302971b2687661d1a39279755535061a98263fe1949a22757b4f20c,2026-08-23T15:20:27Z,2026-08-23-3
2026-08-22T11:00,7a66fcf62cc50c40e038dd2ad7d31717f2ff4d813a9436de62524f92b4fc922e,2026-08-23T15:20:27Z,2026-08-23-3
2026-08-22T11:00,7a6f23b1dbc44e4b38d59249e5cc11ca2c950223729f1ea773f827f0f7a8ca58,2026-08-23T15:20:27Z,2026-08-23-3
2026-08-22T11:00,7a7213b68631e1d3fcaef5b947c6d6d823441653d22230b23f2a7872618adb2c,2026-08-23T15:20:27Z,2026-08-23-3
2026-08-22T11:00,7a72ae251ddb0ce04c7bf6e9035d9e49e0f2ee60c68ccfa3863e3ec955549993,2026-08-23T15:20:27Z,2026-08-23-3
2026-08-22T11:00,7a7e2f716beb0c8cd717d4036e1a38255e8afbe3ec6414db2403f44a5884b468,2026-08-23T15:20:27Z,2026-08-23-3
2026-08-22T11:00,7a828343fe90eb89fb4394168873271fec643759cc7486823ff8c8845ab54923,2026-08-23T15:20:27Z,2026-08-23-3
2026-08-22T11:00,7a85df708bbadc9234b12239798af237b31d9bfce3882a9f5c0172e628c166e3,2026-08-23T15:20:27Z,2026-08-23-3
2026-08-22T11:00,7a9d19dc2afc089e4c90553bcaf696160555330cfd1d7eb1cb8adfecd9d115ab,2026-08-23T15:20:27Z,2026-08-23-3
2026-08-22T11:00,7aad338149626a4bc8e99b3e0147cfd43a093e0ee07237dee4fa2271647b7bbe,2026-08-23T15:20:27Z,2026-08-23-3
2026-08-22T11:00,7ab9896cc5790b8494d021adafc6be5d6284e14fd445e9d00d6048e92d02594b,2026-08-23T15:20:27Z,2026-08-23-3
2026-08-22T11:00,7abdfb3e01af4a7357a7912fbd13fd44800b61d1e472869e44351dbf9a2be6e0,2026-08-23T15:20:27Z,2026-08-23-3
2026-08-22T11:00,7aea1a6b4ede65f74ed2dc21a4e3576383090a467b53ec041cafaab3b5b72337,2026-08-23T15:20:27Z,2026-08-23-3
2026-08-22T11:00,7b0d6b7386ffa146474c82b8002c9712a2621b21008e43a250031da02bdc3d82,2026-08-23T15:20:27Z,2026-08-23-3
2026-08-22T11:00,7b0defefd2c0cbe171d56987b345b6092bb7d837da7dfb8439e7b2039872b8ce,2026-08-23T15:20:27Z,2026-08-23-3
2026-08-22T11:00,7b1c1300978d60574d6cb30c695a4465a531af1b41c2165c6f92ef116e2aa625,2026-08-23T15:20:27Z,2026-08-23-3
2026-08-22T11:00,7b2598996344ea8ed6f4d81df27173013df6e6421a90018dd50654604bd0b518,2026-08-23T15:20:27Z,2026-08-23-3
2026-08-22T11:00,7b39f7f62c14236fbdd538e54d3b4275f1b6ad068314cc2c9967e70707cd7efd,2026-08-23T15:20:27Z,2026-08-23-3
2026-08-22T11:00,7b4f2ffa3a52c6b49febe9388641168608f2a16d700eca871e7607ec0c4ae784,2026-08-23T15:20:27Z,2026-08-23-3
2026-08-22T11:00,7b55a94dea98fa61ed10ad78fb0d710ad47b4936ba4b44bc2b8bca54fe389a6c,2026-08-23T15:20:27Z,2026-08-23-3
2026-08-22T11:00,7b59156166923ff4f6032a39ba7eb4f48e30ed3a839c30ce6dac9617353e91e7,2026-08-23T15:20:27Z,2026-08-23-3
2026-08-22T11:00,7b64f94e74398dc6b6d047ac01df8b8ec01477788655c8c670f514980c00672c,2026-08-23T15:20:27Z,2026-08-23-3
2026-08-22T11:00,7b6616bd3cca47ad84986d04a5c8bc7ce60dd215966e41d3730ae6b94e91e9f0,2026-08-23T15:20:27Z,2026-08-23-3
2026-08-22T11:00,7b66459ff5b81b2ed41d141ba17f0797a1389ca9e2cb4c3a9b6e1724d40f16bf,2026-08-23T15:20:27Z,2026-08-23-3
2026-08-22T11:00,7b6a81e3ffa4ba982984d74065e675532f0a98fcf1e1cc5f92598f8398c53a3c,2026-08-23T15:20:27Z,2026-08-23-3
2026-08-22T11:00,7b6e7aa6443ba80792e7b465112063d0821c0783e81090fe8e0c70c64b3b3f03,2026-08-23T15:20:27Z,2026-08-23-3
2026-08-22T11:00,7b720acbcb2340bf2c09c642ce970adfddf6a225858018efcbe5e1e301de1ae9,2026-08-23T15:20:27Z,2026-08-23-3
2026-08-22T11:00,7b7c824de80067f5d7636eddd6b7411759b0d6c4f510f12a6935bd2f1a45465b,2026-08-23T15:20:27Z,2026-08-23-3
2026-08-22T11:00,7b8c87dfa0417d6e05205638dbd08e0166fa5df3b35736ecebb482af34f935ff,2026-08-23T15:20:27Z,2026-08-23-3
2026-08-22T11:00,7b9784aa9978d3219345d3161c3cc7460ed1e0511cb5f6943cc60d1c389206a9,2026-08-23T15:20:27Z,2026-08-23-3
2026-08-22T11:00,7b9f30b564f7b21156f6381bf0247f781e0c1dcf4b11c1289bf15eae31626c6c,2026-08-23T15:20:27Z,2026-08-23-3
2026-08-22T11:00,7ba6c2e15df63364ad762702146a3e8eaef814f58d8cf8fa130ed5fffa71a477,2026-08-23T15:20:27Z,2026-08-23-3
2026-08-22T11:00,7bb665fb0191864be140f3450b23983ed77d42c38becfa49c020cd0449c4ba44,2026-08-23T15:20:27Z,2026-08-23-3
2026-08-22T11:00,7bb69774c7809f030ee83b9382da81e9633849789b67dce8e4f330a9827fd4c8,2026-08-23T15:20:27Z,2026-08-23-3
2026-08-22T11:00,7bc5a012b715b343d39bbc490ea0c0c0817b4696fb5339be1623482c60195c7b,2026-08-23T15:20:27Z,2026-08-23-3
2026-08-22T11:00,7bca5f6908a6d32bc10dd190249e4d3ecfa9d11e209147c258d8a65156911ac1,2026-08-23T15:20:27Z,2026-08-23-3
2026-08-22T11:00,7bccb7e62d7d81bc8afa3cd2535442b04671eed1488ab9645c2b0c950b87861d,2026-08-23T15:20:27Z,2026-08-23-3
2026-08-22T11:00,7bcd68b5d5cb7fb5256e9f26ec555c87e04efe5ddc828bfefc0945e15cc9895c,2026-08-23T15:20:27Z,2026-08-23-3
2026-08-22T11:00,7bedc9da64b33fc418decdeef4548c86a236f3624585aa412455dfdfe8a9c87b,2026-08-23T15:20:27Z,2026-08-23-3
2026-08-22T11:00,7bf856909a6e81cffa5a4ab21245bc3afa570b92a4d867ad7b14d5bd2a96d409,2026-08-23T15:20:27Z,2026-08-23-3
2026-08-22T11:00,7c19458320d8d2d810ff0c9e7fbf08c1985d4b76d657a2e76bd35966944e7cb7,2026-08-23T15:20:27Z,2026-08-23-3
2026-08-22T11:00,7c1a813822f725a1a1e06e0013240f316fcd3e2c140639db42a6897d41574875,2026-08-23T15:20:27Z,2026-08-23-3
2026-08-22T11:00,7c26b847cb6ba0e05816dd1bbbfdbb8d04f90a122708d18ced7ae9f68801c21d,2026-08-23T15:20:27Z,2026-08-23-3
2026-08-22T11:00,7c2a14823e989620a51bccebec1cc49e13546917396955b6213218d4e71ced51,2026-08-23T15:20:27Z,2026-08-23-3
2026-08-22T11:00,7c38ace34c845a135260a44bb04a65403bf3e7e8dc6a07971f1e43e92ef04a17,2026-08-23T15:20:27Z,2026-08-23-3
2026-08-22T11:00,7c4a54706335c806e067b3e74ee8fc7e877aeeb891b4cd75a11e355004a00f1e,2026-08-23T15:20:27Z,2026-08-23-3
2026-08-22T11:00,7c53110a840c88c6abfa44fcf5a60b2dec59f0a6d9767a6b61d9e211a7d6ee4f,2026-08-23T15:20:27Z,2026-08-23-3
2026-08-22T11:00,7c5501f83e7ea579e93d05d251ff987622aba5b872d8bbfe3b06656623a19ad6,2026-08-23T15:20:27Z,2026-08-23-3
2026-08-22T11:00,7c68e6ee3387cd15c5c7f73656a0eda70d8bb808503e0690ab0652a572b663c0,2026-08-23T15:20:27Z,2026-08-23-3
2026-08-22T11:00,7c7b2d4ea753810c0fbbb3099a54d06eb76ea74f8bc628c51d1b47995d9b55b7,2026-08-23T15:20:27Z,2026-08-23-3
2026-08-22T11:00,7c81208450a34a032e06ff14e15bca8bcd522f27a87c1cd8935c118cf7d04361,2026-08-23T15:20:27Z,2026-08-23-3
2026-08-22T11:00,7ca2e03faa5c688b404a27cdfa16b1405daef86ee5bde88bc0010a6e9897e79d,2026-08-23T15:20:27Z,2026-08-23-3
2026-08-22T11:00,7caa18f3b6a94024724bdf70da58f9e946cd48e18116f22256e1d14abfc843e6,2026-08-23T15:20:27Z,2026-08-23-3
2026-08-22T11:00,7cb2e7ed69957d33bdc138e55738f09a3ef4f6ed185e6647450f02908cd36e26,2026-08-23T15:20:27Z,2026-08-23-3
2026-08-22T11:00,7cb51de1d10de94a36c275a1d632f59e192d71661bb09f15823e6a855d21680e,2026-08-23T15:20:27Z,2026-08-23-3
2026-08-22T11:00,7cc885777751c75307b6eee3e868e6c2a0939db9b37c6dba20125c5e74538e29,2026-08-23T15:20:27Z,2026-08-23-3
2026-08-22T11:00,7ccaf115118f727218a89cf159e0dabeb54ee239937aa4d1c3d8e607e33db385,2026-08-23T15:20:27Z,2026-08-23-3
2026-08-22T11:00,7ccc1b8455950fb4d5ea8015e90ace2eea414aaea63772c49932cf3cf1616f99,2026-08-23T15:20:27Z,2026-08-23-3
2026-08-22T11:00,7cd8fd00a325550f6160b0940655c0793f089fb39342f381346347a3aed8ae35,2026-08-23T15:20:27Z,2026-08-23-3
2026-08-22T11:00,7ced8544b237b5ea45a2c056737283fbe8b69274d3770ec89878a9ae0b425c91,2026-08-23T15:20:27Z,2026-08-23-3
2026-08-22T11:00,7d0161da6d802501d069803a254efbfd2aa2f6f1480ffc710a7392729a6650ee,2026-08-23T15:20:27Z,2026-08-23-3
2026-08-22T11:00,7d089e2d11806cb16c858d90f8e137b724f5f7dda5039145af1dbd8772102b19,2026-08-23T15:20:27Z,2026-08-23-3
2026-08-22T11:00,7d0edbd8b8e5fafba1fcdaa7c00d4e5b3f68d5715d3dca86ac0e591e8a1c2550,2026-08-23T15:20:27Z,2026-08-23-3
2026-08-22T11:00,7d13c09d051d6c879b33ecf146b2add70f5445a7af48548fec400cc5cb522ef6,2026-08-23T15:20:27Z,2026-08-23-3
2026-08-22T11:00,7d19a985081181f7fc4c2082b74c293ffed41da97cbed466f71d20921d47f65d,2026-08-23T15:20:27Z,2026-08-23-3
2026-08-22T11:00,7d30138a92a6e2ae6101acf2fcd69fb0afe4df7dcd0eebf22375a72dd76cb6bf,2026-08-23T15:20:27Z,2026-08-23-3
2026-08-22T11:00,7d31f5e315fc1c769747fb40bcc2f2a8eb7c6eeec5a91aaa97bb2e1bd9229983,2026-08-23T15:20:27Z,2026-08-23-3
2026-08-22T11:00,7d3dc72abdc1d31f112a3182afa32072e73a8cf677d5732a61d31836a7e14b1d,2026-08-23T15:20:27Z,2026-08-23-3
2026-08-22T11:00,7d41ec15598889557c1916e941f67d91905daa48a777796cceff05e964812be9,2026-08-23T15:20:27Z,2026-08-23-3
2026-08-22T11:00,7d4217e43b6950f499883f3d9eedbf302406ddd169fe3ea6f1bb5df783d0681d,2026-08-23T15:20:27Z,2026-08-23-3
2026-08-22T11:00,7d4417b6f1fa840b3406ea1693a2c8d1ca76d99f31169df3969d9ebc930f0cd2,2026-08-23T15:20:27Z,2026-08-23-3
2026-08-22T11:00,7d66e0cb43264b10aae5c94ada33981bf72f6e4ffb2bd7ad0eed60ab449547e7,2026-08-23T15:20:27Z,2026-08-23-3
2026-08-22T11:00,7d8d3434fe81a55279f40f429774d4f65696083f6cb2d033a5313f84985082cf,2026-08-23T15:20:27Z,2026-08-23-3
2026-08-22T11:00,7d93ba10f39b6516e5ed38981ffb0104a5703869d1690292198e028bde21ccbe,2026-08-23T15:20:27Z,2026-08-23-3
2026-08-22T11:00,7d9a18fd3d52a3983a9e39e06c4bd3b4d099e329429691c518bec4a08b6c5dfa,2026-08-23T15:20:27Z,2026-08-23-3
2026-08-22T11:00,7da43b639071931708e66dc54b04d4339983f11e954f61a46ed2a5ffbfb3c10e,2026-08-23T15:20:27Z,2026-08-23-3
2026-08-22T11:00,7da8c632af1eca017b05a4ed66a1baa25573f1aee7a8933ee109244a89c18c86,2026-08-23T15:20:27Z,2026-08-23-3
2026-08-22T11:00,7dbd38337ddfc08fdc567db01bf03d383753cffa9f481e06cd8799eaa0b3abb0,2026-08-23T15:20:27Z,2026-08-23-3
2026-08-22T11:00,7dc3816f40e3b1776f13038bfdb935779a7bd4b8c94c1e7f781b013dcef78af9,2026-08-23T15:20:27Z,2026-08-23-3
2026-08-22T11:00,7dc553b55c4c8181adcdf42ac5a739e8a5e6ad3539070f975fb4eded7096281f,2026-08-23T15:20:27Z,2026-08-23-3
2026-08-22T11:00,7dc607f834c1952ae1b92e22954f4c69d2a33263539eb9054f1208ef8ebcf7d0,2026-08-23T15:20:27Z,2026-08-23-3
2026-08-22T11:00,7dccb409d478a1e28876ac162ba4458ec529b2f51c45a9d9e28c4e3406fe3dcf,2026-08-23T15:20:27Z,2026-08-23-3
2026-08-22T11:00,7dce06e52108571132ccb0ed61be226dd1e0bf43187a258e0ab4f4ed50c59ad5,2026-08-23T15:20:27Z,2026-08-23-3
2026-08-22T11:00,7dce15731b62c6240c245a0a4b0c9ea1912e709d82f3c735837115b0a230395f,2026-08-23T15:20:27Z,2026-08-23-3
2026-08-22T11:00,7dcf447378e0bf264679a00457d488d5d58b5bbbaf52525d815cec6e4b7ad735,2026-08-23T15:20:27Z,2026-08-23-3
2026-08-22T11:00,7deccb5fbdbbc2150c582be577d836bd9be9599de985474b4c8f730fe7cc61dc,2026-08-23T15:20:27Z,2026-08-23-3
2026-08-22T11:00,7e18bad74f159f21ae21a88442b7a35ece09e5df18629dd77f0e68123f19ab51,2026-08-23T15:20:27Z,2026-08-23-3
2026-08-22T11:00,7e3b42e3dc9bc230e8920c568a64bde94073e71f588915e4dd10e2eba0901ca4,2026-08-23T15:20:27Z,2026-08-23-3
2026-08-22T11:00,7e42577ac09c78d64f4b9f6430add5e9958c3b967484605d5b54f2ba1d98faa8,2026-08-23T15:20:27Z,2026-08-23-3
2026-08-22T11:00,7e46dca0acc3e5be16343595987da50cc15588cd13cbfe86a069fd9d38079216,2026-08-23T15:20:27Z,2026-08-23-3
2026-08-22T11:00,7e4a3f807227102cc371661801287f00ea3df2ff6397f810cdaf2d73f2ca37bc,2026-08-23T15:20:27Z,2026-08-23-3
2026-08-22T11:00,7e4bda609cfe4368df86a8ce871de1ad100fe5317bc219aa9200da2096ade6e0,2026-08-23T15:20:27Z,2026-08-23-3
2026-08-22T11:00,7e607ec2ff19280ae3f6bd1acf0896ea27c1c89b028eb12ada8a1fef0962bfe0,2026-08-23T15:20:27Z,2026-08-23-3
2026-08-22T11:00,7e67a7c67a282133996de521017e1f4db324da119f2fadd2a830e9609c0c1f4d,2026-08-23T15:20:27Z,2026-08-23-3
2026-08-22T11:00,7e69d2dfaff60534315d1fc45d747d7865989de7816ffb3fcc28357be54bf347,2026-08-23T15:20:27Z,2026-08-23-3
2026-08-22T11:00,7e6a1a3777bdb4740ec7f79c1e870dc8bb321c051194adedfa54f813f9008197,2026-08-23T15:20:27Z,2026-08-23-3
2026-08-22T11:00,7e79591783a1bca92977b4a202b2e0734ab945f7434d0366adcec96afcddf9c6,2026-08-23T15:20:27Z,2026-08-23-3
2026-08-22T11:00,7e79a5ea45735966aa2d846f29386cdca207ef37741ae73e32ee291aef03650f,2026-08-23T15:20:27Z,2026-08-23-3
2026-08-22T11:00,7e85d7d057c74b330fe8e549ec4bd8b787e37ecbf0051a93def2aa61f8cfe262,2026-08-23T15:20:27Z,2026-08-23-3
2026-08-22T11:00,7e8cd1d8367202bbd439a63a8fd82fc0686193a3b50e1fc53ebcfe88cb3b3e25,2026-08-23T15:20:27Z,2026-08-23-3
2026-08-22T11:00,7e92cfb2dba98345671844b949a920d808de7bf85e758faf02cf4afc9983c4e8,2026-08-23T15:20:27Z,2026-08-23-3
2026-08-22T11:00,7e963cd6c7427bae21acb763675b845083f3adfe0b3a77ab5f98205c745faba5,2026-08-23T15:20:27Z,2026-08-23-3
2026-08-22T11:00,7ea411061cc44f220ed7a0b5a988df9784b56dbb666bbd1cedfa111a4cb32806,2026-08-23T15:20:27Z,2026-08-23-3
2026-08-22T11:00,7ea50d6cbd108bb657c6cbf04f7f7ab11afd41472bddbc30b0029df8ec7ab640,2026-08-23T15:20:27Z,2026-08-23-3
2026-08-22T11:00,7edcf3a5a51faf505f41a14164809da1737705f151fd8609279a5f1ce8712541,2026-08-23T15:20:27Z,2026-08-23-3
2026-08-22T11:00,7ee15b010b037053e75fd9c23b0ab14cfef0fbbbb6e3ce5e862c840f5eaa406d,2026-08-23T15:20:27Z,2026-08-23-3
2026-08-22T11:00,7eeec81f57f85d6e7abbc2b59c83a6940f94d6d7dc5ae65e1497d6a494d7df45,2026-08-23T15:20:27Z,2026-08-23-3
2026-08-22T11:00,7ef21c2db357014603a38a108c4d447b6cc8b7a608b2ca395ac05f5bbac9e020,2026-08-23T15:20:27Z,2026-08-23-3
2026-08-22T11:00,7efab7d7e29ba66c2852aa40b70240045c8d52c77ebd3c5b06f4a60290acd89c,2026-08-23T15:20:27Z,2026-08-23-3
2026-08-22T11:00,7f0b566de11817a81612eab44ff0fa4b1cd7cd248332415f4437dee39f2da51a,2026-08-23T15:20:27Z,2026-08-23-3
2026-08-22T11:00,7f113da859039dc859a681c017ecb3ea34984aedfa499cf42d75fab26f6f7f92,2026-08-23T15:20:27Z,2026-08-23-3
2026-08-22T11:00,7f11ff3a432bc4844dd26badfd6ea826e520be1deece4d4414e2fa7037ed4b15,2026-08-23T15:20:27Z,2026-08-23-3
2026-08-22T11:00,7f1fbd9aa6cfcb5fcf9b037b3ddf5c372e00865fb7ed75246246e90155647b9c,2026-08-23T15:20:27Z,2026-08-23-3
2026-08-22T11:00,7f36308856b0311fcff4f4439bf2df1cf5d0ade39f366d71c47364dd13170cfe,2026-08-23T15:20:27Z,2026-08-23-3
2026-08-22T11:00,7f3c5a3be452dee15ca3f75d4411a1a5aa6660886c7300b82f2494cbda9c3c88,2026-08-23T15:20:27Z,2026-08-23-3
2026-08-22T11:00,7f3c9c1a25cc63c0231e55853327e66184226bf84132ba6d91143b7927e60df8,2026-08-23T15:20:27Z,2026-08-23-3
2026-08-22T11:00,7f42d0024562994f677c07f45c262ef338ac8da3777b6e08ac88998fa624867c,2026-08-23T15:20:27Z,2026-08-23-3
2026-08-22T11:00,7f45c36e61300d8edd4f5f910fab98c6adea4d3ebad125e0337cbabc41b54160,2026-08-23T15:20:27Z,2026-08-23-3
2026-08-22T11:00,7f5353232f4b451a60dd4b986e8411a788631827385b25c054b2fd41824a46ff,2026-08-23T15:20:27Z,2026-08-23-3
2026-08-22T11:00,7f6225b387c602d95ac8b77b7be64c3d1a9b923c9b88a805ddcc1eec7e4d1fe7,2026-08-23T15:20:27Z,2026-08-23-3
2026-08-22T11:00,7f6cdb26a074ac1a15f171bce4a8daf3b24698a95d2511e5ce892064fb4055e2,2026-08-23T15:20:27Z,2026-08-23-3
2026-08-22T11:00,7f768525daf55aabfdf2336c84b0302da21aaec37b51ffc1cbeefbfc9bebd6fb,2026-08-23T15:20:27Z,2026-08-23-3
2026-08-22T11:00,7f7971397da370cd2b633120649efcd2617cc13fa1109569ede5b84ab4839980,2026-08-23T15:20:27Z,2026-08-23-3
2026-08-22T11:00,7f7bb4489275f2157eb2584d2d8fbca99d37c9ac541408f24748da549290cf09,2026-08-23T15:20:27Z,2026-08-23-3
2026-08-22T11:00,7f7fd2466fe61ae34d10dbac5c5a888ecfb1b0bb558a1f78e7c5eea46b00e007,2026-08-23T15:20:27Z,2026-08-23-3
2026-08-22T11:00,7f9102717fb19b933dc90dbe75e9675c47762958f0391006a14a1eedbbc78f7f,2026-08-23T15:20:27Z,2026-08-23-3
2026-08-22T11:00,7f94beab5389532a9fcadfd544ec1e55e5201cecbb1ce24c2755041331e6c4d0,2026-08-23T15:20:27Z,2026-08-23-3
2026-08-22T11:00,7f9c11b627146d9097cc6f283e109dd1fb4f8d83bef11ea927296406377bc300,2026-08-23T15:20:27Z,2026-08-23-3
2026-08-22T11:00,7fbac0ca54c8ddd15c43e3d73e06b7bfa00c07642f4b06e77cc8588e3af409ae,2026-08-23T15:20:27Z,2026-08-23-3
2026-08-22T11:00,7fc2abcaccc61684eda288235bea046e19b24c1ac335135b6ccf71b6ba6393b1,2026-08-23T15:20:27Z,2026-08-23-3
2026-08-22T11:00,7fd5e4741cb6efc0080463f64622fe795582d4e85afafc853b00603e393f1d0e,2026-08-23T15:20:27Z,2026-08-23-3
2026-08-22T11:00,7fd7e01c8a2072063e13e4a3d8b4b6a4fb342b2958a4a33cce0375eb416a0091,2026-08-23T15:20:27Z,2026-08-23-3
2026-08-22T11:00,7fda7ddac79f0115fb5ecdfb6ee2cc4d371f2024f2392b52987807cb0d3d801e,2026-08-23T15:20:27Z,2026-08-23-3
2026-08-22T11:00,7fe87581e7885cd6e150dba046da637c7b24130261be43cd37b8ff5d6faf0a9a,2026-08-23T15:20:27Z,2026-08-23-3
2026-08-22T11:00,7ff12a29625a9e28638222cd879358f299cf43f1a6e4f6d7593ce6aaf57368ab,2026-08-23T15:20:27Z,2026-08-23-3
2026-08-22T11:00,7ff7a8c4064ad617246c46ee31fd9103ba75b8a842435f4b59b1436b39a6e0c0,2026-08-23T15:20:27Z,2026-08-23-3
2026-08-22T11:00,80010588254d6e41aaef194b07fad8c871b82564c1f9ac6f2c69060498d2e35e,2026-08-23T15:20:27Z,2026-08-23-3
2026-08-22T11:00,800671a6d41f3be8f6bfcadbf11082cc9469865f5f2c8f46ebdaf9893a2d8f4d,2026-08-23T15:20:27Z,2026-08-23-3
2026-08-22T11:00,80073978cf3e06a14d4b75a00ef064d3e31a409c7ea106cf8d444cc5afe19f94,2026-08-23T15:20:27Z,2026-08-23-3
2026-08-22T11:00,800836e70cb09cc2656cf82a67cde8213ce095b15a779832a032e112730d39b3,2026-08-23T15:20:27Z,2026-08-23-3
2026-08-22T11:00,800bb849e252d3ecd4e3b90ef5c99826af915423e2b55259b6463f48bf288819,2026-08-23T15:20:27Z,2026-08-23-3
2026-08-22T11:00,801088228ddd3ef20e9c5db52047c5a3c6800c52d913781d6f258c1f7c10832e,2026-08-23T15:20:27Z,2026-08-23-3
2026-08-22T11:00,80128a657db24a50d953dde43264e9cc6b275eed0b0d00960d01ef3bd74e9d6c,2026-08-23T15:20:27Z,2026-08-23-3
2026-08-22T11:00,804ea5476c77b228b74b4fca68e1320520b886abd846a040e5d369e20b827f5a,2026-08-23T15:20:27Z,2026-08-23-3
2026-08-22T11:00,80605906fea60f1ed8c1033b5c98f82999b3fb45ba6045110134d4c6fba19521,2026-08-23T15:20:27Z,2026-08-23-3
2026-08-22T11:00,8072cc5bc42e2e71a7324266031cb9377ac42a43dfbd947fec9c32f16099ce11,2026-08-23T15:20:27Z,2026-08-23-3
2026-08-22T11:00,807caffbde0e14794541714e84293d2b5f2b61a978dbf0364b04e19910a74681,2026-08-23T15:20:27Z,2026-08-23-3
2026-08-22T11:00,8081ae2f86925aae4221c4b6b739ec7e88a912b0f03d190da94272f66f25e5b3,2026-08-23T15:20:27Z,2026-08-23-3
2026-08-22T11:00,8088c1dfd69d52169d26c3ad98d416ee06b8c8b567835bffc63d0babec849503,2026-08-23T15:20:27Z,2026-08-23-3
2026-08-22T11:00,8096e855fee84c7dda723dac4bbeea629bd869cc459a7078d24a9ad0f9a49178,2026-08-23T15:20:27Z,2026-08-23-3
2026-08-22T11:00,809ece4ac8a07f2187fb7e17b368a98f2d97fc805ffa75832254c7e20448a0a2,2026-08-23T15:20:27Z,2026-08-23-3
2026-08-22T11:00,80a2f4014f1ccb0ca62a00347c1be7047b478facfcd1b5cf9cf67867619bafca,2026-08-23T15:20:27Z,2026-08-23-3
2026-08-22T11:00,80a3938684c737f3727477f8b741495cb83c3cc75a65d73f677ff6f4ace9a4af,2026-08-23T15:20:27Z,2026-08-23-3
2026-08-22T11:00,80b21b507c67f97e2497b6937982324088e4f2449d8b62a00c2d2268b92be403,2026-08-23T15:20:27Z,2026-08-23-3
2026-08-22T11:00,80b4f1e312f731de4cfd08b3da10169cdeebe9c8cd58a7dc188e8efa8e9c7238,2026-08-23T15:20:27Z,2026-08-23-3
2026-08-22T11:00,80b7965b893dda5318677cccda760a402e75b6fb8b0da5449c7e57f2c754ade2,2026-08-23T15:20:27Z,2026-08-23-3
2026-08-22T11:00,80bb274498f014601c3ba6589325d07573a15eb22433688b68460d2a4d187f2b,2026-08-23T15:20:27Z,2026-08-23-3
2026-08-22T11:00,80bccfbea26d2b70fe84927c6ca22d5613d0f8e5eba1984c62c93c91af08829f,2026-08-23T15:20:27Z,2026-08-23-3
2026-08-22T11:00,80c0be6725b1157df5bd6b73018069ea5bc45ea28dddd83cf3a1cec59e1cc4c7,2026-08-23T15:20:27Z,2026-08-23-3
2026-08-22T11:00,80cd47ba8ccc8d3a78857b1093c208d084c8d9a748acaddf98799a62281da50a,2026-08-23T15:20:27Z,2026-08-23-3
2026-08-22T11:00,80e7480f6e4f9842c2822c4e0490b469fdb54493dc71484d6e4ab3656aba119b,2026-08-23T15:20:27Z,2026-08-23-3
2026-08-22T11:00,80f73f1c1ed8f666b132e79abf7cc03b4eb301d44ae894da3169117487028bf5,2026-08-23T15:20:27Z,2026-08-23-3
2026-08-22T11:00,80f959ff9e3996d01de137b00f5a771bea64b49c894b717b67e2fd2a0fce2ee0,2026-08-23T15:20:27Z,2026-08-23-3
2026-08-22T11:00,811754ae5d0cce12755a758aa9e0de56c93ffd0b8d1d6e8e19d6b54dcb30c879,2026-08-23T15:20:27Z,2026-08-23-3
2026-08-22T11:00,811d0f866ea2091baeeb4d683a0f8e599c74174893b1b93d57447c98cf79bb61,2026-08-23T15:20:27Z,2026-08-23-3
2026-08-22T11:00,8122d27cb677794d2755c7155fdebf53fcda38ef03f1f72d71281ace86c72efc,2026-08-23T15:20:27Z,2026-08-23-3
2026-08-22T11:00,8125b5dd69d0a597ebb96258567e69924c5a9e6da22dd5f895a40e06783de9d6,2026-08-23T15:20:27Z,2026-08-23-3
2026-08-22T11:00,8132a51280403a1e7da917b3b03abdced3ba52deb3e6d55d01ab813e5c541eee,2026-08-23T15:20:27Z,2026-08-23-3
2026-08-22T11:00,8140003403dfba7ee95ddfe9c62e7349c82136b9c644b5386f6a4657106a5e0d,2026-08-23T15:20:27Z,2026-08-23-3
2026-08-22T11:00,814f04851dad79b0c2c08c4105a09a0f68ea1b31982778ddf320558351cc3f46,2026-08-23T15:20:27Z,2026-08-23-3
2026-08-22T11:00,815a4303a2348f452a611cf7fce17fda3503942875f63ceca7e1502379c3f0be,2026-08-23T15:20:27Z,2026-08-23-3
2026-08-22T11:00,815edfe6383208a72cfe7f7d043ea0afc2543b1ffb0ccb04372202c8f4eb8186,2026-08-23T15:20:27Z,2026-08-23-3
2026-08-22T11:00,817be1b64aeefb03765cd8b6046d2a1fae82862b506ec77993fc1d750646fe5f,2026-08-23T15:20:27Z,2026-08-23-3
2026-08-22T11:00,8182ad4d7487fd15ac6ee6f3cf5de329484fae26dce3a2e9296d4b5c0a8361aa,2026-08-23T15:20:27Z,2026-08-23-3
2026-08-22T11:00,818d143860cd1c52c300a06d5227746d08fb246d75db3b2d14950aa2f047eb9f,2026-08-23T15:20:27Z,2026-08-23-3
2026-08-22T11:00,81a665efcb32ae13d41e8520ac4052780d5a03f67d857f429c2f128d844d5a31,2026-08-23T15:20:27Z,2026-08-23-3
2026-08-22T11:00,81aea4b83b7a7a16ea5ce48dc3bbad29d8539542087c2bbc779b61404a30f5c2,2026-08-23T15:20:27Z,2026-08-23-3
2026-08-22T11:00,81b0b756abfb6cc1cd162971ec15be58842aac0de13c61cd28d7c1be4bd6f1ad,2026-08-23T15:20:27Z,2026-08-23-3
2026-08-22T11:00,81d73de8397fc363d3da66c4325ec15175e554a420a40b87a96e2d09360a3b37,2026-08-23T15:20:27Z,2026-08-23-3
2026-08-22T11:00,81dbba1ffc55df167cf79078a18e846bc88ccb2b17b617e81ab1f969f53735d3,2026-08-23T15:20:27Z,2026-08-23-3
2026-08-22T11:00,81e7f9741efcde08d5fba5699cdb84852a970945d60c86148e3d6583157a36c0,2026-08-23T15:20:27Z,2026-08-23-3
2026-08-22T11:00,81e9fc7df3c3ed13d9c91d0130c7504e96f10613ad9493e72ce65d638f5cc227,2026-08-23T15:20:27Z,2026-08-23-3
2026-08-22T11:00,81edb01431e729bfec10b053146515405c307f2f04e85969fe74d4036c5ca42b,2026-08-23T15:20:27Z,2026-08-23-3
2026-08-22T11:00,82130979c4c116fc235ee4143a1c4f42272951e5978f2bef34b2e595361a169d,2026-08-23T15:20:27Z,2026-08-23-3
2026-08-22T11:00,8228c79fb942425854ea7fe13123192078317acefde54718e9092ae8f1bd16cc,2026-08-23T15:20:27Z,2026-08-23-3
2026-08-22T11:00,822d447046029d58b913c3e50ffc6a8889d225a5b4b5aa0b20cc9653081da10a,2026-08-23T15:20:27Z,2026-08-23-3
2026-08-22T11:00,82356b62524ebed4e7f852b9e5755b76db7a45a2ab4bca40b59178a65fefa8ee,2026-08-23T15:20:27Z,2026-08-23-3
2026-08-22T11:00,8238d573858b8632ffde22d5f416248373c28d33121f18dcc3a2e9443da5b3f6,2026-08-23T15:20:27Z,2026-08-23-3
2026-08-22T11:00,823dcb7aad1e0990d19e68d824ca560650513a05ed19e1dc7e8e99e07ccfc780,2026-08-23T15:20:27Z,2026-08-23-3
2026-08-22T11:00,824b5ba22f1e74f57103cf97c6ccba2fd0427fcaf3709c76d98de2dd553286e5,2026-08-23T15:20:27Z,2026-08-23-3
2026-08-22T11:00,824ccc304cd9e8e466bf02eab1291cf3531644ca7c2ecd3a3ca69fc17a28cdc2,2026-08-23T15:20:27Z,2026-08-23-3
2026-08-22T11:00,825545ae532e4c1dfc9962da8be3516712ce99c5f99a3c04648f4e9cd751aad5,2026-08-23T15:20:27Z,2026-08-23-3
2026-08-22T11:00,82596cbcf9c716a665b47af63da8634ec5483f2b4aa89e564bb9aa0082df2904,2026-08-23T15:20:27Z,2026-08-23-3
2026-08-22T11:00,8273ab7145e089e500262c8e61851cee2f0ef2d486eb051e0af1c2d631fe0aa7,2026-08-23T15:20:27Z,2026-08-23-3
2026-08-22T11:00,82943ee2992925fadeddc0b1bb1ad6089c7a314e847fcd21fffe739bb62236a9,2026-08-23T15:20:27Z,2026-08-23-3
2026-08-22T11:00,8298f8118889435a22a02d67b54b58c578a131c38695badfdfe5c09c9100bc72,2026-08-23T15:20:27Z,2026-08-23-3
2026-08-22T11:00,82ae12751580dfc20e68b0c1e1d3a5dfd8d4df643cad80e2f96308140d9ef68d,2026-08-23T15:20:27Z,2026-08-23-3
2026-08-22T11:00,82b66d0a40003f6be42bf7d6e55b2c057a947390215b292e2da298aad4c9f6f5,2026-08-23T15:20:27Z,2026-08-23-3
2026-08-22T11:00,82b8111d8d1bf52c11e50cc15fb2a844c01d0e709ae9a209138e9048ea77eda8,2026-08-23T15:20:27Z,2026-08-23-3
2026-08-22T11:00,82bb795c13ae073c927bde05681f2cbf436e0b7f8f56bd601f9c063b25f77859,2026-08-23T15:20:27Z,2026-08-23-3
2026-08-22T11:00,82c232694e08317209a2e3bfe12424c5953a9be10faa7d460425775564ac2b00,2026-08-23T15:20:27Z,2026-08-23-3
2026-08-22T11:00,82d0922db7c19c851f9c05e271ceed014e204a6d86abb3efdc53a592b278a554,2026-08-23T15:20:27Z,2026-08-23-3
2026-08-22T11:00,82d5d77614e362b342b1308e7e4dd6d79ea9152eff84566278869a8dd4b9f017,2026-08-23T15:20:27Z,2026-08-23-3
2026-08-22T11:00,830cb52fd987688037ba72b3a1ffdd8992e5742c8c630a402ac3758a87ec96f0,2026-08-23T15:20:27Z,2026-08-23-3
2026-08-22T11:00,830cba7983f52e7a31206b9e444f252c7ff363ec829b2cc7725ebf0e5c99b69c,2026-08-23T15:20:27Z,2026-08-23-3
2026-08-22T11:00,8346460f624808366ba6d17ca1e4b1f2e8d5a10f68425b0e59ab52f5569e0f53,2026-08-23T15:20:27Z,2026-08-23-3
2026-08-22T11:00,834e2a5e023bbdc20c0801e1fdbc63cc162b05973814f216ed30eebcb94c966c,2026-08-23T15:20:27Z,2026-08-23-3
2026-08-22T11:00,835c8c73bf324f00b420a194d3adf6a31e1ba829d7255b7ac2505a207fe1ac95,2026-08-23T15:20:27Z,2026-08-23-3
2026-08-22T11:00,835e30debcf4d6ace19fec651b5fcb73520761bd66ecd2790afcc288d9b92285,2026-08-23T15:20:27Z,2026-08-23-3
2026-08-22T11:00,8364654290a0a682b47b78bbedba24dcb7fe5b52c14cf9c8dc0d0f358e652375,2026-08-23T15:20:27Z,2026-08-23-3
2026-08-22T11:00,837bb11566a211901c3a795624b90a1cf8aa44c26ed1cd08372ab4658ae7ece4,2026-08-23T15:20:27Z,2026-08-23-3
2026-08-22T11:00,83837d06e707a3e45c37d7f8ed0f1adb2c07eafe75aec8860edc262705165572,2026-08-23T15:20:27Z,2026-08-23-3
2026-08-22T11:00,8393c843a171d72369b2dfabe36ce65b3e11844d7844cfc40853fcf71ec3d4b3,2026-08-23T15:20:27Z,2026-08-23-3
2026-08-22T11:00,839e5aa1c7748d7bf152e31e703ed77548dbcb63078b9d5d1b51ce120720bb7b,2026-08-23T15:20:27Z,2026-08-23-3
2026-08-22T11:00,839f7a51d7b587ae6fb6fad7749706514391475c0a696dde71fbacdaca270ce7,2026-08-23T15:20:27Z,2026-08-23-3
2026-08-22T11:00,83a834f6928a70ba238b638000ba4b65d743bc04e3f70868f03d6fdbd7311b3b,2026-08-23T15:20:27Z,2026-08-23-3
2026-08-22T11:00,83b06e5afaa3d5a96620cd7644effc2ee0dd688cb7c0df7536953c7fa43f2bfb,2026-08-23T15:20:27Z,2026-08-23-3
2026-08-22T11:00,83b52eff995785c77c3735f4d3d190990fe982786afaffbe7d945314b443b361,2026-08-23T15:20:27Z,2026-08-23-3
2026-08-22T11:00,83bd83690d0944d5f488f6353f7ee9491a20adcb63c95acd0c3c9d075956cf53,2026-08-23T15:20:27Z,2026-08-23-3
2026-08-22T11:00,83beb5a32b71ab5a0a384983739fe04163c31283e87069283dffb61ccfa9b6a1,2026-08-23T15:20:27Z,2026-08-23-3
2026-08-22T11:00,83c123ff06ef08f5377518f9482ebb913f59246fbaa14d178e81300eef7224a8,2026-08-23T15:20:27Z,2026-08-23-3
2026-08-22T11:00,83c789f1d5a1ddd8053e2cb7a767cfcc7d8e6c767857359251059b81124e44c3,2026-08-23T15:20:27Z,2026-08-23-3
2026-08-22T11:00,83ce950ed9f1b53721b6846b724b00a20c0d06cd484065145b11985fd0501cb0,2026-08-23T15:20:27Z,2026-08-23-3
2026-08-22T11:00,83dbca91dbca39d9c0db538114a110faab6338c2f26685bcb7731fba2dd54d29,2026-08-23T15:20:27Z,2026-08-23-3
2026-08-22T11:00,83de0e51351da7f779bc412f0ddf59139918d92720ce0ac560bfa5d27b821fb8,2026-08-23T15:20:27Z,2026-08-23-3
2026-08-22T11:00,83ef0844a9237ea532a6b4b649e8b650c4d49c0b07557c041d04d0384bf719e5,2026-08-23T15:20:27Z,2026-08-23-3
2026-08-22T11:00,83efbec5f65021c795dc75a4db80ec731dc548050111182a2ff4459fa650564b,2026-08-23T15:20:27Z,2026-08-23-3
2026-08-22T11:00,83f0c6367485d4139a563403e69d59f5d249296a1d83fb34b643ac5514b11f80,2026-08-23T15:20:27Z,2026-08-23-3
2026-08-22T11:00,83fb5439cd58b2fc201eb19b5fc9eca5993fb7132fdb4eb111416f45df2623ec,2026-08-23T15:20:27Z,2026-08-23-3
2026-08-22T11:00,8400c6f1f47c8196dec147f176122fe123ada6e39cf19393cc2b52ba08f58d69,2026-08-23T15:20:27Z,2026-08-23-3
2026-08-22T11:00,840e28a9853523a9873c6e5710fc473e5f3c241336f963dd90085ad8cb361092,2026-08-23T15:20:27Z,2026-08-23-3
2026-08-22T11:00,841b4e2a79b2cbb57818447f04c68e6d0974f594b8daa220735dc7ca93e4ca62,2026-08-23T15:20:27Z,2026-08-23-3
2026-08-22T11:00,8421e097d4a4b1c30dc5f0aa456850cac86927fd45ca169af796bd402128023c,2026-08-23T15:20:27Z,2026-08-23-3
2026-08-22T11:00,8424a4e7a65d14260fdb33341765efa3222e8c6ea54cfb6120c27d26276bd670,2026-08-23T15:20:27Z,2026-08-23-3
2026-08-22T11:00,8431b973880dedc40f9ec5b08096af13757139ef2fcd70d0258908923dbb14cb,2026-08-23T15:20:27Z,2026-08-23-3
2026-08-22T11:00,843d9c0fd5f23ed11880a880ffb972d310e0d4d6a73cbf1267f3c051679720c4,2026-08-23T15:20:27Z,2026-08-23-3
2026-08-22T11:00,844888c94c82d5d34175a0a394d6d9b7e45c3d7356664b2e70a6c5ae52da9fb3,2026-08-23T15:20:27Z,2026-08-23-3
2026-08-22T11:00,8450eed8814c874729ef04db7c4dd3f00f9cf2f0934cfe4d1e14dc92cd1a00e2,2026-08-23T15:20:27Z,2026-08-23-3
2026-08-22T11:00,8463ff161f146f11b2154d646c2dfea604bb8a1b6d316d3bae32cbb1d4c76250,2026-08-23T15:20:27Z,2026-08-23-3
2026-08-22T11:00,846da04a626188c5b0817e91233f1eb12d678ac3a26dfedd668875c0a70544ae,2026-08-23T15:20:27Z,2026-08-23-3
2026-08-22T11:00,8484fb809c121c2d2260e464fcb517ecdeb6d2200a56f8459225475b837d9248,2026-08-23T15:20:27Z,2026-08-23-3
2026-08-22T11:00,8492de56b8998533a3a7f1baf5158d32be5789d863b316dd49f9641ca672ccac,2026-08-23T15:20:27Z,2026-08-23-3
2026-08-22T11:00,8499c87f8ca9c300d646568b96273705385cd0cb1dd31eb09341a86a330cef4e,2026-08-23T15:20:27Z,2026-08-23-3
2026-08-22T11:00,849fe8e3c147396eecc738939b7cc9451b99d01b556df7e542ec2d2bfa51fa4b,2026-08-23T15:20:27Z,2026-08-23-3
2026-08-22T11:00,84a08e83ca6eb8b281cca3ed8cceac1a999417c28bf8072d11604c5282b625e4,2026-08-23T15:20:27Z,2026-08-23-3
2026-08-22T11:00,84c2f0c556f5769354292a06cad2d1e4004db157326c0df1291278b5a868da70,2026-08-23T15:20:27Z,2026-08-23-3
2026-08-22T11:00,84c6cac9c60b0d00852500fb13fc356392b3ba86f7815f6dae48e0a096c489a4,2026-08-23T15:20:27Z,2026-08-23-3
2026-08-22T11:00,84c71f6d04dff9df4930c380cc887ccdde8251842d2ca64d0d93b31c7c06ae3b,2026-08-23T15:20:27Z,2026-08-23-3
2026-08-22T11:00,84c8885d7bbcc84de4bc74bd973f6fa96da6b82ecb64608619c5c4fa3634003a,2026-08-23T15:20:27Z,2026-08-23-3
2026-08-22T11:00,84cdcddd23c388b0689bdb660f0094a43dd63dd6bbc29e81a69ff28b95251ddc,2026-08-23T15:20:27Z,2026-08-23-3
2026-08-22T11:00,84e7663208e24755726120d650b172d1e2c13059be9d6e310101c2f9c57887c1,2026-08-23T15:20:27Z,2026-08-23-3
2026-08-22T11:00,84eacd1e59c223b43f9d53fb28c3a6e52a9bbfc93fefda7f5b304b725489d2b8,2026-08-23T15:20:27Z,2026-08-23-3
2026-08-22T11:00,84ff3a06ca522fc6881a22a0829d1a78fe13a32ca91a68694ee5c60feb554211,2026-08-23T15:20:27Z,2026-08-23-3
2026-08-22T11:00,85020467db5d6b2aae23b216960c692d44bfce4a5c1e76ec97c0f563b97bf950,2026-08-23T15:20:27Z,2026-08-23-3
2026-08-22T11:00,8502f6942588b5ab33b4d12c47cf69b4f3a4dff4e0636d365e15646c1f49f7f9,2026-08-23T15:20:27Z,2026-08-23-3
2026-08-22T11:00,8504921d9f488d5397e74d0914e759d81bc58d0949e59f1391dc23ba9f0f6709,2026-08-23T15:20:27Z,2026-08-23-3
2026-08-22T11:00,85050bba91a1e8cc48cdc5539e2e9cf74b9424947158837916ecf474bf54baa9,2026-08-23T15:20:27Z,2026-08-23-3
2026-08-22T11:00,850956864c75cd844d6fb0714f4183f25123f5cc13d3a5563dbd2d2ac12ad256,2026-08-23T15:20:27Z,2026-08-23-3
2026-08-22T11:00,85129754beb7638fb4c900627df2c03227f1291fcddc4481f3adbae7cac5408f,2026-08-23T15:20:27Z,2026-08-23-3
2026-08-22T11:00,8529d379557d15858574cd02434169950d8e56ac8e5458c6e28d94862928528c,2026-08-23T15:20:27Z,2026-08-23-3
2026-08-22T11:00,852b8aca396645168ecc07d335abcbe42b63f04d43396471c33a32432f50a276,2026-08-23T15:20:27Z,2026-08-23-3
2026-08-22T11:00,8530f5b0e216eb6d9b20d6e847ffc8924e42a02f21a21912a85abec4e3ead0b0,2026-08-23T15:20:27Z,2026-08-23-3
2026-08-22T11:00,8549f9ed22c455abd8a6172cb18ed725b52ff4d462da930d922da84d534ed2f9,2026-08-23T15:20:27Z,2026-08-23-3
2026-08-22T11:00,855db08b75f6ecdec51e99c29ae69891f728d628f1aaf51e27e6f4497ca596cf,2026-08-23T15:20:27Z,2026-08-23-3
2026-08-22T11:00,855f9581e7e6a2ac427bb04f9b87317d1988f040d392907b9f1cb3c06faaee63,2026-08-23T15:20:27Z,2026-08-23-3
2026-08-22T11:00,85644f309938e526a616ea9301b2d502921fd9681241765c4b50c4af11b70ddd,2026-08-23T15:20:27Z,2026-08-23-3
2026-08-22T11:00,85771c0fe867964da36e52080cd3f3b738e6a4146fd1c07384e5260404a36f6a,2026-08-23T15:20:27Z,2026-08-23-3
2026-08-22T11:00,8596260b606fbb2e09127fe605603deaff24b040d77db54553c03edfa41f53bc,2026-08-23T15:20:27Z,2026-08-23-3
2026-08-22T11:00,859cdcef3df01ae8d929e50b9f9da9f8126fe435aacd0a43ca0bd2b8ba0b3f21,2026-08-23T15:20:27Z,2026-08-23-3
2026-08-22T11:00,859febdd36b4ab8dbe08ba5264258fccd78c6fb08f7dc7633d191512659d395d,2026-08-23T15:20:27Z,2026-08-23-3
2026-08-22T11:00,85bbe066139c673fbb76100cb1fdc799a4934b143ae08653b13f32f65d0d96ec,2026-08-23T15:20:27Z,2026-08-23-3
2026-08-22T11:00,85cdf0194016f23c8c8e14629ed8c7dc375694eb6475d7ffc7b8d3da4d6f3200,2026-08-23T15:20:27Z,2026-08-23-3
2026-08-22T11:00,85d4d67634d857ff2860b80fafaae8e3bf59d7a97462fe1e63533d789442c56f,2026-08-23T15:20:27Z,2026-08-23-3
2026-08-22T11:00,85d5cabda8c7c54ceb3c63169defbcce6216526734f923526cbf6f95de4140df,2026-08-23T15:20:27Z,2026-08-23-3
2026-08-22T11:00,85dee42ba2126f5045a3fa5d2e3f0bb6940ce243c1ff4a0e76c86e38c9569c21,2026-08-23T15:20:27Z,2026-08-23-3
2026-08-22T11:00,85f328dc9e3e77b77caf4ce627b56e3abbda047477882826cf79233c7c3c13f6,2026-08-23T15:20:27Z,2026-08-23-3
2026-08-22T11:00,85fb34cb0127dc8e72c86bbcecbfbf8045dc92014375fb06c07b6caee6b44146,2026-08-23T15:20:27Z,2026-08-23-3
2026-08-22T11:00,860468c0dd90efeb4975f90f57959732c343dfb4c857b4fc68de98d84379a87e,2026-08-23T15:20:27Z,2026-08-23-3
2026-08-22T11:00,8604e907a24fdcd255781b4208071c9cdd2d462ab494914f04fb081a6ad75d9e,2026-08-23T15:20:27Z,2026-08-23-3
2026-08-22T11:00,8618d3350ffcdb5da9674833063e8cfd78471adc5f6a9713f5262c2bc02eaf10,2026-08-23T15:20:27Z,2026-08-23-3
2026-08-22T11:00,86193e18c8a1b500e4fb228e0acb520e3eeb8ccc40cc850df9eea8ee34227ea1,2026-08-23T15:20:27Z,2026-08-23-3
2026-08-22T11:00,861e17c59b85d04b8013e53e2f9cc3bc393af5753ca2f8322dcac753784ab9c5,2026-08-23T15:20:27Z,2026-08-23-3
2026-08-22T11:00,8638495b5d0fe4146f7b94e1875bdc2081285cce58a4a178113cf9d65b4e6751,2026-08-23T15:20:27Z,2026-08-23-3
2026-08-22T11:00,864c0a18ef8a5ccd260356858c2111c7aa8ce9dbc994a9e07542c5d60c543f39,2026-08-23T15:20:27Z,2026-08-23-3
2026-08-22T11:00,864c7737702a8be15f84a19d8954dcf6ce4f0bb051ac8096f0cbe1100029e124,2026-08-23T15:20:27Z,2026-08-23-3
2026-08-22T11:00,8650470903b50cd275afc2f93c893d2318e4d3648161cce86f74be568bb89176,2026-08-23T15:20:27Z,2026-08-23-3
2026-08-22T11:00,8654a8fa015057f9d52f1a3e2205ea84372e3cac51d61518b3b108f26804e116,2026-08-23T15:20:27Z,2026-08-23-3
2026-08-22T11:00,86685a01860027dee20e60a45cb25bcdeb9ca725ffe4daa8835ba6c6e332ff59,2026-08-23T15:20:27Z,2026-08-23-3
2026-08-22T11:00,86802cc0e7aa85dd7e68393d5044dbbeab22d3b4ddb22c44d0dc5c13fec985b6,2026-08-23T15:20:27Z,2026-08-23-3
2026-08-22T11:00,8685a8cb1dcd016716dfd3cf511710c263f7f15bc0cbeb56bcd8e68192485324,2026-08-23T15:20:27Z,2026-08-23-3
2026-08-22T11:00,86a1c317a7e6fea9e3d155f8a44a777f7cab4ecc2035ca9053a45c2571ce3584,2026-08-23T15:20:27Z,2026-08-23-3
2026-08-22T11:00,86a2f22779894765b49d19a4486851a6aeda6fb43d08cc67bd7f7b2ba5441663,2026-08-23T15:20:27Z,2026-08-23-3
2026-08-22T11:00,86a33ba5da3250eeee520d08df0b178369f70f78060b8ddffe26b653565b03b6,2026-08-23T15:20:27Z,2026-08-23-3
2026-08-22T11:00,86dc72b72ef208a6f530c7d833d3f6c6660cdd7a4b4c07056bd5ec857fde51cf,2026-08-23T15:20:27Z,2026-08-23-3
2026-08-22T11:00,86de055bce5f7dab38bba93939997e74ae10f04ac15fe954e6fad9020bdc3b80,2026-08-23T15:20:27Z,2026-08-23-3
2026-08-22T11:00,86e6f5324e4c2aabf802cc126fcfc55360131a3f7507e185a66343800e61ddbc,2026-08-23T15:20:27Z,2026-08-23-3
2026-08-22T11:00,86ea49ebbad39a2ea900c8e872bdf4aa9b7e411a402df25e0726b07b924355e9,2026-08-23T15:20:27Z,2026-08-23-3
2026-08-22T11:00,86fb2e5f11412f838b7f9e591da5cc6297a6d99d680b4e60b339c96bd17521ed,2026-08-23T15:20:27Z,2026-08-23-3
2026-08-22T11:00,87129c1bb886f6d9ae830f233b62d17c406f2e5f5cbb5c34b7ee077a3ee4b51b,2026-08-23T15:20:27Z,2026-08-23-3
2026-08-22T11:00,8714ff6110e1a035ea1b18b1d7a14958c6805bc105e0970c5b4690e5a8c36073,2026-08-23T15:20:27Z,2026-08-23-3
2026-08-22T11:00,8716fa66a3a545f571d81b0ab85bdc7dbc91249c3c776853e3e3fc2125a01b0a,2026-08-23T15:20:27Z,2026-08-23-3
2026-08-22T11:00,87302b29cb3dca8fe97227e8fe841f60ab07bcfa835eb9e1db211f54bcea6ad0,2026-08-23T15:20:27Z,2026-08-23-3
2026-08-22T11:00,8737fe270bb559f8f441a451a0f0ec922676d9e44150e3a6d17989a6f98f2f6a,2026-08-23T15:20:27Z,2026-08-23-3
2026-08-22T11:00,874479c18fb32930c98653c28916fa7024c8be6aa2551700ce39ab2a63f62306,2026-08-23T15:20:27Z,2026-08-23-3
2026-08-22T11:00,87477ad8b4769c320a36fbf1144f10f3ef8c299b1383f917ef4a03e23deaf30e,2026-08-23T15:20:27Z,2026-08-23-3
2026-08-22T11:00,874af3e8022b65a12a2237f1253e0cec7711f66dafb2b8c56b27949c09805eac,2026-08-23T15:20:27Z,2026-08-23-3
2026-08-22T11:00,874dd2c7317a726d66d9d06e4ea46c5199f70a4b6828bc26b1c707de181e37c2,2026-08-23T15:20:27Z,2026-08-23-3
2026-08-22T11:00,875befc076d18fa39db9fcdd5d6c776ca163d97f45b1fcc7376ccf173915067c,2026-08-23T15:20:27Z,2026-08-23-3
2026-08-22T11:00,87614598de316e52d183b6ea77da03780927ebac534e5bb731892a0d3c955191,2026-08-23T15:20:27Z,2026-08-23-3
2026-08-22T11:00,876ae2f8665e33708f829f407ac2ed19866bdb2c9420411bda4cf0ea6ef51d97,2026-08-23T15:20:27Z,2026-08-23-3
2026-08-22T11:00,8770db82f82c9f3cb6b6e7a062d9c43708a4296962f468173dacee1f6449b91d,2026-08-23T15:20:27Z,2026-08-23-3
2026-08-22T11:00,877673e6a812335399595da38ad963b54f059c2038f6f2f3394581747b019bef,2026-08-23T15:20:27Z,2026-08-23-3
2026-08-22T11:00,877c441abbd05047cb2abf362957734fc6b26ae380fb0155730c89eeb2bd1450,2026-08-23T15:20:27Z,2026-08-23-3
2026-08-22T11:00,8785c8b3cffc81a041a5573cd53291ada064d566d5af97b2d73955e5e81d659b,2026-08-23T15:20:27Z,2026-08-23-3
2026-08-22T11:00,878b3b60e9d0121512683c5ca322567009d7461364784a8eb47e853ec49242ea,2026-08-23T15:20:27Z,2026-08-23-3
2026-08-22T11:00,87b0b560304b5b6f87b163f538b44ea5121568bd9db012971833b6ff69a53ecc,2026-08-23T15:20:27Z,2026-08-23-3
2026-08-22T11:00,87c50a131732d75681360106d208b1afa6ff757ddbd6306a38e398552ee0719f,2026-08-23T15:20:27Z,2026-08-23-3
2026-08-22T11:00,87cdfd7beb0fc0df7f98c4ba45777b6250acef36c7cec18fa29d9e3866172f80,2026-08-23T15:20:27Z,2026-08-23-3
2026-08-22T11:00,87d79ca32291e126a54dd43235c4142913180c130eec3a471cba518203a05d57,2026-08-23T15:20:27Z,2026-08-23-3
2026-08-22T11:00,87ead753118906ce1882f9132a013b3268f6fbb1926b55eabe1855d2b4713342,2026-08-23T15:20:27Z,2026-08-23-3
2026-08-22T11:00,87ee32c044ebf3a46e72a0011c677256da4a3f7ec7361b2f355f017046856ab4,2026-08-23T15:20:27Z,2026-08-23-3
2026-08-22T11:00,87f12a8766a2824326fa8ae51c24383a537f1528cff815d957e7f31a082a3c0a,2026-08-23T15:20:27Z,2026-08-23-3
2026-08-22T11:00,880638aa77e3a8eefa341b023e332dd0f4e70087fc9b56b17c0233459360dc1f,2026-08-23T15:20:27Z,2026-08-23-3
2026-08-22T11:00,8817d38ba94b2093768b8d1eaa894f9161e209e7298f3f043cc038b13a4a5304,2026-08-23T15:20:27Z,2026-08-23-3
2026-08-22T11:00,881e79a7db84e4ddaf6247a699971feeb5d06fe3ca4100655fb27238758c3e7f,2026-08-23T15:20:27Z,2026-08-23-3
2026-08-22T11:00,8824056c34dfc4dcda3cf9fbbd88f47d04e1be8eac8520d1e84aa491417336a3,2026-08-23T15:20:27Z,2026-08-23-3
2026-08-22T11:00,88447d6f9c7e6d7ec1490ddd37212433985f30139212cfa7abcf03e920560ca4,2026-08-23T15:20:27Z,2026-08-23-3
2026-08-22T11:00,884aaaa8e6ec219852439e10ee1a54dba3288a6f93508404d196c16b337b501f,2026-08-23T15:20:27Z,2026-08-23-3
2026-08-22T11:00,8855719404fbbab886a39660903d24eaf593df8646a45f09da6ec7ef44b940d4,2026-08-23T15:20:27Z,2026-08-23-3
2026-08-22T11:00,886f77c451d2576e29d0545f253149800847b3ccf50d95d06697768896e0249b,2026-08-23T15:20:27Z,2026-08-23-3
2026-08-22T11:00,88747408a554c7382032c12fa9aff669f1d3b7a98ad0544a6469f368ad5a4112,2026-08-23T15:20:27Z,2026-08-23-3
2026-08-22T11:00,88928f8c13e88687f72ac98e8fa35b98172b83107a18baae24ea1181adfa5146,2026-08-23T15:20:27Z,2026-08-23-3
2026-08-22T11:00,889a8e6d0a1899c24612ba261b84e0a6a206bbdd4486a6968ca8781d35c6c85b,2026-08-23T15:20:27Z,2026-08-23-3
2026-08-22T11:00,88a14177a3cd22d160dbbc3dede39e2f8ff77457dc4e0470758d36b60d4adfa1,2026-08-23T15:20:27Z,2026-08-23-3
2026-08-22T11:00,88cd015d9ace2e59ab4ff85b587758b211dc2b29fa67f035fe1096adbff137e2,2026-08-23T15:20:27Z,2026-08-23-3
2026-08-22T11:00,88d1e1942d635507ea3d370c18078cff6539e917adc1240e1b83f5488a419e0a,2026-08-23T15:20:27Z,2026-08-23-3
2026-08-22T11:00,88ddf88be5ce31572eda14285dfa718a4ab04f609663ba368a78945ff8c8c6e2,2026-08-23T15:20:27Z,2026-08-23-3
2026-08-22T11:00,88e99ce4204ef142f13201b8f9067b1777a502497839a735127ab22ce147d9bc,2026-08-23T15:20:27Z,2026-08-23-3
2026-08-22T11:00,88ec0c5b8bc64d8b9614daae03c953613c68176c5f82c92052cebbede2db57a6,2026-08-23T15:20:27Z,2026-08-23-3
2026-08-22T11:00,891d30931d4ac54bf24d3864a7980b3d935ba1b347d5045aa1ea8c7b7f0e4984,2026-08-23T15:20:27Z,2026-08-23-3
2026-08-22T11:00,8923d45dceb3f05642023fe7b9ba2f54a05c9ddac028581bb298e1be708e88c5,2026-08-23T15:20:27Z,2026-08-23-3
2026-08-22T11:00,892e6ef364f291a3237ebeb0d4a687211b5d0ce3e05585fbb5aa735f72aac676,2026-08-23T15:20:27Z,2026-08-23-3
2026-08-22T11:00,8934ba6cf6c5c031e6e74d1d346e404de2576b2555ad0a701b6fbe58ebbbce7c,2026-08-23T15:20:27Z,2026-08-23-3
2026-08-22T11:00,8939013f174d0f1ef212cc98ed814967cb684e07c56b68fc93d836e0db47ea9d,2026-08-23T15:20:27Z,2026-08-23-3
2026-08-22T11:00,893d38023f9e418c9b346ff2e6ac33e9636c6188496deb3eafcfe372a60d350a,2026-08-23T15:20:27Z,2026-08-23-3
2026-08-22T11:00,8947b05929e2a3b53e3a3d664eecf485e4e8b8d826deb629a63094700d82a75e,2026-08-23T15:20:27Z,2026-08-23-3
2026-08-22T11:00,8947e68b0f48f5948b8d16df2a7e2c33c1caf16b6f253914b38ed4d4ea7f776d,2026-08-23T15:20:27Z,2026-08-23-3
2026-08-22T11:00,8961949ff68916c066c183eb67b78e1cb7795b88223a90552247584b588ecf65,2026-08-23T15:20:27Z,2026-08-23-3
2026-08-22T11:00,8972018af1bbe504f2dce2e9db87b7d395fd1aea9336103876c43ec49f98b540,2026-08-23T15:20:27Z,2026-08-23-3
2026-08-22T11:00,897718e1a5656ca3b725c682084fd41166dce4a528ef4d72f27246a2cbdecd0f,2026-08-23T15:20:27Z,2026-08-23-3
2026-08-22T11:00,898f9330c58b21d60e01906f5957073195ffa7ef41815c51548cf10ee8d401c3,2026-08-23T15:20:27Z,2026-08-23-3
2026-08-22T11:00,8993ec02d222c6c68f02ad3e91833b277c2d6d92ad7e80ea5f4c2d9055fb31f4,2026-08-23T15:20:27Z,2026-08-23-3
2026-08-22T11:00,89a221162f32c17ddc19377e1b50b84e5b55da0e618a54b1edad14a99c1e4792,2026-08-23T15:20:27Z,2026-08-23-3
2026-08-22T11:00,89a641f0f02d928515ec9da7d9424dff36076484617461643100a8e914ca5dd5,2026-08-23T15:20:27Z,2026-08-23-3
2026-08-22T11:00,89bffd91b9aebd89c44e90148867e798e1f390ada5fab36fde4e9895bd0200e4,2026-08-23T15:20:27Z,2026-08-23-3
2026-08-22T11:00,89d0225d383c7f9cc96e2ccca6d065cd062b8d23ceb1ef434289cfba153dd10d,2026-08-23T15:20:27Z,2026-08-23-3
2026-08-22T11:00,89d1390f755537040db3f55b4dd845a57d06b450dfc5a9f1e49b56463b3af541,2026-08-23T15:20:27Z,2026-08-23-3
2026-08-22T11:00,89dc2e421676df510878785e5f31b8f63ce1bd4b9e6e02a8a98ffdae05b4bb8c,2026-08-23T15:20:27Z,2026-08-23-3
2026-08-22T11:00,89e7c92b661d65079653fb066b8b4106a727f63dd4a15b299b7e20f6d891c620,2026-08-23T15:20:27Z,2026-08-23-3
2026-08-22T11:00,89ed49981586ff9ca7d1ad183174e879c4f6054392497346bd35cbf42b9cfdda,2026-08-23T15:20:27Z,2026-08-23-3
2026-08-22T11:00,89f66b312043d7ab9369a4cc5350e2df1c8101d3f29617ec34ee637e4ea99328,2026-08-23T15:20:27Z,2026-08-23-3
2026-08-22T11:00,89fc19ba391316941e52a84671865b4872f3da70e3214ac31ddee98d48afdfc6,2026-08-23T15:20:27Z,2026-08-23-3
2026-08-22T11:00,8a07450ee9ed9a25c88d8c58c39d09d1699cfd5d337a1d913689e31572759759,2026-08-23T15:20:27Z,2026-08-23-3
2026-08-22T11:00,8a0ab2f2f7fd8463cccd66277891db651a6e0a41485743ccd771168c619c787c,2026-08-23T15:20:27Z,2026-08-23-3
2026-08-22T11:00,8a0c119b1560b2d252963e2c5d72b893b5e459aaeedef098d83a410b1c685c9c,2026-08-23T15:20:27Z,2026-08-23-3
2026-08-22T11:00,8a134cc8129b5b6614eba0f2bc23f351866430daeea0c0dedb444802cadbe447,2026-08-23T15:20:27Z,2026-08-23-3
2026-08-22T11:00,8a1948cc7f7c09c4f31d99f710bf7d0ffb4b1c085f62db58d829d8ecfb4cdcc0,2026-08-23T15:20:27Z,2026-08-23-3
2026-08-22T11:00,8a25b441c338751efe26b5321e134ccd9e09fdfb1982acf0e87c84f1d0fe9468,2026-08-23T15:20:27Z,2026-08-23-3
2026-08-22T11:00,8a2842940024a2f765fd95ab4ec9049d3321e5aa16af972ca32a0233cfdf72fb,2026-08-23T15:20:27Z,2026-08-23-3
2026-08-22T11:00,8a292f3e3fd39914cefe84e4a31c7b549c27da2954032d79c4ea0848464220ab,2026-08-23T15:20:27Z,2026-08-23-3
2026-08-22T11:00,8a3cbc52283c43e515c39693ba98d80675dd6051093b2d47411d7d3fcc05fa5e,2026-08-23T15:20:27Z,2026-08-23-3
2026-08-22T11:00,8a4879219e6f61b52ffe7575df4cd6cebf3a4c4e339be58eb0d30f6c0e7228f5,2026-08-23T15:20:27Z,2026-08-23-3
2026-08-22T11:00,8a489ad127ed488ecccb7d80fd6ce083cddd3718b237b445a653e0300586bc20,2026-08-23T15:20:27Z,2026-08-23-3
2026-08-22T11:00,8a49ed86b7a0c6d0fd7c9a433fb85be005c95e1a688b8074b4b9c2f4b6e43835,2026-08-23T15:20:27Z,2026-08-23-3
2026-08-22T11:00,8a56519e7a9ecbb96314e565018ee681df13b93e51196ddb5135e4fea8f4501d,2026-08-23T15:20:27Z,2026-08-23-3
2026-08-22T11:00,8a68c4ca684daf2b73aa88112e1a860e71531ca51050ea445d15dc14a1c78d43,2026-08-23T15:20:27Z,2026-08-23-3
2026-08-22T11:00,8a72adde7a45a1749babd9671d880012a217d9d9b856aa6ecc50306339a9e5dc,2026-08-23T15:20:27Z,2026-08-23-3
2026-08-22T11:00,8a75c2f881c91ce65de001bb646f3562fc75342fb533da00a549bff5612beca5,2026-08-23T15:20:27Z,2026-08-23-3
2026-08-22T11:00,8a7bec3e208741b4f9de7683482c2b95f84e5e0182ab0540a691dd0fca059942,2026-08-23T15:20:27Z,2026-08-23-3
2026-08-22T11:00,8a8601b30dd910cc816f9fa480fa0e35c54c207c03a9d5352126640837ee966a,2026-08-23T15:20:27Z,2026-08-23-3
2026-08-22T11:00,8a86c8f47bea00b4573ccf38dcda330c245537760ec5357e0bcb4af253507320,2026-08-23T15:20:27Z,2026-08-23-3
2026-08-22T11:00,8a88809449be1295d121b107ca4eb0558a0b02ed3453e5be280eb1d638ededa8,2026-08-23T15:20:27Z,2026-08-23-3
2026-08-22T11:00,8a924fa243d4c3392e0cbfe023e464e976e397aaa8e3d7f7fa2f1197cf09e501,2026-08-23T15:20:27Z,2026-08-23-3
2026-08-22T11:00,8a978fbdf4439512621584ee218f309bd044a55fd7512e5c747c3799b4681143,2026-08-23T15:20:27Z,2026-08-23-3
2026-08-22T11:00,8aa0baaf6d8862fc34d05ab1c7c1058c3b21c573197212161f4980866dbeb92e,2026-08-23T15:20:27Z,2026-08-23-3
2026-08-22T11:00,8aa3995257e24dfae3e7122a6da0eb1f2ca1471435ee81d6559eb597b9b04914,2026-08-23T15:20:27Z,2026-08-23-3
2026-08-22T11:00,8aa91cc7b5b14a429f11c8a91185cf86b93d51ecb7809586cb5588bf60174889,2026-08-23T15:20:27Z,2026-08-23-3
2026-08-22T11:00,8aacaeb1b7b1bd06c412b6db0da7c96f93e981f23b1ce3ec3772790d5ef74d19,2026-08-23T15:20:27Z,2026-08-23-3
2026-08-22T11:00,8ab19f382a960a0b4cb185fa9f40c46add1ee2a8ec031a9b7c2b6d0e6202ac8d,2026-08-23T15:20:27Z,2026-08-23-3
2026-08-22T11:00,8ab5c8412f1e519f4ed67101b5f1c11e938cfee2cebf9b36dcbe480786439cf9,2026-08-23T15:20:27Z,2026-08-23-3
2026-08-22T11:00,8abaeab766a0cb03499ea98789f738cc0152015efcaf17ffa77eec7e40f12ffb,2026-08-23T15:20:27Z,2026-08-23-3
2026-08-22T11:00,8abb4ea7fb6f10a399917f53adae55cf1e7ebd28189913a258b033966c023723,2026-08-23T15:20:27Z,2026-08-23-3
2026-08-22T11:00,8ace9587a2b910d793ca265db9631bf32e455b1034b76fca652c37489ad0c8fc,2026-08-23T15:20:27Z,2026-08-23-3
2026-08-22T11:00,8ad59e7ce08f52db85faf91d453a3a89765aaa7d504dd6a9ab1a1d27a783ad37,2026-08-23T15:20:27Z,2026-08-23-3
2026-08-22T11:00,8adacac363ca157f3e6b63ac5d2619b91648057622511a94023fa8d6b3cd3023,2026-08-23T15:20:27Z,2026-08-23-3
2026-08-22T11:00,8aecfe11a06dd5251bd1f7413ecff46710edd16e1b89cddc0daeb9047d6e0792,2026-08-23T15:20:27Z,2026-08-23-3
2026-08-22T11:00,8af32fc3821dbc7dde79254fdea5a13972d52c1b19404302c6dd5e32d18ed2fb,2026-08-23T15:20:27Z,2026-08-23-3
2026-08-22T11:00,8af4254227933662740db2df54b8da4bc39e3bf38e3b07b97abc57aca3ba3b87,2026-08-23T15:20:27Z,2026-08-23-3
2026-08-22T11:00,8afdb503cc5635992639a26513506f28523b4a0b75bbd01a7786187c3b0eba2d,2026-08-23T15:20:27Z,2026-08-23-3
2026-08-22T11:00,8b17c02af1c5b52251f071cf5485aa5e95ba58992217176c55df7486417c7734,2026-08-23T15:20:27Z,2026-08-23-3
2026-08-22T11:00,8b24d51ca38decccd5033ea05b5565ccd37bdf414ab70ef24cae2f2da52d60dd,2026-08-23T15:20:27Z,2026-08-23-3
2026-08-22T11:00,8b389324d58a0bf32657ace5df1c813da4b4c8bc683c534cc8546604074e12af,2026-08-23T15:20:27Z,2026-08-23-3
2026-08-22T11:00,8b61f6da006078ef199f4577b50f6f709f9dcef7dec21b0d1ae8a121b78404cf,2026-08-23T15:20:27Z,2026-08-23-3
2026-08-22T11:00,8b68f8a49bcea05a3f711f4144864b8d63fe776c321e4822392cb4702b894e39,2026-08-23T15:20:27Z,2026-08-23-3
2026-08-22T11:00,8b7276cd935e31848cb57a8aac9e48c315da2446e84648221210a49f42dfe58a,2026-08-23T15:20:27Z,2026-08-23-3
2026-08-22T11:00,8b98043b5da48e0bd5249d29bd73435ef142cfadce368b6d370e227efef9882e,2026-08-23T15:20:27Z,2026-08-23-3
2026-08-22T11:00,8ba0117c07034ea6295bde90bd12e90df7f50c4278bcc4a3e201b3e1b1d8e049,2026-08-23T15:20:27Z,2026-08-23-3
2026-08-22T11:00,8bac2d41a35cb57300da336ad6881590de910748cc33a1c2a92132edade68555,2026-08-23T15:20:27Z,2026-08-23-3
2026-08-22T11:00,8bc0fb410c90a3e0408dced58e09d9d6e21e4db235b60c68af57a66e3d11df40,2026-08-23T15:20:27Z,2026-08-23-3
2026-08-22T11:00,8bd68c417b0e5b69ba3d89f5f65973313ac6f911c8ca725a48168e7c9788a8e4,2026-08-23T15:20:27Z,2026-08-23-3
2026-08-22T11:00,8be9ad03ede497ecad7f895c4a3d56bb84b096b36e20954f18080816cd53ebb5,2026-08-23T15:20:27Z,2026-08-23-3
2026-08-22T11:00,8bf51368edb9862697a48ee4fdd1fd575d15d565ef371098472fadb360f0380e,2026-08-23T15:20:27Z,2026-08-23-3
2026-08-22T11:00,8bfaf0e032be806a4a6645baa20b90db622f569aca3751c87fbba2e65d807fb2,2026-08-23T15:20:27Z,2026-08-23-3
2026-08-22T11:00,8bfefe8ddb40ea64cc1418d648c8eba83867db409a85215a2ebf234a6f520cb8,2026-08-23T15:20:27Z,2026-08-23-3
2026-08-22T11:00,8c00935fe75d3dbad7e33582ff4c4284e70a7dc636ff731af47b28d7559d6e17,2026-08-23T15:20:27Z,2026-08-23-3
2026-08-22T11:00,8c2a22c12e1ef23d8c988080a246c0e2d22489b3cd122eeadb6130ce901418f8,2026-08-23T15:20:27Z,2026-08-23-3
2026-08-22T11:00,8c2e702e88b54a7b00300118c573b363da1abbc6c4b387867bce04cf21e41d45,2026-08-23T15:20:27Z,2026-08-23-3
2026-08-22T11:00,8c3fa077816fbcf9529b511011c5fce4711b91ddd09d71e564b19b561cd54f36,2026-08-23T15:20:27Z,2026-08-23-3
2026-08-22T11:00,8c719993c52e12c423ded9ab8a1625567c8f0d9c827383b3cf8fdcfe0a140b18,2026-08-23T15:20:27Z,2026-08-23-3
2026-08-22T11:00,8c77b56557d060c826535cf04f752f22c1ffc617968793adaf103f35479b93bb,2026-08-23T15:20:27Z,2026-08-23-3
2026-08-22T11:00,8c83abebf409cc23cf84f633ff43279a08e463f30f3a13f2393cf6fc566eb5a4,2026-08-23T15:20:27Z,2026-08-23-3
2026-08-22T11:00,8c84b8422093501f70949bd22bf22e1095425b8169a234b3becdc19e77008965,2026-08-23T15:20:27Z,2026-08-23-3
2026-08-22T11:00,8c8b67d910ad96cd3cecbfec882bf8be7aa3b3cedc6aa5e9a3d6c5a2a4891bdd,2026-08-23T15:20:27Z,2026-08-23-3
2026-08-22T11:00,8c934ea8e6c71e3ea53428cd19909af01db3f735db2881dc5cc9251bba4ce640,2026-08-23T15:20:27Z,2026-08-23-3
2026-08-22T11:00,8c9a1e482ebeaf1e6c025b004c30cf2cfdf09546b13f26cfa68b488d0a7b5e5b,2026-08-23T15:20:27Z,2026-08-23-3
2026-08-22T11:00,8ca1e3cac2d5e46ff5aa031c4e1b540ddfae59a75e36f426fa881de017b8f055,2026-08-23T15:20:27Z,2026-08-23-3
2026-08-22T11:00,8ca3a796c5872543e62ea1537987aa56029fbb8a15867d3a04f36c698ae39960,2026-08-23T15:20:27Z,2026-08-23-3
2026-08-22T11:00,8ca7b6fe706c6ef73aca4c3fe3dbe915ed34f5092f1f7b5c266f4fce72868ef0,2026-08-23T15:20:27Z,2026-08-23-3
2026-08-22T11:00,8cad933a121d8b62c9d44d0c6af8f69876e1ca8890c7c2322ec0ea515f8c010f,2026-08-23T15:20:27Z,2026-08-23-3
2026-08-22T11:00,8cc1837ba6892f6f01dc38185929b53fbe3b15b5cedc5b62ef48466eba668cdb,2026-08-23T15:20:27Z,2026-08-23-3
2026-08-22T11:00,8ccc25d36965f932c2d577a9fdde06bd0ef88898f2bcacbae529d6e730d3db36,2026-08-23T15:20:27Z,2026-08-23-3
2026-08-22T11:00,8ccdd7167bb2fcbf2d594edaf0bb1bef09a9f0c7696074397b612c04771dc0ad,2026-08-23T15:20:27Z,2026-08-23-3
2026-08-22T11:00,8cd09e1b8d61e13a82546a9b94fd809150112311c73a90fff09d6cc54387bf20,2026-08-23T15:20:27Z,2026-08-23-3
2026-08-22T11:00,8cd7f81b47111f5181debc38789ff0021af44ad7f78883f264e89112452bebd6,2026-08-23T15:20:27Z,2026-08-23-3
2026-08-22T11:00,8cd7fd4b331fa3ae6b87f6656d86b550369dbd0c57091f4916e7c1d65169cbb2,2026-08-23T15:20:27Z,2026-08-23-3
2026-08-22T11:00,8cd903898ffd3b7977c5d60c633bbbe61216fd93139feb5a4dede47c83b7460b,2026-08-23T15:20:27Z,2026-08-23-3
2026-08-22T11:00,8cdb1eb5307c87f45e7903ce3e0e36564846f6b755d7b7c30dfc6314554950a4,2026-08-23T15:20:27Z,2026-08-23-3
2026-08-22T11:00,8ce39f5d1c8423484eb024a6ef791ebb31defb4ae0c9500c90c1a9ac161c58e4,2026-08-23T15:20:27Z,2026-08-23-3
2026-08-22T11:00,8ce9f137579cbf5f1ee557b278298021e3b49726e3be3025d3072279863eacd8,2026-08-23T15:20:27Z,2026-08-23-3
2026-08-22T11:00,8cee0566d7e7dffff99e68fbb88f9fd25e45f40c7fdb47bdbd37c8c75987c718,2026-08-23T15:20:27Z,2026-08-23-3
2026-08-22T11:00,8d0c8198ba47e51ff348222e420076f2fac8715f6d38e097e204faa555592920,2026-08-23T15:20:27Z,2026-08-23-3
2026-08-22T11:00,8d0d59f162f685b561ca9d3689577a4b36745af21b4f3f1f78440002c31b9d51,2026-08-23T15:20:27Z,2026-08-23-3
2026-08-22T11:00,8d2b1b80f2b60b18a66210d388018e64f05efce66ab836730652fdfcfcf02665,2026-08-23T15:20:27Z,2026-08-23-3
2026-08-22T11:00,8d37f791c59bdb2d7c834e8cd58b43242d8638dad9b1f15a100ed03549efa081,2026-08-23T15:20:27Z,2026-08-23-3
2026-08-22T11:00,8d450455637e0c1df828e70eebc1f4e36ca3e926afaf8854bfe79b9d413cf85f,2026-08-23T15:20:27Z,2026-08-23-3
2026-08-22T11:00,8d601fb98b9e65cd6676a0080a9e0018547c5750a19ad60d71e4d10241f87870,2026-08-23T15:20:27Z,2026-08-23-3
2026-08-22T11:00,8d854d272b9231e390032e7bc3927cf3f816a645834ee08ab8fe57b600e75c60,2026-08-23T15:20:27Z,2026-08-23-3
2026-08-22T11:00,8d885b2ad7c1ecfc09ba145fc1acc229b7fb6f49c295c0de9ea40d324db44356,2026-08-23T15:20:27Z,2026-08-23-3
2026-08-22T11:00,8d97516b3ec3eb24469a869e09f912109062db8cd05e4eafba856509cb498b37,2026-08-23T15:20:27Z,2026-08-23-3
2026-08-22T11:00,8dafa53bb63f551d6b4d79a016dc136e43a81612c91f8d190f07b5dedfcb9346,2026-08-23T15:20:27Z,2026-08-23-3
2026-08-22T11:00,8dbac7762cda6821af7c1ac001345d0bbd23d18d4dd2e3b7859b36b05ef86c32,2026-08-23T15:20:27Z,2026-08-23-3
2026-08-22T11:00,8dbcc33d5213ce3c0615c82e16ffd48877e4b940ec1511b0c5f621f10a3f3b30,2026-08-23T15:20:27Z,2026-08-23-3
2026-08-22T11:00,8dbfa1405ff5be9e20780ed28920d99abd061e5e95d5629701942a414eb1b4d9,2026-08-23T15:20:27Z,2026-08-23-3
2026-08-22T11:00,8dc9e84b3baab9ae7e43589fac807577bb265ce6291e79d073c1090b99cee27c,2026-08-23T15:20:27Z,2026-08-23-3
2026-08-22T11:00,8ddb94053fc19cad4012597a55d1f5a46ef7a41395d9ca711028de7833708845,2026-08-23T15:20:27Z,2026-08-23-3
2026-08-22T11:00,8dff5af988df82e273b196038acba26f58336ce52724f9910a7acd66d0618545,2026-08-23T15:20:27Z,2026-08-23-3
2026-08-22T11:00,8e00b3d3e363cd53a81103d2be3435584ee12d9bc45334cc91f0b52202402aef,2026-08-23T15:20:27Z,2026-08-23-3
2026-08-22T11:00,8e2087f46fcf124095785829774fb8aa3a2ecaf7d3b8ef29295f50382eee4522,2026-08-23T15:20:27Z,2026-08-23-3
2026-08-22T11:00,8e289c89de34ed5b1a42aedb2c308ba262f3a814de58667461776e9471614706,2026-08-23T15:20:27Z,2026-08-23-3
2026-08-22T11:00,8e2c9d1ce85ae67bedb23a801f25c3a164b82f3ae910035c3501132f25857ac9,2026-08-23T15:20:27Z,2026-08-23-3
2026-08-22T11:00,8e39bd0e051d00943e69616286db6380946d13ed85e610ebacec8612881a5ea8,2026-08-23T15:20:27Z,2026-08-23-3
2026-08-22T11:00,8e3ab43c26712146900e22c06305490365e8982004bcf12db1812d7c4ece9cfd,2026-08-23T15:20:27Z,2026-08-23-3
2026-08-22T11:00,8e44342e36dd5e2199375a1969d2ed7ce85692d10bef307479a05be32c58259a,2026-08-23T15:20:27Z,2026-08-23-3
2026-08-22T11:00,8e447bc970ff17ca26aee10a886bd47f4340c03d1df5d795b7cdf1429d0064fe,2026-08-23T15:20:27Z,2026-08-23-3
2026-08-22T11:00,8e5f96cb1b965a8c938e920cce7ceaa53b13250bb2b2f0536799d83f46c92a82,2026-08-23T15:20:27Z,2026-08-23-3
2026-08-22T11:00,8e931804e8459f613a6b4ad92d5985bc763eac81f2b8a183db09c27bc964ff3e,2026-08-23T15:20:27Z,2026-08-23-3
2026-08-22T11:00,8ea065a44276b2c2183153826a59f2417620c38acbfda4a3b9be5689c58dd710,2026-08-23T15:20:27Z,2026-08-23-3
2026-08-22T11:00,8ea5741d19414038a69186132da38f4bcb247571b7fdd9db1a84adda47ee7ba9,2026-08-23T15:20:27Z,2026-08-23-3
2026-08-22T11:00,8eb7839a3c9c02a2d13880c08ea22a4ccc9b9e26f9f4fee26800ec883785f96a,2026-08-23T15:20:27Z,2026-08-23-3
2026-08-22T11:00,8ec15b697e875d1c63caef7a65da65edb0d299f6f329a12255d1d026ac270223,2026-08-23T15:20:27Z,2026-08-23-3
2026-08-22T11:00,8ecd497c730fad340b6f884b1d14915561db4cb16d7dea1c99cb7612c020b27c,2026-08-23T15:20:27Z,2026-08-23-3
2026-08-22T11:00,8ece6c99349125182578af31f98cb9ee5c255531a5037edc9239968b0b782fe3,2026-08-23T15:20:27Z,2026-08-23-3
2026-08-22T11:00,8ed79c334efb8250cbeeb171d4ff44c3f887cd7e1f1154e4c4cab31bcb554508,2026-08-23T15:20:27Z,2026-08-23-3
2026-08-22T11:00,8ee87a78835bc320296b69869727e15c3ba4b99755bb00c7d0adee1382f73fc5,2026-08-23T15:20:27Z,2026-08-23-3
2026-08-22T11:00,8ee8e47bd336a7025151886ca0d2f52024444fb1eb134849f1119c0da7c281f5,2026-08-23T15:20:27Z,2026-08-23-3
2026-08-22T11:00,8ef3f5bf80a21f2748e724efc56effc6ccd8caffb507ec9d61b054dbc67b304c,2026-08-23T15:20:27Z,2026-08-23-3
2026-08-22T11:00,8ef71ffa0a0a46f91749f56abeed2d47f7b998091b950a5dd765e1d9b49e7b0d,2026-08-23T15:20:27Z,2026-08-23-3
2026-08-22T11:00,8f0886506c97259e054c6acb5a253f4d7c278e5f503155d2dd51b37afccc678e,2026-08-23T15:20:27Z,2026-08-23-3
2026-08-22T11:00,8f1a1307652df09d0555b3f7f41a22f914a5323558da23f402cfa6b20b64e9b8,2026-08-23T15:20:27Z,2026-08-23-3
2026-08-22T11:00,8f1ee24ca1f05a5a2627e67beee266a57552ba5845af9661d03027f1405a5c40,2026-08-23T15:20:27Z,2026-08-23-3
2026-08-22T11:00,8f1fcd7b9c9d21e230f38f354ab7113624c12d533a17ab330433aec2684791c6,2026-08-23T15:20:27Z,2026-08-23-3
2026-08-22T11:00,8f262aada057ea9a5459f1952946617515e4215a29ba58765b03178c2682761c,2026-08-23T15:20:27Z,2026-08-23-3
2026-08-22T11:00,8f27ffb5bc663a63e3b50cedd9187754bbcc3c1f420115358d73f4257ac1ee3f,2026-08-23T15:20:27Z,2026-08-23-3
2026-08-22T11:00,8f309e2a6858057e22345948a382a860d12b0061d7e3066bbef5294a42f7aa8a,2026-08-23T15:20:27Z,2026-08-23-3
2026-08-22T11:00,8f3818540eb6f52ee4d906523eadea01de2da09bf29eac6d98b7146eb5522d1d,2026-08-23T15:20:27Z,2026-08-23-3
2026-08-22T11:00,8f4d325771121a8e1a4a455b1b1e9a3367f0ab5c67ca023b8b543f36fb90675b,2026-08-23T15:20:27Z,2026-08-23-3
2026-08-22T11:00,8f4f70e9795f7939d37fe7e87b96d4d8e3af2874118c90527ae35e0676f90d9a,2026-08-23T15:20:27Z,2026-08-23-3
2026-08-22T11:00,8f555fe918e1ef562b9b3769e757148513a55555e3c563d9d3d7c251bab620e8,2026-08-23T15:20:27Z,2026-08-23-3
2026-08-22T11:00,8f5ebeda8e67fd4086fcd6306ffbc11ab61970cef1b81439e0382d35acc26687,2026-08-23T15:20:27Z,2026-08-23-3
2026-08-22T11:00,8f74d861c0bce8689a533977852c0ab44c44022c87c8ea76495e5b84fd290765,2026-08-23T15:20:27Z,2026-08-23-3
2026-08-22T11:00,8f9042e2a01fb2e57b0fd12380fee2f8b97a015c4e6d4652256203ad041eb485,2026-08-23T15:20:27Z,2026-08-23-3
2026-08-22T11:00,8f959f023ec53605252952b72f221a385a8aa81a230fd3c03fc35812a98bcdcd,2026-08-23T15:20:27Z,2026-08-23-3
2026-08-22T11:00,8fa34efd56551b000b6e1d544683235da26280fc8fe7968ca64bb8206d00407b,2026-08-23T15:20:27Z,2026-08-23-3
2026-08-22T11:00,8fbe244ac1468994dd56c01ed248208497e880490b93bfa94b3d97dd7cebffbe,2026-08-23T15:20:27Z,2026-08-23-3
2026-08-22T11:00,8fce9490d7c101ca28113080f8d22147d16bbc8e9e509055259fbd18a3f9dd8a,2026-08-23T15:20:27Z,2026-08-23-3
2026-08-22T11:00,8fd3014110ceb6e74d90afd0264eeee7203f23be3637540d8409e8e08d2738f4,2026-08-23T15:20:27Z,2026-08-23-3
2026-08-22T11:00,8fd9c17048ec71b301b0e5c587dfbf6406d4b3764a36f9448d4d2932eefa76ea,2026-08-23T15:20:27Z,2026-08-23-3
2026-08-22T11:00,8fdefd95ac04365c795163a6ec04aafccbfe3c278ba21c6cff010c725039d5e0,2026-08-23T15:20:27Z,2026-08-23-3
2026-08-22T11:00,8fe8674e01953afa22e60a4a9fe0eb3d6b2029440b876e2b426a2d971b9ff3e7,2026-08-23T15:20:27Z,2026-08-23-3
2026-08-22T11:00,8ff3ec80eeee6c95292e85aa2b1abd3060b9d2d6347ef53c57437f316971a4d0,2026-08-23T15:20:27Z,2026-08-23-3
2026-08-22T11:00,8ff6c57f43f57ad48011d5f066897c07b07f9780c881c60a5036f282179d2b8c,2026-08-23T15:20:27Z,2026-08-23-3
2026-08-22T11:00,900c9faefe45fe5f3ee9d4dc83ecd09ad6d69c6ffcca8703aed57e178fa54229,2026-08-23T15:20:27Z,2026-08-23-3
2026-08-22T11:00,9010e31d7be496d03b0a4bd654719d306f74357712775445e019f3d058283f18,2026-08-23T15:20:27Z,2026-08-23-3
2026-08-22T11:00,90144ab26bb7a2a0feb715a47bd4321fe01d965263d5509d3292bc5a8487a1b3,2026-08-23T15:20:27Z,2026-08-23-3
2026-08-22T11:00,901595b7f999be00ec80cbdf0e476fb76c6eab0901afa1da91cee0f911c68e4b,2026-08-23T15:20:27Z,2026-08-23-3
2026-08-22T11:00,90184b0d09ceaa8b2866bacccd17a363d630f93f0989d662777dc4d43d15da03,2026-08-23T15:20:27Z,2026-08-23-3
2026-08-22T11:00,902c81209b6cee2ed9b39197090b8fba79a432170e6223a012ea0b48c70841e3,2026-08-23T15:20:27Z,2026-08-23-3
2026-08-22T11:00,903ad882e64a9df38b6e3a31dce865d19e7fc8042a2ab14823fe0d6567b64a2a,2026-08-23T15:20:27Z,2026-08-23-3
2026-08-22T11:00,907b30b570f8b03df7b4ec4882021be69f09bf285d6b0e46037a4c69c7a167a7,2026-08-23T15:20:27Z,2026-08-23-3
2026-08-22T11:00,907c7e9910e65b10dff6bc89d3972ab9d3446030ea1637b4ddab7770c6d3c549,2026-08-23T15:20:27Z,2026-08-23-3
2026-08-22T11:00,908dbba8d10bcc7c11436d1deb7ceb5c792a6fbfee06db54e1cc9205358b0ee4,2026-08-23T15:20:27Z,2026-08-23-3
2026-08-22T11:00,90944e358aaa5eef8e7237183161077ac2df6617111a35c42badfcd51de02e3e,2026-08-23T15:20:27Z,2026-08-23-3
2026-08-22T11:00,90a772210e1cf6d90f462c4eb897ef6ed71dfa8f703d09e3b320a4323372fa09,2026-08-23T15:20:27Z,2026-08-23-3
2026-08-22T11:00,90b3b9c9bea00001acd96af6e6d6cb6808ee0fd047bf5af8a55c5598b2d58656,2026-08-23T15:20:27Z,2026-08-23-3
2026-08-22T11:00,90bba514d570578d94dfe25a91a57a8a509c526da242990c04d04094db4154db,2026-08-23T15:20:27Z,2026-08-23-3
2026-08-22T11:00,90cc4c8ecaa2d0120dfea7b330f176b7ccd800a9c6276c1b9bede561a633870d,2026-08-23T15:20:27Z,2026-08-23-3
2026-08-22T11:00,90e4dbf66b451f56d28a52fa979b04bba7c6c5f14caa0f8e69a84f6919b73901,2026-08-23T15:20:27Z,2026-08-23-3
2026-08-22T11:00,90e87733f3a5bce8610db24e89f294f4f07e8e07e1bbc2c2d5d68c346b628697,2026-08-23T15:20:27Z,2026-08-23-3
2026-08-22T11:00,9104df4bea4066a34751040ebe1a3c70aedb4cbdf298dbe1f93fbfa25dc1f6be,2026-08-23T15:20:27Z,2026-08-23-3
2026-08-22T11:00,910568c21f8d70f7f0d19bcff3855a8113f13df59eb367a075dedee757e14033,2026-08-23T15:20:27Z,2026-08-23-3
2026-08-22T11:00,9125ed0b2d29fa732bdf33f70ca740f657c82642d1204f5405e2606f4881fce4,2026-08-23T15:20:27Z,2026-08-23-3
2026-08-22T11:00,912a71b258a5d48340e5940d9e9fa6da4750593238d8f4004a041570d56daac7,2026-08-23T15:20:27Z,2026-08-23-3
2026-08-22T11:00,91307b35ce1086c0f72774d4952f0316fcd4eb19f9e31657b7353aebb43e9861,2026-08-23T15:20:27Z,2026-08-23-3
2026-08-22T11:00,9137990df72ead76b013d733250b3977407fc513977e409e3220e58847cec7c1,2026-08-23T15:20:27Z,2026-08-23-3
2026-08-22T11:00,914228a8ca9de6570e983730d9e9b32a64e89195c3e90e4a63cb37eaa87534f5,2026-08-23T15:20:27Z,2026-08-23-3
2026-08-22T11:00,91469e99be2ebf0c9d29d59d8d4a62925e90907a2910fcd7a33c55ac85f7faa3,2026-08-23T15:20:27Z,2026-08-23-3
2026-08-22T11:00,9149f437d0f369e0ee336581a107ebe3849717dbcf3aaca2b42e8e2a56df4d6e,2026-08-23T15:20:27Z,2026-08-23-3
2026-08-22T11:00,91585a9d09e0a2d1d777b821846d45d52fb70dd4427c8e1b89d434977784ee2f,2026-08-23T15:20:27Z,2026-08-23-3
2026-08-22T11:00,917a11fabdefbca292c8d8ad6de8c5e70b593b7196efb102bb95a2c558219bd8,2026-08-23T15:20:27Z,2026-08-23-3
2026-08-22T11:00,9196d84a600451bcfc9126c6a264269facb99ad03abc80278373737469c59f60,2026-08-23T15:20:27Z,2026-08-23-3
2026-08-22T11:00,91aa8f17a73534d0ab8af6a34750aa17820dee17c9fef1d69e7e49fd5fb86361,2026-08-23T15:20:27Z,2026-08-23-3
2026-08-22T11:00,91c4184aef84fc42daf54af96bfb8b4d43e79eaf6c73674b6bc823e3450a8e5d,2026-08-23T15:20:27Z,2026-08-23-3
2026-08-22T11:00,91d623dd5d110a7b36ed6689a0e0b3ea917d0b397336cf729bf70cfd4b6013a3,2026-08-23T15:20:27Z,2026-08-23-3
2026-08-22T11:00,91d6552503cf3f24abb1a9b2d3a624ebd1703741a0f4a39b0963e13b33ecd6a9,2026-08-23T15:20:27Z,2026-08-23-3
2026-08-22T11:00,91dce20e17ee212b1ad63610509d7287ac522c2daf9215f2e46b57713d9a74fe,2026-08-23T15:20:27Z,2026-08-23-3
2026-08-22T11:00,91e0b6316f3c8e67e2ab92476e45ab69b0c281420968b0bd0681fd262948e123,2026-08-23T15:20:27Z,2026-08-23-3
2026-08-22T11:00,91e1cb389ff21ce5c1f839caace9d4d8666f5e255e63dbe34f630e6a489807d8,2026-08-23T15:20:27Z,2026-08-23-3
2026-08-22T11:00,91f92dc4470caea6b28b8c9f6ac6dbf38cd7235e533b79d8c98bf848ad98a3d7,2026-08-23T15:20:27Z,2026-08-23-3
2026-08-22T11:00,91f9980f7071b9d5df22a2849a4bfc694490eddc43abdc734c34e652b6768505,2026-08-23T15:20:27Z,2026-08-23-3
2026-08-22T11:00,9200d777f9d4c3c1aa6fb01cb168137408ed47ab83596beb0a1be3c395e25cd8,2026-08-23T15:20:27Z,2026-08-23-3
2026-08-22T11:00,920ac4ce0da6c28a8127ca6220b47e44a94cb5820283110db52cb70d04f6823c,2026-08-23T15:20:27Z,2026-08-23-3
2026-08-22T11:00,92172068aa35ff216419e88cc49232d5523b5feab4910916bb44559b5e8caaa6,2026-08-23T15:20:27Z,2026-08-23-3
2026-08-22T11:00,92188192ee0ac26a969bf54298140d1bf43fb52fb4f58bc4e39579b67b9daf92,2026-08-23T15:20:27Z,2026-08-23-3
2026-08-22T11:00,92299d3f888c3172a7875d6354186b35c0b2e1085568e473f2b31b122297dfb6,2026-08-23T15:20:27Z,2026-08-23-3
2026-08-22T11:00,922cbd52673d0ad3ab7387cd834343120cd97271bea39ec7903e29256e7f5e68,2026-08-23T15:20:27Z,2026-08-23-3
2026-08-22T11:00,922cc0bab1b55c22fc9faf4e62aabfac73a15d162ce1e1563a906a48cd5e5102,2026-08-23T15:20:27Z,2026-08-23-3
2026-08-22T11:00,9234474c676c7e84bf335ecded40b1b254c1692fb49410a31a8651fc454a6cb7,2026-08-23T15:20:27Z,2026-08-23-3
2026-08-22T11:00,92423334bbd0b0563e33c4a5971a961be11d6e71a84b2226def539321d529e99,2026-08-23T15:20:27Z,2026-08-23-3
2026-08-22T11:00,924e05a3179e98e99178e3e9dcf57a2a81c68e7cde6ebe9a2a25cf3ecce733a4,2026-08-23T15:20:27Z,2026-08-23-3
2026-08-22T11:00,9251047a6b2d4b7779fb21082be4da3ac70588595870a5e76e9de37a51ccb665,2026-08-23T15:20:27Z,2026-08-23-3
2026-08-22T11:00,92528c2c31e5bb8c3b49d0f2b431dc188a2c92cc42afa9a98e6bedd3d4af9986,2026-08-23T15:20:27Z,2026-08-23-3
2026-08-22T11:00,925612dcbcc31bb95dedce96993f85b3dd48f0757d376d0c933e85c091892eff,2026-08-23T15:20:27Z,2026-08-23-3
2026-08-22T11:00,925b7a40a65941d72af30ad85cbd784966d56d5864804e23513bba5910b90595,2026-08-23T15:20:27Z,2026-08-23-3
2026-08-22T11:00,927036739d8c13b8dabce67b37ac90fb1a1407346fdbabd1176a1cae57786b79,2026-08-23T15:20:27Z,2026-08-23-3
2026-08-22T11:00,92848763890512ff1ee6d90e200cb92285c7b2bb0e0a849ebd4367156353db25,2026-08-23T15:20:27Z,2026-08-23-3
2026-08-22T11:00,928cdf4323b3ec766fa12ad16da3ebc675fcd62abdbd18636ec2595b80eb1eed,2026-08-23T15:20:27Z,2026-08-23-3
2026-08-22T11:00,928f769509ce6f59dde6bf3cbfdf0bd93dd6199d43ca783accd7a0f40a3b9c9f,2026-08-23T15:20:27Z,2026-08-23-3
2026-08-22T11:00,929080260e16739fdbc84c02a06c4895e29cb0b2ec46003544b4f7e31a38d1eb,2026-08-23T15:20:27Z,2026-08-23-3
2026-08-22T11:00,92932c373aa22c455bd3ba06166ace2089ab95d67fbe84697d1565142ab38c7f,2026-08-23T15:20:27Z,2026-08-23-3
2026-08-22T11:00,92942597e1111eb9517455c06296a386c93a76e6426e851c88dd49bda2ec7025,2026-08-23T15:20:27Z,2026-08-23-3
2026-08-22T11:00,92be720c58508912d078c6ece533aee106e037c144528ce90992a92fa6f63bf0,2026-08-23T15:20:27Z,2026-08-23-3
2026-08-22T11:00,92c9e2778fda7cd88dccd4f664f56ccfde0c2c21393132a3747c531f3dfb206c,2026-08-23T15:20:27Z,2026-08-23-3
2026-08-22T11:00,92d1fce3764425e14c1cc47651bf2e4e3a7b3b6b8428151fbcb0c9585f42a8b5,2026-08-23T15:20:27Z,2026-08-23-3
2026-08-22T11:00,92d63a1380819ff6cd172bf18fccbd1436e4f773b9fc85b810411e7f27502db6,2026-08-23T15:20:27Z,2026-08-23-3
2026-08-22T11:00,92db6fb416edb353c5ff50dc01d773b7886680519eaa69842db91dde509e8b74,2026-08-23T15:20:27Z,2026-08-23-3
2026-08-22T11:00,92e917d72f8b5e58437f1d41f9cc3d67c46fd07a54290eb47fdcef3cede69a38,2026-08-23T15:20:27Z,2026-08-23-3
2026-08-22T11:00,9305a966035856742c6606e8ace5d02a091b91804badb776b0e348a574024528,2026-08-23T15:20:27Z,2026-08-23-3
2026-08-22T11:00,930beeebd3b35baae55e7bff9eae7f78fde1e8e2861bf6b54df3f9d8da66e5da,2026-08-23T15:20:27Z,2026-08-23-3
2026-08-22T11:00,931159437ec9ef5a3472c3a83ada6698059324cdb4e774c289547b9d4212435e,2026-08-23T15:20:27Z,2026-08-23-3
2026-08-22T11:00,93136f8f8d38a5fc888abe5809572d74fcf69f79a5fd027241e3d5899d605844,2026-08-23T15:20:27Z,2026-08-23-3
2026-08-22T11:00,932591afba7f1cf55372f3f455c6c008f9ff2b3d6f73c68ab2f0a4a130897d6d,2026-08-23T15:20:27Z,2026-08-23-3
2026-08-22T11:00,934456350d9a957c41e2f4e48f7286528dbc6c0904967883e33a2008ccc9eb20,2026-08-23T15:20:27Z,2026-08-23-3
2026-08-22T11:00,93697a7657002ca64e4a20315f9dfaedb7f60fae89aa6e16822a12c49fec3b17,2026-08-23T15:20:27Z,2026-08-23-3
2026-08-22T11:00,93734520cfa3d241f0ae54f58215f2d4ce7b77512a0ec5a740e9b9852e0ac3b7,2026-08-23T15:20:27Z,2026-08-23-3
2026-08-22T11:00,9376086b5b516fafd8e662d916d9a1af437ea5c4db42f43cd9edd7cc5f5ab338,2026-08-23T15:20:27Z,2026-08-23-3
2026-08-22T11:00,937c1e5eee44a473049faff947ba1993ec0e7a244d93410e42d93a41202dd1c8,2026-08-23T15:20:27Z,2026-08-23-3
2026-08-22T11:00,9391805ae9af140172b88bd040005608f2584078feeb5b8e5fa2230b0e869403,2026-08-23T15:20:27Z,2026-08-23-3
2026-08-22T11:00,93b149dc1a83553698667b53a063623576fb5266f61f542371cba6552441dcca,2026-08-23T15:20:27Z,2026-08-23-3
2026-08-22T11:00,93bd2f175168c58f8e6c2aa5dae64a22975c4a5968e4bab1b705ceb990059355,2026-08-23T15:20:27Z,2026-08-23-3
2026-08-22T11:00,93c697a9b8922413d87cd92476a6b215e4f6947a34703db89f8be2c6f2701d92,2026-08-23T15:20:27Z,2026-08-23-3
2026-08-22T11:00,93cd67f19ca88ae6af16615e47ab9bafa74491520181610349daca3217411941,2026-08-23T15:20:27Z,2026-08-23-3
2026-08-22T11:00,93cea8cd9f9d535215038e2a35a859adcdb7baa06574aef2b89ae52f0ef6c31f,2026-08-23T15:20:27Z,2026-08-23-3
2026-08-22T11:00,93d04618369d3d6e8f6300e53e565f9459a2b3e30a01b7cb92828851a8459a21,2026-08-23T15:20:27Z,2026-08-23-3
2026-08-22T11:00,93d0c387c95629996d27cb0cf6dabfea42c46c8652a11de8510a26858024ffbc,2026-08-23T15:20:27Z,2026-08-23-3
2026-08-22T11:00,93d38cb6c94923d14da96bef1b749c9717e5dafdcf5fff183fbb2a5a33fdeff7,2026-08-23T15:20:27Z,2026-08-23-3
2026-08-22T11:00,93d50dfc59ee6923a766b1377ee2bd0a2837ec846d72ae2683d1d9e0339ebfec,2026-08-23T15:20:27Z,2026-08-23-3
2026-08-22T11:00,93d6498f623347f611c1f966398b068104a29d495ae362463f49b8994ccc5814,2026-08-23T15:20:27Z,2026-08-23-3
2026-08-22T11:00,93d8109a032c3dd4f326c31f78aa5d554ee029f02ff789fc73ccdc9fc8251c36,2026-08-23T15:20:27Z,2026-08-23-3
2026-08-22T11:00,93d9efdd98e5cde11d90c2c5fd58f944418b83b9cdf1eb2687c78071c293b77b,2026-08-23T15:20:27Z,2026-08-23-3
2026-08-22T11:00,93e46adc0780916f32e7bffb9c3064dcafd2fa46453a5c33a84d374cc107db4d,2026-08-23T15:20:27Z,2026-08-23-3
2026-08-22T11:00,93e659803249acbf8ee16f86ee1ac8a7a9a7ba522847ed99fe5c19b57e3f2c0c,2026-08-23T15:20:27Z,2026-08-23-3
2026-08-22T11:00,9402bf2f22bd5b9ffa76b46ba79b0c860382c017ac86840039b49510d6b585fd,2026-08-23T15:20:27Z,2026-08-23-3
2026-08-22T11:00,9404845344acf565fdcb527b8d76d78eb29b7273927c9b67c5a1bf56f93d706d,2026-08-23T15:20:27Z,2026-08-23-3
2026-08-22T11:00,9408d47924d162eda4d1dc127ec7f0f38a1a5506325b80374a22a57acfa8a5fb,2026-08-23T15:20:27Z,2026-08-23-3
2026-08-22T11:00,94168456a1c029b6d2f633e0ff5b363a7759c39834f19230dab4b96b4a1c7151,2026-08-23T15:20:27Z,2026-08-23-3
2026-08-22T11:00,941ddf3366dc7cf5139d05a218c271bd030ecc783d7c399b248c1c0bdafca6cd,2026-08-23T15:20:27Z,2026-08-23-3
2026-08-22T11:00,9424dd440dad4214d0eacec5631284f72083d775f30ad662fc292ef6c248a3ed,2026-08-23T15:20:27Z,2026-08-23-3
2026-08-22T11:00,9428cc2bc3c996d8505a0fdff4b7b0532b635f8bddc4272ecf0fa57da3a9db52,2026-08-23T15:20:27Z,2026-08-23-3
2026-08-22T11:00,942f4b4ba0e6c40958ee46034363d4fb2cd26bad464aeb8cd33457eb62ee00b1,2026-08-23T15:20:27Z,2026-08-23-3
2026-08-22T11:00,9431f10733570f5c7da1e4032af23c4dc294a2c399e43d763a6af185afe1aa15,2026-08-23T15:20:27Z,2026-08-23-3
2026-08-22T11:00,9434f54286f1eb749b4be9cc2d7cbf2c80b444ced7f0b806fe75fbe4317e344f,2026-08-23T15:20:27Z,2026-08-23-3
2026-08-22T11:00,944306dc5c86f1ad3aa79d9eb5d89d6c34935bef9e8c803f8d38915f6c266120,2026-08-23T15:20:27Z,2026-08-23-3
2026-08-22T11:00,944646f4f4d31c728065f09a40d47152cefd9c070ad7f5bde7e4956ad378cd27,2026-08-23T15:20:27Z,2026-08-23-3
2026-08-22T11:00,945a103853b98c387c811cab00e4951984950c16b61448a89d48a3af73d42429,2026-08-23T15:20:27Z,2026-08-23-3
2026-08-22T11:00,946b559b46050c312b3aa2b0b5339b67232c4a1004f44b77a57b48b4202c520c,2026-08-23T15:20:27Z,2026-08-23-3
2026-08-22T11:00,946bf5413869bf933b6b707c9890056d23c2c760c09c0e91dc2ac0d073f25b3c,2026-08-23T15:20:27Z,2026-08-23-3
2026-08-22T11:00,9483392652a5ef05e211c0e8a7372e2515023d8e648f93efea6165722b40abb0,2026-08-23T15:20:27Z,2026-08-23-3
2026-08-22T11:00,948868f9229cdce3421c1b5ad3866b56e34f983d6af4dd48a435c3f8b4ef7547,2026-08-23T15:20:27Z,2026-08-23-3
2026-08-22T11:00,94927537ade92e465c80c98409a960f82234b924c5dcb6158c53bb39357769cb,2026-08-23T15:20:27Z,2026-08-23-3
2026-08-22T11:00,94939c165bb30ef91a649babf2604d3cab4d8c6fe493928ff9408453de90532b,2026-08-23T15:20:27Z,2026-08-23-3
2026-08-22T11:00,9495ecc9867d7db60ee74f1205645b8024914d1a22b073a296b33714058bcd26,2026-08-23T15:20:27Z,2026-08-23-3
2026-08-22T11:00,94c9cc4502ca7d918cf690a1ab1bbf1f85836a26709d2e662804aeea17d1090b,2026-08-23T15:20:27Z,2026-08-23-3
2026-08-22T11:00,94d085538b2ed7ae2fa09e154faa8a3a2f1198f3e9dd69feca412f4b0c3e3e63,2026-08-23T15:20:27Z,2026-08-23-3
2026-08-22T11:00,94d088d8c45d885e3866b478b3cb5cde277aab1f0aa30658ccb7b8a01eb243e4,2026-08-23T15:20:27Z,2026-08-23-3
2026-08-22T11:00,94f309acf241cbfb39c1d85c5530b8410de2cdfeddcfdc6cd10b0ca4989d238a,2026-08-23T15:20:27Z,2026-08-23-3
2026-08-22T11:00,94f93481be506eed443e73fd0ad94408716815a29c0fadb888e524f7d6deb2e1,2026-08-23T15:20:27Z,2026-08-23-3
2026-08-22T11:00,95051ae085b629008cb8ad27f32e4b2edfcc2da532ea1bce9729a9a9706983bb,2026-08-23T15:20:27Z,2026-08-23-3
2026-08-22T11:00,9508517bc8f220149e5f9aaea1d93a0b035eb9b18ad6415c59d6dc02a072010b,2026-08-23T15:20:27Z,2026-08-23-3
2026-08-22T11:00,952151fe0f25ca20e34464e4203f9258dcc49ece0906404219528fe5cc230b79,2026-08-23T15:20:27Z,2026-08-23-3
2026-08-22T11:00,952b72caaa915be4b3babbbdec4100bde8222c0eee2dc640a5f44f5a07461010,2026-08-23T15:20:27Z,2026-08-23-3
2026-08-22T11:00,952b8ebc2b0f3e446019680e179fa44a5a031e175eddcc2a793e2032923ca772,2026-08-23T15:20:27Z,2026-08-23-3
2026-08-22T11:00,9532df6dd040eee43399127bfafd1d59d4bfe4b9a15b9aa67522b08163ac443b,2026-08-23T15:20:27Z,2026-08-23-3
2026-08-22T11:00,95372757ede6797dde7510ed14bc1a07247930ce3c34a5741ded8c5892806182,2026-08-23T15:20:27Z,2026-08-23-3
2026-08-22T11:00,95384e9055c3b715bb5cf50e344dc32dff4803d52135f258f7d1c406a11eda3d,2026-08-23T15:20:27Z,2026-08-23-3
2026-08-22T11:00,953ac0065aa8da8fb0a2a6a2040c06752f741e2895e0d059a5bc933a90a6c745,2026-08-23T15:20:27Z,2026-08-23-3
2026-08-22T11:00,953efd0251365cbf7fa997961f3c13261804ada910c5f71cf64c36f37f686903,2026-08-23T15:20:27Z,2026-08-23-3
2026-08-22T11:00,9541f37761751446456f01eff4d2712e3e002a75794ec2d8d8ddbddd51b0946e,2026-08-23T15:20:27Z,2026-08-23-3
2026-08-22T11:00,95473bedb7f1df8e6276312a10384bd78573d140221deb093ec79e46740d976f,2026-08-23T15:20:27Z,2026-08-23-3
2026-08-22T11:00,954b577e411d0c401db9524cfe0d67c400b20e57b2d05c95187c883aa3e292ca,2026-08-23T15:20:27Z,2026-08-23-3
2026-08-22T11:00,954c1bf31f6679689d82ab9913a1d1699319415c9fc7e3f30542bdb4564091b2,2026-08-23T15:20:27Z,2026-08-23-3
2026-08-22T11:00,95566388c2a15f02275246f4fc1112889bf2e634f7bc814dd5e47561adccebe3,2026-08-23T15:20:27Z,2026-08-23-3
2026-08-22T11:00,9556b83093fd81fbbbc2331a197b4d585fe5cba40c2452c8704a7cf5b6b4a6bf,2026-08-23T15:20:27Z,2026-08-23-3
2026-08-22T11:00,9570ae9811d836cf419d8f46a1f398c5867e85205a078d420cece7de67d975a7,2026-08-23T15:20:27Z,2026-08-23-3
2026-08-22T11:00,9591f337026c72e610378aedce53ae686eca4ac202e08a9dd47490d16fa55c2a,2026-08-23T15:20:27Z,2026-08-23-3
2026-08-22T11:00,9593325e7b7e089e33d50ce5459d6218dd8766eb582d6ba37d768d5ebda2f707,2026-08-23T15:20:27Z,2026-08-23-3
2026-08-22T11:00,959b4b8c8c099f082774ac7055c1514582bc9550d84f094f91a44aa958a1cfd5,2026-08-23T15:20:27Z,2026-08-23-3
2026-08-22T11:00,95a2855e2c2efd3c38cf80021c8a06866d1694cb077035a94b4bed29a204ce02,2026-08-23T15:20:27Z,2026-08-23-3
2026-08-22T11:00,95aff29acddf7ae31d5a51e2cbc3f72d7f44f4e9dac472b7c47b55cb46cd47d0,2026-08-23T15:20:27Z,2026-08-23-3
2026-08-22T11:00,95b068c5288a61dad2e43db62a9f43e2a2b8d839badd1a1d64d4dffbb19763cd,2026-08-23T15:20:27Z,2026-08-23-3
2026-08-22T11:00,95c8a6581fb03bb86523ff6ab2438e5a9fa178adab847926ddc232283aa61d56,2026-08-23T15:20:27Z,2026-08-23-3
2026-08-22T11:00,95ce748d29288d91893f76b7aa631b6e3254151d32604aa4a5164754643cf31a,2026-08-23T15:20:27Z,2026-08-23-3
2026-08-22T11:00,95d46cb8c3a128dd5c0391784fdbb77e5e871a0a50f1c3672290880d633c7729,2026-08-23T15:20:27Z,2026-08-23-3
2026-08-22T11:00,95e9558e1ef51604585824b64f34189076457d00b0f0b0197a2c8b098310b797,2026-08-23T15:20:27Z,2026-08-23-3
2026-08-22T11:00,95f2e2bdfa83cdeb5e0c12cfd8e7605772916a60126bdc2aa063acc0671af297,2026-08-23T15:20:27Z,2026-08-23-3
2026-08-22T11:00,95f74aeac90a93bb12cebd08a06d378eabf5fb66ffb6f949438941dc9bb3bdbe,2026-08-23T15:20:27Z,2026-08-23-3
2026-08-22T11:00,95f98221fce2c56326b5f28b2ea90fafc800f0e007d493f0e35cdbc9c4a17c9d,2026-08-23T15:20:27Z,2026-08-23-3
2026-08-22T11:00,95f9ed1624bff39bae7f8d50c669bbea5d0ce4d6dd35dad3c86a6d3f1cf215f3,2026-08-23T15:20:27Z,2026-08-23-3
2026-08-22T11:00,960c5bed3d608b9d40bb08af1f38a996d2721c9c8af95f4bfd35430c86b95a75,2026-08-23T15:20:27Z,2026-08-23-3
2026-08-22T11:00,9612a0c3b50bd4694ea8ec5fb4ae762cfa02669c841f30d66f000fd7e5f9b345,2026-08-23T15:20:27Z,2026-08-23-3
2026-08-22T11:00,961976609d36ac4bbe5610c51770d5efbb83bfa3588137365ad8590fa8038555,2026-08-23T15:20:27Z,2026-08-23-3
2026-08-22T11:00,961a62b25f9363d1492ad34f58281be5336b8506ae6bd5eccf4c50156e1e2d2d,2026-08-23T15:20:27Z,2026-08-23-3
2026-08-22T11:00,96322b294d065cf6a4d9c399dd14979ededa8c66e413a639a4495a0b91465a4e,2026-08-23T15:20:27Z,2026-08-23-3
2026-08-22T11:00,964121647555be2df9eac60c666bb0510e3abe169d189c485d6e9645de4d4f51,2026-08-23T15:20:27Z,2026-08-23-3
2026-08-22T11:00,96480855fd6ecd61d0af735af73475eabd2d57524dccdee3c06c5460162fbfd9,2026-08-23T15:20:27Z,2026-08-23-3
2026-08-22T11:00,96537f9acc12bc3d68e6b6fb2d661a65772f583697352d4f1c191b91c0ae113e,2026-08-23T15:20:27Z,2026-08-23-3
2026-08-22T11:00,965bb4d2ca17efb52646368499697187514a283128ef7cb68becd4063758e477,2026-08-23T15:20:27Z,2026-08-23-3
2026-08-22T11:00,965bed2ad7ccccf87cd9818aea8c31a33a8b2793d628dbb4b99e6d4e0a44c871,2026-08-23T15:20:27Z,2026-08-23-3
2026-08-22T11:00,965c736904bfb6f4597732abaf2f7051d45ecc735f36f1ccd0ecc109f7b262a2,2026-08-23T15:20:27Z,2026-08-23-3
2026-08-22T11:00,965cfcf3ae5d63123b1301e0472949c77a3a3aa19e1241d9b47fabd9ac0440c7,2026-08-23T15:20:27Z,2026-08-23-3
2026-08-22T11:00,965d49c581b47b4f0bac66713959f6255b7575de5e9112cc69320eb3a5f550f0,2026-08-23T15:20:27Z,2026-08-23-3
2026-08-22T11:00,965d65906dd94e56409cc3494b7037c47d3683b495a2270ffb811b7801bf833e,2026-08-23T15:20:27Z,2026-08-23-3
2026-08-22T11:00,965dad2d08f4b1c27387f06b46ed53d7580807b7da2de9dee2adb9501c8621e4,2026-08-23T15:20:27Z,2026-08-23-3
2026-08-22T11:00,965db7249dcecaf59463ca9ae38fb4c8ff9bbdd5b8e9552fae882117d4a25991,2026-08-23T15:20:27Z,2026-08-23-3
2026-08-22T11:00,966cd163f8692d8ca443109be9eebb5cc04899a4c12488381837a35fb8b36194,2026-08-23T15:20:27Z,2026-08-23-3
2026-08-22T11:00,967b5766e6533ea8dcb916c683ebb3a6fb459c39c40e660a51a4bf5bc2429a6f,2026-08-23T15:20:27Z,2026-08-23-3
2026-08-22T11:00,967cbe590cc0f927b121a2d3cf97b15d646a7bcbb9460de7370ff7fc1a7141a6,2026-08-23T15:20:27Z,2026-08-23-3
2026-08-22T11:00,968d16beb143a0bcbe44e82b104bdf2c4684a1f4cb8908c44398bc900112facc,2026-08-23T15:20:27Z,2026-08-23-3
2026-08-22T11:00,969044f63ea6bfa4b0495f3d656aad9a813bc9f6e3bc906ea3d8ad84ca1500a6,2026-08-23T15:20:27Z,2026-08-23-3
2026-08-22T11:00,96972dd4f6adc9fbb469892d6907f7c996af0b7f108da4b1d448eeb9b964ec64,2026-08-23T15:20:27Z,2026-08-23-3
2026-08-22T11:00,9697a30a63e95390647eb5a34dd5b3647f2cfb04db617f0f8a4a524b92023f84,2026-08-23T15:20:27Z,2026-08-23-3
2026-08-22T11:00,969cdff003616d877728734c0df8eb69cbcac3e36aeedc2eef49af940b3cc6b5,2026-08-23T15:20:27Z,2026-08-23-3
2026-08-22T11:00,96ae8dfd417cde78b814ae13869e2fec52d3a476ee019a508fc9d34e8118cd32,2026-08-23T15:20:27Z,2026-08-23-3
2026-08-22T11:00,96af3af254a73552bea87dd1fd1d8db27c92f22685176a0066f545416224e129,2026-08-23T15:20:27Z,2026-08-23-3
2026-08-22T11:00,96c417ad2922d6ff17cbda844b60f444d0c4246c7535aa589039843d1768ba03,2026-08-23T15:20:27Z,2026-08-23-3
2026-08-22T11:00,96d26eaa8234f2f9685883322ecfecdcaeb86fe70183ec4e171bad4d29d969f4,2026-08-23T15:20:27Z,2026-08-23-3
2026-08-22T11:00,96d77428aefa7c2f646f1af57457fb190459d71fd4ee7472572cbfdc4a6d736c,2026-08-23T15:20:27Z,2026-08-23-3
2026-08-22T11:00,96ece6ced8a67c32842dbfdd4edcd032aa18895fc0c8e3dbdd65330dc7f64238,2026-08-23T15:20:27Z,2026-08-23-3
2026-08-22T11:00,96f5dc656a14a806246fa06bb5edaa7eff14329dfa6f8365d1c986ecd2d4d65b,2026-08-23T15:20:27Z,2026-08-23-3
2026-08-22T11:00,96f61df36801ca332c5dd42423ae1aace13b303db8d7057362e3a965e65676c5,2026-08-23T15:20:27Z,2026-08-23-3
2026-08-22T11:00,971bc10db6d67fedc7459daee994154aa7674974005583c117db4d074c26e785,2026-08-23T15:20:27Z,2026-08-23-3
2026-08-22T11:00,971c349821749fde20c6e8905902656842f38ca0adad37690aefb18c2f1b8a8b,2026-08-23T15:20:27Z,2026-08-23-3
2026-08-22T11:00,9722c47a32569f280e2f2e79eb383e619adcecd7046af636b00600e0bd476a97,2026-08-23T15:20:27Z,2026-08-23-3
2026-08-22T11:00,9725e37c4605a09518b36247780ab2dc9e9c73a556d75d4ddec6d82252151207,2026-08-23T15:20:27Z,2026-08-23-3
2026-08-22T11:00,972f49455ae15250e37b9cabeaf4ac257693e902ba427226a02fb99885ee8703,2026-08-23T15:20:27Z,2026-08-23-3
2026-08-22T11:00,97381ac9bd2e130592e0aee097d40a9f0938bad321c504c365ab447a4297128c,2026-08-23T15:20:27Z,2026-08-23-3
2026-08-22T11:00,9751cfd40ff07c28fd2d4d2858cbabf6403577b6397095c0debfe140bedc1232,2026-08-23T15:20:27Z,2026-08-23-3
2026-08-22T11:00,9753afa362dda60eaf13c8042427b62ac13e8edc48e2716cbe6352a22540c189,2026-08-23T15:20:27Z,2026-08-23-3
2026-08-22T11:00,975de23255eb5452db402d84d71b13760e475ba2309fb48472e7f83ed36f035d,2026-08-23T15:20:27Z,2026-08-23-3
2026-08-22T11:00,97732896a86cf2762567881fca272acad026c901f0c00530da87768620385181,2026-08-23T15:20:27Z,2026-08-23-3
2026-08-22T11:00,9775d20399cb334af0670e4892514ca712c9ea82f1b127ff2e8d5bbe63697a29,2026-08-23T15:20:27Z,2026-08-23-3
2026-08-22T11:00,97786632d087ad76c7fc000acc6ac5167ddabb4a832bd6e47024b3bf60de2e45,2026-08-23T15:20:27Z,2026-08-23-3
2026-08-22T11:00,977f919cc995efedf74d12d376dfb143f03106d917260f1c655487806286db6f,2026-08-23T15:20:27Z,2026-08-23-3
2026-08-22T11:00,978a353b1d065a4cdc31b0330614a43f1acfeccb2e7a105960adaaad63d0226e,2026-08-23T15:20:27Z,2026-08-23-3
2026-08-22T11:00,9799affd7ff991dcd5a8acfb7d5c9c5bcca1187d01475e479ad59e7fb7b1b569,2026-08-23T15:20:27Z,2026-08-23-3
2026-08-22T11:00,979d4b611b4223f0a0d29461bdc68b07ce14231320f1bbc86b763d3231e17b67,2026-08-23T15:20:27Z,2026-08-23-3
2026-08-22T11:00,97b0f49a0ec5884f5038a5f904f66dbf58378cf2c80250a8b4cd284e141f20ab,2026-08-23T15:20:27Z,2026-08-23-3
2026-08-22T11:00,97b65550257fe761b96225453177979b31223de697a2e112e4fc9b2387665fd0,2026-08-23T15:20:27Z,2026-08-23-3
2026-08-22T11:00,97bf54696d31a618faad9cbadc2a8e17ace743421578517e826221734ca1a882,2026-08-23T15:20:27Z,2026-08-23-3
2026-08-22T11:00,97bf6044916f708cf23252ec299100618f0970b1818fbccb3b76092bbd64f85f,2026-08-23T15:20:27Z,2026-08-23-3
2026-08-22T11:00,97c1672d3c9bcc1faf1bed411b9646c1ef3fa92f0764496ea0f7ee8949d2c0df,2026-08-23T15:20:27Z,2026-08-23-3
2026-08-22T11:00,97c4e9cb8b163ddb829e9b6bdfc0535a9bc8913bcaaadf5140ef1d2b19f333f7,2026-08-23T15:20:27Z,2026-08-23-3
2026-08-22T11:00,97cd58c36b3bdfd2d71be2a0a9e1dd52ea84521549cff42021df825d045d5c5e,2026-08-23T15:20:27Z,2026-08-23-3
2026-08-22T11:00,97d41cf277dabb887217566a79b23964af8cd6952b9b894fe4241082a8284d3c,2026-08-23T15:20:27Z,2026-08-23-3
2026-08-22T11:00,97d6e0c5107713109fe015e98cb517e42aedfc4129dd568ca1a43473069959c8,2026-08-23T15:20:27Z,2026-08-23-3
2026-08-22T11:00,97dc4b31c2a38cf025dc5179fd16c2a91ce6e77b3b2e24d5b4cec76d9e7d6ae6,2026-08-23T15:20:27Z,2026-08-23-3
2026-08-22T11:00,97debc210b6974cc24b1e702918c24eff2ceaf1b40dee060186ffacf746a2b5d,2026-08-23T15:20:27Z,2026-08-23-3
2026-08-22T11:00,97e92714d577da88c6e3099e0cf9afb3cc981105dadc42fff6bf30703b8cd73b,2026-08-23T15:20:27Z,2026-08-23-3
2026-08-22T11:00,97ee989bcf08121289f04d862479e121ee2c4e41d22e9c9987a0ac586455c312,2026-08-23T15:20:27Z,2026-08-23-3
2026-08-22T11:00,97f9b39a574a054d74a346d46a8105d7f34fdd6d8cd5b1deeb4e3a413ec1096d,2026-08-23T15:20:27Z,2026-08-23-3
2026-08-22T11:00,98002e2466fc6b7e43e080da091f5d3dfcac595b85e003d12e2c1669ed8f1890,2026-08-23T15:20:27Z,2026-08-23-3
2026-08-22T11:00,9802e4eb200ec808b0d35a418dca079217ddb9f8516c72079c7a81e8a99721dc,2026-08-23T15:20:27Z,2026-08-23-3
2026-08-22T11:00,98053d1105f2702836b08e6225231bf3d8eb9b5f0454a686dbe628446c9fff8d,2026-08-23T15:20:27Z,2026-08-23-3
2026-08-22T11:00,981b22425ec55f71c4c43faf4df11f6f926a38fcdf3288727e757201e32760b0,2026-08-23T15:20:27Z,2026-08-23-3
2026-08-22T11:00,98276e9340739c5207ac6e153b8cd17060139c583e3370bc836d950219daeafc,2026-08-23T15:20:27Z,2026-08-23-3
2026-08-22T11:00,983bb1da33e7aafecf2660c6eb8344dcb700657eb61f539ae23986b120a6195b,2026-08-23T15:20:27Z,2026-08-23-3
2026-08-22T11:00,9857f10d363c35f1ef14767087c2d7a0e14673d47d99d1963f05f4dbd4ddbb1a,2026-08-23T15:20:27Z,2026-08-23-3
2026-08-22T11:00,985f27455e446170b0bc4e5a5ac673f859e1bbcc2168f2d86a3893002af8147b,2026-08-23T15:20:27Z,2026-08-23-3
2026-08-22T11:00,986e3ec88d61915f232b8d245624126a354e61d2bdb224c254092a870d730646,2026-08-23T15:20:27Z,2026-08-23-3
2026-08-22T11:00,987845efc51f04c5a2f38890ff38634d80edfe11a36847ee87d5901a3c9c8511,2026-08-23T15:20:27Z,2026-08-23-3
2026-08-22T11:00,98916af90b99edbd7eeac9d4cb4069f00a556c1197763c8354117f901483ee90,2026-08-23T15:20:27Z,2026-08-23-3
2026-08-22T11:00,98ba76c5fff4a4fcdbd94fe8ab9ddd70166fc659f7bc1522d3bc1789e270361d,2026-08-23T15:20:27Z,2026-08-23-3
2026-08-22T11:00,98c1f5213b979fdf86a0bd491a49708ca102d43699c3a42a83e8d1e9b660f060,2026-08-23T15:20:27Z,2026-08-23-3
2026-08-22T11:00,98c6dab198490db4662ac9ea54e6e589153c398a54e2bd9084557cbd7d81fcae,2026-08-23T15:20:27Z,2026-08-23-3
2026-08-22T11:00,98cdd3702cec229796817c4e821c71d2a1ddceb2bcbd638879b5e3e2c19e27ba,2026-08-23T15:20:27Z,2026-08-23-3
2026-08-22T11:00,98eaf57e8c68e6f24c926eee318feb747d8538d4a7c97b2bc4e66ffadc6eb409,2026-08-23T15:20:27Z,2026-08-23-3
2026-08-22T11:00,98ec2ed2f82123a72254c6871ea75ea612a1de292f89bf68834b36ebd682381e,2026-08-23T15:20:27Z,2026-08-23-3
2026-08-22T11:00,98fa91b77eceb9233f56cd83a08909df24cd4ee5011545e11f2ec802c8deb87f,2026-08-23T15:20:27Z,2026-08-23-3
2026-08-22T11:00,9902ee977bf2eb4e26dc6e04b39d53803d032eb87baaa34eacd6e0d4d25c1850,2026-08-23T15:20:27Z,2026-08-23-3
2026-08-22T11:00,990bf4f568483a5744ec7d29aac034c3ffe52930d31829af337a8d1a78e0ffc0,2026-08-23T15:20:27Z,2026-08-23-3
2026-08-22T11:00,990cbb587a3ffdbcba498fc678a92876029d375ffbaab4c30543af35e41260a8,2026-08-23T15:20:27Z,2026-08-23-3
2026-08-22T11:00,992060c091ee7bb78348fedf25bfb58d091a5f9e43b532e1bb2aa45c0989194e,2026-08-23T15:20:27Z,2026-08-23-3
2026-08-22T11:00,994b9539f35515e9c3412405cecee974c96e2f11d16744926286cdd5ed6bc9af,2026-08-23T15:20:27Z,2026-08-23-3
2026-08-22T11:00,996c627fe2296da19f93083003e31891189945482297c5b9b6d25aa6d61243e0,2026-08-23T15:20:27Z,2026-08-23-3
2026-08-22T11:00,996ebf42db86607d0b91806267926d4af322400c7135a8245275680c90958d81,2026-08-23T15:20:27Z,2026-08-23-3
2026-08-22T11:00,99799942438c5408f5749a90c66fa776db1145107f5bacd751f9c3d4f7b3f6a6,2026-08-23T15:20:27Z,2026-08-23-3
2026-08-22T11:00,9990b7cb18ee271d27c70e690425036b75f09a996c7c547cb8958627e584c92f,2026-08-23T15:20:27Z,2026-08-23-3
2026-08-22T11:00,9992c02f629066bcde2f895d3d5c5bae1a7dc48df038097684bd05959bf84f59,2026-08-23T15:20:27Z,2026-08-23-3
2026-08-22T11:00,999eb69e8466877542e8e06f6abdb8dba228ba206e2655c684733cced84ff534,2026-08-23T15:20:27Z,2026-08-23-3
2026-08-22T11:00,99a74fa8e5c3257d2eab6dd0d46c7471fc3744f94074f09092e5357d2d7e6e6e,2026-08-23T15:20:27Z,2026-08-23-3
2026-08-22T11:00,99b09d9b158995da47f430cb029ae4a83b1c33bacb509bf97f9e424c2aa0d3d4,2026-08-23T15:20:27Z,2026-08-23-3
2026-08-22T11:00,99b2fb89782f4813275f4a93c13087bed08702035a7e3b022029abdfd02920d4,2026-08-23T15:20:27Z,2026-08-23-3
2026-08-22T11:00,99c15a21ff678d4bc48801b4b91e1a4f74acf0a078aa09463c73b0ae09b612c7,2026-08-23T15:20:27Z,2026-08-23-3
2026-08-22T11:00,99c5b2921ebb83a07ec20da531b5ffc02f544b881d4dbf2049e38a155e0a1f77,2026-08-23T15:20:27Z,2026-08-23-3
2026-08-22T11:00,99e102be9e17c77773d2e099c3d6b1c436c547dbdd18d240b60dbaec9cd4e6a8,2026-08-23T15:20:27Z,2026-08-23-3
2026-08-22T11:00,99e9075aebfaebfdd2706e3442b2b1afc78a40b5f735c425ebe20b4e06655cca,2026-08-23T15:20:27Z,2026-08-23-3
2026-08-22T11:00,99f03c9f29ebc4ece67ea1b93852ccbe2ebfd088d12b44f5417078737d7c1608,2026-08-23T15:20:27Z,2026-08-23-3
2026-08-22T11:00,99f664278415a42538163a5c95451d36aaad655cfdf818655ea3179263bcc683,2026-08-23T15:20:27Z,2026-08-23-3
2026-08-22T11:00,99fe5236c4e9cfed2d403fbe49fac09c69b5fdc59021f65e89db67a3317c9869,2026-08-23T15:20:27Z,2026-08-23-3
2026-08-22T11:00,9a160a057051601b86ff358fc097b0812c9bfcdbcbf139fabd8e0434d69a869d,2026-08-23T15:20:27Z,2026-08-23-3
2026-08-22T11:00,9a2acf118ed495528ac811807d6e2967fc2043d4f12abdde3bd3688f63a99a58,2026-08-23T15:20:27Z,2026-08-23-3
2026-08-22T11:00,9a3c9bbed2225b158b2c3a3360eff2be2a881a18719e7f3416012f471c12d163,2026-08-23T15:20:27Z,2026-08-23-3
2026-08-22T11:00,9a430f49d7e0b1d103bb9e10343dc9e1132d102bf05bc64d6daa3b4a8557c328,2026-08-23T15:20:27Z,2026-08-23-3
2026-08-22T11:00,9a44bc43ee91f0114e01172fdf100ecb2fee7e20f0caf4d11d811a58cd257039,2026-08-23T15:20:27Z,2026-08-23-3
2026-08-22T11:00,9a497369323747b3d215964093e254c0cd04362ad84781a7c9f86aad99156804,2026-08-23T15:20:27Z,2026-08-23-3
2026-08-22T11:00,9a4eca6e135e802731b12171a72ef70ba7ee6e32af61557164986ce5156625c5,2026-08-23T15:20:27Z,2026-08-23-3
2026-08-22T11:00,9a551c5ebfbe0b6c24e0e707eaf6fe9ca177fb6f7367df5cc9ad2cc0061492c2,2026-08-23T15:20:27Z,2026-08-23-3
2026-08-22T11:00,9a5d73af0fe988dc1a3cbbe01a74efaf53c4a7caa1f624df7649923a2efc36fd,2026-08-23T15:20:27Z,2026-08-23-3
2026-08-22T11:00,9a70a732eb0a024bf86194637bec1f34c080624f6ee451ba15887666ccc37fdd,2026-08-23T15:20:27Z,2026-08-23-3
2026-08-22T11:00,9a7d8a2adff679cb8a0c907021e1d4a851416222418432cf5992b0439c432aef,2026-08-23T15:20:27Z,2026-08-23-3
2026-08-22T11:00,9a9365866e0d78a7043f7b84be8762ef5a6922e83a7469a69a4e1f9a4d4ed4fa,2026-08-23T15:20:27Z,2026-08-23-3
2026-08-22T11:00,9aa5a5a7403adb6ac254991c591ff432feaa65c140e2f8d51195d6df08719578,2026-08-23T15:20:27Z,2026-08-23-3
2026-08-22T11:00,9ab874ca894491c8d4112f29c8e8dc3d75b03d4d55b5994171617e76016985db,2026-08-23T15:20:27Z,2026-08-23-3
2026-08-22T11:00,9aba7995b6a5f362ca76b09c85863efef02e92dd0d9e425aa651d7271abbe5bc,2026-08-23T15:20:27Z,2026-08-23-3
2026-08-22T11:00,9abc1f64c82ff6537fb2c89cd59815850edb0bb8c3ca3205eb3c3231dabe3104,2026-08-23T15:20:27Z,2026-08-23-3
2026-08-22T11:00,9abdd09e1b202c5e56f51bc565b8d038097ee998ec5b20ea4c045b047e55a53b,2026-08-23T15:20:27Z,2026-08-23-3
2026-08-22T11:00,9ad0a4ce36a352349320d3a93897d35b5168c31325d3e4a078125a7637b1cb07,2026-08-23T15:20:27Z,2026-08-23-3
2026-08-22T11:00,9ad1c68e89568ef4e1d6915df07f4826396236251365aed43811b4bfd362e2ed,2026-08-23T15:20:27Z,2026-08-23-3
2026-08-22T11:00,9ad630255e3075d9208ff1aadb490ab104a825d3932e9e72993108ea02713f5a,2026-08-23T15:20:27Z,2026-08-23-3
2026-08-22T11:00,9adc8594232bd72a2bff7a0ae57f9d2febb4a2dfb8724cbcdfdb212bf803201a,2026-08-23T15:20:27Z,2026-08-23-3
2026-08-22T11:00,9af88945e47d9ed6be546ff0463c071652138c3ecadab3190bf4af23253740dc,2026-08-23T15:20:27Z,2026-08-23-3
2026-08-22T11:00,9b2e84fe16a02534b2e5083f718b8c393045e8c63ce6baa41eca495197ada2ad,2026-08-23T15:20:27Z,2026-08-23-3
2026-08-22T11:00,9b320e7e4342a52cf064ff858e29d9b8aabf4d0e251550ea894e6834c6b36a69,2026-08-23T15:20:27Z,2026-08-23-3
2026-08-22T11:00,9b3a357a90e1a02f48cb89af957805c588b1387c939199cd38cc14771239c380,2026-08-23T15:20:27Z,2026-08-23-3
2026-08-22T11:00,9b3afeabb15b8504aed98db3072add41e73abc85f962a2eae8b3bf1509f58a4c,2026-08-23T15:20:27Z,2026-08-23-3
2026-08-22T11:00,9b4bf13ed79f362b991f405a3d7d1d3337eacd1e887547438cde91d880ccb69b,2026-08-23T15:20:27Z,2026-08-23-3
2026-08-22T11:00,9b4bf6ed3a636d2e7fe1771b80186fbf8f7ec31d7f1e3ca01225042860e667f5,2026-08-23T15:20:27Z,2026-08-23-3
2026-08-22T11:00,9b5b194180922719bc691548c97a66eaee114bda02df05a1eefe26af1ce2ac4d,2026-08-23T15:20:27Z,2026-08-23-3
2026-08-22T11:00,9b5dd3be93ac6d363c81a07a30a614e11368d1e88fc4b3227a01c33853c034f2,2026-08-23T15:20:27Z,2026-08-23-3
2026-08-22T11:00,9b5de247ae9fe569bf81a1754d42883ee95c24ab05d0015ef8c667fbe09ce6b8,2026-08-23T15:20:27Z,2026-08-23-3
2026-08-22T11:00,9b777351a1a7dda3d3a3803bb96274689d4e433506db2cb06c0e03cdb4b6a565,2026-08-23T15:20:27Z,2026-08-23-3
2026-08-22T11:00,9b7f3dec51df76dbebd5f1f3fb66f7e022b936d23982ccb83a38ad1947fdaf5c,2026-08-23T15:20:27Z,2026-08-23-3
2026-08-22T11:00,9b87ffcc2c79d528e20f487b03cc557e73e6b6ef022a590131d17c30bac65c30,2026-08-23T15:20:27Z,2026-08-23-3
2026-08-22T11:00,9ba5e3e1aaf30466f44c92590496e6176ee3d204d266a647fe585c9117416cc8,2026-08-23T15:20:27Z,2026-08-23-3
2026-08-22T11:00,9bafa93fe08b847d5d92140912eaaad9a7a6da1c55940aa1439e6fdd8c2d3c44,2026-08-23T15:20:27Z,2026-08-23-3
2026-08-22T11:00,9bb0d82dfc49f39113487c7ca3ed91dc775f529bc840695569af4bccaee6c83b,2026-08-23T15:20:27Z,2026-08-23-3
2026-08-22T11:00,9bbf0427488ae667a391a089d0e8393f0e23f71b278660bbb3ee97f86d085a12,2026-08-23T15:20:27Z,2026-08-23-3
2026-08-22T11:00,9bc8e7751f802c1e63dadf86f594d94fa630bb0722c03c4ef6f7feb18108cdc3,2026-08-23T15:20:27Z,2026-08-23-3
2026-08-22T11:00,9bcec59458e97e4daed76b27fe71f4b1dab7a1cfba07979af7c82e2327bf831e,2026-08-23T15:20:27Z,2026-08-23-3
2026-08-22T11:00,9be2f103fbe51c1c9f2cdd6dba580f5a601d185ffaa28c9f7e8f44c3558561e4,2026-08-23T15:20:27Z,2026-08-23-3
2026-08-22T11:00,9befbd1c5794985677ab4159e2ed153dabc2b22513e49d33d045c4ad0ca9635e,2026-08-23T15:20:27Z,2026-08-23-3
2026-08-22T11:00,9bf6f76739c409d5ca39c34a1db9c3890bc04ab990631ecae9d628a5801cf64d,2026-08-23T15:20:27Z,2026-08-23-3
2026-08-22T11:00,9c053eef9018983766db16140a84552406fab558221fb276e5c7ae5c819f10e9,2026-08-23T15:20:27Z,2026-08-23-3
2026-08-22T11:00,9c0d8aad5e9f34844217e1fd54c93282847c340482ddd05e18e870001a00d441,2026-08-23T15:20:27Z,2026-08-23-3
2026-08-22T11:00,9c136c29e6ba4008b52cc14ef25ee4fce82c50c04e906960fa70a180e2da328c,2026-08-23T15:20:27Z,2026-08-23-3
2026-08-22T11:00,9c1bae60487d20330641caeb1d73c98a9ada20239f2dfb283ef2f4a1ccb2f5f0,2026-08-23T15:20:27Z,2026-08-23-3
2026-08-22T11:00,9c25f4ae7a186d68926fabf7ba66321e74423e571b1f86a4351d93eff1c6252c,2026-08-23T15:20:27Z,2026-08-23-3
2026-08-22T11:00,9c2bb92d91cb4689e075caab114f8f9b40b5e7429d1e2373c547b39169fe3cc8,2026-08-23T15:20:27Z,2026-08-23-3
2026-08-22T11:00,9c3b09f94e4fd0003e0922eb8cb01ec615381fff3b1c52cff47e8c892a270f91,2026-08-23T15:20:27Z,2026-08-23-3
2026-08-22T11:00,9c454889504e146e1f4e69d20de81665d578c1cdb7e5b1586372800d183ce5e6,2026-08-23T15:20:27Z,2026-08-23-3
2026-08-22T11:00,9c4d192fd24fc218ac911b0b8755a0d60624436faf1d00c30e8f9ab0cc00e3a8,2026-08-23T15:20:27Z,2026-08-23-3
2026-08-22T11:00,9c50c0ca43e50bf46acc3ed9424e9ded9b4974caf31ff15efae1c6ddfa1a09ac,2026-08-23T15:20:27Z,2026-08-23-3
2026-08-22T11:00,9c6616b1e5c4c14b986a223b6787732c099857d38c7e5b006da47bbb7998484c,2026-08-23T15:20:27Z,2026-08-23-3
2026-08-22T11:00,9c92ac99c13496bb3dbd7a4779980917cc38b5ddcfeee96817ab193cb85b13fc,2026-08-23T15:20:27Z,2026-08-23-3
2026-08-22T11:00,9c94d5bfc99d8e302a920dbef807effc29c5798b76c46f2a580fb92fc7838db8,2026-08-23T15:20:27Z,2026-08-23-3
2026-08-22T11:00,9cc3a022134e4fed71f685e527a67b0f8fb34f19c07b5fff97ea3db981af5a8d,2026-08-23T15:20:27Z,2026-08-23-3
2026-08-22T11:00,9cc3b14e3b9c7b80270d1a4d66b00d65f8eaf10f3058efb10d6469165b0cdaf1,2026-08-23T15:20:27Z,2026-08-23-3
2026-08-22T11:00,9cc806a4f48cbab76e9b7396d54232e0c1588a1f1ae932a86639b9d444cf225c,2026-08-23T15:20:27Z,2026-08-23-3
2026-08-22T11:00,9cd7c8894f8bf41a3e60cb32131764704a439677ac8c8559520feba9bffcfe0d,2026-08-23T15:20:27Z,2026-08-23-3
2026-08-22T11:00,9ce028a0345ecbeea1a5a5fdd9f6aaba01ad5e2509686cd11626bf57ec0afd44,2026-08-23T15:20:27Z,2026-08-23-3
2026-08-22T11:00,9cf289b414fdf955889f2f6da89cd07f3e9687741a433deba67d3e5322dc8330,2026-08-23T15:20:27Z,2026-08-23-3
2026-08-22T11:00,9cfa1f6a0dab37973a5da42a88418178aa87a3ce3db6fa1081e558d250561c2d,2026-08-23T15:20:27Z,2026-08-23-3
2026-08-22T11:00,9d1e59719e725aaa84cefbeb2a7f7e0a6ba40fb314b3ccba0e6f6f32920f29a0,2026-08-23T15:20:27Z,2026-08-23-3
2026-08-22T11:00,9d4e58fc4d731e885196f13b25d8417ac26b94053e80dcb9d6f86d97fc74d787,2026-08-23T15:20:27Z,2026-08-23-3
2026-08-22T11:00,9d610fc29c93af78c275fd343739b3ba090497de6edddfdbabc99c81e67b1508,2026-08-23T15:20:27Z,2026-08-23-3
2026-08-22T11:00,9d614f8a98d76084d52c5dec12dab7013b9ed05db11f0b993236e76c8c511c92,2026-08-23T15:20:27Z,2026-08-23-3
2026-08-22T11:00,9d6aaa1dd3a3d046df79c652cca8b811caff6bafafeee825328933f49d40b3a4,2026-08-23T15:20:27Z,2026-08-23-3
2026-08-22T11:00,9d775c9965d14c935821695957b3b89ccf6aa5cc15a1d20e0953da79d7dbe118,2026-08-23T15:20:27Z,2026-08-23-3
2026-08-22T11:00,9d876cf7b6cf89c9b59cc5874d448dc41a43e77c58abc4893448626db2d5680e,2026-08-23T15:20:27Z,2026-08-23-3
2026-08-22T11:00,9d88f40c9f92ca2f3247e99af7c3ce5b25cd5b6d3697ea4df11b061dc304fb8d,2026-08-23T15:20:27Z,2026-08-23-3
2026-08-22T11:00,9d892258aeb5ae814e985be33d498f2975e24315ec9ba4779f98f7de9db7d461,2026-08-23T15:20:27Z,2026-08-23-3
2026-08-22T11:00,9da0d5165b88362bdd590f73782d3143245185f00d198c84044d587421ef4722,2026-08-23T15:20:27Z,2026-08-23-3
2026-08-22T11:00,9da4acd048f0ddf61608c1effcc03b1a4d054ddb63fed1bc285dabec1d6dfad9,2026-08-23T15:20:27Z,2026-08-23-3
2026-08-22T11:00,9dcc06508c378b618b3d2766381f65b91e78a67535e42c8d9c87d903d579b7e0,2026-08-23T15:20:27Z,2026-08-23-3
2026-08-22T11:00,9dd06ff2acc7e68a149ec535f0847946c774790bb534c02265acc5bab4ca247a,2026-08-23T15:20:27Z,2026-08-23-3
2026-08-22T11:00,9dd1a9edf9be8ba8fbc581fc68b5412c4c4148b1a93dc0a35cc29376e76c6c9c,2026-08-23T15:20:27Z,2026-08-23-3
2026-08-22T11:00,9de5fe8709a446c84b966a299680ebefb4636053edfe26434eea20ee89b2704c,2026-08-23T15:20:27Z,2026-08-23-3
2026-08-22T11:00,9df00bf72e0ecd9e34f3cc96c4acd4e6373a4210146fdbcbecd62846fc033f42,2026-08-23T15:20:27Z,2026-08-23-3
2026-08-22T11:00,9df386c2ef1ebd6c972b7a49150691217c1dff40292771d8f871d36f1a1a0172,2026-08-23T15:20:27Z,2026-08-23-3
2026-08-22T11:00,9dfb0e4371f91f2d565a39d816ac20e2c5538f8a346f8d48b25ea171e90fa705,2026-08-23T15:20:27Z,2026-08-23-3
2026-08-22T11:00,9dfd3cb35306a03de025dd45e21319034dc97384c8480338777de4777cc28c34,2026-08-23T15:20:27Z,2026-08-23-3
2026-08-22T11:00,9dfe21d9a70633257c374154e0945d2844576d2be720b7243ed81c5323a1013e,2026-08-23T15:20:27Z,2026-08-23-3
2026-08-22T11:00,9e022f1c462a8e4ad8ecb706a794aadb9140e0f4c837576b9f1d06f7a1034f63,2026-08-23T15:20:27Z,2026-08-23-3
2026-08-22T11:00,9e06d31dd395b7ae1754e923e933d7681d793a604dd0119f4b5b0e8edcc55751,2026-08-23T15:20:27Z,2026-08-23-3
2026-08-22T11:00,9e084b796460d96312bc30d6605049dac5a8baa410b08726b53febb66bb7ec8e,2026-08-23T15:20:27Z,2026-08-23-3
2026-08-22T11:00,9e09f2e179cbd9c200188fffaa01d79b68f52678bb54c3a78f4e994faaa38d0a,2026-08-23T15:20:27Z,2026-08-23-3
2026-08-22T11:00,9e292e546a1a53cb2d6c26d44a8cfe4fd07d2feb47f79abaab9b7fb0271af933,2026-08-23T15:20:27Z,2026-08-23-3
2026-08-22T11:00,9e3636b0b0345d81fb9b468aac6cd17098c3b8cf461586190d617c4fcbd3cdb6,2026-08-23T15:20:27Z,2026-08-23-3
2026-08-22T11:00,9e383acaa431b7ad8b79716253d9d32edf06bd5bf61bba8470c112e698bdfb55,2026-08-23T15:20:27Z,2026-08-23-3
2026-08-22T11:00,9e386ddb8698a3d61723c1a3d7e77e44cb89aa1e4f1761b6d2d06f79d8670f2f,2026-08-23T15:20:27Z,2026-08-23-3
2026-08-22T11:00,9e4544170f744d7eb2e9b52da39d9e36e039f82816d896e6be34e92bde584da9,2026-08-23T15:20:27Z,2026-08-23-3
2026-08-22T11:00,9e4afd9211a12f1465b1d748e2f21cc65caba2c512f683726b6f9b2172bd35bd,2026-08-23T15:20:27Z,2026-08-23-3
2026-08-22T11:00,9e5718ec6cb8c09e5c851df19dd5385d70789e1d79faf71ffab139d4eb430168,2026-08-23T15:20:27Z,2026-08-23-3
2026-08-22T11:00,9e6fe18682e31de423cac5cdcf3a20460fc94dec33e6aa27e7b6381f7abb3464,2026-08-23T15:20:27Z,2026-08-23-3
2026-08-22T11:00,9e717b5a505de2cb1c9e2ea053afa495a8c1dc519c0997d6df7f26e681a69049,2026-08-23T15:20:27Z,2026-08-23-3
2026-08-22T11:00,9e7630d4c01b934eba4c571238020bd966da113d99d96f5476785f370cf6dc9b,2026-08-23T15:20:27Z,2026-08-23-3
2026-08-22T11:00,9e78a59a3aa683610542efd50a4abd4d94f70ff7ba27aacf8b2109da52a0eee8,2026-08-23T15:20:27Z,2026-08-23-3
2026-08-22T11:00,9e79ba40da6327864be5b8294a4c7cc45001b68a81abcb3e801eb1825ba22482,2026-08-23T15:20:27Z,2026-08-23-3
2026-08-22T11:00,9e899a157ff8ca685d215ee4e64b6f34a06a42afa71ee9ae885858af1c79cdc0,2026-08-23T15:20:27Z,2026-08-23-3
2026-08-22T11:00,9ea61497c289b52aa384718a6fd87ffc6fe5e4b34106476ae7f511f0dd552ed6,2026-08-23T15:20:27Z,2026-08-23-3
2026-08-22T11:00,9eb8763d8b8625bb75c6e0a731b11aea598f4d0a03620ee5e823667b3df34966,2026-08-23T15:20:27Z,2026-08-23-3
2026-08-22T11:00,9eba40c7cc75c2870e849fa2f902f0bfb5415bc035a943c04816bdf9dc68c4ae,2026-08-23T15:20:27Z,2026-08-23-3
2026-08-22T11:00,9ebc93b5028136faa245c9b345d53b9f3ddf7fd53ba2dbf80a7d9f7737a1898b,2026-08-23T15:20:27Z,2026-08-23-3
2026-08-22T11:00,9eccffdf32abe0747e03258bf9af9e2e96421e38cf22bfc46326edf23baef27a,2026-08-23T15:20:27Z,2026-08-23-3
2026-08-22T11:00,9ed4794fa33cee347e342113a71e9efe4f89535f8a865dda6deac38fb16f487a,2026-08-23T15:20:27Z,2026-08-23-3
2026-08-22T11:00,9ed6b43223f9550039df0e91899e0d16f17c1a6e72ebc0d8c0d0e8b4daab17f2,2026-08-23T15:20:27Z,2026-08-23-3
2026-08-22T11:00,9ee9402745525707530c13598708762465a08a2145105d5e2d6f4e3cb960d50b,2026-08-23T15:20:27Z,2026-08-23-3
2026-08-22T11:00,9f07e3f351384e802ac4e20f1c1f5dd267cd76e399955ba6bcc0d2155d1eff03,2026-08-23T15:20:27Z,2026-08-23-3
2026-08-22T11:00,9f11083efd0aaf9a299f5ce5b0ca44d5cb84ecb3b150814f778373be45aa49c1,2026-08-23T15:20:27Z,2026-08-23-3
2026-08-22T11:00,9f32178ba2827b1b30267aef88768ad5520aa68da430e05639dfb9a60864a17b,2026-08-23T15:20:27Z,2026-08-23-3
2026-08-22T11:00,9f340727232d898a6ead94d0d9b36cc11221be190f17bbdaf2fbe89bfc9de7ec,2026-08-23T15:20:27Z,2026-08-23-3
2026-08-22T11:00,9f40e902d71f7e22df26761d7114302435e8f7d4c3c90e8c2bb877d2ad620dc1,2026-08-23T15:20:27Z,2026-08-23-3
2026-08-22T11:00,9f4109a9b2b6c901e664138306e1f7fbf1b60da7620d62aa0701a03df800fea5,2026-08-23T15:20:27Z,2026-08-23-3
2026-08-22T11:00,9f44b3bc8ea3b02aa89469d998cbfa9e814a1daa1094ae3f810330a8147e2827,2026-08-23T15:20:27Z,2026-08-23-3
2026-08-22T11:00,9f4dbdd37bfa3bd34250cd86994e87f6901bdfdbc9560ab1a1dfbf5c85fec1b0,2026-08-23T15:20:27Z,2026-08-23-3
2026-08-22T11:00,9f4f77c5761fbc775f231b69086b7bea7d2aef993fd8d43e3fe26870af8d9200,2026-08-23T15:20:27Z,2026-08-23-3
2026-08-22T11:00,9f76f3b2abe921b804dbbe1fef18faa46310800fddf43d697604fa049dc5d1cb,2026-08-23T15:20:27Z,2026-08-23-3
2026-08-22T11:00,9f84e2e45d87466b2176e26eb5b1c8da427dade95332a2ad6aa2629a40d7b53a,2026-08-23T15:20:27Z,2026-08-23-3
2026-08-22T11:00,9f8509adf4342ffa57e7df0a015cedd21b91b06eb40f5f5c2d4f293b5ac566e5,2026-08-23T15:20:27Z,2026-08-23-3
2026-08-22T11:00,9f9279ae774d1c89228d9958d2d1d551d1000c0b52c2f79cde741e2c186b3829,2026-08-23T15:20:27Z,2026-08-23-3
2026-08-22T11:00,9f941c752313f729a05e5a84af3b99e4d695ae0cba50d2b192a76ec0fe13cf34,2026-08-23T15:20:27Z,2026-08-23-3
2026-08-22T11:00,9f95a9d02e2193716f1ccb1af4b34c1cc83c963a1eefd12f5eab9f4600f233c3,2026-08-23T15:20:27Z,2026-08-23-3
2026-08-22T11:00,9f97f7133cd4f512c646e8eac97eecb48dfeb5b7af8be491f30986402c871577,2026-08-23T15:20:27Z,2026-08-23-3
2026-08-22T11:00,9fa4b6e910971c56b4a4ad0081689c46000a9cd2d1f9e49cf5754455e3a0b433,2026-08-23T15:20:27Z,2026-08-23-3
2026-08-22T11:00,9fa4d4a1f668229928cf2afe7a1b4e38be0691afd89904baac68b883b87230b2,2026-08-23T15:20:27Z,2026-08-23-3
2026-08-22T11:00,9fb0387e63d49182310e80cefa76ea08a08b56ce6e84685d554742ba8d9b358f,2026-08-23T15:20:27Z,2026-08-23-3
2026-08-22T11:00,9fb4c18e4983c07e2efbfed3a5b48debb13ccfaa870c190b18d4996d0f4bf6f6,2026-08-23T15:20:27Z,2026-08-23-3
2026-08-22T11:00,9fb5e9995ccc5e1bcc91889e6bee272be2189821c8464dcfea376d00411fed6e,2026-08-23T15:20:27Z,2026-08-23-3
2026-08-22T11:00,9fbbdfc28ae67eda85c75c3cd16f01f31a84ec461509e661ea62cf20ff908a14,2026-08-23T15:20:27Z,2026-08-23-3
2026-08-22T11:00,9fc54b0995fc8c1a3f2bc0dd8dda14c5dd84da4a36d5e99a0c40f1afa218c8e4,2026-08-23T15:20:27Z,2026-08-23-3
2026-08-22T11:00,9fdee160281489f338f41265b2a741fd9e5339ae3cc7651d84a06f5fcc33decc,2026-08-23T15:20:27Z,2026-08-23-3
2026-08-22T11:00,9fdf993ff80cc99e2746ff60425cdc753069c17f36101ee69a558d2108f4fae8,2026-08-23T15:20:27Z,2026-08-23-3
2026-08-22T11:00,9fe200ec9daf7a50af69583650531e0b666c5c490138ca61a5d5ea540f63885e,2026-08-23T15:20:27Z,2026-08-23-3
2026-08-22T11:00,a0054230c097ef751fa2d99549658517d9c113b7312eca0cbdf56d6988b757d4,2026-08-23T15:20:27Z,2026-08-23-3
2026-08-22T11:00,a00ebf184e4225588a8cd3982f8879c15f9a2f5c3f416e2c43a7d3a78cc4395c,2026-08-23T15:20:27Z,2026-08-23-3
2026-08-22T11:00,a013f3a7b8f7752fd9e99c46b8ae0a6e164d64dfe0158181d96f767c4d6cd9b5,2026-08-23T15:20:27Z,2026-08-23-3
2026-08-22T11:00,a019a961c8213b9efeb2ef12c6ea3cd8489f70660ebc5751485f5c6213cf7c60,2026-08-23T15:20:27Z,2026-08-23-3
2026-08-22T11:00,a028cc7ae9bd695cb41dc7e2ea925aadfe1c0cc88ed50dd7ad50f9575de5f80e,2026-08-23T15:20:27Z,2026-08-23-3
2026-08-22T11:00,a03157b0e2c6f3e2b3b054a33a706907f6cba7bfdb23311bd90c567c73d2bada,2026-08-23T15:20:27Z,2026-08-23-3
2026-08-22T11:00,a0351aeb3b26af1ec2141a10afede0a6aadf203576cdf60c6242d918700ee930,2026-08-23T15:20:27Z,2026-08-23-3
2026-08-22T11:00,a03605c38ac072e4b77247db292b37d19d1bc1df80ceef7e407afb829ddc9e0c,2026-08-23T15:20:27Z,2026-08-23-3
2026-08-22T11:00,a042b34f05ba295ad4577a30b5a37c63ff647f99973f0d432dd5b8940fa50ed8,2026-08-23T15:20:27Z,2026-08-23-3
2026-08-22T11:00,a04d57070e9b202e388d3b14dc47b80b186ffe02d5092371bb6231384b58d44c,2026-08-23T15:20:27Z,2026-08-23-3
2026-08-22T11:00,a04e0da0cbaee7cc59298eafc5aec5569c5a63b5d4d36d199d12fc286fcfc3bd,2026-08-23T15:20:27Z,2026-08-23-3
2026-08-22T11:00,a0548204096bc42f6fead44f9b592c91946ee7505ccb0bcd74ca39c1dfe98084,2026-08-23T15:20:27Z,2026-08-23-3
2026-08-22T11:00,a05a46015674bd57e8ab4acb405fe028878068932efb9b72addc15f6e1bf80a0,2026-08-23T15:20:27Z,2026-08-23-3
2026-08-22T11:00,a05dee35b35be40ccac2183b3177fd525dcf83f129f7467fec6598d95f037762,2026-08-23T15:20:27Z,2026-08-23-3
2026-08-22T11:00,a06be7d40fb7d7f9ef3697a8f5b969e00acaa766f56bbcca5b90534c14d1fd0a,2026-08-23T15:20:27Z,2026-08-23-3
2026-08-22T11:00,a06db2def961c698c167c7c0f8bf36fb647d56198e97baad05052372f3dd741b,2026-08-23T15:20:27Z,2026-08-23-3
2026-08-22T11:00,a06feb3cfe5078db1622df050e3c7d362a158cccece74dd0e761f8c7d61424ac,2026-08-23T15:20:27Z,2026-08-23-3
2026-08-22T11:00,a07021a5ad8805048eaa3a2ac0569bec954a2547784363337cc6467fbd55850d,2026-08-23T15:20:27Z,2026-08-23-3
2026-08-22T11:00,a07eb39dec044669d8f47a8d71be9387d81afda5ac0f72e5197c23af0980f0be,2026-08-23T15:20:27Z,2026-08-23-3
2026-08-22T11:00,a080c977e68ca2ff4e47bbc5a9d3f8e5a0aae7bd1c2a85e80dfe66a39d23915e,2026-08-23T15:20:27Z,2026-08-23-3
2026-08-22T11:00,a082010229f582571e1672005601ca6624cd521b5bef6a985cc5e721f5bdb57f,2026-08-23T15:20:27Z,2026-08-23-3
2026-08-22T11:00,a0904673d8e83392bf0846c7674476b4059adb3f083f128528f7aa1ff1dea03f,2026-08-23T15:20:27Z,2026-08-23-3
2026-08-22T11:00,a0987234c1d9a3affe42183d5110d3bdf9341cd382cab97181db659d4c7c5713,2026-08-23T15:20:27Z,2026-08-23-3
2026-08-22T11:00,a099112a5d8e4092af649dafcb2dd6cd60de0144dd97c494a5b3db185b36945f,2026-08-23T15:20:27Z,2026-08-23-3
2026-08-22T11:00,a0dea8d4c9648111a7a26131bf061c4142d54ec1b758ef9d63f0837b86131755,2026-08-23T15:20:27Z,2026-08-23-3
2026-08-22T11:00,a0e832cc6270662b128994422cc6ee2c94c0c7febbe73a1db100a0e061f2bc44,2026-08-23T15:20:27Z,2026-08-23-3
2026-08-22T11:00,a0f40a45c50f447b28a9c49e3b646d9420b9d7ad01a21a0642abab5cc5deee21,2026-08-23T15:20:27Z,2026-08-23-3
2026-08-22T11:00,a0f8aacef655e7f8e0f38940c17d0599dc783ee22d6696dd73afdc8a90413216,2026-08-23T15:20:27Z,2026-08-23-3
2026-08-22T11:00,a0f907f8d5eec9c3a20a05b1f49ec022e34fce936d42f2eee8e2eb311eaa51a8,2026-08-23T15:20:27Z,2026-08-23-3
2026-08-22T11:00,a0fb18f97fb4db9311adeba64ba1395857f20e95a739f4120f764dd5e50bba87,2026-08-23T15:20:27Z,2026-08-23-3
2026-08-22T11:00,a0ff7aaba888987e653a6255c7296a246995227afb69b8b49529273ba821c255,2026-08-23T15:20:27Z,2026-08-23-3
2026-08-22T11:00,a11ba83c78d321567b7ba8eae359afa3370ee38b4726a46692e97ad856a2d8fc,2026-08-23T15:20:27Z,2026-08-23-3
2026-08-22T11:00,a11d0ee0657d2e022afcb38c4f46568be36e3b5c5036f874d1489126f28e53a4,2026-08-23T15:20:27Z,2026-08-23-3
2026-08-22T11:00,a1312e54bd28a28cba89641a0832efcc7bfe67652966746a0326d8729b2c7e12,2026-08-23T15:20:27Z,2026-08-23-3
2026-08-22T11:00,a131afc3765214c87f75cb40aaa15714539019001e433958200e7ec88bf2a266,2026-08-23T15:20:27Z,2026-08-23-3
2026-08-22T11:00,a13392199671b7e5e7b963103e31e72565c837dde93777fa9eae6bed35a5b86d,2026-08-23T15:20:27Z,2026-08-23-3
2026-08-22T11:00,a135121185ab45ce6d457243c734cd20a8ba167a9179da9e8bf5f4494915ef54,2026-08-23T15:20:27Z,2026-08-23-3
2026-08-22T11:00,a13cac4d0e62c598c7d6ece6120843d9644bab1d8d6273aa85820cadb225f162,2026-08-23T15:20:27Z,2026-08-23-3
2026-08-22T11:00,a14828a5864e54cbd365cf552ae7aefcf71cf83f15b764431c5b0dcfee3c58e4,2026-08-23T15:20:27Z,2026-08-23-3
2026-08-22T11:00,a14b1b49d5c41ae38e26f90a40fed966708fd61135c53def5da59419b2811ba4,2026-08-23T15:20:27Z,2026-08-23-3
2026-08-22T11:00,a15533afae181aa4057669670e728d1abdc7a76c0af9f456624e201f87fe1f8e,2026-08-23T15:20:27Z,2026-08-23-3
2026-08-22T11:00,a15adbd33f2781761720b631e37a5fe69065ec25c925fa13d56c83e4ca57e77a,2026-08-23T15:20:27Z,2026-08-23-3
2026-08-22T11:00,a16e2f8e8d137f7030df66697672018594b65c8e59ab42dab7d447a696668f5b,2026-08-23T15:20:27Z,2026-08-23-3
2026-08-22T11:00,a193572aa133c67f2d29acacb79cb24ed292d3879b08fb8c232ac2d83658b841,2026-08-23T15:20:27Z,2026-08-23-3
2026-08-22T11:00,a194f6efa79d7c7592ab5ba4f0d7c0dbbe0232eec6522409e822bfe6d34e8aa0,2026-08-23T15:20:27Z,2026-08-23-3
2026-08-22T11:00,a19fa0cf4934e421a74a52febb65b79c3bca43420112fc9c56c2a33675ca1954,2026-08-23T15:20:27Z,2026-08-23-3
2026-08-22T11:00,a1a544da2bb6288f923d9afea2f9e250dbd63da637ce7dda82d3f4efa8e86cb5,2026-08-23T15:20:27Z,2026-08-23-3
2026-08-22T11:00,a1ba55cf7cb792e045b8a24503c5e9e83cd6beb5af36f3967f2d93532bc9f88d,2026-08-23T15:20:27Z,2026-08-23-3
2026-08-22T11:00,a1bd3fd84307b2f515868b16407b2eeb3da04c4b272931366a743871ebb14d75,2026-08-23T15:20:27Z,2026-08-23-3
2026-08-22T11:00,a1c8df89a3c96801fc06718451edbffb076453fcedcbb4a7efa82df41f79715d,2026-08-23T15:20:27Z,2026-08-23-3
2026-08-22T11:00,a1cd4b37c2068201db2382da1ff7a8138050056b270c353dca24f9b780af7ca5,2026-08-23T15:20:27Z,2026-08-23-3
2026-08-22T11:00,a1e50ddc287e5968d8d768ef3011c4941da31da8260b5d834dd47c6f6bd263de,2026-08-23T15:20:27Z,2026-08-23-3
2026-08-22T11:00,a1ec0479079bcce688e1ddee253aab4c6248d5397550a2e8f4fd7567d2df0fd0,2026-08-23T15:20:27Z,2026-08-23-3
2026-08-22T11:00,a1f0c57101db56dbe467b40147898736d069b91fce076d868a57a7c4ca8d5307,2026-08-23T15:20:27Z,2026-08-23-3
2026-08-22T11:00,a20bb63f4b1e2e3c6aafd2d7400a6f12b51d6e2a52f6671938b68962c36397a4,2026-08-23T15:20:27Z,2026-08-23-3
2026-08-22T11:00,a20f28bf04aa56ef7b07fc802f5f1564bde783455f4aa161f164a083f9868b9b,2026-08-23T15:20:27Z,2026-08-23-3
2026-08-22T11:00,a2105fd283ff7ebfa10d9e3c6a10293f3197590d2c93505c35b1cf6d4ee0d183,2026-08-23T15:20:27Z,2026-08-23-3
2026-08-22T11:00,a210fb0689b30aafa9f3e772578b01d0836fe379931b4c946700bf37be0d67fa,2026-08-23T15:20:27Z,2026-08-23-3
2026-08-22T11:00,a215b208b245251fb8a2cfaeef43e50c8adb765d0eb689b9312e902677e78e95,2026-08-23T15:20:27Z,2026-08-23-3
2026-08-22T11:00,a222f9b3ade1af5e330a0afac28944c8112f4d0f6eb33d2823002c9d09826d3a,2026-08-23T15:20:27Z,2026-08-23-3
2026-08-22T11:00,a224b407363ae9264740bb3634f26623ef03e59f4ec538ca0461b7166b465747,2026-08-23T15:20:27Z,2026-08-23-3
2026-08-22T11:00,a22eac83b96d274ce93bb13b7f9ab55e5fcb845d9151353e259341012d1c534b,2026-08-23T15:20:27Z,2026-08-23-3
2026-08-22T11:00,a2595bafea7f4e46c1c565018950e49d158c9a39a129837d524eac740f2228f5,2026-08-23T15:20:27Z,2026-08-23-3
2026-08-22T11:00,a25ca0ab29d9be00a3273a0665f88c1ae99f55ffabd40432617bdfebe03cf269,2026-08-23T15:20:27Z,2026-08-23-3
2026-08-22T11:00,a26d784848bbc35d6c232748ba0b46a2e4791e0a3ee1e1dc28912b0440c541c2,2026-08-23T15:20:27Z,2026-08-23-3
2026-08-22T11:00,a271ad4d6a128e01d1acbc086a3f96992fb7930f555e6ee86fc520fba75d7025,2026-08-23T15:20:27Z,2026-08-23-3
2026-08-22T11:00,a29b86a959d8014787c4e232adb6e19910ae8f9028523169bd5fb66e81592e31,2026-08-23T15:20:27Z,2026-08-23-3
2026-08-22T11:00,a29c4e55c20d8362b148fae64f81eb1b0dc8f951937cc90204d947cba492d62d,2026-08-23T15:20:27Z,2026-08-23-3
2026-08-22T11:00,a2a811b50a4c64f58274effb60947d3314ee322a8cab549c5cdbe64458b258da,2026-08-23T15:20:27Z,2026-08-23-3
2026-08-22T11:00,a2a86ee6336cf99397f8a10e45be8b667f99e44a9c7bb36f68f5dbc7050dcc6b,2026-08-23T15:20:27Z,2026-08-23-3
2026-08-22T11:00,a2acf08c50f6e1689f61e15b0dfe8c924b8b7268941bf47fa086e2b6d39b6fb4,2026-08-23T15:20:27Z,2026-08-23-3
2026-08-22T11:00,a2b2d9309aa53ca89468a3176447901d87181b91910c54641ab8b40eeb1bc3df,2026-08-23T15:20:27Z,2026-08-23-3
2026-08-22T11:00,a2da752d04cead894051f0c4c0fdc63a6d92c5eead4bdc9d4eaf8cc111de4c09,2026-08-23T15:20:27Z,2026-08-23-3
2026-08-22T11:00,a2de528f67e120c067ca80c9123f41f7513f5de5b81934c090a21a5957972e43,2026-08-23T15:20:27Z,2026-08-23-3
2026-08-22T11:00,a2e1f6a761cdd288cb43b78ce20f216ff6650768b7203c22c774671c9186c31c,2026-08-23T15:20:27Z,2026-08-23-3
2026-08-22T11:00,a2e425a389c71e87a3a3ecbeef7b8d0fb931fdff82249b771df35bbac66c25ff,2026-08-23T15:20:27Z,2026-08-23-3
2026-08-22T11:00,a30b39b771ccfce5099d12fd58b5b5bcc8f8d51ea74a085f65afc7df55233b00,2026-08-23T15:20:27Z,2026-08-23-3
2026-08-22T11:00,a30c69d9a0e9c22ef86157cbb92f165a12fbb4cdd365a8253cd8b42ec2fd597f,2026-08-23T15:20:27Z,2026-08-23-3
2026-08-22T11:00,a315f70061d32781b3fc1efb453f2db9e7c595a24ecbeec0f5cdc3611b0f4e0f,2026-08-23T15:20:27Z,2026-08-23-3
2026-08-22T11:00,a318b414aaa2e322e55d797f6ed00f998d04831525a1e0db808c91d7154cb90a,2026-08-23T15:20:27Z,2026-08-23-3
2026-08-22T11:00,a3279e7f332324135703ac545774a9d534cc0182eed084627e11167fd491ffb0,2026-08-23T15:20:27Z,2026-08-23-3
2026-08-22T11:00,a32f47107a40f3dce2fd72bacb5c1a09480b08334df48f950597995d7f725207,2026-08-23T15:20:27Z,2026-08-23-3
2026-08-22T11:00,a33098dc469e63cde365da146cc87351a1f5bd515e21a561a36f78754b8ac15e,2026-08-23T15:20:27Z,2026-08-23-3
2026-08-22T11:00,a33e4680236e03e4140c1c540c67838a175731ec7f491d1422459c0ccab1e53b,2026-08-23T15:20:27Z,2026-08-23-3
2026-08-22T11:00,a33f20cc107915a7e88b407105de7c1f6c101746e073aa22791cd17003218da9,2026-08-23T15:20:27Z,2026-08-23-3
2026-08-22T11:00,a34d551508911c502c0ce9e55fdede4d180eb151193612f9efde0a558aecc5b8,2026-08-23T15:20:27Z,2026-08-23-3
2026-08-22T11:00,a3501d87793dc3011d8d294a53d3c0bbf41f66f3cbfdcd2a996dbffcad08e27e,2026-08-23T15:20:27Z,2026-08-23-3
2026-08-22T11:00,a364014c56072626d97cc538b80c473a959b0a26a02f2aa9be3809276a555cb8,2026-08-23T15:20:27Z,2026-08-23-3
2026-08-22T11:00,a36bc0c32aacd54ac42a4c49cfa7078cefea5ec1349fe4190d3ca84b4122de5d,2026-08-23T15:20:27Z,2026-08-23-3
2026-08-22T11:00,a37b2a3c47ea342e6f23ab8356be1cf5e04fa9a4aebff9a4260042d182f372bb,2026-08-23T15:20:27Z,2026-08-23-3
2026-08-22T11:00,a3a5e03b03aa7f8f8a379ec0da73940eded41b9fe46bc8eb229f35eec6df7cfd,2026-08-23T15:20:27Z,2026-08-23-3
2026-08-22T11:00,a3bde1d37a86d91661b205ced75cb988e704a020379f7c03cc3359e3f107bbb1,2026-08-23T15:20:27Z,2026-08-23-3
2026-08-22T11:00,a4010714fc926e6069674d81971a7e0fadc577b2e1b1d0cdbfd6ed5299a1dbfb,2026-08-23T15:20:27Z,2026-08-23-3
2026-08-22T11:00,a40230c73300e1ebd7b82a7d40c06cbb6a0e461bec752924b553db481ff1a610,2026-08-23T15:20:27Z,2026-08-23-3
2026-08-22T11:00,a40bf7976c9be6ca4ec03f226e915fbb835fb91367c6beb9f71017def546b44e,2026-08-23T15:20:27Z,2026-08-23-3
2026-08-22T11:00,a452b2dc7f5d1496d4c8b71b5a578c45f4b79e264b19d35d7d7c2549269384ed,2026-08-23T15:20:27Z,2026-08-23-3
2026-08-22T11:00,a4573729a6f1c037a6f61e777677cfa7aba4d9a8f8afdc9581a7b7ea7387ccb8,2026-08-23T15:20:27Z,2026-08-23-3
2026-08-22T11:00,a45e40453550097d166194c28e0f98cad911f2d2b85d7a7bb78d45d34eae139b,2026-08-23T15:20:27Z,2026-08-23-3
2026-08-22T11:00,a462fb9c157c55f7c2b36b9c0d8c17e01b4f6d0c5eaa9a3332774a3141a76e59,2026-08-23T15:20:27Z,2026-08-23-3
2026-08-22T11:00,a4679483955e7f60e8dfb14f7da09cff1fb5c1d2ce2cb082adfb07385c75b387,2026-08-23T15:20:27Z,2026-08-23-3
2026-08-22T11:00,a48059361c43f0f8e81681bf5cbfa89a933c2b6535c1e0e1099b718ed5a1ca0f,2026-08-23T15:20:27Z,2026-08-23-3
2026-08-22T11:00,a485dc6e3ce912c323b637d31144360560416fbf78afad0e333b1a7483ffda54,2026-08-23T15:20:27Z,2026-08-23-3
2026-08-22T11:00,a4a912d18824ad27e2b1bd4663a0fef3a7502d7a3ddeccd035549d2ca0870c5d,2026-08-23T15:20:27Z,2026-08-23-3
2026-08-22T11:00,a4b7bf6eaea3d0efe872831d20fe4dc05c4b0c601df414581b8fce2fb1fa0f07,2026-08-23T15:20:27Z,2026-08-23-3
2026-08-22T11:00,a4c0cca57f51889b1c54d64cd3448dff903f77c43a394e76fc33d643fd0f4895,2026-08-23T15:20:27Z,2026-08-23-3
2026-08-22T11:00,a4c17cd0d6d09fd0c501059527c12855ea5c9676f728b70d58316d572410f568,2026-08-23T15:20:27Z,2026-08-23-3
2026-08-22T11:00,a4cccfd44ea0430b02a94ba08378ac0328c482ac161ae8206b4dd6bc4b0aea0b,2026-08-23T15:20:27Z,2026-08-23-3
2026-08-22T11:00,a4cea03d9f253d2524edc46d595592e1bf6e5fa22dfc3207346209491b7587f8,2026-08-23T15:20:27Z,2026-08-23-3
2026-08-22T11:00,a4dd40a75afb9b4b8daefc44b4143a4e5b11d55bb76aed149f96d5317057e753,2026-08-23T15:20:27Z,2026-08-23-3
2026-08-22T11:00,a4fe78b1f96f8e35cd87ed1e469c3e7ece5a99eac9064f6ab00535cdc0d608c5,2026-08-23T15:20:27Z,2026-08-23-3
2026-08-22T11:00,a505eac8f113b65987d4c127d19c7c9ab82bd4d6f80a1f018c10d66ee2895b4c,2026-08-23T15:20:27Z,2026-08-23-3
2026-08-22T11:00,a51b48a9155ccfe70ab42ff907f0b5e35023201ac8fc7b76ab7fccf5dc925f49,2026-08-23T15:20:27Z,2026-08-23-3
2026-08-22T11:00,a5436ff0030f9e629ba4b59b1eb1af7f8316cf9b3663e44ef89d52a94b4fb289,2026-08-23T15:20:27Z,2026-08-23-3
2026-08-22T11:00,a546821aca2b349e6d66f6860fb18758cc719545962b0046f30897082cd7fbf4,2026-08-23T15:20:27Z,2026-08-23-3
2026-08-22T11:00,a56ab6cba95b1b0917bf647df3c6159a219cec9b937e49bc5c52cbbdec4a0ead,2026-08-23T15:20:27Z,2026-08-23-3
2026-08-22T11:00,a579a3683110da14ae71d9e4c8f034c6610df3dd6035b42c0ac2f169dbb1329d,2026-08-23T15:20:27Z,2026-08-23-3
2026-08-22T11:00,a5810aea884739a309b737dbdc6d9bf82d07178b1e0e75a1a9da9fae5d1a605d,2026-08-23T15:20:27Z,2026-08-23-3
2026-08-22T11:00,a581d9d4ec2fe72bb339322acdeea8e4b74caba14feeb51016e5fc76ca8ee294,2026-08-23T15:20:27Z,2026-08-23-3
2026-08-22T11:00,a58b9cbb417f60cc90cd5fa6bf0d911aaa8c997275e1399eff41dcce1c2ade6a,2026-08-23T15:20:27Z,2026-08-23-3
2026-08-22T11:00,a58fadf0d59c29b53b33a40945f29d02d0209dac981e40eef0bb09699790af75,2026-08-23T15:20:27Z,2026-08-23-3
2026-08-22T11:00,a594752653c1015b8463a50f098aca8409612def93676aefed7f1686558f358f,2026-08-23T15:20:27Z,2026-08-23-3
2026-08-22T11:00,a594e45cfa065d4bcb3de61c2349321f2d485172d2984983853c2d7dc0361170,2026-08-23T15:20:27Z,2026-08-23-3
2026-08-22T11:00,a5ab76abbf07fa00e02f62c0bcd886f91957688404a8fbd24d89428087581c50,2026-08-23T15:20:27Z,2026-08-23-3
2026-08-22T11:00,a5ab872c216c2f944ec77d4d072f84e82e060aae4903cb3932963f9bd7c8bda4,2026-08-23T15:20:27Z,2026-08-23-3
2026-08-22T11:00,a5ac0aed8a35f6db04966e930d4c173da7ad994ed05dab4b43db0e4b5624c337,2026-08-23T15:20:27Z,2026-08-23-3
2026-08-22T11:00,a5ac7bbf427f1b0b37df2f75c9d87f32b97dd670e8f97115af28219d91fe8ee9,2026-08-23T15:20:27Z,2026-08-23-3
2026-08-22T11:00,a5bb3cfe303f494338e1bc1d77f0bb7a5ba35b9a1e6b2a42bfd94d0f4980b78f,2026-08-23T15:20:27Z,2026-08-23-3
2026-08-22T11:00,a5bcb4f7a51df67fcc88c9fc2184840d28dacf3a0cff3393bb76162385e6e5d4,2026-08-23T15:20:27Z,2026-08-23-3
2026-08-22T11:00,a5d7dfc47131fbb9080fc6439fb399d25a364859b38932bd3c797453ee7a5e97,2026-08-23T15:20:27Z,2026-08-23-3
2026-08-22T11:00,a5e7a066fd6b083bd6c0b4deaeb340547a4c49a284c5d8acd30cdf78ef87012c,2026-08-23T15:20:27Z,2026-08-23-3
2026-08-22T11:00,a5f1098a900989436a95eb3022d415a81292486d1c79506fbdd246f879f94252,2026-08-23T15:20:27Z,2026-08-23-3
2026-08-22T11:00,a5faf5e8c625fecfc9d22421bd8ce984c7fb0bec35be6689fa55baf3240626a4,2026-08-23T15:20:27Z,2026-08-23-3
2026-08-22T11:00,a60dc0c3f97fd7d7c5aecd980f4d64768f0343d7b67fbb3585a8a2698272ea78,2026-08-23T15:20:27Z,2026-08-23-3
2026-08-22T11:00,a61358e2b4403961144fcacef55eccc59532b6d9b53b4fd6449082bb56110a73,2026-08-23T15:20:27Z,2026-08-23-3
2026-08-22T11:00,a626622dc4ddf1d838f297032a23bac528a0daa6db137cf35cdc1d24720f345c,2026-08-23T15:20:27Z,2026-08-23-3
2026-08-22T11:00,a6266ef25be6d62456a399566c0f9569d8140811ce2cee853df8cf28bc0c31fc,2026-08-23T15:20:27Z,2026-08-23-3
2026-08-22T11:00,a62ccba99f20d3d23da4c93e1e6423d9626de17c08e0deb9bdb9f6df9d30e370,2026-08-23T15:20:27Z,2026-08-23-3
2026-08-22T11:00,a6307145e459b91b4df1160203116490ffee2e47e857b1b40bd197683b01698c,2026-08-23T15:20:27Z,2026-08-23-3
2026-08-22T11:00,a6308f1570ad25029b44a8795696970ce4467bccdaa0da2136cd4a4f90b4f850,2026-08-23T15:20:27Z,2026-08-23-3
2026-08-22T11:00,a64cc7adc008f98dd15855c91edb5ee7d24a8564df54076c3932a86833915929,2026-08-23T15:20:27Z,2026-08-23-3
2026-08-22T11:00,a65be927a35b9ae72af6c0fd07cb01a46846c69a5ccd4f66905fb09a50f0a167,2026-08-23T15:20:27Z,2026-08-23-3
2026-08-22T11:00,a6639f028c65791e2f7f40d1159a6ba800c8f259280791b794cc65ecd7b73338,2026-08-23T15:20:27Z,2026-08-23-3
2026-08-22T11:00,a6711d549ab163f09e973bd19747f08aeaad4a904d1ec1b6af55e53c15c36950,2026-08-23T15:20:27Z,2026-08-23-3
2026-08-22T11:00,a6823a69f38c8419f3237add1560f11d69c71e46cc622516d47b3bbac1636eb7,2026-08-23T15:20:27Z,2026-08-23-3
2026-08-22T11:00,a68bde277b1464707528f365c2d5d9c816bd63dbf07ca9be975e1ef0f41d8706,2026-08-23T15:20:27Z,2026-08-23-3
2026-08-22T11:00,a69547c50ed0f7c80cb9df1d4798f0bac5f526bd8b6703227a777006e1224151,2026-08-23T15:20:27Z,2026-08-23-3
2026-08-22T11:00,a69b59219e359cd81da27be112bb94d8011c48aac5b6743a6b5fa75fe9bff30d,2026-08-23T15:20:27Z,2026-08-23-3
2026-08-22T11:00,a6acec4e396b4cd764dc8fa248ba09787231dad838975e7aa2a58740fa9366f1,2026-08-23T15:20:27Z,2026-08-23-3
2026-08-22T11:00,a6ba1fa198351c30060838d424c60dc5e89340fd6380dd567fd15de2aa36f602,2026-08-23T15:20:27Z,2026-08-23-3
2026-08-22T11:00,a6ba59ff5ec863e56faeed9c248608deda4c680d214ff0df505258e1b1baa19b,2026-08-23T15:20:27Z,2026-08-23-3
2026-08-22T11:00,a6defadd2319600b694908cc1bdf88c60dfb7fef5d495baf594bce1b5b9e4652,2026-08-23T15:20:27Z,2026-08-23-3
2026-08-22T11:00,a6e4210951f7c3215791a4ad9608fcfa6e699f7204356febb1c0b8d9b0fd2a33,2026-08-23T15:20:27Z,2026-08-23-3
2026-08-22T11:00,a6ed30548531f52e27f2ce42735f8cc62b756a104e6f4d94867caad448ee50f6,2026-08-23T15:20:27Z,2026-08-23-3
2026-08-22T11:00,a6f699189e653973db0bae8524e3633b0ef51d388c71056c00bf341017071dbd,2026-08-23T15:20:27Z,2026-08-23-3
2026-08-22T11:00,a6fcbba288389a6bed0784e51b2a6533997556bfefbc243d2ee039cee3f44c8c,2026-08-23T15:20:27Z,2026-08-23-3
2026-08-22T11:00,a7049d3b8915c9dc59b184d0e145ac81013ab53a0aa39dd7d47cf4e8c593ac2c,2026-08-23T15:20:27Z,2026-08-23-3
2026-08-22T11:00,a70c949364b0143f4a618f8298988167227d59af082311acbc5bb9d3fc8d29c7,2026-08-23T15:20:27Z,2026-08-23-3
2026-08-22T11:00,a70e3ee8ec52fcb10d2b9f7a256e5d18e2dcd15f16bdf0c35cf9ae681ea3148a,2026-08-23T15:20:27Z,2026-08-23-3
2026-08-22T11:00,a72afe37b0a33349ee293d9f16dc95ccf1ceb3346fb0ca16f8cf5013932ef810,2026-08-23T15:20:27Z,2026-08-23-3
2026-08-22T11:00,a7377e952ac89d0410d0f5bacf20698f1309147ecf38bf8801b4460f5fbb906a,2026-08-23T15:20:27Z,2026-08-23-3
2026-08-22T11:00,a740b8ea5957f341e03dcaafe82a4c26156aa00a94d1b1f071dff71c6e34d134,2026-08-23T15:20:27Z,2026-08-23-3
2026-08-22T11:00,a75478ff2e86f2764e34d300d346f3b8bfdb8e0606cf8bd1e34b1932c8d45786,2026-08-23T15:20:27Z,2026-08-23-3
2026-08-22T11:00,a75a7ba856b356a829877e19bcd5f0710a90b75bcef9bacb91b5ae611b6c76a2,2026-08-23T15:20:27Z,2026-08-23-3
2026-08-22T11:00,a7600c9669089694e9b489654eadc2e5e07f625113594438b80386b0483812fa,2026-08-23T15:20:27Z,2026-08-23-3
2026-08-22T11:00,a77a394cc7a9e9f5ee8b1015c08de299cf7a5578dac4634bcfded0c70a33bb0d,2026-08-23T15:20:27Z,2026-08-23-3
2026-08-22T11:00,a77ef736be20768a19d290241677b77ff3b441f846bc8eb72df7c13dd806b71a,2026-08-23T15:20:27Z,2026-08-23-3
2026-08-22T11:00,a7866758cf94a3c5e9d26534b4732535514d29da559c40400a0e99fe114e43b5,2026-08-23T15:20:27Z,2026-08-23-3
2026-08-22T11:00,a786db97eb99642f92e21853964c5e6d5df68aae3939cc76e9abc2a5b83b14ff,2026-08-23T15:20:27Z,2026-08-23-3
2026-08-22T11:00,a78f3675e9050f07a71c94cb79172bba0beaffdf3a9b8ee0ba2afcd5fdc606c3,2026-08-23T15:20:27Z,2026-08-23-3
2026-08-22T11:00,a791e88ccac2dcd7c22e5eb89e51482121141d9e8d62a6f61c17a52f38ad3da7,2026-08-23T15:20:27Z,2026-08-23-3
2026-08-22T11:00,a79efe3430a10210e3ed97272def93b528b546c542a2d6dabe7fee33416055b4,2026-08-23T15:20:27Z,2026-08-23-3
2026-08-22T11:00,a7a06d52df58555624a3b91cca45cc64c832d940922ad0da92acab96c412876a,2026-08-23T15:20:27Z,2026-08-23-3
2026-08-22T11:00,a7a9c478940f938dd7c5dd0e51dbaa2cd7bd62a3a516b907ac1e841fc887abc8,2026-08-23T15:20:27Z,2026-08-23-3
2026-08-22T11:00,a7b0c9374c3ad7eb1481b961ef09b5fbda6788379b3b1e4f20ee59e39c42aa83,2026-08-23T15:20:27Z,2026-08-23-3
2026-08-22T11:00,a7b5c352d9636ea1d60686aab89ffe8085134a7bf1abd0824ded595adeaf71cd,2026-08-23T15:20:27Z,2026-08-23-3
2026-08-22T11:00,a7b8ca3ebdb804565ba6b359a0a88084ef6cb8acd1bcb9c07c074ecc36480e38,2026-08-23T15:20:27Z,2026-08-23-3
2026-08-22T11:00,a7f127ae6aa0dc0ae40b52f11d1ebba5b67a3ecea191ac0f1b7cec13afdf7867,2026-08-23T15:20:27Z,2026-08-23-3
2026-08-22T11:00,a7fb5f0a2315e14d9dda8b02f109db8cc6ea660eb4b34d42bf07fc2906dc2800,2026-08-23T15:20:27Z,2026-08-23-3
2026-08-22T11:00,a7ffce3117a3e7901110db0a5c5e87f9384fd146bd7edefb78c850dbc7d36120,2026-08-23T15:20:27Z,2026-08-23-3
2026-08-22T11:00,a8028a8ee199f8f588a9a0ea96b03c711c714352675217fc825f1fd5c1fcdd7e,2026-08-23T15:20:27Z,2026-08-23-3
2026-08-22T11:00,a8151592573133f3129342845d388e10948e1e9d181394afcb154be5ab8e9f3a,2026-08-23T15:20:27Z,2026-08-23-3
2026-08-22T11:00,a81640387cbb1f3fa37ffc3469b15dd4dbfdf6e8398f33d0291eb6f880ef7d77,2026-08-23T15:20:27Z,2026-08-23-3
2026-08-22T11:00,a81ef10589b8a9912d07be888c8f65ff4a803f4686e6c6933a897afb9b4aed67,2026-08-23T15:20:27Z,2026-08-23-3
2026-08-22T11:00,a821540e632b19c8dea9df486cb26997b6e0f962e39fca0e5f61e95ade0d5b7f,2026-08-23T15:20:27Z,2026-08-23-3
2026-08-22T11:00,a829b0f9dad787b8d6fb62b264ebd82c7544526c701475a5957d7f7d11f75c05,2026-08-23T15:20:27Z,2026-08-23-3
2026-08-22T11:00,a83453065de64bfcbe139b65c712a84b41fd699f862f0befa94cff46b62b4e91,2026-08-23T15:20:27Z,2026-08-23-3
2026-08-22T11:00,a84d6ceb28891b907a9ddd146bc1035408489d589e5d328ec99ee595e066d1de,2026-08-23T15:20:27Z,2026-08-23-3
2026-08-22T11:00,a87ebfa7418d5589ce2248c59a42b3147ed7373d9d5d454c272ea647c91cb07f,2026-08-23T15:20:27Z,2026-08-23-3
2026-08-22T11:00,a88757c58b13c91a150db4ef80d49f1eaf1813ea780735124dc2a279d363d4d5,2026-08-23T15:20:27Z,2026-08-23-3
2026-08-22T11:00,a8a1d59c4644b5d42d291d56896e65d7c6f8321b2bf5f1c8082530c3bf9f58d4,2026-08-23T15:20:27Z,2026-08-23-3
2026-08-22T11:00,a8a24b6495e4721c8beb1780d50e3039074d1a2faa46d7cfb1e6756228f99be8,2026-08-23T15:20:27Z,2026-08-23-3
2026-08-22T11:00,a8b6468994e961474db657ecc077cdde8380a4d537fc69ec5c1e33597ad31ff1,2026-08-23T15:20:27Z,2026-08-23-3
2026-08-22T11:00,a8c36646fc5db4adc274d21475152aaed29ff142be0952a59b46f43bcf0f2af6,2026-08-23T15:20:27Z,2026-08-23-3
2026-08-22T11:00,a8c40ae01de0ba3a754bef6ae278e3c5e77f72b214da7af1c1f1683c2f51f9c5,2026-08-23T15:20:27Z,2026-08-23-3
2026-08-22T11:00,a8d7389c7e7a214ee78fb803df5d8988a6075751950a332e4e6558591dc4440e,2026-08-23T15:20:27Z,2026-08-23-3
2026-08-22T11:00,a8daf6e00fd9483db95d7e8a2bee24691f1b22ccef5bc0ee4537758860045c5f,2026-08-23T15:20:27Z,2026-08-23-3
2026-08-22T11:00,a8de4dfbb3e2db80cc11157ffc3bb703dae37d4a28ee62b670f198f6fb9a2da5,2026-08-23T15:20:27Z,2026-08-23-3
2026-08-22T11:00,a8df63d1a1c146ab4badc0f8f14e6902db29aaff9f390b154e40255e1f34fe26,2026-08-23T15:20:27Z,2026-08-23-3
2026-08-22T11:00,a8f9028c6c427792d57063766b71fd75c6b9eaa0a9c48e4a82d33f24e308436b,2026-08-23T15:20:27Z,2026-08-23-3
2026-08-22T11:00,a8fe7ab45085b1b3f26aca24a271ae5a99d220c739a15dc256cfcb79fae23a16,2026-08-23T15:20:27Z,2026-08-23-3
2026-08-22T11:00,a907415b440a72c97ae113fef1ec4712f495e77ca68c1416652d44e576d949fd,2026-08-23T15:20:27Z,2026-08-23-3
2026-08-22T11:00,a91f343cd7b247cccb253e3f085b7d95c9359be6a2cc1fed1ec374c633e9a331,2026-08-23T15:20:27Z,2026-08-23-3
2026-08-22T11:00,a932c3cd25bbe301707f32f99f01cdd7a9355f78f7ba8b9e23ce4a6d9d070532,2026-08-23T15:20:27Z,2026-08-23-3
2026-08-22T11:00,a93dc3ad8dab98aa6d804b51332d3a3a9c64cd3b2c4c4220c18f2d04758dc026,2026-08-23T15:20:27Z,2026-08-23-3
2026-08-22T11:00,a94fd3b62f78dc54f89733ff1d629d4cc66d7e6675189b9e81dc6ebfdfe8ee43,2026-08-23T15:20:27Z,2026-08-23-3
2026-08-22T11:00,a954527833699237e262f8a9a5fec455f03cbf2946ec2dbd8aaec71e38c555e4,2026-08-23T15:20:27Z,2026-08-23-3
2026-08-22T11:00,a95c6160eed8770fd439d4ab766b6efd39965d69a62bb52223a1128e62a06963,2026-08-23T15:20:27Z,2026-08-23-3
2026-08-22T11:00,a96d956a5e60f370b93d0e044a14ebf7fca39bd8766acb2b0d3847aae2e2e751,2026-08-23T15:20:27Z,2026-08-23-3
2026-08-22T11:00,a97b57794a66ff801d1de0aad2cfb6ad38a305eb7ade73f91b97d9de3e1a0ce3,2026-08-23T15:20:27Z,2026-08-23-3
2026-08-22T11:00,a9813841745255584b1580da8744e37505e3a6e2e5713fed3e5d84024d6c2c99,2026-08-23T15:20:27Z,2026-08-23-3
2026-08-22T11:00,a98a34dd9950048acb9e34a064c93d5367485325f4fd0bd24045e02859068462,2026-08-23T15:20:27Z,2026-08-23-3
2026-08-22T11:00,a99810613f2e2791081c3c398986a5099c45f2a2f64653a3991d979f70693731,2026-08-23T15:20:27Z,2026-08-23-3
2026-08-22T11:00,a9996c56bc5203d44426708fe7cc7c0cd8cde9510a8365d85a4056f4b8e75876,2026-08-23T15:20:27Z,2026-08-23-3
2026-08-22T11:00,a9b81a669cf75f97c503a62fd6353c7f71bfada5a76291355d700b9c23080d62,2026-08-23T15:20:27Z,2026-08-23-3
2026-08-22T11:00,a9bdff18e6633fd5743b3cc2a42d3d8b8385e70fdfbb1d1dec902ebd7df1a562,2026-08-23T15:20:27Z,2026-08-23-3
2026-08-22T11:00,a9c1baf80a8abcfda88fd90a8584e35427554f947f5b195436bacf04a98dd76a,2026-08-23T15:20:27Z,2026-08-23-3
2026-08-22T11:00,a9cb9fe5cb386ab00c1349d1f8104bac405e2f2fff7cbb214974684442ab66ad,2026-08-23T15:20:27Z,2026-08-23-3
2026-08-22T11:00,a9cbeaa4e64665b9678aac908d3b2e26cfaa959945ff0efebe8a7ea866f0f620,2026-08-23T15:20:27Z,2026-08-23-3
2026-08-22T11:00,a9cd7ef924bb8136c822c4e56e91b0772f943e99fe975fdc65f39dc26a65d1e6,2026-08-23T15:20:27Z,2026-08-23-3
2026-08-22T11:00,a9e7d80754e6f186f92de6d15c8c5bab78734f682d79367822aee2c65d8767ea,2026-08-23T15:20:27Z,2026-08-23-3
2026-08-22T11:00,aa0464df9661d39c78cf3adad74eb99b0926606d41129a3bb7b4c8153f64ed09,2026-08-23T15:20:27Z,2026-08-23-3
2026-08-22T11:00,aa0466963d7a78244dec025b38e587bddc0b3b7e600956f2a516e389bf9b2a42,2026-08-23T15:20:27Z,2026-08-23-3
2026-08-22T11:00,aa1123efba66a9780b6a2cd4ae69fa6d78da2fef857ab4c36c9c525a4b19a465,2026-08-23T15:20:27Z,2026-08-23-3
2026-08-22T11:00,aa139f0d3c93de373d7b383e2419b3ae3f2032bef3e31a6657e84bb155f3146c,2026-08-23T15:20:27Z,2026-08-23-3
2026-08-22T11:00,aa166f10ba972793918672bae3d89382f7187630660762e5b30fef27969c69b2,2026-08-23T15:20:27Z,2026-08-23-3
2026-08-22T11:00,aa1cd29f15eda09d9b28cdc5ba4f3aaed2446ebe6db8fb5416bbe0db9d87575c,2026-08-23T15:20:27Z,2026-08-23-3
2026-08-22T11:00,aa223a4e98e811e336b1ead1faafa17dac4bda6c67972b782f975a6c6d8b1510,2026-08-23T15:20:27Z,2026-08-23-3
2026-08-22T11:00,aa3ff1edbb83caeed9d5ed5ab25a9eb90353b235c48abe7e6cc8d83ca3b7ad78,2026-08-23T15:20:27Z,2026-08-23-3
2026-08-22T11:00,aa44053e05b2208c9ebde247f6e89932d049610b6d6a84bedf006413f33b453a,2026-08-23T15:20:27Z,2026-08-23-3
2026-08-22T11:00,aa4a49dcfdb3080c4e1178d8088f6ce28d622f053b537e7f299e824cdfe3f93e,2026-08-23T15:20:27Z,2026-08-23-3
2026-08-22T11:00,aa4ca2d1822d121483b539a66853792eb25c080cdf69543abc9caa4c9a8c612e,2026-08-23T15:20:27Z,2026-08-23-3
2026-08-22T11:00,aa5f9625d1ba93609fec97443b2aa4dba7ff39a5d46881c137d2c44437630bb7,2026-08-23T15:20:27Z,2026-08-23-3
2026-08-22T11:00,aa604985d9ed0d80f9549630a1515a65ba408843e116d8ba38f7471485040626,2026-08-23T15:20:27Z,2026-08-23-3
2026-08-22T11:00,aa623b247e7542e5c825be3489326522c9c673f45ea2e8e1215e97f8ebeaa8d1,2026-08-23T15:20:27Z,2026-08-23-3
2026-08-22T11:00,aa67bf587bd0c123b390ee5710d3ff93dc86f42fbae315d988bd4ea3911d1327,2026-08-23T15:20:27Z,2026-08-23-3
2026-08-22T11:00,aa69d0203c7a7018f0aa2dbb425adab2df6a3f2526588daa8697fcbbbf667dc6,2026-08-23T15:20:27Z,2026-08-23-3
2026-08-22T11:00,aa725438d590ef1e5657e6c9a42b4549fe0575cbbee5ff36a3be04de76f9784a,2026-08-23T15:20:27Z,2026-08-23-3
2026-08-22T11:00,aa76143c4c05ae4fda896114504886d51544e5de265a73362415d6c98f3bc00b,2026-08-23T15:20:27Z,2026-08-23-3
2026-08-22T11:00,aa809d39da7413d4ba683ba36f2b584296018d86f34731d46fee18ae8161223f,2026-08-23T15:20:27Z,2026-08-23-3
2026-08-22T11:00,aa856cd0461dcd5e7c5b97f0d82ce6b760e0948e2e2a80587e8f630765101f18,2026-08-23T15:20:27Z,2026-08-23-3
2026-08-22T11:00,aa97d8016a0bfd0955ea7a0bb95d0a2651a0846f486f385b095f91d2b9639e2d,2026-08-23T15:20:27Z,2026-08-23-3
2026-08-22T11:00,aa99f8cfcbdc63c2f643808eb5144559a443d15308f119a2d52eb5858fdf4a99,2026-08-23T15:20:27Z,2026-08-23-3
2026-08-22T11:00,aa9be35b596f6605fbe4b80dffe0cf49feccc6f956d7754260064ed5b3a6cb79,2026-08-23T15:20:27Z,2026-08-23-3
2026-08-22T11:00,aa9f897eabb12ecaae55fe15f199cba897aa3d7d9f03f0578b1145ebe74f57c7,2026-08-23T15:20:27Z,2026-08-23-3
2026-08-22T11:00,aab0d990d25ff915dbfa99689c9942e448e312057559d783f8dd442b277fcfe8,2026-08-23T15:20:27Z,2026-08-23-3
2026-08-22T11:00,aaba7ebe3daaeb1ea937bf6cba4405b73a75d75fa3a24eff8ae573589aa9ab02,2026-08-23T15:20:27Z,2026-08-23-3
2026-08-22T11:00,aabb9c1c0739999cb14a7f879e9b58b73657e21762bf0cf6419312b276468cb0,2026-08-23T15:20:27Z,2026-08-23-3
2026-08-22T11:00,aac3b5ad82620bf8d9b4de0ba63a008ea1fcfb1009811950641fb013e4dd2f27,2026-08-23T15:20:27Z,2026-08-23-3
2026-08-22T11:00,aac8b70da6870b8c8499b91b44e736eafb433e7e3cefff72e7d8693488c4581d,2026-08-23T15:20:27Z,2026-08-23-3
2026-08-22T11:00,aada05358e561891bf0067bfe69bf6f0399a4855e4eee54152caf5ce6d52d04a,2026-08-23T15:20:27Z,2026-08-23-3
2026-08-22T11:00,aadf8a980a3d0a85e85a8355c1b790f938f9610eeb827bbbfcb92458917a18a7,2026-08-23T15:20:27Z,2026-08-23-3
2026-08-22T11:00,aae21d8eeec522a780bca20ab04a6f2ceb900f6afa883cae3ffca46a5c54c539,2026-08-23T15:20:27Z,2026-08-23-3
2026-08-22T11:00,aaf20b3402bfe1933345ccc575e8c2f41505c5d975287815b40cb362cc6e4807,2026-08-23T15:20:27Z,2026-08-23-3
2026-08-22T11:00,aaf8ff72ca722351127484e939d9c327e75f64ce8a14cd1b7fdabe616e9ec6f6,2026-08-23T15:20:27Z,2026-08-23-3
2026-08-22T11:00,aaff2a751c52355a24666e97ad7cbe01d254bec40a75070ac9b2f51bab1a131b,2026-08-23T15:20:27Z,2026-08-23-3
2026-08-22T11:00,ab0ceeadf202bd3b323c302272dea28170ae386650983103cc955e752a26aaa4,2026-08-23T15:20:27Z,2026-08-23-3
2026-08-22T11:00,ab283eb01dc7fa05797a031d8f03bfed565005f3cfc54fefae3a5e24576471f0,2026-08-23T15:20:27Z,2026-08-23-3
2026-08-22T11:00,ab28e738c45c998bac5d8c8f6dfd1297d15b6d5c627e53290e11e8bde36c41fa,2026-08-23T15:20:27Z,2026-08-23-3
2026-08-22T11:00,ab2932b75c4ab178262a6b027cfe1b425fb3b3085a6db4d321e2e0df52239be3,2026-08-23T15:20:27Z,2026-08-23-3
2026-08-22T11:00,ab36c7bd2120b67d11b0b83a8318b3379804d789d0008d47f18770ed17078f1b,2026-08-23T15:20:27Z,2026-08-23-3
2026-08-22T11:00,ab36e82ce02da42a37156437af8913a41b5a8e9e2557be1258a8746a9f791115,2026-08-23T15:20:27Z,2026-08-23-3
2026-08-22T11:00,ab3dfe8aa3e0a9ae3d227fcd5d8c9461d47d2b41c508bf2ba737cdb60ab02c07,2026-08-23T15:20:27Z,2026-08-23-3
2026-08-22T11:00,ab44cc5f473c6080cd3efcfba140948a37276f5fbdf0727c78b8ab8b5e8c2f58,2026-08-23T15:20:27Z,2026-08-23-3
2026-08-22T11:00,ab5bb267814061bc90763f799fa9d5a4c597c76643da8c05eea73f9b06c1a320,2026-08-23T15:20:27Z,2026-08-23-3
2026-08-22T11:00,ab5bd0899693665ced91b2a5e5223f40eca1e335cbbbba1d684bd3bfb8a35f7e,2026-08-23T15:20:27Z,2026-08-23-3
2026-08-22T11:00,ab614c50d9b989f2d571c4080a26305851d3f5c877144078d81fa3f6b6b8a4a2,2026-08-23T15:20:27Z,2026-08-23-3
2026-08-22T11:00,ab656ffe8b0c94774c7dfd987e9d967383bfc3c24537ab65ef00d583d9e72f3c,2026-08-23T15:20:27Z,2026-08-23-3
2026-08-22T11:00,ab7b4c1b5334f0d67ca07ac810b3140a05c6cf5144094a09fb918bb8fb061434,2026-08-23T15:20:27Z,2026-08-23-3
2026-08-22T11:00,ab813f341b3fdb3bfd98d74a79b1ee95ff96b8fdadf8e7d9f7cbca77f2c830b3,2026-08-23T15:20:27Z,2026-08-23-3
2026-08-22T11:00,ab8dbdfbc1279f5594d124f14056e8b0cc4705e865b6fd1395dd324372b15d50,2026-08-23T15:20:27Z,2026-08-23-3
2026-08-22T11:00,ab9421e321c541b679623d440a3d79b8877c747b8b9668c9b18304c269b6dd81,2026-08-23T15:20:27Z,2026-08-23-3
2026-08-22T11:00,ab9ea62ec59ebe1add5fc5fdabc1f339aaf99db0f34b323b87c6c39d0c4ca049,2026-08-23T15:20:27Z,2026-08-23-3
2026-08-22T11:00,abae32e0cf9af2745f512a4f832b5779d7574ed7b4737b05d752974affc6c760,2026-08-23T15:20:27Z,2026-08-23-3
2026-08-22T11:00,abaf97482f97144ed28db7f74cf6caaa85ba35757f0e12449e674a6100656ca6,2026-08-23T15:20:27Z,2026-08-23-3
2026-08-22T11:00,abb942f337e217d5ca5876f070e7c0683d4914876194859aebbcad172a52ff2b,2026-08-23T15:20:27Z,2026-08-23-3
2026-08-22T11:00,abbcd07b1924b100ac54590046091f64a70884260923ccb08f059da533239684,2026-08-23T15:20:27Z,2026-08-23-3
2026-08-22T11:00,abce7f41451eb002503bca93a8e0ebdb6473fefb2ba0a3cefa7656d9a037eb61,2026-08-23T15:20:27Z,2026-08-23-3
2026-08-22T11:00,abd6ae37866a0f23c8366d8e76a67eb1a015daddf1b23fffeeb3344cb2aee6b3,2026-08-23T15:20:27Z,2026-08-23-3
2026-08-22T11:00,ac1407fdd619e0b8a29dc619ae27a1bee5cae06192e3e03a63544272c295d62e,2026-08-23T15:20:27Z,2026-08-23-3
2026-08-22T11:00,ac14b8c853e99a34447a415fabad3437d85c3f4de35a4cd6be3f5f656d3623c4,2026-08-23T15:20:27Z,2026-08-23-3
2026-08-22T11:00,ac1c4eb424baf0bbc1a7902f57b09ac5f5ba871a37c8c824307b9a6f4eecbc66,2026-08-23T15:20:27Z,2026-08-23-3
2026-08-22T11:00,ac3074585ce616fb1aa869e19a9649d68c30dc4a4c6b6aedafb11517905f03bd,2026-08-23T15:20:27Z,2026-08-23-3
2026-08-22T11:00,ac3d09a478fb443d1a2c0e9d6c43b2970b791dc3237a7ec614223f13a3f22346,2026-08-23T15:20:27Z,2026-08-23-3
2026-08-22T11:00,ac4681b8a2a1036170276bc38e14b8660dca510144ff7ba05e549e170599b889,2026-08-23T15:20:27Z,2026-08-23-3
2026-08-22T11:00,ac543066afb6368af06986713582815196eb14d29898a56719d3fb9d075f4ba9,2026-08-23T15:20:27Z,2026-08-23-3
2026-08-22T11:00,ac5731553c0cd9435471bb85f618b9faf637479c14d9fd8731c30fb1c050fd14,2026-08-23T15:20:27Z,2026-08-23-3
2026-08-22T11:00,ac5d4a8cf9001ed8f2fb851f89ec520a0d0bea998a8b65ec4789360c7c7641d8,2026-08-23T15:20:27Z,2026-08-23-3
2026-08-22T11:00,ac6080bac96ab355dd15b4f907fc1006facd56632b55556cf4ab64e0005ec0f1,2026-08-23T15:20:27Z,2026-08-23-3
2026-08-22T11:00,ac6126c61ae7a87f3561b5f71ee61ed7b67f9bd9256c0587f490168329a10383,2026-08-23T15:20:27Z,2026-08-23-3
2026-08-22T11:00,ac6d06b4d807c043b5331e0ad53e1fff240fb1602f4b8843e5c3339c53f70740,2026-08-23T15:20:27Z,2026-08-23-3
2026-08-22T11:00,ac77501e7354f8b0aff65bda6fc5782021cb75458232e4a8a43a98093ac19fc3,2026-08-23T15:20:27Z,2026-08-23-3
2026-08-22T11:00,ac867460f31ca33fb61a8a51aded99ae4b7ebbebbb5e6f3c1a65310d9f8ce09d,2026-08-23T15:20:27Z,2026-08-23-3
2026-08-22T11:00,ac8b88ae33eafd58d14addfca82dba983a94aca1e2317322038f32705a625e4f,2026-08-23T15:20:27Z,2026-08-23-3
2026-08-22T11:00,ac8e24cdee1eb62086a3b0093d9472b98730d98f9e584fa51b6bacd0da8b1525,2026-08-23T15:20:27Z,2026-08-23-3
2026-08-22T11:00,ac8fc28695d70b33317dda0e6010ca73d812ca160da316f931426cbedb944e35,2026-08-23T15:20:27Z,2026-08-23-3
2026-08-22T11:00,ac90ade86eae5c0db28ccd3506bfd9b2fe10d9a9b5f65d421d3baac8ce9eb85d,2026-08-23T15:20:27Z,2026-08-23-3
2026-08-22T11:00,ac9d048bf4ae9dfe6154a8e47bf9d497f26963aede738bfd7d3f18bc4a7d73d4,2026-08-23T15:20:27Z,2026-08-23-3
2026-08-22T11:00,aca320b20d133a6815161704cc87a990bbc7e22b16176a69421fb016d7ec465a,2026-08-23T15:20:27Z,2026-08-23-3
2026-08-22T11:00,aca33c1215824b8a7c0949dca783631c47cfcce4627a13518c890fea710b9f92,2026-08-23T15:20:27Z,2026-08-23-3
2026-08-22T11:00,aca35ff33b4d027f35b4602dfe7c2fc7c4066d9d3669d06e826ee01c9ef852d5,2026-08-23T15:20:27Z,2026-08-23-3
2026-08-22T11:00,aca568998c57fde9aac4282d17c530e6374d3091eda9051c11effd1428774c85,2026-08-23T15:20:27Z,2026-08-23-3
2026-08-22T11:00,acb582b47be1971e2afd9d42cba77c5471e59a82ffd4a1e18d8b5f47729791e2,2026-08-23T15:20:27Z,2026-08-23-3
2026-08-22T11:00,acbdd7de70be42d8be606ff39ec51b33b26667a900891eba343fa70b5c76271b,2026-08-23T15:20:27Z,2026-08-23-3
2026-08-22T11:00,acced698a823d6188abaef5ecf0b93c829f0da7e6cfc7e7c44310a393aa6ce36,2026-08-23T15:20:27Z,2026-08-23-3
2026-08-22T11:00,acd27b697ed8fae620128693df0b652b8dad8bc61384da342a43d610d79f7642,2026-08-23T15:20:27Z,2026-08-23-3
2026-08-22T11:00,acd2c577ec8b63b0fc4ec704e46e0628ea8c4d41e621a03488522da6738be2be,2026-08-23T15:20:27Z,2026-08-23-3
2026-08-22T11:00,acd6abaea30b308f49a424f5a84b39cad173ba963153694074cd75bde491cc89,2026-08-23T15:20:27Z,2026-08-23-3
2026-08-22T11:00,acdcf879056f7812003d70264ba1151e05051652b829808b80cb44b7eeb3a581,2026-08-23T15:20:27Z,2026-08-23-3
2026-08-22T11:00,acdf0a9855e0e541f8304100945237c43b5b5103c26efec077d55383004a412a,2026-08-23T15:20:27Z,2026-08-23-3
2026-08-22T11:00,ace50b08850e7a5e9ae112f53e94ea759caea57e25bcabb94a4a1c84f8a99d3d,2026-08-23T15:20:27Z,2026-08-23-3
2026-08-22T11:00,ace5928c83f032fb95bf955d62e30fc4139f3f69408065055320e95efaab3579,2026-08-23T15:20:27Z,2026-08-23-3
2026-08-22T11:00,acfa8ad7103359b9cf55992bf924057b5c44272701ff5434446bb3ef8c00946b,2026-08-23T15:20:27Z,2026-08-23-3
2026-08-22T11:00,ad007969f01b08c40cf45531d3696a2cb899a16b3f00410bf9ef364dab47c582,2026-08-23T15:20:27Z,2026-08-23-3
2026-08-22T11:00,ad06c55af90ce4bfa2cf855583f1b6d7dc8251ed95a5091b89246977dee056f4,2026-08-23T15:20:27Z,2026-08-23-3
2026-08-22T11:00,ad13fe7d3321b824a6180da3456d9995ee9780de8135ee1147c7738a062f8990,2026-08-23T15:20:27Z,2026-08-23-3
2026-08-22T11:00,ad2b779c2da9702654fc022a3c467a8a15d4f136efca6e14731e3be97815cb22,2026-08-23T15:20:27Z,2026-08-23-3
2026-08-22T11:00,ad312ce435987076fb9f67d2e3f08bb8e7669fa7c7575e47764d9336c89dafa9,2026-08-23T15:20:27Z,2026-08-23-3
2026-08-22T11:00,ad38890c713e998b4ecb399d11ab9d0ab4ff1a0e057e71c2397d4366f5765190,2026-08-23T15:20:27Z,2026-08-23-3
2026-08-22T11:00,ad4bbb388a3aa1886f4de148559250c1dd7cb3d03c7e4109dc9a34c53f3ccb06,2026-08-23T15:20:27Z,2026-08-23-3
2026-08-22T11:00,ad5c34b52c7b3d7309386f22f154bdb4cc5540a2cbb3a46e5751baff686c9d38,2026-08-23T15:20:27Z,2026-08-23-3
2026-08-22T11:00,ad66ad0de9677837062ee6dede967112a695de00c65a77512825637222d5c767,2026-08-23T15:20:27Z,2026-08-23-3
2026-08-22T11:00,ad67257c7504b3c8e96eaef7417cc8701b5e9d6666d454ef72c3b49ab64ddb63,2026-08-23T15:20:27Z,2026-08-23-3
2026-08-22T11:00,ad69cb6bf767b9645846be98174d04af19f59fdabe9fbaa0012ab3591b3c72b7,2026-08-23T15:20:27Z,2026-08-23-3
2026-08-22T11:00,ad6aaddd7b751febd5f6abf044745e2258b8463d03b15ba37ce58a6ef8ac0372,2026-08-23T15:20:27Z,2026-08-23-3
2026-08-22T11:00,ad7572b750654295fb97ce605bf04ec8f875b8c684cc68324973c3ab72939b74,2026-08-23T15:20:27Z,2026-08-23-3
2026-08-22T11:00,ad7edac907f66dee973255637a16914ec80a75d22b20f0e73f00ace196bb2ea4,2026-08-23T15:20:27Z,2026-08-23-3
2026-08-22T11:00,ad89fb510e3c78c26282cfd40541dc61653b3d8c142b323e38b2c22c1766bfa5,2026-08-23T15:20:27Z,2026-08-23-3
2026-08-22T11:00,ad8f6f261221253efa1bef64b2648d52ca41379511e8f617c5b8fd8774c8cdca,2026-08-23T15:20:27Z,2026-08-23-3
2026-08-22T11:00,ad930c8903c7d7083acd932625c3a706a68f2beca0f9f3171b96545ac3a3bf23,2026-08-23T15:20:27Z,2026-08-23-3
2026-08-22T11:00,adb0b32e471a735da7a226eef0941441597c2026dcadefd0211aab74ce0f71b5,2026-08-23T15:20:27Z,2026-08-23-3
2026-08-22T11:00,addbe868362a87b6adf403e72403ba6eb0bd050055ccf419dd10e0043c1089f5,2026-08-23T15:20:27Z,2026-08-23-3
2026-08-22T11:00,adecb020d724e3937ae132bd8432c3f3caf62089fbab39c783d935228825214f,2026-08-23T15:20:27Z,2026-08-23-3
2026-08-22T11:00,adf4ef1609626ad89d14947709adcf2e56a1e444da1cfec35f625155121d961a,2026-08-23T15:20:27Z,2026-08-23-3
2026-08-22T11:00,ae08f6ef7737bc8b50d6106c2b29fcebaacc0ebb258738237293334dd5ab3085,2026-08-23T15:20:27Z,2026-08-23-3
2026-08-22T11:00,ae10eb4597fe2dea3b838512ee33b4589fb7c90fcb34260eaf8654f1a2d9895d,2026-08-23T15:20:27Z,2026-08-23-3
2026-08-22T11:00,ae1dde4349c2375f63f31c6ced569a03375c45967aa647198ea206e0f05295fc,2026-08-23T15:20:27Z,2026-08-23-3
2026-08-22T11:00,ae262f6446642e799e6ba13852f918449402a06002a84756f76add4f1304fd3f,2026-08-23T15:20:27Z,2026-08-23-3
2026-08-22T11:00,ae285bd35b4631fb628d6770e2cfefface9ff2fed62638540fd6cba7723199dc,2026-08-23T15:20:27Z,2026-08-23-3
2026-08-22T11:00,ae29d7968780d3506e88e6931fe04a7b6e86798dce610a6ec0e8d9f3067ccd98,2026-08-23T15:20:27Z,2026-08-23-3
2026-08-22T11:00,ae365871746c3021e17fb68babe8159f7dbc2a97c9979c1a24bb5d7308cec9b7,2026-08-23T15:20:27Z,2026-08-23-3
2026-08-22T11:00,ae4ea777b5e483dbbe12b76f5065161a7f84e68fea4b12f4db70d44864721bf9,2026-08-23T15:20:27Z,2026-08-23-3
2026-08-22T11:00,ae5372ef895d7e4157a930102dc107d9c2e982a8f28901499038c30d4575ce94,2026-08-23T15:20:27Z,2026-08-23-3
2026-08-22T11:00,ae5b134a11856e734193b2051ceffc75ca6b020d948f3063dde0d26325cf60ec,2026-08-23T15:20:27Z,2026-08-23-3
2026-08-22T11:00,ae8819709a2ff20aac8fe1d487c769967aa938991fd2fbb57a6363155464907b,2026-08-23T15:20:27Z,2026-08-23-3
2026-08-22T11:00,ae90d21f684b0dab1f29dfde046a377afd2d83bd7903e1eaa653a1941b2fdd2f,2026-08-23T15:20:27Z,2026-08-23-3
2026-08-22T11:00,aea3997891093fb6d00344dced01c807dca4db37c8b4a82084092b4f49664f84,2026-08-23T15:20:27Z,2026-08-23-3
2026-08-22T11:00,aeb40d6c5467c53f8a9f7afa4a64149817e395e00b4d473ad6b7b98dc654c96a,2026-08-23T15:20:27Z,2026-08-23-3
2026-08-22T11:00,aec2fcecd95ebb499e080dd60bb62af4c369f51423d0b0fc56cc981c03f1041b,2026-08-23T15:20:27Z,2026-08-23-3
2026-08-22T11:00,aec434a838fad6164b101fe25d5999c4fe22d089cdbb740a8a6338cd50ddedd1,2026-08-23T15:20:27Z,2026-08-23-3
2026-08-22T11:00,aec47bf765565a42d15632893022dd8dad49d3735db96380d92af7e90fffa2df,2026-08-23T15:20:27Z,2026-08-23-3
2026-08-22T11:00,aec54e92a7f3375654106f0193e27a8d2a97f771d91c1371aed44c61070edca2,2026-08-23T15:20:27Z,2026-08-23-3
2026-08-22T11:00,aec9a806dce077eacfbde941b4908ecef7661a279e35f190f78c62a6a8289935,2026-08-23T15:20:27Z,2026-08-23-3
2026-08-22T11:00,aeccc49e560e533ca949ddbff5d58a94151f966ac20b298023b6b5e1ebf1a7f4,2026-08-23T15:20:27Z,2026-08-23-3
2026-08-22T11:00,aedba1e48d459e38cdbfa5785c678ee6ab28373c83e9d8bf924a9a79261ea589,2026-08-23T15:20:27Z,2026-08-23-3
2026-08-22T11:00,aee2efee44310cfcab123d81241ce7cab813d7f8191d19c7d5a93f2872d95413,2026-08-23T15:20:27Z,2026-08-23-3
2026-08-22T11:00,aee4c36272369088927ad88462d47d109eb2130fb8b2df54ba08043cac6ef833,2026-08-23T15:20:27Z,2026-08-23-3
2026-08-22T11:00,aef73a72427f90ed1c0077c09f4ff206404c34e8e753bd189ea9fefe96237099,2026-08-23T15:20:27Z,2026-08-23-3
2026-08-22T11:00,aef8afa7768165e1cc8666fdc5bfc89ed3f8e14aae92dbc820425a07f5dbc7ab,2026-08-23T15:20:27Z,2026-08-23-3
2026-08-22T11:00,af02c45b1250d869e22c0ecb83f17a3f361ae61cd7a58a521e1b1579f467aa0c,2026-08-23T15:20:27Z,2026-08-23-3
2026-08-22T11:00,af083992cffb604056348881764b7cc2a76f1944869c5b74224fb11e39b77b50,2026-08-23T15:20:27Z,2026-08-23-3
2026-08-22T11:00,af2b2e520942c0bd580ca935c011ccc3876c783bdc937ed8e7c1236ca0121447,2026-08-23T15:20:27Z,2026-08-23-3
2026-08-22T11:00,af31e7109509e3b11a8d99f70ff44f3da40ea96905a7a588f681329a0abbcfaa,2026-08-23T15:20:27Z,2026-08-23-3
2026-08-22T11:00,af48a937ffe7e63e70063b62d54586a36643ae482d9e22352057f466b181fb64,2026-08-23T15:20:27Z,2026-08-23-3
2026-08-22T11:00,af5aa84e424116a4e4407af54595ce509bb712e5e8e0f0be2ce7054c619bd1a3,2026-08-23T15:20:27Z,2026-08-23-3
2026-08-22T11:00,af5b39f9a4cc2be2fe31f7e2b5bde6460ce1a6a215176ea33046d92d049b9c2a,2026-08-23T15:20:27Z,2026-08-23-3
2026-08-22T11:00,af6a1c13c380b6707a1f65afea2f7f9e3ed7c49c6afe5121c3774e685df0e2f0,2026-08-23T15:20:27Z,2026-08-23-3
2026-08-22T11:00,af801fa32a97b759c6aa4ab9f9084f38a8f9a693b37d5ebe212f63eeb22d25e9,2026-08-23T15:20:27Z,2026-08-23-3
2026-08-22T11:00,af8454ee17b5daf35592e6ae020c32967fa5df829c1add2a28bf4195b1bd11fc,2026-08-23T15:20:27Z,2026-08-23-3
2026-08-22T11:00,af87c1f98b4ce7bda274274a0fc599d2cc58b7e10212fde4bc12865aa889fe97,2026-08-23T15:20:27Z,2026-08-23-3
2026-08-22T11:00,af8ffbd747c6c573f8c5ccb710be2bfbc676b3fd293dbac22c0b8d234d142a90,2026-08-23T15:20:27Z,2026-08-23-3
2026-08-22T11:00,af925add66b2076b51fb380f6849e7ccaceafe45c11089b79c2a03de43afe42c,2026-08-23T15:20:27Z,2026-08-23-3
2026-08-22T11:00,af92c67340f4cd42b9930f71114c1aa843c38289d2956449836abf85cf939a17,2026-08-23T15:20:27Z,2026-08-23-3
2026-08-22T11:00,afacf6b56457f5e5eff0ad14553cb9d4c9f7f98bb6635de5e584a3679167f3fd,2026-08-23T15:20:27Z,2026-08-23-3
2026-08-22T11:00,afb3f994b65f5b7d43a764c57623d8fc91e94012bb819437680e36b1cb5ad5b2,2026-08-23T15:20:27Z,2026-08-23-3
2026-08-22T11:00,afd54bbe19c44fc2e616fa805e0fa788f08fdafd3f923e81779864556c01fdd7,2026-08-23T15:20:27Z,2026-08-23-3
2026-08-22T11:00,afde1618cf779791064ef62ea1fd51adf1136c8952cbf66bd0bfc70f352a9d29,2026-08-23T15:20:27Z,2026-08-23-3
2026-08-22T11:00,aff00e273aee973d43cbd58120db23023f8ab8c336b2ffb69a8a386b28e00e06,2026-08-23T15:20:27Z,2026-08-23-3
2026-08-22T11:00,aff524cdbec92a4eee05af80d857690f9eed371bcdeaac78a5172436f10f7fa6,2026-08-23T15:20:27Z,2026-08-23-3
2026-08-22T11:00,aff6960c5ef712e023d45bfb439c490794acbeee99789a7eb0734e5ff08b48d5,2026-08-23T15:20:27Z,2026-08-23-3
2026-08-22T11:00,b01d6b636fa2d967e2966be81c06cb83f6d8a1d14c3a55b54e3a74f2a8b2e1ee,2026-08-23T15:20:27Z,2026-08-23-3
2026-08-22T11:00,b024ba06f95182ba9c19fccddec838b89d4a1d1b62dbe76bd0589f0358650a7a,2026-08-23T15:20:27Z,2026-08-23-3
2026-08-22T11:00,b02838e2a3023082a5f4825b9ff9914e864115d632c0051df6b09f6f02b045ce,2026-08-23T15:20:27Z,2026-08-23-3
2026-08-22T11:00,b02c2aa015471ec5ebef8fd676c55f05eb0136e4509c6cec9d5309bc3a7e8db8,2026-08-23T15:20:27Z,2026-08-23-3
2026-08-22T11:00,b03834e6777b7f93760e49a04f34a5e8e4f53215deae2a02cff48c2140fd1c77,2026-08-23T15:20:27Z,2026-08-23-3
2026-08-22T11:00,b03ca79f0bcc2b83ce3f8033e15cc02362e38f7055862f3f0d909b13eff88dd2,2026-08-23T15:20:27Z,2026-08-23-3
2026-08-22T11:00,b040c6a9760044cef0af7ff5adeba2353e63a755fca8ed4f4c6835246b9604c6,2026-08-23T15:20:27Z,2026-08-23-3
2026-08-22T11:00,b04845c2b7eaf9bf57749788b6750715c86e498ed119560944098de370bfae23,2026-08-23T15:20:27Z,2026-08-23-3
2026-08-22T11:00,b05a89059af7b43ced55659057bf49151e08c84d9b1f676abc2305f9e80c6d54,2026-08-23T15:20:27Z,2026-08-23-3
2026-08-22T11:00,b06189c39363159bd780c4a3247e4f1ee5e1673976c7f96fffc57cebb3eb4b27,2026-08-23T15:20:27Z,2026-08-23-3
2026-08-22T11:00,b06606b88a53f0bda59aeaf727c5b66093938550fc326026eb644566857ef697,2026-08-23T15:20:27Z,2026-08-23-3
2026-08-22T11:00,b06907b5d6112309851e2c537ff39c42ae21ffed9b6a379780611854d1ed7aa2,2026-08-23T15:20:27Z,2026-08-23-3
2026-08-22T11:00,b071b3375367ea5044cface31ea56047e5a66c2e9df81e4297f465734a91d432,2026-08-23T15:20:27Z,2026-08-23-3
2026-08-22T11:00,b0736e2372f625cd67c3b56add04384857ef851e58e0d0d434294af72c6ca515,2026-08-23T15:20:27Z,2026-08-23-3
2026-08-22T11:00,b074ccdb2d9ec0277b65ffb18584d60bda8a7a7e85d66c24424c971ec1d59e8d,2026-08-23T15:20:27Z,2026-08-23-3
2026-08-22T11:00,b082e9926eb7f0cdc784ca2557665f374c67efddb1c88cb0e981915ae0605be6,2026-08-23T15:20:27Z,2026-08-23-3
2026-08-22T11:00,b09713db8a03d27c034a2e1d3deb504e2b4f226b87baa9abbe2080f0b87f2d01,2026-08-23T15:20:27Z,2026-08-23-3
2026-08-22T11:00,b0a125a5f80e93eba2a52cda6d7e6ab44759435419e08a636fa8265eac853a9a,2026-08-23T15:20:27Z,2026-08-23-3
2026-08-22T11:00,b0baee805c992269e2334e4b1a6014c7074c847cbb19ded1929f942382410693,2026-08-23T15:20:27Z,2026-08-23-3
2026-08-22T11:00,b0bfca7aae4b9f5b800871fa4976195a82c38532bf278ff05fd9c25f01090938,2026-08-23T15:20:27Z,2026-08-23-3
2026-08-22T11:00,b0caa1ec272460929a17e457fa9f44db057edfcf36a4d6c77c1587019cbcb3ca,2026-08-23T15:20:27Z,2026-08-23-3
2026-08-22T11:00,b0d7df1028b033f7621e6bf43c594e27073283830cecd83ffe5ef5dd95718ca1,2026-08-23T15:20:27Z,2026-08-23-3
2026-08-22T11:00,b0fa6688a99735770b6659717286d8640d2e4537110c8dac0d8496e620f7f648,2026-08-23T15:20:27Z,2026-08-23-3
2026-08-22T11:00,b0fbc63102602ed308c5a0ebb18dd8b18c644f42d827d23fa85523d6ed1ac010,2026-08-23T15:20:27Z,2026-08-23-3
2026-08-22T11:00,b10979272b1b83b0b8795ae49d556d7aba5b1bbe30294fe732d8bde5cd580eab,2026-08-23T15:20:27Z,2026-08-23-3
2026-08-22T11:00,b117978acb8a29a32c1235fc556da60ba34be984cae8fd7ad2711d31d486bf3b,2026-08-23T15:20:27Z,2026-08-23-3
2026-08-22T11:00,b11d4bd5436401db7d0e42dbfedd03d29a584b7700a86efad52a9c38a90079b5,2026-08-23T15:20:27Z,2026-08-23-3
2026-08-22T11:00,b11e2a6921394bd8df6ef4be4ee2c1e2e772d7958b2dda48a012689629257a16,2026-08-23T15:20:27Z,2026-08-23-3
2026-08-22T11:00,b125aa20d4bcdde30aeb18e1db2d153d7994276a91f5a1fb54ba76af67994d48,2026-08-23T15:20:27Z,2026-08-23-3
2026-08-22T11:00,b12f3afab073c910568db1d4696caf5d7e02e4512984f2f1ecf2e26df339786b,2026-08-23T15:20:27Z,2026-08-23-3
2026-08-22T11:00,b148f67806152803c5eea13baf6fc74d2f277e23d2e2059199f68773dd6a241f,2026-08-23T15:20:27Z,2026-08-23-3
2026-08-22T11:00,b14e7fe82aa79ae8cec1add1f7d3f57a21ea84a30c3cec3e1697f33530e2178a,2026-08-23T15:20:27Z,2026-08-23-3
2026-08-22T11:00,b1585d7d8aa65ecd35af1b56d9da9f80a5f510f340371f878a9f7f342c698ff2,2026-08-23T15:20:27Z,2026-08-23-3
2026-08-22T11:00,b177629ed489edccb799f50d6a3b6d88012a10ef2f76cdb6a0c76f38bfed2da7,2026-08-23T15:20:27Z,2026-08-23-3
2026-08-22T11:00,b19ec562c455e753267b0e04107e2217c787cdc2a4884378a6d93cdc79d11f47,2026-08-23T15:20:27Z,2026-08-23-3
2026-08-22T11:00,b1a6913bd48b5649ceb36d44d502b2732c63e120f8e6315738be276718584abf,2026-08-23T15:20:27Z,2026-08-23-3
2026-08-22T11:00,b1ac385be85f2a0c02cf78bf5614d53af5617f45cb1ef740f7146fee12bf475a,2026-08-23T15:20:27Z,2026-08-23-3
2026-08-22T11:00,b1c9322e571fec76add6efbb8731702af6e8bef4bc88e55c10f99eba51b1b389,2026-08-23T15:20:27Z,2026-08-23-3
2026-08-22T11:00,b1dc3023439a6549329bf07c4d06cba4673cce0798f797050be54ad13210a931,2026-08-23T15:20:27Z,2026-08-23-3
2026-08-22T11:00,b1e2f7fefc6b5d23bc8fff8c6aee3ba83b27ff559df9170888b38159e9a834e7,2026-08-23T15:20:27Z,2026-08-23-3
2026-08-22T11:00,b1e8fa405e3d65f0dcc39c33c42789afca66f8c59d5e4a514f6b3d8bd4cad8cd,2026-08-23T15:20:27Z,2026-08-23-3
2026-08-22T11:00,b1e8fd2810bc41646a5670d317f48a25736f901e7839fda4814780e32da354da,2026-08-23T15:20:27Z,2026-08-23-3
2026-08-22T11:00,b20c36e6d3f60814986a63e5fc4261972c7ace84f84cfcf66111c28c446bf6c7,2026-08-23T15:20:27Z,2026-08-23-3
2026-08-22T11:00,b20d4449fa5a37a41532b0d1dea8bcc0a3e6a1ade348450e86fe4a813bd51d4b,2026-08-23T15:20:27Z,2026-08-23-3
2026-08-22T11:00,b20dc94db170f55c193e48f6fad5c0f212e17442b944d5fa755391654f0c73a4,2026-08-23T15:20:27Z,2026-08-23-3
2026-08-22T11:00,b22a1fe9772dbaf4fb6327e95ffe9e4b970692b7ad9d28042df91379511ccb1b,2026-08-23T15:20:27Z,2026-08-23-3
2026-08-22T11:00,b22f9e074e12fbe93f4f002661a2321df633729fcfdcc2e859934428349a674e,2026-08-23T15:20:27Z,2026-08-23-3
2026-08-22T11:00,b2506ce6e70488d94ae7c76aa68c773e1d5ec5446ac33430d8c51135dd7d9dfc,2026-08-23T15:20:27Z,2026-08-23-3
2026-08-22T11:00,b253ba20db9f0856059c7febc71784e074889fdeeba5d7350fdfaf407f4f887f,2026-08-23T15:20:27Z,2026-08-23-3
2026-08-22T11:00,b274a9d7c42762171835b6556e67bf8eab9b40744e7d206be9719dd2aaca7327,2026-08-23T15:20:27Z,2026-08-23-3
2026-08-22T11:00,b274b3ae22f661a64c4ed5a0522f245a1719ff7299e21dfd5814a965255a1005,2026-08-23T15:20:27Z,2026-08-23-3
2026-08-22T11:00,b276b4af9d56c95521c9ae154e7bb93bd0b381b17a19003d533fb449754e1918,2026-08-23T15:20:27Z,2026-08-23-3
2026-08-22T11:00,b28d7455d9ded84bae46348c9b6f8ec3da9d40a331963df7b184cf1f5737947e,2026-08-23T15:20:27Z,2026-08-23-3
2026-08-22T11:00,b29d8281c4b97162aeb8135f497f34b8e43a61633fa9a5f327c1033075bd1cec,2026-08-23T15:20:27Z,2026-08-23-3
2026-08-22T11:00,b2ae980e71293433ef33c7bef3d96d48f1d9bc2f6ce3f39c257db9b5e83dae89,2026-08-23T15:20:27Z,2026-08-23-3
2026-08-22T11:00,b2b2c58963fb37e2e1bbdd6fa7310bcc2a3dd929fa8b95980100dcd7fc8d627c,2026-08-23T15:20:27Z,2026-08-23-3
2026-08-22T11:00,b2ce72647b4794f9ac903a5df74299117e6018a7f9bb9b6cbd241738d203acb0,2026-08-23T15:20:27Z,2026-08-23-3
2026-08-22T11:00,b2d3661592d5c5ba55a0e407d465cc02e043dc57bf04d8b26937fcd7fe123f3b,2026-08-23T15:20:27Z,2026-08-23-3
2026-08-22T11:00,b2d81cde78ffb3ee5a07c0592ebfb70b94d0536186d3521711f44b508dbcb8bb,2026-08-23T15:20:27Z,2026-08-23-3
2026-08-22T11:00,b2ee84defc8eb6d7193122c800d8d4e11c0e7910ec13077984508571b5b96739,2026-08-23T15:20:27Z,2026-08-23-3
2026-08-22T11:00,b2f8009399429cf62bbcf74547eb3860f3e50e6cd88d12c04e247096d8c5d8c9,2026-08-23T15:20:27Z,2026-08-23-3
2026-08-22T11:00,b2fc10c5c3a908d22b9b330dd0b7f10f14ffbe3a706d6d0ff09e829e8c84babf,2026-08-23T15:20:27Z,2026-08-23-3
2026-08-22T11:00,b3010dc2f1adb6dc6b628ac4e23c9187f6f28475d037f7abda14fb351d2bd5ac,2026-08-23T15:20:27Z,2026-08-23-3
2026-08-22T11:00,b3015a6396150763115f56a6eb09b67e004d6652996951e8e88a06de8d5ba4fc,2026-08-23T15:20:27Z,2026-08-23-3
2026-08-22T11:00,b3173dd39ee830dfc6a757120b94163dea7c737e03503d5793b5a133c44faca6,2026-08-23T15:20:27Z,2026-08-23-3
2026-08-22T11:00,b331a55450660d7324062a76d442f5917ed7ce3364f7b9f1290210a72f0921b7,2026-08-23T15:20:27Z,2026-08-23-3
2026-08-22T11:00,b34c98233be7b51ec97be93db6df77921008051feed9b5459d01a98a9969b652,2026-08-23T15:20:27Z,2026-08-23-3
2026-08-22T11:00,b34e67379e364a60f08cee5cd1e67eaa1407220acf0b4da66377beb61da7614a,2026-08-23T15:20:27Z,2026-08-23-3
2026-08-22T11:00,b351818da1d2495f184675645fd93bc41b99bd3eff6272722b6054613835dd93,2026-08-23T15:20:27Z,2026-08-23-3
2026-08-22T11:00,b352cdfbf810a877af88a8ff9d3f91600727cc46ba92749f0dc9922757a44bbd,2026-08-23T15:20:27Z,2026-08-23-3
2026-08-22T11:00,b368a97d893cecfb39dddfcf8dac3916a804c85194e22fc9752bd77cc8498685,2026-08-23T15:20:27Z,2026-08-23-3
2026-08-22T11:00,b372974504ea1b200808de978905d59424a9e615498cb4909bee98bca30e150e,2026-08-23T15:20:27Z,2026-08-23-3
2026-08-22T11:00,b37b1adadd22e7d463ee4f1b296e7e62f5a2a9b7b46a15cb6d21b8d85bf4151f,2026-08-23T15:20:27Z,2026-08-23-3
2026-08-22T11:00,b37b2063495e70cb31a0139b1b7cde5200abefdbbd79cd7ae7762eb3ee501019,2026-08-23T15:20:27Z,2026-08-23-3
2026-08-22T11:00,b37da97f77c031ecdaeb392da43fa3d9f7a7e9dfd48cb3c99692fc8235013fc2,2026-08-23T15:20:27Z,2026-08-23-3
2026-08-22T11:00,b38736f246dd62608a43ecfa62629f14adc00806c3da37d0982f29ef61f23938,2026-08-23T15:20:27Z,2026-08-23-3
2026-08-22T11:00,b3951aad48c9c2d6f497f18d1bb388cdd7bf903ec10c1c3d0c46605033311771,2026-08-23T15:20:27Z,2026-08-23-3
2026-08-22T11:00,b39e42552198e020d6a98129de7fd4afd045982ced9d1bf4de71c244f45de7f0,2026-08-23T15:20:27Z,2026-08-23-3
2026-08-22T11:00,b3a866d140928ce3aba608a7e95d7139bdab3e3700f775a7a1559f3aac08179e,2026-08-23T15:20:27Z,2026-08-23-3
2026-08-22T11:00,b3a8dcf22b96d7a4129d8e8b247718c736fc99749432b76ec81d9e7d219ed112,2026-08-23T15:20:27Z,2026-08-23-3
2026-08-22T11:00,b3b0405c280a65d64f13142b74309cb9f2d4470b6350af59a8f5aca71608fa5f,2026-08-23T15:20:27Z,2026-08-23-3
2026-08-22T11:00,b3b41b6d18c1bb10d1840636df75d031a69c469991581a654d13c019069ff040,2026-08-23T15:20:27Z,2026-08-23-3
2026-08-22T11:00,b3cd5a674b735049d58e2be9cf9b2e7ec6b72e9cf64dc8914de6fc861bd400f1,2026-08-23T15:20:27Z,2026-08-23-3
2026-08-22T11:00,b3d1173017d6c7da4589201ab0a6f82887d4074b431d1e395511c20c77d613e9,2026-08-23T15:20:27Z,2026-08-23-3
2026-08-22T11:00,b3d8a86c92be8a5824b067e05863bedc2dbb0709b67c83f4903f5b0ccadfa825,2026-08-23T15:20:27Z,2026-08-23-3
2026-08-22T11:00,b3ecf79fa80a33e6f56026a2df573fddfbaae17d7c2b6360c32ab61ef8f7bdae,2026-08-23T15:20:27Z,2026-08-23-3
2026-08-22T11:00,b40799dc5174ae35e41f5b517a694cd4e142ae71125e3c8dc90e46539a43f49f,2026-08-23T15:20:27Z,2026-08-23-3
2026-08-22T11:00,b4089d622015f214d625433803f4e034a2f3ad04f4b01097483e49995b5e80d0,2026-08-23T15:20:27Z,2026-08-23-3
2026-08-22T11:00,b41567f9675a631cb362e62b8fe6f6ec24680d20f918ed5d91968263a1530dba,2026-08-23T15:20:27Z,2026-08-23-3
2026-08-22T11:00,b41e36239a7d7fee076d400becc04482eec9c7d083d228d27d23a8b430f0943b,2026-08-23T15:20:27Z,2026-08-23-3
2026-08-22T11:00,b420db7ecd798393cfbdd9cd07efb4d1cd83a35c0d1599e9b5ec5918d1386e19,2026-08-23T15:20:27Z,2026-08-23-3
2026-08-22T11:00,b44184323beb3e9e36c8f780c1dfd99eb310215abb0a11acbfd87430d0f4a657,2026-08-23T15:20:27Z,2026-08-23-3
2026-08-22T11:00,b447a90ef28095434607f22d51e95044f4a9d9216cef72ea8406badb41bf6061,2026-08-23T15:20:27Z,2026-08-23-3
2026-08-22T11:00,b44876a2799787932aa138d485aa0f9eb616295035d4123f1ef64a5e30b7f070,2026-08-23T15:20:27Z,2026-08-23-3
2026-08-22T11:00,b4700576b224697c17e2588c083dfbf89e55c0130d5d73877caade2cb4897e95,2026-08-23T15:20:27Z,2026-08-23-3
2026-08-22T11:00,b479c17f32ca19a1972186fe3e1c4bcc0e9550fc751fe5fb8b80bff474883971,2026-08-23T15:20:27Z,2026-08-23-3
2026-08-22T11:00,b485c2c2da6896a548611a6ca8569ee50cb1b83cb48f2732ce951e98c7c08940,2026-08-23T15:20:27Z,2026-08-23-3
2026-08-22T11:00,b49784162755e245c3485c421167b0ea40d313954954d1bc1ea7a114876cfe6c,2026-08-23T15:20:27Z,2026-08-23-3
2026-08-22T11:00,b497f30634e434d979d0bb26eb1376a6bc30cd8eecbf296d9b53e58514e985ea,2026-08-23T15:20:27Z,2026-08-23-3
2026-08-22T11:00,b4a09260555ea9c0a6b78a487ba64bfe1fa9d900cc1ed3c4f84bfddbfef5b3b2,2026-08-23T15:20:27Z,2026-08-23-3
2026-08-22T11:00,b4a0b823929e6506dedc523e266cd9095855c0b261445c3091d4be703993df76,2026-08-23T15:20:27Z,2026-08-23-3
2026-08-22T11:00,b4a245738a8f15bbdebab3ef1373fcf79551da4eab3fe1224e5ae079f72fc8af,2026-08-23T15:20:27Z,2026-08-23-3
2026-08-22T11:00,b4b340379768876cac657c75b773dd9a27a49f497a1d1293aa3ff6a198b7b4c7,2026-08-23T15:20:27Z,2026-08-23-3
2026-08-22T11:00,b4c6b963488b84ab22c55a23df9fa10b670db97cf6d36c2e47832a9906fa7284,2026-08-23T15:20:27Z,2026-08-23-3
2026-08-22T11:00,b4ca3e9199cfbaf39c50ef83b0ee02f975dc495fd16842ad692c28168cd49cd9,2026-08-23T15:20:27Z,2026-08-23-3
2026-08-22T11:00,b4d7096bff9b0ef902f985bd080f13001988c90a05cb8580e34340993705df96,2026-08-23T15:20:27Z,2026-08-23-3
2026-08-22T11:00,b4f0f962b996f8076acc898c71d230527599f2b326c3ca165b8cce2594da5c3c,2026-08-23T15:20:27Z,2026-08-23-3
2026-08-22T11:00,b4f3fcd9c752063a1df2a83440ba860f72125922635d1e149c1de18732f11f54,2026-08-23T15:20:27Z,2026-08-23-3
2026-08-22T11:00,b4fe7dafa3110f967ccd06683a13e024edcc4b5ac820dd24b11d3ddca9347729,2026-08-23T15:20:27Z,2026-08-23-3
2026-08-22T11:00,b50330f441aacbfe99a3717d321b9dd43aed812b82a7e87f28a81d3d010647ae,2026-08-23T15:20:27Z,2026-08-23-3
2026-08-22T11:00,b503bae5c32b226ce124514278613fab90ba83d4623163f9e45e4fe73c00e6c9,2026-08-23T15:20:27Z,2026-08-23-3
2026-08-22T11:00,b50beb89f16ff8d60dc4922aff27762cc1e36ced0b61bef1289bec247ea882ed,2026-08-23T15:20:27Z,2026-08-23-3
2026-08-22T11:00,b50e3d195c6e850f753f8544c4801e5245d6f4ade61b5272cf01bc58ce50328d,2026-08-23T15:20:27Z,2026-08-23-3
2026-08-22T11:00,b518ba7aeabfd3e19271350204e4bda3bf3451ae68518979372fd358d359904c,2026-08-23T15:20:27Z,2026-08-23-3
2026-08-22T11:00,b525b75212132ef5a21b909408c0bc32f30ef4e8b44ff9a5aef931f00cc59c29,2026-08-23T15:20:27Z,2026-08-23-3
2026-08-22T11:00,b5267e9f45a0e1f7e7107069f83ac690dd5017059444b6e98cd54ac00713adc2,2026-08-23T15:20:27Z,2026-08-23-3
2026-08-22T11:00,b535bc26b45474aa5710d951f8d8d4da9d4a71f7ce828bffeedc2039936c6b83,2026-08-23T15:20:27Z,2026-08-23-3
2026-08-22T11:00,b5490117622a28e5f5d9a960430b953d42b3e1a73152353583a60f4259baaa49,2026-08-23T15:20:27Z,2026-08-23-3
2026-08-22T11:00,b5554f330ce9cb5f87d50ae3309dd755a01273ad0b4692ec005d64bcf1297ee5,2026-08-23T15:20:27Z,2026-08-23-3
2026-08-22T11:00,b56373c48d7b3adfdd65991159ba4e99fe5cc18acb5a8c0641692cba6bc91ca0,2026-08-23T15:20:27Z,2026-08-23-3
2026-08-22T11:00,b56aba636dd47a3303db7faa4d0a8f7276f36cc66650bbcb6f6e19789e253f64,2026-08-23T15:20:27Z,2026-08-23-3
2026-08-22T11:00,b573ab867d9ce879d2080086e2b85b53190706d349e24fc7d2a0e6557243d222,2026-08-23T15:20:27Z,2026-08-23-3
2026-08-22T11:00,b575d1f52d92a2248c1abb6c3d9bc94272cd5f380eb2062a279feab0118e51e5,2026-08-23T15:20:27Z,2026-08-23-3
2026-08-22T11:00,b57c4936770d0229f87e24faf539db74eb07413ca48ee57a9d01527333041908,2026-08-23T15:20:27Z,2026-08-23-3
2026-08-22T11:00,b587cb5cb3d41bd5d644fe8caaf27663fc666c4d907f583a6b67d1addbd99b55,2026-08-23T15:20:27Z,2026-08-23-3
2026-08-22T11:00,b588003a0f7689aa0c8ed3de3a28e48a528de8ba0d8c0eaf7e14c8308c0134fd,2026-08-23T15:20:27Z,2026-08-23-3
2026-08-22T11:00,b58b4fc23eff3ea9e7668721c0561cf3fbb7909e69dfe7a158e9efc525c01242,2026-08-23T15:20:27Z,2026-08-23-3
2026-08-22T11:00,b5970d760c30186cbacdd6ea432a55b2a285fc6ae38fe2f5fd175634635270b1,2026-08-23T15:20:27Z,2026-08-23-3
2026-08-22T11:00,b59b3271b775356f43c3e1f39bde513ae65d2b95652fdc4a2521e0f6b11ad45d,2026-08-23T15:20:27Z,2026-08-23-3
2026-08-22T11:00,b5a1d4bef761a6d565cee379459ee355e8f6ea71f98eda2025cca64c68e694c3,2026-08-23T15:20:27Z,2026-08-23-3
2026-08-22T11:00,b5a9527bbe99fa73d9dff121252bd3ffefc1601be370959506024f0d17923d97,2026-08-23T15:20:27Z,2026-08-23-3
2026-08-22T11:00,b5b84d4689f03504ccde66084cb6c7b355d88009037bc7b339af150d37bae421,2026-08-23T15:20:27Z,2026-08-23-3
2026-08-22T11:00,b5bcc687b2ead9fc4adad659d5d474cd534e2bbe92ffeef78c30ee09de9af7de,2026-08-23T15:20:27Z,2026-08-23-3
2026-08-22T11:00,b5c211e642e7c85f4698e309cb40de05cf2277898f7c9d4ea2c30da409748c3c,2026-08-23T15:20:27Z,2026-08-23-3
2026-08-22T11:00,b5d18c04f7f67bab650de071ee075bf027eddddbdd6c84d84abc41f33a9171b7,2026-08-23T15:20:27Z,2026-08-23-3
2026-08-22T11:00,b5e950a5a23efffa8723b0a95a7789d1be44605c5688c00e10fd625cc825be61,2026-08-23T15:20:27Z,2026-08-23-3
2026-08-22T11:00,b5ed4622dd36a3c2d3baa7fe88cbf40ae98a81663a0dde439cb22da6954a0937,2026-08-23T15:20:27Z,2026-08-23-3
2026-08-22T11:00,b5f63898e25033705501b1e122f9bb93e9bced04fb3847adffaf514403d54d37,2026-08-23T15:20:27Z,2026-08-23-3
2026-08-22T11:00,b605abe0599538840ba6c922645c1831966013081122478f6d702b49a9fd267e,2026-08-23T15:20:27Z,2026-08-23-3
2026-08-22T11:00,b60953f6b10934801f349f31bfc726c6ac2fe60fc1dab5af192ffa9f96edb9dd,2026-08-23T15:20:27Z,2026-08-23-3
2026-08-22T11:00,b6096c30c708aaa15494d2a45969f5da7cf3a3c87bdb3f9e29705f316dc20e78,2026-08-23T15:20:27Z,2026-08-23-3
2026-08-22T11:00,b6195fbbd6f5bfec9c3b625b1bfeda588d70551efe6d40b9a4c7597358ddb6c0,2026-08-23T15:20:27Z,2026-08-23-3
2026-08-22T11:00,b61e34ff0c8beefaf4e5bd2e549ce1a805d5292554893cb0794c0e09f2bb8a44,2026-08-23T15:20:27Z,2026-08-23-3
2026-08-22T11:00,b61ea787527de0b3df05d6565b0f3c767be4fb60427b2ece59589028fe6ca84d,2026-08-23T15:20:27Z,2026-08-23-3
2026-08-22T11:00,b636f8782829dd0326b718f87009b92843e1c8820a4b1796042a51cc3142bb96,2026-08-23T15:20:27Z,2026-08-23-3
2026-08-22T11:00,b63e5cb33bb0ec81fc69112856bd79cc3137bbdb6ac4f289eb0b32824e1d9589,2026-08-23T15:20:27Z,2026-08-23-3
2026-08-22T11:00,b6489c4853edb9967b51b357477e52cf59a9b79eb92e7a952f014bcc34fd389d,2026-08-23T15:20:27Z,2026-08-23-3
2026-08-22T11:00,b64fc063f2641730cb4ab354916b2d9766bdc14d21c3d06eba4cf332c5afac30,2026-08-23T15:20:27Z,2026-08-23-3
2026-08-22T11:00,b6500fc15f98ed5eae0133013aba745b146000d878c871586eb5eb5365e29d11,2026-08-23T15:20:27Z,2026-08-23-3
2026-08-22T11:00,b6572c4b76d020a30ec8211bb842d8a75c65f7832713a68af8f6a8b7cb38aa69,2026-08-23T15:20:27Z,2026-08-23-3
2026-08-22T11:00,b658406b020fc88e45799fceb7a383bcb45cec1145f417859deddd8f3eff9966,2026-08-23T15:20:27Z,2026-08-23-3
2026-08-22T11:00,b65aa1942ed5e0ac9c60c550221ee3064bc5fb57cf0ba4ab21b34df8a917178c,2026-08-23T15:20:27Z,2026-08-23-3
2026-08-22T11:00,b65b2b85dcff233a8ea1a0e0d6f2358b55b9d74d99a141a2bf18218080ed4206,2026-08-23T15:20:27Z,2026-08-23-3
2026-08-22T11:00,b65b75cd50abb6e33894f665b5e8e89929cbfd4b23990bd4671c16ccdbb80ee8,2026-08-23T15:20:27Z,2026-08-23-3
2026-08-22T11:00,b65d667a88f8d7a1fd049c07132bdd24c863cdd73a18a181c9a30f047901ddeb,2026-08-23T15:20:27Z,2026-08-23-3
2026-08-22T11:00,b66059013c627a246d139d48a33768d4810fe9209e3c86c16ea9555094746db8,2026-08-23T15:20:27Z,2026-08-23-3
2026-08-22T11:00,b66b937dc53f36c57786801025728d3e000ddadf07fa8b50dcd8d876bbd1a403,2026-08-23T15:20:27Z,2026-08-23-3
2026-08-22T11:00,b66e835d32f819d3533dc14307e1085be7032863edb57d292dfffacdff742ff8,2026-08-23T15:20:27Z,2026-08-23-3
2026-08-22T11:00,b67dc1f2751529d3029cb00af37ced03f7f930e1b3ff197b46105c13d89e5e96,2026-08-23T15:20:27Z,2026-08-23-3
2026-08-22T11:00,b68785e0ad8b53a8b766a97451edf2f98f0319c2a31365111ad4153e3b709cbd,2026-08-23T15:20:27Z,2026-08-23-3
2026-08-22T11:00,b698c5e122a76f6ed5f0a40460269b725bdc58140af32c205628d5c37e198a47,2026-08-23T15:20:27Z,2026-08-23-3
2026-08-22T11:00,b69a62090bf5ceffb743dde7f83f963f7ce3fe83bc06a06e1bf1d7578f79f3de,2026-08-23T15:20:27Z,2026-08-23-3
2026-08-22T11:00,b6a1a5c9851acb810bf165468217bd3f5d0c2f8bed4e9c2ff3717762bb4cb73f,2026-08-23T15:20:27Z,2026-08-23-3
2026-08-22T11:00,b6a5fdb87e9fa85c46b65c80be3b7920021f7ba04c8d1b98deedd73b20ba9183,2026-08-23T15:20:27Z,2026-08-23-3
2026-08-22T11:00,b6adfe8abf628c2b8c334156dbb92739d036c1520bed7313744036f942553610,2026-08-23T15:20:27Z,2026-08-23-3
2026-08-22T11:00,b6b786ec500cd85f6264723b6565ded7a285477215afa7f345ca0263d855dc3b,2026-08-23T15:20:27Z,2026-08-23-3
2026-08-22T11:00,b6b80a8e3884f4c9b07ca4a945012994c1b9dd3d012bbe2a5bae4021e7984c97,2026-08-23T15:20:27Z,2026-08-23-3
2026-08-22T11:00,b6bc962eb7262a70294f3d3907744f29a56a56063580b33672e32e125f3db433,2026-08-23T15:20:27Z,2026-08-23-3
2026-08-22T11:00,b6c295244f5b4bf684f55d78c02c478eae0791c3d7b0fa59aa78b3a4ece08a68,2026-08-23T15:20:27Z,2026-08-23-3
2026-08-22T11:00,b6e5c2006dc7ae9bd9e39006c050878e2d2c25d2623c141cf2841eb6eaf5a908,2026-08-23T15:20:27Z,2026-08-23-3
2026-08-22T11:00,b6e88a382c0be6e53fcbbaebfb0c534119de0b880290e2c319da102bf4ad6c75,2026-08-23T15:20:27Z,2026-08-23-3
2026-08-22T11:00,b700f7a437b567a3a3a73f4c293f27487dea31bf65b7e676606ace18de751d79,2026-08-23T15:20:27Z,2026-08-23-3
2026-08-22T11:00,b7012bd426f731bb1c5f97f8b6bcaeab902503de413e49c5b65f32203e0792c7,2026-08-23T15:20:27Z,2026-08-23-3
2026-08-22T11:00,b710248f640dc638fde5dc137a40ed18158200c57f1b3e3bee05c18744e0ae01,2026-08-23T15:20:27Z,2026-08-23-3
2026-08-22T11:00,b7158d829815fe96d2be40834eec58acef42893b9ccd9705cd1e9f0952358395,2026-08-23T15:20:27Z,2026-08-23-3
2026-08-22T11:00,b718c754e1fc2a84522d4be07fc749ea0376a7dd2df7d66e87d1985caeaaa211,2026-08-23T15:20:27Z,2026-08-23-3
2026-08-22T11:00,b7195bbec0581aa4f92ada0dd09674535fb070400751141f7e4df598b418145c,2026-08-23T15:20:27Z,2026-08-23-3
2026-08-22T11:00,b71d38955ed46b810234ec166d5b8ff96d69109b3c97396860e94329c24522e3,2026-08-23T15:20:27Z,2026-08-23-3
2026-08-22T11:00,b7237dac2aa2d0873bb26a865016e28602248bb6b98031936cec6c9c2145b572,2026-08-23T15:20:27Z,2026-08-23-3
2026-08-22T11:00,b731d1b5331399912b626a340b52898e8e6c941ccaf1fae43625a5e370ece9af,2026-08-23T15:20:27Z,2026-08-23-3
2026-08-22T11:00,b737026c740eae0a3c63057b3e8977503c999e97f62bf68f7efb1727adbda6b3,2026-08-23T15:20:27Z,2026-08-23-3
2026-08-22T11:00,b74511ce009ab4e1e053776f9e220f7527844748f1d0c3dd35842bdbfd374bf1,2026-08-23T15:20:27Z,2026-08-23-3
2026-08-22T11:00,b75a143b53b9378044fe856e01cc7916707d0fb281874057db399b5b9ec3032d,2026-08-23T15:20:27Z,2026-08-23-3
2026-08-22T11:00,b76470a5e1806847e301fcdc7871d041f10729b9524d99b002819b3f3381c21b,2026-08-23T15:20:27Z,2026-08-23-3
2026-08-22T11:00,b76a5aae2dc3c48840de29ecba8140631521207f5e6384e8485ff1bff67e8b11,2026-08-23T15:20:27Z,2026-08-23-3
2026-08-22T11:00,b78559ce6b9cdb4af1c9be823bfbec22385cd4dd78e01e46ebe53a4fcba1bfb6,2026-08-23T15:20:27Z,2026-08-23-3
2026-08-22T11:00,b791a273f300e2e2746e7f95413ac7e24e9496cbef0d430721fece69e4f07827,2026-08-23T15:20:27Z,2026-08-23-3
2026-08-22T11:00,b799494873d33152af73bfa24bfe74825906606f8dc8bc415356cbd6c2d9a356,2026-08-23T15:20:27Z,2026-08-23-3
2026-08-22T11:00,b7d585ce5cb48b2f2b630ae3d32be71a10c856f5314e537c5c9075ede86fa326,2026-08-23T15:20:27Z,2026-08-23-3
2026-08-22T11:00,b7e93a0eaefef36347780c3f98e3a250e3098d5448b118c54d48092f82ac2e21,2026-08-23T15:20:27Z,2026-08-23-3
2026-08-22T11:00,b7f977092949f2ac205b8f4daac85c4c8ea2ac0c395e802a071c50f9e2f19e73,2026-08-23T15:20:27Z,2026-08-23-3
2026-08-22T11:00,b80206eeacbe4305e748071b9f6f92d1ca6aa24660e5293f7358c134193d1233,2026-08-23T15:20:27Z,2026-08-23-3
2026-08-22T11:00,b81c825e296cca7cd443b2b7121f7aaa7f665ed3528c3ecf6d97a52779165f7b,2026-08-23T15:20:27Z,2026-08-23-3
2026-08-22T11:00,b821cf341e1e164ebd41c994c00dd0338f25fabf67181d8e1ede5ec6ae922256,2026-08-23T15:20:27Z,2026-08-23-3
2026-08-22T11:00,b8228e600d9a76529c70be421ee8965de034bdb823a62683aa1bae3a6ece722b,2026-08-23T15:20:27Z,2026-08-23-3
2026-08-22T11:00,b822b68e299c1ce065bb27d52feb8ada52ae37a2dd1b20ee46a9b5a9c089b442,2026-08-23T15:20:27Z,2026-08-23-3
2026-08-22T11:00,b82956d9dca60be3f52c9afc2e80f6802991a15f52f44c018f674fdfe8cc4349,2026-08-23T15:20:27Z,2026-08-23-3
2026-08-22T11:00,b83013b0cdb8bd12a1f241daac32252b3e48f3db810f9e3e4a8f069e7a7e99ab,2026-08-23T15:20:27Z,2026-08-23-3
2026-08-22T11:00,b83997df209ee9990ae6c6983c161b701f6db13394f82aa3011eb4a31bbc1cae,2026-08-23T15:20:27Z,2026-08-23-3
2026-08-22T11:00,b83c91b666d9011a0d436c1e8b602a3102e39e622bc98996c926a5b481849625,2026-08-23T15:20:27Z,2026-08-23-3
2026-08-22T11:00,b84bc4818d18a5699a19c070fba9a0c16bd8946d853865687a50e630f004ac3e,2026-08-23T15:20:27Z,2026-08-23-3
2026-08-22T11:00,b8544e21ac38f5f4589827f6d13b1f1b227d5a51595fa680f010dda3793f434d,2026-08-23T15:20:27Z,2026-08-23-3
2026-08-22T11:00,b857161094218dbbb5f8b82019fff495b4e3cba5cb5349faa9437997a502af48,2026-08-23T15:20:27Z,2026-08-23-3
2026-08-22T11:00,b8619bcfef5ab826526caf4d24356751589b363fde20000addcdd61652cf06a0,2026-08-23T15:20:27Z,2026-08-23-3
2026-08-22T11:00,b8796716d11a4bc2d6b32fa4cd25ba34cbb951d4cdd950c6fa103c4c33866f47,2026-08-23T15:20:27Z,2026-08-23-3
2026-08-22T11:00,b89f39ad5876fdd27d70bd9c931ea29385dd4d73e95edc1939728a67e726a36c,2026-08-23T15:20:27Z,2026-08-23-3
2026-08-22T11:00,b8a8865ace536012935ec06d0ad4c14f8d3e1db26419049a18b695cfedaec44f,2026-08-23T15:20:27Z,2026-08-23-3
2026-08-22T11:00,b8b5c221c26fe8a89944dff4168a303d8f38b173042696f0ffba4ddab35cb30e,2026-08-23T15:20:27Z,2026-08-23-3
2026-08-22T11:00,b8b6e94baa709a0fc0ee0fe0acc8559283efe03b48e1810862ca384735918744,2026-08-23T15:20:27Z,2026-08-23-3
2026-08-22T11:00,b8bacde8bd8cd45559f09052faad5c3d8aa9c52023315f81dea2354e14a550d9,2026-08-23T15:20:27Z,2026-08-23-3
2026-08-22T11:00,b8c278ab4d6a021de83d8570cbab120ec52946fb060df42418554862968b0a7b,2026-08-23T15:20:27Z,2026-08-23-3
2026-08-22T11:00,b8ce35cc3e88055f8ecd0781517306b1626e238357a8d6bb862a095cb9882107,2026-08-23T15:20:27Z,2026-08-23-3
2026-08-22T11:00,b8cec0ceeefcc9e5833991273863cd18f015f08bd8a5ea64f864c2a06a42b49b,2026-08-23T15:20:27Z,2026-08-23-3
2026-08-22T11:00,b8db1ad4efea58184c0644a3b80c6586cd9990ab4f30c3568fa314b83793a9d6,2026-08-23T15:20:27Z,2026-08-23-3
2026-08-22T11:00,b8e0417854a5c857f582f067e98616fbd2eec7489afef9630d20e0b6f1528a72,2026-08-23T15:20:27Z,2026-08-23-3
2026-08-22T11:00,b9016a7e25f132f2fbc65cd1537c29b8af6101f9c7c08e5b5f6d35b38ae398b4,2026-08-23T15:20:27Z,2026-08-23-3
2026-08-22T11:00,b9028523d1d692380ffb4c9230bf37041ccdb72088a2acf437e1709283e4dedb,2026-08-23T15:20:27Z,2026-08-23-3
2026-08-22T11:00,b90e074e514a25d9b3e84c1bb9a2b070821620d3c0f291b7c86a7db91d5950e2,2026-08-23T15:20:27Z,2026-08-23-3
2026-08-22T11:00,b9110aaf29c023322f09ac729abc8b17365ef6458b2349da1b57ee76ca78337b,2026-08-23T15:20:27Z,2026-08-23-3
2026-08-22T11:00,b9249f3abccb9223a479995190d75497b565e7b164318cd1dbe6e95a628be0e7,2026-08-23T15:20:27Z,2026-08-23-3
2026-08-22T11:00,b92bfd06bd8fd752db580f228deeee72c38f06ea9f7b69d52f86f0a438c90f05,2026-08-23T15:20:27Z,2026-08-23-3
2026-08-22T11:00,b92dd0b94679a471d10e4f699d645a33eb073a6c5403924d302182de36158cf4,2026-08-23T15:20:27Z,2026-08-23-3
2026-08-22T11:00,b93c17c124cf10fc516997d44d87f29bd27d6c033b07e2abc85f3849c3d1df35,2026-08-23T15:20:27Z,2026-08-23-3
2026-08-22T11:00,b944a83baad9a9ff6c357b69116fb4f7c093ca617ca34ae55f8f47161f400760,2026-08-23T15:20:27Z,2026-08-23-3
2026-08-22T11:00,b9682b12bb2196ece1d6f4fecb15cf2294861440c302490756ef4c21514a2b97,2026-08-23T15:20:27Z,2026-08-23-3
2026-08-22T11:00,b9731c53170f8f723c22f1eca3adc86f6faf402a0a3d23b445c438d866dd0874,2026-08-23T15:20:27Z,2026-08-23-3
2026-08-22T11:00,b9816b55c6fb595e97cbb6f30e2d115f6156eec86a7a865ff7adfc767315ee46,2026-08-23T15:20:27Z,2026-08-23-3
2026-08-22T11:00,b987fd5fb3fd21eaff1dacd47beb0315408cb74927fd37cfd59d4e0e21f7c2da,2026-08-23T15:20:27Z,2026-08-23-3
2026-08-22T11:00,b98a594ec40e8f26c7968fe75d31a1da2a33461d93d0f1d2ad6179c4ae9b048b,2026-08-23T15:20:27Z,2026-08-23-3
2026-08-22T11:00,b98d3eee923bc59f392a4791785f80c09179ab1dda989efc2ba9c4e0ea34e6ac,2026-08-23T15:20:27Z,2026-08-23-3
2026-08-22T11:00,b9aba19b821144641c647777f92f3aa2727e649a67129071f5f0a7a1a7042277,2026-08-23T15:20:27Z,2026-08-23-3
2026-08-22T11:00,b9ac4aed50a1649b302498a4c249a54bf7fd7be6f4c29bce7f0e3d15e8259bae,2026-08-23T15:20:27Z,2026-08-23-3
2026-08-22T11:00,b9bdf2377f613860d182c4ca7ef9b5785741ad7ecd85d97731a0f81f71bfc8c5,2026-08-23T15:20:27Z,2026-08-23-3
2026-08-22T11:00,b9d00539a51ef39b76a488c22d65384fd33003ad707f137cbd7b781442773a62,2026-08-23T15:20:27Z,2026-08-23-3
2026-08-22T11:00,b9d2f575ae1bb7003b1fdbb853ff0f17e09f81d22470773d37a63c4dd983feb2,2026-08-23T15:20:27Z,2026-08-23-3
2026-08-22T11:00,b9d48107b21150472e4eed661153dbca3d273ec4356b14ecbb5275d8307d78b0,2026-08-23T15:20:27Z,2026-08-23-3
2026-08-22T11:00,b9daf7f07a7637c1fc44c5ac22f7a7a61312ca8349e0a2c55c864b6446297500,2026-08-23T15:20:27Z,2026-08-23-3
2026-08-22T11:00,b9dccf6e638bc849ff8857588c1f56f6f1295835a81b71a4300d6cda7bdd34f6,2026-08-23T15:20:27Z,2026-08-23-3
2026-08-22T11:00,b9e85274280b0df6a626a9588329a19d8ab014c39c5a8bb9fd77f9a726aaf3fc,2026-08-23T15:20:27Z,2026-08-23-3
2026-08-22T11:00,b9fced54e67f7717c92f95518f07ff13444ce3d81a055a9cec5388bd8e07c0d0,2026-08-23T15:20:27Z,2026-08-23-3
2026-08-22T11:00,ba07b344fa8def113d2972fd1a11cb80db9b27743cb6fe8fdd3f2488fb93d350,2026-08-23T15:20:27Z,2026-08-23-3
2026-08-22T11:00,ba0e40128dd7dd150df2b5155f0e8d5188c7bc63a669f825f0b366ef5d008201,2026-08-23T15:20:27Z,2026-08-23-3
2026-08-22T11:00,ba0e4167592bea66c793fe7a7e16feb92690751bb22cfb08dd25799a5b609906,2026-08-23T15:20:27Z,2026-08-23-3
2026-08-22T11:00,ba128b991c3be121b5c7348cfcf42e9ae0022e1a5ab7db9af6b751c575e6d19d,2026-08-23T15:20:27Z,2026-08-23-3
2026-08-22T11:00,ba1d9a7fd779364151f209a2a882e52fe9825de5760c0a085135a31cbd08d0af,2026-08-23T15:20:27Z,2026-08-23-3
2026-08-22T11:00,ba1e62f5b457d1146356aede193fbb55add8db5a76e489e09742002b03342056,2026-08-23T15:20:27Z,2026-08-23-3
2026-08-22T11:00,ba2655f8eb34640839847522ca8ded84732ab5040baeec7264b6fa764f683669,2026-08-23T15:20:27Z,2026-08-23-3
2026-08-22T11:00,ba2db521f1d591ed34137ee187a666470e4755a60ad5256caea0fd9d8c9b7a0d,2026-08-23T15:20:27Z,2026-08-23-3
2026-08-22T11:00,ba39ba1e5688e12209ae162d8f1a1f6fece2bf79a92973a53da3919d475a63d5,2026-08-23T15:20:27Z,2026-08-23-3
2026-08-22T11:00,ba458e467dbd27334ce1d615fb94c0e30ff9317a0a6bc3afbcf1b0cb7b276e6f,2026-08-23T15:20:27Z,2026-08-23-3
2026-08-22T11:00,ba562226725de1d8218dfe8343e78a80afb3ae2ef1fc7a504ae09b9e8bd11e50,2026-08-23T15:20:27Z,2026-08-23-3
2026-08-22T11:00,ba598c8a433a60bedb62db39a2f1dd5e5d3723f53f4a75115cb818cdef0d59c4,2026-08-23T15:20:27Z,2026-08-23-3
2026-08-22T11:00,ba639e29dfccff26c1f42657bc5f81ebe8ba7a460d6df67255fb3f991dcc392a,2026-08-23T15:20:27Z,2026-08-23-3
2026-08-22T11:00,ba6b74dc89829dc36e6812e93d96e8074a7bd606c0c2bd9091b85f7b3040f795,2026-08-23T15:20:27Z,2026-08-23-3
2026-08-22T11:00,ba7b2ff7bdc82ab10cb0fe9850b79b4e0579ef34f2aeb1dec3d10a279642d645,2026-08-23T15:20:27Z,2026-08-23-3
2026-08-22T11:00,ba80e5e27a11daf7ad481ebe8bbad8d129afa78e95547369fcbaed74a91ef38b,2026-08-23T15:20:27Z,2026-08-23-3
2026-08-22T11:00,ba8895efb489bb0d27a74072edb7f14a5ec9c5116a7c02f678050b5fae5c866f,2026-08-23T15:20:27Z,2026-08-23-3
2026-08-22T11:00,ba8f2390cfd3bb1eeb3b15c398d9785c9322af56db4688675dd82b8dc84faffd,2026-08-23T15:20:27Z,2026-08-23-3
2026-08-22T11:00,ba97610024e47c9cca7afd4db8eda72718f1b4be179ad84d9f87d6a76512e6bb,2026-08-23T15:20:27Z,2026-08-23-3
2026-08-22T11:00,ba9968017066c2870c2e974e68c8aa0dc3085a9c8e5adc99fccf4c455b717b78,2026-08-23T15:20:27Z,2026-08-23-3
2026-08-22T11:00,ba9b4e7b059af1c8c363900317937dea7047239a5ba2e1a5cc2233b82a4a185b,2026-08-23T15:20:27Z,2026-08-23-3
2026-08-22T11:00,baae7d365ab6e3e74b784d3a58be582f2035d6b31bf3facb18ae9473dbf151eb,2026-08-23T15:20:27Z,2026-08-23-3
2026-08-22T11:00,baaeab2a6a4e6ae9dc1f9573bdb23cb10f34a3d962839be45000248f585fa876,2026-08-23T15:20:27Z,2026-08-23-3
2026-08-22T11:00,bab40509979ad0ecd31ee63fdfa65fff47cc0b6b7df7868a23ed610c13ca5202,2026-08-23T15:20:27Z,2026-08-23-3
2026-08-22T11:00,bab5a901042ae52c09b81a299bf5a7058cd720ba5e77f3c4340b445b382e040d,2026-08-23T15:20:27Z,2026-08-23-3
2026-08-22T11:00,babd0c5c3e0e466d08241a052394b287e929aa5fe0a403d0586ca8d1048dc0c0,2026-08-23T15:20:27Z,2026-08-23-3
2026-08-22T11:00,bac5661be42ffa7ca800060afbf8692b5aa223265a17c859dcb3acf478ae185c,2026-08-23T15:20:27Z,2026-08-23-3
2026-08-22T11:00,bad24082a8fa0dd2a5e9e03b7ef034ec0a79eeafb9232f67e33dce3818b5bf89,2026-08-23T15:20:27Z,2026-08-23-3
2026-08-22T11:00,bad944f04d7bc8e1e04c0ec7be6de05df4a94adf5d18b32acd2aa5fdc85fa35f,2026-08-23T15:20:27Z,2026-08-23-3
2026-08-22T11:00,badf447fbf1d9ecc61c6c3655862baa7a6597e89b2a1617af133b749d90c887a,2026-08-23T15:20:27Z,2026-08-23-3
2026-08-22T11:00,baeb7ae75753a1c18f7a6bcf53a2adccab2613d0f2c02112c5784b000fd10bf3,2026-08-23T15:20:27Z,2026-08-23-3
2026-08-22T11:00,baf07daff59f271b90795fd50023fb349ec75ddad4cd8dc3dc0716042648ecd3,2026-08-23T15:20:27Z,2026-08-23-3
2026-08-22T11:00,baf46c90cb43b2899afce545ec5211a22b66cc1cef93f4956e22bfa58f085ab7,2026-08-23T15:20:27Z,2026-08-23-3
2026-08-22T11:00,bb1464aabad937f897dbaa8f5a72362ecf55485a008c9f93b49e717e39ea13ca,2026-08-23T15:20:27Z,2026-08-23-3
2026-08-22T11:00,bb34c76212a6e81a8ec2ff358a1627daae540246413bce98778daa4bb8a3d58b,2026-08-23T15:20:27Z,2026-08-23-3
2026-08-22T11:00,bb4559fb85eefb33bf8c647bf4090b091cfa219bc52bf11e47329110c115c5b3,2026-08-23T15:20:27Z,2026-08-23-3
2026-08-22T11:00,bb6acf0c71747506e0f5622ae1b669ead92f943f092eaa35a5af9910d23dc2f9,2026-08-23T15:20:27Z,2026-08-23-3
2026-08-22T11:00,bb6dca4045d63cf1125428b6e13245c4a09112682ecfdeae4c995a3b51f8b48a,2026-08-23T15:20:27Z,2026-08-23-3
2026-08-22T11:00,bb75484440cdd5db633805d8b6a64919a5d8fe3ff95225c3f0b7b5e73e967913,2026-08-23T15:20:27Z,2026-08-23-3
2026-08-22T11:00,bb7a935ea3764d47318d45683af4591d14cc49897c3b724f22585e950bb88a83,2026-08-23T15:20:27Z,2026-08-23-3
2026-08-22T11:00,bb7a9a785b403fb92d9d0de22a32821c53dc469dbfc54a8b785dc0298ea78172,2026-08-23T15:20:27Z,2026-08-23-3
2026-08-22T11:00,bb7bd38e2b97fab57c7701574547a7399fd6124aefa1ccd85f2b449fa4d25d7a,2026-08-23T15:20:27Z,2026-08-23-3
2026-08-22T11:00,bb7be6d70e0792b3917a1dc68b3815c47a304aceb2a5d44ed8332070ad393517,2026-08-23T15:20:27Z,2026-08-23-3
2026-08-22T11:00,bb84cd80ed2345759045a2b1fdf293ed5fe1326de365b4f33f119fd028cbb0ab,2026-08-23T15:20:27Z,2026-08-23-3
2026-08-22T11:00,bb96c88aa03c8dcad8966f623c3c96b61db63d176e82eb8d7749ec029a54b41a,2026-08-23T15:20:27Z,2026-08-23-3
2026-08-22T11:00,bb99e3092ae99e36a23602a257b4e2e8137b83e392ffef88090f9a651edda45b,2026-08-23T15:20:27Z,2026-08-23-3
2026-08-22T11:00,bba0291239de90f8abc7db44cae2a4eb6fc4b855527a41f11f2738570ecae268,2026-08-23T15:20:27Z,2026-08-23-3
2026-08-22T11:00,bba16244a7af23a2584cbd65cccbd23519c859bb6b609fb510d95895046840f1,2026-08-23T15:20:27Z,2026-08-23-3
2026-08-22T11:00,bbc0fc0c1679c458277fd2f8c919af2f3616659ea3773256871cbb888b68afb0,2026-08-23T15:20:27Z,2026-08-23-3
2026-08-22T11:00,bbda152dea3ee10462d54587e49e9865979866aacecf37b5afd2ede29283ecbf,2026-08-23T15:20:27Z,2026-08-23-3
2026-08-22T11:00,bbea14ad09025b4e0a7d1c50ce2fb247b88339b81eeef2b79e37513186c2c470,2026-08-23T15:20:27Z,2026-08-23-3
2026-08-22T11:00,bc0426f1bf6f7237fdb5b1b6e672d91d74fbae884d8779b56ce5fabaa38c3c9a,2026-08-23T15:20:27Z,2026-08-23-3
2026-08-22T11:00,bc0e04109c3ab3bf19227717df1d06400131b3d8ea304c248adce3590c7c71a9,2026-08-23T15:20:27Z,2026-08-23-3
2026-08-22T11:00,bc165756e10352fbf55d995c45c4ba8ed4a94eac070d68c5f598b39f19fbfca9,2026-08-23T15:20:27Z,2026-08-23-3
2026-08-22T11:00,bc1a61aec959b957d136ad4b2dc0cc4aed8de474e4a67048dbac40d69224fede,2026-08-23T15:20:27Z,2026-08-23-3
2026-08-22T11:00,bc290ba394fd0d9149bf5cc4c18c982babca081925fc413d9da2b9ba7a12002f,2026-08-23T15:20:27Z,2026-08-23-3
2026-08-22T11:00,bc3193c977d616cc8eeb246071a67d4d31ea8c901bb482908bd23da098a8ccc1,2026-08-23T15:20:27Z,2026-08-23-3
2026-08-22T11:00,bc32444a81aa8a8c9a8591bba5900bbcc05b968c354da80f4acaf8adee588650,2026-08-23T15:20:27Z,2026-08-23-3
2026-08-22T11:00,bc37d5969edc18ccd84d132c825e4f66810f0de618b3149525fcd6a0f89f2ef7,2026-08-23T15:20:27Z,2026-08-23-3
2026-08-22T11:00,bc4ef47201209e03cc138253fac3250451777104c9ba5d6de3d06e7b4ee7cdc4,2026-08-23T15:20:27Z,2026-08-23-3
2026-08-22T11:00,bc53ab6b4deee420937b6d969acb8e711e34b72ce953681b2cbad5d7425ed38e,2026-08-23T15:20:27Z,2026-08-23-3
2026-08-22T11:00,bc6466fca4768872f11b9916b3a40a0abd45f7407bbd0f659266c62dd7d60ccb,2026-08-23T15:20:27Z,2026-08-23-3
2026-08-22T11:00,bc66c2aa5ed3c9f14dcf388e8f61ee807072614f11c031639b2f9863d7632630,2026-08-23T15:20:27Z,2026-08-23-3
2026-08-22T11:00,bc6f2cff0fa3acda1b9d599de727aa7a5b265e620fbb3344d9252e38a5b2a76b,2026-08-23T15:20:27Z,2026-08-23-3
2026-08-22T11:00,bc74da72472b7915b8282c247c7cf4b7e0ee256f156f6cbc9d64ede9a8be0cd4,2026-08-23T15:20:27Z,2026-08-23-3
2026-08-22T11:00,bc77be74585ee829745019e8799dddc2a47407b49836cf013036dc1c08cfe374,2026-08-23T15:20:27Z,2026-08-23-3
2026-08-22T11:00,bc782171c72c46d95e20d3491d9f35746d5950c17dcd8d3694faf61d78b0ed17,2026-08-23T15:20:27Z,2026-08-23-3
2026-08-22T11:00,bc79b84ae366f6d42a6acec174b675c9958c00f355edb8460f2f6be04344c7a3,2026-08-23T15:20:27Z,2026-08-23-3
2026-08-22T11:00,bc7cd3162d185531534317fe2a6ebceef0fddfb1865cd25827592073b2cc984f,2026-08-23T15:20:27Z,2026-08-23-3
2026-08-22T11:00,bc8a4cc37c4c8bffd63f39593fff0e71b705cc3747e21a8b8f2c80a3fbae312d,2026-08-23T15:20:27Z,2026-08-23-3
2026-08-22T11:00,bc94702cd458d5070517e8411bba9d544e12310c7dbfe539a36eca093e98661c,2026-08-23T15:20:27Z,2026-08-23-3
2026-08-22T11:00,bca5eeb6b8b119e80431e42acfda78623fbba4d713b9227b4fe76f83a10ed03f,2026-08-23T15:20:27Z,2026-08-23-3
2026-08-22T11:00,bcac4e5d9254055a35c7ae1f3dafb80aa9651354e3bde39dfb3146f32bba4f22,2026-08-23T15:20:27Z,2026-08-23-3
2026-08-22T11:00,bcb0a69795da3c4a7bce36f24244dbbcd402abbf8d013b6f934913fb8d406c58,2026-08-23T15:20:27Z,2026-08-23-3
2026-08-22T11:00,bcbd6ed81d8a29740a533b36c8c500c647cfbb32c4c74932efc45acb116ec70b,2026-08-23T15:20:27Z,2026-08-23-3
2026-08-22T11:00,bccd62a755e3b41b9328b366117b24d089245e1499258414d537659af65f4d2d,2026-08-23T15:20:27Z,2026-08-23-3
2026-08-22T11:00,bcd9b95ccfaa4479599426002e4d8319dfbdb38205334ab9e216026204d48fd5,2026-08-23T15:20:27Z,2026-08-23-3
2026-08-22T11:00,bd023f304d61c63ca742c4c19c8afba4c079b5df3286cbed51ca2ce165fbed66,2026-08-23T15:20:27Z,2026-08-23-3
2026-08-22T11:00,bd1cf65d4a151398816e3477069480de7b9f293db73f9b2bbe719d4e60cac51b,2026-08-23T15:20:27Z,2026-08-23-3
2026-08-22T11:00,bd24b9409854989520518704f9458e7770aae4290b3ae1e236d1799444c171c8,2026-08-23T15:20:27Z,2026-08-23-3
2026-08-22T11:00,bd2a7f12ec033efae496309323fbceb5a04f5cd0ef5d7e044fd5193346817f56,2026-08-23T15:20:27Z,2026-08-23-3
2026-08-22T11:00,bd2e21f7ef6d5b05dbfe883b6529b3e81d696bec68aaa4639730e893a7ef657e,2026-08-23T15:20:27Z,2026-08-23-3
2026-08-22T11:00,bd5105ccfa254f063bb12cb599a77c334cdfee20a6441523f976db9e65d03ed8,2026-08-23T15:20:27Z,2026-08-23-3
2026-08-22T11:00,bd58fb321d1e86f05339420ca781a9ba68124221a39ba9504488acd32acc00e5,2026-08-23T15:20:27Z,2026-08-23-3
2026-08-22T11:00,bd68567228d606f30c642a0b1d62a04f76c9d078c50920027cffd0b82ed12210,2026-08-23T15:20:27Z,2026-08-23-3
2026-08-22T11:00,bd784ab4a6c6f148e0cf1d7dfcb453cc6c735d78d0eef1188ceb40f4c2251247,2026-08-23T15:20:27Z,2026-08-23-3
2026-08-22T11:00,bd8970ef52dc32c164ee92e3d0bf44db37d407703b44bab04069f90d74c2e8e1,2026-08-23T15:20:27Z,2026-08-23-3
2026-08-22T11:00,bd91ae523832527bc05c3e34e04cdac27081846d4702801d15358a60d9d3f4be,2026-08-23T15:20:27Z,2026-08-23-3
2026-08-22T11:00,bd98dc43bd68a08347f523a390a7e23f3f3f61cb6524dfd08c54ae46425ebf6b,2026-08-23T15:20:27Z,2026-08-23-3
2026-08-22T11:00,bd9bd036f3fb3db9f67f6e0908397cdea0c9494b92a0ba954c6fb56e1d5582b8,2026-08-23T15:20:27Z,2026-08-23-3
2026-08-22T11:00,bdaf5cad9d9af27db831ed39f85a5ba33e5fae2b0fea74fab1c61880746bdb81,2026-08-23T15:20:27Z,2026-08-23-3
2026-08-22T11:00,bdbcc0c3a7ae50a57f228b50f911233a189760a459b8d39c8d5244ddb321e09f,2026-08-23T15:20:27Z,2026-08-23-3
2026-08-22T11:00,bdc31e9f95efa178c851c3df0f14d308ac6babef880eb441623edfd992976ec9,2026-08-23T15:20:27Z,2026-08-23-3
2026-08-22T11:00,bdca6afc3498deeae3a2a6b8ffbb21fad26ee1e3f910e94a8b322feac4382c25,2026-08-23T15:20:27Z,2026-08-23-3
2026-08-22T11:00,bdcbf4fe53501c08c3b82d939105c77784d0c6012e75723841f5c5a42908a0e0,2026-08-23T15:20:27Z,2026-08-23-3
2026-08-22T11:00,bdd7d68e984afcc0acb1d777ea2f1e3b9914faabcbb6a31c89ef60f5dbd2a7f6,2026-08-23T15:20:27Z,2026-08-23-3
2026-08-22T11:00,bde2785344a264446d1112a068fab6d0927b1941e0c391f3508505dbf121146a,2026-08-23T15:20:27Z,2026-08-23-3
2026-08-22T11:00,bde7824519c35cb17c4729cf7a3c9da551531d3f1cd65c0208f3713e67bdfca2,2026-08-23T15:20:27Z,2026-08-23-3
2026-08-22T11:00,bdf5dfd06ebad1df5d139a8c8b7a6094f5092c345f2bd40aa255a39b0b9ce400,2026-08-23T15:20:27Z,2026-08-23-3
2026-08-22T11:00,bdfcb908cfbf837a5f0dc6b4ac4f2080d75edbf05aa5ae39e6cf25e7ddc2bafc,2026-08-23T15:20:27Z,2026-08-23-3
2026-08-22T11:00,bdfd27314ccdf5867babe209d9f1eb498552eaf0301de0535c1d458aac1147ab,2026-08-23T15:20:27Z,2026-08-23-3
2026-08-22T11:00,be0b312a3419ad4a8c8864e360f90ec5847a8ad91602ba5a1a6109ee4aeaddb6,2026-08-23T15:20:27Z,2026-08-23-3
2026-08-22T11:00,be15a78fe251d662998aac72785c91745c3eab0dec5edc0625d091dac4a5be15,2026-08-23T15:20:27Z,2026-08-23-3
2026-08-22T11:00,be1f92b8a27b3e99e8f727d105692b17449c19f0e18b49f767487157ad390135,2026-08-23T15:20:27Z,2026-08-23-3
2026-08-22T11:00,be3ad97197e440f09d9787e74823bfeb3bac2e53a250cdacbfc318df147cef29,2026-08-23T15:20:27Z,2026-08-23-3
2026-08-22T11:00,be4b39eb27d2a956751c9f2931871293f0f70ff47c3aad14bfb88c4017195cda,2026-08-23T15:20:27Z,2026-08-23-3
2026-08-22T11:00,be583e4cd847da32d5f9ee2e4e0a4ed8db9556e82a8c0f89c2318bbbf8e8f5f4,2026-08-23T15:20:27Z,2026-08-23-3
2026-08-22T11:00,be5850c6084baad6d1dcaed14b0df1cc49ba1a2f8e4b1acad181c5d5499e9246,2026-08-23T15:20:27Z,2026-08-23-3
2026-08-22T11:00,be6077ca12c2dc23b1fe74dc00ac7a543e77835a6488f051c7ea2f9741acde6b,2026-08-23T15:20:27Z,2026-08-23-3
2026-08-22T11:00,be61ffb7abafe90067f5a95b94b1913d62c35442376b454f83489f0fdd52fa94,2026-08-23T15:20:27Z,2026-08-23-3
2026-08-22T11:00,be719ba44b7d916d933a7a99b39ebbe93a4c796588204e7d80118b4dbc8a210d,2026-08-23T15:20:27Z,2026-08-23-3
2026-08-22T11:00,be84f3d01add7fe83fa8af6b2065edf323f643d04ec2aaf5732e5a57597078d9,2026-08-23T15:20:27Z,2026-08-23-3
2026-08-22T11:00,be8faaf09f95720b34ffb4d0f22ce0c5dc9579c546f583d36fcf6e4a856b7918,2026-08-23T15:20:27Z,2026-08-23-3
2026-08-22T11:00,be99e3a09fda27a0badda82d8ac627dbcc8a74239e706b197a722810f7e0c227,2026-08-23T15:20:27Z,2026-08-23-3
2026-08-22T11:00,beaaebe821ff13de05f5809fde3f1543ca15bfb909a29266b97faa4854e09ed2,2026-08-23T15:20:27Z,2026-08-23-3
2026-08-22T11:00,beb0364487edc3b882ff8adadbbc34868568f8ecdeae78958d053a22957c748c,2026-08-23T15:20:27Z,2026-08-23-3
2026-08-22T11:00,beb757d4f2ac4d7a775ac7b1070410b5663fee3022e6c82aa467cca949e39e9a,2026-08-23T15:20:27Z,2026-08-23-3
2026-08-22T11:00,bebc5e244986c3e0343e8c0d969507d06faffe6c024387e23eb3b56ee2e77c79,2026-08-23T15:20:27Z,2026-08-23-3
2026-08-22T11:00,bec126ee13d700f3aea37bc7c64224957c0d7b83d13bc75ec61dce2da4d107ce,2026-08-23T15:20:27Z,2026-08-23-3
2026-08-22T11:00,bedda3a88515a4926f181ddc5a5cf0fae85c1704a09aca7850da37b1d98fe80f,2026-08-23T15:20:27Z,2026-08-23-3
2026-08-22T11:00,bee0c58b335fecad82d7cb271e390ef56fc64f74e851dba6981b629fbba57244,2026-08-23T15:20:27Z,2026-08-23-3
2026-08-22T11:00,bee456f3098d126d670363bde2071258cfc2a1f10d7e8b2c6ad845467aa9507b,2026-08-23T15:20:27Z,2026-08-23-3
2026-08-22T11:00,bef16dfebcdc182ccdf281d3fb31307a41002b7dcb740ef36938d249fc48d360,2026-08-23T15:20:27Z,2026-08-23-3
2026-08-22T11:00,bef6cbe2a83e51bc89a810153a5b8ff0780578480a8e88d213e6f605e0fe05eb,2026-08-23T15:20:27Z,2026-08-23-3
2026-08-22T11:00,bf0161f536fddcf23d0c3af9cfd59891b0446d7be441270fbe2ded018acf3f63,2026-08-23T15:20:27Z,2026-08-23-3
2026-08-22T11:00,bf0abea728ffc258805ac642f3a3d058c7cdc6c94c3f7b11f4fa57f8a93a9991,2026-08-23T15:20:27Z,2026-08-23-3
2026-08-22T11:00,bf125df4d0bea44bee59b09cf7ba081eb3cbbbf4e48f1bff77d83f746fe42a47,2026-08-23T15:20:27Z,2026-08-23-3
2026-08-22T11:00,bf19ccb99f21af34cbf648afe940c72ce0b1dbdeb4a7ffe22af5d5e09d9dae21,2026-08-23T15:20:27Z,2026-08-23-3
2026-08-22T11:00,bf1cb8e8654a8e9ba9fa8dcd958943462782188ff79b9a552e22715271ad706a,2026-08-23T15:20:27Z,2026-08-23-3
2026-08-22T11:00,bf20c2814fda23d0c69ca777544ae1c2d8f382835e226c4207156fc0d962ad4a,2026-08-23T15:20:27Z,2026-08-23-3
2026-08-22T11:00,bf22d388d3fb4bc8ea140e289765c15bbf41ece5b4f591b2ef9cbaade37f1cb4,2026-08-23T15:20:27Z,2026-08-23-3
2026-08-22T11:00,bf4ac8a7cbd5f120b91bc681a00fecb26924b17e99f8d160de5e26dde9bc813c,2026-08-23T15:20:27Z,2026-08-23-3
2026-08-22T11:00,bf50ec5ce617ac83f0c8191a946860d3cb0cd0d2aa8f71d8bb07d1b2c9c687ea,2026-08-23T15:20:27Z,2026-08-23-3
2026-08-22T11:00,bf55a61637b6dda9b083ebf2d4dade85aebb634090c07419d1e6dcf093c736ee,2026-08-23T15:20:27Z,2026-08-23-3
2026-08-22T11:00,bf5ade3a175c08cfc5b0076dc10b37171e06e82270b7ed6ca0df9dbc5527b799,2026-08-23T15:20:27Z,2026-08-23-3
2026-08-22T11:00,bf5d1df6649d3752df27a52e2a318e6f07ae0b18512a54774998cf53e5df39a6,2026-08-23T15:20:27Z,2026-08-23-3
2026-08-22T11:00,bf5d8686557148dea5ea1c8a3bea06a954029b0935271e35340a18a597ee943e,2026-08-23T15:20:27Z,2026-08-23-3
2026-08-22T11:00,bf65d1b4c60760d7459794ba18133402216e026fe1e694677337030122b0424a,2026-08-23T15:20:27Z,2026-08-23-3
2026-08-22T11:00,bf6831de2106799132ed14a37659a8d69c10a96d3dec870c74a00d802701818a,2026-08-23T15:20:27Z,2026-08-23-3
2026-08-22T11:00,bf70d809f9542eeef4af8727140322b50521173b898dd368bf4dae652a9efd17,2026-08-23T15:20:27Z,2026-08-23-3
2026-08-22T11:00,bf78c444042d2d7d05a00a3e14730f2499f0b12ab32c1fdfe107d898bef13315,2026-08-23T15:20:27Z,2026-08-23-3
2026-08-22T11:00,bf9241800bcd0946d27427fbdb52946493fd87e9f3986b842f6e4d1a327a9053,2026-08-23T15:20:27Z,2026-08-23-3
2026-08-22T11:00,bfaa30323b1ce31ffcfe2f7a37d373bf689b9ace772cfeb36af5e8645882c472,2026-08-23T15:20:27Z,2026-08-23-3
2026-08-22T11:00,bfb7ab17a5dd385e45a7271d194eb8a41e5095f990fce452c80ddb758e011280,2026-08-23T15:20:27Z,2026-08-23-3
2026-08-22T11:00,bfca6f26d89e4eb1179b92cd63a415e9f8e2e4b51785312df2617ce566852fbe,2026-08-23T15:20:27Z,2026-08-23-3
2026-08-22T11:00,bfcca852aac89b0d028abce438c453efbbacd7ccd8ac655bf7852bca42cbcfc1,2026-08-23T15:20:27Z,2026-08-23-3
2026-08-22T11:00,bfe1923aa8d7f24610aaa5cb870ed821d7734beff174d0ed2b8a718451b18d08,2026-08-23T15:20:27Z,2026-08-23-3
2026-08-22T11:00,bff306bc152ea28e4a6ce594267a480ce94303d266ad04e8391b88d42af13bf3,2026-08-23T15:20:27Z,2026-08-23-3
2026-08-22T11:00,bff46ea8c4cdfbe1a60756586abbe612e120492943049aa76eb0183f8065a046,2026-08-23T15:20:27Z,2026-08-23-3
2026-08-22T11:00,bffbbc0b409f0d0945265413dcdbdbb4ea4503a954ca43bf3a85281938dc236f,2026-08-23T15:20:27Z,2026-08-23-3
2026-08-22T11:00,c000018ba1f035750668b9f29cf7ee84428428584605d3c1a848166880caf1d2,2026-08-23T15:20:27Z,2026-08-23-3
2026-08-22T11:00,c0075bea653642a0fe0f651b86ed8c6074c45b4bb7f78aace7d3f7710fcd23bd,2026-08-23T15:20:27Z,2026-08-23-3
2026-08-22T11:00,c007abca3f1ad175a1477b2a6839d1e6d5468640aacf8a69dbc8b8223d1cc6d9,2026-08-23T15:20:27Z,2026-08-23-3
2026-08-22T11:00,c0165ce96d15844f8d0ebd3f858c5efb65080e2ef68f23b9012d7b9957ebeaa0,2026-08-23T15:20:27Z,2026-08-23-3
2026-08-22T11:00,c0266f42d4e6b87ae6a52315117a7e3ae72d3cfbf79579b42fbce3d55d0e2965,2026-08-23T15:20:27Z,2026-08-23-3
2026-08-22T11:00,c02b65124483bd7e2a9f4127a33aafc51aa742852f925ee64c299c732f717213,2026-08-23T15:20:27Z,2026-08-23-3
2026-08-22T11:00,c02bd9ed41d682a3f5a24f627f48a15f9f2b41450a3b8f72c400a4061fbdff83,2026-08-23T15:20:27Z,2026-08-23-3
2026-08-22T11:00,c041a2888f079fa602a7f918e43f9e8eb9fd50c14a0b532945abe7be9a09a71e,2026-08-23T15:20:27Z,2026-08-23-3
2026-08-22T11:00,c04fae1c58a436592ec4b8853e1b08fb9395b61c094e2d3eaabcf46f20ee3be4,2026-08-23T15:20:27Z,2026-08-23-3
2026-08-22T11:00,c053df02bf866a421f63a527a47dc3a54586f014eb0894663e483702220a24d3,2026-08-23T15:20:27Z,2026-08-23-3
2026-08-22T11:00,c05497ee6b3d4cc043a94d355ebeeef36aebcbe44bdb29c06a08d1e1d7fc2e66,2026-08-23T15:20:27Z,2026-08-23-3
2026-08-22T11:00,c05decff4dce34ec08db9dadeb78deaf71e816d55168d16f651b7bdd49051f87,2026-08-23T15:20:27Z,2026-08-23-3
2026-08-22T11:00,c06947b1c97d0f48e5901480c8f477a084f0ac942731836870ede9cc7bfefeff,2026-08-23T15:20:27Z,2026-08-23-3
2026-08-22T11:00,c06a748ce4b245d9f91e6a9ff53a2155159807700458e3c0bbd1ef7b22c7cd30,2026-08-23T15:20:27Z,2026-08-23-3
2026-08-22T11:00,c06cae54de1d7ae3aa11f506aaf2385304dd4bf2716bab7811e2a4af78dc50cd,2026-08-23T15:20:27Z,2026-08-23-3
2026-08-22T11:00,c0703b2e119ba65c161416ba542cf81bb9a5e7403386b1463a40068dbc29ff6e,2026-08-23T15:20:27Z,2026-08-23-3
2026-08-22T11:00,c0757b45fd13cb75cf7b068bf89022604d4fe503daed0a51b7fec9b21dcbde02,2026-08-23T15:20:27Z,2026-08-23-3
2026-08-22T11:00,c07786ff47f5e25acc042ad7bb8611c3cf8d0dd16210d79dec1703baaeb28d57,2026-08-23T15:20:27Z,2026-08-23-3
2026-08-22T11:00,c0781560c5e2f3a5daa74345dde0bdac94d6fd4c3091800a21f0788c06a2c111,2026-08-23T15:20:27Z,2026-08-23-3
2026-08-22T11:00,c0891398fe2cbcf3bae2d12223ecced25d79f5affb96209fc9a378d78f9a5b8e,2026-08-23T15:20:27Z,2026-08-23-3
2026-08-22T11:00,c0986f6628d189a1ac370992d714e2906f134950b6ed170922abe5ac2caf0e49,2026-08-23T15:20:27Z,2026-08-23-3
2026-08-22T11:00,c09b74ed6d1d540a9d11c4b3986af0489d034effdb57a28b4e188651dcfaa12f,2026-08-23T15:20:27Z,2026-08-23-3
2026-08-22T11:00,c0a1c859372790db933f0a43a254dff77f8b9678a053fb983d00764873e87a05,2026-08-23T15:20:27Z,2026-08-23-3
2026-08-22T11:00,c0b471f05d843aac14e1555886f323497c306afd1e1ef69d37d337b4f3488db6,2026-08-23T15:20:27Z,2026-08-23-3
2026-08-22T11:00,c0c190c203ff1f557730de9a74d0802ae0219cbe4ccc7ee6f33b82b278c3aaf9,2026-08-23T15:20:27Z,2026-08-23-3
2026-08-22T11:00,c0e00fc8e831be54157ac83f52906e9d6ed10c4a7b6975354dd29419d8b6abb7,2026-08-23T15:20:27Z,2026-08-23-3
2026-08-22T11:00,c0e22dbba188c3b9901bc36d1befed040de05cde8d8c91b5815e846440186c60,2026-08-23T15:20:27Z,2026-08-23-3
2026-08-22T11:00,c0ea38c978e3cd13352c6ce004ce6f5ff83e31cbf939f7b985d8ce49540236fc,2026-08-23T15:20:27Z,2026-08-23-3
2026-08-22T11:00,c0ebc05d7c33e5336abadf93b39033c27af1f1898b80e79eebba7823a63ef06f,2026-08-23T15:20:27Z,2026-08-23-3
2026-08-22T11:00,c0ed8ac8875696612128240231a3c3374c031a2d9151d2b0cfc5fee0c4689754,2026-08-23T15:20:27Z,2026-08-23-3
2026-08-22T11:00,c101568daadd5dc115756199740df0de672b302601fbf39c03088084eec2cab9,2026-08-23T15:20:27Z,2026-08-23-3
2026-08-22T11:00,c105ed6e84d9a38bccbc76ac14dd3861f362f11e97656926d747c0a92a2ecd17,2026-08-23T15:20:27Z,2026-08-23-3
2026-08-22T11:00,c10815b18fe2cd06e4eb0113b23926fc93af7147e619278500c1ffd5f14f642b,2026-08-23T15:20:27Z,2026-08-23-3
2026-08-22T11:00,c110354173beb03d3dfe310903bc70c19481efa918dc8c3cc085e10ad695fd59,2026-08-23T15:20:27Z,2026-08-23-3
2026-08-22T11:00,c11b6f5f842518f7dc85dc2d23e774e64550540816c5e02a2fe3f14188ba0bbc,2026-08-23T15:20:27Z,2026-08-23-3
2026-08-22T11:00,c1401d91b47893def3431c5fcb16b0e38a1adb78c2d6e1c93f0ea35c5a9308f6,2026-08-23T15:20:27Z,2026-08-23-3
2026-08-22T11:00,c16f4ae139bfe9058ec3caa0e893a274a9836d6f7e95a9c3348d444fb7f1b286,2026-08-23T15:20:27Z,2026-08-23-3
2026-08-22T11:00,c17a4a6e546bf137434d7df585bde6b282e01bbc1ac518b0f27eb10b8b16e916,2026-08-23T15:20:27Z,2026-08-23-3
2026-08-22T11:00,c17e7186c8901da25fd7fb4f82432c69d9fe8048e1dd59c35889e26c4a6be760,2026-08-23T15:20:27Z,2026-08-23-3
2026-08-22T11:00,c1977ca2318d59d7295979d44fe71e068390b8342065c3535e2b835e09adc49c,2026-08-23T15:20:27Z,2026-08-23-3
2026-08-22T11:00,c1a5b079dcf1cb0e50f2d5c2a7edc32bb142478569e36387a487559f38335fa1,2026-08-23T15:20:27Z,2026-08-23-3
2026-08-22T11:00,c1aa41d358986672a6461413a8ff808a52f39238e1dae6a65ecbf4d7f63b1b92,2026-08-23T15:20:27Z,2026-08-23-3
2026-08-22T11:00,c1af6b88bb0c5265898ea34df60a31229a9c584c8d94075d3dc38aad4ba8c317,2026-08-23T15:20:27Z,2026-08-23-3
2026-08-22T11:00,c1c40b3a2acf0b54aefa63ef7930f8134cfcc83c2050a1568613a4277eb3a1c5,2026-08-23T15:20:27Z,2026-08-23-3
2026-08-22T11:00,c1c6e8d4b5f3d596914a8c79b4006030b1efac0f88a9c1a34bae3296c6fd5711,2026-08-23T15:20:27Z,2026-08-23-3
2026-08-22T11:00,c1c904922c79c436877bc8a284f844816e473bdb1bfefa841090ce8f625936e4,2026-08-23T15:20:27Z,2026-08-23-3
2026-08-22T11:00,c1d866c5ae209a4f25c2267d9f17d6294ea68d417779d44f322e66be13dcd23e,2026-08-23T15:20:27Z,2026-08-23-3
2026-08-22T11:00,c1dce332163c523cc2eb5c766c91452af713474feca8fa2c8f9ddfb51449a0a9,2026-08-23T15:20:27Z,2026-08-23-3
2026-08-22T11:00,c1ded6e90caad71eeb71e6ee94df4d33d4c32c8d53c2084e135434771867f664,2026-08-23T15:20:27Z,2026-08-23-3
2026-08-22T11:00,c1e0c2ce5ebbd801a566b90535ce484a1c562ece21d1331edbd70120e23aa692,2026-08-23T15:20:27Z,2026-08-23-3
2026-08-22T11:00,c1ec72db403635aa86d8cfc8b235c4c690247c807e372453416029a1a72fd759,2026-08-23T15:20:27Z,2026-08-23-3
2026-08-22T11:00,c1f72b52dc77e7f7697617af0354cb6af389347fc3cccd46b1cca14d3443e506,2026-08-23T15:20:27Z,2026-08-23-3
2026-08-22T11:00,c1fa460d25d7435554ccac5e475eff1e464fe4cd1ab7518c0b82938b0b2a35d4,2026-08-23T15:20:27Z,2026-08-23-3
2026-08-22T11:00,c1fc817798240c4857d06628a177977b8a9629f9dad9e243fc9e0e59a5379a26,2026-08-23T15:20:27Z,2026-08-23-3
2026-08-22T11:00,c21391778a8292d56d4bbf3afb30ad0c6ccff5dde535299c03694b28cce7429a,2026-08-23T15:20:27Z,2026-08-23-3
2026-08-22T11:00,c2387aa897345cef2ced913c54250641c518863338608bb6b7e7a0267f9b2e0e,2026-08-23T15:20:27Z,2026-08-23-3
2026-08-22T11:00,c23fd24e1cf8ad7361de1a21405e94f8c5b5348400fe3c61329a10fc16eb16d9,2026-08-23T15:20:27Z,2026-08-23-3
2026-08-22T11:00,c24d318bbbd84f99c601833e589e263c9896135adca063f4b400801719032f56,2026-08-23T15:20:27Z,2026-08-23-3
2026-08-22T11:00,c24e705bcaac922e1234e5012aaf0ae0560561be60620d31015c3a03cf0e8f66,2026-08-23T15:20:27Z,2026-08-23-3
2026-08-22T11:00,c25950353672d6293586fc3b6f75fd041de9309b8910443a221ed61e1037ccd1,2026-08-23T15:20:27Z,2026-08-23-3
2026-08-22T11:00,c25e5e3934c79af4db367bebfe01506030fdc5ea41af855486297cf9466075d8,2026-08-23T15:20:27Z,2026-08-23-3
2026-08-22T11:00,c26c8d5a4e90c67829e9c660ce4116c2b017553675393f87c94877de7e77f6bb,2026-08-23T15:20:27Z,2026-08-23-3
2026-08-22T11:00,c273e468f879bb70c1425dbfd4279a0d09f8dd1fb6bd012429de2da8bb7f93a6,2026-08-23T15:20:27Z,2026-08-23-3
2026-08-22T11:00,c274ab7da93531f6b416d2a89224364261ad3818e9b0ea25524a6cd02cb0d754,2026-08-23T15:20:27Z,2026-08-23-3
2026-08-22T11:00,c27ab4c60fb3e4cf0f17a06d851992f2ead5eb8f3f6e8507cbc8de222255216f,2026-08-23T15:20:27Z,2026-08-23-3
2026-08-22T11:00,c28b7f606f1fac9b09d6312459050ade50fec479fcd1acd14342fdc78e1ab39a,2026-08-23T15:20:27Z,2026-08-23-3
2026-08-22T11:00,c29e05792b2ef3ee828782302b505fd6f7874e78e30bfc79c3ab05e569a7a96f,2026-08-23T15:20:27Z,2026-08-23-3
2026-08-22T11:00,c2ae18ebfca8cf7fbb03c7b15105215fc9c4e839459a4adfa12f8ef1183a42d5,2026-08-23T15:20:27Z,2026-08-23-3
2026-08-22T11:00,c2bb33243cb181452873b8b17f927112e0c8d847af696d21e02c3364b0755f13,2026-08-23T15:20:27Z,2026-08-23-3
2026-08-22T11:00,c2bd3f2de3fc920521674b9b156ce66f73b5a3cd2290b2f8f0ddf60337abc2e7,2026-08-23T15:20:27Z,2026-08-23-3
2026-08-22T11:00,c2beee99786e9110fbd4450c9c21abace8a790616ac5fb5efaaf5087c3001589,2026-08-23T15:20:27Z,2026-08-23-3
2026-08-22T11:00,c2c49e12ceb8903b26f5135d96487033d22b55c4745b4c73aa18724dea8521ef,2026-08-23T15:20:27Z,2026-08-23-3
2026-08-22T11:00,c2c698b5641b5361fae304845de24d3c6abe348befbc051a5dc43a08c68f9fca,2026-08-23T15:20:27Z,2026-08-23-3
2026-08-22T11:00,c2c6b4643598298d6a0dbf2d93c1f405d2779f4292ae211470c6c77d948cbe5e,2026-08-23T15:20:27Z,2026-08-23-3
2026-08-22T11:00,c2f14f52bb84b6fb579fb8e10a95e39e6316a6a03c467edd918e5918e744b6bf,2026-08-23T15:20:27Z,2026-08-23-3
2026-08-22T11:00,c2f416b49d9849ba771acc109bd7e49ec7b4acb6167896be52570260ce6b50b9,2026-08-23T15:20:27Z,2026-08-23-3
2026-08-22T11:00,c2fa2b4c9762e8c14d8cf1ec6c03dc35ca8cc2f36a60cd5c995ad45a65d7bbea,2026-08-23T15:20:27Z,2026-08-23-3
2026-08-22T11:00,c3151ad1badfd16e341725f2f40e871694a92fca3ddc70f7631e1d39f1919367,2026-08-23T15:20:27Z,2026-08-23-3
2026-08-22T11:00,c31ecd63e5396287a320de6a1fad33e1f0eb7194558a590cf62fd6aab010932f,2026-08-23T15:20:27Z,2026-08-23-3
2026-08-22T11:00,c3287ef9755a8edd9c2759fcfd80f69927e1b3a96f4c99400af28738af8e70bb,2026-08-23T15:20:27Z,2026-08-23-3
2026-08-22T11:00,c3386c0d397d7ed04c9a6ca0c1a45f057e85079d90de1bf5d12137b7644cad7f,2026-08-23T15:20:27Z,2026-08-23-3
2026-08-22T11:00,c33ea3cb3a5bb59ff9652b9ba2764ef1105487999a852f9755fca6f7c2e9ada3,2026-08-23T15:20:27Z,2026-08-23-3
2026-08-22T11:00,c33f8b02cbc4feb6149327bff5f199b9ec2ad7164a597c2e2c5a4a4d839ca51a,2026-08-23T15:20:27Z,2026-08-23-3
2026-08-22T11:00,c33fb9b7adb1b23a3d2e543fe9d978d11c8f9f4ce98ba5cedf75804f3059dc39,2026-08-23T15:20:27Z,2026-08-23-3
2026-08-22T11:00,c34eaeec87a23b91fcf2de620efb662f9bdb3bb227d78c488c6565f3940d5789,2026-08-23T15:20:27Z,2026-08-23-3
2026-08-22T11:00,c34fe6af98a13dbe296a85636dca62344b69332ea47d9848757ef7af85fcf06b,2026-08-23T15:20:27Z,2026-08-23-3
2026-08-22T11:00,c35297f4abb7aa79f70135cee7190121dbbec7f0308cf747e971cf78f15e1b57,2026-08-23T15:20:27Z,2026-08-23-3
2026-08-22T11:00,c3561da97c105f3f1fb57c64202d969ce37f605d5bb30765bc012d08c706d015,2026-08-23T15:20:27Z,2026-08-23-3
2026-08-22T11:00,c35bdf0fb541147f90890da80660bc7bce7d8be8ba71f5f7026fe3ffa5b9f5b0,2026-08-23T15:20:27Z,2026-08-23-3
2026-08-22T11:00,c3755aae8f5ffa87979b02bae36d4a4f5d9eb3d4263aac954fc1cdf3a64daf26,2026-08-23T15:20:27Z,2026-08-23-3
2026-08-22T11:00,c38c4611746a155d08a9b2403c994ab5f92ab1acc352ae7c6dc6e60847cf0761,2026-08-23T15:20:27Z,2026-08-23-3
2026-08-22T11:00,c38ffa85f5dd6ffb69835b1b71785c274fdc3f3dd425225ccc3175fc78a7aae7,2026-08-23T15:20:27Z,2026-08-23-3
2026-08-22T11:00,c39e8c05ba208180ec7fc4aa58c362122edd3c3b156a46ee77fde49d2d923291,2026-08-23T15:20:27Z,2026-08-23-3
2026-08-22T11:00,c3a08c57269d6a1012527bad486e6648ed1c2cd6a35618174c76fa7364b9758f,2026-08-23T15:20:27Z,2026-08-23-3
2026-08-22T11:00,c3ab33c62226049804cd22dfa451a2903ecf02cb2dc79829f99c4e6cad08553d,2026-08-23T15:20:27Z,2026-08-23-3
2026-08-22T11:00,c3ad72a6ffb026010192d80d8a8fff654e857faaf99dbea3ae1e5eda02df206e,2026-08-23T15:20:27Z,2026-08-23-3
2026-08-22T11:00,c3b0ed374d41680783fa20fc63770995e488c58603f5ef9d743356c3fd37e97e,2026-08-23T15:20:27Z,2026-08-23-3
2026-08-22T11:00,c3bbdc3f48e4e9be8333ac7b8532c43751ce5e7ebc980ae4455073da47595852,2026-08-23T15:20:27Z,2026-08-23-3
2026-08-22T11:00,c3bcfd578a7c24fcca251276996e87af955d453eb8fefb34dfb3396929de1208,2026-08-23T15:20:27Z,2026-08-23-3
2026-08-22T11:00,c3c0716ff4ee875d0c90449cb484eee8e640abe30dc413807aa009bd546b59a5,2026-08-23T15:20:27Z,2026-08-23-3
2026-08-22T11:00,c3c49cdedd94784a82970277e48d5b691693b1ad45d9f7c224a26832a919a97b,2026-08-23T15:20:27Z,2026-08-23-3
2026-08-22T11:00,c3c696b5bf6b4f8c7bbbd52e2a3e8859d935a60e7e836dec91b3a45d80f68ee0,2026-08-23T15:20:27Z,2026-08-23-3
2026-08-22T11:00,c3e3528faaa7bfe84813ed42626ea6c28aef806151e16e69e76550bbcf873350,2026-08-23T15:20:27Z,2026-08-23-3
2026-08-22T11:00,c3f3f133540331f3d9b21486055dfffc95da3ff82db2c7fe6f645fd88960b777,2026-08-23T15:20:27Z,2026-08-23-3
2026-08-22T11:00,c3f4fc95ffbcfcb7bbae0ad89a235a3ff0462059abbded44f20f3c4350861340,2026-08-23T15:20:27Z,2026-08-23-3
2026-08-22T11:00,c4005453f6ec0617bba5df614e1fea94c35d50004eac9c8b7497b2cbbd443d93,2026-08-23T15:20:27Z,2026-08-23-3
2026-08-22T11:00,c408984117c1d44433a25b23699fd898f2a2719447e5ba407a577746e1d1d45f,2026-08-23T15:20:27Z,2026-08-23-3
2026-08-22T11:00,c40fae91a3af5c3c92529d996745d105e56c1227175229dfc71001043a5449ba,2026-08-23T15:20:27Z,2026-08-23-3
2026-08-22T11:00,c411875eb53ea2c9fda5c5aba3d5be37926ccca5b27519f46b826175126221b4,2026-08-23T15:20:27Z,2026-08-23-3
2026-08-22T11:00,c41a9da4994b2d8d4bdf63780936646b5af00a5612e77fdcadb70fc508bc2758,2026-08-23T15:20:27Z,2026-08-23-3
2026-08-22T11:00,c41e64f308a2da186994f881d47fc71334551b40e9208914d9a0a3d23ad2eb99,2026-08-23T15:20:27Z,2026-08-23-3
2026-08-22T11:00,c42703bc35a6b60354cd65ce1541b39202f1f6689764e6b4697682bdf415e515,2026-08-23T15:20:27Z,2026-08-23-3
2026-08-22T11:00,c43b63a967ec16cab3d4d55cc1e9d5f560affcdf69db1e6da09776a43f16a971,2026-08-23T15:20:27Z,2026-08-23-3
2026-08-22T11:00,c44fe1c5f688dce2269446eea9a699aca214b853e12b094f5cc615d97b37096f,2026-08-23T15:20:27Z,2026-08-23-3
2026-08-22T11:00,c469407231ee79071f8861869777474876893dca8405489c3db2c6f9928da87b,2026-08-23T15:20:27Z,2026-08-23-3
2026-08-22T11:00,c47d5d79e246ac420cd8883299a0b3a77f361538bb81087a8372b1637e07d43d,2026-08-23T15:20:27Z,2026-08-23-3
2026-08-22T11:00,c4837425d75b16bdf8e8928e95b1ad29a59c170a1e51eb0e5428b5458174964e,2026-08-23T15:20:27Z,2026-08-23-3
2026-08-22T11:00,c483a515a00fa98325f9c27d3c89df596face8d6196e3310f2fa6649d8059d8a,2026-08-23T15:20:27Z,2026-08-23-3
2026-08-22T11:00,c489061ba58d6553955652b8f48e260d1b60f1572098e78a193259ba859f49b2,2026-08-23T15:20:27Z,2026-08-23-3
2026-08-22T11:00,c48f81f73fe4bb79753067f0016b3212c4b877ecf47f152947078caca3444ef8,2026-08-23T15:20:27Z,2026-08-23-3
2026-08-22T11:00,c4ae0dbe6d7ecaea27b631112da704ac18ba647d52fe7b2c3da35593f7b6dedc,2026-08-23T15:20:27Z,2026-08-23-3
2026-08-22T11:00,c4d8a6a02ea59be23a935a22f631a0e61b707ac5c402b9f7d50d2828e27181b6,2026-08-23T15:20:27Z,2026-08-23-3
2026-08-22T11:00,c4d9b7293a0e35c09d953c3b8df89288fc53f2eab60b2781a474ffca482706b5,2026-08-23T15:20:27Z,2026-08-23-3
2026-08-22T11:00,c4e0ffc2ed0f5cf27b8524e81c6ad1be3ac1aa5db865a7f838e05e55b2b752f4,2026-08-23T15:20:27Z,2026-08-23-3
2026-08-22T11:00,c4e1cd39ef0a891fa5c02ed70b8403aacdda75bb5a011c1835e3a08c81d12e9e,2026-08-23T15:20:27Z,2026-08-23-3
2026-08-22T11:00,c52b08d09cf89e2c386cc811dcc501d5d7997b761dd6d35183a28074e1385d99,2026-08-23T15:20:27Z,2026-08-23-3
2026-08-22T11:00,c53b8423fa49096b972522234c8faac7b9fe0ab0d21802cd81742af6ef1ad71a,2026-08-23T15:20:27Z,2026-08-23-3
2026-08-22T11:00,c5512216b9f4aeb400e4b6047c623b2e06bd587a92389918e47a89cc14187f8a,2026-08-23T15:20:27Z,2026-08-23-3
2026-08-22T11:00,c558334287b903fc1fa7adae50c0d59ab03d21d0c630366e4c73f3d4ef0d3212,2026-08-23T15:20:27Z,2026-08-23-3
2026-08-22T11:00,c55f494cf78e9cdcf3502fb2fa2eff09c4c97feeeac2ebc7715ffef5e2498779,2026-08-23T15:20:27Z,2026-08-23-3
2026-08-22T11:00,c566e1d5207ec53d58081fd578b3b9dad5a91f940d71b956ee6100ef0447ffdb,2026-08-23T15:20:27Z,2026-08-23-3
2026-08-22T11:00,c56b6c18c348695b92077244801d0919743ad80ba8c6f2ea440bed02fa514ed2,2026-08-23T15:20:27Z,2026-08-23-3
2026-08-22T11:00,c57a219197c54845a732ef1142bb01144a60eafcb3b493356ad3a4e0ca0a91c9,2026-08-23T15:20:27Z,2026-08-23-3
2026-08-22T11:00,c57d1efacd35774adeed3c71b5e88d2d9150e44c92dd2c24d6d5122ae94b8e30,2026-08-23T15:20:27Z,2026-08-23-3
2026-08-22T11:00,c59f6775ee94ee5f0be1b9974e7bd66bd2112fa877eec43eda4c48d5430e112e,2026-08-23T15:20:27Z,2026-08-23-3
2026-08-22T11:00,c5a7d4c0db58a54660caec3311919c8843471d7d7b9c1c6cdb2fdec54f15dfa1,2026-08-23T15:20:27Z,2026-08-23-3
2026-08-22T11:00,c5bb86a05d53fbddd8acac2bded35b047885a6832abee566eb9523c689601f7b,2026-08-23T15:20:27Z,2026-08-23-3
2026-08-22T11:00,c5bd5214d480aabcf61dfb514b63cfd1cf703ac9b5b596b77a2725f8f0d55a78,2026-08-23T15:20:27Z,2026-08-23-3
2026-08-22T11:00,c5c21c4840336d76f6c1f699bb18896559d5d672a98990b2caa3d9b89007350e,2026-08-23T15:20:27Z,2026-08-23-3
2026-08-22T11:00,c5c3971a8972616617d38b775feccbc8460effc513d5eaeba9c7e1e9e64c1a6f,2026-08-23T15:20:27Z,2026-08-23-3
2026-08-22T11:00,c5c5248230951857dae9664d8976aabb3764bf6936706cfde3b2931f62916be6,2026-08-23T15:20:27Z,2026-08-23-3
2026-08-22T11:00,c5ed64e39d0c81b756c46dddd8f3499eac069ec310196970ad87e9a76a236b2b,2026-08-23T15:20:27Z,2026-08-23-3
2026-08-22T11:00,c5f4710bb625228be74ed29c384b3957c2c6942e7eca8d645ae3f6892833aeef,2026-08-23T15:20:27Z,2026-08-23-3
2026-08-22T11:00,c629e61daf150a2281e5e3a8bc85efa8dfc4873da4c748eac57f04e96247e9df,2026-08-23T15:20:27Z,2026-08-23-3
2026-08-22T11:00,c62eff4e16342ce4add834d5973da1635e361338cb5da8a0ee6ab21a20fd3338,2026-08-23T15:20:27Z,2026-08-23-3
2026-08-22T11:00,c644b44f8f4e6373a1e17056db72019d79d477a1457a2e8a61546cd4cde0a8e9,2026-08-23T15:20:27Z,2026-08-23-3
2026-08-22T11:00,c64d62b2490bea3bb5b566bfca6d6c83e42ab29a8567f084c07a5ba437789b7e,2026-08-23T15:20:27Z,2026-08-23-3
2026-08-22T11:00,c656f0e8a5153e575368c21236434be34991b29ebcdd09714a42f2034ebdf1d4,2026-08-23T15:20:27Z,2026-08-23-3
2026-08-22T11:00,c658f25dfd916ec1dc897a3d3a5955e94cdc8a64cf0ba47177ea352562582ad7,2026-08-23T15:20:27Z,2026-08-23-3
2026-08-22T11:00,c6594b5bcf112e096b481fc08ce0f08288d73f0b6974e65f5537c77c5d48e8ef,2026-08-23T15:20:27Z,2026-08-23-3
2026-08-22T11:00,c6657967d45df4ef7bbfd1abc52ab8fe9bba73708457c020b43160b2785772fb,2026-08-23T15:20:27Z,2026-08-23-3
2026-08-22T11:00,c684eb1aba897c1d83d407749ba5290b18707be82463fd3833dbe2e837590655,2026-08-23T15:20:27Z,2026-08-23-3
2026-08-22T11:00,c699ef2ba4f2e8c896bb97474420fdbf57c795ca9b1471ba413a5ef17ea063c8,2026-08-23T15:20:27Z,2026-08-23-3
2026-08-22T11:00,c6afaf29020a04304f0b26ab7487c52eb613a6bf6a29cd44d3ced9030cc472f7,2026-08-23T15:20:27Z,2026-08-23-3
2026-08-22T11:00,c6b4af4bb14de25f7d109e0e54f43caef9d0e477d10066c2291999db529814ad,2026-08-23T15:20:27Z,2026-08-23-3
2026-08-22T11:00,c6bb475f508310f6006931186156e10e81b2ecb4ea43a8c6704e9b6aec9d4a78,2026-08-23T15:20:27Z,2026-08-23-3
2026-08-22T11:00,c6c77ede35b02810507be5782614557412a4e7af86b6a2ba8fc1b9f3f7a8aa99,2026-08-23T15:20:27Z,2026-08-23-3
2026-08-22T11:00,c6d694350766fa2eb7fbcaad728089c77a9aa1d658b21ae3da316af66b9407cf,2026-08-23T15:20:27Z,2026-08-23-3
2026-08-22T11:00,c6dde7320bdf607b3f1b4316aa85bf60a8f62ddf1611fc684ba16386eddb317f,2026-08-23T15:20:27Z,2026-08-23-3
2026-08-22T11:00,c6e5a94c16f8fa4d51a3c79ee1421f71d6bbbbfc54b5d5b078e024eaabd7916a,2026-08-23T15:20:27Z,2026-08-23-3
2026-08-22T11:00,c6f774f23280050be2f6c172fa27b070b042f5d6e574eb56f33bfed5be8c0c42,2026-08-23T15:20:27Z,2026-08-23-3
2026-08-22T11:00,c71c5a72dee8a10366efcd373c1e0c9fe6c9a39ef039748badd5ab273bf3dc75,2026-08-23T15:20:27Z,2026-08-23-3
2026-08-22T11:00,c71de984ef63e5cb52ed238b602e420eb3b6efa466b063a4d9b5977bfb6f7339,2026-08-23T15:20:27Z,2026-08-23-3
2026-08-22T11:00,c71ef79e3212dc880b6b84b19450d571be80864c5402bc79c6c169ad5c7054d8,2026-08-23T15:20:27Z,2026-08-23-3
2026-08-22T11:00,c720bf728da92d557f52c1ea3eda400088a7dd4cf256e848a7a898972cbeec48,2026-08-23T15:20:27Z,2026-08-23-3
2026-08-22T11:00,c736e55a9994d1cbd1f5f051304d1954e16e9233fe6335b6a2adc92e5d02c623,2026-08-23T15:20:27Z,2026-08-23-3
2026-08-22T11:00,c73b72f58716475bfc85899aff65b1022d438e61d666a3167b68c110739ac9ef,2026-08-23T15:20:27Z,2026-08-23-3
2026-08-22T11:00,c749d7a91ee1256db4646c8de10d035a6ea5010e50c66afc2388a66d174d2b8b,2026-08-23T15:20:27Z,2026-08-23-3
2026-08-22T11:00,c74af10f477441cdac7826b8412ab96508b195d875cd37d91bb3592b1a8f799d,2026-08-23T15:20:27Z,2026-08-23-3
2026-08-22T11:00,c767f0c618b966bca4746c7b70404c4d35d1d13dfe726a29f8fea8d7777f181e,2026-08-23T15:20:27Z,2026-08-23-3
2026-08-22T11:00,c770eae11ee06da583593e49e26da47bf6692f134ccd7db8494095dba73d38da,2026-08-23T15:20:27Z,2026-08-23-3
2026-08-22T11:00,c776fbdc6dff67a152e8bb048fe0988646740220ab97e31fb438fa3ff72d94bb,2026-08-23T15:20:27Z,2026-08-23-3
2026-08-22T11:00,c7809d37fac9e3d0e237bee0476719a0238c8c7867b00706005b26c104b18c6f,2026-08-23T15:20:27Z,2026-08-23-3
2026-08-22T11:00,c78558fb797a2e46ed474cd567278292e3c6f24f4ad2120edb3f6daeefe5944d,2026-08-23T15:20:27Z,2026-08-23-3
2026-08-22T11:00,c7866bf4d0809ad491d368e229e3f5bb5b8e9a2ef3345044ed9d36535de63c7e,2026-08-23T15:20:27Z,2026-08-23-3
2026-08-22T11:00,c78dd96d03513680330c6041d08e8872e0b1ecb8ea12b10a53496a7aa2d3b955,2026-08-23T15:20:27Z,2026-08-23-3
2026-08-22T11:00,c792811dc3e3f73b1f1e9cf03aa325a6a0848a40ccddc2918ca6896a13cbfce4,2026-08-23T15:20:27Z,2026-08-23-3
2026-08-22T11:00,c7a4b197a88764310b8e08a32f0019f7b77ebbd1127dca8705e4cee46f8bcf53,2026-08-23T15:20:27Z,2026-08-23-3
2026-08-22T11:00,c7affab7451ec44b906790d3fef22c427ebac827c4234d0fbbd8fd66696bcdec,2026-08-23T15:20:27Z,2026-08-23-3
2026-08-22T11:00,c7bb0615861bc91f2eb32271e5a5744ea63cdb6ea977af3dc9f1c7bcfea638cd,2026-08-23T15:20:27Z,2026-08-23-3
2026-08-22T11:00,c7bb18d262847f14b6ac837769dfa13b1bc44072f8797a77ab44b0f55a617bd3,2026-08-23T15:20:27Z,2026-08-23-3
2026-08-22T11:00,c7bbad60317586c64a9e6127c886d6cdd402a0f5e1f74c2bc7cf268af0f26146,2026-08-23T15:20:27Z,2026-08-23-3
2026-08-22T11:00,c7cf1f85172fd6c7c4501a584fa0961c30a2a39b42e6074673533f6494ee9b03,2026-08-23T15:20:27Z,2026-08-23-3
2026-08-22T11:00,c7e2a4e9ece1397d5922c8d8bfb75b2ec555b841f46dcff9fbcc50b5ddbdea7d,2026-08-23T15:20:27Z,2026-08-23-3
2026-08-22T11:00,c7ee1589fac27c3e7ad5304bbaba899a5ab8f4ec4f2dd8b2fae71aa47d831f71,2026-08-23T15:20:27Z,2026-08-23-3
2026-08-22T11:00,c7f260b7a4f5df0f85407431947b7e1b9457a3dea9b370d391a2535688132802,2026-08-23T15:20:27Z,2026-08-23-3
2026-08-22T11:00,c80b30744dbe05171a0030c1a857073e59850f1235f3fb6a3ca04e93f2f23e41,2026-08-23T15:20:27Z,2026-08-23-3
2026-08-22T11:00,c81d8b042c88405000949539be8bad42b932b5603020e01f077a6163092654e5,2026-08-23T15:20:27Z,2026-08-23-3
2026-08-22T11:00,c81f77b805490ba20f75e5ba41e4a09d5e80dfda8fa9928a400647a4cd57fa8e,2026-08-23T15:20:27Z,2026-08-23-3
2026-08-22T11:00,c84f1879c2da958ae6da68c996180e43535fcda6f4bc77d5a7838551f23c78f5,2026-08-23T15:20:27Z,2026-08-23-3
2026-08-22T11:00,c8672ece69756dddd23a6ad793db0a841363d71e366f4a717734280b0d01ab27,2026-08-23T15:20:27Z,2026-08-23-3
2026-08-22T11:00,c86cea068fe833f75faba2c0e573955ab9044fc1fd7693deef7386850d8496f7,2026-08-23T15:20:27Z,2026-08-23-3
2026-08-22T11:00,c86e4a21aa5bdb72d78604137e5260c09713494b52adc076c6ce54e3a9c177ac,2026-08-23T15:20:27Z,2026-08-23-3
2026-08-22T11:00,c87fc8fe6857b0119bb62bd5a91b59ae80d9067433eb18a63f3ecc6715fd82ba,2026-08-23T15:20:27Z,2026-08-23-3
2026-08-22T11:00,c8b16215c38b4090d63c90ffe1c926bfb3d6e4b9e6ffa41d82984b311262f231,2026-08-23T15:20:27Z,2026-08-23-3
2026-08-22T11:00,c8c2521853f8de9e5b687c0011da1186c2584749900de833040041b5322116fd,2026-08-23T15:20:27Z,2026-08-23-3
2026-08-22T11:00,c8d5a8889a815d6a655c9a9dafa316b7f210cc997fb0cd7dc911419e34b8649c,2026-08-23T15:20:27Z,2026-08-23-3
2026-08-22T11:00,c8def1381be13fef903d7bf61314559d870ae153e8a28b1fbbf59adabe4dbb20,2026-08-23T15:20:27Z,2026-08-23-3
2026-08-22T11:00,c8e67f57fb3bdf415e82ac3733c1b3b19477d37b97971ed6ecae7b0531b3e4da,2026-08-23T15:20:27Z,2026-08-23-3
2026-08-22T11:00,c8e97c336f4b6e6ef08f5eb6b852ecf31a356180ad9b149c3899ddeaf3718986,2026-08-23T15:20:27Z,2026-08-23-3
2026-08-22T11:00,c8eb32a970b4dcd391f50b85492491fba2155a89eeac5eabf6057f75634392d1,2026-08-23T15:20:27Z,2026-08-23-3
2026-08-22T11:00,c8eb979c63196691f6ae5ad7ac7ba69d7701ac987f937ebdb9095ab9ae6d8718,2026-08-23T15:20:27Z,2026-08-23-3
2026-08-22T11:00,c90016a2991ec40fd3e3546b6de7e07907fc8823fece59295c1a829502383fcb,2026-08-23T15:20:27Z,2026-08-23-3
2026-08-22T11:00,c9078fbe5544a18ac365f9181c8541c99483a0d2f5434389843f7aba29707659,2026-08-23T15:20:27Z,2026-08-23-3
2026-08-22T11:00,c90ed1d6c77b9a930a5bd2b5e14f3f222399139f5f9cde01ccccb9ff015951fc,2026-08-23T15:20:27Z,2026-08-23-3
2026-08-22T11:00,c9240116d5517988b59e372640dd751d12c457ae1617d6df33f00ad293eaa0dc,2026-08-23T15:20:27Z,2026-08-23-3
2026-08-22T11:00,c92f74a7143b745a3b27bc4688506c31b228444810f3d207786b2ad3ff2f0637,2026-08-23T15:20:27Z,2026-08-23-3
2026-08-22T11:00,c931211273c35f4be2fa3440916cac1913e506cfb739e959d4051be91a54daf6,2026-08-23T15:20:27Z,2026-08-23-3
2026-08-22T11:00,c931399b659d6092d8a35f10dad0716aa70ff55b61d02f3bbd4a0a150a3675f1,2026-08-23T15:20:27Z,2026-08-23-3
2026-08-22T11:00,c931c47dd7e648e1dc99794ebba4e0445fde0f29fa27728e6768b3264bad41be,2026-08-23T15:20:27Z,2026-08-23-3
2026-08-22T11:00,c94cbf97a76fcc5c0b5de8b09d1379dc772a6864b9b7a089a9d47c6972646f13,2026-08-23T15:20:27Z,2026-08-23-3
2026-08-22T11:00,c96d810065820f3149ee9f791f69e3683f6cfc534a24a43606c1fa2aa9e129df,2026-08-23T15:20:27Z,2026-08-23-3
2026-08-22T11:00,c96f3ce326998515c48d4585f77fb1577188711b92576e00ce122799abda1ac6,2026-08-23T15:20:27Z,2026-08-23-3
2026-08-22T11:00,c9730d13e1ee417de9662aba98649eb13f5fcb79f5db9ad981df4a6cd53ee3bd,2026-08-23T15:20:27Z,2026-08-23-3
2026-08-22T11:00,c99abd053c6e0261e583c2f56da7eb24a91bdb8934f1881e524214c03212ba89,2026-08-23T15:20:27Z,2026-08-23-3
2026-08-22T11:00,c99ec862b4e71599bc42c6f96a94ea0c61758ad0ed0c0445d6331b28e4539a2c,2026-08-23T15:20:27Z,2026-08-23-3
2026-08-22T11:00,c9aad811e3d9861cf351481d07f979d53532e860c6a87b5f1e5bbab91331aeab,2026-08-23T15:20:27Z,2026-08-23-3
2026-08-22T11:00,c9af8ca2c179befdbc17947b7a617310d8136ab7f3ddd90262dcea156a7ffd88,2026-08-23T15:20:27Z,2026-08-23-3
2026-08-22T11:00,c9afeef7e078a6f424264ab5767b9c6a0b9ef6b43c03c8302cb76cc698bcee95,2026-08-23T15:20:27Z,2026-08-23-3
2026-08-22T11:00,c9b142206a98afb6a4b008299a41ac726d1deba77450887fbfaad08e61cd4cb2,2026-08-23T15:20:27Z,2026-08-23-3
2026-08-22T11:00,c9ba203858442ed83b23e71a6fcb7c59bef7d9c4f361e6a6060a6319eaf53f29,2026-08-23T15:20:27Z,2026-08-23-3
2026-08-22T11:00,c9bfe4c9d4a1fb999bb36f6cfabbc67420ae3551f29fa5788d28cc274d4c8dc7,2026-08-23T15:20:27Z,2026-08-23-3
2026-08-22T11:00,c9c201e4fb07aa8301a5f498aeec95ac719b31c687ee38ef757a07a5940fe76d,2026-08-23T15:20:27Z,2026-08-23-3
2026-08-22T11:00,c9c950aa428d8bebbc0102ac5374e445600c0290ad8b09d75680678e5537b935,2026-08-23T15:20:27Z,2026-08-23-3
2026-08-22T11:00,c9d35186bda5b30363a9c9aae0167377feac2af3a8a4426d2bd0560e86c771e5,2026-08-23T15:20:27Z,2026-08-23-3
2026-08-22T11:00,c9d363358eaf51f8492541143af7d204dae5b7263f3c232dcc08f0bddbf50679,2026-08-23T15:20:27Z,2026-08-23-3
2026-08-22T11:00,c9e796793269ea831543cfe76428ae169b2a8b90b0baab0d73a10c37214feda8,2026-08-23T15:20:27Z,2026-08-23-3
2026-08-22T11:00,ca05d1fa053cbae210c7c08484cbf70cb5f3825c8b22eb89189bb627ee87be75,2026-08-23T15:20:27Z,2026-08-23-3
2026-08-22T11:00,ca190016903adb82a209ea2a72c902b064a789aec87e356f1024db286e80fc71,2026-08-23T15:20:27Z,2026-08-23-3
2026-08-22T11:00,ca31d97018ea2c02ba7190967246cbab413a2bc47a2bcd110b298f67f6cfe371,2026-08-23T15:20:27Z,2026-08-23-3
2026-08-22T11:00,ca33b3c99a73857a040fa8c0a25e4ff8f7b08ef553a142bf788ce6095355b179,2026-08-23T15:20:27Z,2026-08-23-3
2026-08-22T11:00,ca7758ca2a2c3977dbbb91ea4b8aa441660208d22e636a05337009beac816eef,2026-08-23T15:20:27Z,2026-08-23-3
2026-08-22T11:00,ca7b2036fa429d3e8af5d84e32ae134492ad6dce7846a579a06f31265309355c,2026-08-23T15:20:27Z,2026-08-23-3
2026-08-22T11:00,ca8431a6ed05f8230acd579a0b3787373df67bfc38dc8a64944fe080c3432708,2026-08-23T15:20:27Z,2026-08-23-3
2026-08-22T11:00,ca893a7f203510d97590a602648339611121ed86dc605bf063b61c3862fc76a5,2026-08-23T15:20:27Z,2026-08-23-3
2026-08-22T11:00,ca97b8944f0d8b914419dd20a441f14bb984e2f2efd5b7991f6ed30df5c4d823,2026-08-23T15:20:27Z,2026-08-23-3
2026-08-22T11:00,caa6c3414702eb3fb3decfd4a3dfb4bc06167d92139de1e7e04039620da79d1d,2026-08-23T15:20:27Z,2026-08-23-3
2026-08-22T11:00,cab0c2e06ee89ee80093d5da47326f52edeb10e1dd02969e2e76540c2867561d,2026-08-23T15:20:27Z,2026-08-23-3
2026-08-22T11:00,caba3539224bd2faec94567e0e0d4697f6f83a248cf7b328339e29da7efc9333,2026-08-23T15:20:27Z,2026-08-23-3
2026-08-22T11:00,cac309a5d5d8147abb97f9174157e2469b5e1a6de303c2cda6f8e8f8a3e904de,2026-08-23T15:20:27Z,2026-08-23-3
2026-08-22T11:00,cac6762f0c2b87ec0e0a84115c4f5acb66fbfc804fa0750e5906bbf236ec47d4,2026-08-23T15:20:27Z,2026-08-23-3
2026-08-22T11:00,cad01eabe9c2bbefd3f71f942f76a6b95bdb5fbc39682123324498594e9090e4,2026-08-23T15:20:27Z,2026-08-23-3
2026-08-22T11:00,cad3e83151969cc6ee1cebae4f8fc26a0efc9f70f28cd8c47aa5f96e7782e935,2026-08-23T15:20:27Z,2026-08-23-3
2026-08-22T11:00,cadca2e21ccb2cce419791f22fae89e403f3d2503b02afa164636dce79752f52,2026-08-23T15:20:27Z,2026-08-23-3
2026-08-22T11:00,cae00233fbe77d8394a7205bb37811769d324957745e85ca7a3a03406acc48d2,2026-08-23T15:20:27Z,2026-08-23-3
2026-08-22T11:00,cae0ea4a2497696ce4c22a034839372891eb4c07cec52ef4d9dd9989c1e31031,2026-08-23T15:20:27Z,2026-08-23-3
2026-08-22T11:00,cae4686da74c42be3c53c0c41555a077680774de21c4391304711a79f1a43db2,2026-08-23T15:20:27Z,2026-08-23-3
2026-08-22T11:00,cae54a9b1d661a673c3a2c997d80b354ff0c91d685040e4913e9b7508850ce14,2026-08-23T15:20:27Z,2026-08-23-3
2026-08-22T11:00,cae6a0dd892250dc83925114b5aaa51f75bf4e04afd22fe82c249d2578e26c3b,2026-08-23T15:20:27Z,2026-08-23-3
2026-08-22T11:00,cafc87444fd3659fca60652019b5b715b7fed32d95371e390fc9bccb5d84d4b2,2026-08-23T15:20:27Z,2026-08-23-3
2026-08-22T11:00,cafc9d3c3da053e9739d61b137ae7a0eb001544e8ca90e0502d85a30c62c131e,2026-08-23T15:20:27Z,2026-08-23-3
2026-08-22T11:00,cafe65d035bfc5fc85275934aae2d42cd357fd5295ce229d40fc53716419f37a,2026-08-23T15:20:27Z,2026-08-23-3
2026-08-22T11:00,cb1323ba54f85cd702869144fbb597ade973ccaaa6f5c92af6b2838dc9769c73,2026-08-23T15:20:27Z,2026-08-23-3
2026-08-22T11:00,cb195742087fb8cc813b57bdab07ee7a87bd678f1e9d6a1160c83a8c92d71d81,2026-08-23T15:20:27Z,2026-08-23-3
2026-08-22T11:00,cb1bd737766fc670eaa9286c561a3ecc385ed8bc5e5153e2ec841fa6730e1505,2026-08-23T15:20:27Z,2026-08-23-3
2026-08-22T11:00,cb1d58c1478b0b1d5a5fa8c89e6251d1b9ea2ea91aced37991095332f26642ee,2026-08-23T15:20:27Z,2026-08-23-3
2026-08-22T11:00,cb338c7aadbb71130ec8eb255984c4a337960c1c1dc03d5c915c253e27b51ab0,2026-08-23T15:20:27Z,2026-08-23-3
2026-08-22T11:00,cb4b5f5bfa4f72d73f76948d04ea963813e64100c4358dc712ad60e9ca2739de,2026-08-23T15:20:27Z,2026-08-23-3
2026-08-22T11:00,cb62459632ca32363a417a1f1d57f9c43d8e1cbd1097b5dff5a466bcd70355dd,2026-08-23T15:20:27Z,2026-08-23-3
2026-08-22T11:00,cb646b2d09bde8a1ecbe53bee1d27fbf4f1888cc225813b57d1b7655d12c4e3a,2026-08-23T15:20:27Z,2026-08-23-3
2026-08-22T11:00,cb7c9c0e52cc5e5618f6df0d9f531ef77b6b2b8b6795b198104a3d51723e762c,2026-08-23T15:20:27Z,2026-08-23-3
2026-08-22T11:00,cb7fabc46aa8ed50938464f3ddf9d3f44559912bfd13be77b5854f7e3f99a096,2026-08-23T15:20:27Z,2026-08-23-3
2026-08-22T11:00,cb8b78fef36fa074ad35d7f0318a3e492d4d4c36ee6e3b959cd81f75064e3580,2026-08-23T15:20:27Z,2026-08-23-3
2026-08-22T11:00,cb9faa838e9b12e96d71a6b5e00f6efb427620d06a5fc9c21c999f4bb6736efc,2026-08-23T15:20:27Z,2026-08-23-3
2026-08-22T11:00,cba0969bcd63abde5e7ac0c6f7328d3ee99dd0bf7ce534b3f9a2478b2826063b,2026-08-23T15:20:27Z,2026-08-23-3
2026-08-22T11:00,cba8417ecebda0991d592d1af093ff9d42c82d5aa27ca04e9e5c7b07e758f0f4,2026-08-23T15:20:27Z,2026-08-23-3
2026-08-22T11:00,cbb460dcecd1d9ed4868c1b4d2ade4450d01e1f993090bf74f44ca69d1534ebb,2026-08-23T15:20:27Z,2026-08-23-3
2026-08-22T11:00,cbb6c9c151fbab8132155c4f52750d6223c35c901664823c5b55457a2bdfa5d5,2026-08-23T15:20:27Z,2026-08-23-3
2026-08-22T11:00,cbbcf0791e485047319b4e49660d3c7f67c323479322879d8446b03624190131,2026-08-23T15:20:27Z,2026-08-23-3
2026-08-22T11:00,cbd8b04fab53ccc41692aefd0241b343ec15f47b41338f39ed227f5c8104b4a2,2026-08-23T15:20:27Z,2026-08-23-3
2026-08-22T11:00,cbe1dd0d6f63fc7bb319aaf870d8a0541264cb7af9d9484d8abe1e49c8ca89cb,2026-08-23T15:20:27Z,2026-08-23-3
2026-08-22T11:00,cbe8ada054e709be80556cf56a79c222634a6f0ededa4ce81cf3253b881e8970,2026-08-23T15:20:27Z,2026-08-23-3
2026-08-22T11:00,cbfbeb9ff1428792113904e41a39a5ab18507764ff8d45d2e2ea2f63daf017a1,2026-08-23T15:20:27Z,2026-08-23-3
2026-08-22T11:00,cc050b32d46b9ed56158d30b682136b6d46d4a256d2950aa6d19dd965cf4b70c,2026-08-23T15:20:27Z,2026-08-23-3
2026-08-22T11:00,cc0c0e89ac2a3f33cdc91ac66f5a64c94009b3dace000e8242e726e14dec4a4e,2026-08-23T15:20:27Z,2026-08-23-3
2026-08-22T11:00,cc2adf1b2aaf8def53ee07f61d28edf49454086eee064d859cbcfe5892bbf481,2026-08-23T15:20:27Z,2026-08-23-3
2026-08-22T11:00,cc4c0ad7423070b12f2934998199240d18a5b96ef5613510ed52f199501bce2d,2026-08-23T15:20:27Z,2026-08-23-3
2026-08-22T11:00,cc510ac4ed016d29edeb50482ecd6bf8988206b27939f4a770112e70f03e86f1,2026-08-23T15:20:27Z,2026-08-23-3
2026-08-22T11:00,cc68ebb190f383ab886172f561cb611eb97c49c65f88d0621d16e69e0156c2b0,2026-08-23T15:20:27Z,2026-08-23-3
2026-08-22T11:00,cc6c6cc7a6fd67ce2f93bf94625809449a6a75fec9e46806916ea28305cdbaaf,2026-08-23T15:20:27Z,2026-08-23-3
2026-08-22T11:00,cc74d53006a5a9011350cb91672ce251a86b7d8e3d423c864e8b4507a870b7de,2026-08-23T15:20:27Z,2026-08-23-3
2026-08-22T11:00,cc7c822bf62475033cdb2064b0549028e33130eeda60f7d978c075527ef21818,2026-08-23T15:20:27Z,2026-08-23-3
2026-08-22T11:00,cc90f3025a86e677fb306f9ae6415fa2df1c18ff3883c698f030676950895185,2026-08-23T15:20:27Z,2026-08-23-3
2026-08-22T11:00,cc91045bf000b709f586f536a9f6e50813ea52eb8c966c5f5955d0b1ec257171,2026-08-23T15:20:27Z,2026-08-23-3
2026-08-22T11:00,ccaed232698f40d035fa605d7ec6755ab4c9ccbedf5cb7fe5d210784044f2f26,2026-08-23T15:20:27Z,2026-08-23-3
2026-08-22T11:00,ccb42b7422acc16c284e03a9d4914a5de63a753976a5af65acc04a22f033ec38,2026-08-23T15:20:27Z,2026-08-23-3
2026-08-22T11:00,ccb99743224b2c93582e48cbe067cd2dfff5fafc1dabbcbc3d585359653282a5,2026-08-23T15:20:27Z,2026-08-23-3
2026-08-22T11:00,ccbc84a4523b51f892006aa42b01fb1f372bbd4f5f2654ed821149a3d2a0d365,2026-08-23T15:20:27Z,2026-08-23-3
2026-08-22T11:00,ccd4211f87baa74a4923b9f3b5fc9bfbaaac49a277b838dd56c826dfecd68deb,2026-08-23T15:20:27Z,2026-08-23-3
2026-08-22T11:00,ccd80208b8888928c8f7e43801c3a06f864e1ed46864e483849794cc0b46a361,2026-08-23T15:20:27Z,2026-08-23-3
2026-08-22T11:00,ccde72c4562ce3d15e87fb6282455226ceade32d8c739bbbeb8d4d4693c4598a,2026-08-23T15:20:27Z,2026-08-23-3
2026-08-22T11:00,ccf7af229eb1741b254e66da4918ddffa51a6832c79cbac0d79c1900de8baed7,2026-08-23T15:20:27Z,2026-08-23-3
2026-08-22T11:00,cd03280613aa421ccc6d3078b46aefcb08c24ab28ce3db45d5f7dedcc30c1843,2026-08-23T15:20:27Z,2026-08-23-3
2026-08-22T11:00,cd0416914af542e1cf1c5471056843043c6242a54616fa145346773c6d3fd883,2026-08-23T15:20:27Z,2026-08-23-3
2026-08-22T11:00,cd05ab67c2d22ca20f0850838ce14b0852eb41c9388494c75949dfc1aa55c382,2026-08-23T15:20:27Z,2026-08-23-3
2026-08-22T11:00,cd0e3d97c9889c3cc32f906a7d17a7b5c30664f9562c75c7664e4e952e91e02a,2026-08-23T15:20:27Z,2026-08-23-3
2026-08-22T11:00,cd164621c26d332beae3e99493a026f5d4ebbe588030c789e123f8d011833b86,2026-08-23T15:20:27Z,2026-08-23-3
2026-08-22T11:00,cd1b44b0663d3981260e9ad844342e8c0bf40cba8a3dd37794455bdf758e9804,2026-08-23T15:20:27Z,2026-08-23-3
2026-08-22T11:00,cd2c685fc846718ed0d5323beb903336f6b38989d29a9f8d93633df68832d373,2026-08-23T15:20:27Z,2026-08-23-3
2026-08-22T11:00,cd2f9658378f39f3d0e30ace1f2971d77cc609bf8aa30852b5f728ca14a95991,2026-08-23T15:20:27Z,2026-08-23-3
2026-08-22T11:00,cd393f564a7fe1555ec909f26db82cd9762308b6c3b85a1014e7823d5df3aad6,2026-08-23T15:20:27Z,2026-08-23-3
2026-08-22T11:00,cd3c7d8a541db46dc3a66cdb0c1ed27e0f2adcca746725d6d41d445567bc081c,2026-08-23T15:20:27Z,2026-08-23-3
2026-08-22T11:00,cd44bc1940cc624483529e1bb0f3e87715c71da65d2151662e18f3e9c7d21087,2026-08-23T15:20:27Z,2026-08-23-3
2026-08-22T11:00,cd4bacbccf750e3309146e9f826553ebeb313d0a7293347e255140facf3b977c,2026-08-23T15:20:27Z,2026-08-23-3
2026-08-22T11:00,cd4f9adc05a59f4e6f309c169009f9580f3b6035ab58d71d40b9c5769a2bf135,2026-08-23T15:20:27Z,2026-08-23-3
2026-08-22T11:00,cd5531d8c73f13c070a97358ba21a027925746e2e31f315e832938a7209b452b,2026-08-23T15:20:27Z,2026-08-23-3
2026-08-22T11:00,cd56f78eae5abd883eebbad06202bedb41aa7f362562d9b8735ccfbeb391110d,2026-08-23T15:20:27Z,2026-08-23-3
2026-08-22T11:00,cd57a1c07f12a08d6413c13dec6fec945de7adacf5d5d54a0df0acff0fb3ac2c,2026-08-23T15:20:27Z,2026-08-23-3
2026-08-22T11:00,cd599cbc6567764dfee4e4049c7278fe273754a7d40aed2a1a58375a91de04c6,2026-08-23T15:20:27Z,2026-08-23-3
2026-08-22T11:00,cd612edd6d0b074c5aaec8852c2d3656f7a9206c7ac0bcaaf37af2ab3d7e8092,2026-08-23T15:20:27Z,2026-08-23-3
2026-08-22T11:00,cd62d54665e84477979af5bab114b8dcb4f013eb77128a1059ebbe29ecff11e6,2026-08-23T15:20:27Z,2026-08-23-3
2026-08-22T11:00,cd657ae5f07c1c941d598b835eec6510f922c0e2e347b3c650413c917022e3a1,2026-08-23T15:20:27Z,2026-08-23-3
2026-08-22T11:00,cd69184a74af5611acda62f3a9346c027921d614f8401e3cc3f73ef95f011ab6,2026-08-23T15:20:27Z,2026-08-23-3
2026-08-22T11:00,cd69b1ae96b5ffbb7981e284838e7ae0fc20aa27d860215b68aa76f1ff598d1f,2026-08-23T15:20:27Z,2026-08-23-3
2026-08-22T11:00,cd6b1149339ef98cf4a8153e663b92a59d5a847136efa185d999d4cba0f0f5e3,2026-08-23T15:20:27Z,2026-08-23-3
2026-08-22T11:00,cd75608cd7396197d35fcaa7e19f00278b45c06a687b21a8799000f6255556d0,2026-08-23T15:20:27Z,2026-08-23-3
2026-08-22T11:00,cd86d30611939a1b17867187a7f888bb0015da4b4d547596c532be5bf1023268,2026-08-23T15:20:27Z,2026-08-23-3
2026-08-22T11:00,cd88270c00622dafecb0412d295703fb280f9b31487d7a171ee860abf6e9629b,2026-08-23T15:20:27Z,2026-08-23-3
2026-08-22T11:00,cd8d6c8023f2f56d4036413605c4f2ae0b41fef7ffd187826440c2cd47a0d516,2026-08-23T15:20:27Z,2026-08-23-3
2026-08-22T11:00,cd9a63de353ab80a1955bc33ee044ecd91ce318812dafdc720c6b80f229a68ac,2026-08-23T15:20:27Z,2026-08-23-3
2026-08-22T11:00,cd9b252cd4bcea96da688d51236f0d90a45f528a262e2a7d1733e8e44a63d8f6,2026-08-23T15:20:27Z,2026-08-23-3
2026-08-22T11:00,cda1e8ddd46f6db16e84b41e5caabfc5d6f23b6eea30bf7453f7d52f86cdfcc1,2026-08-23T15:20:27Z,2026-08-23-3
2026-08-22T11:00,cda213290baa858eb9a4b6b9b4cfe4a0bfff1ddbdeabae50683b5002245a9ac7,2026-08-23T15:20:27Z,2026-08-23-3
2026-08-22T11:00,cda2bbc26ad1a0b54b9ed84481cb1d4c294a53ce7886bd62068f28daf20e011a,2026-08-23T15:20:27Z,2026-08-23-3
2026-08-22T11:00,cda4cb6e4e02c4b7d910011ff40ab0aaa8e9090829a6f4f1957d2178175cf15e,2026-08-23T15:20:27Z,2026-08-23-3
2026-08-22T11:00,cdaaa126d15d5c080c25a1dfa3fc86477fa489e5d4fd9fa1e4b63cfae61ab288,2026-08-23T15:20:27Z,2026-08-23-3
2026-08-22T11:00,cdb48ff1401b36e6e995f6115cb21f067bc2f348e6f875d08d05fd44c81337fc,2026-08-23T15:20:27Z,2026-08-23-3
2026-08-22T11:00,cdbfd915b866de1371c2e675fc2a278c3bc405dfdb6488bc5d9768ca7bca9fa5,2026-08-23T15:20:27Z,2026-08-23-3
2026-08-22T11:00,cdc475ff3afa1b4b30fe8fd7a794840514a7988e38944649b80eb19d634dc4f5,2026-08-23T15:20:27Z,2026-08-23-3
2026-08-22T11:00,cdea27db5721cedcf3c9b2a55c9f92329791f83a7eda9f4f4c6cad81f4436ca9,2026-08-23T15:20:27Z,2026-08-23-3
2026-08-22T11:00,cdeb37f2167c8b433cce3a68d627086c0c050f5c5fa785221ae537e43ce80a26,2026-08-23T15:20:27Z,2026-08-23-3
2026-08-22T11:00,cdec6b0973461b382751af8be7ab01ce653c8aa259268011cf1b785080338ebc,2026-08-23T15:20:27Z,2026-08-23-3
2026-08-22T11:00,cdeceaf077461f2d01334fc65f05e8a2dc12403a9677db32c3d48c5b1f72b83a,2026-08-23T15:20:27Z,2026-08-23-3
2026-08-22T11:00,cdf2fb8e6587916986b2651dab62e219b0128fc3b673d7eb94caf0fc1f0177a7,2026-08-23T15:20:27Z,2026-08-23-3
2026-08-22T11:00,cdf3ce14e6c7345b74068dccc91d40248c67cb3e542cba97e69e83d52ea7646d,2026-08-23T15:20:27Z,2026-08-23-3
2026-08-22T11:00,cdfe9377a97f3a82678a346dd8950ff2f5cca8cec4bae5fbbb8393edcc89eb46,2026-08-23T15:20:27Z,2026-08-23-3
2026-08-22T11:00,ce2a5c7829fae6cc16717e43355fcdc59e35847706f4567f99d221bf2f94da8b,2026-08-23T15:20:27Z,2026-08-23-3
2026-08-22T11:00,ce3bcd8953c8ceb6ae804afa28f001302c92ece61519ab72799532deca89101a,2026-08-23T15:20:27Z,2026-08-23-3
2026-08-22T11:00,ce4d95460aebb5d487e466a4804661e170696762ba2b27f67cb625b9448fbf9e,2026-08-23T15:20:27Z,2026-08-23-3
2026-08-22T11:00,ce63f6ca496c72fd89e1a20e408e76f11e5c1969b9a28717d98c7a9df72d0e31,2026-08-23T15:20:27Z,2026-08-23-3
2026-08-22T11:00,ce6715050a3b8844cdbaebb06b7ae50be6b035dc64888958e23d196c488b1d71,2026-08-23T15:20:27Z,2026-08-23-3
2026-08-22T11:00,ce6d3d7822ff82dc3f49c872616fd6b0f306643d5847a03b7054c9653ae3cdc3,2026-08-23T15:20:27Z,2026-08-23-3
2026-08-22T11:00,ce7f078196a0e70bb830ffdaa609b8f1d54962add1080ddce360a961616c23d7,2026-08-23T15:20:27Z,2026-08-23-3
2026-08-22T11:00,ce8c691c5e9e0777517211f3de16ecc5a725f1d031542a0efd19f9e589e87224,2026-08-23T15:20:27Z,2026-08-23-3
2026-08-22T11:00,ce943383d65893dfe9ef4d8a8177b292bab5436ec0feb15377c181a884941e1e,2026-08-23T15:20:27Z,2026-08-23-3
2026-08-22T11:00,ce9570ec865adb7989cc655931441cf8b0af613f0e34d0899b0399e0cc4fa920,2026-08-23T15:20:27Z,2026-08-23-3
2026-08-22T11:00,ceac857282e5c65a819234e278e82ee134c0fc4e849c0fef0cd6b4d45c5ec314,2026-08-23T15:20:27Z,2026-08-23-3
2026-08-22T11:00,cec3456e0bae250781f7fa75c6223a053e65f8222e4481e4e34c09e9b6ef6343,2026-08-23T15:20:27Z,2026-08-23-3
2026-08-22T11:00,ced2f6d2cab8772ae7ccd95bf473092f5f331d88506cb64343563a25ecd28f72,2026-08-23T15:20:27Z,2026-08-23-3
2026-08-22T11:00,cee0e44dc81415af98619355e75d029359cab78b8395c5dd9cca55482f802a60,2026-08-23T15:20:27Z,2026-08-23-3
2026-08-22T11:00,ceebe2216de217795a2445b7e86a784339618f60d6f8f927ff9c5d50f79df479,2026-08-23T15:20:27Z,2026-08-23-3
2026-08-22T11:00,ceeef6e39c41188583061cdadcfff3ff94d0d8b26dc08caee36b411426dcaf0e,2026-08-23T15:20:27Z,2026-08-23-3
2026-08-22T11:00,cf00253e33d984445e36f9f30766bdb4962f804d9895929a2c4f91183c7dfc0f,2026-08-23T15:20:27Z,2026-08-23-3
2026-08-22T11:00,cf1134280999fed071d2255fd06848d293517f01f268babcfb474fe8e3ee6f21,2026-08-23T15:20:27Z,2026-08-23-3
2026-08-22T11:00,cf137419e13d20526b939f378d2bc25ee9a728c9172018fd1e498320739cad0e,2026-08-23T15:20:27Z,2026-08-23-3
2026-08-22T11:00,cf174befd42503e7f6b129611843cc424bc8d2301c256beda2aebd0123110195,2026-08-23T15:20:27Z,2026-08-23-3
2026-08-22T11:00,cf1d75d6c89a176eb6d15671fd54f73c9a1ab3806117a3fd9d6947adc18d47b4,2026-08-23T15:20:27Z,2026-08-23-3
2026-08-22T11:00,cf2775baa62c86c009a8a9f9230a8f216dd3aafa3cc49a23a65c83dab8564a96,2026-08-23T15:20:27Z,2026-08-23-3
2026-08-22T11:00,cf48b2f51dd4dfaf1b4ca50610ada2cc3368f37c3a5c08ad3ee549ca61601f0f,2026-08-23T15:20:27Z,2026-08-23-3
2026-08-22T11:00,cf4ec1d6c75215f16de60a26e64627c0f929e248ef401ff1bb937f1f52f35baf,2026-08-23T15:20:27Z,2026-08-23-3
2026-08-22T11:00,cf6063115492b06551bee87ebb5bf0214ac036aefb802697335ac5eef4811b96,2026-08-23T15:20:27Z,2026-08-23-3
2026-08-22T11:00,cf7e8bb80aecb393732240d9cf6cca2498bb21173b957bcdee7082ead9e20cdf,2026-08-23T15:20:27Z,2026-08-23-3
2026-08-22T11:00,cf7f4b9ebb2544ae4a3f0f79d20fba772da4cadba459afd11f255ac1efb50b1c,2026-08-23T15:20:27Z,2026-08-23-3
2026-08-22T11:00,cf86ade57ae4ee25c65a6eae0790ffa822591c0cc48e7eba6321718164a86625,2026-08-23T15:20:27Z,2026-08-23-3
2026-08-22T11:00,cf8a6801ca5c0d030bb9a91e2676f0ca02c5e566a30b71f68d5471c653092c64,2026-08-23T15:20:27Z,2026-08-23-3
2026-08-22T11:00,cf8e7fdeb0d1988a9ca816f1a550626a38c225defd88c3800de12a5ab82f0c94,2026-08-23T15:20:27Z,2026-08-23-3
2026-08-22T11:00,cfa86efb0630f7c85682e4a929c3bbfeba7e16757343eaa28b8c1fde55311fb5,2026-08-23T15:20:27Z,2026-08-23-3
2026-08-22T11:00,cfab01b0509698760aa6f0e405c0e808536d1c8fb681065801364daed097d564,2026-08-23T15:20:27Z,2026-08-23-3
2026-08-22T11:00,cfb252dd2d56673d673ac4abaf7fed04cbad373a722d9b6e651244c9c76d2c38,2026-08-23T15:20:27Z,2026-08-23-3
2026-08-22T11:00,cfc0caf59afc4c977b68f6810db2fb852e46ebdc1e50b0aa79d28f9f79b59d26,2026-08-23T15:20:27Z,2026-08-23-3
2026-08-22T11:00,cfc16c35b02b5adc685cd714c8600d8cecda6c3c6f62b0bd7192559eb4aca9c5,2026-08-23T15:20:27Z,2026-08-23-3
2026-08-22T11:00,cfd4999dfe5577e7fe004d641a4de0f65bd99e7e2948a8c8994b5f02aeb9fcbc,2026-08-23T15:20:27Z,2026-08-23-3
2026-08-22T11:00,cfe9ec0678105b03073da07e18668352d48d01fd12a29ad5ebb5715757833b03,2026-08-23T15:20:27Z,2026-08-23-3
2026-08-22T11:00,cff2618aab6c3b8482d88996849552f6742ea881a20c242240547946d175aa5e,2026-08-23T15:20:27Z,2026-08-23-3
2026-08-22T11:00,d0314c3490d9d8d0dad07f79730e52c21220b49f3a8442dba212d972de467f2b,2026-08-23T15:20:27Z,2026-08-23-3
2026-08-22T11:00,d036a1cef086b1a2e011d9c05008159bd9a11ae44e68ede8beb8174cfbe0462e,2026-08-23T15:20:27Z,2026-08-23-3
2026-08-22T11:00,d04be0a12bad441b24fb740601135e8d6e9a34504147d8621500a9c290f277f0,2026-08-23T15:20:27Z,2026-08-23-3
2026-08-22T11:00,d04d7101594caea593865afb9aa023ddce25e11aa84adeef17e79ebed85c2bdd,2026-08-23T15:20:27Z,2026-08-23-3
2026-08-22T11:00,d04d95060623617b0012341940da05f19555da1e75f5d2bbf13d0317f19d7144,2026-08-23T15:20:27Z,2026-08-23-3
2026-08-22T11:00,d05ede7656b00ee1050a1ff160734f3712130fe84dd3fbb9fd7bc79f7611c3aa,2026-08-23T15:20:27Z,2026-08-23-3
2026-08-22T11:00,d060d1e10b5ecd65e26e406a446cdf820169d7b908e5533b88d3969c731a8af9,2026-08-23T15:20:27Z,2026-08-23-3
2026-08-22T11:00,d06a56c043558688b839d8ff80d55131a609549737323ea65c02005c145c30db,2026-08-23T15:20:27Z,2026-08-23-3
2026-08-22T11:00,d08427660e4a1bdea44850600910cca0c98016b4e7b590287f6d9af7332eab1d,2026-08-23T15:20:27Z,2026-08-23-3
2026-08-22T11:00,d087b926e7ce47446073724d3cf374f14938a1b5afab71d8fbce046f86090a62,2026-08-23T15:20:27Z,2026-08-23-3
2026-08-22T11:00,d0989be469e53a858b1f65ce081ef778e2a281d38787041e602ec8423af19aa7,2026-08-23T15:20:27Z,2026-08-23-3
2026-08-22T11:00,d09cbe9b751d8f80560219ff8a57544bcce2483f320ec1d45500ad45c24354c2,2026-08-23T15:20:27Z,2026-08-23-3
2026-08-22T11:00,d0a412db452ee32ff11cfeb0bd8c6ee95aa856e655fd46cbb3600340ec21560c,2026-08-23T15:20:27Z,2026-08-23-3
2026-08-22T11:00,d0c33c028ee99d7ec673a22dadb9c7e08ba101e2caf891fe487eb1ca65d73f6d,2026-08-23T15:20:27Z,2026-08-23-3
2026-08-22T11:00,d0ce8f269bfecebfea5fffc2f581f5d2409697ed08508901739457c8494f79fa,2026-08-23T15:20:27Z,2026-08-23-3
2026-08-22T11:00,d0e249a4d21b8ad707a053c535c86ab8b782300d41e4e40d095c44b694039d20,2026-08-23T15:20:27Z,2026-08-23-3
2026-08-22T11:00,d0e669004c4ccfaa9b2ff5a8a12058309885ed5c6d3eafba203ef7d13eecdca5,2026-08-23T15:20:27Z,2026-08-23-3
2026-08-22T11:00,d0e8f9d472cf6180d39f8bff5a594b7b6d84c3ed31f52d8949384610340b016e,2026-08-23T15:20:27Z,2026-08-23-3
2026-08-22T11:00,d105e57749f2141118f7b92f8f83b25ec4e1e28ee4a36f5fc8ab11999b25cd00,2026-08-23T15:20:27Z,2026-08-23-3
2026-08-22T11:00,d113f01c8d5392474f38a65d2cc9e6c89a77b5256d66919b124868543fbf874f,2026-08-23T15:20:27Z,2026-08-23-3
2026-08-22T11:00,d12110ddc7903ee599385aabe1aa528c43491cd866fa695632ffeddfe9c7ef27,2026-08-23T15:20:27Z,2026-08-23-3
2026-08-22T11:00,d12899870b4cc2cc48713e77ae2e643d58600911c31a48f8b211649c6aaa775a,2026-08-23T15:20:27Z,2026-08-23-3
2026-08-22T11:00,d1359f03b307a430891acdf3ea6a5ae90fa16f685e3936ce625a863840bb909f,2026-08-23T15:20:27Z,2026-08-23-3
2026-08-22T11:00,d1406200c99ecf17fe68dd40204d21a5fe35b2a91b49fff125cf2d05f3d24ed0,2026-08-23T15:20:27Z,2026-08-23-3
2026-08-22T11:00,d14bcf9659099c3289e440f67dff62cbec584bbc2b31621b793ef089dd2a80f2,2026-08-23T15:20:27Z,2026-08-23-3
2026-08-22T11:00,d160e336a7b7984aacd03c1c537fce197c29c423e1c7ad4b2ff4d3fead727c92,2026-08-23T15:20:27Z,2026-08-23-3
2026-08-22T11:00,d163670fb22ce1f94653406e43ad887053f19768cbe4125f107489940766c357,2026-08-23T15:20:27Z,2026-08-23-3
2026-08-22T11:00,d1732a8e102da14ccab23ce9cdd719195df77cc041d641bf867480ccc3aec3e1,2026-08-23T15:20:27Z,2026-08-23-3
2026-08-22T11:00,d17dad54e7c78f8c04f72ba53b7303302e579e42c07c9c2aacc89e82ee37f0cb,2026-08-23T15:20:27Z,2026-08-23-3
2026-08-22T11:00,d18510ccd3cfe92e4a67485d16a01b117fc0e7fccd5bde4a6275f24200ee2981,2026-08-23T15:20:27Z,2026-08-23-3
2026-08-22T11:00,d18e690d4cd63750be267205e11e783cf86029b2d8d4752023142de0b0da1f5c,2026-08-23T15:20:27Z,2026-08-23-3
2026-08-22T11:00,d1937720d23b7c0042d4fd911b4e13527f43ea6a8242367935de4ef68ea5ba3e,2026-08-23T15:20:27Z,2026-08-23-3
2026-08-22T11:00,d1bf5402d34d8f3bf413f4c2f0d9260f2407d17e828fae45e8d9d0652eedc641,2026-08-23T15:20:27Z,2026-08-23-3
2026-08-22T11:00,d1cce0c842f1239919b65ce8fc3c8663a4e2736668f6b0b8219888a9ecf79e69,2026-08-23T15:20:27Z,2026-08-23-3
2026-08-22T11:00,d1d47a1e966e917d607dee5aa3984ff6c42661fb0e067e66d6e6ed905ceb48ec,2026-08-23T15:20:27Z,2026-08-23-3
2026-08-22T11:00,d1fd9349454fb4c0e577a52e2b5c9fe2b2e97967f8d044387f0be58feef15f7e,2026-08-23T15:20:27Z,2026-08-23-3
2026-08-22T11:00,d21ef1c18b39475b4bd74b128b8e2dd45ed94f02ba23e78e8319cd4215d35dc2,2026-08-23T15:20:27Z,2026-08-23-3
2026-08-22T11:00,d22e17d75c93dbce8c5bfa4a7f5a4f6d98a60670fb821d5b0c2e5e3cb43dfb5b,2026-08-23T15:20:27Z,2026-08-23-3
2026-08-22T11:00,d2344521bed7b31a83c8a752e21cf1b1afd571a9dc7988de5ba4f17c735b52df,2026-08-23T15:20:27Z,2026-08-23-3
2026-08-22T11:00,d234a41ad5803eb0bead70f2ac37eebeee3e267880a5758fd470db49bc3d1ab9,2026-08-23T15:20:27Z,2026-08-23-3
2026-08-22T11:00,d236a99aed4a53c91344d106afbb638f5ef4db4e387d2cd30b01263d9dd5b579,2026-08-23T15:20:27Z,2026-08-23-3
2026-08-22T11:00,d24a3875304105ac0a34adf2051ac0affe48b2882b53ad46d47bf2386116d220,2026-08-23T15:20:27Z,2026-08-23-3
2026-08-22T11:00,d24b3b069d9cb5586fba4cdd12920776f8eea79506dcaf0c69e5d79bddce477c,2026-08-23T15:20:27Z,2026-08-23-3
2026-08-22T11:00,d24eb70691369472d1df016d81e9bc7a23e3ddc779f7f4de7f949f63020777c6,2026-08-23T15:20:27Z,2026-08-23-3
2026-08-22T11:00,d259454a610711d7f53c071209d41347edf96f20b880546867dc7adc20ac2e6b,2026-08-23T15:20:27Z,2026-08-23-3
2026-08-22T11:00,d25eb07d6142c7bcc58c487b998a485ec7a0a0d973279818e6518ff257033161,2026-08-23T15:20:27Z,2026-08-23-3
2026-08-22T11:00,d25f631b0b723e876d88ddead30b4bf78626e45efbb4a30ae2cc017297980fa9,2026-08-23T15:20:27Z,2026-08-23-3
2026-08-22T11:00,d26aa06db2a4b5e702ddb3194157edd5c0f452a68e8decc42d77e913a794115d,2026-08-23T15:20:27Z,2026-08-23-3
2026-08-22T11:00,d271b4912508a1f4644567d16f4fc2ac217e165d7b3ec09d2a4fd6e2f1a20a0f,2026-08-23T15:20:27Z,2026-08-23-3
2026-08-22T11:00,d28cc4d9cade005b27d6364c251f1b6e20c3f1ef5aa4c5fc7d535bc32834afce,2026-08-23T15:20:27Z,2026-08-23-3
2026-08-22T11:00,d29abc978193c22d57b6bc89d0645fee8328444745390de6eac54c21d8fcaa4d,2026-08-23T15:20:27Z,2026-08-23-3
2026-08-22T11:00,d2a0da8324dcb2e58fb86a8268b6bc402416b6737dfe54ee74712cfb3fe2a1ba,2026-08-23T15:20:27Z,2026-08-23-3
2026-08-22T11:00,d2a689f5a249254524b939ace53667a43d89c92211e44c651222a91091c479ba,2026-08-23T15:20:27Z,2026-08-23-3
2026-08-22T11:00,d2ad3503318b1e361179b49422e867b984d6bea2e60f0917857694a8f67f83b2,2026-08-23T15:20:27Z,2026-08-23-3
2026-08-22T11:00,d2b3b8dbbc2472c0156ee886d06d42c8afecd63acd25ff020db721796b8b3c5f,2026-08-23T15:20:27Z,2026-08-23-3
2026-08-22T11:00,d2b47e5ca2b10e4d38ddb26f782d9fb30163ac0b076dcf56cbcff33b5e4a5298,2026-08-23T15:20:27Z,2026-08-23-3
2026-08-22T11:00,d2cd2b5be0bea7d279769ef9b6941bf12a591bf9c1a5742e355a17b62a19fb48,2026-08-23T15:20:27Z,2026-08-23-3
2026-08-22T11:00,d2ce5060ac405097473d019a7a80cf14948616674df6cbf6ba49190be5f53c2f,2026-08-23T15:20:27Z,2026-08-23-3
2026-08-22T11:00,d2d580101b220d0785df1fcb87d9a6533fd5e537e934a59f49d6b7b8157ea5d7,2026-08-23T15:20:27Z,2026-08-23-3
2026-08-22T11:00,d2d5b1d381a08b66800c66c5ae81e10cc21cef69806df71c824f1522c6ed26b7,2026-08-23T15:20:27Z,2026-08-23-3
2026-08-22T11:00,d2d8c35db232460b7df0ed520a61d381d5cb9edf205b6b660a4c9a1c0358c9a3,2026-08-23T15:20:27Z,2026-08-23-3
2026-08-22T11:00,d2dedd45374d6042b8e7f393b1883d53817f8e467c752d4c0bbfdf7113995dfa,2026-08-23T15:20:27Z,2026-08-23-3
2026-08-22T11:00,d2e74551b99024647ade11c975537a0aa60c43322cdfa0b3b15ff56d84a593f2,2026-08-23T15:20:27Z,2026-08-23-3
2026-08-22T11:00,d2f0d476ca944a36a4fbebc340a125bdc464e7b8c760741f94280156e30127d9,2026-08-23T15:20:27Z,2026-08-23-3
2026-08-22T11:00,d30457f571ff8505e920914468ad3a77a89738f3abea8a37f9abdb0f00ea031a,2026-08-23T15:20:27Z,2026-08-23-3
2026-08-22T11:00,d31776b2cb66f5053836a731cc0dcf47902ccc205b4f4ca211aef7aa4d085395,2026-08-23T15:20:27Z,2026-08-23-3
2026-08-22T11:00,d32c0bf04e2be3095c4643d40ed55b0940f3fccabc840095d15b52755c8a75f7,2026-08-23T15:20:27Z,2026-08-23-3
2026-08-22T11:00,d346a1aa6260ba52fc026ebc23de86190096ee49a779d33e25ed2275f1b4cbf5,2026-08-23T15:20:27Z,2026-08-23-3
2026-08-22T11:00,d35ef5aecb6e7f2c899a4b1eaaba5b1b72bea39a58d82c58ce3daa53746cd377,2026-08-23T15:20:27Z,2026-08-23-3
2026-08-22T11:00,d385c9eee6daddf42dcaff32e8b8993a49240227c995483be1d09c233c2ea2c0,2026-08-23T15:20:27Z,2026-08-23-3
2026-08-22T11:00,d38f7a49e86de9da6ce8539def0da546f8bd3f4e9f0c14b17d2f3cbfb7801776,2026-08-23T15:20:27Z,2026-08-23-3
2026-08-22T11:00,d3998f12807a69ab89c66da663902e9d74ec834b3be3ee65c3ba4f6d0a70430c,2026-08-23T15:20:27Z,2026-08-23-3
2026-08-22T11:00,d3a11728c9fc2e8222ccb49f6989bef06ff5dd77eabe53cf476e939b004f40a8,2026-08-23T15:20:27Z,2026-08-23-3
2026-08-22T11:00,d3c963a244fe4e866d020ed5546a1ffc42f20c552d6972b755cd6ea63c08a318,2026-08-23T15:20:27Z,2026-08-23-3
2026-08-22T11:00,d3cbea351a466319618c3bb84439a6bfdd56bb99a18d314850d73025eddb99e3,2026-08-23T15:20:27Z,2026-08-23-3
2026-08-22T11:00,d3d0f91725e77d6083cf9bb135bc6769bef1b23494538b50ff66e586d2a9a45c,2026-08-23T15:20:27Z,2026-08-23-3
2026-08-22T11:00,d3d2801a7631f3f76b6b961339b55ca518b49c089d9f1c23b95ea638969d194b,2026-08-23T15:20:27Z,2026-08-23-3
2026-08-22T11:00,d3df9f405a52849ae228febcedc4dee8026e6beb4ff0fc63cff6201f635cae6e,2026-08-23T15:20:27Z,2026-08-23-3
2026-08-22T11:00,d4023986595cf4834229d1b78257d742b52d67e2319f491f2c79a1762bdbed70,2026-08-23T15:20:27Z,2026-08-23-3
2026-08-22T11:00,d40f25ceda5aeff01bd3c3ba00257dcb782c0281db84a20e6b309789857fff6f,2026-08-23T15:20:27Z,2026-08-23-3
2026-08-22T11:00,d42de9a3542a2e1551540b2e74838c319be950544ccd44dc01d435bcd7a3a674,2026-08-23T15:20:27Z,2026-08-23-3
2026-08-22T11:00,d438c7efa83ab595b4fab793d0f668b628d35a4bbcd3385133dddbc72803d9b9,2026-08-23T15:20:27Z,2026-08-23-3
2026-08-22T11:00,d4475cf0b4756bf85b872ed8223e4fb49d0e51a758e1017ef592cc5f48167d63,2026-08-23T15:20:27Z,2026-08-23-3
2026-08-22T11:00,d449f28d8d23d11d72eefdea26029632b179a961ebb629c6e2923c864579e20e,2026-08-23T15:20:27Z,2026-08-23-3
2026-08-22T11:00,d44cb644a690e9261b629efb2192f3a5310d4ef1750ed1f8570d256668f2987d,2026-08-23T15:20:27Z,2026-08-23-3
2026-08-22T11:00,d44d261bc2960f3ba1f49f7ef49f17e9d4cb02f1c9845a45381756578fd3ab7c,2026-08-23T15:20:27Z,2026-08-23-3
2026-08-22T11:00,d45f024e8e69bdba6870612a613df3f5bc3b8d688a40d6b18ef2e80c87c1c5ac,2026-08-23T15:20:27Z,2026-08-23-3
2026-08-22T11:00,d469b3da0ae18fadcbdb71349131855fb5e607b0f9f3ebf0537335749a307f99,2026-08-23T15:20:27Z,2026-08-23-3
2026-08-22T11:00,d46ff01d5c8d30a8b59a41447b944c625cc9011bbdcdbf6979e90473fa046fae,2026-08-23T15:20:27Z,2026-08-23-3
2026-08-22T11:00,d47075c8df33f8064b0d5ed7f98077dfd54c5529300e3091d8f37fd7a590337f,2026-08-23T15:20:27Z,2026-08-23-3
2026-08-22T11:00,d47bf2b3aab10956a51461bb318b2f1a7b2bf17e8d8173d6011bc9b5ebfcd91e,2026-08-23T15:20:27Z,2026-08-23-3
2026-08-22T11:00,d47c02f7d08f8d6519addb9564412862e787f99e9472805b36614716474f122f,2026-08-23T15:20:27Z,2026-08-23-3
2026-08-22T11:00,d47d280df668b3080beecc8de3a3a9e5a508871245bb296e5e7e7f11009045b7,2026-08-23T15:20:27Z,2026-08-23-3
2026-08-22T11:00,d47fffe1fb51fed8b890fa4dc9f4e184a6717df5da9fbe5d2a47a0a49001819d,2026-08-23T15:20:27Z,2026-08-23-3
2026-08-22T11:00,d48634556cd5a8787d84e8763612ca5ed97b84a9bb54d4d26b280c15739d2d44,2026-08-23T15:20:27Z,2026-08-23-3
2026-08-22T11:00,d486d3e70c98f6661dbc9dc7cb6ce0b147155645a7158c79f59b479dd6bd525a,2026-08-23T15:20:27Z,2026-08-23-3
2026-08-22T11:00,d48cfbb512fa20a744c090b1449d5b5f0cdee613721bb8f4274a1ddbfc402953,2026-08-23T15:20:27Z,2026-08-23-3
2026-08-22T11:00,d4a7093edf024970ab0e8e333b5904ab31b77761c854debb49279586b0ede544,2026-08-23T15:20:27Z,2026-08-23-3
2026-08-22T11:00,d4b915a03626f9f004dc328bc9a23a60829636f7c20fbd11dff06b77cf83fa86,2026-08-23T15:20:27Z,2026-08-23-3
2026-08-22T11:00,d4e22a961978fee081f93c811320e5c13366685a1a3d74abaac2c10019f2299d,2026-08-23T15:20:27Z,2026-08-23-3
2026-08-22T11:00,d4f70f41b2c2d93f7508fdc9f954f7f312a2c59d889c3792138db850202dee0e,2026-08-23T15:20:27Z,2026-08-23-3
2026-08-22T11:00,d500c862f5cf46881ddbba546dad5a7c17cfffa2c73115873213668f3f6ea934,2026-08-23T15:20:27Z,2026-08-23-3
2026-08-22T11:00,d505c1fa06f78e8b2754bf687e26fd94efe91b974df15b123e793f7fe8d88905,2026-08-23T15:20:27Z,2026-08-23-3
2026-08-22T11:00,d50a6a2ac9e45c7c39e2c54b7d54e48af3f12c55b9ec13ce2a725c65f54943ee,2026-08-23T15:20:27Z,2026-08-23-3
2026-08-22T11:00,d51b215b937f2477d82ec8135d5071985c566627fcc99f3f78af23b60b5712c0,2026-08-23T15:20:27Z,2026-08-23-3
2026-08-22T11:00,d529e1c10cd8a3851f4e2e3dec5b9dc0398f81801f43fec7ea9c804608928501,2026-08-23T15:20:27Z,2026-08-23-3
2026-08-22T11:00,d53fd5217ef963b3ae4063e35838ded423c697cd1c011c4dcbddd481573a0dbb,2026-08-23T15:20:27Z,2026-08-23-3
2026-08-22T11:00,d541cc6bc6655da4398e2b7a1b28c4fbac9175d40a5536f62bd55c1d09cff772,2026-08-23T15:20:27Z,2026-08-23-3
2026-08-22T11:00,d5485cb5f9cb87301261cef4f33305d1035cc772bf56cf81088a983974261ef6,2026-08-23T15:20:27Z,2026-08-23-3
2026-08-22T11:00,d5551bf6dc9c8495223d1128208aa4e96c88bf849437b12cb48e009d64141bed,2026-08-23T15:20:27Z,2026-08-23-3
2026-08-22T11:00,d5554d60fbc45966a669069a494f24f5f7288335a3156ea054bd881c2d3dd3d3,2026-08-23T15:20:27Z,2026-08-23-3
2026-08-22T11:00,d5658a08f60ed66c3e666f20e2b582dc7390e4d87ff17961697270c7f22d15bf,2026-08-23T15:20:27Z,2026-08-23-3
2026-08-22T11:00,d56ac300fb09f6b04fc98e58d1a5ff51a08347c664092e8edb8b441d48ea0ba7,2026-08-23T15:20:27Z,2026-08-23-3
2026-08-22T11:00,d56ace988ec4655cef540679427ce1a6458b8356a4120d7f8091593df4990db8,2026-08-23T15:20:27Z,2026-08-23-3
2026-08-22T11:00,d56c2ccb123d4ca14954e54a4973a3fecc9cf896012f0a7421f4d88ddef5a4f9,2026-08-23T15:20:27Z,2026-08-23-3
2026-08-22T11:00,d58703e87ddb8978e609cc16655c648f292a9dba6fa0a6cf08c75bf9b739b2c3,2026-08-23T15:20:27Z,2026-08-23-3
2026-08-22T11:00,d58daa6d846a2b00998ffb43a437c3187b57d069f9f65f49360701dd1fb27093,2026-08-23T15:20:27Z,2026-08-23-3
2026-08-22T11:00,d5a3cdd5692bccd2272424874b83a93fbcfba532bea7297d03edba411528e2db,2026-08-23T15:20:27Z,2026-08-23-3
2026-08-22T11:00,d5a800ae35f3658234bbded95d2d614b78b2e328e996a2ef81c6e27bc073a93f,2026-08-23T15:20:27Z,2026-08-23-3
2026-08-22T11:00,d5d36adbb328c2b5491851e34d34b6f8f022312d6e3e5b169f6f7bb4812c7707,2026-08-23T15:20:27Z,2026-08-23-3
2026-08-22T11:00,d5fc29fe45fccc96c9e93e6408f0eb6ce550cd6608884dfe30854959dc000897,2026-08-23T15:20:27Z,2026-08-23-3
2026-08-22T11:00,d60512ffe5789c3538227705d5671d2964a39c7a79557ed4a0f5d264df78cf34,2026-08-23T15:20:27Z,2026-08-23-3
2026-08-22T11:00,d617d995952494531df6d06765368d10812acbd068fee44480a1429a1a462997,2026-08-23T15:20:27Z,2026-08-23-3
2026-08-22T11:00,d61fc285c7155696bea4916c9ad0dff33a4ac03c16c7a2f5c13a5ce4c7540c95,2026-08-23T15:20:27Z,2026-08-23-3
2026-08-22T11:00,d623f8288375c14e4def27bd3504f9b7ebd127c759452c7cb0a1960fbe7644cd,2026-08-23T15:20:27Z,2026-08-23-3
2026-08-22T11:00,d6247537a1d4d30bee3fd2eb4270ed4b78171f639ddcce415b775d47e5f9da94,2026-08-23T15:20:27Z,2026-08-23-3
2026-08-22T11:00,d6370cc8121857d3e36e27e738b7eee32e1cebeae24c9795bce825a2fc943a4f,2026-08-23T15:20:27Z,2026-08-23-3
2026-08-22T11:00,d63866e4506b41f8fd707c9ddffb4a3e53d7f1983072e9e5c8dca7aaca9051df,2026-08-23T15:20:27Z,2026-08-23-3
2026-08-22T11:00,d63bbc85e4088b3662c44f5f2e042e069c6bcca722a68c857e838d64c97ab2a4,2026-08-23T15:20:27Z,2026-08-23-3
2026-08-22T11:00,d640cf23e93f493d857bc7fc529bc1e5f14499ecd0ea7d8e850a934334625aa8,2026-08-23T15:20:27Z,2026-08-23-3
2026-08-22T11:00,d64be663392a74882ee24b9aeebd71dd4193d97059594c2428f45d83badeb901,2026-08-23T15:20:27Z,2026-08-23-3
2026-08-22T11:00,d64feefe8a7e0a05d8c73fba654e15b0f578e04b41729b392314d7b85cded464,2026-08-23T15:20:27Z,2026-08-23-3
2026-08-22T11:00,d65328571ea16523802053706572b1159d3edc791e75d378b69a5ad46d795633,2026-08-23T15:20:27Z,2026-08-23-3
2026-08-22T11:00,d65a6279c0ebe7f2e73fc7df2d213d2c1a78c7b7d6b04b35b6852b97cf76ed45,2026-08-23T15:20:27Z,2026-08-23-3
2026-08-22T11:00,d65f4bf7e18ab694b3e91053026f4c079bcaea3e154442fafe358d7994acc620,2026-08-23T15:20:27Z,2026-08-23-3
2026-08-22T11:00,d668ed12a15b45af53adc0571f926db6fa77c1fa867a379285c7482262a521af,2026-08-23T15:20:27Z,2026-08-23-3
2026-08-22T11:00,d6918e64c48763a9476cca0debf9b92d4f4e189f0548fcc61c1282e79d1508fe,2026-08-23T15:20:27Z,2026-08-23-3
2026-08-22T11:00,d69d98e58a53054e1467e81fab393f79a5239ed6ad3c62243ce6774ea367dbff,2026-08-23T15:20:27Z,2026-08-23-3
2026-08-22T11:00,d6d5719cf885fb56dc2a353090c0021188b8dbdd057fec4e8d6e958079377bf8,2026-08-23T15:20:27Z,2026-08-23-3
2026-08-22T11:00,d6fbd8d106665e8d3f0508438f9edbd0138196a728c506a3dfa671bfb252d27c,2026-08-23T15:20:27Z,2026-08-23-3
2026-08-22T11:00,d70c0e9f625e86b6acffa0e3723d83147bbd18af7ed0c4e34bda64141a72b8e3,2026-08-23T15:20:27Z,2026-08-23-3
2026-08-22T11:00,d711a05aeba3e46274c88a82cb7658f2d17f0fd167ecc37f9f11dd0b0ff83cba,2026-08-23T15:20:27Z,2026-08-23-3
2026-08-22T11:00,d717d65360a21510d6fdaf827410184469ac04fc993c5ba72f6f2a8ee728bd09,2026-08-23T15:20:27Z,2026-08-23-3
2026-08-22T11:00,d71a873ad3197c8065fa5c2ac02eb7ffce0d3557bd631ad2e045f3fcfe12157c,2026-08-23T15:20:27Z,2026-08-23-3
2026-08-22T11:00,d71b0f1f5d929989dd3fc676cd278c6f0896f1b8dd20b44d6a139deb646a04d6,2026-08-23T15:20:27Z,2026-08-23-3
2026-08-22T11:00,d7251d4d2bbc93135aea959f4c38eadc09bf44a980a7495c55a1c31841306f66,2026-08-23T15:20:27Z,2026-08-23-3
2026-08-22T11:00,d730085c407f539408ebe83c6dbd080c4779f78acbd0199a569761afa085598b,2026-08-23T15:20:27Z,2026-08-23-3
2026-08-22T11:00,d74139d35a2b00f2b15a321d514758b888e8a05a796d07043d9fb105f416628a,2026-08-23T15:20:27Z,2026-08-23-3
2026-08-22T11:00,d747df94d124003bcfee50ff0f07f63ef84c3ca6fc0604d24a60f954119f426a,2026-08-23T15:20:27Z,2026-08-23-3
2026-08-22T11:00,d748d8527c8265c6ca962c4c18d4417283d8e212f69835774b571d5ca23498f1,2026-08-23T15:20:27Z,2026-08-23-3
2026-08-22T11:00,d75d7d2ee74818d4f55705e575e64e1b77fcc54e45f438e9a480dc7577c40a88,2026-08-23T15:20:27Z,2026-08-23-3
2026-08-22T11:00,d7620514f9c64624439ed8d41dbe04b265a1f16b1b30dbccde7d7c51da61ac60,2026-08-23T15:20:27Z,2026-08-23-3
2026-08-22T11:00,d77d640f0eff51bb30e56bab6c81b86431f74512eeb312c00e3b5a0068ed7756,2026-08-23T15:20:27Z,2026-08-23-3
2026-08-22T11:00,d787264e2026e44b0c06ac555f6fdc047c839f21c0d92770bcf17bc9849f8031,2026-08-23T15:20:27Z,2026-08-23-3
2026-08-22T11:00,d78a27ea5811605b88b55cb9007278a0a602257d2112f66211d18a936d42f78a,2026-08-23T15:20:27Z,2026-08-23-3
2026-08-22T11:00,d78bc54ba06226e18cc750ba1ada60d1c9da10c94e29d05c6bb80aab2c3da81a,2026-08-23T15:20:27Z,2026-08-23-3
2026-08-22T11:00,d794f654b367153d1629be0a9d6453b7e971ac8bb2e43ad6a6268dba769f6ce5,2026-08-23T15:20:27Z,2026-08-23-3
2026-08-22T11:00,d7a077a72ada1585f4b3925ecf53bcb11cc40aa6322f8daef332481b3d783287,2026-08-23T15:20:27Z,2026-08-23-3
2026-08-22T11:00,d7a18aa3725e46159e124a7287ccfc7b7ac67779bca6c9b8ccb47464867488a2,2026-08-23T15:20:27Z,2026-08-23-3
2026-08-22T11:00,d7c092799c07c04c9c7a51e895c73e3a0fa20ba3eabe51647c0b5e1ec793aeec,2026-08-23T15:20:27Z,2026-08-23-3
2026-08-22T11:00,d7cbf493b256ba60d45587cd55c537d93b115c0b1d4c700f9c100c4ab4a3ab5a,2026-08-23T15:20:27Z,2026-08-23-3
2026-08-22T11:00,d7d9a52ad3184ce808c1db32ab7fc8239383ce5367a9a4a4ff9f452b9dbb1288,2026-08-23T15:20:27Z,2026-08-23-3
2026-08-22T11:00,d7da02f97dcb5477e4ab4cfa0f7f08f87ab1f75a9bb2315003ad0ab4ff462114,2026-08-23T15:20:27Z,2026-08-23-3
2026-08-22T11:00,d7ddbc6b474cad2cd36b99ef0aafc08aeadc7cbcadcba5b49f3a12b8f359b810,2026-08-23T15:20:27Z,2026-08-23-3
2026-08-22T11:00,d7f602cae828f90de21de40d6cabb6809c6ceeca8c005477d40660a14ecb4a0f,2026-08-23T15:20:27Z,2026-08-23-3
2026-08-22T11:00,d80570efcc7538e225a4aa0bc83e17bb0cf341c625383281f813b676849308af,2026-08-23T15:20:27Z,2026-08-23-3
2026-08-22T11:00,d826cd1c998ffe9f7a1f28c35243a820ba90fe6fe4977e0ea9104e8d20ee7b4b,2026-08-23T15:20:27Z,2026-08-23-3
2026-08-22T11:00,d82bfc8fbf3b10a12df7293ed527af6259ca3d50e60d45be71d2c1f92c3d11cc,2026-08-23T15:20:27Z,2026-08-23-3
2026-08-22T11:00,d8469954f35d38c13fb9263f0167dab17a1f6d95b4c7a80fb151911278d17169,2026-08-23T15:20:27Z,2026-08-23-3
2026-08-22T11:00,d8531b3bebbaf6641750e3efb410170dc9d4eacb196bd3e1d8ae895c0bc27335,2026-08-23T15:20:27Z,2026-08-23-3
2026-08-22T11:00,d85b9a473361ac528a09c6b41da72c698722c814cd1c4164f1f3d4d50a1f4b9b,2026-08-23T15:20:27Z,2026-08-23-3
2026-08-22T11:00,d86417981436f30d6cf907dac6e5390e2eacb7b432a0d6eb30723523f82f2616,2026-08-23T15:20:27Z,2026-08-23-3
2026-08-22T11:00,d8758cbe0522f5dbc17dc9c4379b160f932ecd2c2850a7ff0771cfcbdee507a0,2026-08-23T15:20:27Z,2026-08-23-3
2026-08-22T11:00,d89d35595ed04fac9dcf073770634f2de236504eaf89af03e277402573b8eccc,2026-08-23T15:20:27Z,2026-08-23-3
2026-08-22T11:00,d89ec8aceeb9c48563db331c7840a6aa31502f6a8fece637e27d4c2dd542d0b4,2026-08-23T15:20:27Z,2026-08-23-3
2026-08-22T11:00,d8a85afa9f84a9249d501c018b00ab1a98b32936191d4de23e6a860c55fac3cf,2026-08-23T15:20:27Z,2026-08-23-3
2026-08-22T11:00,d8aa77845c85c3833c8ecbe2a8ac04c559a41a369804e7b5b264d3cd952c12a4,2026-08-23T15:20:27Z,2026-08-23-3
2026-08-22T11:00,d8aa826fc365922220508abfdd3927e700e6fbd54774d813da5ea7d635ce907a,2026-08-23T15:20:27Z,2026-08-23-3
2026-08-22T11:00,d8c52d9b1d03141e51f5a140f00119250555199e3253c0fe942b8f6874c87750,2026-08-23T15:20:27Z,2026-08-23-3
2026-08-22T11:00,d8c9d66e1cf17040b64bc4f8419fe58a91158e7239c170368d1768733e234502,2026-08-23T15:20:27Z,2026-08-23-3
2026-08-22T11:00,d8d36e62a252465ebb725d1691019add120ad0a4587101f4908fdc6517f1da9e,2026-08-23T15:20:27Z,2026-08-23-3
2026-08-22T11:00,d8d8897b507d89ed0c22a50e0489d0309d5c9b9b877a96af09d289df69d4c082,2026-08-23T15:20:27Z,2026-08-23-3
2026-08-22T11:00,d8f42e21cc4f5c7fcb5b7cbfc8f50c4c5724860516449a041b18b091442ff7c0,2026-08-23T15:20:27Z,2026-08-23-3
2026-08-22T11:00,d8f64dc4341a7c3b2c54bd398b30caca0844cd8277c2e8a8530fab3bc49a5447,2026-08-23T15:20:27Z,2026-08-23-3
2026-08-22T11:00,d8f88dbc64ffd6d0272ea63327c533c2fb6b7a8b5ab9d9c360b4d57b661a0c5a,2026-08-23T15:20:27Z,2026-08-23-3
2026-08-22T11:00,d8ffb0ad8398aba4934b2b8a8f2a8045b1e6190d9a8c7f3a3cdb17c992ac56bf,2026-08-23T15:20:27Z,2026-08-23-3
2026-08-22T11:00,d9057a0acae81f33a57280113c2093f7a9b2593b39e06639789ffe87d3a90e1f,2026-08-23T15:20:27Z,2026-08-23-3
2026-08-22T11:00,d907cb547f5056b518d7c064b574ecd08d92199d2c4be17cc71f6f02e0f485f9,2026-08-23T15:20:27Z,2026-08-23-3
2026-08-22T11:00,d90a5ba7b88994636a7806fca6a30fcf1937a05ffcd4c41facaa1e20c38a238c,2026-08-23T15:20:27Z,2026-08-23-3
2026-08-22T11:00,d92248eb6ca34c8daf340eaa0a1f1b1f1b0adf30dd03e105e83ed03592471d5a,2026-08-23T15:20:27Z,2026-08-23-3
2026-08-22T11:00,d925d8c91f460a44f07089c2f27b36a626fbcac0f80dde4b561ae3114c0febb2,2026-08-23T15:20:27Z,2026-08-23-3
2026-08-22T11:00,d92aaaffc31a440286a5cf06f7da9b65ece5045e20f8b9337a0649f71ad8d6ca,2026-08-23T15:20:27Z,2026-08-23-3
2026-08-22T11:00,d951a7eafe1ee1661e3a6be25f28e17aa59a17caa2be6c6d620bc81ad94c2544,2026-08-23T15:20:27Z,2026-08-23-3
2026-08-22T11:00,d9524ab76177d5beaf9939ac752ba4ff34bad2c29295f021a9af357762a73ae0,2026-08-23T15:20:27Z,2026-08-23-3
2026-08-22T11:00,d95dbbd750da12f534ad02df07aaa92c15c5fb542fb0b3c8462b212aa155e585,2026-08-23T15:20:27Z,2026-08-23-3
2026-08-22T11:00,d95ec5323fbe2063c7b696f432073733ac2a8157cc54f6a6b49247681a10583f,2026-08-23T15:20:27Z,2026-08-23-3
2026-08-22T11:00,d96022fe21d47f950a588e7cc80af0cfd2060742b00c4a7d8551c176d81d1566,2026-08-23T15:20:27Z,2026-08-23-3
2026-08-22T11:00,d9603f28b559ea0eb0dcfc2d996c98e461dae10d8b8768ff86c59007826a3179,2026-08-23T15:20:27Z,2026-08-23-3
2026-08-22T11:00,d97821963ad07f686b5c53779ba048cc9e4a85a531e6ce726c4b242c9daabc03,2026-08-23T15:20:27Z,2026-08-23-3
2026-08-22T11:00,d97b2f7369642611b2c7b6e1eb2bcb037b58f1a002e40fb7fd62fc6258d7a268,2026-08-23T15:20:27Z,2026-08-23-3
2026-08-22T11:00,d99f12610870f0e744afb544a86d156ff24cc180fb6998f8810b9f63a96e343d,2026-08-23T15:20:27Z,2026-08-23-3
2026-08-22T11:00,d9a5dabd128446629be8d3316afdca8fa37ad0fac07be1c5422290e706080111,2026-08-23T15:20:27Z,2026-08-23-3
2026-08-22T11:00,d9a9bef1e21e477980b1290b02943e55dea5a7b78d5b0d04f1fb3b8f94a88afe,2026-08-23T15:20:27Z,2026-08-23-3
2026-08-22T11:00,d9b4fca315d8d07c830cff95a6748bd01648b3a17ee5714750dad55176f63394,2026-08-23T15:20:27Z,2026-08-23-3
2026-08-22T11:00,d9c4d8cf6b0d0d2382d87c5973d10931d8ca1fc5ab5e898b4279a4aa0c39febe,2026-08-23T15:20:27Z,2026-08-23-3
2026-08-22T11:00,d9c71b7017d0c6ae4aa732166814340df774707caa17571fb112146201c77000,2026-08-23T15:20:27Z,2026-08-23-3
2026-08-22T11:00,d9c74141ed0dcf5d5fbe835de2ff3f4590e24c2bdd5f9289d00eae696ba91547,2026-08-23T15:20:27Z,2026-08-23-3
2026-08-22T11:00,d9cc941530d8d81f573e8cfb2255da34dd198d0e4f91d3b4e94a06976fed2165,2026-08-23T15:20:27Z,2026-08-23-3
2026-08-22T11:00,d9d18db7ab4008303c84b82dcfa78399c9a4a41730e1cd4b139c018f239e1423,2026-08-23T15:20:27Z,2026-08-23-3
2026-08-22T11:00,d9dffeb84f87f327803cb4a8501f5be909dcd55483a1798acfa483d6a16aeb71,2026-08-23T15:20:27Z,2026-08-23-3
2026-08-22T11:00,d9e202f2f6e98cb09b1578239a5de56a7a811898203ff8e02f288a8f3fa46651,2026-08-23T15:20:27Z,2026-08-23-3
2026-08-22T11:00,d9f58bb38913594134c7164c1fdc74e94ad6654e346f3451a3ce9b3d1b8f4272,2026-08-23T15:20:27Z,2026-08-23-3
2026-08-22T11:00,d9fd1ad684aa8ea15261b10b7dfa3a00a19cc7c68a2b2cbbae0453502e9dafd8,2026-08-23T15:20:27Z,2026-08-23-3
2026-08-22T11:00,da0a180fe17d55c2f2df21a5fddee24f2fea7b60a99b2979162cc8820dbdba2e,2026-08-23T15:20:27Z,2026-08-23-3
2026-08-22T11:00,da142946797b4337d1bc539e7b468026714ec32e9ff24ceb205f6dbf78a01cf4,2026-08-23T15:20:27Z,2026-08-23-3
2026-08-22T11:00,da2451f0c1b3f8782596a700f3059114ab868ed90279a7ff7d1adb6400fc8b42,2026-08-23T15:20:27Z,2026-08-23-3
2026-08-22T11:00,da26ae77be3763f796fbf1273bc3d94d752a08ac52381e64cdd40d55afa25e87,2026-08-23T15:20:27Z,2026-08-23-3
2026-08-22T11:00,da3941132870a3e5cb27c7613288251ec99124d270ddb9271d8aac54c924c9c5,2026-08-23T15:20:27Z,2026-08-23-3
2026-08-22T11:00,da425c76a8c018d071b2c12789d5fcc92fecdaeeb09350e132a1dda9e2a72958,2026-08-23T15:20:27Z,2026-08-23-3
2026-08-22T11:00,da4b8ff15977a88dcb93b1a567e42baa23c3a0dbdee9d40ae7af735a99918af4,2026-08-23T15:20:27Z,2026-08-23-3
2026-08-22T11:00,da4dade9da92a0286e65bbc7360545582222feb6faeff0945ee292a5286b8365,2026-08-23T15:20:27Z,2026-08-23-3
2026-08-22T11:00,da51b3ff6580d673c640b4c99bf2cb3e4feac762c43defe046c0522d6b925e4f,2026-08-23T15:20:27Z,2026-08-23-3
2026-08-22T11:00,da5f147307d938fbde6a383e970adc5ab598f3bcf287af67c4abe081c112af6d,2026-08-23T15:20:27Z,2026-08-23-3
2026-08-22T11:00,da60166280b089ea4ce3e9af14eb5e6587b4d3faa26547d8ce61a626b6dbc65d,2026-08-23T15:20:27Z,2026-08-23-3
2026-08-22T11:00,da6239287d7e8a9ec50ef1e3b489a1ec5e1188862c4c782f121402372bbc902d,2026-08-23T15:20:27Z,2026-08-23-3
2026-08-22T11:00,da696ab0e50514d7ea24fc4f7990dd27d2bb7fd6da7863edf201bc381a3f232c,2026-08-23T15:20:27Z,2026-08-23-3
2026-08-22T11:00,da7d529de6cdeaa29c95ce3e1f6d05ead7a4c8fea31b58a6471ecab3ab7dc83e,2026-08-23T15:20:27Z,2026-08-23-3
2026-08-22T11:00,da8a316953afaecd321225f8d4706db6a69e61f8ba0fa4d42c65e9a6e47a6bb6,2026-08-23T15:20:27Z,2026-08-23-3
2026-08-22T11:00,da8f85386b17002ff604341d96ceb979c66445cc0bd8f77460dc043ff6bceea3,2026-08-23T15:20:27Z,2026-08-23-3
2026-08-22T11:00,da991978c57b6cbaf54296ee92700da43e0411e8d4e5d0c6c5c29e678f305b40,2026-08-23T15:20:27Z,2026-08-23-3
2026-08-22T11:00,dab2a335b9a73af05c465ab49433f80026a13a819e1ec4d7a4b9ab4c69385fd3,2026-08-23T15:20:27Z,2026-08-23-3
2026-08-22T11:00,dac76c44558dcf7ddad8c7ace1f6f5814beb3741b08ad6a538419cf5ade338ea,2026-08-23T15:20:27Z,2026-08-23-3
2026-08-22T11:00,daceb904431862424d658a4c27f40c7b835804c88917132137c7ac614bbc3169,2026-08-23T15:20:27Z,2026-08-23-3
2026-08-22T11:00,dad552429d90117d77db39b11d8245083ced1e201e8ba299dffd81acecb78a28,2026-08-23T15:20:27Z,2026-08-23-3
2026-08-22T11:00,dada6d6fde20fe48d61a0e5ca8ea08d5ef2813e50613d5e40a27180404098da7,2026-08-23T15:20:27Z,2026-08-23-3
2026-08-22T11:00,dada9de99bbc1f50d2bea4402533b6931d309767dbb224438e9029d5bad5f696,2026-08-23T15:20:27Z,2026-08-23-3
2026-08-22T11:00,dae2528c027a6a975973b6a77b58ad9e60e914bc2c4362a80f0adad37e8800a5,2026-08-23T15:20:27Z,2026-08-23-3
2026-08-22T11:00,daee0de72cc0533f6d4c8597195c14ad71fc50d7e93a4443b69ef8f9ca7532bb,2026-08-23T15:20:27Z,2026-08-23-3
2026-08-22T11:00,daf9c7a4801fa545fb40637896d4f4ff5aa2b57935261c4914c6878a24e1b3bc,2026-08-23T15:20:27Z,2026-08-23-3
2026-08-22T11:00,db21c268453876f62848b61f9836c683d0a45dd7872ba054123dc4421b7d50d6,2026-08-23T15:20:27Z,2026-08-23-3
2026-08-22T11:00,db3a843a73941eaa84c1b0d55f0ad5f3343330e9367fa4198109f9652769f3db,2026-08-23T15:20:27Z,2026-08-23-3
2026-08-22T11:00,db3d2c2d3505754772c1b68ab8c6c5a4637271ee725baeced472e99f1778b767,2026-08-23T15:20:27Z,2026-08-23-3
2026-08-22T11:00,db4a1f68cde2178d15fb282480d5b3e60a5508eaa1adf64ad7aab28c330551eb,2026-08-23T15:20:27Z,2026-08-23-3
2026-08-22T11:00,db5897859b2ca9c4d1e700083a037be084a826ae65109f755e1a5fc6fad187cf,2026-08-23T15:20:27Z,2026-08-23-3
2026-08-22T11:00,db5d3c66b84d3030120c4dcd01d8bdd2af15d2ac9b49b14251f56aa70f51c96e,2026-08-23T15:20:27Z,2026-08-23-3
2026-08-22T11:00,db6b9b6fd7e9beefd631657cb3a6e90fe7b57be0b60699f44b7c470e9f131b24,2026-08-23T15:20:27Z,2026-08-23-3
2026-08-22T11:00,db6fa4256f492be6b13d43fb662884247367a29f5c1d51a05e882a293327562e,2026-08-23T15:20:27Z,2026-08-23-3
2026-08-22T11:00,db7e977bef3740a8d41e4e85d22fe649d255f90747f2c8620e5d142a7f6f49d3,2026-08-23T15:20:27Z,2026-08-23-3
2026-08-22T11:00,db81d96915b77bad9d2ac70dad04782bde1849af2e5c86a0989a36fbf77eb801,2026-08-23T15:20:27Z,2026-08-23-3
2026-08-22T11:00,db81f6c9048f4b3022d13bfed219ec072c948be8f191e5fb523e6c7666365573,2026-08-23T15:20:27Z,2026-08-23-3
2026-08-22T11:00,db8d61cfafee5c0889d0520eabc1b4f705059613aa2a928b0ddc47fc2d853abe,2026-08-23T15:20:27Z,2026-08-23-3
2026-08-22T11:00,db9d0913513df69e6eee2103c352167bdc6b0fd41d292f61fb456bed2e3c7061,2026-08-23T15:20:27Z,2026-08-23-3
2026-08-22T11:00,dbaf8ecc48219fb6e78070d71fb8fba62c8365d65dab8843ad65ab9abbf92884,2026-08-23T15:20:27Z,2026-08-23-3
2026-08-22T11:00,dbc49c071bebe3c549e436f5e0dc5ada6154359146f89cd1d1bde6e5c083b158,2026-08-23T15:20:27Z,2026-08-23-3
2026-08-22T11:00,dbc4cdcd6b0aad550af982901894909f4d23b9f66a489b6c424cacbc626ee566,2026-08-23T15:20:27Z,2026-08-23-3
2026-08-22T11:00,dbc773e2a6725e0c365ed6c9947662ebf1af96431b1c29febaba59f68b6ce1ff,2026-08-23T15:20:27Z,2026-08-23-3
2026-08-22T11:00,dbc8e9cacc7f3ff00257965f9287ea916e318e01f7bb67600c0a5396126bdf8b,2026-08-23T15:20:27Z,2026-08-23-3
2026-08-22T11:00,dbd40c7c7b0dcff38e8f37883cc96d892de70a0e948ec37ccc0ec570332a127c,2026-08-23T15:20:27Z,2026-08-23-3
2026-08-22T11:00,dbda826a3f3f05d9f242532f943d69bd5b1ea83d37ec0e632c9287de38033430,2026-08-23T15:20:27Z,2026-08-23-3
2026-08-22T11:00,dbdbcaf291aa169c4b1709ad20e32886410d9c0b83fe6cdabfbc3c150e4700c5,2026-08-23T15:20:27Z,2026-08-23-3
2026-08-22T11:00,dbe2289729d978474dce03f585a60ce5b63a624e16290902ba1fc9f5b53cb611,2026-08-23T15:20:27Z,2026-08-23-3
2026-08-22T11:00,dbfb1a64d029b7c3c458db466e6ae51c9dbb43052cb9ca88156af6f8e27865a4,2026-08-23T15:20:27Z,2026-08-23-3
2026-08-22T11:00,dc2156122e20099ad004473335b9d39d624b85b94e60263b9851f377b65a53e9,2026-08-23T15:20:27Z,2026-08-23-3
2026-08-22T11:00,dc2dcffaa06f07bc51c9a75507ceb29ba18558daa1a38e38ed37ccb6d94b0c78,2026-08-23T15:20:27Z,2026-08-23-3
2026-08-22T11:00,dc2ed5b2e98b91153ed9c4224ad79c2c87624abbda84d75f1920e06141c59c70,2026-08-23T15:20:27Z,2026-08-23-3
2026-08-22T11:00,dc32b9a6e0b3da7310dc3aeb9db7a3508760bf0e3e3e2e54374c36e9761b924f,2026-08-23T15:20:27Z,2026-08-23-3
2026-08-22T11:00,dc37dabb98018360f125bde12a60411f7a3ff4f03795b6d6d0f6a6ab90eab0de,2026-08-23T15:20:27Z,2026-08-23-3
2026-08-22T11:00,dc3d0db2442ca0c4114a039434f2e2d7371a44bb750c49f72a6f390b3ce17eec,2026-08-23T15:20:27Z,2026-08-23-3
2026-08-22T11:00,dc54ab403abe53e3b37f87a75628a94d6d0c847de73e4a7da10e030ea93499f3,2026-08-23T15:20:27Z,2026-08-23-3
2026-08-22T11:00,dc5cbd67f2cd270120671126606f48fe690317c49d5ba837ac0e2b97a5e983bb,2026-08-23T15:20:27Z,2026-08-23-3
2026-08-22T11:00,dc66df13b10f4b061ceb98618bf1273e05fb4f6ce7cb21ea71c64e7aa7cd20fc,2026-08-23T15:20:27Z,2026-08-23-3
2026-08-22T11:00,dc76167597bfe887e6e9cc92fb5fe0c0a1ee16820dea273b72f775492e192491,2026-08-23T15:20:27Z,2026-08-23-3
2026-08-22T11:00,dc77b979dd949b67edf829e3be5f231278bb82f31370ac1200018ae4b31ff81f,2026-08-23T15:20:27Z,2026-08-23-3
2026-08-22T11:00,dc84d052e911139f53545090bba47f2dca50f7c0b42f61a888ed5b3e48f8de0e,2026-08-23T15:20:27Z,2026-08-23-3
2026-08-22T11:00,dc8e15a61f0cb551bd674835ecaa1cd3d09990236f273ddf2c4e4ef3023acb25,2026-08-23T15:20:27Z,2026-08-23-3
2026-08-22T11:00,dc9886f9f8de054de53149f89237dfe0d35cab3325d7a4676a8848fbcd6054d7,2026-08-23T15:20:27Z,2026-08-23-3
2026-08-22T11:00,dc992a71a0401f9748cd2d03f2da2d7322db2281ab7918ca706c2b8e39a4cf3c,2026-08-23T15:20:27Z,2026-08-23-3
2026-08-22T11:00,dca7adc62d79fe1cd1f14123a9361fd37385e369d15b41b0dca2dfd1ff0e4aa7,2026-08-23T15:20:27Z,2026-08-23-3
2026-08-22T11:00,dcaf155cda91e081d3ec573b8c6453764637c69065ebeff474fa749bc2c22087,2026-08-23T15:20:27Z,2026-08-23-3
2026-08-22T11:00,dcb04574301fb527601caf43f09ae7fc6a790dd436469cf8789a69666b11bc5b,2026-08-23T15:20:27Z,2026-08-23-3
2026-08-22T11:00,dcc9fea00a8e73ee1c3be5b45c0966c54b82ecb0298366877ae6e3680ce0c12d,2026-08-23T15:20:27Z,2026-08-23-3
2026-08-22T11:00,dccab78d53919bb7bd46c090471bcb724beff8bed95e12ab1780ee4de783ea2d,2026-08-23T15:20:27Z,2026-08-23-3
2026-08-22T11:00,dcdd79375f5e1b986e6c754ba220f4b9ababe9386abc1e1f466036cdead9e393,2026-08-23T15:20:27Z,2026-08-23-3
2026-08-22T11:00,dce23057434226e18141f893003cbf07f1845d5a4e2fb9513d1dd127567a3c7c,2026-08-23T15:20:27Z,2026-08-23-3
2026-08-22T11:00,dcea3eff90767a3192cdea41e5598f8940ae56f896c46ae2c66db32c1bfaafed,2026-08-23T15:20:27Z,2026-08-23-3
2026-08-22T11:00,dceacd1bf6e147b07a5cf536336d9772f7c3ec32006e5514fcf72b3dd0c6cac3,2026-08-23T15:20:27Z,2026-08-23-3
2026-08-22T11:00,dcf33e7e749f6a03c67c2928f7f0a0f189b02c67b86806c5cf5aa6dc8e44c7d6,2026-08-23T15:20:27Z,2026-08-23-3
2026-08-22T11:00,dcf84e1592ce76f7e8893a57ba356134c7b639c92d7ad001d816fa900e63e143,2026-08-23T15:20:27Z,2026-08-23-3
2026-08-22T11:00,dcf8ab338d73513ff7c8517a93bd9513c6d170a143f9b73863d010d0de4ad045,2026-08-23T15:20:27Z,2026-08-23-3
2026-08-22T11:00,dd0a7bcfd7cd5ec8e797247cc818c429c9048581c832992337ed472b892dcf61,2026-08-23T15:20:27Z,2026-08-23-3
2026-08-22T11:00,dd11d724bb1ba91dbdbbe3c1786469782670711b7604fa73d95ab04608dbaaff,2026-08-23T15:20:27Z,2026-08-23-3
2026-08-22T11:00,dd1e28736dffab49d5a0cecd61544ae3feeba87c6e11c202bb4d2fb4e95550b2,2026-08-23T15:20:27Z,2026-08-23-3
2026-08-22T11:00,dd2067532688747e22d2e2b2991decd861de3ae14fae600f5114a7eebcaab436,2026-08-23T15:20:27Z,2026-08-23-3
2026-08-22T11:00,dd2211d73b0b4c487a02bd9f2e60796302483c45d502acd86b53a2fa938015b4,2026-08-23T15:20:27Z,2026-08-23-3
2026-08-22T11:00,dd2304a0bf71d2dc0d3805cdfd6c2f12102e0261a324c02bb89d0cdeac82a259,2026-08-23T15:20:27Z,2026-08-23-3
2026-08-22T11:00,dd2601e3235472107a5de8bcf37943d1b7c8fd929cf9cf62f5a62ac0e5ffe96c,2026-08-23T15:20:27Z,2026-08-23-3
2026-08-22T11:00,dd35377526aff65956fbb307205283591ea6761a33a3afce302086ce362a4257,2026-08-23T15:20:27Z,2026-08-23-3
2026-08-22T11:00,dd390e0cc3ce12c027661640e17f1ee50afe4eefb934c2d0402104e7d25b5795,2026-08-23T15:20:27Z,2026-08-23-3
2026-08-22T11:00,dd4cc9216afb433378d15362c050f905d0b93669784e2f6490969ded61280e58,2026-08-23T15:20:27Z,2026-08-23-3
2026-08-22T11:00,dd5ba439090381905b55ec2afd4a8b37431f8f8f5d1f1a12d9e6c67af1ee7466,2026-08-23T15:20:27Z,2026-08-23-3
2026-08-22T11:00,dd620a955bf16fbc56dee15856281f418ca478a93c8ae7e513c76237cf8f134e,2026-08-23T15:20:27Z,2026-08-23-3
2026-08-22T11:00,dd64fe3084a4f825eb0e9db4608e08c99ca7d1e4e57eef63edcbeca15ca83d80,2026-08-23T15:20:27Z,2026-08-23-3
2026-08-22T11:00,dd67555f9815ac38e2a40f3e6e46effbc05fc8f1d96c7ede631efeb25df2fd02,2026-08-23T15:20:27Z,2026-08-23-3
2026-08-22T11:00,dd73139d2e3dcd4c1e4b506e29f09bd5c1b6a55186dfb93e70e88f44c3b919f8,2026-08-23T15:20:27Z,2026-08-23-3
2026-08-22T11:00,dd7dd18ebb313c1aefd516fd7c6d6be663db218a5bd69be70e963a4681310daf,2026-08-23T15:20:27Z,2026-08-23-3
2026-08-22T11:00,dd82f4f039fae2a6be2f3f38089304e02b88fb4f94b252dde337262c88446fb1,2026-08-23T15:20:27Z,2026-08-23-3
2026-08-22T11:00,dd83ecd40f2ff407450487c1bcea95cd60f2f2bb8a08b1a83ae84a4f87732a53,2026-08-23T15:20:27Z,2026-08-23-3
2026-08-22T11:00,dd9544defdb79170575144ec99e000b533ab7711eb9cee435dc21d1b5cc6c7b6,2026-08-23T15:20:27Z,2026-08-23-3
2026-08-22T11:00,dd954fe97ea9426708a1d8d5c6fa8460b5b4e84b15ebffe689989bcbe23460c6,2026-08-23T15:20:27Z,2026-08-23-3
2026-08-22T11:00,dd9778b3594466f48953b94e01dacdcec46100af29cdac973194eb1786f376eb,2026-08-23T15:20:27Z,2026-08-23-3
2026-08-22T11:00,dd98a29ff064d3bf407a660c502dff0adbfbfd93f3cc7a25d92edac6f0ce6447,2026-08-23T15:20:27Z,2026-08-23-3
2026-08-22T11:00,ddac8850e482fa2be8c1e6f1ace97efb7f452eae6aaec3297633a4c61bd75ce2,2026-08-23T15:20:27Z,2026-08-23-3
2026-08-22T11:00,ddaee8e13e0a6382c5229bb7d18766218d2e29504fa86554c1dd53149ad5574e,2026-08-23T15:20:27Z,2026-08-23-3
2026-08-22T11:00,ddb449f0776c1755b6074a0e46fac9c2c308bbc250412d681705b5328098a4a0,2026-08-23T15:20:27Z,2026-08-23-3
2026-08-22T11:00,ddb8da61806b1eab7027745ef52bc51ebb6c4bf00d7a8201a48472d4dd425abf,2026-08-23T15:20:27Z,2026-08-23-3
2026-08-22T11:00,ddc7b24a91dcf271798bdbe6978e14dd8d01e9120890cb3b3370adf7289638e7,2026-08-23T15:20:27Z,2026-08-23-3
2026-08-22T11:00,ddd2460e2a3b9981672c875752e89a9f324aae498bab1a8e49704bb747899bbf,2026-08-23T15:20:27Z,2026-08-23-3
2026-08-22T11:00,ddd743696c43b3408f1cc79ee3abc3447f7c2f678c43935ea4b8b8a4f77f03c9,2026-08-23T15:20:27Z,2026-08-23-3
2026-08-22T11:00,dddce64abf2a95f948278e38842357119448703c4026176b6fc59cea7bf1d78d,2026-08-23T15:20:27Z,2026-08-23-3
2026-08-22T11:00,ddef026f7f58cb4ffba5cb6f652cb385d44b705c418eb4f7b639231c9c421d2a,2026-08-23T15:20:27Z,2026-08-23-3
2026-08-22T11:00,ddf6737829cf890d1f1312a38abde7bb32f4503cebf250a1cca95905f7443964,2026-08-23T15:20:27Z,2026-08-23-3
2026-08-22T11:00,ddfb09f25d0dddb93ef0e45fcd128697b8bf1dee26f1e58ca354eeed3caaaaef,2026-08-23T15:20:27Z,2026-08-23-3
2026-08-22T11:00,de0889c58bbd99ad2c1974df5892e2a2ccd7a555fbd3f3f579a77a6e72bb9102,2026-08-23T15:20:27Z,2026-08-23-3
2026-08-22T11:00,de51542808b1cd2491103cb0bdec33343d26033d8f7bd62ec07b59e8d075ea54,2026-08-23T15:20:27Z,2026-08-23-3
2026-08-22T11:00,de74d891c269e9e81cc4a969e76697e6907878c253350d5452c59ae1a62b3bfd,2026-08-23T15:20:27Z,2026-08-23-3
2026-08-22T11:00,de81a1a5ac95769b603cf83e24505caaddc54205fa7e0745c7b7d376398a052c,2026-08-23T15:20:27Z,2026-08-23-3
2026-08-22T11:00,de8f3549094f830bcd0895b1d83ee8fd7a261a07a18d0a8551d90cf78362990f,2026-08-23T15:20:27Z,2026-08-23-3
2026-08-22T11:00,deac87915788eb74b00af829ea106582f3f9330513b3a646b586bf06f48fb8f0,2026-08-23T15:20:27Z,2026-08-23-3
2026-08-22T11:00,deb8e41876778d7204b9056ed5f1e339f31c86901bcb0bc843eb074625f19859,2026-08-23T15:20:27Z,2026-08-23-3
2026-08-22T11:00,dec6036f508c9ba3b47d07474dcecd3d5702799291c08bd2e6e96f0eccd7f3e0,2026-08-23T15:20:27Z,2026-08-23-3
2026-08-22T11:00,deec56a13e2b9b57f5b59222a713843e545d12e56c5cfa7a8c4462845968c02e,2026-08-23T15:20:27Z,2026-08-23-3
2026-08-22T11:00,def3827576d5f32d648614c018fa3c737877d3d3a8f447481845306655dbd937,2026-08-23T15:20:27Z,2026-08-23-3
2026-08-22T11:00,df127d62fda8865e43ab2cebf1d00d6c5e27617fdb37873682e6eaefc94a0bbe,2026-08-23T15:20:27Z,2026-08-23-3
2026-08-22T11:00,df22a8f467ff0791322dd29542efe3072aa8d7da104003d77f5025ca260bec1a,2026-08-23T15:20:27Z,2026-08-23-3
2026-08-22T11:00,df48d050ae2c7c16673997b7f72ff16d39e2650b68f1e5259c1d70aac2ed642c,2026-08-23T15:20:27Z,2026-08-23-3
2026-08-22T11:00,df48ec47a39934a139efc225f25aacdaecbd65a9ba958118e283e008e822ac5b,2026-08-23T15:20:27Z,2026-08-23-3
2026-08-22T11:00,df4bf285848c6cddc99871a4a9b949f6f3233a3865fcfdcd07ddcdca199c7b17,2026-08-23T15:20:27Z,2026-08-23-3
2026-08-22T11:00,df5b8a20bbfc63a56334053407cbf5c6a2c4e7e144aa8956d80958345900639c,2026-08-23T15:20:27Z,2026-08-23-3
2026-08-22T11:00,df5dcbf9e82cb02849e295a1e6bb348d7b7120c77a387fdaa0962ba515cfc992,2026-08-23T15:20:27Z,2026-08-23-3
2026-08-22T11:00,df6f29d75c5f36d80524b815e0efee0b0b330d64fc4a0317bc1a8bece82450fa,2026-08-23T15:20:27Z,2026-08-23-3
2026-08-22T11:00,df7d7c310f10093fe8654fb42a7583c6830a44df57fa0ad28c9197c0fa1d74b3,2026-08-23T15:20:27Z,2026-08-23-3
2026-08-22T11:00,df8617fa40e90e40049850ba112f38f382beae5228e242629c0da1e782435e5d,2026-08-23T15:20:27Z,2026-08-23-3
2026-08-22T11:00,df8aa823015920f1dbaad25ccca473756169f75893bd6e250a5c2056fae7f120,2026-08-23T15:20:27Z,2026-08-23-3
2026-08-22T11:00,df8f12302a5b421ac18657dd3c98b85f0bbbcdb55f27a7a2a1e94cd20d3dde6b,2026-08-23T15:20:27Z,2026-08-23-3
2026-08-22T11:00,dfa4b10fada10d0cbb9bc576a9159b02618510ea0bfe016d85ee92cbe7b81dae,2026-08-23T15:20:27Z,2026-08-23-3
2026-08-22T11:00,dfa70776563e1020799346cfd0130ba82f677d267a11638344f8c11e54ed41c1,2026-08-23T15:20:27Z,2026-08-23-3
2026-08-22T11:00,dfb085a59ccbd2ba78524d2f1b4f4bcde306b3a582639eb114d6ebbd153dce2d,2026-08-23T15:20:27Z,2026-08-23-3
2026-08-22T11:00,dfb3ba74477417e371c9a2fb41d56db4771b634b840df6a95106a754572d9f4d,2026-08-23T15:20:27Z,2026-08-23-3
2026-08-22T11:00,dfb586131bf3d3cb04b45c447ddda1020a0bfabb4f918d58630b10079556383d,2026-08-23T15:20:27Z,2026-08-23-3
2026-08-22T11:00,dfbd48c663b59684a8751d66810b39b5832efc71a95bd8aeffbb3230f5aaa27d,2026-08-23T15:20:27Z,2026-08-23-3
2026-08-22T11:00,dfca227b4c112bb92ebe8c9dc43f17b078c721b1e2c326a2b910235ffc65519f,2026-08-23T15:20:27Z,2026-08-23-3
2026-08-22T11:00,dfcddd35c1dfeda0ad6ffe8a4589eec336ccb13cadfc7b09a4861d87d79e9343,2026-08-23T15:20:27Z,2026-08-23-3
2026-08-22T11:00,dfdee53004303da4f527dfb3c969fe99af662f0aac58cfa54c4a78b71cf72306,2026-08-23T15:20:27Z,2026-08-23-3
2026-08-22T11:00,dfe7e0c6ff3981408b540af1779ee322de111b155ebd2fe6e038511f8fdd66f1,2026-08-23T15:20:27Z,2026-08-23-3
2026-08-22T11:00,e007c2689a9f661355abd499e6d87bf0dd7a52fa3616c36375a1992d37164031,2026-08-23T15:20:27Z,2026-08-23-3
2026-08-22T11:00,e00d55023af7c16fccc854fab5876b188ef56b5bc6412d9fb55c6ac3b7e3ed7f,2026-08-23T15:20:27Z,2026-08-23-3
2026-08-22T11:00,e01278af90a433003d9a61eb9ff4c336333eb8dae0b7c8bd4af8d1bd9a3e32bb,2026-08-23T15:20:27Z,2026-08-23-3
2026-08-22T11:00,e0188ad0448de85cec06b50e976fad41a56dcb5e5d3e583594995f6c0711fe52,2026-08-23T15:20:27Z,2026-08-23-3
2026-08-22T11:00,e0274be34988a1ddf9f82d00c624b6d97882ce5f5af10a91f5a529c053b47ef1,2026-08-23T15:20:27Z,2026-08-23-3
2026-08-22T11:00,e031cb6ab9d29be54c7df52cf62f1cb00158b65ff47d17264f5a196bda322ba4,2026-08-23T15:20:27Z,2026-08-23-3
2026-08-22T11:00,e033dd6b5882ef8ea1baa58cfd5da1d303827723cd1db8f3c1642b41fd5edbaf,2026-08-23T15:20:27Z,2026-08-23-3
2026-08-22T11:00,e0446431b63489b705c89ff956f891d411559ef79f04458e4d5e360a3c673309,2026-08-23T15:20:27Z,2026-08-23-3
2026-08-22T11:00,e044fa67f5dc504a7e5c3db28140a7bfdcc9092d355d4a02541f6086726444a2,2026-08-23T15:20:27Z,2026-08-23-3
2026-08-22T11:00,e046551d6680498bae4f45ae6a5389d2ef93657088a93b578e3bfe7f104d2344,2026-08-23T15:20:27Z,2026-08-23-3
2026-08-22T11:00,e05c394cd849331e174dcc0cab7124446f722edb5c89fc86784c19f2897cde11,2026-08-23T15:20:27Z,2026-08-23-3
2026-08-22T11:00,e05f8bcc8311e701df67dc490e1e79dcfd100b25c9f64eb620b378b36de23491,2026-08-23T15:20:27Z,2026-08-23-3
2026-08-22T11:00,e063daae6225e156953956818763e28a3d67a709a94829ba10d52a2df2fa945f,2026-08-23T15:20:27Z,2026-08-23-3
2026-08-22T11:00,e0774646308c908566ad699716771284be58216a950c4a28c36720f0f8093b98,2026-08-23T15:20:27Z,2026-08-23-3
2026-08-22T11:00,e080ca2462472aae16196919069a9035b1e499eed881c5bcc7692cc509bf018f,2026-08-23T15:20:27Z,2026-08-23-3
2026-08-22T11:00,e08c4d4e6d11f25f77a6eb4ca92c2b228b9305a5816982622029c8c224f463a8,2026-08-23T15:20:27Z,2026-08-23-3
2026-08-22T11:00,e090b9d2a693026eb6325c9c8a05e898b6fc8f3a50920582911cdc7720b30147,2026-08-23T15:20:27Z,2026-08-23-3
2026-08-22T11:00,e097481ee776a9ff5c913021f00ef2fd3a32342e2bdc531fac7bc52a86eb277a,2026-08-23T15:20:27Z,2026-08-23-3
2026-08-22T11:00,e0983acc32b8ce65f14e746f13197bc50b7bdc5d71632bc82e5424609ea02559,2026-08-23T15:20:27Z,2026-08-23-3
2026-08-22T11:00,e0a00b60e0154424fde400e6b7d4e59473e38e14ccccbb1e1d36738541fb1743,2026-08-23T15:20:27Z,2026-08-23-3
2026-08-22T11:00,e0aa6f129e9c7be2be259e82ddf3024ea8cd03fd4b7411a46a5585f94ce321e4,2026-08-23T15:20:27Z,2026-08-23-3
2026-08-22T11:00,e0bf1d2a1c1c0f811b307bfd37bbe6323bb5741637c3bfdc052e784130b2ea86,2026-08-23T15:20:27Z,2026-08-23-3
2026-08-22T11:00,e0ce349c4273ab43f9d4ff132a98e582f86ff17e9041b927ee7dc575c77aa11c,2026-08-23T15:20:27Z,2026-08-23-3
2026-08-22T11:00,e0cf1cef88098e6b56a098b01ed579479cdd7b72628f0b75f80d3bd9f95b3450,2026-08-23T15:20:27Z,2026-08-23-3
2026-08-22T11:00,e0cf4087263d4676e0505f98e8da3f156c40b91d5dedcd955dfb80bcbbdf948f,2026-08-23T15:20:27Z,2026-08-23-3
2026-08-22T11:00,e0eeaa812fbd99828ddbd785702439d689c10c2398af458722613aa82decf290,2026-08-23T15:20:27Z,2026-08-23-3
2026-08-22T11:00,e0f091ce0da131d90bb63878b73facafa1a4e5f6f7a8a4c6bc9c533ad819383b,2026-08-23T15:20:27Z,2026-08-23-3
2026-08-22T11:00,e0f3cee3b824c175efea9bbde4f9e33f47e782b79d2c011a1e46f8cdb397e427,2026-08-23T15:20:27Z,2026-08-23-3
2026-08-22T11:00,e0f4202116c06a0492689081c794eb98af5b73cdb5c446aafd3c20973d339146,2026-08-23T15:20:27Z,2026-08-23-3
2026-08-22T11:00,e0f969138d7b981694b78b2bf3aefda0c3179b73d05d034f54ff423cdb984f1b,2026-08-23T15:20:27Z,2026-08-23-3
2026-08-22T11:00,e10801f7d1f42032bf47b59f34f1734a3f6e7e7de813b0a2c626e2f7ce577141,2026-08-23T15:20:27Z,2026-08-23-3
2026-08-22T11:00,e10abed25321d23bc9f9d9d62e4b1a30d2d347dc3130243028ba2e6d0bf8ca19,2026-08-23T15:20:27Z,2026-08-23-3
2026-08-22T11:00,e11cc80f474fb14fd7ff12beab40ab92c2b5797f8911069f7d8f0c7c7bdde37f,2026-08-23T15:20:27Z,2026-08-23-3
2026-08-22T11:00,e11f78eb8ed746b59a16a0b88adaab2327a5573ee1c730dd34e0188565f9951c,2026-08-23T15:20:27Z,2026-08-23-3
2026-08-22T11:00,e150b4512950a584510201e0c24df8d13395590848fa3610b5229ca1543515e4,2026-08-23T15:20:27Z,2026-08-23-3
2026-08-22T11:00,e16fea01b5b16bfde2e7cf5e4759ee13288d4bd918bd08125cc908435d63d1ae,2026-08-23T15:20:27Z,2026-08-23-3
2026-08-22T11:00,e17d0bf107811c3dfa1ad3364682f92f874e4b119ea1664592eca358d6d263c1,2026-08-23T15:20:27Z,2026-08-23-3
2026-08-22T11:00,e17ef841321c29b039600782ebee039fc154934833815c5424b8a69e70261451,2026-08-23T15:20:27Z,2026-08-23-3
2026-08-22T11:00,e192c9cb7f6e71c346de196008d2c64aaf4e97901b94a0cb77a63eaef276f360,2026-08-23T15:20:27Z,2026-08-23-3
2026-08-22T11:00,e19481750eb9600341660ade2092757be4c47cc0c857b8613aabbc1c2e68d600,2026-08-23T15:20:27Z,2026-08-23-3
2026-08-22T11:00,e19c6530de936bce5c0accc2786e1bf494efc75a4044002b0b9eee0407708d23,2026-08-23T15:20:27Z,2026-08-23-3
2026-08-22T11:00,e19fbb75eb44457e4dbe61ac0c57dd698fc70ccefdd1c171e2f4db8584de6c3d,2026-08-23T15:20:27Z,2026-08-23-3
2026-08-22T11:00,e1a97768e6aaf892b91bd4ad158c2ac0a977dd7363252443eeb01dc4179b8dd7,2026-08-23T15:20:27Z,2026-08-23-3
2026-08-22T11:00,e1b2645fa9b429abe193377a4fdd6513f4cb1ed1f7d6325e31052268fa827e99,2026-08-23T15:20:27Z,2026-08-23-3
2026-08-22T11:00,e1b3c70d160ee6aaf4eeb4c0e18d728a75f07a5dc2fd9bb56255cd6612cc7c23,2026-08-23T15:20:27Z,2026-08-23-3
2026-08-22T11:00,e1b962a17419559b83c723832a7dc8f6f200b6ddafb4fc9332b8553b333506bc,2026-08-23T15:20:27Z,2026-08-23-3
2026-08-22T11:00,e1c2217f17c95d726b6265a5ff1b79c1b75328c8f3b7fffe780984bc36ef6a79,2026-08-23T15:20:27Z,2026-08-23-3
2026-08-22T11:00,e1cb5d56256da6601b7a39d288a18da6365eaa163b69bd5ae6e6ad34f6369dd7,2026-08-23T15:20:27Z,2026-08-23-3
2026-08-22T11:00,e1ccb1933f2e161039ccb1801524d252168e52383cc1b2ad5ea173905ab4ee97,2026-08-23T15:20:27Z,2026-08-23-3
2026-08-22T11:00,e1feefdf3d92f3a16efa84af5fa328235a8682b81b85388d6f836e3f6eecf2a6,2026-08-23T15:20:27Z,2026-08-23-3
2026-08-22T11:00,e205ffac9d9f156d0028feaf325542ac53dc21d301de48f946e7a9ad575c469d,2026-08-23T15:20:27Z,2026-08-23-3
2026-08-22T11:00,e20d641f82e62067b897b31d3c311f2fd1644c82bcbbed79d06f77eb662882e0,2026-08-23T15:20:27Z,2026-08-23-3
2026-08-22T11:00,e21b6205aff9d300ad95b32d347a6058d5f85c32c94350841edb406a0e1a4049,2026-08-23T15:20:27Z,2026-08-23-3
2026-08-22T11:00,e21f4822a73d36a060186e73fc46f445a44515c7d4de02fcdd4d9408569dfb1d,2026-08-23T15:20:27Z,2026-08-23-3
2026-08-22T11:00,e2262c0d043153e6992be7476033d2691f60019496cb5cd48a950740c68ae0f4,2026-08-23T15:20:27Z,2026-08-23-3
2026-08-22T11:00,e2282e22c8beaf2d1020835dd8bbf6992dac9cfa0db113aabfa490f80678a7b4,2026-08-23T15:20:27Z,2026-08-23-3
2026-08-22T11:00,e2330fefe7e28987540075bb9c90a1d2f3b6e56ffdb1fa1a312ed40d8afaac13,2026-08-23T15:20:27Z,2026-08-23-3
2026-08-22T11:00,e242b001a5a05340f01ec72fa6c9f2b61ceb714e0cd9bc73c0b01a86dc550a39,2026-08-23T15:20:27Z,2026-08-23-3
2026-08-22T11:00,e2431a5d97624b5590ffb566de4f882b292ea0c6f159d5c4c200e4ae2168875a,2026-08-23T15:20:27Z,2026-08-23-3
2026-08-22T11:00,e2524095f2dd0548d9ad3c54add317ae7a8ca87d22e949a7a521f5dc41aadbb8,2026-08-23T15:20:27Z,2026-08-23-3
2026-08-22T11:00,e254cbae0c264458702c14ab9063b7e37912a6df6f40d0a09ecba672dc7e4a7d,2026-08-23T15:20:27Z,2026-08-23-3
2026-08-22T11:00,e2565eb2abe3a1e3944f21409936734746c7fee4c5dcdbd64b34467c430b223b,2026-08-23T15:20:27Z,2026-08-23-3
2026-08-22T11:00,e259d8cf199c1fd2f2197f956927c70d3376b465bf38458856d8f22c692bf634,2026-08-23T15:20:27Z,2026-08-23-3
2026-08-22T11:00,e25de86c92c91678c847d3b958657d39f38664a001faacd3c2ad421527b8d06d,2026-08-23T15:20:27Z,2026-08-23-3
2026-08-22T11:00,e26ceea0483dc12f4ae439d53ebb4d463f348ef22c62bb92bbb789a9abb05163,2026-08-23T15:20:27Z,2026-08-23-3
2026-08-22T11:00,e2770a579675474b8d4e266125c6d7480a1d373fa88d7e31f6f8503767328bce,2026-08-23T15:20:27Z,2026-08-23-3
2026-08-22T11:00,e28d5f8449b80a8feacf51b2e308dce362c2b44ee9b595aa764902a6030dee46,2026-08-23T15:20:27Z,2026-08-23-3
2026-08-22T11:00,e291f117c41d7eca8a879d6fe4c7bd261a719350d3854bd915d95f5316d80513,2026-08-23T15:20:27Z,2026-08-23-3
2026-08-22T11:00,e292e7ea4610006b77adcd7b205bf5ef087aae74ec9b6c9194680c87eab387c4,2026-08-23T15:20:27Z,2026-08-23-3
2026-08-22T11:00,e299630b866e2d7ebb7f543050983e5dd910dbcd47a219178da9f4e988c6a6ce,2026-08-23T15:20:27Z,2026-08-23-3
2026-08-22T11:00,e2b1eb5ef723f7b809c10dc898eafc3ab794c654759e2629a540fa797b2b5120,2026-08-23T15:20:27Z,2026-08-23-3
2026-08-22T11:00,e2be9372c27c484d2824fbc4ca4401c93c54a658a796dfe4013e5dd3d7e83641,2026-08-23T15:20:27Z,2026-08-23-3
2026-08-22T11:00,e2c06f2bbe8234705711d37fb521afca24a56796b76f9ad1bc4a51e3b63cdb67,2026-08-23T15:20:27Z,2026-08-23-3
2026-08-22T11:00,e2c2eba480a3dcecf000139ae80858fdf166f92360d23a96d1c40c2896d1b5f8,2026-08-23T15:20:27Z,2026-08-23-3
2026-08-22T11:00,e2c5ef655c2eaa3f39b537886a2249ccd0bf4a4ec8020c4ccff11463318c9cd3,2026-08-23T15:20:27Z,2026-08-23-3
2026-08-22T11:00,e2e14d0c1d724cca36a0f993d9cf29382ee2130059b68d15b75d323c4f8f41a4,2026-08-23T15:20:27Z,2026-08-23-3
2026-08-22T11:00,e2e5378dde946b542a7109504b44ebe134f58893a3d130a2e303b34f15f6dbdb,2026-08-23T15:20:27Z,2026-08-23-3
2026-08-22T11:00,e2f2677a18ef84d35d167398448650b0e48b1720d0d71460be73ebd7ca9f16b9,2026-08-23T15:20:27Z,2026-08-23-3
2026-08-22T11:00,e2f5130c7b13821e77abd1b4950656ee12a596fce54040a88d51f4d568e0b9c6,2026-08-23T15:20:27Z,2026-08-23-3
2026-08-22T11:00,e322af74bfc6d82e04e94180f609f1f21d41fecd442b4bf1ef4460908ee4e8ec,2026-08-23T15:20:27Z,2026-08-23-3
2026-08-22T11:00,e33b5b3abee14665170cfc4412b1990031a47a94bb0d3891a8303ee3fca25dcf,2026-08-23T15:20:27Z,2026-08-23-3
2026-08-22T11:00,e33dfa7d5b8f9dc7ac08f3561103d27ba26499d7a73494225fdc64251ebc4339,2026-08-23T15:20:27Z,2026-08-23-3
2026-08-22T11:00,e348e92308b875980759879fd7d2a87e6d73a1b02f351bf812626d5ceb040a7b,2026-08-23T15:20:27Z,2026-08-23-3
2026-08-22T11:00,e3583b75bce086620980f155f02a393a74ec5371ba5d34fff2d1cf65a53c7d03,2026-08-23T15:20:27Z,2026-08-23-3
2026-08-22T11:00,e3690f2fc3766269af10527c233e06080d0ec23394fbf030a044e2b51d0a4fce,2026-08-23T15:20:27Z,2026-08-23-3
2026-08-22T11:00,e38af086f18a5b5213720aaf693315b32c5712195de8a29f2865ce5a3e812515,2026-08-23T15:20:27Z,2026-08-23-3
2026-08-22T11:00,e3c44fcbd9f67ff2732ad6d95a5e77183c05ef2a0a511ec8df75e616911b4714,2026-08-23T15:20:27Z,2026-08-23-3
2026-08-22T11:00,e3ddd7a65cd3a566e91c60250d01ee8b4672eaf661344d99931e4cbb3eebb307,2026-08-23T15:20:27Z,2026-08-23-3
2026-08-22T11:00,e3dee3b55580a28b2e2d11d5e4ba0c74c4b0c920657d80603dd0f199989c1244,2026-08-23T15:20:27Z,2026-08-23-3
2026-08-22T11:00,e3e5300b587c06dd5efd187f9def4f8a7e6277cc0188f8dcfee2437080658732,2026-08-23T15:20:27Z,2026-08-23-3
2026-08-22T11:00,e3ec058d5e90dbeb08797bbad94e864837d200cb1236abc613e751bb71c29a48,2026-08-23T15:20:27Z,2026-08-23-3
2026-08-22T11:00,e3f39751cefe46b22302c4d1094ebc9216b3efde6078a91fdac38151ab962101,2026-08-23T15:20:27Z,2026-08-23-3
2026-08-22T11:00,e4189608d78906f8e62fb86dcb0b775f396b4bd85f478cbe973c98734423e738,2026-08-23T15:20:27Z,2026-08-23-3
2026-08-22T11:00,e42dc944feffb38fdc7a05734790e0def9212a7c3627928a9f492380fae8610c,2026-08-23T15:20:27Z,2026-08-23-3
2026-08-22T11:00,e43a2b62ea5ea1de50fff1b1d885d7b62c7204370b3ad0857717f1e0f3c17634,2026-08-23T15:20:27Z,2026-08-23-3
2026-08-22T11:00,e453eb6442427aecfeced893895997d7600559fabc03833c090025f78953a06d,2026-08-23T15:20:27Z,2026-08-23-3
2026-08-22T11:00,e454b55d598e916c9196208a6221abac06ad99229ac72e68bc7138cc7ac8de98,2026-08-23T15:20:27Z,2026-08-23-3
2026-08-22T11:00,e45d2764ece46d2ce68fb5b46c15e649af7ee05575b2da8b3d9a2fafc6032041,2026-08-23T15:20:27Z,2026-08-23-3
2026-08-22T11:00,e461d5b8011cb7d24d51557e018ce77115ab2267021a75d1bf6cbcdb881b95df,2026-08-23T15:20:27Z,2026-08-23-3
2026-08-22T11:00,e464c7412341f95c26578f26da868ed7393a39d0a571b00b684303f7e199d33a,2026-08-23T15:20:27Z,2026-08-23-3
2026-08-22T11:00,e46d28eec38083e80815c866e97299516be64b67fd0eec55901ad011e4dd1046,2026-08-23T15:20:27Z,2026-08-23-3
2026-08-22T11:00,e47579830fce28b3a446cb392499307d0c6ba17ee3fecbe20d02d9aa6c893f69,2026-08-23T15:20:27Z,2026-08-23-3
2026-08-22T11:00,e485807d62249f87f2e494f6da7481ad8e3a141d1538ecac40d596649d57f909,2026-08-23T15:20:27Z,2026-08-23-3
2026-08-22T11:00,e48968ad1e2803a72dd7655ee94580728676c4a291bdb27fd698aab3991ad5ab,2026-08-23T15:20:27Z,2026-08-23-3
2026-08-22T11:00,e48cd22a75c1ff252497aa0bfcce111775049ce97ced8b403644be2159dee1b0,2026-08-23T15:20:27Z,2026-08-23-3
2026-08-22T11:00,e48e5dcd2b6e4c79aa4e39d9147191ecf4455723736ef82f2beaf3d87e516248,2026-08-23T15:20:27Z,2026-08-23-3
2026-08-22T11:00,e49521238d3c903c8443b12f9b6c8bb38dab8ead22ffac48376872fa83be409c,2026-08-23T15:20:27Z,2026-08-23-3
2026-08-22T11:00,e4a022908747a5579fcd12053df2b7d8b0286a3559e5495ec186494b8f9829d2,2026-08-23T15:20:27Z,2026-08-23-3
2026-08-22T11:00,e4b00df4e4256d415256490be719d9d5ec3a1290bfe1371346f434bd2c76bc7e,2026-08-23T15:20:27Z,2026-08-23-3
2026-08-22T11:00,e4b39c06e0696c71828ba50c2439ab8b368df4519a91d9ce9d9b45a0262ff1ab,2026-08-23T15:20:27Z,2026-08-23-3
2026-08-22T11:00,e4c013493534d68a219044c1718cb4f04003673eada0f6901ade2e0639444ea2,2026-08-23T15:20:27Z,2026-08-23-3
2026-08-22T11:00,e4cc112e47f4e8dfcc8ae14a9a21c6ee4e701295e2dc61763286b5e7c6e81728,2026-08-23T15:20:27Z,2026-08-23-3
2026-08-22T11:00,e4ccd46451d8f5ccd063c95bfd10de437200e1b6fe51cb03cc880eb7c0cc2ae9,2026-08-23T15:20:27Z,2026-08-23-3
2026-08-22T11:00,e4de1024d6e215a1498055e35496bd214c2b12c1bd36d6d941cc76f8a074be2a,2026-08-23T15:20:27Z,2026-08-23-3
2026-08-22T11:00,e4e1cd054e2498443ba52e80c9341b57224e5525893d6468803b3f819650abfe,2026-08-23T15:20:27Z,2026-08-23-3
2026-08-22T11:00,e4e1f67a74bca8c69dd70526a2ac897b6de89ffb829248ee4aca6aaa20a5f546,2026-08-23T15:20:27Z,2026-08-23-3
2026-08-22T11:00,e4e3b1590650e2a01da160c59f257e9b15354951edbc9bdad7eebdac03728442,2026-08-23T15:20:27Z,2026-08-23-3
2026-08-22T11:00,e4eded4e44a3344d5de619b2f98d2a0b27500b0beda1e54c95c24671e4eabf51,2026-08-23T15:20:27Z,2026-08-23-3
2026-08-22T11:00,e4ff3f028d5e39bda2871d69309831389a3bb11a0e54d7cc2ae992c75fb9b048,2026-08-23T15:20:27Z,2026-08-23-3
2026-08-22T11:00,e50bb7710b05ddef1d922f2894f4e0a01ba48d2938b84dc088423bdee9987d6f,2026-08-23T15:20:27Z,2026-08-23-3
2026-08-22T11:00,e515af007f16d694634a29351779d0beaec2dff89153b7bb386c14c83742c78a,2026-08-23T15:20:27Z,2026-08-23-3
2026-08-22T11:00,e51fa07b720fb1d3c49753655664e44cac0aa9e745988ae4d6c17d6555869345,2026-08-23T15:20:27Z,2026-08-23-3
2026-08-22T11:00,e5237d6601b7134f7cd270ae0215c7fd3ebf3f6b774fee6b038890b354090ee3,2026-08-23T15:20:27Z,2026-08-23-3
2026-08-22T11:00,e524f2dba2c530865917d67a5343a40c0933514a8f201880e7b095124c4b08ad,2026-08-23T15:20:27Z,2026-08-23-3
2026-08-22T11:00,e52e2fe8cdb7f919657e97622444003096e0d7f284788b2d1aceb064e2a67f22,2026-08-23T15:20:27Z,2026-08-23-3
2026-08-22T11:00,e530079b87b923e951734e622fad913eb2f837cfb761810fced4a3b831fcd150,2026-08-23T15:20:27Z,2026-08-23-3
2026-08-22T11:00,e53397b32e7f3ab856671630ba1ecd37bbbb864200fd540f8198526a5b49b4c7,2026-08-23T15:20:27Z,2026-08-23-3
2026-08-22T11:00,e553611377c042054a1e0c1ab06d22bc5b3a45386f98032e6c44ae2fa63470bb,2026-08-23T15:20:27Z,2026-08-23-3
2026-08-22T11:00,e564ea181b18443cb07221b819a8538ab49d3a3ae80e4f98705e118c60c41eca,2026-08-23T15:20:27Z,2026-08-23-3
2026-08-22T11:00,e570817a5656bbe33644da0b3bd20aeac35592580dd3197d247dfdacae68c8a7,2026-08-23T15:20:27Z,2026-08-23-3
2026-08-22T11:00,e57f28661891a4b249ae0079938882c25d59c1c6013b7bbc2bd0565f60198b18,2026-08-23T15:20:27Z,2026-08-23-3
2026-08-22T11:00,e5838d162a66e8a61243c2b8017cb19ed49666a2009c686f4cd5b72e32abcaf8,2026-08-23T15:20:27Z,2026-08-23-3
2026-08-22T11:00,e58d6cdacf52e950e5df1da7d321e975187c323df45c6ae3d40b5bfa9450b3ea,2026-08-23T15:20:27Z,2026-08-23-3
2026-08-22T11:00,e59eeac6f00502c53a2c552aefd0a331cf987dba7db0bf7e7032ba64b97b0b42,2026-08-23T15:20:27Z,2026-08-23-3
2026-08-22T11:00,e5a6e354f808e92fb7233239d0947fb9a4592905bb3ea7e44d07b5dea4fd4589,2026-08-23T15:20:27Z,2026-08-23-3
2026-08-22T11:00,e5af55d67c31e60e6dc7b100af697f0918d8f3a5c800b998e1fab8fcceda9be8,2026-08-23T15:20:27Z,2026-08-23-3
2026-08-22T11:00,e5b7e73698c7398cb782e231da3fd106f4982de7e710d12380372ad2d74725b7,2026-08-23T15:20:27Z,2026-08-23-3
2026-08-22T11:00,e5c032a9ebe5ee713a52f2b7ee4064631fa53449b65b47875354ff4e3fa67c68,2026-08-23T15:20:27Z,2026-08-23-3
2026-08-22T11:00,e5c30c6d86b2b58f0b04b1e243355c241d82cc90649c2f666cc71b440be597d5,2026-08-23T15:20:27Z,2026-08-23-3
2026-08-22T11:00,e5cf09edb190e37251452e86c107699b95ccbff598ab9c89be98f43f45960001,2026-08-23T15:20:27Z,2026-08-23-3
2026-08-22T11:00,e5e681eabece36cb467c0a662a8f959bb75f7d71aeae420bdaca91ea517daee0,2026-08-23T15:20:27Z,2026-08-23-3
2026-08-22T11:00,e5eab8c7beb031d294180bb6d50cbf8f57e38c1b3bc24be1ade868349c7d5156,2026-08-23T15:20:27Z,2026-08-23-3
2026-08-22T11:00,e5efdb9215df4cb120f973b0664370afc5fe0b376d4b19b58fa7b4ac44502d82,2026-08-23T15:20:27Z,2026-08-23-3
2026-08-22T11:00,e5f41ab15d9cac3a997630bf8513e20ebb053367bc12f84b29241f2d97754920,2026-08-23T15:20:27Z,2026-08-23-3
2026-08-22T11:00,e5f5b988b973f7c4bc40e3dc0f90c096b6da5d5a5f054bba6d716ee8580232c8,2026-08-23T15:20:27Z,2026-08-23-3
2026-08-22T11:00,e603f49506154d376a1d90b0b380a7166ede886033ff29cd587183b495b7929b,2026-08-23T15:20:27Z,2026-08-23-3
2026-08-22T11:00,e60c98cfbea7aea9a46c112f58e1930f93e722be40d34e8fa2b7385166bf8341,2026-08-23T15:20:27Z,2026-08-23-3
2026-08-22T11:00,e60fa7207f6a146102cc69deb4fabc2b9f192a7d1ae6375f303c3e597848abc3,2026-08-23T15:20:27Z,2026-08-23-3
2026-08-22T11:00,e61caa6d1269dd1c85c44a0a61357b9f626f547bc6b3fd9b98c77dca82ca3134,2026-08-23T15:20:27Z,2026-08-23-3
2026-08-22T11:00,e61e1374ca2039c6e022cba81789aa5fc7e169617933100c19658a5f50b93004,2026-08-23T15:20:27Z,2026-08-23-3
2026-08-22T11:00,e62972f402e43362a6607a001700502bbed97845a982e0c2d5162c7e1514e4ed,2026-08-23T15:20:27Z,2026-08-23-3
2026-08-22T11:00,e636241aa38390682555ea4e8f89c1eebb689e27a608233467f9083d84c0e9cb,2026-08-23T15:20:27Z,2026-08-23-3
2026-08-22T11:00,e63e1bca0a57433d6be73eb78fe43607d7719d6d61884f706411960bda5db35b,2026-08-23T15:20:27Z,2026-08-23-3
2026-08-22T11:00,e644abcf167c69c0e70e616e01d8ecd5fb4c63b28be72068afd7f8062dd210a2,2026-08-23T15:20:27Z,2026-08-23-3
2026-08-22T11:00,e64934c73e22900fa3b78167f0c9a645a7fdc6cb78752700f63299549ef5731a,2026-08-23T15:20:27Z,2026-08-23-3
2026-08-22T11:00,e64c839095c5526145d1eeb431245014d720e0bd3044e52785eadc2094aca4dc,2026-08-23T15:20:27Z,2026-08-23-3
2026-08-22T11:00,e65ca58f6b4be3a5f87ada1d8f5e1e870fbca06d2cc58d4256dca02a0dcd672f,2026-08-23T15:20:27Z,2026-08-23-3
2026-08-22T11:00,e66cc71d0943fe40ad6453dad08e9df8e67072ce6e9fa35d606a5faf12a1f86c,2026-08-23T15:20:27Z,2026-08-23-3
2026-08-22T11:00,e66e11aa417bb3f4505863200aca91b1dc28ed0e280558f04df0f468f44dcb02,2026-08-23T15:20:27Z,2026-08-23-3
2026-08-22T11:00,e66e7b5c42e27d409efb9bc3f11c94b3a82ac57a8270031aafde4575afce55b9,2026-08-23T15:20:27Z,2026-08-23-3
2026-08-22T11:00,e67df2e16c1db2d9df72182f696bc0f7e5ee9d6d2de5f5d71639a127fd57060f,2026-08-23T15:20:27Z,2026-08-23-3
2026-08-22T11:00,e67ec1cb4de6d14b84237a91941a65eeffe9fbcc641bf3621583712c5d4e0222,2026-08-23T15:20:27Z,2026-08-23-3
2026-08-22T11:00,e6825296769544048eac0a93e0697f6a09a7e780f970222c84ea0a066c8510ed,2026-08-23T15:20:27Z,2026-08-23-3
2026-08-22T11:00,e6839319879809c7ff3c1a57765b151a5ff0c732c747480a6a596ca8f541c28d,2026-08-23T15:20:27Z,2026-08-23-3
2026-08-22T11:00,e6a75bf3bb68e2c446e8e83c41f7f1865508b93f64403dc8af8b7081cbe55163,2026-08-23T15:20:27Z,2026-08-23-3
2026-08-22T11:00,e6a811099c9e72d050cca3908d83dd425699d72e7f1856d817256977cdc2ea32,2026-08-23T15:20:27Z,2026-08-23-3
2026-08-22T11:00,e6b5b46ec228d31bb705f89423b2a1064d601ef05f4a12df4634169b7b2a2fab,2026-08-23T15:20:27Z,2026-08-23-3
2026-08-22T11:00,e6b8be4b85d3d34af5c0f9ad0a4fa908adda225fe774bf44d4e38865cb2f2d98,2026-08-23T15:20:27Z,2026-08-23-3
2026-08-22T11:00,e6bd1d701e15e4e69496979afe8344c7a1b001ef4a16f9c7f9cb4e3f4dd0e594,2026-08-23T15:20:27Z,2026-08-23-3
2026-08-22T11:00,e6bd2545b74eae27ce1abaeac499fc03920f4b652c1a0b55525722e948390379,2026-08-23T15:20:27Z,2026-08-23-3
2026-08-22T11:00,e6c3cdb95b665156151082821c861de1ac30e2a99f703ca9240a9feb48240bba,2026-08-23T15:20:27Z,2026-08-23-3
2026-08-22T11:00,e6c5b19e3d98319279bb871979245753650a8b03477517f4916cc97208a73f8d,2026-08-23T15:20:27Z,2026-08-23-3
2026-08-22T11:00,e6c9dffd1960774fbf2b308d1002a3e93a0129d2b6baf434ad6183f265bfe2b3,2026-08-23T15:20:27Z,2026-08-23-3
2026-08-22T11:00,e6d40de049c53b834ceac6403dcf62c563ce3dd00df7b5e5bde39a80cf5da0a4,2026-08-23T15:20:27Z,2026-08-23-3
2026-08-22T11:00,e6d4afa3d9dc6be3db31c5f76e1328116b5cb7e055b82861525221222aab67a1,2026-08-23T15:20:27Z,2026-08-23-3
2026-08-22T11:00,e6e50bea85e1089914283ec3a282d95e5fe8ad1e2be6fa642e40f84a158724e2,2026-08-23T15:20:27Z,2026-08-23-3
2026-08-22T11:00,e6e9edb7703d8ef0a651b3d3de9c00ba3d05ab47b4904deede5423a050213c6b,2026-08-23T15:20:27Z,2026-08-23-3
2026-08-22T11:00,e6ead38ee1b9ad7bd8eb4135037a7dfd33a49a108e340f42efcc57942802b026,2026-08-23T15:20:27Z,2026-08-23-3
2026-08-22T11:00,e704b475ee468c014afee6d121784c117b8b08ffb15fe4611599d5b4cba52ab7,2026-08-23T15:20:27Z,2026-08-23-3
2026-08-22T11:00,e7108340a138ce442cb643d7810f098c516e5f4469a52cdb78762379388f72d8,2026-08-23T15:20:27Z,2026-08-23-3
2026-08-22T11:00,e71584cb4fc352457778a2a68419cbdc3eac224c956a498e908bd6863ead009a,2026-08-23T15:20:27Z,2026-08-23-3
2026-08-22T11:00,e73d873e1fa489d55a1a8be304e9af456a1edba08d017ad30e819f061bdd1eb1,2026-08-23T15:20:27Z,2026-08-23-3
2026-08-22T11:00,e742be2eae523722f06f0aa75e2775144b30acc2323e1a3cb911613731d01b6d,2026-08-23T15:20:27Z,2026-08-23-3
2026-08-22T11:00,e7440cc0d60964372f3c5f1beb243418174087cd06921185ba6d1610c68a981e,2026-08-23T15:20:27Z,2026-08-23-3
2026-08-22T11:00,e7455462824dd896e2c037fa8bc0f249fbbd1fd1ad5eec3d5c315563ac592aa8,2026-08-23T15:20:27Z,2026-08-23-3
2026-08-22T11:00,e74afcf0f3fd6f5eacf22fcc96a9227822243bdde594b819397ed332ee8ee045,2026-08-23T15:20:27Z,2026-08-23-3
2026-08-22T11:00,e74b8778a05fa5032f7ff9ec355194e20129f4b6cc0b6b322ba0cd517604b4df,2026-08-23T15:20:27Z,2026-08-23-3
2026-08-22T11:00,e76b2eb86939491f191c924640227e23d34897dac0eda67a111a9804d5d671c6,2026-08-23T15:20:27Z,2026-08-23-3
2026-08-22T11:00,e7704551fa59bea8e022da4876e90b3ae52fc51009d4dcf10e48600c91d2edd4,2026-08-23T15:20:27Z,2026-08-23-3
2026-08-22T11:00,e7785df207ea3d18e9001b2d02f4429f65696c36450eddef2af3af4c6a10b021,2026-08-23T15:20:27Z,2026-08-23-3
2026-08-22T11:00,e78628c5bb73a92a589fdf03f1dfa6266d6773dfb57619148f5b67fb43a476f7,2026-08-23T15:20:27Z,2026-08-23-3
2026-08-22T11:00,e7b023ba31796084f329077c05cc4fd506291461b68bfce233b32c5837a7b044,2026-08-23T15:20:27Z,2026-08-23-3
2026-08-22T11:00,e7b2e5d81524768eceaa3a7e4389849854eae1f901f1ad68df3a565479793c59,2026-08-23T15:20:27Z,2026-08-23-3
2026-08-22T11:00,e7c56f0e6faad5a5023d1c3a021262c98fc4c17dc506240247fe3d98d6e1aa4a,2026-08-23T15:20:27Z,2026-08-23-3
2026-08-22T11:00,e7c5b31998e5158862c91d5dfed2c745b8569bbbfa45efafe77e79b568411085,2026-08-23T15:20:27Z,2026-08-23-3
2026-08-22T11:00,e7d32cce2ddcdb93694cef0aeac42dfaed85aefb9963a828b68a8065bd74e934,2026-08-23T15:20:27Z,2026-08-23-3
2026-08-22T11:00,e7f129c1ee04c8034ffb33408eb9ae9084f80e3b241a70ad04503fb271b14f84,2026-08-23T15:20:27Z,2026-08-23-3
2026-08-22T11:00,e7f3ccc78b72b9c72a48555c317667aed965c65291cc7370fd4e6ec260daf4c1,2026-08-23T15:20:27Z,2026-08-23-3
2026-08-22T11:00,e8074f493edb9da41c8dfca37fe93c1d8c8993ae9cc54917d52c10403f2530bd,2026-08-23T15:20:27Z,2026-08-23-3
2026-08-22T11:00,e8190e56c82a6bf32c4c49f2d1e63b47c302c85565f9e9850eee656219036908,2026-08-23T15:20:27Z,2026-08-23-3
2026-08-22T11:00,e81a7ff90df418f9077509dbcc3ef54bc7efd40cba57f9873b7063b043578799,2026-08-23T15:20:27Z,2026-08-23-3
2026-08-22T11:00,e82c0b6a86e2d23cbaed608ec251ffda76e44cd1af644070b358ae53c035c426,2026-08-23T15:20:27Z,2026-08-23-3
2026-08-22T11:00,e82e10051a6bbbecd14a8ea67a20fddc201bca8a0aa2cd23dd43318527c60242,2026-08-23T15:20:27Z,2026-08-23-3
2026-08-22T11:00,e838451111573da13f7a308da1bc0604f0ba9492bdff537f8d46dfb4e7df5d8c,2026-08-23T15:20:27Z,2026-08-23-3
2026-08-22T11:00,e85b035cf95c4f9d0796b8e2a906e5bf5e27f98671e1290561f51e1a569c4991,2026-08-23T15:20:27Z,2026-08-23-3
2026-08-22T11:00,e86d54756f7d19e8a7112be02ff2f85ebfad7d88b19db71525ac914da2feac08,2026-08-23T15:20:27Z,2026-08-23-3
2026-08-22T11:00,e87203710adeed7b26dd67a5f1444ae611dc18ab2d2b013d71d083645489f4d4,2026-08-23T15:20:27Z,2026-08-23-3
2026-08-22T11:00,e8802cbf5c89a446196c32e2eb59336d68e39548dca24a8d824679d50403fcf2,2026-08-23T15:20:27Z,2026-08-23-3
2026-08-22T11:00,e88b48b83f3c1cac7ce97d5889ac1a419a6fab6e13b941f2932a80b6d1ca9157,2026-08-23T15:20:27Z,2026-08-23-3
2026-08-22T11:00,e89eec24cc81ae759c92c54bc5fecb74635bd317ecb9b5bf22942db56e438ffb,2026-08-23T15:20:27Z,2026-08-23-3
2026-08-22T11:00,e8a15d30320c7f1430cae3cf04930dfebe8bda6a0b9dd29eaa255d271dabb786,2026-08-23T15:20:27Z,2026-08-23-3
2026-08-22T11:00,e8b3281015d745fbd7901510af1856c7428758dfeabc28e179fa9dd180a38377,2026-08-23T15:20:27Z,2026-08-23-3
2026-08-22T11:00,e8b9e21c21bcb8924ab23f400821ebfdc6620188e08b645dc61bf594faa39f73,2026-08-23T15:20:27Z,2026-08-23-3
2026-08-22T11:00,e8bfda72780b47701699886bc4e8980e06dc9807d48af093a93e76d30efd73eb,2026-08-23T15:20:27Z,2026-08-23-3
2026-08-22T11:00,e8cc130e4af681b7bc9310c9aaf77cfeb8a10a865c4ae88f2e6b2dc8b336bc9f,2026-08-23T15:20:27Z,2026-08-23-3
2026-08-22T11:00,e8da346d957711537b32e04ea60a2e86faeefe641fb41ef3995956960e8534f6,2026-08-23T15:20:27Z,2026-08-23-3
2026-08-22T11:00,e8dc0034d2591ff806c09785d01e75600583a5ee634101d0ceae429af127e268,2026-08-23T15:20:27Z,2026-08-23-3
2026-08-22T11:00,e8ed9dc522da655ab14f50bf45118bf9007e7c41cfc74066836f6b0dbc88e504,2026-08-23T15:20:27Z,2026-08-23-3
2026-08-22T11:00,e9017634a5f3b6b7591da26b88ea4a3faa3cd0e963e84c7ee169e307d86af522,2026-08-23T15:20:27Z,2026-08-23-3
2026-08-22T11:00,e90da4718eac0bb3d54da9af49b66e2d899d4304e5e3cececd7284f54c16a4c9,2026-08-23T15:20:27Z,2026-08-23-3
2026-08-22T11:00,e9144d57ef009f9582c26d336f1e8c6f8f979c1bd36b7bd812559daf73e0aff2,2026-08-23T15:20:27Z,2026-08-23-3
2026-08-22T11:00,e9167e656930e3f1b73261c9a788f5db63117cf4ab761db67ca77af9283c2f81,2026-08-23T15:20:27Z,2026-08-23-3
2026-08-22T11:00,e92b8d06cd0bf446cd6e9aa6b29e1995bb329c435a225715640236c38ab9fbc9,2026-08-23T15:20:27Z,2026-08-23-3
2026-08-22T11:00,e92e95daf8e048b1a5391007c58f23c84132c6f1ed57fdbfc32799d9422b8105,2026-08-23T15:20:27Z,2026-08-23-3
2026-08-22T11:00,e942deda134d77e357b7637f30e16c026b039b3d39889484f3c475878f12d0e1,2026-08-23T15:20:27Z,2026-08-23-3
2026-08-22T11:00,e943411c2e8b32ee0aedf88da5531401b65c7057c6b450bc0f7c835af11bbfed,2026-08-23T15:20:27Z,2026-08-23-3
2026-08-22T11:00,e961a2aedd2a305562eddaa60d8e056d4c45ffc3aa13b297720da34bb0ace925,2026-08-23T15:20:27Z,2026-08-23-3
2026-08-22T11:00,e96aded3d42f145159529a144e49a77d7e5f2b9f12832332440e2afb2db5dcae,2026-08-23T15:20:27Z,2026-08-23-3
2026-08-22T11:00,e9714360702c5dfab29cdd082f49c689628246614250374215640d206fb5e09e,2026-08-23T15:20:27Z,2026-08-23-3
2026-08-22T11:00,e98f7f04b3ce53d9d7d59856147a919db4f9f0567d29e5042a6db883b2d5a3c2,2026-08-23T15:20:27Z,2026-08-23-3
2026-08-22T11:00,e99365e4d4ff60bca204c36ab6e23e42733241d94fcece48633b452c36982b82,2026-08-23T15:20:27Z,2026-08-23-3
2026-08-22T11:00,e998906a376bd21c7b9f17ea03ca30f46e757971e471785dc50550682e956ebd,2026-08-23T15:20:27Z,2026-08-23-3
2026-08-22T11:00,e99dcaadadb353e297871f7f0515e1f0aa251b78c20796638994c622c6d90efc,2026-08-23T15:20:27Z,2026-08-23-3
2026-08-22T11:00,e9b23a4e2ae210553b069dbdd6c376680f679cef4883aebeb043997d8d87d944,2026-08-23T15:20:27Z,2026-08-23-3
2026-08-22T11:00,e9cc72da1ccf6a628011ecb86911d044a4fbc73d5f0470b45961d6c6e6a12bbb,2026-08-23T15:20:27Z,2026-08-23-3
2026-08-22T11:00,e9d39bc7b727c33c19afc452ee893ea6b42faa90af5171faf7c37bd9efb0df72,2026-08-23T15:20:27Z,2026-08-23-3
2026-08-22T11:00,e9de10efc604fe9845f732a750160a4a9fd75136ed44d68c52837edb156ca2cb,2026-08-23T15:20:27Z,2026-08-23-3
2026-08-22T11:00,e9e67536148ec7ffd44d3b5bb99fd5621e23eb539808e1c92b87b91e36672583,2026-08-23T15:20:27Z,2026-08-23-3
2026-08-22T11:00,e9f372c48d8f924b22e9aaae3d1392529838a8f95f938efb7cb8d4fc46a9c969,2026-08-23T15:20:27Z,2026-08-23-3
2026-08-22T11:00,e9f7d2174d9eafa867c1e58cbd7a5918bfae094c3616b9055db1855a1323898c,2026-08-23T15:20:27Z,2026-08-23-3
2026-08-22T11:00,e9f8a6f47ed9864ae47c87a3209813b3d57912e935581d71db9239be4cbe80ca,2026-08-23T15:20:27Z,2026-08-23-3
2026-08-22T11:00,ea05b8df38f55eb9b55f065f9cb60f4c06abce21990700094415ad847b863863,2026-08-23T15:20:27Z,2026-08-23-3
2026-08-22T11:00,ea071dd139992c3352142569c3409d95befc95d3b9f6d3562a4d0cc0960fad26,2026-08-23T15:20:27Z,2026-08-23-3
2026-08-22T11:00,ea2c30c5275e15eaf3e8e9774837d5e16dcaa9d16d0100bc2a91064239056249,2026-08-23T15:20:27Z,2026-08-23-3
2026-08-22T11:00,ea42d031468551a82f10e562a0f8ad70bc00689a46350ba725750c242597481b,2026-08-23T15:20:27Z,2026-08-23-3
2026-08-22T11:00,ea4e4e11d85eb5d77d8cd1d9e399e3faa5df798c99a90fd06b958e4c647f3753,2026-08-23T15:20:27Z,2026-08-23-3
2026-08-22T11:00,ea51e59795ec944631f902c7d4ab1c969a52e6cc67f910470032f8182d43bd78,2026-08-23T15:20:27Z,2026-08-23-3
2026-08-22T11:00,ea5b3a4fdbcd05e1652d2864415995b8b69bb4ee6aab3749b8c80c5e987cf5ff,2026-08-23T15:20:27Z,2026-08-23-3
2026-08-22T11:00,ea6249872591e4f9ca59d70a14fec44cfcf93a295369502fabc5af3895b51772,2026-08-23T15:20:27Z,2026-08-23-3
2026-08-22T11:00,ea7407d3b2b8629827769e6bce4c13f9a873d2e3dc49f68bed0804618de7237d,2026-08-23T15:20:27Z,2026-08-23-3
2026-08-22T11:00,ea7d00c145acb816b95ed029939171ab613df418752825d4f21f3c6f1c8ba171,2026-08-23T15:20:27Z,2026-08-23-3
2026-08-22T11:00,ea7f2bdf038ab6d2f9058344e733cd4a022cb1f638caeb52c46d5ace9a858cf9,2026-08-23T15:20:27Z,2026-08-23-3
2026-08-22T11:00,ea8cbeee41dc09e0576edc14a97e0a2e1457277f1ae8ad7c1c1ca135fe001ae1,2026-08-23T15:20:27Z,2026-08-23-3
2026-08-22T11:00,ea9377b7c4790f0550959ddfe8c80f32714e27b1e31ff1847aae7135fba60b1f,2026-08-23T15:20:27Z,2026-08-23-3
2026-08-22T11:00,eaa11a5f579922970704267d9472571b0202813a0ac8e80f747a012a8e9d7495,2026-08-23T15:20:27Z,2026-08-23-3
2026-08-22T11:00,eaa8a712bbe6d1b6514ece9fcb9f4a768929c59bdafbfc8c56c51a7173ac87d5,2026-08-23T15:20:27Z,2026-08-23-3
2026-08-22T11:00,eab5285cfdebeb65a8ef35d4bffcfc39f4434e5c4addfd2ea652e42de6b3fb15,2026-08-23T15:20:27Z,2026-08-23-3
2026-08-22T11:00,eac4949c23fa1ddcf5a5c616793a7332ecdcc71f5b2051d0fa154e91bf916201,2026-08-23T15:20:27Z,2026-08-23-3
2026-08-22T11:00,eac693bb476a9f782eaa7871fb74a45868f1dcf29fda7068c7d6c1c7310dd583,2026-08-23T15:20:27Z,2026-08-23-3
2026-08-22T11:00,ead8650957364083f48f4ce75f9bd72d98e482e71b6d582731e3eb703a8ffd41,2026-08-23T15:20:27Z,2026-08-23-3
2026-08-22T11:00,eae0b7cce4d895c4a74e474534553349b18192a346adce5d44587361115d4e5e,2026-08-23T15:20:27Z,2026-08-23-3
2026-08-22T11:00,eae1f2316059623947b533730bcafbab0c980d9a69f53ddcbb0760038e0a3fd3,2026-08-23T15:20:27Z,2026-08-23-3
2026-08-22T11:00,eaebe4aae667e19ca0c830e2c9f2022095652d2f3308257798fa0698c5739bc7,2026-08-23T15:20:27Z,2026-08-23-3
2026-08-22T11:00,eaf5b225673ca93d10387dc98e82e27bc2f3863064f45abf929801d37c01cc4a,2026-08-23T15:20:27Z,2026-08-23-3
2026-08-22T11:00,eafc4a96039ae2fa446cfeed31316bf79764db5ccd1309d0ddd2d51b27e9c695,2026-08-23T15:20:27Z,2026-08-23-3
2026-08-22T11:00,eafd28afa8a69fbca2529d0f4e85d29123da433e7d5384dc9896f7424db8addd,2026-08-23T15:20:27Z,2026-08-23-3
2026-08-22T11:00,eb0eb9a2a07d9a9d5724e688e6fb3da03d290c51ced15c35508bddf44db27e46,2026-08-23T15:20:27Z,2026-08-23-3
2026-08-22T11:00,eb24a6d9ff1a5d2600bb649c4fde44f3131d789c3a84768a1b7fe2699244f0f1,2026-08-23T15:20:27Z,2026-08-23-3
2026-08-22T11:00,eb3b6f341a4799fc913f5d19cb3f8b75e67ae69059b4967ca7e7fe6b702d8cd3,2026-08-23T15:20:27Z,2026-08-23-3
2026-08-22T11:00,eb490efa2569672bb532bff7f9b9c018e75ea0ddf9f48eb02f4fdebe2b27baf6,2026-08-23T15:20:27Z,2026-08-23-3
2026-08-22T11:00,eb4e006e13f0f246395c33fc0ebc4d4f9bcad8b18f14405492452975e12cd51e,2026-08-23T15:20:27Z,2026-08-23-3
2026-08-22T11:00,eb6095ff0b5831e154754d8d2aaf9060d8166b1ae5d891041a4a9714ea3ceacc,2026-08-23T15:20:27Z,2026-08-23-3
2026-08-22T11:00,eb6fee4afaa25dfd9ba6e40c81c05806d950a316839df9382692444d2af02c76,2026-08-23T15:20:27Z,2026-08-23-3
2026-08-22T11:00,eb71f165025c2507b7b7067abfaf7b4dd62559816723e433f19a86477a150965,2026-08-23T15:20:27Z,2026-08-23-3
2026-08-22T11:00,eb796a07f31d6c3d8cf325b073f50439e59d01165be731e80f8a6ae042f4a7da,2026-08-23T15:20:27Z,2026-08-23-3
2026-08-22T11:00,eb92649ec112a0be3d5fd3b6a4e9bf7ec90c7a2b8491acda55f1529533380f9e,2026-08-23T15:20:27Z,2026-08-23-3
2026-08-22T11:00,eb9a8702520abacbb9954f7be99ff4e620adc334656a11d90841a45216f0a6a5,2026-08-23T15:20:27Z,2026-08-23-3
2026-08-22T11:00,eba802236fe46e5c85ccaadb112164f32dfbd9a1522f7c0bf6cf4f8fbf2220e7,2026-08-23T15:20:27Z,2026-08-23-3
2026-08-22T11:00,eba97d45c48b70ff9be9c3acca3a4e7d80cafc8d2309195bd7151f662fdefde4,2026-08-23T15:20:27Z,2026-08-23-3
2026-08-22T11:00,ebb4f0f3aa444ef4068c2b73a5eb37eb83e23aa5ca56953d53bdf0185dea51c5,2026-08-23T15:20:27Z,2026-08-23-3
2026-08-22T11:00,ebc5821a44c45c7a5386a7b98a285e9f1b977894a7f66b75b993a724c0e9fd04,2026-08-23T15:20:27Z,2026-08-23-3
2026-08-22T11:00,ebc8b933230a71d1a33096fd395eb754ece884a030ba93d423e1cd4992d5681f,2026-08-23T15:20:27Z,2026-08-23-3
2026-08-22T11:00,ebce3a76716198c9b7986f0fc062bfb13b7bd48e88b9eac5c087435f13b09a29,2026-08-23T15:20:27Z,2026-08-23-3
2026-08-22T11:00,ebe2c2e629e6dc77f736388ee1120d2ad858a7d5f19f1530f1495eb99e987f6d,2026-08-23T15:20:27Z,2026-08-23-3
2026-08-22T11:00,ec01fc8b0609aef09cc085853051db82f1c643f424c7a65786e8dd6e5e035d99,2026-08-23T15:20:27Z,2026-08-23-3
2026-08-22T11:00,ec05e05a8071c87a9f4f931bb4cea3ed65e23983270a642780a42f4916508240,2026-08-23T15:20:27Z,2026-08-23-3
2026-08-22T11:00,ec0deb1b0a973be0388166c64f40c8fc04d6259f6d20b4595275f86696afc619,2026-08-23T15:20:27Z,2026-08-23-3
2026-08-22T11:00,ec18d5affaa654696a29a6150384069492483f936974d998d3750c14e8cc150f,2026-08-23T15:20:27Z,2026-08-23-3
2026-08-22T11:00,ec260371681ecea6ddd96a49bd6c3d1b362402c9f66e18342319445ee862eb11,2026-08-23T15:20:27Z,2026-08-23-3
2026-08-22T11:00,ec29183f408c29948b32573fd1acccd332a3ff75bf9b977c902a0b59d011db73,2026-08-23T15:20:27Z,2026-08-23-3
2026-08-22T11:00,ec4002030ffc97bf560baa374468300998acd4cc949cce711c6b8254460ed096,2026-08-23T15:20:27Z,2026-08-23-3
2026-08-22T11:00,ec4d6786e2cf6ea44e3cbba8420d901590489210b6da42c615b5854e0d278a64,2026-08-23T15:20:27Z,2026-08-23-3
2026-08-22T11:00,ec5b44387d7af555d1d5e2c64b6b70f604f7fe3920d6c2d2a3fd9ebc86db3c30,2026-08-23T15:20:27Z,2026-08-23-3
2026-08-22T11:00,ec6372df085ff79a00196a8d4a794ed798955565b00be1de37a68b36507e6baa,2026-08-23T15:20:27Z,2026-08-23-3
2026-08-22T11:00,ec6ff9536cc5a73c45839a6198411f40a4896343543c8c213ba64b012ded15ce,2026-08-23T15:20:27Z,2026-08-23-3
2026-08-22T11:00,ec784eeb25e01a0c4322338d69e03c0aa0262dbe2b70a49df6d342ec727af651,2026-08-23T15:20:27Z,2026-08-23-3
2026-08-22T11:00,ec871ffc5d2a7f31ca2501c6f48c1530fd68517a6a941a2b5f7c8c4a869fc564,2026-08-23T15:20:27Z,2026-08-23-3
2026-08-22T11:00,ec8edba69f49a1eb0e4b81064969e7218fcc9ea69c8aa499da3204cd62f883e1,2026-08-23T15:20:27Z,2026-08-23-3
2026-08-22T11:00,ec8f20f5cdcf0ee057430d0ec55f6d996d0e9efe4db408fc88408306cadd62b1,2026-08-23T15:20:27Z,2026-08-23-3
2026-08-22T11:00,ec9167a4ecbbee2058f4da6670b801712637f02997d3094769ad9d2e7cc0f678,2026-08-23T15:20:27Z,2026-08-23-3
2026-08-22T11:00,ec91f7962379cef10256f2e59e2a0f29373d60202198bf170d8bf30da0b385ab,2026-08-23T15:20:27Z,2026-08-23-3
2026-08-22T11:00,ec944a06d0520041b0903c4c1868dea806a013879c979c635612fef8470236ab,2026-08-23T15:20:27Z,2026-08-23-3
2026-08-22T11:00,eca160e2dbc783589bbf64683952604a56add52186f8675ecebbb7ae1418ade0,2026-08-23T15:20:27Z,2026-08-23-3
2026-08-22T11:00,ecdd1d648f31fafdaf505a41aecc1ae492233b92b673ad73190ac6e48c3cbc37,2026-08-23T15:20:27Z,2026-08-23-3
2026-08-22T11:00,ecfdda18c64f505afc5d52a26a426c480e13b854823d3ac6a30b2ba683f3a15c,2026-08-23T15:20:27Z,2026-08-23-3
2026-08-22T11:00,ed0bed6559209e773f11e92853c3dbe61d37a3f4b162bd1c42d25f199ed6c1f1,2026-08-23T15:20:27Z,2026-08-23-3
2026-08-22T11:00,ed15a32ccaa0bc220480fc1544d3d0510236fa89901ed06d383f40387546ec67,2026-08-23T15:20:27Z,2026-08-23-3
2026-08-22T11:00,ed15c5ed7bf5a15a92e197228a6f779f9429af48e5dfd290fb45a8c07da77985,2026-08-23T15:20:27Z,2026-08-23-3
2026-08-22T11:00,ed1c2193d6b80a8c39ebbf42a00eaaaf49de6e8851625cf1cc669747962c1978,2026-08-23T15:20:27Z,2026-08-23-3
2026-08-22T11:00,ed31a4c22e4130f2b0bfc97033d035a59ac887f289fbe66cfba2c00691dbde30,2026-08-23T15:20:27Z,2026-08-23-3
2026-08-22T11:00,ed36f637f603a057c43b2fbbe9cb1fbfbf4069e860cfb8f08a63e34a57eb1fe4,2026-08-23T15:20:27Z,2026-08-23-3
2026-08-22T11:00,ed371b4dfb3e553ea197a9f642cbd5f381f1dbf77053accaf25ba1e24b797d54,2026-08-23T15:20:27Z,2026-08-23-3
2026-08-22T11:00,ed3a2b6b2b7d0e3c134a8ce466a0f890150d513fd49c17e2c4de0b2f69fd34fc,2026-08-23T15:20:27Z,2026-08-23-3
2026-08-22T11:00,ed3ba64a9eb43e06fa4fa5c241ab2200303f7314348ee040c59f55886e53618f,2026-08-23T15:20:27Z,2026-08-23-3
2026-08-22T11:00,ed4b846b72044884e7def0eee06aa182ee286305899e946263aa56df97b4c150,2026-08-23T15:20:27Z,2026-08-23-3
2026-08-22T11:00,ed5cc0fe85d075ac6a713846e9bad740a4b6045bbeb98d49941fd1fab0fabee8,2026-08-23T15:20:27Z,2026-08-23-3
2026-08-22T11:00,ed5fa6b2ba6967dbb169e7ec880767b13051b08642ac493756a2b8231ef7b134,2026-08-23T15:20:27Z,2026-08-23-3
2026-08-22T11:00,ed89177192530191cfb52e678fafbb6b4d1412f16a0919bec00c664a3f85a859,2026-08-23T15:20:27Z,2026-08-23-3
2026-08-22T11:00,ed8befa99f9a6da55f70f533a07fc4bb70be86b817659083fbc94b3679457d29,2026-08-23T15:20:27Z,2026-08-23-3
2026-08-22T11:00,ed98251ab05d389802e7b923fe86bd46d5670b5fdac6c0d3e907621e03811e15,2026-08-23T15:20:27Z,2026-08-23-3
2026-08-22T11:00,ed9f2c4091ae02827c1a4446434fdadc2cf0d64b6c2ef7e431f386ad6b746ddf,2026-08-23T15:20:27Z,2026-08-23-3
2026-08-22T11:00,eda9f48f769cd17c5126ea931b664123440968e6cbe3ca939b19fb7c891c2a60,2026-08-23T15:20:27Z,2026-08-23-3
2026-08-22T11:00,edc350c678eb564991a21378574602989edf3aad5079b382e7906803e6800a4f,2026-08-23T15:20:27Z,2026-08-23-3
2026-08-22T11:00,edca3775ca0f14323728b395868decf24fa6337b6cdb7de15b1eecce1df33db0,2026-08-23T15:20:27Z,2026-08-23-3
2026-08-22T11:00,edcdc2401b35c3702c68739cae4a3775325029112944c2547396d076ceb1214d,2026-08-23T15:20:27Z,2026-08-23-3
2026-08-22T11:00,edd0229541fadcc6f5f5ffe88b00b6f6d1fa0c40821719b48689bdbed59cc157,2026-08-23T15:20:27Z,2026-08-23-3
2026-08-22T11:00,edd90ffdb2c730ac07ba5f9e1211ad3fdde7a39993d6a7682b1b9a7a318f3208,2026-08-23T15:20:27Z,2026-08-23-3
2026-08-22T11:00,ede006b35e9dc751a0f3a1d816f12511995d4b9137cf0de5d441a7ea8effef60,2026-08-23T15:20:27Z,2026-08-23-3
2026-08-22T11:00,edebd9bf64b1999fe8a97404f69d4977401069e7ea99ceab71354efab2d4279d,2026-08-23T15:20:27Z,2026-08-23-3
2026-08-22T11:00,edf1c2446b6ba41114d4bc6bbadc3ab6d6979feba9467799c465092710a3e194,2026-08-23T15:20:27Z,2026-08-23-3
2026-08-22T11:00,edf894d187b9a496b42a5094d31b6b2ba53a82d65b7b854026d74fe7e006e43e,2026-08-23T15:20:27Z,2026-08-23-3
2026-08-22T11:00,ee04aa249daad21076d5159961088faf5898787a4f3b0bc8cf38c3a744bde0a7,2026-08-23T15:20:27Z,2026-08-23-3
2026-08-22T11:00,ee0c3dc11234584ca08b5196cbedbf0a6c165eb005b384492a6f88faa5cebb08,2026-08-23T15:20:27Z,2026-08-23-3
2026-08-22T11:00,ee157763b4c2695e1f99888007d42e8f273cea89e2a5b08f6fb642b07e6ee8e3,2026-08-23T15:20:27Z,2026-08-23-3
2026-08-22T11:00,ee30ed958850e917adcab2ec9a8d77cd3c5893db516c66c8e8124ecac1e520ce,2026-08-23T15:20:27Z,2026-08-23-3
2026-08-22T11:00,ee31838f68f896ba665ab6df0283303421964ed1840a9a1f22849a13e3274597,2026-08-23T15:20:27Z,2026-08-23-3
2026-08-22T11:00,ee399e6dbae0b3d26ebf62721f7fd684a5a4c4c77bdd602531676e8a997703a9,2026-08-23T15:20:27Z,2026-08-23-3
2026-08-22T11:00,ee406b613302627172dbace4acc3e94115cd62c4dbf7e49a28f00cf9aed209b1,2026-08-23T15:20:27Z,2026-08-23-3
2026-08-22T11:00,ee502169554502dd95e8e9d98ac0131fc167ef3a454817fcf7effb524125ecc5,2026-08-23T15:20:27Z,2026-08-23-3
2026-08-22T11:00,ee69e7a52f2e8b0343eb4c7042815db9850afeb3cd4cdf5a8c43f67765529035,2026-08-23T15:20:27Z,2026-08-23-3
2026-08-22T11:00,ee6e94a60c2d83f3948d425af9042720da2c7962684a358727151b59b82dbb14,2026-08-23T15:20:27Z,2026-08-23-3
2026-08-22T11:00,ee75cdd4b3ac2f4ba8be593d77c7b00089573c0ce20153c8f3949362bb9e3603,2026-08-23T15:20:27Z,2026-08-23-3
2026-08-22T11:00,ee7c1b3290f0c899b78b2dd962ceefc9f02c867615a37197811078bbb91cb3fe,2026-08-23T15:20:27Z,2026-08-23-3
2026-08-22T11:00,ee84c66d03eb8e3254794710e29b2509fe23c2924d6813fd24242871480657e5,2026-08-23T15:20:27Z,2026-08-23-3
2026-08-22T11:00,ee9058d78af38c893baeb6e3ee7e6c11a54a514f2b85659c1dc96e3e2068fb50,2026-08-23T15:20:27Z,2026-08-23-3
2026-08-22T11:00,ee99f3ccd0f8a4f209d0e8976d4d872702e49e45d04490c1e312a62761f5c50f,2026-08-23T15:20:27Z,2026-08-23-3
2026-08-22T11:00,eea6230f612ad1136377dd259d7e03a073fb9f71f6ee47e2a118fe5a1018305a,2026-08-23T15:20:27Z,2026-08-23-3
2026-08-22T11:00,eeac7910dca9c92712d4bfcc507fef0cd551f6af9004a44e056270369b283d0e,2026-08-23T15:20:27Z,2026-08-23-3
2026-08-22T11:00,eec01c0dd80f2b5d01bda382397d607fbac5cdf38711638005055b672b27d43e,2026-08-23T15:20:27Z,2026-08-23-3
2026-08-22T11:00,eed70a2b221ef7ca3f5167ff8eb900f785a64e243989ecee166a7dc7be4732e5,2026-08-23T15:20:27Z,2026-08-23-3
2026-08-22T11:00,eef4ca315747d64481f49ad3f490bdf1293fcd2d0c1ea2da392eea1eb24e422b,2026-08-23T15:20:27Z,2026-08-23-3
2026-08-22T11:00,ef071e31747aa4f4778e08120a7bce941af0f470b14d0d381b8eb9f1b19ae480,2026-08-23T15:20:27Z,2026-08-23-3
2026-08-22T11:00,ef0add5ee22fb9ef0d66533407c106f603534833142c3f3e65b48d1f8cc22800,2026-08-23T15:20:27Z,2026-08-23-3
2026-08-22T11:00,ef0c8f9e6c1af17650c31457b914825617bd3f7a97c580a53736b348c208d0ae,2026-08-23T15:20:27Z,2026-08-23-3
2026-08-22T11:00,ef12d7074e94053cd242d2917084dc8a8d06797d531b0c1c21e74d2758b9f840,2026-08-23T15:20:27Z,2026-08-23-3
2026-08-22T11:00,ef2d5a242625e595ef802a130c6ecb9bc5768c9b27c40f082e1d796f59c0df12,2026-08-23T15:20:27Z,2026-08-23-3
2026-08-22T11:00,ef41a1f508602a809bb50b9c41ad4141834ed3b2cf84eb935560df0ccf9fffab,2026-08-23T15:20:27Z,2026-08-23-3
2026-08-22T11:00,ef455565a9b47a554a207dbd568633172cbc03aa44628680da800fe5bccafa25,2026-08-23T15:20:27Z,2026-08-23-3
2026-08-22T11:00,ef468a05a16bd7371b5eeee0ede37d0137db540727a4484dd445846a4b34ec81,2026-08-23T15:20:27Z,2026-08-23-3
2026-08-22T11:00,ef4e912625b8df83d3253d4f059dccc7bf4500af75ceda1d7613ef14d84bf6c5,2026-08-23T15:20:27Z,2026-08-23-3
2026-08-22T11:00,ef6d9115bf5fd1d3f10701bd1ba16383e68b24fa129308ab8a30ebfc7206fed1,2026-08-23T15:20:27Z,2026-08-23-3
2026-08-22T11:00,ef7e32d90b6db77030204793461bc1279ff6a57aad9448340004aec73444e634,2026-08-23T15:20:27Z,2026-08-23-3
2026-08-22T11:00,ef935fda21318cae55da518c0b0c1eb83df81006b9540755fdea56cb6d50a812,2026-08-23T15:20:27Z,2026-08-23-3
2026-08-22T11:00,efaf32be82ede7e090c0482487ec03e9060b251b02d3b0fddc13a9c5c18318c3,2026-08-23T15:20:27Z,2026-08-23-3
2026-08-22T11:00,efbde8355f8fb85d54559aa4b3bc1823e5221c35c7b6d7976b22ce1bd2c445b2,2026-08-23T15:20:27Z,2026-08-23-3
2026-08-22T11:00,efce69ca4f1940307ee6db61186229494d6a667dbc84d23003d691ff4431c57b,2026-08-23T15:20:27Z,2026-08-23-3
2026-08-22T11:00,effa76e5a0b57faff6a876e37f9f0b5ff62284e13a25cf97e98ceb001856bd81,2026-08-23T15:20:27Z,2026-08-23-3
2026-08-22T11:00,f021b052570afcccfdef9e05ae2362c304e512c8f32609e5a552c2959abae390,2026-08-23T15:20:27Z,2026-08-23-3
2026-08-22T11:00,f0325749b4bb3693124542bff46aa8ba72f2c9037c96c3ce244d2c80e5b3ea35,2026-08-23T15:20:27Z,2026-08-23-3
2026-08-22T11:00,f04fbfbb59eee4d03a7524ac78fb1b7036f2cea233ce2409167958a50568c011,2026-08-23T15:20:27Z,2026-08-23-3
2026-08-22T11:00,f0584842138a52158f510bfd8dcf298841d97fa68855dbbfe2a0f6edee7c3338,2026-08-23T15:20:27Z,2026-08-23-3
2026-08-22T11:00,f06f004e2ec809790cc64456ecfb6e1c9502c494161c8f3c36164e755ffd9994,2026-08-23T15:20:27Z,2026-08-23-3
2026-08-22T11:00,f071c32e1acba4bfd6c63a43bdf6eeba1984ef5369f5b5e18984fb8d5827a6e8,2026-08-23T15:20:27Z,2026-08-23-3
2026-08-22T11:00,f086061a9e86f7b55db4b9a11d12a74cc30732d8ed08295c4b00870863bf451e,2026-08-23T15:20:27Z,2026-08-23-3
2026-08-22T11:00,f0885d2d71f199e88373ea8bf51e7506f2841b9850a49e3ad462c81cb4ddd069,2026-08-23T15:20:27Z,2026-08-23-3
2026-08-22T11:00,f0aa91974e0ad6ca58685787e6b44fa037cfd800e1d56928380594665b146fc1,2026-08-23T15:20:27Z,2026-08-23-3
2026-08-22T11:00,f0cb2ef5acd4428988ad14d2135c82ddc7ec7b35191316aa19b005f931767361,2026-08-23T15:20:27Z,2026-08-23-3
2026-08-22T11:00,f0cfdcb4bfc99bed61ef6f9b8464fa37d1f946935253925ab0d44387f2777296,2026-08-23T15:20:27Z,2026-08-23-3
2026-08-22T11:00,f0d270fbca2eedeae41890762b8dcaffbbf09bfe4caadcdf8014ec7c16b7eed8,2026-08-23T15:20:27Z,2026-08-23-3
2026-08-22T11:00,f0d9c088eec94b160ea18f6eed4781eccdea8e3adc0ea027c8e6da68b823df9a,2026-08-23T15:20:27Z,2026-08-23-3
2026-08-22T11:00,f10babf59d8804b59e8e829ceb258a9341ab336fd8033a16a851cb4562a0e31c,2026-08-23T15:20:27Z,2026-08-23-3
2026-08-22T11:00,f10ecf929531317dadf5c036d21f5113da3d14aae73428e74c9a380525d62e5f,2026-08-23T15:20:27Z,2026-08-23-3
2026-08-22T11:00,f111126efd1afb7d0bd6da812df7cf19b27106e3d13ebbb1842ade0a3d183648,2026-08-23T15:20:27Z,2026-08-23-3
2026-08-22T11:00,f12f2bab89f846d9005fb73c791ad5e38d67d6135a87d6a5e8fc023299c00257,2026-08-23T15:20:27Z,2026-08-23-3
2026-08-22T11:00,f130d55c96f150477d3903d38468ed07fbcf9ba265492b60cc4725c550156adb,2026-08-23T15:20:27Z,2026-08-23-3
2026-08-22T11:00,f141f4085539d458092ec99e55b46143752766f3ccf1f07c8617ee43a6da7d2c,2026-08-23T15:20:27Z,2026-08-23-3
2026-08-22T11:00,f143631bf3edc06a7abb2b8e2e93eca95534b25fbc19fd50f14ea1612c521579,2026-08-23T15:20:27Z,2026-08-23-3
2026-08-22T11:00,f14c51ae873c7721b098afa7bf6b973aa761192a1d97491c1b47c6a7853708da,2026-08-23T15:20:27Z,2026-08-23-3
2026-08-22T11:00,f14f55593fe718fe6a41d6be606845540fc50f20d97c5f5fa83807dc1f59d9bc,2026-08-23T15:20:27Z,2026-08-23-3
2026-08-22T11:00,f15d85befe8b06c8c7649baa045657cbadbae113f220754a45a92b9e95a74694,2026-08-23T15:20:27Z,2026-08-23-3
2026-08-22T11:00,f15e95c06752d070a056ea97dc2b488d94979958933f4de52b7cffd5c03aa078,2026-08-23T15:20:27Z,2026-08-23-3
2026-08-22T11:00,f16a35767e05c152e1637429c0c32759caabe291386bb89670f257eb0a39c073,2026-08-23T15:20:27Z,2026-08-23-3
2026-08-22T11:00,f170b17ad3d7c3d5b78e2418bf895ef35dddf86c3dd228a5c48c269f02bf1df6,2026-08-23T15:20:27Z,2026-08-23-3
2026-08-22T11:00,f172ffa898aa420c95dc59f7a7fb34170e7e4c30b93b6a82b90cb42d03bf8404,2026-08-23T15:20:27Z,2026-08-23-3
2026-08-22T11:00,f1840e69e1e61deca6b20fd6446dbb813d75edfa1d1e09da5b0ccb34f5e9cea5,2026-08-23T15:20:27Z,2026-08-23-3
2026-08-22T11:00,f184b216bdc99940225f450ca0024d8ff0d9ce7c8061162f6cdca8a313e6e873,2026-08-23T15:20:27Z,2026-08-23-3
2026-08-22T11:00,f1859c5bfd11aefc83793b622280016e5136569a4a33fd9cf73976befe774a5d,2026-08-23T15:20:27Z,2026-08-23-3
2026-08-22T11:00,f186ea1cf0fde1f038fdfa1072f78de59977e808b79a6ba49c1df29295ad20f9,2026-08-23T15:20:27Z,2026-08-23-3
2026-08-22T11:00,f19caf9412beac729199e6279443983244a227305bc35fb9217bd4205cdf856d,2026-08-23T15:20:27Z,2026-08-23-3
2026-08-22T11:00,f1ae4283a0a763e97d550f0d58a9e07c7c2580cc42489b3420b5a69fc6ba428c,2026-08-23T15:20:27Z,2026-08-23-3
2026-08-22T11:00,f1bf17ca6c53194481d32bbd5bb1085fa871ef26d48ab3093f5fbf8ede6a33f7,2026-08-23T15:20:27Z,2026-08-23-3
2026-08-22T11:00,f1c5790f700e0217ff87c725d8a9040ef7903208c79f79cfbcdebcd0b7fc9fba,2026-08-23T15:20:27Z,2026-08-23-3
2026-08-22T11:00,f1e7ecce8137c42ee4f39f8c46cc281b69750d8a9bcfa7d821bf29f73b0e14e3,2026-08-23T15:20:27Z,2026-08-23-3
2026-08-22T11:00,f1f7d4f8001b4288ac8c42bb6a97b81382ec638bd4f67fcb73232167c1282993,2026-08-23T15:20:27Z,2026-08-23-3
2026-08-22T11:00,f204138c2aa09750de75dcb799d88830f98dc9e4a2dd66d78444935ab8eaa6a1,2026-08-23T15:20:27Z,2026-08-23-3
2026-08-22T11:00,f2079a1b11dbdb2aa927edc82e306a6974d8b25875db96ece1b37c75fcc2f59a,2026-08-23T15:20:27Z,2026-08-23-3
2026-08-22T11:00,f20a2172736f1a3509c8630469c168790921f7bf03b8ad72df1391e44fa18911,2026-08-23T15:20:27Z,2026-08-23-3
2026-08-22T11:00,f20c2bd5238ecc6992407b044663a3d281481459292979d3564c2e64dc89b1a4,2026-08-23T15:20:27Z,2026-08-23-3
2026-08-22T11:00,f221ed72056130c5fe8de208f23cc1434231e2af40fbf263b5d8d813f519e772,2026-08-23T15:20:27Z,2026-08-23-3
2026-08-22T11:00,f22637dede16d56fecbb56db0e6485732a5d69a5ba6a1cd3823db146bdb1fbc8,2026-08-23T15:20:27Z,2026-08-23-3
2026-08-22T11:00,f243d1faf303c2221416d2250fe3cca5728332bcb7f92da2127481b98ab6d755,2026-08-23T15:20:27Z,2026-08-23-3
2026-08-22T11:00,f2546cdceb249a312eaf9fa284655f6567c80d451db9eb145fdfcedf90fb6d79,2026-08-23T15:20:27Z,2026-08-23-3
2026-08-22T11:00,f26b1cbbe679c541b81fc609a2ebb8ac2a7924a2921a1d5c274802e6618a2a02,2026-08-23T15:20:27Z,2026-08-23-3
2026-08-22T11:00,f26d4df66a13f77cf2e4d0d110ba2dba62d9270c67b982f353a85a71f5c56a7a,2026-08-23T15:20:27Z,2026-08-23-3
2026-08-22T11:00,f2731d72b91f7e38426a5fc4747bf4ea36643a4a622c7276b2633905009a6b75,2026-08-23T15:20:27Z,2026-08-23-3
2026-08-22T11:00,f27e81386276dea887e6d6f955de1e2ab7a6783cac7cadcb4ad70ade2a6732c0,2026-08-23T15:20:27Z,2026-08-23-3
2026-08-22T11:00,f282bcdc97e33a39a20dde0c30390a4ce145fd206741f782b39988ada16a694f,2026-08-23T15:20:27Z,2026-08-23-3
2026-08-22T11:00,f2942505f7fe1a65957ed7ce11d6738a9f1075db9dcedf7ea29b4f74f1c53433,2026-08-23T15:20:27Z,2026-08-23-3
2026-08-22T11:00,f299c1b6369202f5cb7f68e5dd389804919da17abba0efb9e10efe57994be5c2,2026-08-23T15:20:27Z,2026-08-23-3
2026-08-22T11:00,f2a1f575e5bf6dd2323daabeefd7b105cc2bf39fc674d6a932b9c6a97e39e1e3,2026-08-23T15:20:27Z,2026-08-23-3
2026-08-22T11:00,f2b9cc63b9dc886e12f28ad5ff3d750f1c81b72736f14378f80125a81bb2d1e0,2026-08-23T15:20:27Z,2026-08-23-3
2026-08-22T11:00,f2c27a92d0c09277732ba5cf812f0e8ba16fb32da64460c80937fc00b8b6d69a,2026-08-23T15:20:27Z,2026-08-23-3
2026-08-22T11:00,f2da50172fdbd808711e7e9322684d72650e9f7709caec4cfa0872176c152b90,2026-08-23T15:20:27Z,2026-08-23-3
2026-08-22T11:00,f2eda8ab57d4f00ad470b7c276b189aac94b27e62f3fa6ecb20778a9ea0eb0d8,2026-08-23T15:20:27Z,2026-08-23-3
2026-08-22T11:00,f2fd2516f26ac23135c7bbdac65dd21c65bf2382266948cc8666bb8f2d90b016,2026-08-23T15:20:27Z,2026-08-23-3
2026-08-22T11:00,f2fd6ca76e49b97baf209b08a472d065c8d010ca4a965441f0f6a9ec1bc965ae,2026-08-23T15:20:27Z,2026-08-23-3
2026-08-22T11:00,f2fe5cbde18d64e7693b290daffcc2d9e41e9bd076ed6b94ae6ed2be234dc576,2026-08-23T15:20:27Z,2026-08-23-3
2026-08-22T11:00,f3069ba253e03cecbe1af31a4b3b99d28401ef43df518e952e1c98e25c83ad16,2026-08-23T15:20:27Z,2026-08-23-3
2026-08-22T11:00,f3178d8b3aa4ede482141a08d780dc8dee43b0f5caece2623793ab3af7916d3e,2026-08-23T15:20:27Z,2026-08-23-3
2026-08-22T11:00,f329604cf90ae0b3cfcfae349d6eacf1223124683c5bcd5d04dab72e0580de03,2026-08-23T15:20:27Z,2026-08-23-3
2026-08-22T11:00,f32b7aefa536aabf99a4c9153a1785b38a252cee04406c9e266c322838a60e10,2026-08-23T15:20:27Z,2026-08-23-3
2026-08-22T11:00,f34e2c7babc2031c51c4e02e7f21d2a581e8f20e726a84322b187fa754205ed7,2026-08-23T15:20:27Z,2026-08-23-3
2026-08-22T11:00,f37de11bc42ac43d87f01dda9a11526e6ec444e8aea50177eb148ae7cda3790d,2026-08-23T15:20:27Z,2026-08-23-3
2026-08-22T11:00,f38297f3d6e870f4cbb01e3bc5b27f8623978e11088d140c25eb98a890d82d44,2026-08-23T15:20:27Z,2026-08-23-3
2026-08-22T11:00,f389f9a0ea1a5ea87b270f00be4a1861a95abfcd3b972db14c1bd83429f50d33,2026-08-23T15:20:27Z,2026-08-23-3
2026-08-22T11:00,f3a42dde31312f0c1efbe566fdf4074dfec7a7988499bdf1de149ee8b1e61a5f,2026-08-23T15:20:27Z,2026-08-23-3
2026-08-22T11:00,f3a8dd8d9c85dd9eba69d7ebec24bd4bb2703c80117db12db4c913a2418f3025,2026-08-23T15:20:27Z,2026-08-23-3
2026-08-22T11:00,f3ad0bad7648d944215d89cf472e91b67cd83b750c492d631248dfdbcc6c0e51,2026-08-23T15:20:27Z,2026-08-23-3
2026-08-22T11:00,f3d9b0cb15d6ba3dd306a2523c84089e248fa0daa32942bfd0bfad51ac2b235a,2026-08-23T15:20:27Z,2026-08-23-3
2026-08-22T11:00,f3db758df8feaad20555fdc8fd65c8fc5e05743c8de4c1b7fa2552120d19da31,2026-08-23T15:20:27Z,2026-08-23-3
2026-08-22T11:00,f3dbb67d35044d3e82f400593612d89bd3854078d5d87bb1154d8d706a2b30d4,2026-08-23T15:20:27Z,2026-08-23-3
2026-08-22T11:00,f3df812d9c29e53409c07601907e07dab90d21c84a7c54eb195f6fdfd6185ecc,2026-08-23T15:20:27Z,2026-08-23-3
2026-08-22T11:00,f3e67388e910a2d900852f17f9ee94b92c925a95151961bc461e0112a7a40beb,2026-08-23T15:20:27Z,2026-08-23-3
2026-08-22T11:00,f3ff3634ca9d9094ed44167f15eefd07106bf190dedb9bce7c9a1fcda45e471d,2026-08-23T15:20:27Z,2026-08-23-3
2026-08-22T11:00,f402699ae6d78eb13b83b4383a3334e9f07b80897bca126cb747c354e1d40dc3,2026-08-23T15:20:27Z,2026-08-23-3
2026-08-22T11:00,f40e4377408f685ff6872982c6e180c5fc79ae49cf9f1815ada2afaadc524c2c,2026-08-23T15:20:27Z,2026-08-23-3
2026-08-22T11:00,f443de946cf38955186f067e0c1346f0585aa3faabf63f8b3df50f3c7d243563,2026-08-23T15:20:27Z,2026-08-23-3
2026-08-22T11:00,f44c9c018083975ec11e9cb4c88ddbfd8df073644e36b9384b1123780300960e,2026-08-23T15:20:27Z,2026-08-23-3
2026-08-22T11:00,f450311d7d5a90d934871650447e0e5ccc0aafdc198282192efe0861682b2aa5,2026-08-23T15:20:27Z,2026-08-23-3
2026-08-22T11:00,f45c751a8120d4e12cec4843e7f18db93d81df49481b3a19d97268ca0e8039e9,2026-08-23T15:20:27Z,2026-08-23-3
2026-08-22T11:00,f470b9b1cf9ad2ed0d76dbb8aac2169e1598d46d7cd657fcafaa18ae97ace372,2026-08-23T15:20:27Z,2026-08-23-3
2026-08-22T11:00,f4782eab711ba5ec979a556959d8e71a07b94137bb1de64b27ca36e3c0a7d373,2026-08-23T15:20:27Z,2026-08-23-3
2026-08-22T11:00,f4788ba3cb5bf982fd71c4bd332f17fb267f65791348552bcb0ae9f1b25e962e,2026-08-23T15:20:27Z,2026-08-23-3
2026-08-22T11:00,f47d977e79a0837cd7eda4eea87c8e9261b3644958b188dca0a4e65681837e4a,2026-08-23T15:20:27Z,2026-08-23-3
2026-08-22T11:00,f47e8f0dcf67a37eae93618a0a25f51216c505f634e7722ae5be0eba4f7ac180,2026-08-23T15:20:27Z,2026-08-23-3
2026-08-22T11:00,f482b0e9fc5aae7b28f7a0681dabb81659347d50d81019594a61c0c55e27e157,2026-08-23T15:20:27Z,2026-08-23-3
2026-08-22T11:00,f482c837d6cf006b02ec4f17f3d851a31e16458df0d65db3c02827d3d804789b,2026-08-23T15:20:27Z,2026-08-23-3
2026-08-22T11:00,f484173e297645d808055d89aac309fc95a0cd414043b213756c45ae9ac360e5,2026-08-23T15:20:27Z,2026-08-23-3
2026-08-22T11:00,f48599d2c665e8a3105fbf93575d5a9554224b5b4478077104ef4efac5dba42f,2026-08-23T15:20:27Z,2026-08-23-3
2026-08-22T11:00,f490149c8441c02ce4f96342fad79c2f03e3e82cca58f9f869424bfbf1f1eabc,2026-08-23T15:20:27Z,2026-08-23-3
2026-08-22T11:00,f499807c4838916563cff70283a5f40869c108c09c17bea4cd288ace81d2b2b9,2026-08-23T15:20:27Z,2026-08-23-3
2026-08-22T11:00,f499843f96383895c6ffe7bfabbfc188192e3b1d2d2975df780905143a1e50c3,2026-08-23T15:20:27Z,2026-08-23-3
2026-08-22T11:00,f4b16ea1ae462d2b58412e2bc0742d4bdeba5d08206dc7e811674b614c6c1a9c,2026-08-23T15:20:27Z,2026-08-23-3
2026-08-22T11:00,f4b4d98b2be4311c837c698a5ab18e3d798940f482c1afe7e25aec78fd20c0d3,2026-08-23T15:20:27Z,2026-08-23-3
2026-08-22T11:00,f4b5f4a9dfc18f437f4f1a268e99ef9d7314cd7dc45d2aa09cd2d97ecd1377a2,2026-08-23T15:20:27Z,2026-08-23-3
2026-08-22T11:00,f4bbf1c3572c46ac2aa8413ca1cd4c5f93364b93929d77fdec72e3f0bd5c0b0a,2026-08-23T15:20:27Z,2026-08-23-3
2026-08-22T11:00,f4be18b46597191058a45ce3cc9f19c3214c5f86d1671f5ebe33b3d480031b36,2026-08-23T15:20:27Z,2026-08-23-3
2026-08-22T11:00,f4c2e249be1d1552c4519cb10ea8c59543fb0ea4a07a7607525612eaca345e9c,2026-08-23T15:20:27Z,2026-08-23-3
2026-08-22T11:00,f4d24d0e03527221374b51134ec568b343405441a9bc7b293ab489402cd96b63,2026-08-23T15:20:27Z,2026-08-23-3
2026-08-22T11:00,f4d349eebc31eebf5dd09ede9a673f425d6f0d01590be0260f672250e5abc5d9,2026-08-23T15:20:27Z,2026-08-23-3
2026-08-22T11:00,f4d5cce5e4d026b8ac5ac315f8384a542989348a8edc451687ef4d2edc6df738,2026-08-23T15:20:27Z,2026-08-23-3
2026-08-22T11:00,f4e0423d66a14da4798db32575da0c8384e157136b42717da13606909d5eb0aa,2026-08-23T15:20:27Z,2026-08-23-3
2026-08-22T11:00,f4ecfbe6fa73fbf1f121122ad3632098cbecc7bdd74128944b8516369f24d5de,2026-08-23T15:20:27Z,2026-08-23-3
2026-08-22T11:00,f4eda0a27e36e58363f3e5ec3c40b0b47929e047dbf1b08e58d6c5b6a55e5bbb,2026-08-23T15:20:27Z,2026-08-23-3
2026-08-22T11:00,f4fd31d1d875e86bebb3fd1a48cdaf79eec0d53e28c4e1ed8dd574c51a043965,2026-08-23T15:20:27Z,2026-08-23-3
2026-08-22T11:00,f5110c1c36aeeeeb65646e7504df2f157689027c7cc867ba14b864ba75e49590,2026-08-23T15:20:27Z,2026-08-23-3
2026-08-22T11:00,f517938212f45596da7074a935716cc87c6f48857c8c2dcdc0ca9f6a74abef93,2026-08-23T15:20:27Z,2026-08-23-3
2026-08-22T11:00,f51da3297261f7bd9218976f4e8a509608c1dfa035231863818a50d204472d76,2026-08-23T15:20:27Z,2026-08-23-3
2026-08-22T11:00,f527dbf58c7c430edd41a5c4ab3b6799c6d72c357c4055d6de99d314cdf02cc7,2026-08-23T15:20:27Z,2026-08-23-3
2026-08-22T11:00,f532c781004554a7fb8dd626ca4f7d10712d054e3a2a0928112b4c4bf22fc25a,2026-08-23T15:20:27Z,2026-08-23-3
2026-08-22T11:00,f54a1a2504258f7da31808358a7d9ed08ae42426256fdbdc2f317cd82c2c414c,2026-08-23T15:20:27Z,2026-08-23-3
2026-08-22T11:00,f55d85e0cdd98851cdd1e5821511513f461129b1344a07b058a4b7d49150bbea,2026-08-23T15:20:27Z,2026-08-23-3
2026-08-22T11:00,f5632f6f91e28fe650fe4b251a1b0a27c9184ac5d03f127793967904fa03ca16,2026-08-23T15:20:27Z,2026-08-23-3
2026-08-22T11:00,f56c542f57bec4122afe924025851fbed0811e259da643bd9fd664dc2f4009a5,2026-08-23T15:20:27Z,2026-08-23-3
2026-08-22T11:00,f57f1d3ed91dcab004aa3c066dcb9ee725d79e619ad64d6d16df745826bd55c8,2026-08-23T15:20:27Z,2026-08-23-3
2026-08-22T11:00,f5885f88efe602c0aab43526bdf91e46beaa0e7a92581381c3ccba235da249e1,2026-08-23T15:20:27Z,2026-08-23-3
2026-08-22T11:00,f588f4322d029f8de77f91cb0bf1931e80410893ba268fd77d26dd0cfae669fb,2026-08-23T15:20:27Z,2026-08-23-3
2026-08-22T11:00,f593c6a2ea05e8f407eedec3e464bb982b0007fc1df2f4715cb3786bb9c046c3,2026-08-23T15:20:27Z,2026-08-23-3
2026-08-22T11:00,f59abf9daf09ece401fd143bf8f5a4c655ba37fd847e12fa29cf259cb842ce2d,2026-08-23T15:20:27Z,2026-08-23-3
2026-08-22T11:00,f59b913bd890892a3d0f1965a2fdd0716d45d469680dd8a301702b995c7ef9b2,2026-08-23T15:20:27Z,2026-08-23-3
2026-08-22T11:00,f5aca0dcbebab494ab489c9da0e4b57133ebe6b30bf95671d8ed3ae43fd08b63,2026-08-23T15:20:27Z,2026-08-23-3
2026-08-22T11:00,f5afeabfec92889e8f6f6abf7304504f6c50258dc27b2204c426a766539c0e6e,2026-08-23T15:20:27Z,2026-08-23-3
2026-08-22T11:00,f5cb27a9561d240f57ba82c863f5967318ecdd8333516f41b268fac73f1e91e9,2026-08-23T15:20:27Z,2026-08-23-3
2026-08-22T11:00,f5ebce8be130b0e9792f9f7856f4df236733424852f3d61b21de28fcba451388,2026-08-23T15:20:27Z,2026-08-23-3
2026-08-22T11:00,f5eefe9cc8d0b986d27255cf026d715b4ea23a8208fb443cfef4790dca5faeb3,2026-08-23T15:20:27Z,2026-08-23-3
2026-08-22T11:00,f5efbb5dc89f657c1da304412540c670cb1074fb3b68a91007b5ddcb906773a9,2026-08-23T15:20:27Z,2026-08-23-3
2026-08-22T11:00,f5f9245b113706b035726b5421db25adf6313d70c90f791d63773594031448f6,2026-08-23T15:20:27Z,2026-08-23-3
2026-08-22T11:00,f5ff4d2048b87f53ed0b3f901eb6b4bb04502531778901e0a48f1fc0c71e824f,2026-08-23T15:20:27Z,2026-08-23-3
2026-08-22T11:00,f6036e9f2e53d705d5e221855225db3e5953429cab53fd341ee09f1c6de47522,2026-08-23T15:20:27Z,2026-08-23-3
2026-08-22T11:00,f6380578166836f42e96f945f60ceeb9dabadff76fb15ede6d1be1f474c06007,2026-08-23T15:20:27Z,2026-08-23-3
2026-08-22T11:00,f63e2512a14e386bfa28a2b6dbba1fbf6bfa330e0a5731b5d562b9d83c5f5fa0,2026-08-23T15:20:27Z,2026-08-23-3
2026-08-22T11:00,f63fa9eed53afe60a9b12570c49e6600a7fd842c12000ab96e0cb926a2b478a4,2026-08-23T15:20:27Z,2026-08-23-3
2026-08-22T11:00,f64a2fdba3c931c7effc6dc217facc0f6b07d07e41807dc2f727c5bd20259bac,2026-08-23T15:20:27Z,2026-08-23-3
2026-08-22T11:00,f65c07c326de973a9c7b04ceb9e7672523ea8a92f583079c2a0d0d21f6661a9a,2026-08-23T15:20:27Z,2026-08-23-3
2026-08-22T11:00,f66f3aa389842b4f9881eb889a8dac8a063ac11dc52e09177783fcc784c4ddae,2026-08-23T15:20:27Z,2026-08-23-3
2026-08-22T11:00,f68129d9a0120d81d8c4e34f9ec78a7d2e30205e4717c1e8606aa1eaa24d5312,2026-08-23T15:20:27Z,2026-08-23-3
2026-08-22T11:00,f68533b2dc5db0fe41cbf1c67a711251d3c567a312288967ceef427ee9136c79,2026-08-23T15:20:27Z,2026-08-23-3
2026-08-22T11:00,f688037bba7de7edbeea6ecf08c5157ab25fa4878bfe49ecc92b49ba96ef74ae,2026-08-23T15:20:27Z,2026-08-23-3
2026-08-22T11:00,f6b93302265de7767e51d257d3c85013b5a77b5e3a3d3ece72caa10e64fbb1bf,2026-08-23T15:20:27Z,2026-08-23-3
2026-08-22T11:00,f6bd7fc4b067963d074452ecfa33739f9daccb184e511106b053614cce2dce31,2026-08-23T15:20:27Z,2026-08-23-3
2026-08-22T11:00,f6d66c761e024eb97573c2c9b8a67155d8f54c8dd48b7a925d6a2baf47c28d13,2026-08-23T15:20:27Z,2026-08-23-3
2026-08-22T11:00,f6d720104a1a5ec3fd02ae5c90f25e5ca51c2d02e4b82dc9a2ff973688a57c72,2026-08-23T15:20:27Z,2026-08-23-3
2026-08-22T11:00,f6db913a4f20d3bc77a72241ababcb8bc6f4d07d32d2cff5f628ca2d15ce3342,2026-08-23T15:20:27Z,2026-08-23-3
2026-08-22T11:00,f6dffbe2707982d4b23583f27630394d137257f637f96678a8cf677a2c033391,2026-08-23T15:20:27Z,2026-08-23-3
2026-08-22T11:00,f6f500a7857117f4dbb13965c2723eba328fcd3edba8893e6d9907fa78b00d43,2026-08-23T15:20:27Z,2026-08-23-3
2026-08-22T11:00,f6f80e4d7509555eb8b6969b5a361255bf782dd39dba97cdfcb6e6ef60eb854f,2026-08-23T15:20:27Z,2026-08-23-3
2026-08-22T11:00,f6f8b1ccb9857b5d9335548c5bfba2a37520982858520dc9c2901e34aaa9fee7,2026-08-23T15:20:27Z,2026-08-23-3
2026-08-22T11:00,f71a6913c3aa6433674a46eda0fd17a37768a982d0a8fff396bd73f154f4f004,2026-08-23T15:20:27Z,2026-08-23-3
2026-08-22T11:00,f71c5db7e69742c564eecaa76c2541e568a4795f85701c76fba1fd405d837d9d,2026-08-23T15:20:27Z,2026-08-23-3
2026-08-22T11:00,f730bfd23264282b626c827dc1082531bb60871624d08937a66e09f1c4bc3d21,2026-08-23T15:20:27Z,2026-08-23-3
2026-08-22T11:00,f73240612369bb2777410f95b17aa23c9641842a0a33bd54d58941027d3b831a,2026-08-23T15:20:27Z,2026-08-23-3
2026-08-22T11:00,f734227be351c614495a5e5b2c677b68e24d223dbbdf46399a3e87971a054940,2026-08-23T15:20:27Z,2026-08-23-3
2026-08-22T11:00,f7390b85d72c32f7970f60c392ce616d943dda29e2dc13c51f7e31b955883979,2026-08-23T15:20:27Z,2026-08-23-3
2026-08-22T11:00,f73d3a1c30182798f362cd6dccd3da0287fd5f162cbab3fa2a5e3ca4ce2030c9,2026-08-23T15:20:27Z,2026-08-23-3
2026-08-22T11:00,f7475741716d7fed13db5464189a1650026270e3339cb62b8c8cb7599375c761,2026-08-23T15:20:27Z,2026-08-23-3
2026-08-22T11:00,f74c6e93c8f151e2ebc22bb0db52baeb43d5c2dc16280ccded28c87305ae9726,2026-08-23T15:20:27Z,2026-08-23-3
2026-08-22T11:00,f74eb2d00a71810a7b1f3838c13db6f84a9742eb5f4ea86d2bf9aafb5adc981b,2026-08-23T15:20:27Z,2026-08-23-3
2026-08-22T11:00,f76950690dd257e3381ce9b37dc0d855699c68df17a370766c24933212e12e8e,2026-08-23T15:20:27Z,2026-08-23-3
2026-08-22T11:00,f76ceca492662342fcb824a69b8a27333c54b9d3de3803b1bdf6de285d856503,2026-08-23T15:20:27Z,2026-08-23-3
2026-08-22T11:00,f771ec1f3b1270900d37dd209101112724663db5c5572bf32b9896001d049dd8,2026-08-23T15:20:27Z,2026-08-23-3
2026-08-22T11:00,f780f6f62ceda46202dfe163f947254a5e384361e909dcdb7fe4700f1ed8c4af,2026-08-23T15:20:27Z,2026-08-23-3
2026-08-22T11:00,f78dcde17c21f0d7fb31b04c30e528b93e2d75abb4f3dea9a638e796c7582be0,2026-08-23T15:20:27Z,2026-08-23-3
2026-08-22T11:00,f78fb74c393390027661851dc5193c838c63d38aa9370488d1b12aea28b603da,2026-08-23T15:20:27Z,2026-08-23-3
2026-08-22T11:00,f7a1062010f112b3369aebc1328d88fd6fee6c25c5b1d7b18597d76c38569f68,2026-08-23T15:20:27Z,2026-08-23-3
2026-08-22T11:00,f7bebe3fb5356cb2f0d66690f6c42d2a817e3b442427fd01af5ae4a681f07955,2026-08-23T15:20:27Z,2026-08-23-3
2026-08-22T11:00,f7c356f27b409364350e7d60019561a41eeb236eac490ce430089bc2472a74d7,2026-08-23T15:20:27Z,2026-08-23-3
2026-08-22T11:00,f7c48eda647e9c953058e226dbf75d0fefcca3cba80a9d358f69c6f9b3ccd187,2026-08-23T15:20:27Z,2026-08-23-3
2026-08-22T11:00,f7cb79f596a7811309cf1c24008b24c50101468d71e22fa4df124ea2041b6387,2026-08-23T15:20:27Z,2026-08-23-3
2026-08-22T11:00,f7cd971dbdfb4fed8da14ca3ff40b3e0d67f8a03631d3c593b1ff25c241d317e,2026-08-23T15:20:27Z,2026-08-23-3
2026-08-22T11:00,f7dc95732d84964cc7133b30e7fa035a07a59cd1991bfabcce119d887729298e,2026-08-23T15:20:27Z,2026-08-23-3
2026-08-22T11:00,f7e14f5a82b0b5252a59a622e2f359572549a813e94c6d61cf10f46897f2f1ff,2026-08-23T15:20:27Z,2026-08-23-3
2026-08-22T11:00,f7e303159a5fdf3725296f3095ad342e48ec8f81e6011b4f5fc3a19a74d9a33a,2026-08-23T15:20:27Z,2026-08-23-3
2026-08-22T11:00,f7e3428bc7b60a3b194e8be7e07dc3ec7d9a88e1d6b755704b6bbcaac36ba8de,2026-08-23T15:20:27Z,2026-08-23-3
2026-08-22T11:00,f7e3670c88072fee6115a0b0e07f8e219b7ba47f6f4bb809ed1e37a484f30bbc,2026-08-23T15:20:27Z,2026-08-23-3
2026-08-22T11:00,f7f29c00a8814d7b2669d6f744c4223248b07cca923b450ae632d436291c5ad0,2026-08-23T15:20:27Z,2026-08-23-3
2026-08-22T11:00,f7f2bb2718d978cc2c21e88a75339603df623cabddb1b3c2af220a3093ca11aa,2026-08-23T15:20:27Z,2026-08-23-3
2026-08-22T11:00,f7fe58089bbe148704750dfeeefbe0aae3d21ee12e8c38afefbcf1c7dad6a0da,2026-08-23T15:20:27Z,2026-08-23-3
2026-08-22T11:00,f8050f1e90a9291cadb4b509177c08bf259566cd58c1dc51cebc9fcee21926ff,2026-08-23T15:20:27Z,2026-08-23-3
2026-08-22T11:00,f80637b404047562605eb8e263311f827c45ef5a6c963bda85c4d459a73dc4e3,2026-08-23T15:20:27Z,2026-08-23-3
2026-08-22T11:00,f80a3896331c946c27d1e56ee556f24d1aa482f8529ae8070a134fdd9fb0c9b7,2026-08-23T15:20:27Z,2026-08-23-3
2026-08-22T11:00,f819d62de2ac79f1909828839f4da16def681003044ff5088797d8543f2f631b,2026-08-23T15:20:27Z,2026-08-23-3
2026-08-22T11:00,f827c2456bc4d0546e32ae0c1590d536fe2bfc0d2fe73b30bcdbf6184f8e0db9,2026-08-23T15:20:27Z,2026-08-23-3
2026-08-22T11:00,f83bcb372f55b0e214edd5e2893d770efd65875a56e12806ce39801bc6a04a58,2026-08-23T15:20:27Z,2026-08-23-3
2026-08-22T11:00,f849e47403a32e1f363550be74ee5ede807a0cd0d381196eb42077b5881f09b3,2026-08-23T15:20:27Z,2026-08-23-3
2026-08-22T11:00,f85327f2991be6cc9736bbb81115abfb3584e97dbf48596a92f8923a5497a5c2,2026-08-23T15:20:27Z,2026-08-23-3
2026-08-22T11:00,f854e02452e197ae3ad4d7f6aa3f76071eb5786d0b0925f46cec6fa3e37543f4,2026-08-23T15:20:27Z,2026-08-23-3
2026-08-22T11:00,f858332d2113c3d8065c170f6da85700a784f15acd803efc201793d8ef7ec78e,2026-08-23T15:20:27Z,2026-08-23-3
2026-08-22T11:00,f85d6cce458c8e0f17c3085728819283cceca64e1241ff6b200f75dcb48ea559,2026-08-23T15:20:27Z,2026-08-23-3
2026-08-22T11:00,f86389204f4ba06af3de5df7fbdb2c55022c391790364ef66212316f387db580,2026-08-23T15:20:27Z,2026-08-23-3
2026-08-22T11:00,f868f09c6ef2c8d6c2e52d1c7c01b522e8b234085afaf5dd315c7b970a6df66f,2026-08-23T15:20:27Z,2026-08-23-3
2026-08-22T11:00,f86a0fe6cb281c0587d01e772ae48be1febfc3f0716ed921b3758a64efe97f55,2026-08-23T15:20:27Z,2026-08-23-3
2026-08-22T11:00,f86e45793bd0318d809f0d9c13c02feac3f75f27084bb7acc5aa2a6b94097d9c,2026-08-23T15:20:27Z,2026-08-23-3
2026-08-22T11:00,f880b4b405494c639fe7401a833b55b2846938886721bd02ccb8afd7d0bf40a8,2026-08-23T15:20:27Z,2026-08-23-3
2026-08-22T11:00,f88fc4f1fedcd3c3040f756909fb0df47d704f421cf55813829db4f06774c9c8,2026-08-23T15:20:27Z,2026-08-23-3
2026-08-22T11:00,f8907e77f145b3da3d0ff079657d735dadf37f3f46209c908490dcc21b07db59,2026-08-23T15:20:27Z,2026-08-23-3
2026-08-22T11:00,f894c6e0b08ab7734ac8b7a2a8176fed35df0d06cd47e51e03e5c291314ce202,2026-08-23T15:20:27Z,2026-08-23-3
2026-08-22T11:00,f8c36640d772ebc3a8a79fc51b98fc47fccfa9e41c403da7082c35f2471a9283,2026-08-23T15:20:27Z,2026-08-23-3
2026-08-22T11:00,f8c5990fd25103e757282816839083377ff20c8745e7c5a14e589c6782dc8921,2026-08-23T15:20:27Z,2026-08-23-3
2026-08-22T11:00,f8cc7a2d8badbb9064db5abe94b3d7f1e646cff1ddf2790f3a0dca03152d2451,2026-08-23T15:20:27Z,2026-08-23-3
2026-08-22T11:00,f8df3e0d3cc81402169fbdee61bfd5fe093e09e8ae9a90ce6327c888ac618438,2026-08-23T15:20:27Z,2026-08-23-3
2026-08-22T11:00,f8dfe58ef734e1f474456716f4e0f1411bdb7466d99b918926198fa2caa93ebd,2026-08-23T15:20:27Z,2026-08-23-3
2026-08-22T11:00,f8ec64126bdac17b3b31c4b605b37e973d9d687edd758330e6ea3e1eb48255f8,2026-08-23T15:20:27Z,2026-08-23-3
2026-08-22T11:00,f8f8d8923a77343087af662f2cdfd7b5bcb7038c92b288567bc4ab26ee5a2dac,2026-08-23T15:20:27Z,2026-08-23-3
2026-08-22T11:00,f9100a047ce0e1eb08728b6223410fff541ebe70d7cabbd35cef37a6af6542a7,2026-08-23T15:20:27Z,2026-08-23-3
2026-08-22T11:00,f919334cfdf54de8235e3d4bd80891518c18064f0ccfbf6554e5add8524b039b,2026-08-23T15:20:27Z,2026-08-23-3
2026-08-22T11:00,f9202c0e74546ffd21f01f1c9ebbf633b8118f18f4755949a18d8a4b9b89da03,2026-08-23T15:20:27Z,2026-08-23-3
2026-08-22T11:00,f943b19170de33f79559a7487fcd9d3521497cf1a046a27827f3be9d014d0db3,2026-08-23T15:20:27Z,2026-08-23-3
2026-08-22T11:00,f951bda6a0f47540544dc5eb672a629084a9712e9ed0bb7a17843bf3d2c91aa2,2026-08-23T15:20:27Z,2026-08-23-3
2026-08-22T11:00,f966263f9141c64cfac2470e345572e234804fd4575ba2a88558dab631589867,2026-08-23T15:20:27Z,2026-08-23-3
2026-08-22T11:00,f96cd90098fc18bb21e2cc0eacde3d33ed46b93f182fbfa98e4d9a07e74b6979,2026-08-23T15:20:27Z,2026-08-23-3
2026-08-22T11:00,f979336bf0f082ef53925a63567ce93e32655f13203793bf357bc20727cb3a32,2026-08-23T15:20:27Z,2026-08-23-3
2026-08-22T11:00,f987f977374481b4c327f6558ef1c94bd962f1cdc4d9d44e065e54aa7a44d306,2026-08-23T15:20:27Z,2026-08-23-3
2026-08-22T11:00,f9a6fe3e0b32193c4cc43152c33fb4b6d0bb4f3edafdcfd0b68b380dddfd4696,2026-08-23T15:20:27Z,2026-08-23-3
2026-08-22T11:00,f9a9c07710474a37fa1e3c10e750c321543d04dbbe0203bf45fe756446b58e1a,2026-08-23T15:20:27Z,2026-08-23-3
2026-08-22T11:00,f9c5d1e6804687c135e82f8266f37915118e2119f0e5994b8172d0abba006d58,2026-08-23T15:20:27Z,2026-08-23-3
2026-08-22T11:00,f9c6ea1d78d7ee1c6fbe79a639a86fd43b3e19cabc56e740de14dbc980e82de9,2026-08-23T15:20:27Z,2026-08-23-3
2026-08-22T11:00,f9d6b4c49d9c1db9e1ed330afabe4b09c55670a9ca3341762188d468b69f0370,2026-08-23T15:20:27Z,2026-08-23-3
2026-08-22T11:00,f9d94efd7b20749997a8451d3e8d30c06fc96f666dc787945938d41b4a9ecabe,2026-08-23T15:20:27Z,2026-08-23-3
2026-08-22T11:00,f9dcba4d89443c7f5d48a1bb0e64dfe8eee31391337ada4e21396475f0fb374d,2026-08-23T15:20:27Z,2026-08-23-3
2026-08-22T11:00,f9ed5753358941213655e18a67f96f8f13d52e20f61eada202b2f4c949d1d10a,2026-08-23T15:20:27Z,2026-08-23-3
2026-08-22T11:00,f9ff221789e0942ded4a02e1f52be26f5aaab06ad877ede8e216af949dcb07cc,2026-08-23T15:20:27Z,2026-08-23-3
2026-08-22T11:00,fa002821b90d7a82b8e2c912348c6d7caa28b41549d1ede8a97b5d8719d2e9c2,2026-08-23T15:20:27Z,2026-08-23-3
2026-08-22T11:00,fa18683d6629d694861714add953d94c501cb7b9f2546c54b91613f0ef79add1,2026-08-23T15:20:27Z,2026-08-23-3
2026-08-22T11:00,fa199bed245e4ad281fd57338e69c2ae82ec3a40afe9cb9c469267f84e707940,2026-08-23T15:20:27Z,2026-08-23-3
2026-08-22T11:00,fa276c020c3018fb5f65f116265c4297a6f446f92d9549821b184100d3176389,2026-08-23T15:20:27Z,2026-08-23-3
2026-08-22T11:00,fa3d20acc300578e5f72c361de2f1fdb7a8afeb6b1d3a5c49f27322691e81a2d,2026-08-23T15:20:27Z,2026-08-23-3
2026-08-22T11:00,fa45c108eb541ae34945146ec4a4a48bca64a76654e14351f46dd4db4758341a,2026-08-23T15:20:27Z,2026-08-23-3
2026-08-22T11:00,fa5410010e0ab5accf84406c98a853215133c121d5b549203177ecde706e04f4,2026-08-23T15:20:27Z,2026-08-23-3
2026-08-22T11:00,fa5b925ecac074ed504c045f378c2ffb894e9ea5e7025e6dc4ba8d42d9cbf640,2026-08-23T15:20:27Z,2026-08-23-3
2026-08-22T11:00,fa5eb54906ec8043ccd873622afaa424ec094cbd81c4fac79051427042863718,2026-08-23T15:20:27Z,2026-08-23-3
2026-08-22T11:00,fa613a71d880d008657b44c30afccbd21e24b09b79f9d79931547f525d2fff96,2026-08-23T15:20:27Z,2026-08-23-3
2026-08-22T11:00,fa74ed02295c13198d9466b8c0fafb26ed745b65bf285c8be772be55415090dc,2026-08-23T15:20:27Z,2026-08-23-3
2026-08-22T11:00,fa7c06e37ad2d765db244cc1a20520265fe10b77f49d0837c5c06cbbcbd81bf4,2026-08-23T15:20:27Z,2026-08-23-3
2026-08-22T11:00,fa809963c3dedd0df6de6380808d7b4f1455cd11c7d6610ec56cfcbb6798d15d,2026-08-23T15:20:27Z,2026-08-23-3
2026-08-22T11:00,fa93f468a99fbd4192c78f3763dff3a25c2c87b742529a04e0b09921ab167cb2,2026-08-23T15:20:27Z,2026-08-23-3
2026-08-22T11:00,fabc6ef2e876397360e61d632e4964a362fe938248c7df853c02f51c1edac8d9,2026-08-23T15:20:27Z,2026-08-23-3
2026-08-22T11:00,fac9ab49ab752248f5b532efe0de4a333b027ea6eba685981875413f5878a8d5,2026-08-23T15:20:27Z,2026-08-23-3
2026-08-22T11:00,fad673cff268a8809a9ba014d99b5bed2eb5992b58fbcec438a983699300ce13,2026-08-23T15:20:27Z,2026-08-23-3
2026-08-22T11:00,fae25992b99c3c34e33f7bde8cb2acf927437b612844aaec4fab6a9273ab8bd9,2026-08-23T15:20:27Z,2026-08-23-3
2026-08-22T11:00,faf710981c7b1c4d463462280c0eb4486b18069e1c9adbaf3c6028ad205020eb,2026-08-23T15:20:27Z,2026-08-23-3
2026-08-22T11:00,fb03b970d4a720c886ba45eadfd20814b58b2b37ce76855ac2512361d340475e,2026-08-23T15:20:27Z,2026-08-23-3
2026-08-22T11:00,fb0994e39dac9eef63d0dc573c87b628c446faaadde62231964b6bfa0423acda,2026-08-23T15:20:27Z,2026-08-23-3
2026-08-22T11:00,fb0ecc4df8eb5e981ba989772586dfc6e40f7c2f591a5fd7e2ec134c4b6b30f1,2026-08-23T15:20:27Z,2026-08-23-3
2026-08-22T11:00,fb14e33b3f207db95f2f807d9e6cfb7a0f107e80c0cae43f08e2c238689c671f,2026-08-23T15:20:27Z,2026-08-23-3
2026-08-22T11:00,fb24ef286bff940398c17fcaa40e5ce5acfee21158fe3e11424cb37aa610ddd4,2026-08-23T15:20:27Z,2026-08-23-3
2026-08-22T11:00,fb25222d4228fe73bc22a9912931ca56395733196858e2eee91f78180edc9b56,2026-08-23T15:20:27Z,2026-08-23-3
2026-08-22T11:00,fb38965b12e07c81862a387a9ce0c26b696fb7ad1c96fd40e777ba2817818c6b,2026-08-23T15:20:27Z,2026-08-23-3
2026-08-22T11:00,fb38dfafd80a435f42a8e1b192005db1585b1e3172fe3e649b92463f8b276bfa,2026-08-23T15:20:27Z,2026-08-23-3
2026-08-22T11:00,fb39d4dc2082844e78584760778e8f7291ae9b6f8d93f06fd5b76e668baeb875,2026-08-23T15:20:27Z,2026-08-23-3
2026-08-22T11:00,fb49c4294ddf342790f369f26b564b5036b871d32e45afc69a0f500459ca8a5b,2026-08-23T15:20:27Z,2026-08-23-3
2026-08-22T11:00,fb75609bf680c8e3cf5031bd420329555f670b2852cb7098f4d17ce75ca76b53,2026-08-23T15:20:27Z,2026-08-23-3
2026-08-22T11:00,fb933f34df1640ce2a92f13610862a6d7d435651f6507f7e868553c6a8dc3d83,2026-08-23T15:20:27Z,2026-08-23-3
2026-08-22T11:00,fba24af8bb88b900700b46248b4423596a1a915c4d3d37f3e95f7fed39102fc5,2026-08-23T15:20:27Z,2026-08-23-3
2026-08-22T11:00,fbbbc1cd695f35defae7ad64735070abaaf94d354405eff95452992314e54ac5,2026-08-23T15:20:27Z,2026-08-23-3
2026-08-22T11:00,fbbc754b41dd69e1216765ac210de652f2066555d77aaf6c32a6d8b806d72a73,2026-08-23T15:20:27Z,2026-08-23-3
2026-08-22T11:00,fbd5c7f2369a30b99cb3254ba1a14c9a1c4f23a86c8c9f8fe36ec4e899652aed,2026-08-23T15:20:27Z,2026-08-23-3
2026-08-22T11:00,fbe426d73ec2bff1687f638437dedab72e68b289c3ddc223387b65a7d8881255,2026-08-23T15:20:27Z,2026-08-23-3
2026-08-22T11:00,fbee70cdb94d71966b7a3e77c7a37f32b870953e992989eb95ff4af1894d1d98,2026-08-23T15:20:27Z,2026-08-23-3
2026-08-22T11:00,fbf9db1c4a830baf04521fb3c935fdca5220b6073681075c16eb2ea9d0597f77,2026-08-23T15:20:27Z,2026-08-23-3
2026-08-22T11:00,fc0327c6027c6fa4341d859d2400733d1d102e05cb1adfc804afe997f628b640,2026-08-23T15:20:27Z,2026-08-23-3
2026-08-22T11:00,fc0b04a9b03b9c58081bffca31db36e49a3d7858c2dd46a9d7c6c16aa889d25d,2026-08-23T15:20:27Z,2026-08-23-3
2026-08-22T11:00,fc113279f88f6d022f291ff9a53d91a172a6a14f9a504c99081da0fe9bd1950d,2026-08-23T15:20:27Z,2026-08-23-3
2026-08-22T11:00,fc128c5e73332234e84ca69b9f6c41b15df2c6f07b73195d91b85521f1448719,2026-08-23T15:20:27Z,2026-08-23-3
2026-08-22T11:00,fc1a9abd82b35a9c86d54b1fb0f68bd137a90ec86cea086cc68200bb6a148bdd,2026-08-23T15:20:27Z,2026-08-23-3
2026-08-22T11:00,fc2ae7c68319ae888d1fe87d7c8fc86715e9f08c79625aabbe119985281892cd,2026-08-23T15:20:27Z,2026-08-23-3
2026-08-22T11:00,fc3184f921017df741cd30932ce193dba705e854307a0db353db568469e5500e,2026-08-23T15:20:27Z,2026-08-23-3
2026-08-22T11:00,fc3277b03ec2ccde924e8d237ce2f95c7e89901357135deab175058e23605596,2026-08-23T15:20:27Z,2026-08-23-3
2026-08-22T11:00,fc37288925573649bbf2fb2b9656ea1df2eea7185b0907371e0413dd1f6c393b,2026-08-23T15:20:27Z,2026-08-23-3
2026-08-22T11:00,fc3ec5206234bb36d48c4d8e2e17f4ec913f99ff4acea07417561633376dced7,2026-08-23T15:20:27Z,2026-08-23-3
2026-08-22T11:00,fc4670e7a2a6d9a1bc8845b7a4a02bf003ee3bba57824fc9c8b054e1833c8d05,2026-08-23T15:20:27Z,2026-08-23-3
2026-08-22T11:00,fc8cab543e27ad5a92459a16ffbe13246c09d0ddc09e92a26599df9a1ae31ba7,2026-08-23T15:20:27Z,2026-08-23-3
2026-08-22T11:00,fc90ab9a8c23e6c0899028bd25834a35c65d2e7d402b8fb2efd8a6c31e595de3,2026-08-23T15:20:27Z,2026-08-23-3
2026-08-22T11:00,fca38701d4f99003e8f6ad434a1f7c1146a0240cde85be21777fa103af568e9d,2026-08-23T15:20:27Z,2026-08-23-3
2026-08-22T11:00,fca81599e63b43a2d1e2ecd4e15074e145b778b4e32a7fb5009ad0f2d359bea0,2026-08-23T15:20:27Z,2026-08-23-3
2026-08-22T11:00,fcc65f81559e1198f6ccd374a320a4f95b81886934fc7b5cde202093bca94aa2,2026-08-23T15:20:27Z,2026-08-23-3
2026-08-22T11:00,fcea9ff2481b6146e0e601248203c92fb7fa29f3e00c01e834ee446850a4791a,2026-08-23T15:20:27Z,2026-08-23-3
2026-08-22T11:00,fcee4ba15ecfb807ab76c861ef8feeae18b4e31e4bcac09870d459fbe5741d5e,2026-08-23T15:20:27Z,2026-08-23-3
2026-08-22T11:00,fcfe418d7c164da9b61c82bd990466e5a672a9ad1a7d628d7b5d52fbb5df4634,2026-08-23T15:20:27Z,2026-08-23-3
2026-08-22T11:00,fd0766eef84ed0cb89c6274d14d3c36c7bc58ee0d8185456ecdc199b92e5c88b,2026-08-23T15:20:27Z,2026-08-23-3
2026-08-22T11:00,fd1720b9b39ca23aaad898a90bc92298602ed4762207e4cbed705b6c9f025c32,2026-08-23T15:20:27Z,2026-08-23-3
2026-08-22T11:00,fd2b192f5f40627839e580969fda09523e4ce3d7a30e0a095c05ca1b2750a463,2026-08-23T15:20:27Z,2026-08-23-3
2026-08-22T11:00,fd3793e936f9880a48bfc645ff2a26cf4f4b1f8ae66b84ae8556876681183ebd,2026-08-23T15:20:27Z,2026-08-23-3
2026-08-22T11:00,fd3a035f7b3d8e018743950e6fd4df08bf54d2e25e4fc494a04ba4a9722f3b9f,2026-08-23T15:20:27Z,2026-08-23-3
2026-08-22T11:00,fd3a6a37d1b3070d7ed07a80a6689a24f9395d5995ea877fded26ee5f920750a,2026-08-23T15:20:27Z,2026-08-23-3
2026-08-22T11:00,fd62ac2fd0d9503d34386283f95ec9b3dda78a6fb57501091d90756fccf024ed,2026-08-23T15:20:27Z,2026-08-23-3
2026-08-22T11:00,fd6874789b8e5fc893e6034c38bf5ac8350cb76140504c2c4d928b735cc21c1b,2026-08-23T15:20:27Z,2026-08-23-3
2026-08-22T11:00,fd704e1f1bd2944d3a94b9f6785b8eb014089ad3e07b30f5c307e86d1209f2eb,2026-08-23T15:20:27Z,2026-08-23-3
2026-08-22T11:00,fd797e93058cd1d0ca108a21f3bad26bf390a23fb0cd4f989f62522807b28eb1,2026-08-23T15:20:27Z,2026-08-23-3
2026-08-22T11:00,fda55bacc55c7ca9d05d787e5cde3a6b429cade964ac0adfc756c51a692603c4,2026-08-23T15:20:27Z,2026-08-23-3
2026-08-22T11:00,fdb08aa53748acce0ee4867e5aa2a84c33a5949b3c9e72a617cb8e1db5216473,2026-08-23T15:20:27Z,2026-08-23-3
2026-08-22T11:00,fdbaaff54c52bb4388c8c3ef2b1e21e82747af6e5c5cbfd5203de67d17fe2c71,2026-08-23T15:20:27Z,2026-08-23-3
2026-08-22T11:00,fddaf8cb08254feb438bcea73d0c982092315ec3670ce542a24b26a1bf820c3b,2026-08-23T15:20:27Z,2026-08-23-3
2026-08-22T11:00,fde985043b793c54171a9830655d3d8659a8097df7b7346cacf954d9c19a7cbd,2026-08-23T15:20:27Z,2026-08-23-3
2026-08-22T11:00,fe0280deeee07a84b75c6132c66bed40e2fd1cb16a7ceb57adaa646684c8ac47,2026-08-23T15:20:27Z,2026-08-23-3
2026-08-22T11:00,fe1199a1a18f5bc96af8ff069b6370aeb6ffc87f435b55cfff19d38e1c737f6f,2026-08-23T15:20:27Z,2026-08-23-3
2026-08-22T11:00,fe1652f155793c0ca17285a396f1acd287380da5352e15fc301a5a811e76de25,2026-08-23T15:20:27Z,2026-08-23-3
2026-08-22T11:00,fe2402a605c56d3a50f429cbc5d88650ac5ce5be2530690f59f0f89989d88618,2026-08-23T15:20:27Z,2026-08-23-3
2026-08-22T11:00,fe24b7446de64c797a7287a594a869ccb5ab79ae01172727b8ecd1a4a812dc6e,2026-08-23T15:20:27Z,2026-08-23-3
2026-08-22T11:00,fe2768827f3f76b01fda6d6455ed1ac41d4f058b966350f544a48e6aec605617,2026-08-23T15:20:27Z,2026-08-23-3
2026-08-22T11:00,fe3ea7c1900e48757c675eca703003e1e09cd90c3afb6e497df181b263fa6567,2026-08-23T15:20:27Z,2026-08-23-3
2026-08-22T11:00,fe411c5ad4f1ed3fba3a3ce1bccb47c430b12d89a5bf650d6d7d88ee5890c0df,2026-08-23T15:20:27Z,2026-08-23-3
2026-08-22T11:00,fe44f961306e2acba1b6c416fe97fabbe52748990b579a647a3fe4f3e4fee92f,2026-08-23T15:20:27Z,2026-08-23-3
2026-08-22T11:00,fe4b92f86d70ac2652641f8db2a470d0da3abc67a3dc0e25442a44585f596e09,2026-08-23T15:20:27Z,2026-08-23-3
2026-08-22T11:00,fe4da2bc40089dd6bd2c2e3c596e5030b5006ffc1f2635674182a1907de7dd56,2026-08-23T15:20:27Z,2026-08-23-3
2026-08-22T11:00,fe4db26d6cadac6b2476fd7a3bc08da6ea76a72d9d708cca2089b435f3ff3564,2026-08-23T15:20:27Z,2026-08-23-3
2026-08-22T11:00,fe4e53021191b0e9b905a8b52ea47fca46541d5160e4e93e813f9b231bbbfda9,2026-08-23T15:20:27Z,2026-08-23-3
2026-08-22T11:00,fe5c3c8d4ee30d91bf74fbed2a3cd55914120b69f3eaaa5994494b922217d97f,2026-08-23T15:20:27Z,2026-08-23-3
2026-08-22T11:00,fe5d44fc956d3d15fdb08eb8434cdd59be893b79253a869ad4feaa02930b6d86,2026-08-23T15:20:27Z,2026-08-23-3
2026-08-22T11:00,fe5fe461dbdbdc9318c8232cdc7b18ad93043268714a376101ee5120f809d50f,2026-08-23T15:20:27Z,2026-08-23-3
2026-08-22T11:00,fe6af3901edfb4eec80771753aa94afae56c0d7b0ce20292c9aa505304da020d,2026-08-23T15:20:27Z,2026-08-23-3
2026-08-22T11:00,fe75b04e40915ffe2a558bee257acf8529669772f5545c57cc0391d21b66fd9e,2026-08-23T15:20:27Z,2026-08-23-3
2026-08-22T11:00,fe786e6e8821bb66c5683034544ff165a0e4f617d9678c62837fa89d6b9fce2d,2026-08-23T15:20:27Z,2026-08-23-3
2026-08-22T11:00,fe7d9297b77265aa3ea8ae139ad9f9cc1d79c32c0658dabf76b07dc46eed7eb9,2026-08-23T15:20:27Z,2026-08-23-3
2026-08-22T11:00,fe899ca4c43973d6b5583e03d928b9a6ca990013cf58642366180afd181bdb56,2026-08-23T15:20:27Z,2026-08-23-3
2026-08-22T11:00,fe8e6522e0308ca12cc94aebe9fe1eb2a850207286528927f6acc1f0bcc6e91c,2026-08-23T15:20:27Z,2026-08-23-3
2026-08-22T11:00,fe90c8be37f89005d14e9a68990eaef1cf32b9dd7c4ac041955ad3613f317400,2026-08-23T15:20:27Z,2026-08-23-3
2026-08-22T11:00,feae6511a0a2e0f29aa93cdc235cdcd44777e8814a1c0fa3a0f0e6927d3c061e,2026-08-23T15:20:27Z,2026-08-23-3
2026-08-22T11:00,feaf558fb03af3df9810639f98028f49801ac024ee99f1d0f4f785f8f12a530b,2026-08-23T15:20:27Z,2026-08-23-3
2026-08-22T11:00,feb3549e61319a95480d587bd14826242655c4ec0450478d9fe23fe5c8d4d393,2026-08-23T15:20:27Z,2026-08-23-3
2026-08-22T11:00,fec3cdffe40eae5a5f7370214477fc8a88669de2e66d598e4fb68b413ae90395,2026-08-23T15:20:27Z,2026-08-23-3
2026-08-22T11:00,fed198f10f4df35b5cc4dcd7fc048b2d1f36cdb6e09266f3f8433dfb73dc899d,2026-08-23T15:20:27Z,2026-08-23-3
2026-08-22T11:00,fee41d2b8e4cd7aae302372700d408235c38c2bc1655b4685687614000f29785,2026-08-23T15:20:27Z,2026-08-23-3
2026-08-22T11:00,feeba28e2f6dde8914f6284458e31cf27b10bd56b8a6904423ebaa9dca814144,2026-08-23T15:20:27Z,2026-08-23-3
2026-08-22T11:00,ff0676d46a4634e9be7648180d19f61ec84b2c67119c5fc32e48059adcfb2e5a,2026-08-23T15:20:27Z,2026-08-23-3
2026-08-22T11:00,ff0a3b03144b48c358ae44d9c2968b605c772ae75b74f34eea5c5b486c69c3f3,2026-08-23T15:20:27Z,2026-08-23-3
2026-08-22T11:00,ff19993f03e86fcae819670a1d8cddb1544df5b92429ba9e81ef99872ae2ede3,2026-08-23T15:20:27Z,2026-08-23-3
2026-08-22T11:00,ff19bef71481bd8d3e9a2a7324077ad1bf54711c1225d48cf9342d29f95bf223,2026-08-23T15:20:27Z,2026-08-23-3
2026-08-22T11:00,ff36c447ff2b602dec9ada6c28297bf92b9ded5c34dca0cf43c127772ee47126,2026-08-23T15:20:27Z,2026-08-23-3
2026-08-22T11:00,ff50c369e6b5634f1c87ddebaec86cfc7e4249e1fca4cf210a615a036d1a2426,2026-08-23T15:20:27Z,2026-08-23-3
2026-08-22T11:00,ff55a3af2016eebfd0f249138958de9ae3a702a8b27314e420b079d9172cd1d4,2026-08-23T15:20:27Z,2026-08-23-3
2026-08-22T11:00,ff65864b3fa4cf41c8127cd8a4150a61993879772681c822c38d676de002f5a7,2026-08-23T15:20:27Z,2026-08-23-3
2026-08-22T11:00,ff6ca0026ea3d796da8bd78d6e1d621d276367f104a438473e05388ae12fd852,2026-08-23T15:20:27Z,2026-08-23-3
2026-08-22T11:00,ff705c8e2e02bf82bd86d0f4275d7bfce0b918205811a3d8b7fb9687976fc186,2026-08-23T15:20:27Z,2026-08-23-3
2026-08-22T11:00,ff7c1653ce2eb767fcfcc9774affc2f411aa829832661f2c159f64d4069a72a7,2026-08-23T15:20:27Z,2026-08-23-3
2026-08-22T11:00,ff80c6c70f760d1fee2c66e2c72101894ca1849f703ff2785ef55824445663f3,2026-08-23T15:20:27Z,2026-08-23-3
2026-08-22T11:00,ff9a942e3d383509f126d04b2a65e8d0544b7096602c824ae4f1d3107a5c04b8,2026-08-23T15:20:27Z,2026-08-23-3
2026-08-22T11:00,ff9c96ec9359b7dfa2e0d187b115a03bc41cccf49d05b63cb522eb5f793298c0,2026-08-23T15:20:27Z,2026-08-23-3
2026-08-22T11:00,ffa15a70e8b063c2e91cb90877c6482d0430ceda493ff013baf8908059a7d7ea,2026-08-23T15:20:27Z,2026-08-23-3
2026-08-22T11:00,ffb054b03086e33e162d0135c90dd8974ad921ddb46a4fa2f7589ffac546c5b8,2026-08-23T15:20:27Z,2026-08-23-3
2026-08-22T11:00,ffb72b96b7c35c451bcb52210c7987223ed952dfc9f13a584b198382cf907ceb,2026-08-23T15:20:27Z,2026-08-23-3
2026-08-22T11:00,ffbb3598951f6f0cf019811bb82a704b59220ae25de5d6b0e02107db335dc347,2026-08-23T15:20:27Z,2026-08-23-3
2026-08-22T11:00,ffc117c444603d6d5b6357af51f2a36d0ed36f430dbdb60bdbb71bfc8012be1c,2026-08-23T15:20:27Z,2026-08-23-3
2026-08-22T11:00,fffd7fc1694c343cf79850358fc5a9f937e493b0b19861150748a4e3e76eed66,2026-08-23T15:20:27Z,2026-08-23-3
2026-08-22T11:00,ffffa6f7b7a7d79ff8d041e91185fd07d7513c63bca28b915a1e8464d30f289d,2026-08-23T15:20:27Z,2026-08-23-3
2026-08-22T11:00,019556783044ada8a7a640f8ef9dae5ccca81bc54f65da46b177a0420d5080a3,2026-08-23T19:27:33Z,2026-08-23-4
2026-08-22T11:00,0292a460fc2dc4151c3be4c8c0d0a8c566827253cb53c8515439a2fdbd1f6e45,2026-08-23T19:27:33Z,2026-08-23-4
2026-08-22T11:00,02fa8f55c5d97278a96a87687f0dd8833a1477a1d26faa6b911072c64a2ede10,2026-08-23T19:27:33Z,2026-08-23-4
2026-08-22T11:00,030679edcf4f74c6874b364a16fb161e263ef2c8fe8c96510a9f3034dcbc4f03,2026-08-23T19:27:33Z,2026-08-23-4
2026-08-22T11:00,039c9ea017c6685823579aa3a61fecc5318d40452818de3c90b6176cc9f9b961,2026-08-23T19:27:33Z,2026-08-23-4
2026-08-22T11:00,0449a4af45d46c8f4600ab7420535caed6bf5183d863fd249d07da735190706a,2026-08-23T19:27:33Z,2026-08-23-4
2026-08-22T11:00,054dc0a4e565e3f42366644a9f36e8e977853085edf64f860e6d02bda9ab5326,2026-08-23T19:27:33Z,2026-08-23-4
2026-08-22T11:00,082f5363520eded66be63c27523bb91467a15c06b0ccd95a3e92211112d3a30a,2026-08-23T19:27:33Z,2026-08-23-4
2026-08-22T11:00,08aecbf25401c9743b3062953f31c6b2cc5161f550ac3150e08d438100909e02,2026-08-23T19:27:33Z,2026-08-23-4
2026-08-22T11:00,0a66910f1384f9d3c9d19b5550a13af9ceb49cb5993668dfc09941cfdd8fdd5f,2026-08-23T19:27:33Z,2026-08-23-4
2026-08-22T11:00,0a6ecd85cd91b2ac4bb1e7ab42464f52f8cc07cc2882f7543d503d47d3e6d973,2026-08-23T19:27:33Z,2026-08-23-4
2026-08-22T11:00,0a9a9f286c40ad0573d9bffe353928468a28f32515a5dc33c639ffd4702cee66,2026-08-23T19:27:33Z,2026-08-23-4
2026-08-22T11:00,0aaf3b58d74b9e6292f3e84c40d1779013f0f3b0950d4bd1c4f329893d4ae404,2026-08-23T19:27:33Z,2026-08-23-4
2026-08-22T11:00,0d9506f702b948189bd941512d7b6066a44659c8457a8f664f9a623d4c039d56,2026-08-23T19:27:33Z,2026-08-23-4
2026-08-22T11:00,0ec3eafa801790029b5641f46ea29e75fd5fbfc0bd26666610d68922b71eff1b,2026-08-23T19:27:33Z,2026-08-23-4
2026-08-22T11:00,0ed58256d0ecc6189771e27b5e753c60b3be0ba47fe5c198882a3ad57104d792,2026-08-23T19:27:33Z,2026-08-23-4
2026-08-22T11:00,100a275a33b43ab8bdeb3326228f07abd24746e63766234e6a5f46a017e4eec4,2026-08-23T19:27:33Z,2026-08-23-4
2026-08-22T11:00,116912fb17512f4fb39589f1d2b92b4bb2f06bb97770773ea0dbd1869e22d7b2,2026-08-23T19:27:33Z,2026-08-23-4
2026-08-22T11:00,122aa31f431f87c7b51fc8cf7eafba5b6d8b97c1203610a8bf34ceb9226250ae,2026-08-23T19:27:33Z,2026-08-23-4
2026-08-22T11:00,133decc25a02b0b0207253a7543c79b214f7cc4754ba98db2ea7d4815c36f0a3,2026-08-23T19:27:33Z,2026-08-23-4
2026-08-22T11:00,15248d53d9f4f1fb4462a54338bb6eaebf02190efceb22bf5302ebfbe3f9b937,2026-08-23T19:27:33Z,2026-08-23-4
2026-08-22T11:00,15b042f919373063dedc5fa4608af578fa883adb6e66a2d9dee21e34e6d4cfca,2026-08-23T19:27:33Z,2026-08-23-4
2026-08-22T11:00,15c41e45907aafa473b601976d6bd8ac7cc2b264056e31fe7f458c8246b2dbc5,2026-08-23T19:27:33Z,2026-08-23-4
2026-08-22T11:00,16161c7e15955d4c791d060a5e2456daa4a498fbc7f9e2cbf67bfa85f2f55c5c,2026-08-23T19:27:33Z,2026-08-23-4
2026-08-22T11:00,16b50db8176bdd3eea1b2ac6cd71a13574d210c6e3f3627c9d63bed6b79f7b7e,2026-08-23T19:27:33Z,2026-08-23-4
2026-08-22T11:00,16d0b0eb63015456b2f1d8b522c911fc55b4e6e0413f01cc216178359853c4df,2026-08-23T19:27:33Z,2026-08-23-4
2026-08-22T11:00,16dc7c7278cadd1a0ec3787886fb9fc1217a848d036e2a527edc004dc907a042,2026-08-23T19:27:33Z,2026-08-23-4
2026-08-22T11:00,1720d3778d04c8234f3269bedd76660ec11a12f21849572c0bfab9fd3ce03e6c,2026-08-23T19:27:33Z,2026-08-23-4
2026-08-22T11:00,17740dc5b55bf046e349300c89b0865de6cfbcd8183a2bfcacb343487f552d88,2026-08-23T19:27:33Z,2026-08-23-4
2026-08-22T11:00,17d4002394b50c70ec3c3b832f1b20bc95120a0acd2d8d2258c8dd19cf90c58e,2026-08-23T19:27:33Z,2026-08-23-4
2026-08-22T11:00,18323c3e71319636308f47e6b027df7a58d7b536c8f141283d8007e79244f0e7,2026-08-23T19:27:33Z,2026-08-23-4
2026-08-22T11:00,18394b1637a62339bf7a68946a8bee83008b9aed1be864f694cc660bc552c8db,2026-08-23T19:27:33Z,2026-08-23-4
2026-08-22T11:00,1871a39b6554b1a2c29ad7730c96c21f0b59b00e258c93b5c130a3537f9992ac,2026-08-23T19:27:33Z,2026-08-23-4
2026-08-22T11:00,1a1bf2edd29588a8a232e645385130ff1cccb02092713c9c4c899700296ad969,2026-08-23T19:27:33Z,2026-08-23-4
2026-08-22T11:00,1a3877fece4c6d6b225603cf0017b0e4e3f379407562c70831e0b5d530eed306,2026-08-23T19:27:33Z,2026-08-23-4
2026-08-22T11:00,1d02295abb33689f817ec4a8c65bc27aa40788597d2f41ac7a3e76f7b250a42d,2026-08-23T19:27:33Z,2026-08-23-4
2026-08-22T11:00,1dbb5ad48fbf7ea60e3b5261499319ccbc81e1d13a60adab6881a0853f1efc3a,2026-08-23T19:27:33Z,2026-08-23-4
2026-08-22T11:00,1ed337814295a29b5e0f6cf380d03036eacf1ada1bbacb5f4a8070440ffa573b,2026-08-23T19:27:33Z,2026-08-23-4
2026-08-22T11:00,1ee4ec44e92bce13caafd2c576a1989bfb88ae090a5b68b909bae51edb01c93f,2026-08-23T19:27:33Z,2026-08-23-4
2026-08-22T11:00,1f492fcd1bb730efe61eb4427407ec13f54a95ec2fb247771f86e72c8d7a6128,2026-08-23T19:27:33Z,2026-08-23-4
2026-08-22T11:00,1f4e25b7c2816cfa3b25480c582473c365075c464de32f4235ae32eb9f545295,2026-08-23T19:27:33Z,2026-08-23-4
2026-08-22T11:00,20663cbc3843edf77137fd9c9765be4deaa495ce91e75e1846399151d03bfd44,2026-08-23T19:27:33Z,2026-08-23-4
2026-08-22T11:00,2137a4509547124d4f95b7e5d8c3db5c9361cb098b6e04183a238ae1a0b4a243,2026-08-23T19:27:33Z,2026-08-23-4
2026-08-22T11:00,214b311962d87c9a23e6765fb89a5cabb7ca33e8fda035e748d491d439b66221,2026-08-23T19:27:33Z,2026-08-23-4
2026-08-22T11:00,2264c954e4afe8d60b51b063f907d6f117a5cce36c3f96f388b8efc2312a9a13,2026-08-23T19:27:33Z,2026-08-23-4
2026-08-22T11:00,234e38933239f4c1d5ad262008499b9eda308ab67332e7073493262958dd4912,2026-08-23T19:27:33Z,2026-08-23-4
2026-08-22T11:00,240ac454b1b2c3c1990a179c881e21349d4642e3673aaf99a6d8c6764b37bc36,2026-08-23T19:27:33Z,2026-08-23-4
2026-08-22T11:00,26c240f305cedaa42da73e9b5ca9b36bc97d93f96eaaeb86f9c24d7614f58e31,2026-08-23T19:27:33Z,2026-08-23-4
2026-08-22T11:00,2771a9e962747495582ec392e788c78558dd64c9fc59e52e4a3114052a1f716f,2026-08-23T19:27:33Z,2026-08-23-4
2026-08-22T11:00,27acd0afdf12e271e2e1626712429b1f5114e254db47ee7bed0d8e1b8fb2df69,2026-08-23T19:27:33Z,2026-08-23-4
2026-08-22T11:00,27bca29eb66c4319ecad4b7e566777c136e4d365abdb51b7ec65ea3a4c4b9542,2026-08-23T19:27:33Z,2026-08-23-4
2026-08-22T11:00,29162d90be2453b80c027c79d4522048a890bf948cdc294cccfdc994f6073d3f,2026-08-23T19:27:33Z,2026-08-23-4
2026-08-22T11:00,29a6afd51b2a353782c3216f2e07f81ff2f481ac59491b68b42f54a58303b016,2026-08-23T19:27:33Z,2026-08-23-4
2026-08-22T11:00,2a7bb79d9b0adb8fe79fc097934aed6e2d8630ff0c985fb946ae567792c13108,2026-08-23T19:27:33Z,2026-08-23-4
2026-08-22T11:00,2b0ee2f316569a5f9800c65a573edc379a81a1ca62db84b55bc40ac22a7ee8a0,2026-08-23T19:27:33Z,2026-08-23-4
2026-08-22T11:00,2b62b94445686c7eabb540c0e124b5274d527b34c40798fea7c5eecc3b845151,2026-08-23T19:27:33Z,2026-08-23-4
2026-08-22T11:00,2b8ffd1619859b39f93fbffdcf987efb4479aa3872e1e545aa55ef287f8a8fc0,2026-08-23T19:27:33Z,2026-08-23-4
2026-08-22T11:00,2bbff15db6f4ba52d6cd08d6451df37ea26d6ee2ae1a0eccbd04a75a4a2e6997,2026-08-23T19:27:33Z,2026-08-23-4
2026-08-22T11:00,2be78981aaa05d5953aba6d52863e95596e53fa4aac9c3cc03b770c484fc54b1,2026-08-23T19:27:33Z,2026-08-23-4
2026-08-22T11:00,2beced685a9441857af04ec430638a2db0914c1fa8d90c3e370f407e1a7b94f2,2026-08-23T19:27:33Z,2026-08-23-4
2026-08-22T11:00,2c2885fc8d0db255b0e41f25a83a0433c8b8cacb6ad36f99b83d3e73717f18e1,2026-08-23T19:27:33Z,2026-08-23-4
2026-08-22T11:00,2c5b8d08ae08f9d6b68b5f2330695405222df6b7b303ec5f6f3f6bca41a7bb00,2026-08-23T19:27:33Z,2026-08-23-4
2026-08-22T11:00,2d23b56e1f690623441f6a91dd1855590d4eb8eb0e453fa39fa5c8d9a3b60cc2,2026-08-23T19:27:33Z,2026-08-23-4
2026-08-22T11:00,2d4dbb47b0c8caef1c99f42be8c7c1db45830b566a2b05dcf45111ba591eb43b,2026-08-23T19:27:33Z,2026-08-23-4
2026-08-22T11:00,2f649d3a785cd41ddacdb1424ae5fbbe4cf539227498247632e646776f4ad896,2026-08-23T19:27:33Z,2026-08-23-4
2026-08-22T11:00,2fc47f83340947ba199057e92793284fda68cc43d26c2e62c47779ac4f94d439,2026-08-23T19:27:33Z,2026-08-23-4
2026-08-22T11:00,2fcbc675d8e3e46bf1dcc6d17b21d0c5230429eb51ede2b42f95542c993f3ebc,2026-08-23T19:27:33Z,2026-08-23-4
2026-08-22T11:00,304d2bceda4b4df082f558046c85cee1253440f70e9ecc38ddf759b14b632dbc,2026-08-23T19:27:33Z,2026-08-23-4
2026-08-22T11:00,310f05b3366f65c4e1d9eb6ae45b631f3dd3fe2d9565ab209a0c8344ce83b241,2026-08-23T19:27:33Z,2026-08-23-4
2026-08-22T11:00,31143406f94c7741577c9fdc75fabe1b87466eb37ad33f2d570a5c7270dd98d9,2026-08-23T19:27:33Z,2026-08-23-4
2026-08-22T11:00,317def1ea3199a0713b34ca0e1c9b5e80dc6f55b44fe4c4250f0ac9d5882cff7,2026-08-23T19:27:33Z,2026-08-23-4
2026-08-22T11:00,326b4a77ced5b67de5c63266e5a9fbe73fab87737a87f7e8ba7259c19683a41e,2026-08-23T19:27:33Z,2026-08-23-4
2026-08-22T11:00,32a7484c3502dd33d9eb26873b61293ad5ad3b5702a08aafac024213db36bd90,2026-08-23T19:27:33Z,2026-08-23-4
2026-08-22T11:00,33027a2e68386d975914273bf5e2a05bc5c9bc88d006b9aecb0696095046488a,2026-08-23T19:27:33Z,2026-08-23-4
2026-08-22T11:00,345989ef6957bc215c6020ad917042f507a5fcd483a8253503324faa1b8cca44,2026-08-23T19:27:33Z,2026-08-23-4
2026-08-22T11:00,34854c8aee9350e6c0ed958eb45779e585fe20c5a41a0ade314bc18a85c4c9b5,2026-08-23T19:27:33Z,2026-08-23-4
2026-08-22T11:00,3496f7b35c91923b0f5275b5419ab99ba597e331fdfe7d71cab19ad88e58674b,2026-08-23T19:27:33Z,2026-08-23-4
2026-08-22T11:00,35a82c8bd1294e35703bd829a9631b0b0ceec993e4a1f0876561338ceb0f35c7,2026-08-23T19:27:33Z,2026-08-23-4
2026-08-22T11:00,35ebbe735e086a70ca4059cfa49058efe21fe31e83cd240e70754558e5cd1026,2026-08-23T19:27:33Z,2026-08-23-4
2026-08-22T11:00,37a10a1a29738e41bd3915fea37af8fb057a6d33ca3e0e33c45453b57f145eb2,2026-08-23T19:27:33Z,2026-08-23-4
2026-08-22T11:00,37a995b6bc411a02ca3fdf85a03c35940e839ab25c536b2f748739b1dc05d451,2026-08-23T19:27:33Z,2026-08-23-4
2026-08-22T11:00,38379a5867f6e2a14245ef41e278bd78fe8b8fa0c1ad7dd238de19658e5db74a,2026-08-23T19:27:33Z,2026-08-23-4
2026-08-22T11:00,39034e886f704091c45af794a41ad7b2d9f5112fe20ac13c60efa30ffbc94fc1,2026-08-23T19:27:33Z,2026-08-23-4
2026-08-22T11:00,3a38bca1146a4a913bdd9ed274d62728e3f3113fbc5e139b29d025e68488d0f7,2026-08-23T19:27:33Z,2026-08-23-4
2026-08-22T11:00,3c69a57d95f3c1e4af6e6620fdbc44580d73be3ee8c3c3f2f6c2d2bf71331d59,2026-08-23T19:27:33Z,2026-08-23-4
2026-08-22T11:00,3cc708bc934e9bca4fa8e45a3f07ad3282467852a7470bb61838a9509dd4b5f4,2026-08-23T19:27:33Z,2026-08-23-4
2026-08-22T11:00,3e23e3ff792bee994b9055064d667624d2d063c73e63e1c7641a0580592c5caa,2026-08-23T19:27:33Z,2026-08-23-4
2026-08-22T11:00,3ea50f9bb6de12c18533a1fc41beb47778d2a8ede79d037855bc91c7a06c4936,2026-08-23T19:27:33Z,2026-08-23-4
2026-08-22T11:00,3ee581c86e8f7c0ea526fd5de0b6100ed289d6a138a339ec9b09e18bfe8ee6ea,2026-08-23T19:27:33Z,2026-08-23-4
2026-08-22T11:00,3f26110ee5164578c4bc12ef81327b8cfbbe54679889e22ee2905470237d5ddf,2026-08-23T19:27:33Z,2026-08-23-4
2026-08-22T11:00,3f6927ee2f2b032c00ccb5876d1b29b13bf2e59c43580eac28fe0420f436b55c,2026-08-23T19:27:33Z,2026-08-23-4
2026-08-22T11:00,3ff03d654f8d9572e54534aaef0729bb1764b8004564a4be584fcb74cbcc9fd1,2026-08-23T19:27:33Z,2026-08-23-4
2026-08-22T11:00,4318c767d4d0218b530122e3e32ba56187a9c83f6bc0aa42d05c8ec0a28eb886,2026-08-23T19:27:33Z,2026-08-23-4
2026-08-22T11:00,4338e7cbe3216dc5559e363a6ce966ec14d13cb325b178c2e4c17d3967ed78f4,2026-08-23T19:27:33Z,2026-08-23-4
2026-08-22T11:00,43b1c3eb3140f9d5b6f164bf1ae24ae73b2dda905b3ff7d0c77729ed00fbfac6,2026-08-23T19:27:33Z,2026-08-23-4
2026-08-22T11:00,43e2b9f4a8e0ffbf92dd65afba39ece8cbc5dc92ba146f2c3798b7b7e4f5419f,2026-08-23T19:27:33Z,2026-08-23-4
2026-08-22T11:00,44fdc7b99940ae799b9c10d2c063c85bae22e5f8d364a527e0ee371e51749037,2026-08-23T19:27:33Z,2026-08-23-4
2026-08-22T11:00,46c31b6a097ff780b1ca5637335f74d5cd83752da1f097a673edb83b5fffdf3d,2026-08-23T19:27:33Z,2026-08-23-4
2026-08-22T11:00,479e76cb64071ad1474dcab0ce401355b0c018390823bab9372807572b088d3d,2026-08-23T19:27:33Z,2026-08-23-4
2026-08-22T11:00,4879e6fb4f7ec1d7683804587d81ffa8263f01e60b2393b167fe4821c37b7aa5,2026-08-23T19:27:33Z,2026-08-23-4
2026-08-22T11:00,48e0233824610ebe81022eaf9cbfa9f834abe4378626d4f97778d66382a234f9,2026-08-23T19:27:33Z,2026-08-23-4
2026-08-22T11:00,498b348f0604898dca21c47eff26e7428e0aa2b875c67fafd087b6108111c209,2026-08-23T19:27:33Z,2026-08-23-4
2026-08-22T11:00,49d2c0480018cb3ae21da85c4308c121d12d1498ec436f2aee7aeb9971ac7dbe,2026-08-23T19:27:33Z,2026-08-23-4
2026-08-22T11:00,4ad74b17f842f50d352cf6dd655d0d396fd964d4b5078ddf64a6a1b4e8d66033,2026-08-23T19:27:33Z,2026-08-23-4
2026-08-22T11:00,4bd15b30d5227c572fca576d59cf4e936f799d6c8c82c585c132239a9ef0d844,2026-08-23T19:27:33Z,2026-08-23-4
2026-08-22T11:00,4bd7d836ffd80f3e3fdb0e97a18746b8f0300df1a3d7fbcda8f341e4c21431d4,2026-08-23T19:27:33Z,2026-08-23-4
2026-08-22T11:00,4c59215230c5de6dd30a8da7f11e2e106142fadeed1bb8c9a8d657649635853f,2026-08-23T19:27:33Z,2026-08-23-4
2026-08-22T11:00,4c605f081632a71c40890e7e1ca708818caf22c42ad82812015235ccbb30306e,2026-08-23T19:27:33Z,2026-08-23-4
2026-08-22T11:00,4cd40b814b67f417b54ebc8e3e0d3d2b655e7ee7570cb84a47ff32fd1331bf63,2026-08-23T19:27:33Z,2026-08-23-4
2026-08-22T11:00,4efc3380e20cb979461cd044ac62a7c99dbf51d0c186c7c3c3f717de67c1fd5a,2026-08-23T19:27:33Z,2026-08-23-4
2026-08-22T11:00,4efd74ede26d5d4821c5839c6f965de113cf82971b2cb2300121eca68bc3a471,2026-08-23T19:27:33Z,2026-08-23-4
2026-08-22T11:00,52e55dac32b26a7b9b81b45617f5094d5a29067e5b1a5592fc2813f23e6e2318,2026-08-23T19:27:33Z,2026-08-23-4
2026-08-22T11:00,530a0c6ea30e6a32503cc170cafd41cf4d4812f51e0ea03f02116fdb1f1a8c61,2026-08-23T19:27:33Z,2026-08-23-4
2026-08-22T11:00,54795ce76b8963879c59a0a9f29dfa8b232342e7db0f7b8226210b348c4d30dd,2026-08-23T19:27:33Z,2026-08-23-4
2026-08-22T11:00,54a4f2d6be06c06e4555d0f021594ba83ec7e7f5533d45fe6f5e745d06af0084,2026-08-23T19:27:33Z,2026-08-23-4
2026-08-22T11:00,54b6692cf80e56ca759fd394e26eb7874b662f9260a5f572c3914cf2d066fd64,2026-08-23T19:27:33Z,2026-08-23-4
2026-08-22T11:00,560ff6c48d76ec82da532f9a22e8bbde200e606dd37af9e285580782b71dbf8e,2026-08-23T19:27:33Z,2026-08-23-4
2026-08-22T11:00,565a3316a9f9d1f14a268845bcadb09c11521d9d791b7f6c1ec6a06debc1846c,2026-08-23T19:27:33Z,2026-08-23-4
2026-08-22T11:00,567ec7ef833153e64d84f9bb45234c691a680247204118cd3c128f271b742a3d,2026-08-23T19:27:33Z,2026-08-23-4
2026-08-22T11:00,56b92e318f0bd2d17b936c9fc6e63b4925aa2aa04429957f4f5fc95574987f64,2026-08-23T19:27:33Z,2026-08-23-4
2026-08-22T11:00,5738a7331f4663c02ec9cb1e0d652d8b8e81633b55e00b4f2cd92f6e1a59900f,2026-08-23T19:27:33Z,2026-08-23-4
2026-08-22T11:00,5865072f73f0470595d63c56e3ddc2da29e0f6ad957604585d1dd11446067dea,2026-08-23T19:27:33Z,2026-08-23-4
2026-08-22T11:00,58cf180cd98b58aca9c0dd21828be4404ae440956f4a006ad75f59b9d433f80c,2026-08-23T19:27:33Z,2026-08-23-4
2026-08-22T11:00,598b853703ca3c9f43bb7e157472376981703513b8a699535535e1ed797bdd4c,2026-08-23T19:27:33Z,2026-08-23-4
2026-08-22T11:00,5aa1c0e47c6994e970afa3ff856480e72cee42434d258ae3b178a071b80d98a3,2026-08-23T19:27:33Z,2026-08-23-4
2026-08-22T11:00,5b70534369de162a371ae279509473e4883cc9eb8fae36ce440ada5b941dac89,2026-08-23T19:27:33Z,2026-08-23-4
2026-08-22T11:00,5b808b335e695c1892695966916c0a5784f4db4c30db3c0b6890a434a8b1c2f9,2026-08-23T19:27:33Z,2026-08-23-4
2026-08-22T11:00,5c22dc7cc03c7d1aea0706082cc49f176f4468a670cdd44b6f5d74914ab02e55,2026-08-23T19:27:33Z,2026-08-23-4
2026-08-22T11:00,5c697a036e5530a48b6359de5b9a2380db3917a1dcce39af41b23bb8d6f408f8,2026-08-23T19:27:33Z,2026-08-23-4
2026-08-22T11:00,5ccedd8ef874e4d59972863ee420666aaa1e65e405711905fede0770571b4b3e,2026-08-23T19:27:33Z,2026-08-23-4
2026-08-22T11:00,5e7b2d24c90bac8024000afeb3ae71529b9b2756e35c58179fba22e275c4d310,2026-08-23T19:27:33Z,2026-08-23-4
2026-08-22T11:00,5e80e1f349523a7a6439297db2db4f47dc5bd10dc1906cf507a09f55bf0c0350,2026-08-23T19:27:33Z,2026-08-23-4
2026-08-22T11:00,5f5de9f6e58e071482c3bec974c8ad2e33ff323b1fee0b80afc629ce4fa00f62,2026-08-23T19:27:33Z,2026-08-23-4
2026-08-22T11:00,5f8384aba79eb18d8a75b33a95986a84f62bb2f99159a0f29ce02cb4c545cebf,2026-08-23T19:27:33Z,2026-08-23-4
2026-08-22T11:00,5f881957fff02ec1f07bd27db0a3778f20e98d86aaa55017feb21c1874a3333f,2026-08-23T19:27:33Z,2026-08-23-4
2026-08-22T11:00,5fda4e24af2f67df6013af2df91de46074bf94294ca58c9a0865414e58f62be6,2026-08-23T19:27:33Z,2026-08-23-4
2026-08-22T11:00,6468488eb941d7832a713f2d774c03950a37093e81b4bf8db44bdd453ffaaecb,2026-08-23T19:27:33Z,2026-08-23-4
2026-08-22T11:00,64a6e501de46608f403ff8d41e531922bd6d36cbb9335747ba2f036c151a4d3e,2026-08-23T19:27:33Z,2026-08-23-4
2026-08-22T11:00,66b043d3227233350d15ec45da76c86ef5915809f1152baaf30d062ab27fbfb8,2026-08-23T19:27:33Z,2026-08-23-4
2026-08-22T11:00,67a1e03f5c691bb7053f0fe29a884f1057aae97deea81afd7e5d02567b7ac3b2,2026-08-23T19:27:33Z,2026-08-23-4
2026-08-22T11:00,68c74097d3689fb1d86b0de7740a4c7d8e3897b7932db2f79926a27dbbe4d80c,2026-08-23T19:27:33Z,2026-08-23-4
2026-08-22T11:00,6a24802091ec6e095b213f8c51f42e86f2f40637cbac8d90dc5a8dcff75fe818,2026-08-23T19:27:33Z,2026-08-23-4
2026-08-22T11:00,6a53c2d0a684e2ec7f0c703ef08c832afb24d113c0bbcae426b1f383cf894d8a,2026-08-23T19:27:33Z,2026-08-23-4
2026-08-22T11:00,6b2244e9cd3765204c3eecb33ddb344023c80dcbb301f90adb4131faf4ae81df,2026-08-23T19:27:33Z,2026-08-23-4
2026-08-22T11:00,6b4d0d37b024905d98dc3732124012e1699520b085e9b6ec42c57a31b89d8369,2026-08-23T19:27:33Z,2026-08-23-4
2026-08-22T11:00,6b924ecfa990a6da5e44cc6bc96d0c23c317279102f9ceddc5006281b956f7d3,2026-08-23T19:27:33Z,2026-08-23-4
2026-08-22T11:00,6c6359bc77cc327c3056f1c11cbd52f871094fcd3a28822ecb0059ed636e2172,2026-08-23T19:27:33Z,2026-08-23-4
2026-08-22T11:00,6c6dc1fb4a72950015a4a76a7a21351c15daaf85055b43c3e512169e5901ca44,2026-08-23T19:27:33Z,2026-08-23-4
2026-08-22T11:00,6c944353351ca704cc22d4797cd3421de52e31f518912c41e6e27576fe463829,2026-08-23T19:27:33Z,2026-08-23-4
2026-08-22T11:00,6d06dfe1ed9e2881b4830984a9d0df1582eb4bbd4d216e6258f0743c79b92b4c,2026-08-23T19:27:33Z,2026-08-23-4
2026-08-22T11:00,6ffaa521fb5e932eec2517a4200a48a8a17347890a450b2e2b28603cea113946,2026-08-23T19:27:33Z,2026-08-23-4
2026-08-22T11:00,705e9a5ebf9292cf5e1c42ba01a0703d53098f28f29f6f10779acf58ff80f790,2026-08-23T19:27:33Z,2026-08-23-4
2026-08-22T11:00,7142faadcd24d9dd60696e2f20249dd3291d9cdb8a01006b4ffef06b3c191167,2026-08-23T19:27:33Z,2026-08-23-4
2026-08-22T11:00,719cb0e60ea21f3608f30dfd0c170399a43d8c20959de28ab9055fd334daad89,2026-08-23T19:27:33Z,2026-08-23-4
2026-08-22T11:00,7224523b1a6c21683c9ffa41d0b405dcfe4a6bc5e292b293cc2acf7d0ff1f8ea,2026-08-23T19:27:33Z,2026-08-23-4
2026-08-22T11:00,727e65a197a947d50562195c316846c285b69d9a780d2c839d529f3e142dc313,2026-08-23T19:27:33Z,2026-08-23-4
2026-08-22T11:00,7331b930ae633073ea35bf66f5da7313a9b6aa38edcac8b74972c6018a2322af,2026-08-23T19:27:33Z,2026-08-23-4
2026-08-22T11:00,737035c449a41e0ac0c231b9042a1b63367634527c940870e4b9693a5c7ec57b,2026-08-23T19:27:33Z,2026-08-23-4
2026-08-22T11:00,75e80295a0918b4c8da4a236f478104de81c43601264bc1e08c17dddd8cc77b6,2026-08-23T19:27:33Z,2026-08-23-4
2026-08-22T11:00,7695076a40a9022a39a468d68f8e707396e8b092f15e999eb47e0e3d2cf6f24d,2026-08-23T19:27:33Z,2026-08-23-4
2026-08-22T11:00,76b3df22f1902cdcc75b48bf270d5fe9489f413e47f5ee2a1ac68d5ed18b82a8,2026-08-23T19:27:33Z,2026-08-23-4
2026-08-22T11:00,76f82156f4822c4120b92f4d077c3f0930c9b1dec4bb9c05b047fa06e566d409,2026-08-23T19:27:33Z,2026-08-23-4
2026-08-22T11:00,7832e79302caae4c0b4e89de31154b56f625bf2598d50898d1b342e8772ff478,2026-08-23T19:27:33Z,2026-08-23-4
2026-08-22T11:00,788b1a67368ef0799ab78bb42fbda78cd951efcb1e233c8890a0477a5d8bcb5b,2026-08-23T19:27:33Z,2026-08-23-4
2026-08-22T11:00,78eedf5d331ee0b1189eb63f7cd7d594cdb13de39f6d5d937ff197344f9a2f74,2026-08-23T19:27:33Z,2026-08-23-4
2026-08-22T11:00,7945d72b8ced6905d5a0430caed2ab72741a37695cc60052a23ae52e8f72afd3,2026-08-23T19:27:33Z,2026-08-23-4
2026-08-22T11:00,79bd2900f8c395f8e03cba9e1b748fce93d366adbf26ebad29a44353384a96b7,2026-08-23T19:27:33Z,2026-08-23-4
2026-08-22T11:00,7a22356e22f44e26e26dc8d6992be93fe4ea5e009c4fd03c92743081457abd53,2026-08-23T19:27:33Z,2026-08-23-4
2026-08-22T11:00,7b232401886265951a853f1a99e0d86bcf70cd9f0ff34ca637f47a9022c0a95b,2026-08-23T19:27:33Z,2026-08-23-4
2026-08-22T11:00,7bc05c2b6d05802036cc5af6e342af05b252ff680d733b41bf0bb2c44df61855,2026-08-23T19:27:33Z,2026-08-23-4
2026-08-22T11:00,7bdddca8536398d02930ea6616fb5d7eec8b37e96196517e86301cd71e8e376d,2026-08-23T19:27:33Z,2026-08-23-4
2026-08-22T11:00,7c77040ae37aba7caf59c1473a014b7a0fe421f06e6da3ab35b6d36e9c05e2aa,2026-08-23T19:27:33Z,2026-08-23-4
2026-08-22T11:00,7dd564cd1769b2c99d139353bdd1a4fbe0c04e0911877593fb993e4f7467086a,2026-08-23T19:27:33Z,2026-08-23-4
2026-08-22T11:00,7e093b06c0470db7f4676e3bbd7c9afae6518cf9eca5d40ab8fd60fdeaab2a82,2026-08-23T19:27:33Z,2026-08-23-4
2026-08-22T11:00,7eab255713441403ccf0b815d1df47032265c360ab9a4bed8a5bc4cf32acb490,2026-08-23T19:27:33Z,2026-08-23-4
2026-08-22T11:00,802fa629a571c6a4c74d4872ff7ce68b1a320140184739d103ad8342c0c22d14,2026-08-23T19:27:33Z,2026-08-23-4
2026-08-22T11:00,8078b90b7361c68728b45240cce292a9fa57318cbba4773fee3c53ca92a6b24a,2026-08-23T19:27:33Z,2026-08-23-4
2026-08-22T11:00,80aa6ef63059a884fb26e60c1c5f785dbfe7c0bb3cc2a4986061ede164ab90bb,2026-08-23T19:27:33Z,2026-08-23-4
2026-08-22T11:00,81b5b777fb22e6c95dcd70bfc5f116a237d2f8043b64349c04603bfbdb99ea76,2026-08-23T19:27:33Z,2026-08-23-4
2026-08-22T11:00,82dcd0487a0e0f88959c00e51ed289ebac3b98aa44465264f3932ea96dff9619,2026-08-23T19:27:33Z,2026-08-23-4
2026-08-22T11:00,830f025246c1d7e4b2ce3e2967d5f62680c03cb7ee0edb68173359abd965eb7c,2026-08-23T19:27:33Z,2026-08-23-4
2026-08-22T11:00,85619ba588702d34a513964596da78efea64d48b2f06936683e2551f45e4c012,2026-08-23T19:27:33Z,2026-08-23-4
2026-08-22T11:00,856dfe3d5c15fa8a0e0ee155c353c19d8aca8cbb2c5b1d1e246858ff7b048539,2026-08-23T19:27:33Z,2026-08-23-4
2026-08-22T11:00,86ff06f43f43fd90b3fe1e36e0458dc81fa326a19f6fcf4cca7e73bd9ad50500,2026-08-23T19:27:33Z,2026-08-23-4
2026-08-22T11:00,87d12f33487eacb59da6df375d96ed9883c65845cd2a6531309af1d42524a104,2026-08-23T19:27:33Z,2026-08-23-4
2026-08-22T11:00,8a48877899808107b762a3a066a8538b696a1c15b817c0cd1bb8d9e0cf830114,2026-08-23T19:27:33Z,2026-08-23-4
2026-08-22T11:00,8a585f3dc4e85399d283f018287cbe768b91c67340f5dddcd60fd367ddaf75b7,2026-08-23T19:27:33Z,2026-08-23-4
2026-08-22T11:00,8ac3df40222d9f3db316503aa7dfca60b8fa225c16268b4257c52489ac9f680f,2026-08-23T19:27:33Z,2026-08-23-4
2026-08-22T11:00,8b2427e92687c3a6b724c7a28ad03020f2f996743c440ddd30fa8dc383a4462d,2026-08-23T19:27:33Z,2026-08-23-4
2026-08-22T11:00,8b42803a997277f0daa05724192e333b956026a7c8d48c6bac70378eeea4c4f1,2026-08-23T19:27:33Z,2026-08-23-4
2026-08-22T11:00,8bc62c47a2bdc4c3b87b06fc91de0a799802d33e1b412f5b95c20e8f167ec5d7,2026-08-23T19:27:33Z,2026-08-23-4
2026-08-22T11:00,8be20a703ef9570f598f6d9b53cf67d99ab4be65f21831e4cb11ec395b21b09b,2026-08-23T19:27:33Z,2026-08-23-4
2026-08-22T11:00,8d9eb29667d5dc5db5fbac474c33b07f2c274939dbededf5443b10a70e8ea682,2026-08-23T19:27:33Z,2026-08-23-4
2026-08-22T11:00,8da6f814b2c460ef33c25cf0d3e0c8b455bcee8d1a4a0c91145cdba869d970fd,2026-08-23T19:27:33Z,2026-08-23-4
2026-08-22T11:00,8efaf22efc4d2d7769f7ee571af1f6b6bd58df64118de3d65832c17386b69547,2026-08-23T19:27:33Z,2026-08-23-4
2026-08-22T11:00,8f25fa258a5e6e40397d12f353e9d92ac4008a255c34a87bf19b7ac27837a93a,2026-08-23T19:27:33Z,2026-08-23-4
2026-08-22T11:00,904f23c140eff83ec93a0b780abe3d691ffe6e853803af3fc24d37c6d3455add,2026-08-23T19:27:33Z,2026-08-23-4
2026-08-22T11:00,9074da7b5986bf2a229525464b62f757cacf3c3f9c2106b6f912d3e5ab90b0ca,2026-08-23T19:27:33Z,2026-08-23-4
2026-08-22T11:00,90cdb87d0fabc940a1c2c5c09dc8112b78e10b8464f88780c0092820c3aa72c0,2026-08-23T19:27:33Z,2026-08-23-4
2026-08-22T11:00,917d009b8352e1b330f0191279258f888334f22bf0b4151cdd8e30eaefbf2018,2026-08-23T19:27:33Z,2026-08-23-4
2026-08-22T11:00,92f926db651fbda5022826bdc8417bbcedb40fddcacc7ad38176bae7e2896bbd,2026-08-23T19:27:33Z,2026-08-23-4
2026-08-22T11:00,9417a70f80666f289679d50ed79c18c625246283746622d5948aecf1898528ed,2026-08-23T19:27:33Z,2026-08-23-4
2026-08-22T11:00,948cb2b78d100eee587e5da6b96e1e7eaf39ab6ca6025d66f753efcb28bd667b,2026-08-23T19:27:33Z,2026-08-23-4
2026-08-22T11:00,967075afed8d579a78117e76adb09827c7dcb8e762bc77221b25fe48ae43bf53,2026-08-23T19:27:33Z,2026-08-23-4
2026-08-22T11:00,97aab8a0fbebd36d1987e515fd94b8d4a1c1fecb3791e1d8bce4891f64dd82fd,2026-08-23T19:27:33Z,2026-08-23-4
2026-08-22T11:00,9955a8ea4429e6b341327ba4e6803aeec1a3223890d6f5c275227b25efb4e1ac,2026-08-23T19:27:33Z,2026-08-23-4
2026-08-22T11:00,9a878c9012b077de08457139b88a3688798aa4f97516ce1be81ccc33895757e2,2026-08-23T19:27:33Z,2026-08-23-4
2026-08-22T11:00,9afd883a18516f5c437b40ded49c43586ff916a2bb96f89b22f894c792b53ede,2026-08-23T19:27:33Z,2026-08-23-4
2026-08-22T11:00,9eebc5e7f9dff9eb0ce04b93e27741a02674f1100c848fd0deda13005a01c845,2026-08-23T19:27:33Z,2026-08-23-4
2026-08-22T11:00,a0a27fd48073214555188e14c6380844cd6a6e96373cfb7ddadf5eabb2e2dea1,2026-08-23T19:27:33Z,2026-08-23-4
2026-08-22T11:00,a18840317694776413a7f08bd8060eeb799d940fa69a68ac173d59c421bc92d6,2026-08-23T19:27:33Z,2026-08-23-4
2026-08-22T11:00,a24b821a3078241484823981b9cd56a16ba4908611b831b3b6f1df5b485d1156,2026-08-23T19:27:33Z,2026-08-23-4
2026-08-22T11:00,a26da282181d3d563be790ce2bb0c7acad75d2e5108b596ddf329adcb6180395,2026-08-23T19:27:33Z,2026-08-23-4
2026-08-22T11:00,a38faf775d2361f0a2cb7c0f5d678ab859be1a855586e1da7825492888c1fbd4,2026-08-23T19:27:33Z,2026-08-23-4
2026-08-22T11:00,a3e8b1cca9f91d13ec5ef22cc618b39604b586054a05baf4ebf54302ab336c26,2026-08-23T19:27:33Z,2026-08-23-4
2026-08-22T11:00,a61a9e49ba4d30d97db92606e541383def913dd9de2bba7555a989e8fe9fd159,2026-08-23T19:27:33Z,2026-08-23-4
2026-08-22T11:00,a8e3673d71334f61bea067545c45798b8d97615ec6e533ab3e241c20d1b902a8,2026-08-23T19:27:33Z,2026-08-23-4
2026-08-22T11:00,a908b4073310083fbb7e5560aebd2c274b8c81ed5aaf94d6ba13166a3793c566,2026-08-23T19:27:33Z,2026-08-23-4
2026-08-22T11:00,a9d6ef83e2463e3cf01f084c058e4075940e89de1bc6cfc1fe39ecf1127f65c1,2026-08-23T19:27:33Z,2026-08-23-4
2026-08-22T11:00,ab00a828a44ca67d707160d8669fc6abecebb11c4faca19c6a4acb7a3bf60aac,2026-08-23T19:27:33Z,2026-08-23-4
2026-08-22T11:00,ab201a35e64f40d8bd8c6c5445629abc3b37da74652ed2eb30370d500dc1c6e0,2026-08-23T19:27:33Z,2026-08-23-4
2026-08-22T11:00,abd5a87dcff6dcdc53d8687a60d5155834af3e061c793c78dd85a6b500cea3b1,2026-08-23T19:27:33Z,2026-08-23-4
2026-08-22T11:00,ad53047e94064c6629238c0d1f9009cdb1113780035ceecbe1dc8f2ba79d8dae,2026-08-23T19:27:33Z,2026-08-23-4
2026-08-22T11:00,ad5d0b6edf2fc56cf6784f2b20db91314b2d97b945bf5ebe6a3fa89fdc2d828d,2026-08-23T19:27:33Z,2026-08-23-4
2026-08-22T11:00,adaf723ea6db60433f51b88651445a1250c58271abb7dfb3cfba01f856596620,2026-08-23T19:27:33Z,2026-08-23-4
2026-08-22T11:00,ae020585e8aa084f981e3c0a3e41ac9fc93b2ed27bfb2c95417e126338a7ef97,2026-08-23T19:27:33Z,2026-08-23-4
2026-08-22T11:00,af0dbfc52db4de92c3812c89532b7920e626c846c2240e40916ec02a14c30e32,2026-08-23T19:27:33Z,2026-08-23-4
2026-08-22T11:00,af2b0efd89d6050252928530f5a12ca1b44a3e2e8cf1e7ab1e9392d4ce091280,2026-08-23T19:27:33Z,2026-08-23-4
2026-08-22T11:00,af533d9307690977c8897fe4643bfd97a6ed9ce7ec17de97156e6964b371172e,2026-08-23T19:27:33Z,2026-08-23-4
2026-08-22T11:00,b133af6722ef0cfee13a61c685d886a157d3972fdb3ae113b867a12c98e4a767,2026-08-23T19:27:33Z,2026-08-23-4
2026-08-22T11:00,b241d0e54e8b5660577f5d108e8d6a289828ad9ac9363580d1f92455185770bc,2026-08-23T19:27:33Z,2026-08-23-4
2026-08-22T11:00,b2c565fa5da5496c0cdf7d681a3c452d1839d1e4dd71e33b719fe74f1feadb6c,2026-08-23T19:27:33Z,2026-08-23-4
2026-08-22T11:00,b36d4bd30c3bd85a22bed7a1cafdf1a067ca0b807e9a57f52f6b16c7ff361c3e,2026-08-23T19:27:33Z,2026-08-23-4
2026-08-22T11:00,b3adf985145dc5074ada5c67c50899e513a90795c9ae72c8aaa0cab428c15c54,2026-08-23T19:27:33Z,2026-08-23-4
2026-08-22T11:00,b43ace48e688075bb01a487bbb438281d8402583111690a2ff8047d198442354,2026-08-23T19:27:33Z,2026-08-23-4
2026-08-22T11:00,b45de614a668c6c66c4ac9dd622a0dd09937033db1d085a01866c13ffd1e0c79,2026-08-23T19:27:33Z,2026-08-23-4
2026-08-22T11:00,b58a3b2e5b1ddb663f7fc3d1e4d9b7221d9e75c698c0c995cb1fcf1af6008255,2026-08-23T19:27:33Z,2026-08-23-4
2026-08-22T11:00,b5cb9ffc6b9985d6165e06a573430a553a41dd6b515d4135574aa9c7c3aeea58,2026-08-23T19:27:33Z,2026-08-23-4
2026-08-22T11:00,b699ab48ec75dd49855c3b0db644e6b0acef3235d7748f2bc541b42e4be614c0,2026-08-23T19:27:33Z,2026-08-23-4
2026-08-22T11:00,b8c003d433bb1549cf2a6ddf3ad92503cb618cbda81406c521b2fadfead55ce8,2026-08-23T19:27:33Z,2026-08-23-4
2026-08-22T11:00,b962806ad7ac628670ddf7c2123cb9ff5232cb2ca98777613fb1e1865b90a2f4,2026-08-23T19:27:33Z,2026-08-23-4
2026-08-22T11:00,b981337aca8243495cd6dc0a814a6a0cbb8f7554495bed5549a055cb8448835e,2026-08-23T19:27:33Z,2026-08-23-4
2026-08-22T11:00,ba05b327906fa2fe2802bc7155bc59845c00c1b724d6a4f5013a0277a2294764,2026-08-23T19:27:33Z,2026-08-23-4
2026-08-22T11:00,ba9c79babeec3b945b64e6a59ebf00f596a939b9d76d8ea4172ffb4e4f3acc99,2026-08-23T19:27:33Z,2026-08-23-4
2026-08-22T11:00,bb0b9d104eaeb097d1f7eb09e9ae4943c8f258d1eee08a671e711c82b49b6d4e,2026-08-23T19:27:33Z,2026-08-23-4
2026-08-22T11:00,bb252e30da2bd59048be1347d269d90e64a6fce143eb12ba36e5163b83547cce,2026-08-23T19:27:33Z,2026-08-23-4
2026-08-22T11:00,bb4632b0d243500229af867efa6ca014b5b0a937ccb349f63c626831aae04572,2026-08-23T19:27:33Z,2026-08-23-4
2026-08-22T11:00,bb6e5f7165e26f140623d3a084b2df4d6a72ad34e68df2e9b10dac6e2378772e,2026-08-23T19:27:33Z,2026-08-23-4
2026-08-22T11:00,bc57d6345e52ccfd7c5b0861b13f789480399a8cefd0b45e3c0396766eae695a,2026-08-23T19:27:33Z,2026-08-23-4
2026-08-22T11:00,bd0ff83ebb6e4e7ec998aa33c3230fe867795484c5c1fc12f875bd7cb8d9e69c,2026-08-23T19:27:33Z,2026-08-23-4
2026-08-22T11:00,bd8b03c8deaa406112326860a490a64e052f2c7b73f7d134cb2d72e572ce64aa,2026-08-23T19:27:33Z,2026-08-23-4
2026-08-22T11:00,be25c72b47ae68d4420fc703bb3e9fe1cce3f16420f06691a6106129a65a57cb,2026-08-23T19:27:33Z,2026-08-23-4
2026-08-22T11:00,be8248a5a37ca268adfe9ff6b647b59e7f8fe544f9537111bff1beb84ff46eb5,2026-08-23T19:27:33Z,2026-08-23-4
2026-08-22T11:00,bfc2562b0b21086482922222036c040774e9e6717a1653085643ec2bea2d0743,2026-08-23T19:27:33Z,2026-08-23-4
2026-08-22T11:00,c18b805316e166fd5eb5e363cb633977e6ccf184de4de731fc856ba9a1550b6c,2026-08-23T19:27:33Z,2026-08-23-4
2026-08-22T11:00,c1a9b03c164a4d4362a626bb24abf0372fcc999f50d35c4da664de1b609be6e8,2026-08-23T19:27:33Z,2026-08-23-4
2026-08-22T11:00,c1f6b96f6dea5a3fccc13ed9a84bcf390abb068289c5128291b22570622e3709,2026-08-23T19:27:33Z,2026-08-23-4
2026-08-22T11:00,c336cebf8e30ee5609e73851798df276fd19e4e91c9051413f68d63a9ab3ea32,2026-08-23T19:27:33Z,2026-08-23-4
2026-08-22T11:00,c3c9676b1fff2b377ca774c10f63f27819aa16747bb607abfa29c3d79a19dff3,2026-08-23T19:27:33Z,2026-08-23-4
2026-08-22T11:00,c4ac9902be808fa025050323181925e53460320aa8fe916b47467d2fb982690b,2026-08-23T19:27:33Z,2026-08-23-4
2026-08-22T11:00,c5b3a36503fd77d2c1f3c6d33a0c27e00d6be6777ae60951987b4ab6a9bdae03,2026-08-23T19:27:33Z,2026-08-23-4
2026-08-22T11:00,c5e28bea62f7c25e1b3f73ebd00626e9b3f2481e20ed417e20daecb4851f0b66,2026-08-23T19:27:33Z,2026-08-23-4
2026-08-22T11:00,c63b46198399bf37008d659693c0602fd1bebda1ebfc193300dbb48844b5b5d7,2026-08-23T19:27:33Z,2026-08-23-4
2026-08-22T11:00,c848da453324c3591fe7b7208b72191614595d40dbeafa97e17a581b0487b964,2026-08-23T19:27:33Z,2026-08-23-4
2026-08-22T11:00,c89b2ecb0ffbfb7e9be5796913fb1982fa35badd16742f8ba375a483dfe9825b,2026-08-23T19:27:33Z,2026-08-23-4
2026-08-22T11:00,c8b2ad51b9506cd1dfbabc1d9791ecc7ab221c535bdad0b03a280c69c7a636e9,2026-08-23T19:27:33Z,2026-08-23-4
2026-08-22T11:00,c9b35573c279765a7ba6833389d3a25a7deeb3b524639a06de0dcf2730b4a6b5,2026-08-23T19:27:33Z,2026-08-23-4
2026-08-22T11:00,cbdfd7d73aafc706e06b3ad5cefa733629aaafe35c1a9c02816864f71d901020,2026-08-23T19:27:33Z,2026-08-23-4
2026-08-22T11:00,ce5101413c2cd47d715c4d0a1f167055c71fc021ef92831aaadc4f57448b578e,2026-08-23T19:27:33Z,2026-08-23-4
2026-08-22T11:00,ce79c5deb164bbf903fe7723c0d0160e7c132dbbb4727c0f85c83ba740780a01,2026-08-23T19:27:33Z,2026-08-23-4
2026-08-22T11:00,ceea813d03ce5b775da825b6fa4bd019dab493a6667ab7462488aa866530682d,2026-08-23T19:27:33Z,2026-08-23-4
2026-08-22T11:00,cf142f453d36de3be3ea7a6cce088b1e63fcf2f2c3bbd3000dd9546cae5ec57b,2026-08-23T19:27:33Z,2026-08-23-4
2026-08-22T11:00,d0643a809e229ad86c862d5199223d3bf912d3ee13ceb08dcaa96a2eb2e7e86f,2026-08-23T19:27:33Z,2026-08-23-4
2026-08-22T11:00,d1af1145a10e03c6ecfb80d65dc3bcbfc89cd791fbc66382baf58d094dc83efe,2026-08-23T19:27:33Z,2026-08-23-4
2026-08-22T11:00,d1e506c71e52613994924faa9b0b9e62011e6e98dbf99d59652df3adcc04fb17,2026-08-23T19:27:33Z,2026-08-23-4
2026-08-22T11:00,d21a4a180c0810b53f388f85fb616e3f48e7e28c48f03c5203342d63c60bc946,2026-08-23T19:27:33Z,2026-08-23-4
2026-08-22T11:00,d2699f0581cc8f08d38bae12f72201b4ead7ae6565e83fc03305456f34ade252,2026-08-23T19:27:33Z,2026-08-23-4
2026-08-22T11:00,d2a9232d12e124d3ca88ea13179274f4b66f22cd06041c560b5877c78121fd52,2026-08-23T19:27:33Z,2026-08-23-4
2026-08-22T11:00,d362dbe683783f74cfc85b748d7f671446958eb30e72aa01defe7dcc7dd7f5f9,2026-08-23T19:27:33Z,2026-08-23-4
2026-08-22T11:00,d3b954e5044b5fb409bb6a689af00fbaa22a9e829904e8e9f96632fba5346173,2026-08-23T19:27:33Z,2026-08-23-4
2026-08-22T11:00,d4e7d6b5f2a5a1de5e9856b2fabbb15a2818867a4cec2578059d7aef950ef99d,2026-08-23T19:27:33Z,2026-08-23-4
2026-08-22T11:00,d4fdcf3ffb190aeb4548afbe6f540b6a118a61d64f826c16b0f3b5f4ccf4536e,2026-08-23T19:27:33Z,2026-08-23-4
2026-08-22T11:00,d59e3800ecfe407a6238cc01ea2d23745f1e294c3bc17284ce2f4da614ff7ec4,2026-08-23T19:27:33Z,2026-08-23-4
2026-08-22T11:00,d67288602c0d3e56b7c0ca2aebadbe25ce53692c8181b2dc0d8277b1e3ef9b15,2026-08-23T19:27:33Z,2026-08-23-4
2026-08-22T11:00,d7135ee793a6aab7b3ab15006a785505177806b31e28521f6a8365cc5be90555,2026-08-23T19:27:33Z,2026-08-23-4
2026-08-22T11:00,d7cf0aa16ba0a9b50984e49dc63816ba72a56bb9fc3ee4ee93746da457aca4b7,2026-08-23T19:27:33Z,2026-08-23-4
2026-08-22T11:00,d86f0497dcd0e5df77930b7703a29ec1568902272aa697df6db5891fc55cb6cb,2026-08-23T19:27:33Z,2026-08-23-4
2026-08-22T11:00,d98888a4694371adfc8437609124ce1d23c0ad7f3c6770baac8e58a8448550c0,2026-08-23T19:27:33Z,2026-08-23-4
2026-08-22T11:00,dbce2b8722a4c714e3ce5c5ff2dc779623d0d284541466e668d4bce626162a77,2026-08-23T19:27:33Z,2026-08-23-4
2026-08-22T11:00,dbf78997374fbd1f2f95b1793ea4b0f7e050a70e4ba7e20f3835c21f800c2043,2026-08-23T19:27:33Z,2026-08-23-4
2026-08-22T11:00,dbfe9b3f70c4895eeb417a6bceb808e9a74407f390861b71a7990475d769f238,2026-08-23T19:27:33Z,2026-08-23-4
2026-08-22T11:00,dc78f818a5ad4745fd91355e46e0361f3968d2223dc1bd1463909ab25d5ac6e9,2026-08-23T19:27:33Z,2026-08-23-4
2026-08-22T11:00,ddf6e30b6db07655b59bd7af461a09b6f3b91bc61b38cb4fa87a5c2e7e632ea7,2026-08-23T19:27:33Z,2026-08-23-4
2026-08-22T11:00,defb68ebf29573e3aec885a03158080e43fc12fca3f836b82090132459e54bd1,2026-08-23T19:27:33Z,2026-08-23-4
2026-08-22T11:00,df090632c670dfd4e762c13bc30cc7e1e64c923fe9447ad2c02b5b6742e70716,2026-08-23T19:27:33Z,2026-08-23-4
2026-08-22T11:00,df6b782a472729f9ce5ac2f19a8602e836abca5088af7a1dfb66b0491cdb52cf,2026-08-23T19:27:33Z,2026-08-23-4
2026-08-22T11:00,dfe1be766fa7ac21cdc3411d60eb888e37db760638b9c0ae2a145e93069abff2,2026-08-23T19:27:33Z,2026-08-23-4
2026-08-22T11:00,e07fa386190c7079cf51d2476b602bef9608539a20a308d8215c3614b0f90e59,2026-08-23T19:27:33Z,2026-08-23-4
2026-08-22T11:00,e0bf798d39a61927006d82dba8fc944d0484b76c995f3dea8db91f60b65f1f1a,2026-08-23T19:27:33Z,2026-08-23-4
2026-08-22T11:00,e1704591f8e234532a05041ca80080bac91f0e637300fc1e1158419e9fb39939,2026-08-23T19:27:33Z,2026-08-23-4
2026-08-22T11:00,e413dd5384983689bc8304d7f11d0f128961744bacdcba1fb9f67e4036defd94,2026-08-23T19:27:33Z,2026-08-23-4
2026-08-22T11:00,e4db91c52da16659b10bb040084cadb946a4f8a9c70fa557acba3032f957def3,2026-08-23T19:27:33Z,2026-08-23-4
2026-08-22T11:00,e4ef084a77d271eefcc2626788e3c090834f6cb0b2a8e718f95a9900bfd99276,2026-08-23T19:27:33Z,2026-08-23-4
2026-08-22T11:00,e5b3f583ba082b011f35ed9ddd07084c482e1d5e90aca50e69d68da3778ff07d,2026-08-23T19:27:33Z,2026-08-23-4
2026-08-22T11:00,e6c873622048cb4f314eb7fe6c4d82fa066b27100ba9e205235956159d0e5ff3,2026-08-23T19:27:33Z,2026-08-23-4
2026-08-22T11:00,e7e38dfef52868efa70ff660e16b5fb44f71727829733e46a6e2ca2a9d0cd94f,2026-08-23T19:27:33Z,2026-08-23-4
2026-08-22T11:00,e828b08f21af9f5f8ac7f595dbe847b56da69a6a06b5632f93e92e141cf40c8e,2026-08-23T19:27:33Z,2026-08-23-4
2026-08-22T11:00,e8c94500b7820bd206811eee01520861adb86e8ef710edf20a6532cdaf172d70,2026-08-23T19:27:33Z,2026-08-23-4
2026-08-22T11:00,ea907a1ec0f4ac38708b17a6f1c966b8ba69bc4171fed18325c7173aa78a153f,2026-08-23T19:27:33Z,2026-08-23-4
2026-08-22T11:00,ec5c0c5e0626d95b2f45d25d37e0f0e11c944fefab8e92d5b525a6659cda1111,2026-08-23T19:27:33Z,2026-08-23-4
2026-08-22T11:00,ec654684067422935efac07fda6006fcfbd5be2050863c033595fa1a7b1fb7c6,2026-08-23T19:27:33Z,2026-08-23-4
2026-08-22T11:00,ed0ac7bd4175fea91604cceebc91c61d6495e99b4141789d5d7b4fcfc81b52d8,2026-08-23T19:27:33Z,2026-08-23-4
2026-08-22T11:00,ed1111e7a4fadc92684e3858ebf753203be6ff03554cc97506d80e22e0c28a83,2026-08-23T19:27:33Z,2026-08-23-4
2026-08-22T11:00,ed559da1647d7ffca3a632491f5c37490a81c1a19037e3256774fc472aead65e,2026-08-23T19:27:33Z,2026-08-23-4
2026-08-22T11:00,ee1bc5c9392e0cf881b3c5f6778b8306662980e37112b88869b87a95f70ae2fa,2026-08-23T19:27:33Z,2026-08-23-4
2026-08-22T11:00,ef946e83aff5eced9a465d33ea7d01972586918e6ceb64e561d3d736c0fd0542,2026-08-23T19:27:33Z,2026-08-23-4
2026-08-22T11:00,efbcbd176e8bee86316578ada55d84b78de136b88a9af414bfaea68327d06fee,2026-08-23T19:27:33Z,2026-08-23-4
2026-08-22T11:00,efca161b4cbbc58a0fd05a3ad26ece2c613dd07879297878a5753423e9f75f87,2026-08-23T19:27:33Z,2026-08-23-4
2026-08-22T11:00,f03ceeb5252549736c9711f83de9404abe1a6ef2fe9b2ad8b0f4e29a83e9acf6,2026-08-23T19:27:33Z,2026-08-23-4
2026-08-22T11:00,f2e4ec09252a158886a2bb62b7a8c65ee68275a702524ef40a7c7a31d7264de6,2026-08-23T19:27:33Z,2026-08-23-4
2026-08-22T11:00,f31cf9651356bfc66287813af64ff372d0b2571f17fd58259dfb7388799c7d87,2026-08-23T19:27:33Z,2026-08-23-4
2026-08-22T11:00,f368de25faa7ae3d2dd17be3f7f59bfcc506252b6ebe03df5cbc7d10e61881fc,2026-08-23T19:27:33Z,2026-08-23-4
2026-08-22T11:00,f37052a8c6703db9cff4f7d1c151c55eadfd63eebd6436670156f8170a20a460,2026-08-23T19:27:33Z,2026-08-23-4
2026-08-22T11:00,f412d84bf14bd9d57337adf0f52056d2819be42a775255fe77b62e05ee2c5cc3,2026-08-23T19:27:33Z,2026-08-23-4
2026-08-22T11:00,f52d984035e755d5de8148ba999bfcfb58aa0dea12d67bb92ab00aed2134d124,2026-08-23T19:27:33Z,2026-08-23-4
2026-08-22T11:00,f54de1299829468794f414f428026599e45c55b6283eaa143cbcd01818145bea,2026-08-23T19:27:33Z,2026-08-23-4
2026-08-22T11:00,f5b0ff6daf8a9aa8eef654078d1babeea47d679cf904b5af90bba8ede5099c07,2026-08-23T19:27:33Z,2026-08-23-4
2026-08-22T11:00,fad898ac59cf1949fbbc713b3c01e5cf7780b10fa8605865ceb86ff095f05075,2026-08-23T19:27:33Z,2026-08-23-4
2026-08-22T11:00,fc794ea4eab863b1f8abaaf24ded19772b62a69d09d41108897d8a165a4970f3,2026-08-23T19:27:33Z,2026-08-23-4
2026-08-22T11:00,fdd887b97bc9c27bfff0c2a998f618376ffe2f25ca728d907042a686e1755c3b,2026-08-23T19:27:33Z,2026-08-23-4
2026-08-22T11:00,fdde2dae1d7da8bff602ac285249b2f2f5c7cb45337a539b06e44c65618a2525,2026-08-23T19:27:33Z,2026-08-23-4
2026-08-22T11:00,fef4168bda842432d0a42c9d620a7686b1fb324167f3662941ffd53f843ad83a,2026-08-23T19:27:33Z,2026-08-23-4
2026-08-22T11:00,ffe12bd0f6cce140eb649d69edceaa209617b7c1b0ce964ee3a5d12763fe4ddb,2026-08-23T19:27:33Z,2026-08-23-4
2026-08-22T11:00,01486dae9c73cf4b8eb03c4262a029b4faacb2c8af87f6f0904e1ddc18233ca9,2026-08-23T22:47:53Z,2026-08-23-4
2026-08-22T11:00,01a83969f3246b261df76ece02d0c0bc09cd1aee14454754afd43da1ec66dc37,2026-08-23T22:47:53Z,2026-08-23-4
2026-08-22T11:00,03ba2fe35d7ad91d25d800787cca9ddaa5eb7fac870f369c8c2166b714565baf,2026-08-23T22:47:53Z,2026-08-23-4
2026-08-22T11:00,0551c257c37c9d7dab3a9d86fa1418ffd08359fb719181f4c63ac237a2ef3b85,2026-08-23T22:47:53Z,2026-08-23-4
2026-08-22T11:00,05a69ab46e48486c6f8e38774f72637be52015cf97ac6ca591f3085ba1ef4cf9,2026-08-23T22:47:53Z,2026-08-23-4
2026-08-22T11:00,06396bb4c3250da3dfc56bdc293d3acd77a057c6f648aa2fd430e0b8026ef4b3,2026-08-23T22:47:53Z,2026-08-23-4
2026-08-22T11:00,0a58b4877f2488a8d2fd583ebae372e6d0e7f0cbd4c4f6492bcd5cb46ab6d8f9,2026-08-23T22:47:53Z,2026-08-23-4
2026-08-22T11:00,0aeec6c5e23a54a2f9f24505ee9597ac93e4c15223d6ffa4abc1a0dd8a131bba,2026-08-23T22:47:53Z,2026-08-23-4
2026-08-22T11:00,0c7335b1faf0228857628f2a1e609a33f47b5a935522c58258c8cce891a75a12,2026-08-23T22:47:53Z,2026-08-23-4
2026-08-22T11:00,0f4db47f07b0f7599d31aef1561a2a6038c994b0e7fd4694b627c052e00432eb,2026-08-23T22:47:53Z,2026-08-23-4
2026-08-22T11:00,0fbc9d9a8cbf7f0d93b722b1efdafdacf6a7db38e0a4e8884363f901158d581e,2026-08-23T22:47:53Z,2026-08-23-4
2026-08-22T11:00,102c1f12d3ab46395362a732c01b858fdd7486291a331e952dd21491d03ff1e9,2026-08-23T22:47:53Z,2026-08-23-4
2026-08-22T11:00,1045fe34b19d536429256ed2b12756a4755c3766845170106dfa68ad0e7b0e92,2026-08-23T22:47:53Z,2026-08-23-4
2026-08-22T11:00,13c1edadadd09d8e629c0acf3ed1fdfda54f762867d74626433f08814430a1a6,2026-08-23T22:47:53Z,2026-08-23-4
2026-08-22T11:00,13ce8ddd02e64a7e8260417266f8c8776a467ba7211df92dc97e860c49a9da35,2026-08-23T22:47:53Z,2026-08-23-4
2026-08-22T11:00,15561bbb0841a63cfbc5bf276e261a6be85a6ec4667444e61f0021c13c29c424,2026-08-23T22:47:53Z,2026-08-23-4
2026-08-22T11:00,15c68cec4ab053cad5f740275c44218c08b57956c02b1c55d2ed45c9b9079103,2026-08-23T22:47:53Z,2026-08-23-4
2026-08-22T11:00,177e639e060e0966a89a97cb7cbc1eea2ab9f5836dac2c137e2054ab44b8acef,2026-08-23T22:47:53Z,2026-08-23-4
2026-08-22T11:00,1988529ae7a22351b710f9af3b161d9100bcba3e7884f98bde740e6b6d3bd22b,2026-08-23T22:47:53Z,2026-08-23-4
2026-08-22T11:00,199c976209b8ef7498f7e73ebe5d307aa06844592012972f52632a4af04b96c7,2026-08-23T22:47:53Z,2026-08-23-4
2026-08-22T11:00,1ab063d37a0e4bdb092b589773c8a03ccf0f8aeac06a012f36fa8e096a64c560,2026-08-23T22:47:53Z,2026-08-23-4
2026-08-22T11:00,1af140da7b3a8b9725ce47e67814bacd2cb55072379160b6514c949586c2be3a,2026-08-23T22:47:53Z,2026-08-23-4
2026-08-22T11:00,1e0cbffbb40c4cae9ecb3783323481e40880f9974e2780861019faa199286f57,2026-08-23T22:47:53Z,2026-08-23-4
2026-08-22T11:00,1e4daac3d6f13309e484a58955e43eb44f1f565a0ecc519ee59e10b2b37f6b91,2026-08-23T22:47:53Z,2026-08-23-4
2026-08-22T11:00,20da70d9da87a0d2007632b8fc2803570f20d01f230e0d4550cded9b8d2b52bd,2026-08-23T22:47:53Z,2026-08-23-4
2026-08-22T11:00,217dd30ab5aae3586ffb31e7ecbf04017677f710bbf891f4566706a94a5bad43,2026-08-23T22:47:53Z,2026-08-23-4
2026-08-22T11:00,233a498e37396b75a60f2cf9bf5dfe67f46189d60dc362787e670cfefd0b296a,2026-08-23T22:47:53Z,2026-08-23-4
2026-08-22T11:00,235942e1086f84a36cb8e7356c221e2d8ac3974c359c0020895ad1e6f832fd08,2026-08-23T22:47:53Z,2026-08-23-4
2026-08-22T11:00,28830a41a66b94b5b9aaef2e2b33824fd293d03f49ab3e8d535b816921c31936,2026-08-23T22:47:53Z,2026-08-23-4
2026-08-22T11:00,288c693a25875be43cc255b5dda0a5769b6f2ef41d4f97da6d9ca8a0db506611,2026-08-23T22:47:53Z,2026-08-23-4
2026-08-22T11:00,2ba43aab744d10952b24954c432bb1e9e8771448254fbddfe995ce6cc6d1c50a,2026-08-23T22:47:53Z,2026-08-23-4
2026-08-22T11:00,2c41c26d54cd1bf0b73e3f27f3f83e7a6f82f747bba638dddaa91f729ea222c4,2026-08-23T22:47:53Z,2026-08-23-4
2026-08-22T11:00,30128667efdbfb9b1bfe1b85e776d65e00463a156308f842197bf3b7680d9ed6,2026-08-23T22:47:53Z,2026-08-23-4
2026-08-22T11:00,30152277ba247ec64cb339060d137683a6ec23a962f1b8f0db99d8c179e05c49,2026-08-23T22:47:53Z,2026-08-23-4
2026-08-22T11:00,301a9f5f49122e1cc3cbc250d943de3dd91ea1063a6bd993d0f6eee8db335bbb,2026-08-23T22:47:53Z,2026-08-23-4
2026-08-22T11:00,30c51d75069c2bb302af7576129d8c09f881410ffdb198c86a1af1ef34cf4c19,2026-08-23T22:47:53Z,2026-08-23-4
2026-08-22T11:00,3134fc5c20f026b76b082efe9663805c5e2480138fd53f1f6aaed66f4cdc5ada,2026-08-23T22:47:53Z,2026-08-23-4
2026-08-22T11:00,334bc927f0f15b2051fef1496b36d45e62ac573aefb90244ca5da66ab7137cef,2026-08-23T22:47:53Z,2026-08-23-4
2026-08-22T11:00,348fdfa586c301a697d6cd0b7f48db23b4e33008c53317a782328c6090705c7d,2026-08-23T22:47:53Z,2026-08-23-4
2026-08-22T11:00,372661889a952265d9ce4fdbdb22ab0ef2631a985ca68df232835e96fb340d00,2026-08-23T22:47:53Z,2026-08-23-4
2026-08-22T11:00,398b0ef061abe9ab8c7f6cfc63458e2f9fe36b80ef95162922db795bcdfe1b62,2026-08-23T22:47:53Z,2026-08-23-4
2026-08-22T11:00,3b921118c9bb5bb8c69e2f2cb9a02c7ed79994d77ec0c240f3584b0d86988f26,2026-08-23T22:47:53Z,2026-08-23-4
2026-08-22T11:00,3b9631ba6ab52574cfd4f108077315c4d197c090f7a1696f8b2fc23e3f097a6e,2026-08-23T22:47:53Z,2026-08-23-4
2026-08-22T11:00,3c3ec326b17822bafbdd539108389f9168d9c026fc1c329675ffa5dc66636dc5,2026-08-23T22:47:53Z,2026-08-23-4
2026-08-22T11:00,4130720540d8f62d7ecc13cfef49d0e461f0190bda2b5f1e0d2bbe8eb16d53c8,2026-08-23T22:47:53Z,2026-08-23-4
2026-08-22T11:00,41eac68de8d039ce02cdbb28a5cedfa535f325940e6c6a60568339dfed04804b,2026-08-23T22:47:53Z,2026-08-23-4
2026-08-22T11:00,42f02c3274ff90ad1f3bc4667c7b92a122190084adda3fe2fd762beb1de1ca6b,2026-08-23T22:47:53Z,2026-08-23-4
2026-08-22T11:00,439996b4df7f7018ac11a558cdb70da990615bcc85553cb21a7c4e54b3c2a235,2026-08-23T22:47:53Z,2026-08-23-4
2026-08-22T11:00,44d08dc7b34b1fd77c1da76a397f2cae899401f54f1797b81ed938b64c486b42,2026-08-23T22:47:53Z,2026-08-23-4
2026-08-22T11:00,453589d30c2f4488bbb83e5911be823f7a76002a50d0c80ea8d449e5d24eefaa,2026-08-23T22:47:53Z,2026-08-23-4
2026-08-22T11:00,47b39d3bf4d5f6c9e50557449f0b7adebddba4503486cc4330f45940d2710b00,2026-08-23T22:47:53Z,2026-08-23-4
2026-08-22T11:00,490443d350610d5c4ca63de8aaa362f5db5250ddb729fe1a919ff1c1fcc183d1,2026-08-23T22:47:53Z,2026-08-23-4
2026-08-22T11:00,49e4822cbbeac812007044c39a6de5e2607f47b22485d4edb6c640d53c5d64e8,2026-08-23T22:47:53Z,2026-08-23-4
2026-08-22T11:00,4d3731b062f2a26efe7f599267ee1cb23f110c0e871bffd7f4d0ac0629009ccf,2026-08-23T22:47:53Z,2026-08-23-4
2026-08-22T11:00,4f1289bf14bd0a3740ca787923d082b40ee9b6b713a885bc7c3ca64431f143e2,2026-08-23T22:47:53Z,2026-08-23-4
2026-08-22T11:00,51499fd38613b78227b8e577c4e77a6d9d2b90656399a918dccf9e26f8fa50d7,2026-08-23T22:47:53Z,2026-08-23-4
2026-08-22T11:00,51f957e87224d4100c849629b566c036d8c348c4dc154902f218b58d2a3de5d0,2026-08-23T22:47:53Z,2026-08-23-4
2026-08-22T11:00,525136f5e3165d97c9d893a9b00133dd4211fa3474300852e42843480e0eb434,2026-08-23T22:47:53Z,2026-08-23-4
2026-08-22T11:00,540463da64ed3e5a4b3d28d915e04f546eabeed944be9ced27e37d72730d5cfa,2026-08-23T22:47:53Z,2026-08-23-4
2026-08-22T11:00,550a6957bbe0b0330ac0842d7f35df73aa3acdd5f9cfb7651083d361598a4af3,2026-08-23T22:47:53Z,2026-08-23-4
2026-08-22T11:00,552a9c60032c70a230544596f936b9952e1f6e75f2c64d7d7120ee2e5162496b,2026-08-23T22:47:53Z,2026-08-23-4
2026-08-22T11:00,5639fb37007a6294bf8457b932124ac38fa5261fbf8cc335f70981e2d2c8ff45,2026-08-23T22:47:53Z,2026-08-23-4
2026-08-22T11:00,5893d3e8b8eee4d3b153c974135c518276aac007288dd0d0387cec0acb03e527,2026-08-23T22:47:53Z,2026-08-23-4
2026-08-22T11:00,589ae3a7660d1117977ab290564fb2944e416ab0cd61534637ddb9326a5c7901,2026-08-23T22:47:53Z,2026-08-23-4
2026-08-22T11:00,58e01cef89bd66abbc0734a9420d88c2b7409c7111342ff601ee714022fe7bb9,2026-08-23T22:47:53Z,2026-08-23-4
2026-08-22T11:00,58fa74ae2d316d58e2f86a7e63dcc21533fac57c8a92b0ee89e869a83bbfa805,2026-08-23T22:47:53Z,2026-08-23-4
2026-08-22T11:00,5b3828e80422c65a82460dd89ab8bc5dfde4857a0fa89305f909d88bb5b507a3,2026-08-23T22:47:53Z,2026-08-23-4
2026-08-22T11:00,5c6360b39058cc2d4b6dbfda0d8e4a37dcc3d613d980515ab230d4232751e7c7,2026-08-23T22:47:53Z,2026-08-23-4
2026-08-22T11:00,60585fc8500a4cb77a16b499b7c05fe5d2b362e239a3d00bf2ec366d9af75279,2026-08-23T22:47:53Z,2026-08-23-4
2026-08-22T11:00,60b54d23d9a5f46d12fad15660822fd2d990e06077a0c03a631d7e735cd813a5,2026-08-23T22:47:53Z,2026-08-23-4
2026-08-22T11:00,645e24c3de2a7cd539e9e5647d3b84ba0a37fde132303f4a13f23fb67462518d,2026-08-23T22:47:53Z,2026-08-23-4
2026-08-22T11:00,65dfaa4bd85f0daf02091104c066018ef93cb9e720b84c9643506fc21c5e29b7,2026-08-23T22:47:53Z,2026-08-23-4
2026-08-22T11:00,660c2c73cc8c8141fe01d0862ed6f2551bdf5d2c005f218a03b9caa73c8afcb9,2026-08-23T22:47:53Z,2026-08-23-4
2026-08-22T11:00,66662173d3d321b8068d005c3d18acab2fa804bef7106333e0ceea66ff55da30,2026-08-23T22:47:53Z,2026-08-23-4
2026-08-22T11:00,66b38d68525a1216164166096997142b34139eecf219b899499adfa704f9b8ed,2026-08-23T22:47:53Z,2026-08-23-4
2026-08-22T11:00,67835332f934086e997913b5be5b93e9da5b6cee3a0f61392041fd5f8180ea11,2026-08-23T22:47:53Z,2026-08-23-4
2026-08-22T11:00,68486f23dc07ddd3d17eb75805382669950ead2415902c12be860a3ff5523cf0,2026-08-23T22:47:53Z,2026-08-23-4
2026-08-22T11:00,6855150f4b95b599810c0530601a9e78d36e7da17bc3dc72379c99d7ea21d90c,2026-08-23T22:47:53Z,2026-08-23-4
2026-08-22T11:00,68eb377da1632f5dcdb934dc72c00368edf30a35fd67e06d34daf54bab5ebf57,2026-08-23T22:47:53Z,2026-08-23-4
2026-08-22T11:00,6a9db32a750405e6f67bf2dc3bbe0643f14c5d0455b38b2bf7117f3bb4bc94bb,2026-08-23T22:47:53Z,2026-08-23-4
2026-08-22T11:00,6e618ec11e115a7a1f2fee276c907527988b453f052859ee65cd9069b690b4ae,2026-08-23T22:47:53Z,2026-08-23-4
2026-08-22T11:00,719328abd771a3b8785f216c5afe3abc5b29a086f30cc8d5b98bdfc914a6a582,2026-08-23T22:47:53Z,2026-08-23-4
2026-08-22T11:00,7268b21462d9c1b247b23ab2e2ad4f87510a3c1ab732471e72af7adbc788db38,2026-08-23T22:47:53Z,2026-08-23-4
2026-08-22T11:00,728454b2a957e815816d7beff756b9409f2d8880948f8da68d2458bda40ebce8,2026-08-23T22:47:53Z,2026-08-23-4
2026-08-22T11:00,72b29813692e5c327ef9ed13087af452881797906c0a77feaa6b66af15965f73,2026-08-23T22:47:53Z,2026-08-23-4
2026-08-22T11:00,73db27624d2b164c5c71ab3967ebfc2e8add19e91bd8594e13186110f8c5748a,2026-08-23T22:47:53Z,2026-08-23-4
2026-08-22T11:00,7722d65246c8b398f48b9d62b00c9370885782d4c9b0825846fc328b5da23a14,2026-08-23T22:47:53Z,2026-08-23-4
2026-08-22T11:00,7a4e7a0fd6d0a5ec69f77f2308dcbe6bb8d0cc785af8604ca50bc5a7d119a2eb,2026-08-23T22:47:53Z,2026-08-23-4
2026-08-22T11:00,7bf92bfdb1d7034f4eba34a1317be1757e226323982a47f9d9743a51d873ea6d,2026-08-23T22:47:53Z,2026-08-23-4
2026-08-22T11:00,7cc29a52e2382d462269134437c83d555d31667d87a429414d79edde8d9adb50,2026-08-23T22:47:53Z,2026-08-23-4
2026-08-22T11:00,7ce0e8ad25c89ed95eba93afccbf2ac3ad033a05af60c65cc143e5cea9ed80ee,2026-08-23T22:47:53Z,2026-08-23-4
2026-08-22T11:00,7cfd065bee75c24e8ddf61e6f887782001e1c7d6cbc372f62795d907b7267de6,2026-08-23T22:47:53Z,2026-08-23-4
2026-08-22T11:00,7d4a13b7c3bf33eb2502b9147996f02f0cf244eb8621df15ba374f4a9c4db6a2,2026-08-23T22:47:53Z,2026-08-23-4
2026-08-22T11:00,7d7780881efcf29fcbfdc0fb6b0acd2bbbf200c5b0fbad5bf8d2c68fefa557cf,2026-08-23T22:47:53Z,2026-08-23-4
2026-08-22T11:00,7dfaa88785ce92cc636d174ca8751a07c14ddf75ea4fe7180ba75010f19a2f73,2026-08-23T22:47:53Z,2026-08-23-4
2026-08-22T11:00,7e57839a813556f586771c9fc915d393c23f53e44ea5c41d11df970e0df95ec1,2026-08-23T22:47:53Z,2026-08-23-4
2026-08-22T11:00,80e095bc24300b55535d472da28baeada96713a8979bd4a71a88ede4573c6cd8,2026-08-23T22:47:53Z,2026-08-23-4
2026-08-22T11:00,814696a6f6bc7d4d24cbf75d5b29d5b737952f957c840098aca6cd4ace2a6e71,2026-08-23T22:47:53Z,2026-08-23-4
2026-08-22T11:00,8209810835776423a30c032956b5b848884a70894246c0e1aced0bc05b1fcfe5,2026-08-23T22:47:53Z,2026-08-23-4
2026-08-22T11:00,82338089eb23cdb7b912cef060c204f6aba41397c4df83c51d21fbf010de8f37,2026-08-23T22:47:53Z,2026-08-23-4
2026-08-22T11:00,89614e701b29ab26a305102f9e83c97dbd7f58b843a54be9f0777472b3b3bf43,2026-08-23T22:47:53Z,2026-08-23-4
2026-08-22T11:00,8bc649268d18f0d6eb637feeeb491d98a6a6ffc31b3ee10dc46d5014657a486c,2026-08-23T22:47:53Z,2026-08-23-4
2026-08-22T11:00,8caf4153a006fdd4e3199a156dd5e9bb91fb33e53a9803a80db5f621f42824c8,2026-08-23T22:47:53Z,2026-08-23-4
2026-08-22T11:00,8cbe392394fba8c699313c471084dd4ed268c9acd55c9932506b9633b87b1d71,2026-08-23T22:47:53Z,2026-08-23-4
2026-08-22T11:00,8dd3a44fdd5725064dc1cacae12c8d40a15fdb38efa3d1b8554ac473ba0fcb2c,2026-08-23T22:47:53Z,2026-08-23-4
2026-08-22T11:00,8e3327f1064174e77b3a68b74bf6d5eea1c79cac24a78e13c0618b91fb068838,2026-08-23T22:47:53Z,2026-08-23-4
2026-08-22T11:00,8ffa3c4165de500192f64f15826e1ae981809281a04fd9770b6ef4e4a4abf3ab,2026-08-23T22:47:53Z,2026-08-23-4
2026-08-22T11:00,90ea4c2370c26bc66e97d01adaee273670f4adcdb40572207606053aedf059db,2026-08-23T22:47:53Z,2026-08-23-4
2026-08-22T11:00,9306a1c33b9052217ccac722c7e0bfc231230b5efa509a5ea9a7a59dae3d97f7,2026-08-23T22:47:53Z,2026-08-23-4
2026-08-22T11:00,957d372d879a66d5d3fc6b28c81a27e99247064805d4e6d8658916f294b5cd39,2026-08-23T22:47:53Z,2026-08-23-4
2026-08-22T11:00,9852d798b4146175c7adcbb90b274ec11be5dada5c9d85d3c26a7090a314e427,2026-08-23T22:47:53Z,2026-08-23-4
2026-08-22T11:00,9a8cf1bbc98230a78433e724aa88a6b440654260ace66c671ab411ea2fb6bde9,2026-08-23T22:47:53Z,2026-08-23-4
2026-08-22T11:00,9b21fd563860394c9e8a3ba6a2ccab20ad1ca0842749a4861ba4780f3d905f76,2026-08-23T22:47:53Z,2026-08-23-4
2026-08-22T11:00,9bf7361bd1a9fa415e1da3fb80d242229888e8d66c4d3bda820345b768caeaee,2026-08-23T22:47:53Z,2026-08-23-4
2026-08-22T11:00,9cb199485a47ef5eb1a8c7a9ef61571b5e7c982284dfd4f4eb74948bb5ec34d7,2026-08-23T22:47:53Z,2026-08-23-4
2026-08-22T11:00,a0ad21d2775eccd8cffb1ff59ddec75a239a606ab06016a0932cbce5c0487c53,2026-08-23T22:47:53Z,2026-08-23-4
2026-08-22T11:00,a14220c35db738a1969132dbc35d1f97a698dd259ec04333246d6decd0a433e6,2026-08-23T22:47:53Z,2026-08-23-4
2026-08-22T11:00,a14d1a8a1958e0ddfb38bdc628cb60bf8c73b881fb22621d74cce187f615371f,2026-08-23T22:47:53Z,2026-08-23-4
2026-08-22T11:00,a1955d9cab7333db9aa8f734063622786f38f0325fd1f92d9c27a0c644a46682,2026-08-23T22:47:53Z,2026-08-23-4
2026-08-22T11:00,a545fbcd1628dffa00c6b16eeb47ce05c11a4069d3a6cbaa4b126680757f39a9,2026-08-23T22:47:53Z,2026-08-23-4
2026-08-22T11:00,a7f0cf3ecae5222e56cd7660a43ff07128e6d88de9854941a691fd0f2b18ca00,2026-08-23T22:47:53Z,2026-08-23-4
2026-08-22T11:00,a808193b21755886ceb2b837b8bb8c47ab8aeb4aa7272048825660f006c58b60,2026-08-23T22:47:53Z,2026-08-23-4
2026-08-22T11:00,aa3253f5aca97b4b13ca6ac6934a7ac47b0f959de613304b0b2f2a11ba421a7c,2026-08-23T22:47:53Z,2026-08-23-4
2026-08-22T11:00,ab22598cbeda1ba3311399636d1d2be6f161caccf2272b6a0234598cc9b060d4,2026-08-23T22:47:53Z,2026-08-23-4
2026-08-22T11:00,acf065464dca543a2138d2de66126f06faf6bcea07f56e160d653d0e1e906b38,2026-08-23T22:47:53Z,2026-08-23-4
2026-08-22T11:00,afd300f326ca249dcd207835f37b80a4f4a6379d5d7fd20f6f8246e6c29d96bc,2026-08-23T22:47:53Z,2026-08-23-4
2026-08-22T11:00,b0f27ce870d4082acf391d55a6c1e0038a97374dbc244f1a99c48007e422421c,2026-08-23T22:47:53Z,2026-08-23-4
2026-08-22T11:00,b1fe25a7d4e1b8aa62518aad3aa50767d1ddc6300159f2564e984d4993332360,2026-08-23T22:47:53Z,2026-08-23-4
2026-08-22T11:00,b3fa57de177805d041c7a9d685dfa20c03f483b792f03c05cc2687e7d29b851f,2026-08-23T22:47:53Z,2026-08-23-4
2026-08-22T11:00,b44732181244afc4077537d8acb769d621c8f17168ce5b9661940bcd554f1821,2026-08-23T22:47:53Z,2026-08-23-4
2026-08-22T11:00,b4d8986c6f012ded540ec8847842e0326daaa4350e4afe3fc4fa2e136585607e,2026-08-23T22:47:53Z,2026-08-23-4
2026-08-22T11:00,b5e4f5bde81e415a5dc9df135a943466cd1cd0221d79d961dd1257f26a511dc4,2026-08-23T22:47:53Z,2026-08-23-4
2026-08-22T11:00,b6a0ff10b3fb3f7fcfe2742a76ac35591684e8eeada0a76f3e9d010414def974,2026-08-23T22:47:53Z,2026-08-23-4
2026-08-22T11:00,b774ba3b175ebc0fd17fda9dc072362ce5c0ea1e7606b92ef2d1a229bc86bbfb,2026-08-23T22:47:53Z,2026-08-23-4
2026-08-22T11:00,b8804f3a51ad51b3c4526eb7c0e2de00fee64a40bd8b208951fb6f6826a8cd4d,2026-08-23T22:47:53Z,2026-08-23-4
2026-08-22T11:00,bbeaf8af4f976a9f1d96a3116c3456da21849349527339cee5e10a0d39c9a75e,2026-08-23T22:47:53Z,2026-08-23-4
2026-08-22T11:00,bc5afc4e5aa94249798b0fcf6ec1f2a9e7b85f9a685bed5b18678833470a287d,2026-08-23T22:47:53Z,2026-08-23-4
2026-08-22T11:00,bd8961aa2cbefb84abae835953bd76582b04a69a093b73f33eb50861961a1319,2026-08-23T22:47:53Z,2026-08-23-4
2026-08-22T11:00,be7194ead891e73033ba5b479ae2152d0e7638debd768f77e9ee7c0d7c018a5f,2026-08-23T22:47:53Z,2026-08-23-4
2026-08-22T11:00,bff9d309ee6cba7857de2138b40eb857a16993f97aa818e5e2722c5d6d3a4af1,2026-08-23T22:47:53Z,2026-08-23-4
2026-08-22T11:00,c054454665f2dddf2a180283621bc95e613be9463195bc7591770a338bcb183f,2026-08-23T22:47:53Z,2026-08-23-4
2026-08-22T11:00,c4c485abe60e8f072f20954868cd58c0ec184593cdfd3e72f5ddecbb4ebfd325,2026-08-23T22:47:53Z,2026-08-23-4
2026-08-22T11:00,c4f56cd1faa874e2b24e21f0c5a88f03b645f9d54f2a94d16843b15b13ca75d9,2026-08-23T22:47:53Z,2026-08-23-4
2026-08-22T11:00,c7928148edc85330d33d5a47e37fbd89e26182968ff2fcae6f033bc76b4d9cc3,2026-08-23T22:47:53Z,2026-08-23-4
2026-08-22T11:00,c89c3e6c40d841e6b558a924c60335ab4914985cf8dd307600412ebad8b2b77c,2026-08-23T22:47:53Z,2026-08-23-4
2026-08-22T11:00,c8e0fae8215200031443d5e1ef0e325e9f3b8ee22c7176aabdb7b07d4e267264,2026-08-23T22:47:53Z,2026-08-23-4
2026-08-22T11:00,c9db79051f3f34a610e33e3ce3a696079b71147f9755db945a92555578dcb73c,2026-08-23T22:47:53Z,2026-08-23-4
2026-08-22T11:00,ca77797a418186fa2f51d2cda0f6eb3ed3328790db942a52f2b42e1774e9d3e6,2026-08-23T22:47:53Z,2026-08-23-4
2026-08-22T11:00,caaef7b4e0d3f68172295766067840759d2fdd2e2e818deca1ae90059043fdf9,2026-08-23T22:47:53Z,2026-08-23-4
2026-08-22T11:00,cb278239f0e9489d18d5ecd955fb80cae887e6c19d9b95c2b9424bf6caeb0737,2026-08-23T22:47:53Z,2026-08-23-4
2026-08-22T11:00,cc2de768a83a28b3e9e9043110fba76da6db2f6034efd63f7a007eba608b106c,2026-08-23T22:47:53Z,2026-08-23-4
2026-08-22T11:00,cd0c94411200bf9926e042ff88cd48d793daf37ec7abea61f60d3b08937cd869,2026-08-23T22:47:53Z,2026-08-23-4
2026-08-22T11:00,ce1e8f122a8ed1183ea245436cc35cbe2aed438375d3797ec7fbdd7ca190da39,2026-08-23T22:47:53Z,2026-08-23-4
2026-08-22T11:00,cfd2f7dedb82e8ebf51d3889e9d45f1b2e544ac4444862acf285fd89adcd87af,2026-08-23T22:47:53Z,2026-08-23-4
2026-08-22T11:00,d08356180c42646f428dde83090e3744657d4410cad8c832289ecb25156246e7,2026-08-23T22:47:53Z,2026-08-23-4
2026-08-22T11:00,d24c16d483fd33cc0d538183e0b19355253a08b87b4b6084a5a8e08d2ad9cc40,2026-08-23T22:47:53Z,2026-08-23-4
2026-08-22T11:00,d4844a2f4eecfc15c966e07c43ae047ca80ebd561e978b1747c64d06d433f2f4,2026-08-23T22:47:53Z,2026-08-23-4
2026-08-22T11:00,d53fea2e59ef033cd477e230f83d0b4dc43cc7a47ceca955f6013ddd69fc9b61,2026-08-23T22:47:53Z,2026-08-23-4
2026-08-22T11:00,d5d0066e9dfd8a04b7071ea2f8207d3b501dac13c7a08ed3b172ff6f7a850982,2026-08-23T22:47:53Z,2026-08-23-4
2026-08-22T11:00,d6cb5c0cb17c6c192606b94f1774d905964efa7c784679b8d6da43b8ea8f1b51,2026-08-23T22:47:53Z,2026-08-23-4
2026-08-22T11:00,d6cc9660c0c725e71cdd6fec1f74fc0b691db4ae15e94d6ffd0c691388293e2f,2026-08-23T22:47:53Z,2026-08-23-4
2026-08-22T11:00,da04a9a4b6a4e283006af4606020d0889efad7091a2196fbdeb3bbb51cc68862,2026-08-23T22:47:53Z,2026-08-23-4
2026-08-22T11:00,dac903ca56d0efde136f26c676cfdf9e2a989790264c92ed7340501df73e94be,2026-08-23T22:47:53Z,2026-08-23-4
2026-08-22T11:00,dae448697a0e74acbf58973ddff3c53129d7e9da4cbceaa214062149005526ab,2026-08-23T22:47:53Z,2026-08-23-4
2026-08-22T11:00,df3a04515b0230dfcec19f9ca29484629c164af2d961502b413a5e68299791fa,2026-08-23T22:47:53Z,2026-08-23-4
2026-08-22T11:00,e0175ef5d105d703da00b31a2f0e596418b73062d6ed550b46de83a7d8b64449,2026-08-23T22:47:53Z,2026-08-23-4
2026-08-22T11:00,e104f14333fc7a836e35e395920ae8de7509cef469e42a6f53e5c6f304c8d0da,2026-08-23T22:47:53Z,2026-08-23-4
2026-08-22T11:00,e1547ace99c1d3488dc6d561dc54499c1c92713badeaea85b17310e8496b58ac,2026-08-23T22:47:53Z,2026-08-23-4
2026-08-22T11:00,e1de7efd5882db517d802777b2527f5d1a1007b2302ca22739d107f4e9a7aa5b,2026-08-23T22:47:53Z,2026-08-23-4
2026-08-22T11:00,e221eaacd89377b41becb1b9d7d6e2c40630bba93006250edc1b2b7bd06b965f,2026-08-23T22:47:53Z,2026-08-23-4
2026-08-22T11:00,e41bce9bd713e43503262d216525d62a567187b6df139137ccc030efc63a778b,2026-08-23T22:47:53Z,2026-08-23-4
2026-08-22T11:00,e4fee58aa8708a5f50588d387c9aa930df96abbc2aa763583bf3ff8e70854e77,2026-08-23T22:47:53Z,2026-08-23-4
2026-08-22T11:00,e65ff475d12d9556815b062ede73831d884b8bca265e0be53ec2ecec35a25de3,2026-08-23T22:47:53Z,2026-08-23-4
2026-08-22T11:00,e81d8bfad7b4d555874a7d6e53d4b85e5fb4f659d2c329291bb3b0d93e9e9cc4,2026-08-23T22:47:53Z,2026-08-23-4
2026-08-22T11:00,e8731809401f9014e9d475acdad69fdba4314dc680218cba5663db8f2d95a3fe,2026-08-23T22:47:53Z,2026-08-23-4
2026-08-22T11:00,e97e4d52e929a7d05fd1c889cc29afc52c19f18a9ac8322e4d6274999baca57e,2026-08-23T22:47:53Z,2026-08-23-4
2026-08-22T11:00,e988f731407256f61f216ddf592927706d1c6cb1f099b6b5a608df0be220229b,2026-08-23T22:47:53Z,2026-08-23-4
2026-08-22T11:00,e9ac4403757fcca3303e3d58c1b186abd97ecc06c16bbc204f04b53164e494c8,2026-08-23T22:47:53Z,2026-08-23-4
2026-08-22T11:00,eaaadd7632f4eafef9fc602cecb27668c20c0653ececeb5587ea65cede7cc5d5,2026-08-23T22:47:53Z,2026-08-23-4
2026-08-22T11:00,eac988003b28ce7607a960028d5a98775f278cc22c4510bc68b6f3ad8134bf40,2026-08-23T22:47:53Z,2026-08-23-4
2026-08-22T11:00,ebc9e33cc6a603765f3c3a91de1fdbd6b8fc2bb774d7663b2900d9a207d57cac,2026-08-23T22:47:53Z,2026-08-23-4
2026-08-22T11:00,ee06f1c0cddd4af145c3d12b26019ce0832926ba8fcb1ffe79a360b0d7b7b286,2026-08-23T22:47:53Z,2026-08-23-4
2026-08-22T11:00,f0c6dcc356ec55828dc62c5e99fa5ac9be59ea56bc93fa8540e5790366720b92,2026-08-23T22:47:53Z,2026-08-23-4
2026-08-22T11:00,f13e04b78099023a245ad096873765a2c90da4875b2bf77cf2c2114420c1f9ad,2026-08-23T22:47:53Z,2026-08-23-4
2026-08-22T11:00,f29ceed3167696f29cda6b03f58cfb37c5f8247097d0a33ca2a668e652c189ed,2026-08-23T22:47:53Z,2026-08-23-4
2026-08-22T11:00,f35e14dfbd5d94e23c1a68f93cf7619fbbb0e0dc6227cc20d3d9b1c618b7839d,2026-08-23T22:47:53Z,2026-08-23-4
2026-08-22T11:00,f376d6f5c77786b88a843113ad9d042f652d3e6a0d1617fdb000e8e77b0f70e0,2026-08-23T22:47:53Z,2026-08-23-4
2026-08-22T11:00,f4993275481abe6b59a885611280535fd65591d315b51b1ea26b6b735fe7a90e,2026-08-23T22:47:53Z,2026-08-23-4
2026-08-22T11:00,f767ce975ac83434ce1166d59f35931a1782b92b6967da94127383ffdb116e59,2026-08-23T22:47:53Z,2026-08-23-4
2026-08-22T11:00,f7fd0475fc859fd6bb9721ee3cadfd047f8567d16c4cf0562eaf0811c79466de,2026-08-23T22:47:53Z,2026-08-23-4
2026-08-22T11:00,f98a6d69b99a8d86cef009385efc1d013e25d262eb5c9f175542fc834bfc37ff,2026-08-23T22:47:53Z,2026-08-23-4
2026-08-22T11:00,f9b8ea95c8a10e51ed7d33111275e65d10be68738ce176cb774ce2ba9125b102,2026-08-23T22:47:53Z,2026-08-23-4
2026-08-22T11:00,fa2137e46d95c4b56494d78956e56fa37f7048599febf7704e9cdb0eb9316029,2026-08-23T22:47:53Z,2026-08-23-4
2026-08-22T11:00,fc6faf25b1c6351c872fa387a213c6ee231748f4e58840f2ae188f94ab01bc62,2026-08-23T22:47:53Z,2026-08-23-4
2026-08-22T11:00,fca44b0a9daafc676bc0eff2459f72b042865be3be4df9cd874f767de2a92a58,2026-08-23T22:47:53Z,2026-08-23-4
2026-08-22T11:00,fd5cf9d3d1a8c1187f835f4e3074453f56d58c8bec361a88f58f9a05261604e1,2026-08-23T22:47:53Z,2026-08-23-4
2026-08-22T11:00,fdf17b05c774b2964a9f494b98c78c2c9a8d5a3ea1b8f809bc4c45f9c0f37340,2026-08-23T22:47:53Z,2026-08-23-4
2026-08-22T11:00,ffe7bfe41e6a26d50787be4f6c322d2cf61ce5c023f97da0ca150366025dc9b1,2026-08-23T22:47:53Z,2026-08-23-4
