version,url_key,first_seen_at,first_seen_run
2026-08-22T11:00,000a8ac3abf13e37c0f9b4e41c11beba91e5f94c2b1048cb7db374b18bf9af96,2026-08-26T03:28:00Z,2026-08-26-1
2026-08-22T11:00,00348f636ded19e6044df098c2b2f883a43bdb87ea8e4ed0634f0be26347a8fe,2026-08-26T03:28:00Z,2026-08-26-1
2026-08-22T11:00,00823b1e7b9230184629e46e4500f027c02fabe5fd3d640cd53e4a5a6751b66a,2026-08-26T03:28:00Z,2026-08-26-1
2026-08-22T11:00,00ac74df3535ef8e3d016337ca1537442a9274118fc8ceb985e08b898fd3cda2,2026-08-26T03:28:00Z,2026-08-26-1
2026-08-22T11:00,00ff597af95ff18762f945410d999dd0ae183f7f5d1c55e89815e1679313a5d0,2026-08-26T03:28:00Z,2026-08-26-1
2026-08-22T11:00,011a7073dec2611540c1118252531497929ed35633faf9753b1afa26cb8d9922,2026-08-26T03:28:00Z,2026-08-26-1
2026-08-22T11:00,02b86bc9fa0973d152e3ea8df93d63a3e165ed6d528a9e7cb77c602bde017500,2026-08-26T03:28:00Z,2026-08-26-1
2026-08-22T11:00,031beeed9ae471923aa483d3fb858a6fa8f26d39c8a3c4e25135f25986afef1c,2026-08-26T03:28:00Z,2026-08-26-1
2026-08-22T11:00,03360afb641febfac2be7a01e8c669a62356d971f8368e9e35f67d6845ef9c49,2026-08-26T03:28:00Z,2026-08-26-1
2026-08-22T11:00,03a66c4b913cb66d398ec2a8f1a99cd0460fe6f70e01572ccea671ef26e0935d,2026-08-26T03:28:00Z,2026-08-26-1
2026-08-22T11:00,04f39646eec310bd53d4c40ff467add08118f336d1ded05db18b1fc73bf989f4,2026-08-26T03:28:00Z,2026-08-26-1
2026-08-22T11:00,053960513b1b4dc97221c19aee1af076097178b72761208e255d83d1b8731338,2026-08-26T03:28:00Z,2026-08-26-1
2026-08-22T11:00,057a3068be2c8a22aab5846a7343c48767ddfb04f8b5590fce4f1a86357f41d0,2026-08-26T03:28:00Z,2026-08-26-1
2026-08-22T11:00,05d4bc62b91ea7a673ca83b4020d4487e32d7ad1579bbe1b3e50511c109c2e93,2026-08-26T03:28:00Z,2026-08-26-1
2026-08-22T11:00,06838d6865d06b19d9d270118e4b62303ebef867f4f04cbed3f4cbdf35aa50b7,2026-08-26T03:28:00Z,2026-08-26-1
2026-08-22T11:00,06d64a95dfd07f5bd0f3a6335f0420e9a78f733f8f650e8b00d6524657b276c6,2026-08-26T03:28:00Z,2026-08-26-1
2026-08-22T11:00,07c03642b75d9b42aa26f25527514c7e953d4b5e58dcc92d2e03ff1949add991,2026-08-26T03:28:00Z,2026-08-26-1
2026-08-22T11:00,0844f209163443911caffacb6e2368018a27b014f150c0c0b69ed9e1832fd032,2026-08-26T03:28:00Z,2026-08-26-1
2026-08-22T11:00,086d37b0a17e59d1c53eb1b4379244ed513dfb9c21301d9cdc902d6031dad32c,2026-08-26T03:28:00Z,2026-08-26-1
2026-08-22T11:00,08d8a1f38480af38ff412188e039874a0da9c0f68a9adab53233d18f537c2794,2026-08-26T03:28:00Z,2026-08-26-1
2026-08-22T11:00,0959d37fc8d6eea22cc39a0f7879b80b7332255624fbe5279fcc61bca83a871c,2026-08-26T03:28:00Z,2026-08-26-1
2026-08-22T11:00,09a0087a71e69c29764b053a8f356d87861d2447de6ecc81a2c2382cc72003b9,2026-08-26T03:28:00Z,2026-08-26-1
2026-08-22T11:00,09d909f48e761731fd36972f2f0b3151362d633e9d01840dfd2731fbd3c2e59d,2026-08-26T03:28:00Z,2026-08-26-1
2026-08-22T11:00,0a9530330904f90d05acc79fb2b3d538c1247144430246f1fa910066fce33126,2026-08-26T03:28:00Z,2026-08-26-1
2026-08-22T11:00,0aba1efc6a1f5ee6c80c1478f40056b3010a257bf099f5d36f7fab51762cc411,2026-08-26T03:28:00Z,2026-08-26-1
2026-08-22T11:00,0abeaae7a407aad213a58873c1f5b6b53382865a24c4afddca113c8c84225260,2026-08-26T03:28:00Z,2026-08-26-1
2026-08-22T11:00,0c1dbe5ae0a3b7b67dd1b25fae7088f9f3ba898d47e71e55a61e38a75e802805,2026-08-26T03:28:00Z,2026-08-26-1
2026-08-22T11:00,0c305de1a30647de84cec91fe75c90c7af12bc8a20843efac616e8ffff60499f,2026-08-26T03:28:00Z,2026-08-26-1
2026-08-22T11:00,0c58487446a28a825da701c59823fb010568694ed7db2d3e661b99878da59843,2026-08-26T03:28:00Z,2026-08-26-1
2026-08-22T11:00,0c9926169c5a0b4ae8e443a1693e97fc7e79efc1feab742a271ced79e4edda30,2026-08-26T03:28:00Z,2026-08-26-1
2026-08-22T11:00,0cf9802170c147f8eca099dd07f15b7b9d3b089e840659afddae264d7dc185c5,2026-08-26T03:28:00Z,2026-08-26-1
2026-08-22T11:00,0d12c8f8835d37468c6417f1f29169225c6d766500d9d7fbd3e324ecef060d24,2026-08-26T03:28:00Z,2026-08-26-1
2026-08-22T11:00,0d1ff0dcca7bfcee668b148af5f8ffa046650458321bb6acbf29bfe5b3a2e75c,2026-08-26T03:28:00Z,2026-08-26-1
2026-08-22T11:00,0e6bc088ddfcd768f0059947a18c8dfe50725533ab5f71b1f54094975d110909,2026-08-26T03:28:00Z,2026-08-26-1
2026-08-22T11:00,0f4b737575d5b0b2201c795b1b5de2cc60582216cc5980f2dd08efe5293a59e3,2026-08-26T03:28:00Z,2026-08-26-1
2026-08-22T11:00,0f74a17d30975f3b1267d5f0419989fa8fb67d6016954c89e034dac8a4c6122f,2026-08-26T03:28:00Z,2026-08-26-1
2026-08-22T11:00,0fe3de79977f8f4eddfea43b17c920db53eab71cb430590784d62bd6a7812a21,2026-08-26T03:28:00Z,2026-08-26-1
2026-08-22T11:00,0ff83dd038b87ebb4a29f6f15534674990e84cec7f18ab1e417c0cf3170a0b54,2026-08-26T03:28:00Z,2026-08-26-1
2026-08-22T11:00,108f3149bc8ef480ddfd176c409aba89c3146339b0b2f4a3ab1b4c1e442eaa99,2026-08-26T03:28:00Z,2026-08-26-1
2026-08-22T11:00,10de744243491294c9dae3b90504baf2dca7e544071ada1e217327ae71ab70c0,2026-08-26T03:28:00Z,2026-08-26-1
2026-08-22T11:00,124c08c11c1f63769df822fc4f391345514aa11797925f3836a433411bfe0e24,2026-08-26T03:28:00Z,2026-08-26-1
2026-08-22T11:00,12b90e6a51ca14cc5b434a7fbfc2219b623602e984c964ab85abede85a583fde,2026-08-26T03:28:00Z,2026-08-26-1
2026-08-22T11:00,154b355cb8ff8998cf285ccc86be145351f86eb41cce2c19546d3069d7913044,2026-08-26T03:28:00Z,2026-08-26-1
2026-08-22T11:00,15c241f6cf6fe2d68cc6818218d95d73e3bcd23ae3755880bbbffa3cef44ca53,2026-08-26T03:28:00Z,2026-08-26-1
2026-08-22T11:00,15f3d924ca90c16bd158d184b3542619310c670e690cc267358cdb6042e1b3b7,2026-08-26T03:28:00Z,2026-08-26-1
2026-08-22T11:00,16a1c3778d369b0e9d532b7ad246dcc33951e2d604c2561c3e971208e61bd0f2,2026-08-26T03:28:00Z,2026-08-26-1
2026-08-22T11:00,173e8b8f232804aa2580df5efa8ebfcdc612f0ea6901c446add195d2f27cd48e,2026-08-26T03:28:00Z,2026-08-26-1
2026-08-22T11:00,1755e4dda7e14e310c9ba2abd3794fcd6ac3ae594be82ad93d4e10e3e85d5477,2026-08-26T03:28:00Z,2026-08-26-1
2026-08-22T11:00,18647da7795a0b0ec2266cf9062175d0cdb4e03ad167d73fd26e90fc3ed57095,2026-08-26T03:28:00Z,2026-08-26-1
2026-08-22T11:00,192622cbfe18feb272f32760d969a415ff8c4909aa56b770d65642af23f01e32,2026-08-26T03:28:00Z,2026-08-26-1
2026-08-22T11:00,197595560baa3b60eee35d517c531abfb20d09958d068acc9241f927076fe4cb,2026-08-26T03:28:00Z,2026-08-26-1
2026-08-22T11:00,1976831bad38541274476799b52ffca5587c1c8e422f1d32c883d43b282363bf,2026-08-26T03:28:00Z,2026-08-26-1
2026-08-22T11:00,1a25524fa24a975441f9ab3f6cbcb72c33293811bcce3cc8af7ee744824f4c68,2026-08-26T03:28:00Z,2026-08-26-1
2026-08-22T11:00,1aa3939a36ce72246efc55f7bfab68bba47bbaf6fab8fa7c236a45c0a2b6fbd1,2026-08-26T03:28:00Z,2026-08-26-1
2026-08-22T11:00,1bc736f0039ba99980ed923e83356d7c495f512e549d81e0b14d8230fd540d54,2026-08-26T03:28:00Z,2026-08-26-1
2026-08-22T11:00,1bd1f26519bb76c39fd69f0e9e2d53f27b8749b02b564e81ab06f74d1d77b7ca,2026-08-26T03:28:00Z,2026-08-26-1
2026-08-22T11:00,1cb8658b1c77be3223947d5ad71a99ddddfbbefd35b7d5e647213c30c04a9a60,2026-08-26T03:28:00Z,2026-08-26-1
2026-08-22T11:00,1eb19abc51d0efef374b4bab2a155d261a6bfb21d6cb0b4eb3772630745793db,2026-08-26T03:28:00Z,2026-08-26-1
2026-08-22T11:00,1ebb77d8534aa64589d2258e3214f3f8a76ec7309285068035da039d2308173a,2026-08-26T03:28:00Z,2026-08-26-1
2026-08-22T11:00,1ed6d4be0cb630831efb7539bdb3f5c7bba5b96505ab28d8c01d38d296b89977,2026-08-26T03:28:00Z,2026-08-26-1
2026-08-22T11:00,1eecd7c1ea35af21d6dbb0feb6ab04e6b978674f34577a9121114d7239b1f392,2026-08-26T03:28:00Z,2026-08-26-1
2026-08-22T11:00,1f42bde7253ef902acb166feab7cba4085a96575d2ac1fe66c2bdf2a8eee78be,2026-08-26T03:28:00Z,2026-08-26-1
2026-08-22T11:00,2061b867c4657abe0875cf70ca3baf48c7b74c92ff46326a43c897fcff2a1a42,2026-08-26T03:28:00Z,2026-08-26-1
2026-08-22T11:00,209ecd0af8334221ecf2d55c92895e14ac29e8a5221e132f782c0f4237c3f4a8,2026-08-26T03:28:00Z,2026-08-26-1
2026-08-22T11:00,2111903da9bd77f5eeec4cbaa5324d26853a3999e9ed15ec44f28a671ea11e21,2026-08-26T03:28:00Z,2026-08-26-1
2026-08-22T11:00,219e892a776748ad3dd3de6b2575ae541b55945884d870789f0f154b407c51b0,2026-08-26T03:28:00Z,2026-08-26-1
2026-08-22T11:00,22dcbdeb36f37492818894242897b01d9d30596a108e9dbc1455337223534c13,2026-08-26T03:28:00Z,2026-08-26-1
2026-08-22T11:00,23385ecad81816fcf8931488032c86f8cd8b0d95dca3220ec564e1628e45b6f9,2026-08-26T03:28:00Z,2026-08-26-1
2026-08-22T11:00,2394afc808acc655346c33dbdeab3b63b62c4b2b5708b01fb00f00fb6a54f600,2026-08-26T03:28:00Z,2026-08-26-1
2026-08-22T11:00,2621aaa019563fe251e0201600562d42af206e8c1a0248f3f985dac60d2a7701,2026-08-26T03:28:00Z,2026-08-26-1
2026-08-22T11:00,264fb73a801b4fc60b22d9d2bb0a43c23bd9e5a152e2c1d24210ad64a1bcfbd6,2026-08-26T03:28:00Z,2026-08-26-1
2026-08-22T11:00,26611c83ac6fdd64e78bd6ee04c556347ed7a77b88b4bef6b3d10b5d75cba579,2026-08-26T03:28:00Z,2026-08-26-1
2026-08-22T11:00,2787c4bff096de3b8cdb61b47857f52661f4da21b630e1cc9f21d0a12a729632,2026-08-26T03:28:00Z,2026-08-26-1
2026-08-22T11:00,2807b50c93eb2f90d672cced42e65f514d000cbbbbdf4bcca0a619870fc3de06,2026-08-26T03:28:00Z,2026-08-26-1
2026-08-22T11:00,285800246fd0a87390da3ff579bdb17fd12f667b7345a4995be56e820941a4bb,2026-08-26T03:28:00Z,2026-08-26-1
2026-08-22T11:00,28fbd3084481742a0ea505475eed6d6ec852d51e55baa2f0a996d50f05ad3b30,2026-08-26T03:28:00Z,2026-08-26-1
2026-08-22T11:00,298758a991409d7172accc5d252b5b6b4f3f8f531e9b3c429fed5b3c076e34ab,2026-08-26T03:28:00Z,2026-08-26-1
2026-08-22T11:00,2a0c026e411666d24220c46daab85175a6f3e41203f25534f5676678ab6a1cca,2026-08-26T03:28:00Z,2026-08-26-1
2026-08-22T11:00,2a1d79c07acb25346b0757afa5df7018e98107d8ced4fa7bc9abe2f760d91c48,2026-08-26T03:28:00Z,2026-08-26-1
2026-08-22T11:00,2a33a3fd3df6304c48621b651b6e36886dc68638bafc9ea2f1149df20b497abd,2026-08-26T03:28:00Z,2026-08-26-1
2026-08-22T11:00,2a9ab0466ba6d5eb90803130fee25154232c63e3ee32730a732222d733aad7c9,2026-08-26T03:28:00Z,2026-08-26-1
2026-08-22T11:00,2bc0a32e67bf6d4a38e7297ef54ffdafe30b10b123ba2a06c22f56338d12572e,2026-08-26T03:28:00Z,2026-08-26-1
2026-08-22T11:00,2bfad8b625942cab5a848cfde619b7f11cc8fb1980340a73860c4f9233007aa9,2026-08-26T03:28:00Z,2026-08-26-1
2026-08-22T11:00,2c0cf4fc113de6cb04e9480bd4cbbb82398c2c32b1aec1631474052903a65c67,2026-08-26T03:28:00Z,2026-08-26-1
2026-08-22T11:00,2c2692b70357402d411a6c3eecc1ceb69939b9e1e387eaebe50fce8de16fa792,2026-08-26T03:28:00Z,2026-08-26-1
2026-08-22T11:00,2c63f9fd25556ab74cdc733451abc1b6a0d939147428da9d291665cd8832143a,2026-08-26T03:28:00Z,2026-08-26-1
2026-08-22T11:00,2c825aa04f9198d227c5ce660af5aa10910fe6983e2db2e6c063e3ea2f12e4e4,2026-08-26T03:28:00Z,2026-08-26-1
2026-08-22T11:00,2cd9d5e39950483d7ed3a4f053f65846c9a49b13110e1ac15496a6acfcaaebdd,2026-08-26T03:28:00Z,2026-08-26-1
2026-08-22T11:00,2cf2aa48849758deb48c89c962b6b7c5cdf7a50f213b37a83660ffb2ecb52fc0,2026-08-26T03:28:00Z,2026-08-26-1
2026-08-22T11:00,2d04bfc510849a0a4ce657d46939d99b483d5cd71abf889f1c544a9ec94bf95f,2026-08-26T03:28:00Z,2026-08-26-1
2026-08-22T11:00,2d0c1f4125a9e00a0bb1daa8bed491f7673319b384e3d9016f616f4432b29fa1,2026-08-26T03:28:00Z,2026-08-26-1
2026-08-22T11:00,2d298b6f53532bd5b9fd880f679525112d4059f10b5c7e6d2218f2cef50bc13f,2026-08-26T03:28:00Z,2026-08-26-1
2026-08-22T11:00,2e784cfa5a306cd0fe10eb06b03238040130dcc11a8a2c8ac6e32ecc83b84435,2026-08-26T03:28:00Z,2026-08-26-1
2026-08-22T11:00,2e816772659cfafe3ed1203087d9f785c376299191c76b2eda99292863ce409e,2026-08-26T03:28:00Z,2026-08-26-1
2026-08-22T11:00,2f3444964ca3fd3fdfb46a79a477a5ad080c79efbb6cbdb07f387632760fead3,2026-08-26T03:28:00Z,2026-08-26-1
2026-08-22T11:00,2f8210774a4281760aaa988eb2616fab3e89c944efccbd3a6381ef7f999e3dfb,2026-08-26T03:28:00Z,2026-08-26-1
2026-08-22T11:00,2f8ffc4c64fec578d3d20fe9ba46f86d49d082ce180fe07d49dd87fa111a92ea,2026-08-26T03:28:00Z,2026-08-26-1
2026-08-22T11:00,304c0a74ead342e734779567e34eefc3344bd79c6052f5835310b1db37da48f3,2026-08-26T03:28:00Z,2026-08-26-1
2026-08-22T11:00,304d4c733f2dfec0e14175bc941cec334f51bfb78dc6fd342a2c09543bed590e,2026-08-26T03:28:00Z,2026-08-26-1
2026-08-22T11:00,3079c26e4acc356dfe24f02f515885f9067c533e7ec95b3208ae33647284fe1d,2026-08-26T03:28:00Z,2026-08-26-1
2026-08-22T11:00,308ebed823d87e78890abce3e9428332d71dc3fa603e0a45b92b9c8db2a1e7f6,2026-08-26T03:28:00Z,2026-08-26-1
2026-08-22T11:00,30faed9b5e074b93281d45a3de3bbd057f2ab37c1d6482eb6dddfaaedb30936a,2026-08-26T03:28:00Z,2026-08-26-1
2026-08-22T11:00,31524b0871c833205f8851b26a12d0e171198413b65f8f14050f98a3fd1d8c42,2026-08-26T03:28:00Z,2026-08-26-1
2026-08-22T11:00,31b17e68db85712866a25d88c1fc87e521abbdd88fbb8269489a4a2b2adb053b,2026-08-26T03:28:00Z,2026-08-26-1
2026-08-22T11:00,31b18df6e620e39eeae1c1e1a3e2ede56700321c5e9b1dda9038020e13fce074,2026-08-26T03:28:00Z,2026-08-26-1
2026-08-22T11:00,3206ef491ddffb665c3990c46e97a8999fe7e0647369e912c69c4e43e81f8a10,2026-08-26T03:28:00Z,2026-08-26-1
2026-08-22T11:00,3213885bd25a1cef830241525f9698b89f1d6cf8d991514772f12f3b102ff9ee,2026-08-26T03:28:00Z,2026-08-26-1
2026-08-22T11:00,3227b03eb9c1216142d4179099e5ed2b2aee6d4906cc1b747beef31d12bf5b09,2026-08-26T03:28:00Z,2026-08-26-1
2026-08-22T11:00,323859e9b1ad20fc1e9516981a9e292c0256b2534fb01bb75cec542a9b486fbe,2026-08-26T03:28:00Z,2026-08-26-1
2026-08-22T11:00,326f45c5d272a14ac4e8a953321087f6b68e3c21b74386be103a94afc755351a,2026-08-26T03:28:00Z,2026-08-26-1
2026-08-22T11:00,32770b69f2e8e1e68d66904c413b5f8061d980d40f902283abb6894713104bc9,2026-08-26T03:28:00Z,2026-08-26-1
2026-08-22T11:00,32b7bedf0bfd594cb2fcc7889399c2a7839afa582f5b07226b03ce3dac5a8259,2026-08-26T03:28:00Z,2026-08-26-1
2026-08-22T11:00,33ba678824aa8ae20b74f66dc36cb8f81c370d73372069fd32b1a68d40e6388e,2026-08-26T03:28:00Z,2026-08-26-1
2026-08-22T11:00,3445df54ca462fcbb5f616b4d3d45c86820c52dc9d8ab9b6af29e43f651bce5a,2026-08-26T03:28:00Z,2026-08-26-1
2026-08-22T11:00,345ffac254e960f0a19f85b21d624fb312c567c65909ae588df21b0612cd9a3a,2026-08-26T03:28:00Z,2026-08-26-1
2026-08-22T11:00,350075c27cc12af2a800cd3af366ad231b33bccab58a2d89c911e3c5849071ef,2026-08-26T03:28:00Z,2026-08-26-1
2026-08-22T11:00,35969103d3826df1d583ddfdd6d1fcd226f01964171a203ada2783fa92338a6c,2026-08-26T03:28:00Z,2026-08-26-1
2026-08-22T11:00,35b87c69c7690be0c374e70bd468693ec368bc6f5aff35a95c3adf8ed8ad93f1,2026-08-26T03:28:00Z,2026-08-26-1
2026-08-22T11:00,35f284698f34b54313c05e1672aca7b2d622f2284d219605e4bd8b40898846ae,2026-08-26T03:28:00Z,2026-08-26-1
2026-08-22T11:00,365c19e165c10730693256c8afc7cffa5b39c27382495e94ac4fe7c306b2baf9,2026-08-26T03:28:00Z,2026-08-26-1
2026-08-22T11:00,378871959b90ed446b5f831cb595607577772fbdbabae4456f09ab913a754968,2026-08-26T03:28:00Z,2026-08-26-1
2026-08-22T11:00,37ecaea651788e35584f8614f58ec1a82e7f27014db858fc07f4b584391733ae,2026-08-26T03:28:00Z,2026-08-26-1
2026-08-22T11:00,3815dd8f29a778d8cc5658733864042d09700e77c3cc080464ddb6fc463d365d,2026-08-26T03:28:00Z,2026-08-26-1
2026-08-22T11:00,38aee4f2ff1dedeabd51c2884df91e5f8c167f166f6da6a3a275043b564779f5,2026-08-26T03:28:00Z,2026-08-26-1
2026-08-22T11:00,39ce66426c42b2e65dd6fcf64886313d45b6d0f94876ba19b03de3db7f5fcd5d,2026-08-26T03:28:00Z,2026-08-26-1
2026-08-22T11:00,39fe592d9c03313c529840638de4225a032069e00ba5f052b68e7ee297ee2242,2026-08-26T03:28:00Z,2026-08-26-1
2026-08-22T11:00,3a6ddd2b5bdbc1ce7afa5082229f6fa873d848866675df687841f0459f8ada4a,2026-08-26T03:28:00Z,2026-08-26-1
2026-08-22T11:00,3b5d3064b880eff6b0f9413f02a6555abee3ae13d7dda045b89a32af8fce8475,2026-08-26T03:28:00Z,2026-08-26-1
2026-08-22T11:00,3c5c03d3071c87ca68a558ed3c2210813b5378138ca388075bff6ef9b209dd7e,2026-08-26T03:28:00Z,2026-08-26-1
2026-08-22T11:00,3cda73cfdd4d88dc8295c29571c9bde1168c51ac2aec6a7942b00388fefb6f69,2026-08-26T03:28:00Z,2026-08-26-1
2026-08-22T11:00,3cdea2439ab4e9c27a3c9868b5e70580705b1c4db2f6ad8c730a55851b455efb,2026-08-26T03:28:00Z,2026-08-26-1
2026-08-22T11:00,3cf42d6bf06150a7e5b53d0e21b23a04a26326ab4a54d05b27d13fcdee76052a,2026-08-26T03:28:00Z,2026-08-26-1
2026-08-22T11:00,3d26fd0c19c2aaa2d9027ef03370883cd74e4077488eaa88afedcb4a18bec790,2026-08-26T03:28:00Z,2026-08-26-1
2026-08-22T11:00,3d2ecdcf1876270f33a024ed102a74e75ee72e5ebcd1f820f8c8b8bddfa35ec1,2026-08-26T03:28:00Z,2026-08-26-1
2026-08-22T11:00,3daabe62a81384b07245ecc6e42dbb080e40478c61b58a3bf7d3e41a7cd5f9df,2026-08-26T03:28:00Z,2026-08-26-1
2026-08-22T11:00,3e483ede6feaa437c2c266c3de163d63f56a2017605d400fb1159ac3969d843e,2026-08-26T03:28:00Z,2026-08-26-1
2026-08-22T11:00,3f57b166b1469940afafc0db7c25ab5acd71b0b4b591434168e15ee0e206b1b0,2026-08-26T03:28:00Z,2026-08-26-1
2026-08-22T11:00,3f7a8ba0e4b85f5d903db2b14b7ab6386a9302aa366c1ca42ac4ebf9b4ce8c36,2026-08-26T03:28:00Z,2026-08-26-1
2026-08-22T11:00,41015216c55ea758432c289e5e32e9df6b3d94bb7c377c599db4e781d606efb9,2026-08-26T03:28:00Z,2026-08-26-1
2026-08-22T11:00,4116f47878c99aaf9a69ea88a8ffeaafd7820626f3291b80b1363b35862f8165,2026-08-26T03:28:00Z,2026-08-26-1
2026-08-22T11:00,4156b639303b0e1a914d5d969709976250b5c7c643c65f7a6b6d3c72fd882d6b,2026-08-26T03:28:00Z,2026-08-26-1
2026-08-22T11:00,419e89a592fd7dd1f7a68806a268a5eb4b0484d94b905fa7c2ef868e34aeba4c,2026-08-26T03:28:00Z,2026-08-26-1
2026-08-22T11:00,42c53a92f3d2f51174b83496baf00e58297f527035b7c5666ea743e34c880461,2026-08-26T03:28:00Z,2026-08-26-1
2026-08-22T11:00,42c8f48ee191c6bdd3e6130fc78fd9dbe07adb59a776cb93133d14462a3e0377,2026-08-26T03:28:00Z,2026-08-26-1
2026-08-22T11:00,458bd0c52ae837d8652d600119dfa39efb3607ca2c814e06999b9c907f77c800,2026-08-26T03:28:00Z,2026-08-26-1
2026-08-22T11:00,459853cdad27b964970931c5aebf5db0833d5145f415400207aa90924d76c9d1,2026-08-26T03:28:00Z,2026-08-26-1
2026-08-22T11:00,459f6f99687df9f3cafc0de73341bbec9240e80a883b8fba955ce68a5e5c4e52,2026-08-26T03:28:00Z,2026-08-26-1
2026-08-22T11:00,45d646f52809917a855a8a48264adee4a9a6e914b408a66aad3ea3b59ea7f91f,2026-08-26T03:28:00Z,2026-08-26-1
2026-08-22T11:00,48e2d6fcc9b6ccdc21f50a3895ccc859987ed740fe690ff8c1a3efef28f06fbf,2026-08-26T03:28:00Z,2026-08-26-1
2026-08-22T11:00,48f311c67d5b15e849fb2f6744e644093a666ffe24d58030093aeccbd16e14f4,2026-08-26T03:28:00Z,2026-08-26-1
2026-08-22T11:00,4911f85c9c35abbc02d12dd4d26d0f22361f3b922f24123eef64c2e5bef69c9c,2026-08-26T03:28:00Z,2026-08-26-1
2026-08-22T11:00,491515be7170ba96e37d65b44b0212d13944300dd863a29e35c3416f49b257fe,2026-08-26T03:28:00Z,2026-08-26-1
2026-08-22T11:00,4aee91350ac22a1e2ae352aa3271bf8b358a98e6160fb187b9e38462fda359d8,2026-08-26T03:28:00Z,2026-08-26-1
2026-08-22T11:00,4b10a6f4620c746aab789f00051b6351722c861893e32b287024e4d1ad86d286,2026-08-26T03:28:00Z,2026-08-26-1
2026-08-22T11:00,4b60eae990a27235f5c42555b2222ec69fed64f7c3f58899b9f2df87742ac384,2026-08-26T03:28:00Z,2026-08-26-1
2026-08-22T11:00,4be333bfe42add83132dbabad81280051cff05b55944554bb1d915bda6610aee,2026-08-26T03:28:00Z,2026-08-26-1
2026-08-22T11:00,4c72c36f6555fac826e38871b3332cd8bc372dd15fb24a2321b4497358143d62,2026-08-26T03:28:00Z,2026-08-26-1
2026-08-22T11:00,4ddaece68b804208cf9b2d2194f4d0404041aa862622e2b17f4f9edf3ad9237f,2026-08-26T03:28:00Z,2026-08-26-1
2026-08-22T11:00,4ddef2ba787c4fe4e59ffd2c01d02b556b37d6552838a92592d1274f9ce16bf4,2026-08-26T03:28:00Z,2026-08-26-1
2026-08-22T11:00,4e5ff6d78b4ab86a3fa6479c0893495fe21e890cc1fe415d018d90ab9ede0e88,2026-08-26T03:28:00Z,2026-08-26-1
2026-08-22T11:00,4e976a238c2e8b29881406d845f63fb85f10e7bdb8365dba58f878552568e5d9,2026-08-26T03:28:00Z,2026-08-26-1
2026-08-22T11:00,4e997a0f6fa0af1c13cf391b2b1a45a5f3a6fafaae2cee4a696fa1ea0fb25d3a,2026-08-26T03:28:00Z,2026-08-26-1
2026-08-22T11:00,4ea72ab4cc7c6849c56b1e63661d8087c63bd823a24540ff04d0ccdb49b690d3,2026-08-26T03:28:00Z,2026-08-26-1
2026-08-22T11:00,4ee82067451c6ce9a4d375a2017248a1ed643420920e4b89ba70aef75fef1c80,2026-08-26T03:28:00Z,2026-08-26-1
2026-08-22T11:00,502daca499ef219f1dd7321febdb8d4a393ea0f09a7e16f6f2ecba3988981cbf,2026-08-26T03:28:00Z,2026-08-26-1
2026-08-22T11:00,506dcac9417330ee555b6c2af5c5808a07dd5e92be5877d9d77c9f3f08cb9fe2,2026-08-26T03:28:00Z,2026-08-26-1
2026-08-22T11:00,51048c1fc5a52b18cf10109a23fe08b5619adad2d15523adf36b86dd09dd09f0,2026-08-26T03:28:00Z,2026-08-26-1
2026-08-22T11:00,516482e240f64530fca706fb11df787ffc7ed6d331ca07d54157291f409bae39,2026-08-26T03:28:00Z,2026-08-26-1
2026-08-22T11:00,5206f1538e686ff585f2a67187bd2b2ce5d7788eb2f80c50dbf26bbdaadd1c93,2026-08-26T03:28:00Z,2026-08-26-1
2026-08-22T11:00,52619f0e6ce3ddfa0a33d3f63620e4dfdb8851cf25ebd9047dd8dd8ff2885758,2026-08-26T03:28:00Z,2026-08-26-1
2026-08-22T11:00,5269a4f4640678a5caf4a1ebd2a26e85c3d51c03570da6992d076275d8ab92b4,2026-08-26T03:28:00Z,2026-08-26-1
2026-08-22T11:00,52dd3ac05cb075284ebce9727fa2bce84b1fdb19a46a740d661000beb2134d9b,2026-08-26T03:28:00Z,2026-08-26-1
2026-08-22T11:00,52eee3a7695e41a5503c26bed34fd35dd1973660faca550585f765152b86dac7,2026-08-26T03:28:00Z,2026-08-26-1
2026-08-22T11:00,5317051506b7b7dafcbf1a2ceae060f7c531251f48e3400be1961e95962a74eb,2026-08-26T03:28:00Z,2026-08-26-1
2026-08-22T11:00,5432badcc37a383cccfb8dc21af4847465444014d69910c5fb750b1f36c2fe1a,2026-08-26T03:28:00Z,2026-08-26-1
2026-08-22T11:00,54e12ad0af62cc1e8d76779140a9717c4ce9269b7033480a57e3f49040b7cdc2,2026-08-26T03:28:00Z,2026-08-26-1
2026-08-22T11:00,54f10e645625264051c62a194e6d2c93b3c5e26e58f7461f4cd0fb4177268926,2026-08-26T03:28:00Z,2026-08-26-1
2026-08-22T11:00,551db0c746d245c610ee7e8e5aa608b1f031930da238151638d15425b8a76e32,2026-08-26T03:28:00Z,2026-08-26-1
2026-08-22T11:00,55719ee067c1efb05ccd5aac1ab78926c0ec7a7fbb5b23b4d045cd8e3e0c0f02,2026-08-26T03:28:00Z,2026-08-26-1
2026-08-22T11:00,55d8e7b1ece86b63bf49e6eaf66730ac4d500728a8f8f3ce61c0dd438c394bc5,2026-08-26T03:28:00Z,2026-08-26-1
2026-08-22T11:00,562e67acad5d213e29ee5a2c156410c8779eeb413dd78500fc968e7012142403,2026-08-26T03:28:00Z,2026-08-26-1
2026-08-22T11:00,566bd3226b86b480c33b8bc4a55eb7dbf84f768cd04584a39ac9df400c3fe919,2026-08-26T03:28:00Z,2026-08-26-1
2026-08-22T11:00,56c3923bda48086662405f109f040785b56579a1c07b0a993af1e2e811ece328,2026-08-26T03:28:00Z,2026-08-26-1
2026-08-22T11:00,57c59ac9d0dc06c26ed2d8278ae13cc16446d5d4540a958d192fa194c0b04e43,2026-08-26T03:28:00Z,2026-08-26-1
2026-08-22T11:00,588752574f9856b20d25bd596658cad855a53fd0e6c177d51d8d559ca3c9b142,2026-08-26T03:28:00Z,2026-08-26-1
2026-08-22T11:00,58ca576c36f8683a2f03a508d2abf3654f6cb26a4654f82262e3aad06086dcb4,2026-08-26T03:28:00Z,2026-08-26-1
2026-08-22T11:00,593dbdd086b2af39c915f49c9a21c76745f3a245315d778157755216cc2f177e,2026-08-26T03:28:00Z,2026-08-26-1
2026-08-22T11:00,59f270aa3966fad7ec6f8a31742de56d0479d8c6abd981f3f801b998d994f252,2026-08-26T03:28:00Z,2026-08-26-1
2026-08-22T11:00,5a34d168e4e300fb6ac878183a0894adbad55a57a5d46e4544dbe351430c5121,2026-08-26T03:28:00Z,2026-08-26-1
2026-08-22T11:00,5af23daf4820dbb1000c6da4457fcd4f157d01c2c58c42718d3626949e458f07,2026-08-26T03:28:00Z,2026-08-26-1
2026-08-22T11:00,5af586a606a88fedb73870393e1a1a8849cafae92dad033e69b07fd03130e7d2,2026-08-26T03:28:00Z,2026-08-26-1
2026-08-22T11:00,5afa59d2ae6684bd5af6cb3d9a4084fab23f86f3af8d48e9c83e9630186cabb1,2026-08-26T03:28:00Z,2026-08-26-1
2026-08-22T11:00,5b048cd5d7916ba56ffb6f1843b4716de4e90bf0616e54dca759b65f396ba587,2026-08-26T03:28:00Z,2026-08-26-1
2026-08-22T11:00,5bc23ee9e240b889112297259d76c532779d46df5e07670bc84a6adbe59ec763,2026-08-26T03:28:00Z,2026-08-26-1
2026-08-22T11:00,5c717b73843a63d762b0bfa01c20bbe7cc38059553a0de0fa7e9521bb347e4c1,2026-08-26T03:28:00Z,2026-08-26-1
2026-08-22T11:00,5c909336794a7bba67509f2ad8632d22eefa8bf0f61b91c3a3d166ad51233c1e,2026-08-26T03:28:00Z,2026-08-26-1
2026-08-22T11:00,5d1be372ebfca07619a3f7b8dfd3133d55eff0a8b94429fd5fbb3d21a2d878bf,2026-08-26T03:28:00Z,2026-08-26-1
2026-08-22T11:00,5de7e58de41119c493457e5f291910319e2f8ea6102e2d84c72a7ddb82f960da,2026-08-26T03:28:00Z,2026-08-26-1
2026-08-22T11:00,5e7dee4d428ae9302cb033c2441362f76dee29ae1788577b245b45587417ecb7,2026-08-26T03:28:00Z,2026-08-26-1
2026-08-22T11:00,5f645984ab141ff4df15c9a59011558fc8e9ddff82504a0ccea08e8e6a3fcabd,2026-08-26T03:28:00Z,2026-08-26-1
2026-08-22T11:00,5fe8f63dde0b442666b817f8f79b12cac9328bf152e3728dfd22442c2e1d6430,2026-08-26T03:28:00Z,2026-08-26-1
2026-08-22T11:00,6076dd840f2d5ce75e83a45306dee7c666cc0d97e683b68dffb778ed986782f0,2026-08-26T03:28:00Z,2026-08-26-1
2026-08-22T11:00,611f5386e67994350f8922d5ca8755d8786ca27989859fc14c4459b8f5fe1f00,2026-08-26T03:28:00Z,2026-08-26-1
2026-08-22T11:00,61404dff261ecb58573a46cd6e2a2efbae3687e1376f1fa4139b1096da5a6a51,2026-08-26T03:28:00Z,2026-08-26-1
2026-08-22T11:00,61959daed719be250ecf0f9f238ce557088cdaa8fa8dda685641790536e324a5,2026-08-26T03:28:00Z,2026-08-26-1
2026-08-22T11:00,6242d18f24a467429c65b29f44bff72bb33fb906454632d7902d2c43cee32b17,2026-08-26T03:28:00Z,2026-08-26-1
2026-08-22T11:00,627dd7bade34b7936ec1bf8e0ec34455effa5795c60ae830d549f531266e8d79,2026-08-26T03:28:00Z,2026-08-26-1
2026-08-22T11:00,62c89db4c20e7495327efac8939f75a1c37257f7bc3f053ccec87071006b166b,2026-08-26T03:28:00Z,2026-08-26-1
2026-08-22T11:00,633862ddd54c03869c987385a4d7855f338427fc6a91a0548053803397b3d661,2026-08-26T03:28:00Z,2026-08-26-1
2026-08-22T11:00,63712930894fa77b43dab937c0115269c75fb8e35086b5d47d13076321d113d1,2026-08-26T03:28:00Z,2026-08-26-1
2026-08-22T11:00,639ea78b33070884ffce62595f4948a493a8e3d0417f309f26ff9516b33f13b4,2026-08-26T03:28:00Z,2026-08-26-1
2026-08-22T11:00,64518aaa2a5e7be31fd8bb11fe97c01e1e9cf2a850c7569103b89a65dca0accc,2026-08-26T03:28:00Z,2026-08-26-1
2026-08-22T11:00,649bc5f0d3a09af28e572c6cb3594b73db8580e8b87cf185a121cd1b0ddda4af,2026-08-26T03:28:00Z,2026-08-26-1
2026-08-22T11:00,65b94152c2672327e1e84a5f9e49971b3608079f2313ebe4fe625c43c4f0ca45,2026-08-26T03:28:00Z,2026-08-26-1
2026-08-22T11:00,65ce400ce66267c42f8528ae9d8769f38cff8f2e7c53129ee0c58fb522c9044b,2026-08-26T03:28:00Z,2026-08-26-1
2026-08-22T11:00,66b27e2fe85a475dd8b9626a71f68f39322a6227b527d32a9d3db21137655113,2026-08-26T03:28:00Z,2026-08-26-1
2026-08-22T11:00,66c0c615a7828c0a01a9b03a79f3ba813abf3c306ffa287045db1c3372d4fa8e,2026-08-26T03:28:00Z,2026-08-26-1
2026-08-22T11:00,66ea1ab464029e0f31857b25dcac8bde86dd2ae9ece5735c5fcf2a06eb278705,2026-08-26T03:28:00Z,2026-08-26-1
2026-08-22T11:00,679de6d36ccb6cb1631bc3aea1db89ecf75b61a173ba2958bf80b1ef356513e2,2026-08-26T03:28:00Z,2026-08-26-1
2026-08-22T11:00,68378b91b9476779339c8bd7a26248228c6332775533786485b4da986de451fa,2026-08-26T03:28:00Z,2026-08-26-1
2026-08-22T11:00,6875fd0586d4250c56320fa1ab18b6f2bea868553b8acdff0ad4c15a4d95f1e3,2026-08-26T03:28:00Z,2026-08-26-1
2026-08-22T11:00,68d1a1d758d5fbe376dd49b484da089629ec5d411c9f3e78cc7f8124f15efc9f,2026-08-26T03:28:00Z,2026-08-26-1
2026-08-22T11:00,694564cee6eadc3ec30367f5f3cd2b9abe973e2dc93764a05f4520e645681212,2026-08-26T03:28:00Z,2026-08-26-1
2026-08-22T11:00,6950c49c94b89f38b6e5f4bf46435db559555d18a233329f3c5b1834b343dd27,2026-08-26T03:28:00Z,2026-08-26-1
2026-08-22T11:00,695e49232297592d81decc908777c36f9a730f2b6a078684813473d50e6dc20e,2026-08-26T03:28:00Z,2026-08-26-1
2026-08-22T11:00,69ae77641556b91516ca5f536fdc6c1f242630d5af01b760077964b31ff7d794,2026-08-26T03:28:00Z,2026-08-26-1
2026-08-22T11:00,69d05aedeca5b727e5862dc85cb993e1c397de0f42670e5852f9fbf641bd9a75,2026-08-26T03:28:00Z,2026-08-26-1
2026-08-22T11:00,6b28761e8c116aeb75b6b8ba2c69086e262a4dca384cfd4f6e236674ab721829,2026-08-26T03:28:00Z,2026-08-26-1
2026-08-22T11:00,6bbf85279d55e14597830c8c88b884dadabc37badcc2ecfe6804280c17664514,2026-08-26T03:28:00Z,2026-08-26-1
2026-08-22T11:00,6d3becd40aadc95b1dfa3573e0c62bcc1ae0766193e0842fd81e6cb04e03b4f4,2026-08-26T03:28:00Z,2026-08-26-1
2026-08-22T11:00,6e0f21d9b11f515e13f88256f41baf1a0ddaf89c6735674d3edb15bb43697d86,2026-08-26T03:28:00Z,2026-08-26-1
2026-08-22T11:00,6e3390d67b2de0181f4e96cc0999e0c6ff25d7cad9272661dc71c2aa4a336320,2026-08-26T03:28:00Z,2026-08-26-1
2026-08-22T11:00,6f5d5e3ca76f2d0d592ca26b71c385734cc9c5f6379b09dec82acd3afce9845f,2026-08-26T03:28:00Z,2026-08-26-1
2026-08-22T11:00,7079c5c07507f6fe5feedcd0427e00bf7c2dc5c61f78d3866d27d50027d0c007,2026-08-26T03:28:00Z,2026-08-26-1
2026-08-22T11:00,720fe7a30984d5d36be42784f188cb66933f7ca34d017a9515b1456512d132c0,2026-08-26T03:28:00Z,2026-08-26-1
2026-08-22T11:00,727fe20e44d57323ab3ac4d6b002cccb97621694c65c7b83d617c75d61d19280,2026-08-26T03:28:00Z,2026-08-26-1
2026-08-22T11:00,73267bb869dbed8b98be2164093456c6d0d43f7ed829eb90501d4faef4e04032,2026-08-26T03:28:00Z,2026-08-26-1
2026-08-22T11:00,739e791818adb30e2e2306d26689b74e79f35a7c866d620fd7697cc9bebac5b8,2026-08-26T03:28:00Z,2026-08-26-1
2026-08-22T11:00,73c106db45efb3b596ad22943a23c433ac176f48130d9b90f5f48e0de89a787d,2026-08-26T03:28:00Z,2026-08-26-1
2026-08-22T11:00,73d17305f61090cb83f143ce0d20d05ca92799c71ad3ce514f5872fb2915e4a7,2026-08-26T03:28:00Z,2026-08-26-1
2026-08-22T11:00,73d526f9815da92e60036f955300eedcef1a264828824110d905cb2ae3e3707b,2026-08-26T03:28:00Z,2026-08-26-1
2026-08-22T11:00,73ec58f7c5a7a22d2fb58c48896c1fd1819b72232b49cbc15e89c8bc569c6f11,2026-08-26T03:28:00Z,2026-08-26-1
2026-08-22T11:00,73fe950a317372d15036654012cbdb42ce47c7852f180eaff76a0f753718dc65,2026-08-26T03:28:00Z,2026-08-26-1
2026-08-22T11:00,74114d523d24d88bed99bbbf5121e1ace16c195ccfc6a03fee90eeba7b383611,2026-08-26T03:28:00Z,2026-08-26-1
2026-08-22T11:00,74fbb6ebd3b26455ced0524a0ccba8c29ef823c5c0498eb4b9476e434ec7613d,2026-08-26T03:28:00Z,2026-08-26-1
2026-08-22T11:00,751c3401ba5bff5717946c7b70b5f27f581043b5924d016c69eee0a479eb3ace,2026-08-26T03:28:00Z,2026-08-26-1
2026-08-22T11:00,75f48c82dcbc08efaadf615f97cdfdb9bdafd0859085333e1145a95acbd4eb3f,2026-08-26T03:28:00Z,2026-08-26-1
2026-08-22T11:00,76e0c524b7dece6579cf32163c98f4a2f37bea2ea55446201e47c1dfd6b351ba,2026-08-26T03:28:00Z,2026-08-26-1
2026-08-22T11:00,77ac0eae5bd904b8e957a4533faf950a2803db5aed6c3aa7108d88a5908cbb50,2026-08-26T03:28:00Z,2026-08-26-1
2026-08-22T11:00,77ff10d364cb626cdf158504bdae823874f1ddc7c51d6d644703e80d0bcec6f7,2026-08-26T03:28:00Z,2026-08-26-1
2026-08-22T11:00,78ac11f6d83ac4f8a015382454e5127537109483d50b611f7bb5002186c1ffca,2026-08-26T03:28:00Z,2026-08-26-1
2026-08-22T11:00,78c0e959759a0881f9cf7dccaf3fe98704a99ba64db4bf4dd0d8dfce27a29bc0,2026-08-26T03:28:00Z,2026-08-26-1
2026-08-22T11:00,78c758d1149a4ff7f5041cc6e9f8c0a257e11b64410b5c85efdee0154eb2e0ab,2026-08-26T03:28:00Z,2026-08-26-1
2026-08-22T11:00,78df9e39eead9bdff385e792150e877c69df8e5d0984e24ae6906b872863e3a9,2026-08-26T03:28:00Z,2026-08-26-1
2026-08-22T11:00,79379856e79006f7bc5f48948ebb2764a068a08171f6d8ac78dce927954f1063,2026-08-26T03:28:00Z,2026-08-26-1
2026-08-22T11:00,79616f35a1be0c4fefaa8ecc8f6433c3d5f416423538a8b573db10580dd829b8,2026-08-26T03:28:00Z,2026-08-26-1
2026-08-22T11:00,7a3e09ccd166b278802d83cdbf93dc06839994ad7a20d350f1bf5cadaf33372e,2026-08-26T03:28:00Z,2026-08-26-1
2026-08-22T11:00,7abcacfd1371b9bbb42406f0a48d2a1ae1f7eb890de08b1b97432669a3b06878,2026-08-26T03:28:00Z,2026-08-26-1
2026-08-22T11:00,7af3e64676a146d9f5234d2d5c61901d028210311d503ea4f95bbc23b4104ee4,2026-08-26T03:28:00Z,2026-08-26-1
2026-08-22T11:00,7b003de837c11aa7d543464a54527445edcbde56c50d72f99e17a4ed5437786c,2026-08-26T03:28:00Z,2026-08-26-1
2026-08-22T11:00,7b4504dc51551a34f3d931021670c63eac8cace3aff2323d608e6060ef980de2,2026-08-26T03:28:00Z,2026-08-26-1
2026-08-22T11:00,7bfb12680af892df7aab308e62c249622ce8a42001ef1c01e9ea8d3e79a54d08,2026-08-26T03:28:00Z,2026-08-26-1
2026-08-22T11:00,7c3f403b8936a0c7a343793e685022ad3bc43ab84a07e94e3e43f045ebf0c96e,2026-08-26T03:28:00Z,2026-08-26-1
2026-08-22T11:00,7c7070e04cf245a4aea149054d02a7101a1e05930a903cf96047e9c65dae7b5d,2026-08-26T03:28:00Z,2026-08-26-1
2026-08-22T11:00,7c820873232299452c38b91067617a5c5243113787a006392bcae92dd5ee70d1,2026-08-26T03:28:00Z,2026-08-26-1
2026-08-22T11:00,7c9253aac828ecd9e703dcbe977d88f184f77e0f1b10a3593e2138314b423c3c,2026-08-26T03:28:00Z,2026-08-26-1
2026-08-22T11:00,7cd4ac02579115e9dc83f853d607ea274b8acdc6e4b539db61b86543385341d8,2026-08-26T03:28:00Z,2026-08-26-1
2026-08-22T11:00,7d022d63c7bdbc7d87d2cad4fb830720633c6ad5ebcb92e6e8610dffbaeb19e5,2026-08-26T03:28:00Z,2026-08-26-1
2026-08-22T11:00,7de799ef4975e51be2dee22159340b7ff6d2e09d68e6d80f449b721f25db4b74,2026-08-26T03:28:00Z,2026-08-26-1
2026-08-22T11:00,7e12e2bf81afc947fba8c527353cac2c24d2cb131c35fd772f1f50a53cc7a16a,2026-08-26T03:28:00Z,2026-08-26-1
2026-08-22T11:00,7e3265e9757f33ad336961dee5634a22fdbd5389bd0cf87843c0566bc6acfc54,2026-08-26T03:28:00Z,2026-08-26-1
2026-08-22T11:00,7eb02a19be714d0fcf03b03210f2e557103955e12d247256fe0deb60b005d87b,2026-08-26T03:28:00Z,2026-08-26-1
2026-08-22T11:00,7eeb27da67f861db4bc1435767c20b44b62203757864354f5451a3af49bb843f,2026-08-26T03:28:00Z,2026-08-26-1
2026-08-22T11:00,7f9e8efcb3d199d68d0699c34909b5d1c3d21f34ee21d0786452efde1ebc1309,2026-08-26T03:28:00Z,2026-08-26-1
2026-08-22T11:00,7fae1e0e17013b1d8b94cd92b59c2f752a1877204db962ba1a9802b79574faf4,2026-08-26T03:28:00Z,2026-08-26-1
2026-08-22T11:00,80d6594c99b3dbd464505c86c9d2554def2674776e4d29dce6778c26b1d7f4ba,2026-08-26T03:28:00Z,2026-08-26-1
2026-08-22T11:00,81d2b7633ee94ec3f174023f18522114ab56c2d95ea692b423b7f4da6e4db5fb,2026-08-26T03:28:00Z,2026-08-26-1
2026-08-22T11:00,828d864e05460224149b3efcf9efba0b0566574faf7d1226cfa05109580fcc70,2026-08-26T03:28:00Z,2026-08-26-1
2026-08-22T11:00,82ddc19db7a2bde4a18c5ebde1ed83980a2d1627fdd5478b09c810be78940c4b,2026-08-26T03:28:00Z,2026-08-26-1
2026-08-22T11:00,838d655fee1d05a794d2d2e6b9993b00c8b2a864907bfbdee7b72b679973cdd0,2026-08-26T03:28:00Z,2026-08-26-1
2026-08-22T11:00,84204585258017815b0d23b0a45d66d65f3aad37f57cfa4ca4651f6d5cd8d579,2026-08-26T03:28:00Z,2026-08-26-1
2026-08-22T11:00,848de7c93a5b43b38a513dc1fa45e934a6df9048e169021dba5ffc4af8c99277,2026-08-26T03:28:00Z,2026-08-26-1
2026-08-22T11:00,85aad69d8d0e7d1db4052cb05a9149d8b9580808b5c67aa2b149b1e573e66b30,2026-08-26T03:28:00Z,2026-08-26-1
2026-08-22T11:00,85fc14f65f386d431e72071905ba248b13fb79fb68ee4d83e310f403d7f7fcee,2026-08-26T03:28:00Z,2026-08-26-1
2026-08-22T11:00,860f086edc1ed7b036a634a7bb9593a17443b3e14e348087c4d66e8b58dd1fc6,2026-08-26T03:28:00Z,2026-08-26-1
2026-08-22T11:00,866148be2eace7e6ee820609c4139e67ba2d1ebd3d895284495d9f9c257291fc,2026-08-26T03:28:00Z,2026-08-26-1
2026-08-22T11:00,8674b2723f24f52508c683352409585c2ceab39383d80377d0873db3bfa5185d,2026-08-26T03:28:00Z,2026-08-26-1
2026-08-22T11:00,86bdb0a8b341a1e9f75d7b6029b810ace235dbe00e66a1d8fe0707850582994d,2026-08-26T03:28:00Z,2026-08-26-1
2026-08-22T11:00,86d0d035937a840de82cae70c5e4565a10cd270cced515262aa54da345db7398,2026-08-26T03:28:00Z,2026-08-26-1
2026-08-22T11:00,86d1e7b52154bebd5c421d6a95648baf1965a4af0907bb2d784e2249d6133114,2026-08-26T03:28:00Z,2026-08-26-1
2026-08-22T11:00,86e58498931a5ad84d8870172f070e18ca4afd2cb66dae631d24ec9cfc7598c9,2026-08-26T03:28:00Z,2026-08-26-1
2026-08-22T11:00,871c25837d3db2b4b907b172750826108fcf7f3c00dd275352034556aa38e81c,2026-08-26T03:28:00Z,2026-08-26-1
2026-08-22T11:00,8739b5d51739ce8725dd7489f13c65397943a74bf505315a98285397f1bf391a,2026-08-26T03:28:00Z,2026-08-26-1
2026-08-22T11:00,87b3a223c799a651797f40ee20627ebb433890052901c3c9c8dff537739dbe70,2026-08-26T03:28:00Z,2026-08-26-1
2026-08-22T11:00,87e9f16be354aa94fbec2126bd6ade5ad3ff9852d2db9bdb538c3f3bc518213e,2026-08-26T03:28:00Z,2026-08-26-1
2026-08-22T11:00,87fc26860ba549026c313fc5a9a187b0c321787a925e3b8988e55cb537a2e9c8,2026-08-26T03:28:00Z,2026-08-26-1
2026-08-22T11:00,881fc410336ee137f0fc01e84c5679bd541bf8e1782b6878001afef0c4f17d39,2026-08-26T03:28:00Z,2026-08-26-1
2026-08-22T11:00,885c8323be85978d583c6de522f22c737df1b4c78450d574b63326de2dd50b85,2026-08-26T03:28:00Z,2026-08-26-1
2026-08-22T11:00,887097f45ca5709d87d151157d4cb594775bfcd2f2669d25d743e6663b924581,2026-08-26T03:28:00Z,2026-08-26-1
2026-08-22T11:00,888cf8619e1dff924d8e7af1e0454fe2800dd7d8aaf1f5e2d5cadd9be20a8f23,2026-08-26T03:28:00Z,2026-08-26-1
2026-08-22T11:00,88e1f29f82a28a8b9ba3a45f8c3c04511aa387c966ebdb21f45e5588727a332e,2026-08-26T03:28:00Z,2026-08-26-1
2026-08-22T11:00,89003d5644623bed906fb2067bdbc4fbc537b1da01687f476c23a6ed6eeed9f8,2026-08-26T03:28:00Z,2026-08-26-1
2026-08-22T11:00,89d0369a4b4cdcd58146a83a452b01a7027dcf95fdfc7cb475a40b77b5d6d34b,2026-08-26T03:28:00Z,2026-08-26-1
2026-08-22T11:00,8adef3d20307d7e30c7e18f166516d1edaa317ef3aa039ce7b4c6a7b6082a5ba,2026-08-26T03:28:00Z,2026-08-26-1
2026-08-22T11:00,8bb8168696167eedeb389b64159d10a7c12eea32d66fde94008b5981e2e1432a,2026-08-26T03:28:00Z,2026-08-26-1
2026-08-22T11:00,8ca0127f5b57837dbd11e8f3635cff16095077e6d7f3a2986a25432ab5ead72f,2026-08-26T03:28:00Z,2026-08-26-1
2026-08-22T11:00,8cf9784a5e2d6dcfa961614008b48a75370ea1296ca115df62b626e6cc482644,2026-08-26T03:28:00Z,2026-08-26-1
2026-08-22T11:00,8d0ae0b36474ae3e5c2f87f408ec3afe6011720532a2a9c1419817638d6549e4,2026-08-26T03:28:00Z,2026-08-26-1
2026-08-22T11:00,8d60d4de0b7a3b313770ce10c07afc77e31bea22237c233f9d0221cc83131429,2026-08-26T03:28:00Z,2026-08-26-1
2026-08-22T11:00,8da36c80cb175dbb00c5964c399f9062e60e3f94567e5a845996939b21148154,2026-08-26T03:28:00Z,2026-08-26-1
2026-08-22T11:00,8db329ae7c974f266ad1d414d3df12a0262e1934964c60644c0188e742108e6a,2026-08-26T03:28:00Z,2026-08-26-1
2026-08-22T11:00,8dca7de8154f620ef4bc4dda8da02cc7651b41b7b0a83d35c3c38f16f55c449a,2026-08-26T03:28:00Z,2026-08-26-1
2026-08-22T11:00,8e7b04c98108c703ab8a97a00957dfaef0215299b23842845e5a16522391cdac,2026-08-26T03:28:00Z,2026-08-26-1
2026-08-22T11:00,8f2de4486e62d617ac866995949e699c0406eec3f03b07699551f92d70884016,2026-08-26T03:28:00Z,2026-08-26-1
2026-08-22T11:00,8f6afa4c9a9cec3296decaf97985d1390a2685af09535e4d1a334f936930efa5,2026-08-26T03:28:00Z,2026-08-26-1
2026-08-22T11:00,8fda33a8cd30f4b6b2f0acbc9d2ba81e52b1ed9c6ac630fca2ddc54f6962e48a,2026-08-26T03:28:00Z,2026-08-26-1
2026-08-22T11:00,911f9d4751484e68c78506a0eaed8f741a854258377fbd40feafe5709a0f437e,2026-08-26T03:28:00Z,2026-08-26-1
2026-08-22T11:00,917022b4aed213bebaf3f66926ddc3a003eb07e5b8ed31dbe927f0beea62b4cf,2026-08-26T03:28:00Z,2026-08-26-1
2026-08-22T11:00,91ca74de9a4458572287cd5dd617245dc0e317bcd32f34ba350cb3d4bb51e7ce,2026-08-26T03:28:00Z,2026-08-26-1
2026-08-22T11:00,920e497a2bcad24ed2df2f6bd9250d5ec3fbfe5d5b24cec3b99b33600db2f987,2026-08-26T03:28:00Z,2026-08-26-1
2026-08-22T11:00,92582071e4ebff8ca9fbaa18fc843b79629c03de2804c66711779cad61968945,2026-08-26T03:28:00Z,2026-08-26-1
2026-08-22T11:00,92680c3847229540556af91424fbd0a50c2953565557d3a52c3f9a61bb2af8d4,2026-08-26T03:28:00Z,2026-08-26-1
2026-08-22T11:00,93d8dab7ef45b72ce15db3f0d4b686d79ad9ccdc696f1ad814718ca1e624e495,2026-08-26T03:28:00Z,2026-08-26-1
2026-08-22T11:00,94c4ff73938bad9e511be07c2fe6ae38160f21209c78bcbb3e418cd1ee2fbd57,2026-08-26T03:28:00Z,2026-08-26-1
2026-08-22T11:00,94fb497d05b877054fcc701506a35f0a7f6af1702d597b1cb23aa9d1f8c4a8a8,2026-08-26T03:28:00Z,2026-08-26-1
2026-08-22T11:00,9535d7e6d7647494082ce5829f9244fd264e43e10777888ac3717ac187c46e7b,2026-08-26T03:28:00Z,2026-08-26-1
2026-08-22T11:00,95c3bef5118e827bc346153c83fd9a1eb1c89c7a6cfa559e47f5ca659f782e27,2026-08-26T03:28:00Z,2026-08-26-1
2026-08-22T11:00,97000ef1afc8237c043a5fe2cb5e4f252b4c1c961574c50ac86777a4edb705a4,2026-08-26T03:28:00Z,2026-08-26-1
2026-08-22T11:00,979d0ab0f8ba73cd0088ecacfaf5acbcd9875120a0bab77568235a3cbf90ecbb,2026-08-26T03:28:00Z,2026-08-26-1
2026-08-22T11:00,979d3c89552ea89dbb1abf3c9e3170ab75de6c4e3681c6e1c6b29d851fdcaef6,2026-08-26T03:28:00Z,2026-08-26-1
2026-08-22T11:00,984fbdb36d81b67fcc8019487b22f069a32398355a19f2a3497c8fbe2beee0b5,2026-08-26T03:28:00Z,2026-08-26-1
2026-08-22T11:00,98761e95978f8537ab99e819a11473805afcdcaefb9ad3f65dddffaded9e9b0e,2026-08-26T03:28:00Z,2026-08-26-1
2026-08-22T11:00,9878c90e20291d8951f8abb2393e98de274b27a88a8232347dcd305ea141165c,2026-08-26T03:28:00Z,2026-08-26-1
2026-08-22T11:00,988b71842ba87976efe5ae0c63fe3e500c39313ecb3127f26d878a948134741c,2026-08-26T03:28:00Z,2026-08-26-1
2026-08-22T11:00,993c2f34da1e9e0a1094c2b38e59335204ad0c7daf7c033784ebfde54d3aed04,2026-08-26T03:28:00Z,2026-08-26-1
2026-08-22T11:00,999f965c14395a924dba46ba301e9776178c90f69650bf276b60fe788d52a76b,2026-08-26T03:28:00Z,2026-08-26-1
2026-08-22T11:00,99fd85fe8d6f00c1df5112163048058848b4f65432d9c3e426b5ff61121ad317,2026-08-26T03:28:00Z,2026-08-26-1
2026-08-22T11:00,9ae11b22cd429478c7e684122cc4f3117b93bb55fda9a5c9dbb8fdf668b2d010,2026-08-26T03:28:00Z,2026-08-26-1
2026-08-22T11:00,9b7381f36f1def525c2c1cfcff7d1cbbe92c30283dc2364b7843b0ebfa63337d,2026-08-26T03:28:00Z,2026-08-26-1
2026-08-22T11:00,9b8937de4416ee94533e980b62270830326e949a08f62af17f77f0a51327830f,2026-08-26T03:28:00Z,2026-08-26-1
2026-08-22T11:00,9bfe46e45d4280d21c9fb6a064c6ca66fd0eb54794dfd40600bc70ba5b801931,2026-08-26T03:28:00Z,2026-08-26-1
2026-08-22T11:00,9c0cab19611772ad6edd1ce042341b75d2714e8a8b79a2084c591ae032dc5ac3,2026-08-26T03:28:00Z,2026-08-26-1
2026-08-22T11:00,9c2d927542d02d953500072afa2b252b2bceda00d2a4f5ebdceb51a940e4d02a,2026-08-26T03:28:00Z,2026-08-26-1
2026-08-22T11:00,9d96e84b88448448e302e08613ca9ea076fb08f1b38c3b07839d2bfd75d9c78b,2026-08-26T03:28:00Z,2026-08-26-1
2026-08-22T11:00,9e12ea5ed30a108a3ebf0fcfa002dc2f9e3f0c0337a6c1ffc2c02ef8985c23ab,2026-08-26T03:28:00Z,2026-08-26-1
2026-08-22T11:00,9e1b91356aec798fae3cd4e3d945a942db60fddfc2e3abddcefda4c30cb7ee06,2026-08-26T03:28:00Z,2026-08-26-1
2026-08-22T11:00,9e2480157659beaaf339396e394dcc8073422eee19c352efe30deae0cd9170b6,2026-08-26T03:28:00Z,2026-08-26-1
2026-08-22T11:00,9e35ba65232e93294c2caf451331113843d1008daebb8aede7db0d2a1444791a,2026-08-26T03:28:00Z,2026-08-26-1
2026-08-22T11:00,9ea6c2c416be5248a44f8a8cf9e1afa09ca6bf2c37211c52653fd5815a23c4f1,2026-08-26T03:28:00Z,2026-08-26-1
2026-08-22T11:00,9ee9fbcec010dac378b70e472829a5843628b4a835200d76ee86e1038de76da4,2026-08-26T03:28:00Z,2026-08-26-1
2026-08-22T11:00,9f9e5de0eee154225c847f8c8aa58c44cfe661bf5b88b04f82bf0b6995009306,2026-08-26T03:28:00Z,2026-08-26-1
2026-08-22T11:00,9fc288d6d97f548937ffb3ca943c82feabec4309c67ea240eacb8a1a5f7fdd61,2026-08-26T03:28:00Z,2026-08-26-1
2026-08-22T11:00,a02f71e7ffe51ef10c125e460dbc941f00e0ed87a6fb64f356959e12e66f949c,2026-08-26T03:28:00Z,2026-08-26-1
2026-08-22T11:00,a0fbc1db0ec66a46a342d49d5b1359be134060d2284c33bfcf1d14b2630a37d0,2026-08-26T03:28:00Z,2026-08-26-1
2026-08-22T11:00,a14785eac5619549c176a5020b9fc0a6e62061e7ffbd57855eebf1f2757b480c,2026-08-26T03:28:00Z,2026-08-26-1
2026-08-22T11:00,a1e676075e7e52a110a5502df76105154ec2cb33bda8f6d6bee870b5ca82d4ae,2026-08-26T03:28:00Z,2026-08-26-1
2026-08-22T11:00,a2bc6b5ebd592b76b435b0713a960b65655145e68edacf60e5f3a2ad5bb94762,2026-08-26T03:28:00Z,2026-08-26-1
2026-08-22T11:00,a32854afb838515925bd56c266391dfc8915da57bef5806d44a63a02b39cde34,2026-08-26T03:28:00Z,2026-08-26-1
2026-08-22T11:00,a38b81289bbf6e1830309c7979d8e1ec5135534a9be43650cf9c244d75ed7866,2026-08-26T03:28:00Z,2026-08-26-1
2026-08-22T11:00,a51cb667b41e6002f360523e7fcb772cbb20141079e103dbea175f5fe7bb7178,2026-08-26T03:28:00Z,2026-08-26-1
2026-08-22T11:00,a5ec7fdd47b6c608f15f52531701911376f03c84bd7fc607aba7453d4990386d,2026-08-26T03:28:00Z,2026-08-26-1
2026-08-22T11:00,a621ad1c99f732b01205426e070e2323ebef80d66b448081d6735a49565899dd,2026-08-26T03:28:00Z,2026-08-26-1
2026-08-22T11:00,a676d1c59d59d687c9fa9fcfb90c22686148a6416e2d7c6f6dd40438ad7a5ace,2026-08-26T03:28:00Z,2026-08-26-1
2026-08-22T11:00,a7dd92b95f9c029bd2ff1f2fbbf4d9aafb5f3ddb6e800df4b08b1999b4ed572f,2026-08-26T03:28:00Z,2026-08-26-1
2026-08-22T11:00,a82573fc0b8d61c3a9978a5e338f86f6bf2f2a09198f67b011d960b3d44ebb15,2026-08-26T03:28:00Z,2026-08-26-1
2026-08-22T11:00,a84fdd2e9c1b0d635fc2ef5115b918ee4f348f52735f14454f3b161f2a1af5c9,2026-08-26T03:28:00Z,2026-08-26-1
2026-08-22T11:00,a855f38b5b9d9e04bfc7f8b154081df0eefbc6b3aa2535251a28bc74c9308d70,2026-08-26T03:28:00Z,2026-08-26-1
2026-08-22T11:00,aa959434f99321a8dc4d535c41013d7c5e9d8d89da5fa192acf21942407ec127,2026-08-26T03:28:00Z,2026-08-26-1
2026-08-22T11:00,ab1a695a0db7b5f36ca837f068f41845e49a72932140da2fd8a0cb92346c2fa7,2026-08-26T03:28:00Z,2026-08-26-1
2026-08-22T11:00,ad3a7d86128bee4f01e3f5852b762910494a2bf3b25a79944e48713042912f11,2026-08-26T03:28:00Z,2026-08-26-1
2026-08-22T11:00,ad3d1105be7ff6bae151c9de1f31d969413913f722ef26a05f86da8c2925243d,2026-08-26T03:28:00Z,2026-08-26-1
2026-08-22T11:00,ad50cbf90e96fb95c3bede775e2bf7c2feb66ef4ecb78544ceb65ed45a979e06,2026-08-26T03:28:00Z,2026-08-26-1
2026-08-22T11:00,ad71a2ceb85ea38833a1f9971f7d69aa23739da294c864320034b65898a23be5,2026-08-26T03:28:00Z,2026-08-26-1
2026-08-22T11:00,adc4f917e926ae0039e4ab592b534b4a69212c512fa5922763aaeb9229688ea1,2026-08-26T03:28:00Z,2026-08-26-1
2026-08-22T11:00,ae241e8c33be527b66edfdcd7b2c01ed97feb400246d93d1351f3ac46f83e467,2026-08-26T03:28:00Z,2026-08-26-1
2026-08-22T11:00,af01781fd05b510eaf4b39e17cbe18b653440888eecaed2dd56c7ab10618fa79,2026-08-26T03:28:00Z,2026-08-26-1
2026-08-22T11:00,b01bcd73c40d904b6352b14289194916174943cecc496b8b6808cc62377acab4,2026-08-26T03:28:00Z,2026-08-26-1
2026-08-22T11:00,b0619a7df608dc00a4f310c4eee399131076f86612a5aea775c092fb229757df,2026-08-26T03:28:00Z,2026-08-26-1
2026-08-22T11:00,b07aac3168fe5e647c1270089f5fcdee166a4ca686d8f1c2851064f741623099,2026-08-26T03:28:00Z,2026-08-26-1
2026-08-22T11:00,b117c79e67aca9b587fa3bd96c16d94a951a495effb3d21741ae10c581f6ac5e,2026-08-26T03:28:00Z,2026-08-26-1
2026-08-22T11:00,b1c62224e15413648db2b3d3d2b32a23df64156b1bc5c65bde50067c0ffefa15,2026-08-26T03:28:00Z,2026-08-26-1
2026-08-22T11:00,b1d8eb981224eaff190f5ad4056e335855bc9b5d77bd2b5d9196ea048d11387e,2026-08-26T03:28:00Z,2026-08-26-1
2026-08-22T11:00,b22e44101541506f4d63bd22a3825b53011410bd14124ba8fbf801a0ef655bd8,2026-08-26T03:28:00Z,2026-08-26-1
2026-08-22T11:00,b3fbaf000d8f3176a0a13c3a8f57b7ec7143b2f6bb329c597d8a12b09519e861,2026-08-26T03:28:00Z,2026-08-26-1
2026-08-22T11:00,b63a00c5bc35f876ed743d320eded295c7dcbb6c3aa99ded028ab65c652f412b,2026-08-26T03:28:00Z,2026-08-26-1
2026-08-22T11:00,b719e7a3e234bfa9b08dd467c19dcff2714c58c7d17342df56b209ea88982cd2,2026-08-26T03:28:00Z,2026-08-26-1
2026-08-22T11:00,b7aa8c9466f3409ae23e7a9de7444f3bf8be3790add06166cd4dd277ab5bf36c,2026-08-26T03:28:00Z,2026-08-26-1
2026-08-22T11:00,b855e696fedf03d5b186729e45d335da70f0dcfa780ebc16d118c0067ddf6014,2026-08-26T03:28:00Z,2026-08-26-1
2026-08-22T11:00,b866569b5fe7b1f081629fddf46a52917a687c1f6a07d5bbd412acfcd650e8ac,2026-08-26T03:28:00Z,2026-08-26-1
2026-08-22T11:00,b8e125bb2fa57db69bbde8c6882dbb9871d15c57d00de0a387ea57b52e18717d,2026-08-26T03:28:00Z,2026-08-26-1
2026-08-22T11:00,b946ab80c97826a53d28bc31c0933b3277b71086e51444a19bd13b1fac792a4f,2026-08-26T03:28:00Z,2026-08-26-1
2026-08-22T11:00,b9ae11e0a4ebc2efb7f781097f62b4a597a72ede3036e4fe0d8ae5fbd9da9643,2026-08-26T03:28:00Z,2026-08-26-1
2026-08-22T11:00,b9b933b6496b8125ca8283a3d27ec8a55835cffb4548d91a1c9e3696483c54f4,2026-08-26T03:28:00Z,2026-08-26-1
2026-08-22T11:00,b9cfd10c420e742c18408035af21865dbd08c5f71b107ac84389817dfd6553a3,2026-08-26T03:28:00Z,2026-08-26-1
2026-08-22T11:00,baf26c3e3996ff08932c547b4e80ec3fabebd5f2cb36149627a9a9ff76cd2577,2026-08-26T03:28:00Z,2026-08-26-1
2026-08-22T11:00,bb5edfac8d14b66c53331d64fb820e57098108c70eecb095f3d3f58d3b873f78,2026-08-26T03:28:00Z,2026-08-26-1
2026-08-22T11:00,bbe286e067d2946103e19ef5acebd67b93f0edd80ff788d562bd49a3cc6aae74,2026-08-26T03:28:00Z,2026-08-26-1
2026-08-22T11:00,bc12e559bf6ee6d807bde61e297d998d80cd9fb3419ad5ac296124db14274534,2026-08-26T03:28:00Z,2026-08-26-1
2026-08-22T11:00,bc8c04ce80b462ab98d8a3d7db81f7672a2b7e7edbc5f4de8144cc90fd6f831e,2026-08-26T03:28:00Z,2026-08-26-1
2026-08-22T11:00,bd57e898cc0c0f4e744ee2ab963e2fdb971f4360bfbfc4fcff6f11e1703daf57,2026-08-26T03:28:00Z,2026-08-26-1
2026-08-22T11:00,bdcdac48ce6b58ae68b1109fcac39edb60d765564152897169bf4361d90ccabf,2026-08-26T03:28:00Z,2026-08-26-1
2026-08-22T11:00,be0df6f4f58a96fa989cd90bb3e9399dac69592bcfe45794d8b964b35709a842,2026-08-26T03:28:00Z,2026-08-26-1
2026-08-22T11:00,bfca9e9bc738c6b38e4dfa4a610e5c23b8085d51c8276f8ee5a1e32af33842aa,2026-08-26T03:28:00Z,2026-08-26-1
2026-08-22T11:00,bfcd36ec428707c7ed3364b79e91edc1f68dbd7dd919267c3ee0df39c378ae94,2026-08-26T03:28:00Z,2026-08-26-1
2026-08-22T11:00,c01ebadb81f8ddff7499c91163784a3a5f132ba05259624ae947b99f53ee21a1,2026-08-26T03:28:00Z,2026-08-26-1
2026-08-22T11:00,c0b52098a32912c454b2cf5d932cb269087877ac5e4da5736507974ab7cfeafa,2026-08-26T03:28:00Z,2026-08-26-1
2026-08-22T11:00,c0c65d8d8d4a8c49a5d133e4d8935e67517cf83c47310bfd7c31420af6239ff7,2026-08-26T03:28:00Z,2026-08-26-1
2026-08-22T11:00,c110794c53d75dfdd3a9bdb797bfc087353710233fe75406a585b4b139d63dc1,2026-08-26T03:28:00Z,2026-08-26-1
2026-08-22T11:00,c2275425bbd3e02ebdf8e5b5edb594a3bc22461b852ba7ef9f118df3c02045f9,2026-08-26T03:28:00Z,2026-08-26-1
2026-08-22T11:00,c264564d2ef0b0d5ee31d0e82cf9ab8e26f30be570dcc556bba58524b0f87520,2026-08-26T03:28:00Z,2026-08-26-1
2026-08-22T11:00,c3d1068f8f7d6fac456d807f286bad76d0e9ba78196d2d79a6a53054e7cf09b3,2026-08-26T03:28:00Z,2026-08-26-1
2026-08-22T11:00,c3fc756bac21acff77f0c423a4dcb63754a0a2f26431ee0c17539eb3707ef13a,2026-08-26T03:28:00Z,2026-08-26-1
2026-08-22T11:00,c47ccd953585d06fa55fc211afa2424f353a606c94d37e5598d5d0bffff52c8f,2026-08-26T03:28:00Z,2026-08-26-1
2026-08-22T11:00,c501b5311fbedd07b5153358a6e39ff4a61e6e290f4b752258caf6bf7f962c20,2026-08-26T03:28:00Z,2026-08-26-1
2026-08-22T11:00,c57364521c72ab3e51a271a8c87bb1e63928347a73e0799ece50a6fc02b06563,2026-08-26T03:28:00Z,2026-08-26-1
2026-08-22T11:00,c587aca9777aad333e8a3d0fcac53a570b37838d0da67fe5fcead1102e9e1953,2026-08-26T03:28:00Z,2026-08-26-1
2026-08-22T11:00,c6c22be87d2606c86769228df1fb3730e513df2cf901f153557a967291a11fc1,2026-08-26T03:28:00Z,2026-08-26-1
2026-08-22T11:00,c749efa72c0dbb5847476dec55ad7d8b4bb88146c11cf08ec0f0d5ac721d3234,2026-08-26T03:28:00Z,2026-08-26-1
2026-08-22T11:00,c766ed8f839c49c9fd6b965e3e903f4fcf8f2ba799c7d9bb302b4e949a5061eb,2026-08-26T03:28:00Z,2026-08-26-1
2026-08-22T11:00,c8851e53a967a8ed4ba4a201f974bfb61c36d3ff823df593c322403f0452e9f3,2026-08-26T03:28:00Z,2026-08-26-1
2026-08-22T11:00,c8a6e3a809c61b391ed3e53e80c262063e68b68f81f57f5db8273a7397c4f641,2026-08-26T03:28:00Z,2026-08-26-1
2026-08-22T11:00,c8c6e7c9e4b1c95d8cc3e6ace9ba4fc33c307d07d65b8b44d03000356557cb45,2026-08-26T03:28:00Z,2026-08-26-1
2026-08-22T11:00,c93cc919e02bfcc729397ecc4a1a5c1fbb73083c4ca689cccaaf09ec5039ed5b,2026-08-26T03:28:00Z,2026-08-26-1
2026-08-22T11:00,c9993be08e1aff5c3390c977185444815694f1f26e58ba365b614dc76c761ba5,2026-08-26T03:28:00Z,2026-08-26-1
2026-08-22T11:00,ca59b517297b8224ef662aca39f399bea5476dbcab4f236234ead6545a4a6342,2026-08-26T03:28:00Z,2026-08-26-1
2026-08-22T11:00,cb9a9b317930d16f29210ff43b2daed154dc486eb4f01dbb49201a5bbd5facc7,2026-08-26T03:28:00Z,2026-08-26-1
2026-08-22T11:00,cd1a256af494e6ee1f5746b0a719a15a0f179ca3ea742c80403dcdc15320be5a,2026-08-26T03:28:00Z,2026-08-26-1
2026-08-22T11:00,ce70c0f906fe5f6b0c0a143c6c409651e179f7e90317931f0f4e33de3561141d,2026-08-26T03:28:00Z,2026-08-26-1
2026-08-22T11:00,cec37d3b89c713a2084424e9daa38317719c8c16209980246a399e694461a688,2026-08-26T03:28:00Z,2026-08-26-1
2026-08-22T11:00,cf82dff6cefabaa28a4665ffbac01c3bbe9cabbaff7e5760308e4e31fd6cb56c,2026-08-26T03:28:00Z,2026-08-26-1
2026-08-22T11:00,cfb3c62d852af4cb01142fe14038327c6e46f4fc6db3285dd3621a52eb4d2f74,2026-08-26T03:28:00Z,2026-08-26-1
2026-08-22T11:00,d0514b771ee9390a87194e36053379fc9c0b59603739ea864250c8aa8bcddacb,2026-08-26T03:28:00Z,2026-08-26-1
2026-08-22T11:00,d0b5c6ae367d9cab65a725650c019e3ed9fa9a69f3cea1dc198dd4e53fef9802,2026-08-26T03:28:00Z,2026-08-26-1
2026-08-22T11:00,d0fd3722d5f3d41a69d442e3f67bd650f8734463e5e29bfaba84e3ae7a08b434,2026-08-26T03:28:00Z,2026-08-26-1
2026-08-22T11:00,d18a338925953aae41df136b45534bf97de92771ee5fc3bbeff9769bed8f0cc5,2026-08-26T03:28:00Z,2026-08-26-1
2026-08-22T11:00,d1a7e7c20d7227e99f05ecff09e8dcbd7eebcafb167f7d5c35ee523705dc41e3,2026-08-26T03:28:00Z,2026-08-26-1
2026-08-22T11:00,d1c694fcb5b3c67059141722885fe83baf2089b0fdc50df13c46aa4ba8966bf6,2026-08-26T03:28:00Z,2026-08-26-1
2026-08-22T11:00,d26c7ac61e6171cb1f5c2df71884a79c70ec897c0e888f82f5e2dac60c7239bf,2026-08-26T03:28:00Z,2026-08-26-1
2026-08-22T11:00,d2f8ff34b1251083c3619e70c5ae8f6bc3cf9c1bffa72bfc6b569fd955d023b3,2026-08-26T03:28:00Z,2026-08-26-1
2026-08-22T11:00,d30cbb63ab71719daa41d5922d0c9523157c95fe5dd2e0d47f61701d5bb5f600,2026-08-26T03:28:00Z,2026-08-26-1
2026-08-22T11:00,d376ae75aa010721e354dea70af3f99dbc659412efd0b6591d58ab66643a60ac,2026-08-26T03:28:00Z,2026-08-26-1
2026-08-22T11:00,d3e2b78df8aa6ece9357599cc3a774dca38e2c43b6c011afc8dc83590632143e,2026-08-26T03:28:00Z,2026-08-26-1
2026-08-22T11:00,d4540018467b1073f1621e3c604222dd51026511427d621b02b21584824a7730,2026-08-26T03:28:00Z,2026-08-26-1
2026-08-22T11:00,d4a2079e1db6d21f80eadd8ec99e0d8322e67127a286bf9d6e0a12b32ce33834,2026-08-26T03:28:00Z,2026-08-26-1
2026-08-22T11:00,d588dbdcf23f03e6ad3825845aa9eb9b69ad41f45030c5b0681f36c9770e0889,2026-08-26T03:28:00Z,2026-08-26-1
2026-08-22T11:00,d5c9f3f8978f9d770edd07c623bd1230360c0dcfba4c735094a4967e5f60bed0,2026-08-26T03:28:00Z,2026-08-26-1
2026-08-22T11:00,d5e71980a1392976a0f4a9fdd186dbf1272bcf16826dfe823e918fc2df5b9807,2026-08-26T03:28:00Z,2026-08-26-1
2026-08-22T11:00,d607f9e066b7208da00ce8fb347be1953d03c95bc7df76a89091d4bdd9132335,2026-08-26T03:28:00Z,2026-08-26-1
2026-08-22T11:00,d64a1b8586648042ab165e554f0f1f35605f267da084d57c208e8be9ae7fa47b,2026-08-26T03:28:00Z,2026-08-26-1
2026-08-22T11:00,d6a801c03f0f751dd7560c1ee27cf8e99988f37eca5a7f136bd99f593bf14758,2026-08-26T03:28:00Z,2026-08-26-1
2026-08-22T11:00,d708a0dec176ecf9ccfe16e06969efb46b9d7abb86d9ab5ce5cc6b5a700cc04e,2026-08-26T03:28:00Z,2026-08-26-1
2026-08-22T11:00,d789fc13a4bf354d05f0255b73d28e07c29b7cc629a489e7e08cd1446d0af559,2026-08-26T03:28:00Z,2026-08-26-1
2026-08-22T11:00,d7e6449c66794f4e840fbe802dcc566e4d844f76aa78669414a289c22063b3b9,2026-08-26T03:28:00Z,2026-08-26-1
2026-08-22T11:00,d84135952bcaace7a14da97c438f4e8a660ecdd347a1140ae85fa2ac30b159ca,2026-08-26T03:28:00Z,2026-08-26-1
2026-08-22T11:00,d8ae4589c20078e2a92a957b19363573740b4ce1faee0488c69e74bca7cc707b,2026-08-26T03:28:00Z,2026-08-26-1
2026-08-22T11:00,d8b28ad24e6ba1417ae1b494dddb157c2fba73900630f9531a69e48e3655f3a4,2026-08-26T03:28:00Z,2026-08-26-1
2026-08-22T11:00,d8d171c0baa25bcff3b8c4d817bcf26a86cdec4e9c4ebc5a3258f7893c89c5d1,2026-08-26T03:28:00Z,2026-08-26-1
2026-08-22T11:00,d9a4901b99a1da18445bf193832e44e69dad4fad198a1b261f99e2ed90f07a18,2026-08-26T03:28:00Z,2026-08-26-1
2026-08-22T11:00,d9ad561944c469364d4c330f78670dda5b48ca34fd38a45e443c378d4c1292f8,2026-08-26T03:28:00Z,2026-08-26-1
2026-08-22T11:00,da4903f46883dec3154d5b7d17918f3f69445872f7bc938facf0b56b0a952f1c,2026-08-26T03:28:00Z,2026-08-26-1
2026-08-22T11:00,dade49bf88bb80d14456f40e12b540c5cdfba40d04fffa89834d8f64e16ceac5,2026-08-26T03:28:00Z,2026-08-26-1
2026-08-22T11:00,db691ccb404b70f67c568aaa7e645099273f0422583043aabdd4f189713d3d04,2026-08-26T03:28:00Z,2026-08-26-1
2026-08-22T11:00,db83361106b6b1d976b28129009c1045c1058d8a1962a3b9d39fe846832fd454,2026-08-26T03:28:00Z,2026-08-26-1
2026-08-22T11:00,db94e51069116c22e36673a01a5f2d863afbf08b951bad0319fd46e22a4ecdfe,2026-08-26T03:28:00Z,2026-08-26-1
2026-08-22T11:00,dd38b772e1fab1b080baadfd5c0b60a7085bdf8e6d8d79cb4fb22b893b053504,2026-08-26T03:28:00Z,2026-08-26-1
2026-08-22T11:00,dd75dfb53db635865606e46f8e04df9858d94b5e595061942ded0cebedb92790,2026-08-26T03:28:00Z,2026-08-26-1
2026-08-22T11:00,dd90ec55aa548cc6f45bb36b025d3c5f6698ac4563eeb35da80a917dd2b7427f,2026-08-26T03:28:00Z,2026-08-26-1
2026-08-22T11:00,ddcee48b46f98fece7cc64aaf9be037db4e79ebda8e9ca30c2d58a89e3f09cf8,2026-08-26T03:28:00Z,2026-08-26-1
2026-08-22T11:00,ddd0f49b4d163f260f278fc457fcc6b5675e39588fd2d59077acefb7c470624e,2026-08-26T03:28:00Z,2026-08-26-1
2026-08-22T11:00,de173af13c9d3aa1f1d1e1bf886058400392be7fbeaba44dfadb261ed0418e88,2026-08-26T03:28:00Z,2026-08-26-1
2026-08-22T11:00,de7402b99822c0418ea863d2730f6a6613b12f384b1e04557a09c63b5b473f75,2026-08-26T03:28:00Z,2026-08-26-1
2026-08-22T11:00,df372f2e9bd8cd4c72d1b2860f263273033010899606111ac1ad16601d42c925,2026-08-26T03:28:00Z,2026-08-26-1
2026-08-22T11:00,e05ef1a83af427c6f7c02cf19bb8246c2f3b68b827620c7396c32c265846fd47,2026-08-26T03:28:00Z,2026-08-26-1
2026-08-22T11:00,e075b82665af6f30a891afbd04b4ad8548b00b5363e8e392ab2b5e23676fdb14,2026-08-26T03:28:00Z,2026-08-26-1
2026-08-22T11:00,e1cc0b2d4a186cfddea88f1a7db32acf1231ec1f2a690144d9f3aef17afcdad9,2026-08-26T03:28:00Z,2026-08-26-1
2026-08-22T11:00,e1f55e4d30d9bc5570be1902b1e8ab86cef2805e2ba80c3fe41f87fffb2d954e,2026-08-26T03:28:00Z,2026-08-26-1
2026-08-22T11:00,e3bc1d7d922c035f41253384306b781dd2d4f82d719962b3eb6bd31fc5bcb10c,2026-08-26T03:28:00Z,2026-08-26-1
2026-08-22T11:00,e4c1a908cc70f5be36e97630b84ec8166cff1d97b5548c2bb7604b59bfecc985,2026-08-26T03:28:00Z,2026-08-26-1
2026-08-22T11:00,e60575b44dfc4ea417963fc7b97b12e7576d8c025fcd7e3a60baf46297207f75,2026-08-26T03:28:00Z,2026-08-26-1
2026-08-22T11:00,e61b1a6d103bebf84e6256a0bfb36af68c5c42b62d7b2b2d26179042721321b4,2026-08-26T03:28:00Z,2026-08-26-1
2026-08-22T11:00,e63dffc5a2924b81865162f1719bf0693f31c61f30122550b7eee2bb81074f42,2026-08-26T03:28:00Z,2026-08-26-1
2026-08-22T11:00,e6b3ed34dd6da372dc69c02cb4a0af010f677440c80150435f899c0a76fd2e30,2026-08-26T03:28:00Z,2026-08-26-1
2026-08-22T11:00,e72c036fdd96b874a7fb7e3ae8fd0eef97bc59f47dda2104f389e580a55b852e,2026-08-26T03:28:00Z,2026-08-26-1
2026-08-22T11:00,e80b4872b66b23d8ca5212320e4aede999288b54825bc578f8a02c7ff5037787,2026-08-26T03:28:00Z,2026-08-26-1
2026-08-22T11:00,e88b3a62bd948d6fda5d85d41f87abb7c7e8d296f2128c3469018ec20e2675ca,2026-08-26T03:28:00Z,2026-08-26-1
2026-08-22T11:00,e8eda91f5c820a282068643bff257daae81b2658c840435737228ee693adba9b,2026-08-26T03:28:00Z,2026-08-26-1
2026-08-22T11:00,e8f0ed15746075ab484ed8e3abbdb70aef862502b0c56b5657bfe61a9659c876,2026-08-26T03:28:00Z,2026-08-26-1
2026-08-22T11:00,e973ed2bd93bf55e85bfadc63530be78aeafe9c155c2c79d087a71de6977eeb5,2026-08-26T03:28:00Z,2026-08-26-1
2026-08-22T11:00,ea5426d9cdce562634ad8ea3b35619cb899fc0d89f12a91a66d5396d820d38a6,2026-08-26T03:28:00Z,2026-08-26-1
2026-08-22T11:00,eb7c42c8a1b71763e53c8d42d520d0650f3074bb545a7c5b85cd2fd837d53d16,2026-08-26T03:28:00Z,2026-08-26-1
2026-08-22T11:00,ebb8210a62692c93a9042a8371a0ab14d47535ce9d0f44453d79070d6b79ff1a,2026-08-26T03:28:00Z,2026-08-26-1
2026-08-22T11:00,ecad87d1dc5d9a7304e975f88a16105d774ce694f22c4f19e1e3ffbc34ff9c65,2026-08-26T03:28:00Z,2026-08-26-1
2026-08-22T11:00,ece7e075c25fd674a875942d543873f680ccc5b3f51322911365c31e93e63c4f,2026-08-26T03:28:00Z,2026-08-26-1
2026-08-22T11:00,ed01ae4925fb425d468c1b5a6590af50cf6b9759b11099bfa051a4e3079e5366,2026-08-26T03:28:00Z,2026-08-26-1
2026-08-22T11:00,ee096cab9364a33d7ba61ef26d2440910c77fb01ed7eaf28256ba8e595320843,2026-08-26T03:28:00Z,2026-08-26-1
2026-08-22T11:00,ee5daa75ed53b1dce5368ab90495c39c33bc0d15de24ccee37149fe75add09b3,2026-08-26T03:28:00Z,2026-08-26-1
2026-08-22T11:00,ee77222d588cf5f28b7217ce833dffa98cb3f27bab1bf98e05a5bc2ac70d2259,2026-08-26T03:28:00Z,2026-08-26-1
2026-08-22T11:00,efea34a9a575fc1bc347405b0860d08615125bb87f7eedeeb72cc117c9e2185a,2026-08-26T03:28:00Z,2026-08-26-1
2026-08-22T11:00,f001f244856d147bb80c94e63a3babbb0ad077bece6058ba33727a707e58b114,2026-08-26T03:28:00Z,2026-08-26-1
2026-08-22T11:00,f10ea30d8db6bc12f34a61fc5236b34f3ba1d3466f202ce9694c93d025dbee6b,2026-08-26T03:28:00Z,2026-08-26-1
2026-08-22T11:00,f18a55ccf4499312fd25441f7d0372c330ecaceb6fd067f66a940a95566a5990,2026-08-26T03:28:00Z,2026-08-26-1
2026-08-22T11:00,f1ab89695d83cde890c398b3a3752f585be109daf34bd74367d593da8fd9bd95,2026-08-26T03:28:00Z,2026-08-26-1
2026-08-22T11:00,f1f32a67697202a224d2ff19e5684a583d0bc6f7eb6d19416fe32513a4e268c5,2026-08-26T03:28:00Z,2026-08-26-1
2026-08-22T11:00,f2169cab926b37e0e3f4464e16b4d14711d8748c690e72365143c314dc7304b0,2026-08-26T03:28:00Z,2026-08-26-1
2026-08-22T11:00,f2dc3fe104437bf797a30cb1d651ae9babb45a84b55bbff3af672dccd0e1ebe0,2026-08-26T03:28:00Z,2026-08-26-1
2026-08-22T11:00,f2e89ad01a7bcd546d48556b03af5c05f1a491b4215c5109a6c1fbf01c9acd0f,2026-08-26T03:28:00Z,2026-08-26-1
2026-08-22T11:00,f30646b1b8765c92bf85c3d7f4a700eefeda35642d955b067c3d406d2dc41764,2026-08-26T03:28:00Z,2026-08-26-1
2026-08-22T11:00,f4d0ec596d78802d5107fc57fd29680a40d8fe55fefc721e7381a580229d22c9,2026-08-26T03:28:00Z,2026-08-26-1
2026-08-22T11:00,f4da537716be4f9832448c39e97014c3b819698be57c17bd3e8db70f61916f99,2026-08-26T03:28:00Z,2026-08-26-1
2026-08-22T11:00,f4e07c56319a3b9a88105acf4baa473e57435e3d31c2e67768d11037cd127a94,2026-08-26T03:28:00Z,2026-08-26-1
2026-08-22T11:00,f54c7fd87b69c98f0c196f07825fcb09802f721936b418a41af6d351c1cef77f,2026-08-26T03:28:00Z,2026-08-26-1
2026-08-22T11:00,f6134077b6b262f92a1c2a108c2d6a273151c4662f2ce3ba294ab28eb441534f,2026-08-26T03:28:00Z,2026-08-26-1
2026-08-22T11:00,f741c01d0de6907b65367ca3ec72500a7f07045086f905c7b15d1545f319d029,2026-08-26T03:28:00Z,2026-08-26-1
2026-08-22T11:00,f7c86ff657bf6f2d7e7c54db0a28c5607328e0107387f6295a2e846b535b73b3,2026-08-26T03:28:00Z,2026-08-26-1
2026-08-22T11:00,f8de3c411687a1b80fbc52d8019ea830b99d82dbebabed849ddc051a664e4b68,2026-08-26T03:28:00Z,2026-08-26-1
2026-08-22T11:00,f8e829ff32be580a7daf6fd89a6eda6ad1e381835ac7309dddada680114a6ebd,2026-08-26T03:28:00Z,2026-08-26-1
2026-08-22T11:00,f95dce3b68337917ba75ab75ac57e1483b7eaf2eb69e7d1ac8ff6ffa1f7829f6,2026-08-26T03:28:00Z,2026-08-26-1
2026-08-22T11:00,f96df28f913a67ee61ceaeca942ce75083624ccbdb28fb7135b9e81ace58d6b7,2026-08-26T03:28:00Z,2026-08-26-1
2026-08-22T11:00,f9a8650ab0f14aaf09e0fda5f4c4f139f9cd1143a5776aa51fe645cd02548d34,2026-08-26T03:28:00Z,2026-08-26-1
2026-08-22T11:00,fa40c545b7552e1c03882c9fd06d477d63a1e01638b4668de01b9bf9c230f44d,2026-08-26T03:28:00Z,2026-08-26-1
2026-08-22T11:00,fb14b72d93925dca9b475130f3e1864bcf9ba1a04e4e79121112841f536bffaa,2026-08-26T03:28:00Z,2026-08-26-1
2026-08-22T11:00,fc13691a8cd8ede708b529ce92910293a6f4a2646f415bc6b7cbdebeaf1b6cbf,2026-08-26T03:28:00Z,2026-08-26-1
2026-08-22T11:00,fc22d50a98c8828e12c221d75b817978902191086e2fd06f26b7c9c55a84ea09,2026-08-26T03:28:00Z,2026-08-26-1
2026-08-22T11:00,fc6e84798e50140e22309b0865d41f41f576e8854d133a979859044677e2d608,2026-08-26T03:28:00Z,2026-08-26-1
2026-08-22T11:00,fc7d39aea9d016ae6abebce4d5d7f9e33fb2f0c9233353ce3f84b82ff30e89c1,2026-08-26T03:28:00Z,2026-08-26-1
2026-08-22T11:00,fc997ace8e570cbe52ac80473fb649c0aa8bc7acd0b5d8451e9a772ffdc9f27a,2026-08-26T03:28:00Z,2026-08-26-1
2026-08-22T11:00,fd20a43985fdcda77cdde71803f3b93fa3f68e78fcc74cfa8ac03bd210b5ba48,2026-08-26T03:28:00Z,2026-08-26-1
2026-08-22T11:00,fde51fb7cd865fb7761d290d2b57c19b8dee942c4e2c2dc14f42639455f3efbd,2026-08-26T03:28:00Z,2026-08-26-1
2026-08-22T11:00,fe36d4392ca9e2b2381b5f4ab0069123436716c6b9d67763ac93868363eba45f,2026-08-26T03:28:00Z,2026-08-26-1
2026-08-22T11:00,feafd7453f8ea380626a5fa50fdb2e7d154934e4d854df4988235866760d66d8,2026-08-26T03:28:00Z,2026-08-26-1
2026-08-22T11:00,ffdc33df3d93ebfa6fb07bbb1243ee0221ff75954a3a3224252079a0eecf1af1,2026-08-26T03:28:00Z,2026-08-26-1
2026-08-22T11:00,fff040a9f93dbfe60180d99059bfb2519fcc48d4b0d8a5bc43b25aad9fb5a1a3,2026-08-26T03:28:00Z,2026-08-26-1
2026-08-22T11:00,008af5d3e8622ccd578d68230bf3c2f5f8076e9e8697e1040396bb28254a72fb,2026-08-26T07:11:57Z,2026-08-26-2
2026-08-22T11:00,0193d6df406793d0780b9af81dce6fa2175e0d3953ccecf3e8c67605d414949e,2026-08-26T07:11:57Z,2026-08-26-2
2026-08-22T11:00,0307e5e3bc99f87ff01639bb95aa502eabd98ddc2f0f1c34251f7b5d3a80d90b,2026-08-26T07:11:57Z,2026-08-26-2
2026-08-22T11:00,03b6ac3ebc5aafe6cd1f9bf1b0a4680569a36c7075470edbc0ae048e260dec5a,2026-08-26T07:11:57Z,2026-08-26-2
2026-08-22T11:00,04b6ff354d75677a37df91d734db798057bbab3605bfa2b7169cbfa9f84b03eb,2026-08-26T07:11:57Z,2026-08-26-2
2026-08-22T11:00,054eed4e26bd6ebf78e2af3f1f7d5043409a7fed45c39bb31733855f9d9f744a,2026-08-26T07:11:57Z,2026-08-26-2
2026-08-22T11:00,06c509a60eaa5b3142433eae0bb827f93cdf57984f40ce06a286eb43207d005c,2026-08-26T07:11:57Z,2026-08-26-2
2026-08-22T11:00,06e20c5101486ac0e27a874bb12b187f19b1890e5b75e2f55392e57c30130ca9,2026-08-26T07:11:57Z,2026-08-26-2
2026-08-22T11:00,07814d3b63d67a85fc95202c0babf0f390a1ea348f2bc8efd81b5f6eb9433b19,2026-08-26T07:11:57Z,2026-08-26-2
2026-08-22T11:00,07c386327b9278e62bab8acd0e1ee1704e52867c49e5ef0c80fb80de442f5e64,2026-08-26T07:11:57Z,2026-08-26-2
2026-08-22T11:00,07f037ff011902d3db9ea194a0016094b3a9394e83e1788889ce969f635ec6a7,2026-08-26T07:11:57Z,2026-08-26-2
2026-08-22T11:00,085a6eb4850c06dcdc5941eef1775df3ace359e4be26519fd893395427f38cf8,2026-08-26T07:11:57Z,2026-08-26-2
2026-08-22T11:00,08e7f4372842f5952b123fdc1b3eaa7028d851209f829b63520d5bf4bc91944b,2026-08-26T07:11:57Z,2026-08-26-2
2026-08-22T11:00,098720a74e9d6f6660178d37845ce02cb03fa3e66e0bd1ef6184ebb8648302db,2026-08-26T07:11:57Z,2026-08-26-2
2026-08-22T11:00,0b991a67d8571c9d3b2f6a258e7fd11df646baf5b257214deb085404d00389d3,2026-08-26T07:11:57Z,2026-08-26-2
2026-08-22T11:00,0bc249e187a90cb2056d58bb5d3525db11906e6960b582204916a9d54a59be5a,2026-08-26T07:11:57Z,2026-08-26-2
2026-08-22T11:00,0be5b5edba65b5add9d81da9f5781727215d8d87a3dbe37ec4f546d15320aa85,2026-08-26T07:11:57Z,2026-08-26-2
2026-08-22T11:00,0c7327f5a2bd10eb78c63ac615e5de19225e6e112f0d64895f9209b90857aef3,2026-08-26T07:11:57Z,2026-08-26-2
2026-08-22T11:00,0cb0607801a5f077d25cd00d8d144448446f26e3a3e7f7574629cd8472f9c46f,2026-08-26T07:11:57Z,2026-08-26-2
2026-08-22T11:00,0cbc9477afeb47d182bfbe609eced23f49b0ec2a2da4e6b49b3adbcbe13365f4,2026-08-26T07:11:57Z,2026-08-26-2
2026-08-22T11:00,0fce3bac3bbd920e8ecd3df1fee822b3829206dd7847b7e6ef9aca4b9fa74569,2026-08-26T07:11:57Z,2026-08-26-2
2026-08-22T11:00,0fcfcc8de5170a22e457cc45ebf46c77484d05b113b7093c629fa4a9c4586807,2026-08-26T07:11:57Z,2026-08-26-2
2026-08-22T11:00,107d8f28e826929d073f299cdce13c05b4417cd155360af541b6e15bfa2a9c01,2026-08-26T07:11:57Z,2026-08-26-2
2026-08-22T11:00,118b8c246d971e790160a8928c3aa4ac5b83f05bf7743d6c267d5918888b8ea5,2026-08-26T07:11:57Z,2026-08-26-2
2026-08-22T11:00,1197c8e2ff537b9030a82c6ce4eaa4b5428dc72d00a685ac21a777395555d16e,2026-08-26T07:11:57Z,2026-08-26-2
2026-08-22T11:00,119d878cfba0c585b8e3135c7497aeccc7cfd404cf1f516099a108238f0a2411,2026-08-26T07:11:57Z,2026-08-26-2
2026-08-22T11:00,11c86136ba523874d2132108b87d8bfaff4267c2c19ea071478d09dfbf990a0e,2026-08-26T07:11:57Z,2026-08-26-2
2026-08-22T11:00,125e8ca32438cc78a71677cd0529da81f03d4a20b6a5e2b388ea21cc888ed63d,2026-08-26T07:11:57Z,2026-08-26-2
2026-08-22T11:00,12d92c14256f2c8ca55e75220e5547d3903b41664375ecb9d131528dfccd86c9,2026-08-26T07:11:57Z,2026-08-26-2
2026-08-22T11:00,12e2ea60d55a9b62b7f0fdf9b6e9c3a1c35c783169b15e83ddb501f81748ea29,2026-08-26T07:11:57Z,2026-08-26-2
2026-08-22T11:00,131b2cde4fe1a95fde9fcce1f8406d29883047013659a0a40775067399513107,2026-08-26T07:11:57Z,2026-08-26-2
2026-08-22T11:00,1388d0f5492006b25c2851ee0ef6d3d8117a1742c3b6cbb8ceb39e7c85a9328a,2026-08-26T07:11:57Z,2026-08-26-2
2026-08-22T11:00,13ddabe41b099223b43e477b02e926cf9c4c421e0da3b7b398302faff8649c53,2026-08-26T07:11:57Z,2026-08-26-2
2026-08-22T11:00,142c518a451c3a4ac0f345e2840c73135e30dce5d4c50dc74633e9a0a7e54fb4,2026-08-26T07:11:57Z,2026-08-26-2
2026-08-22T11:00,14846e9381ac5ae05eb1104d7d964a6549bc1d9af80c63160e5cc908b83881ea,2026-08-26T07:11:57Z,2026-08-26-2
2026-08-22T11:00,14b36a022951d36160e53bc8f81568b7fe433abf88feff3be63b528184ee45d0,2026-08-26T07:11:57Z,2026-08-26-2
2026-08-22T11:00,15336949fc5e2c82c5a017c6933c973c8a0de7e13c929b5db33f4779251c819a,2026-08-26T07:11:57Z,2026-08-26-2
2026-08-22T11:00,158584f70298ee0da37b76d7d0c5f0b25d4e4103dbb30a787db58a9a848254c7,2026-08-26T07:11:57Z,2026-08-26-2
2026-08-22T11:00,15e3e46eb2c9a2d259345003c9ab4d954b21f5d830e201b97d6ce935d58e6de9,2026-08-26T07:11:57Z,2026-08-26-2
2026-08-22T11:00,15fa72bd9b835dd9e749410df038df2b42a10a0581c7b4dc68163b14c604b281,2026-08-26T07:11:57Z,2026-08-26-2
2026-08-22T11:00,168771fa831458a235afceab612dca352568e57fb279793f7773557133e71d43,2026-08-26T07:11:57Z,2026-08-26-2
2026-08-22T11:00,16e0c9743077dc6ac6cf7a2faa7104c0942927a9ab77b95e6e970976fa8946ae,2026-08-26T07:11:57Z,2026-08-26-2
2026-08-22T11:00,1736b74eab0e322cadd68df8994ad88bf91d66548db819d412a4c88130bbdb0f,2026-08-26T07:11:57Z,2026-08-26-2
2026-08-22T11:00,175acccf07c3577e7bcf7ce51e050d9d94c69bbeda904faef5687c1f6184207d,2026-08-26T07:11:57Z,2026-08-26-2
2026-08-22T11:00,17d06087ebfb38b5a1eadb8817900e50d66be2b97ce7ed054473eccff5479567,2026-08-26T07:11:57Z,2026-08-26-2
2026-08-22T11:00,17e1f574fa530b68e401a725e583e452ba5ce83440a9763e5df16a58e8481b49,2026-08-26T07:11:57Z,2026-08-26-2
2026-08-22T11:00,181fa3aff75f0cc6fc15a42e784de10c11fb6381bc0f5c14a4ce094c1587f0b5,2026-08-26T07:11:57Z,2026-08-26-2
2026-08-22T11:00,184913604f857c7659ddc6076f38a7ef0de6926c239f4950e1b5622fbf8edbca,2026-08-26T07:11:57Z,2026-08-26-2
2026-08-22T11:00,184eca30d8f829288200c014eddf7d3fbd14ecf92f0284bedad6b1f5766fb5a2,2026-08-26T07:11:57Z,2026-08-26-2
2026-08-22T11:00,18959fc05852145dc427d487cc100133bbef03a486b2587dcfcacfb13215cbc7,2026-08-26T07:11:57Z,2026-08-26-2
2026-08-22T11:00,1979da6e5037cc7320f7a9a3ea5d0af09cadbc0caa0bca84e0a0a01159d532cc,2026-08-26T07:11:57Z,2026-08-26-2
2026-08-22T11:00,19a0588b0db178782dbfb29e048d692d3c72a4fbb51653091c5ba7ae320b7d21,2026-08-26T07:11:57Z,2026-08-26-2
2026-08-22T11:00,1aa93ebb80beaf970667ba756d8f5fcc263dc1060b82471e0956727b15e781c8,2026-08-26T07:11:57Z,2026-08-26-2
2026-08-22T11:00,1ac44546621bb9edfd649cd148b0946886c0cf1632b54db30c0a3cca7ed63c97,2026-08-26T07:11:57Z,2026-08-26-2
2026-08-22T11:00,1bd8a88d08acf9f0d800bdb3e2686392150abcc764e37799e1bd245a6dfb6001,2026-08-26T07:11:57Z,2026-08-26-2
2026-08-22T11:00,1cb500cb88b1b026b008994c748504a93241a946d6729e0d8db622ac7212bf67,2026-08-26T07:11:57Z,2026-08-26-2
2026-08-22T11:00,1dd42b8e4eadaefc957e45848820dfe9d227950e834518ec9652dd68c3650f28,2026-08-26T07:11:57Z,2026-08-26-2
2026-08-22T11:00,1f9f0a4ab2eb6686fc716eca10ae19251f1434a7db1284313319c1c791074d2f,2026-08-26T07:11:57Z,2026-08-26-2
2026-08-22T11:00,1fcadbfb57320cd692a0254ab785220e2854162d22da4718a90a3ffd64069167,2026-08-26T07:11:57Z,2026-08-26-2
2026-08-22T11:00,20c7c5f83eab8810caa9e2eeb5a5ea601e1d100951fcf05d4c713a063a5f98c0,2026-08-26T07:11:57Z,2026-08-26-2
2026-08-22T11:00,211269efeb6e99c99eac7ce7c5807632937313bedc6ccb39355e80f1873e4e7b,2026-08-26T07:11:57Z,2026-08-26-2
2026-08-22T11:00,22015853c8278f599e22cdb8f084b394694e463f59a8347957cd24a48181fe35,2026-08-26T07:11:57Z,2026-08-26-2
2026-08-22T11:00,226d2b919dfaae13928005b9485ffc5e75dc4599437b1afda05002e3419c371c,2026-08-26T07:11:57Z,2026-08-26-2
2026-08-22T11:00,22d568e2f09fe1f674aa613da8a2f5057ddafd41f26570ec56e548122f752543,2026-08-26T07:11:57Z,2026-08-26-2
2026-08-22T11:00,22e4fdc40149b30087dbd3cda0424efac262bb0e29c4780608d44effd754b483,2026-08-26T07:11:57Z,2026-08-26-2
2026-08-22T11:00,245bdea330fe511bb9f1bc589d777e46159d83c487fa856e7b059c3a37411f9a,2026-08-26T07:11:57Z,2026-08-26-2
2026-08-22T11:00,24dd4308024a4bd3cf3fe205eb8ba376beef676a13bc28bb1c976a7669edb50f,2026-08-26T07:11:57Z,2026-08-26-2
2026-08-22T11:00,25259dd10d1d9376e39c7582d43957b971d5970fdcb23790771dc0de7a129b7a,2026-08-26T07:11:57Z,2026-08-26-2
2026-08-22T11:00,260100f1ab4cdc87e1104f85b39a4ddbfb77d42890661c9cd23d6c626b02ba2e,2026-08-26T07:11:57Z,2026-08-26-2
2026-08-22T11:00,26733ffa4b8907c36fedbada7abd88773f3377c7795421b2014788edf327814d,2026-08-26T07:11:57Z,2026-08-26-2
2026-08-22T11:00,26a7cfe37912580bc9c381ed59d3fc638839ab5cc7fee44e103833b65e729a03,2026-08-26T07:11:57Z,2026-08-26-2
2026-08-22T11:00,26bf0bd5653f78aa1cb3a1840724f0a030211f1c2abb970e1dc763f6368d1bad,2026-08-26T07:11:57Z,2026-08-26-2
2026-08-22T11:00,26cc5f769b8ae4e32e1f79f78b3657e841e0d32409ace02363e7b31ad97af1c8,2026-08-26T07:11:57Z,2026-08-26-2
2026-08-22T11:00,27b9476a05ebd574500cdc47527b5bc191e930ffb2679c007e2cb813bbf0a484,2026-08-26T07:11:57Z,2026-08-26-2
2026-08-22T11:00,28eb10bf3a03d1600314eab0d2d109beb7144cef096544ae5f830d643a98a808,2026-08-26T07:11:57Z,2026-08-26-2
2026-08-22T11:00,29b0c197b4842a7b4e4d3fc4c87df3c9782290423adcc3e315848b9cc3a7d506,2026-08-26T07:11:57Z,2026-08-26-2
2026-08-22T11:00,29dfbebd5575cf5ac9eb760696c9901e2f583d5d7061a5f9ced52551b194aa5d,2026-08-26T07:11:57Z,2026-08-26-2
2026-08-22T11:00,2a38d40737c4fd28d425f27dc37800005e65d00994892dd41ce3a5b69019eb0b,2026-08-26T07:11:57Z,2026-08-26-2
2026-08-22T11:00,2aa8813989a07a561d75cab4bc81e1385b7228ef64aa0a43c2b874f8eb6fb6d8,2026-08-26T07:11:57Z,2026-08-26-2
2026-08-22T11:00,2aadffe61393fa3f746238f89691a873d316c2d85c71b24ccb6acd4e83711321,2026-08-26T07:11:57Z,2026-08-26-2
2026-08-22T11:00,2bdb54b1f8d01d8a7f99080b94f1b4d152197d34ac0139155d84cb947afd5b3c,2026-08-26T07:11:57Z,2026-08-26-2
2026-08-22T11:00,2c6de48c2542ade3f91f751b47cbb27fd170c767d8efb5e8134ca63f89d36a9b,2026-08-26T07:11:57Z,2026-08-26-2
2026-08-22T11:00,2d282b507144164d9ab03b71550a6f644adffeade4098252fb4fe79c212eefd0,2026-08-26T07:11:57Z,2026-08-26-2
2026-08-22T11:00,2d33c5b78a986b1e797ddb2a36115adf47a202b8df8cda92c195ffca59eb217a,2026-08-26T07:11:57Z,2026-08-26-2
2026-08-22T11:00,2d95c2839b8630ff9c4e26e48f8c7bcf19b972ead93c5fd51da36ff762964871,2026-08-26T07:11:57Z,2026-08-26-2
2026-08-22T11:00,2dc1d502e22f1d83d26a2455e8224688da76efeec99a4e8ce2990f266480bd6d,2026-08-26T07:11:57Z,2026-08-26-2
2026-08-22T11:00,2e408f94a740dd17e6c83d65a117fa6369cb8cf14d36ab507aadc429d43de8d5,2026-08-26T07:11:57Z,2026-08-26-2
2026-08-22T11:00,2ecac40e5fc13dd4fdf8b11663b7ac2034d118cabfdca7e7f3cab301cc58539e,2026-08-26T07:11:57Z,2026-08-26-2
2026-08-22T11:00,2f14be30f49adc62bfb9133031e7002682dea68767aa4aa6feddc45cba88aa1f,2026-08-26T07:11:57Z,2026-08-26-2
2026-08-22T11:00,2f1d73d9687e25748450b0950e753e1c22d42642b0fe6746842b50e7340d2c44,2026-08-26T07:11:57Z,2026-08-26-2
2026-08-22T11:00,2f2ee0f4cd708a10f0897e77c5994bb1a0b26ae972540850870dc851348b64c9,2026-08-26T07:11:57Z,2026-08-26-2
2026-08-22T11:00,3011dfe513eda7c4118dfcb3c96ff42842d70b392c435d0060f37a723657c79d,2026-08-26T07:11:57Z,2026-08-26-2
2026-08-22T11:00,30886df44072aa0e09675faae8f92385f2d678b8637cdd92956f2e2cf8574179,2026-08-26T07:11:57Z,2026-08-26-2
2026-08-22T11:00,30cc59a15f225fd252a9c766319a9e9cb68c720a50ad1f3f9ac7c551d66dc9d1,2026-08-26T07:11:57Z,2026-08-26-2
2026-08-22T11:00,31104cfbc7b4bb89bdde759efeaee0edd9ab0d44f215c7c01fdb84f3fa77bb01,2026-08-26T07:11:57Z,2026-08-26-2
2026-08-22T11:00,324a3b749d1a939dfee754b351d305c2409f78742541d429b8f362c994b7e6ba,2026-08-26T07:11:57Z,2026-08-26-2
2026-08-22T11:00,32800bbdf7dc0b96006e6b7172f9ef1796d89ea38fe2db95a28140d89ccb5a2e,2026-08-26T07:11:57Z,2026-08-26-2
2026-08-22T11:00,32917a26b4e5158cc60dab2ee4a1508cc986a13a5ae41cfef3a166ca11237754,2026-08-26T07:11:57Z,2026-08-26-2
2026-08-22T11:00,33103b09054f3b0033245b6770615d6053cae8b99e7eeab369cd726d213d9da6,2026-08-26T07:11:57Z,2026-08-26-2
2026-08-22T11:00,344a863e5c01e75d37a5547a0f5ab7cc19a0ad9d25c38eb1686213075794a1bb,2026-08-26T07:11:57Z,2026-08-26-2
2026-08-22T11:00,346e670ab98665d5c73c3f16064b0f3910d60d133d3ee0872ac56254034f31df,2026-08-26T07:11:57Z,2026-08-26-2
2026-08-22T11:00,355e322fc7bfc6c72dac281c8c10620786f6a4856ba2224d4c473fce0c738846,2026-08-26T07:11:57Z,2026-08-26-2
2026-08-22T11:00,3572eb107e17aa2a82174ca767f1c6ae3ff0af6669bd58c322c1f95df99bb8d1,2026-08-26T07:11:57Z,2026-08-26-2
2026-08-22T11:00,35c5ab0b2cfdab23ef21668dc8ee5e96c695acc6d7926a8847271090dce8a8f2,2026-08-26T07:11:57Z,2026-08-26-2
2026-08-22T11:00,36213aa9bd2a3f8dc5dfca45b333e471e81e01205fe833dcc362661db0d735e3,2026-08-26T07:11:57Z,2026-08-26-2
2026-08-22T11:00,36ac12ad4bceb67f0d36661df73003f8daff8345c3a186ced161cd558188b0ed,2026-08-26T07:11:57Z,2026-08-26-2
2026-08-22T11:00,379792f21f78caddbb9fb7f0d7695ed899bd9d940560e90f6e48ec533dc866b4,2026-08-26T07:11:57Z,2026-08-26-2
2026-08-22T11:00,37b83eff6f50a620ef6706c69623c0ddc8db49ab09609774ae8f8e6022a9a4a9,2026-08-26T07:11:57Z,2026-08-26-2
2026-08-22T11:00,38d13a727358b9f8db9ec11a9a753dda4e934ed8bde60f9dccd149dd5bc365d2,2026-08-26T07:11:57Z,2026-08-26-2
2026-08-22T11:00,3a824ce954c4b7ff8fd0cb4e499cc86b1bca3a95a90404ade23337a07266b8cc,2026-08-26T07:11:57Z,2026-08-26-2
2026-08-22T11:00,3b3db0ff5839e9e548fd4ae9d15d1292b35ec4753fb606a2458bd3b52943ccd5,2026-08-26T07:11:57Z,2026-08-26-2
2026-08-22T11:00,3b6df5db3cec08c43ac62e19b5b993cb113b8c511c23f7ebf15682bfce900fc7,2026-08-26T07:11:57Z,2026-08-26-2
2026-08-22T11:00,3b82dc15ea66f3a4286ebe1cea215dfbec78c107692d6ddc1ae46b1422237061,2026-08-26T07:11:57Z,2026-08-26-2
2026-08-22T11:00,3b96d68f0d4c9bbd0869ec2f114750a520fdc7b94deb2f1604098a650a218b55,2026-08-26T07:11:57Z,2026-08-26-2
2026-08-22T11:00,3cc658b5132734cafb6e68e81cfbe4b9b80baeaf3706829409be08cca52835f6,2026-08-26T07:11:57Z,2026-08-26-2
2026-08-22T11:00,3d52ee14ccbec7b5a6057e82432bba761de26e00561789f9cd59497bc91076e0,2026-08-26T07:11:57Z,2026-08-26-2
2026-08-22T11:00,3dd50fb01af6683b82a92cdc06d28a661c7535f585ef80a51785acfc4ce54fbf,2026-08-26T07:11:57Z,2026-08-26-2
2026-08-22T11:00,3dfc09cfe683fdf9c70a732e08e70d8322b9a711c71c35a3dfa46fe63b080482,2026-08-26T07:11:57Z,2026-08-26-2
2026-08-22T11:00,3e11d92ded6e1a7d5ff72cbdb4fa2012a0af6ab817425e0cace7cd7c501ea31d,2026-08-26T07:11:57Z,2026-08-26-2
2026-08-22T11:00,3f0b8d48096586eac9fab3e31397d480d0dd3c01ab12f839dddf7a4a078562fa,2026-08-26T07:11:57Z,2026-08-26-2
2026-08-22T11:00,3ff03e14cb1d154a054443eb78f76f8839bbb4d3f5a3aa83944882c36513500f,2026-08-26T07:11:57Z,2026-08-26-2
2026-08-22T11:00,416bb92be25dbec336d691cdaaaaa5693f0702c579e51af0e8caf1913b06fac9,2026-08-26T07:11:57Z,2026-08-26-2
2026-08-22T11:00,41947b0352638ad573eb74b884804ec1442391e52e63b7df3a220c5d8e6e5c30,2026-08-26T07:11:57Z,2026-08-26-2
2026-08-22T11:00,42e6e7b5e3ff913c2fa3f8671825764a943c2a86b372df942f23d44353ee5789,2026-08-26T07:11:57Z,2026-08-26-2
2026-08-22T11:00,42ee5307d3156f2423f302fbf09a0069e5af051af83c9049232518a5e671be61,2026-08-26T07:11:57Z,2026-08-26-2
2026-08-22T11:00,437afeba6656de92a55f2f4e55573480792e5710ce99cfbe0cccaf04235de2a2,2026-08-26T07:11:57Z,2026-08-26-2
2026-08-22T11:00,44b339e0281549a7daa7e4c480852846683143cd1586d06af3fde3f516db18e1,2026-08-26T07:11:57Z,2026-08-26-2
2026-08-22T11:00,4508d353f37833f1bdbeeb2f1064a9896a60a8bf038cb6f8218bc284e004c204,2026-08-26T07:11:57Z,2026-08-26-2
2026-08-22T11:00,450a95502b022c8fba765403f94ce1c7205c975f082402e562670ff452650f63,2026-08-26T07:11:57Z,2026-08-26-2
2026-08-22T11:00,45c6dac2f7b789b78510e672846d2bf2e96b12a5403e302d4f3a56748a0b65f8,2026-08-26T07:11:57Z,2026-08-26-2
2026-08-22T11:00,45e8b4b7cd49e7c0188ec738d2f3ea8e191e92edff661b872a113c107c9dd28d,2026-08-26T07:11:57Z,2026-08-26-2
2026-08-22T11:00,463f43351aa58446bafab585d22da1eb3f0d4e952750fcf2273022df2973de10,2026-08-26T07:11:57Z,2026-08-26-2
2026-08-22T11:00,46598349d335b4cba3085921dc354ad5ac54bfc5ed6bc23dc5a96354b9f6c570,2026-08-26T07:11:57Z,2026-08-26-2
2026-08-22T11:00,46a074a7cc8639b9bdacd68b25b53aad2c4ef5545501efb940c5c962e194b717,2026-08-26T07:11:57Z,2026-08-26-2
2026-08-22T11:00,478f5d9373fcc64e785cb338fb521defbb65ea94180869d0e34a281d7b06c3fc,2026-08-26T07:11:57Z,2026-08-26-2
2026-08-22T11:00,48c3f7bf3aa0a779d3144459dd770a4cdb974d2a13cbf661fa71b5a798a84b68,2026-08-26T07:11:57Z,2026-08-26-2
2026-08-22T11:00,49eb3c51dd0dcce99cb9a34448e317357950353819902be154377e01000c70f6,2026-08-26T07:11:57Z,2026-08-26-2
2026-08-22T11:00,4aaf1d3e03b5921c47c75767d5ff755129a48cc59b2c0d94fefafe23eebceb35,2026-08-26T07:11:57Z,2026-08-26-2
2026-08-22T11:00,4ab53ac6c1114414b5919719ed7296c4dcc0e1fd5fbfb811a0ca64b893d28076,2026-08-26T07:11:57Z,2026-08-26-2
2026-08-22T11:00,4b43bf3612eb75d49e079a1595e028d2c6ac6771badef5af36dc2e6aed1da4b7,2026-08-26T07:11:57Z,2026-08-26-2
2026-08-22T11:00,4d0ff3f1f5f6411d88abb99437523e6bb1f7d928698efed5f9c1cf874d9db4d4,2026-08-26T07:11:57Z,2026-08-26-2
2026-08-22T11:00,4d38da68d205de0146b16a77ed5a679ecf7f0b5c7a6591b577981bfb1762181c,2026-08-26T07:11:57Z,2026-08-26-2
2026-08-22T11:00,4d8b66f480afdd439adca489087d5492a1e11e9102afbcf7c682ddbcd7307cff,2026-08-26T07:11:57Z,2026-08-26-2
2026-08-22T11:00,4f7e1ac398c2c8ea05d83b5656fb2ffa6c430d0f6d4a7d4a26f9db168304556d,2026-08-26T07:11:57Z,2026-08-26-2
2026-08-22T11:00,50d58b925d3f39d8f6a80cbbccfcb485a328d201e68ed15c837b78fd326f84bf,2026-08-26T07:11:57Z,2026-08-26-2
2026-08-22T11:00,50faeca117b553219e367003441d9a563874ebf7bdaa0e38617ea74a4ce22159,2026-08-26T07:11:57Z,2026-08-26-2
2026-08-22T11:00,51ff97f7daffb00df34fb0a1c0891824b230faaf957d32e72b92347c925ba9b3,2026-08-26T07:11:57Z,2026-08-26-2
2026-08-22T11:00,523e0208bd7461e8262b0fbf9f77513c646bebcddaa9bd3f4d4775193e7b2c2c,2026-08-26T07:11:57Z,2026-08-26-2
2026-08-22T11:00,566af02c25107b5a610c57ab5aef6525393d56c204858e18dedc04e16e5bd161,2026-08-26T07:11:57Z,2026-08-26-2
2026-08-22T11:00,56b0c282d07d0249dd9e6da43e24339d394ec22081a78d0983dec5b5d43ac813,2026-08-26T07:11:57Z,2026-08-26-2
2026-08-22T11:00,57162b579a90915e0c9293c18cea1aba5ded6e039db820d1eee1fb46edc13eed,2026-08-26T07:11:57Z,2026-08-26-2
2026-08-22T11:00,57558d67895401f248a05c899d431322836a4bfb5d6566cb6c85f1088903b4f3,2026-08-26T07:11:57Z,2026-08-26-2
2026-08-22T11:00,57ea0051c847cc0a0773a84a686e3623fdc0b681a243255fc3e1569a51a260af,2026-08-26T07:11:57Z,2026-08-26-2
2026-08-22T11:00,586eac996d14a79df5fa041227a122e24d0dace9723a1fb5eb4814348ad165b0,2026-08-26T07:11:57Z,2026-08-26-2
2026-08-22T11:00,58a22640c50604ea92467c1b2ff3339cef8b61e3c9eb96b9fa35b629e98bf338,2026-08-26T07:11:57Z,2026-08-26-2
2026-08-22T11:00,58ab0f144061f2e6d65e5685075061e3d7e7b600f279955462cbc5921af8d043,2026-08-26T07:11:57Z,2026-08-26-2
2026-08-22T11:00,58deb931e03c68b8d26ce718faa7ce81910cbcbbc28d7951ae28f5df863a82ef,2026-08-26T07:11:57Z,2026-08-26-2
2026-08-22T11:00,59356094ec8f37c6284b157d2e8f1bf6902d25b46f7495d80c63c42880a176d4,2026-08-26T07:11:57Z,2026-08-26-2
2026-08-22T11:00,595372f8edb82398eb2804f79d02071b6fb070f03f77c302410f7bd702f90f48,2026-08-26T07:11:57Z,2026-08-26-2
2026-08-22T11:00,59dac02ac7b5941c65f266d8b90b8c26df6ae9456c38041cee2cfbdd331d662c,2026-08-26T07:11:57Z,2026-08-26-2
2026-08-22T11:00,5a0c72da4b24e4a045a0d9847e6984bc59aa7bdb3947a223994fb4c286182dfd,2026-08-26T07:11:57Z,2026-08-26-2
2026-08-22T11:00,5ae9eb2bce9022c861b9ab0aa014f93fd86b95685f8ecee88a8da0965c006717,2026-08-26T07:11:57Z,2026-08-26-2
2026-08-22T11:00,5b4b1b0c09d16febf090a3ae8e01e3068dfa22dd02fa7a2a0a76053165765b5f,2026-08-26T07:11:57Z,2026-08-26-2
2026-08-22T11:00,5b6bf110b53733ed2e6848257db17782f177a9a43a068dc642b52f427f19af5b,2026-08-26T07:11:57Z,2026-08-26-2
2026-08-22T11:00,5b97540800b5427d1e3de882fc037ad3ab08fe589046779024aa2d8965b96bf8,2026-08-26T07:11:57Z,2026-08-26-2
2026-08-22T11:00,5c44ef66ee54628295911b2eac8891b2c9265eb4add55005ef0b05353d966ccc,2026-08-26T07:11:57Z,2026-08-26-2
2026-08-22T11:00,5d5c3d49d5cc4f9e2615f8a87729765764326d5471d16e20cf25cdc6ecb1f449,2026-08-26T07:11:57Z,2026-08-26-2
2026-08-22T11:00,5d90d245f3c8fa7b7ec1143aad97835510e83605ec8f74e1a7ace74fca68b9a8,2026-08-26T07:11:57Z,2026-08-26-2
2026-08-22T11:00,5e05c39646790e43e34885fc100a2e0b1cb84b53538c5b26099c4b0e15411011,2026-08-26T07:11:57Z,2026-08-26-2
2026-08-22T11:00,5e9851aa87f6a4200eded9ab9d7cb55ec4c9d3d4e209a04c4c100c866ba232e9,2026-08-26T07:11:57Z,2026-08-26-2
2026-08-22T11:00,5fa83c7bbcc9cd268f54ac6cc7e6ace4cb5cb5e35735c74ef55da0baa9dba438,2026-08-26T07:11:57Z,2026-08-26-2
2026-08-22T11:00,60626cbe2d4a42b4516142ed749bc693c489dd9931e013da22acbdcdbe58017f,2026-08-26T07:11:57Z,2026-08-26-2
2026-08-22T11:00,606fe6460ba1e358db32aa420e97ea402f48884203b0fb5d35f58321607881a7,2026-08-26T07:11:57Z,2026-08-26-2
2026-08-22T11:00,608f9cd2b2be72896db3d9aafbac04add4965784f983bde4d782403c410b13d9,2026-08-26T07:11:57Z,2026-08-26-2
2026-08-22T11:00,6114752ce46dc3dd969599779dd4225a08d5e5dd1068c06f8ade568c8ced7847,2026-08-26T07:11:57Z,2026-08-26-2
2026-08-22T11:00,615d176d1c61146c295dca49631017853890d12f0537d769f9c0a018526fc7f7,2026-08-26T07:11:57Z,2026-08-26-2
2026-08-22T11:00,624f84e91db4bb0cc3076c6eabee895ba4411e464b116953b2fc3cd3f9a57201,2026-08-26T07:11:57Z,2026-08-26-2
2026-08-22T11:00,62518d3b8f733a8e8ef9d75260875eab4673e97e6225819af59a499faa1f86ab,2026-08-26T07:11:57Z,2026-08-26-2
2026-08-22T11:00,626bd09cc49b8fb0ee8c5c04db74bdc46c3e36426baaa0bc369951a0932045dc,2026-08-26T07:11:57Z,2026-08-26-2
2026-08-22T11:00,631cc33eddacbe94794bce04e630f5fe2fc56d9b4b8a81e15a0435eb95438f78,2026-08-26T07:11:57Z,2026-08-26-2
2026-08-22T11:00,64a81c087a7622beac38b83fe8d015457aa9a74945c180a46f77ff1988a88cfa,2026-08-26T07:11:57Z,2026-08-26-2
2026-08-22T11:00,651bd1475e1b9db6a1f8c60ff4b8c3c151d29f1fa4aef9c7ea1581941629e129,2026-08-26T07:11:57Z,2026-08-26-2
2026-08-22T11:00,65748990c3f9ed69a16335c2d8e0b83be8792224447d1b0491fb940ea41314d1,2026-08-26T07:11:57Z,2026-08-26-2
2026-08-22T11:00,665865b3a4f8b298461e56b76786ad5888bdfc97f0e8a3f36671b3e8ebd1420f,2026-08-26T07:11:57Z,2026-08-26-2
2026-08-22T11:00,66683233a8d1cef87bc9cda5cca8e4f8c22c5f00eefad6f3d5f4633ada3b0ac9,2026-08-26T07:11:57Z,2026-08-26-2
2026-08-22T11:00,669d646167f196d2cfdb569203bbf2a9cf27b0664c0b188d0413c06661549ab1,2026-08-26T07:11:57Z,2026-08-26-2
2026-08-22T11:00,675e0e4a6668007664fb58dd74c84cc98a167b947e99a17fb9142f3c1a1ab954,2026-08-26T07:11:57Z,2026-08-26-2
2026-08-22T11:00,676a65e3dae4565a8b5176213938e594c01fa50351e59c0173ac2b53f1c3d08e,2026-08-26T07:11:57Z,2026-08-26-2
2026-08-22T11:00,67f15d3cd748ca6c424863f75c4753650787f575eb21fddaec0759825508500e,2026-08-26T07:11:57Z,2026-08-26-2
2026-08-22T11:00,6849bdd9ae5c686f824814535c6bd3b5d58eeae7033b28516538634ac23ca28b,2026-08-26T07:11:57Z,2026-08-26-2
2026-08-22T11:00,68e53ffe6a1d1619e026dae213c8bd3a128c2ac6c8a6fcb758897af7bd8fb08f,2026-08-26T07:11:57Z,2026-08-26-2
2026-08-22T11:00,68fcda868adfd7696af94bc1fae5449c7804680cb636e66e53acef0222a42ca6,2026-08-26T07:11:57Z,2026-08-26-2
2026-08-22T11:00,69eb9f6226365fb1f4658ea9376cfeaaa1911eaaa0e8b6660918f78e8c612712,2026-08-26T07:11:57Z,2026-08-26-2
2026-08-22T11:00,6bc320bf6a6012e0e12bc9d0694e54c6ee4c5c6fcc958158caf90b840ce3cfdb,2026-08-26T07:11:57Z,2026-08-26-2
2026-08-22T11:00,6c0fce33f143a06a9e8a402fac842683fd528f8777d5f41ccf0b970668a914a7,2026-08-26T07:11:57Z,2026-08-26-2
2026-08-22T11:00,6d7a3b5a1e24e5fce2b934449b25cc64a2697b9dcd7251c788b54aff96b6ab21,2026-08-26T07:11:57Z,2026-08-26-2
2026-08-22T11:00,6d93c914a95f645dcdf9207ca82331506db32952713b661bf7e3e4efdd16b8ce,2026-08-26T07:11:57Z,2026-08-26-2
2026-08-22T11:00,6dd5ba2fd011d7c26d609bd3a936f1661cdfa17888f50a203021c53924e75fd7,2026-08-26T07:11:57Z,2026-08-26-2
2026-08-22T11:00,6e2018c9d597f7aa230f16ae72443702335c304431812571ef96dd3f4331a31b,2026-08-26T07:11:57Z,2026-08-26-2
2026-08-22T11:00,6e6aff560e8cba692f2d98b99d0ac5fee4aede6c5493b454f07b4d0b2514838d,2026-08-26T07:11:57Z,2026-08-26-2
2026-08-22T11:00,6ec257775fa25636fab43e3c99853692c4ebefff998e8b396b013262915acdee,2026-08-26T07:11:57Z,2026-08-26-2
2026-08-22T11:00,6ed581b64646c10d390dc5186c77cdf4913a7cbac726c9c36b570d28faba95a5,2026-08-26T07:11:57Z,2026-08-26-2
2026-08-22T11:00,6f48ef2281bad1381080a21ececd826ffffd230577cc609af5ce4ad03eb0eb0b,2026-08-26T07:11:57Z,2026-08-26-2
2026-08-22T11:00,6f7d7afba25db4d92ff031adc2f66c260c4fc1ad5eedd4526a9c270edde912c8,2026-08-26T07:11:57Z,2026-08-26-2
2026-08-22T11:00,6f8a049272765eef6a0bb2b288038e5441a3cd3b90a6733135d8062f868a043e,2026-08-26T07:11:57Z,2026-08-26-2
2026-08-22T11:00,70221b5da5d1b17a55c4e003f2bf5cb873301bb9a75db95cb958d44ddf568dd9,2026-08-26T07:11:57Z,2026-08-26-2
2026-08-22T11:00,70a305465dd32121e5d6c0f3a5421c1127935cc2330bbad30e0e6a207025be98,2026-08-26T07:11:57Z,2026-08-26-2
2026-08-22T11:00,70b1b2c170822e85129614b59c486451ebedddc1ceb4f012a3d32ef2bb547046,2026-08-26T07:11:57Z,2026-08-26-2
2026-08-22T11:00,72941ed8a1c918892bcd89bdcf3e648ecc750355c52d8b4b3067f94e30041811,2026-08-26T07:11:57Z,2026-08-26-2
2026-08-22T11:00,72b17484325577c68edc6a3d925b1ce6d10b6dba8ab7f51f45e94eb81e3e85fc,2026-08-26T07:11:57Z,2026-08-26-2
2026-08-22T11:00,730e2d97c1306a4dacd09d3a1d7be6153c7b1ea462af452fdb652d08c54acd4b,2026-08-26T07:11:57Z,2026-08-26-2
2026-08-22T11:00,7397b1cd23b2d7dd90745119eb703a46c90b84f7efb5c7d94ae9eb317fa330dd,2026-08-26T07:11:57Z,2026-08-26-2
2026-08-22T11:00,73a6f9a7ec7b41af8cc0bbdcb94cee15245735ebcd7c1dee2c5127b2db6dbb15,2026-08-26T07:11:57Z,2026-08-26-2
2026-08-22T11:00,73d62b0086ef5ad9dda466b46a7ea51d686c194a104670be00de9ce834eab74c,2026-08-26T07:11:57Z,2026-08-26-2
2026-08-22T11:00,73f786f225d0c96e11b626e7331a6f1844ad7ab0d45645d4f607941f6be70a3f,2026-08-26T07:11:57Z,2026-08-26-2
2026-08-22T11:00,7476003ef17e8a2a7cf7f7f78682af6a83750e047db58c8836cf061711ee048a,2026-08-26T07:11:57Z,2026-08-26-2
2026-08-22T11:00,7489dedc5a4eebac92aa0d19d791d763b0f7a6677aed6524366b63f6ab360f48,2026-08-26T07:11:57Z,2026-08-26-2
2026-08-22T11:00,751bcd9a6dc2b3a641edd2ce1f11a1f428497af09c9c79f9536aa344df5120a7,2026-08-26T07:11:57Z,2026-08-26-2
2026-08-22T11:00,78a2e9bca35a03255a8aaa74d9f17da090f0cd11f01e31d0df9b3dbf53b1c39b,2026-08-26T07:11:57Z,2026-08-26-2
2026-08-22T11:00,79bc097008e8ee1eb723425257e603e6e425e06def79993c6c54fa23c7ce084c,2026-08-26T07:11:57Z,2026-08-26-2
2026-08-22T11:00,7a5b74a3830a87f34968dd782750c8a0a23fbca1fa22d3b63dcf5bcd804dc52b,2026-08-26T07:11:57Z,2026-08-26-2
2026-08-22T11:00,7ad15d0c1168dae0bc9267b26b2f8f53604f554f4f74b6647ec1eb4ecec5475d,2026-08-26T07:11:57Z,2026-08-26-2
2026-08-22T11:00,7b6b3d780ff64f7c630eeb5cea7e4bba5f4349278579fa8d8f3c7faa6d2b1ba5,2026-08-26T07:11:57Z,2026-08-26-2
2026-08-22T11:00,7b76d69c1676582953f4607754fd96076f7fc7bb5d0f8724634a80db162f5fc5,2026-08-26T07:11:57Z,2026-08-26-2
2026-08-22T11:00,7c124eaecde4ef6c979a5accca23604b781bc5f3640acda13c7b90df6851b6a7,2026-08-26T07:11:57Z,2026-08-26-2
2026-08-22T11:00,7c9e3da93ca0023bfde347d3e299a0700ec530d25b1ff263afe0f002427ea456,2026-08-26T07:11:57Z,2026-08-26-2
2026-08-22T11:00,7cee40d698f15f715b0f1ad564915417f33acd066b9d1e56ac3b3dfc63f80d4c,2026-08-26T07:11:57Z,2026-08-26-2
2026-08-22T11:00,7d59232374dc255923e0703d93f372964f25a257596affdb17f77870beed272f,2026-08-26T07:11:57Z,2026-08-26-2
2026-08-22T11:00,7d8a3d4bb815ca4a364532190552c3f9b3e17565097c191ef0b6c3b8d2b18049,2026-08-26T07:11:57Z,2026-08-26-2
2026-08-22T11:00,7da5299755a7908dfe085a69d7460df9141be42ceefe01ba1c1d2a8c43966272,2026-08-26T07:11:57Z,2026-08-26-2
2026-08-22T11:00,7dc1af8656d49d6af3435fc3040908202ea9f665ccc85525aedec44f085486d6,2026-08-26T07:11:57Z,2026-08-26-2
2026-08-22T11:00,7e711ed01c709d3e5bb82d7b32c7730fef9668f2545c8c871f3eb95480b58c58,2026-08-26T07:11:57Z,2026-08-26-2
2026-08-22T11:00,7eaa52dcd2227c2661bda715cba71e9cb1cb9feca5eb483be70f83585add1f9b,2026-08-26T07:11:57Z,2026-08-26-2
2026-08-22T11:00,7eb80aa98430897deba406f6b264d9df2eac25bfd603dabb7b8f24624ce13e93,2026-08-26T07:11:57Z,2026-08-26-2
2026-08-22T11:00,7ec9776256779ec32818addd4da3144d40354d15daf339848ae5095fd522a9fb,2026-08-26T07:11:57Z,2026-08-26-2
2026-08-22T11:00,7ed03beb9beb4e3dbe1decd0e5c14bbf2432711dd3133c24a9ebcb21c60b385a,2026-08-26T07:11:57Z,2026-08-26-2
2026-08-22T11:00,7f847adc579f4f1ed5ec38fbb962a23a6bf63dac4c7ea511e65021737fc7ba3f,2026-08-26T07:11:57Z,2026-08-26-2
2026-08-22T11:00,80a0074a1aabb43663378fb29b21814bea9fe4f959f550a252af116400fdb7b9,2026-08-26T07:11:57Z,2026-08-26-2
2026-08-22T11:00,814f86333fd0861d73753f59d2db9cd3a6a463b31e4c328b6bbc29b04085d49b,2026-08-26T07:11:57Z,2026-08-26-2
2026-08-22T11:00,821ffa7fab243a8736dd0f8a4d21a63cd90522c3420d1574179ce8b0a66cbf76,2026-08-26T07:11:57Z,2026-08-26-2
2026-08-22T11:00,825df32cf3f4dd17cd7d64db9f8098becd3629687dd8446a28c3ce5619b0d742,2026-08-26T07:11:57Z,2026-08-26-2
2026-08-22T11:00,83d188552798d86ca7db13cb1f931be4e36ed419c2853374457b3337104b74be,2026-08-26T07:11:57Z,2026-08-26-2
2026-08-22T11:00,83dcfe04a4a7b563e70387decba32d97685ddc3db63ef6178f91001404a76975,2026-08-26T07:11:57Z,2026-08-26-2
2026-08-22T11:00,83f5c1bff4621e5a204328228c5ae672cda4a035cb6d14ed792c871b3c92c6da,2026-08-26T07:11:57Z,2026-08-26-2
2026-08-22T11:00,84c129be6532b250cfcd9eb1b5c3c91dffba77aafeabc6a9f4f2bdffdca50919,2026-08-26T07:11:57Z,2026-08-26-2
2026-08-22T11:00,8508ec130ac820ca2fe8ad2b98cea70eff5639ce405bbecaeb8419b355997b93,2026-08-26T07:11:57Z,2026-08-26-2
2026-08-22T11:00,85ae9ca583bfdf19412e866b03b79c39d3fd0372cf1ade20c84da849319a057a,2026-08-26T07:11:57Z,2026-08-26-2
2026-08-22T11:00,85c51560a9480e2e1202cb110a520492179320621edca2d567229e7cd8ea73de,2026-08-26T07:11:57Z,2026-08-26-2
2026-08-22T11:00,85dc3f144ee8ffefea0a7452efb4148a1d3fe0057fc5bd60820c8b5347efaac0,2026-08-26T07:11:57Z,2026-08-26-2
2026-08-22T11:00,8653b835e349a4e08bc77352053561a8ee4e836c84882afc363e4cc27ee6d990,2026-08-26T07:11:57Z,2026-08-26-2
2026-08-22T11:00,869cad9cef76e1f2744f637ad76d2ece2b77c91cbca989d7fff5a77aa929b34f,2026-08-26T07:11:57Z,2026-08-26-2
2026-08-22T11:00,86fbe9e5b44cbff52a6421e34e792de5b86c343797d04c8f28cb2e7d81ed6552,2026-08-26T07:11:57Z,2026-08-26-2
2026-08-22T11:00,870d85bf323f3fce8584da17d0ad64822abe7125bf4402521106b38d4f355556,2026-08-26T07:11:57Z,2026-08-26-2
2026-08-22T11:00,8808245fc7471c68c637519ce458d931d5511e4e427ef606ddfd9bc09249c63e,2026-08-26T07:11:57Z,2026-08-26-2
2026-08-22T11:00,882c362d25f06c920c30ff78b9491d8493c60ed0229640ca92f4b315d70de8bb,2026-08-26T07:11:57Z,2026-08-26-2
2026-08-22T11:00,88808ea1eac5e8339fdd7761253990c8aa200908a24b302ddc3c3b58bd202556,2026-08-26T07:11:57Z,2026-08-26-2
2026-08-22T11:00,88b468e360056aa4e1f6afedec16d1fa35e3b7552eea6a36cce07de4e73ebe22,2026-08-26T07:11:57Z,2026-08-26-2
2026-08-22T11:00,88f0eac15c22634770d1cdcc366490daef1301c51c22ab30472490f5174e71f5,2026-08-26T07:11:57Z,2026-08-26-2
2026-08-22T11:00,89b48d66c8f809a7073f56ea983e7d47217dad00f273c5bcef736ae6c63fe404,2026-08-26T07:11:57Z,2026-08-26-2
2026-08-22T11:00,8a141765ec9bd9e0a9c5459dc800f369f13fd1c33027ca2a5597af898abbdf27,2026-08-26T07:11:57Z,2026-08-26-2
2026-08-22T11:00,8a5c547372c122eccb226609d88235fbb933efa956f96bc5e7d0a20c069c3a40,2026-08-26T07:11:57Z,2026-08-26-2
2026-08-22T11:00,8a91d801a0a079d2c0a9b027352987d77efac0b6a81e584df153e0aa3a97d758,2026-08-26T07:11:57Z,2026-08-26-2
2026-08-22T11:00,8add2dcfbed91d6beb9adb373a7b0211a01439301061c8a0af6f067b77569e57,2026-08-26T07:11:57Z,2026-08-26-2
2026-08-22T11:00,8c08054b443f0e0297daa703ce9a14a7253f8923891098246486231472edea01,2026-08-26T07:11:57Z,2026-08-26-2
2026-08-22T11:00,8c17162353fb08b1fa4d600b24ede93d3bbcf7ea4b9eddd60fdb184cfcbf2204,2026-08-26T07:11:57Z,2026-08-26-2
2026-08-22T11:00,8c4ec90ecbd11f3031e991fa53069e68eb0695b00d52005bf6172b8a54564aef,2026-08-26T07:11:57Z,2026-08-26-2
2026-08-22T11:00,8cc3833fa7e0dd33a1eab1265f0eca4f95dbf884199122186f633726a3fc7869,2026-08-26T07:11:57Z,2026-08-26-2
2026-08-22T11:00,8d0ae37175406917c12d31e6c7a4453ea813dfef57db0c9c2845c63d5026fde9,2026-08-26T07:11:57Z,2026-08-26-2
2026-08-22T11:00,8d5f19bb58fdd1261b1671bd8c313924988b6b18d9bb7da0a1ac4c42480b42c8,2026-08-26T07:11:57Z,2026-08-26-2
2026-08-22T11:00,8e64a4bc5e12fc3e7094c4afa9c2dfda78aabb9527c561a088afe7352b4aaf18,2026-08-26T07:11:57Z,2026-08-26-2
2026-08-22T11:00,8e9d9f1158feeaf2c59f29d5bf9b2e38a425592411801109182f1b1787bb9a76,2026-08-26T07:11:57Z,2026-08-26-2
2026-08-22T11:00,8f711b93d2ae3d6f3426c6c254081a57387fc201bb2079202e277949a5116739,2026-08-26T07:11:57Z,2026-08-26-2
2026-08-22T11:00,8faba88ed5da84b3e89475f082b69a04c80aef27784472c28f51453e10b3d3ce,2026-08-26T07:11:57Z,2026-08-26-2
2026-08-22T11:00,8ff59b4beca24ccba7dfd4799a33eca94f95f3861a66a950fac492073c4a72d0,2026-08-26T07:11:57Z,2026-08-26-2
2026-08-22T11:00,90960c2de74aa01dd0105544e575fc4983ea73f34dbb6ea3edd9b9951400402e,2026-08-26T07:11:57Z,2026-08-26-2
2026-08-22T11:00,9153a817fc90abd77817cbd42edc4987c7a1809a7a76e1ab5b1d506e139f22a8,2026-08-26T07:11:57Z,2026-08-26-2
2026-08-22T11:00,925ee5db61c4f0be49e1aa7d99ac51ca9decc10d73d653232c8d41f4e4e976f3,2026-08-26T07:11:57Z,2026-08-26-2
2026-08-22T11:00,92f1c5a6b09683158d26bcb83208c44fbd07fdde5f73a967502d85287bf2a708,2026-08-26T07:11:57Z,2026-08-26-2
2026-08-22T11:00,951bad36d27ee33a0fae388d34b0847207f3329f90daad9bf9fc3d24cbb0a4bf,2026-08-26T07:11:57Z,2026-08-26-2
2026-08-22T11:00,953cdf20ad9a73cc9513d1518a65061d4bf6cd698747f105f23a22de322fb34d,2026-08-26T07:11:57Z,2026-08-26-2
2026-08-22T11:00,957c0d019082994c5a5c57a2f6cbce8a89ee8fbb5fd8ab361f11cfc70cd72972,2026-08-26T07:11:57Z,2026-08-26-2
2026-08-22T11:00,95c5cf0a4231e1151b48d4020c57b6ea0c88a8399cb68288bb7aaf0c00443dc2,2026-08-26T07:11:57Z,2026-08-26-2
2026-08-22T11:00,9622926813dfc97cef35164e02ca4c4212219a58a918feb8530e482d8c0a95f5,2026-08-26T07:11:57Z,2026-08-26-2
2026-08-22T11:00,9625bfbfd6f0cb71b655451f805cfd6192a9d642189e1e131f0ef7dc91e5d60c,2026-08-26T07:11:57Z,2026-08-26-2
2026-08-22T11:00,964857940cd28c53dcf058200dfb133775d757e01a149757d1c22df4c1132524,2026-08-26T07:11:57Z,2026-08-26-2
2026-08-22T11:00,96ebf6c388d5621455d8a4a96a9e5dadbff8ae9b8a73b0febdc6208cfa2f0850,2026-08-26T07:11:57Z,2026-08-26-2
2026-08-22T11:00,98b8e2c87a67bccd99b6467606b0a9cd6a8d6e623fd6f1571298ea28d48c5c09,2026-08-26T07:11:57Z,2026-08-26-2
2026-08-22T11:00,98f9b6e63a9da59d2ee9d7a98e884bac539614bec546c4a9ba821d7840d67815,2026-08-26T07:11:57Z,2026-08-26-2
2026-08-22T11:00,9973e30aa43f33116e7df4d00d798dde2169eaf9e92815e14e888c0963f09f8c,2026-08-26T07:11:57Z,2026-08-26-2
2026-08-22T11:00,99d385915c384f02b94a579e48f8826923e500277fde6752cc592358a851a3b9,2026-08-26T07:11:57Z,2026-08-26-2
2026-08-22T11:00,99fce0bf618ef2a0bdf54b981ce1654560c3a8a5b196d289d4cad9604d76cb88,2026-08-26T07:11:57Z,2026-08-26-2
2026-08-22T11:00,9a19060f9134ce822b533b02d280ff243e9842f1961a746eefe87a94200b7208,2026-08-26T07:11:57Z,2026-08-26-2
2026-08-22T11:00,9b2dadc7f5e6796bc46a763f1023010abb005ce0699de51c612c54fc2463fa1b,2026-08-26T07:11:57Z,2026-08-26-2
2026-08-22T11:00,9b4ec0955e48a779cd8c2fb5f975b8ced97fdcb9033e73bad9e0c6612d3791f9,2026-08-26T07:11:57Z,2026-08-26-2
2026-08-22T11:00,9b659462e7bfa97a8f48a1c37008e7bad93135510cb9d8bfe8e932e4f89e658e,2026-08-26T07:11:57Z,2026-08-26-2
2026-08-22T11:00,9c402624f303c53697f903007f98ec554647adc299a499e070e7d4dd1e3a0e10,2026-08-26T07:11:57Z,2026-08-26-2
2026-08-22T11:00,9ccaa8bd100ee5d66990a1ca45f369c1e107fc2774f1130910c77f3ff8d00086,2026-08-26T07:11:57Z,2026-08-26-2
2026-08-22T11:00,9d59f423d4dc4020cee2d34bdf76b30831b443375ca73c5ffab1d7441bbe7714,2026-08-26T07:11:57Z,2026-08-26-2
2026-08-22T11:00,9d7d9e5142dbbeeec92f450e10b7dd74ac674b70fc573988acf9db6250660b24,2026-08-26T07:11:57Z,2026-08-26-2
2026-08-22T11:00,9e899789720a1131a1ec4dfc0c1cf5caf1f5777ceb2bbb346964f3d95f05f424,2026-08-26T07:11:57Z,2026-08-26-2
2026-08-22T11:00,9e8fea538330120a44dad28c0b60076807adb5549616504fdc4ed6a6ab13ab4b,2026-08-26T07:11:57Z,2026-08-26-2
2026-08-22T11:00,9f6d26e465538c4902fed63a49d54a01a0b328d338981807c66d62e029083fc3,2026-08-26T07:11:57Z,2026-08-26-2
2026-08-22T11:00,9f8bf84c2f888b43c4ad8f9737d95882da7f369e7cdff200cf77bc8f3e852784,2026-08-26T07:11:57Z,2026-08-26-2
2026-08-22T11:00,9fbd0680dd4248f99d19350c3400964e7356bf137691520ece06240603cc06a3,2026-08-26T07:11:57Z,2026-08-26-2
2026-08-22T11:00,a0ef067afe8a74385b9e1c766e574bff83008650a815fe2c4cdbc02d5eb8160c,2026-08-26T07:11:57Z,2026-08-26-2
2026-08-22T11:00,a0f2566ea8a2789ac2a41d4c8cc6d2b06610881222cbd060ba482ffe9a013751,2026-08-26T07:11:57Z,2026-08-26-2
2026-08-22T11:00,a1ccc7aa6703a7e2a6855b6bd20a88f848e163315558abaf4cb29a54b56f640f,2026-08-26T07:11:57Z,2026-08-26-2
2026-08-22T11:00,a202b9dec6da78763b1b9ea740cb92f4ab710d234c82e001d1303078c1f613b7,2026-08-26T07:11:57Z,2026-08-26-2
2026-08-22T11:00,a247f1e2cf861badd937538da871b2b3d5e6fce75f3047f8dbdd2a1af02e2902,2026-08-26T07:11:57Z,2026-08-26-2
2026-08-22T11:00,a24eb5417b3d3220e2bfb61628057b9f20613dd24e3bbf3767eb56880257ffce,2026-08-26T07:11:57Z,2026-08-26-2
2026-08-22T11:00,a26f418cff369127b389323a8a139dd1849faa43d6c203a1ec84ef4516aa007a,2026-08-26T07:11:57Z,2026-08-26-2
2026-08-22T11:00,a2b518b15bbbfe34b1888506c0b162c99c31d38ef96f6f4151cf26d501a411c7,2026-08-26T07:11:57Z,2026-08-26-2
2026-08-22T11:00,a30a1f2e7c3c252995ca742216f53a917a7ee8ecf596f501ee3eb1fba1379c48,2026-08-26T07:11:57Z,2026-08-26-2
2026-08-22T11:00,a47d8c16dd4e9bd04afafcb791af0d0310c75f2e0ad0131383bc6625af39283b,2026-08-26T07:11:57Z,2026-08-26-2
2026-08-22T11:00,a5fbb0649f04062d6837dfed20e0b80aabab7a83d7548654f4107114e510647e,2026-08-26T07:11:57Z,2026-08-26-2
2026-08-22T11:00,a66dd60da9c02eb5e9fcc40a9cff21137dc7f14dfdca7b4707d79df94b8bf582,2026-08-26T07:11:57Z,2026-08-26-2
2026-08-22T11:00,a69da8cd1154262e1b9bc58e8d3fd9a161eb8c50ed3a002177e346baeb50a0f5,2026-08-26T07:11:57Z,2026-08-26-2
2026-08-22T11:00,a6f8a9fc4c1b78f5beaa600a6d5d45525d9e0cce5d2d1c5dfc954dec70636395,2026-08-26T07:11:57Z,2026-08-26-2
2026-08-22T11:00,a710cb8c96842e65d09fab43ea5ba994e2fe5428ba967233e158f410691287e5,2026-08-26T07:11:57Z,2026-08-26-2
2026-08-22T11:00,a73c6872751bda632ed4744b030e21664549c1bd109e3f3947420d6a3dcf7ccb,2026-08-26T07:11:57Z,2026-08-26-2
2026-08-22T11:00,a79a8cb9277d24506af2182894a328d9f43155117b48156404c44da0699b2825,2026-08-26T07:11:57Z,2026-08-26-2
2026-08-22T11:00,a87ff4e7fbe6ce2b42ccfd63634ad9117c1457b9391b632622de866a0b55677d,2026-08-26T07:11:57Z,2026-08-26-2
2026-08-22T11:00,a8aa4c5611d4129d354c0783ab4fddbae7b2a6655924265d73c5ee1ef7c5cdcc,2026-08-26T07:11:57Z,2026-08-26-2
2026-08-22T11:00,a8deba67aa877ba0f4a5cf88ebf068afce8df2e8fc6c7ad5f028a9197c5cbf10,2026-08-26T07:11:57Z,2026-08-26-2
2026-08-22T11:00,a9d3ed2707f0544b46ce231dd0a8edeed053fa734b3f472eac5956cf276eef33,2026-08-26T07:11:57Z,2026-08-26-2
2026-08-22T11:00,aa1785f12ccf7277f8bc4f71c6375d4821952117a093f7463cc840c072771e96,2026-08-26T07:11:57Z,2026-08-26-2
2026-08-22T11:00,aa9101d0c930b2366d653cbb621b7174614adeceb9ea0bb4f0563caf0b82ab52,2026-08-26T07:11:57Z,2026-08-26-2
2026-08-22T11:00,aa92bf362d5243738085011c3f9fbcfe699b5aba507925dbc7226cab3b9f5534,2026-08-26T07:11:57Z,2026-08-26-2
2026-08-22T11:00,aaee792f825d2bf09ba4f8d58f196f5d2a6066a05ef2b6659fce5aeebe00971d,2026-08-26T07:11:57Z,2026-08-26-2
2026-08-22T11:00,ab5d108665f5b0d73d2810846d02af466417166ebdb2cc8e15c3018c5b72e6c0,2026-08-26T07:11:57Z,2026-08-26-2
2026-08-22T11:00,abb3ba56fd5e74642851eea8eb2a9d7fbaa21dfe2046fa79cd67feb4e0d7a58a,2026-08-26T07:11:57Z,2026-08-26-2
2026-08-22T11:00,ac19e779a5401f0150939159ca208aa9f5878b5b801f064ed527765af00bf83e,2026-08-26T07:11:57Z,2026-08-26-2
2026-08-22T11:00,ad3a0a8bc8d2dc64fd9959fa675939ebcbebb8c9cde0924b812bb9f75c072c3f,2026-08-26T07:11:57Z,2026-08-26-2
2026-08-22T11:00,ade40ee20c4fd61eb5b4fddecd0a4c3595e00a94597f02a991ac35c1c9080c11,2026-08-26T07:11:57Z,2026-08-26-2
2026-08-22T11:00,ae5c5b1923092f16d6ad509762465fa270963720b074a16c7ffbfc1a46e71672,2026-08-26T07:11:57Z,2026-08-26-2
2026-08-22T11:00,ae8a03513e22643c04f8e553ea77e5b0f6ed87a0708aefe1b183670644e10d55,2026-08-26T07:11:57Z,2026-08-26-2
2026-08-22T11:00,afc921641db62cc5a1a669c1ffba16f20c241bc38fa86265fbf3c104cd4eef32,2026-08-26T07:11:57Z,2026-08-26-2
2026-08-22T11:00,b00c62f72990c7ec8fda7602b84e0b978c9d17b59af565057aa27aca48115019,2026-08-26T07:11:57Z,2026-08-26-2
2026-08-22T11:00,b1be9518d57f53aec41582bd3cf8ed3b86ce2e48e43ce874d8ade4710b402255,2026-08-26T07:11:57Z,2026-08-26-2
2026-08-22T11:00,b1deba4788594bb27c28d51dbfe571f209773698d7914463a7e7603e0a5d62bc,2026-08-26T07:11:57Z,2026-08-26-2
2026-08-22T11:00,b2da9b5d4e351914e1e0da394d4054d9894940a7b568a8ea895d6b351af24c45,2026-08-26T07:11:57Z,2026-08-26-2
2026-08-22T11:00,b30c6e768c6a4eee75f724e1aad4d3c75a8aba5e7c9da159ed88a7c455683dc2,2026-08-26T07:11:57Z,2026-08-26-2
2026-08-22T11:00,b362c78cee31c401c3ff24023eef80d1bde88c68a66a53bb5796e99f293ecc4a,2026-08-26T07:11:57Z,2026-08-26-2
2026-08-22T11:00,b380612e83d5266d562d0e214f424a815e92195c3ada44b58017cbd69a6a7301,2026-08-26T07:11:57Z,2026-08-26-2
2026-08-22T11:00,b3ce0d690993a3d7aec08ecaa8cd557a7c607a95a58a15a0ad9d6af2aad6a65b,2026-08-26T07:11:57Z,2026-08-26-2
2026-08-22T11:00,b3f2a1cb1374828919fd7c70e1fd71d9400a5c226e06887e4a9ea50e96b3d3bb,2026-08-26T07:11:57Z,2026-08-26-2
2026-08-22T11:00,b4871fe8376719a34afd1ab29f98255f98a28dd49daa7c2f9398dc0a3a2a275d,2026-08-26T07:11:57Z,2026-08-26-2
2026-08-22T11:00,b68030e93ac9085d736363b9e1cce5cb6bcd7362103d063ec6205f6f84ff56b0,2026-08-26T07:11:57Z,2026-08-26-2
2026-08-22T11:00,b6fde18f1798cbc2e94fe708d7ec9c1904b42241ba5ee21f189d9a94448fae72,2026-08-26T07:11:57Z,2026-08-26-2
2026-08-22T11:00,b70fd36cf8313607988486d66f6b772c159d2040c708873437f8c0f5ad7209ba,2026-08-26T07:11:57Z,2026-08-26-2
2026-08-22T11:00,b73172b803c4da293038443104ca3065604ada2fb4d40dde608cd4ed41171c9c,2026-08-26T07:11:57Z,2026-08-26-2
2026-08-22T11:00,b77e5a28f86af6c5af4dd96f1bd3a5fa91b692f8d2f58c0de8e890670647b8b6,2026-08-26T07:11:57Z,2026-08-26-2
2026-08-22T11:00,b7bec3838a3b488a11855d4c7dbf1326f0b0d18210e47775cc692ba105ffdf29,2026-08-26T07:11:57Z,2026-08-26-2
2026-08-22T11:00,b81dc8f53e274ca2c390ba450ae9cfe2465c44f24b31459dcc7963798be60e6e,2026-08-26T07:11:57Z,2026-08-26-2
2026-08-22T11:00,b8637a6a917f8cc7ca3b95018971ea1a6bb06885287b4894ec1b1a4f2dfdad0a,2026-08-26T07:11:57Z,2026-08-26-2
2026-08-22T11:00,b87ed485b9cfef828bed3e6036cf0771ea7ed73b8a58d9c8a61b7da36dfceed1,2026-08-26T07:11:57Z,2026-08-26-2
2026-08-22T11:00,ba20bbc80c7cc1852c72c6d13d2fb25824cd9fb978e1ac1072eec1545916c0e6,2026-08-26T07:11:57Z,2026-08-26-2
2026-08-22T11:00,bbc697285f908e090243b519e984bdd9fd8fe6f1698672ef2cfbef24435ab29d,2026-08-26T07:11:57Z,2026-08-26-2
2026-08-22T11:00,bc2d740b27245c0b2b5e11d319e416ab925197b88063ebfd1285afe73bfbf15b,2026-08-26T07:11:57Z,2026-08-26-2
2026-08-22T11:00,bcc76e30e9623d9d60cf379fdedc856fb5e841b8b4f7e53fed0b1378eab4e29e,2026-08-26T07:11:57Z,2026-08-26-2
2026-08-22T11:00,bcfa79705bf249b9da1bd25d3f89797246bd87f960c109cdcac1ada1c16b30f6,2026-08-26T07:11:57Z,2026-08-26-2
2026-08-22T11:00,bd0ceb3c1e7d27113849811f8dffd7a4b7d5442d596f907adbc47c980033ab92,2026-08-26T07:11:57Z,2026-08-26-2
2026-08-22T11:00,bd2cc5735301d5dcd93349a68ada89ae0cf0803de395288b7ba29b7c6cb2ae99,2026-08-26T07:11:57Z,2026-08-26-2
2026-08-22T11:00,be5dec3d113fcca02fa1240d2c24f84e61eef52bbe9ab5dd5b10e8a5ab00e9fb,2026-08-26T07:11:57Z,2026-08-26-2
2026-08-22T11:00,be95dbc93f2d40757d3e17f10bed7c5d65679d596361e2f6877aa13b23bd3288,2026-08-26T07:11:57Z,2026-08-26-2
2026-08-22T11:00,bf505db7178b11571f08911541301efed07e6c3d76db72728b029667a33b2c67,2026-08-26T07:11:57Z,2026-08-26-2
2026-08-22T11:00,bfe66ce78caa31dbc653ec73f00454ea1301aca2ae6f06f0e4b0708f041b376f,2026-08-26T07:11:57Z,2026-08-26-2
2026-08-22T11:00,bff876775c6975a2b9c71052de5dfcefe8cbfec7adb1ed8fb4d7f90ebfcfecfb,2026-08-26T07:11:57Z,2026-08-26-2
2026-08-22T11:00,c07a18fab880804bb0faf36d9c192fb7ec0c3e2e5d0acab5b5d5fe8453e59dd4,2026-08-26T07:11:57Z,2026-08-26-2
2026-08-22T11:00,c1b5b82f3638474026a091511248478641b6f0510d2734a2ca374c26653921e1,2026-08-26T07:11:57Z,2026-08-26-2
2026-08-22T11:00,c20dc0d6ab02171f86b93dd6f5634e94250eabd0365ba473ef02c9831068537c,2026-08-26T07:11:57Z,2026-08-26-2
2026-08-22T11:00,c242232d9fadca5c47261e896f7998f88fd0295a103f2419534f69ab3c4ed6aa,2026-08-26T07:11:57Z,2026-08-26-2
2026-08-22T11:00,c297b981709b1d2d7b8614dd756fd5f2c117f4827663560c1563c228e08b3430,2026-08-26T07:11:57Z,2026-08-26-2
2026-08-22T11:00,c3de0015b875aff0e3fe8e2f8d90f53b5d61ba5e555f49ee99cbb27f3750aca6,2026-08-26T07:11:57Z,2026-08-26-2
2026-08-22T11:00,c4d1f035d213bed87dab2051254f9981f4489eb691ddea2c1177b59b6acbf415,2026-08-26T07:11:57Z,2026-08-26-2
2026-08-22T11:00,c4f9351bdc5967b767f74c6e2d4d6d116304f0893ccfc19a35b7536cfca52055,2026-08-26T07:11:57Z,2026-08-26-2
2026-08-22T11:00,c5620a4b3e206fece1354d8b9fd6ded57475288952ebb730add58b5a7d8d13ef,2026-08-26T07:11:57Z,2026-08-26-2
2026-08-22T11:00,c5dd929a29092822608acce500c79cf9ecf9e79535b0ceaff255021611571d9c,2026-08-26T07:11:57Z,2026-08-26-2
2026-08-22T11:00,c64163aa4ebfdd562ba91e17e664cc14f5be3587707915b5e3a482f145f3f881,2026-08-26T07:11:57Z,2026-08-26-2
2026-08-22T11:00,c7f1d28df2e1a80a005cc8103a1c2b3daadd837a82401c712ac1e17aa2a9f714,2026-08-26T07:11:57Z,2026-08-26-2
2026-08-22T11:00,c8029e1f0528d6eeb17545de7fa96197e137231f8e3a126ff0a11157a8775e11,2026-08-26T07:11:57Z,2026-08-26-2
2026-08-22T11:00,c845e4e8d3e05f568521eb4950df067c2f355e5d115ae67bf7373022b702f291,2026-08-26T07:11:57Z,2026-08-26-2
2026-08-22T11:00,c8eeabbe36b53e1832e28245470c0b72c4c99855a210328bada920eff43e8f9d,2026-08-26T07:11:57Z,2026-08-26-2
2026-08-22T11:00,c922737384eec4dc67450a1ac3e439db604ee41483f629fbb75be780ed8ff92c,2026-08-26T07:11:57Z,2026-08-26-2
2026-08-22T11:00,c9e31433a5015272a48f9e489574b0440dbace6dc28af8208a4c2aede3a3c488,2026-08-26T07:11:57Z,2026-08-26-2
2026-08-22T11:00,c9ffb315aa77d45263a8b471237be34a0ccf0a5219dc017a5c604e8f13d3110f,2026-08-26T07:11:57Z,2026-08-26-2
2026-08-22T11:00,cc7126626eb6c5de49326a58c2be2d12257e78b2c6020f291180a80db5a98b9b,2026-08-26T07:11:57Z,2026-08-26-2
2026-08-22T11:00,ccfe997e719811640c5c7dc98f05cc63dd914f8b3d621f669bf6efd954157e38,2026-08-26T07:11:57Z,2026-08-26-2
2026-08-22T11:00,cd45ae9edd6914b57d0cfcf98db6438cbb2dbb8a22910829481554b00e960ef3,2026-08-26T07:11:57Z,2026-08-26-2
2026-08-22T11:00,cd5b40d9386fabf008b5b54a28672c3d3174ad65db1dbebfa7bbcccecd804d50,2026-08-26T07:11:57Z,2026-08-26-2
2026-08-22T11:00,cda1516c630ca61a302dff1111edbfbe60ebb8d9edb6851ccfdf11ec378a6a13,2026-08-26T07:11:57Z,2026-08-26-2
2026-08-22T11:00,cf9d121bd962dbd9a9c108d7ccaeef263161f39433fa294a310d1decb14ae3bd,2026-08-26T07:11:57Z,2026-08-26-2
2026-08-22T11:00,d083c9e096c2b7b56aa7d2d32f914c5fc2acb7344ab823f57436ebb9ed970207,2026-08-26T07:11:57Z,2026-08-26-2
2026-08-22T11:00,d17ed32056bc081e0bd634bf1e72df01435e57aa820834ffdd58d9c9087cf3dd,2026-08-26T07:11:57Z,2026-08-26-2
2026-08-22T11:00,d190ffdf5d875481f182bd06c3e2c7a840c9a91a9f9b2eea2e030e740d1002b2,2026-08-26T07:11:57Z,2026-08-26-2
2026-08-22T11:00,d1f363a0e7352ca82c71947699ba11d5ff3963eaa981c18b6495c6026304782d,2026-08-26T07:11:57Z,2026-08-26-2
2026-08-22T11:00,d366a9ca8285d7f785ad3abbbf60dbc209fd3c876025c4f0aa026d6a10104e1c,2026-08-26T07:11:57Z,2026-08-26-2
2026-08-22T11:00,d384bc4b2d80e619d916d3723b2c822946e7b8de0f47e675226549791c1da55b,2026-08-26T07:11:57Z,2026-08-26-2
2026-08-22T11:00,d3b3b71085000fb89b9b3bf7dc36d1eda2dc8966a13af52e6b1141618e96814e,2026-08-26T07:11:57Z,2026-08-26-2
2026-08-22T11:00,d3c33c51b9209dd8a3285d6de7d8b32b29d5dc335ef9bc6a297c7a13193ecf2f,2026-08-26T07:11:57Z,2026-08-26-2
2026-08-22T11:00,d3c4402c83f6287aa0c603d1f9dadfeea1c54fbcd63150e951f76f53b2bf1722,2026-08-26T07:11:57Z,2026-08-26-2
2026-08-22T11:00,d447a31ad8ddf5805ecc08df8b80ff72a30e0e25182dde8f535f8f69da5eccf8,2026-08-26T07:11:57Z,2026-08-26-2
2026-08-22T11:00,d467b68c94c6712dfd57da7a0f6b0ce67d6a2c2717c826ace0dd9116c2e978a2,2026-08-26T07:11:57Z,2026-08-26-2
2026-08-22T11:00,d46fa51de966a91f293c70657e745984071a1f850783ec9f8f629164f7c05c49,2026-08-26T07:11:57Z,2026-08-26-2
2026-08-22T11:00,d49280ffd6e7ad707eac40ac828ad1a3cbc63820e62d6317946f25fc5a85e944,2026-08-26T07:11:57Z,2026-08-26-2
2026-08-22T11:00,d589d07988e4defda3880aca0b84f18c6ff28e04a1fe06c3029f9d2c9fde5ff6,2026-08-26T07:11:57Z,2026-08-26-2
2026-08-22T11:00,d62039ab5b6a92bf0871ccc5be2b734074ded28c22fdcc2d992fe21e44caeb3d,2026-08-26T07:11:57Z,2026-08-26-2
2026-08-22T11:00,d6cb13dea98dd8835c991981a1edb089f254478c68ffc420d7a54504282d31c0,2026-08-26T07:11:57Z,2026-08-26-2
2026-08-22T11:00,d71835932ad6618445c90ccc040424d4e926b08e2f401960e399d0c19f86d5b7,2026-08-26T07:11:57Z,2026-08-26-2
2026-08-22T11:00,d7f0b9c73e671e635892226a4912547c6ce5b1d020d22712820462afcf9db713,2026-08-26T07:11:57Z,2026-08-26-2
2026-08-22T11:00,d98d94516751ea4717b878abe5827420c6aa643e7522ed96877cbe71b3b57caa,2026-08-26T07:11:57Z,2026-08-26-2
2026-08-22T11:00,d9cfd2e73ad7faec3c2a990e079231cd55f251202df9a799dbf252a5e7e85790,2026-08-26T07:11:57Z,2026-08-26-2
2026-08-22T11:00,d9e429c6b677be6a094f812d1f0bcd4d568b2f3971d2b2948c4f58e8957e4b33,2026-08-26T07:11:57Z,2026-08-26-2
2026-08-22T11:00,d9ea8fd5c5d2f3c9ed6334f77c074fadf0d96c35023a276a7bf28f2714210e5c,2026-08-26T07:11:57Z,2026-08-26-2
2026-08-22T11:00,dbad374f941a66dc79077b634b57da036c18326a0f6f6d0c1102d3fc3f450796,2026-08-26T07:11:57Z,2026-08-26-2
2026-08-22T11:00,de65c1a53406314ea4e46c05c27e58b54aa4d800e4ba48b5e129ad45393c42a6,2026-08-26T07:11:57Z,2026-08-26-2
2026-08-22T11:00,df03d52df451e776d361a9dc78251d3a0e78e67fda5db4ec8ec37ade688f9909,2026-08-26T07:11:57Z,2026-08-26-2
2026-08-22T11:00,df144682653fc814a27e846e8243a827ad3d7496bbeb7540f4c8c13a019a3529,2026-08-26T07:11:57Z,2026-08-26-2
2026-08-22T11:00,dfea06de157099a02fe1d1edb4cc1fa27f9deaeea8f943a5230796197a799e91,2026-08-26T07:11:57Z,2026-08-26-2
2026-08-22T11:00,e045a7d4e566aa64f4d71a4cbde823d3a6e531eb2ee52738585337547dea4c6e,2026-08-26T07:11:57Z,2026-08-26-2
2026-08-22T11:00,e0c3127b022ed6fbddbedc8237fcedfa002b4402cc3d1e17da7de9121ca0bd72,2026-08-26T07:11:57Z,2026-08-26-2
2026-08-22T11:00,e1e1aa36cb5f408997aa674fa080a1751e09cc5525ecea1d880b4e8f5f887791,2026-08-26T07:11:57Z,2026-08-26-2
2026-08-22T11:00,e3e84448b9bc8d04989799bf316a499531456e05b936184ebcf5da3d64edccd1,2026-08-26T07:11:57Z,2026-08-26-2
2026-08-22T11:00,e4049f98a758ef8728a4ab8a0c349ff3ae0318f4d8db73de870b5906a8c964e5,2026-08-26T07:11:57Z,2026-08-26-2
2026-08-22T11:00,e44127a698d72598dee5df0d6c24eb16fc4be9b70ef32509364d7d3a0af9e5d9,2026-08-26T07:11:57Z,2026-08-26-2
2026-08-22T11:00,e45b70d217e0edb3b85b57cb7d6645c289c62905e41fd16baf2ffad2b2824311,2026-08-26T07:11:57Z,2026-08-26-2
2026-08-22T11:00,e4db2ce6daf4bb05bcc857f791ceb09661ed4a7dc19b700773ec94313c60a6fe,2026-08-26T07:11:57Z,2026-08-26-2
2026-08-22T11:00,e526ddb3393ef9c05e7d3a43c97dc30ece051eaa3ae0b9c43da07bf749f00733,2026-08-26T07:11:57Z,2026-08-26-2
2026-08-22T11:00,e67cd6e6072aad60c8859163ae45c7d8f6f30be7b7d4b997b950c11be847518f,2026-08-26T07:11:57Z,2026-08-26-2
2026-08-22T11:00,e686b27b6140ad5a4da199582aae2c2e8dc8fcba34e53552b7e8e9f5c68d14bb,2026-08-26T07:11:57Z,2026-08-26-2
2026-08-22T11:00,e6d4bc880eb98800eabb01f1869dc81787b99bf4405f56ecd05955b14af75b8b,2026-08-26T07:11:57Z,2026-08-26-2
2026-08-22T11:00,e730580ca1cef1f80d843341ab31c654745d8889d3e34b077c32eea1d3385bf2,2026-08-26T07:11:57Z,2026-08-26-2
2026-08-22T11:00,e86e1dd47d0d3449418b98b23e8f076a16ebee473f6369b252182cba5a914e35,2026-08-26T07:11:57Z,2026-08-26-2
2026-08-22T11:00,e89171d135ba89c68fa946e0f316ed99004186d31e1071f2083c42fa427a781e,2026-08-26T07:11:57Z,2026-08-26-2
2026-08-22T11:00,e89eda7ae33fd0f6f372084f0a5b527e30550e8b78d908315270da091edf55a8,2026-08-26T07:11:57Z,2026-08-26-2
2026-08-22T11:00,e89f00f12ffafd3f399c6684ab4491ef22ef24765eee63f89e1d72126b3b4c88,2026-08-26T07:11:57Z,2026-08-26-2
2026-08-22T11:00,e90978359c0ce3eb63fd4af63e29f49f265f5dc04be49478dda9905c17279809,2026-08-26T07:11:57Z,2026-08-26-2
2026-08-22T11:00,e90c38d02e3dcd507b87575203463ee4e3f02e23ad570ca45c3db0000be18118,2026-08-26T07:11:57Z,2026-08-26-2
2026-08-22T11:00,ea0540eb9e9a260da9a00dc5dedace05d718127e974ba7e81fed69febbbcede6,2026-08-26T07:11:57Z,2026-08-26-2
2026-08-22T11:00,eb63554e0182ab0929e2ca5365abfa1740959a7dc93410e0b1a2e1c4fbd7d589,2026-08-26T07:11:57Z,2026-08-26-2
2026-08-22T11:00,eb63f944f2c0b0bb903a7991d6022a064bbf1633e5ef191c44c7c151e9aa36e5,2026-08-26T07:11:57Z,2026-08-26-2
2026-08-22T11:00,ebabf69864e5f627c84055c6f5526c88546f7d87e9b1674dfc6d8d6d338ba72d,2026-08-26T07:11:57Z,2026-08-26-2
2026-08-22T11:00,ec15315864af8b412c29a22ef3cf5623c6640ba2e6e0d0b51f0c901d6eedcdc0,2026-08-26T07:11:57Z,2026-08-26-2
2026-08-22T11:00,ec5ef5762f3ce98d1d46a3d2c8793e3b636454d51141d44423c4178a37079950,2026-08-26T07:11:57Z,2026-08-26-2
2026-08-22T11:00,ecde528b4997fb4aafe2d26c43a7670ff9ce45ab394c776a6539ada435184c70,2026-08-26T07:11:57Z,2026-08-26-2
2026-08-22T11:00,ed08649aad0d25111836557e26561a6c71e9674156956259020471b58e60015d,2026-08-26T07:11:57Z,2026-08-26-2
2026-08-22T11:00,ed3004f316960c92bf39f805c16576d642e5a41ef542497864cd81532cc8ef76,2026-08-26T07:11:57Z,2026-08-26-2
2026-08-22T11:00,ed5768805df85afe418478e965e63b6b0830ad77a0d8da63888a045a3be94dac,2026-08-26T07:11:57Z,2026-08-26-2
2026-08-22T11:00,ed9ef917832dc8765f5ece085d70aff2f1d9d6d49f07430201241e1c9c5bdb65,2026-08-26T07:11:57Z,2026-08-26-2
2026-08-22T11:00,ee5243807e5593006f916ecedaba51ca5c33536cb49ff3481207eb1c18fc22c6,2026-08-26T07:11:57Z,2026-08-26-2
2026-08-22T11:00,ee76989633f76fb021d63025a12cd2147b1a6ee2f950b9c677fa5f00cc5436b5,2026-08-26T07:11:57Z,2026-08-26-2
2026-08-22T11:00,ee8e3d6979e6145b79528bf4b1178682cc127bb3e19e64548ca815e76a8e6233,2026-08-26T07:11:57Z,2026-08-26-2
2026-08-22T11:00,eeb326203c680751106b8cd768cc96440175c8b91b6c420955d232ed24e0e7ea,2026-08-26T07:11:57Z,2026-08-26-2
2026-08-22T11:00,eedd84dff0967a02bc9e8adf4e87802e3b3174e7b67f4f3783157b2e5ca1e838,2026-08-26T07:11:57Z,2026-08-26-2
2026-08-22T11:00,ef653560a08afd007dc1586664dcfb091e58797d2ed924cf4375962cb5ad8448,2026-08-26T07:11:57Z,2026-08-26-2
2026-08-22T11:00,ef74c1a5caa11c7ecca62e51fefe8cb351c9dd26f8cfab778020c034457703f2,2026-08-26T07:11:57Z,2026-08-26-2
2026-08-22T11:00,efc18ae595f32bdc6215b467d6d41e548eeb94cfc33bd082322fd68a82f7b248,2026-08-26T07:11:57Z,2026-08-26-2
2026-08-22T11:00,f011e3f4050646f2d66755bdc639dea4cf9ed23ca8761ba17dfa688cbc08cb72,2026-08-26T07:11:57Z,2026-08-26-2
2026-08-22T11:00,f05179017fbc86b75db543b6ee92467422669d71dae2102f1f9a950f0105a3a9,2026-08-26T07:11:57Z,2026-08-26-2
2026-08-22T11:00,f07900ba850f129ca5af054a28ee16bd022922ef9c75fd4ecb2a266c6ff4e39a,2026-08-26T07:11:57Z,2026-08-26-2
2026-08-22T11:00,f16a399874878b6565a314682c5785e652be93da11db97ea834a645e35486598,2026-08-26T07:11:57Z,2026-08-26-2
2026-08-22T11:00,f23345e97fc5a57bed91bc6e42b13161ba4b56b5a2f681be000e9c1007df4aa3,2026-08-26T07:11:57Z,2026-08-26-2
2026-08-22T11:00,f294cbeb477fcba1d9d09ca0e90d11645cbe3fc42b1dcc2ec30bda62a02c9858,2026-08-26T07:11:57Z,2026-08-26-2
2026-08-22T11:00,f2c3220fda96750d3317bff34721d27c14f3c4c872182a087af48443b2860dae,2026-08-26T07:11:57Z,2026-08-26-2
2026-08-22T11:00,f40486fe85ada08b60dd9d44d704b88f5253505fd88d70ce83dd332ad6427adc,2026-08-26T07:11:57Z,2026-08-26-2
2026-08-22T11:00,f426616f830ad79744dd70ef6926419bd4eff61911c81a6704aa07b89791d293,2026-08-26T07:11:57Z,2026-08-26-2
2026-08-22T11:00,f434b57cceaa3b1e1de641ad531ebc53a2c9028ee1dfdacdbf3ff327171347a1,2026-08-26T07:11:57Z,2026-08-26-2
2026-08-22T11:00,f43c8ddf7bb73a03c628d07cdc9b5fb70614c6a1a80203eb4998400c496eab63,2026-08-26T07:11:57Z,2026-08-26-2
2026-08-22T11:00,f543a92fbb5e3f47931883aa7a40ba5cc2aa930b08f8ee2eae7c1b5d5dd3c665,2026-08-26T07:11:57Z,2026-08-26-2
2026-08-22T11:00,f6b1d45f7c51bbc96a9914fa230b08eeb3710789c5f2c519e1656deec54ef9ce,2026-08-26T07:11:57Z,2026-08-26-2
2026-08-22T11:00,f790244741adf6e7887862b316ddf6d670f90b287bb461c9ee195dea1032036c,2026-08-26T07:11:57Z,2026-08-26-2
2026-08-22T11:00,f9489fd1a0f817a86719c68d59ed35bf82136dc4b936139d21306458d1171fea,2026-08-26T07:11:57Z,2026-08-26-2
2026-08-22T11:00,fa18433b599fbc172f98a1ec435bbb02b437dda1cc814347890a0ed6313f4a6f,2026-08-26T07:11:57Z,2026-08-26-2
2026-08-22T11:00,fad91721fdc05f5cb3640fd4c317729c29807d6b066d3ce70d23cbab1e89cdb3,2026-08-26T07:11:57Z,2026-08-26-2
2026-08-22T11:00,fade4fd30e586aca293760f86bbcee403abde3c7fb55be6ddff94391c967de71,2026-08-26T07:11:57Z,2026-08-26-2
2026-08-22T11:00,fbd2332b99437d9ed621285106a68195797d4da7b232fbb48e7f06600b2bd3c9,2026-08-26T07:11:57Z,2026-08-26-2
2026-08-22T11:00,fce3d306946883839d3890befd66983e501b9926b9e77d3b8277f2631dc530d0,2026-08-26T07:11:57Z,2026-08-26-2
2026-08-22T11:00,fd960e99b95ecd5924972c75c343948ca53826cf3dcdb1d9a953bd7fa73eaf58,2026-08-26T07:11:57Z,2026-08-26-2
2026-08-22T11:00,fe1af4d2e7a05a28bfe6e6ec24ae7f83977477c3064a0d3b2cb1db3c91fde735,2026-08-26T07:11:57Z,2026-08-26-2
2026-08-22T11:00,fe3ebf5d2bf82ac0ccee9fcfbe6b83d787120decab5ead6c58f241db6868c5e3,2026-08-26T07:11:57Z,2026-08-26-2
2026-08-22T11:00,ff17afc2b019fe015e5d6a667b262d443f86829bca2a4edcf1fea539c0ebcd31,2026-08-26T07:11:57Z,2026-08-26-2
2026-08-22T11:00,ff730d8a754b6b4c904a63fa41a68162ea36cc8e65d54b91423c51627f4b4d80,2026-08-26T07:11:57Z,2026-08-26-2
2026-08-22T11:00,0058089b3fa9ab90da4b54bb8510501d4ad8eb7d8fd6a96671236724ae893bfc,2026-08-26T10:53:38Z,2026-08-26-3
2026-08-22T11:00,007e639c355ce91ba0034bffc4e04b5e67a9e6062ccdf97b49bcb3c4fede8e11,2026-08-26T10:53:38Z,2026-08-26-3
2026-08-22T11:00,00cc073151771422bcee8ed09401e98df773224b677d34a4f12b437be9705d7a,2026-08-26T10:53:38Z,2026-08-26-3
2026-08-22T11:00,01634da400926823e2c0342c6f6a8ad58ee8ed4c7c0af538df0ae8ea87e4cc4f,2026-08-26T10:53:38Z,2026-08-26-3
2026-08-22T11:00,0171e61df73bd7ce12f9431b28492451d504d19ff570f70ae1bbd6ae21537d4f,2026-08-26T10:53:38Z,2026-08-26-3
2026-08-22T11:00,0179da4c517ed222d3f027949a180ca24b0c7e55975484d6cc1933e33e19f21d,2026-08-26T10:53:38Z,2026-08-26-3
2026-08-22T11:00,018d4b20333c36a16d08554fd588fe79c853b4bc6996db00b7d71437fd041293,2026-08-26T10:53:38Z,2026-08-26-3
2026-08-22T11:00,01c4499c24846852f295821f558f8b3f26e6fc0763f695169c2bd68d2d6f9152,2026-08-26T10:53:38Z,2026-08-26-3
2026-08-22T11:00,0238e2ad1ac14bd4bebd1eca5cb78623f8357ab31021d6b304666b628165ebcf,2026-08-26T10:53:38Z,2026-08-26-3
2026-08-22T11:00,02d102d6b6b2c23118cbca5da32cc7c47637389c3e8710fc6bb26a453c72cadd,2026-08-26T10:53:38Z,2026-08-26-3
2026-08-22T11:00,02d76f0cc71e705a5222c69433f642fd2c73672148e0927b49d5ba24f5905e13,2026-08-26T10:53:38Z,2026-08-26-3
2026-08-22T11:00,031cc00556d801ccbe141d7c045001420c007a690cbecd513e89cb66cd7f21b1,2026-08-26T10:53:38Z,2026-08-26-3
2026-08-22T11:00,037b815ae6fc2006595bde670d1f75fb844ceb182b0ae1570e3684f04595e6dd,2026-08-26T10:53:38Z,2026-08-26-3
2026-08-22T11:00,040da91546cc9ddf79ee99b8fe73e2f6a890bb2a465d50251bd891d76ec38d18,2026-08-26T10:53:38Z,2026-08-26-3
2026-08-22T11:00,0417aad250e1877281b8dad77610e29323cb8257ae82f304cbcb9a014d8d36fd,2026-08-26T10:53:38Z,2026-08-26-3
2026-08-22T11:00,0496fcda632897c4511868183a9e7d53c96b8c7de875aad7d7c9563eece93444,2026-08-26T10:53:38Z,2026-08-26-3
2026-08-22T11:00,05534caf2d674c160d69ca62b8c7def16e33f5905479ef50f92896aeaab52525,2026-08-26T10:53:38Z,2026-08-26-3
2026-08-22T11:00,05eeab1549454878b497a0e45fe4d956469c4db9b2c621ef4d3472fae2eb2515,2026-08-26T10:53:38Z,2026-08-26-3
2026-08-22T11:00,06373e9ebdf0d42abc682e5ccb0277837f71a91cf55ed834e8ba01a4b36890e7,2026-08-26T10:53:38Z,2026-08-26-3
2026-08-22T11:00,0709b255373d342946ce17a5734362629cc1532f39b140dcf22bce360a3b4691,2026-08-26T10:53:38Z,2026-08-26-3
2026-08-22T11:00,0748942659ca63f015435825c79100864d6298e3d170c8f227d9d5b4cb95a967,2026-08-26T10:53:38Z,2026-08-26-3
2026-08-22T11:00,07da2e81cc79ac08f2f6438cc1df6f2c6af2325f48f4ffc441c9b28fb99eec8f,2026-08-26T10:53:38Z,2026-08-26-3
2026-08-22T11:00,0876bf4734ff358827de7683a584ef114bce63490eaef03672aeaca7f8128c90,2026-08-26T10:53:38Z,2026-08-26-3
2026-08-22T11:00,09621c709ac19aa5a5cdf350786c1891b21cdb69d6ff706a6648fdc82af6bd07,2026-08-26T10:53:38Z,2026-08-26-3
2026-08-22T11:00,0987b5736eb62d21e0fd8bb327ac72471dd9f56685416c1f81c028de1b1835c2,2026-08-26T10:53:38Z,2026-08-26-3
2026-08-22T11:00,09b0ee6d24d79de75d9688db379d28658311b3b074b80be20d3fc794867799a5,2026-08-26T10:53:38Z,2026-08-26-3
2026-08-22T11:00,0a48cabada3aa37567eda11c0fe5b8586dcd9711fe30f914a42d721b2a8c385d,2026-08-26T10:53:38Z,2026-08-26-3
2026-08-22T11:00,0c531281464056bf99592677e580df7c1f50f42f0c3327852e76e609dc726518,2026-08-26T10:53:38Z,2026-08-26-3
2026-08-22T11:00,0cd2e75c99a512a5fab0d79e9ffcec3fbe969ac348074a310e19c2d0152d0719,2026-08-26T10:53:38Z,2026-08-26-3
2026-08-22T11:00,0d0be0c8a9308410a9393730c37cf6ed81c327f7ee00ce8104674a5774a68051,2026-08-26T10:53:38Z,2026-08-26-3
2026-08-22T11:00,0d31821192c42c9ce9a7946ef55bee2a76ca84a48709f0abb77de249a90cb467,2026-08-26T10:53:38Z,2026-08-26-3
2026-08-22T11:00,0d57bdcdf1e599df85a215662ddc9197fb622e73c1755035c6bfbd675481e1ff,2026-08-26T10:53:38Z,2026-08-26-3
2026-08-22T11:00,0e965eab3f9041afe7eb809fcf5d29915a0febe684bc7ca86bfedac69bc7e6d0,2026-08-26T10:53:38Z,2026-08-26-3
2026-08-22T11:00,0f162fe632e4cf143ca8726eb21c1fc564c1cf7186552145b5e2e3307ff05c1e,2026-08-26T10:53:38Z,2026-08-26-3
2026-08-22T11:00,0fb16db3be9986bc7b69f41a5d427250b1342c0beca5c05983675652f19ed733,2026-08-26T10:53:38Z,2026-08-26-3
2026-08-22T11:00,10260cbfa179b24894db5f17c569430efba8495f09bac973f724a113336010a0,2026-08-26T10:53:38Z,2026-08-26-3
2026-08-22T11:00,107c3560b24fc50501060fbd4611ee875b851f1dfe24faae58139b0174f220d7,2026-08-26T10:53:38Z,2026-08-26-3
2026-08-22T11:00,10933349b55ac8f4020bc143f7e2106747cdecf977a9764da9ab92ffb593184e,2026-08-26T10:53:38Z,2026-08-26-3
2026-08-22T11:00,10ec3eebd630697092c596dd585fb50a4c8b22a1ad2d8c5c06f83b676ca1343d,2026-08-26T10:53:38Z,2026-08-26-3
2026-08-22T11:00,113c15d12369d6487a0e64254462056cf9837e854f887813d2c2b85942efbc98,2026-08-26T10:53:38Z,2026-08-26-3
2026-08-22T11:00,118d3b28c9512bb74dc05f9e5483afe2516bf7edd46fceecf82206999b41abd0,2026-08-26T10:53:38Z,2026-08-26-3
2026-08-22T11:00,11903cbf372bacb0503dbd1f1ff4a6e6babec03916799c3334e84d158092a66e,2026-08-26T10:53:38Z,2026-08-26-3
2026-08-22T11:00,11928f70a79de1c2bd8261c473a7fe95b5ced5f7e57b4b3d66db9ce32d0d86b4,2026-08-26T10:53:38Z,2026-08-26-3
2026-08-22T11:00,12f86bdd9c26c52f6b0037db00d7a144c141c48e45efa8516b29ef971f0b9453,2026-08-26T10:53:38Z,2026-08-26-3
2026-08-22T11:00,1388d9e21051592e18c754a5047fa76e1dbe61297666ee18636e28abc7e0768f,2026-08-26T10:53:38Z,2026-08-26-3
2026-08-22T11:00,13e3f465a7e66504d6724b219bd6ae2d310fdb4034d1b1b682b3f399e68d8f61,2026-08-26T10:53:38Z,2026-08-26-3
2026-08-22T11:00,13ef187166bdc3b9ae709cf374a8f2a18e47cf0410d902b046ec2130b93b8020,2026-08-26T10:53:38Z,2026-08-26-3
2026-08-22T11:00,13ef394fd30f3c48b12a6bada349b7f727da5dce1c8385a79456dca2dac2162e,2026-08-26T10:53:38Z,2026-08-26-3
2026-08-22T11:00,146a8fea68e3af589fe90748aaa9b22643864aa46f8ed2fcb80e83c5d8a0f7c2,2026-08-26T10:53:38Z,2026-08-26-3
2026-08-22T11:00,1492d743141abab2f003e997e843f383232b5011689c6a7eaa9267cfc922bb1a,2026-08-26T10:53:38Z,2026-08-26-3
2026-08-22T11:00,150714e952aae44ae2bb801e48a25ee40d9e0b4c418afd63a06b4664da62ae02,2026-08-26T10:53:38Z,2026-08-26-3
2026-08-22T11:00,15d25cff82c6770dcafbc3baa4551d7854b5c836a7ad299cf0d65d1aae7a0599,2026-08-26T10:53:38Z,2026-08-26-3
2026-08-22T11:00,15fbc2b0c02f99cd1eb54ea8287b7cdf686c3682297ddc4443c235ab2e82f683,2026-08-26T10:53:38Z,2026-08-26-3
2026-08-22T11:00,16a806525c6ff11a9e833b7390698ba05ad70662f76f11e5ccbd9a28b4506d59,2026-08-26T10:53:38Z,2026-08-26-3
2026-08-22T11:00,172b4bbf07098c565d96310dd04846dd747725ba0522e2eab00164c28bfcd1d1,2026-08-26T10:53:38Z,2026-08-26-3
2026-08-22T11:00,1750964fc9206284d58772598ca495e4a9a111e43f0819bdc8c2eddc231f0a91,2026-08-26T10:53:38Z,2026-08-26-3
2026-08-22T11:00,186e85d53d096539ed984b481ea02b167042970257b2d6fcdaf8bfed532f5dc1,2026-08-26T10:53:38Z,2026-08-26-3
2026-08-22T11:00,1876b5220feadbe5b28ffb3d8e01990df9ccef964f52f72ad5afb4d04c8991ab,2026-08-26T10:53:38Z,2026-08-26-3
2026-08-22T11:00,18dc80569e8340efef0ec27a0e47f16137ed7b27e3a71a955d48a8377740125f,2026-08-26T10:53:38Z,2026-08-26-3
2026-08-22T11:00,18f814461b7e5de2ebb22efdcb9780d74ea8c2b10adf2d4eb18b0cde429090ea,2026-08-26T10:53:38Z,2026-08-26-3
2026-08-22T11:00,1903fb76846c17a5183ef40472ec9864241fe7efba66c86b32036b928062e558,2026-08-26T10:53:38Z,2026-08-26-3
2026-08-22T11:00,197b2c293d74258c807120c6984752864f43a35236ba6fb7ce58fa13880187f2,2026-08-26T10:53:38Z,2026-08-26-3
2026-08-22T11:00,1990329e64b490d2e9d3a12f70e55bfb3216489d5c373238b2fb2f0ce5f450e1,2026-08-26T10:53:38Z,2026-08-26-3
2026-08-22T11:00,1a8a95d2032e495498aa618e34b2415489b03b8fefc773e1746cc9cf0ecdd601,2026-08-26T10:53:38Z,2026-08-26-3
2026-08-22T11:00,1a90580bf754fffcef43b88cbbcef1e0de30e2eb5e12c85c2e3c8c5ac818a3fa,2026-08-26T10:53:38Z,2026-08-26-3
2026-08-22T11:00,1ad09fbc19fee539de3c3b2ce64043961c3ce6056d6dfad8bf39c8ec226d2f86,2026-08-26T10:53:38Z,2026-08-26-3
2026-08-22T11:00,1bbdf5119c67fb05355c5fd705b2ae9775c771f8f599a803f499cf093a43f7c1,2026-08-26T10:53:38Z,2026-08-26-3
2026-08-22T11:00,1c59500dd0c88789eb8a9c0816263f00479ce3fff31a2705bf24fbab43a23155,2026-08-26T10:53:38Z,2026-08-26-3
2026-08-22T11:00,1cb216b5513efebc45c41c53476ee89f446062c82c476ed5a0c2902992695a67,2026-08-26T10:53:38Z,2026-08-26-3
2026-08-22T11:00,1cc5edd3108ea8ec9bab036bc5c820a1a10ea7a66bbaebacdbe4fbf6ab860133,2026-08-26T10:53:38Z,2026-08-26-3
2026-08-22T11:00,1d700cd56526bd704f1496314a0355815a7eb1561547ee64b58906b35bd7d84c,2026-08-26T10:53:38Z,2026-08-26-3
2026-08-22T11:00,1dbc33c93dce45536b19d054424c8aebc06540f30416f1bb39d514d25786ef52,2026-08-26T10:53:38Z,2026-08-26-3
2026-08-22T11:00,1dcd6a9784fccaca4bbd0526202e4f80ccf466015b27a36e1358df0d5e627bdd,2026-08-26T10:53:38Z,2026-08-26-3
2026-08-22T11:00,1ddff91ce86cb83bed8ffedcd145b2532152eac31f5cda50507c09f4e388a54a,2026-08-26T10:53:38Z,2026-08-26-3
2026-08-22T11:00,1e5959aefeabc1237b1362b4eecd62ef677b3555df508f57734b59a523baea68,2026-08-26T10:53:38Z,2026-08-26-3
2026-08-22T11:00,1ee21a5f8a82fa2b098cab295a78d787e0b536bd8660700d64e0fe40f96a3376,2026-08-26T10:53:38Z,2026-08-26-3
2026-08-22T11:00,201a864fe412ed472bc99594c47fc0b739ecb320d54aac0b271fdc306121a4b8,2026-08-26T10:53:38Z,2026-08-26-3
2026-08-22T11:00,207376ba936abbb21c9cfc6d578e217114e8d824b510b80fb1253bc3a85e0314,2026-08-26T10:53:38Z,2026-08-26-3
2026-08-22T11:00,20d99cc97845ff67a6a3bed743d36dbea48ae27eb0e4786c798e342cf4a7a1ff,2026-08-26T10:53:38Z,2026-08-26-3
2026-08-22T11:00,20f42f95cb02e0a6eee23608c405d087d8d0750b40bb10bd58e89647342a2908,2026-08-26T10:53:38Z,2026-08-26-3
2026-08-22T11:00,20fd7bf6dfbf9bd70213f0f30ce5fc8623d5020303885c9c5d7bd79635824ac7,2026-08-26T10:53:38Z,2026-08-26-3
2026-08-22T11:00,21418d3546b4a277c1633daed04f453d12fbd9bae101213dfe639e6dfe668889,2026-08-26T10:53:38Z,2026-08-26-3
2026-08-22T11:00,2200672379945c728f086f2d936a3fbfbf640bc2d3139da251d53a5d6acc7d9a,2026-08-26T10:53:38Z,2026-08-26-3
2026-08-22T11:00,225c6ec1d887d94c3ca05b8909c6b41b79cb171630bcb5c99d9674146245a341,2026-08-26T10:53:38Z,2026-08-26-3
2026-08-22T11:00,227be4d6fe48449b8e6f065bcc6fdb6f78809f1fa7d62345a916e54971360d67,2026-08-26T10:53:38Z,2026-08-26-3
2026-08-22T11:00,22eb2cb382a0e96585437813faef97b16183540ed5a5f3a44f15b7e3af29d7ef,2026-08-26T10:53:38Z,2026-08-26-3
2026-08-22T11:00,239787def0fa68ce782939e2c7d93203c896ace1a3cbec1675b3f2b65d565cc2,2026-08-26T10:53:38Z,2026-08-26-3
2026-08-22T11:00,23f8f43f0a836870f52f1f7eb0d6284667b5712a1fd278171119fa219a24442d,2026-08-26T10:53:38Z,2026-08-26-3
2026-08-22T11:00,24adb1ed30100153bc152810498ed9f72024a861fa8f696b4d7e82af38a44787,2026-08-26T10:53:38Z,2026-08-26-3
2026-08-22T11:00,24fd26c27f9e7144d079f53bc7c7f80c809d59212c2a314344964c419e6333b8,2026-08-26T10:53:38Z,2026-08-26-3
2026-08-22T11:00,26b399ec13d427b90592daf107d8dcb18a7a7be5e10f85ac8e6d935bb6f1e86d,2026-08-26T10:53:38Z,2026-08-26-3
2026-08-22T11:00,26c596f6ceff4a1dd05e3530dc5129d5c6c084eff38416b76c862215446b095e,2026-08-26T10:53:38Z,2026-08-26-3
2026-08-22T11:00,26f8acbafed108d4f5b19e73549e664b76953e830404ec37b1efaedd29032c34,2026-08-26T10:53:38Z,2026-08-26-3
2026-08-22T11:00,28392c04f8de506a4d2533b7eb364a81c551937ac840ff475b2d16c8ef4c900a,2026-08-26T10:53:38Z,2026-08-26-3
2026-08-22T11:00,283b48f46816e7ec499a843e616fab05e67e219a96299068fa85d727011e0297,2026-08-26T10:53:38Z,2026-08-26-3
2026-08-22T11:00,28e7233a02cd7991bebd774b717b40e01dda6d86ed022a04485fdf8c306020e2,2026-08-26T10:53:38Z,2026-08-26-3
2026-08-22T11:00,295958e78f7abb939a8e6aeb6d5e99de23de5f00bfe0ef1f8828a07f51146e28,2026-08-26T10:53:38Z,2026-08-26-3
2026-08-22T11:00,299bb8fb0975e5c0a2ac250182bcb488ef3144d7195890b800883f54722055a2,2026-08-26T10:53:38Z,2026-08-26-3
2026-08-22T11:00,29facfa5780b28e748135a3ad0a66e4a2dfde9542859e17fafb22ff121d859e7,2026-08-26T10:53:38Z,2026-08-26-3
2026-08-22T11:00,2a41ad767a439e22f1e1246d93a4781c074261e3af182bd675bc27000cf9abf9,2026-08-26T10:53:38Z,2026-08-26-3
2026-08-22T11:00,2b22b53e0ba5561152c7980675a35551b883e2bf920dc5e31bf11d939316bbc7,2026-08-26T10:53:38Z,2026-08-26-3
2026-08-22T11:00,2b545554d4c98a930041331e2004c55169e0f443df4e3a3ce8c663c3c78ef125,2026-08-26T10:53:38Z,2026-08-26-3
2026-08-22T11:00,2ba9d39c9d04356bbf6c0d69cc42bcb33763d18fc4caefce104ffe8a0e31ff04,2026-08-26T10:53:38Z,2026-08-26-3
2026-08-22T11:00,2c0972596138cc138ca8fad9ed94f18d5246d575ee595eb7977cc7ca57403e06,2026-08-26T10:53:38Z,2026-08-26-3
2026-08-22T11:00,2cd2d88ce0b4908a34d49c23d3af28101aebcfd8b40531d566eb93be2acb6fd0,2026-08-26T10:53:38Z,2026-08-26-3
2026-08-22T11:00,2cd65ace9b039ecc3db2c242519cf56021f11fd844cfeef764441fb9f682cc1e,2026-08-26T10:53:38Z,2026-08-26-3
2026-08-22T11:00,2d1f2c1b57590bf48083c03a9fdca09f41637074c7a5fc79345c45843f21ddff,2026-08-26T10:53:38Z,2026-08-26-3
2026-08-22T11:00,2df788a764105b9f5c9d918e01eb45a15dfa5a189b2c3f483f7179727232f64e,2026-08-26T10:53:38Z,2026-08-26-3
2026-08-22T11:00,2f37606e1a8cc8624bf225e267360c6b4d173f9d2b0dc80df84dcadbfe6a371b,2026-08-26T10:53:38Z,2026-08-26-3
2026-08-22T11:00,2fa9d8911ca955f4331e7660793317cbd779fe46b08dcc69c2a52082c3dcc3b1,2026-08-26T10:53:38Z,2026-08-26-3
2026-08-22T11:00,300c780a4a7a74c6c7e2fce049d2b1811cfad2137f2159d22fdfd683631d0621,2026-08-26T10:53:38Z,2026-08-26-3
2026-08-22T11:00,30f02c8e1ee29a5b99e11ddf609d3d40a3cf78eb6846dc3ff60f934fee583170,2026-08-26T10:53:38Z,2026-08-26-3
2026-08-22T11:00,312713ea148e4fa5fb628a6a630e9933b1a3a6d903a6cc2492928b3fbc5a0abe,2026-08-26T10:53:38Z,2026-08-26-3
2026-08-22T11:00,32595e1279bbe880bbfce38280308e2abdc02c9d8ac0be48b96ab83cd934b553,2026-08-26T10:53:38Z,2026-08-26-3
2026-08-22T11:00,32a0d86806ce65a57006befddc2856a0804010d3127856a489a254686d9dcd9e,2026-08-26T10:53:38Z,2026-08-26-3
2026-08-22T11:00,32b522a9d9b853ae3de60546513b85da830f6c121a4b9db64bbebe3ff03c6c3a,2026-08-26T10:53:38Z,2026-08-26-3
2026-08-22T11:00,337d5f5b5ae0c4b44a09640ecea53648cc6e4e4f4b1ab6c50b692d053bc15b3f,2026-08-26T10:53:38Z,2026-08-26-3
2026-08-22T11:00,339f4dc45f2ad3a9b27cc0f576db2384c6aa12ec922a81d67da995f16227c8c1,2026-08-26T10:53:38Z,2026-08-26-3
2026-08-22T11:00,3417a456cc3ddefd15e2c67651d62ce4d5420822a2fe7a7967cfd27479845731,2026-08-26T10:53:38Z,2026-08-26-3
2026-08-22T11:00,34e7576f03806f3ec40dfc807ed4f8eeaeb2eea778ad46320ea6339183262201,2026-08-26T10:53:38Z,2026-08-26-3
2026-08-22T11:00,3556f3715ad68ac107454e03f60738b89c4af505afa9eeee764a22515e01cccc,2026-08-26T10:53:38Z,2026-08-26-3
2026-08-22T11:00,37a5bb433133507583010592c2858ca9895eed0c3b5fd00a0f90d9032a748f09,2026-08-26T10:53:38Z,2026-08-26-3
2026-08-22T11:00,3814e6c39d403f66b7474689d8642eb56ce9b9fd941559fbe6e5d56dfa091f27,2026-08-26T10:53:38Z,2026-08-26-3
2026-08-22T11:00,381ed1c8eeb863bdec9ffcc7d374076f97e7ae350b884e409573f1c4f531d58c,2026-08-26T10:53:38Z,2026-08-26-3
2026-08-22T11:00,38485ac269be4b3f2505fe3836de0803f61fe45ff1247946a84a08dd257c6af2,2026-08-26T10:53:38Z,2026-08-26-3
2026-08-22T11:00,38adb8612a5f050ebaff0ae8c3eba9d6c079001a68e34f1ed5a9382b0dab97ae,2026-08-26T10:53:38Z,2026-08-26-3
2026-08-22T11:00,39110694d82487e4ceeb828421cd5f213acc44d68d1a2c7797394b9d836e9c02,2026-08-26T10:53:38Z,2026-08-26-3
2026-08-22T11:00,39856e5a96167f9ff1e5f9b650b358268c414e529036d9bd4baee5ce1eae00f6,2026-08-26T10:53:38Z,2026-08-26-3
2026-08-22T11:00,3a1045c4d4574f3e008f1e26baeb2f11e46ec9519a7c663cf29aba136e05252b,2026-08-26T10:53:38Z,2026-08-26-3
2026-08-22T11:00,3a8213e4bfd4ba22f53de49bb31868a9686507f3f5bcff57bf4ab0f45ea8b584,2026-08-26T10:53:38Z,2026-08-26-3
2026-08-22T11:00,3bc27fc3ebb01dc2e9945f7023a6936f7a168e4e564c21becd63a3659be47e15,2026-08-26T10:53:38Z,2026-08-26-3
2026-08-22T11:00,3c471143ae73cfce8f4b16e36007d64a429eaab02aa28ab0ff0bb33c89ce7f0a,2026-08-26T10:53:38Z,2026-08-26-3
2026-08-22T11:00,3c632b6691329cfd12c85cffa993b5f47e20bc75c589ce2069ac028eb1d361f1,2026-08-26T10:53:38Z,2026-08-26-3
2026-08-22T11:00,3d0ebb3ba580050d2e099dfef9ed8e9c3cc6d952cca836424cf1c9d914f1e28b,2026-08-26T10:53:38Z,2026-08-26-3
2026-08-22T11:00,3e648f2981870d12e8718c6be2617931879d6fb1bbe672488670bb33ac131a7f,2026-08-26T10:53:38Z,2026-08-26-3
2026-08-22T11:00,3e8170a8b02bfa1b63862fb8137c970d3232ef17c8191449dd7be453e2f14d0e,2026-08-26T10:53:38Z,2026-08-26-3
2026-08-22T11:00,3ed346e2d42017f4dac5527f28ff332f3b2ec175423ad738cbffb82722c12120,2026-08-26T10:53:38Z,2026-08-26-3
2026-08-22T11:00,3f36bd514fc704c085f5073f4dcc1a3ec4c8931dd942e34dc956d62e6921923a,2026-08-26T10:53:38Z,2026-08-26-3
2026-08-22T11:00,3f5eebb89934ced12bcf0fedcdba84980c63009c06f79f288574e3f83d0f9970,2026-08-26T10:53:38Z,2026-08-26-3
2026-08-22T11:00,3fbe25a5a0c1d16e6c8ac6b3bf700b207deeb802934db41fba497a27d62aa39f,2026-08-26T10:53:38Z,2026-08-26-3
2026-08-22T11:00,3fce1c49a092dd198060bd92baec51ef4ed1b6a4574d31e080901f0f07528f4c,2026-08-26T10:53:38Z,2026-08-26-3
2026-08-22T11:00,3fed96826c6cd681770cc0bb01b5b78cb235ddf1e14fbaecf6ec0186d87b1c4e,2026-08-26T10:53:38Z,2026-08-26-3
2026-08-22T11:00,4002c8c380ab83e1b2ce453e75c3fca95ff8254522bf7250d02342a9ee8adbe9,2026-08-26T10:53:38Z,2026-08-26-3
2026-08-22T11:00,4015d0f11b971b7b0c9690bc98af010453a7849d3b4786bd0aaa984b7f167c3a,2026-08-26T10:53:38Z,2026-08-26-3
2026-08-22T11:00,41611835f9f84d4985aceced6ae4c3a5cc952cbf3379ca2ae3d93c655f423350,2026-08-26T10:53:38Z,2026-08-26-3
2026-08-22T11:00,418aa1bf0e3e175c93de93877f72c9e97914ad24fdd078b058b3247813ae5e33,2026-08-26T10:53:38Z,2026-08-26-3
2026-08-22T11:00,41a806a86fa72074a3cb7ae120963eae5d305be44e44980c99b8f4b986869997,2026-08-26T10:53:38Z,2026-08-26-3
2026-08-22T11:00,4201cf36e166b446e0084654a12dbecb379d8036ded2814d5e3d276c673385fe,2026-08-26T10:53:38Z,2026-08-26-3
2026-08-22T11:00,420fcc89013e3e21b240a210f07bd641d97d9e6150c885ad9655537916c2d739,2026-08-26T10:53:38Z,2026-08-26-3
2026-08-22T11:00,424d9a03da3069995092eed0f0e7936e04fbe782fbd699d15e6e685fe8f17651,2026-08-26T10:53:38Z,2026-08-26-3
2026-08-22T11:00,4269f64b28a715a4e8911d7d7b7609fda33c789773e2fa8acdf3bd42190f5ac8,2026-08-26T10:53:38Z,2026-08-26-3
2026-08-22T11:00,4292c2c7d68c36183da04de0d5c32f1ed6b2bb57e007b7b17fc50dcae28c1020,2026-08-26T10:53:38Z,2026-08-26-3
2026-08-22T11:00,432d0a98ab8f74a2fffe9d36075042d91e57f3e99df44660098063316f08d822,2026-08-26T10:53:38Z,2026-08-26-3
2026-08-22T11:00,434983bebd96c559a4c192afa2f7e769e0b51b2f14c47853f3eaca670f5f5364,2026-08-26T10:53:38Z,2026-08-26-3
2026-08-22T11:00,4353e214215c4bb34bf27d28aa80df41e3cf62efcf1a33169804c8c57f316704,2026-08-26T10:53:38Z,2026-08-26-3
2026-08-22T11:00,4391d8c374a6db3df336a4cb7eb587d09469489b3ed0993f40c48caf43ab3c33,2026-08-26T10:53:38Z,2026-08-26-3
2026-08-22T11:00,43a150bdc841f79a72e9b392e5668e029fbd11c5c5ac0cf160487e5b46b2ad90,2026-08-26T10:53:38Z,2026-08-26-3
2026-08-22T11:00,43a74e2469ec3887ddfbf2dc564ad6255202342e8a3ad6d7e47de5f230ba93e4,2026-08-26T10:53:38Z,2026-08-26-3
2026-08-22T11:00,43fd709299d48eee61574435154e9c3a3f130d18d59016c4fe44f8ef050ef6fe,2026-08-26T10:53:38Z,2026-08-26-3
2026-08-22T11:00,4549b8a41abd8939adc1a99c999cca2a27dffc021f41ea7e61a845d4ca8ff23a,2026-08-26T10:53:38Z,2026-08-26-3
2026-08-22T11:00,454d4e038d776039e6f2136960d844ae8e838a2b2a7528f751fc6bb856743988,2026-08-26T10:53:38Z,2026-08-26-3
2026-08-22T11:00,45695c4d6b0df234e9b3915f35dbbaacf04dca0d74ddfa06ab7c5698b3534282,2026-08-26T10:53:38Z,2026-08-26-3
2026-08-22T11:00,45a97f1b7d9dc8d2546d460c0a4ce61979c9de0496025f98db7f6af913873cef,2026-08-26T10:53:38Z,2026-08-26-3
2026-08-22T11:00,45aa02418b2f81a82200d337002d2563b24d3af4fa5636a4b48d70de3ea8f530,2026-08-26T10:53:38Z,2026-08-26-3
2026-08-22T11:00,45eee1ed44ffc9f370dcdfedaa96c1bc72cb1b8d06104969ac48b68b26958a08,2026-08-26T10:53:38Z,2026-08-26-3
2026-08-22T11:00,462008d64873a01d1d16193eb020ac538319012db4db718498d08d867ef8ff8f,2026-08-26T10:53:38Z,2026-08-26-3
2026-08-22T11:00,4698112ed0f19359466457380fd4d1ae87ad70c0ab1764b5cf3a8066c14e7f44,2026-08-26T10:53:38Z,2026-08-26-3
2026-08-22T11:00,46e1dc379def68735cbbe1a7d3cb3207d520cb3bcd18b043f0156c3d714408c6,2026-08-26T10:53:38Z,2026-08-26-3
2026-08-22T11:00,4772cf3807f1645586bd903dacafb3dff5a19f2d297070d5efb61cd45045e032,2026-08-26T10:53:38Z,2026-08-26-3
2026-08-22T11:00,48047548c69831fa9c3bbd27d68df00bc69fc8449abaaf6e79eb5ce854368ba4,2026-08-26T10:53:38Z,2026-08-26-3
2026-08-22T11:00,480c192dfa3903631f8e4d0dca2137974b9866ee3d472e909eb180bd880d2ff1,2026-08-26T10:53:38Z,2026-08-26-3
2026-08-22T11:00,4883dbdf9a52abf8fc0710a4cf06748d163c3d0ddc70a96cc0e39d5a20d5a98d,2026-08-26T10:53:38Z,2026-08-26-3
2026-08-22T11:00,4956eebc3d01169b48a9c13353c42c73d3767515108587746d426e33ff84cd19,2026-08-26T10:53:38Z,2026-08-26-3
2026-08-22T11:00,49dde7e6c4e843c2841b80fae4e697b0242f0f6dbfbc313062429bdb712cc2f7,2026-08-26T10:53:38Z,2026-08-26-3
2026-08-22T11:00,4a78c107cdb58466a6de8061b7b72524b01512eeb42c2122a50a45a35596e259,2026-08-26T10:53:38Z,2026-08-26-3
2026-08-22T11:00,4b4aac66357e40231dd39fdd7b2e9734d9b66a1d27fbec82f55223c72eadf1dc,2026-08-26T10:53:38Z,2026-08-26-3
2026-08-22T11:00,4b98536595b4ec3d90bb04239c4d8287966afa949dddb113fc7ea5bfc7583b75,2026-08-26T10:53:38Z,2026-08-26-3
2026-08-22T11:00,4c739f93088306cfd6801693c387efb2afc2632df551807a534c33f68bcbb9da,2026-08-26T10:53:38Z,2026-08-26-3
2026-08-22T11:00,4c9cc08150f2ec4d5553d9e255f2200dd98ca6718088af9129b16d089a0bc160,2026-08-26T10:53:38Z,2026-08-26-3
2026-08-22T11:00,4d298a7663e570ab03a5df68f383f31d8fb029d1c3ae1fb98a3acfffd7e53e7a,2026-08-26T10:53:38Z,2026-08-26-3
2026-08-22T11:00,4d384458e0c8447c915a2b0dd373cdc535379f34a12332e821f0db2e411d715e,2026-08-26T10:53:38Z,2026-08-26-3
2026-08-22T11:00,4d808a60c5a8ec89a9e4fa21dc0822cbcd78522481ff0ff00bcd9e1063cdb8d3,2026-08-26T10:53:38Z,2026-08-26-3
2026-08-22T11:00,4e0bd57ae604fd4079a0f181acbd3b4f36d344917ad9c81b1cc363ae491f610e,2026-08-26T10:53:38Z,2026-08-26-3
2026-08-22T11:00,4e47731de41e06d49d40ca7da939fafba5707d8358f800b475963287afa05760,2026-08-26T10:53:38Z,2026-08-26-3
2026-08-22T11:00,4e6f83fe0f8fa0ab4c8ca6097a8476c5312b61c003e8ad0cdd06e9d5906250dd,2026-08-26T10:53:38Z,2026-08-26-3
2026-08-22T11:00,4fade34792e265dec85b158aad951cd54272df0e62e799f09c3ae36c9067682b,2026-08-26T10:53:38Z,2026-08-26-3
2026-08-22T11:00,5054c67a1e425425e70118f66d6c71c6a95b9937b2ee18f09cf8bd9e49776bac,2026-08-26T10:53:38Z,2026-08-26-3
2026-08-22T11:00,50720139379e687e8b1ad0fdec4daa94a7a79c6f8adfc4cb2e947cee6936b8dc,2026-08-26T10:53:38Z,2026-08-26-3
2026-08-22T11:00,5186f29f8c858d124f7531d499a3ca9d7a7c6ede753546613e8039d4911a1596,2026-08-26T10:53:38Z,2026-08-26-3
2026-08-22T11:00,51eaef6af61ccd3b947d55a9e31d5109520b8692845aa4afa762613abe29a520,2026-08-26T10:53:38Z,2026-08-26-3
2026-08-22T11:00,53fe9046e0d16ac5102571609ae3896546cdf8849fcf1f8d99f948e1e80e9259,2026-08-26T10:53:38Z,2026-08-26-3
2026-08-22T11:00,54070d9f4f0fe4798090184bebd1408bbd35511a3a29d6085b15fe899af2cba9,2026-08-26T10:53:38Z,2026-08-26-3
2026-08-22T11:00,54557ce6495eff53098f4cf7b5477998d0f1eb4c2fedfd99bfb8173a23506986,2026-08-26T10:53:38Z,2026-08-26-3
2026-08-22T11:00,546ff97fd8647392dd2b7ccde956a4e044401884a93aaf20d5b60117313bab7a,2026-08-26T10:53:38Z,2026-08-26-3
2026-08-22T11:00,54e1ed05b341d76bb2eda1d27e5e6501ce056baeb7032ca6621a9be5cf599bfe,2026-08-26T10:53:38Z,2026-08-26-3
2026-08-22T11:00,55216cba5fcff3dfa6e9acfa8f57f4eeb0daec5b7c88dc1962627fbb034186cc,2026-08-26T10:53:38Z,2026-08-26-3
2026-08-22T11:00,56528a945a475cfb350059917abff11603546da58e277e7a1f09227b9e94026a,2026-08-26T10:53:38Z,2026-08-26-3
2026-08-22T11:00,56df34fcfad6578c440b855062623c62d32d3bf3d2f668bd92b35d90962820f2,2026-08-26T10:53:38Z,2026-08-26-3
2026-08-22T11:00,57106b1d9409af44a0d0cd7c9b07e623d505cdc767e196cbf490f3b17c895a7b,2026-08-26T10:53:38Z,2026-08-26-3
2026-08-22T11:00,574f75f916b20acde4d0b724ee37bcb844afc1156e48cef53d83d8909e417514,2026-08-26T10:53:38Z,2026-08-26-3
2026-08-22T11:00,57d80a7576b3e401750afd8c0a110695a504de4580d551d918092744713bdcfb,2026-08-26T10:53:38Z,2026-08-26-3
2026-08-22T11:00,58b6bdd2ea40315b1f69704bbddc3ccc4322e025d765aca09a7e7fd751841508,2026-08-26T10:53:38Z,2026-08-26-3
2026-08-22T11:00,58c714fe48289d04a24e015f137f216f67ac86fdb6e31e3f1cbb51cfd23fe303,2026-08-26T10:53:38Z,2026-08-26-3
2026-08-22T11:00,59ab98359f609b9c702f0c78465d94e1c3b34db2062e044c927938f4984c341a,2026-08-26T10:53:38Z,2026-08-26-3
2026-08-22T11:00,5a1d2d462c672f3f69bb73fdea886541d70ec2db0079fd3de5b12ea351344da4,2026-08-26T10:53:38Z,2026-08-26-3
2026-08-22T11:00,5af9eb988f5b844fe828616e4064b31b5ca1f0f03581441d9dc1c878fa744d1e,2026-08-26T10:53:38Z,2026-08-26-3
2026-08-22T11:00,5b42dd711354777bbe5b73fcb09bc9d85a90d239a33f87a4089343605025eb09,2026-08-26T10:53:38Z,2026-08-26-3
2026-08-22T11:00,5b98c84afcba4e6728f9e82e2b83517f3b0c33b97764b490814bdba2117bf275,2026-08-26T10:53:38Z,2026-08-26-3
2026-08-22T11:00,5baefcc58c5c69d148ddf94af099a380480486a73a6cd6bcb0a2c6d9c3428d16,2026-08-26T10:53:38Z,2026-08-26-3
2026-08-22T11:00,5c31b1402b1714efd3484c6a64f87526eefa12fdb6297c6226b6be13fbc23a09,2026-08-26T10:53:38Z,2026-08-26-3
2026-08-22T11:00,5c438bb644193265d97a5243097667a093f5f9d3fecefd07c4ba79e9ae484484,2026-08-26T10:53:38Z,2026-08-26-3
2026-08-22T11:00,5c4dd97863b1655178a2825233c6c604404745c896e02a86909125daf462381b,2026-08-26T10:53:38Z,2026-08-26-3
2026-08-22T11:00,5ca4ab7ad9a7c485d3dd7552f54889ee99565bfe2e0d91281363a81a3d836482,2026-08-26T10:53:38Z,2026-08-26-3
2026-08-22T11:00,5cdde113b35618474b74c6f7a16d9c324133e69166496a26e2772e87c307a68c,2026-08-26T10:53:38Z,2026-08-26-3
2026-08-22T11:00,5cf3c7dfe17e2a0485eabcc3561d916b0234a2025d081bd8fb57e3546d3482da,2026-08-26T10:53:38Z,2026-08-26-3
2026-08-22T11:00,5d58731599a04ceedaf4d55bb11a2ac0ea19c4d53cf7b7a20d298f7e3ef6e12c,2026-08-26T10:53:38Z,2026-08-26-3
2026-08-22T11:00,5f646e9d0a4ba4bb8495b23b4b80a9f93958d87e70e3c79bbfbf990a3cb9284b,2026-08-26T10:53:38Z,2026-08-26-3
2026-08-22T11:00,5fce4a7dc1680b9e7ce470dc4f1ecc24d06dccd1aafc3147ff602671492780a1,2026-08-26T10:53:38Z,2026-08-26-3
2026-08-22T11:00,6014969637adbfe0ec4e76199221d7098b0cfa5600509b0a5e73ae13c25ed3dc,2026-08-26T10:53:38Z,2026-08-26-3
2026-08-22T11:00,60c2db3b41909b949d9d7f24db2d6cadb3877c9fcf314c7268cfce8d665ae8c2,2026-08-26T10:53:38Z,2026-08-26-3
2026-08-22T11:00,60c6b0ddd0de240c8c17c9246cc8eaa9e5e03e803719ed9ea0e1e57aabb9d4b4,2026-08-26T10:53:38Z,2026-08-26-3
2026-08-22T11:00,60ca604a7d0bb59532fe9e467695eee5500007b5fc3aa8a220055031c9f1db72,2026-08-26T10:53:38Z,2026-08-26-3
2026-08-22T11:00,618b383d656a2f9473670842511b3f158fb35e4efe009119cbd8aaa98f4a597c,2026-08-26T10:53:38Z,2026-08-26-3
2026-08-22T11:00,619b55c45e38f91ca61f866ead636d03557b0332f01fde2e6ad3c50718050977,2026-08-26T10:53:38Z,2026-08-26-3
2026-08-22T11:00,61a059e2ef4a541e0bb5df674a09b57bf53dd05906e39484773c5bd6039cc3d1,2026-08-26T10:53:38Z,2026-08-26-3
2026-08-22T11:00,625702efe5bd4c1065a8447ff377b1e56d55d749fef1e112e9540b4ba95198ee,2026-08-26T10:53:38Z,2026-08-26-3
2026-08-22T11:00,628715830f4677d5698e991419e7cfdd91097bf0398b4de49e706f694055e1e5,2026-08-26T10:53:38Z,2026-08-26-3
2026-08-22T11:00,6393a301ab3604656eae4649f740b43b5ef71e6ce8123032f0447e366e945f86,2026-08-26T10:53:38Z,2026-08-26-3
2026-08-22T11:00,643489b637ec8fd926c055c05b932396015acf53b11140f1bc0a45504f250278,2026-08-26T10:53:38Z,2026-08-26-3
2026-08-22T11:00,64a3c2e763bb6c68298d0e3a49dd5893d30e2fee8b3a5c76027600d8b307d1d0,2026-08-26T10:53:38Z,2026-08-26-3
2026-08-22T11:00,64f8367decd4080b65d7ed1d6d9252ebea342ee8fda293efdd54a79ac0dbc769,2026-08-26T10:53:38Z,2026-08-26-3
2026-08-22T11:00,65bb3bd9710692478aa5da30c60f107f810ac4345822964fafdbaffa66b756e9,2026-08-26T10:53:38Z,2026-08-26-3
2026-08-22T11:00,65cae99cb85c744dd7eb19f81b2b1df2297230f2d26a47cc3248ff5e05bab8ec,2026-08-26T10:53:38Z,2026-08-26-3
2026-08-22T11:00,66066f701ed27c8045665ae20d35d6e7e47e18729c2af6967a9e63379e9c9fbf,2026-08-26T10:53:38Z,2026-08-26-3
2026-08-22T11:00,669dde0e4d2461810a51d57f69ec42772fdd577829fb71141ce5eaeffd356988,2026-08-26T10:53:38Z,2026-08-26-3
2026-08-22T11:00,673132836e304a690e73d48e866fd47388fef64eff30efca8deaf72110461250,2026-08-26T10:53:38Z,2026-08-26-3
2026-08-22T11:00,673683b6867e0f52a2a8e6ca6ea644bea6e1d061b35e83b77c8e3da1d2e04c06,2026-08-26T10:53:38Z,2026-08-26-3
2026-08-22T11:00,6772208e2aca81c5cd308b899fc6f542d79f3c0d96c71b48bff3df54588af432,2026-08-26T10:53:38Z,2026-08-26-3
2026-08-22T11:00,6799b38ce51f3a097acf91249ce3d6dc26c27e6c446224daed6011269e4c8840,2026-08-26T10:53:38Z,2026-08-26-3
2026-08-22T11:00,69fef0c8cd3479c8d7dba7de22c346e948bda640e63d0152ebcb77e6b273890a,2026-08-26T10:53:38Z,2026-08-26-3
2026-08-22T11:00,6a6ff87a3291c11fb87e0e9307fd6180a7c070ac67b73e4a4019bf29e1e1842b,2026-08-26T10:53:38Z,2026-08-26-3
2026-08-22T11:00,6ad3fb59c4c111b895edd4d56129c6cefceb68305155fd54c1c3f2a180d352d6,2026-08-26T10:53:38Z,2026-08-26-3
2026-08-22T11:00,6b5fe9248b27fabdd1c064f36dc3502909edfbbaa02cbab80e31d7fc3d4fd4df,2026-08-26T10:53:38Z,2026-08-26-3
2026-08-22T11:00,6bccc90b0f98ed929d705d276c4dee6d43b078bceb38f55f596cc2ef4f92ddf0,2026-08-26T10:53:38Z,2026-08-26-3
2026-08-22T11:00,6bd42470f7b91ef8a094800af725952673634d3658a1fa29720576efa9bbf5ac,2026-08-26T10:53:38Z,2026-08-26-3
2026-08-22T11:00,6cf06bd5a050e72fb1a3e3d1aac82e9b219bc819c0a0aa7f79fd636701f3e199,2026-08-26T10:53:38Z,2026-08-26-3
2026-08-22T11:00,6dc639f62a847fa12cebe554a35313abaf902c9232495e919c34af463a8bfc40,2026-08-26T10:53:38Z,2026-08-26-3
2026-08-22T11:00,6de1608839c4d9013a1717d795703e64a6c8620930d3ba321aa5c7ca3f6c07e3,2026-08-26T10:53:38Z,2026-08-26-3
2026-08-22T11:00,6e8602c3a803f13e0d239d6616dc9282e5387652249414d574660a5125ebdd92,2026-08-26T10:53:38Z,2026-08-26-3
2026-08-22T11:00,6f87e602762010ee7df10b95ff28ed8a49a972a0ec14993bdae8da3c9785fb98,2026-08-26T10:53:38Z,2026-08-26-3
2026-08-22T11:00,6f8973ca5c30b008e38871f0b980e17a3fc0e043bd44d180364292818efe87d3,2026-08-26T10:53:38Z,2026-08-26-3
2026-08-22T11:00,701e53f174af140e2009f3cd981d15cc80ffe1d5722d7b845f68b8af46c9b612,2026-08-26T10:53:38Z,2026-08-26-3
2026-08-22T11:00,70779d74e1e4a28b88f8a34277ce0527c8480af3700692dc1942853a84890fe1,2026-08-26T10:53:38Z,2026-08-26-3
2026-08-22T11:00,7115c72b260535125ad676077a28f1607cb65a7e6277d5233b70f1d2d5615d40,2026-08-26T10:53:38Z,2026-08-26-3
2026-08-22T11:00,7156c817f03305e15278e2e5f4bfae12ee1e61bdd76c3c39b2cd2c9ed6202ee0,2026-08-26T10:53:38Z,2026-08-26-3
2026-08-22T11:00,717077f70e7901d34b565524f84c7a4dc66550f0002964e964349b38b3e15a17,2026-08-26T10:53:38Z,2026-08-26-3
2026-08-22T11:00,72264ea9992b89f7132f12669e48ce15325cde944ddfc1ed277ce589be73ae01,2026-08-26T10:53:38Z,2026-08-26-3
2026-08-22T11:00,72bec44bf3374fb87f224a7da32a98f7799ca8a40d96edaf5010e206245271c5,2026-08-26T10:53:38Z,2026-08-26-3
2026-08-22T11:00,7306d655862c395add2ac606c9db4f0a341df4b8df0d381d385d3545e718e2d7,2026-08-26T10:53:38Z,2026-08-26-3
2026-08-22T11:00,7387a4c608b1e1b0f14cd0b65a12b79e1ee008859c87973a716591c2c5acc164,2026-08-26T10:53:38Z,2026-08-26-3
2026-08-22T11:00,73c2cc92a2344f9033f2d7782c49e2971b15ed4da4eb60b2cdb69124022403aa,2026-08-26T10:53:38Z,2026-08-26-3
2026-08-22T11:00,752d61a6a33efa142001701e0b1e4b0c71e863b65cf285619898a2459526f0fd,2026-08-26T10:53:38Z,2026-08-26-3
2026-08-22T11:00,76583a4b5c98e7d5edc53607825992ae4edda51700bf911df4319b38295b9ff1,2026-08-26T10:53:38Z,2026-08-26-3
2026-08-22T11:00,76c95cd852987031f9d74cac0c4196a0b720408dd9b0815aa14b07f6ec6f1b45,2026-08-26T10:53:38Z,2026-08-26-3
2026-08-22T11:00,76cf04a5bff56537dc4e8a7de728a85c6a506b8ae8d5c024ca090df9f394267f,2026-08-26T10:53:38Z,2026-08-26-3
2026-08-22T11:00,7791375dfd46e5ea2a885266899136869282ce5ea0eba91ee84882b44f20dc92,2026-08-26T10:53:38Z,2026-08-26-3
2026-08-22T11:00,77e8e4369abf74fa2977eeaf538d9d9ebe2e6d9e7f6f251e4ea8de550df4ebcd,2026-08-26T10:53:38Z,2026-08-26-3
2026-08-22T11:00,77f90ea23d3f7f95f9e761bd804a53271ad049c44b666b1c9c4041d21ec4ec2d,2026-08-26T10:53:38Z,2026-08-26-3
2026-08-22T11:00,7802ccbda17513dbac928dfdacc43cca452d15f87a0643c3acf8767f00441ad5,2026-08-26T10:53:38Z,2026-08-26-3
2026-08-22T11:00,784bea67745414c5c41af5dd8a3fd03fede3ac1a9cb9a95d642963f6b63ef33d,2026-08-26T10:53:38Z,2026-08-26-3
2026-08-22T11:00,78ea9917b5af3a94dd2bcf4bb4c05db8f3aa2286b0f3e6a0fd9ea0fecba0fd79,2026-08-26T10:53:38Z,2026-08-26-3
2026-08-22T11:00,79e0c9be2839f36e9f2c0660eff0c886b3dbaa90c2953e95c4f6eeacf769b211,2026-08-26T10:53:38Z,2026-08-26-3
2026-08-22T11:00,7a9a01481e994706a17cb7699a60aaa2bc42c59211e3363ab89383ba908dbc3e,2026-08-26T10:53:38Z,2026-08-26-3
2026-08-22T11:00,7a9db44aa2afe0eb2e2d63aa3490b8f7dceaaad7b3b5b3a6fa7e4cee67ae58e9,2026-08-26T10:53:38Z,2026-08-26-3
2026-08-22T11:00,7af459f121cc5463aaadd7b0b9cf0db0671436101529dba21aacb36bc805c162,2026-08-26T10:53:38Z,2026-08-26-3
2026-08-22T11:00,7af45ec703c08d3ce8c738c90217f717cc0b98e5c643447abc46ead80bd6f0af,2026-08-26T10:53:38Z,2026-08-26-3
2026-08-22T11:00,7b24d85734e4f6de299d94eea802b5bd8ec8225d50f623e0b4df6326c059dfa5,2026-08-26T10:53:38Z,2026-08-26-3
2026-08-22T11:00,7b774ed5ceffe0684a39e58d03f4a8a11c3c7693242ba2f7ba63acae5888d9ce,2026-08-26T10:53:38Z,2026-08-26-3
2026-08-22T11:00,7d1321cc677ec4a647f6866d80a73ca217c395bc12bba656680ad0e8e92a24ef,2026-08-26T10:53:38Z,2026-08-26-3
2026-08-22T11:00,7d8865d8f0c6885a082a2dd763f767413d1b118adc08bdba1160efd32e9c52ae,2026-08-26T10:53:38Z,2026-08-26-3
2026-08-22T11:00,7dbb50fa86bbb40929be550b05d095e8ec73584e5d916d4a4cb2c8a5bac6ae6a,2026-08-26T10:53:38Z,2026-08-26-3
2026-08-22T11:00,7fc574d816142029878ab12fddea3c0c6fcdc8ed199d608e812e776e6c0eb098,2026-08-26T10:53:38Z,2026-08-26-3
2026-08-22T11:00,80a7e49441eae16a340fd132b5c5b432a918f47c7840d9bfbad0feba02a005db,2026-08-26T10:53:38Z,2026-08-26-3
2026-08-22T11:00,8117c63ded1ae072b917eeae96c1e8d8a5ef4fc0e09c095c908a4fca0ce8fbff,2026-08-26T10:53:38Z,2026-08-26-3
2026-08-22T11:00,817fba64f88af57cb03f523395ffe1cf5af8a58ba169a255e40691928d8d58c6,2026-08-26T10:53:38Z,2026-08-26-3
2026-08-22T11:00,81976282848bc3effcac9f0661f1a1c9eb3001c509f27492476be70489a9674e,2026-08-26T10:53:38Z,2026-08-26-3
2026-08-22T11:00,821e68190778ce666c2b1f91f672bfbf450711daa42cc57522f1557e382a4e9f,2026-08-26T10:53:38Z,2026-08-26-3
2026-08-22T11:00,82adf52b7197522ec9d75372cbea94ed47dd04a37b77f473cac2c730362cbaf1,2026-08-26T10:53:38Z,2026-08-26-3
2026-08-22T11:00,845b833e171a2b19d8a290270f1f8d09468e03f68c0736d464ed5cf970a28406,2026-08-26T10:53:38Z,2026-08-26-3
2026-08-22T11:00,86bff6e1d95fe2ca17f9bdd0f5ad3d25427bf7832c09d6c12a53318115f42d2c,2026-08-26T10:53:38Z,2026-08-26-3
2026-08-22T11:00,875b344ceaf4ca7f3cad0f3dfc660d2b1e6a0053deddbbbb22430a778d231415,2026-08-26T10:53:38Z,2026-08-26-3
2026-08-22T11:00,87b11738674d2f42a33d3e38834c0e51ddeb50da5d1fa07467400e511081ed96,2026-08-26T10:53:38Z,2026-08-26-3
2026-08-22T11:00,87d2239f25435024cc32147b4af30f3f82c27cf367837f96d2234bb15fab10d8,2026-08-26T10:53:38Z,2026-08-26-3
2026-08-22T11:00,882307ee3bb85c62603d246a37479f5d79747c6c1313a6d37efa843826d51740,2026-08-26T10:53:38Z,2026-08-26-3
2026-08-22T11:00,8871e6a6428a04a114ca403646eb11661a84313db27c23b7c0aa14fc51a9e3a9,2026-08-26T10:53:38Z,2026-08-26-3
2026-08-22T11:00,887b5a4582f55404e4b4077ec2996fa8a16792a69e2c0f8612a6bfbb057d72cd,2026-08-26T10:53:38Z,2026-08-26-3
2026-08-22T11:00,8a21efeb0b72ee96bdc12159eb7a8177d69124e2a2590b36360e879b13769adf,2026-08-26T10:53:38Z,2026-08-26-3
2026-08-22T11:00,8a3340cdec75d2a9c2ad56ab8b5975a0b3e674e446b28932ec47e21851b05c2b,2026-08-26T10:53:38Z,2026-08-26-3
2026-08-22T11:00,8a5c8e952aa807b306e279ff8a92c9e15890587d7df13fb30a2585478ec54df2,2026-08-26T10:53:38Z,2026-08-26-3
2026-08-22T11:00,8a684561609977e14efca3396aa4d28feca361395cc490b38b1f7004688972ff,2026-08-26T10:53:38Z,2026-08-26-3
2026-08-22T11:00,8b92081c437bdbfa6f3171f2695dc95e9eb1d90d853ce37a9a1b0d28fe45703e,2026-08-26T10:53:38Z,2026-08-26-3
2026-08-22T11:00,8c0efdb755a0f919beab4398db7063b4aedec96df0f835c89942b458d50d8512,2026-08-26T10:53:38Z,2026-08-26-3
2026-08-22T11:00,8ca165ca23fc045fc4dc2e898876e70d455b0b487a17b44cf18a93ba0311ba79,2026-08-26T10:53:38Z,2026-08-26-3
2026-08-22T11:00,8cbb7131fd5028c28dd4d1d5d33f3be171b16766edde81d40a605afffb6092bf,2026-08-26T10:53:38Z,2026-08-26-3
2026-08-22T11:00,8cfe5b00df8551c310571d3aaa04fd94f4c075b615bb50a1b86e90f0ea6db377,2026-08-26T10:53:38Z,2026-08-26-3
2026-08-22T11:00,8d5ae7106b6acc998aa2bfc66604544cf0f277a709db3275c735af0fc94c68d1,2026-08-26T10:53:38Z,2026-08-26-3
2026-08-22T11:00,8da94bbec01f351963d6b731a30a5d442f827dd31079b130715ec0c5d74c4da2,2026-08-26T10:53:38Z,2026-08-26-3
2026-08-22T11:00,8e3c03d92dafa4d20f3887d36d2f778debbefaf59b0b63781e1544bb0bb33703,2026-08-26T10:53:38Z,2026-08-26-3
2026-08-22T11:00,8f2978f11dbe38712090000a281b648fd336b2ff6ed474c23655ef710d2b9961,2026-08-26T10:53:38Z,2026-08-26-3
2026-08-22T11:00,8f51a7767c82b8ceb01145496fb5a68512ce518621f7155b5b0fda5afb6a9924,2026-08-26T10:53:38Z,2026-08-26-3
2026-08-22T11:00,8f554cef9e815db5dfb64930e12ed81b4c724338924be857a034aab1e56e1230,2026-08-26T10:53:38Z,2026-08-26-3
2026-08-22T11:00,8f7a843360d372ad9468791f0d2bdcbcb38b2844ca9246421adc42c4b5ad97a6,2026-08-26T10:53:38Z,2026-08-26-3
2026-08-22T11:00,8fbb0cef4da2c8be5c0dd11b83f5913051b2fe2c477325108bb97228b1ce6a48,2026-08-26T10:53:38Z,2026-08-26-3
2026-08-22T11:00,8fed3c7f9f290a64fab4121a251e20b22082488a5e221243975418b617f6f46e,2026-08-26T10:53:38Z,2026-08-26-3
2026-08-22T11:00,909a4f622ac8295aae9fe107f7e47f55a42ae2c6301e71e22746264591d6127f,2026-08-26T10:53:38Z,2026-08-26-3
2026-08-22T11:00,90d7660be5b20b4ca172a40cd4513192e9a2bfe4f7d5d9b08cf24ac1a998e9d5,2026-08-26T10:53:38Z,2026-08-26-3
2026-08-22T11:00,90f902895144564db044b9827a97c42c4126cfd847d55ca8ff364285dff32442,2026-08-26T10:53:38Z,2026-08-26-3
2026-08-22T11:00,91c1eeba712c465b198a77228a4a2c1028b15737216909ed3bf6816f0308f136,2026-08-26T10:53:38Z,2026-08-26-3
2026-08-22T11:00,91d7adc750b5042872f9038f4f8318d21dd69850b9ce7315061ea55a25e3ec12,2026-08-26T10:53:38Z,2026-08-26-3
2026-08-22T11:00,9213bd97295f9d0bb6578c2fd5c9f65aafefdf45632f22e109ae7da6ffac87b6,2026-08-26T10:53:38Z,2026-08-26-3
2026-08-22T11:00,94239de19b886b25c476231a9d4f2c2affbfd746c21c2dc02f750c36b62258ba,2026-08-26T10:53:38Z,2026-08-26-3
2026-08-22T11:00,94f2402766ef6d07e82a021578200ebbbb4284db26691129c7f2324a0b0fe32f,2026-08-26T10:53:38Z,2026-08-26-3
2026-08-22T11:00,952864de799c47018e35411e45fd59e8ec9557b320acf47ef8e2c01ff13d8a68,2026-08-26T10:53:38Z,2026-08-26-3
2026-08-22T11:00,9641cd6a36b962ca99566a2ab91db9074d02e85582c017aab6fed3618b1ee1cb,2026-08-26T10:53:38Z,2026-08-26-3
2026-08-22T11:00,965d610ffb7872610de5f3c10509fada94c11fb34e5f723c6d2e0ea1368a223b,2026-08-26T10:53:38Z,2026-08-26-3
2026-08-22T11:00,970ffa550468f3b4cfdd3ba158cf993963bd4fe1fd2e2c273d06950e572da20e,2026-08-26T10:53:38Z,2026-08-26-3
2026-08-22T11:00,97611a0a3016ba6cf96dc0d1a67b921c0b1a4380415ffa609001726a5096a950,2026-08-26T10:53:38Z,2026-08-26-3
2026-08-22T11:00,97ff502726b41f280fd3157b5e674bd497be4634d6f97bcb8b4274c627e93b40,2026-08-26T10:53:38Z,2026-08-26-3
2026-08-22T11:00,989c821e33ebf57f2720ef760ce3020f3873d90b214015157e02b4b65b1457b1,2026-08-26T10:53:38Z,2026-08-26-3
2026-08-22T11:00,98d440300ddaa46fde901ef27aa1f16dcc3cc81ed4b01311f4627f9c843ce1c9,2026-08-26T10:53:38Z,2026-08-26-3
2026-08-22T11:00,99d544efb1593ba7b5f18695d98c9cb0bb952c3a04341e463724976b8a2b9a9f,2026-08-26T10:53:38Z,2026-08-26-3
2026-08-22T11:00,99e8ee231d08bea613631c1848f77e9300e640be58fdbc1d96074b610c7183bc,2026-08-26T10:53:38Z,2026-08-26-3
2026-08-22T11:00,9a40f3cd2763f5c3d417f180ef5c61ec935b6cb0006a00dc9f149b720fd410e1,2026-08-26T10:53:38Z,2026-08-26-3
2026-08-22T11:00,9ad90ded821c1cd62032b0e0c1a02dbce26daa6121649b8f7b0bb7e5ae629c25,2026-08-26T10:53:38Z,2026-08-26-3
2026-08-22T11:00,9aea23a03c2723ab7de5a6d7f8c0a0b0e438a0d2133914b8b6c896985d84069c,2026-08-26T10:53:38Z,2026-08-26-3
2026-08-22T11:00,9b3e60234125f864ab34c851a5b28053f1e5ce565dfe1482f7610f435093103f,2026-08-26T10:53:38Z,2026-08-26-3
2026-08-22T11:00,9b4766606d187e866f6b42dad212b9d9277cf03026ec74a7e4813e60ecdcd448,2026-08-26T10:53:38Z,2026-08-26-3
2026-08-22T11:00,9b6deaf29a82f7cce1013fa20bd7b49991489c2183f0977ff1fb0601c4f67735,2026-08-26T10:53:38Z,2026-08-26-3
2026-08-22T11:00,9bbedf708d4261c4508794bdccf998e3ce32e31bc6ae9ff5760b48d21fe3ae45,2026-08-26T10:53:38Z,2026-08-26-3
2026-08-22T11:00,9bd44a161e987fdb32e5410bfc17f2d1dc4997c29a6873bd88183d9c66335602,2026-08-26T10:53:38Z,2026-08-26-3
2026-08-22T11:00,9c034ccf416bccf7b7b859da8661233a41832f698eb16d491d2b6d1ddf53afbe,2026-08-26T10:53:38Z,2026-08-26-3
2026-08-22T11:00,9c0b57df103dded61f2a6041825b2a6e1868acf03ff7b78b9d359edf2f5876a0,2026-08-26T10:53:38Z,2026-08-26-3
2026-08-22T11:00,9d58e26de9b8cc9aa7222bf5acbfcf0a4b9adcd4207bf2594f5307a5929a74cc,2026-08-26T10:53:38Z,2026-08-26-3
2026-08-22T11:00,9ddf2ee66a1e6a718f0e94bd3057404aec6500f00702072d914fc15ed47ff3dc,2026-08-26T10:53:38Z,2026-08-26-3
2026-08-22T11:00,9ded0625517d5d04827212af809c0dfc08c0f3ca98c31adfe061460e2c8944f5,2026-08-26T10:53:38Z,2026-08-26-3
2026-08-22T11:00,9e41b5fa47670bbde5dbf896cbcaec2142aeb3dc78196a129a3de22ec6bea6a3,2026-08-26T10:53:38Z,2026-08-26-3
2026-08-22T11:00,9e444b78ea3f6512e93a063adef8011fce3ceedc160537874852c4e175ddda3e,2026-08-26T10:53:38Z,2026-08-26-3
2026-08-22T11:00,9f609756d64c6169b9e8520f7add101d55f71ffebde916996a2164bbc19e3112,2026-08-26T10:53:38Z,2026-08-26-3
2026-08-22T11:00,9fee375db2cf2fff5657df00cc4974644fc1fe45d75bd7a95e52d1f9e5b33735,2026-08-26T10:53:38Z,2026-08-26-3
2026-08-22T11:00,a057625264836ee196cd4266806cf3b128b8d30cf482a4dbaf08b3480a9e36a5,2026-08-26T10:53:38Z,2026-08-26-3
2026-08-22T11:00,a0c73a99871e2ca6081c4416452dea0910cc19cd133ccaa103f132a507c84d99,2026-08-26T10:53:38Z,2026-08-26-3
2026-08-22T11:00,a19d5b8063e03b022e8f3400e4fbbd95219caa7a4711be4eb841cc5b2130cf56,2026-08-26T10:53:38Z,2026-08-26-3
2026-08-22T11:00,a211cce58dfdaed55045cc51830541c9fa06a06622f36e4b46a653443c04c576,2026-08-26T10:53:38Z,2026-08-26-3
2026-08-22T11:00,a2fe3b7c2fa04a78717e429f3aa486d9b5ca4ea2482410b05109e5a5816c59a5,2026-08-26T10:53:38Z,2026-08-26-3
2026-08-22T11:00,a3383b1908578efa9b1916051397acb89331240eca40260803c4b5b78e5e4842,2026-08-26T10:53:38Z,2026-08-26-3
2026-08-22T11:00,a340c1abc25a475fdfa4629ba16f656facc8194b0137d19dab7e4a56515446a7,2026-08-26T10:53:38Z,2026-08-26-3
2026-08-22T11:00,a52cfd98ec89cefc1501e0d6d6119ba1f4ba25106fb54db87b6ac3d8fe002073,2026-08-26T10:53:38Z,2026-08-26-3
2026-08-22T11:00,a5796c2ca74d81f51dbeb259ff94009ae2ff7b197b2255d4bb2b1f973eda89f4,2026-08-26T10:53:38Z,2026-08-26-3
2026-08-22T11:00,a5927ce62092abd0448e1bc5fe730dab1c2683aacb3dcb9dece61d49ec4d7d20,2026-08-26T10:53:38Z,2026-08-26-3
2026-08-22T11:00,a68e5963524d019a531abdb21e595ff82cbf908509c3e847f1485dfa0d8a20ad,2026-08-26T10:53:38Z,2026-08-26-3
2026-08-22T11:00,a6f3ba53554dde3925daa258a2ea53681e06232b7752d10db6b9c03e8e280d45,2026-08-26T10:53:38Z,2026-08-26-3
2026-08-22T11:00,a7af263e8c54812457a6aaa5b8988167ca3c7d3823cb48a31c08f7391644e3ff,2026-08-26T10:53:38Z,2026-08-26-3
2026-08-22T11:00,a7e7c67d4f6449f5c7bbdbbf259ad7d7280faa450e29c99e76ef1d25a37cbe0d,2026-08-26T10:53:38Z,2026-08-26-3
2026-08-22T11:00,a83021550246c567fe3978c6a6ad5aa1b761d2a43db62264fe8b8bd0bcfded05,2026-08-26T10:53:38Z,2026-08-26-3
2026-08-22T11:00,a84f6a445e35424bcf8af8b77117539bc3fec5eede0df72d10798a1062ef9693,2026-08-26T10:53:38Z,2026-08-26-3
2026-08-22T11:00,a8eaa58e5c7f5f93458a108bd3118d1e49c55315249e0922e6f4b199ca30bb98,2026-08-26T10:53:38Z,2026-08-26-3
2026-08-22T11:00,a92fb0d41a2eb866379d614d0696df69713b23cd3d699c149f5095ea647406a9,2026-08-26T10:53:38Z,2026-08-26-3
2026-08-22T11:00,aa01430b36804ac38249d595684638f3b77d5d2da6fb73df2ba7f2d25377b5c9,2026-08-26T10:53:38Z,2026-08-26-3
2026-08-22T11:00,aa65bccdb00af177bec01a2851bd303470bc2c0ad06a3d9bc0cca8174962af15,2026-08-26T10:53:38Z,2026-08-26-3
2026-08-22T11:00,aa66bb9288a7d1c5686914b743732dc7e950fa635b3590f1851587d75d92aad1,2026-08-26T10:53:38Z,2026-08-26-3
2026-08-22T11:00,aab39f6826ee4e16061a0a801e2ccc98511d9d6f1a9f87dbd70e549922723224,2026-08-26T10:53:38Z,2026-08-26-3
2026-08-22T11:00,aada04af197b2fb956c1e38bfdae5109068b3a8d378363bcbbb33cc00ad02a12,2026-08-26T10:53:38Z,2026-08-26-3
2026-08-22T11:00,aaefd97f1ac891f32f27a2f5241c27fd6278a8b2085b2ae34ecc51ef9fc4ef0e,2026-08-26T10:53:38Z,2026-08-26-3
2026-08-22T11:00,ab2d935c8710c5880a2ce0853254f0f90455d902cb7b20a9c5a119b0c8efc01a,2026-08-26T10:53:38Z,2026-08-26-3
2026-08-22T11:00,abbe65c7edc6db1156b5f9d0fa5cca0a99a8c3293c2f0975ebb082a3932c3299,2026-08-26T10:53:38Z,2026-08-26-3
2026-08-22T11:00,ac32199a6d349f124a9cc48341bf4f3b8e8b9cc84c1a410f6496b0d5a8367ef5,2026-08-26T10:53:38Z,2026-08-26-3
2026-08-22T11:00,ac560a758e4a718cba392c0d4ff4539d559aabb722e4c66f1fba99bf32588e55,2026-08-26T10:53:38Z,2026-08-26-3
2026-08-22T11:00,ac70e018ceb2e955c8a2267a3a36b75d6dd7ce0889c37e2a83d058c85ff48f55,2026-08-26T10:53:38Z,2026-08-26-3
2026-08-22T11:00,ac72843764a6bc42afda2002c7587327f81719fc3e26644e574a09e0358ee11b,2026-08-26T10:53:38Z,2026-08-26-3
2026-08-22T11:00,acef1af909b3ef76fb81b8c7e2bd7ffde6c28e6dd6b8dc05f3dd0f27f5a5a2b1,2026-08-26T10:53:38Z,2026-08-26-3
2026-08-22T11:00,acf1d622624f14fd04e0cb062b4a8a7149fb3ae00145ab9d1957b6ef48af94cb,2026-08-26T10:53:38Z,2026-08-26-3
2026-08-22T11:00,adeb7823e39ba4c94595d433dd7fb360b767b9925b06d29bc1d02483fb743f32,2026-08-26T10:53:38Z,2026-08-26-3
2026-08-22T11:00,ae4cb0eb7aca3ac77f79122ce93025209ddaa8bd701a1ccb8f8accd21cd6555d,2026-08-26T10:53:38Z,2026-08-26-3
2026-08-22T11:00,aeabebcc6d94ef44475ede4b0b919d7ae2d34d0c10c9d8833bef29a8dba5ea41,2026-08-26T10:53:38Z,2026-08-26-3
2026-08-22T11:00,aef97792ace83bb816f278df564b6c74658fda17edce059a2690ab3046bd3ee2,2026-08-26T10:53:38Z,2026-08-26-3
2026-08-22T11:00,af74548920f9ae1777dad96b36aa049fbcc11394cb4c0b6fc86c93536147823e,2026-08-26T10:53:38Z,2026-08-26-3
2026-08-22T11:00,af8f1b06e139d7c50b258b2c4e44bfffb830fe4e0fb7a8589e3fc361d335c87e,2026-08-26T10:53:38Z,2026-08-26-3
2026-08-22T11:00,aff25b1bf53a1081a5d9057d2053e6024834e67c86710428cb960a76201cc89a,2026-08-26T10:53:38Z,2026-08-26-3
2026-08-22T11:00,b090f12f0aea797993e80b93755edfacf04a3dcc5ca54b8d9a6c8a0289e66255,2026-08-26T10:53:38Z,2026-08-26-3
2026-08-22T11:00,b0ae49f8a66ad1814284bb53bebb05626826d3c122ceb6a31b5eb3ddb3f619d6,2026-08-26T10:53:38Z,2026-08-26-3
2026-08-22T11:00,b16ef831aeb132310cfd830421d462256efd18546125baa3320baf1a87d493fd,2026-08-26T10:53:38Z,2026-08-26-3
2026-08-22T11:00,b1a18874a0da2922c0b61366d7930ab0cf5558adb8bffa9ba6d40fd5687ccf68,2026-08-26T10:53:38Z,2026-08-26-3
2026-08-22T11:00,b2654f47e54a91c5a931f63ce292f62c4cd243e376f80ffd7ad4adfce654b651,2026-08-26T10:53:38Z,2026-08-26-3
2026-08-22T11:00,b2816d4c236bfefa6ab4a2ef48ff24490c49daf91908d986f6c8470e1b137159,2026-08-26T10:53:38Z,2026-08-26-3
2026-08-22T11:00,b2c36992f728d2039e1e6ed090bab481bf2e8bd07baac0201151a51711347c11,2026-08-26T10:53:38Z,2026-08-26-3
2026-08-22T11:00,b2f33a45c0573a3b2ace5b06f854aa475881d71b27b0d9b59c07188f006844b8,2026-08-26T10:53:38Z,2026-08-26-3
2026-08-22T11:00,b2fc40d93dc2751039084b9ef9d4807dd6675863a9c9ab3b702731b2a7a70ee3,2026-08-26T10:53:38Z,2026-08-26-3
2026-08-22T11:00,b37a8e382197282196e50e3edc809c14b38f4216b76a7ee1c3ab49c443d2ebfd,2026-08-26T10:53:38Z,2026-08-26-3
2026-08-22T11:00,b50b1597330f8775ac07e94ea6e09278cca57e5c2cf63e85cc8360bc97e77e2d,2026-08-26T10:53:38Z,2026-08-26-3
2026-08-22T11:00,b524e0e3964303749a41a100c6371395fdd4898d9ee85869f37141421570848d,2026-08-26T10:53:38Z,2026-08-26-3
2026-08-22T11:00,b53fe4ee55d6e8e2c0f980ccb57d974aa2acbcb31888289460e83b2d8fd79e0a,2026-08-26T10:53:38Z,2026-08-26-3
2026-08-22T11:00,b5df88ea159c6b512e66bd5cce6c2deab5f61d19b9b450ab6485b301c7728b4d,2026-08-26T10:53:38Z,2026-08-26-3
2026-08-22T11:00,b6154bc570d80fccf99d587ee558853aba0e68c5bf9c33052dd12fe7c60212e1,2026-08-26T10:53:38Z,2026-08-26-3
2026-08-22T11:00,b6ee22c78de49755234afe7a8f93893f145cd553337dc26103414d02d84bd27a,2026-08-26T10:53:38Z,2026-08-26-3
2026-08-22T11:00,b8306ddcbd7910d2cedc1c83c605168bb356cdbda32a2ce3f03b072693891ee2,2026-08-26T10:53:38Z,2026-08-26-3
2026-08-22T11:00,b84a81c391401e7f95873190c60aaf1389ee41e8e4650abd4172111b3206ea51,2026-08-26T10:53:38Z,2026-08-26-3
2026-08-22T11:00,b87353f0119a35849ffc842bfa987ebed6dec7f6fd687ecdc85bd2ab129e19c9,2026-08-26T10:53:38Z,2026-08-26-3
2026-08-22T11:00,b90c42dd0a82b290006dd1adfd1911d0d4e43976dc344ebbde473afbf04e5fcd,2026-08-26T10:53:38Z,2026-08-26-3
2026-08-22T11:00,ba2133d2eb1e19194c2026be3352ebc8aa2ed584da9b2d0f45443ef48c2c3cf9,2026-08-26T10:53:38Z,2026-08-26-3
2026-08-22T11:00,ba9958480722661fb439d5df8a634154598b8fa7d357016c25f297298845389e,2026-08-26T10:53:38Z,2026-08-26-3
2026-08-22T11:00,bcb434b96226492e02064fe861adcd76c2a879290f844afe94f3dacfcf4144f9,2026-08-26T10:53:38Z,2026-08-26-3
2026-08-22T11:00,bcbed1434289cce2ee7682eb46150dbfe63080fa6e51a9ed4fcc98f7c6df5e43,2026-08-26T10:53:38Z,2026-08-26-3
2026-08-22T11:00,bd0964e0e29237ef78ea1045a3ae69b1269b0e6e0880981d8d1dc11a86139027,2026-08-26T10:53:38Z,2026-08-26-3
2026-08-22T11:00,bdcf25e881f32e9572e95e38436b792405e201f3d10e6df02ac0e9ad2573d596,2026-08-26T10:53:38Z,2026-08-26-3
2026-08-22T11:00,bec0c4e3351616b8b48265b1501528b034848662a9cfd94a4f31d2ad7ee101ca,2026-08-26T10:53:38Z,2026-08-26-3
2026-08-22T11:00,bf2ea1500d398b2ccf6b54902d390a84883cd26c43f3a34a975d691dd9820d02,2026-08-26T10:53:38Z,2026-08-26-3
2026-08-22T11:00,c0074cc2a06f5561d0c9ecf189910162c36c4819992fda2e08a019f7ff5e39b6,2026-08-26T10:53:38Z,2026-08-26-3
2026-08-22T11:00,c08a93eec18297c013205d93b15cb09c84bd46e9fbd35333e7f62469ce364931,2026-08-26T10:53:38Z,2026-08-26-3
2026-08-22T11:00,c10b22e282aabbb46df83eae1e75a875943fed8a16728fc62b31de0f35fdcb60,2026-08-26T10:53:38Z,2026-08-26-3
2026-08-22T11:00,c1298868596c634f6a2a2102c2756d19fb398fb180b6cba4229650cf9e0d5a81,2026-08-26T10:53:38Z,2026-08-26-3
2026-08-22T11:00,c12d8cf11a84294975291679ec79f5ed2fc92c84fbb3ff68817c10ca35542c09,2026-08-26T10:53:38Z,2026-08-26-3
2026-08-22T11:00,c1692017e28455e79153175ef6aaee5e51a7350ad52a9ac8471dca2379fb57cb,2026-08-26T10:53:38Z,2026-08-26-3
2026-08-22T11:00,c1d9264388d235895fe97c45cf7a2349c7f79555832dea0674b82814c8f5751e,2026-08-26T10:53:38Z,2026-08-26-3
2026-08-22T11:00,c1f35c1e0a4e29d7019aa1866f4eed3ff0a51e9907a8e48e72c8bb992e7a80b8,2026-08-26T10:53:38Z,2026-08-26-3
2026-08-22T11:00,c27502daca7ea19c0a3bda03d77394355743bf797577fcd3d4589c54ecb4d529,2026-08-26T10:53:38Z,2026-08-26-3
2026-08-22T11:00,c290f61697a7c25f2e98210a9b63794cd1548517365c6c96a55c94c5a52c2552,2026-08-26T10:53:38Z,2026-08-26-3
2026-08-22T11:00,c2e4e255ac42e1c3b4487a93357228ce15929b4f0b35eb7a887f7ef735ced2f2,2026-08-26T10:53:38Z,2026-08-26-3
2026-08-22T11:00,c32fdc95cf8482e04bddaa3cf5a57ae45c2bf541beba50f63c3a2188e5dfdff4,2026-08-26T10:53:38Z,2026-08-26-3
2026-08-22T11:00,c3a853891d37195aa5d74634e1d1ff43663c79cdaaf1c4f6baf54a7b6fca11c2,2026-08-26T10:53:38Z,2026-08-26-3
2026-08-22T11:00,c3d7b10f39061d74eb249c706ce517f5e772a97af9b12e2f59aa0d98f23235be,2026-08-26T10:53:38Z,2026-08-26-3
2026-08-22T11:00,c41aeb3df72238fed24c33860acd529562e87a44add8a963204196391b5c910e,2026-08-26T10:53:38Z,2026-08-26-3
2026-08-22T11:00,c44035300fa92abd17d31c4e9eda22a455a2b5c21634449d93f43a43d5543835,2026-08-26T10:53:38Z,2026-08-26-3
2026-08-22T11:00,c4bc387dc99c5b2f18528a6f4e5f9afadc503dea8f4fd8be22e9a105972b8083,2026-08-26T10:53:38Z,2026-08-26-3
2026-08-22T11:00,c5e243e12dc25107491d89f0ce438348f1302db2f0172646513483a8e62c9462,2026-08-26T10:53:38Z,2026-08-26-3
2026-08-22T11:00,c5e59375656ba197e1ee36fa26ece1b681bb3e31368572c6c3ba353213657b10,2026-08-26T10:53:38Z,2026-08-26-3
2026-08-22T11:00,c62c2a059e766559caa5c565373f84d2625f6c6de12e6065889ba852f9947177,2026-08-26T10:53:38Z,2026-08-26-3
2026-08-22T11:00,c6801f9f0c04bb95cb37831d4fb0a5eb9ccb78c8a907af78aeadcdbc2972e0d7,2026-08-26T10:53:38Z,2026-08-26-3
2026-08-22T11:00,c6b59913c32c5dcbe88350bcf70c4e66dab0855e575d81d7483e6d828d8842aa,2026-08-26T10:53:38Z,2026-08-26-3
2026-08-22T11:00,c733555a0f9649489d57a7ae992cbb8941d959f59b95928655b8d89a2bba52c8,2026-08-26T10:53:38Z,2026-08-26-3
2026-08-22T11:00,c75bc0a5e01a9f8b775753b8779e7a35f7fd703895afbd7254854d1168d2f6da,2026-08-26T10:53:38Z,2026-08-26-3
2026-08-22T11:00,c7b8fcc27df4a768a6b4810ff1043b9266e14014486ea5bf24e4d37d8192e92c,2026-08-26T10:53:38Z,2026-08-26-3
2026-08-22T11:00,c7e16c4cb24019e810e8d801726244ad5d47e5bb28a8229ad8b84c080345ab77,2026-08-26T10:53:38Z,2026-08-26-3
2026-08-22T11:00,c82686ed646971b83920de8d1a39806efad135d576617d511de10263861a788b,2026-08-26T10:53:38Z,2026-08-26-3
2026-08-22T11:00,c8428d515332395fa393725d5bf8609d723e595dee37d0b93a2a395e88850846,2026-08-26T10:53:38Z,2026-08-26-3
2026-08-22T11:00,c85631fe8e2eeb0bea7af2de441cce7b3e505d92e875982596dee6dae1ee24d8,2026-08-26T10:53:38Z,2026-08-26-3
2026-08-22T11:00,c910d02109d87df1f7f425ecb57f3aacbcda14751d96af9fc781f53d7998c2eb,2026-08-26T10:53:38Z,2026-08-26-3
2026-08-22T11:00,ca06a948cecba0c0efa778af3300dae4a7f20826a0438028b930b01296919533,2026-08-26T10:53:38Z,2026-08-26-3
2026-08-22T11:00,ca1c4554af92608da0c9dad58b6a3a59a5647363309c50fbbbfb6003a5b36202,2026-08-26T10:53:38Z,2026-08-26-3
2026-08-22T11:00,cac618bf69548335edb2b66b0abef9d4ef9b4458291775a90a284e9bc8d72ae9,2026-08-26T10:53:38Z,2026-08-26-3
2026-08-22T11:00,cb35e1e711687fa6efba9e1250986a62108707c482065b872c906c526f3523eb,2026-08-26T10:53:38Z,2026-08-26-3
2026-08-22T11:00,cba664ca2fbe0cefaa0c131988cbac1b03e5c80faa97a63708a97040ef45a7a1,2026-08-26T10:53:38Z,2026-08-26-3
2026-08-22T11:00,cbabe1866118d8493c757d283b56923ae582d7362327038fc010db0d0280fcad,2026-08-26T10:53:38Z,2026-08-26-3
2026-08-22T11:00,cbed186760b43b03a4f5acfa02f6bdf3c6ad7092d4904aff037dc06ddb1326d9,2026-08-26T10:53:38Z,2026-08-26-3
2026-08-22T11:00,cbf37f5521c2d221584aa7fb990f77d519f70678a468e0d00f8849a3e874d352,2026-08-26T10:53:38Z,2026-08-26-3
2026-08-22T11:00,cc77dd142074c398c9a9463f51ac81eb4f2e04c19b2f2d0a07517936c0037852,2026-08-26T10:53:38Z,2026-08-26-3
2026-08-22T11:00,ccc98f9903bd88ec92efa247838bc379112820b69a6228f7cebc2580adb41968,2026-08-26T10:53:38Z,2026-08-26-3
2026-08-22T11:00,cd1f9967f58cced2b18522f031486b8895f94074b70194a76b43dadcf8b9a408,2026-08-26T10:53:38Z,2026-08-26-3
2026-08-22T11:00,cd60243351ea4162a3a725e2d9bdd663b0b33eee97c14656978bfda74c9afd86,2026-08-26T10:53:38Z,2026-08-26-3
2026-08-22T11:00,cdba6200494be4ee472621eb101aaf94d4b9f706a7fee8bebaaa55490f426d9e,2026-08-26T10:53:38Z,2026-08-26-3
2026-08-22T11:00,cdc5ccd778ef23c48c09f286867cd1d72c25130383d93a81d2a1135bc7656b81,2026-08-26T10:53:38Z,2026-08-26-3
2026-08-22T11:00,ce3ef9c65119cc735f4b1c9d816fe06bf07bea597860cb8b11b7d5b2ff68239b,2026-08-26T10:53:38Z,2026-08-26-3
2026-08-22T11:00,d052cb0ec84234353ed67e0e624f7a43551ca5b3970f2cb8208d2b456435fbdb,2026-08-26T10:53:38Z,2026-08-26-3
2026-08-22T11:00,d11b898219687ef1fc4cad3e1eab52a9ba2def061cb874e519b30d77b9ce316f,2026-08-26T10:53:38Z,2026-08-26-3
2026-08-22T11:00,d120e5452424c46358f1153eea9ba8d3d0584abf67bd2f1b8f784f1be3354774,2026-08-26T10:53:38Z,2026-08-26-3
2026-08-22T11:00,d1248fb376529cb99bb3bd30f71b58dac8d0ef96a90cb682343b2a63f713e0ad,2026-08-26T10:53:38Z,2026-08-26-3
2026-08-22T11:00,d17c5fd3f0028607a1048c100a8ea27806734e5cdd61b8b60e36c0ad6e3b49bc,2026-08-26T10:53:38Z,2026-08-26-3
2026-08-22T11:00,d1a736a8ee5a986e31be08475dffe210b502ae8f2ad76654c150adb7a7511fd4,2026-08-26T10:53:38Z,2026-08-26-3
2026-08-22T11:00,d1ae95bacbc48406fb5349303e8670befdd2426da70bb8c6f720da6469da71b6,2026-08-26T10:53:38Z,2026-08-26-3
2026-08-22T11:00,d1c5a89c2752fca362e5d0a2df9cf99a64b1e27515fe04ade3ba0f7d202fced4,2026-08-26T10:53:38Z,2026-08-26-3
2026-08-22T11:00,d1dc51a4f475cdccf017f1aa76bcdf1797dc6319b6e7aab67c5f256ecc528551,2026-08-26T10:53:38Z,2026-08-26-3
2026-08-22T11:00,d1e2547002c2b91051bc2495098dd4906d3cd9ee60b82cd106a13134c309b7dc,2026-08-26T10:53:38Z,2026-08-26-3
2026-08-22T11:00,d2ea1121311c5f87a7a5c30f72d795afb2bbbb7e7a6737fe151a1a3a5adf4a31,2026-08-26T10:53:38Z,2026-08-26-3
2026-08-22T11:00,d3e2d3733b6bbb5e32d7630c80edad67c6d89c377e73728c7be790023bbd78dc,2026-08-26T10:53:38Z,2026-08-26-3
2026-08-22T11:00,d466eeb322b3e4dc764ae5c72f379e0a59f262d599060887a0071e3a85d9ba7f,2026-08-26T10:53:38Z,2026-08-26-3
2026-08-22T11:00,d4a70d2915ec8679f3ff8e9215cf800341c5a36c4dcf14f15e2f3ff95660951d,2026-08-26T10:53:38Z,2026-08-26-3
2026-08-22T11:00,d4b09c0bcba7ffb0d33960bd8e938ef2800b0cf926ec49ef95f0a2f3c3dc9643,2026-08-26T10:53:38Z,2026-08-26-3
2026-08-22T11:00,d5323b28d000e050466e3b847245fcbc3eb02a666535c4417718712aab810691,2026-08-26T10:53:38Z,2026-08-26-3
2026-08-22T11:00,d5499101248c550763c25f5b94503ed7f3a7e2240d22c029b8f433886760d85b,2026-08-26T10:53:38Z,2026-08-26-3
2026-08-22T11:00,d56b961f84bee5176292d47a66f0c4f2bf929635436a6f2957eb02cdfc7a1daa,2026-08-26T10:53:38Z,2026-08-26-3
2026-08-22T11:00,d584ea24fa82d5a3ca7a528e079c9614894c7a72de90be134eeb2d50f0fc077e,2026-08-26T10:53:38Z,2026-08-26-3
2026-08-22T11:00,d58e77b8c6057582f5e32a4b3bbfe5aa232e881e31296ad3d34aff525a85cf56,2026-08-26T10:53:38Z,2026-08-26-3
2026-08-22T11:00,d606c0ced4285b543d016a7eb945fc3abc3f6eff013d4820aabac2213167ce2f,2026-08-26T10:53:38Z,2026-08-26-3
2026-08-22T11:00,d69370a618867138034bbc96f5c2e1310c26b64569fb15c1861a5d737f5aebb6,2026-08-26T10:53:38Z,2026-08-26-3
2026-08-22T11:00,d6c338a608166cad27631869631e7d3c657ef80862a1a08143bca3d4d4eea010,2026-08-26T10:53:38Z,2026-08-26-3
2026-08-22T11:00,d6f827b271a80f45043a78f397f5fd7905d3cbcf35640b06f41bd3d9f090f5ca,2026-08-26T10:53:38Z,2026-08-26-3
2026-08-22T11:00,d7b390a88913ef93da0d7cceb29c2ad1c9b11f5b88779215955d86bd8625805a,2026-08-26T10:53:38Z,2026-08-26-3
2026-08-22T11:00,d84b66d0c0ba10002058a5d91c6914a0867340e9e2cbb290a681be804e8d4a93,2026-08-26T10:53:38Z,2026-08-26-3
2026-08-22T11:00,d84f91a3100839a077b74d3291538904d225d8f6a63fb0db391c6ab7600d5491,2026-08-26T10:53:38Z,2026-08-26-3
2026-08-22T11:00,d85ac95ee2309ff8b483efc592968bcf1abc88f26dbce987a46cfcc4ab801a94,2026-08-26T10:53:38Z,2026-08-26-3
2026-08-22T11:00,d87ecd21d2bc82a90debc963fcb2fdcb023f5b1051ccdeef76b1c8e5c69fa45c,2026-08-26T10:53:38Z,2026-08-26-3
2026-08-22T11:00,d9308ab839b8fb4331f8921b32085d5b85c843dbe0ca0668f893493db8eb0c2c,2026-08-26T10:53:38Z,2026-08-26-3
2026-08-22T11:00,d9710b343e69c0338944ab2a70ebadb6e694534768c4955929161993e879cb9e,2026-08-26T10:53:38Z,2026-08-26-3
2026-08-22T11:00,d9920b9c799b358a7bbfe0d4f6a7c348febd6126e4b0618d0fd3656a135aba57,2026-08-26T10:53:38Z,2026-08-26-3
2026-08-22T11:00,dae3b7e8a00af832c50176947cd9db57c24b95136479f0ce87ff4ac1fd6b03ba,2026-08-26T10:53:38Z,2026-08-26-3
2026-08-22T11:00,db15b57374cb8655ff3f96bd358437d4d261c6b9f554f7ad0072fa0f73210a0b,2026-08-26T10:53:38Z,2026-08-26-3
2026-08-22T11:00,db1af93d3b5b72873e684f841258e322fae1eca8a8e5f2d4aebdc41e64692634,2026-08-26T10:53:38Z,2026-08-26-3
2026-08-22T11:00,db7becebc2f5285b54689bd01d394b90ead2e80bd718a6350b7dc1abb97528e7,2026-08-26T10:53:38Z,2026-08-26-3
2026-08-22T11:00,db8a5721e03d4351a606cec88c56ab99f34a43c9be64089fe258346c1a6e4de8,2026-08-26T10:53:38Z,2026-08-26-3
2026-08-22T11:00,dbdb86b9320c4046eb2d7085114f924660b13199a0e2decf2196f8a176fee723,2026-08-26T10:53:38Z,2026-08-26-3
2026-08-22T11:00,dc17cb85c5419f0be8aeb9d74604428aa529e2c2480776a05c85eaab06cd507f,2026-08-26T10:53:38Z,2026-08-26-3
2026-08-22T11:00,dc52abe3c626ffb8a9b84fa04e2012aaf1a7c0c791ef0507a31077fc11ca555b,2026-08-26T10:53:38Z,2026-08-26-3
2026-08-22T11:00,dd319da12d35b8c7a0517e8899abc70ad69b319ab5067b2cc1c71c1b319d6d52,2026-08-26T10:53:38Z,2026-08-26-3
2026-08-22T11:00,dd6c5346c79440364f9ea785baf8b9d8993d3dd026f04d38d5bece17f7dc8d13,2026-08-26T10:53:38Z,2026-08-26-3
2026-08-22T11:00,dd84138895765d18672f294b30dab63e7f3df57aa9aa6f6ea9198bda05338309,2026-08-26T10:53:38Z,2026-08-26-3
2026-08-22T11:00,dd9af8cdd0522fc751e4449f64d05fd5c31f2488ebb6a68c916a5451686741c9,2026-08-26T10:53:38Z,2026-08-26-3
2026-08-22T11:00,dda3c1231986d933a775ea7c329c9f2b405e2c6b3c2db63f7ce8fe5ed1f3f778,2026-08-26T10:53:38Z,2026-08-26-3
2026-08-22T11:00,ddb294b2fc0e4a67f62eb8f7e0c6ec58c13f2ba9afb643f3f59b40e75a9a7ed9,2026-08-26T10:53:38Z,2026-08-26-3
2026-08-22T11:00,ddb76b58ae3b5d838c57474b184a1fc9c82dd05d6132945aa1ad166daf5fdf7e,2026-08-26T10:53:38Z,2026-08-26-3
2026-08-22T11:00,de67aa544d51e00444a1be12f7b5c65230dd679f1572e78ba32a32fc510ea535,2026-08-26T10:53:38Z,2026-08-26-3
2026-08-22T11:00,deb2eb04626592d4de4f89bbe1851f008792c7345bddea38ba392bd81be56285,2026-08-26T10:53:38Z,2026-08-26-3
2026-08-22T11:00,df34870998f03cba96db11f2aba92bdc0f641abf91f7d4c0b6d03729890a956a,2026-08-26T10:53:38Z,2026-08-26-3
2026-08-22T11:00,df5aeabbf3f47aa58f2c3494fd5b49a92d9aadfbd278274c6adce475684870b5,2026-08-26T10:53:38Z,2026-08-26-3
2026-08-22T11:00,dfe3b8e270d8db9db7c1b18abcf2d8ba794e6c3c5b98d605074680c0c6a95952,2026-08-26T10:53:38Z,2026-08-26-3
2026-08-22T11:00,dfe3fb7547d1e2a2f08dc40d9bcea6b8375e7c9eeb49dc10ebda02de9b8d710f,2026-08-26T10:53:38Z,2026-08-26-3
2026-08-22T11:00,e05bab14c16f98991c5be1acb15f286e9e83a819a5dd81b0708532cc77ad21b2,2026-08-26T10:53:38Z,2026-08-26-3
2026-08-22T11:00,e174ab25fc7486e919fa8a80820cb5956c363866b72425709c78df7ec046a789,2026-08-26T10:53:38Z,2026-08-26-3
2026-08-22T11:00,e178a20d4fb44346e87d18d89f45628e79a892c6f60e704374b4eddbb631d6fd,2026-08-26T10:53:38Z,2026-08-26-3
2026-08-22T11:00,e1aafcb47e5696c672ad30bcd16dd97c636c779b12bcd4ca2101d28c402af759,2026-08-26T10:53:38Z,2026-08-26-3
2026-08-22T11:00,e20f2c19fbe7d55c7c0bca37647c7bce4b66c26f6ded2d8ba90d6b4e749d4a51,2026-08-26T10:53:38Z,2026-08-26-3
2026-08-22T11:00,e2631abc8455f5bf3a7d18a11f31dd452197410addc361fbc76119534224bb7d,2026-08-26T10:53:38Z,2026-08-26-3
2026-08-22T11:00,e297c4771322699f538607e10cd5326bfb5caf1bd6298accd598234c364a4b64,2026-08-26T10:53:38Z,2026-08-26-3
2026-08-22T11:00,e30e5a2dfc6cb74e1b8beccb521e4792e2cffdf95be5c982b9737a120e07fe30,2026-08-26T10:53:38Z,2026-08-26-3
2026-08-22T11:00,e34814037ff3a94428aabd0e640d5d76e456b7384072b8ee17c16b172ea8a7fa,2026-08-26T10:53:38Z,2026-08-26-3
2026-08-22T11:00,e3ab035443608287dc0022c8ffe571f01f47f0f77c3475e6847c1f5e52382713,2026-08-26T10:53:38Z,2026-08-26-3
2026-08-22T11:00,e3f12a5ba41c832ce8911edeaa389f5f31e1813893e7bdb56e6f6d53f0d95a5e,2026-08-26T10:53:38Z,2026-08-26-3
2026-08-22T11:00,e472cdfa41f5d42b62d1d819aa7ae68ac0f28dbe3d09dd8103264b89285445cf,2026-08-26T10:53:38Z,2026-08-26-3
2026-08-22T11:00,e4823119b53c871720cedf612ee64645a18cfbda3df38178bcf101f48fb59f37,2026-08-26T10:53:38Z,2026-08-26-3
2026-08-22T11:00,e4b9f3f84da2fa5af0c985d9a077614b0d3abbc2c859d008f9118b128d462f2a,2026-08-26T10:53:38Z,2026-08-26-3
2026-08-22T11:00,e64b5111fbb6afcd6878d60f375284e23a52cee3abaa58d45041b26ec458b0aa,2026-08-26T10:53:38Z,2026-08-26-3
2026-08-22T11:00,e6a076c4b27c0f51d0c23f85f590114cdfc9d59c687e2ab2fc336b16735d53d0,2026-08-26T10:53:38Z,2026-08-26-3
2026-08-22T11:00,e6c2e2cad0ae4abf95f370510c083953d2fc2b0a03650b24e88d4f84363b80c1,2026-08-26T10:53:38Z,2026-08-26-3
2026-08-22T11:00,e6d7888324e3e2f9d4a86721824d877b0c17b9e0f6eb4a8588ddfe0e77bbb731,2026-08-26T10:53:38Z,2026-08-26-3
2026-08-22T11:00,e75aa4e29828750827ce1aab2c329c45d98710de62ca909f5d8d8264b593a3bc,2026-08-26T10:53:38Z,2026-08-26-3
2026-08-22T11:00,e7ce9fd7238b8b87139a8ce4e4cd65c9eac0ad1286a1b4b611da9f1cd7da5679,2026-08-26T10:53:38Z,2026-08-26-3
2026-08-22T11:00,e7e867bea50f85d490b9fe2d198511cd14b26c5eac81ec4e3e6f277f1ee5141a,2026-08-26T10:53:38Z,2026-08-26-3
2026-08-22T11:00,e8418dee390eed2f0ecaa82ac508d8974245a72f032798afb9393babe17f7697,2026-08-26T10:53:38Z,2026-08-26-3
2026-08-22T11:00,e879b1204eaebb8a6d1980bd92521d36e1f40aabac225bcd2156d36c369758d2,2026-08-26T10:53:38Z,2026-08-26-3
2026-08-22T11:00,e93b894ec1c51f9f5e46926a71f8902130bd321c8366d8aeb30f020988428758,2026-08-26T10:53:38Z,2026-08-26-3
2026-08-22T11:00,e99ff8ace0b6002d946c0e8d2412297bf71d9567947433ccf9ce7957b5bac951,2026-08-26T10:53:38Z,2026-08-26-3
2026-08-22T11:00,e9b5918f618bae69d3ee172080664f97a76d3bf80d7bd71f003ef0d1dabf5a00,2026-08-26T10:53:38Z,2026-08-26-3
2026-08-22T11:00,ec5672051b9ae28a17451c7ebeac1f7f6702b3457b2bba2f29b1aa2d6752f6ac,2026-08-26T10:53:38Z,2026-08-26-3
2026-08-22T11:00,ecc9f6c1e439965b13386ce769c8ea4c7838b9867702a88d31f02c761a37fc7e,2026-08-26T10:53:38Z,2026-08-26-3
2026-08-22T11:00,ecd7c12d4f8bc66ae798e1ce206f92c0a824bdd779a61d813aba29cdc2da0537,2026-08-26T10:53:38Z,2026-08-26-3
2026-08-22T11:00,ed5bdca18be7590a2b872958a2c63fbebf560e2e205e9f9e4f34a998c8df525a,2026-08-26T10:53:38Z,2026-08-26-3
2026-08-22T11:00,eddac795f1b51d2dc8d1b2727195bf437daffa0e3d41f9e013879af7a0a22ab2,2026-08-26T10:53:38Z,2026-08-26-3
2026-08-22T11:00,ef008d3ce7f76a62de59fdf18cb6511d169013e216123a940c90688e585ebefe,2026-08-26T10:53:38Z,2026-08-26-3
2026-08-22T11:00,ef073ff30dba41406fdd841cafe3dff9d3d1fd9dd42450005a825da78cafda58,2026-08-26T10:53:38Z,2026-08-26-3
2026-08-22T11:00,ef8dc390800263cddea7870c0dd6d495861dbb4c41d7b77dbf7dae3f1a9fbc2b,2026-08-26T10:53:38Z,2026-08-26-3
2026-08-22T11:00,efbd5ea560490e5e6535aadda1a5b26946e9409da5a0d48c44b279bb9e9d2f2c,2026-08-26T10:53:38Z,2026-08-26-3
2026-08-22T11:00,f013b6c12b7f4e0bb7be48003d0bddec94916aebe61c2b344ba5668756995632,2026-08-26T10:53:38Z,2026-08-26-3
2026-08-22T11:00,f07b076f26b81e658e9247e9888347fd37bfb28d06a37e43ef1055a87c2f5762,2026-08-26T10:53:38Z,2026-08-26-3
2026-08-22T11:00,f0cbe63a2b7b0b0ffe916e7bf0dc0e0f7365469b80374ec99404082aac1c6dcf,2026-08-26T10:53:38Z,2026-08-26-3
2026-08-22T11:00,f219d25334d413ed06512aa118251f282d705ffd37215dbcb0a6ae48c1154b8a,2026-08-26T10:53:38Z,2026-08-26-3
2026-08-22T11:00,f3790947a459bf227c285826b549c926d46193501556e85d08a286b493f82733,2026-08-26T10:53:38Z,2026-08-26-3
2026-08-22T11:00,f3b1e956a75b440df36e44f38fc63ffb84adecfd700dd09d70453801ea230d89,2026-08-26T10:53:38Z,2026-08-26-3
2026-08-22T11:00,f3bc98051bec442f044979dbd4c4a6126c605a66bab92eb8d13dd761983bb942,2026-08-26T10:53:38Z,2026-08-26-3
2026-08-22T11:00,f416123f7333d6b8606adfac6fb5db3acf4c1be2fef239ae89c0bc35f8800b19,2026-08-26T10:53:38Z,2026-08-26-3
2026-08-22T11:00,f5ca773981d82763000e8ee8cd4162d0b378b1e06d99c169aba0f5c23f784b97,2026-08-26T10:53:38Z,2026-08-26-3
2026-08-22T11:00,f6327caa8785cd048d5d7789743dec3d187aebb28e66e60072782b06815aa2f6,2026-08-26T10:53:38Z,2026-08-26-3
2026-08-22T11:00,f672d7a12cd0742f07b2d30509f420f24c111ed4a55bd6d923dd35d85a1d3a06,2026-08-26T10:53:38Z,2026-08-26-3
2026-08-22T11:00,f6c7060d7c691fc51493cef12a2cbadfa2ce0d00bbd070e87e936c44e6b0c486,2026-08-26T10:53:38Z,2026-08-26-3
2026-08-22T11:00,f6c7e227bbdd702d87e57511811326d6bb2d4c2ba7d552670ba9089aa5747cc0,2026-08-26T10:53:38Z,2026-08-26-3
2026-08-22T11:00,f82c6e6773f09cb362a673e4607d6883e87cbe86067d3a632a8d16a85a51252f,2026-08-26T10:53:38Z,2026-08-26-3
2026-08-22T11:00,f8e8d55974b9d46a7295c7712cdd03fba6c2d4cc18880d62f5ac2d5226d3f30a,2026-08-26T10:53:38Z,2026-08-26-3
2026-08-22T11:00,f8fac4489da424e9df660893f43eb12d29cdacc139923473ce5da001c5a1b6dd,2026-08-26T10:53:38Z,2026-08-26-3
2026-08-22T11:00,f913054c7ea0ccb00d1c3b6b5145fdd5b611fe5cd7a5db12020fb84615afb4e0,2026-08-26T10:53:38Z,2026-08-26-3
2026-08-22T11:00,f9489941f02e62006b6aaff50adca67ad32b52a806faf4d2af422e8c80f2bf94,2026-08-26T10:53:38Z,2026-08-26-3
2026-08-22T11:00,f99216e4b6004a51f82bc5ec5fa58641f5e8f9fde92758d2fa692bc0462ca727,2026-08-26T10:53:38Z,2026-08-26-3
2026-08-22T11:00,f9abe5897eebab2afe53a94111ddb9b8352430842c311d7224a31e5524b2519e,2026-08-26T10:53:38Z,2026-08-26-3
2026-08-22T11:00,f9ece878f0716bbba35abcd73fd655f6b24c98ad8a62dc9ad08d366948177221,2026-08-26T10:53:38Z,2026-08-26-3
2026-08-22T11:00,fa103540b53fbc238c34d16f3a58db39f368172f5c2cd286bfb585eb7fcd9f0b,2026-08-26T10:53:38Z,2026-08-26-3
2026-08-22T11:00,fafee6f9aa1a0f49e2161efab21a4eab51cb3f06f93e2ee641f29f41a5a1be69,2026-08-26T10:53:38Z,2026-08-26-3
2026-08-22T11:00,fb24eb919eb02785a6a06233f559733a80cf58f90f45592e572a12cd96f15eb3,2026-08-26T10:53:38Z,2026-08-26-3
2026-08-22T11:00,fc778d22f25e9ff8878cc01cbbe199c998c628a3d18b29c40ed26c77f3eeab7a,2026-08-26T10:53:38Z,2026-08-26-3
2026-08-22T11:00,fce72875bd6802f7274360ace351f7cd3262ca4d21789f307c7e9e1b8999ca13,2026-08-26T10:53:38Z,2026-08-26-3
2026-08-22T11:00,fd2b966363fada9ee4c55ba3a9f1ee0c70237d0d2707b6207c26445590e5e83d,2026-08-26T10:53:38Z,2026-08-26-3
2026-08-22T11:00,fd74120b634d1abccbd0ebbf26c7b0a8271378bb9ab4f7d4b6267733712ce0c3,2026-08-26T10:53:38Z,2026-08-26-3
2026-08-22T11:00,fdd4890257672009ecc156df4b72f6c43f95d741e272504d3926386e56fc8389,2026-08-26T10:53:38Z,2026-08-26-3
2026-08-22T11:00,fe223b60a303e62d2de3c85b8c3f6b58a6154124a0327bd68ccaa4a2296b6d6d,2026-08-26T10:53:38Z,2026-08-26-3
2026-08-22T11:00,feb0820d2e57a7dc630d5a4dcf39ada01dc20738b4a3962c055ef933528381d1,2026-08-26T10:53:38Z,2026-08-26-3
2026-08-22T11:00,fed4536644842507ec0877d0971d6cec7a87c214dd1ba6ce5a56c6aedf6e77dd,2026-08-26T10:53:38Z,2026-08-26-3
2026-08-22T11:00,ffb1f9131cf3f93279ea3e2fa491990a81c56f762402c30aaf968c05c18fd9bc,2026-08-26T10:53:38Z,2026-08-26-3
2026-08-22T11:00,001be5ee1c4a12e19bc29cb89fa5130767b96ce80ec3af5a13b3de4c6e3377f0,2026-08-26T15:54:44Z,2026-08-26-4
2026-08-22T11:00,011e9a6d20c203e173e2d5b867c4f115cf9d990252c3cd36a8c35bd994b177e5,2026-08-26T15:54:44Z,2026-08-26-4
2026-08-22T11:00,017ac7257df8beb6f514cf2cfcb67a66debf36aec85910220d6343ef1d3fb45b,2026-08-26T15:54:44Z,2026-08-26-4
2026-08-22T11:00,01a6ddd254e3feae3c799ab067aae0103c86d638ba3146c34571866c6592b47e,2026-08-26T15:54:44Z,2026-08-26-4
2026-08-22T11:00,029a75a515e79159771bc0ddedd235f3bd476fdb45d4d725e483286efbbbfc1a,2026-08-26T15:54:44Z,2026-08-26-4
2026-08-22T11:00,02d0ddbc59bed3d1a42348ab1ff1d91e6983206302e504fff70748bdea088abd,2026-08-26T15:54:44Z,2026-08-26-4
2026-08-22T11:00,02ef21e608d278674f527e38d689ba0efde4bc6a93414ec7417eb62374060851,2026-08-26T15:54:44Z,2026-08-26-4
2026-08-22T11:00,033dd7cf81398d5ae2006f620727826fdf50314a9d409f74a46b23ecc95afde4,2026-08-26T15:54:44Z,2026-08-26-4
2026-08-22T11:00,035ff276e2c0808276cc19ff4b6b74004b6324daca25f789433e977a56ab6294,2026-08-26T15:54:44Z,2026-08-26-4
2026-08-22T11:00,037eed3938fd1a74305e3a85ba2f7ac6096eb054bc276fea2a138a5a9a327864,2026-08-26T15:54:44Z,2026-08-26-4
2026-08-22T11:00,043796892bd5b36fe85e764ce2193defa87a8cea7de65e80281fb10349a7c7e4,2026-08-26T15:54:44Z,2026-08-26-4
2026-08-22T11:00,046ee607dd038c221d264f8585e27e5898bc255ebd1f70092b92ef07ab11dad5,2026-08-26T15:54:44Z,2026-08-26-4
2026-08-22T11:00,04d96677351d5b4330d0a4bd8f4eb440d1453f1af3b0fef90e780f767ea6cb04,2026-08-26T15:54:44Z,2026-08-26-4
2026-08-22T11:00,04e11c1fc88d87fa64b41d843b6616cfff7f6793feaab00337e90544d131411e,2026-08-26T15:54:44Z,2026-08-26-4
2026-08-22T11:00,057ea90de8c00bb81c9a270a7713e4be6f47c45b3ddba0f10b46486645dcd45c,2026-08-26T15:54:44Z,2026-08-26-4
2026-08-22T11:00,05a330785b214f5d80e04289392d970f107d498485d2505d18533518a0340566,2026-08-26T15:54:44Z,2026-08-26-4
2026-08-22T11:00,05e59fea81f3aa56daabf1a7ed17804d710e0fa83bdad5c87f7dfbc07314df6f,2026-08-26T15:54:44Z,2026-08-26-4
2026-08-22T11:00,05e8efa3c218dec0da5cb3aac8cc700ab712fa8ba82bcf7641284f69e6fd1c40,2026-08-26T15:54:44Z,2026-08-26-4
2026-08-22T11:00,0618b01644f66dec7b5b8dbefdf433055f3f248f57c64ee91e98f573ce893631,2026-08-26T15:54:44Z,2026-08-26-4
2026-08-22T11:00,069b1508df0fe994ceeb6ff34522a8e0a409bf4c9e7540010b43531cae35e1b2,2026-08-26T15:54:44Z,2026-08-26-4
2026-08-22T11:00,06ebf38030641776bf5caa092d67d59b0a5806b50e20e3814cd5452ba9d4cb9d,2026-08-26T15:54:44Z,2026-08-26-4
2026-08-22T11:00,076054a29270f6f9431ddaa2522bfd866bc9735cbdc8cb47037df2590b178bd5,2026-08-26T15:54:44Z,2026-08-26-4
2026-08-22T11:00,07750ac8245447b7a6873196e6181d683e02f3907bd775d5bd3876d8202c199f,2026-08-26T15:54:44Z,2026-08-26-4
2026-08-22T11:00,077c891f8537476289ab6a33209ae3a9ba8dd6f6e3e25de1c26c62a91567503d,2026-08-26T15:54:44Z,2026-08-26-4
2026-08-22T11:00,0865b18620f49df1b0a8535ce8944370987f639d379403213482f7125906feb0,2026-08-26T15:54:44Z,2026-08-26-4
2026-08-22T11:00,086fca933cfadd66d1ff59acb9850ee73f58273b036045119eca10fd2c0a3005,2026-08-26T15:54:44Z,2026-08-26-4
2026-08-22T11:00,08914a46944ee9f30057bae0c794afa58a418a7ba1a64b7c9321f8aef9a2bf31,2026-08-26T15:54:44Z,2026-08-26-4
2026-08-22T11:00,08d0be7e3c3408a2b347058c360ac102ef287e18e149c605ebdfd86fd6fcd338,2026-08-26T15:54:44Z,2026-08-26-4
2026-08-22T11:00,093cb7f294345e252d574df8f5a4f0fd87f60575b4ee64b0b5c3f667164c0549,2026-08-26T15:54:44Z,2026-08-26-4
2026-08-22T11:00,094e582dfa52e477a7cf8267f11cdf17e7223d8a44444e838c096bedf51c92a7,2026-08-26T15:54:44Z,2026-08-26-4
2026-08-22T11:00,0a67de1372667c6790b3c17f452488062ccb4705aa0a35617841f184d566bfc9,2026-08-26T15:54:44Z,2026-08-26-4
2026-08-22T11:00,0a87a1026fe9509c822872a432cc1a3130bacdf07cfe9cb58436f99971b1a1b8,2026-08-26T15:54:44Z,2026-08-26-4
2026-08-22T11:00,0ab9df15dc50951238dcb729e6a7835b59cef2079954ab1ef905a58a4c944343,2026-08-26T15:54:44Z,2026-08-26-4
2026-08-22T11:00,0af2dde521bd1323f772bc6e72182891bc549b466bf2cc4763cca45aa6477acb,2026-08-26T15:54:44Z,2026-08-26-4
2026-08-22T11:00,0b1d73da9160b33eb98bb04228710476ac8cde6661e5d61113cc5aa0f5c9f5ed,2026-08-26T15:54:44Z,2026-08-26-4
2026-08-22T11:00,0b30a20c727f06ba216e41d625e94aa8a2482901c07ba0d770232f732a21f026,2026-08-26T15:54:44Z,2026-08-26-4
2026-08-22T11:00,0b862cd12efb5bcaa8b9e03d2274898fe8d2f0b96644b0a6c8d481c6877fb7ce,2026-08-26T15:54:44Z,2026-08-26-4
2026-08-22T11:00,0bee59eec6ffb093e3565e275adc76738bcfaeab70c2b17fed960542640e38e6,2026-08-26T15:54:44Z,2026-08-26-4
2026-08-22T11:00,0c615a3523899df96c6ac61acdb0d37444eb031398d45f4c292997027be4905e,2026-08-26T15:54:44Z,2026-08-26-4
2026-08-22T11:00,0d13523fff50b4687534ad8fe74043df49a575cc3958ff22ce5a4fcc27a38adc,2026-08-26T15:54:44Z,2026-08-26-4
2026-08-22T11:00,0d352a63ac5dc252f5b9922d2da10a95ec8189c5a4b7d439d49468e828a8c043,2026-08-26T15:54:44Z,2026-08-26-4
2026-08-22T11:00,0f04aa6836108f90a101c59feca0bbbd256e8dcede6e973d9ef760ca04412492,2026-08-26T15:54:44Z,2026-08-26-4
2026-08-22T11:00,0f1df66bcf000290cca667e07920e0084f6a90cf7ed3a049183b4ee42cda8873,2026-08-26T15:54:44Z,2026-08-26-4
2026-08-22T11:00,103eb97fb9818fb6a8def6abe0ec47b9462ae3e3ded4601607059e43faeba565,2026-08-26T15:54:44Z,2026-08-26-4
2026-08-22T11:00,105a1557f3291ddf1c80a1c57a2f63a558bb5dc685bb26d3e82259aa978d30dc,2026-08-26T15:54:44Z,2026-08-26-4
2026-08-22T11:00,110d826268944530fc24a4b23fe3263096633c19d1e14deeb52cccb9829faaff,2026-08-26T15:54:44Z,2026-08-26-4
2026-08-22T11:00,11a59c06696cbacf7d7f7a4889229e9b57d31154f9feee4d7c52bd81d37a6ba5,2026-08-26T15:54:44Z,2026-08-26-4
2026-08-22T11:00,11bf0c42ed00b86da8bfd18cb95ce709f2e2cbd5e109596917a4120c2a4108a0,2026-08-26T15:54:44Z,2026-08-26-4
2026-08-22T11:00,123f69ed3d0729b59b35f0237babb70e6f1a6823f93e0f8bac4e944a26634d35,2026-08-26T15:54:44Z,2026-08-26-4
2026-08-22T11:00,1249b01f43d2b28f5e4f7345a1818bc11d120a61c2bff4cc2bf5b893a69384fc,2026-08-26T15:54:44Z,2026-08-26-4
2026-08-22T11:00,1273322c5553154712bcd3247ec7dbf8816aca6ef59bacc93e13d2c9608bde59,2026-08-26T15:54:44Z,2026-08-26-4
2026-08-22T11:00,12ef9d0a949bbea02fb2e1b9fba72c37d5e45a7e009f529ee710da29173e6e80,2026-08-26T15:54:44Z,2026-08-26-4
2026-08-22T11:00,132df1631c2d1e534e9897fdd28ed48643bfc75a8e1790741debeddebc17e53a,2026-08-26T15:54:44Z,2026-08-26-4
2026-08-22T11:00,1379c48aadf8912b803417231addabd71c46aec09fa8b1c5de7df85d9b357f34,2026-08-26T15:54:44Z,2026-08-26-4
2026-08-22T11:00,137e76ccf9203710acbd7628607760a5156e21f56382e6ad96e7eaef5ce9c33e,2026-08-26T15:54:44Z,2026-08-26-4
2026-08-22T11:00,13f12645315ef680a029984d9805a17fa0c9d2662ac4d633619f77a021965c97,2026-08-26T15:54:44Z,2026-08-26-4
2026-08-22T11:00,1448574e57d2e1c0f226947e76934fed27b45a84688ad11fe8a28eefbb7aca29,2026-08-26T15:54:44Z,2026-08-26-4
2026-08-22T11:00,144bc27c0c40a0578cbb97d791db221912b08a1b70f58301c6506ece876090d1,2026-08-26T15:54:44Z,2026-08-26-4
2026-08-22T11:00,159301e693197da7af2450027c73118c867e91183db37f144a03c951bd66e938,2026-08-26T15:54:44Z,2026-08-26-4
2026-08-22T11:00,15d66253b4f040f7e8dc4fccce4147ef40e622c8fe565f82b29bb6272efdbd96,2026-08-26T15:54:44Z,2026-08-26-4
2026-08-22T11:00,1624421f51841edc0af633a3e127393bd739f7dc4e7e18967fb56dac85ec0caa,2026-08-26T15:54:44Z,2026-08-26-4
2026-08-22T11:00,168b4d80027ceb16cd438d97a7dd6d31b098f9da3ed2fcd9c385fb70efb8c8bf,2026-08-26T15:54:44Z,2026-08-26-4
2026-08-22T11:00,16e3e4416054fdfbe191577965ed417fea8a65f172ebbf81c1980687582ff733,2026-08-26T15:54:44Z,2026-08-26-4
2026-08-22T11:00,16f83e60a9a310f4c5f2e490cc3c3b0cdc0ec0ba1c5be9ae02c66c42522b4225,2026-08-26T15:54:44Z,2026-08-26-4
2026-08-22T11:00,17177c100c9150295f9a783a1f42c5ab7f67d636429664b84dc83f06cd3f4a18,2026-08-26T15:54:44Z,2026-08-26-4
2026-08-22T11:00,171b4023321407105902bc3ee0b1ffb9cde869cd6745d09096a0235766e558cd,2026-08-26T15:54:44Z,2026-08-26-4
2026-08-22T11:00,172072c82815acb81a3c3626f78d420a551cb4d1e042fd71f58d04934843ed32,2026-08-26T15:54:44Z,2026-08-26-4
2026-08-22T11:00,172c34afdbe35d1040e134394a88e2e5a45595715940ba33b30dcdf5da3f404f,2026-08-26T15:54:44Z,2026-08-26-4
2026-08-22T11:00,17f33b8c0d1e8dc29961588cead71a0367ef6b232359fac911c61abaef65f164,2026-08-26T15:54:44Z,2026-08-26-4
2026-08-22T11:00,17fde79927585e7c98926ef284fa01e781ee1339f77238e4de0d2442853c3849,2026-08-26T15:54:44Z,2026-08-26-4
2026-08-22T11:00,18a1ff9b5bd8debd4cfe051915a4dd702873d11646d9e9d26431733eb165111e,2026-08-26T15:54:44Z,2026-08-26-4
2026-08-22T11:00,19548120c4c5c0c721a3ac0dcd4590a5afe77ced016f2a0d2d8c8fec579b1d46,2026-08-26T15:54:44Z,2026-08-26-4
2026-08-22T11:00,19bdbc6d69e723f6e7f402cee66d7f6a3391cb4b8186b49fb7b2690f341cbdea,2026-08-26T15:54:44Z,2026-08-26-4
2026-08-22T11:00,19fd79f9efa02947020febcce0ac7d40060338eb1c68eaac4609cc1ed600713d,2026-08-26T15:54:44Z,2026-08-26-4
2026-08-22T11:00,1a0efa1605e6d66a46b905b0e85b2b1f24d06e0a0a628d97bdfbb0d220c9fde8,2026-08-26T15:54:44Z,2026-08-26-4
2026-08-22T11:00,1a31fbfc974bee9e3f83fc9bf1237b4248e66d89a247deff52f47ef34261b6f8,2026-08-26T15:54:44Z,2026-08-26-4
2026-08-22T11:00,1b169c6beef995a08e2f4231854d70b824715ebed5d5177c843d6515ea7b4f0b,2026-08-26T15:54:44Z,2026-08-26-4
2026-08-22T11:00,1b7bd2e0e12ee7519c23475ece68284418a27059719240c2ad5da723fb8f10dc,2026-08-26T15:54:44Z,2026-08-26-4
2026-08-22T11:00,1ba91512cde2a8e3be66be61a51d11292ae45958b597caa7bebfcc8b4f5ffa02,2026-08-26T15:54:44Z,2026-08-26-4
2026-08-22T11:00,1bbad2cd4d0315080a8be708c0c7146a91f32967c29b31d91191bb36c563ebca,2026-08-26T15:54:44Z,2026-08-26-4
2026-08-22T11:00,1bdc83cda0771a9c30944b2f9cf7c6e450280d84a025938a857852bcde17fcef,2026-08-26T15:54:44Z,2026-08-26-4
2026-08-22T11:00,1dae468c5114cbaa062c18d3c61be0f88716e216f5f837abf768b8f38f37d43f,2026-08-26T15:54:44Z,2026-08-26-4
2026-08-22T11:00,1e01bd41bdafc8957cde81b1b130097d844d15f5fcb608e55076d604379a5ba2,2026-08-26T15:54:44Z,2026-08-26-4
2026-08-22T11:00,1e0c0c9628128d7aab46ae9a3632ea0bdfb343b4facad4dd35f92ec4dfecf9fe,2026-08-26T15:54:44Z,2026-08-26-4
2026-08-22T11:00,1e2dfa200fbc03eedaedab59e1530ee4d687bd7f2bad88e1e78c8a3d142f256b,2026-08-26T15:54:44Z,2026-08-26-4
2026-08-22T11:00,1e3836b10b173df851d5899164c7191b6c0519d14908ef1f2ca7eea236c96a2a,2026-08-26T15:54:44Z,2026-08-26-4
2026-08-22T11:00,1f04e607b0154c226953cc11c96825e4b40651ce88bec94e6760c50b5acdb998,2026-08-26T15:54:44Z,2026-08-26-4
2026-08-22T11:00,1f606ac940a47029f1bf63f37c6acfbea98da922c11fc3380e86aae64a7e8535,2026-08-26T15:54:44Z,2026-08-26-4
2026-08-22T11:00,2008445ade841b55a802e27cf17097d2179f548a5f3ee7e71d32268b7778a6ce,2026-08-26T15:54:44Z,2026-08-26-4
2026-08-22T11:00,20c6fbfb60d02b99da5665234234d470713a7b583ab5767cb7f3c787c70e9046,2026-08-26T15:54:44Z,2026-08-26-4
2026-08-22T11:00,20ec5420464efc87571af7700dcc63f7ac742657e38b542fd3dfa3a0a1c44a26,2026-08-26T15:54:44Z,2026-08-26-4
2026-08-22T11:00,2187668e512f9c85c2bca8493693825b9257228146d50a9efe773cd5f15ed1f3,2026-08-26T15:54:44Z,2026-08-26-4
2026-08-22T11:00,21a7c1285da331946d074522f6e160871b41165022c45e45d429f357faf75860,2026-08-26T15:54:44Z,2026-08-26-4
2026-08-22T11:00,21f44ff1cafaf6db42c548fbff8793e61d393908f34b24c6d050a643974ab97f,2026-08-26T15:54:44Z,2026-08-26-4
2026-08-22T11:00,222981f16c270da2a49a1aa4e1b63ff457ce0b726653c09a99aacdc8121f8f35,2026-08-26T15:54:44Z,2026-08-26-4
2026-08-22T11:00,22bc6113046acd0f3c283090a611fa6d5f9c57fcbe3a6715eac2c16d435bcdf5,2026-08-26T15:54:44Z,2026-08-26-4
2026-08-22T11:00,24318876148bb403e40567cfbfab1e496b4d9772da12ed2346e863255d9adfdf,2026-08-26T15:54:44Z,2026-08-26-4
2026-08-22T11:00,246718f17366e5bb7f217961baddf3301b59233f6be290f33b7c1981c66a644b,2026-08-26T15:54:44Z,2026-08-26-4
2026-08-22T11:00,2532fbf22e5fe56f21b010d7978489cb170b412f6813b3c0c8ab8a1118d6b9ea,2026-08-26T15:54:44Z,2026-08-26-4
2026-08-22T11:00,2653373c6165b9d35a3a3d0f58aeb6dab64e8d4f7344d504ca8723ba852162a2,2026-08-26T15:54:44Z,2026-08-26-4
2026-08-22T11:00,266be1c781212928ca16a25bc676a75017beccf648c71598fad02ce5ec8edc35,2026-08-26T15:54:44Z,2026-08-26-4
2026-08-22T11:00,2727f66c5ef669f13c79c5f3d02246a4dfc930440097a6f09e129c1bfc313abc,2026-08-26T15:54:44Z,2026-08-26-4
2026-08-22T11:00,27b3ab5c2e1c5081f3ca0dee5cd6b3cc979e95937d8114faff1675923b766848,2026-08-26T15:54:44Z,2026-08-26-4
2026-08-22T11:00,27fc369eef0f02c42c2dcc379bf4544a49bf50623cc032a6644dbc83e0c3ecfa,2026-08-26T15:54:44Z,2026-08-26-4
2026-08-22T11:00,28158860517c262c62fea293310927b76bfdee5ead0eacd69e13d51a060a8fd8,2026-08-26T15:54:44Z,2026-08-26-4
2026-08-22T11:00,281ed0ac81453b6ea64ffa6db972e6b66c29683ef05ed148095688c3542b364d,2026-08-26T15:54:44Z,2026-08-26-4
2026-08-22T11:00,286800644bca97a1328a0a744160b36b1b96d9d6309fac542f4c8a7a0284b2c3,2026-08-26T15:54:44Z,2026-08-26-4
2026-08-22T11:00,286b1d4cd5d69b2cd60c02838a350f1fb374142cf187a22457940ff89b7e9257,2026-08-26T15:54:44Z,2026-08-26-4
2026-08-22T11:00,2872c021e07070779928f91f7e5cec7c87c4048cd582ec6c7892c467425fb11f,2026-08-26T15:54:44Z,2026-08-26-4
2026-08-22T11:00,28cda56407a62c2f7fc689e5bacc724f0b2ed8d7157b5cbc048e89c800d441ea,2026-08-26T15:54:44Z,2026-08-26-4
2026-08-22T11:00,294decc9086a10d2837bce9b3725d94f25cb865a392d3bf53c1ce117ae5e2449,2026-08-26T15:54:44Z,2026-08-26-4
2026-08-22T11:00,296de40dbe9143c503d21d68b211f85ed5d6ad0e54f558df4ef744433b059678,2026-08-26T15:54:44Z,2026-08-26-4
2026-08-22T11:00,299fb6767e8618da01c4f1855ae211467948f691b090767207ace3b525b9aa0f,2026-08-26T15:54:44Z,2026-08-26-4
2026-08-22T11:00,29a8ede197612318e86cdd34995f489ba3239385f8356c90cb4da11c5f13115c,2026-08-26T15:54:44Z,2026-08-26-4
2026-08-22T11:00,29fe352183404e0853cdc9263a5b8c26e86ef887867452e4bf6de2ea5309f664,2026-08-26T15:54:44Z,2026-08-26-4
2026-08-22T11:00,2a0fa1b12502ca373b7a14a5bb93a657aba0e1374a1c38b68c1f21f1ad6ae579,2026-08-26T15:54:44Z,2026-08-26-4
2026-08-22T11:00,2a27a9990c907145ec25d6937f96ccf482b70e9267a37c46efe59317108de1f9,2026-08-26T15:54:44Z,2026-08-26-4
2026-08-22T11:00,2a326a113c959a2ecb680cb6fe587c157acbd0f4337acc7502df88df7de90084,2026-08-26T15:54:44Z,2026-08-26-4
2026-08-22T11:00,2a8e78c25540fd6a94213550e304aaf6b941b37fab1a07397fefc985dbc7b52b,2026-08-26T15:54:44Z,2026-08-26-4
2026-08-22T11:00,2aa05caa4e27f4e4989f40c1ebe912da942a8fbc19a9220a24ca0176a441cc4b,2026-08-26T15:54:44Z,2026-08-26-4
2026-08-22T11:00,2aa723a16092fb36de65290b969dbc5b30c1d0261b740ac75d0614c849c67261,2026-08-26T15:54:44Z,2026-08-26-4
2026-08-22T11:00,2bd871c702f9fd26f3ec39208337d2e52284e0a337d0d2f29549f9d4331f4f68,2026-08-26T15:54:44Z,2026-08-26-4
2026-08-22T11:00,2c5d0a5e00c56a8f53fffa0aa8ee8bfd87c010ca255b8992190cc8d665321122,2026-08-26T15:54:44Z,2026-08-26-4
2026-08-22T11:00,2d0d2a7785c46c3aa49d60bcba1416a40c1d83f25265e79fdaeb509e2e9b5042,2026-08-26T15:54:44Z,2026-08-26-4
2026-08-22T11:00,2d4ec687e8d4a0109934eac7f533dcd8a62dbabeb95f30b3e83f3f02634dac4e,2026-08-26T15:54:44Z,2026-08-26-4
2026-08-22T11:00,2d6054cc51934d57f4b0c1457f8ee5b11f103440f4738245b50ac1bd4e6c4ec3,2026-08-26T15:54:44Z,2026-08-26-4
2026-08-22T11:00,2db3e1e01dcb5b43a3ad6588ac060fdd745564205edd5749aea8a958ae496942,2026-08-26T15:54:44Z,2026-08-26-4
2026-08-22T11:00,2de3a95b1339eb4b2b06bc19df24ac44dff6b289c7b78656cdf2393ea7ee949e,2026-08-26T15:54:44Z,2026-08-26-4
2026-08-22T11:00,2e32675fe83cf09d4efc80007d526fbf3a1c45eaaa4c22cb33e1b7106cea64a6,2026-08-26T15:54:44Z,2026-08-26-4
2026-08-22T11:00,2e475383710ca517b07381ca46086e6f3232818e5c24e7ae23275153b143a9f0,2026-08-26T15:54:44Z,2026-08-26-4
2026-08-22T11:00,2e4a898665cbc6e64c9373c25c4e6b7bc10d356cb1557f489d95b0e5cdeeff8e,2026-08-26T15:54:44Z,2026-08-26-4
2026-08-22T11:00,3043cecef591e2879a1b1dad1b77fc4a2ed9f00ef665cb15fb1376bc72fbd96a,2026-08-26T15:54:44Z,2026-08-26-4
2026-08-22T11:00,306912dab08ec7f6e693ecfb1773623e655aa57d8b71d35dc14b3516f3cab9cd,2026-08-26T15:54:44Z,2026-08-26-4
2026-08-22T11:00,30821c6e5695331748fa4f8d4da72d0426fd70a56ff1f8927b5af305044870d1,2026-08-26T15:54:44Z,2026-08-26-4
2026-08-22T11:00,3088b995862d09254cd6af8dd05a68e3f40d688c3191305fc0046deb86652721,2026-08-26T15:54:44Z,2026-08-26-4
2026-08-22T11:00,308ab173a4647a5a9537c3c93697fb775cc6821773ce8fedf63f97f294fcc2ed,2026-08-26T15:54:44Z,2026-08-26-4
2026-08-22T11:00,30a7118a3ebfbf52d040685ddf73a08c1662a81c18df3d70c51e5844860bdf25,2026-08-26T15:54:44Z,2026-08-26-4
2026-08-22T11:00,310509f255c6de7b29258172999834d9bd952d50c79e6a58fcb9aabb0d8d93f1,2026-08-26T15:54:44Z,2026-08-26-4
2026-08-22T11:00,31f93601c9ac587507efc68405d6831b913b45aa609e32c2d4b8ed660ba2a21d,2026-08-26T15:54:44Z,2026-08-26-4
2026-08-22T11:00,33a8f50f552320c86649542b821fac499c145935177135b8ec615b08885980c8,2026-08-26T15:54:44Z,2026-08-26-4
2026-08-22T11:00,33df2906fbdc5f8795e1bc847fbb1959268ff6cdbfc11c3b4ad5f54075ae7e5a,2026-08-26T15:54:44Z,2026-08-26-4
2026-08-22T11:00,347b050fdd83353ada379249d620a4b09939407ddf72ae6b206a8891f4917aec,2026-08-26T15:54:44Z,2026-08-26-4
2026-08-22T11:00,34c855ce504c5202da48402127bbadd60dc82038626034f475c39dbbc89d0ded,2026-08-26T15:54:44Z,2026-08-26-4
2026-08-22T11:00,34eca32d6ac2df366bfd0b2a8b0cf2a7a4ab5ccafae7acdf1d8421d2e21d4cf9,2026-08-26T15:54:44Z,2026-08-26-4
2026-08-22T11:00,356e84539f76d69256e91749c0d24a5f8993644be5fd6f62af53c35e8eb21210,2026-08-26T15:54:44Z,2026-08-26-4
2026-08-22T11:00,3659065692b83669baa3d6c091e866bfe14f3935e7889d83de77ec29fd81359f,2026-08-26T15:54:44Z,2026-08-26-4
2026-08-22T11:00,3735996eba20e6ce458e1ee7b019fdc16affa534d7ca3a1b44fe6e9b48a56b3c,2026-08-26T15:54:44Z,2026-08-26-4
2026-08-22T11:00,373d33546dd3ef07986e32cc46fb6655d13247e670114b0af88b63e4caf0328d,2026-08-26T15:54:44Z,2026-08-26-4
2026-08-22T11:00,37b2eda53d5c3d31ff869093d8b8d1c9c480a98fc774f8738e6cf336a6da0b8c,2026-08-26T15:54:44Z,2026-08-26-4
2026-08-22T11:00,38cfaa24bab1739cf28f16a25a69a1d96ab98e920f6b5eef48cc8ae60496708e,2026-08-26T15:54:44Z,2026-08-26-4
2026-08-22T11:00,3904853da81777d24d4584604e3ed460144a6901647c882703f14bcb2728a551,2026-08-26T15:54:44Z,2026-08-26-4
2026-08-22T11:00,392efb83be1467163f6aa78eb46823cf996b653cb74df598611d7826201513aa,2026-08-26T15:54:44Z,2026-08-26-4
2026-08-22T11:00,3947b5ff52d4c32898272dd39b8b08c40ba6839547d2d42841272cd4f6974a43,2026-08-26T15:54:44Z,2026-08-26-4
2026-08-22T11:00,3a2183213b1742f7b8de18ddee2b08088a8106a4e002956fbd17548532bc9538,2026-08-26T15:54:44Z,2026-08-26-4
2026-08-22T11:00,3a3b18467212a2f64ffe12bfcd081d2276db8b6a020f90edcc255dd9fde42769,2026-08-26T15:54:44Z,2026-08-26-4
2026-08-22T11:00,3a523ea69ffd8e5cb10509cf75ba767522df4f545f2b6d67395667f66d1b166c,2026-08-26T15:54:44Z,2026-08-26-4
2026-08-22T11:00,3b83eb5139ba24cc34caa8dfe2f9dccd27136c0f54d2861091f784288d059b77,2026-08-26T15:54:44Z,2026-08-26-4
2026-08-22T11:00,3b9d2151531172c55867babb3664ca7775e275215c1908a718c09d99c0ed51ad,2026-08-26T15:54:44Z,2026-08-26-4
2026-08-22T11:00,3bd382a9e17e72b4e2054bfe2efbbf7c32ac3cfe2de40643b16f42530e04b00f,2026-08-26T15:54:44Z,2026-08-26-4
2026-08-22T11:00,3bec7f1a1810d39d39a383e14cef8179a8f58b4d4c4b32788da1a068f274ec20,2026-08-26T15:54:44Z,2026-08-26-4
2026-08-22T11:00,3c1a22fff8d5e2ad8e512c8f5857a8ec272e11f3cac1eb97461bdfe35bc1a299,2026-08-26T15:54:44Z,2026-08-26-4
2026-08-22T11:00,3c61035301cd604fd0c6fac84a4db1f5a7aa039ef39de1adb07b0d623dfe1a57,2026-08-26T15:54:44Z,2026-08-26-4
2026-08-22T11:00,3c6625bd69e69723fd3eef3ca63b114adf5d9f999e1aba8fa99947c901154600,2026-08-26T15:54:44Z,2026-08-26-4
2026-08-22T11:00,3cc16dc77909987ba5713c55fa707b62badbd51b27e61e50691fd78b055a73a2,2026-08-26T15:54:44Z,2026-08-26-4
2026-08-22T11:00,3d13ca739806e57fc95db383977ec953addb0a209c32abcf55d1dad635b7fb61,2026-08-26T15:54:44Z,2026-08-26-4
2026-08-22T11:00,3d21f1a557b8b1c02501410b256d35b44d6c8f8d9d7e805d2dda4a37e5117599,2026-08-26T15:54:44Z,2026-08-26-4
2026-08-22T11:00,3d75bed0030e05d20582c58c6d456edd573bf513a147456d9412bfd73072b1c0,2026-08-26T15:54:44Z,2026-08-26-4
2026-08-22T11:00,3d8d4c7c577b74f335c916969bc51983b168d8c71107b0e39af235799b4260d2,2026-08-26T15:54:44Z,2026-08-26-4
2026-08-22T11:00,3df02c18a29c6bd7a22fc8102cfda1e68892843f2808044bfb2b8715338d0612,2026-08-26T15:54:44Z,2026-08-26-4
2026-08-22T11:00,3e9c0f2fda27863f48b80c076a5d1262efb12b74cf8215287571c38654449eeb,2026-08-26T15:54:44Z,2026-08-26-4
2026-08-22T11:00,3eb69dcd2956a499ceb9f0f9aa41daefce19d804393e4cbc4e5ed1c141de77ec,2026-08-26T15:54:44Z,2026-08-26-4
2026-08-22T11:00,3ef2c21eb3c32636aabdd0ec7b936a859c51e697f19c203733ab3c19ae6aa266,2026-08-26T15:54:44Z,2026-08-26-4
2026-08-22T11:00,3f0749f787eb9c4e1c1278932f5cb6327f6a278c84dfbd256fbac3af0dce64d5,2026-08-26T15:54:44Z,2026-08-26-4
2026-08-22T11:00,3fb00f0984d0d8567a968e7b10b6c0cd46eaf0629014e53ae2b9055dcd41e8bb,2026-08-26T15:54:44Z,2026-08-26-4
2026-08-22T11:00,41678d400e90acdc13ecafb8c1a12f2d875d792e8b7fbf46c79d8b15c1275c58,2026-08-26T15:54:44Z,2026-08-26-4
2026-08-22T11:00,4173130129cea3c4b124af71614334e5e2448ec6658938a1bc8d2eb74d169775,2026-08-26T15:54:44Z,2026-08-26-4
2026-08-22T11:00,41e80d77658e6d188160f5e56564fba00cf72ff9363b772052f771ee08ce7637,2026-08-26T15:54:44Z,2026-08-26-4
2026-08-22T11:00,4237829daab589d1cd529a32a60847892c8ff91474f74ebaa51bef425cdf5537,2026-08-26T15:54:44Z,2026-08-26-4
2026-08-22T11:00,42889abcb2065085c1862d3c135dbe156a1a0a3382b355d6f9cb413da871404f,2026-08-26T15:54:44Z,2026-08-26-4
2026-08-22T11:00,42a2fb09fb9a2e35e42874961af7f4e50aca8709fe9d9ba925755ed9d6c270a0,2026-08-26T15:54:44Z,2026-08-26-4
2026-08-22T11:00,42edb89a8594c5ad904681c79284c9376a3efc6920f22e6f0b1be48ad51b0f1d,2026-08-26T15:54:44Z,2026-08-26-4
2026-08-22T11:00,43413303e6ca09c93a9ad3ebf027140feee940b9af9453563c7178a583ffcac7,2026-08-26T15:54:44Z,2026-08-26-4
2026-08-22T11:00,43b795a39ce3d1f78867a32d163ae38d290793100b49b40e4cd70f9179d8fb3e,2026-08-26T15:54:44Z,2026-08-26-4
2026-08-22T11:00,4476e6ba29d7e949d0acf772ae71745f1d50af2c2316dc1fc9583a632e3a9521,2026-08-26T15:54:44Z,2026-08-26-4
2026-08-22T11:00,44a235b34e4da1c2213e6ed0d668304f68ffe8be9a5bcaeb2a0b495e862257b2,2026-08-26T15:54:44Z,2026-08-26-4
2026-08-22T11:00,4558c23ff9829bd09658ccb7447411ea3b58faf1e68c83f5c6606ea95fbb4ab0,2026-08-26T15:54:44Z,2026-08-26-4
2026-08-22T11:00,45e117c5fe7e68a3e69e312a1c6512f4bf3a21456ec4ad57a8d9decc3bb8cc56,2026-08-26T15:54:44Z,2026-08-26-4
2026-08-22T11:00,46195e84ca724ab90401eccab04f6553bc14453e30ded70ecae712c852e8f6c0,2026-08-26T15:54:44Z,2026-08-26-4
2026-08-22T11:00,4626e26be997b91fe01545973ae619a175638ef8cb6e13adc283042552e27346,2026-08-26T15:54:44Z,2026-08-26-4
2026-08-22T11:00,46dc7d045df3a07c1d1f7e8f5dc999e1aaee174b58e3fba82bac487ef9fe8f09,2026-08-26T15:54:44Z,2026-08-26-4
2026-08-22T11:00,46e0894bf71269445e2ac1b867ab2467bb1897abfc0229bced20b5b9e58fd572,2026-08-26T15:54:44Z,2026-08-26-4
2026-08-22T11:00,470832457f8c6062006808d039d0391be79f9312acee4bbae8ba32bc15894f88,2026-08-26T15:54:44Z,2026-08-26-4
2026-08-22T11:00,476bd3f6314b7ce89a1a336508693841bed87e5b650c659683b374452f061c8c,2026-08-26T15:54:44Z,2026-08-26-4
2026-08-22T11:00,476f3cf0f0fd8a6949dbd3922cf5eb25554ec0c8f03974dc4727cc168bc5811f,2026-08-26T15:54:44Z,2026-08-26-4
2026-08-22T11:00,47f91d0ab07c673c590c40b7b8ad849aa798fa1799fd6cbd8ff5f9c8995af451,2026-08-26T15:54:44Z,2026-08-26-4
2026-08-22T11:00,480a095c66c0e66bdb75063aef5654844c4d41d585bab2f27bcdf6cf20eb8768,2026-08-26T15:54:44Z,2026-08-26-4
2026-08-22T11:00,4885f5a21b8bf0cb829d644ef45c0e671311fe9fa95a21286e0b775b619f543d,2026-08-26T15:54:44Z,2026-08-26-4
2026-08-22T11:00,491da50fb864eef87380ac4a6c0bc0b35fe98e21d5b1b94ceb09cbcd560acc48,2026-08-26T15:54:44Z,2026-08-26-4
2026-08-22T11:00,4a51ff1d2c68bd1124dfaa9a7b45e0132e6d5f169b83c22477aae95ed6a0e21b,2026-08-26T15:54:44Z,2026-08-26-4
2026-08-22T11:00,4b1509aead7c87e47301577889afdc93fe02dfc2fe71f1648b61a08c92275eaf,2026-08-26T15:54:44Z,2026-08-26-4
2026-08-22T11:00,4b4bb58c6979449c98d3ac76899a87722dbcbba0c0c10a0b2559cd4b5812cd68,2026-08-26T15:54:44Z,2026-08-26-4
2026-08-22T11:00,4bce0f0296309368f5734d5808e3a91d7a0ebf9876735ac6b484198578910c06,2026-08-26T15:54:44Z,2026-08-26-4
2026-08-22T11:00,4bfe800296a6fff44d7dc95c62c6809a20442fcaecb448e2213ea7131bdb0904,2026-08-26T15:54:44Z,2026-08-26-4
2026-08-22T11:00,4c0f7233e5496ff5982ed3275a8d75cb27df40b9dfd0c4f2703fff3a7f04acac,2026-08-26T15:54:44Z,2026-08-26-4
2026-08-22T11:00,4c1e7062404d53476c8c1483afd459f406e14949861e8577af3f54a37e1bf927,2026-08-26T15:54:44Z,2026-08-26-4
2026-08-22T11:00,4c366370381cbd0788fcb4f4056714ad5c9a818303e4f018470a60d53c9c0235,2026-08-26T15:54:44Z,2026-08-26-4
2026-08-22T11:00,4c83424ceb83f6aa07542997a5db7e4289c7a564440ae44db1e71bd290cf7481,2026-08-26T15:54:44Z,2026-08-26-4
2026-08-22T11:00,4ca5ab0dcb4d940fe705201ea5dc2902b80b9da5f825e70c8de385d803eb0051,2026-08-26T15:54:44Z,2026-08-26-4
2026-08-22T11:00,4cb38a1a5273f971ca5983157bf1fad4e4b6de287a408764c7d9f086c986b3f0,2026-08-26T15:54:44Z,2026-08-26-4
2026-08-22T11:00,4ce73aa28213f39490b46969acb93efcd8017868a490d3813c5ce2b3ed79ef97,2026-08-26T15:54:44Z,2026-08-26-4
2026-08-22T11:00,4d02a0e8e613866b41323525e67ea94bd26603574541d933eca1e28e027f281e,2026-08-26T15:54:44Z,2026-08-26-4
2026-08-22T11:00,4d67684907f2507811a5d67802f9bd3fe0b2e58d3274a6f1c8ddd39899559667,2026-08-26T15:54:44Z,2026-08-26-4
2026-08-22T11:00,4d7214739de429ac6b889385b97658bdf76510ea48287cf59b43a4028a8a2a2a,2026-08-26T15:54:44Z,2026-08-26-4
2026-08-22T11:00,4d97a9eff93e2a8ee48e1cbed8438ec496d75a0f5a8ea2573ca10b9bb7f0ab2b,2026-08-26T15:54:44Z,2026-08-26-4
2026-08-22T11:00,4dc6257f6ad1db3bf2ba78ecfe4da8d1154af06ff4f1b461d2ad9eab75756f11,2026-08-26T15:54:44Z,2026-08-26-4
2026-08-22T11:00,4ddba999fd957781af283fb0e9fbab30c6e195c171dd90c76fcde269ff8d4192,2026-08-26T15:54:44Z,2026-08-26-4
2026-08-22T11:00,4f01536015934cd9f38b92dd43290a4be0ed341a60f53716c0a5f4cd78d59236,2026-08-26T15:54:44Z,2026-08-26-4
2026-08-22T11:00,4f351e400c5749ac366baa3be03929e2cf703f00152a860701fe24c04da4a156,2026-08-26T15:54:44Z,2026-08-26-4
2026-08-22T11:00,4f4bc05b3ddf7fa662692e2ef45288b4bbde78ff09a1ac4be819892a034bc7f8,2026-08-26T15:54:44Z,2026-08-26-4
2026-08-22T11:00,4f7c1b7fa52393e7696b726a31d0bfe60c6550f71a239bf01adbe25bfc8ca175,2026-08-26T15:54:44Z,2026-08-26-4
2026-08-22T11:00,50fc663be6aeb98111cd9f9b7a15d0dc5d9d03023c91a8281917796028c8863f,2026-08-26T15:54:44Z,2026-08-26-4
2026-08-22T11:00,517fdbe9022be1920ce3323685a06e36c5b9ad2cc7ae4c141d0e7d20ea1c4664,2026-08-26T15:54:44Z,2026-08-26-4
2026-08-22T11:00,527f46851925bad79a9d29e8bf6e7b25313e774f714e05c1bbc8c0512f00d123,2026-08-26T15:54:44Z,2026-08-26-4
2026-08-22T11:00,5282abef644eff4bc1349af7d227ef92c81d28b697b0c5ff25d74a92279a16b9,2026-08-26T15:54:44Z,2026-08-26-4
2026-08-22T11:00,528632d613facfa52e0aabfc08007b5d19667765ac5e1e8faa797a4e157da337,2026-08-26T15:54:44Z,2026-08-26-4
2026-08-22T11:00,52e47277c5d2aa6a9d8dce8fd427a279188e124a237d0045bd5ba0f7c00ed24c,2026-08-26T15:54:44Z,2026-08-26-4
2026-08-22T11:00,52ef6509f3768facbc5cff607833a2be0716cdcece241d03ed2d0835f1489e22,2026-08-26T15:54:44Z,2026-08-26-4
2026-08-22T11:00,5355ca8fe2ac6cc39f899a9041a592d14e0b907c57038b3ed5b6a2272ecf2b35,2026-08-26T15:54:44Z,2026-08-26-4
2026-08-22T11:00,535ea0cfec653685c2912a5c503de408210eb5378123de3551de42b5a4af51a0,2026-08-26T15:54:44Z,2026-08-26-4
2026-08-22T11:00,53d624e5f16db9df4ac671ae711fb467cabfda2be769df9c171038bec6e3d9fa,2026-08-26T15:54:44Z,2026-08-26-4
2026-08-22T11:00,53ea08d8e45fbeccf115a0568485331ed16300173f63f8d1a9b10181519d8863,2026-08-26T15:54:44Z,2026-08-26-4
2026-08-22T11:00,53efa92ee63891f2fb6e15680be142d8a4a217eaff3b436848c79e552db41f97,2026-08-26T15:54:44Z,2026-08-26-4
2026-08-22T11:00,543b040dd69bc6f16f42ed774bf5b9609e36d773dcfe8c1bc7e6964ac7f75d7f,2026-08-26T15:54:44Z,2026-08-26-4
2026-08-22T11:00,54e652aefab22021dc13bc1c0aa7f52579aa7d15704934d93aa638800cdb32ff,2026-08-26T15:54:44Z,2026-08-26-4
2026-08-22T11:00,559f634af41f79caa4bb3c92984d2d43a3ac5e8591996b9e6b013ba431727f74,2026-08-26T15:54:44Z,2026-08-26-4
2026-08-22T11:00,56a257b603787a2f55e8af154c26209ca7bb344d73a471c31b549c273a957359,2026-08-26T15:54:44Z,2026-08-26-4
2026-08-22T11:00,58f714f67f3e2dad9a1c1b52d18680305a316947ea234a1beb3bf0fd62288d42,2026-08-26T15:54:44Z,2026-08-26-4
2026-08-22T11:00,58f7bad612d22d5150bd2ee1d55797e7680914a6c7ba1dcaf0bfd26657e53f6c,2026-08-26T15:54:44Z,2026-08-26-4
2026-08-22T11:00,5925876253c1fd13bd192caf48409f9dd4bea67bd68f20e6e8b4b455a7b2d5b2,2026-08-26T15:54:44Z,2026-08-26-4
2026-08-22T11:00,5927a147afe5f2a377b2453dc1f6c253fbde97efa5ad663398d29319910c7d72,2026-08-26T15:54:44Z,2026-08-26-4
2026-08-22T11:00,593ffcb4ed703a261aebbdbdb5d6afe11961e404e21cf05e08688364ffe973c1,2026-08-26T15:54:44Z,2026-08-26-4
2026-08-22T11:00,5949f8386eb1882b2bd930f9048fbf01eb907007190f4d3826640a6769c31ab3,2026-08-26T15:54:44Z,2026-08-26-4
2026-08-22T11:00,59a5cfd704aca356e3b58f773d478ee274a1d57a248224434fc0711c309bdd70,2026-08-26T15:54:44Z,2026-08-26-4
2026-08-22T11:00,5a2b94b4faa2ec9e6ee10574431fb75d2829a87dbd3087f051f23086d9e80785,2026-08-26T15:54:44Z,2026-08-26-4
2026-08-22T11:00,5a726c99076f8c952e67af3264a4731bc8a1911cfee1271c07785393ad3d6581,2026-08-26T15:54:44Z,2026-08-26-4
2026-08-22T11:00,5ab18e9b2f94fe9e19c505b0ef55495dcc0199d3ab11aa25c60a8458d7624208,2026-08-26T15:54:44Z,2026-08-26-4
2026-08-22T11:00,5af1711111c67671afc3d04758adace36c6c6bb0ee792825091f2cca758c0735,2026-08-26T15:54:44Z,2026-08-26-4
2026-08-22T11:00,5b096f77b660d587dca17310950b4f09662ac52109d87c0372d1afe0350b1407,2026-08-26T15:54:44Z,2026-08-26-4
2026-08-22T11:00,5b338043baacbfe60f11b39b9b6573f97897fbad7bad5cab8d8e184cf625a458,2026-08-26T15:54:44Z,2026-08-26-4
2026-08-22T11:00,5b84b6d5f6385288ed3ee33f401c44263a534f8cbf65dfb8e861103f7735b38b,2026-08-26T15:54:44Z,2026-08-26-4
2026-08-22T11:00,5ba2c8352326ea0848b6e0dba9fef5a7f06d9152203c04f32a9cdf5a539f2a80,2026-08-26T15:54:44Z,2026-08-26-4
2026-08-22T11:00,5ca59ca058bf188691ec59a2aac86a7c765b21250c881ca528320918f0008a0a,2026-08-26T15:54:44Z,2026-08-26-4
2026-08-22T11:00,5d1b81642faac5c5fab9d8bf47153c4d54b02b0b9909d0447b45a8a4c228c6b0,2026-08-26T15:54:44Z,2026-08-26-4
2026-08-22T11:00,5e097b666683b985f2dfaad4254ee5f1a5e9464f0a407301e70feda5e5e7a2bf,2026-08-26T15:54:44Z,2026-08-26-4
2026-08-22T11:00,5ec5f5f454e0ba97a142377013f3e5b978444651ac2f030106f1450e6830f11d,2026-08-26T15:54:44Z,2026-08-26-4
2026-08-22T11:00,5edbacf5a525670057e8b212bc4d5d8b73ed435fd160272f2ca902ca7a0e80f1,2026-08-26T15:54:44Z,2026-08-26-4
2026-08-22T11:00,5f607f66002afc668ca2d9516d62dae17102418b97e75cf9ead989279c01d1f5,2026-08-26T15:54:44Z,2026-08-26-4
2026-08-22T11:00,5f81278ab98dfa76543883a0e9444f65e79c374c06d9a9002899a7085a7b1a64,2026-08-26T15:54:44Z,2026-08-26-4
2026-08-22T11:00,5fabe65ce2df63a0b227a126f6499b60a96198b19de4f337089581a0a247c82e,2026-08-26T15:54:44Z,2026-08-26-4
2026-08-22T11:00,5fffddfc6af5581d25239503fb9bb06fa9be909c73d733345cbf30222e9834ff,2026-08-26T15:54:44Z,2026-08-26-4
2026-08-22T11:00,60380eade9a0764d8427ca737b8438249680eb226e00282d855c9dc041ce9f4d,2026-08-26T15:54:44Z,2026-08-26-4
2026-08-22T11:00,6050064b6a568c99e24fd9a24cd218e5a90f1de1ee8ff3370cec34e2499ef990,2026-08-26T15:54:44Z,2026-08-26-4
2026-08-22T11:00,60745fe794fa89ce9ce70e9ad83982cc1acc3716697add2b3acbf7c18c780f9c,2026-08-26T15:54:44Z,2026-08-26-4
2026-08-22T11:00,60b9ddd89a4e48ac3008c8d8c23bf5640e6292799b3ab6903ea601f2ecb610b3,2026-08-26T15:54:44Z,2026-08-26-4
2026-08-22T11:00,614471aeec06c567becc5eed2c0ba57195de260197f21f5b22d28890b0c54366,2026-08-26T15:54:44Z,2026-08-26-4
2026-08-22T11:00,61fd1d962c1679cfe7354751f13d39f87f1c768e9c67a62fc5411a6aee501e72,2026-08-26T15:54:44Z,2026-08-26-4
2026-08-22T11:00,622b7bfdfc4b9210a59c6dc881d4ccdfe99da075a1c051d59e3ec8b213e09a19,2026-08-26T15:54:44Z,2026-08-26-4
2026-08-22T11:00,62e00ce32d21e0188c3332cb4b5fe3cea79d9934ab1f57257486efb1a5440192,2026-08-26T15:54:44Z,2026-08-26-4
2026-08-22T11:00,63740776eff21647230647be495cdffc97520339798dce60dba9af7f655e9a39,2026-08-26T15:54:44Z,2026-08-26-4
2026-08-22T11:00,63957b78290a595cd8587a2b2cc2a05a221cd7db3fe69d1fd2197ad88b3207ea,2026-08-26T15:54:44Z,2026-08-26-4
2026-08-22T11:00,63b7658e300e705be9b937996ee77876ed3d806244aa6d11fbff8fda9bad1319,2026-08-26T15:54:44Z,2026-08-26-4
2026-08-22T11:00,63c00311e50bdede4a4254d5f0d26e43cd85a4edbe0a4592aadac6015dec5bb0,2026-08-26T15:54:44Z,2026-08-26-4
2026-08-22T11:00,641755696226dc7f7da93f0ca8a51932dc13d382966fed574d08015e7ab60709,2026-08-26T15:54:44Z,2026-08-26-4
2026-08-22T11:00,643ce28a5aec6fd4b04ff532332f5adb124dad660f65c24a5c7aa64e0d87cb08,2026-08-26T15:54:44Z,2026-08-26-4
2026-08-22T11:00,6447090c53ad2e063017aee091310ee87d19a9efda4959b7295f90b2fecd45e7,2026-08-26T15:54:44Z,2026-08-26-4
2026-08-22T11:00,64935ce622ea45970e34efa9419d6ea41f998bf03f5d0a674aa133f8d29a5a4a,2026-08-26T15:54:44Z,2026-08-26-4
2026-08-22T11:00,64f895389030e2d0fd7b3d36dad51bfaf7b40e2bbe2a3a3278a9544b0e2d2654,2026-08-26T15:54:44Z,2026-08-26-4
2026-08-22T11:00,656ff6e5bd7d190b7a22508343d9953dee905208797f9599dc0670c7b5e07640,2026-08-26T15:54:44Z,2026-08-26-4
2026-08-22T11:00,662d9c2bd053d6dadb69d67ecd2cf53dc3b2d3ed529d46f9080ab82d660923da,2026-08-26T15:54:44Z,2026-08-26-4
2026-08-22T11:00,66f24872a44dda922aff5c9e31fdc4b6c0da48151e8453221dfecadb9786d52b,2026-08-26T15:54:44Z,2026-08-26-4
2026-08-22T11:00,678cd76437993840f65381c1280fe8f0c74069c1d8c5c7090bed8469771fb26e,2026-08-26T15:54:44Z,2026-08-26-4
2026-08-22T11:00,67bbe75b89610bc0279d0a6d9e239eb496099a592f46a3e91502f8733419da1b,2026-08-26T15:54:44Z,2026-08-26-4
2026-08-22T11:00,683fd01c76012c985d86d1bf54d636d16050cc0fc8081af7cbbd1ec775ea3bbf,2026-08-26T15:54:44Z,2026-08-26-4
2026-08-22T11:00,68aa8bbee9db7e9b8aa07950201a0d2543a79c2c785aafaecc9e334318b158c2,2026-08-26T15:54:44Z,2026-08-26-4
2026-08-22T11:00,69f536a1703ef4441012e81c850c77a025b41333c6ba81fbf11a52bf09bf65f3,2026-08-26T15:54:44Z,2026-08-26-4
2026-08-22T11:00,6a10c8133e9a447c2b68f571d68d1dc6325a84dfe7cc3fb39b6d87639d813a8e,2026-08-26T15:54:44Z,2026-08-26-4
2026-08-22T11:00,6a2ed8683281bc8999eea127c775c872dd4f2280a463741c54dec891c116e522,2026-08-26T15:54:44Z,2026-08-26-4
2026-08-22T11:00,6a6cc61fe280adc7350250bbe060a37f8052afbe7cdc342bf35496a9ba1c682f,2026-08-26T15:54:44Z,2026-08-26-4
2026-08-22T11:00,6b14f116486f7a1e17d28466e01a4ba3a0921432db157b4f1e8f87c5da2625a9,2026-08-26T15:54:44Z,2026-08-26-4
2026-08-22T11:00,6b8c13e6411970ae2acfc476e71e883925d71b626768491408eaa99da5b39b72,2026-08-26T15:54:44Z,2026-08-26-4
2026-08-22T11:00,6b9d228785d722c41f0a1cdc6881944383278dca32aed18227ee8b72f2994ffd,2026-08-26T15:54:44Z,2026-08-26-4
2026-08-22T11:00,6dd38a4fe5fffb97494bfb042fe53d369533c69931f7ade684bb089511e1eb39,2026-08-26T15:54:44Z,2026-08-26-4
2026-08-22T11:00,6e0e06009c98314815399790cc0941d5167df074667e8d668ac2cc4385f2a35e,2026-08-26T15:54:44Z,2026-08-26-4
2026-08-22T11:00,6ed04596942bdcd05bdc71713c295411409733fb2a4489a84203ad4cbcec6e7f,2026-08-26T15:54:44Z,2026-08-26-4
2026-08-22T11:00,6f8554d043fee16d087fc29faae2748190bf5d5b158c9f7e1829ab1d89c99f83,2026-08-26T15:54:44Z,2026-08-26-4
2026-08-22T11:00,6faa89c7da24e08deab7b4b30431bd681bd3377e95077f5c9e393daffdacb0b9,2026-08-26T15:54:44Z,2026-08-26-4
2026-08-22T11:00,6fc8bd0f50334e3179fb45634e6a044095abdd3aa99fceb1c7635b3a27ba8f3c,2026-08-26T15:54:44Z,2026-08-26-4
2026-08-22T11:00,701015aef0e09eeb2a437640a5b0d7a1c58535b478f51bae1b199e5d76f18558,2026-08-26T15:54:44Z,2026-08-26-4
2026-08-22T11:00,70ea1704cfc3ab17df16989f0e81b628a3b6d8e94e65a854aa1d1a7f6b2cf938,2026-08-26T15:54:44Z,2026-08-26-4
2026-08-22T11:00,711b224c9c934bf4c49e9965e08d8be9227a8d23f8c519fa62a5aadd03d5745a,2026-08-26T15:54:44Z,2026-08-26-4
2026-08-22T11:00,716c35ccf21ead64b29b7e9306c72dd466a5fcc1252e8afec1c722b6ebb242f8,2026-08-26T15:54:44Z,2026-08-26-4
2026-08-22T11:00,71bf075169b06c15306ece03393086bd9394ecdec661d0357fa2a04843b492ef,2026-08-26T15:54:44Z,2026-08-26-4
2026-08-22T11:00,733bae1ca7f74eebac36f87bc0230e83ec6c3fc452cdad1f6de122d189945515,2026-08-26T15:54:44Z,2026-08-26-4
2026-08-22T11:00,736a977827a745798437cd3dd7b5a39ecede55acefb182e48325cc47db0ae7cd,2026-08-26T15:54:44Z,2026-08-26-4
2026-08-22T11:00,7400643565d25e5d0b0b09732dd6cd542b7ca77eb39806f9cae04330256e710f,2026-08-26T15:54:44Z,2026-08-26-4
2026-08-22T11:00,745d1d0f2bf148a94083f3bd07744c0da5971177cfc0f8e5aeeb95fa3d001f79,2026-08-26T15:54:44Z,2026-08-26-4
2026-08-22T11:00,74f5149ff1ed59763575d5ed0f0e168dd750d1dd3df6f8f77d4300c47a763c6e,2026-08-26T15:54:44Z,2026-08-26-4
2026-08-22T11:00,752611b2c7ea5e23980ec7c00f34acfb1461ff7e0c1e1b1d909bc72dd6ceff25,2026-08-26T15:54:44Z,2026-08-26-4
2026-08-22T11:00,75618d2dcaa896c28a2ecd6f8bc9c41010bc82b136e51d1f2fb8c6423e4cd95e,2026-08-26T15:54:44Z,2026-08-26-4
2026-08-22T11:00,761c128f8ab5f827e16d860f2a035d358d7e7c328c89a3ed174c18dd4c7e4a08,2026-08-26T15:54:44Z,2026-08-26-4
2026-08-22T11:00,766a2284a6d57e9f8efa708ae174a58af814fac92728a5788c2affe70e6262f3,2026-08-26T15:54:44Z,2026-08-26-4
2026-08-22T11:00,76b19179211e163ce98660921cad001668193d0e6e957c44341537d70854403f,2026-08-26T15:54:44Z,2026-08-26-4
2026-08-22T11:00,76b40bbfe1e2da047cf165e0ee50a2651bff00822b2e3d42be696476df50870e,2026-08-26T15:54:44Z,2026-08-26-4
2026-08-22T11:00,76deebc5ec7e7e9d3b0af338325f6aa133d4079977c5baad72b43b88430ffebf,2026-08-26T15:54:44Z,2026-08-26-4
2026-08-22T11:00,782f6655dd2ba5e6203e7312ead487937592aed132db5dd9cde5133606498382,2026-08-26T15:54:44Z,2026-08-26-4
2026-08-22T11:00,788d41ec362cbf5d94261d848a6d29b735c10a4aa5e6ecf5aecb69b64f19ae33,2026-08-26T15:54:44Z,2026-08-26-4
2026-08-22T11:00,78ea1ccb5de378d921a750f30ecd143c9173003ecccc4a59508d0a7a36060a23,2026-08-26T15:54:44Z,2026-08-26-4
2026-08-22T11:00,79192d1ad6559c180700929de3b2c8289099fbfa0de85d496c5ca7debd9d36ab,2026-08-26T15:54:44Z,2026-08-26-4
2026-08-22T11:00,794bbfd68cad2990821ac9d9824c2905723fc7a5ca659f025108c2ebd3f21a36,2026-08-26T15:54:44Z,2026-08-26-4
2026-08-22T11:00,794c7f6149d5cc06f1de93af60b0e36419e99d0e4d014e1fa043437e86d7a130,2026-08-26T15:54:44Z,2026-08-26-4
2026-08-22T11:00,7955204323005e8df4bcb7efc73ff561ad15e68967ec2a5281eaca477f58408f,2026-08-26T15:54:44Z,2026-08-26-4
2026-08-22T11:00,79c16759ac38abb71b752564f8dd9f6a63733e3db042c2d68dc0bfd3fce8e70c,2026-08-26T15:54:44Z,2026-08-26-4
2026-08-22T11:00,7a2f87682ec45ca5e733eb33d56aaeb7b6cdc53a7fd491651da84ca9b544df16,2026-08-26T15:54:44Z,2026-08-26-4
2026-08-22T11:00,7a4a70f30739cd644c4309a3e3029031be5f009642fefbdf8d7a0c483b6528a1,2026-08-26T15:54:44Z,2026-08-26-4
2026-08-22T11:00,7a5e4be9293996c7276d6cd3e0f5931187899446b371d435e61fcba0578ae8f7,2026-08-26T15:54:44Z,2026-08-26-4
2026-08-22T11:00,7a7bcfb1a72096760d09b1bf0b229dc067c4dc4e4834e448e6bbf6c0b531f250,2026-08-26T15:54:44Z,2026-08-26-4
2026-08-22T11:00,7ad5b509e832da3a4b212fea81e7194f6bf63e25a828668a7804f3bd3aa3841d,2026-08-26T15:54:44Z,2026-08-26-4
2026-08-22T11:00,7b7e2ff0cf1b00c239ef7fd580d55a9357e2c96b83742303cfffd60f49cbab84,2026-08-26T15:54:44Z,2026-08-26-4
2026-08-22T11:00,7c4d5521e5e53e5360fd7ac22c9ca1820fdef56ccc7b698808b424a3e098145d,2026-08-26T15:54:44Z,2026-08-26-4
2026-08-22T11:00,7c7752c46aa95d8ba49f3efa040b6eec46533e605a983b5a95164a9e2f2f8262,2026-08-26T15:54:44Z,2026-08-26-4
2026-08-22T11:00,7c8276acfc3398ddb0797cefa75bcc8e78d2ee380ab6b3a2e3498d837b9dd1b9,2026-08-26T15:54:44Z,2026-08-26-4
2026-08-22T11:00,7cb2934148d7a5f3f977b0e7c0ea99a381bbba84653c8e70159689032f01b177,2026-08-26T15:54:44Z,2026-08-26-4
2026-08-22T11:00,7cc9205d0aeabf9ac9cdd00ced024ac07b5c56ad5dbd2f8ed9f4adae00a2a94c,2026-08-26T15:54:44Z,2026-08-26-4
2026-08-22T11:00,7d773baf4855e3634f82e5bffd9c6ecf2e87b88cc3d5548bdb29c0999e45b3a2,2026-08-26T15:54:44Z,2026-08-26-4
2026-08-22T11:00,7daa5c7fd17b0386f99eb6424f0548e078f2a959dc8349e643b76a44491ffa2e,2026-08-26T15:54:44Z,2026-08-26-4
2026-08-22T11:00,7dc805494a4ced8ddff3f47899d016ee1c80996877da60f1ae8512dc2b798897,2026-08-26T15:54:44Z,2026-08-26-4
2026-08-22T11:00,7e2ea79ec6e61d7835dc68d219ad2b90c451a5120d76fda9b42e6cd2c68ceac9,2026-08-26T15:54:44Z,2026-08-26-4
2026-08-22T11:00,7e6ab1a0f9c3ad9ffa6516d6e274b628a805890fdf209473359fe2c30904d9dd,2026-08-26T15:54:44Z,2026-08-26-4
2026-08-22T11:00,7e747d97988a653a89d51f7f41bbe27b8afef21097e7f7753f75e0babbc7855b,2026-08-26T15:54:44Z,2026-08-26-4
2026-08-22T11:00,7f0681d5d49bc04877da6c8595c6f80180d4112c7e479ebbe91da4cc6db5a073,2026-08-26T15:54:44Z,2026-08-26-4
2026-08-22T11:00,7f1ed5ffe167a26ca553534279f3852b0dfd24fb036634227d4a756d0fc96bd9,2026-08-26T15:54:44Z,2026-08-26-4
2026-08-22T11:00,8004cd36707e82abd3d53fd1fca4e687381e83ab648dbcf8415924c1144e7b56,2026-08-26T15:54:44Z,2026-08-26-4
2026-08-22T11:00,807b6b3d98126d17113116f0721ff3e6f4aa5e8cbe3d645b977d230488329c88,2026-08-26T15:54:44Z,2026-08-26-4
2026-08-22T11:00,8113ff9641654a5048d4b762ebb574ad741686b3143e36415917f291026f6eab,2026-08-26T15:54:44Z,2026-08-26-4
2026-08-22T11:00,815a675f960354f3fd7ed8d723cefbea5d42a3a37eeaf53fe9c9aa37a9b5d84c,2026-08-26T15:54:44Z,2026-08-26-4
2026-08-22T11:00,82a7eb0d4b80f077155c3c19f9b2ae3a4f4d9a7d755be2db2c44c6719e7a3f3f,2026-08-26T15:54:44Z,2026-08-26-4
2026-08-22T11:00,82bd3d8e6ee855bd6fcc9772ba71a0d4e6c3b9e410d0c152e4a74cba9dcbf0b1,2026-08-26T15:54:44Z,2026-08-26-4
2026-08-22T11:00,82d483e0f2aa11512cfe73670cbae0d04218945a2dd09b4697c5f2c6de60fa70,2026-08-26T15:54:44Z,2026-08-26-4
2026-08-22T11:00,82efbb26d5166f514cd8b672a20bf701e1bd01279a8a228e083d4dc79be23c33,2026-08-26T15:54:44Z,2026-08-26-4
2026-08-22T11:00,83da49026e4a143af3661ca03393d026f564de2ba5d4f11971f00df85dff5b39,2026-08-26T15:54:44Z,2026-08-26-4
2026-08-22T11:00,8421adc6865caecd7516cbb9e6036d385b4be6f511ace9e66377192de7a4b172,2026-08-26T15:54:44Z,2026-08-26-4
2026-08-22T11:00,8442e75d2c476d8250fa0204ded81509aaae88fe1c1e3c0cbebc015b9c443eec,2026-08-26T15:54:44Z,2026-08-26-4
2026-08-22T11:00,845af345b43c16565ab9d28b0b38b8e3796af4571f787f3c8ea148041139579e,2026-08-26T15:54:44Z,2026-08-26-4
2026-08-22T11:00,8500ed0119ab9a3cd2961e05557ce1824199cb09710b0391afcb23c2025b733b,2026-08-26T15:54:44Z,2026-08-26-4
2026-08-22T11:00,85c21ac0fe7ecf12903c7c1201de7e1efb696093383d4ff2786ca53c18118bd8,2026-08-26T15:54:44Z,2026-08-26-4
2026-08-22T11:00,85c456434da367cfcfcd80039146d45221aae451610613ad0fc18eca26d33dce,2026-08-26T15:54:44Z,2026-08-26-4
2026-08-22T11:00,863704a049fb5c70ddc6882323786d16445265eae8527f6d2949ea54528cf09f,2026-08-26T15:54:44Z,2026-08-26-4
2026-08-22T11:00,86edd4d7cf7e72528394e4bfef08d732fee3d44b079ee80a04cdd94473d471cc,2026-08-26T15:54:44Z,2026-08-26-4
2026-08-22T11:00,86fdfdcb851a272043d4143e33d722ab62ea6b79afe881a05a5c32f150a96fdd,2026-08-26T15:54:44Z,2026-08-26-4
2026-08-22T11:00,878932a2aff16681ccb2ead198e15e99efc5411dd4a51d9f43c05d9c10aacb56,2026-08-26T15:54:44Z,2026-08-26-4
2026-08-22T11:00,87c12d2e343bd9ef902a282f60da22bd542c700313fcb95c55582d3584dd158f,2026-08-26T15:54:44Z,2026-08-26-4
2026-08-22T11:00,8865a517ef0a86441727ec7eb067dcb198ceca81f9c86a7637fb435374b6403d,2026-08-26T15:54:44Z,2026-08-26-4
2026-08-22T11:00,88e83ed49f1e7d15459da03cc9e0484b8cab3015f08a4472df8a6a4ca1dea268,2026-08-26T15:54:44Z,2026-08-26-4
2026-08-22T11:00,893183b4e84756a37558a9267bbf5fd2f6267dadcfc1deac3a1f66321176a7f5,2026-08-26T15:54:44Z,2026-08-26-4
2026-08-22T11:00,89ec9651f333ed150e693fa47c4f5f6c1a5c28b21e07445a7731de8b48ec7e45,2026-08-26T15:54:44Z,2026-08-26-4
2026-08-22T11:00,8a443b549e4f8abba0759512a1dc77edd89377de6f5a180204c4ebced6bb355c,2026-08-26T15:54:44Z,2026-08-26-4
2026-08-22T11:00,8a4c6e868c2a52517b13a89fd2df203db491bbe85fcd01f0b1494950c0fead76,2026-08-26T15:54:44Z,2026-08-26-4
2026-08-22T11:00,8a6f786ea3955d81816859ab3691caa1e955559750f3b21fc36018274a7ab18f,2026-08-26T15:54:44Z,2026-08-26-4
2026-08-22T11:00,8bdbef2b953849aed7a7d4e85e66075b37b1b560503de38520a54269342b091a,2026-08-26T15:54:44Z,2026-08-26-4
2026-08-22T11:00,8c205d15921434c96b4377613ef49abd0bd8302f17444b236e1e248f6da64861,2026-08-26T15:54:44Z,2026-08-26-4
2026-08-22T11:00,8c6c0ee733bfcbf608b299f62dc6cf37ea46a9998a132cf92a7ad169a01d9c1c,2026-08-26T15:54:44Z,2026-08-26-4
2026-08-22T11:00,8c734ed5bc449939a94db6fd4ea643bc10c743669572d9d5ae4bc62c224adcce,2026-08-26T15:54:44Z,2026-08-26-4
2026-08-22T11:00,8db573ca190dc4785f139f568e675251c29d634d4f8cb18df5f83131ff9cde28,2026-08-26T15:54:44Z,2026-08-26-4
2026-08-22T11:00,8e2d721d6d6c8933ba21aea47e8d3594ae46132ec382c64867db6aabfc166984,2026-08-26T15:54:44Z,2026-08-26-4
2026-08-22T11:00,8e51ae98e07deb6a5b62e5ae2178a2902aea3e4c47250b8f122c4023d41e15fc,2026-08-26T15:54:44Z,2026-08-26-4
2026-08-22T11:00,8e6ef55b78edd3aab4069a277f208ea694da26cc30950a14df2260bd3f93547a,2026-08-26T15:54:44Z,2026-08-26-4
2026-08-22T11:00,8e786ef2fb576d026cb622d8c7a88f81eec41bf769cee700120bfd6329f48274,2026-08-26T15:54:44Z,2026-08-26-4
2026-08-22T11:00,8f15202d9f49985855f2d7cae0aa4987270b3300d47dc748f5d31c9eab7c8e10,2026-08-26T15:54:44Z,2026-08-26-4
2026-08-22T11:00,8f4b98fcca4421772018c32058fba22c0565b958cfbb7fa52ab60a2f7eb2a2da,2026-08-26T15:54:44Z,2026-08-26-4
2026-08-22T11:00,8fdb666ac5b8acb1da24689e4744ae3b8e8cb64ab906e4d3cf74f72dc2b8a034,2026-08-26T15:54:44Z,2026-08-26-4
2026-08-22T11:00,9069e4765a6590ef03c9d49278d7ad366a8afd55f2e189904c81235461df0ce4,2026-08-26T15:54:44Z,2026-08-26-4
2026-08-22T11:00,90a9375f4ddc5387d79f584b2386cc4991e04f33e0674d97e7e707385b217929,2026-08-26T15:54:44Z,2026-08-26-4
2026-08-22T11:00,915b560c000edee732f62db35850346fd610aa5969c0f7a856d1701e75d97c89,2026-08-26T15:54:44Z,2026-08-26-4
2026-08-22T11:00,9188da3e52859f17d3ee21dc729ec39995e64674d6b00d9ef0b3c0940590936e,2026-08-26T15:54:44Z,2026-08-26-4
2026-08-22T11:00,918e246f72c25f8101909c39f0915f2592c514a31acabc3a2ae7e23c66940055,2026-08-26T15:54:44Z,2026-08-26-4
2026-08-22T11:00,91918ee7021aad543c8374f880e71814bb7d36a33791a9b4f102168943bc8087,2026-08-26T15:54:44Z,2026-08-26-4
2026-08-22T11:00,91cb6f387a0066696e1b86f820b23ad00bcc7998b44bd7bb3436f562cccc13e6,2026-08-26T15:54:44Z,2026-08-26-4
2026-08-22T11:00,922f6b1b76e574fdb6b5c49bdd0bf8806d5157b80ac0acdf608c70313a65eeba,2026-08-26T15:54:44Z,2026-08-26-4
2026-08-22T11:00,92be42f9dc7c97d3073aa625d50600263dc1efef144f0fc47debab4bc5a73987,2026-08-26T15:54:44Z,2026-08-26-4
2026-08-22T11:00,92c152837c743ccf035ecd19c977ab9017e0e86155275ddc58eeb1e75bc1a289,2026-08-26T15:54:44Z,2026-08-26-4
2026-08-22T11:00,931220bc6932a2081caf6a5e01f59958d6bd327e52cc5de3c1c3d9e18e4f41f2,2026-08-26T15:54:44Z,2026-08-26-4
2026-08-22T11:00,9342d874cf122ee57124bd76a34741cd215cbb441cf7661be6a761537da4c295,2026-08-26T15:54:44Z,2026-08-26-4
2026-08-22T11:00,934361afff396286a8b71ded98e760f276d842bb4a59714a23b98f4cbbdcc1d8,2026-08-26T15:54:44Z,2026-08-26-4
2026-08-22T11:00,939e97fad4a1dadb8c85185436bb0acc05607d66b0286623347b234f2312a40b,2026-08-26T15:54:44Z,2026-08-26-4
2026-08-22T11:00,93a3d30fb8038a60611896b5ddd3fbf6503726e05c1de412f5d880b345b681f1,2026-08-26T15:54:44Z,2026-08-26-4
2026-08-22T11:00,93c47e66f10c0265c7fc40606a0645bcc8694ebd6d25fb96811bfe04bddadc10,2026-08-26T15:54:44Z,2026-08-26-4
2026-08-22T11:00,93da05b1085cefee26b3f566c951cae18860fc404a20728f52dd65186e5bfd0f,2026-08-26T15:54:44Z,2026-08-26-4
2026-08-22T11:00,940be4ed7d4b6f19ec586b1a9469c25d916f6e754432c7dd303d84e3049880eb,2026-08-26T15:54:44Z,2026-08-26-4
2026-08-22T11:00,94249e3332c9736e181c3c435943bea9867d392352128e2e054346474c87638c,2026-08-26T15:54:44Z,2026-08-26-4
2026-08-22T11:00,950d8153c59ce11418a7b608bdf849d24c0942767990b8cf05deed3fed023bf0,2026-08-26T15:54:44Z,2026-08-26-4
2026-08-22T11:00,9542d823dcbd20cb2d7c3845e4c908fb3a48719af3de3a9e7aa62b4c52963712,2026-08-26T15:54:44Z,2026-08-26-4
2026-08-22T11:00,954b4418c761b91120a1b4d07ab7e40fff7fc1c69c98550c166593989ceb1c40,2026-08-26T15:54:44Z,2026-08-26-4
2026-08-22T11:00,9564175f99b0c5e307a12a225caed3d9a20eb108ba786dd3659f3d73fdd78ff9,2026-08-26T15:54:44Z,2026-08-26-4
2026-08-22T11:00,95c7e40e7e9676a77a2273bdbf338bd60d7297ebea96bf77eb03878239354150,2026-08-26T15:54:44Z,2026-08-26-4
2026-08-22T11:00,95cfa317bfdade38f65392967e5002d3e9a8cc854d8e354c355f6961d8d6eaeb,2026-08-26T15:54:44Z,2026-08-26-4
2026-08-22T11:00,95e1b51297f892b790d3d0022f65268ce1597a851f66a70a34e3ddb87f48aed3,2026-08-26T15:54:44Z,2026-08-26-4
2026-08-22T11:00,960db432b28e38ea9d04f5030884459095ecf9938c0b481514ad190960b791d7,2026-08-26T15:54:44Z,2026-08-26-4
2026-08-22T11:00,9611a59a76582e38bf28095ef34cdc83ad384d62b1e3a51808e822278b93932c,2026-08-26T15:54:44Z,2026-08-26-4
2026-08-22T11:00,9630a9acff7cb40562abc83e296f307e3148247309dbd9af2d91f3164770416f,2026-08-26T15:54:44Z,2026-08-26-4
2026-08-22T11:00,96e0e13321b6c08c7834710f0d5f9fe3820e5465528e3940c0fde6d6bf21dda3,2026-08-26T15:54:44Z,2026-08-26-4
2026-08-22T11:00,98c7055902898c1ed0cc85942a0faca86111c71ba8be88173308cbd5dafa1206,2026-08-26T15:54:44Z,2026-08-26-4
2026-08-22T11:00,997355945d5fbabfd42aa15df2caba96bb9a73e2019e2a32239a1f8245aa9e9a,2026-08-26T15:54:44Z,2026-08-26-4
2026-08-22T11:00,997ad50b1bc4f196f13ae8b0543ee8de8fc4e1aaddd973471e09e772fcac763f,2026-08-26T15:54:44Z,2026-08-26-4
2026-08-22T11:00,9a01473337f88e05812db12535b8b432441eb93b16245cf84a6f501f85d86949,2026-08-26T15:54:44Z,2026-08-26-4
2026-08-22T11:00,9a02a6269e9f34336809dbafcbfc7fc18919ba345c58fcd0a8cb71d02cffd78f,2026-08-26T15:54:44Z,2026-08-26-4
2026-08-22T11:00,9b074c2b26b8056e3ba47677420ed423c8285c8dfb04220a78893d71b6e6068f,2026-08-26T15:54:44Z,2026-08-26-4
2026-08-22T11:00,9b1ef71f964e142a1cd925dae86e22fa6feec460ee1d1da9bee68281213bdced,2026-08-26T15:54:44Z,2026-08-26-4
2026-08-22T11:00,9c20774e12b4dd8737f3c756becc4f087043bd70cfe1a22b80720ed1071ae1f4,2026-08-26T15:54:44Z,2026-08-26-4
2026-08-22T11:00,9c5f731026535a4f49242a493738a7733c91905b504924382809d1e4286d2ac6,2026-08-26T15:54:44Z,2026-08-26-4
2026-08-22T11:00,9e40bca64581c5e44ef96cb8450140a0c37cada81b7323d2e9b0f344033eb9ef,2026-08-26T15:54:44Z,2026-08-26-4
2026-08-22T11:00,9ee0505abd0a2e5b33c6d0cdea2618ea67dc4fcf7b50a45a776d81f8570db82b,2026-08-26T15:54:44Z,2026-08-26-4
2026-08-22T11:00,9f4f8573e8700b77a6ffe1255d3350b3da8ab1c6c87847602fd6a2ea7ac9277b,2026-08-26T15:54:44Z,2026-08-26-4
2026-08-22T11:00,9fb7d651bbe282414dd1bccf9c76dee155326ff0ac9717a79bcb4ef2558a30a0,2026-08-26T15:54:44Z,2026-08-26-4
2026-08-22T11:00,9fd9b51b61d9923d4bb3d9ab75f953210ec9a8bdad8a00fc05a187dc6c626c0d,2026-08-26T15:54:44Z,2026-08-26-4
2026-08-22T11:00,9fe7465c40e57f76462b823210bd5369da1785ce7a8d13acaabee081b56f831d,2026-08-26T15:54:44Z,2026-08-26-4
2026-08-22T11:00,a002739bc1411c5c0e0f1887cc04bc3702db3c129fe6acdf1d4d5de50e3a29cd,2026-08-26T15:54:44Z,2026-08-26-4
2026-08-22T11:00,a0319973e1d726d16dd9c9710e66b5acb3a46372eb98014060b643acbb959a9d,2026-08-26T15:54:44Z,2026-08-26-4
2026-08-22T11:00,a0dbfa577cfb9acdd76ae31df487e78db84d65317e4789fef783ef957a6c9220,2026-08-26T15:54:44Z,2026-08-26-4
2026-08-22T11:00,a0f8643e97eb3d53005b17fb710f3a8ed1acbd847b0ff9a2b0f39ed5b2a2eca8,2026-08-26T15:54:44Z,2026-08-26-4
2026-08-22T11:00,a1045a6cdbbfe1167eb970d7936ddbc6107eec346f759ef198eec87c798ceddb,2026-08-26T15:54:44Z,2026-08-26-4
2026-08-22T11:00,a140eedfa48b4397a757233b38852fb2f8bbe8bef2803dad46d7d107d956a846,2026-08-26T15:54:44Z,2026-08-26-4
2026-08-22T11:00,a1616ff8f6740a4985527ce7f3e76ad66358c566485c08bbc0228db4a3ee569e,2026-08-26T15:54:44Z,2026-08-26-4
2026-08-22T11:00,a181832f1b6f6345d0ba9d76e1cff0d30d59cea9b9b84b2d405fae2874f74749,2026-08-26T15:54:44Z,2026-08-26-4
2026-08-22T11:00,a1a7701f38ede248ed0585a0f63422df8f887bfe1dcccc394621f858059eb23b,2026-08-26T15:54:44Z,2026-08-26-4
2026-08-22T11:00,a2782a2c16fabe33d57487e7665950950c619152cd61ae3a59242f94cac65352,2026-08-26T15:54:44Z,2026-08-26-4
2026-08-22T11:00,a2a240269e8cee46dae404b822843a36134f0177f767d9048aac0be95845a2cc,2026-08-26T15:54:44Z,2026-08-26-4
2026-08-22T11:00,a38e7bf8d075769ce402b9980be64793e1630b12b122db693be63b78c6116976,2026-08-26T15:54:44Z,2026-08-26-4
2026-08-22T11:00,a3b7608b2b1be2babfb9691e236d1619e9d52b6e1bfbbd5952fa177d0399f992,2026-08-26T15:54:44Z,2026-08-26-4
2026-08-22T11:00,a3d7a682f06b818335963fbd92d0eaf813f9ee2bbe63d28da96075039fb20ceb,2026-08-26T15:54:44Z,2026-08-26-4
2026-08-22T11:00,a41faab7b183521eb53c54a3f2d47c7440b1c0e277ca7023d780a545d944bf77,2026-08-26T15:54:44Z,2026-08-26-4
2026-08-22T11:00,a4d45c4934aa9b7103014fd45c15f0938e1a4daebdcee232f62ceebe59d8ba65,2026-08-26T15:54:44Z,2026-08-26-4
2026-08-22T11:00,a5958b64a56f1d4647add24ed48bda9ee2842bd19908b44197f6bd5d78a91f68,2026-08-26T15:54:44Z,2026-08-26-4
2026-08-22T11:00,a5a15b35f640f634815ad3240f8709b0269ce27d75d49629c3e2ddcc7e4f1be2,2026-08-26T15:54:44Z,2026-08-26-4
2026-08-22T11:00,a6141f476b58501e249997f70f63d1bc54a3a31fab4fa1638cb6e6ad1a695bb1,2026-08-26T15:54:44Z,2026-08-26-4
2026-08-22T11:00,a64cb1c3f2fc6fe416a134bb003768049bcddedd7d0ac158a4111b7118f624fd,2026-08-26T15:54:44Z,2026-08-26-4
2026-08-22T11:00,a6d40593bcc4708c9ea586ddfffce00e0ff22ad19bb0dbefefdf50afec543d85,2026-08-26T15:54:44Z,2026-08-26-4
2026-08-22T11:00,a70210a73aa91ae26fee441e5068a7cc5c3a0238e90cfae8e73496c79eac965b,2026-08-26T15:54:44Z,2026-08-26-4
2026-08-22T11:00,a7747b6016bff6b0c09af4445b0eb9a1e9a04295b095fbb63f17d4d75b569ab2,2026-08-26T15:54:44Z,2026-08-26-4
2026-08-22T11:00,a7865b683f7d9810802c1493293e368ae1c34910ce2ed0b554c6bfe24e82b47a,2026-08-26T15:54:44Z,2026-08-26-4
2026-08-22T11:00,a794b75083a06c367234c3be6d16f361d70720f9fb1bdff6fa3e8a33ab6cc6d4,2026-08-26T15:54:44Z,2026-08-26-4
2026-08-22T11:00,a7d6944d3294fbb585b3a6e7dd76cc201d98abf58a6dcbc8c20f5b913cf72099,2026-08-26T15:54:44Z,2026-08-26-4
2026-08-22T11:00,a83b2a02eb091b5ff32ad3080553192c444a36d6a9ff2caff6e53947fcaeed99,2026-08-26T15:54:44Z,2026-08-26-4
2026-08-22T11:00,a8a7448d149b137966255c8a4a8694beb4779707b1ed309b753e805f40cb185d,2026-08-26T15:54:44Z,2026-08-26-4
2026-08-22T11:00,a8e227d000edfdca52dcd9df9ed7ab77cca81254551262e61f8865afc6cb09fd,2026-08-26T15:54:44Z,2026-08-26-4
2026-08-22T11:00,a9566f2c6ade68f34730b09dceb3dde104f0db31fc8b7265e75052727d8a95b0,2026-08-26T15:54:44Z,2026-08-26-4
2026-08-22T11:00,aa54f2c60f5d5ebebabf5bef1bcd0d99ebc6e9a73db9745e98f13aa312c2dae2,2026-08-26T15:54:44Z,2026-08-26-4
2026-08-22T11:00,aaa0c989f755048123054ed2ead67f25365ee8b7ea656f02fe6438b959bec1e8,2026-08-26T15:54:44Z,2026-08-26-4
2026-08-22T11:00,aabec160168c6db416d47c3c2ff50768bb0b2723462c19c4f8c5ccebc3f0deaa,2026-08-26T15:54:44Z,2026-08-26-4
2026-08-22T11:00,ab2a154f15b798bec54161aa8868490b9e9592af675527add1a45d5764525194,2026-08-26T15:54:44Z,2026-08-26-4
2026-08-22T11:00,ab41a79f20fb15820a54949739ac149642317b08038fc552db38ff6edccffcdf,2026-08-26T15:54:44Z,2026-08-26-4
2026-08-22T11:00,abb9930cd483766452dfb066de224674568cd9a1082b0f497414a9c543561622,2026-08-26T15:54:44Z,2026-08-26-4
2026-08-22T11:00,ac1e16e002d7961d07b1ee4c44fce54e31dfe47d572a36d290de2759b92d873f,2026-08-26T15:54:44Z,2026-08-26-4
2026-08-22T11:00,ac2d3162446c7737c36ec270ac7af87372bbce31346a1873f6dbb3d3c7198f77,2026-08-26T15:54:44Z,2026-08-26-4
2026-08-22T11:00,ac49f60e1126ffb1bd474f872d028b8bb9b1a7cfdc3aff1cced284dc37ddc1d2,2026-08-26T15:54:44Z,2026-08-26-4
2026-08-22T11:00,ac7e1919684d5fc5a301d08118b731acbbc88c9a685d6ea2b0871b2fc1d9b584,2026-08-26T15:54:44Z,2026-08-26-4
2026-08-22T11:00,acf9557e763db77832f212bf60e0eb6523eebc84960043e1ec35d3262bfb1594,2026-08-26T15:54:44Z,2026-08-26-4
2026-08-22T11:00,ad01b4cb65d5356767619ef16595b8e90b7af920b101443a7076ec96679278d7,2026-08-26T15:54:44Z,2026-08-26-4
2026-08-22T11:00,ad505587f98daa2637558857ce200d18a10ac6bbda5a19617981c8cb98be25d7,2026-08-26T15:54:44Z,2026-08-26-4
2026-08-22T11:00,ad6bbcd8234e261a2cd1baeabf50ca7769d9005ab6969a15f2676005430c374b,2026-08-26T15:54:44Z,2026-08-26-4
2026-08-22T11:00,ad8fa2cb5a219968d11d5727d4423876eb04fdaa2c927db96ab81aeea9c97feb,2026-08-26T15:54:44Z,2026-08-26-4
2026-08-22T11:00,ad8fb9b93895877ebd8122b175968e06e49c2e47d92a3931008bc2dfa2be08f7,2026-08-26T15:54:44Z,2026-08-26-4
2026-08-22T11:00,adf9d520ab75bd96a562c11083c6f53ade046f4b154b8c29676b64f97ee41ccb,2026-08-26T15:54:44Z,2026-08-26-4
2026-08-22T11:00,ae043d4f517d20b1b5457e142d06dbe96df19c6592f8c3b836c590604011866e,2026-08-26T15:54:44Z,2026-08-26-4
2026-08-22T11:00,ae50a50b2be308988f640112d7d32bf9e74b1d2d7042a5fe001b176f9378ea05,2026-08-26T15:54:44Z,2026-08-26-4
2026-08-22T11:00,ae72171c8c300a8ab3e8335af7a945a9731409a64b9a0e2cf195321b554ebaeb,2026-08-26T15:54:44Z,2026-08-26-4
2026-08-22T11:00,aefd07f397970e3a764792d5ca64050bdfb0a7f360a2bb9e1bc1cd3f651f137f,2026-08-26T15:54:44Z,2026-08-26-4
2026-08-22T11:00,af960d79220222d7ea3baeb1651ebbc36671b0bb4975aadaf08fd23a01675b94,2026-08-26T15:54:44Z,2026-08-26-4
2026-08-22T11:00,afb205e16eb99efaba6dcd73d764a62b58fae9b43358759cf3d11fac56847672,2026-08-26T15:54:44Z,2026-08-26-4
2026-08-22T11:00,afb8305e62dcfa91353e0b22bff2edae57cbdfea769654a0c716a7ba869e448d,2026-08-26T15:54:44Z,2026-08-26-4
2026-08-22T11:00,b0c144c989615113bd660e7abd28ecdb72d43a3939322093746b17b17a0ed48a,2026-08-26T15:54:44Z,2026-08-26-4
2026-08-22T11:00,b0d1f9ecdc3901d460596333379b462c0411d9d3cecb4f6320c60b935419ee6f,2026-08-26T15:54:44Z,2026-08-26-4
2026-08-22T11:00,b18aea5c3f3b92616c30c33e2ddf2716115838e7c602fb8b3cfd1c7de541de9a,2026-08-26T15:54:44Z,2026-08-26-4
2026-08-22T11:00,b1e7ba8fa3a1de3f5e0051d9688e367b881c3441df6356dde66ca763c64206a4,2026-08-26T15:54:44Z,2026-08-26-4
2026-08-22T11:00,b286fe68b8263dc1f6da5c0f4de5a9661265a45a94e3b41b18f4ac83f4e6911e,2026-08-26T15:54:44Z,2026-08-26-4
2026-08-22T11:00,b2acf8f6692e208ceb3baee13845fd66b9b8e132bf9b72d21076b78316ee2b1c,2026-08-26T15:54:44Z,2026-08-26-4
2026-08-22T11:00,b2d8f993b7f0b33911bf54f1ac00616451fbeaeefa81e945945987cc048c632b,2026-08-26T15:54:44Z,2026-08-26-4
2026-08-22T11:00,b437ada82e1185fa144831202050f87d0a9b251ce1ab7cb984ed8a20f670a346,2026-08-26T15:54:44Z,2026-08-26-4
2026-08-22T11:00,b5054bf35a0a294867ad7b85436d323a0b727268b65c99df0e93780871ed9a0c,2026-08-26T15:54:44Z,2026-08-26-4
2026-08-22T11:00,b515c243acb9e0755c4e6c7bcdc91dc618c936e4496a3a4627611ce8021a005d,2026-08-26T15:54:44Z,2026-08-26-4
2026-08-22T11:00,b552be269837e7a9ea647b5867a2332ef7a61edb4a5681b02c10fc10c4c5017a,2026-08-26T15:54:44Z,2026-08-26-4
2026-08-22T11:00,b576572c2e37ea09799d04a09ebb26f6e754e26fb8192c622fac36f86e43d95c,2026-08-26T15:54:44Z,2026-08-26-4
2026-08-22T11:00,b5a4814e6d189baf4a8e9bdba63b4d46793c17ce7877932b396ecf77fbca22f7,2026-08-26T15:54:44Z,2026-08-26-4
2026-08-22T11:00,b64674e51e95f76788fee74b6ed2aa98ccf6a19f84037b1059acd85b5c836d7b,2026-08-26T15:54:44Z,2026-08-26-4
2026-08-22T11:00,b6920185a5e7fa727153a3048a66b6e67a9776e3a05e18b5b64aced49fd0c925,2026-08-26T15:54:44Z,2026-08-26-4
2026-08-22T11:00,b69b4dcf308e907448c28f351d5d3ed3771e2819cbd5b0c301687c003a4fca6e,2026-08-26T15:54:44Z,2026-08-26-4
2026-08-22T11:00,b6daee3f8affe6d270f9cb12c5128198ba23a4e38bade55410ddd2a38c409f76,2026-08-26T15:54:44Z,2026-08-26-4
2026-08-22T11:00,b6e0da2b2bb3b01076d05ffd8a6a1322bd770eb6b0451a7e832a6f853c3e146f,2026-08-26T15:54:44Z,2026-08-26-4
2026-08-22T11:00,b7965aa349792173c891bd50853f10fcce238d06984731b65ff73289a136695d,2026-08-26T15:54:44Z,2026-08-26-4
2026-08-22T11:00,b7b801e714253106ff310dd540ecdbb4a528a086176e30f65d2bb2e23fa6bf57,2026-08-26T15:54:44Z,2026-08-26-4
2026-08-22T11:00,b7b8693551313c30ac6ffc0e4f2f44aefe7ac07dbd3a3b5d5d17665357d7792a,2026-08-26T15:54:44Z,2026-08-26-4
2026-08-22T11:00,b81c36339ea968f0a16d9d663cf2caf69f75acd3b2118e2924524c512817429a,2026-08-26T15:54:44Z,2026-08-26-4
2026-08-22T11:00,b8d928bb298d534240321366096b709367d06c3437fbb66f3283c3236d1e883d,2026-08-26T15:54:44Z,2026-08-26-4
2026-08-22T11:00,ba42446ac86e454296a8478c281c7fdab64ccf5f6fe10abf52bb663014996212,2026-08-26T15:54:44Z,2026-08-26-4
2026-08-22T11:00,ba7b4da1424d4de449701bcce328d00cff5828a51f4820454d4be5814f25c437,2026-08-26T15:54:44Z,2026-08-26-4
2026-08-22T11:00,bb3801aba887abc177e74db77e112b833f45291e38c39894361693d0ac0fc53f,2026-08-26T15:54:44Z,2026-08-26-4
2026-08-22T11:00,bbd8a1acd907d5aabc2c09985eef8e12358b3517d4c37efa5eac630dc313ab5d,2026-08-26T15:54:44Z,2026-08-26-4
2026-08-22T11:00,bbf9cf8128682b28d33a8b3064fb39ed864cc83295ccf9d664c6e803742a693a,2026-08-26T15:54:44Z,2026-08-26-4
2026-08-22T11:00,bc26c8a89bc8035b4eac6c5bdfc35a37bceb6964b66d61079d532fa3cb070ee9,2026-08-26T15:54:44Z,2026-08-26-4
2026-08-22T11:00,bce801d7e1d5c3703680ba751db58ab820129ec24ea8b1744d97f15945a1d927,2026-08-26T15:54:44Z,2026-08-26-4
2026-08-22T11:00,bcfde1652c632550482c0e9324c859507b2cf32f211cc841cbeb2b8da76a0afe,2026-08-26T15:54:44Z,2026-08-26-4
2026-08-22T11:00,bcff6ea310d8054459b846cfc57a3da213429569fb77b7e834b3601ccfcc0695,2026-08-26T15:54:44Z,2026-08-26-4
2026-08-22T11:00,bd3fcea6dc9ed425383f913495106e5ab61d63b4f52958e22a1bb818297b386b,2026-08-26T15:54:44Z,2026-08-26-4
2026-08-22T11:00,bd479890017bdca46913bbe3362949999e2dbdc4042982d4a56e1ad6828b241f,2026-08-26T15:54:44Z,2026-08-26-4
2026-08-22T11:00,bda629efb5a42b53e41329d629defde49290cd2173b6ee42226134bfc015b5ea,2026-08-26T15:54:44Z,2026-08-26-4
2026-08-22T11:00,be16141226b48f071b364518b34c6e3be295c584d4e64b54b90a42c28071fe3f,2026-08-26T15:54:44Z,2026-08-26-4
2026-08-22T11:00,be48c46f11de7e501cae85f29404344029ecb38e6e1c3330342c73db53dac47f,2026-08-26T15:54:44Z,2026-08-26-4
2026-08-22T11:00,bef0c86847f217d6711cab2a63970362db7ddd7d543554bc7ea636c20246fa6b,2026-08-26T15:54:44Z,2026-08-26-4
2026-08-22T11:00,bf0d3c5c954cce7d91aab76202ed294ce87851da94a51def263b25317030409a,2026-08-26T15:54:44Z,2026-08-26-4
2026-08-22T11:00,bf33a6265f2a24ceda41a26a821764956feaf815aea6d946a9a0865f72f7f136,2026-08-26T15:54:44Z,2026-08-26-4
2026-08-22T11:00,bf5e260807c59745ecb6a561b372b58eb42ef134567785e6f563d761ad9e6696,2026-08-26T15:54:44Z,2026-08-26-4
2026-08-22T11:00,bfd1c0f4caa94ecd97d98a2cef783c0abaf858c7fb4ea9db8ac3681145033800,2026-08-26T15:54:44Z,2026-08-26-4
2026-08-22T11:00,bff5dd7ed4a5f1b479ab3076fd4731a95920cc4316e84c06a4fb59f2c712e211,2026-08-26T15:54:44Z,2026-08-26-4
2026-08-22T11:00,c03b3d0700a13819b5f60a6b298df4a25e168a63615804f28b8404f2505790a9,2026-08-26T15:54:44Z,2026-08-26-4
2026-08-22T11:00,c03d2eea9951a7e0ac6073bb7ddf881721f6b5c7337a4ca3f0cfac1563185311,2026-08-26T15:54:44Z,2026-08-26-4
2026-08-22T11:00,c075cd6b7534fee8da4fe7650904af14aa0d404a9867e90864726cd948a045f2,2026-08-26T15:54:44Z,2026-08-26-4
2026-08-22T11:00,c14474d2205f43c640f3465a7eeaf0058de1a29424c48c577d9aaad32d6b46d9,2026-08-26T15:54:44Z,2026-08-26-4
2026-08-22T11:00,c17b10ee17b58f777fafd2c77fa83f256a2b66858f46b9f17f4f16238d6ae4b4,2026-08-26T15:54:44Z,2026-08-26-4
2026-08-22T11:00,c1c67fd4b1fd1dd7d77aa26ca645cd75c12a2a96a2651da2e37795e35a9b8ffb,2026-08-26T15:54:44Z,2026-08-26-4
2026-08-22T11:00,c2d46765e4ba771e9a7204fc455c4bfc4558baf58e7b0c9597e243b1dee7d9e5,2026-08-26T15:54:44Z,2026-08-26-4
2026-08-22T11:00,c481c735f4c62d0b17ef453db7a8534a4d8c5ff798ba5fc3baaa9a17b081a2f9,2026-08-26T15:54:44Z,2026-08-26-4
2026-08-22T11:00,c4a3d2cde5e8e39bbdf6424d9aacd86c157eed8db7af7a2efbf1bb30dd24e7f3,2026-08-26T15:54:44Z,2026-08-26-4
2026-08-22T11:00,c530f43bedb5ec47fbb6b57afddd598496cb14234dac22cedca17ba7b72e07e3,2026-08-26T15:54:44Z,2026-08-26-4
2026-08-22T11:00,c56dae4e95f26f5288d68aff13a6aa7dba601b5b6718e837f151a9569080b3e4,2026-08-26T15:54:44Z,2026-08-26-4
2026-08-22T11:00,c5c16d781940471fc451d784a01061d103cf8694a211a242c977917ef6c90e6b,2026-08-26T15:54:44Z,2026-08-26-4
2026-08-22T11:00,c6033ed5bca644623fb65189ca1538853de7fec6c65665a0209c8aa06debb60d,2026-08-26T15:54:44Z,2026-08-26-4
2026-08-22T11:00,c65b0396b6066e084e187276a5bd2f07be2af4dfe0e9c91156261528c4aa2aba,2026-08-26T15:54:44Z,2026-08-26-4
2026-08-22T11:00,c660b32f47137af168b1b0f56c058c407e78914c72a457d0f6245a165402e324,2026-08-26T15:54:44Z,2026-08-26-4
2026-08-22T11:00,c6631f6d749ded57c84e1e2276c45737353dc4e419f527d8b25370d65a50a59b,2026-08-26T15:54:44Z,2026-08-26-4
2026-08-22T11:00,c71bdbda486be8d430d97db23b1c966ed9cfe4c4ba2676fa5388bee41060c8c4,2026-08-26T15:54:44Z,2026-08-26-4
2026-08-22T11:00,c71fea35ca0db8b3437e5e812988634277b29dc133122e62b9ec425f540d6501,2026-08-26T15:54:44Z,2026-08-26-4
2026-08-22T11:00,c79007b662b7a2774909925233251600a2751ef6da4506dd1c489b7a230139b8,2026-08-26T15:54:44Z,2026-08-26-4
2026-08-22T11:00,c7906c77c1510981cb5f3e75210ab1d65fc2ebc9b663544797e931d1ef6cdd39,2026-08-26T15:54:44Z,2026-08-26-4
2026-08-22T11:00,c8280a6ccac5552e122afecf66d948568a91d1cadff8b991689596b4445ff38a,2026-08-26T15:54:44Z,2026-08-26-4
2026-08-22T11:00,c931845302b13cbd0d7e8cab7e59e3dca30178d34950907508ab642ffdfbbba6,2026-08-26T15:54:44Z,2026-08-26-4
2026-08-22T11:00,c943f555830f22faee64e0e8b6319567e8be5d0c7a4515d3eb100af53e365948,2026-08-26T15:54:44Z,2026-08-26-4
2026-08-22T11:00,c947275d6aaefd6504c647a1538dc2b6a14f34e0b04d4fffc9d6e7c851db105d,2026-08-26T15:54:44Z,2026-08-26-4
2026-08-22T11:00,c9b6d4aac2f7287fd01fa50dd7ba61eb1ef5b4c8efaab40e4dfc836e293b754c,2026-08-26T15:54:44Z,2026-08-26-4
2026-08-22T11:00,ca0f26cad382cf127d392739c7077856e07293cc2acb327cfe42b34947306923,2026-08-26T15:54:44Z,2026-08-26-4
2026-08-22T11:00,ca54be2f354839cf41fea0a48c479e00d301ef1e532d443828d60ce72941a775,2026-08-26T15:54:44Z,2026-08-26-4
2026-08-22T11:00,ca935b1da3d6421054d44bef182d43c1083f1c8609204783ace9f03c706d8c19,2026-08-26T15:54:44Z,2026-08-26-4
2026-08-22T11:00,cb2c9b5160631229bc6673fcd477e244a8a246fe61465cb3509f3ab787d4c59b,2026-08-26T15:54:44Z,2026-08-26-4
2026-08-22T11:00,cb487da95f944369030154e02b545cd0243ac0f0fa6caa11726f75cb171ce23f,2026-08-26T15:54:44Z,2026-08-26-4
2026-08-22T11:00,cbe97c88b1b3740721533bfed2a9f8093b3bd981da605d776a4ebe43708aa4be,2026-08-26T15:54:44Z,2026-08-26-4
2026-08-22T11:00,cbf7820bdc0eace66f75ef8b478cc5c65cfe7ec169a53d076e53250e18c76af1,2026-08-26T15:54:44Z,2026-08-26-4
2026-08-22T11:00,cc3a5da14314027bbe3ddf69dd7b2bed53a1d7e2465a8e41c4f426409f2e50c6,2026-08-26T15:54:44Z,2026-08-26-4
2026-08-22T11:00,cc411d4e08cbfbef506022337b6bb671642c01267a3c70122564abf026f5510e,2026-08-26T15:54:44Z,2026-08-26-4
2026-08-22T11:00,cc98e155c0217438277f455cf14cc4939ce5c12e49723091cc078266cd30a0e0,2026-08-26T15:54:44Z,2026-08-26-4
2026-08-22T11:00,ccb80721501aa7a9325a445377878ac18509f1412c1a23a4b752c153c995c6d3,2026-08-26T15:54:44Z,2026-08-26-4
2026-08-22T11:00,cd1b6175542749de40ffeb301f5f64d4036f2e10d4faa3a507ff162a63f77533,2026-08-26T15:54:44Z,2026-08-26-4
2026-08-22T11:00,cd327ffc23e54b3ccaac7f3c987d237131d1c8f1049178f5df3b23101d6d7979,2026-08-26T15:54:44Z,2026-08-26-4
2026-08-22T11:00,ce09aead7a661ed1235e0e223dfbeb2411023ef8aee0ed8bf1e6283cfb4628cf,2026-08-26T15:54:44Z,2026-08-26-4
2026-08-22T11:00,ce562cf99690806b3c00a7faef362d67e90c82aa093bd318de50bc77515de62c,2026-08-26T15:54:44Z,2026-08-26-4
2026-08-22T11:00,ce80ea20b7d95de8ea1f99699defa7a60f6b3e7a533210642f3d78edbb272f95,2026-08-26T15:54:44Z,2026-08-26-4
2026-08-22T11:00,cf35ffc9db9a27ba52dc883c730cfa63525f10dc0e0991c03d011b2b3d903476,2026-08-26T15:54:44Z,2026-08-26-4
2026-08-22T11:00,cf97489d5277a0b6deb1aac5b54886ab93b37618425ab55d574a853b62abd829,2026-08-26T15:54:44Z,2026-08-26-4
2026-08-22T11:00,cfe450ad6140d389a84b4561e200f1e44777c5ea7047e1eec6de2270ce059744,2026-08-26T15:54:44Z,2026-08-26-4
2026-08-22T11:00,d0b76a6112a4c39da36a3e66aeb3407016d2be8b49235acf198fa30188660a41,2026-08-26T15:54:44Z,2026-08-26-4
2026-08-22T11:00,d0bed6f15e6f4de717631de30cab776ac906eb5ae041606827ac0dfc977ca8f4,2026-08-26T15:54:44Z,2026-08-26-4
2026-08-22T11:00,d0e11fc300f894dcdec2838b3610c8abc45079d6e42ec505e5ff53e893eb7858,2026-08-26T15:54:44Z,2026-08-26-4
2026-08-22T11:00,d0ffca739cc11e80e5de6dae0ad1c026f20e082a97f5dbbe545e2c46cf513521,2026-08-26T15:54:44Z,2026-08-26-4
2026-08-22T11:00,d1005cebd24e9e900450fe33860191710081ac02cc11406df66131ab02da865b,2026-08-26T15:54:44Z,2026-08-26-4
2026-08-22T11:00,d20a72f6551c2d7fb2961981719f9e9cc3961e66f6496d84a8284e04800453fc,2026-08-26T15:54:44Z,2026-08-26-4
2026-08-22T11:00,d20ab916c87e78712cd4152bbeb1dcd1cf1910e9cadcc0a162206b29c13fc04f,2026-08-26T15:54:44Z,2026-08-26-4
2026-08-22T11:00,d25a29bfb22d2a0f51d6dbfcf6b1fbc42ed9f291bf4be284bca186ce06c8cbd2,2026-08-26T15:54:44Z,2026-08-26-4
2026-08-22T11:00,d25d36114fc863dc9c0bc2d45ee0e7d0052ee5348d492a31875a5971e22375b5,2026-08-26T15:54:44Z,2026-08-26-4
2026-08-22T11:00,d4ebba0b057507afaafeeb2d6a2afbb337bb872eb404c55ed90b9921bfc9b13c,2026-08-26T15:54:44Z,2026-08-26-4
2026-08-22T11:00,d4f7be115cc9c771a7f7b5b79d02dae1ecc4f7c287778366e70a357ef3aaba85,2026-08-26T15:54:44Z,2026-08-26-4
2026-08-22T11:00,d4fe33cc6b17fadd1fb05a0692deb85556680e6c1f9f0776c274e84c8618765e,2026-08-26T15:54:44Z,2026-08-26-4
2026-08-22T11:00,d53507ba9a09624483abe3a8308878f5b6eb816cfbf2847f7b88bfbde42e529c,2026-08-26T15:54:44Z,2026-08-26-4
2026-08-22T11:00,d5c00d21f9bef63a364d3edd607c9f9b58c445d63d7c7c88410908846fc6b33d,2026-08-26T15:54:44Z,2026-08-26-4
2026-08-22T11:00,d634c23d8778633882f6ac47883005c6d2c560dc57829f71d6b1302fb7718e3c,2026-08-26T15:54:44Z,2026-08-26-4
2026-08-22T11:00,d6386a5fdb6d419ce8f85fbc3cf64dd0e3d712f0800f1221860b9657fd466674,2026-08-26T15:54:44Z,2026-08-26-4
2026-08-22T11:00,d68938408cfa92ba507655ad3c25114fb31c95237f5d1ec2af5edba6c7b12589,2026-08-26T15:54:44Z,2026-08-26-4
2026-08-22T11:00,d708ca26b3dbb07db7bff814f1a66a7ae4ef3014bf2e5a1e3bd4b8f840e16f8d,2026-08-26T15:54:44Z,2026-08-26-4
2026-08-22T11:00,d7645b9f83ffeb7c84572a0ce3a5757adbe2f296cb634b5c73108164358a2fab,2026-08-26T15:54:44Z,2026-08-26-4
2026-08-22T11:00,d7b8f8e982153b72abb5ca15e5d342009342c06b3db9dea8aad077b25551c92b,2026-08-26T15:54:44Z,2026-08-26-4
2026-08-22T11:00,d7bc6cb869f8ed24fb9cb277d16588c02be7df8dc2c029b7fd691d3d144ac15c,2026-08-26T15:54:44Z,2026-08-26-4
2026-08-22T11:00,d7ea3e5577dea0cf858f2d3c58fb475d2538b9cc942edde1750d3bf229656a4f,2026-08-26T15:54:44Z,2026-08-26-4
2026-08-22T11:00,d8fcf64fedb6adda5a9632522860b3ae73be546cc2d50c0e0bccbdcb270b3043,2026-08-26T15:54:44Z,2026-08-26-4
2026-08-22T11:00,d92fb09e9ea9b5d436da9a2b9689a00879c801f10c59ac683b3953677ced6b51,2026-08-26T15:54:44Z,2026-08-26-4
2026-08-22T11:00,d941b91e68d8586863df73c8f4d9ccf92621db019be71031ab4313eff0e1bd57,2026-08-26T15:54:44Z,2026-08-26-4
2026-08-22T11:00,d9b90afa74a2f9f0bd7b034728d4521edff28b7bb206b7bb01555533abad9ecb,2026-08-26T15:54:44Z,2026-08-26-4
2026-08-22T11:00,d9cc83f83c52014c031ee68fa1df630deeac681ff6bf641df65b87bf7d70d2d4,2026-08-26T15:54:44Z,2026-08-26-4
2026-08-22T11:00,da81dde62ca1b47375dfaf12075d98f412cfc3677125ccc31afe87c747da4fe8,2026-08-26T15:54:44Z,2026-08-26-4
2026-08-22T11:00,dae0e1d020b3e7d47cca85097e06806607d9bf90b1fbe25a706b7688ef01544e,2026-08-26T15:54:44Z,2026-08-26-4
2026-08-22T11:00,db94831deb194505117d59514aca790407bfa982c72adb8a56446ed16176a621,2026-08-26T15:54:44Z,2026-08-26-4
2026-08-22T11:00,dbcd82b6cf132acfecc4f9048e779a828a88d0aa250f21ca5ac830c4ccadddd8,2026-08-26T15:54:44Z,2026-08-26-4
2026-08-22T11:00,dbe1fa5bd6c0f8698eb2ce2460c2d1206f714ee34b5a9fe0df69d6f79903e4db,2026-08-26T15:54:44Z,2026-08-26-4
2026-08-22T11:00,dd146d07fa0d41c589357fdc4c01d2aec02a9d00be6380927c74218c713bcd44,2026-08-26T15:54:44Z,2026-08-26-4
2026-08-22T11:00,dd7af59133c0c4bb965d0856125a90cc421d4ab62c47c14a191630add0b974a9,2026-08-26T15:54:44Z,2026-08-26-4
2026-08-22T11:00,ddf2b52df7a9997be27a3d21ff58e64bbf0b9c2c95fc1691931d7e86bff29d80,2026-08-26T15:54:44Z,2026-08-26-4
2026-08-22T11:00,de022410db428ab7fbd48045cc427ecfc1e14c75ab6c56894f58b6a70b72653a,2026-08-26T15:54:44Z,2026-08-26-4
2026-08-22T11:00,df78bb6576f06a80a44e263994fd7a88bd09994a76b0d0c733e6c2fd1b3d2937,2026-08-26T15:54:44Z,2026-08-26-4
2026-08-22T11:00,df9a8f9ee0589ceea29b8333edc440c396316c30be5a245109cb352fbaf66652,2026-08-26T15:54:44Z,2026-08-26-4
2026-08-22T11:00,dfbb399564c3bedc59d8ace68cdc87dcad15d7523518a4115caa92d1a1c8f434,2026-08-26T15:54:44Z,2026-08-26-4
2026-08-22T11:00,dfbd1d1345dd8eadd930540dce950ac9451ef556f5a9d5b11b114df77efbf58b,2026-08-26T15:54:44Z,2026-08-26-4
2026-08-22T11:00,dff4ba7ff6e284b666091f70908aebc752011327b70bf2c528be11b3cdc600fe,2026-08-26T15:54:44Z,2026-08-26-4
2026-08-22T11:00,e09c78b34c762a525db572da7487ff5811e517bf7f8046a330008ee1d0d3f2bc,2026-08-26T15:54:44Z,2026-08-26-4
2026-08-22T11:00,e0e5abf4f87e32f87e954b5829891152a2b3d67f9257ef717c85f8c34452bc1a,2026-08-26T15:54:44Z,2026-08-26-4
2026-08-22T11:00,e2163fe8718d2eab8724a239814d482d156de398bb94b0182f44f7287e73ae8f,2026-08-26T15:54:44Z,2026-08-26-4
2026-08-22T11:00,e468b1e6b2fb3f1dfa2d1cba555e11647f5920087e04a3f39b50bd4c259e8f3c,2026-08-26T15:54:44Z,2026-08-26-4
2026-08-22T11:00,e5285a9eb0921a768881f1869cbbbe1f531d719a90b4bfa6525c06c3c89b3f25,2026-08-26T15:54:44Z,2026-08-26-4
2026-08-22T11:00,e528b4fd01f8fc22234cb8c3e6ada1fec0c4bd7f94bb6bde87aca2ffec6698e4,2026-08-26T15:54:44Z,2026-08-26-4
2026-08-22T11:00,e5744980906fa45039f61570a756f0ab8ee46869c17ce5b00ac0c12b13f644ed,2026-08-26T15:54:44Z,2026-08-26-4
2026-08-22T11:00,e654fcc4522525fd43653949f09dc2962f117b7bb77ce3f53815b00af6173a42,2026-08-26T15:54:44Z,2026-08-26-4
2026-08-22T11:00,e68f02dddce60fd53f646ad74d315cd04d22f3b4f6f0b3c8e5e121edfa5d6ee3,2026-08-26T15:54:44Z,2026-08-26-4
2026-08-22T11:00,e72a7c3a3e053e215564bb19e4404a1b3b48539b56a598f1a3d13fb45ab98017,2026-08-26T15:54:44Z,2026-08-26-4
2026-08-22T11:00,e8099651fba52502323b882226f1281720131e9937914d65f2f2728f197d31e3,2026-08-26T15:54:44Z,2026-08-26-4
2026-08-22T11:00,e82ea5c0c9e747c9ce777f96857c4b7805c68a4c29a195f91ffc2d0e3b23a1c6,2026-08-26T15:54:44Z,2026-08-26-4
2026-08-22T11:00,e90cf2f1eecb22b6f7ca055683cce9ad7e86321962d136f97f5c9ca43801ef99,2026-08-26T15:54:44Z,2026-08-26-4
2026-08-22T11:00,e92b7b5869f0c61b10cb42b2e854d68a9a838d8a865e04d1d9e3ca4cf2b01e78,2026-08-26T15:54:44Z,2026-08-26-4
2026-08-22T11:00,e9818188e26bd837ad827767a44f6c6ac433d82106da73a0675b52219259787d,2026-08-26T15:54:44Z,2026-08-26-4
2026-08-22T11:00,e9b974f64b0eedc0a8df2682e1c2458fbd05ecac6192eb7a13f44e0eb189bac0,2026-08-26T15:54:44Z,2026-08-26-4
2026-08-22T11:00,e9d9b8fa42bfa7bf64898fef5f99885e56546f51441f78c23bd6040edc8f8d6e,2026-08-26T15:54:44Z,2026-08-26-4
2026-08-22T11:00,ea415d6d8881f83fde2f2fd8b24a4eff6e119c71ac0fdb2623a81150e3b9a69b,2026-08-26T15:54:44Z,2026-08-26-4
2026-08-22T11:00,ea508861ee3692bc0db8090da47c9b9de3c5a2183b47d2d7ff2bfe22dcc96e51,2026-08-26T15:54:44Z,2026-08-26-4
2026-08-22T11:00,ea644bc30626c0442cac66a9312d51f1d69715ecdf1951f1a519a9bf88016ab4,2026-08-26T15:54:44Z,2026-08-26-4
2026-08-22T11:00,ea888cde5032e9af85f13bb1a8a7366f8a1bd9dc31033c5920aec4487c6b46a6,2026-08-26T15:54:44Z,2026-08-26-4
2026-08-22T11:00,eac2240ae9bdf74516cac8260d7317b3bdf2b18a3ccab2254951eb07acf19040,2026-08-26T15:54:44Z,2026-08-26-4
2026-08-22T11:00,ead6435042b6138a6b3197f0e4f9897500c26efeff481c185c1395f0366d36d8,2026-08-26T15:54:44Z,2026-08-26-4
2026-08-22T11:00,eaf6f628e5facd8351cc70b470b8832a4cc867322f4aaf6805f02ad6f096303e,2026-08-26T15:54:44Z,2026-08-26-4
2026-08-22T11:00,eb1228aab8a99f32d0424a85f5c9790bec13edd9f78c3032c1e64e7fc1cdf0f9,2026-08-26T15:54:44Z,2026-08-26-4
2026-08-22T11:00,eb79412619810be642cb642fb3ca51bf2624d8533b40dd0d851faad906f84ac8,2026-08-26T15:54:44Z,2026-08-26-4
2026-08-22T11:00,ebcd4c2db8ef2607f7dbef2a2bafa81a04716353a751d2c65d8ac0fc7a05dd1c,2026-08-26T15:54:44Z,2026-08-26-4
2026-08-22T11:00,ec9189bdab3b6f89860e91308be0765dfe802e23f5eba0a58394c0bcb5aad5d9,2026-08-26T15:54:44Z,2026-08-26-4
2026-08-22T11:00,ed3d6f322dfb4854cdd3b1585de4f2a210690730a88f9a1b2eb37f46ac6f4c30,2026-08-26T15:54:44Z,2026-08-26-4
2026-08-22T11:00,ed8811a7f554a673b31648efa7f5b40d64116c298c49d439244509666250d1be,2026-08-26T15:54:44Z,2026-08-26-4
2026-08-22T11:00,ed8bec316851604623b2c484303df69990ba33f81612f828a45eace9643c98ef,2026-08-26T15:54:44Z,2026-08-26-4
2026-08-22T11:00,edb960cd5c604a5affb88fc7ceb7358c4bc935f515a7423d4753d7d6936c935d,2026-08-26T15:54:44Z,2026-08-26-4
2026-08-22T11:00,ee2c9aa046c90f258f2e91dc4724db8fbb14b081cbb460b2d84ebc3108b4ed32,2026-08-26T15:54:44Z,2026-08-26-4
2026-08-22T11:00,ee5c0f65d11589f3f226910f2bd92e846d36a90567e06b240cc6bf380aa3984a,2026-08-26T15:54:44Z,2026-08-26-4
2026-08-22T11:00,ef608c88160380abb41e378f0e756b02108afc10ad5c98fa88451cbf2496de85,2026-08-26T15:54:44Z,2026-08-26-4
2026-08-22T11:00,efe17b494b4e08f2419a9942900521c99cac10a24d0fa492dd3c5b1b1c6131c0,2026-08-26T15:54:44Z,2026-08-26-4
2026-08-22T11:00,f040fd3fc88e3d92a816ec3455a085141a243ed9793a74db62a837be7a14dd72,2026-08-26T15:54:44Z,2026-08-26-4
2026-08-22T11:00,f04c299fc5e754262a4e5fac652ae6bbfebe9de708b93a51ebe21c2fd2578157,2026-08-26T15:54:44Z,2026-08-26-4
2026-08-22T11:00,f0765c962dca09c805ed667a804618094681635c7b0d90fa1d1fed0a1f6da820,2026-08-26T15:54:44Z,2026-08-26-4
2026-08-22T11:00,f07756b2c3a9184c6b53ce415f31af3c7a8c006b67fa092edad1805428449972,2026-08-26T15:54:44Z,2026-08-26-4
2026-08-22T11:00,f0e20f197e8726d218787dd7cce53d2ed6b6a26a9d2aad146f5f89f001ef37e4,2026-08-26T15:54:44Z,2026-08-26-4
2026-08-22T11:00,f0e992a11ba556bc2f1a0fee6602e136f65d30448120f18dfc82ae05870b97eb,2026-08-26T15:54:44Z,2026-08-26-4
2026-08-22T11:00,f139cf908dc36ecc0f1228c887220e49c13fb06588dbac91d12c3a42d46bba5f,2026-08-26T15:54:44Z,2026-08-26-4
2026-08-22T11:00,f1b0a3c6f0f8f3aee6a6297124e30d4db99249acce54335e7e6a45e40c07d96b,2026-08-26T15:54:44Z,2026-08-26-4
2026-08-22T11:00,f1edafafc2a21fe6ddc5c8cdf5f5f5304ffa7a1cab6480832a8675ab446b0c09,2026-08-26T15:54:44Z,2026-08-26-4
2026-08-22T11:00,f24ef78c7e824a43e0c431b62fdf65e31eeca9f9fd5393829eddbf5e3e468cfd,2026-08-26T15:54:44Z,2026-08-26-4
2026-08-22T11:00,f285c55c8b4419d80c7b0cbc1db862d4baf7b457553b9a1e58733c01eee36f51,2026-08-26T15:54:44Z,2026-08-26-4
2026-08-22T11:00,f315b9c3802715b46f5e91cc29dd63652751e6dd913ce880e063b3a8659b4b8b,2026-08-26T15:54:44Z,2026-08-26-4
2026-08-22T11:00,f34c3a96b61a1158a1d888b27bb475a2563b70bbdfb4456aa5a4592be00f2c1b,2026-08-26T15:54:44Z,2026-08-26-4
2026-08-22T11:00,f364b73cb5f049d119c7b7e598b22e9bd738807833a1959a5511cab2a6652041,2026-08-26T15:54:44Z,2026-08-26-4
2026-08-22T11:00,f393af13d5bc9bc1249a03950c457802023cf530ff8fb2172008a6d5b78c9968,2026-08-26T15:54:44Z,2026-08-26-4
2026-08-22T11:00,f39a9a07468f738d4f5b0dc8ec03c7d35c1949de16c8c98e1bb15b234b1a6f1e,2026-08-26T15:54:44Z,2026-08-26-4
2026-08-22T11:00,f3e6b1006ab89e5c6ff42c61a1d98df363a324aa0674535d946ae6c5d91fe868,2026-08-26T15:54:44Z,2026-08-26-4
2026-08-22T11:00,f3fa3de7eb36782e73be83259d58e25c68b9fc8ece972144fe82b3f670ce0dbd,2026-08-26T15:54:44Z,2026-08-26-4
2026-08-22T11:00,f47024a74e93040c5e046b6ca9e4a4f5857109b5950b482ba1a3ff99132db097,2026-08-26T15:54:44Z,2026-08-26-4
2026-08-22T11:00,f4a73b080d7a806fb0768c4906d64ab850f2a502ffc843579a0516c9b479a94c,2026-08-26T15:54:44Z,2026-08-26-4
2026-08-22T11:00,f4c77b54af5db5194b62ea51c5188895b44472ad9d8d4f4913845f0f5ec338db,2026-08-26T15:54:44Z,2026-08-26-4
2026-08-22T11:00,f4e235059a52532d272ee8832b4c52ddc53796d444685dff8f670103b00a5256,2026-08-26T15:54:44Z,2026-08-26-4
2026-08-22T11:00,f56b3555907c0b04c00d322664ae3723a277f17375b04ab03dc37ab6b9158bf7,2026-08-26T15:54:44Z,2026-08-26-4
2026-08-22T11:00,f595ed729d42cb0201316317c51af6e3fcd83ac44665cbf35f84eb42e0baccc0,2026-08-26T15:54:44Z,2026-08-26-4
2026-08-22T11:00,f5b75685e044d2d116e9c28006326c22c11f571cb9f6f8441df76f5089141131,2026-08-26T15:54:44Z,2026-08-26-4
2026-08-22T11:00,f614c989295c9f5323c290b3347a8f7193caae379024cca7a2b32079c394c26c,2026-08-26T15:54:44Z,2026-08-26-4
2026-08-22T11:00,f69c106732658c1fa852b9189150883f70cc4a22dddca7b74b5d631928d3a116,2026-08-26T15:54:44Z,2026-08-26-4
2026-08-22T11:00,f6b167583567c9d80399051d8198637fbfe846da5987edf1207b7c640e8e42a1,2026-08-26T15:54:44Z,2026-08-26-4
2026-08-22T11:00,f6f7ae3175541a8c0046f8fcd8fe4696a607e22c61c779f8d76653a6e70e23a5,2026-08-26T15:54:44Z,2026-08-26-4
2026-08-22T11:00,f6fe859215e1db22c02f40ac768d7a0ea77189d06852ed9369202ab89d60fc97,2026-08-26T15:54:44Z,2026-08-26-4
2026-08-22T11:00,f70f8803989ebcf3f12c5248564a9b28fe81e598272f94ba5c8d2a4c31228821,2026-08-26T15:54:44Z,2026-08-26-4
2026-08-22T11:00,f770e3cc47972b034ce450c51ecb1ae89beb2a04ac167fe5ec6b0c78fdd719a3,2026-08-26T15:54:44Z,2026-08-26-4
2026-08-22T11:00,f799195ae1197542c97d4e96e240b0489cdf9ae79317cbb7168f9f5ee05a5c61,2026-08-26T15:54:44Z,2026-08-26-4
2026-08-22T11:00,f7b8fa9c95dde1ba634dd3150a73a63ae283526af48e86773a7b4ca6e282bdc1,2026-08-26T15:54:44Z,2026-08-26-4
2026-08-22T11:00,f83d234a01e201a8c8b5edae5498089ee15b4320972ab55f8b1bce834c54c34e,2026-08-26T15:54:44Z,2026-08-26-4
2026-08-22T11:00,f89ee300890a799b78953148fbc451f61aa6a555737e0fbc5429353a0b4edc4b,2026-08-26T15:54:44Z,2026-08-26-4
2026-08-22T11:00,f8fa05c4157baf9ffb888a648e9610cb619408a852c688e09020989e76d69863,2026-08-26T15:54:44Z,2026-08-26-4
2026-08-22T11:00,f9e1204a8f621eef6379c3f2ca2e7fe51e7fec876e94527acac17deefb301564,2026-08-26T15:54:44Z,2026-08-26-4
2026-08-22T11:00,fa62f1decacb939959549f56de2166609a1fffcaabb131afed9bf4536dcb911c,2026-08-26T15:54:44Z,2026-08-26-4
2026-08-22T11:00,fb2b5e5bf546ba254b8b8c2b1cafaf0015824753e533e59971c3fef02f305b8c,2026-08-26T15:54:44Z,2026-08-26-4
2026-08-22T11:00,fb3eeb0e9cff715b1998bed4ecb5dc8a1b1baf9427185680e6fc9b76ab192105,2026-08-26T15:54:44Z,2026-08-26-4
2026-08-22T11:00,fc5fc627ac226f4ce3d143de9c9f18e0be7329b8e36b7bd23405a6d533514d8b,2026-08-26T15:54:44Z,2026-08-26-4
2026-08-22T11:00,fc87da7ac9d0594eedc821b5d23851dd99e08015e9ce5e19f20b687426fcfcf3,2026-08-26T15:54:44Z,2026-08-26-4
2026-08-22T11:00,fcad4c50cac4f0ac06e2d8c4d3554c80ae4ecd671fb7d48d1800ee7f45f54403,2026-08-26T15:54:44Z,2026-08-26-4
2026-08-22T11:00,fcc791d80b1778f76274983897f5e0b0b5c2758c7bde287c53a6904cdee03fd2,2026-08-26T15:54:44Z,2026-08-26-4
2026-08-22T11:00,fd365b9f4228a140a21ef7dd8a294876a73f46c709f6ae3fe4a8af32c98c3405,2026-08-26T15:54:44Z,2026-08-26-4
2026-08-22T11:00,fd80cdfbc219518aee080105c2547fbded2839bf95a1177c38c729b8ecfb4c16,2026-08-26T15:54:44Z,2026-08-26-4
2026-08-22T11:00,fd816e3445bdd4e71b4e8de48a6443466a8d2a291a93aea58226861af9833fe0,2026-08-26T15:54:44Z,2026-08-26-4
2026-08-22T11:00,fd9cc34f84f071d84378fa0ec83ba25607d797a33894eb3eed8227d9b3b25684,2026-08-26T15:54:44Z,2026-08-26-4
2026-08-22T11:00,fdb9055821e67d39e4341db9e2ae923ec083d93e453f1114ce9909caa8cf8fe8,2026-08-26T15:54:44Z,2026-08-26-4
2026-08-22T11:00,fdd5258aa06b88bd5d35329bdff4764da6677520107b34c617bc53199e7bfa44,2026-08-26T15:54:44Z,2026-08-26-4
2026-08-22T11:00,fded9559065be9dce7cc3d0f8cd8c906fdff933d901234a834153e08179073be,2026-08-26T15:54:44Z,2026-08-26-4
2026-08-22T11:00,fdf0dbece85d1120a4cfe79994a7ee369c272759528fee71b20e5431b6573d64,2026-08-26T15:54:44Z,2026-08-26-4
2026-08-22T11:00,fe34794f21ad34cf4f5a27869bcc3e566c70555b2bfbe748e4357a94f04bae2b,2026-08-26T15:54:44Z,2026-08-26-4
2026-08-22T11:00,fe364638d42b7a72a6807721a5d8e053b29419bbd9f1c4d43982cef4412ef306,2026-08-26T15:54:44Z,2026-08-26-4
2026-08-22T11:00,fe81ec659822add184ad8569ee4a96ec9c3639fdc4d58a1dc1b4b382f62fb9a6,2026-08-26T15:54:44Z,2026-08-26-4
2026-08-22T11:00,fe8c6db44fc9143bae0710af4ea384a19de8aab049bf080a72477e850abb8b68,2026-08-26T15:54:44Z,2026-08-26-4
2026-08-22T11:00,fec6352e984f23a1f7022758984559843dae6391959ea0e02b5b93bfdcee49bc,2026-08-26T15:54:44Z,2026-08-26-4
2026-08-22T11:00,ff7389199d7f7ebe37ff73f360cec24afdeeb81f556acd7eae4d1255e217317d,2026-08-26T15:54:44Z,2026-08-26-4
2026-08-22T11:00,ffb8f21b8a255cf37606ee65709bcf7fa6217b7e093a663b2c177c09bfc490f6,2026-08-26T15:54:44Z,2026-08-26-4
2026-08-22T11:00,00066438934e64cec23e8b06dc0903b4a8032c974ffc5827e99851808ddd721c,2026-08-26T20:06:06Z,2026-08-26-5
2026-08-22T11:00,004084027767008edf9e795621ce6707e300df693a4b40f5a54d4489a586e2a3,2026-08-26T20:06:06Z,2026-08-26-5
2026-08-22T11:00,00db0f5b08d823293030801b83767fca3c106f4f49de57607b672405a5263200,2026-08-26T20:06:06Z,2026-08-26-5
2026-08-22T11:00,010b5b1d6af59d5c2d8d652a0c656cc794dafd754f44430b1d493053d02ecaa9,2026-08-26T20:06:06Z,2026-08-26-5
2026-08-22T11:00,0133a11445810743c45e19175068ecf8b2dc53a9c57d7bbda6913bb3c94568e3,2026-08-26T20:06:06Z,2026-08-26-5
2026-08-22T11:00,01813f667c837782ca364809426010c002b08be7bb1a4f2b033a59b774c75e09,2026-08-26T20:06:06Z,2026-08-26-5
2026-08-22T11:00,01ce1edccb567ad1950fd5e2c0646e75006c3f6fa3b0c7d64784125be0f6f321,2026-08-26T20:06:06Z,2026-08-26-5
2026-08-22T11:00,02fb04f0d60702837476ec54aedf8d136f0e402f54c0258dee10b339f9ac5d73,2026-08-26T20:06:06Z,2026-08-26-5
2026-08-22T11:00,03b79172cd421972a6637bf0f9f63e79dce8cc1ae1b35033dc37cfdd6b635ed8,2026-08-26T20:06:06Z,2026-08-26-5
2026-08-22T11:00,04f4ac587168d98fd90e0376667f870e05a3f9f323a89075b817c3c878094f40,2026-08-26T20:06:06Z,2026-08-26-5
2026-08-22T11:00,05207167a6a23e0273daaab97b251cd8281aea1a5de83bdac0d8e36d645283c9,2026-08-26T20:06:06Z,2026-08-26-5
2026-08-22T11:00,05cc66113318e80dcc598b224d73646f450fbddd3fb93ba08e42f49658f5d091,2026-08-26T20:06:06Z,2026-08-26-5
2026-08-22T11:00,05f5edc37f5b272d07e4b4d877841564df9e8dffd08f906610a16f3312d2cf56,2026-08-26T20:06:06Z,2026-08-26-5
2026-08-22T11:00,065fdf040c096afdc4aed96ffc5f11b50702ed67ec60f378c6a9e1d1770fd9bc,2026-08-26T20:06:06Z,2026-08-26-5
2026-08-22T11:00,06b6557e4e8cebdc3ebcddb6b5e9399e6f55ff0d23592be7bda177a753b401ed,2026-08-26T20:06:06Z,2026-08-26-5
2026-08-22T11:00,07c178b9154270511a47825ccf12d4dceca14773ece69c72536f402f0b2ac2df,2026-08-26T20:06:06Z,2026-08-26-5
2026-08-22T11:00,087f03627b46463b785a06ce0070d9c32083a9c0b484767688152ccc7b002bb4,2026-08-26T20:06:06Z,2026-08-26-5
2026-08-22T11:00,0890b1604d578bffc2524f8d02786d65d56b7574d243d72548e905f99dc267bc,2026-08-26T20:06:06Z,2026-08-26-5
2026-08-22T11:00,08975da363f925ee3784e8f65bbd0205b11879b91ef6668639e53bd175ab13dd,2026-08-26T20:06:06Z,2026-08-26-5
2026-08-22T11:00,08c302a312691f40a831d6a0f7d33f72ede8bb915437ab3b9fce4e2e8a9912b3,2026-08-26T20:06:06Z,2026-08-26-5
2026-08-22T11:00,099ed265feee97101b60c700cdcf6cb1f8fea12d3668545d5627b7649d22bc55,2026-08-26T20:06:06Z,2026-08-26-5
2026-08-22T11:00,0a4c70f55e1f6c45a8acdead04d3a27d07b12caba0d48bf5fc2fed8ed6256312,2026-08-26T20:06:06Z,2026-08-26-5
2026-08-22T11:00,0a7672a633f5b5b9bbf88ce9b837448a50490f12abcc226a1a371cac52693028,2026-08-26T20:06:06Z,2026-08-26-5
2026-08-22T11:00,0bb9b13536d0347e0f3c98c4c190e8b29da12d8893a3f4a79a22c23c1499aa6a,2026-08-26T20:06:06Z,2026-08-26-5
2026-08-22T11:00,0be4900ebf26ad7f382a9cefc84bff279a1fc85f487b912ac6bee17e8c68dbfc,2026-08-26T20:06:06Z,2026-08-26-5
2026-08-22T11:00,0c1e83091c92d6c15e981a2f9d081371688ebd6d1d6b4bb0a4fd0d69831bcb91,2026-08-26T20:06:06Z,2026-08-26-5
2026-08-22T11:00,0d13e98109a8594a3224a1ed125177c7bcdc8a15755d93eb4f5191f438567630,2026-08-26T20:06:06Z,2026-08-26-5
2026-08-22T11:00,0d4a3f1f56c8d148cd02d1e0de3df94d761d0aa3ef04a39d47a0d901e459a044,2026-08-26T20:06:06Z,2026-08-26-5
2026-08-22T11:00,0d59f5600e4154c79262d58ea32ba3f058bf84618d8c0bfa429f59148a192aca,2026-08-26T20:06:06Z,2026-08-26-5
2026-08-22T11:00,0d9bd2767e7d3fb46b2d129669061a847c82b5d609546dbdefc0e9644f34daf3,2026-08-26T20:06:06Z,2026-08-26-5
2026-08-22T11:00,0dfb756839e5f35c58c3e196b3fb89a58cd4d23a5a50f228b0eb64f0e0915ae8,2026-08-26T20:06:06Z,2026-08-26-5
2026-08-22T11:00,0e408af5207880972663e67589e9a05c742358bd69b543904c71fadc536c30be,2026-08-26T20:06:06Z,2026-08-26-5
2026-08-22T11:00,0e979dcb09ce1c6f24920aa689cabd23097148edca4053c8e5f07be2fccfe105,2026-08-26T20:06:06Z,2026-08-26-5
2026-08-22T11:00,0eb57cf9a3d26aca2a98156c133f76dc41844a1dd16f9ce7f68af09411c6a371,2026-08-26T20:06:06Z,2026-08-26-5
2026-08-22T11:00,0ecc5c924e1f0b217bf6f0b3c985700aaa4349717ac55af2d8dfde676244d6c1,2026-08-26T20:06:06Z,2026-08-26-5
2026-08-22T11:00,10bcfa8ea9181d27f4bbe3f2997f10842f16478f885203b3c87361bb7b454577,2026-08-26T20:06:06Z,2026-08-26-5
2026-08-22T11:00,12f83228d109b7f37e58afe7fd807fa6d5705a67e9b25b339208597a33615d51,2026-08-26T20:06:06Z,2026-08-26-5
2026-08-22T11:00,1349ccc70ee67816f430afcdc97eb4ebd42cea883b0f094d59ad8e44c07fdbb4,2026-08-26T20:06:06Z,2026-08-26-5
2026-08-22T11:00,14e13ae896cdf9f10f1b800152cbea199780ad59238a909e90b24e78fefb3b3e,2026-08-26T20:06:06Z,2026-08-26-5
2026-08-22T11:00,154505705e6e6f28bc64bcfec55af10b0284f7e492c4b20914c522591ff9ed63,2026-08-26T20:06:06Z,2026-08-26-5
2026-08-22T11:00,15a0709fceebf2e1e7a8d1a5d993d555430c9f131aba8e87192d93c44e1538e3,2026-08-26T20:06:06Z,2026-08-26-5
2026-08-22T11:00,16b184369e7e981e67765513398fdaf118bbfdd18505eecbb52f6771e7341804,2026-08-26T20:06:06Z,2026-08-26-5
2026-08-22T11:00,174d2d281258366991356a3bebd1276196e5e9651103473628698a5139243544,2026-08-26T20:06:06Z,2026-08-26-5
2026-08-22T11:00,1766caf300d5da08a4c4a31f604c7832b41a9c9318d8e5e5537e3feab8ed8cd0,2026-08-26T20:06:06Z,2026-08-26-5
2026-08-22T11:00,193381d397f5564f9bae63a14699a1a34941178ecae8d768ad242a27eba0df97,2026-08-26T20:06:06Z,2026-08-26-5
2026-08-22T11:00,1a34792f1a943f6103c9aa4ae939c21fc563711f3f6e190699394fb63e870288,2026-08-26T20:06:06Z,2026-08-26-5
2026-08-22T11:00,1ab029771786b1aac4ed4f97c4e67e7b26004f5ad72e988e7807c5dbd3c93973,2026-08-26T20:06:06Z,2026-08-26-5
2026-08-22T11:00,1b186130027e912fa740b768d94c384332f3efc2994e86e43f8fdc70136dd58a,2026-08-26T20:06:06Z,2026-08-26-5
2026-08-22T11:00,1ba354b4600a70d8ee7e6c0fbf9911368f8a3d239b97ae854d4dde3a1ddf02db,2026-08-26T20:06:06Z,2026-08-26-5
2026-08-22T11:00,1d40b97dd80b496cf10227032ac7921e4ae09875f635647d98fac050285db874,2026-08-26T20:06:06Z,2026-08-26-5
2026-08-22T11:00,1d7c8b36b89653482f051f2d9f1046c07849c76f992b1d5baec3e017bf529805,2026-08-26T20:06:06Z,2026-08-26-5
2026-08-22T11:00,2027ce1db844a6f8b9817749209a1c23f60cc995001dd2dcc8075c14668d9b87,2026-08-26T20:06:06Z,2026-08-26-5
2026-08-22T11:00,2066760c6b00bac9c66d0054ead25be487d8a4b68dcb17b4d646d59a4ffd873e,2026-08-26T20:06:06Z,2026-08-26-5
2026-08-22T11:00,209360606bcc37b1f8cc7deb6cd3ea7cfed36c34e08cc58165caafde334dd5da,2026-08-26T20:06:06Z,2026-08-26-5
2026-08-22T11:00,2096420ed0630efbe3b57291e892234fe2b58138bc656515b72c24acb5b6f088,2026-08-26T20:06:06Z,2026-08-26-5
2026-08-22T11:00,20d4f2179b98a3dbb45a415bb8fd0b3f0b32654c13bfc848fb3ea6bd5fab240d,2026-08-26T20:06:06Z,2026-08-26-5
2026-08-22T11:00,20e81cfce13a235b8bfb7f8e10a4a1869fd0737282047f51f1f2de4f283cecf2,2026-08-26T20:06:06Z,2026-08-26-5
2026-08-22T11:00,210c7489ca53d70bed54b071e132f0b73a816b8a8c948e3f4aa92ba20c832571,2026-08-26T20:06:06Z,2026-08-26-5
2026-08-22T11:00,210faa30df15f00e2dfcbc6a6c99dd17c1b386b884a6c1bccfd7962e1ce2aace,2026-08-26T20:06:06Z,2026-08-26-5
2026-08-22T11:00,212505292a12b625829ce2bb7ededbff534da4e635303239b336a68428c89149,2026-08-26T20:06:06Z,2026-08-26-5
2026-08-22T11:00,225e281b5ee41eb83c63554f06a08ab338a0dc5200dbc7a9672849f464bf41c5,2026-08-26T20:06:06Z,2026-08-26-5
2026-08-22T11:00,22b8df0f8bf4db0445ce80c7c6914673fa9c1c08b6367c1cd614681a9d5a8bbd,2026-08-26T20:06:06Z,2026-08-26-5
2026-08-22T11:00,237a9de34204955735280879b52370de85b16821f5f7b6faee3afd8d1cfb14c8,2026-08-26T20:06:06Z,2026-08-26-5
2026-08-22T11:00,23bb91084f779848e0cd31d2c21c32c992bd5155103112427d30800ec60c2802,2026-08-26T20:06:06Z,2026-08-26-5
2026-08-22T11:00,27783490a6274747634e495fab445feb21ae4565f4e5618922170f6141a9c670,2026-08-26T20:06:06Z,2026-08-26-5
2026-08-22T11:00,27b387f455387989865be9296459de888ba5a8c6c4dd184e3723027c7f9d3d50,2026-08-26T20:06:06Z,2026-08-26-5
2026-08-22T11:00,27ddd2640e311a57cf0af39a0152555404788c2fdb49dd88bb788c329d2c57f2,2026-08-26T20:06:06Z,2026-08-26-5
2026-08-22T11:00,2800e76314b18a3054f0ed79e9fc212870d2aeb552d151753e262b57332f89a9,2026-08-26T20:06:06Z,2026-08-26-5
2026-08-22T11:00,29141673f343d920035697d05b5d6096ca0228b90e7fc47a58845789fd1d6b35,2026-08-26T20:06:06Z,2026-08-26-5
2026-08-22T11:00,29a187422be796f74f06aa5406aa73856ade66a1d9f36b36b02f01cce8a4e2de,2026-08-26T20:06:06Z,2026-08-26-5
2026-08-22T11:00,29cb1360d3a968fa30d4f715a3963cefad79f78e94663de73f0834ee828084f6,2026-08-26T20:06:06Z,2026-08-26-5
2026-08-22T11:00,2acbad99c958fef569a813a14b7572ec1953f163eb961424bbe7bc9c1fcbc92b,2026-08-26T20:06:06Z,2026-08-26-5
2026-08-22T11:00,2b893a6b846d57f02e5cf18ddfb95ff62c880e000c2bc0468fe818c59b02c038,2026-08-26T20:06:06Z,2026-08-26-5
2026-08-22T11:00,2c449e4c86e9da09e6e4c3c1b98f207fb433ea81d07354bd2c5c55cb46a28f0f,2026-08-26T20:06:06Z,2026-08-26-5
2026-08-22T11:00,2c4a7424f3b22b7b3f6bfcc087aca4099fcbf65134b606ea30a20b8ed7ccc0d7,2026-08-26T20:06:06Z,2026-08-26-5
2026-08-22T11:00,2d8503c3242ada6d8823c9c8d6687f235608af96188a702d9c8957bf40222612,2026-08-26T20:06:06Z,2026-08-26-5
2026-08-22T11:00,2de0dbb324fd9662f217fc8090ce79dd4b578c984b2241f86a1ca4d1854914de,2026-08-26T20:06:06Z,2026-08-26-5
2026-08-22T11:00,2e4a44e911b2041a544cfa0f987259e6e10feb47f371a14470ad1105a82d4a2c,2026-08-26T20:06:06Z,2026-08-26-5
2026-08-22T11:00,2f100e810e5dbeb4afe16aa81c9124659aa9f2211e50e75ad5392ff505ae8587,2026-08-26T20:06:06Z,2026-08-26-5
2026-08-22T11:00,2f12b1ea5771b3b6a78034222b3deb743c382009ba81ffe047c0f336fad402af,2026-08-26T20:06:06Z,2026-08-26-5
2026-08-22T11:00,2f3d81c02d9947cc98dc093ed6786ae445fe4eef8f7021e6b19ba20afd4960cf,2026-08-26T20:06:06Z,2026-08-26-5
2026-08-22T11:00,2f9ea551763d688d7b9aae64b0e7d2f9988a9f79f5f866ff0ce42dcea6a4bbf2,2026-08-26T20:06:06Z,2026-08-26-5
2026-08-22T11:00,301cd1d0907ef757b6e1878b52da5a85d64a0c8c4cbd3047b2f04602a29ecb51,2026-08-26T20:06:06Z,2026-08-26-5
2026-08-22T11:00,301db90415efc7fec78f101bf8c83b779dc0ee35655f8aa260162ef6e88cd33d,2026-08-26T20:06:06Z,2026-08-26-5
2026-08-22T11:00,30e642e0c06ed67b5454c34cb84baccb71556ddf05c64fa56443e6091eee7d9f,2026-08-26T20:06:06Z,2026-08-26-5
2026-08-22T11:00,31ef3c1ec02f9da85a46159b1f2291e7064442241b60dda9ecf1c08743f72bb3,2026-08-26T20:06:06Z,2026-08-26-5
2026-08-22T11:00,320078226208931cfb5598a9371ea4c8866bc5e3826a7f67270fd132454f009c,2026-08-26T20:06:06Z,2026-08-26-5
2026-08-22T11:00,326af5303e9e0732cc0e476772ff91b8b6001955782c04fd4e81d64bc9f5cd88,2026-08-26T20:06:06Z,2026-08-26-5
2026-08-22T11:00,32a692f4a15043e1b4dafa230a3052577d4f2a711bef7da8dade0f90965c9177,2026-08-26T20:06:06Z,2026-08-26-5
2026-08-22T11:00,33463cdd4e01cad94a5a55b136b6b4a84847db745e9d99591c40cb754a7a0955,2026-08-26T20:06:06Z,2026-08-26-5
2026-08-22T11:00,336de7f5b89658b2f04cd116df9c4814e6bd3a8cfed5b79df9f1e221eb93b509,2026-08-26T20:06:06Z,2026-08-26-5
2026-08-22T11:00,34e62ff4c7cf4defda5bd7747a692840f7012595a2eb1a543614fdc32b51c94b,2026-08-26T20:06:06Z,2026-08-26-5
2026-08-22T11:00,34e633622a43f616560d788efac38af5c03e34ddac4fb00907d1282724ced66b,2026-08-26T20:06:06Z,2026-08-26-5
2026-08-22T11:00,350c0925d09bbb267b34d77baeb8011b7c197073e4ececf16f003b6a73f5cc40,2026-08-26T20:06:06Z,2026-08-26-5
2026-08-22T11:00,359f2eb0b52f7f42a57213c5147183d661141c2ca6b1bbb203d14f6d8b6e1037,2026-08-26T20:06:06Z,2026-08-26-5
2026-08-22T11:00,3654a6f06d7039bb31d54e2dbcc4e24053a1d9a289b6cb127060c5df82eeb5f5,2026-08-26T20:06:06Z,2026-08-26-5
2026-08-22T11:00,3694cc882f7c12b0d46e2a24975bccf7c3f4b28e13d3c4b12a334c7338d3a123,2026-08-26T20:06:06Z,2026-08-26-5
2026-08-22T11:00,376702737d1a5c5a0f61613cf231849851caa928d9d971581a05d6c93584b2c8,2026-08-26T20:06:06Z,2026-08-26-5
2026-08-22T11:00,382de0007d877b60cc7e8c8267d62ba44e324a0d0cfe9eef1b51712494110209,2026-08-26T20:06:06Z,2026-08-26-5
2026-08-22T11:00,3892dc27efcf144248ef0e5c9b917edf58ed354868c3c048bc8080bba52ccc0e,2026-08-26T20:06:06Z,2026-08-26-5
2026-08-22T11:00,38d2d7a069c0ff9ca873b82e191bd974c11627bf51f7e7b867f9a00fc4f441c6,2026-08-26T20:06:06Z,2026-08-26-5
2026-08-22T11:00,3908750c3070485d9ab22b01d6ee070f53ff699e67ad9b8ebfdc3965ceec4e9a,2026-08-26T20:06:06Z,2026-08-26-5
2026-08-22T11:00,3ac680391ce1b7dd48562d5a15382a144f27799a8ecbff5a28a504d0f1cab9c7,2026-08-26T20:06:06Z,2026-08-26-5
2026-08-22T11:00,3bda2a039f08050100906290e867be16b28fa6ee5aea4956127b9e82a3851f09,2026-08-26T20:06:06Z,2026-08-26-5
2026-08-22T11:00,3c8d0ac5249c76075cd473081991d11ad747ce232b0e831a5d459d2ab148f1d2,2026-08-26T20:06:06Z,2026-08-26-5
2026-08-22T11:00,3d94f67bcf4d6fede957553714ee2c9ee051ee8f5ace247cee5ba4a6ec0a9e08,2026-08-26T20:06:06Z,2026-08-26-5
2026-08-22T11:00,3dff9e67f4a451eb4ea7626c51902e7aee528cd14f4071e0493dc191edf392d5,2026-08-26T20:06:06Z,2026-08-26-5
2026-08-22T11:00,3e1153e95be75f55bb6ae8009744592a32f586f913bc8eceac0f0f96bd08f004,2026-08-26T20:06:06Z,2026-08-26-5
2026-08-22T11:00,3ec73c4817252083eac4d745c508c28cae02fa9aa83cc36682da5c85bebe184a,2026-08-26T20:06:06Z,2026-08-26-5
2026-08-22T11:00,3f8797e3bf0558c677eeb73b118ff63455a2a09782c914a132ef4d9efbd39375,2026-08-26T20:06:06Z,2026-08-26-5
2026-08-22T11:00,3feb1f0d475ceb70f547db5debaf0024b90d1ce2817001646fa653b7bc0597a1,2026-08-26T20:06:06Z,2026-08-26-5
2026-08-22T11:00,400264b07c55056426eb2b6e8df9ef3785de7018ecd7685ecec06f508313e8cb,2026-08-26T20:06:06Z,2026-08-26-5
2026-08-22T11:00,411c8775db462633a1eca5b60ca0faa1c4ace0fd892a3832a5998cff9a09336e,2026-08-26T20:06:06Z,2026-08-26-5
2026-08-22T11:00,41453f62cb09fc2284a87b19d30b92448c12bd113e3f80a433f2760e33eea46a,2026-08-26T20:06:06Z,2026-08-26-5
2026-08-22T11:00,42ae571cf45914ea007170dccc27e9a80e613904cafbd461946f9289fc319e01,2026-08-26T20:06:06Z,2026-08-26-5
2026-08-22T11:00,42cdefabe10c06dca3cc403b76045bd1db152c7281754709761d8a38ed700f5d,2026-08-26T20:06:06Z,2026-08-26-5
2026-08-22T11:00,436ce7bd80b4b4d2aacd8cf22430aae225dfd1bb1fe0879b9710f83357c902a0,2026-08-26T20:06:06Z,2026-08-26-5
2026-08-22T11:00,4392b4707b50840283766091b2b9e33d4f7ddc91aa2d87a3a596cc08ef204eec,2026-08-26T20:06:06Z,2026-08-26-5
2026-08-22T11:00,4493808e0fb800b35d18898c9d560a5263e04f0085578216c17ea5bed66ba408,2026-08-26T20:06:06Z,2026-08-26-5
2026-08-22T11:00,44efc57b7fa83043065db90efd83a96965a40d12ec0fec784b85be700d13c623,2026-08-26T20:06:06Z,2026-08-26-5
2026-08-22T11:00,452a31d11cbbd0e184ce026223a7ba5a8090c3798e0c328d5abcf81e971deb9a,2026-08-26T20:06:06Z,2026-08-26-5
2026-08-22T11:00,464dd3f6014513eaa8b301818ccf28864c1e9f7ad1d777ddeea58e90b80bc5ec,2026-08-26T20:06:06Z,2026-08-26-5
2026-08-22T11:00,4805eb1452f75db27c84b36eac4e2b29a9b0158f09e042b3470d64628e3cba47,2026-08-26T20:06:06Z,2026-08-26-5
2026-08-22T11:00,48374c88735336ab6c553562ea8f7354409c1e0a413a1217749e50c5c484cd80,2026-08-26T20:06:06Z,2026-08-26-5
2026-08-22T11:00,491f999a9409c5eae3ecad71bda01f06f3c11b28ea40a4186c73b90018e606de,2026-08-26T20:06:06Z,2026-08-26-5
2026-08-22T11:00,49924605b1662169559c418adc84132f90911b0852b7908f3c859ab1413a916c,2026-08-26T20:06:06Z,2026-08-26-5
2026-08-22T11:00,49ab5f1a41c4a1169b0391100d49da6b97e376f8473be5ed01234f9422de47d6,2026-08-26T20:06:06Z,2026-08-26-5
2026-08-22T11:00,49ccfc2b85561dd8d3bd20d1fcbc411af51fe208ae0bf1808235201c3449c18b,2026-08-26T20:06:06Z,2026-08-26-5
2026-08-22T11:00,4bf5dce826fec7bfe64ee07f5c57bf9dd2b7aefa7f3cdd921eaf6ddd7aa1b97d,2026-08-26T20:06:06Z,2026-08-26-5
2026-08-22T11:00,4c267bab7f7df08397d2a9131cc0b385ebff99f51d609f17228bbc76315a82f6,2026-08-26T20:06:06Z,2026-08-26-5
2026-08-22T11:00,4c399fb4fa809f38f9f8886781c4b8db8fd81f071a046dcda041a26e84aad933,2026-08-26T20:06:06Z,2026-08-26-5
2026-08-22T11:00,4fdb50736461cb29d32b33c8da8bddc3378d072f6d66145d9c4b7174117f065a,2026-08-26T20:06:06Z,2026-08-26-5
2026-08-22T11:00,516ef90f967aca37d5ba59f657981088e5566237f6565c489251c078e058804c,2026-08-26T20:06:06Z,2026-08-26-5
2026-08-22T11:00,5212cc7ffa3f4c88b626610300ecf5c1185acbfef39de150faf0ffea3dbf3fab,2026-08-26T20:06:06Z,2026-08-26-5
2026-08-22T11:00,539f3755386d09d43a27d47001ba4fe9a3d090864f64da40137425d3a528b868,2026-08-26T20:06:06Z,2026-08-26-5
2026-08-22T11:00,5543312abaaf5817b5147c666b92e03b09e6561c9ad67132234af65708801063,2026-08-26T20:06:06Z,2026-08-26-5
2026-08-22T11:00,555f1b9a1e5342733c7b10d9e309f097c879f466d96c3d26c9a8cce9c67bebe0,2026-08-26T20:06:06Z,2026-08-26-5
2026-08-22T11:00,556f17024feaa1ac9a5a6c4c43ff64d149b4379a19cc3967b48c6ad95f8b425f,2026-08-26T20:06:06Z,2026-08-26-5
2026-08-22T11:00,5668b1ec50d218b15b7f9e5f20636a7eb068ddc2d82175ee4ca98b3901f47501,2026-08-26T20:06:06Z,2026-08-26-5
2026-08-22T11:00,5720d7dce17bed13a7966d4b20a3c30e6d5e4ad5fceaf782f4219c232cb0783e,2026-08-26T20:06:06Z,2026-08-26-5
2026-08-22T11:00,577751a4047b9c349d96011cbc2094af610de362ea1b12dcac23e4c4b917b86d,2026-08-26T20:06:06Z,2026-08-26-5
2026-08-22T11:00,587467521ebbc1b512ea8321f6020c03ce7db513fbb945310fc3683690ec91d3,2026-08-26T20:06:06Z,2026-08-26-5
2026-08-22T11:00,589f696112a6963a15b67f176542acd363c4ef1a19f7069514e81a033f54fd21,2026-08-26T20:06:06Z,2026-08-26-5
2026-08-22T11:00,58bc774607f4ad70f1eaad339ffd4655aa614e4c7b12d3cf293f67f1826043f1,2026-08-26T20:06:06Z,2026-08-26-5
2026-08-22T11:00,5b052418fd0e0fbbb638742f0d9a6accbd27a5a8ad708991798c71bfa1c4bc22,2026-08-26T20:06:06Z,2026-08-26-5
2026-08-22T11:00,5b452907a4c9f26b9d5fcb22aaee18ebcd38447a7162d063e6ffe4097f2aaffc,2026-08-26T20:06:06Z,2026-08-26-5
2026-08-22T11:00,5b7ea8e838d219984593e80ece7c0e402abc49b40752a65ff9e72beb23b21742,2026-08-26T20:06:06Z,2026-08-26-5
2026-08-22T11:00,5da56cf989c5e98357d2da6c9c2a235bda613704fc8feb967de8d2ada0d8e6c0,2026-08-26T20:06:06Z,2026-08-26-5
2026-08-22T11:00,5da7fd1ef4ab289f161ffecb29f277ec597b00725b554e86fa40ab3fe6443343,2026-08-26T20:06:06Z,2026-08-26-5
2026-08-22T11:00,5df4bbdc60a3aa3210b14e0d7622c0ad27d2c2b066c940898e0058285972e2a0,2026-08-26T20:06:06Z,2026-08-26-5
2026-08-22T11:00,5eb54803b96835e4fb885fe45d76663febed4af35463bcc6442597a26825bb7c,2026-08-26T20:06:06Z,2026-08-26-5
2026-08-22T11:00,5ee1d57a1c5d5761f57c22e584491673138b00ca10d6db4633cb7c7616724d40,2026-08-26T20:06:06Z,2026-08-26-5
2026-08-22T11:00,5f6379f69abb1f1e3a37e8d17caadd43c96920a723eed3836802fae764271a81,2026-08-26T20:06:06Z,2026-08-26-5
2026-08-22T11:00,5f7aad00f46e203f32d4afb1688b66a57dcf57e47bdbb08fca6059442f561116,2026-08-26T20:06:06Z,2026-08-26-5
2026-08-22T11:00,5f8681ce3e6eb6660565e91094ac3d4cc0686b28f42baa1310e99ae4eaea89aa,2026-08-26T20:06:06Z,2026-08-26-5
2026-08-22T11:00,60e3ef613f0bc04aa0dec198591370109f26dfb8719837ce3f134d3508995ea1,2026-08-26T20:06:06Z,2026-08-26-5
2026-08-22T11:00,615560d113c0c97502d50eec49fd8fe5974c535c1c2c7196221fc0bd348370b4,2026-08-26T20:06:06Z,2026-08-26-5
2026-08-22T11:00,6246dfa8265f1f83ff54fa0e689afbdfc23dcd01c8bc2579cc744e03b384cfdf,2026-08-26T20:06:06Z,2026-08-26-5
2026-08-22T11:00,62d96a20c270a6781b7cb02bbd36490ea30ff6f50204b26586a43f9a88d071a0,2026-08-26T20:06:06Z,2026-08-26-5
2026-08-22T11:00,64878e5d7fa934f212142b6741b4a42de341db43df2ec9a2404036fb34823dcf,2026-08-26T20:06:06Z,2026-08-26-5
2026-08-22T11:00,6498de90a96a03327746fbdcc3cf0d1d1b53501368078942f5e5e4004f2aabf0,2026-08-26T20:06:06Z,2026-08-26-5
2026-08-22T11:00,655640e96a9800ce8fcef75069bfa43cfb13d6907cb5c13d98f3de01f2aa93f2,2026-08-26T20:06:06Z,2026-08-26-5
2026-08-22T11:00,65af5302682607787d208c2819249baaa6e19033bf89c64e91acb7f4d669bf26,2026-08-26T20:06:06Z,2026-08-26-5
2026-08-22T11:00,664046a8d84466f41b245b0ad457e4853103f57c120326aa5646432d24f5ae7d,2026-08-26T20:06:06Z,2026-08-26-5
2026-08-22T11:00,669908e3d1a462c70c91e780bd4ca4c2cf84db3ec8c6e03ce33967b55998945c,2026-08-26T20:06:06Z,2026-08-26-5
2026-08-22T11:00,66e7903f09c4906108dbf141201aade3b232466a076e41ea1350b8251e8598df,2026-08-26T20:06:06Z,2026-08-26-5
2026-08-22T11:00,67a7b48b9d674e27f54bfe633f86992fc7d31bbdb23d48bab7321c16d084c19b,2026-08-26T20:06:06Z,2026-08-26-5
2026-08-22T11:00,67cd6f38b056ea15a306e7a6286628f9917019ea4a66e9c8b4f02be0da684c11,2026-08-26T20:06:06Z,2026-08-26-5
2026-08-22T11:00,696f6cd81b3d617bbd3a0bfe34034281b3f9d8abfd22b7f5ee84bfdac3aba1ea,2026-08-26T20:06:06Z,2026-08-26-5
2026-08-22T11:00,6a09ffee4cb9722361bdeec8d500a0a18ca7ed2a335354016743cdb36ab18b37,2026-08-26T20:06:06Z,2026-08-26-5
2026-08-22T11:00,6a168e6736b7827a16afd331ca20172c68878340e86df2e29b967d3771a7e670,2026-08-26T20:06:06Z,2026-08-26-5
2026-08-22T11:00,6a26b6b6d3e5f4ce1c5cd6abce94657c94a90c33b871249c0f7e9fd4db07898c,2026-08-26T20:06:06Z,2026-08-26-5
2026-08-22T11:00,6a472ddea7e64c2bbe35a7a6fb3c54f5c1632918200fa7e531047584d376fda3,2026-08-26T20:06:06Z,2026-08-26-5
2026-08-22T11:00,6afe0ce29fa83717982b33e5748a2ac72c38ec287a1ed42ba3330197eef8821a,2026-08-26T20:06:06Z,2026-08-26-5
2026-08-22T11:00,6b4d806d78bb077d6ca18e66e11340c7089675a60c908ca5c590677e651041cc,2026-08-26T20:06:06Z,2026-08-26-5
2026-08-22T11:00,6b59150b5bb32fb011f3c871c9a6c6a43128925e0fe419a835bad404c3e5d03f,2026-08-26T20:06:06Z,2026-08-26-5
2026-08-22T11:00,6b8752a2ab175f9dad23250baae2919e9ae74e709a915708536f2e70a2148455,2026-08-26T20:06:06Z,2026-08-26-5
2026-08-22T11:00,6dcd6c3a0bdfe4e34b0f96f6c6c9614f9bfb04d070e847627220ee99dad02230,2026-08-26T20:06:06Z,2026-08-26-5
2026-08-22T11:00,6f023d5009b68ec1d3460d1955d126d2af8181eab95ab18643201c23accbea78,2026-08-26T20:06:06Z,2026-08-26-5
2026-08-22T11:00,6fd052a00cf627f60b0e75eede8245628f8b4de7cfeca9c41d7c79be99c151ed,2026-08-26T20:06:06Z,2026-08-26-5
2026-08-22T11:00,700a9d7be23becd9e9b25738fb1f00189582124178eecfe94d6cb1108fc600ea,2026-08-26T20:06:06Z,2026-08-26-5
2026-08-22T11:00,708b752c6b8b925085ce64661f32dade470a1fc621d9f4d6b39426fa308db474,2026-08-26T20:06:06Z,2026-08-26-5
2026-08-22T11:00,71878a3ac8b9b4fc46d6357cf77053abd314ca6291eba4a91e08b58a84b0127f,2026-08-26T20:06:06Z,2026-08-26-5
2026-08-22T11:00,72c5354b2c982bbb4041d33b9112e2f79a584ca9fa2eecb5391cc493798af56c,2026-08-26T20:06:06Z,2026-08-26-5
2026-08-22T11:00,7338409da2a989c880f43a776f1598568980dbf8f4ae7f43508a6d5153b8550c,2026-08-26T20:06:06Z,2026-08-26-5
2026-08-22T11:00,737331cbffc8a092b5afd2188884ce2a48372d771166cb07df0e7429800d54ab,2026-08-26T20:06:06Z,2026-08-26-5
2026-08-22T11:00,738decab8d1b3ad3e4c6eeccbe199781acf5a5f8d79a28995d36cc5c4eec00b3,2026-08-26T20:06:06Z,2026-08-26-5
2026-08-22T11:00,750d4e153bb34121d18ea6a8099553a0eb57bfec748ce649d1be763d38542cb9,2026-08-26T20:06:06Z,2026-08-26-5
2026-08-22T11:00,759ed0c004479f683536531bb90122bcb6677dcf29e4472e956b117bf09e2fa7,2026-08-26T20:06:06Z,2026-08-26-5
2026-08-22T11:00,75aaf7ad95873dfc061ecb7ba76c221c02b8332dce7acfa27b45d41cdb2225b2,2026-08-26T20:06:06Z,2026-08-26-5
2026-08-22T11:00,75b54d67d2e7c8a5dd11e8369c5b0bcfd9552ad8c334a9945efede66e268a30a,2026-08-26T20:06:06Z,2026-08-26-5
2026-08-22T11:00,76451dc63fe3b0bae19c63cc9b2eca3edc8cb107b71eab4fa5744db263dc66aa,2026-08-26T20:06:06Z,2026-08-26-5
2026-08-22T11:00,766effacf7557eaccea85abff0c389bf1ed0734393919a86ef654427f464021e,2026-08-26T20:06:06Z,2026-08-26-5
2026-08-22T11:00,789af10f613d52d1dbd9ede56f6e5e81975eb98ccc90a572d670250b50f29743,2026-08-26T20:06:06Z,2026-08-26-5
2026-08-22T11:00,7917376efe818080425ed6b7966f3a21b26a75e2f3192daa0af370b390356e44,2026-08-26T20:06:06Z,2026-08-26-5
2026-08-22T11:00,79a56ea9cf3ba7d630c4d98def70abaf6bf0c42848eb4b3f58391b41237ff73d,2026-08-26T20:06:06Z,2026-08-26-5
2026-08-22T11:00,79b050f13538d7ea23478ca806412fbca25871c799f94ad795bdec9fdb16d4a8,2026-08-26T20:06:06Z,2026-08-26-5
2026-08-22T11:00,79cd55d40e13b3b37b9d69015db16a12aa6ed441d09260aadd4233a4a16caf3a,2026-08-26T20:06:06Z,2026-08-26-5
2026-08-22T11:00,79e1cc2d83979eba69f220c8469878d5cbb820aef48bb3c22f2d3ad3ec5c52cc,2026-08-26T20:06:06Z,2026-08-26-5
2026-08-22T11:00,79f5430bec2ccae7fc19b80467d75c705a311301d81a5561c483e90a55729a78,2026-08-26T20:06:06Z,2026-08-26-5
2026-08-22T11:00,7a4e61e4c4f945a8fc36aa7473a5f445e4d6bd6930c7a56accff8b8f532f3f64,2026-08-26T20:06:06Z,2026-08-26-5
2026-08-22T11:00,7bf18a8dbe8e4cc9be583830a59e1985a9c2683a7f37f565b0ab22e8be32b421,2026-08-26T20:06:06Z,2026-08-26-5
2026-08-22T11:00,7cd145b9c9655634070b86aed161d9242eca2716712387ab94e63847f32df78e,2026-08-26T20:06:06Z,2026-08-26-5
2026-08-22T11:00,7d3da4019a41e5596af618fa977f5fb2252dc0d8ba7460eb1570f4db2c53172d,2026-08-26T20:06:06Z,2026-08-26-5
2026-08-22T11:00,7eb39e21138eceff590a61fd96dc3ac029c44b930bdb472d45cd1248dd37371f,2026-08-26T20:06:06Z,2026-08-26-5
2026-08-22T11:00,7fb825c57f4d2158420c12bdd3125819f033f7f895b125236eb156d9321199d3,2026-08-26T20:06:06Z,2026-08-26-5
2026-08-22T11:00,813f7246bc21f94a561f369d0fee5fac2f58b0318fd06600aac6b98a276c2509,2026-08-26T20:06:06Z,2026-08-26-5
2026-08-22T11:00,826e535b6b443ff521e771ff7865d44d0d166e3f75ae662b3b5c7ae5fe4f6f8e,2026-08-26T20:06:06Z,2026-08-26-5
2026-08-22T11:00,8278a4018b6454d9790042fc5ed48660de499297bda4ac85f843469e1de0d191,2026-08-26T20:06:06Z,2026-08-26-5
2026-08-22T11:00,832a12c8f33a104e2b49b2d1442be1d80f1153a18abe85ca9b9a201d94b80ba6,2026-08-26T20:06:06Z,2026-08-26-5
2026-08-22T11:00,833f3caea9da7d4f7efcbfa7422061aae1700afc89ee2981c47e3d9d16bfd82d,2026-08-26T20:06:06Z,2026-08-26-5
2026-08-22T11:00,834112cc389f6408d40c28e071d01bc69968b7f57ff21919d33612d30388bf38,2026-08-26T20:06:06Z,2026-08-26-5
2026-08-22T11:00,83d031c2a66138db2941bb77fa567b04efce994c3b11b7d2454a2902e78c99e5,2026-08-26T20:06:06Z,2026-08-26-5
2026-08-22T11:00,85fb5027b4b0d3e1da51048e46e006f783476e62a38f07eed7fabb888abedba1,2026-08-26T20:06:06Z,2026-08-26-5
2026-08-22T11:00,860b6f0eb2c5a3e07889e37019d2c99dd1801c3d59e505af23d8b73d831ad2b1,2026-08-26T20:06:06Z,2026-08-26-5
2026-08-22T11:00,874192b0812e57664b1dc7630c983e787f9f2f34c9c5c3c60956240b26f5aedb,2026-08-26T20:06:06Z,2026-08-26-5
2026-08-22T11:00,875f1c5920516cf37441bda6d63e22061c2d47dbad7caac7e80ac1a2692f04e2,2026-08-26T20:06:06Z,2026-08-26-5
2026-08-22T11:00,877d7d7e9c86335b7a1cc290d1da0087a38ceb60f8bac4f26ff026d7af8a871b,2026-08-26T20:06:06Z,2026-08-26-5
2026-08-22T11:00,880d21d075596843e9d965a0a947bcbfdc7dd638e60474d8b0cf9b6c43f570d6,2026-08-26T20:06:06Z,2026-08-26-5
2026-08-22T11:00,884715450705620b8a1eb0b0733b82a297c623c1f2226adf50033523dd4475e2,2026-08-26T20:06:06Z,2026-08-26-5
2026-08-22T11:00,897e2c2b7854dd64cc772911d8659d890ff289839397d29881e081ab7873387a,2026-08-26T20:06:06Z,2026-08-26-5
2026-08-22T11:00,89901b7e14468f0df11d80174572637ae62639e176d532211c49ed8921829650,2026-08-26T20:06:06Z,2026-08-26-5
2026-08-22T11:00,89a9857eee28b6da596bfc2915d3c765af4d85fed8c69d135acf7cc20820cb4d,2026-08-26T20:06:06Z,2026-08-26-5
2026-08-22T11:00,89d7698cc996b150f7f431f081a63054f0c203174858e9fab9e68e7db59f7e0c,2026-08-26T20:06:06Z,2026-08-26-5
2026-08-22T11:00,8a196e0ca53314033838efb10dba525adfbb35c752ced56a651d16cbf26ec94b,2026-08-26T20:06:06Z,2026-08-26-5
2026-08-22T11:00,8b3b9f3872dfef3b4e789d17c6f44e27f4db720cfb1377bca36b318cd156bc7a,2026-08-26T20:06:06Z,2026-08-26-5
2026-08-22T11:00,8ba60f39cdb5be9380dafee762b875e79e0106947f45a37cea282d6012384b7c,2026-08-26T20:06:06Z,2026-08-26-5
2026-08-22T11:00,8c037f38e435a567b976a13be53b56842abe96f07d6df97a6b677a3a57ac7a74,2026-08-26T20:06:06Z,2026-08-26-5
2026-08-22T11:00,8ca7110c0babf65befcff5a597246f60ad20a3bf4c6c21359df77b2fc4537e4b,2026-08-26T20:06:06Z,2026-08-26-5
2026-08-22T11:00,8ce99a8f23ef0dec793dd29b77c64a4cdbf803eb179508e5fefec74379304e24,2026-08-26T20:06:06Z,2026-08-26-5
2026-08-22T11:00,8d86bc61455abb53d6ba3e4bb7856d0a8b1978462b3f36b838da9718a66aea46,2026-08-26T20:06:06Z,2026-08-26-5
2026-08-22T11:00,8dd945278620dcbe4e3c9e5eb8ef530729f132d1547a7fad3dcb0e0a47af2c02,2026-08-26T20:06:06Z,2026-08-26-5
2026-08-22T11:00,8e59b300edcf78e1d69bdd22f893630b7765018a21ca185adc93e68c2cc8cce0,2026-08-26T20:06:06Z,2026-08-26-5
2026-08-22T11:00,8f7b4c0a8be7be74c56111c8c1f29359f65eafd14e6dd75c371ccce77fd46883,2026-08-26T20:06:06Z,2026-08-26-5
2026-08-22T11:00,8f9d1773b4379abcd10a0974fe57d6580004413100fc798978de355559458009,2026-08-26T20:06:06Z,2026-08-26-5
2026-08-22T11:00,8fc5ef80d0f982be624dbe1e3a9002726892baac4c103c1271643295fa2a3495,2026-08-26T20:06:06Z,2026-08-26-5
2026-08-22T11:00,8fcd2b0395046e69248a1ba9a349ab03e42dea91319275de5aec309b5022a681,2026-08-26T20:06:06Z,2026-08-26-5
2026-08-22T11:00,91a9f9e667d6fc0ecd4a01eeece425f7f3262137a19297be5fb456d278eed085,2026-08-26T20:06:06Z,2026-08-26-5
2026-08-22T11:00,91c115d364d66091fb31e161a752779fca3a446c86d7b436527b9f77a43db9c3,2026-08-26T20:06:06Z,2026-08-26-5
2026-08-22T11:00,92b74d45b28f199a30b0e1b2267b9f83becf06e8535fd0ce96d258867bab1d9b,2026-08-26T20:06:06Z,2026-08-26-5
2026-08-22T11:00,92dad0b60ea8757d98a4bb26addce8f33b05c91d4ea0428661ea5815d1534deb,2026-08-26T20:06:06Z,2026-08-26-5
2026-08-22T11:00,92ed805ed72afce70d64b228b361a2f00a1a28d22ed9f087f22db5fc545bae3c,2026-08-26T20:06:06Z,2026-08-26-5
2026-08-22T11:00,937a00ff86bd8df153b5e6c60f50b94cd48ab0d87e95669f9913c4ed76fef9a0,2026-08-26T20:06:06Z,2026-08-26-5
2026-08-22T11:00,943087b7312e9cd693c3ab89e1d46058f155f4534df8c36a893ffaad98713b53,2026-08-26T20:06:06Z,2026-08-26-5
2026-08-22T11:00,94a350f461248aa1d8e965d5a9f93ba65b54984165cbb0e6f507d97cc60f95b5,2026-08-26T20:06:06Z,2026-08-26-5
2026-08-22T11:00,9582d86de1221485b6617111b0cb2359c60873c42d0ee986190dbb4adacd7758,2026-08-26T20:06:06Z,2026-08-26-5
2026-08-22T11:00,96766cdb82ffedf95bdb23d1e794f94060cd62a1f31a63bbb7265132ca2b8932,2026-08-26T20:06:06Z,2026-08-26-5
2026-08-22T11:00,9713f1e9ed9f2e6fcf801b804af3ca8ff9e26e25863aedd92c5db2f50799ca4d,2026-08-26T20:06:06Z,2026-08-26-5
2026-08-22T11:00,976b3760c4fb5355a260eb5640c295ded301c7a144cbe8a7d9baa42a670ba735,2026-08-26T20:06:06Z,2026-08-26-5
2026-08-22T11:00,97e10f342cccb97095dc890b5a30fcfc7acb540614665b1a912404ddc7c01cba,2026-08-26T20:06:06Z,2026-08-26-5
2026-08-22T11:00,985341622cf377fe17e35cf738c14c55315706c7a3cbaa71fff17189c1f7b5da,2026-08-26T20:06:06Z,2026-08-26-5
2026-08-22T11:00,99fb354b78f202346bb18db571a1da7351cea1a3bdbf1da1e33a39b8d246214f,2026-08-26T20:06:06Z,2026-08-26-5
2026-08-22T11:00,9bc01e18157fbab62d79ea17951ff28830d1e966c92efcff13ab35fc3866041b,2026-08-26T20:06:06Z,2026-08-26-5
2026-08-22T11:00,9bfd738c96395087f9f461a0e6132a4de30d1d8b25c19b78cb0eb21c50bbf6ba,2026-08-26T20:06:06Z,2026-08-26-5
2026-08-22T11:00,9c0e2968e9e4c3d3ac61cb2b955157d661635ef61ac666944b60c78441c8630b,2026-08-26T20:06:06Z,2026-08-26-5
2026-08-22T11:00,9c6846b40942f19dd7c56780c2d64e1a155422bd611a50ce664ad7bfee72d1f1,2026-08-26T20:06:06Z,2026-08-26-5
2026-08-22T11:00,9cd35be71f31fcc140e453a04e5f327b015aa573c371853e59333d2c1dbb51e8,2026-08-26T20:06:06Z,2026-08-26-5
2026-08-22T11:00,9d27f339da9611cb79e74af185ed2b270e754dfc8d682fd50ac8bcf1bd2fe15c,2026-08-26T20:06:06Z,2026-08-26-5
2026-08-22T11:00,9ea7c9eb1a193480aa22a406ec8a9d295b7b501c0ed4fde73fef6dae21f0f122,2026-08-26T20:06:06Z,2026-08-26-5
2026-08-22T11:00,9f27955d24276fc079b9910599709482cb31253b5dce21d9b31b6c0213a21202,2026-08-26T20:06:06Z,2026-08-26-5
2026-08-22T11:00,a06475298b245fc718a6cb8d18b35f7009502fa303219b2b66f848255f5a9984,2026-08-26T20:06:06Z,2026-08-26-5
2026-08-22T11:00,a20b8c93fe5680c50a08aa7ae53c06d1828c85585578417a6e021d3e27ec9b84,2026-08-26T20:06:06Z,2026-08-26-5
2026-08-22T11:00,a21c632fdfc80085fc14315870e0fc1d4130492fce9102c7c0864b06762b4080,2026-08-26T20:06:06Z,2026-08-26-5
2026-08-22T11:00,a22dcd245fa4af3145c8157669eb84cab21ca094c4c73c4229f3b68caba29e30,2026-08-26T20:06:06Z,2026-08-26-5
2026-08-22T11:00,a24e74a5cada9cb93bc5fbef0c35baa202bf27daf49abee2ab26353a433be60d,2026-08-26T20:06:06Z,2026-08-26-5
2026-08-22T11:00,a266ddb397b6b2723c7cb830c2d926f18120cfcdc4e227bd884cce2ec7ec18f0,2026-08-26T20:06:06Z,2026-08-26-5
2026-08-22T11:00,a382c24567ed4bf282d78e8bf3c4c79edf64804d58a53e069f3a9b88f3f644f8,2026-08-26T20:06:06Z,2026-08-26-5
2026-08-22T11:00,a39a2ff258c91204e84cdd4a55c706d2b196e1f7ba48a18cf1e8feb2df0f1999,2026-08-26T20:06:06Z,2026-08-26-5
2026-08-22T11:00,a3b848ffe9ba6ae7e55bcff23b22297c6a2727f9547ac56a7ff3c6ad54e2a36d,2026-08-26T20:06:06Z,2026-08-26-5
2026-08-22T11:00,a4b907f6fc95a389c03a6e0108871708a23c5803f74d18ae3aa55e0e2e7462fe,2026-08-26T20:06:06Z,2026-08-26-5
2026-08-22T11:00,a4b96d81a4fc01ddd12558adebc0bb8dbaf9003226592196c50687c9054423ad,2026-08-26T20:06:06Z,2026-08-26-5
2026-08-22T11:00,a523d48df11c671860b0bc76d35855a491124efbeabd8ef497d58b0d6bff16b5,2026-08-26T20:06:06Z,2026-08-26-5
2026-08-22T11:00,a56bcaec5f472332c50af43addac76d9b6cb1c00864ffc1921732f96b47121ec,2026-08-26T20:06:06Z,2026-08-26-5
2026-08-22T11:00,a595468f4dbb6f1e27e820d6ccf21bf1bac6de74debc128ad9e5f45a83da0f80,2026-08-26T20:06:06Z,2026-08-26-5
2026-08-22T11:00,a5d782acdca4d7c7ad884908f3c1bbe665399f20a5cfd70377cbc9b69d863a86,2026-08-26T20:06:06Z,2026-08-26-5
2026-08-22T11:00,a6208c92f440170bb34ca6f6d79170165e3814b8b69b5a5b5af05b4d2f39fe53,2026-08-26T20:06:06Z,2026-08-26-5
2026-08-22T11:00,a682f9650320b2ea7ffbe586c23afd9cfe931427a0bc4c672a0313d55eb72fd3,2026-08-26T20:06:06Z,2026-08-26-5
2026-08-22T11:00,a6d5c07250ab2709c74c3f492226b379cea78f89c3af5f95e1e0b116d2bbd279,2026-08-26T20:06:06Z,2026-08-26-5
2026-08-22T11:00,a756c989be168f11c85781189057f31f40821af3a3453dfd0b95fad319b260f0,2026-08-26T20:06:06Z,2026-08-26-5
2026-08-22T11:00,a7ccac2c8892cc96d85180a87011f5b271329a3b3650e89429b7ff4dbb536ede,2026-08-26T20:06:06Z,2026-08-26-5
2026-08-22T11:00,a8153bdc4bd4c55bf385ff0205a6b9bbac0a2b219ed31b0199b29960e4d260cd,2026-08-26T20:06:06Z,2026-08-26-5
2026-08-22T11:00,a97d99dd8f55bd4899d183765b5dd7523acf918d46f3428a3d2598e351cca866,2026-08-26T20:06:06Z,2026-08-26-5
2026-08-22T11:00,a9b5231b3a7470bddc687ce645867ffba40e2188c73a987d07212d0bf728bff7,2026-08-26T20:06:06Z,2026-08-26-5
2026-08-22T11:00,aacf34e6ead0ce6fead32c9ee75ee1cb2912a1a61e6d843732b8a1c41ed12c28,2026-08-26T20:06:06Z,2026-08-26-5
2026-08-22T11:00,ab11f4343bb134b974b80fe899db716999f1ffa35f9aba84aa689765d51582e1,2026-08-26T20:06:06Z,2026-08-26-5
2026-08-22T11:00,abd6c977f5a0b2f30354d124b4982b3c9a792f71257755f7fe37b000554127b7,2026-08-26T20:06:06Z,2026-08-26-5
2026-08-22T11:00,ad6a3a233f5870bbee979c54ce6661d465c7f4f120794e93d53ebe25dc2b6f33,2026-08-26T20:06:06Z,2026-08-26-5
2026-08-22T11:00,ad7407425cb26d2ee8ba020c043580b1704d5d5e6f6a177c831ceaf1df8d0cec,2026-08-26T20:06:06Z,2026-08-26-5
2026-08-22T11:00,addc6b3ef965c3eb0167f84f94a574c5d30b34ffbc620029bb81f4d3d9741c90,2026-08-26T20:06:06Z,2026-08-26-5
2026-08-22T11:00,adf3fadbc4aca781bdd6f55f48d0f7f977ddc050468579a2718b699fb86ce23d,2026-08-26T20:06:06Z,2026-08-26-5
2026-08-22T11:00,ae9625cc2ace0df75613d3ba403eae288bc9eca2a0396f29acd0bc2193c804ee,2026-08-26T20:06:06Z,2026-08-26-5
2026-08-22T11:00,afc769ecbc85de4828d7207d87a1ab49d419c0813b919a0ece68f9bdeec8319b,2026-08-26T20:06:06Z,2026-08-26-5
2026-08-22T11:00,b030aff012f734e0c2d77147a6abf4231baee80db9ee863a1f6c27a4dd5fb839,2026-08-26T20:06:06Z,2026-08-26-5
2026-08-22T11:00,b068b98d073843a6ba6565f0ca01aa814ca0f5eeb64c95e07bcc5a4710d8ecdd,2026-08-26T20:06:06Z,2026-08-26-5
2026-08-22T11:00,b0ae1e11a4aa78f018aa002385f970cfc3155aec2699f07fc9485b2ec85a804b,2026-08-26T20:06:06Z,2026-08-26-5
2026-08-22T11:00,b0f8a4bd64872fae4f6a368cfefb77d93a18cb8e0a548f3b2c7e1d332c94d754,2026-08-26T20:06:06Z,2026-08-26-5
2026-08-22T11:00,b16a018da461e3b8746e07ec17ee84ec959066d5d83549d7801ff6e7e96dfa38,2026-08-26T20:06:06Z,2026-08-26-5
2026-08-22T11:00,b1c9a3b219fc7808c2791327fd037739bf8746c7293fcc8b1adb48f9b43f2323,2026-08-26T20:06:06Z,2026-08-26-5
2026-08-22T11:00,b1e6d009035622744b31dce324753984787dc7346e7fe149d8bf710588cee119,2026-08-26T20:06:06Z,2026-08-26-5
2026-08-22T11:00,b1f2500e05af99e88e72c2d88c6d1eaa59576494fa1e7a6449e9e1b80a7333f5,2026-08-26T20:06:06Z,2026-08-26-5
2026-08-22T11:00,b2054c8c1f430acdb98082af724cba0bf0c99967d1ea79d91cf3bb7864bf9ce8,2026-08-26T20:06:06Z,2026-08-26-5
2026-08-22T11:00,b23b258e1a7b1516188f26dd1310886197e05062a1cb252d909a06116beb2f8b,2026-08-26T20:06:06Z,2026-08-26-5
2026-08-22T11:00,b26e256997008331db75671156faad7b645d5e17f35b14e13e1d7a23444a5c22,2026-08-26T20:06:06Z,2026-08-26-5
2026-08-22T11:00,b2cc7adf248b976885ce3d82f88009da6d548d3d4697c0550f4ad1383c8a52f2,2026-08-26T20:06:06Z,2026-08-26-5
2026-08-22T11:00,b31b633b915b72dfe662bad171df6061401395feeba90f6b13e75b7ff6bb8e8a,2026-08-26T20:06:06Z,2026-08-26-5
2026-08-22T11:00,b41689e36e52a0993fc722dc1333cfbf64b664f31b4c60c1470e3c96a949d0c2,2026-08-26T20:06:06Z,2026-08-26-5
2026-08-22T11:00,b49f55b07ae481668cf05bba84047db15193f189faabc57ac9b3e655d0dd6a18,2026-08-26T20:06:06Z,2026-08-26-5
2026-08-22T11:00,b5ae8e21a9b1e934b312c8735a3dbf5af07bc1da5acc77a9ea0672bed31dd480,2026-08-26T20:06:06Z,2026-08-26-5
2026-08-22T11:00,b5db133cc3b5636c9320a298b7d4f0996b34ec7ba4c853657a66d68179ea019c,2026-08-26T20:06:06Z,2026-08-26-5
2026-08-22T11:00,b64e6888f3a46e46a4d58b5eb1e27c926d395c3afe553681369ac9e60ed2ecbd,2026-08-26T20:06:06Z,2026-08-26-5
2026-08-22T11:00,b6981e08d1e0bc89a46c92c91be9a9b55c66240d781a35925d35ab28d385f7aa,2026-08-26T20:06:06Z,2026-08-26-5
2026-08-22T11:00,b724e1b311a21e0cac1739564254dc8c7fa5e673da49688a303b9c23cf9deea6,2026-08-26T20:06:06Z,2026-08-26-5
2026-08-22T11:00,b8584a91d7a675d010fc7e6eb9f303b4bd84f18a1a3121d5659d89b221a22028,2026-08-26T20:06:06Z,2026-08-26-5
2026-08-22T11:00,b86e2741a609cba9ee9db199451ef49a2d25195c1bf55fd131e3f5ab19c8c9a1,2026-08-26T20:06:06Z,2026-08-26-5
2026-08-22T11:00,b9130970537d9674affd5b69515c06de2e94ebcdd659dd162c3bc02b5fcb2f38,2026-08-26T20:06:06Z,2026-08-26-5
2026-08-22T11:00,b967ec3bc37408764ec077f39adff7c0566092d0fb14680abf6f65dad2cfd347,2026-08-26T20:06:06Z,2026-08-26-5
2026-08-22T11:00,b9c3d30548f0cec7f521f8cf22e4b0f22ea822e3705604ca1d3c4b0aee3d194f,2026-08-26T20:06:06Z,2026-08-26-5
2026-08-22T11:00,b9fbc4a992260014a848b938fd965a70450db70e73abab1b3b313d55c8269c11,2026-08-26T20:06:06Z,2026-08-26-5
2026-08-22T11:00,bba534f6f785ea9fdcb0b38169a59759c90dd51f192ff3ecaceea24c682ffd48,2026-08-26T20:06:06Z,2026-08-26-5
2026-08-22T11:00,bbf66eea7712a101d9b4145eca514324fe561621631121f5e036df4adae8fb0d,2026-08-26T20:06:06Z,2026-08-26-5
2026-08-22T11:00,bc489356913e05b7e2fa5119b1e198f822e39188f1d98fbecdc5be6d0b7e5459,2026-08-26T20:06:06Z,2026-08-26-5
2026-08-22T11:00,bd09d06e836104a40f0d282b6ef8357a8b53d9600fd1026f66d58cbe7b25fd81,2026-08-26T20:06:06Z,2026-08-26-5
2026-08-22T11:00,bdb3be4e2020577a873774074adc8c8558d280866cd26658956c28eff2ac1b34,2026-08-26T20:06:06Z,2026-08-26-5
2026-08-22T11:00,be1180e98434d33b33fcfe0b22b1064a44bbae7cefd9dccdb21ce5df3c720fa0,2026-08-26T20:06:06Z,2026-08-26-5
2026-08-22T11:00,bfb3faf1c219069716938a1cb9fdfb30241571780171623f56e0f9e738ec659b,2026-08-26T20:06:06Z,2026-08-26-5
2026-08-22T11:00,c088dc84ad2e03f10dda94487c1691df530d217db9f1f17cbfea7eca753f2688,2026-08-26T20:06:06Z,2026-08-26-5
2026-08-22T11:00,c177953a5a4c714f83ec846b03dc31dd35bddd75d2045c7897396e79f1d4c87d,2026-08-26T20:06:06Z,2026-08-26-5
2026-08-22T11:00,c182506c2bb40d9c537b0303f301d9f0cae822de9980c08992f72a460ace55ff,2026-08-26T20:06:06Z,2026-08-26-5
2026-08-22T11:00,c1a13a7bc72aa431a4d49debf2373f62e416d833323f745bd5a4f9334ac323e4,2026-08-26T20:06:06Z,2026-08-26-5
2026-08-22T11:00,c21814923cb9457a98d8f14e9609400b579458c0523bbd5714fbda3916adeb48,2026-08-26T20:06:06Z,2026-08-26-5
2026-08-22T11:00,c45a5c57d508a9fbcd80166b30ff539c24c9f41a087d0a55790ac376eb1714dc,2026-08-26T20:06:06Z,2026-08-26-5
2026-08-22T11:00,c4b1510d966300fa58d9a3eb9b8280466c3e671344e7e05097f50284add77b53,2026-08-26T20:06:06Z,2026-08-26-5
2026-08-22T11:00,c4e548066d6a172cdfc4dc222a9cea220f2b22abc9a5576fd358d99e2fe666ad,2026-08-26T20:06:06Z,2026-08-26-5
2026-08-22T11:00,c582af2a469fd7ae613a5a7bca9959718ceabd1adad8d9ce36264f7b323ac3f8,2026-08-26T20:06:06Z,2026-08-26-5
2026-08-22T11:00,c5e70b72d696c13b6d1c55163100003f17a5e05ecfd5d28224db2c9f467ffbb8,2026-08-26T20:06:06Z,2026-08-26-5
2026-08-22T11:00,c6c9150c2a2a70e8147bb9a14db25f3f22af68134e5b95e06a09575f13f75138,2026-08-26T20:06:06Z,2026-08-26-5
2026-08-22T11:00,c7a7f4fca2066d7a948fd76b6b54586056b036ed9c5b81f37d8d0a38e6ea3c03,2026-08-26T20:06:06Z,2026-08-26-5
2026-08-22T11:00,c7b62acbe6fbb314d2eed9584c332e4833194c6b5f404791d0769b93f825140d,2026-08-26T20:06:06Z,2026-08-26-5
2026-08-22T11:00,c7ee8cc0254552b631c7fd71e08b4772932da04e2f0a545c4a00826fa5e82cd7,2026-08-26T20:06:06Z,2026-08-26-5
2026-08-22T11:00,c7fa3a5fff0c6fa516107afce42f1342e13bddd8b40965deb1e29f29de17de5f,2026-08-26T20:06:06Z,2026-08-26-5
2026-08-22T11:00,ca4e224d297fe78cf1b79d79429ff4486ffce056f2bd877ddd5584654984f5e5,2026-08-26T20:06:06Z,2026-08-26-5
2026-08-22T11:00,ca6fae331b04d86e22cde4840506a284ed17c5d98e3422598b4ddc30b9e11b68,2026-08-26T20:06:06Z,2026-08-26-5
2026-08-22T11:00,cb339da7d47aab96965105ed9e5627509d9ea192640f8ccb91aadb3c9d511367,2026-08-26T20:06:06Z,2026-08-26-5
2026-08-22T11:00,cb575b50cd64645823973e4684adf5269e73686ced8340ce84aa4952aaa8db3e,2026-08-26T20:06:06Z,2026-08-26-5
2026-08-22T11:00,cc426170c138bbd2c207c521780951b1da8dc7df1eeef7760fd328648989ae50,2026-08-26T20:06:06Z,2026-08-26-5
2026-08-22T11:00,ccaa2c6a94f78e507dc2b4e70218c32c464197a3c4923904111f5c8c91d0f717,2026-08-26T20:06:06Z,2026-08-26-5
2026-08-22T11:00,ccb614067f62df3054219c07d6d5a51bfb886b3ff82aa426a741881619dffd95,2026-08-26T20:06:06Z,2026-08-26-5
2026-08-22T11:00,cd4cb2c8080414909f59a74411699998e9d9e4c589f7334a2a985017fbc3af42,2026-08-26T20:06:06Z,2026-08-26-5
2026-08-22T11:00,ce0a55162d57637aeeaf26185fcebac40eb45a6a5f4c1b1f4912b7793cfdfebd,2026-08-26T20:06:06Z,2026-08-26-5
2026-08-22T11:00,ce2b5e76808c1de681d33109d2e3ccae6599ac8f38d9ae8e06bb9395ac979f21,2026-08-26T20:06:06Z,2026-08-26-5
2026-08-22T11:00,cec5690435ae688267c2debac4eca148c1bf0a222deb92a407cc4de09733bd27,2026-08-26T20:06:06Z,2026-08-26-5
2026-08-22T11:00,d000bb820b3575018e62d087c9e6a4a5188b259a31fba444032098f6a6ef7c4e,2026-08-26T20:06:06Z,2026-08-26-5
2026-08-22T11:00,d030ff9552b4014874dbb9d0629ef874776f11a1387755c8997d39470f8e70ff,2026-08-26T20:06:06Z,2026-08-26-5
2026-08-22T11:00,d059c743138e8470e3991702129c8460ebaeac9083ca92963ba36cbe1774cb4b,2026-08-26T20:06:06Z,2026-08-26-5
2026-08-22T11:00,d06137a841169090baae4eb17313869f2b59d74eb8ebc9455d653ac7b3926c7c,2026-08-26T20:06:06Z,2026-08-26-5
2026-08-22T11:00,d08d9e449bd28d2041c29fca8335e38284bb299d74203a725c3e496f3924c2c0,2026-08-26T20:06:06Z,2026-08-26-5
2026-08-22T11:00,d19147f324c83be6b4598ff1b59b53269868492d3b4589d4b954f42d3b969ae0,2026-08-26T20:06:06Z,2026-08-26-5
2026-08-22T11:00,d1e16eb54877ffd50546ba4b47cafff3b7ad676ae199fafb201213df828be86e,2026-08-26T20:06:06Z,2026-08-26-5
2026-08-22T11:00,d224801e340cd605779d790b2895f28678c297674594399222a478588e0e6ad8,2026-08-26T20:06:06Z,2026-08-26-5
2026-08-22T11:00,d2d89cf0d5b03278e36d9b22295657ec17b23899161b15dcb80aab07a7cd6443,2026-08-26T20:06:06Z,2026-08-26-5
2026-08-22T11:00,d341c88728bc6b4a21ae6ac28978c085ef356633a42c9a81978c79a134a793ad,2026-08-26T20:06:06Z,2026-08-26-5
2026-08-22T11:00,d3539e93b84e1dbf12be53ba18332c86eccb110524015bfdbe671a89e0a1c815,2026-08-26T20:06:06Z,2026-08-26-5
2026-08-22T11:00,d3d1bdbc7779cdf2343054b2bcc925aa245660c775d3a2a1263336c2b0a0ba40,2026-08-26T20:06:06Z,2026-08-26-5
2026-08-22T11:00,d4aa6450cc9940df23f75994a92c1ed993c9d06b89dff8b986eb532690f654c6,2026-08-26T20:06:06Z,2026-08-26-5
2026-08-22T11:00,d513ab40ab9b0fc921403bf89792bd41fe47462d0d9e69423c08442a3ab2da5f,2026-08-26T20:06:06Z,2026-08-26-5
2026-08-22T11:00,d5c860a8a72d5ac42b25d6e4c9b13d7cdb91bac4796d4c35177f17b42de7b212,2026-08-26T20:06:06Z,2026-08-26-5
2026-08-22T11:00,d62356f25a90efc6815e0870224b86bec4bc79f3fd85cebfd1bb574986fe45f8,2026-08-26T20:06:06Z,2026-08-26-5
2026-08-22T11:00,d6706c0e49caa14f3c85f84249378bbfe98cea7edef1bc84640e76c8d1d3135c,2026-08-26T20:06:06Z,2026-08-26-5
2026-08-22T11:00,d6e551731ee49b83736346cd32ab05c7fb0cdac176f31eeea1abf0da64c36c9b,2026-08-26T20:06:06Z,2026-08-26-5
2026-08-22T11:00,d7251c1c5bda1eb84d4e948c5aee1eadc61db57d643b9e2596afc3a07756314e,2026-08-26T20:06:06Z,2026-08-26-5
2026-08-22T11:00,d72ff8a04ac8181ce9678999c9e75b8bb2c9a142cdde3d2b758e1f451239bf55,2026-08-26T20:06:06Z,2026-08-26-5
2026-08-22T11:00,d828af05930b37cf936e6f6ceb83351d063c049ffc9d1d700f6e9abf6e664a91,2026-08-26T20:06:06Z,2026-08-26-5
2026-08-22T11:00,d97430cfce41b0f6158a323f0e0e796ce7765d1fa605b839a3aa13f735ac90b5,2026-08-26T20:06:06Z,2026-08-26-5
2026-08-22T11:00,d985d6cb66f34dc2a83fde61e7e520feca0efaf0ab579e57cb4da76953caf436,2026-08-26T20:06:06Z,2026-08-26-5
2026-08-22T11:00,d9bfcdc6728e7104ac2e0d7735cc9730c6f923245eaef0ce83fdf73963e2a16d,2026-08-26T20:06:06Z,2026-08-26-5
2026-08-22T11:00,d9cde582e62c7656b26d0252bfcd1f832ebbcd1dd57604834fd805640a85f86e,2026-08-26T20:06:06Z,2026-08-26-5
2026-08-22T11:00,daa508325fadce07c790f4aa8692a0cd9ee7cf9d0c5414aee90a38f69ead7650,2026-08-26T20:06:06Z,2026-08-26-5
2026-08-22T11:00,dc21158749dc4bd273b770e9f6bd290c235cb406ec0a55a802e41d9d7bf8a37c,2026-08-26T20:06:06Z,2026-08-26-5
2026-08-22T11:00,dc4e0e87e9fcdf44263379996a180c683031e4fd66b629b892bd25d90c2c0ec3,2026-08-26T20:06:06Z,2026-08-26-5
2026-08-22T11:00,dc9607bff9fda25082cff6edce2563662a77643e12623c90a23e60bd71184e0d,2026-08-26T20:06:06Z,2026-08-26-5
2026-08-22T11:00,dce63c089ffe417a08f998262baae0673a3d64be232ec7f6d2c2a1d3a008a3b5,2026-08-26T20:06:06Z,2026-08-26-5
2026-08-22T11:00,dd2093466dacea1b350ae676dee87dbfef087f09f65a1478a69f6d43d7691729,2026-08-26T20:06:06Z,2026-08-26-5
2026-08-22T11:00,dd323f1446f571bdc141aa92397600b13e3edf4f68a972604dabdf7e03d3bd3b,2026-08-26T20:06:06Z,2026-08-26-5
2026-08-22T11:00,ddc19f67b4485e2788978df4e8c748372a111849be41dfcf360c91433b0b7d73,2026-08-26T20:06:06Z,2026-08-26-5
2026-08-22T11:00,de3abdf751eb4647d13b8ab9d0cb115188b787284f1e7a0ae9f4bb9fcd0663d6,2026-08-26T20:06:06Z,2026-08-26-5
2026-08-22T11:00,dec00ae9f1d2531225ddbd577071002629877cb00a87ec5904695debc728a701,2026-08-26T20:06:06Z,2026-08-26-5
2026-08-22T11:00,df0e0d16adccb695ff15f17efcc94eaf75ee6e1338d6ea52df470156f41670ef,2026-08-26T20:06:06Z,2026-08-26-5
2026-08-22T11:00,df84d2696f2fd30931d41c7e9ca76624e599607697dae7b7f73f5f591b2d5580,2026-08-26T20:06:06Z,2026-08-26-5
2026-08-22T11:00,e081479520fbf7fa0fc4db8922aa45c9db7278add81f21e48e23b4167a6d5dc4,2026-08-26T20:06:06Z,2026-08-26-5
2026-08-22T11:00,e097800db44ccd649f17b0f70e2329f23dc4e276fc0660f6d59f2d208618fef9,2026-08-26T20:06:06Z,2026-08-26-5
2026-08-22T11:00,e19c8d56d82041b656a2810597b15ab57d74379bb9da0504fa0e8315adbbd68d,2026-08-26T20:06:06Z,2026-08-26-5
2026-08-22T11:00,e24cd17862604a3b2eb96b42c547136f13e6b15fcd13fe7bafa058c63d7bd1cc,2026-08-26T20:06:06Z,2026-08-26-5
2026-08-22T11:00,e25078ac49129a4f01eb3a98d352148a95f300a797480200330be89499e8d8b6,2026-08-26T20:06:06Z,2026-08-26-5
2026-08-22T11:00,e2f903ef0e6f3c1a0f59a30ae397a1690d3242420b2c9a60cc2c95df253d7ec4,2026-08-26T20:06:06Z,2026-08-26-5
2026-08-22T11:00,e32c5e884cd852d2d2a561cc6f3f93f4e03cb9f0199b2609544c3d437fe003a0,2026-08-26T20:06:06Z,2026-08-26-5
2026-08-22T11:00,e337e0a9ca0b4a2486b40b3b59ca758c450fcc6d0262203e529783c9582d038c,2026-08-26T20:06:06Z,2026-08-26-5
2026-08-22T11:00,e3d89ce989fb7d486ae8becbbbf92789ef243204c64118bda9fe645a3bfe91a8,2026-08-26T20:06:06Z,2026-08-26-5
2026-08-22T11:00,e46eaa72b3771f46826586f78e6bb01391da9afe13dc3f2847b4339b764dd8f0,2026-08-26T20:06:06Z,2026-08-26-5
2026-08-22T11:00,e4cc6610257c56adcb0dc0bdeef6d30e51017fd9698c42981d315f061f06ad54,2026-08-26T20:06:06Z,2026-08-26-5
2026-08-22T11:00,e575c069613104b8cc7151879066a4911fee7eea6a079e708f1facdf2d57eb95,2026-08-26T20:06:06Z,2026-08-26-5
2026-08-22T11:00,e5943885aabab6b09b78b32767fb29b97d09fc6209323e87cc439b7510d9c1e9,2026-08-26T20:06:06Z,2026-08-26-5
2026-08-22T11:00,e6c72dd1f472c996c5ab2896b80db3b95f9b31617e6c91c88dce9436cdc1257b,2026-08-26T20:06:06Z,2026-08-26-5
2026-08-22T11:00,e759712414a3b62681a8678a4861b249c0724def0f7dd21cade5c0a1d420b1b6,2026-08-26T20:06:06Z,2026-08-26-5
2026-08-22T11:00,e7c12721b73396b64621b1d0c0546da009274df093d03ca362e76c45c52a7a14,2026-08-26T20:06:06Z,2026-08-26-5
2026-08-22T11:00,e7fb9953f830887e528bbffbca3f3d782aa001e8b263a4c1f11b306a097daa3d,2026-08-26T20:06:06Z,2026-08-26-5
2026-08-22T11:00,e82706fe0bc652d8ffcb0f764641010af5dbeeb25e1d714073a8eb3bbe587a60,2026-08-26T20:06:06Z,2026-08-26-5
2026-08-22T11:00,e8729bf97e76cc9d861d79c0d956b23d8aaa45579e8fd551da14003929a56e40,2026-08-26T20:06:06Z,2026-08-26-5
2026-08-22T11:00,e884b35145887eb7cfe3618d7d7b52b32efeaf01f2eafb0b26d6355e8d29971d,2026-08-26T20:06:06Z,2026-08-26-5
2026-08-22T11:00,e8e8ea073f3e36bcb909e75ced681859836084cbf827d020753289702e2c0c85,2026-08-26T20:06:06Z,2026-08-26-5
2026-08-22T11:00,e8ed4417926a5b8e45792a698c094f81636d0b53bdcb9436f9333bf8fb1bfe6a,2026-08-26T20:06:06Z,2026-08-26-5
2026-08-22T11:00,e9579182a969586922bfd463dbe7f9293aef27db7c2dff7d7c0ec24f191bd17c,2026-08-26T20:06:06Z,2026-08-26-5
2026-08-22T11:00,e9bab60a1602a205ab6aa164f361d23a341b105b5a37b3d0330afaf2be1e0099,2026-08-26T20:06:06Z,2026-08-26-5
2026-08-22T11:00,ea7572825e78ca51abdd153bcc06f9223b7807c3cc7b209673962662146d7f57,2026-08-26T20:06:06Z,2026-08-26-5
2026-08-22T11:00,eab7c218ea02d78c165c46fba7cf2610728942db7f11623f07ed47dcb4d6c5a4,2026-08-26T20:06:06Z,2026-08-26-5
2026-08-22T11:00,eadd8c5bca64075753a036df15eb119ffcea39d13a66cea9e1dd301f66b880c6,2026-08-26T20:06:06Z,2026-08-26-5
2026-08-22T11:00,eb192925fadf4e6ef3ca5dd796eeaac1ebd1872e096d702dbf32436ece47c52d,2026-08-26T20:06:06Z,2026-08-26-5
2026-08-22T11:00,ebb4e81f078c7387f538eabc28224f29a129bf8862b3652c4190733397397fe5,2026-08-26T20:06:06Z,2026-08-26-5
2026-08-22T11:00,ee281ac8acc9ac601d96122d1d952773f8dec8130feaa58caa5a899a6b3fee2a,2026-08-26T20:06:06Z,2026-08-26-5
2026-08-22T11:00,ee3773d223c95ec23eeda128d907eb4f682c1e566aaa7861525f9123e1d6c02c,2026-08-26T20:06:06Z,2026-08-26-5
2026-08-22T11:00,ee5bbb5dcbdda0a05d04c1aff0b2a1388d450910d6a5d75ad7ffeec7e3af930a,2026-08-26T20:06:06Z,2026-08-26-5
2026-08-22T11:00,ee7d4f7ca65baecef1f3439f7951eac0e0ad212350391aa6b0316a4706dccba1,2026-08-26T20:06:06Z,2026-08-26-5
2026-08-22T11:00,ef4087d150bb2f5092a3374f80673e79de5550ee10765ff70d604be1af78ed4e,2026-08-26T20:06:06Z,2026-08-26-5
2026-08-22T11:00,ef45fbda0d5a49705547016cc4a15b82afb38700046306472cb1d67ce777c7ff,2026-08-26T20:06:06Z,2026-08-26-5
2026-08-22T11:00,efd8f8ec81235134d3df517c188d16ed8cb88636c6700d508d63ef2d24d226f2,2026-08-26T20:06:06Z,2026-08-26-5
2026-08-22T11:00,f00ca50c4aa756743ac7cdccc1a2aa02fdcfc711353f19e773261048ba89ccf0,2026-08-26T20:06:06Z,2026-08-26-5
2026-08-22T11:00,f05a9e15e9c0d5db0d327468cbca2c56dc060be3dabb4375ccdc031ef37f7383,2026-08-26T20:06:06Z,2026-08-26-5
2026-08-22T11:00,f0df887b7c401a8dca709480a0c93056e30a2d2cb09c8ec8e38de887bef72103,2026-08-26T20:06:06Z,2026-08-26-5
2026-08-22T11:00,f0fe8dcdae7d0f62f0c5aacb4998d503a01a36c27fec4f61fbe1fa67ab3ab264,2026-08-26T20:06:06Z,2026-08-26-5
2026-08-22T11:00,f12fa86c63833f202d756d71dfe5f7267b6ebcdbfeb6caff2bf9a89df0fb106a,2026-08-26T20:06:06Z,2026-08-26-5
2026-08-22T11:00,f1c7cc68458716497cf35d5d44112071f081276a854cf07a11bad17bb143c844,2026-08-26T20:06:06Z,2026-08-26-5
2026-08-22T11:00,f276c068a08749825b3290f6c06a9ca4542fee460c6a33f67aba2f9611e56b6a,2026-08-26T20:06:06Z,2026-08-26-5
2026-08-22T11:00,f3e6525a1e13789ebdc8a945721d5b5d32087617c111ee6b8d814e281b06e9d8,2026-08-26T20:06:06Z,2026-08-26-5
2026-08-22T11:00,f4412618f8cd919edf4553e282f7925e569550e7c2ccee6dafeb60f4887f77b4,2026-08-26T20:06:06Z,2026-08-26-5
2026-08-22T11:00,f535519dc4bce9a92284ea296d818b2c3dc65fca089325778dff3387e57a7d00,2026-08-26T20:06:06Z,2026-08-26-5
2026-08-22T11:00,f5c67555652e4ef4fc3292b42c3d630086a7deeb4349e2bcadbf5b0cb5b7457c,2026-08-26T20:06:06Z,2026-08-26-5
2026-08-22T11:00,f6229c44c5bc4cc1279f08362f8b8f45ede13e34ddec2dc3c1de5d6e08457c79,2026-08-26T20:06:06Z,2026-08-26-5
2026-08-22T11:00,f686537cc279bb841585dbfdcef9bb550c04ac4a0fdd297f831c4a699fbc5566,2026-08-26T20:06:06Z,2026-08-26-5
2026-08-22T11:00,f6b4daa2557a18bcd67d3a7913e0c349ce79efd8b164a4e7e42cd168b1ad164e,2026-08-26T20:06:06Z,2026-08-26-5
2026-08-22T11:00,f7238dd0888d16619831b56f5586ae844599c361456a030614ec5d78a633ad72,2026-08-26T20:06:06Z,2026-08-26-5
2026-08-22T11:00,f8945a5e075112e82c13288a2360e7ee3598ff08af929b4a9c65d420c7c32e1a,2026-08-26T20:06:06Z,2026-08-26-5
2026-08-22T11:00,f90a27a5ce2de66a81094acc94962fc1fe9064a4920d0dceaa3ae1d9006d8c96,2026-08-26T20:06:06Z,2026-08-26-5
2026-08-22T11:00,f9b61e95d7f5ea8be82ef587b209360a4604a3c84603064cd9916485c872a705,2026-08-26T20:06:06Z,2026-08-26-5
2026-08-22T11:00,f9e1099c72f54749a13f37dafe15fee582cac835b91d1f91bd82d61b9cf3df13,2026-08-26T20:06:06Z,2026-08-26-5
2026-08-22T11:00,fa2791fbc9af008fbec5e3ce56bf40bc113bb8071f7a73cfd61c5d71ead84cf1,2026-08-26T20:06:06Z,2026-08-26-5
2026-08-22T11:00,fa77bd69a8f431b9006379ff913d574470c57921f40ef683f939adc50e0959cf,2026-08-26T20:06:06Z,2026-08-26-5
2026-08-22T11:00,fb2d1dce5b997b003a2a0aa3f10fa809606b981ce78cd618135a0cbe7a8c87b2,2026-08-26T20:06:06Z,2026-08-26-5
2026-08-22T11:00,fb754d8065b03abc668f3a8e49f744fe012f27c603d4f8810aaff75e6094c33d,2026-08-26T20:06:06Z,2026-08-26-5
2026-08-22T11:00,fbef20e4ca4b8c01e117c0fee22f9ac9ebb2755c482281ba9ae6efc0a6b8ea5c,2026-08-26T20:06:06Z,2026-08-26-5
2026-08-22T11:00,fc40a70bb732fcf826114355b5a821c5f41b602f5459311523d1a159a57605ed,2026-08-26T20:06:06Z,2026-08-26-5
2026-08-22T11:00,fc8baff9e03b066f0b19e8d5a75736e1b2d0576b9273e2f3649653c109d68a18,2026-08-26T20:06:06Z,2026-08-26-5
2026-08-22T11:00,fc9f2254eedb93a74ff03a325373dcf811be4b9b1e302f12eb783d096b37b829,2026-08-26T20:06:06Z,2026-08-26-5
2026-08-22T11:00,fcf5f7bd84e2de42c9fdba65628898fbde0ffa4dabfccd8e10c3ed2f5d911b53,2026-08-26T20:06:06Z,2026-08-26-5
2026-08-22T11:00,fd6b1289df53be8d3beaedc9152334bdbee0d9212ad0cd79483bdad8e43cdec8,2026-08-26T20:06:06Z,2026-08-26-5
2026-08-22T11:00,fe84e741db8a60b036c85ae51c9ab390085d800c42cd841d5d7fc84c91b85c0f,2026-08-26T20:06:06Z,2026-08-26-5
2026-08-22T11:00,ff30ed7b5cbe57833cd9b28367beab33bbfa4206a97e7e303480a033befbb60e,2026-08-26T20:06:06Z,2026-08-26-5
2026-08-22T11:00,ffdf728ba1ea9007821430c2b8b6a543859e7fd5938d06ade0633b843e7f8466,2026-08-26T20:06:06Z,2026-08-26-5
